id,year,make,model,trim,tire_count,wheel_count,package_count,category,failure_reason,root_cause,tire_sizes,bolt_pattern,wheel_diams
f0ff4bf5-1c16-471c-83af-1db37d756d99,1968,AMC,AMX,Base,0,344,3,C,only vintage/non-standard sizes: E70-14,vintage_tire_size,E70-14,5x114.3,14
be2553b0-96f0-42d1-a712-3be68c7d5b9e,1970,AMC,Hornet,Base,0,344,3,C,only vintage/non-standard sizes: C78-14 D70-14 D78-14,vintage_tire_size,C78-14|D70-14|D78-14,5x114.3,14
ca79914a-5fcf-4a9e-8ea0-bf65ee6cd822,1971,AMC,Hornet,Base,0,344,3,C,only vintage/non-standard sizes: 185R14 C78-14 D78-14,vintage_tire_size,185R14|C78-14|D78-14,5x114.3,14
1294c760-556f-4253-b583-23d4cdd99beb,1972,AMC,Hornet,Base,0,344,3,C,only vintage/non-standard sizes: 185R14 C78-14 D78-14,vintage_tire_size,185R14|C78-14|D78-14,5x114.3,14
69b8b377-4124-4fde-b664-539604f75b43,1971,AMC,Hornet SC/360,Base,0,344,3,C,only vintage/non-standard sizes: D70-14,vintage_tire_size,D70-14,5x114.3,14
f5948fa5-01ce-4d22-9ccc-5a41d7d41a6b,1967,AMC,Rebel,Base,0,344,3,C,only vintage/non-standard sizes: 7.75-14 8.25-14,vintage_tire_size,7.75-14|8.25-14,5x114.3,14
421b5aa2-be15-49a0-af97-e1354e7eec55,1968,AMC,Rebel,Base,0,344,3,C,only vintage/non-standard sizes: 7.75-14 8.25-14 E78-14,vintage_tire_size,7.75-14|8.25-14|E78-14,5x114.3,14
f68d5d98-fa2c-490e-b8a5-7b562ac702ac,1969,AMC,Rebel,Base,0,344,3,C,only vintage/non-standard sizes: E78-14 F78-14,vintage_tire_size,E78-14|F78-14,5x114.3,14
f466c87d-9931-49c0-8424-9baf2616827d,1970,AMC,Rebel,Base,0,344,3,C,only vintage/non-standard sizes: E78-14 F78-14,vintage_tire_size,E78-14|F78-14,5x114.3,14
1a6a1f87-dda3-4995-b91b-15166ed0a256,1970,AMC,Rebel Machine,Base,0,1048,3,C,only vintage/non-standard sizes: E60-15,vintage_tire_size,E60-15,5x114.3,15
2d44ee7a-c13a-4998-87dd-3e3377086439,1969,AMC,SC/Rambler,Base,0,344,3,C,only vintage/non-standard sizes: E70-14,vintage_tire_size,E70-14,5x114.3,14
db3483b4-46a1-49b9-a0cf-34858a83f678,2019,Acura,rdx,"Base, Technology, A-Spec, Advance",1,0,0,B,no wheel inventory for bolt/diameter,missing_inventory_wheels,235/55R19,5x114.3,19
d9142ac7-c194-4df0-b878-e2f699c7043c,2019,Acura,rdx,Technology,1,0,0,B,no wheel inventory for bolt/diameter,missing_inventory_wheels,235/55R19,5x114.3,19
37e598b4-c364-4543-a21d-b51e84481d2c,2019,Acura,rdx,Base,1,0,0,B,no wheel inventory for bolt/diameter,missing_inventory_wheels,235/55R19,5x114.3,19
04090d00-f8d5-4c37-9b5e-0cc86b17d2a1,2020,Acura,rdx,"Base, Technology, A-Spec, Advance",1,0,0,B,no wheel inventory for bolt/diameter,missing_inventory_wheels,235/55R19,5x114.3,19
52dc148e-5fba-40fe-ab6c-4be978394f7a,2020,Acura,rdx,Technology,1,0,0,B,no wheel inventory for bolt/diameter,missing_inventory_wheels,235/55R19,5x114.3,19
97f3fa17-dc06-4f9b-8522-b392df23894f,2020,Acura,rdx,Base,1,0,0,B,no wheel inventory for bolt/diameter,missing_inventory_wheels,235/55R19,5x114.3,19
2b76ff3f-9795-47cf-99f4-d09b33606430,2021,Acura,rdx,"Base, Technology, A-Spec, Advance",1,0,0,B,no wheel inventory for bolt/diameter,missing_inventory_wheels,235/55R19,5x114.3,19
8e4b6223-7028-46f7-8c24-75503d5127c5,2021,Acura,rdx,Technology,1,0,0,B,no wheel inventory for bolt/diameter,missing_inventory_wheels,235/55R19,5x114.3,19
d3ded0a2-c0fb-48e9-8d85-8fcdf21487df,2021,Acura,rdx,Base,1,0,0,B,no wheel inventory for bolt/diameter,missing_inventory_wheels,235/55R19,5x114.3,19
5b64ffec-b93c-4a66-8016-5e40854ca526,2022,Acura,rdx,"Base, Technology, A-Spec, Advance",1,0,0,B,no wheel inventory for bolt/diameter,missing_inventory_wheels,235/55R19,5x114.3,19
945823a0-087d-40d5-9e64-a9f2b47bcec5,2022,Acura,rdx,Base,1,0,0,B,no wheel inventory for bolt/diameter,missing_inventory_wheels,235/55R19,5x114.3,19
7415e37d-d71d-4011-bd7b-f312b3e1166c,2022,Acura,rdx,Technology,1,0,0,B,no wheel inventory for bolt/diameter,missing_inventory_wheels,235/55R19,5x114.3,19
398d15a9-94c4-4b18-b1be-633873c14dcc,2023,Acura,rdx,Technology,1,0,0,B,no wheel inventory for bolt/diameter,missing_inventory_wheels,235/55R19,5x114.3,19
3bf75294-c1ec-4765-af13-b34543bdf2c3,2023,Acura,rdx,"Base, Technology, A-Spec, Advance",1,0,0,B,no wheel inventory for bolt/diameter,missing_inventory_wheels,235/55R19,5x114.3,19
aa085a18-0bb7-4037-9376-305090380117,2023,Acura,rdx,Base,1,0,0,B,no wheel inventory for bolt/diameter,missing_inventory_wheels,235/55R19,5x114.3,19
e07d725f-65ce-47c1-8361-7fcb62e66929,2024,Acura,rdx,"Base, Technology, A-Spec, Advance",1,0,0,B,no wheel inventory for bolt/diameter,missing_inventory_wheels,235/55R19,5x114.3,19
c25718df-439b-4ab2-b7be-1741abcf4275,2024,Acura,rdx,Base,1,0,0,B,no wheel inventory for bolt/diameter,missing_inventory_wheels,235/55R19,5x114.3,19
2bafa336-e88a-497e-91d9-be615224ea90,2024,Acura,rdx,Technology,1,0,0,B,no wheel inventory for bolt/diameter,missing_inventory_wheels,235/55R19,5x114.3,19
33f21f40-e160-4157-af49-039c25277c40,2025,Acura,rdx,Base,1,0,0,B,no wheel inventory for bolt/diameter,missing_inventory_wheels,235/55R19,5x114.3,19
4d3a7bed-83e5-4f0c-abc3-8dc02486196b,2025,Acura,rdx,Technology,1,0,0,B,no wheel inventory for bolt/diameter,missing_inventory_wheels,235/55R19,5x114.3,19
30550291-ca7e-410e-8c44-458547a1cd30,2025,Acura,rdx,"Base, Technology, A-Spec, Advance",1,0,0,B,no wheel inventory for bolt/diameter,missing_inventory_wheels,235/55R19,5x114.3,19
a0785127-bc6a-476d-8df2-48782e3a9474,2026,Acura,rdx,Base,1,0,0,B,no wheel inventory for bolt/diameter,missing_inventory_wheels,235/55R19,5x114.3,19
aff1d4ae-b471-4b80-a976-aa6540443e4b,2026,Acura,rdx,Technology,1,0,0,B,no wheel inventory for bolt/diameter,missing_inventory_wheels,235/55R19,5x114.3,19
c4e09a47-5be1-4644-beb7-5707e6358b13,2026,Acura,rdx,"Base, Technology, A-Spec, Advance",1,0,0,B,no wheel inventory for bolt/diameter,missing_inventory_wheels,235/55R19,5x114.3,19
e4b6c6b9-4b95-407f-ae09-66b436b3a3de,2009,Acura,tl,Technology,1,0,0,B,no wheel inventory for bolt/diameter,missing_inventory_wheels,245/40R19|245/45R18|245/50R17,5x120,17|18|19
ab587d45-141c-4dff-a119-57b1426d1ee7,2009,Acura,tl,Advance,1,0,0,B,no wheel inventory for bolt/diameter,missing_inventory_wheels,245/40R19|245/45R18|245/50R17,5x120,17|18|19
df059265-d596-4ce3-8048-9c54952e1320,2009,Acura,tl,"Base, Technology, SH-AWD, Advance",1,0,0,B,no wheel inventory for bolt/diameter,missing_inventory_wheels,245/40R19|245/45R18|245/50R17,5x120,17|18|19
5feab03d-3bce-4683-87d7-e872c3cf106d,2010,Acura,tl,Advance,1,0,0,B,no wheel inventory for bolt/diameter,missing_inventory_wheels,245/40R19|245/45R18|245/50R17,5x120,17|18|19
861671e0-b6e1-4868-8433-a7f36ba7ae9b,2010,Acura,tl,"Base, Technology, SH-AWD, Advance",1,0,0,B,no wheel inventory for bolt/diameter,missing_inventory_wheels,245/40R19|245/45R18|245/50R17,5x120,17|18|19
ef2cf7b7-45bd-4e7d-8bae-9febc8638305,2010,Acura,tl,Technology,1,0,0,B,no wheel inventory for bolt/diameter,missing_inventory_wheels,245/40R19|245/45R18|245/50R17,5x120,17|18|19
56c54b9b-c799-427c-b2dd-b405609abfea,2011,Acura,tl,Advance,1,0,0,B,no wheel inventory for bolt/diameter,missing_inventory_wheels,245/40R19|245/45R18|245/50R17,5x120,17|18|19
315cd1fd-7790-4aa7-bda8-b01a22f232d5,2011,Acura,tl,Technology,1,0,0,B,no wheel inventory for bolt/diameter,missing_inventory_wheels,245/40R19|245/45R18|245/50R17,5x120,17|18|19
9f6bf452-c018-4354-8999-f9b9be891668,2011,Acura,tl,"Base, Technology, SH-AWD, Advance",1,0,0,B,no wheel inventory for bolt/diameter,missing_inventory_wheels,245/40R19|245/45R18|245/50R17,5x120,17|18|19
ad139313-678f-4809-bf49-b3ab9e9eacec,2012,Acura,tl,"Base, Technology, SH-AWD, Advance",1,0,0,B,no wheel inventory for bolt/diameter,missing_inventory_wheels,245/40R19|245/45R18|245/50R17,5x120,17|18|19
2731bba1-9e39-45d5-b09c-7d972631dbcf,2012,Acura,tl,Advance,1,0,0,B,no wheel inventory for bolt/diameter,missing_inventory_wheels,245/40R19|245/45R18|245/50R17,5x120,17|18|19
740366ba-9917-4283-9af3-f0fc0774b6f9,2012,Acura,tl,Technology,1,0,0,B,no wheel inventory for bolt/diameter,missing_inventory_wheels,245/40R19|245/45R18|245/50R17,5x120,17|18|19
85c348a4-e0f3-4df6-8e91-348d4692f88b,2013,Acura,tl,"Base, Technology, SH-AWD, Advance",1,0,0,B,no wheel inventory for bolt/diameter,missing_inventory_wheels,245/40R19|245/45R18|245/50R17,5x120,17|18|19
29d83cb3-47fc-40a5-9f4f-a3a09252b09f,2013,Acura,tl,Advance,1,0,0,B,no wheel inventory for bolt/diameter,missing_inventory_wheels,245/40R19|245/45R18|245/50R17,5x120,17|18|19
4796d914-049b-49c1-bcb1-f5a4b3cc67c3,2013,Acura,tl,Technology,1,0,0,B,no wheel inventory for bolt/diameter,missing_inventory_wheels,245/40R19|245/45R18|245/50R17,5x120,17|18|19
d42abe30-65c8-4eb4-9774-d193b406e5ae,2014,Acura,tl,Advance,1,0,0,B,no wheel inventory for bolt/diameter,missing_inventory_wheels,245/40R19|245/45R18|245/50R17,5x120,17|18|19
09e6128f-4e0f-419a-ba64-1f1d565d332b,2014,Acura,tl,"Base, Technology, SH-AWD, Advance",1,0,0,B,no wheel inventory for bolt/diameter,missing_inventory_wheels,245/40R19|245/45R18|245/50R17,5x120,17|18|19
dc9fdfc7-0bb8-4853-9875-2207f3d60242,2014,Acura,tl,Technology,1,0,0,B,no wheel inventory for bolt/diameter,missing_inventory_wheels,245/40R19|245/45R18|245/50R17,5x120,17|18|19
42ab723c-4195-4eb0-a0e8-af5df205f9ce,2019,Acura,tlx,Advance,1,0,0,B,no wheel inventory for bolt/diameter,missing_inventory_wheels,245/40R19,5x114.3,19
1fb92ad0-10d6-454d-9034-87c3c380d595,2019,Acura,tlx,A-Spec,1,0,0,B,no wheel inventory for bolt/diameter,missing_inventory_wheels,245/40R19,5x114.3,19
e9c42c9c-972e-4e17-939c-dca83dba2f35,2020,Acura,tlx,Advance,1,0,0,B,no wheel inventory for bolt/diameter,missing_inventory_wheels,245/40R19,5x114.3,19
16f82b37-465b-4c81-b097-0ada38a8e42a,2020,Acura,tlx,A-Spec,1,0,0,B,no wheel inventory for bolt/diameter,missing_inventory_wheels,245/40R19,5x114.3,19
db214f3e-863b-40e5-9a57-0252a6479023,2018,Alfa Romeo,4C,Base,1,0,0,B,no wheel inventory for bolt/diameter,missing_inventory_wheels,205/40ZR18|205/45ZR17|235/35ZR19|235/40ZR18,5x98,17|18|19
eb2e3a3e-94c8-41bd-990a-987431f4c332,2018,Alfa Romeo,4C,Spider,1,0,0,B,no wheel inventory for bolt/diameter,missing_inventory_wheels,205/40ZR18|205/45ZR17|235/35ZR19|235/40ZR18,5x98,17|18|19
25c2e428-55d4-4e85-a793-3f8a63a6907f,2018,Aston Martin,DB11,Base,1,0,0,B,no wheel inventory for bolt/diameter,missing_inventory_wheels,255/40ZR20|295/35ZR20,5x128,20
016e4065-a18c-438d-9397-62515226f8d4,2018,Aston Martin,Rapide,S,1,0,0,B,no wheel inventory for bolt/diameter,missing_inventory_wheels,245/40ZR20|295/35ZR20,5x128,20
10ce0c8f-e98c-45b8-885a-3616289cb27e,2018,Aston Martin,Vanquish,S,1,0,0,B,no wheel inventory for bolt/diameter,missing_inventory_wheels,255/35ZR20|305/30ZR20,5x128,20
ba858d3a-511e-474a-829e-d77b10030082,2018,Aston Martin,Vanquish,S Volante,1,0,0,B,no wheel inventory for bolt/diameter,missing_inventory_wheels,255/35ZR20|305/30ZR20,5x128,20
55d0fecb-a822-4af0-b557-588184f4072e,2005,Audi,a6,Base,1,0,0,B,no wheel inventory for bolt/diameter,missing_inventory_wheels,225/55R16|245/40R18|245/45R17|255/35R19|265/35R20,5x112,16|17|18|19|20
612a3000-919b-4cf3-a99c-ba88b4be04de,2006,Audi,a6,Base,1,0,0,B,no wheel inventory for bolt/diameter,missing_inventory_wheels,225/55R16|245/40R18|245/45R17|255/35R19|265/35R20,5x112,16|17|18|19|20
fccc9fca-5b66-4952-9868-4c357bac932a,2007,Audi,a6,Base,1,0,0,B,no wheel inventory for bolt/diameter,missing_inventory_wheels,225/55R16|245/40R18|245/45R17|255/35R19|265/35R20,5x112,16|17|18|19|20
7da5af9d-16c6-4130-bc9f-85ce1260e6fb,2008,Audi,a6,Base,1,0,0,B,no wheel inventory for bolt/diameter,missing_inventory_wheels,225/55R16|245/40R18|245/45R17|255/35R19|265/35R20,5x112,16|17|18|19|20
e0ab1172-3c93-4fcd-acfa-689318338a6c,2009,Audi,a6,Base,1,0,0,B,no wheel inventory for bolt/diameter,missing_inventory_wheels,225/55R16|245/40R18|245/45R17|255/35R19|265/35R20,5x112,16|17|18|19|20
e3d26a21-103a-4b0c-8a95-a512767b8087,2010,Audi,a6,Base,1,0,0,B,no wheel inventory for bolt/diameter,missing_inventory_wheels,245/40R18|255/35R19|265/35R20,5x112,18|19|20
2f7736fa-571e-4352-8825-7b9cffc03a2f,2011,Audi,a6,Base,1,0,0,B,no wheel inventory for bolt/diameter,missing_inventory_wheels,245/40R18|255/35R19|265/35R20,5x112,18|19|20
5104fc17-77be-4ff0-b71c-eb552f26a24e,2012,Audi,a6,Base,1,0,0,B,no wheel inventory for bolt/diameter,missing_inventory_wheels,245/40R19|245/45R18|255/35R20|255/40R19|265/35R20,5x112,18|19|20
8fec34be-12cc-46ad-92e3-5c45b4243f7e,2012,Audi,a6,3.0 TDi,1,0,0,B,no wheel inventory for bolt/diameter,missing_inventory_wheels,245/40R19|245/45R18|255/35ZR20|255/40R19,5x112,18|19|20
14fc0947-9bdb-422b-9911-c237e0411fab,2013,Audi,a6,Base,1,0,0,B,no wheel inventory for bolt/diameter,missing_inventory_wheels,245/40R19|245/45R18|255/35R20|255/40R19|265/35R20,5x112,18|19|20
b70190a3-addc-4b73-9044-f5a179b8e262,2013,Audi,a6,3.0 TDi,1,0,0,B,no wheel inventory for bolt/diameter,missing_inventory_wheels,245/40R19|245/45R18|255/35ZR20|255/40R19,5x112,18|19|20
fc50c348-c195-44d7-b2c8-1ee358f1a65c,2014,Audi,a6,3.0 TDi,1,0,0,B,no wheel inventory for bolt/diameter,missing_inventory_wheels,245/40R19|245/45R18|255/35ZR20|255/40R19,5x112,18|19|20
0f073d05-f841-4989-9320-99e78d277acf,2014,Audi,a6,Base,1,0,0,B,no wheel inventory for bolt/diameter,missing_inventory_wheels,245/40R19|245/45R18|255/35R20|255/40R19|265/35R20,5x112,18|19|20
09275e16-1e65-46fb-82e9-ec49278f53d7,2015,Audi,a6,Base,1,0,0,B,no wheel inventory for bolt/diameter,missing_inventory_wheels,245/40R19|245/45R18|255/35R20|255/40R19|265/35R20,5x112,18|19|20
bfdf6faf-5417-42bf-9bd6-91f0b484c1cd,2016,Audi,a6,Base,1,0,0,B,no wheel inventory for bolt/diameter,missing_inventory_wheels,245/40R19|245/45R18|255/35R20|255/40R19|265/35R20,5x112,18|19|20
7a2efb24-88a6-455e-9310-a714051bfe32,2017,Audi,a6,Base,1,0,0,B,no wheel inventory for bolt/diameter,missing_inventory_wheels,245/45R18|255/35R20|255/40R19|265/35R20,5x112,18|19|20
8d9ac1a0-3634-45ce-bfcf-fb84920dbcb5,2019,Audi,a6,Base,1,0,0,B,no wheel inventory for bolt/diameter,missing_inventory_wheels,225/55R18|245/45R19|255/40R20,5x112,18|19|20
daf05def-23e8-4655-934a-5540c2124c7f,2020,Audi,a6,Base,1,0,0,B,no wheel inventory for bolt/diameter,missing_inventory_wheels,225/55R18|225/55ZR18|225/60R17|225/60ZR17|245/45R19|245/45ZR19|255/35R21|255/35ZR21|255/40R20|255/40ZR20|265/35R21,5x112,17|18|19|20|21
9853a4cf-177d-42ed-ad4d-4b4ce95babcd,2021,Audi,a6,Base,1,0,0,B,no wheel inventory for bolt/diameter,missing_inventory_wheels,225/55R18|225/55ZR18|225/60R17|225/60ZR17|245/45R19|245/45ZR19|255/35R21|255/35ZR21|255/40R20|255/40ZR20|265/35R21,5x112,17|18|19|20|21
2293acea-b5d8-4679-8b86-a1a274093772,2022,Audi,a6,Base,1,0,0,B,no wheel inventory for bolt/diameter,missing_inventory_wheels,225/55R18|245/45R19|255/35R21|255/40R20|265/35R21,5x112,18|19|20|21
cda4828f-21cf-4596-9dc8-f2d924a702e7,2023,Audi,a6,Base,1,0,0,B,no wheel inventory for bolt/diameter,missing_inventory_wheels,225/55R18|245/45R19|255/35R21|255/40R20|265/35R21,5x112,18|19|20|21
bd74306c-9375-4430-b94d-a53aad0b3087,2024,Audi,a6,Base,1,0,0,B,no wheel inventory for bolt/diameter,missing_inventory_wheels,225/55R18|245/45R19|255/35R21|255/40R20|265/35R21,5x112,18|19|20|21
9274927f-482a-450b-ad89-7a2c2e5a38ea,2025,Audi,a6,Base,1,0,0,B,no wheel inventory for bolt/diameter,missing_inventory_wheels,225/55R18|245/45R19|255/35R21|255/40R20|265/35R21,5x112,18|19|20|21
0d34c9bb-f29c-4bb3-9756-1ab956ce752f,2026,Audi,a6,Base,1,0,0,B,no wheel inventory for bolt/diameter,missing_inventory_wheels,225/55R18|245/45R19|255/35R21|255/40R20|265/35R21,5x112,18|19|20|21
15079179-0a31-42f6-8fc6-9b52bd406148,2025,Audi,a6-e-tron,Base,1,0,0,B,no wheel inventory for bolt/diameter,missing_inventory_wheels,225/55R18|245/45R19|255/40R20|265/35R21,5x112,18|19|20|21
40b975ea-412e-4c05-a16d-34f1765756af,2026,Audi,a6-e-tron,Base,1,0,0,B,no wheel inventory for bolt/diameter,missing_inventory_wheels,225/55R18|245/45R19|255/40R20|265/35R21,5x112,18|19|20|21
4ab16bd3-e571-4308-8d45-3424dff64c6f,2011,Audi,a7,Base,1,0,0,B,no wheel inventory for bolt/diameter,missing_inventory_wheels,245/45R18|255/35R20|255/40R19,5x112,18|19|20
75a201c2-bffb-47cb-a409-c081b404fcb3,2019,Audi,a8,L 55 TFSi quattro,1,0,0,B,no wheel inventory for bolt/diameter,missing_inventory_wheels,235/50R19|235/55R18|235/55ZR18|255/45ZR19|265/35ZR21|265/40R20|265/40ZR20|275/35ZR21,5x112,18|19|20|21
784d0cd1-84bc-4e72-8b70-c593065fd1f4,2021,Audi,a8,L 55 TFSi quattro,1,0,0,B,no wheel inventory for bolt/diameter,missing_inventory_wheels,235/50R19|235/55R18|235/55ZR18|255/45ZR19|265/35ZR21|265/40R20|265/40ZR20|275/35ZR21,5x112,18|19|20|21
0a508731-451f-42fc-9e85-db8687fb0f9e,2022,Audi,a8,L 55 TFSi quattro,1,0,0,B,no wheel inventory for bolt/diameter,missing_inventory_wheels,235/50R19|235/55R18|235/55ZR18|255/45ZR19|265/35ZR21|265/40R20|265/40ZR20|275/35ZR21,5x112,18|19|20|21
7a19a57f-b801-4d83-9779-493082c54670,2025,Audi,a8,Base,1,0,0,B,no wheel inventory for bolt/diameter,missing_inventory_wheels,235/55R18|245/50R19|255/45R20|275/35R21,5x112,18|19|20|21
b8335e0f-8663-4a60-875b-65f1ab4dd8fc,2026,Audi,a8,Base,1,0,0,B,no wheel inventory for bolt/diameter,missing_inventory_wheels,235/55R18|245/50R19|255/45R20|275/35R21,5x112,18|19|20|21
abaf79e6-c87e-41ac-91ca-690628d8a20e,2015,Audi,q3,2.0TFSi,1,0,0,B,no wheel inventory for bolt/diameter,missing_inventory_wheels,235/45R19|235/50R18|255/35R20|255/40R19,5x112,18|19|20
5330708b-367d-4e09-ac4e-22e83a85a3d9,2020,Audi,q3,"Premium, Premium Plus, Prestige",1,0,0,B,no wheel inventory for bolt/diameter,missing_inventory_wheels,235/50R19|235/55R18,5x112,18|19|20
61738022-f71f-4a6e-8607-c1d5941c5d9f,2020,Audi,q3,Premium,1,0,0,B,no wheel inventory for bolt/diameter,missing_inventory_wheels,235/50R19|235/55R18,5x112,18|19|20
4a92ad5d-4afd-4057-8bbd-dcb48525e382,2020,Audi,q3,Prestige,1,0,0,B,no wheel inventory for bolt/diameter,missing_inventory_wheels,235/50R19|235/55R18,5x112,18|19|20
f27aedc7-bbd0-4dba-a067-e5fa6457fb6d,2020,Audi,q3,Premium Plus,1,0,0,B,no wheel inventory for bolt/diameter,missing_inventory_wheels,235/50R19|235/55R18,5x112,18|19|20
75a3c4a0-aa3d-489d-a59e-9122bc9446ed,2021,Audi,q3,"Premium, Premium Plus, Prestige",1,0,0,B,no wheel inventory for bolt/diameter,missing_inventory_wheels,235/50R19|235/55R18,5x112,18|19|20
514f6415-9626-4f91-aa70-a88849b02c81,2021,Audi,q3,Prestige,1,0,0,B,no wheel inventory for bolt/diameter,missing_inventory_wheels,235/50R19|235/55R18,5x112,18|19|20
224033ad-8df3-499e-ae9c-6eb16fcc1442,2021,Audi,q3,Premium Plus,1,0,0,B,no wheel inventory for bolt/diameter,missing_inventory_wheels,235/50R19|235/55R18,5x112,18|19|20
d342f059-26d2-47fd-94cc-bca356199ab2,2021,Audi,q3,Premium,1,0,0,B,no wheel inventory for bolt/diameter,missing_inventory_wheels,235/50R19|235/55R18,5x112,18|19|20
136bbd34-9fb4-4d44-83ea-17986d6332d5,2022,Audi,q3,"Premium, Premium Plus, Prestige",1,0,0,B,no wheel inventory for bolt/diameter,missing_inventory_wheels,235/50R19|235/55R18,5x112,18|19|20
fbc4ce11-f58c-4727-ac35-cd41777b2dfd,2022,Audi,q3,Prestige,1,0,0,B,no wheel inventory for bolt/diameter,missing_inventory_wheels,235/50R19|235/55R18,5x112,18|19|20
38e89555-e6e1-4c78-9bc4-b6f5c0ce6e17,2022,Audi,q3,Premium Plus,1,0,0,B,no wheel inventory for bolt/diameter,missing_inventory_wheels,235/50R19|235/55R18,5x112,18|19|20
1249fea5-d9a0-4cd2-8ca6-89afb6cc0b2c,2022,Audi,q3,Premium,1,0,0,B,no wheel inventory for bolt/diameter,missing_inventory_wheels,235/50R19|235/55R18,5x112,18|19|20
dad46b73-2474-41f2-a33c-b4b0e8655b11,2023,Audi,q3,"Premium, Premium Plus, Prestige",1,0,0,B,no wheel inventory for bolt/diameter,missing_inventory_wheels,235/50R19|235/55R18,5x112,18|19|20
3c8e8d5e-cb35-4102-b761-c4a78f670cbe,2023,Audi,q3,Prestige,1,0,0,B,no wheel inventory for bolt/diameter,missing_inventory_wheels,235/50R19|235/55R18,5x112,18|19|20
59ef13a1-c73c-4190-b694-df6e7e433a42,2023,Audi,q3,Premium,1,0,0,B,no wheel inventory for bolt/diameter,missing_inventory_wheels,235/50R19|235/55R18,5x112,18|19|20
0549b7bd-18af-48d5-a4e5-21e0c1f4272c,2023,Audi,q3,Premium Plus,1,0,0,B,no wheel inventory for bolt/diameter,missing_inventory_wheels,235/50R19|235/55R18,5x112,18|19|20
1b828bc2-cad1-41c6-884d-9511fe5abc84,2024,Audi,q3,Premium Plus,1,0,0,B,no wheel inventory for bolt/diameter,missing_inventory_wheels,235/50R19|235/55R18,5x112,18|19|20
0840a117-78b5-4b32-8039-5941c9329554,2024,Audi,q3,Prestige,1,0,0,B,no wheel inventory for bolt/diameter,missing_inventory_wheels,235/50R19|235/55R18,5x112,18|19|20
40ca3edd-fb0c-4d40-b46a-22504623848b,2024,Audi,q3,Premium,1,0,0,B,no wheel inventory for bolt/diameter,missing_inventory_wheels,235/50R19|235/55R18,5x112,18|19|20
1c9b0d98-eb7d-42df-8f5f-a26fcd24d025,2024,Audi,q3,"Premium, Premium Plus, Prestige",1,0,0,B,no wheel inventory for bolt/diameter,missing_inventory_wheels,235/50R19|235/55R18,5x112,18|19|20
ff9dd16e-3e0e-44cd-a3df-17d283589071,2008,Audi,q5,Base,1,0,0,B,no wheel inventory for bolt/diameter,missing_inventory_wheels,235/55R19|255/45R20,5x112,18|19|20
c78a32bd-7dd2-4773-bdae-ac8a1f66d4c2,2009,Audi,q5,SQ5 Sportback,1,0,0,B,no wheel inventory for bolt/diameter,missing_inventory_wheels,235/60R18|235/65R17|255/35R21|255/40R20|255/45R19|255/45R20,5x112,17|18|19|20|21
486c18ef-19a7-4056-9375-779092f5d9af,2009,Audi,q5,Premium Plus,1,0,0,B,no wheel inventory for bolt/diameter,missing_inventory_wheels,235/60R18|235/65R17|255/35R21|255/40R20|255/45R19|255/45R20,5x112,17|18|19|20|21
7db13f31-a540-400e-8f29-031dc3b4212f,2009,Audi,q5,Prestige,1,0,0,B,no wheel inventory for bolt/diameter,missing_inventory_wheels,235/60R18|235/65R17|255/35R21|255/40R20|255/45R19|255/45R20,5x112,17|18|19|20|21
f108fbd5-def6-45d6-933d-26fe1b7281c0,2009,Audi,q5,"Premium, Premium Plus, Prestige, SQ5, SQ5 Sportback",1,0,0,B,no wheel inventory for bolt/diameter,missing_inventory_wheels,235/60R18|235/65R17|255/35R21|255/40R20|255/45R19|255/45R20,5x112,17|18|19|20|21
14d16b83-54ec-420e-8b9c-cc44562648a9,2009,Audi,q5,SQ5,1,0,0,B,no wheel inventory for bolt/diameter,missing_inventory_wheels,235/60R18|235/65R17|255/35R21|255/40R20|255/45R19|255/45R20,5x112,17|18|19|20|21
625743d6-7db6-4cec-afee-fd5c9dbedf81,2009,Audi,q5,Premium,1,0,0,B,no wheel inventory for bolt/diameter,missing_inventory_wheels,235/60R18|235/65R17|255/35R21|255/40R20|255/45R19|255/45R20,5x112,17|18|19|20|21
4a57a93a-95a2-49c5-aaf4-7ce6d8f8f977,2010,Audi,q5,SQ5 Sportback,1,0,0,B,no wheel inventory for bolt/diameter,missing_inventory_wheels,235/55R19|235/60R18|235/60ZR18|235/65R17|235/65ZR17|255/35R21|255/40R20|255/45R19|255/45R20|255/45ZR20,5x112,17|18|19|20|21
56dcae88-bdc9-4db4-86d1-91eb1a9a0faa,2010,Audi,q5,Premium,1,0,0,B,no wheel inventory for bolt/diameter,missing_inventory_wheels,235/55R19|235/60R18|235/60ZR18|235/65R17|235/65ZR17|255/35R21|255/40R20|255/45R19|255/45R20|255/45ZR20,5x112,17|18|19|20|21
ebe8bda3-d226-44fc-9714-e65511403f16,2010,Audi,q5,"Premium, Premium Plus, Prestige, SQ5, SQ5 Sportback",1,0,0,B,no wheel inventory for bolt/diameter,missing_inventory_wheels,235/55R19|235/60R18|235/60ZR18|235/65R17|235/65ZR17|255/35R21|255/40R20|255/45R19|255/45R20|255/45ZR20,5x112,17|18|19|20|21
137bdcd3-1c74-4ef4-aa8a-800b72ac4f83,2010,Audi,q5,Prestige,1,0,0,B,no wheel inventory for bolt/diameter,missing_inventory_wheels,235/55R19|235/60R18|235/60ZR18|235/65R17|235/65ZR17|255/35R21|255/40R20|255/45R19|255/45R20|255/45ZR20,5x112,17|18|19|20|21
df2be819-5c96-457c-b8c5-0e04312d5446,2010,Audi,q5,Premium Plus,1,0,0,B,no wheel inventory for bolt/diameter,missing_inventory_wheels,235/55R19|235/60R18|235/60ZR18|235/65R17|235/65ZR17|255/35R21|255/40R20|255/45R19|255/45R20|255/45ZR20,5x112,17|18|19|20|21
872199fd-b6c3-4d31-9c7a-ceeafc1ae57b,2010,Audi,q5,SQ5,1,0,0,B,no wheel inventory for bolt/diameter,missing_inventory_wheels,235/55R19|235/60R18|235/60ZR18|235/65R17|235/65ZR17|255/35R21|255/40R20|255/45R19|255/45R20|255/45ZR20,5x112,17|18|19|20|21
746f9e1f-66b0-4077-9431-af34009dbe8e,2011,Audi,q5,Premium Plus,1,0,0,B,no wheel inventory for bolt/diameter,missing_inventory_wheels,235/60R18|235/65R17|255/35R21|255/40R20|255/45R19|255/45R20,5x112,17|18|19|20|21
d282e00a-fe2f-41f5-97b5-94b27a837379,2011,Audi,q5,SQ5 Sportback,1,0,0,B,no wheel inventory for bolt/diameter,missing_inventory_wheels,235/60R18|235/65R17|255/35R21|255/40R20|255/45R19|255/45R20,5x112,17|18|19|20|21
22f4a46c-4b7c-45d9-97c6-1e53b9a092e9,2011,Audi,q5,"Premium, Premium Plus, Prestige, SQ5, SQ5 Sportback",1,0,0,B,no wheel inventory for bolt/diameter,missing_inventory_wheels,235/60R18|235/65R17|255/35R21|255/40R20|255/45R19|255/45R20,5x112,17|18|19|20|21
6aef00fd-03fe-4e70-b5e5-77d4e34d9922,2011,Audi,q5,Prestige,1,0,0,B,no wheel inventory for bolt/diameter,missing_inventory_wheels,235/60R18|235/65R17|255/35R21|255/40R20|255/45R19|255/45R20,5x112,17|18|19|20|21
83a01d5e-d2f8-4b76-8d51-3485bea9a4ab,2011,Audi,q5,SQ5,1,0,0,B,no wheel inventory for bolt/diameter,missing_inventory_wheels,235/60R18|235/65R17|255/35R21|255/40R20|255/45R19|255/45R20,5x112,17|18|19|20|21
2b31b496-069a-4203-b2cb-d4cc0bae77f6,2011,Audi,q5,Premium,1,0,0,B,no wheel inventory for bolt/diameter,missing_inventory_wheels,235/60R18|235/65R17|255/35R21|255/40R20|255/45R19|255/45R20,5x112,17|18|19|20|21
79bfc08d-8e2d-4a2a-b69d-5639ac423e4f,2012,Audi,q5,Premium,1,0,0,B,no wheel inventory for bolt/diameter,missing_inventory_wheels,235/60R18|235/65R17|255/35R21|255/40R20|255/45R19|255/45R20,5x112,17|18|19|20|21
63650e37-a8ec-4b75-9aa5-336e594dcf68,2012,Audi,q5,Premium Plus,1,0,0,B,no wheel inventory for bolt/diameter,missing_inventory_wheels,235/60R18|235/65R17|255/35R21|255/40R20|255/45R19|255/45R20,5x112,17|18|19|20|21
8170bebd-54e9-465e-9727-05efec2f6310,2012,Audi,q5,Prestige,1,0,0,B,no wheel inventory for bolt/diameter,missing_inventory_wheels,235/60R18|235/65R17|255/35R21|255/40R20|255/45R19|255/45R20,5x112,17|18|19|20|21
2d975b54-cda4-4397-a075-387d3bc0b408,2012,Audi,q5,SQ5,1,0,0,B,no wheel inventory for bolt/diameter,missing_inventory_wheels,235/60R18|235/65R17|255/35R21|255/40R20|255/45R19|255/45R20,5x112,17|18|19|20|21
69887821-6e60-4acd-bef6-cbf44b64c8db,2012,Audi,q5,SQ5 Sportback,1,0,0,B,no wheel inventory for bolt/diameter,missing_inventory_wheels,235/60R18|235/65R17|255/35R21|255/40R20|255/45R19|255/45R20,5x112,17|18|19|20|21
f099b946-0517-4ab0-af4a-2fafae4a1816,2012,Audi,q5,"Premium, Premium Plus, Prestige, SQ5, SQ5 Sportback",1,0,0,B,no wheel inventory for bolt/diameter,missing_inventory_wheels,235/60R18|235/65R17|255/35R21|255/40R20|255/45R19|255/45R20,5x112,17|18|19|20|21
2bf1503a-8f96-4240-9b47-c941ee6b3299,2013,Audi,q5,"Premium, Premium Plus, Prestige, SQ5, SQ5 Sportback",1,0,0,B,no wheel inventory for bolt/diameter,missing_inventory_wheels,235/60R18|235/65R17|255/35R21|255/40R20|255/45R19|255/45R20,5x112,17|18|19|20|21
9eca1976-fa59-4777-ac25-44b995462934,2013,Audi,q5,SQ5,1,0,0,B,no wheel inventory for bolt/diameter,missing_inventory_wheels,235/60R18|235/65R17|255/35R21|255/40R20|255/45R19|255/45R20,5x112,17|18|19|20|21
eefa1544-6b3e-47c7-86a4-202586115e9f,2013,Audi,q5,Premium,1,0,0,B,no wheel inventory for bolt/diameter,missing_inventory_wheels,235/60R18|235/65R17|255/35R21|255/40R20|255/45R19|255/45R20,5x112,17|18|19|20|21
a681d7e1-7a6d-43e7-8a39-38668eb66435,2013,Audi,q5,Premium Plus,1,0,0,B,no wheel inventory for bolt/diameter,missing_inventory_wheels,235/60R18|235/65R17|255/35R21|255/40R20|255/45R19|255/45R20,5x112,17|18|19|20|21
80a736e9-07eb-4820-b3bb-415ad429c259,2013,Audi,q5,SQ5 Sportback,1,0,0,B,no wheel inventory for bolt/diameter,missing_inventory_wheels,235/60R18|235/65R17|255/35R21|255/40R20|255/45R19|255/45R20,5x112,17|18|19|20|21
5ea9658c-adb3-4730-9381-02c19bda5591,2013,Audi,q5,Prestige,1,0,0,B,no wheel inventory for bolt/diameter,missing_inventory_wheels,235/60R18|235/65R17|255/35R21|255/40R20|255/45R19|255/45R20,5x112,17|18|19|20|21
50b218ed-4a69-4fa8-91d1-3d87380cf6ff,2014,Audi,q5,Premium,1,0,0,B,no wheel inventory for bolt/diameter,missing_inventory_wheels,235/60R18|235/65R17|255/35R21|255/40R20|255/45R19|255/45R20,5x112,17|18|19|20|21
1a190d6d-2b61-4d73-897a-53a45da18eca,2014,Audi,q5,Premium Plus,1,0,0,B,no wheel inventory for bolt/diameter,missing_inventory_wheels,235/60R18|235/65R17|255/35R21|255/40R20|255/45R19|255/45R20,5x112,17|18|19|20|21
69becd62-f60d-4078-a5a9-4b78218c3c84,2014,Audi,q5,Prestige,1,0,0,B,no wheel inventory for bolt/diameter,missing_inventory_wheels,235/60R18|235/65R17|255/35R21|255/40R20|255/45R19|255/45R20,5x112,17|18|19|20|21
ca2562d9-f8a4-4252-a7fd-fa7968989b04,2014,Audi,q5,SQ5 Sportback,1,0,0,B,no wheel inventory for bolt/diameter,missing_inventory_wheels,235/60R18|235/65R17|255/35R21|255/40R20|255/45R19|255/45R20,5x112,17|18|19|20|21
809f6209-00eb-462d-aad4-4a15bb22a56d,2014,Audi,q5,SQ5,1,0,0,B,no wheel inventory for bolt/diameter,missing_inventory_wheels,235/60R18|235/65R17|255/35R21|255/40R20|255/45R19|255/45R20,5x112,17|18|19|20|21
90cfe887-95a6-4322-b01d-3c207fb7cae1,2014,Audi,q5,"Premium, Premium Plus, Prestige, SQ5, SQ5 Sportback",1,0,0,B,no wheel inventory for bolt/diameter,missing_inventory_wheels,235/60R18|235/65R17|255/35R21|255/40R20|255/45R19|255/45R20,5x112,17|18|19|20|21
b89a8908-7376-4e2d-87b5-aedf284bac91,2015,Audi,q5,SQ5,1,0,0,B,no wheel inventory for bolt/diameter,missing_inventory_wheels,235/50R20|235/55R19|235/60R18|235/65R17|255/35R21|255/40R20|255/45R19|255/45R20,5x112,17|18|19|20|21
6cbce400-0519-4c5b-b6ca-7403d23e971b,2015,Audi,q5,"Premium, Premium Plus, Prestige, SQ5, SQ5 Sportback",1,0,0,B,no wheel inventory for bolt/diameter,missing_inventory_wheels,235/50R20|235/55R19|235/60R18|235/65R17|255/35R21|255/40R20|255/45R19|255/45R20,5x112,17|18|19|20|21
b132cfae-cb4a-4913-b139-4fb676eac9c2,2015,Audi,q5,Prestige,1,0,0,B,no wheel inventory for bolt/diameter,missing_inventory_wheels,235/50R20|235/55R19|235/60R18|235/65R17|255/35R21|255/40R20|255/45R19|255/45R20,5x112,17|18|19|20|21
42ec0bfb-5f22-4950-b177-9ce99408ce29,2015,Audi,q5,SQ5 Sportback,1,0,0,B,no wheel inventory for bolt/diameter,missing_inventory_wheels,235/50R20|235/55R19|235/60R18|235/65R17|255/35R21|255/40R20|255/45R19|255/45R20,5x112,17|18|19|20|21
2b2fccd6-a7e9-40bd-b8c9-9a79ac2614a3,2015,Audi,q5,Premium,1,0,0,B,no wheel inventory for bolt/diameter,missing_inventory_wheels,235/50R20|235/55R19|235/60R18|235/65R17|255/35R21|255/40R20|255/45R19|255/45R20,5x112,17|18|19|20|21
d9ab0c80-264f-4826-866a-1d82fc54e8e6,2015,Audi,q5,Premium Plus,1,0,0,B,no wheel inventory for bolt/diameter,missing_inventory_wheels,235/50R20|235/55R19|235/60R18|235/65R17|255/35R21|255/40R20|255/45R19|255/45R20,5x112,17|18|19|20|21
e4f2f6b1-2f31-4dbe-a69e-15a7c20e4240,2016,Audi,q5,Premium,1,0,0,B,no wheel inventory for bolt/diameter,missing_inventory_wheels,235/60R18|235/65R17|255/35R21|255/40R20|255/45R19|255/45R20,5x112,17|18|19|20|21
97574a08-b967-4cf2-989a-770aebd717f0,2016,Audi,q5,Premium Plus,1,0,0,B,no wheel inventory for bolt/diameter,missing_inventory_wheels,235/60R18|235/65R17|255/35R21|255/40R20|255/45R19|255/45R20,5x112,17|18|19|20|21
e392b711-2ee5-41d0-a701-cc38fdddcfec,2016,Audi,q5,SQ5,1,0,0,B,no wheel inventory for bolt/diameter,missing_inventory_wheels,235/60R18|235/65R17|255/35R21|255/40R20|255/45R19|255/45R20,5x112,17|18|19|20|21
84bebb0d-df8f-451f-9dc3-a8204f1c7ed3,2016,Audi,q5,"Premium, Premium Plus, Prestige, SQ5, SQ5 Sportback",1,0,0,B,no wheel inventory for bolt/diameter,missing_inventory_wheels,235/60R18|235/65R17|255/35R21|255/40R20|255/45R19|255/45R20,5x112,17|18|19|20|21
0c390b20-80dc-48c1-8648-c5e178dc15bf,2016,Audi,q5,SQ5 Sportback,1,0,0,B,no wheel inventory for bolt/diameter,missing_inventory_wheels,235/60R18|235/65R17|255/35R21|255/40R20|255/45R19|255/45R20,5x112,17|18|19|20|21
8c11e00a-e8bb-4118-8bfc-1a8bf31b4ded,2016,Audi,q5,Prestige,1,0,0,B,no wheel inventory for bolt/diameter,missing_inventory_wheels,235/60R18|235/65R17|255/35R21|255/40R20|255/45R19|255/45R20,5x112,17|18|19|20|21
f62c4148-6a58-47e1-91b8-d015d77db616,2017,Audi,q5,"Premium, Premium Plus, Prestige, SQ5, SQ5 Sportback",1,0,0,B,no wheel inventory for bolt/diameter,missing_inventory_wheels,235/60R18|235/65R17|255/35R21|255/40R20|255/45R19|255/45R20,5x112,17|18|19|20|21
b1f4efcc-2d27-4104-a75b-82316b5a1ced,2017,Audi,q5,Premium,1,0,0,B,no wheel inventory for bolt/diameter,missing_inventory_wheels,235/60R18|235/65R17|255/35R21|255/40R20|255/45R19|255/45R20,5x112,17|18|19|20|21
f437432b-071a-4738-9ccf-dfa47eca02a3,2017,Audi,q5,Prestige,1,0,0,B,no wheel inventory for bolt/diameter,missing_inventory_wheels,235/60R18|235/65R17|255/35R21|255/40R20|255/45R19|255/45R20,5x112,17|18|19|20|21
e997bc9f-3d29-4cdc-a464-df5e9b63dc4b,2017,Audi,q5,Premium Plus,1,0,0,B,no wheel inventory for bolt/diameter,missing_inventory_wheels,235/60R18|235/65R17|255/35R21|255/40R20|255/45R19|255/45R20,5x112,17|18|19|20|21
a6b2e9c6-427e-467c-baf7-d47eb5434078,2017,Audi,q5,SQ5,1,0,0,B,no wheel inventory for bolt/diameter,missing_inventory_wheels,235/60R18|235/65R17|255/35R21|255/40R20|255/45R19|255/45R20,5x112,17|18|19|20|21
e2904223-60b1-4e62-85d6-64c2881521f2,2017,Audi,q5,SQ5 Sportback,1,0,0,B,no wheel inventory for bolt/diameter,missing_inventory_wheels,235/60R18|235/65R17|255/35R21|255/40R20|255/45R19|255/45R20,5x112,17|18|19|20|21
2ec71daa-fab5-4445-83d1-d458cf7c395b,2019,Audi,q5,Prestige,1,0,0,B,no wheel inventory for bolt/diameter,missing_inventory_wheels,235/60R18|255/35R21|255/40R20|255/45R19|255/45R20,5x112,18|19|20|21
963a0651-c44e-4591-b27a-c614d9002a96,2019,Audi,q5,Premium,1,0,0,B,no wheel inventory for bolt/diameter,missing_inventory_wheels,235/60R18|255/35R21|255/40R20|255/45R19|255/45R20,5x112,18|19|20|21
01915570-ba7c-4f2f-b8b6-a1f78c890cec,2019,Audi,q5,SQ5,1,0,0,B,no wheel inventory for bolt/diameter,missing_inventory_wheels,235/60R18|255/35R21|255/40R20|255/45R19|255/45R20,5x112,18|19|20|21
514abaff-887f-4e99-b953-54f73ebd626c,2019,Audi,q5,SQ5 Sportback,1,0,0,B,no wheel inventory for bolt/diameter,missing_inventory_wheels,235/60R18|255/35R21|255/40R20|255/45R19|255/45R20,5x112,18|19|20|21
8c93736b-5851-48bb-afb8-421d5f24035d,2019,Audi,q5,"Premium, Premium Plus, Prestige, SQ5, SQ5 Sportback",1,0,0,B,no wheel inventory for bolt/diameter,missing_inventory_wheels,235/60R18|255/35R21|255/40R20|255/45R19|255/45R20,5x112,18|19|20|21
a1703579-d9ec-46fb-8184-520358e76429,2019,Audi,q5,Premium Plus,1,0,0,B,no wheel inventory for bolt/diameter,missing_inventory_wheels,235/60R18|255/35R21|255/40R20|255/45R19|255/45R20,5x112,18|19|20|21
33db3abc-7324-4121-abfe-55d7f59cc1b9,2020,Audi,q5,Premium,1,0,0,B,no wheel inventory for bolt/diameter,missing_inventory_wheels,235/55R19|235/60R18|235/65R17|235/65ZR17|255/35R21|255/40R20|255/40R21|255/45R19|255/45R20|255/45ZR20|255/50R19,5x112,17|18|19|20|21
e1c3ee92-d78e-4938-b184-dc9ec91061b2,2020,Audi,q5,SQ5,1,0,0,B,no wheel inventory for bolt/diameter,missing_inventory_wheels,235/55R19|235/60R18|235/65R17|235/65ZR17|255/35R21|255/40R20|255/40R21|255/45R19|255/45R20|255/45ZR20|255/50R19,5x112,17|18|19|20|21
b0acdd15-4f85-4aa0-b469-885db6bb0b19,2020,Audi,q5,Prestige,1,0,0,B,no wheel inventory for bolt/diameter,missing_inventory_wheels,235/55R19|235/60R18|235/65R17|235/65ZR17|255/35R21|255/40R20|255/40R21|255/45R19|255/45R20|255/45ZR20|255/50R19,5x112,17|18|19|20|21
a6b8a744-51a9-4c54-b6f4-0d7e2e6aceda,2020,Audi,q5,Premium Plus,1,0,0,B,no wheel inventory for bolt/diameter,missing_inventory_wheels,235/55R19|235/60R18|235/65R17|235/65ZR17|255/35R21|255/40R20|255/40R21|255/45R19|255/45R20|255/45ZR20|255/50R19,5x112,17|18|19|20|21
09bf5ab4-6602-422d-a545-64fee00a69c4,2020,Audi,q5,"Premium, Premium Plus, Prestige, SQ5, SQ5 Sportback",1,0,0,B,no wheel inventory for bolt/diameter,missing_inventory_wheels,235/55R19|235/60R18|235/65R17|235/65ZR17|255/35R21|255/40R20|255/40R21|255/45R19|255/45R20|255/45ZR20|255/50R19,5x112,17|18|19|20|21
89ed8678-bb62-4742-bbcf-5515e4d7dfaa,2020,Audi,q5,SQ5 Sportback,1,0,0,B,no wheel inventory for bolt/diameter,missing_inventory_wheels,235/55R19|235/60R18|235/65R17|235/65ZR17|255/35R21|255/40R20|255/40R21|255/45R19|255/45R20|255/45ZR20|255/50R19,5x112,17|18|19|20|21
815bac6d-e83c-4185-9300-c216d2e4d51b,2021,Audi,q5,Premium Plus,1,0,0,B,no wheel inventory for bolt/diameter,missing_inventory_wheels,235/60R18|255/35R21|255/40R20|255/45R19|255/45R20,5x112,18|19|20|21
fdd64f91-05fb-494d-8c63-3f4a38bdb863,2021,Audi,q5,SQ5 Sportback,1,0,0,B,no wheel inventory for bolt/diameter,missing_inventory_wheels,235/60R18|255/35R21|255/40R20|255/45R19|255/45R20,5x112,18|19|20|21
4b94ba0c-c7fe-4454-a781-b6d0ef85d778,2021,Audi,q5,"Premium, Premium Plus, Prestige, SQ5, SQ5 Sportback",1,0,0,B,no wheel inventory for bolt/diameter,missing_inventory_wheels,235/60R18|255/35R21|255/40R20|255/45R19|255/45R20,5x112,18|19|20|21
1a9812a0-9cee-4ecf-9fe6-d9b109c915b3,2021,Audi,q5,SQ5,1,0,0,B,no wheel inventory for bolt/diameter,missing_inventory_wheels,235/60R18|255/35R21|255/40R20|255/45R19|255/45R20,5x112,18|19|20|21
d17d749d-a97b-4f82-b0bc-dbc6da283569,2021,Audi,q5,Prestige,1,0,0,B,no wheel inventory for bolt/diameter,missing_inventory_wheels,235/60R18|255/35R21|255/40R20|255/45R19|255/45R20,5x112,18|19|20|21
5dcbefac-fb7f-46a4-ad94-227f456cf9db,2021,Audi,q5,Premium,1,0,0,B,no wheel inventory for bolt/diameter,missing_inventory_wheels,235/60R18|255/35R21|255/40R20|255/45R19|255/45R20,5x112,18|19|20|21
bc9d918c-b441-4afe-aa6d-ebfa46884992,2022,Audi,q5,Prestige,1,0,0,B,no wheel inventory for bolt/diameter,missing_inventory_wheels,235/55R19|235/60R18|235/65R17|235/65ZR17|255/35R21|255/40R20|255/40ZR21|255/45R19|255/45R20|255/45ZR20|255/50R19,5x112,17|18|19|20|21
abc9ce7d-82a4-4abc-9381-0960fcdd3830,2022,Audi,q5,SQ5 Sportback,1,0,0,B,no wheel inventory for bolt/diameter,missing_inventory_wheels,235/55R19|235/60R18|235/65R17|235/65ZR17|255/35R21|255/40R20|255/40ZR21|255/45R19|255/45R20|255/45ZR20|255/50R19,5x112,17|18|19|20|21
b4cc9f57-212a-4a9a-9a57-ec04467e0327,2022,Audi,q5,Premium,1,0,0,B,no wheel inventory for bolt/diameter,missing_inventory_wheels,235/55R19|235/60R18|235/65R17|235/65ZR17|255/35R21|255/40R20|255/40ZR21|255/45R19|255/45R20|255/45ZR20|255/50R19,5x112,17|18|19|20|21
516e6cce-7c99-45a2-abb3-25b2441f8d99,2022,Audi,q5,SQ5,1,0,0,B,no wheel inventory for bolt/diameter,missing_inventory_wheels,235/55R19|235/60R18|235/65R17|235/65ZR17|255/35R21|255/40R20|255/40ZR21|255/45R19|255/45R20|255/45ZR20|255/50R19,5x112,17|18|19|20|21
6ef4e04a-ca8a-442c-a119-95c3a3260ad1,2022,Audi,q5,Premium Plus,1,0,0,B,no wheel inventory for bolt/diameter,missing_inventory_wheels,235/55R19|235/60R18|235/65R17|235/65ZR17|255/35R21|255/40R20|255/40ZR21|255/45R19|255/45R20|255/45ZR20|255/50R19,5x112,17|18|19|20|21
997a48a2-02a0-40fc-85cd-c5107c60546a,2022,Audi,q5,"Premium, Premium Plus, Prestige, SQ5, SQ5 Sportback",1,0,0,B,no wheel inventory for bolt/diameter,missing_inventory_wheels,235/55R19|235/60R18|235/65R17|235/65ZR17|255/35R21|255/40R20|255/40ZR21|255/45R19|255/45R20|255/45ZR20|255/50R19,5x112,17|18|19|20|21
b27b4af4-b175-47d3-884c-6d5dacc50f49,2023,Audi,q5,Prestige,1,0,0,B,no wheel inventory for bolt/diameter,missing_inventory_wheels,235/55R19|235/60R18|235/65R17|235/65ZR17|255/35R21|255/40R20|255/40ZR21|255/45R19|255/45R20|255/45ZR20|255/50R19,5x112,17|18|19|20|21
83e9ce71-b874-44d5-908c-44ae355d41f1,2023,Audi,q5,"Premium, Premium Plus, Prestige, SQ5, SQ5 Sportback",1,0,0,B,no wheel inventory for bolt/diameter,missing_inventory_wheels,235/55R19|235/60R18|235/65R17|235/65ZR17|255/35R21|255/40R20|255/40ZR21|255/45R19|255/45R20|255/45ZR20|255/50R19,5x112,17|18|19|20|21
09aa0ad4-319c-49ac-82a1-86a0c333aa23,2023,Audi,q5,Premium Plus,1,0,0,B,no wheel inventory for bolt/diameter,missing_inventory_wheels,235/55R19|235/60R18|235/65R17|235/65ZR17|255/35R21|255/40R20|255/40ZR21|255/45R19|255/45R20|255/45ZR20|255/50R19,5x112,17|18|19|20|21
687c893d-e456-4a10-853e-7bd016b2e9d1,2023,Audi,q5,SQ5,1,0,0,B,no wheel inventory for bolt/diameter,missing_inventory_wheels,235/55R19|235/60R18|235/65R17|235/65ZR17|255/35R21|255/40R20|255/40ZR21|255/45R19|255/45R20|255/45ZR20|255/50R19,5x112,17|18|19|20|21
0bcb7d8f-1f3f-4cbe-9b94-74e444782f33,2023,Audi,q5,SQ5 Sportback,1,0,0,B,no wheel inventory for bolt/diameter,missing_inventory_wheels,235/55R19|235/60R18|235/65R17|235/65ZR17|255/35R21|255/40R20|255/40ZR21|255/45R19|255/45R20|255/45ZR20|255/50R19,5x112,17|18|19|20|21
fd2b7661-aa14-4220-bbd8-4a88a036ba8a,2023,Audi,q5,Premium,1,0,0,B,no wheel inventory for bolt/diameter,missing_inventory_wheels,235/55R19|235/60R18|235/65R17|235/65ZR17|255/35R21|255/40R20|255/40ZR21|255/45R19|255/45R20|255/45ZR20|255/50R19,5x112,17|18|19|20|21
f10dd1dc-d24e-42a1-a12d-257a97ef00e5,2024,Audi,q5,Prestige,1,0,0,B,no wheel inventory for bolt/diameter,missing_inventory_wheels,235/55R19|235/60R18|235/65R17|235/65ZR17|255/35R21|255/40R20|255/40ZR21|255/45R19|255/45R20|255/45ZR20|255/50R19,5x112,17|18|19|20|21
16e1432f-ab4f-40d9-9c24-3698d29df9c7,2024,Audi,q5,SQ5,1,0,0,B,no wheel inventory for bolt/diameter,missing_inventory_wheels,235/55R19|235/60R18|235/65R17|235/65ZR17|255/35R21|255/40R20|255/40ZR21|255/45R19|255/45R20|255/45ZR20|255/50R19,5x112,17|18|19|20|21
1c5d2707-acfd-4841-a50c-67938f2a4a87,2024,Audi,q5,SQ5 Sportback,1,0,0,B,no wheel inventory for bolt/diameter,missing_inventory_wheels,235/55R19|235/60R18|235/65R17|235/65ZR17|255/35R21|255/40R20|255/40ZR21|255/45R19|255/45R20|255/45ZR20|255/50R19,5x112,17|18|19|20|21
5debca08-bede-46bd-86d6-afb8d77fa280,2024,Audi,q5,Premium,1,0,0,B,no wheel inventory for bolt/diameter,missing_inventory_wheels,235/55R19|235/60R18|235/65R17|235/65ZR17|255/35R21|255/40R20|255/40ZR21|255/45R19|255/45R20|255/45ZR20|255/50R19,5x112,17|18|19|20|21
ecfcf1dd-5027-4896-8858-1915e8c9e9fb,2024,Audi,q5,Premium Plus,1,0,0,B,no wheel inventory for bolt/diameter,missing_inventory_wheels,235/55R19|235/60R18|235/65R17|235/65ZR17|255/35R21|255/40R20|255/40ZR21|255/45R19|255/45R20|255/45ZR20|255/50R19,5x112,17|18|19|20|21
4f27c8fb-32f4-4afd-94ec-ed22ee33c778,2024,Audi,q5,"Premium, Premium Plus, Prestige, SQ5, SQ5 Sportback",1,0,0,B,no wheel inventory for bolt/diameter,missing_inventory_wheels,235/55R19|235/60R18|235/65R17|235/65ZR17|255/35R21|255/40R20|255/40ZR21|255/45R19|255/45R20|255/45ZR20|255/50R19,5x112,17|18|19|20|21
9a51a8d6-d1d5-44a5-a374-43b6a4425af4,2025,Audi,q5,"Premium, Premium Plus, Prestige, SQ5, SQ5 Sportback",1,0,0,B,no wheel inventory for bolt/diameter,missing_inventory_wheels,215/70R17|235/55R19|235/55ZR19|235/60R18|235/60ZR18|255/35R21|255/40R20|255/40ZR21|255/45R19|255/45R20|255/45ZR20,5x112,17|18|19|20|21
82a27a83-e717-48c3-ac01-438da845f7ee,2025,Audi,q5,SQ5 Sportback,1,0,0,B,no wheel inventory for bolt/diameter,missing_inventory_wheels,215/70R17|235/55R19|235/55ZR19|235/60R18|235/60ZR18|255/35R21|255/40R20|255/40ZR21|255/45R19|255/45R20|255/45ZR20,5x112,17|18|19|20|21
e6ffc3d9-d006-44d2-b149-b64e7170a74a,2025,Audi,q5,Premium,1,0,0,B,no wheel inventory for bolt/diameter,missing_inventory_wheels,215/70R17|235/55R19|235/55ZR19|235/60R18|235/60ZR18|255/35R21|255/40R20|255/40ZR21|255/45R19|255/45R20|255/45ZR20,5x112,17|18|19|20|21
d912afda-4fba-4caf-8e1a-6b2d8ffb2ea9,2025,Audi,q5,Prestige,1,0,0,B,no wheel inventory for bolt/diameter,missing_inventory_wheels,215/70R17|235/55R19|235/55ZR19|235/60R18|235/60ZR18|255/35R21|255/40R20|255/40ZR21|255/45R19|255/45R20|255/45ZR20,5x112,17|18|19|20|21
aa325acf-8976-4727-82a7-5314e26c2c04,2025,Audi,q5,Premium Plus,1,0,0,B,no wheel inventory for bolt/diameter,missing_inventory_wheels,215/70R17|235/55R19|235/55ZR19|235/60R18|235/60ZR18|255/35R21|255/40R20|255/40ZR21|255/45R19|255/45R20|255/45ZR20,5x112,17|18|19|20|21
5daca52e-4e26-427d-8625-79573387a1f3,2025,Audi,q5,SQ5,1,0,0,B,no wheel inventory for bolt/diameter,missing_inventory_wheels,215/70R17|235/55R19|235/55ZR19|235/60R18|235/60ZR18|255/35R21|255/40R20|255/40ZR21|255/45R19|255/45R20|255/45ZR20,5x112,17|18|19|20|21
5bd0ecf6-429a-4589-ac1c-f54c386e2752,2026,Audi,q5,"Premium, Premium Plus, Prestige, SQ5, SQ5 Sportback",1,0,0,B,no wheel inventory for bolt/diameter,missing_inventory_wheels,235/60R18|255/35R21|255/40R20|255/45R19|255/45R20,5x112,18|19|20|21
f79d6ea7-e914-4f38-bc63-8b75d2b5d538,2026,Audi,q5,Premium,1,0,0,B,no wheel inventory for bolt/diameter,missing_inventory_wheels,235/60R18|255/35R21|255/40R20|255/45R19|255/45R20,5x112,18|19|20|21
5675bbb8-b551-4217-a551-f7a69cb48708,2026,Audi,q5,SQ5,1,0,0,B,no wheel inventory for bolt/diameter,missing_inventory_wheels,235/60R18|255/35R21|255/40R20|255/45R19|255/45R20,5x112,18|19|20|21
99cd0e26-6923-4791-bd57-b22cb71a1942,2026,Audi,q5,Premium Plus,1,0,0,B,no wheel inventory for bolt/diameter,missing_inventory_wheels,235/60R18|255/35R21|255/40R20|255/45R19|255/45R20,5x112,18|19|20|21
78064451-0ccb-4245-90e5-31be5f53f9a7,2026,Audi,q5,Prestige,1,0,0,B,no wheel inventory for bolt/diameter,missing_inventory_wheels,235/60R18|255/35R21|255/40R20|255/45R19|255/45R20,5x112,18|19|20|21
6a3918a6-cb5d-4072-a22c-b171a89f843f,2026,Audi,q5,SQ5 Sportback,1,0,0,B,no wheel inventory for bolt/diameter,missing_inventory_wheels,235/60R18|255/35R21|255/40R20|255/45R19|255/45R20,5x112,18|19|20|21
d38ee06e-fe74-4deb-9c50-305faf76669a,2017,Audi,rs3,Base,1,0,0,B,no wheel inventory for bolt/diameter,missing_inventory_wheels,235/40R18|255/25R20|255/30R19,5x112,18|19|20
fd3bae74-9b64-4cd5-b7bf-8957b0fe424e,2022,Audi,rs3,Base,1,0,0,B,no wheel inventory for bolt/diameter,missing_inventory_wheels,235/40R18|255/25R20|255/30R19,5x112,18|19|20
0bbaa857-664a-439e-a255-7ba0df73d3dd,2023,Audi,rs3,Base,1,0,0,B,no wheel inventory for bolt/diameter,missing_inventory_wheels,235/40R18|255/25R20|255/30R19,5x112,18|19|20
7d7eb6c5-8bb9-400b-96cd-49fa4e098f01,2024,Audi,rs3,Base,1,0,0,B,no wheel inventory for bolt/diameter,missing_inventory_wheels,235/40R18|255/25R20|255/30R19,5x112,18|19|20
cbec49dd-4664-489b-9bc3-5c936d1798e7,2025,Audi,rs3,Base,1,0,0,B,no wheel inventory for bolt/diameter,missing_inventory_wheels,235/40R18|255/25R20|255/30R19,5x112,18|19|20
708d0476-66be-4571-80c4-8653a99cb75f,2026,Audi,rs3,Base,1,0,0,B,no wheel inventory for bolt/diameter,missing_inventory_wheels,235/40R18|255/25R20|255/30R19,5x112,18|19|20
fdf1b9ad-3af4-4233-8a76-81efa6509aa2,2019,Audi,s4,Base,1,0,0,B,no wheel inventory for bolt/diameter,missing_inventory_wheels,245/35R19|245/40R18|255/35R19|265/30R20,5x112,18|19|20
fe80118c-01e5-4740-9e21-2e07adff342c,2020,Audi,s4,Base,1,0,0,B,no wheel inventory for bolt/diameter,missing_inventory_wheels,245/40R18|255/35R19|265/30R20,5x112,18|19|20
1d55c0f2-e9d6-4e63-8fbb-0daa91aaaea4,2021,Audi,s4,Base,1,0,0,B,no wheel inventory for bolt/diameter,missing_inventory_wheels,245/40R18|255/35R19|265/30R20,5x112,18|19|20
9b4b6e9f-b38d-4db7-a8b9-78a665e3d937,2022,Audi,s4,Base,1,0,0,B,no wheel inventory for bolt/diameter,missing_inventory_wheels,245/40R18|255/35R19|265/30R20,5x112,18|19|20
1ec81593-391c-4fb1-b338-72b9b562eb0e,2023,Audi,s4,Base,1,0,0,B,no wheel inventory for bolt/diameter,missing_inventory_wheels,245/40R18|255/35R19|265/30R20,5x112,18|19|20
21fac18d-e064-4ded-ba93-defb0904445c,2024,Audi,s4,Base,1,0,0,B,no wheel inventory for bolt/diameter,missing_inventory_wheels,245/40R18|255/35R19|265/30R20,5x112,18|19|20
28b4af3d-d961-44a5-9b9e-039669696aac,2025,Audi,s4,Base,1,0,0,B,no wheel inventory for bolt/diameter,missing_inventory_wheels,245/40R18|255/35R19|265/30R20,5x112,18|19|20
33d31bc6-6417-4506-9516-a915920dc938,2026,Audi,s4,Base,1,0,0,B,no wheel inventory for bolt/diameter,missing_inventory_wheels,245/40R18|255/35R19|265/30R20,5x112,18|19|20
f3298d98-aeec-46a0-8aef-5eb97736e0f9,2008,Audi,tt-s,Base,1,0,0,B,no wheel inventory for bolt/diameter,missing_inventory_wheels,245/40R18|255/30R20|255/35R19,5x112,18|19|20
856aa745-d9a7-4c19-9881-7ba3abc95ba8,2009,Audi,tt-s,Base,1,0,0,B,no wheel inventory for bolt/diameter,missing_inventory_wheels,245/40R18|255/30R20|255/35R19,5x112,18|19|20
42f5b62b-f2bc-4d52-9d74-a414487a5030,2010,Audi,tt-s,Base,1,0,0,B,no wheel inventory for bolt/diameter,missing_inventory_wheels,245/40R18|255/30R20|255/35R19,5x112,18|19|20
218ca166-87a6-4a94-a962-6786a3b9ab85,2011,Audi,tt-s,Base,1,0,0,B,no wheel inventory for bolt/diameter,missing_inventory_wheels,245/40R18|255/30R20|255/35R19,5x112,18|19|20
a8e797ef-f553-4bef-b346-09346c0f6397,2012,Audi,tt-s,Base,1,0,0,B,no wheel inventory for bolt/diameter,missing_inventory_wheels,245/40R18|255/30R20|255/35R19,5x112,18|19|20
d15a256c-aaf8-4405-b864-3172d7769e38,2013,Audi,tt-s,Base,1,0,0,B,no wheel inventory for bolt/diameter,missing_inventory_wheels,245/40R18|255/30R20|255/35R19,5x112,18|19|20
35f94b1c-a45f-450e-9dec-431e8ed3265e,2014,Audi,tt-s,Base,1,0,0,B,no wheel inventory for bolt/diameter,missing_inventory_wheels,245/40R18|255/30R20|255/35R19,5x112,18|19|20
324d6250-7275-4387-9c2a-6c3d6d94cc67,2015,Audi,tt-s,Base,1,0,0,B,no wheel inventory for bolt/diameter,missing_inventory_wheels,245/40R18|255/30R20|255/35R19,5x112,18|19|20
40c01601-e7f7-4b83-984f-87fafd988f8f,2016,Audi,tt-s,Base,1,0,0,B,no wheel inventory for bolt/diameter,missing_inventory_wheels,245/40R18|255/30R20|255/35R19,5x112,18|19|20
67872e77-9b86-4ba5-80fa-d6f2f1f47bc0,2017,Audi,tt-s,Base,1,0,0,B,no wheel inventory for bolt/diameter,missing_inventory_wheels,245/40R18|255/30R20|255/35R19,5x112,18|19|20
7c30a808-33be-4bfd-b9b1-80037fd11dcf,2019,Audi,tt-s,Base,1,0,0,B,no wheel inventory for bolt/diameter,missing_inventory_wheels,245/40R18|255/30R20|255/35R19,5x112,18|19|20
ce2e2453-4e41-43a3-b8bf-98d0f1f27d29,2020,Audi,tt-s,Base,1,0,0,B,no wheel inventory for bolt/diameter,missing_inventory_wheels,245/40R18|255/30R20|255/35R19,5x112,18|19|20
dfeea7be-f2b7-4929-a2a4-ffc9d9c7ef74,2021,Audi,tt-s,Base,1,0,0,B,no wheel inventory for bolt/diameter,missing_inventory_wheels,245/40R18|255/30R20|255/35R19,5x112,18|19|20
19da3375-254b-40de-96fe-87ca17ee2eed,2022,Audi,tt-s,Base,1,0,0,B,no wheel inventory for bolt/diameter,missing_inventory_wheels,245/40R18|255/30R20|255/35R19,5x112,18|19|20
4f7e8490-7641-4969-8d55-05499bcac3c7,2023,Audi,tt-s,Base,1,0,0,B,no wheel inventory for bolt/diameter,missing_inventory_wheels,245/40R18|255/30R20|255/35R19,5x112,18|19|20
36b4321d-a14c-4085-a838-6ecb3f3d3dea,2020,BMW,2 Series,Base,1,0,0,B,no wheel inventory for bolt/diameter,missing_inventory_wheels,225/40R18|225/45R17|245/35R19,5x120,17|18|19
47070467-9fd8-418b-8a0d-b3d81d9902aa,2021,BMW,2 Series,Base,1,0,0,B,no wheel inventory for bolt/diameter,missing_inventory_wheels,225/40R18|225/45R17|245/35R19,5x120,17|18|19
8cb366f8-07e8-4019-8777-a09d3724cab1,2022,BMW,2 Series,Base,1,0,0,B,no wheel inventory for bolt/diameter,missing_inventory_wheels,225/40R18|225/45R17|245/35R19,5x120,17|18|19
05ff5867-4604-455c-8950-bbad4ceffd4f,2023,BMW,2 Series,Base,1,0,0,B,no wheel inventory for bolt/diameter,missing_inventory_wheels,225/40R18|225/45R17|245/35R19,5x120,17|18|19
cbf7a0e5-1e5e-4949-aea0-081bb57cb55b,2024,BMW,2 Series,Base,1,0,0,B,no wheel inventory for bolt/diameter,missing_inventory_wheels,225/40R18|225/45R17|245/35R19,5x120,17|18|19
1aa381b3-45b8-42b6-b436-0005436e8296,2025,BMW,2 Series,Base,1,0,0,B,no wheel inventory for bolt/diameter,missing_inventory_wheels,225/40R18|225/45R17|245/35R19,5x120,17|18|19
bc5216ad-2366-4afe-a7d4-7e9c1aa06dea,1982,BMW,3 Series,Base,1,0,0,B,no wheel inventory for bolt/diameter,missing_inventory_wheels,195/65R14|205/55R15,5x120,14|15
fbb41a3a-de78-4a1b-b463-1802af49d31d,1983,BMW,3 Series,Base,1,0,0,B,no wheel inventory for bolt/diameter,missing_inventory_wheels,195/65R14|205/55R15,5x120,14|15
b8f687cf-635a-44ca-a2f9-426a4ec7c352,1984,BMW,3 Series,Base,1,0,0,B,no wheel inventory for bolt/diameter,missing_inventory_wheels,195/65R14|205/55R15,5x120,14|15
2db5d548-0581-42ab-a1ab-0e2676da6b53,1985,BMW,3 Series,Base,1,0,0,B,no wheel inventory for bolt/diameter,missing_inventory_wheels,195/65R14|205/55R15,5x120,14|15
eedb2ef4-94d0-4897-9499-faa5dc6c95d1,1986,BMW,3 Series,Base,1,0,0,B,no wheel inventory for bolt/diameter,missing_inventory_wheels,195/65R14|205/55R15,5x120,14|15
d0460130-d5d2-4472-941b-03c01576d421,1987,BMW,3 Series,Base,1,0,0,B,no wheel inventory for bolt/diameter,missing_inventory_wheels,195/65R14|205/55R15,5x120,14|15
8711a65e-c133-4853-9ff9-a5e3707ccbc4,1988,BMW,3 Series,Base,1,0,0,B,no wheel inventory for bolt/diameter,missing_inventory_wheels,195/65R14|205/55R15,5x120,14|15
d7d24d6e-0035-4b59-ab21-6d3a599c8e81,1989,BMW,3 Series,Base,1,0,0,B,no wheel inventory for bolt/diameter,missing_inventory_wheels,195/65R14|205/55R15,5x120,14|15
64b43de9-2511-45c0-85f2-addec46c6dff,1990,BMW,3 Series,Base,1,0,0,B,no wheel inventory for bolt/diameter,missing_inventory_wheels,195/65R14|205/55R15,5x120,14|15
f20f1b78-be2a-474c-bbf6-c88d6958af50,1991,BMW,3 Series,Base,1,0,0,B,no wheel inventory for bolt/diameter,missing_inventory_wheels,195/65R15|205/55R16|205/60R15|225/50R16|235/45R17,5x120,15|16|17
5507c331-b4b3-4659-b086-bf53f88e6004,1992,BMW,3 Series,Base,1,0,0,B,no wheel inventory for bolt/diameter,missing_inventory_wheels,195/65R15|205/55R16|205/60R15|225/50R16|235/45R17,5x120,15|16|17
fc8f786e-3c46-40ef-a15a-b66a32295a09,1993,BMW,3 Series,Base,1,0,0,B,no wheel inventory for bolt/diameter,missing_inventory_wheels,195/65R15|205/55R16|205/60R15|225/50R16|235/45R17,5x120,15|16|17
9e664547-ca53-438e-9e82-844e5f963aa5,1994,BMW,3 Series,Base,1,0,0,B,no wheel inventory for bolt/diameter,missing_inventory_wheels,195/65R15|205/55R16|205/60R15|225/50R16|235/45R17,5x120,15|16|17
48ac0e66-0185-4fb3-86d2-64c97afaef91,1995,BMW,3 Series,Base,1,0,0,B,no wheel inventory for bolt/diameter,missing_inventory_wheels,195/65R15|205/55R16|205/60R15|225/50R16|235/45R17,5x120,15|16|17
eb76f8d0-be68-4da7-99e2-067a1fdd434d,1996,BMW,3 Series,Base,1,0,0,B,no wheel inventory for bolt/diameter,missing_inventory_wheels,195/65R15|205/55R16|205/60R15|225/50R16|235/45R17,5x120,15|16|17
08e0bc67-eb7b-4956-b7b9-ff5ac2170073,1997,BMW,3 Series,330i xDrive,1,0,0,B,no wheel inventory for bolt/diameter,missing_inventory_wheels,185/65R15|205/55R16|205/60R15|225/45R17,5x120,15|16|17
62e0da23-c31e-4924-a6fd-2096398e626a,1997,BMW,3 Series,Base,1,0,0,B,no wheel inventory for bolt/diameter,missing_inventory_wheels,185/65R15|205/55R16|205/60R15|225/45R17,5x120,15|16|17
1d297745-6137-427f-a1ca-8757699888cc,1997,BMW,3 Series,330i xDrive,1,0,0,B,no wheel inventory for bolt/diameter,missing_inventory_wheels,185/65R15|205/55R16|205/60R15|225/45R17,5x120,15|16|17
3871d276-c854-43f7-9f10-10226876e057,1997,BMW,3 Series,Base,1,0,0,B,no wheel inventory for bolt/diameter,missing_inventory_wheels,195/65R15|205/55R16|205/60R15|225/50R16|235/45R17,5x120,15|16|17
f6cd44fb-b11d-4720-ab44-b06b47120c44,1998,BMW,3 Series,Base,1,0,0,B,no wheel inventory for bolt/diameter,missing_inventory_wheels,195/65R15|205/55R16|205/60R15|225/50R16|235/45R17,5x120,15|16|17
41ad3c40-f665-47b3-849a-45f6e7ad1754,1998,BMW,3 Series,Base,1,0,0,B,no wheel inventory for bolt/diameter,missing_inventory_wheels,185/65R15|205/55R16|205/60R15|225/45R17,5x120,15|16|17
816b5cf9-77fa-4c95-b5a9-56c614dbb9ca,1999,BMW,3 Series,Base,1,0,0,B,no wheel inventory for bolt/diameter,missing_inventory_wheels,185/65R15|205/55R16|205/60R15|225/45R17,5x120,15|16|17
55480a95-79ed-4766-96a1-b28b3105410c,1999,BMW,3 Series,330i xDrive,1,0,0,B,no wheel inventory for bolt/diameter,missing_inventory_wheels,185/65R15|205/55R16|205/60R15|225/45R17,5x120,15|16|17
ada6ed15-b1c3-4434-90c6-3dae64773325,2012,BMW,3 Series,320i xDrive,1,0,0,B,no wheel inventory for bolt/diameter,missing_inventory_wheels,225/40R19|225/45R18|225/50R17|255/35R19|255/40R18,5x120,17|18|19|20
3d96e97e-a163-4a3c-8097-a1b5fbd7e245,2012,BMW,3 Series,340i xDrive,1,0,0,B,no wheel inventory for bolt/diameter,missing_inventory_wheels,225/40R19|225/45R18|225/50R17|255/35R19|255/40R18,5x120,17|18|19|20
934e6d27-42dc-4f35-9d40-9b81d3fb168a,2012,BMW,3 Series,Base,1,0,0,B,no wheel inventory for bolt/diameter,missing_inventory_wheels,225/35R20|225/40R19|225/45R17|225/45R18|225/50R17|255/30R20|255/35R19|255/40R18,5x120,17|18|19|20
280327fb-1b20-4ca4-8e65-536c1395298c,2012,BMW,3 Series,328i xDrive,1,0,0,B,no wheel inventory for bolt/diameter,missing_inventory_wheels,225/40R19|225/45R18|225/50R17|255/35R19|255/40R18,5x120,17|18|19|20
74551ca6-8659-43c9-80ff-dd8db8afac89,2013,BMW,3 Series,330i xDrive,1,0,0,B,no wheel inventory for bolt/diameter,missing_inventory_wheels,225/40R19|225/45R18|225/50R17|255/35R19|255/40R18,5x120,17|18|19|20
6c9d7e7c-cb2f-47d5-be69-1c2dac2348e4,2013,BMW,3 Series,Base,1,0,0,B,no wheel inventory for bolt/diameter,missing_inventory_wheels,225/35R20|225/40R19|225/45R17|225/45R18|225/50R17|255/30R20|255/35R19|255/40R18,5x120,17|18|19|20
3cf3426c-7973-4e40-a4f2-61d2bb2d802e,2013,BMW,3 Series,340i xDrive,1,0,0,B,no wheel inventory for bolt/diameter,missing_inventory_wheels,225/40R19|225/45R18|225/50R17|255/35R19|255/40R18,5x120,17|18|19|20
3e783984-3473-4946-ba3d-ec3d1ba942e8,2013,BMW,3 Series,328i xDrive,1,0,0,B,no wheel inventory for bolt/diameter,missing_inventory_wheels,225/40R19|225/45R18|225/50R17|255/35R19|255/40R18,5x120,17|18|19|20
684c52fc-5580-4ba1-8d73-fa67a39f3279,2013,BMW,3 Series,320i xDrive,1,0,0,B,no wheel inventory for bolt/diameter,missing_inventory_wheels,225/40R19|225/45R18|225/50R17|255/35R19|255/40R18,5x120,17|18|19|20
75e971d8-770e-4f7a-983f-4435142fbb7f,2014,BMW,3 Series,340i xDrive,1,0,0,B,no wheel inventory for bolt/diameter,missing_inventory_wheels,225/40R19|225/45R18|225/50R17|255/35R19|255/40R18,5x120,17|18|19|20
289b91ca-c556-429b-b79b-de3401b10b73,2014,BMW,3 Series,Base,1,0,0,B,no wheel inventory for bolt/diameter,missing_inventory_wheels,225/35R20|225/40R19|225/45R17|225/45R18|225/50R17|255/30R20|255/35R19|255/40R18,5x120,17|18|19|20
e77cbac0-2b64-412c-af87-a58ae205b283,2014,BMW,3 Series,330i xDrive,1,0,0,B,no wheel inventory for bolt/diameter,missing_inventory_wheels,225/40R19|225/45R18|225/50R17|255/35R19|255/40R18,5x120,17|18|19|20
09a803c0-8a4a-48ae-9889-bae352170435,2014,BMW,3 Series,328i xDrive,1,0,0,B,no wheel inventory for bolt/diameter,missing_inventory_wheels,225/40R19|225/45R18|225/50R17|255/35R19|255/40R18,5x120,17|18|19|20
af14b238-bc46-43ca-838e-22509ee728c7,2014,BMW,3 Series,320i xDrive,1,0,0,B,no wheel inventory for bolt/diameter,missing_inventory_wheels,225/40R19|225/45R18|225/50R17|255/35R19|255/40R18,5x120,17|18|19|20
905f0b5b-88ce-4f29-b923-5bdb21264555,2015,BMW,3 Series,340i xDrive,1,0,0,B,no wheel inventory for bolt/diameter,missing_inventory_wheels,225/40R19|225/45R18|225/50R17|255/35R19|255/40R18,5x120,17|18|19|20
9f5de1f3-f074-4907-87d6-95764c453ed9,2015,BMW,3 Series,Base,1,0,0,B,no wheel inventory for bolt/diameter,missing_inventory_wheels,225/35R20|225/40R19|225/45R17|225/45R18|225/50R17|255/30R20|255/35R19|255/40R18,5x120,17|18|19|20
da5d80d4-1c7f-4ca6-9c72-19cc2bce83e6,2015,BMW,3 Series,330i xDrive,1,0,0,B,no wheel inventory for bolt/diameter,missing_inventory_wheels,225/40R19|225/45R18|225/50R17|255/35R19|255/40R18,5x120,17|18|19|20
5c45ea5c-2538-4950-8f10-3a8e1f6b9827,2015,BMW,3 Series,328i xDrive,1,0,0,B,no wheel inventory for bolt/diameter,missing_inventory_wheels,225/40R19|225/45R18|225/50R17|255/35R19|255/40R18,5x120,17|18|19|20
6666b71c-da03-4788-8757-fe9cdd4cba9d,2015,BMW,3 Series,320i xDrive,1,0,0,B,no wheel inventory for bolt/diameter,missing_inventory_wheels,225/40R19|225/45R18|225/50R17|255/35R19|255/40R18,5x120,17|18|19|20
b59393e5-179a-4453-a11a-98920d757f64,2016,BMW,3 Series,340i xDrive,1,0,0,B,no wheel inventory for bolt/diameter,missing_inventory_wheels,225/40R19|225/45R18|225/50R17|255/35R19|255/40R18,5x120,17|18|19|20
d7b94abb-6b48-4643-b86c-9e776655b6f3,2016,BMW,3 Series,330i xDrive,1,0,0,B,no wheel inventory for bolt/diameter,missing_inventory_wheels,225/40R19|225/45R18|225/50R17|255/35R19|255/40R18,5x120,17|18|19|20
519e6b2e-a70e-40d8-881f-c3e0d04771bd,2016,BMW,3 Series,320i xDrive,1,0,0,B,no wheel inventory for bolt/diameter,missing_inventory_wheels,225/40R19|225/45R18|225/50R17|255/35R19|255/40R18,5x120,17|18|19|20
5940db68-067e-4b0f-9dc4-775bdbf795a8,2016,BMW,3 Series,Base,1,0,0,B,no wheel inventory for bolt/diameter,missing_inventory_wheels,225/35R20|225/40R19|225/45R17|225/45R18|225/50R17|255/30R20|255/35R19|255/40R18,5x120,17|18|19|20
7f890a5e-dca2-432b-bc78-e1617bbf6cce,2016,BMW,3 Series,328i xDrive,1,0,0,B,no wheel inventory for bolt/diameter,missing_inventory_wheels,225/40R19|225/45R18|225/50R17|255/35R19|255/40R18,5x120,17|18|19|20
df628010-f5f4-4023-829f-c40458bbcdc7,2017,BMW,3 Series,Base,1,0,0,B,no wheel inventory for bolt/diameter,missing_inventory_wheels,225/35R20|225/40R19|225/45R17|225/45R18|225/50R17|255/30R20|255/35R19|255/40R18,5x120,17|18|19|20
9af1c810-8a3c-4f0e-86db-1bddab2cd84c,2017,BMW,3 Series,328i xDrive,1,0,0,B,no wheel inventory for bolt/diameter,missing_inventory_wheels,225/40R19|225/45R18|225/50R17|255/35R19|255/40R18,5x120,17|18|19|20
9447210e-b74f-4faa-ae7b-8c800794a5f3,2017,BMW,3 Series,320i xDrive,1,0,0,B,no wheel inventory for bolt/diameter,missing_inventory_wheels,225/40R19|225/45R18|225/50R17|255/35R19|255/40R18,5x120,17|18|19|20
7c7bae66-03df-4d73-a2ff-67f2014d1748,2017,BMW,3 Series,330i xDrive,1,0,0,B,no wheel inventory for bolt/diameter,missing_inventory_wheels,225/40R19|225/45R18|225/50R17|255/35R19|255/40R18,5x120,17|18|19|20
d826f497-dc63-42d9-84c4-57258f38deee,2017,BMW,3 Series,340i xDrive,1,0,0,B,no wheel inventory for bolt/diameter,missing_inventory_wheels,225/35ZR20|225/40ZR19|225/45R18|225/45ZR18|225/50R17|225/50ZR17|255/30ZR20|255/35ZR19|255/40ZR18,5x120,17|18|19|20
8c759874-b638-4585-8d58-8887b4f5a6cf,2021,BMW,3 Series,330i xDrive,1,0,0,B,no wheel inventory for bolt/diameter,missing_inventory_wheels,225/40R19|225/45R18|255/35R19|255/40R18|275/30R20|275/35R19|285/30R20,5x112,18|19|20
35e33c95-6e9a-4b4f-bec8-533aa8c5bde4,2021,BMW,3 Series,330e,1,0,0,B,no wheel inventory for bolt/diameter,missing_inventory_wheels,225/40R19|225/45R18|255/35R19|255/40R18|275/30R20|275/35R19|285/30R20,5x112,18|19|20
e6835edb-bfc6-4758-9eb3-5cb9195502eb,2021,BMW,3 Series,M3,1,0,0,B,no wheel inventory for bolt/diameter,missing_inventory_wheels,225/40R19|225/45R18|255/35R19|255/40R18|275/30R20|275/35R19|285/30R20,5x112,18|19|20
7a7e6db5-3b92-43bc-8bb6-1627a1bd138c,2021,BMW,3 Series,M3 Competition,1,0,0,B,no wheel inventory for bolt/diameter,missing_inventory_wheels,225/40R19|225/45R18|255/35R19|255/40R18|275/30R20|275/35R19|285/30R20,5x112,18|19|20
77ea3a22-acb8-4447-b1f7-0d61f7c1c30a,2021,BMW,3 Series,M3 Competition xDrive,1,0,0,B,no wheel inventory for bolt/diameter,missing_inventory_wheels,225/40R19|225/45R18|255/35R19|255/40R18|275/30R20|275/35R19|285/30R20,5x112,18|19|20
32173725-30d9-4d99-83cd-ac920a05eb70,2021,BMW,3 Series,M340i,1,0,0,B,no wheel inventory for bolt/diameter,missing_inventory_wheels,225/40R19|225/45R18|255/35R19|255/40R18|275/30R20|275/35R19|285/30R20,5x112,18|19|20
9d486460-a823-4f26-abcb-5eb3e582fd9e,2021,BMW,3 Series,M340i xDrive,1,0,0,B,no wheel inventory for bolt/diameter,missing_inventory_wheels,225/40R19|225/45R18|255/35R19|255/40R18|275/30R20|275/35R19|285/30R20,5x112,18|19|20
72baa1f4-f6d5-4d10-b203-fbab6ca2e6c5,2022,BMW,3 Series,M340i xDrive,1,0,0,B,no wheel inventory for bolt/diameter,missing_inventory_wheels,225/40R19|225/45R18|255/35R19|255/40R18|275/30R20|275/35R19|285/30R20,5x112,18|19|20
3ff71e49-2b8b-462e-b65e-cfe41030de21,2022,BMW,3 Series,M340i,1,0,0,B,no wheel inventory for bolt/diameter,missing_inventory_wheels,225/40R19|225/45R18|255/35R19|255/40R18|275/30R20|275/35R19|285/30R20,5x112,18|19|20
a64ac11a-7f06-41a4-a563-ca2840d9f597,2022,BMW,3 Series,330e,1,0,0,B,no wheel inventory for bolt/diameter,missing_inventory_wheels,225/40R19|225/45R18|255/35R19|255/40R18|275/30R20|275/35R19|285/30R20,5x112,18|19|20
8ae09aba-c662-4de1-8ab6-b6d46db05325,2022,BMW,3 Series,M3,1,0,0,B,no wheel inventory for bolt/diameter,missing_inventory_wheels,225/40R19|225/45R18|255/35R19|255/40R18|275/30R20|275/35R19|285/30R20,5x112,18|19|20
26f81ea9-a49d-4c92-854f-4a1023cb804b,2022,BMW,3 Series,330i xDrive,1,0,0,B,no wheel inventory for bolt/diameter,missing_inventory_wheels,225/40R19|225/45R18|255/35R19|255/40R18|275/30R20|275/35R19|285/30R20,5x112,18|19|20
0dbb303b-00bc-4b2f-b7b0-9ca0bf3d724b,2022,BMW,3 Series,M3 Competition xDrive,1,0,0,B,no wheel inventory for bolt/diameter,missing_inventory_wheels,225/40R19|225/45R18|255/35R19|255/40R18|275/30R20|275/35R19|285/30R20,5x112,18|19|20
9b7dba8f-7e13-44fe-8abf-0b8f71e1fe85,2022,BMW,3 Series,M3 Competition,1,0,0,B,no wheel inventory for bolt/diameter,missing_inventory_wheels,225/40R19|225/45R18|255/35R19|255/40R18|275/30R20|275/35R19|285/30R20,5x112,18|19|20
ed06a40f-c8f4-4b20-8a9a-54793befa01f,2023,BMW,3 Series,330i xDrive,1,0,0,B,no wheel inventory for bolt/diameter,missing_inventory_wheels,225/40R19|225/45R18|255/35R19|255/40R18|275/30R20|275/35R19|285/30R20,5x112,18|19|20
536dc477-644f-446e-8935-80029c4b5901,2023,BMW,3 Series,M340i xDrive,1,0,0,B,no wheel inventory for bolt/diameter,missing_inventory_wheels,225/40R19|225/45R18|255/35R19|255/40R18|275/30R20|275/35R19|285/30R20,5x112,18|19|20
5b0623bd-b763-4995-89a2-4572000b3bd7,2023,BMW,3 Series,M340i,1,0,0,B,no wheel inventory for bolt/diameter,missing_inventory_wheels,225/40R19|225/45R18|255/35R19|255/40R18|275/30R20|275/35R19|285/30R20,5x112,18|19|20
7e30e001-5af3-4e37-a4c6-783b228a8212,2023,BMW,3 Series,M3 Competition,1,0,0,B,no wheel inventory for bolt/diameter,missing_inventory_wheels,225/40R19|225/45R18|255/35R19|255/40R18|275/30R20|275/35R19|285/30R20,5x112,18|19|20
105644d0-eaae-43f1-9eec-ac5210d46f7d,2023,BMW,3 Series,330e,1,0,0,B,no wheel inventory for bolt/diameter,missing_inventory_wheels,225/40R19|225/45R18|255/35R19|255/40R18|275/30R20|275/35R19|285/30R20,5x112,18|19|20
9d06a235-6c98-4597-a910-ea5ece046b81,2023,BMW,3 Series,M3,1,0,0,B,no wheel inventory for bolt/diameter,missing_inventory_wheels,225/40R19|225/45R18|255/35R19|255/40R18|275/30R20|275/35R19|285/30R20,5x112,18|19|20
0062f90c-f44e-4345-bbae-52977cb196b4,2023,BMW,3 Series,M3 Competition xDrive,1,0,0,B,no wheel inventory for bolt/diameter,missing_inventory_wheels,225/40R19|225/45R18|255/35R19|255/40R18|275/30R20|275/35R19|285/30R20,5x112,18|19|20
214a93fe-1ae4-4ffd-8beb-9b8f6b7817a2,2024,BMW,3 Series,M3,1,0,0,B,no wheel inventory for bolt/diameter,missing_inventory_wheels,225/40R19|225/45R18|255/35R19|255/40R18|275/30R20|275/35R19|285/30R20,5x112,18|19|20
59c44fb2-1ce7-4fdd-a66a-66f3ed3804ab,2024,BMW,3 Series,M3 Competition xDrive,1,0,0,B,no wheel inventory for bolt/diameter,missing_inventory_wheels,225/40R19|225/45R18|255/35R19|255/40R18|275/30R20|275/35R19|285/30R20,5x112,18|19|20
02cbd9b6-0d2c-44c2-988b-cb04b7a97f3a,2024,BMW,3 Series,M340i,1,0,0,B,no wheel inventory for bolt/diameter,missing_inventory_wheels,225/40R19|225/45R18|255/35R19|255/40R18|275/30R20|275/35R19|285/30R20,5x112,18|19|20
8ba210d8-7427-43f0-8968-ba2b06b11e1b,2024,BMW,3 Series,330e,1,0,0,B,no wheel inventory for bolt/diameter,missing_inventory_wheels,225/40R19|225/45R18|255/35R19|255/40R18|275/30R20|275/35R19|285/30R20,5x112,18|19|20
6f59be95-e00b-485b-a618-e6172bda115d,2024,BMW,3 Series,330i xDrive,1,0,0,B,no wheel inventory for bolt/diameter,missing_inventory_wheels,225/40R19|225/45R18|255/35R19|255/40R18|275/30R20|275/35R19|285/30R20,5x112,18|19|20
7e2dfc5c-9d04-4722-a01a-4465410b0791,2024,BMW,3 Series,M3 Competition,1,0,0,B,no wheel inventory for bolt/diameter,missing_inventory_wheels,225/40R19|225/45R18|255/35R19|255/40R18|275/30R20|275/35R19|285/30R20,5x112,18|19|20
f27627b1-ab5d-4d88-8dd3-9518eabd03e0,2024,BMW,3 Series,M340i xDrive,1,0,0,B,no wheel inventory for bolt/diameter,missing_inventory_wheels,225/40R19|225/45R18|255/35R19|255/40R18|275/30R20|275/35R19|285/30R20,5x112,18|19|20
324c4ae5-ec9b-4491-8c90-a6bb66f9e5c4,2025,BMW,3 Series,M340i,1,0,0,B,no wheel inventory for bolt/diameter,missing_inventory_wheels,225/40R19|225/45R18|255/35R19|255/40R18|275/30R20|275/35R19|285/30R20,5x112,18|19|20
af46b182-7bdf-47cc-b9a8-e82f1272afe3,2025,BMW,3 Series,M3,1,0,0,B,no wheel inventory for bolt/diameter,missing_inventory_wheels,225/40R19|225/45R18|255/35R19|255/40R18|275/30R20|275/35R19|285/30R20,5x112,18|19|20
858b46c2-c192-47e2-904f-9281a92d9d22,2025,BMW,3 Series,M3 Competition,1,0,0,B,no wheel inventory for bolt/diameter,missing_inventory_wheels,225/40R19|225/45R18|255/35R19|255/40R18|275/30R20|275/35R19|285/30R20,5x112,18|19|20
3e92b418-c022-440f-acb0-768440130fe8,2025,BMW,3 Series,330i xDrive,1,0,0,B,no wheel inventory for bolt/diameter,missing_inventory_wheels,225/40R19|225/45R18|255/35R19|255/40R18|275/30R20|275/35R19|285/30R20,5x112,18|19|20
5d293bb5-a4bc-4268-9a0c-8229c6fa61c7,2025,BMW,3 Series,M340i xDrive,1,0,0,B,no wheel inventory for bolt/diameter,missing_inventory_wheels,225/40R19|225/45R18|255/35R19|255/40R18|275/30R20|275/35R19|285/30R20,5x112,18|19|20
7b47ece4-4266-4693-b866-3a184e983a32,2025,BMW,3 Series,M3 Competition xDrive,1,0,0,B,no wheel inventory for bolt/diameter,missing_inventory_wheels,225/40R19|225/45R18|255/35R19|255/40R18|275/30R20|275/35R19|285/30R20,5x112,18|19|20
e46d5ca2-bac7-4136-a5fb-4ab0c8cc692c,2025,BMW,3 Series,330e,1,0,0,B,no wheel inventory for bolt/diameter,missing_inventory_wheels,225/40R19|225/45R18|255/35R19|255/40R18|275/30R20|275/35R19|285/30R20,5x112,18|19|20
4a710c46-1a45-4f63-b01b-d431c04c8c5d,2013,BMW,4 Series,Base,1,0,0,B,no wheel inventory for bolt/diameter,missing_inventory_wheels,225/45R18|255/35R19,5x120,17|18|19
55cc9c2b-bd1c-4356-8558-b79185817285,2014,BMW,4 Series,Base,1,0,0,B,no wheel inventory for bolt/diameter,missing_inventory_wheels,225/40R19|225/45R18|225/50R17|245/45R18|255/35R19,5x120,17|18|19
a1b7503c-0645-4268-8a8b-0469769f9170,2015,BMW,4 Series,Base,1,0,0,B,no wheel inventory for bolt/diameter,missing_inventory_wheels,225/40R19|225/45R18|225/50R17|245/45R18|255/35R19,5x120,17|18|19
7d9e7603-e71a-40d1-9038-183497c42fcb,2016,BMW,4 Series,Base,1,0,0,B,no wheel inventory for bolt/diameter,missing_inventory_wheels,225/40R19|225/45R18|225/50R17|245/45R18|255/35R19,5x120,17|18|19
49fec633-63f9-4fae-b650-09fd93ba78c2,2017,BMW,4 Series,Base,1,0,0,B,no wheel inventory for bolt/diameter,missing_inventory_wheels,225/40R19|225/45R18|225/50R17|245/45R18|255/35R19,5x120,17|18|19
a7f39cdc-72d9-46b1-b981-28303cbed64e,2019,BMW,4 Series,Base,1,0,0,B,no wheel inventory for bolt/diameter,missing_inventory_wheels,225/40R19|225/45R18|225/50R17|245/45R18|255/35R19,5x120,17|18|19
3b45a8ae-4a29-49dd-894e-4dad75c8a4ce,2020,BMW,4 Series,Base,1,0,0,B,no wheel inventory for bolt/diameter,missing_inventory_wheels,225/40R19|225/45R18|225/50R17|245/45R18|255/35R19,5x120,17|18|19
50309887-6a7e-457b-a019-9edfef7805ec,2023,BMW,4 Series,430i xDrive,1,0,0,B,no wheel inventory for bolt/diameter,missing_inventory_wheels,225/35ZR20|225/40R19|225/40ZR19|225/45R18|225/45ZR18|255/30ZR20|255/35ZR19|255/40R18|255/40ZR18,5x112,18|19|20
f8a084fd-23c5-42d1-b982-9cc888742c98,2013,BMW,4 Series Gran Coupe,Base,1,0,0,B,no wheel inventory for bolt/diameter,missing_inventory_wheels,215/55R17,5x120,17|18|19
ff462cf0-b4af-4943-8e55-ef3a79830a3d,2014,BMW,4 Series Gran Coupe,Base,1,0,0,B,no wheel inventory for bolt/diameter,missing_inventory_wheels,215/55R17,5x120,17|18|19
1b137927-121b-4f55-bf29-1b40d939ccc0,2015,BMW,4 Series Gran Coupe,Base,1,0,0,B,no wheel inventory for bolt/diameter,missing_inventory_wheels,215/55R17,5x120,17|18|19
23c87368-d6ec-4c57-89a9-b626f7cc1123,2016,BMW,4 Series Gran Coupe,Base,1,0,0,B,no wheel inventory for bolt/diameter,missing_inventory_wheels,215/55R17,5x120,17|18|19
7e8c5f16-2771-4ffd-b3b3-736fa9baf823,2017,BMW,4 Series Gran Coupe,Base,1,0,0,B,no wheel inventory for bolt/diameter,missing_inventory_wheels,215/55R17,5x120,17|18|19
61935c90-1a9f-4fd7-98dd-ad03f2420b9d,2019,BMW,4 Series Gran Coupe,Base,1,0,0,B,no wheel inventory for bolt/diameter,missing_inventory_wheels,215/55R17,5x120,17|18|19
8e151296-8401-49e3-82a5-4d497e5b80d1,2020,BMW,4 Series Gran Coupe,Base,1,0,0,B,no wheel inventory for bolt/diameter,missing_inventory_wheels,215/55R17,5x120,17|18|19
a60001d4-e4bd-4313-8e8f-52c03d4890f7,1981,BMW,5 Series,Base,1,0,0,B,no wheel inventory for bolt/diameter,missing_inventory_wheels,195/70R14|205/65R15,5x120,14|15
47978a34-590b-45aa-833a-9a9cab4c89e8,1982,BMW,5 Series,Base,1,0,0,B,no wheel inventory for bolt/diameter,missing_inventory_wheels,195/70R14|205/65R15,5x120,14|15
9213121b-3195-486b-88a7-95c0db6eb211,1982,BMW,5 Series,M5,1,0,0,B,no wheel inventory for bolt/diameter,missing_inventory_wheels,195/70R14|205/65R15,5x120,14|15
49806e7c-5d6c-4ad0-a52d-19c825577903,1983,BMW,5 Series,Base,1,0,0,B,no wheel inventory for bolt/diameter,missing_inventory_wheels,195/70R14|205/65R15,5x120,14|15
94858dde-56f5-4724-908c-7e9b52399e28,1984,BMW,5 Series,Base,1,0,0,B,no wheel inventory for bolt/diameter,missing_inventory_wheels,195/70R14|205/65R15,5x120,14|15
5a974f04-7463-4a17-9936-c8c59e5e7a02,1985,BMW,5 Series,Base,1,0,0,B,no wheel inventory for bolt/diameter,missing_inventory_wheels,195/70R14|205/65R15,5x120,14|15
7857e8b3-50ee-49a4-b0f5-c9705ad5bf77,1985,BMW,5 Series,M5,1,0,0,B,no wheel inventory for bolt/diameter,missing_inventory_wheels,195/70R14|205/65R15,5x120,14|15
c75fc895-77e8-42ed-808b-2b46607f9e8d,1986,BMW,5 Series,M5,1,0,0,B,no wheel inventory for bolt/diameter,missing_inventory_wheels,195/70R14|205/65R15,5x120,14|15
7197298c-84ca-4564-8175-269cd200d809,1986,BMW,5 Series,Base,1,0,0,B,no wheel inventory for bolt/diameter,missing_inventory_wheels,195/70R14|205/65R15,5x120,14|15
6af677a5-b3d7-4fae-89e0-31cfd6410e1d,1987,BMW,5 Series,Base,1,0,0,B,no wheel inventory for bolt/diameter,missing_inventory_wheels,195/70R14|205/65R15,5x120,14|15
c4423f0f-e45f-46fe-b570-734220e2b0ed,1990,BMW,5 Series,Base,1,0,0,B,no wheel inventory for bolt/diameter,missing_inventory_wheels,205/65R15|225/55R16|225/60R15|235/45R17,5x120,15|16|17
f5d2d80e-3c52-4d29-8ba0-a40e23a11d48,1991,BMW,5 Series,Base,1,0,0,B,no wheel inventory for bolt/diameter,missing_inventory_wheels,205/65R15|225/55R16|225/60R15|235/45R17,5x120,15|16|17
4361d191-7da7-4718-a0e4-d526d6ed0cd8,1992,BMW,5 Series,Base,1,0,0,B,no wheel inventory for bolt/diameter,missing_inventory_wheels,205/65R15|225/55R16|225/60R15|235/45R17,5x120,15|16|17
ccddfe01-b33b-4822-a2fb-f733b56b83f3,1993,BMW,5 Series,Base,1,0,0,B,no wheel inventory for bolt/diameter,missing_inventory_wheels,205/65R15|225/55R16|225/60R15|235/45R17,5x120,15|16|17
aa721e02-8c18-47eb-9dbd-251c031865bd,1994,BMW,5 Series,Base,1,0,0,B,no wheel inventory for bolt/diameter,missing_inventory_wheels,205/65R15|225/55R16|225/60R15|235/45R17,5x120,15|16|17
32932a8b-d481-49ae-af8d-1125aa6b654b,1995,BMW,5 Series,Base,1,0,0,B,no wheel inventory for bolt/diameter,missing_inventory_wheels,205/65R15|225/55R16|225/60R15|235/45R17,5x120,15|16|17
570a083d-3de2-4ff1-82f5-5ffbb05e7276,2010,BMW,5 Series,Base,1,0,0,B,no wheel inventory for bolt/diameter,missing_inventory_wheels,225/55R17|245/35R20|245/40R19|245/45R18|245/50R17|275/30R20|275/35R19|275/40R18,5x120,17|18|19|20
3c8cc7f9-f206-4511-a957-a56da8f53e4d,2011,BMW,5 Series,535i xDrive,1,0,0,B,no wheel inventory for bolt/diameter,missing_inventory_wheels,225/55R17|245/40R19|245/45R18|265/35R20|275/35R19|275/40R18|295/30R20,5x120,17|18|19|20
29fcf43c-1fc3-4b7b-a8c5-bab3d96673c9,2011,BMW,5 Series,M5,1,0,0,B,no wheel inventory for bolt/diameter,missing_inventory_wheels,225/55R17|245/40R19|245/45R18|265/35R20|275/35R19|275/40R18|295/30R20,5x120,17|18|19|20
24ed9a51-270b-44f2-91f8-dd2e597b0eec,2011,BMW,5 Series,550i xDrive,1,0,0,B,no wheel inventory for bolt/diameter,missing_inventory_wheels,225/55R17|245/40R19|245/45R18|265/35R20|275/35R19|275/40R18|295/30R20,5x120,17|18|19|20
e049e04d-ff34-4d68-a463-463193a1e646,2011,BMW,5 Series,Base,1,0,0,B,no wheel inventory for bolt/diameter,missing_inventory_wheels,225/55R17|245/35R20|245/40R19|245/45R18|245/50R17|275/30R20|275/35R19|275/40R18,5x120,17|18|19|20
bf1bb697-ac41-4541-b7ed-cf3cae2f6167,2011,BMW,5 Series,528i xDrive,1,0,0,B,no wheel inventory for bolt/diameter,missing_inventory_wheels,225/55R17|245/40R19|245/45R18|265/35R20|275/35R19|275/40R18|295/30R20,5x120,17|18|19|20
8056169a-d92a-4477-9973-01100aadcf0c,2012,BMW,5 Series,M5,1,0,0,B,no wheel inventory for bolt/diameter,missing_inventory_wheels,225/55R17|245/40R19|245/45R18|265/35R20|275/35R19|275/40R18|295/30R20,5x120,17|18|19|20
56487389-6a3e-4e0b-8321-e46aef022cd2,2012,BMW,5 Series,Base,1,0,0,B,no wheel inventory for bolt/diameter,missing_inventory_wheels,225/55R17|245/35R20|245/40R19|245/45R18|245/50R17|275/30R20|275/35R19|275/40R18,5x120,17|18|19|20
93e1459f-4633-4c21-9e9d-b2d28d277d2e,2012,BMW,5 Series,528i xDrive,1,0,0,B,no wheel inventory for bolt/diameter,missing_inventory_wheels,225/55R17|245/40R19|245/45R18|265/35R20|275/35R19|275/40R18|295/30R20,5x120,17|18|19|20
884a6dec-d68d-4ab9-8eab-d9591b8d8a80,2012,BMW,5 Series,550i xDrive,1,0,0,B,no wheel inventory for bolt/diameter,missing_inventory_wheels,225/55R17|245/40R19|245/45R18|265/35R20|275/35R19|275/40R18|295/30R20,5x120,17|18|19|20
10666381-5aac-44c2-acb3-309c6be9eaba,2012,BMW,5 Series,535i xDrive,1,0,0,B,no wheel inventory for bolt/diameter,missing_inventory_wheels,225/55R17|245/40R19|245/45R18|265/35R20|275/35R19|275/40R18|295/30R20,5x120,17|18|19|20
28446d0a-407b-4c4a-99cb-5bb89e0846bc,2013,BMW,5 Series,528i xDrive,1,0,0,B,no wheel inventory for bolt/diameter,missing_inventory_wheels,225/55R17|245/40R19|245/45R18|265/35R20|275/35R19|275/40R18|295/30R20,5x120,17|18|19|20
25fb1eb5-1a49-499f-ae78-872d2f9b8249,2013,BMW,5 Series,550i xDrive,1,0,0,B,no wheel inventory for bolt/diameter,missing_inventory_wheels,225/55R17|245/40R19|245/45R18|265/35R20|275/35R19|275/40R18|295/30R20,5x120,17|18|19|20
0082f8de-219b-46e1-9d36-1fac3ab110bb,2013,BMW,5 Series,Base,1,0,0,B,no wheel inventory for bolt/diameter,missing_inventory_wheels,225/55R17|245/35R20|245/40R19|245/45R18|245/50R17|275/30R20|275/35R19|275/40R18,5x120,17|18|19|20
a058e50b-c34d-47cc-a6b4-e7dd4273da96,2013,BMW,5 Series,M5,1,0,0,B,no wheel inventory for bolt/diameter,missing_inventory_wheels,225/55R17|245/40R19|245/45R18|265/35R20|275/35R19|275/40R18|295/30R20,5x120,17|18|19|20
9604a5e8-301c-4fe9-a17c-5729baf080e2,2013,BMW,5 Series,535i xDrive,1,0,0,B,no wheel inventory for bolt/diameter,missing_inventory_wheels,225/55R17|245/40R19|245/45R18|265/35R20|275/35R19|275/40R18|295/30R20,5x120,17|18|19|20
297761f8-d602-44fd-978d-ca6504ab1615,2014,BMW,5 Series,550i xDrive,1,0,0,B,no wheel inventory for bolt/diameter,missing_inventory_wheels,225/55R17|245/40R19|245/45R18|265/35R20|275/35R19|275/40R18|295/30R20,5x120,17|18|19|20
4eee25f4-85f2-4c86-aa24-095d56ba313e,2014,BMW,5 Series,535i xDrive,1,0,0,B,no wheel inventory for bolt/diameter,missing_inventory_wheels,225/55R17|245/40R19|245/45R18|265/35R20|275/35R19|275/40R18|295/30R20,5x120,17|18|19|20
20424639-06ed-4fa6-8373-2bbd3d165a7d,2014,BMW,5 Series,Base,1,0,0,B,no wheel inventory for bolt/diameter,missing_inventory_wheels,225/55R17|245/35R20|245/40R19|245/45R18|245/50R17|275/30R20|275/35R19|275/40R18,5x120,17|18|19|20
7c83cc67-23ee-4c75-9dbf-9a43444117d0,2014,BMW,5 Series,528i xDrive,1,0,0,B,no wheel inventory for bolt/diameter,missing_inventory_wheels,225/55R17|245/40R19|245/45R18|265/35R20|275/35R19|275/40R18|295/30R20,5x120,17|18|19|20
b75f0685-ece9-4d97-b7f4-09b44b60577c,2014,BMW,5 Series,M5,1,0,0,B,no wheel inventory for bolt/diameter,missing_inventory_wheels,225/55R17|245/40R19|245/45R18|265/35R20|275/35R19|275/40R18|295/30R20,5x120,17|18|19|20
08374e37-99f5-47ff-bf4e-7185f4bbfedc,2015,BMW,5 Series,528i xDrive,1,0,0,B,no wheel inventory for bolt/diameter,missing_inventory_wheels,225/55R17|245/40R19|245/45R18|265/35R20|275/35R19|275/40R18|295/30R20,5x120,17|18|19|20
bc6779ff-48b0-43c2-937a-0b4dcdb8b948,2015,BMW,5 Series,550i xDrive,1,0,0,B,no wheel inventory for bolt/diameter,missing_inventory_wheels,225/55R17|245/40R19|245/45R18|265/35R20|275/35R19|275/40R18|295/30R20,5x120,17|18|19|20
4e5fb5ce-cc73-494a-9617-24c793d580fb,2015,BMW,5 Series,M5,1,0,0,B,no wheel inventory for bolt/diameter,missing_inventory_wheels,225/55R17|245/40R19|245/45R18|265/35R20|275/35R19|275/40R18|295/30R20,5x120,17|18|19|20
e59bec67-f1f2-4b80-9997-c414795f61ff,2015,BMW,5 Series,Base,1,0,0,B,no wheel inventory for bolt/diameter,missing_inventory_wheels,225/55R17|245/35R20|245/40R19|245/45R18|245/50R17|275/30R20|275/35R19|275/40R18,5x120,17|18|19|20
77455d72-a7e1-4f90-8d02-348cea1f10e6,2015,BMW,5 Series,535i xDrive,1,0,0,B,no wheel inventory for bolt/diameter,missing_inventory_wheels,225/55R17|245/40R19|245/45R18|265/35R20|275/35R19|275/40R18|295/30R20,5x120,17|18|19|20
d1eff2c2-a072-4b55-a477-65370d4d8b8e,2016,BMW,5 Series,Base,1,0,0,B,no wheel inventory for bolt/diameter,missing_inventory_wheels,225/55R17|245/35R20|245/40R19|245/45R18|245/50R17|275/30R20|275/35R19|275/40R18,5x120,17|18|19|20
46232ecb-61c2-4deb-ba19-a32c2aee3d4e,2016,BMW,5 Series,550i xDrive,1,0,0,B,no wheel inventory for bolt/diameter,missing_inventory_wheels,225/55R17|245/40R19|245/45R18|265/35R20|275/35R19|275/40R18|295/30R20,5x120,17|18|19|20
cacfde8a-deee-41f8-9c26-eda86dbefa0f,2016,BMW,5 Series,535i xDrive,1,0,0,B,no wheel inventory for bolt/diameter,missing_inventory_wheels,225/55R17|245/40R19|245/45R18|265/35R20|275/35R19|275/40R18|295/30R20,5x120,17|18|19|20
18f24058-2655-46f0-b721-295a1b1462d8,2016,BMW,5 Series,528i xDrive,1,0,0,B,no wheel inventory for bolt/diameter,missing_inventory_wheels,225/55R17|245/40R19|245/45R18|265/35R20|275/35R19|275/40R18|295/30R20,5x120,17|18|19|20
ea3b5dc3-a21c-4046-b310-d66b6c2adfe6,2016,BMW,5 Series,M5,1,0,0,B,no wheel inventory for bolt/diameter,missing_inventory_wheels,225/55R17|245/40R19|245/45R18|265/35R20|275/35R19|275/40R18|295/30R20,5x120,17|18|19|20
f4eb8744-5603-4206-ab67-0290e93d81e6,2023,BMW,5 Series,Base,1,0,0,B,no wheel inventory for bolt/diameter,missing_inventory_wheels,245/35R20|245/40R19|245/45R18|255/35R21|265/40R18|275/35R19|285/30R20|285/30R21,5x112,18|19|20|21
7a9f663c-1397-49dc-b3a3-d923d2d94b87,2024,BMW,5 Series,530i xDrive,1,0,0,B,no wheel inventory for bolt/diameter,missing_inventory_wheels,245/35R20|245/40R19|245/45R18|275/30R20|275/35R19|275/35R21|275/40R18|285/30R21,5x112,18|19|20|21
4f239d9b-de37-490a-9a2b-b8e8db882e36,2024,BMW,5 Series,i5 eDrive40,1,0,0,B,no wheel inventory for bolt/diameter,missing_inventory_wheels,245/35R20|245/40R19|245/45R18|275/30R20|275/35R19|275/35R21|275/40R18|285/30R21,5x112,18|19|20|21
562bb437-be7d-4c26-b0f6-eef85b0d2a52,2024,BMW,5 Series,i5 xDrive40,1,0,0,B,no wheel inventory for bolt/diameter,missing_inventory_wheels,245/35R20|245/40R19|245/45R18|275/30R20|275/35R19|275/35R21|275/40R18|285/30R21,5x112,18|19|20|21
1f53c652-96e2-4299-b53e-a5a76e4efe27,2024,BMW,5 Series,540i xDrive,1,0,0,B,no wheel inventory for bolt/diameter,missing_inventory_wheels,245/35R20|245/40R19|245/45R18|275/30R20|275/35R19|275/35R21|275/40R18|285/30R21,5x112,18|19|20|21
05728d24-036b-4805-9158-b14a8dc76a87,2024,BMW,5 Series,i5 M60 xDrive,1,0,0,B,no wheel inventory for bolt/diameter,missing_inventory_wheels,245/35R20|245/40R19|245/45R18|275/30R20|275/35R19|275/35R21|275/40R18|285/30R21,5x112,18|19|20|21
8710add1-094b-47d0-8224-10432a29af67,2024,BMW,5 Series,Base,1,0,0,B,no wheel inventory for bolt/diameter,missing_inventory_wheels,245/35R20|245/40R19|245/45R18|255/35R21|265/40R18|275/35R19|285/30R20|285/30R21,5x112,18|19|20|21
695165c7-384f-4e87-8e80-460966f57c77,2025,BMW,5 Series,530i xDrive,1,0,0,B,no wheel inventory for bolt/diameter,missing_inventory_wheels,245/35R20|245/40R19|245/45R18|275/30R20|275/35R19|275/35R21|275/40R18|285/30R21,5x112,18|19|20|21
1c4c6f36-985b-4b47-b2cc-20d0943bca2e,2025,BMW,5 Series,Base,1,0,0,B,no wheel inventory for bolt/diameter,missing_inventory_wheels,245/35R20|245/40R19|245/45R18|255/35R21|265/40R18|275/35R19|285/30R20|285/30R21,5x112,18|19|20|21
5a6bb7f3-d267-413d-94d5-634a21b16762,2025,BMW,5 Series,i5 xDrive40,1,0,0,B,no wheel inventory for bolt/diameter,missing_inventory_wheels,245/35R20|245/40R19|245/45R18|275/30R20|275/35R19|275/35R21|275/40R18|285/30R21,5x112,18|19|20|21
f21315d9-0e39-4a77-9df9-09c7593ba3bb,2025,BMW,5 Series,i5 M60 xDrive,1,0,0,B,no wheel inventory for bolt/diameter,missing_inventory_wheels,245/35R20|245/40R19|245/45R18|275/30R20|275/35R19|275/35R21|275/40R18|285/30R21,5x112,18|19|20|21
40089604-b41d-48d0-85b8-40d0677761a7,2025,BMW,5 Series,540i xDrive,1,0,0,B,no wheel inventory for bolt/diameter,missing_inventory_wheels,245/35R20|245/40R19|245/45R18|275/30R20|275/35R19|275/35R21|275/40R18|285/30R21,5x112,18|19|20|21
e7da101d-f977-476e-a331-f0035e84d57a,2025,BMW,5 Series,i5 eDrive40,1,0,0,B,no wheel inventory for bolt/diameter,missing_inventory_wheels,245/35R20|245/40R19|245/45R18|275/30R20|275/35R19|275/35R21|275/40R18|285/30R21,5x112,18|19|20|21
a897d105-6ea7-44dd-8d4b-fb63dd40d38b,2026,BMW,5 Series,Base,1,0,0,B,no wheel inventory for bolt/diameter,missing_inventory_wheels,245/35R20|245/40R19|245/45R18|255/35R21|265/40R18|275/35R19|285/30R20|285/30R21,5x112,18|19|20|21
cee8847b-707d-4e8e-8b34-664f92e2577b,2003,BMW,6 Series,Base,1,0,0,B,no wheel inventory for bolt/diameter,missing_inventory_wheels,215/55R17,5x120,17|18|19
e8226393-011d-49d2-a1b3-8e05e3312865,2004,BMW,6 Series,Base,1,0,0,B,no wheel inventory for bolt/diameter,missing_inventory_wheels,215/55R17,5x120,17|18|19
07bba60a-98b1-4cba-8c80-7d5b88b44d81,2005,BMW,6 Series,Base,1,0,0,B,no wheel inventory for bolt/diameter,missing_inventory_wheels,215/55R17,5x120,17|18|19
23f293d4-a40d-4e86-9fc8-fb554f4ca747,2006,BMW,6 Series,Base,1,0,0,B,no wheel inventory for bolt/diameter,missing_inventory_wheels,215/55R17,5x120,17|18|19
90c5976b-ebde-4a74-bf42-dafef2c461bf,2007,BMW,6 Series,Base,1,0,0,B,no wheel inventory for bolt/diameter,missing_inventory_wheels,215/55R17,5x120,17|18|19
d3af9581-d6b2-4387-881c-0e8686bf9bf8,2008,BMW,6 Series,Base,1,0,0,B,no wheel inventory for bolt/diameter,missing_inventory_wheels,215/55R17,5x120,17|18|19
291a0b4b-49d8-449f-817b-8564b1b00cae,2009,BMW,6 Series,Base,1,0,0,B,no wheel inventory for bolt/diameter,missing_inventory_wheels,215/55R17,5x120,17|18|19
c0861c9e-834b-4937-8ade-f51e08558a27,2010,BMW,6 Series,Base,1,0,0,B,no wheel inventory for bolt/diameter,missing_inventory_wheels,215/55R17,5x120,17|18|19
5c54e6a6-3272-4712-b087-51b5e1652799,2012,BMW,7 Series,"740i, 750i, M760i",1,0,0,B,no wheel inventory for bolt/diameter,missing_inventory_wheels,245/40R20|245/45R19|245/50R18,5x120,17|18|19|20
91750ec6-18f6-4f0b-934a-f7359eb56811,2012,BMW,7 Series,M760i,1,0,0,B,no wheel inventory for bolt/diameter,missing_inventory_wheels,245/40R20|245/45R19|245/50R18,5x120,17|18|19|20
f6cc60f0-af63-4815-bc4c-07d983989deb,2012,BMW,7 Series,750i,1,0,0,B,no wheel inventory for bolt/diameter,missing_inventory_wheels,245/40R20|245/45R19|245/50R18,5x120,17|18|19|20
590c6840-42db-4e19-84c8-6d9362ef699e,2012,BMW,7 Series,740i,1,0,0,B,no wheel inventory for bolt/diameter,missing_inventory_wheels,245/40R20|245/45R19|245/50R18,5x120,17|18|19|20
fb6ae3a9-f72c-46ad-abc5-7f684b07d482,2015,BMW,7 Series,"740i, 750i, M760i",1,0,0,B,no wheel inventory for bolt/diameter,missing_inventory_wheels,245/40R20|245/45R19|245/50R18,5x120,17|18|19|20
d2d5cd7e-3866-4192-8918-c71b50a80dbe,2015,BMW,7 Series,740i,1,0,0,B,no wheel inventory for bolt/diameter,missing_inventory_wheels,245/40R20|245/45R19|245/50R18,5x120,17|18|19|20
53fe1f4c-898b-4cba-baaf-a91a2d21d151,2015,BMW,7 Series,M760i,1,0,0,B,no wheel inventory for bolt/diameter,missing_inventory_wheels,245/40R20|245/45R19|245/50R18,5x120,17|18|19|20
1dbe5291-610a-4aa9-9fc5-1d7dc8c85c70,2015,BMW,7 Series,750i,1,0,0,B,no wheel inventory for bolt/diameter,missing_inventory_wheels,245/40R20|245/45R19|245/50R18,5x120,17|18|19|20
a08820c3-2632-447f-8bc7-bab8738cd713,2016,BMW,7 Series,M760i,1,0,0,B,no wheel inventory for bolt/diameter,missing_inventory_wheels,245/40R20|245/45R19|245/50R18,5x112,18|19|20
2245b257-dffa-4707-9e8b-b73d21eebae5,2016,BMW,7 Series,740i,1,0,0,B,no wheel inventory for bolt/diameter,missing_inventory_wheels,245/40R20|245/45R19|245/50R18,5x112,18|19|20
b75553fd-caa5-42cb-a4b4-de859d55761a,2016,BMW,7 Series,750i,1,0,0,B,no wheel inventory for bolt/diameter,missing_inventory_wheels,245/40R20|245/45R19|245/50R18,5x112,18|19|20
82ef581c-01b1-40dc-855e-480d3eceb005,2016,BMW,7 Series,"740i, 750i, M760i",1,0,0,B,no wheel inventory for bolt/diameter,missing_inventory_wheels,245/40R20|245/45R19|245/50R18,5x112,18|19|20
c0c4e845-b4ee-47eb-bc33-45ee9e47c970,2017,BMW,7 Series,"740i, 750i, M760i",1,0,0,B,no wheel inventory for bolt/diameter,missing_inventory_wheels,245/40R20|245/45R19|245/50R18,5x112,18|19|20
f9c1e745-3336-45f2-b21e-06e9bfeaed44,2017,BMW,7 Series,750i,1,0,0,B,no wheel inventory for bolt/diameter,missing_inventory_wheels,245/40R20|245/45R19|245/50R18,5x112,18|19|20
7143a881-ca8d-4288-a61b-20dd7c48dba8,2017,BMW,7 Series,M760i,1,0,0,B,no wheel inventory for bolt/diameter,missing_inventory_wheels,245/40R20|245/45R19|245/50R18,5x112,18|19|20
a9d4b5e1-1c57-440c-88ed-5f2ca67629a0,2017,BMW,7 Series,740i,1,0,0,B,no wheel inventory for bolt/diameter,missing_inventory_wheels,245/40R20|245/45R19|245/50R18,5x112,18|19|20
73a55cba-ced1-47f7-881b-b438b8f3d299,2019,BMW,7 Series,740e,1,0,0,B,no wheel inventory for bolt/diameter,missing_inventory_wheels,225/60R17|225/60ZR17|245/35ZR21|245/40R20|245/40ZR20|245/45R19|245/45ZR19|245/50R18|245/50ZR18|275/30ZR21|275/35R20|275/35ZR20|275/40ZR19,5x112,17|18|19|20|21
e2a783e5-24ed-4c6d-85ef-12de8c8e5dc2,2020,BMW,7 Series,M760i,1,0,0,B,no wheel inventory for bolt/diameter,missing_inventory_wheels,245/40R20|245/45R19|245/50R18,5x112,18|19|20
a2e44344-edca-425f-ab99-aed6c0ecef1e,2020,BMW,7 Series,740i,1,0,0,B,no wheel inventory for bolt/diameter,missing_inventory_wheels,245/40R20|245/45R19|245/50R18,5x112,18|19|20
ff8e8426-8c6c-4d31-b945-b2b32fd82dbb,2020,BMW,7 Series,"740i, 750i, M760i",1,0,0,B,no wheel inventory for bolt/diameter,missing_inventory_wheels,245/40R20|245/45R19|245/50R18,5x112,18|19|20
bc6df99a-ccdf-4738-9881-62e69cb160fb,2020,BMW,7 Series,750i,1,0,0,B,no wheel inventory for bolt/diameter,missing_inventory_wheels,245/40R20|245/45R19|245/50R18,5x112,18|19|20
432d69cd-f665-45c6-a33e-898b43877065,2021,BMW,7 Series,"740i, 750i, M760i",1,0,0,B,no wheel inventory for bolt/diameter,missing_inventory_wheels,245/40R20|245/45R19|245/50R18,5x112,18|19|20
d6fad99d-fdcb-4932-a0e9-6220ee023039,2021,BMW,7 Series,740i,1,0,0,B,no wheel inventory for bolt/diameter,missing_inventory_wheels,245/40R20|245/45R19|245/50R18,5x112,18|19|20
aa606f07-e2b6-41c2-b274-6d63e0723a6f,2021,BMW,7 Series,M760i,1,0,0,B,no wheel inventory for bolt/diameter,missing_inventory_wheels,245/40R20|245/45R19|245/50R18,5x112,18|19|20
813aa93f-ae25-4456-81c0-f123218d49a8,2021,BMW,7 Series,750i,1,0,0,B,no wheel inventory for bolt/diameter,missing_inventory_wheels,245/40R20|245/45R19|245/50R18,5x112,18|19|20
834ba265-ebd9-44bc-96e2-feaf6a9ccc6e,2022,BMW,7 Series,"740i, 750i, M760i",1,0,0,B,no wheel inventory for bolt/diameter,missing_inventory_wheels,245/40R20|245/45R19|245/50R18,5x112,18|19|20
372efebc-6c38-4f2c-81a7-4e27e9e5a5de,2022,BMW,7 Series,750i,1,0,0,B,no wheel inventory for bolt/diameter,missing_inventory_wheels,245/40R20|245/45R19|245/50R18,5x112,18|19|20
4ded173f-d79f-47df-aae7-8bd435fa948e,2022,BMW,7 Series,M760i,1,0,0,B,no wheel inventory for bolt/diameter,missing_inventory_wheels,245/40R20|245/45R19|245/50R18,5x112,18|19|20
8903824a-1ece-4278-9fbe-5ec4aa7db1cf,2022,BMW,7 Series,740i,1,0,0,B,no wheel inventory for bolt/diameter,missing_inventory_wheels,245/40R20|245/45R19|245/50R18,5x112,18|19|20
a43d77a8-b7a2-47b3-860b-e93323655fe2,2019,BMW,8 Series,Base,1,0,0,B,no wheel inventory for bolt/diameter,missing_inventory_wheels,225/45R18,5x112,18|19|20
c65df180-0f0a-4643-8a3e-6c3eabe68064,2020,BMW,8 Series,Base,1,0,0,B,no wheel inventory for bolt/diameter,missing_inventory_wheels,225/45R18,5x112,18|19|20
3f1b5f62-4a45-4ab2-90a9-0f54a689b713,2021,BMW,8 Series,Base,1,0,0,B,no wheel inventory for bolt/diameter,missing_inventory_wheels,225/45R18,5x112,18|19|20
f81456c2-fd45-47e4-9f87-2aa8a859f201,2022,BMW,8 Series,Base,1,0,0,B,no wheel inventory for bolt/diameter,missing_inventory_wheels,225/45R18,5x112,18|19|20
7fe073f6-d488-4874-b766-361c41d998ca,2014,BMW,X1,sDrive28i,1,0,0,B,no wheel inventory for bolt/diameter,missing_inventory_wheels,225/40ZR19|225/45R18|225/50R17|255/35ZR19|255/40R18,5x120,17|18|19
67481afe-3e46-4548-bdf1-b752d786a38e,2003,BMW,X3,Base,1,0,0,B,no wheel inventory for bolt/diameter,missing_inventory_wheels,235/55R18|235/65R17|255/45R19|255/50R18,5x120,17|18|19
ce130958-e38e-4ad5-bd72-567bad4df102,2004,BMW,X3,Base,1,0,0,B,no wheel inventory for bolt/diameter,missing_inventory_wheels,235/45R19|235/50R18|235/55R17|235/55R18|235/65R17|255/40R19|255/45R18|255/45R19|255/50R18,5x120,17|18|19
991f1749-3a55-45ef-bcdb-e67daa89e30e,2005,BMW,X3,Base,1,0,0,B,no wheel inventory for bolt/diameter,missing_inventory_wheels,235/45R19|235/50R18|235/55R17|235/55R18|235/65R17|255/40R19|255/45R18|255/45R19|255/50R18,5x120,17|18|19
5108e1c5-3440-409f-b9b7-1202d50c1611,2006,BMW,X3,Base,1,0,0,B,no wheel inventory for bolt/diameter,missing_inventory_wheels,235/50R18|235/55R17|235/55R18|235/65R17|255/45R18|255/45R19|255/50R18,5x120,17|18|19
71d3ed37-b2cb-498c-aee8-785ab1d49ffe,2007,BMW,X3,Base,1,0,0,B,no wheel inventory for bolt/diameter,missing_inventory_wheels,235/45R19|235/50R18|235/55R17|235/55R18|235/65R17|255/40R19|255/45R19|255/50R18,5x120,17|18|19
c0b846fc-59c2-4c50-876c-e01c6999aad1,2008,BMW,X3,Base,1,0,0,B,no wheel inventory for bolt/diameter,missing_inventory_wheels,235/45R19|235/50R18|235/55R17|235/55R18|235/65R17|255/40R19|255/45R19|255/50R18,5x120,17|18|19
257cc4fe-2734-4c95-b8ea-b6e1310165dc,2009,BMW,X3,Base,1,0,0,B,no wheel inventory for bolt/diameter,missing_inventory_wheels,235/45R19|235/50R18|235/55R17|235/55R18|235/65R17|255/40R19|255/45R19|255/50R18,5x120,17|18|19
c34b9b28-f038-4be2-8097-e00a178936cb,2010,BMW,X3,Base,1,0,0,B,no wheel inventory for bolt/diameter,missing_inventory_wheels,235/45R19|235/50R18|235/55R17|235/55R18|235/65R17|255/40R19|255/45R19|255/50R18,5x120,17|18|19
bb859766-89f6-48ef-bec7-c801c1b84f93,2011,BMW,X3,sDrive28i,1,0,0,B,no wheel inventory for bolt/diameter,missing_inventory_wheels,225/60R17|245/45R19|245/50R19|245/55R17|245/55R18|275/40R19,5x120,17|18|19
71f75e51-50c5-4196-915d-d3ec5dafeaa1,2011,BMW,X3,xDrive35i,1,0,0,B,no wheel inventory for bolt/diameter,missing_inventory_wheels,225/60R17|245/45R19|245/50R19|245/55R17|245/55R18|275/40R19,5x120,17|18|19
07c513e5-45f4-4786-bb0a-f3fd767e2be6,2011,BMW,X3,xDrive28d,1,0,0,B,no wheel inventory for bolt/diameter,missing_inventory_wheels,225/60R17|245/45R19|245/50R19|245/55R17|245/55R18|275/40R19,5x120,17|18|19
44eb89f3-6282-4670-83d6-bee44a95dae1,2011,BMW,X3,Base,1,0,0,B,no wheel inventory for bolt/diameter,missing_inventory_wheels,225/65R17|245/40R20|245/45R19|245/50R18|245/55R17|255/45R19|255/50R18|275/35R20,5x120,17|18|19|20
b3bded45-20f1-4b24-a4ef-c2446e555c16,2011,BMW,X3,xDrive28i,1,0,0,B,no wheel inventory for bolt/diameter,missing_inventory_wheels,225/60R17|245/45R19|245/50R19|245/55R17|245/55R18|275/40R19,5x120,17|18|19
1b53d8a7-287e-4762-bb44-794570d4a699,2012,BMW,X3,sDrive28i,1,0,0,B,no wheel inventory for bolt/diameter,missing_inventory_wheels,225/60R17|245/45R19|245/50R19|245/55R17|245/55R18|275/40R19,5x120,17|18|19
2addfa54-3acc-4506-99ff-62ac757595a2,2012,BMW,X3,xDrive28d,1,0,0,B,no wheel inventory for bolt/diameter,missing_inventory_wheels,225/60R17|245/45R19|245/50R19|245/55R17|245/55R18|275/40R19,5x120,17|18|19
693a7634-ad0f-4b44-a82f-fc50e4f67c6c,2012,BMW,X3,Base,1,0,0,B,no wheel inventory for bolt/diameter,missing_inventory_wheels,225/65R17|245/40R20|245/45R19|245/50R18|245/55R17|255/45R19|255/50R18|275/35R20,5x120,17|18|19|20
59fc17ee-c4b6-40e8-ba43-654e22b5db95,2012,BMW,X3,xDrive35i,1,0,0,B,no wheel inventory for bolt/diameter,missing_inventory_wheels,225/60R17|245/45R19|245/50R19|245/55R17|245/55R18|275/40R19,5x120,17|18|19
a5252d18-6805-46c0-89b2-f147ce4f97ed,2012,BMW,X3,xDrive28i,1,0,0,B,no wheel inventory for bolt/diameter,missing_inventory_wheels,225/60R17|245/45R19|245/50R19|245/55R17|245/55R18|275/40R19,5x120,17|18|19
65923142-0ee7-4b68-859a-c25457127a4d,2013,BMW,X3,sDrive28i,1,0,0,B,no wheel inventory for bolt/diameter,missing_inventory_wheels,225/60R17|245/40ZR20|245/45R19|245/45ZR19|245/50R18|245/50R19|245/55R17|245/55R18|275/35ZR20|275/40R19|275/40ZR19,5x120,17|18|19|20
a50ab9c6-2cc6-4abd-9859-85fc18369722,2013,BMW,X3,Base,1,0,0,B,no wheel inventory for bolt/diameter,missing_inventory_wheels,225/60R17|225/65R17|245/40R20|245/40ZR20|245/45R19|245/45ZR19|245/50R18|245/55R17|255/45R19|255/50R18|275/35R20|275/35ZR20|275/40ZR19,5x120,17|18|19|20
2d7dd6bd-ce9a-4660-a89f-9b1c58c7bcef,2013,BMW,X3,xDrive28i,1,0,0,B,no wheel inventory for bolt/diameter,missing_inventory_wheels,225/60R17|245/40ZR20|245/45R19|245/45ZR19|245/50R18|245/50R19|245/55R17|245/55R18|275/35ZR20|275/40R19|275/40ZR19,5x120,17|18|19|20
2a97e8a4-59c1-4a0a-9cd0-7260e37a36d6,2013,BMW,X3,xDrive28d,1,0,0,B,no wheel inventory for bolt/diameter,missing_inventory_wheels,225/60R17|245/40ZR20|245/45R19|245/45ZR19|245/50R18|245/50R19|245/55R17|245/55R18|275/35ZR20|275/40R19|275/40ZR19,5x120,17|18|19|20
4b2d6885-d58b-4746-a33c-a7adf374bdaf,2013,BMW,X3,xDrive35i,1,0,0,B,no wheel inventory for bolt/diameter,missing_inventory_wheels,225/60R17|245/40ZR20|245/45R19|245/45ZR19|245/50R18|245/50R19|245/55R17|245/55R18|275/35ZR20|275/40R19|275/40ZR19,5x120,17|18|19|20
3dd4e4e5-8b40-4a93-9389-4c5e179cc6ed,2014,BMW,X3,xDrive28d,1,0,0,B,no wheel inventory for bolt/diameter,missing_inventory_wheels,225/60R17|245/45R19|245/50R19|245/55R18|275/40R19,5x120,17|18|19
392adb1b-e353-4ffc-8cfd-64d314bfae46,2014,BMW,X3,sDrive28i,1,0,0,B,no wheel inventory for bolt/diameter,missing_inventory_wheels,225/60R17|245/45R19|245/50R19|245/55R18|275/40R19,5x120,17|18|19
7080c301-2046-448a-9ffb-677df4774204,2014,BMW,X3,Base,1,0,0,B,no wheel inventory for bolt/diameter,missing_inventory_wheels,225/65R17|245/40R20|245/45R19|245/50R18|255/45R19|255/50R18|275/35R20,5x120,17|18|19|20
60e80da1-9583-4512-a9c9-a793a04fa63c,2014,BMW,X3,xDrive35i,1,0,0,B,no wheel inventory for bolt/diameter,missing_inventory_wheels,225/60R17|245/45R19|245/50R19|245/55R18|275/40R19,5x120,17|18|19
f6c35185-3239-4771-ad72-f5cb4317f7c4,2014,BMW,X3,xDrive28i,1,0,0,B,no wheel inventory for bolt/diameter,missing_inventory_wheels,225/60R17|245/45R19|245/50R19|245/55R18|275/40R19,5x120,17|18|19
95ce7799-dc45-41be-bff1-0c45714c455b,2015,BMW,X3,xDrive28i,1,0,0,B,no wheel inventory for bolt/diameter,missing_inventory_wheels,225/60R17|245/45R19|245/50R19|245/55R18|275/40R19,5x120,17|18|19
ef3f81b2-5057-412b-83bc-6181d5e0f6c6,2015,BMW,X3,Base,1,0,0,B,no wheel inventory for bolt/diameter,missing_inventory_wheels,225/65R17|245/40R20|245/45R19|245/50R18|255/45R19|255/50R18|275/35R20,5x120,17|18|19|20
d52596ee-f063-43f8-bbfa-d7f2f394cf1e,2015,BMW,X3,xDrive28d,1,0,0,B,no wheel inventory for bolt/diameter,missing_inventory_wheels,225/60R17|245/45R19|245/50R19|245/55R18|275/40R19,5x120,17|18|19
50bc801f-7bf9-417a-b104-014eeae2b9d4,2015,BMW,X3,sDrive28i,1,0,0,B,no wheel inventory for bolt/diameter,missing_inventory_wheels,225/60R17|245/45R19|245/50R19|245/55R18|275/40R19,5x120,17|18|19
4aa7bd86-ae88-40ab-b018-7ee44f0d33c6,2015,BMW,X3,xDrive35i,1,0,0,B,no wheel inventory for bolt/diameter,missing_inventory_wheels,225/60R17|245/45R19|245/50R19|245/55R18|275/40R19,5x120,17|18|19
122ea848-6910-45e2-8b6b-b9d70874e47d,2016,BMW,X3,sDrive28i,1,0,0,B,no wheel inventory for bolt/diameter,missing_inventory_wheels,225/60R17|245/45R19|245/50R19|245/55R18|275/40R19,5x120,17|18|19
04fd58b3-01b9-4148-bc01-e55aece90ce8,2016,BMW,X3,Base,1,0,0,B,no wheel inventory for bolt/diameter,missing_inventory_wheels,225/65R17|245/40R20|245/45R19|245/50R18|255/45R19|255/50R18|275/35R20,5x120,17|18|19|20
4125e9fa-3758-4f99-92d0-96d76fa7da04,2016,BMW,X3,xDrive35i,1,0,0,B,no wheel inventory for bolt/diameter,missing_inventory_wheels,225/60R17|245/45R19|245/50R19|245/55R18|275/40R19,5x120,17|18|19
a8a5ce5c-6f08-4c3a-86e9-fd3de733c273,2016,BMW,X3,xDrive28i,1,0,0,B,no wheel inventory for bolt/diameter,missing_inventory_wheels,225/60R17|245/45R19|245/50R19|245/55R18|275/40R19,5x120,17|18|19
1dd20425-ff1b-40ed-8183-fc1bd0e6c344,2016,BMW,X3,xDrive28d,1,0,0,B,no wheel inventory for bolt/diameter,missing_inventory_wheels,225/60R17|245/45R19|245/50R19|245/55R18|275/40R19,5x120,17|18|19
a14b2665-1016-43bc-a83b-15384c08c807,2017,BMW,X3,xDrive35i,1,0,0,B,no wheel inventory for bolt/diameter,missing_inventory_wheels,225/60R17|245/35ZR21|245/40ZR20|245/45R19|245/45ZR19|245/50R18|245/50R19|245/55R17|245/55R18|275/30ZR21|275/35ZR20|275/40R19|275/40ZR19,5x120,17|18|19|20|21
9f236668-b394-431c-b57e-fb366c287c8b,2017,BMW,X3,xDrive28d,1,0,0,B,no wheel inventory for bolt/diameter,missing_inventory_wheels,225/60R17|245/35ZR21|245/40ZR20|245/45R19|245/45ZR19|245/50R18|245/50R19|245/55R17|245/55R18|275/30ZR21|275/35ZR20|275/40R19|275/40ZR19,5x120,17|18|19|20|21
d26bd74b-112a-45d1-9f09-9bda0fd9b4f9,2017,BMW,X3,Base,1,0,0,B,no wheel inventory for bolt/diameter,missing_inventory_wheels,225/60R17|225/65R17|245/35ZR21|245/40R20|245/40ZR20|245/45R19|245/45ZR19|245/50R18|245/55R17|255/45R19|255/50R18|275/30ZR21|275/35R20|275/35ZR20|275/40ZR19,5x120,17|18|19|20|21
3723bec9-e58e-4a39-82d7-ccda8c6d3e73,2017,BMW,X3,sDrive28i,1,0,0,B,no wheel inventory for bolt/diameter,missing_inventory_wheels,225/60R17|245/35ZR21|245/40ZR20|245/45R19|245/45ZR19|245/50R18|245/50R19|245/55R17|245/55R18|275/30ZR21|275/35ZR20|275/40R19|275/40ZR19,5x120,17|18|19|20|21
b32a1af8-7fb3-4f45-8438-c787ddcaf308,2017,BMW,X3,xDrive28i,1,0,0,B,no wheel inventory for bolt/diameter,missing_inventory_wheels,225/60R17|245/35ZR21|245/40ZR20|245/45R19|245/45ZR19|245/50R18|245/50R19|245/55R17|245/55R18|275/30ZR21|275/35ZR20|275/40R19|275/40ZR19,5x120,17|18|19|20|21
f72ee0a1-1093-48a1-a22d-ba7a7f89d873,2019,BMW,X3,xDrive30i,1,0,0,B,no wheel inventory for bolt/diameter,missing_inventory_wheels,225/60R18|245/45R20|245/50R19|255/40R21|265/35R21|275/35R21|275/40R20,5x112,18|19|20|21
38520a6d-84cd-4397-ad36-98268a083313,2019,BMW,X3,M40i,1,0,0,B,no wheel inventory for bolt/diameter,missing_inventory_wheels,225/60R18|245/45R20|245/50R19|255/40R21|265/35R21|275/35R21|275/40R20,5x112,18|19|20|21
fd10b74c-20f6-454d-b95b-f352befdfbbe,2019,BMW,X3,sDrive30i,1,0,0,B,no wheel inventory for bolt/diameter,missing_inventory_wheels,225/60R18|245/45R20|245/50R19|255/40R21|265/35R21|275/35R21|275/40R20,5x112,18|19|20|21
c95a55aa-ad10-4bc3-bca3-49e5a4fc4caa,2019,BMW,X3,xDrive30e,1,0,0,B,no wheel inventory for bolt/diameter,missing_inventory_wheels,225/60R18|245/45R20|245/50R19|255/40R21|265/35R21|275/35R21|275/40R20,5x112,18|19|20|21
9e6e9ef5-0291-42eb-a5e3-2771d0a4d75a,2019,BMW,X3,X3 M Competition,1,0,0,B,no wheel inventory for bolt/diameter,missing_inventory_wheels,225/60R18|245/45R20|245/50R19|255/40R21|265/35R21|275/35R21|275/40R20,5x112,18|19|20|21
d83caf2a-d304-41f1-b30a-42d905e95a73,2019,BMW,X3,X3 M,1,0,0,B,no wheel inventory for bolt/diameter,missing_inventory_wheels,225/60R18|245/45R20|245/50R19|255/40R21|265/35R21|275/35R21|275/40R20,5x112,18|19|20|21
bb395056-98cf-4e55-8551-ab16012e437f,2019,BMW,X3,Base,1,0,0,B,no wheel inventory for bolt/diameter,missing_inventory_wheels,225/60R18|245/40R21|245/45R20|245/50R19|265/35R21|265/40R20|275/35R21,5x112,18|19|20|21
222eb69b-3cea-4e79-b73d-cbf3906eee95,2020,BMW,X3,sDrive30i,1,0,0,B,no wheel inventory for bolt/diameter,missing_inventory_wheels,225/60R18|245/45R20|245/50R19|255/40R21|255/45R20|265/35R21|265/40R21|265/45R20|275/35R21|275/40R20,5x112,18|19|20|21
f09ad87d-f3c1-4016-b6b7-d0cf0e14339d,2020,BMW,X3,Base,1,0,0,B,no wheel inventory for bolt/diameter,missing_inventory_wheels,225/60R18|245/40R21|245/45R20|245/50R19|255/45R20|265/35R21|265/40R20|265/40R21|265/45R20|275/35R21,5x112,18|19|20|21
baa82569-d11e-47ca-a6f6-6f6bcefe9ef4,2020,BMW,X3,X3 M,1,0,0,B,no wheel inventory for bolt/diameter,missing_inventory_wheels,225/60R18|245/45R20|245/50R19|255/40R21|255/45R20|265/35R21|265/40R21|265/45R20|275/35R21|275/40R20,5x112,18|19|20|21
ce7eebd5-5b4b-47c9-a47a-36adaa84ad78,2020,BMW,X3,X3 M Competition,1,0,0,B,no wheel inventory for bolt/diameter,missing_inventory_wheels,225/60R18|245/45R20|245/50R19|255/40R21|255/45R20|265/35R21|265/40R21|265/45R20|275/35R21|275/40R20,5x112,18|19|20|21
0c3eabc7-f40e-451d-81fe-b5a94e825428,2020,BMW,X3,xDrive30e,1,0,0,B,no wheel inventory for bolt/diameter,missing_inventory_wheels,225/60R18|245/45R20|245/50R19|255/40R21|255/45R20|265/35R21|265/40R21|265/45R20|275/35R21|275/40R20,5x112,18|19|20|21
15e9b543-8da1-44a7-a715-c08ae592a957,2020,BMW,X3,M40i,1,0,0,B,no wheel inventory for bolt/diameter,missing_inventory_wheels,225/60R18|245/45R20|245/50R19|255/40R21|255/45R20|265/35R21|265/40R21|265/45R20|275/35R21|275/40R20,5x112,18|19|20|21
c81caf3a-35f9-4233-9077-f12c4fceb5b6,2020,BMW,X3,xDrive30i,1,0,0,B,no wheel inventory for bolt/diameter,missing_inventory_wheels,225/60R18|245/45R20|245/50R19|255/40R21|255/45R20|265/35R21|265/40R21|265/45R20|275/35R21|275/40R20,5x112,18|19|20|21
7e20c0ef-79b7-4717-8a36-a6a036623502,2021,BMW,X3,X3 M Competition,1,0,0,B,no wheel inventory for bolt/diameter,missing_inventory_wheels,225/60R18|245/45R20|245/50R19|255/40R21|255/45R20|265/35R21|265/40R21|265/45R20|275/35R21|275/40R20,5x112,18|19|20|21
ebf5ad80-96a0-459b-8f22-f9cfdb864a2f,2021,BMW,X3,X3 M,1,0,0,B,no wheel inventory for bolt/diameter,missing_inventory_wheels,225/60R18|245/45R20|245/50R19|255/40R21|255/45R20|265/35R21|265/40R21|265/45R20|275/35R21|275/40R20,5x112,18|19|20|21
5b812a79-a9d6-4c67-bf15-e5e2ff91e3bf,2021,BMW,X3,M40i,1,0,0,B,no wheel inventory for bolt/diameter,missing_inventory_wheels,225/60R18|245/45R20|245/50R19|255/40R21|255/45R20|265/35R21|265/40R21|265/45R20|275/35R21|275/40R20,5x112,18|19|20|21
da3f5373-c004-4dd3-8ed6-c734d0893ee7,2021,BMW,X3,Base,1,0,0,B,no wheel inventory for bolt/diameter,missing_inventory_wheels,225/60R18|245/40R21|245/45R20|245/50R19|255/45R20|265/35R21|265/40R20|265/40R21|265/45R20|275/35R21,5x112,18|19|20|21
abe25de3-3547-4787-9372-7b01a5ca9616,2021,BMW,X3,sDrive30i,1,0,0,B,no wheel inventory for bolt/diameter,missing_inventory_wheels,225/60R18|245/45R20|245/50R19|255/40R21|255/45R20|265/35R21|265/40R21|265/45R20|275/35R21|275/40R20,5x112,18|19|20|21
d7b7bb76-5c70-4aa8-a43f-fa87905e7841,2021,BMW,X3,xDrive30e,1,0,0,B,no wheel inventory for bolt/diameter,missing_inventory_wheels,225/60R18|245/45R20|245/50R19|255/40R21|255/45R20|265/35R21|265/40R21|265/45R20|275/35R21|275/40R20,5x112,18|19|20|21
b75740c9-1e8e-4d6b-896b-61f2c7919bb9,2021,BMW,X3,xDrive30i,1,0,0,B,no wheel inventory for bolt/diameter,missing_inventory_wheels,225/60R18|245/45R20|245/50R19|255/40R21|255/45R20|265/35R21|265/40R21|265/45R20|275/35R21|275/40R20,5x112,18|19|20|21
a8d971b7-f0a7-457a-a54d-60a2198fdae1,2022,BMW,X3,xDrive30e,1,0,0,B,no wheel inventory for bolt/diameter,missing_inventory_wheels,225/60R18|245/45R20|245/50R19|255/40R21|255/45R20|265/35R21|265/40R21|265/45R20|275/35R21|275/40R20,5x112,18|19|20|21
17fe84ad-ead7-42e6-8fca-59ec010e4729,2022,BMW,X3,X3 M,1,0,0,B,no wheel inventory for bolt/diameter,missing_inventory_wheels,225/60R18|245/45R20|245/50R19|255/40R21|255/45R20|265/35R21|265/40R21|265/45R20|275/35R21|275/40R20,5x112,18|19|20|21
7e7361c0-c71a-4a48-bc07-cd67456b2dcd,2022,BMW,X3,sDrive30i,1,0,0,B,no wheel inventory for bolt/diameter,missing_inventory_wheels,225/60R18|245/45R20|245/50R19|255/40R21|255/45R20|265/35R21|265/40R21|265/45R20|275/35R21|275/40R20,5x112,18|19|20|21
adde1273-e654-4443-ae72-96b6a863a1db,2022,BMW,X3,xDrive30i,1,0,0,B,no wheel inventory for bolt/diameter,missing_inventory_wheels,225/60R18|245/45R20|245/50R19|255/40R21|255/45R20|265/35R21|265/40R21|265/45R20|275/35R21|275/40R20,5x112,18|19|20|21
280c2f19-d972-4e9e-8b4b-5754290ff3be,2022,BMW,X3,X3 M Competition,1,0,0,B,no wheel inventory for bolt/diameter,missing_inventory_wheels,225/60R18|245/45R20|245/50R19|255/40R21|255/45R20|265/35R21|265/40R21|265/45R20|275/35R21|275/40R20,5x112,18|19|20|21
f88cced9-98f7-4ac9-a968-bfa346654fbd,2022,BMW,X3,M40i,1,0,0,B,no wheel inventory for bolt/diameter,missing_inventory_wheels,225/60R18|245/45R20|245/50R19|255/40R21|255/45R20|265/35R21|265/40R21|265/45R20|275/35R21|275/40R20,5x112,18|19|20|21
43d3191b-0ec2-46af-a116-a8bb39987d39,2022,BMW,X3,Base,1,0,0,B,no wheel inventory for bolt/diameter,missing_inventory_wheels,225/60R18|245/40R21|245/45R20|245/50R19|255/45R20|265/35R21|265/40R20|265/40R21|265/45R20|275/35R21,5x112,18|19|20|21
9b734b77-da33-49db-9bd2-a178385c0010,2023,BMW,X3,Base,1,0,0,B,no wheel inventory for bolt/diameter,missing_inventory_wheels,225/60R18|245/40R21|245/45R20|245/50R19|255/45R20|265/35R21|265/40R20|265/40R21|265/45R20|275/35R21,5x112,18|19|20|21
bb323d73-2b5f-46c6-85cb-934e29a86a44,2023,BMW,X3,M40i,1,0,0,B,no wheel inventory for bolt/diameter,missing_inventory_wheels,225/60R18|245/45R20|245/50R19|255/40R21|255/45R20|265/35R21|265/40R21|265/45R20|275/35R21|275/40R20,5x112,18|19|20|21
7a6c465c-839e-4c9e-8735-2a6270942325,2023,BMW,X3,xDrive30i,1,0,0,B,no wheel inventory for bolt/diameter,missing_inventory_wheels,225/60R18|245/45R20|245/50R19|255/40R21|255/45R20|265/35R21|265/40R21|265/45R20|275/35R21|275/40R20,5x112,18|19|20|21
fe582a3e-5441-4d62-8bbb-9e37bdfdcc98,2023,BMW,X3,sDrive30i,1,0,0,B,no wheel inventory for bolt/diameter,missing_inventory_wheels,225/60R18|245/45R20|245/50R19|255/40R21|255/45R20|265/35R21|265/40R21|265/45R20|275/35R21|275/40R20,5x112,18|19|20|21
07d75c1e-036e-45a9-92d5-4e5c3c480e6d,2023,BMW,X3,X3 M,1,0,0,B,no wheel inventory for bolt/diameter,missing_inventory_wheels,225/60R18|245/45R20|245/50R19|255/40R21|255/45R20|265/35R21|265/40R21|265/45R20|275/35R21|275/40R20,5x112,18|19|20|21
4f63dce3-5421-4a09-a6cf-b17992e8fd06,2023,BMW,X3,X3 M Competition,1,0,0,B,no wheel inventory for bolt/diameter,missing_inventory_wheels,225/60R18|245/45R20|245/50R19|255/40R21|255/45R20|265/35R21|265/40R21|265/45R20|275/35R21|275/40R20,5x112,18|19|20|21
e8339be6-092a-4ff6-9796-e20e6b921a08,2023,BMW,X3,xDrive30e,1,0,0,B,no wheel inventory for bolt/diameter,missing_inventory_wheels,225/60R18|245/45R20|245/50R19|255/40R21|255/45R20|265/35R21|265/40R21|265/45R20|275/35R21|275/40R20,5x112,18|19|20|21
7b482c66-16f0-4f44-9c8d-72bb7eae8e12,2024,BMW,X3,sDrive30i,1,0,0,B,no wheel inventory for bolt/diameter,missing_inventory_wheels,225/60R18|245/45R20|245/50R19|255/40R21|255/45R20|265/35R21|265/40R21|265/45R20|275/35R21|275/40R20,5x112,18|19|20|21
22b5d39a-195e-4dcd-bb24-b31b541a5af9,2024,BMW,X3,M40i,1,0,0,B,no wheel inventory for bolt/diameter,missing_inventory_wheels,225/60R18|245/45R20|245/50R19|255/40R21|255/45R20|265/35R21|265/40R21|265/45R20|275/35R21|275/40R20,5x112,18|19|20|21
9ba9842f-4e9f-4b76-81d4-8f902af92979,2024,BMW,X3,xDrive30i,1,0,0,B,no wheel inventory for bolt/diameter,missing_inventory_wheels,225/60R18|245/45R20|245/50R19|255/40R21|255/45R20|265/35R21|265/40R21|265/45R20|275/35R21|275/40R20,5x112,18|19|20|21
ee16a64a-763e-4d3b-a139-9a0480169cc6,2024,BMW,X3,X3 M Competition,1,0,0,B,no wheel inventory for bolt/diameter,missing_inventory_wheels,225/60R18|245/45R20|245/50R19|255/40R21|255/45R20|265/35R21|265/40R21|265/45R20|275/35R21|275/40R20,5x112,18|19|20|21
32adb819-9b78-4618-8cd6-6561c5fc5dbb,2024,BMW,X3,Base,1,0,0,B,no wheel inventory for bolt/diameter,missing_inventory_wheels,225/60R18|245/40R21|245/45R20|245/50R19|255/45R20|265/35R21|265/40R20|265/40R21|265/45R20|275/35R21,5x112,18|19|20|21
2d8cd3c6-7f6a-4b46-90af-c7116514b7f5,2024,BMW,X3,xDrive30e,1,0,0,B,no wheel inventory for bolt/diameter,missing_inventory_wheels,225/60R18|245/45R20|245/50R19|255/40R21|255/45R20|265/35R21|265/40R21|265/45R20|275/35R21|275/40R20,5x112,18|19|20|21
402c6d1a-0d0c-460b-babe-5a4b20d79057,2024,BMW,X3,X3 M,1,0,0,B,no wheel inventory for bolt/diameter,missing_inventory_wheels,225/60R18|245/45R20|245/50R19|255/40R21|255/45R20|265/35R21|265/40R21|265/45R20|275/35R21|275/40R20,5x112,18|19|20|21
a9756106-e97f-4b7d-949f-8b554a9ef410,2025,BMW,X3,X3 M Competition,1,0,0,B,no wheel inventory for bolt/diameter,missing_inventory_wheels,225/60R18|245/45R20|245/50R19|255/40R21|265/35R21|275/40R20,5x112,18|19|20|21
634d2c5c-7919-4eeb-8d10-e3ae0cb7600c,2025,BMW,X3,M40i,1,0,0,B,no wheel inventory for bolt/diameter,missing_inventory_wheels,225/60R18|245/45R20|245/50R19|255/40R21|265/35R21|275/40R20,5x112,18|19|20|21
a728d65c-7a85-4da6-be43-c98a113b4f37,2025,BMW,X3,X3 M,1,0,0,B,no wheel inventory for bolt/diameter,missing_inventory_wheels,225/60R18|245/45R20|245/50R19|255/40R21|265/35R21|275/40R20,5x112,18|19|20|21
13962846-0aa2-4143-8835-c27464bdd00b,2025,BMW,X3,Base,1,0,0,B,no wheel inventory for bolt/diameter,missing_inventory_wheels,225/60R18|245/40R21|245/45R20|245/50R19|265/35R21|265/40R20,5x112,18|19|20|21
6595b9cc-01c4-4bf2-b761-9f92b29035e0,2025,BMW,X3,xDrive30e,1,0,0,B,no wheel inventory for bolt/diameter,missing_inventory_wheels,225/60R18|245/45R20|245/50R19|255/40R21|265/35R21|275/40R20,5x112,18|19|20|21
1eaab010-25ea-435c-a35d-cb07f19112dc,2025,BMW,X3,xDrive30i,1,0,0,B,no wheel inventory for bolt/diameter,missing_inventory_wheels,225/60R18|245/45R20|245/50R19|255/40R21|265/35R21|275/40R20,5x112,18|19|20|21
acf7f1dc-e99c-441b-b3d4-380e0401de41,2025,BMW,X3,sDrive30i,1,0,0,B,no wheel inventory for bolt/diameter,missing_inventory_wheels,225/60R18|245/45R20|245/50R19|255/40R21|265/35R21|275/40R20,5x112,18|19|20|21
716fb569-a513-4f52-beef-9caf1f77bc23,2026,BMW,X3,Base,1,0,0,B,no wheel inventory for bolt/diameter,missing_inventory_wheels,225/60R18|245/40R21|245/45R20|245/50R19|265/35R21|265/40R20,5x112,18|19|20|21
5b132bc6-2929-4877-9721-64c6aa3ab0f2,2014,BMW,X4,xDrive20d,1,0,0,B,no wheel inventory for bolt/diameter,missing_inventory_wheels,205/65R17|225/60R17|245/35ZR21|245/40ZR20|245/45R19|245/45ZR19|245/50R18|245/50ZR18|245/55R17|275/30ZR21|275/35ZR20|275/40ZR19,5x120,17|18|19|20|21
063bdd85-665a-41cf-89c3-c12dbf8981ff,2000,BMW,X5,Base,1,0,0,B,no wheel inventory for bolt/diameter,missing_inventory_wheels,235/65R17|255/50R19|255/55R18|275/40R20|285/45R19,5x120,17|18|19|20
0555665c-b172-46ca-8ae0-6f4a89af63a2,2001,BMW,X5,Base,1,0,0,B,no wheel inventory for bolt/diameter,missing_inventory_wheels,235/65R17|255/50R19|255/55R18|275/40R20|285/45R19,5x120,17|18|19|20
9fe504fa-f932-4b7b-96ae-0b9d4951a034,2002,BMW,X5,Base,1,0,0,B,no wheel inventory for bolt/diameter,missing_inventory_wheels,235/65R17|255/50R19|255/55R18|275/40R20|285/45R19|315/35R20,5x120,17|18|19|20
8dff461d-0d8b-443c-b916-ac821d985aa2,2003,BMW,X5,Base,1,0,0,B,no wheel inventory for bolt/diameter,missing_inventory_wheels,235/65R17|255/50R19|255/55R18|275/40R20|285/45R19|315/35R20,5x120,17|18|19|20
fa3c5072-e830-4535-943c-069e2794fba5,2004,BMW,X5,Base,1,0,0,B,no wheel inventory for bolt/diameter,missing_inventory_wheels,235/65R17|255/50R19|255/55R18|275/40R20|285/45R19|315/35R20,5x120,17|18|19|20
43b5efe0-e898-4c1b-a15d-0607de8b3afa,2005,BMW,X5,Base,1,0,0,B,no wheel inventory for bolt/diameter,missing_inventory_wheels,235/65R17|255/50R19|255/55R18|275/40R20|285/45R19|315/35R20,5x120,17|18|19|20
ad82d565-9e78-4161-9fc0-1e4472e9abfb,2006,BMW,X5,Base,1,0,0,B,no wheel inventory for bolt/diameter,missing_inventory_wheels,235/65R17|255/50R19|255/55R18|275/40R20|285/45R19|315/35R20,5x120,17|18|19|20
2a8f7c6a-f9e6-40dd-a865-25881542ee53,2023,BMW,XM,Base,0,669,3,C,no tire inventory for size(s),missing_inventory_tires,275/40R23|315/35R23,5x112,23
21985271-bdb9-4864-a899-82da4da45afd,2024,BMW,XM,Base,0,669,3,C,no tire inventory for size(s),missing_inventory_tires,275/40R23|315/35R23,5x112,23
913b1ad0-fd76-4384-96b7-384d599fe99e,2025,BMW,XM,Base,0,669,3,C,no tire inventory for size(s),missing_inventory_tires,275/40R23|315/35R23,5x112,23
fe1cc47a-b284-4d09-856c-56f94819da1f,2026,BMW,XM,Base,0,669,3,C,no tire inventory for size(s),missing_inventory_tires,275/40R23|315/35R23,5x112,23
e4e9c1b0-31b4-4eeb-be3c-2cfe7bdc5591,2021,BMW,i4,Base,1,0,0,B,no wheel inventory for bolt/diameter,missing_inventory_wheels,245/45R18|255/40R19|275/35R20,5x112,18|19|20
de54c0c3-83ae-4f3d-b434-3bff7a178df5,2023,BMW,i5,Base,1,0,0,B,no wheel inventory for bolt/diameter,missing_inventory_wheels,245/45R19|255/40R20|275/35R21,5x112,18|19|20|21
8da53b54-aa6e-4095-931e-3f7bd6bec00a,1968,Buick,GS,Base,0,266,3,C,only vintage/non-standard sizes: G70-14,vintage_tire_size,G70-14,5x120.65,14
530e622a-047f-424e-9437-607cca955466,1969,Buick,GS,Base,0,266,3,C,only vintage/non-standard sizes: G70-14,vintage_tire_size,G70-14,5x120.65,14
d64fc280-9512-41ce-97cf-5e2d7991768b,1970,Buick,GS,Base,0,266,3,C,only vintage/non-standard sizes: G70-14,vintage_tire_size,G70-14,5x120.65,14
998f0445-fbef-410a-bb31-c626a2874558,1971,Buick,GS,Base,0,266,3,C,only vintage/non-standard sizes: G70-14,vintage_tire_size,G70-14,5x120.65,14
f8b35b61-b3c7-419c-a8d6-bcbc0b83e34a,1972,Buick,GS,Base,0,266,3,C,only vintage/non-standard sizes: G70-14,vintage_tire_size,G70-14,5x120.65,14
ec6294d0-7ddf-4fdf-9efd-805e41e2672b,1970,Buick,GSX,Base,0,266,3,C,only vintage/non-standard sizes: G70-14,vintage_tire_size,G70-14,5x120.65,14
ea271aec-633a-4208-8bb3-127fe762b977,1971,Buick,GSX,Base,0,266,3,C,only vintage/non-standard sizes: G70-14,vintage_tire_size,G70-14,5x120.65,14
9f990fac-2fc8-4fc9-866b-6a523d0df348,1965,Buick,Gran Sport,Base,0,266,3,C,only vintage/non-standard sizes: G70-14,vintage_tire_size,G70-14,5x120.65,14
d03c920a-f04b-4814-9983-190aaed0c403,1966,Buick,Gran Sport,Base,0,266,3,C,only vintage/non-standard sizes: G70-14,vintage_tire_size,G70-14,5x120.65,14
8f1ee83d-e19c-4a3b-8431-0aa7c661852a,1967,Buick,Gran Sport,Base,0,266,3,C,only vintage/non-standard sizes: G70-14,vintage_tire_size,G70-14,5x120.65,14
2d5515f1-9600-40f3-9e7b-c0039f6372fc,1965,Buick,Skylark,Base,0,74,3,C,only vintage/non-standard sizes: G70-14,vintage_tire_size,G70-14,5x100,14
d9ddc9f2-3782-4bd6-9096-04c54988c894,1966,Buick,Skylark,Base,0,74,3,C,only vintage/non-standard sizes: G70-14,vintage_tire_size,G70-14,5x100,14
774d1a84-7888-4d27-ae68-77c49fbde3d3,1967,Buick,Skylark,Base,0,74,3,C,only vintage/non-standard sizes: G70-14,vintage_tire_size,G70-14,5x100,14
9eea7e65-79b0-4fe4-9c16-b6bed024de38,1968,Buick,Skylark,Base,0,74,3,C,only vintage/non-standard sizes: G70-14,vintage_tire_size,G70-14,5x100,14
cf7fdadf-22e9-42ca-8363-5c7021922d2a,1969,Buick,Skylark,Base,0,74,3,C,only vintage/non-standard sizes: G70-14,vintage_tire_size,G70-14,5x100,14
21a954cd-4736-462a-a0c6-df2038c9109b,1970,Buick,Skylark,Base,0,74,3,C,only vintage/non-standard sizes: G70-14,vintage_tire_size,G70-14,5x100,14
19a8ea5c-1c09-41d3-9ff6-fb1450713da7,1971,Buick,Skylark,Base,0,74,3,C,only vintage/non-standard sizes: G70-14,vintage_tire_size,G70-14,5x100,14
c4e4ceef-9d30-44ad-af84-79acaf24cb82,1972,Buick,Skylark,Base,0,74,3,C,only vintage/non-standard sizes: G70-14,vintage_tire_size,G70-14,5x100,14
86067568-3aef-4c6b-8fcf-f58f1b0c2f22,2023,Buick,electra-e5,Base,1,836,0,A,tires+wheels OK but no packages,package_generation_gap,235/40R19,5x114.3,19|20|21
c4176f6c-cea2-434b-96bf-9a52c5cd5a89,2024,Buick,electra-e5,Base,1,836,0,A,tires+wheels OK but no packages,package_generation_gap,235/40R19,5x114.3,19|20|21
b52b4825-d31f-41f5-a8be-de4e9d90937a,2025,Buick,electra-e5,Base,1,836,0,A,tires+wheels OK but no packages,package_generation_gap,235/40R19,5x114.3,19|20|21
59008068-0721-4430-b9c2-7fa046b359df,2026,Buick,electra-e5,Base,1,836,0,A,tires+wheels OK but no packages,package_generation_gap,235/40R19,5x114.3,19|20|21
ef1be305-8d97-4094-84bc-ae45bbb0ed55,2008,Buick,enclave,"Preferred, Essence, Avenir",1,0,0,B,no wheel inventory for bolt/diameter,missing_inventory_wheels,255/55R20|255/60R19|255/65R18,6x132,18|19|20
51e18be0-b4ed-41a9-81f9-58ff6890489a,2008,Buick,enclave,Preferred,1,0,0,B,no wheel inventory for bolt/diameter,missing_inventory_wheels,255/55R20|255/60R19|255/65R18,6x132,18|19|20
93eab9cd-c154-487c-9b20-5b58d2280aab,2008,Buick,enclave,Avenir,1,0,0,B,no wheel inventory for bolt/diameter,missing_inventory_wheels,255/55R20|255/60R19|255/65R18,6x132,18|19|20
1c0bed33-502b-400f-971e-fb244dc4aee5,2008,Buick,enclave,Essence,1,0,0,B,no wheel inventory for bolt/diameter,missing_inventory_wheels,255/55R20|255/60R19|255/65R18,6x132,18|19|20
8bf8551f-2431-4439-a49e-6f15ad9db6ff,2009,Buick,enclave,Essence,1,0,0,B,no wheel inventory for bolt/diameter,missing_inventory_wheels,255/55R20|255/60R19|255/65R18,6x132,18|19|20
c29e61a8-6791-4010-976d-76c9d66029bc,2009,Buick,enclave,Avenir,1,0,0,B,no wheel inventory for bolt/diameter,missing_inventory_wheels,255/55R20|255/60R19|255/65R18,6x132,18|19|20
173de5c9-5124-4795-9981-64bbb587fc5e,2009,Buick,enclave,"Preferred, Essence, Avenir",1,0,0,B,no wheel inventory for bolt/diameter,missing_inventory_wheels,255/55R20|255/60R19|255/65R18,6x132,18|19|20
1998fe08-d7e9-4fd8-9eaf-090b54645b76,2009,Buick,enclave,Preferred,1,0,0,B,no wheel inventory for bolt/diameter,missing_inventory_wheels,255/55R20|255/60R19|255/65R18,6x132,18|19|20
46cefe3c-6f9d-4ebc-8954-39850d814735,2010,Buick,enclave,Preferred,1,0,0,B,no wheel inventory for bolt/diameter,missing_inventory_wheels,255/55R20|255/60R19|255/65R18,6x132,18|19|20
7ffb1272-79c6-42b1-bfd3-52aa86107a1f,2010,Buick,enclave,Essence,1,0,0,B,no wheel inventory for bolt/diameter,missing_inventory_wheels,255/55R20|255/60R19|255/65R18,6x132,18|19|20
3afca09c-1eb2-4d79-82fc-bf4760ac0745,2010,Buick,enclave,Avenir,1,0,0,B,no wheel inventory for bolt/diameter,missing_inventory_wheels,255/55R20|255/60R19|255/65R18,6x132,18|19|20
5101b5ca-544a-4bb1-b4d5-2db550b26f31,2010,Buick,enclave,"Preferred, Essence, Avenir",1,0,0,B,no wheel inventory for bolt/diameter,missing_inventory_wheels,255/55R20|255/60R19|255/65R18,6x132,18|19|20
f2f307f1-79fc-4d7e-85e2-6f0fb1ee858a,2011,Buick,enclave,"Preferred, Essence, Avenir",1,0,0,B,no wheel inventory for bolt/diameter,missing_inventory_wheels,255/55R20|255/60R19|255/65R18,6x132,18|19|20
1fbd0640-600e-4166-8768-fa0f25ddc1f4,2011,Buick,enclave,Preferred,1,0,0,B,no wheel inventory for bolt/diameter,missing_inventory_wheels,255/55R20|255/60R19|255/65R18,6x132,18|19|20
fef9dedb-8c92-4103-9510-a14fb27fd57b,2011,Buick,enclave,Avenir,1,0,0,B,no wheel inventory for bolt/diameter,missing_inventory_wheels,255/55R20|255/60R19|255/65R18,6x132,18|19|20
c3039f95-bb2b-414b-a8ec-442e298f57c9,2011,Buick,enclave,Essence,1,0,0,B,no wheel inventory for bolt/diameter,missing_inventory_wheels,255/55R20|255/60R19|255/65R18,6x132,18|19|20
686bf7a2-35a6-4a5f-b5e8-2cf183e44b0f,2012,Buick,enclave,Preferred,1,0,0,B,no wheel inventory for bolt/diameter,missing_inventory_wheels,255/55R20|255/60R19|255/65R18,6x132,18|19|20
5ff1e203-e695-49af-a49c-c98d0920cc6f,2012,Buick,enclave,Avenir,1,0,0,B,no wheel inventory for bolt/diameter,missing_inventory_wheels,255/55R20|255/60R19|255/65R18,6x132,18|19|20
4936d323-ab1a-4c89-a865-cc0c64b829e5,2012,Buick,enclave,"Preferred, Essence, Avenir",1,0,0,B,no wheel inventory for bolt/diameter,missing_inventory_wheels,255/55R20|255/60R19|255/65R18,6x132,18|19|20
8085c679-2134-4cce-ac50-24f22abc394f,2012,Buick,enclave,Essence,1,0,0,B,no wheel inventory for bolt/diameter,missing_inventory_wheels,255/55R20|255/60R19|255/65R18,6x132,18|19|20
7df7876c-01a5-43a1-8566-5976e3f4816e,2013,Buick,enclave,Essence,1,0,0,B,no wheel inventory for bolt/diameter,missing_inventory_wheels,255/55R20|255/60R19|255/65R18,6x132,18|19|20
45ab9c85-f484-4cf7-bc3c-3f737c004d20,2013,Buick,enclave,"Preferred, Essence, Avenir",1,0,0,B,no wheel inventory for bolt/diameter,missing_inventory_wheels,255/55R20|255/60R19|255/65R18,6x132,18|19|20
e7b56497-cfa7-4b81-946a-c35e5f1b14d1,2013,Buick,enclave,Avenir,1,0,0,B,no wheel inventory for bolt/diameter,missing_inventory_wheels,255/55R20|255/60R19|255/65R18,6x132,18|19|20
8c743ddf-a472-4a9c-9e05-42a0e1b70d12,2013,Buick,enclave,Preferred,1,0,0,B,no wheel inventory for bolt/diameter,missing_inventory_wheels,255/55R20|255/60R19|255/65R18,6x132,18|19|20
3e297231-2841-4830-a75c-a9ab9b4e0ae2,2014,Buick,enclave,Avenir,1,0,0,B,no wheel inventory for bolt/diameter,missing_inventory_wheels,255/55R20|255/60R19|255/65R18,6x132,18|19|20
fc6afc9f-33df-4089-9ea4-a86eb040b4c4,2014,Buick,enclave,Preferred,1,0,0,B,no wheel inventory for bolt/diameter,missing_inventory_wheels,255/55R20|255/60R19|255/65R18,6x132,18|19|20
47810464-4519-4bbc-881f-1646d33c907f,2014,Buick,enclave,Essence,1,0,0,B,no wheel inventory for bolt/diameter,missing_inventory_wheels,255/55R20|255/60R19|255/65R18,6x132,18|19|20
9c3854e3-d1c4-4939-a463-15358a8947eb,2014,Buick,enclave,"Preferred, Essence, Avenir",1,0,0,B,no wheel inventory for bolt/diameter,missing_inventory_wheels,255/55R20|255/60R19|255/65R18,6x132,18|19|20
20a63e9d-4a2a-4adf-9e5e-6c301df715e6,2015,Buick,enclave,Preferred,1,0,0,B,no wheel inventory for bolt/diameter,missing_inventory_wheels,255/55R20|255/60R19|255/65R18,6x132,18|19|20
26893b77-a7cd-4224-9ed7-c17b1c65af9a,2015,Buick,enclave,Avenir,1,0,0,B,no wheel inventory for bolt/diameter,missing_inventory_wheels,255/55R20|255/60R19|255/65R18,6x132,18|19|20
5b3d6813-f5e0-4ae8-b4f2-6970387b4388,2015,Buick,enclave,"Preferred, Essence, Avenir",1,0,0,B,no wheel inventory for bolt/diameter,missing_inventory_wheels,255/55R20|255/60R19|255/65R18,6x132,18|19|20
b264ce87-68c9-479f-8202-bb3fb873c0ee,2015,Buick,enclave,Essence,1,0,0,B,no wheel inventory for bolt/diameter,missing_inventory_wheels,255/55R20|255/60R19|255/65R18,6x132,18|19|20
b907f46d-0490-445c-959f-e188dc5a7bca,2016,Buick,enclave,"Preferred, Essence, Avenir",1,0,0,B,no wheel inventory for bolt/diameter,missing_inventory_wheels,255/55R20|255/60R19|255/65R18,6x132,18|19|20
94928bb9-cbb9-40de-9356-1b42a3e42f8f,2016,Buick,enclave,Preferred,1,0,0,B,no wheel inventory for bolt/diameter,missing_inventory_wheels,255/55R20|255/60R19|255/65R18,6x132,18|19|20
83dcda3a-3f4b-41ba-90cc-3972372ff6a6,2016,Buick,enclave,Avenir,1,0,0,B,no wheel inventory for bolt/diameter,missing_inventory_wheels,255/55R20|255/60R19|255/65R18,6x132,18|19|20
70965fbd-8f27-4882-953e-1b4000f1b4b8,2016,Buick,enclave,Essence,1,0,0,B,no wheel inventory for bolt/diameter,missing_inventory_wheels,255/55R20|255/60R19|255/65R18,6x132,18|19|20
e12419d9-cb03-4705-862f-322c8e8c8735,2017,Buick,enclave,Preferred,1,0,0,B,no wheel inventory for bolt/diameter,missing_inventory_wheels,255/55R20|255/60R19|255/65R18,6x132,18|19|20
e316afd5-5257-40f2-8903-61a12e26d3ea,2017,Buick,enclave,Avenir,1,0,0,B,no wheel inventory for bolt/diameter,missing_inventory_wheels,255/55R20|255/60R19|255/65R18,6x132,18|19|20
81c795c0-3cb7-448e-8924-e6146174253e,2017,Buick,enclave,"Preferred, Essence, Avenir",1,0,0,B,no wheel inventory for bolt/diameter,missing_inventory_wheels,255/55R20|255/60R19|255/65R18,6x132,18|19|20
f789d6a8-b01c-41ee-b89e-bdd5e4c1ca54,2017,Buick,enclave,Essence,1,0,0,B,no wheel inventory for bolt/diameter,missing_inventory_wheels,255/55R20|255/60R19|255/65R18,6x132,18|19|20
21ffa53f-d6c7-4b8a-aaf8-33f9590c0031,2019,Buick,enclave,Avenir,0,618,3,C,no tire inventory for size(s),missing_inventory_tires,265/50R21,5x120,21
56698d5f-9bc4-4afa-9c53-8ed8f83f3eb1,2020,Buick,enclave,Avenir,0,618,3,C,no tire inventory for size(s),missing_inventory_tires,265/50R21,5x120,21
68a17390-fe71-4c51-98d3-bd2615fa3f9a,2021,Buick,enclave,Avenir,0,618,3,C,no tire inventory for size(s),missing_inventory_tires,265/50R21,5x120,21
041241ca-e374-4a89-bf98-3e750df3a3b8,2022,Buick,enclave,Avenir,0,618,3,C,no tire inventory for size(s),missing_inventory_tires,265/50R21,5x120,21
17c2c829-7f39-433c-ad1c-648421d38c54,2023,Buick,enclave,Avenir,0,618,3,C,no tire inventory for size(s),missing_inventory_tires,265/50R21,5x120,21
2f3daf9f-02e6-46ef-8ebb-0ad1c413ba0f,2024,Buick,enclave,Avenir,0,618,3,C,no tire inventory for size(s),missing_inventory_tires,265/50R21,5x120,21
6f353636-33f4-4079-86c1-b490710e8388,2025,Buick,enclave,Avenir,0,618,3,C,no tire inventory for size(s),missing_inventory_tires,265/50R21,5x120,21
79230211-80af-4b12-a2f9-58652d236e05,2026,Buick,enclave,Avenir,0,618,3,C,no tire inventory for size(s),missing_inventory_tires,265/50R21,5x120,21
c19fd613-ab4b-4011-91bb-3dd7fb12f1ce,2010,Buick,lacrosse,Essence,1,0,0,B,no wheel inventory for bolt/diameter,missing_inventory_wheels,235/50R17|235/50R18|245/45R19,5x120,17|18|19
581194f1-f96e-40e0-a80a-e9b8760be178,2010,Buick,lacrosse,"Base, Preferred, Essence, Avenir",1,0,0,B,no wheel inventory for bolt/diameter,missing_inventory_wheels,235/50R17|235/50R18|245/45R19,5x120,17|18|19
8bfc0f2b-4cdc-4aad-91d9-c9ceb4f91668,2010,Buick,lacrosse,Avenir,1,0,0,B,no wheel inventory for bolt/diameter,missing_inventory_wheels,235/50R17|235/50R18|245/45R19,5x120,17|18|19
11e79f78-0914-48dc-8024-0c92111abb41,2010,Buick,lacrosse,Preferred,1,0,0,B,no wheel inventory for bolt/diameter,missing_inventory_wheels,235/50R17|235/50R18|245/45R19,5x120,17|18|19
233ada66-6b5e-4f3d-b41c-e15fee0c72d2,2010,Buick,lacrosse,Base,1,0,0,B,no wheel inventory for bolt/diameter,missing_inventory_wheels,235/50R17|235/50R18|245/45R19,5x120,17|18|19
f32fe527-64e7-4be4-a004-fb3c357b841c,2011,Buick,lacrosse,Base,1,0,0,B,no wheel inventory for bolt/diameter,missing_inventory_wheels,235/50R17|235/50R18|245/45R19,5x120,17|18|19
c6743376-5fce-4dbd-9b47-057d3419da42,2011,Buick,lacrosse,Essence,1,0,0,B,no wheel inventory for bolt/diameter,missing_inventory_wheels,235/50R17|235/50R18|245/45R19,5x120,17|18|19
1459256c-92c6-4175-9cac-969b1228f9e3,2011,Buick,lacrosse,Preferred,1,0,0,B,no wheel inventory for bolt/diameter,missing_inventory_wheels,235/50R17|235/50R18|245/45R19,5x120,17|18|19
23ac98d6-22b5-4294-9076-f0e6738e1e47,2011,Buick,lacrosse,"Base, Preferred, Essence, Avenir",1,0,0,B,no wheel inventory for bolt/diameter,missing_inventory_wheels,235/50R17|235/50R18|245/45R19,5x120,17|18|19
7363b540-01f7-46dc-acd4-6ea8cf098494,2011,Buick,lacrosse,Avenir,1,0,0,B,no wheel inventory for bolt/diameter,missing_inventory_wheels,235/50R17|235/50R18|245/45R19,5x120,17|18|19
a77705cc-282b-48b5-b3c3-a744572782ec,2012,Buick,lacrosse,Essence,1,0,0,B,no wheel inventory for bolt/diameter,missing_inventory_wheels,235/50R17|235/50R18|245/45R19,5x120,17|18|19
313df336-af17-4830-9747-d223d2744cd5,2012,Buick,lacrosse,Base,1,0,0,B,no wheel inventory for bolt/diameter,missing_inventory_wheels,235/50R17|235/50R18|245/45R19,5x120,17|18|19
b630b62a-fa45-46f8-b227-5a0ab6a6c5f5,2012,Buick,lacrosse,Avenir,1,0,0,B,no wheel inventory for bolt/diameter,missing_inventory_wheels,235/50R17|235/50R18|245/45R19,5x120,17|18|19
2045b6fd-ad0b-47e3-85ea-daa683327986,2012,Buick,lacrosse,"Base, Preferred, Essence, Avenir",1,0,0,B,no wheel inventory for bolt/diameter,missing_inventory_wheels,235/50R17|235/50R18|245/45R19,5x120,17|18|19
14c359a7-ad86-4cc3-85a7-e1b1132b6327,2012,Buick,lacrosse,Preferred,1,0,0,B,no wheel inventory for bolt/diameter,missing_inventory_wheels,235/50R17|235/50R18|245/45R19,5x120,17|18|19
ed5456ef-1d76-4425-aac8-f153280fcd63,2013,Buick,lacrosse,Essence,1,0,0,B,no wheel inventory for bolt/diameter,missing_inventory_wheels,235/50R17|235/50R18|245/45R19,5x120,17|18|19
4dbc08b2-1e8b-46b1-b2a8-a1f1489b8631,2013,Buick,lacrosse,"Base, Preferred, Essence, Avenir",1,0,0,B,no wheel inventory for bolt/diameter,missing_inventory_wheels,235/50R17|235/50R18|245/45R19,5x120,17|18|19
dda78e10-131e-4a21-a5b5-a0c5ddc8b70d,2013,Buick,lacrosse,Preferred,1,0,0,B,no wheel inventory for bolt/diameter,missing_inventory_wheels,235/50R17|235/50R18|245/45R19,5x120,17|18|19
45f998f6-f055-4192-9514-0373308b34a8,2013,Buick,lacrosse,Base,1,0,0,B,no wheel inventory for bolt/diameter,missing_inventory_wheels,235/50R17|235/50R18|245/45R19,5x120,17|18|19
32008ddd-1099-457d-af30-b3b8fd4ae191,2013,Buick,lacrosse,Avenir,1,0,0,B,no wheel inventory for bolt/diameter,missing_inventory_wheels,235/50R17|235/50R18|245/45R19,5x120,17|18|19
eef911ad-405b-4620-86d4-b615935ce7ff,2014,Buick,lacrosse,Preferred,1,0,0,B,no wheel inventory for bolt/diameter,missing_inventory_wheels,235/50R17|235/50R18|245/45R19,5x120,17|18|19
d35ad0a1-536f-4ddc-8d3e-6e0931dafa37,2014,Buick,lacrosse,Base,1,0,0,B,no wheel inventory for bolt/diameter,missing_inventory_wheels,235/50R17|235/50R18|245/45R19,5x120,17|18|19
448521af-a993-4611-a8a0-0aaa95dd7eed,2014,Buick,lacrosse,"Base, Preferred, Essence, Avenir",1,0,0,B,no wheel inventory for bolt/diameter,missing_inventory_wheels,235/50R17|235/50R18|245/45R19,5x120,17|18|19
b41d1779-9f30-4c85-908c-761cdf51853a,2014,Buick,lacrosse,Essence,1,0,0,B,no wheel inventory for bolt/diameter,missing_inventory_wheels,235/50R17|235/50R18|245/45R19,5x120,17|18|19
ec14f8ed-4f30-439c-b1b6-9ef97a935189,2014,Buick,lacrosse,Avenir,1,0,0,B,no wheel inventory for bolt/diameter,missing_inventory_wheels,235/50R17|235/50R18|245/45R19,5x120,17|18|19
40402f31-ae14-42ca-ad8a-8e4608516451,2015,Buick,lacrosse,Avenir,1,0,0,B,no wheel inventory for bolt/diameter,missing_inventory_wheels,235/50R17|235/50R18|245/45R19,5x120,17|18|19
adc718c4-a693-4bee-aa9a-8ba3d03791d0,2015,Buick,lacrosse,Base,1,0,0,B,no wheel inventory for bolt/diameter,missing_inventory_wheels,235/50R17|235/50R18|245/45R19,5x120,17|18|19
aa3a14af-a501-43e2-be7f-4214f4e11fa5,2015,Buick,lacrosse,Preferred,1,0,0,B,no wheel inventory for bolt/diameter,missing_inventory_wheels,235/50R17|235/50R18|245/45R19,5x120,17|18|19
a3640667-71f7-4c78-9d86-8f9ea7cb75f0,2015,Buick,lacrosse,"Base, Preferred, Essence, Avenir",1,0,0,B,no wheel inventory for bolt/diameter,missing_inventory_wheels,235/50R17|235/50R18|245/45R19,5x120,17|18|19
c490da27-d696-4ce8-b7fa-947041000a00,2015,Buick,lacrosse,Essence,1,0,0,B,no wheel inventory for bolt/diameter,missing_inventory_wheels,235/50R17|235/50R18|245/45R19,5x120,17|18|19
eb0709cb-7258-43d9-a9c0-70ad00731b97,2016,Buick,lacrosse,Avenir,1,0,0,B,no wheel inventory for bolt/diameter,missing_inventory_wheels,235/50R17|235/50R18|245/45R19,5x120,17|18|19
efc203e7-38d7-4a8b-ac81-ae486a9aa354,2016,Buick,lacrosse,Preferred,1,0,0,B,no wheel inventory for bolt/diameter,missing_inventory_wheels,235/50R17|235/50R18|245/45R19,5x120,17|18|19
f586b109-9efe-4197-87c2-981c345da55a,2016,Buick,lacrosse,"Base, Preferred, Essence, Avenir",1,0,0,B,no wheel inventory for bolt/diameter,missing_inventory_wheels,235/50R17|235/50R18|245/45R19,5x120,17|18|19
0fa73321-667f-4a44-9296-b65d057d0761,2016,Buick,lacrosse,Base,1,0,0,B,no wheel inventory for bolt/diameter,missing_inventory_wheels,235/50R17|235/50R18|245/45R19,5x120,17|18|19
b51a541e-edea-4f3e-aed0-9e686ce5098c,2016,Buick,lacrosse,Essence,1,0,0,B,no wheel inventory for bolt/diameter,missing_inventory_wheels,235/50R17|235/50R18|245/45R19,5x120,17|18|19
13a8b836-20e1-4d41-a4f4-313e6999be56,2005,Buick,regal,Base,1,0,0,B,no wheel inventory for bolt/diameter,missing_inventory_wheels,225/55R17|245/40R19|245/45R18,5x120,17|18|19
10e11fd2-b2ef-429a-8cea-6c8b59e3c827,2006,Buick,regal,Base,1,0,0,B,no wheel inventory for bolt/diameter,missing_inventory_wheels,225/55R17|245/40R19|245/45R18,5x120,17|18|19
8212f499-b89e-4ee8-ab4e-4aaf5a2d8fdf,2007,Buick,regal,Base,1,0,0,B,no wheel inventory for bolt/diameter,missing_inventory_wheels,225/55R17|245/40R19|245/45R18,5x120,17|18|19
b95888ae-3d9d-4e5e-9e5c-5bbbfc38d6bf,2008,Buick,regal,Base,1,0,0,B,no wheel inventory for bolt/diameter,missing_inventory_wheels,225/55R17|245/40R19|245/45R18,5x120,17|18|19
ea042fe8-8baf-49d7-9fe2-cde602dda609,2009,Buick,regal,Base,1,0,0,B,no wheel inventory for bolt/diameter,missing_inventory_wheels,225/55R17|245/40R19|245/45R18,5x120,17|18|19
f8b22a0d-fd78-482e-bbf1-9df46911c3de,2010,Buick,regal,Base,1,0,0,B,no wheel inventory for bolt/diameter,missing_inventory_wheels,225/55R17|245/40R19|245/45R18,5x120,17|18|19
0c962e08-facb-4d4b-ad33-1f880f0ec9a3,2013,Buick,regal,Sportback,1,0,0,B,no wheel inventory for bolt/diameter,missing_inventory_wheels,225/55R17|235/50R18|245/40R19,5x120,17|18|19
7e8468b8-fcae-4041-83da-d50c6894efeb,2013,Buick,regal,"Sportback, TourX, GS",1,0,0,B,no wheel inventory for bolt/diameter,missing_inventory_wheels,225/55R17|235/50R18|245/40R19,5x120,17|18|19
8f141340-2aec-46f3-8015-578b31ba6f6a,2013,Buick,regal,TourX,1,0,0,B,no wheel inventory for bolt/diameter,missing_inventory_wheels,225/55R17|235/50R18|245/40R19,5x120,17|18|19
4583890e-a1e3-4c41-9463-a0cabc30f2f0,2014,Buick,regal,"Sportback, TourX, GS",1,0,0,B,no wheel inventory for bolt/diameter,missing_inventory_wheels,225/55R17|235/50R18|245/40R19,5x120,17|18|19
6398d50e-c560-461f-8b7b-434277d35470,2014,Buick,regal,Sportback,1,0,0,B,no wheel inventory for bolt/diameter,missing_inventory_wheels,225/55R17|235/50R18|245/40R19,5x120,17|18|19
2207bf5f-f567-4529-87ea-a28349c11556,2014,Buick,regal,TourX,1,0,0,B,no wheel inventory for bolt/diameter,missing_inventory_wheels,225/55R17|235/50R18|245/40R19,5x120,17|18|19
56751bba-8c41-4584-870d-10b81ce64815,2015,Buick,regal,TourX,1,0,0,B,no wheel inventory for bolt/diameter,missing_inventory_wheels,225/55R17|235/50R18|245/40R19,5x120,17|18|19
4cc8bd98-7b28-4caf-85f9-0f5693483f11,2015,Buick,regal,Sportback,1,0,0,B,no wheel inventory for bolt/diameter,missing_inventory_wheels,225/55R17|235/50R18|245/40R19,5x120,17|18|19
35b8afa1-f9ae-4c71-ab0e-9841dd2bdf16,2015,Buick,regal,"Sportback, TourX, GS",1,0,0,B,no wheel inventory for bolt/diameter,missing_inventory_wheels,225/55R17|235/50R18|245/40R19,5x120,17|18|19
6eb337f9-6e3a-4967-bd7e-7f73e3074634,2016,Buick,regal,TourX,1,0,0,B,no wheel inventory for bolt/diameter,missing_inventory_wheels,225/55R17|235/50R18|245/40R19,5x120,17|18|19
58329295-b573-480e-b1ba-9130adcc23db,2016,Buick,regal,Sportback,1,0,0,B,no wheel inventory for bolt/diameter,missing_inventory_wheels,225/55R17|235/50R18|245/40R19,5x120,17|18|19
0231fc26-678f-4495-9b2e-e1d96098b1c9,2016,Buick,regal,"Sportback, TourX, GS",1,0,0,B,no wheel inventory for bolt/diameter,missing_inventory_wheels,225/55R17|235/50R18|245/40R19,5x120,17|18|19
901e6b38-c244-45c2-b04c-eb254fd304d1,2017,Buick,regal,Sportback,1,0,0,B,no wheel inventory for bolt/diameter,missing_inventory_wheels,225/55R17|235/50R18|245/40R19,5x120,17|18|19
8b66a2f5-8496-4270-9633-056f1edc8b90,2017,Buick,regal,"Sportback, TourX, GS",1,0,0,B,no wheel inventory for bolt/diameter,missing_inventory_wheels,225/55R17|235/50R18|245/40R19,5x120,17|18|19
7ed8a54b-eb25-4639-954f-6487c015d5f8,2017,Buick,regal,TourX,1,0,0,B,no wheel inventory for bolt/diameter,missing_inventory_wheels,225/55R17|235/50R18|245/40R19,5x120,17|18|19
3675fa24-8d1d-447c-9f9d-67622463509a,2021,Buick,regal,Base,1,0,0,B,no wheel inventory for bolt/diameter,missing_inventory_wheels,225/55R17|245/40R19|245/45R18,5x120,17|18|19
50ecc4f2-7954-46cd-8ab0-5148fdb68fa7,2022,Buick,regal,Base,1,0,0,B,no wheel inventory for bolt/diameter,missing_inventory_wheels,225/55R17|245/40R19|245/45R18,5x120,17|18|19
e0b45bbf-5f76-4010-8d1e-fc78803dcbf3,2023,Buick,regal,Base,1,0,0,B,no wheel inventory for bolt/diameter,missing_inventory_wheels,225/55R17|245/40R19|245/45R18,5x120,17|18|19
c1cca0a4-964f-46ca-8acd-4d7a0e4cca67,2024,Buick,regal,Base,1,0,0,B,no wheel inventory for bolt/diameter,missing_inventory_wheels,225/55R17|245/40R19|245/45R18,5x120,17|18|19
e93651a2-c998-46aa-9b25-b236eff21419,2025,Buick,regal,Base,1,0,0,B,no wheel inventory for bolt/diameter,missing_inventory_wheels,225/55R17|245/40R19|245/45R18,5x120,17|18|19
ecbc97db-fbf4-4835-83f9-d245f99978ff,2026,Buick,regal,Base,1,0,0,B,no wheel inventory for bolt/diameter,missing_inventory_wheels,225/55R17|245/40R19|245/45R18,5x120,17|18|19
914e7580-bb76-43b3-84f8-ed4e449eaff3,2018,Cadillac,ATS,Premium Performance Sedan,0,180,3,C,only vintage/non-standard sizes: 225/40RF18 255/35RF18,vintage_tire_size,225/40RF18|255/35RF18,5x115,18
5f68931f-906d-4e10-bb4e-56091c742884,2018,Cadillac,ATS,Premium Performance Coupe,0,180,3,C,only vintage/non-standard sizes: 225/40RF18 255/35RF18,vintage_tire_size,225/40RF18|255/35RF18,5x115,18
8b536788-72e3-435d-be70-d1be9f1cdc43,2018,Cadillac,CTS,Base,0,618,3,C,only vintage/non-standard sizes: P245/45RF17,vintage_tire_size,P245/45RF17,5x120,
444791f3-2039-4c83-887f-a060ce6db003,1955,Cadillac,DeVille,Base,0,140,3,C,only vintage/non-standard sizes: 8.00-15,vintage_tire_size,8.00-15,5x115,15
d0d4f595-2941-49d7-a8c6-2a88827b65b2,1956,Cadillac,DeVille,Base,0,140,3,C,only vintage/non-standard sizes: 8.00-15,vintage_tire_size,8.00-15,5x115,15
53acfd6a-bccc-415d-8c19-6a6d11b2f756,1957,Cadillac,DeVille,Base,0,140,3,C,only vintage/non-standard sizes: 8.00-15,vintage_tire_size,8.00-15,5x115,15
d5b02d12-33b5-427b-8c00-7e1dc1f77d14,1958,Cadillac,DeVille,Base,0,140,3,C,only vintage/non-standard sizes: 8.00-15,vintage_tire_size,8.00-15,5x115,15
35c60f09-5e64-42e0-831f-2be9838f871c,1959,Cadillac,DeVille,Base,0,140,3,C,only vintage/non-standard sizes: 8.00-15,vintage_tire_size,8.00-15,5x115,15
78fd73d6-1afd-4970-af48-5bb296da3144,1960,Cadillac,DeVille,Base,0,140,3,C,only vintage/non-standard sizes: 8.00-15,vintage_tire_size,8.00-15,5x115,15
2ac842c5-385e-42d8-b292-5037eb786411,1961,Cadillac,DeVille,Base,0,140,3,C,only vintage/non-standard sizes: 8.00-15,vintage_tire_size,8.00-15,5x115,15
931c6115-99b3-494f-aaf7-142ef49603ca,1962,Cadillac,DeVille,Base,0,140,3,C,only vintage/non-standard sizes: 8.00-15,vintage_tire_size,8.00-15,5x115,15
3cb6cb51-81d2-4946-8255-e88352465949,1963,Cadillac,DeVille,Base,0,140,3,C,only vintage/non-standard sizes: 8.00-15,vintage_tire_size,8.00-15,5x115,15
e9b0e5ab-495a-4a5d-aa39-5ff4b1067f2f,1964,Cadillac,DeVille,Base,0,140,3,C,only vintage/non-standard sizes: 8.00-15,vintage_tire_size,8.00-15,5x115,15
90983538-3f72-4d25-bc40-020411854909,1955,Cadillac,Eldorado,Base,0,140,3,C,only vintage/non-standard sizes: 8.00-15,vintage_tire_size,8.00-15,5x115,15
0e379b14-65c4-475d-9264-82898315accb,1956,Cadillac,Eldorado,Base,0,140,3,C,only vintage/non-standard sizes: 8.00-15,vintage_tire_size,8.00-15,5x115,15
ead8fedb-7726-4dad-80a1-22a3b076ba27,1957,Cadillac,Eldorado,Base,0,140,3,C,only vintage/non-standard sizes: 8.00-15,vintage_tire_size,8.00-15,5x115,15
189e9ac4-f1e9-4329-aed5-665def5c5dc8,1958,Cadillac,Eldorado,Base,0,140,3,C,only vintage/non-standard sizes: 8.00-15,vintage_tire_size,8.00-15,5x115,15
f23c6570-085c-4f48-abe2-d1d2fe74f399,1959,Cadillac,Eldorado,Base,0,140,3,C,only vintage/non-standard sizes: 8.00-15,vintage_tire_size,8.00-15,5x115,15
9839b78b-1f4a-4f1c-a967-b1300fdd0b61,1960,Cadillac,Eldorado,Base,0,140,3,C,only vintage/non-standard sizes: 8.00-15,vintage_tire_size,8.00-15,5x115,15
bc819a27-3abf-4720-b58c-0fb2a756c824,1961,Cadillac,Eldorado,Base,0,140,3,C,only vintage/non-standard sizes: 8.00-15,vintage_tire_size,8.00-15,5x115,15
5787eacb-5a3b-4e73-b1e8-f137fc1aabf7,1962,Cadillac,Eldorado,Base,0,140,3,C,only vintage/non-standard sizes: 8.00-15,vintage_tire_size,8.00-15,5x115,15
a17efca2-fe2c-4782-b8a4-c722e2bfeaa7,1963,Cadillac,Eldorado,Base,0,140,3,C,only vintage/non-standard sizes: 8.00-15,vintage_tire_size,8.00-15,5x115,15
0b50227f-1125-4a43-b26b-72ab449ae251,1964,Cadillac,Eldorado,Base,0,140,3,C,only vintage/non-standard sizes: 8.00-15,vintage_tire_size,8.00-15,5x115,15
e93a08c4-42e2-45f8-b357-ef3f8d992d82,1965,Cadillac,Eldorado,Base,0,140,3,C,only vintage/non-standard sizes: 8.00-15,vintage_tire_size,8.00-15,5x115,15
e2709153-062d-4281-b4a2-cd7f46f17523,1966,Cadillac,Eldorado,Base,0,140,3,C,only vintage/non-standard sizes: 8.00-15,vintage_tire_size,8.00-15,5x115,15
1223fcc5-b074-4bb3-877e-2f240a812878,1955,Cadillac,Fleetwood,Base,0,102,3,C,only vintage/non-standard sizes: 8.00-15,vintage_tire_size,8.00-15,5x127,15
95f15b7a-fe6f-4319-8c03-b33309d0049b,1956,Cadillac,Fleetwood,Base,0,102,3,C,only vintage/non-standard sizes: 8.00-15,vintage_tire_size,8.00-15,5x127,15
e95c2b21-3c55-4028-b0b4-95b786f29e24,1957,Cadillac,Fleetwood,Base,0,102,3,C,only vintage/non-standard sizes: 8.00-15,vintage_tire_size,8.00-15,5x127,15
dbe50b12-a124-45ce-90e3-39047a8b6eef,1958,Cadillac,Fleetwood,Base,0,102,3,C,only vintage/non-standard sizes: 8.00-15,vintage_tire_size,8.00-15,5x127,15
af05f99c-66f8-4ae8-805c-7b82ca1cae2c,1959,Cadillac,Fleetwood,Base,0,102,3,C,only vintage/non-standard sizes: 8.20-15,vintage_tire_size,8.20-15,5x127,15
968c5da6-6177-4cce-ae1c-9d66f51a19c3,1960,Cadillac,Fleetwood,Base,0,102,3,C,only vintage/non-standard sizes: 8.20-15,vintage_tire_size,8.20-15,5x127,15
6b98a0db-f9d3-49e7-8412-8704b116860a,1961,Cadillac,Fleetwood,Base,0,102,3,C,only vintage/non-standard sizes: 8.20-15,vintage_tire_size,8.20-15,5x127,15
10a19203-b3c2-4c83-bd1f-8784fdf20d9d,1962,Cadillac,Fleetwood,Base,0,102,3,C,only vintage/non-standard sizes: 8.20-15,vintage_tire_size,8.20-15,5x127,15
72301851-afb9-4834-a227-43fb47eea27d,1963,Cadillac,Fleetwood,Base,0,102,3,C,only vintage/non-standard sizes: 8.20-15,vintage_tire_size,8.20-15,5x127,15
eda4c111-cda6-41da-bc45-fc426583e695,1964,Cadillac,Fleetwood,Base,0,102,3,C,only vintage/non-standard sizes: 8.20-15,vintage_tire_size,8.20-15,5x127,15
477ce9e6-e1ed-417f-b78f-c0d4b50e8df4,1965,Cadillac,Fleetwood,Base,0,102,3,C,only vintage/non-standard sizes: 8.20-15,vintage_tire_size,8.20-15,5x127,15
31c957fa-0489-40ad-bef7-5efc910dd4e3,1966,Cadillac,Fleetwood,Base,0,102,3,C,only vintage/non-standard sizes: 8.20-15,vintage_tire_size,8.20-15,5x127,15
b3eb7610-33bb-46ff-80e4-daeecdfd0dc9,1967,Cadillac,Fleetwood,Base,0,102,3,C,only vintage/non-standard sizes: 8.20-15,vintage_tire_size,8.20-15,5x127,15
555d821c-f619-499d-9439-923100010ec6,1968,Cadillac,Fleetwood,Base,0,102,3,C,only vintage/non-standard sizes: 8.20-15,vintage_tire_size,8.20-15,5x127,15
6f78c99d-656c-4c4f-915d-cd334136fc8c,1969,Cadillac,Fleetwood,Base,0,102,3,C,only vintage/non-standard sizes: 8.20-15,vintage_tire_size,8.20-15,5x127,15
31935e86-d835-4cf8-800d-4d52f045aa57,1970,Cadillac,Fleetwood,Base,0,102,3,C,only vintage/non-standard sizes: 8.20-15,vintage_tire_size,8.20-15,5x127,15
c2e386b2-540a-4605-b6a2-880369df04ed,2008,Cadillac,cts,Luxury,1,0,0,B,no wheel inventory for bolt/diameter,missing_inventory_wheels,P235/55R17|P245/45R18|P255/35R19|P285/35R19,5x120,17|18|19
c8f5fc9c-b46a-4288-bf42-77d62a6a3369,2008,Cadillac,cts,Base,1,0,0,B,no wheel inventory for bolt/diameter,missing_inventory_wheels,P235/55R17|P245/45R18|P255/35R19|P285/35R19,5x120,17|18|19
e6092bb1-3c29-42b4-9e08-b997114f6d56,2008,Cadillac,cts,"Base, Luxury, Premium Luxury, V-Sport, V",1,0,0,B,no wheel inventory for bolt/diameter,missing_inventory_wheels,P235/55R17|P245/45R18|P255/40R19,5x120,17|18|19
0bad55ee-a33d-4b73-adb1-fcfbc24dc59f,2009,Cadillac,cts,"Base, Luxury, Premium Luxury, V-Sport, V",1,0,0,B,no wheel inventory for bolt/diameter,missing_inventory_wheels,P235/55R17|P245/45R18|P255/40R19,5x120,17|18|19
3a336d05-e880-4b16-92d1-158a9b6c43ac,2009,Cadillac,cts,Luxury,1,0,0,B,no wheel inventory for bolt/diameter,missing_inventory_wheels,P235/55R17|P245/45R18|P255/35R19|P285/35R19,5x120,17|18|19
ab67dec8-0a00-456e-a685-a1f595a4597a,2009,Cadillac,cts,Base,1,0,0,B,no wheel inventory for bolt/diameter,missing_inventory_wheels,P235/55R17|P245/45R18|P255/35R19|P285/35R19,5x120,17|18|19
0218bbdb-ed27-44e3-975a-5093e0f6a6a2,2010,Cadillac,cts,Base,1,0,0,B,no wheel inventory for bolt/diameter,missing_inventory_wheels,245/45R19|P235/55R17|P245/45R18|P255/35R19|P285/35R19,5x120,17|18|19
1e0f03ab-aa5a-434d-9614-f080b71c207d,2010,Cadillac,cts,Luxury,1,0,0,B,no wheel inventory for bolt/diameter,missing_inventory_wheels,245/45R19|P235/55R17|P245/45R18|P255/35R19|P285/35R19,5x120,17|18|19
e438aee5-729e-44d5-bb34-8da251fe582b,2010,Cadillac,cts,"Base, Luxury, Premium Luxury, V-Sport, V",1,0,0,B,no wheel inventory for bolt/diameter,missing_inventory_wheels,245/45R19|P235/55R17|P245/45R18|P255/40R19,5x120,17|18|19
205c46a7-10b1-466f-b603-08e255f57661,2011,Cadillac,cts,"Base, Luxury, Premium Luxury, V-Sport, V",1,0,0,B,no wheel inventory for bolt/diameter,missing_inventory_wheels,245/45R19|265/45R18|275/40R19|P235/55R17|P245/45R18|P255/40R19,5x120,17|18|19
0c3ab928-be2e-4f7f-926b-e842eb910c10,2011,Cadillac,cts,Base,1,0,0,B,no wheel inventory for bolt/diameter,missing_inventory_wheels,245/45R19|265/45R18|275/40R19|P235/55R17|P245/45R18|P255/35R19|P285/35R19,5x120,17|18|19
cd6a2f0c-ce2e-4277-969d-f69796cd6537,2011,Cadillac,cts,Luxury,1,0,0,B,no wheel inventory for bolt/diameter,missing_inventory_wheels,245/45R19|265/45R18|275/40R19|P235/55R17|P245/45R18|P255/35R19|P285/35R19,5x120,17|18|19
93f9f0af-0dcf-4172-b142-69ff02973012,2012,Cadillac,cts,Luxury,1,0,0,B,no wheel inventory for bolt/diameter,missing_inventory_wheels,245/45R19|265/45R18|275/40R19|P235/55R17|P245/45R18|P255/35R19|P285/35R19,5x120,17|18|19
ede822c7-7f41-4303-85fa-afa20bc9b484,2012,Cadillac,cts,Base,1,0,0,B,no wheel inventory for bolt/diameter,missing_inventory_wheels,245/45R19|265/45R18|275/40R19|P235/55R17|P245/45R18|P255/35R19|P285/35R19,5x120,17|18|19
5fc1270a-f80f-42d6-a5a0-bf9a477c9a47,2012,Cadillac,cts,"Base, Luxury, Premium Luxury, V-Sport, V",1,0,0,B,no wheel inventory for bolt/diameter,missing_inventory_wheels,245/45R19|265/45R18|275/40R19|P235/55R17|P245/45R18|P255/40R19,5x120,17|18|19
916f7c5b-f356-4812-b624-59185dd0e9ce,2013,Cadillac,cts,Base,1,0,0,B,no wheel inventory for bolt/diameter,missing_inventory_wheels,245/45R19|265/45R18|275/40R19|P235/55R17|P245/45R18|P255/35R19|P285/35R19,5x120,17|18|19
f2f7333c-754f-46e5-be7c-9aca42373c42,2013,Cadillac,cts,"Base, Luxury, Premium Luxury, V-Sport, V",1,0,0,B,no wheel inventory for bolt/diameter,missing_inventory_wheels,245/45R19|265/45R18|275/40R19|P235/55R17|P245/45R18|P255/40R19,5x120,17|18|19
30f3dc26-99aa-4179-b971-636389263c6c,2013,Cadillac,cts,Luxury,1,0,0,B,no wheel inventory for bolt/diameter,missing_inventory_wheels,245/45R19|265/45R18|275/40R19|P235/55R17|P245/45R18|P255/35R19|P285/35R19,5x120,17|18|19
c70382d6-b99c-4183-989f-61652782999d,2014,Cadillac,cts,V,1,0,0,B,no wheel inventory for bolt/diameter,missing_inventory_wheels,P245/40R18|P245/45R17|P265/35R19,5x120,17|18|19
0e2a9e40-4a97-4052-9b5f-f4e1059740d2,2014,Cadillac,cts,Base,1,0,0,B,no wheel inventory for bolt/diameter,missing_inventory_wheels,P245/35R19|P245/40R18|P245/45R17|P275/30R19,5x120,17|18|19
cfc38832-b826-4bbf-9865-a5a1534052d0,2014,Cadillac,cts,Luxury,1,0,0,B,no wheel inventory for bolt/diameter,missing_inventory_wheels,P245/35R19|P245/40R18|P245/45R17|P275/30R19,5x120,17|18|19
e9529828-a23c-49a1-b076-a2b2e1ad258d,2014,Cadillac,cts,"Base, Luxury, Premium Luxury, V-Sport, V",1,0,0,B,no wheel inventory for bolt/diameter,missing_inventory_wheels,P245/40R18|P245/45R17|P265/35R19,5x120,17|18|19
02988239-7e9b-4488-b690-22e4fb2f8109,2014,Cadillac,cts,Premium Luxury,1,0,0,B,no wheel inventory for bolt/diameter,missing_inventory_wheels,P245/40R18|P245/45R17|P265/35R19,5x120,17|18|19
76e7d9cd-3670-4993-b37c-34045a2b126e,2014,Cadillac,cts,V-Sport,1,0,0,B,no wheel inventory for bolt/diameter,missing_inventory_wheels,P245/40R18|P245/45R17|P265/35R19,5x120,17|18|19
cdeceb42-ddc4-47ce-b4b7-12f6f7e761c3,2015,Cadillac,cts,V,1,0,0,B,no wheel inventory for bolt/diameter,missing_inventory_wheels,P245/40R18|P245/45R17|P265/35R19,5x120,17|18|19
5642c75a-37fb-46c0-9ec2-c0231e14a37e,2015,Cadillac,cts,"Base, Luxury, Premium Luxury, V-Sport, V",1,0,0,B,no wheel inventory for bolt/diameter,missing_inventory_wheels,P245/40R18|P245/45R17|P265/35R19,5x120,17|18|19
ac5b935c-4dae-43d5-ad14-fe6e16de4f52,2015,Cadillac,cts,Base,1,0,0,B,no wheel inventory for bolt/diameter,missing_inventory_wheels,P245/35R19|P245/40R18|P245/45R17|P275/30R19,5x120,17|18|19
f1677870-40fa-4dec-bd46-52c68871dbde,2015,Cadillac,cts,Premium Luxury,1,0,0,B,no wheel inventory for bolt/diameter,missing_inventory_wheels,P245/35R19|P245/40R18|P245/45R17|P275/30R19,5x120,17|18|19
cc49f285-ca7d-46c7-b7a4-5bf4a71594f5,2015,Cadillac,cts,Luxury,1,0,0,B,no wheel inventory for bolt/diameter,missing_inventory_wheels,P245/35R19|P245/40R18|P245/45R17|P275/30R19,5x120,17|18|19
0f60291b-1683-4163-9e4c-f29a536a99d4,2015,Cadillac,cts,V-Sport,1,0,0,B,no wheel inventory for bolt/diameter,missing_inventory_wheels,P245/40R18|P245/45R17|P265/35R19,5x120,17|18|19
9234ee13-a3ec-4b3d-aebc-d2586e5e388e,2016,Cadillac,cts,V,1,0,0,B,no wheel inventory for bolt/diameter,missing_inventory_wheels,P245/40R18|P245/45R17|P265/35R19,5x120,17|18|19
ffca03e1-d3dc-421a-8271-c8b8d1d99958,2016,Cadillac,cts,V-Sport,1,0,0,B,no wheel inventory for bolt/diameter,missing_inventory_wheels,P245/40R18|P245/45R17|P265/35R19,5x120,17|18|19
784005f8-7659-4e7e-a8b2-1b25376f616c,2016,Cadillac,cts,Base,1,0,0,B,no wheel inventory for bolt/diameter,missing_inventory_wheels,P245/35R19|P245/40R18|P245/45R17|P275/30R19,5x120,17|18|19
a4b3d0a6-9d4f-4e2d-a06b-921a0a4a2c4e,2016,Cadillac,cts,"Base, Luxury, Premium Luxury, V-Sport, V",1,0,0,B,no wheel inventory for bolt/diameter,missing_inventory_wheels,P245/40R18|P245/45R17|P265/35R19,5x120,17|18|19
62ec4090-4391-4888-a106-c0caae9a4517,2016,Cadillac,cts,Premium Luxury,1,0,0,B,no wheel inventory for bolt/diameter,missing_inventory_wheels,P245/35R19|P245/40R18|P245/45R17|P275/30R19,5x120,17|18|19
12af08e1-8cdf-47fe-9664-59a0d9024d62,2016,Cadillac,cts,Luxury,1,0,0,B,no wheel inventory for bolt/diameter,missing_inventory_wheels,P245/35R19|P245/40R18|P245/45R17|P275/30R19,5x120,17|18|19
0ece61e8-662d-47af-9b8a-f963773f72e5,2017,Cadillac,cts,Luxury,1,0,0,B,no wheel inventory for bolt/diameter,missing_inventory_wheels,P245/35R19|P245/40R18|P245/45R17|P275/30R19,5x120,17|18|19
9601e0a7-af5c-4343-a06a-cb8ea62c8822,2017,Cadillac,cts,Base,1,0,0,B,no wheel inventory for bolt/diameter,missing_inventory_wheels,P245/35R19|P245/40R18|P245/45R17|P275/30R19,5x120,17|18|19
a5da80e8-9743-43b5-883a-7b17b4e9aa05,2017,Cadillac,cts,Premium Luxury,1,0,0,B,no wheel inventory for bolt/diameter,missing_inventory_wheels,P245/35R19|P245/40R18|P245/45R17|P275/30R19,5x120,17|18|19
fbed0ab8-85d8-4a48-98fd-d927c2a0b291,2017,Cadillac,cts,"Base, Luxury, Premium Luxury, V-Sport, V",1,0,0,B,no wheel inventory for bolt/diameter,missing_inventory_wheels,P245/40R18|P245/45R17|P265/35R19,5x120,17|18|19
aff54d5b-f957-41f2-9dc9-cf82750ecd50,2017,Cadillac,cts,V,1,0,0,B,no wheel inventory for bolt/diameter,missing_inventory_wheels,P245/40R18|P245/45R17|P265/35R19,5x120,17|18|19
21566066-0eac-43f8-a62b-c152e5148d15,2017,Cadillac,cts,V-Sport,1,0,0,B,no wheel inventory for bolt/diameter,missing_inventory_wheels,P245/40R18|P245/45R17|P265/35R19,5x120,17|18|19
9b1c0aa0-051d-43b9-af61-26511a3a4707,2019,Cadillac,cts,V,1,0,0,B,no wheel inventory for bolt/diameter,missing_inventory_wheels,P245/40R18|P245/45R17|P265/35R19,5x120,17|18|19
a27fd136-525d-43ef-8608-2c17706d4388,2019,Cadillac,cts,V-Sport,1,0,0,B,no wheel inventory for bolt/diameter,missing_inventory_wheels,P245/40R18|P245/45R17|P265/35R19,5x120,17|18|19
a1dfb2f0-8434-4f3d-9328-c460901e9fb7,2019,Cadillac,cts,"Base, Luxury, Premium Luxury, V-Sport, V",1,0,0,B,no wheel inventory for bolt/diameter,missing_inventory_wheels,P245/40R18|P245/45R17|P265/35R19,5x120,17|18|19
d1214ec5-99ff-461a-91ca-624ff1722628,2019,Cadillac,cts,Premium Luxury,1,0,0,B,no wheel inventory for bolt/diameter,missing_inventory_wheels,P245/35R19|P245/40R18|P245/45R17|P275/30R19,5x120,17|18|19
8af4fe79-f861-4ca6-be9e-ebd3a3f5348e,2019,Cadillac,cts,Luxury,1,0,0,B,no wheel inventory for bolt/diameter,missing_inventory_wheels,P245/35R19|P245/40R18|P245/45R17|P275/30R19,5x120,17|18|19
0dc1e568-111c-4b1c-8b82-5c0fd372412e,2019,Cadillac,cts,Base,1,0,0,B,no wheel inventory for bolt/diameter,missing_inventory_wheels,P245/35R19|P245/40R18|P245/45R17|P275/30R19,5x120,17|18|19
9e798349-53d1-4c7e-b557-6d2058802a28,2007,Cadillac,escalade,Luxury,0,2000,3,C,no OEM tire sizes in record,missing_oem_tire_size,,6x139.7,17
8add9882-3997-4739-8678-44a13c4b171f,2007,Cadillac,escalade,"Luxury, Premium Luxury, Sport, Platinum, V",0,2000,3,C,no OEM tire sizes in record,missing_oem_tire_size,,6x139.7,17
27c74ed9-f607-45af-804a-e9c20aecd7a1,2007,Cadillac,escalade,Platinum,0,2000,3,C,no OEM tire sizes in record,missing_oem_tire_size,,6x139.7,17
3e2b9929-6b2f-4ba2-a496-48cca19d0387,2008,Cadillac,escalade,Platinum,0,2000,3,C,no OEM tire sizes in record,missing_oem_tire_size,,6x139.7,17
d0b259e2-d300-4c6f-b645-7ac574abf2ae,2008,Cadillac,escalade,"Luxury, Premium Luxury, Sport, Platinum, V",0,2000,3,C,no OEM tire sizes in record,missing_oem_tire_size,,6x139.7,17
acb16617-ceef-41f5-983b-bcbd6eb1c0eb,2008,Cadillac,escalade,Luxury,0,2000,3,C,no OEM tire sizes in record,missing_oem_tire_size,,6x139.7,17
56a45c18-c297-4385-8e04-887b3792a272,2006,Cadillac,xlr-v,Base,1,26,0,A,tires+wheels OK but no packages,package_generation_gap,235/40R19,5x120.65,19|20
e4c40311-73ff-40c3-8dc1-45682629395a,2007,Cadillac,xlr-v,Base,1,26,0,A,tires+wheels OK but no packages,package_generation_gap,235/40R19,5x120.65,19|20
2c21a3b3-c450-4e16-8452-d51869a69813,2008,Cadillac,xlr-v,Base,1,26,0,A,tires+wheels OK but no packages,package_generation_gap,235/40R19,5x120.65,19|20
6089832c-1d71-4966-8e66-d769a106be09,1953,Chevrolet,150,Base,0,266,3,C,only vintage/non-standard sizes: 6.70-15,vintage_tire_size,6.70-15,5x120.65,15
49b5581f-38ba-45f4-81fe-231c497b6051,1954,Chevrolet,150,Base,0,266,3,C,only vintage/non-standard sizes: 6.70-15,vintage_tire_size,6.70-15,5x120.65,15
3d3df5fc-4709-45b7-99a1-6837f22816a4,1955,Chevrolet,150,Base,0,266,3,C,only vintage/non-standard sizes: 6.70-15,vintage_tire_size,6.70-15,5x120.65,15
a5d21f5d-1987-4c3c-8a0c-8326f0f0c6e4,1956,Chevrolet,150,Base,0,266,3,C,only vintage/non-standard sizes: 6.70-15,vintage_tire_size,6.70-15,5x120.65,15
70c9ced0-4402-4a72-93fd-20ae58edbd9e,1957,Chevrolet,150,Base,0,266,3,C,only vintage/non-standard sizes: 6.70-15,vintage_tire_size,6.70-15,5x120.65,15
9f8d0348-e51e-4e50-8c49-e95e9229a0de,1953,Chevrolet,210,Base,0,266,3,C,only vintage/non-standard sizes: 6.70-15,vintage_tire_size,6.70-15,5x120.65,15
c0e2f57c-5193-48df-8e17-b08a8142f219,1954,Chevrolet,210,Base,0,266,3,C,only vintage/non-standard sizes: 6.70-15,vintage_tire_size,6.70-15,5x120.65,15
5363ff24-75b6-4e47-8100-ab1b41cc88a1,1955,Chevrolet,210,Base,0,266,3,C,only vintage/non-standard sizes: 6.70-15,vintage_tire_size,6.70-15,5x120.65,15
aa91e30f-620c-472c-b95a-8873c1d424e3,1956,Chevrolet,210,Base,0,266,3,C,only vintage/non-standard sizes: 6.70-15,vintage_tire_size,6.70-15,5x120.65,15
0314776d-1a35-4622-bba4-4a20b164404a,1957,Chevrolet,210,Base,0,266,3,C,only vintage/non-standard sizes: 6.70-15,vintage_tire_size,6.70-15,5x120.65,15
eb3166aa-01d4-4a27-8139-dfa4bdaa8161,1953,Chevrolet,Bel Air,Base,0,266,3,C,only vintage/non-standard sizes: 7.50-15,vintage_tire_size,7.50-15,5x120.65,15
b7c2d046-3338-4488-9169-33e27cc8c8c7,1954,Chevrolet,Bel Air,Base,0,266,3,C,only vintage/non-standard sizes: 7.50-15,vintage_tire_size,7.50-15,5x120.65,15
679345d7-cd97-43d8-8be2-4001381f5962,1955,Chevrolet,Bel Air,Base,0,266,3,C,only vintage/non-standard sizes: 7.50-15,vintage_tire_size,7.50-15,5x120.65,15
220c7462-a6f7-490b-897b-d801068ea3b2,1956,Chevrolet,Bel Air,Base,0,266,3,C,only vintage/non-standard sizes: 7.50-15,vintage_tire_size,7.50-15,5x120.65,15
ee3bf01d-11e1-4028-bee9-a81a659dae0e,1957,Chevrolet,Bel Air,Base,0,266,3,C,only vintage/non-standard sizes: 7.50-15,vintage_tire_size,7.50-15,5x120.65,15
ea03fde4-78bd-4452-a76b-218d6db53e36,2018,Chevrolet,Corvette,Z06,1,0,0,B,no wheel inventory for bolt/diameter,missing_inventory_wheels,P285/30ZR19|P335/25ZR20,5x120.7,19|20
0bbe02a2-e0e2-408e-b4db-20fb6d0d7764,2018,Chevrolet,Corvette,Stingray,1,0,0,B,no wheel inventory for bolt/diameter,missing_inventory_wheels,P245/35ZR19|P285/30ZR20,5x120.7,19|20
ebbb518b-68b6-4a31-a4ab-aa2d5e0437b3,2018,Chevrolet,Corvette,Grand Sport,1,0,0,B,no wheel inventory for bolt/diameter,missing_inventory_wheels,P285/30ZR19|P335/25ZR20,5x120.7,19|20
6e66e95c-efef-40f9-b8ad-010fa378cd5a,1950,Chevrolet,Deluxe,Base,0,266,3,C,only vintage/non-standard sizes: 6.00-16,vintage_tire_size,6.00-16,5x120.65,15
4f2415af-c675-42f6-a6f1-c13efec2e791,1951,Chevrolet,Deluxe,Base,0,266,3,C,only vintage/non-standard sizes: 6.00-16,vintage_tire_size,6.00-16,5x120.65,15
64076043-1e48-45b4-99ed-c8610b07d79a,1952,Chevrolet,Deluxe,Base,0,266,3,C,only vintage/non-standard sizes: 6.00-16,vintage_tire_size,6.00-16,5x120.65,15
eca7d4b1-9ebf-4e64-94e8-34a670f4e12b,2003,Chevrolet,Express 1500,Base,1,0,0,B,no wheel inventory for bolt/diameter,missing_inventory_wheels,245/75R16,5x127,16
92b6fad6-7969-46f5-8ee2-6d3b7d9b77de,2004,Chevrolet,Express 1500,Base,1,0,0,B,no wheel inventory for bolt/diameter,missing_inventory_wheels,245/75R16,5x127,16
26052834-2366-498a-babd-e7a63343b395,2005,Chevrolet,Express 1500,Base,1,0,0,B,no wheel inventory for bolt/diameter,missing_inventory_wheels,245/75R16,5x127,16
d26536ee-1175-48b2-a934-f7dabd044cc8,2006,Chevrolet,Express 1500,Base,1,0,0,B,no wheel inventory for bolt/diameter,missing_inventory_wheels,245/75R16,5x127,16
040d6a41-1cec-468b-97f6-95fff8a911b5,2007,Chevrolet,Express 1500,Base,1,0,0,B,no wheel inventory for bolt/diameter,missing_inventory_wheels,245/75R16,5x127,16
383d4b34-5713-4f53-9506-d8c5b95c29b9,2008,Chevrolet,Express 1500,Base,1,0,0,B,no wheel inventory for bolt/diameter,missing_inventory_wheels,245/75R16,5x127,16
042fe706-56d2-429a-b2c2-4ee2ec31d1ce,2009,Chevrolet,Express 1500,Base,1,0,0,B,no wheel inventory for bolt/diameter,missing_inventory_wheels,245/75R16,5x127,16
580bfcd3-0e72-4f50-b130-a4cc6a46a5bd,2010,Chevrolet,Express 1500,Base,1,0,0,B,no wheel inventory for bolt/diameter,missing_inventory_wheels,245/75R16,5x127,16
9b2ce8f4-58f4-4b72-af41-d6f4765a991e,2011,Chevrolet,Express 1500,Base,1,0,0,B,no wheel inventory for bolt/diameter,missing_inventory_wheels,245/75R16,5x127,16
29da0736-e330-43d4-8aae-f9f7c94dd9f2,2012,Chevrolet,Express 1500,Base,1,0,0,B,no wheel inventory for bolt/diameter,missing_inventory_wheels,245/75R16,5x127,16
11227084-6921-4901-a3bf-8281ce003fca,2013,Chevrolet,Express 1500,Base,1,0,0,B,no wheel inventory for bolt/diameter,missing_inventory_wheels,245/75R16,5x127,16
6fd92b14-8986-4ad6-92c0-3593fee73db7,2014,Chevrolet,Express 1500,Base,1,0,0,B,no wheel inventory for bolt/diameter,missing_inventory_wheels,245/75R16,5x127,16
95c2a870-c2bd-47f5-9066-0847e50697a1,1955,Chevrolet,Nomad,Base,0,266,3,C,only vintage/non-standard sizes: 7.50-15,vintage_tire_size,7.50-15,5x120.65,15
94c52749-c82e-49f2-9259-4a2575981918,1956,Chevrolet,Nomad,Base,0,266,3,C,only vintage/non-standard sizes: 7.50-15,vintage_tire_size,7.50-15,5x120.65,15
de70e659-d2f9-4c95-ab02-b8cc7a7e5047,1957,Chevrolet,Nomad,Base,0,266,3,C,only vintage/non-standard sizes: 7.50-15,vintage_tire_size,7.50-15,5x120.65,15
30bb91fc-a806-4e66-8920-a27e52fc1086,2018,Chevrolet,Silverado 3500 HD,High Country (DRW),1,0,0,B,no OEM wheel diameters parsed,missing_wheel_sizes,LT235/80R17/E,8x210,
1a98a3d6-9f9e-4c3d-9546-c1672dbd6351,2018,Chevrolet,Silverado 3500 HD,High Country Snow Plow Prep Pkg. (DRW),1,0,0,B,no OEM wheel diameters parsed,missing_wheel_sizes,LT235/80R17/E,8x210,
e7581504-3d4b-4ca0-91e0-b566fe1633a2,2018,Chevrolet,Silverado 3500 HD,WT (DRW),1,0,0,B,no OEM wheel diameters parsed,missing_wheel_sizes,LT235/80R17/E,8x210,
31c2630a-e360-494f-8a36-32b97058e6a2,2018,Chevrolet,Silverado 3500 HD,LT Snow Plow Prep Pkg. (DRW),1,0,0,B,no OEM wheel diameters parsed,missing_wheel_sizes,LT235/80R17/E,8x210,
294c7f04-d400-46b6-85ad-668a461aa038,2018,Chevrolet,Silverado 3500 HD,WT Snow Plow Prep Pkg. (DRW),1,0,0,B,no OEM wheel diameters parsed,missing_wheel_sizes,LT235/80R17/E,8x210,
6ad19098-1014-49f3-8c27-5b80ee9ff586,2018,Chevrolet,Silverado 3500 HD,LT (DRW),1,0,0,B,no OEM wheel diameters parsed,missing_wheel_sizes,LT235/80R17/E,8x210,
8ba5843e-1859-48e8-907f-cb808ee8bf8b,2018,Chevrolet,Silverado 3500 HD,LTZ Snow Plow Prep Pkg. (DRW),1,0,0,B,no OEM wheel diameters parsed,missing_wheel_sizes,LT235/80R17/E,8x210,
786dca0e-e8e9-4899-99bd-f59a6f9cad7e,2018,Chevrolet,Silverado 3500 HD,LTZ (DRW),1,0,0,B,no OEM wheel diameters parsed,missing_wheel_sizes,LT235/80R17/E,8x210,
615d494e-9dfc-4cff-9204-9e3a807bddaf,1998,Chevrolet,Tracker,All,1,154,0,A,tires+wheels OK but no packages,package_generation_gap,195/75R15|205/70R15|205/75R15|215/70R16,5x139.7,15|16
0d595ad4-9e10-48ce-b437-488c32e0f5ad,1999,Chevrolet,Tracker,All,1,154,0,A,tires+wheels OK but no packages,package_generation_gap,195/75R15|205/70R15|205/75R15|215/70R16,5x139.7,15|16
c7eb4dd9-4d97-4c04-85c4-fe695c729cb3,2002,Chevrolet,avalanche-1500,Base,1,2092,0,A,tires+wheels OK but no packages,package_generation_gap,265/70R16|265/70R17,6x139.7,16|17|20
fc7e40da-000f-452e-9d3b-a44ecb518840,2004,Chevrolet,avalanche-1500,Base,1,2092,0,A,tires+wheels OK but no packages,package_generation_gap,265/70R16|265/70R17|275/55R20,6x139.7,16|17|20
7d37d7f7-5759-479b-af4d-7c2839b786c8,2005,Chevrolet,avalanche-1500,Base,1,2092,0,A,tires+wheels OK but no packages,package_generation_gap,265/70R16|265/70R17|275/55R20,6x139.7,16|17|20
c9f4ed2d-39b3-4662-8ae6-0105dd02cc75,2006,Chevrolet,avalanche-1500,Base,1,2092,0,A,tires+wheels OK but no packages,package_generation_gap,265/70R16|265/70R17|275/55R20,6x139.7,16|17|20
53fe13e3-5932-4b1c-a43b-7195bae0cb68,2019,Chevrolet,blazer,"L, 1LT, 2LT",1,0,0,B,no wheel inventory for bolt/diameter,missing_inventory_wheels,235/55R20|235/65R18|265/45R21,5x120,18|20|21
a10c7616-dfb2-446d-b31b-8955ae446089,2019,Chevrolet,blazer,L,1,0,0,B,no wheel inventory for bolt/diameter,missing_inventory_wheels,235/55R20|235/65R18|265/45R21,5x120,18|20|21
de2732b3-495f-4550-8fd1-bbabdc47f5c8,2019,Chevrolet,blazer,2LT,1,0,0,B,no wheel inventory for bolt/diameter,missing_inventory_wheels,235/55R20|235/65R18|265/45R21,5x120,18|20|21
943da11e-ad65-48a7-9713-a1e9ea196c8b,2020,Chevrolet,blazer,"RS, Premier",1,0,0,B,no wheel inventory for bolt/diameter,missing_inventory_wheels,235/55R20|235/65R18|265/45R21,5x120,18|20|21
1265bac7-0632-4986-8e12-07c44ed21217,2020,Chevrolet,blazer,2LT,1,0,0,B,no wheel inventory for bolt/diameter,missing_inventory_wheels,235/55R20|235/65R18|265/45R21,5x120,18|20|21
4e7b3749-36c6-4eed-8c3b-570f08fb73b2,2020,Chevrolet,blazer,2.0T,1,0,0,B,no wheel inventory for bolt/diameter,missing_inventory_wheels,235/55R20|235/65R18|265/45R21,5x120,18|20|21
fcdf5dd0-a174-4891-aebf-5d7b23e94fb7,2020,Chevrolet,blazer,L,1,0,0,B,no wheel inventory for bolt/diameter,missing_inventory_wheels,235/55R20|235/65R18|265/45R21,5x120,18|20|21
e648dee1-a6bb-4b4a-b150-846321de5151,2021,Chevrolet,blazer,"RS, Premier",1,0,0,B,no wheel inventory for bolt/diameter,missing_inventory_wheels,235/55R20|235/65R18|265/45R21,5x120,18|20|21
f5cec942-32fb-4638-8671-af8d8eeb7b3d,2021,Chevrolet,blazer,L,1,0,0,B,no wheel inventory for bolt/diameter,missing_inventory_wheels,235/55R20|235/65R18|265/45R21,5x120,18|20|21
6f971adb-9ebf-43a8-ac82-53683ae86bdd,2021,Chevrolet,blazer,2LT,1,0,0,B,no wheel inventory for bolt/diameter,missing_inventory_wheels,235/55R20|235/65R18|265/45R21,5x120,18|20|21
f9feb8dd-b82e-4fc8-a840-ff72cef783aa,2022,Chevrolet,blazer,L,1,0,0,B,no wheel inventory for bolt/diameter,missing_inventory_wheels,235/55R20|235/65R18|265/45R21,5x120,18|20|21
9492b053-8d52-46e6-8497-80f443bc409c,2022,Chevrolet,blazer,2LT,1,0,0,B,no wheel inventory for bolt/diameter,missing_inventory_wheels,235/55R20|235/65R18|265/45R21,5x120,18|20|21
78485097-4b12-49ff-ba7e-8822475b3fbc,2022,Chevrolet,blazer,"RS, Premier",1,0,0,B,no wheel inventory for bolt/diameter,missing_inventory_wheels,235/55R20|235/65R18|265/45R21,5x120,18|20|21
d438a0c6-bfa5-4ead-b182-441da4ddd7b6,1953,Chevrolet,corvette,Base,0,266,3,C,no tire inventory for size(s),missing_inventory_tires,185/80R15,5x120.65,15
1fd120df-ec4f-47f3-a1bf-4d66d5146170,1954,Chevrolet,corvette,Base,0,266,3,C,no tire inventory for size(s),missing_inventory_tires,185/80R15,5x120.65,15
607c4906-9f2b-4f6d-aaa2-7027fd7aea0d,1955,Chevrolet,corvette,Base,0,266,3,C,no tire inventory for size(s),missing_inventory_tires,185/80R15,5x120.65,15
4504eda1-8ae3-415d-9adc-a617b3b6d638,1956,Chevrolet,corvette,Base,0,266,3,C,no tire inventory for size(s),missing_inventory_tires,185/80R15,5x120.65,15
63d4a307-9dec-4356-b8b0-cc47465ef256,1957,Chevrolet,corvette,Base,0,266,3,C,no tire inventory for size(s),missing_inventory_tires,185/80R15,5x120.65,15
f24aa205-ffec-438e-b711-72a4043d86bd,1958,Chevrolet,corvette,Base,0,266,3,C,no tire inventory for size(s),missing_inventory_tires,185/80R15,5x120.65,15
bb33bf06-1982-4e2f-9c77-b664d04eb104,1959,Chevrolet,corvette,Base,0,266,3,C,no tire inventory for size(s),missing_inventory_tires,185/80R15,5x120.65,15
20a6777c-14da-4804-be85-bd9fe1ba3d57,1960,Chevrolet,corvette,Base,0,266,3,C,no tire inventory for size(s),missing_inventory_tires,185/80R15,5x120.65,15
99d018c6-7131-42ed-8dd3-9f1eac24ea28,1961,Chevrolet,corvette,Base,0,266,3,C,no tire inventory for size(s),missing_inventory_tires,185/80R15,5x120.65,15
b846ee50-48e0-448c-9c8e-74421aff13db,1962,Chevrolet,corvette,Fuel Injection,0,266,3,C,no tire inventory for size(s),missing_inventory_tires,185/80R15,5x120.65,15
0206de9e-558d-45a0-89f8-e23322f3b06a,2005,Chevrolet,corvette,Base,1,0,0,B,no wheel inventory for bolt/diameter,missing_inventory_wheels,245/40ZR18|285/35ZR19|P245/40ZR18|P285/35ZR19|P325/30ZR19|P335/25ZR20,5x120.65,18|19|20
fa31933c-b4a7-4b5b-a9f9-32df3fc6d008,2006,Chevrolet,corvette,Base,1,0,0,B,no wheel inventory for bolt/diameter,missing_inventory_wheels,P245/40ZR18|P335/25ZR20,5x120.65,18|20
9ffd965f-6843-4521-bf26-e98ca285987d,2007,Chevrolet,corvette,Base,1,0,0,B,no wheel inventory for bolt/diameter,missing_inventory_wheels,P245/40ZR18|P335/25ZR20,5x120.65,18|20
af96181e-7c2f-462a-a998-27139feb348d,2008,Chevrolet,corvette,Base,1,0,0,B,no wheel inventory for bolt/diameter,missing_inventory_wheels,P245/40ZR18|P335/25ZR20,5x120.65,18|20
79506960-7200-4306-a4a0-3b706ff729e4,2009,Chevrolet,corvette,ZR1,1,26,0,A,tires+wheels OK but no packages,package_generation_gap,P285/35ZR19|P325/30ZR19,5x120.65,19|20
58176c1c-1352-4f33-a407-74830f3f173c,2009,Chevrolet,corvette,Base,1,0,0,B,no wheel inventory for bolt/diameter,missing_inventory_wheels,P245/40ZR18|P335/25ZR20,5x120.65,18|20
23749815-9299-4244-94e0-912de494e9c6,2010,Chevrolet,corvette,ZR1,1,26,0,A,tires+wheels OK but no packages,package_generation_gap,P285/35ZR19|P325/30ZR19,5x120.65,19|20
c5e613f0-a93e-4c37-8c49-b8c56c86c175,2010,Chevrolet,corvette,Base,1,0,0,B,no wheel inventory for bolt/diameter,missing_inventory_wheels,P245/40ZR18|P335/25ZR20,5x120.65,18|20
0d055e27-461d-481d-bdd4-909f57916c8b,2011,Chevrolet,corvette,Base,1,0,0,B,no wheel inventory for bolt/diameter,missing_inventory_wheels,245/40ZR18|275/35ZR18|285/30R19|285/35ZR19|325/30ZR19|335/25R20|P245/40ZR18|P285/35ZR19|P325/30ZR19|P335/25ZR20,5x120.65,18|19|20
5b4b6afd-b7b0-49d7-9882-a1d123cbf5f1,2011,Chevrolet,corvette,ZR1,1,26,0,A,tires+wheels OK but no packages,package_generation_gap,P285/35ZR19|P325/30ZR19,5x120.65,19|20
76831158-2f40-413a-bd16-240d4cc8ef8a,2012,Chevrolet,corvette,Base,1,0,0,B,no wheel inventory for bolt/diameter,missing_inventory_wheels,245/40ZR18|275/35ZR18|285/30R19|285/35ZR19|325/30ZR19|335/25R20|P245/40ZR18|P285/35ZR19|P325/30ZR19|P335/25ZR20,5x120.65,18|19|20
f74b33ff-94a6-466f-a828-0264a122b2e6,2012,Chevrolet,corvette,ZR1,1,26,0,A,tires+wheels OK but no packages,package_generation_gap,P285/35ZR19|P325/30ZR19,5x120.65,19|20
2f0a90df-bef6-41ad-8034-974a97a04adc,2013,Chevrolet,corvette,Base,1,0,0,B,no wheel inventory for bolt/diameter,missing_inventory_wheels,245/40ZR18|275/35ZR18|285/30R19|285/35ZR19|325/30ZR19|335/25R20|P245/40ZR18|P285/35ZR19|P325/30ZR19|P335/25ZR20,5x120.65,18|19|20
1e5d8673-a348-4f3c-b3ad-03c1be968304,2013,Chevrolet,corvette,ZR1,1,26,0,A,tires+wheels OK but no packages,package_generation_gap,P285/35ZR19|P325/30ZR19,5x120.65,19|20
4ee3233f-660b-4c30-8b9d-ce555022f18b,2014,Chevrolet,corvette,Grand Sport,1,26,0,A,tires+wheels OK but no packages,package_generation_gap,P245/35ZR19|P285/30ZR20|P335/25ZR20,5x120.65,19|20
04aff649-ba7e-470b-b619-d8f24aab248b,2014,Chevrolet,corvette,Stingray Z51,1,26,0,A,tires+wheels OK but no packages,package_generation_gap,P245/35ZR19|P285/30ZR20|P335/25ZR20,5x120.65,19|20
6d1eca2f-7beb-467d-a4db-dbf8f7be0e9c,2014,Chevrolet,corvette,Z06,1,26,0,A,tires+wheels OK but no packages,package_generation_gap,P245/35ZR19|P285/30ZR20|P335/25ZR20,5x120.65,19|20
fa891ba8-9c8c-4c1b-be3c-165e6a5974d0,2014,Chevrolet,corvette,Base,1,0,0,B,no wheel inventory for bolt/diameter,missing_inventory_wheels,P245/40ZR18|P285/30ZR20|P335/25ZR20,5x120.65,18|20
19d55314-a395-47bc-8ace-35634542908a,2015,Chevrolet,corvette,Z06,1,26,0,A,tires+wheels OK but no packages,package_generation_gap,245/35ZR19|285/30ZR19|285/30ZR20|285/35ZR19|335/25ZR20|P245/35ZR19|P285/30ZR19|P285/30ZR20|P335/25ZR20,5x120.65,19|20
838a10de-7a45-46a8-a356-dde59664e97e,2015,Chevrolet,corvette,Grand Sport,1,26,0,A,tires+wheels OK but no packages,package_generation_gap,245/35ZR19|285/30ZR19|285/30ZR20|285/35ZR19|335/25ZR20|P245/35ZR19|P285/30ZR19|P285/30ZR20|P335/25ZR20,5x120.65,19|20
dda85ee4-9d71-4024-8970-67c61263384a,2015,Chevrolet,corvette,Stingray Z51,1,26,0,A,tires+wheels OK but no packages,package_generation_gap,245/35ZR19|285/30ZR19|285/30ZR20|285/35ZR19|335/25ZR20|P245/35ZR19|P285/30ZR19|P285/30ZR20|P335/25ZR20,5x120.65,19|20
047235d8-2018-4748-86c5-39aca0a90991,2015,Chevrolet,corvette,Base,1,0,0,B,no wheel inventory for bolt/diameter,missing_inventory_wheels,245/35ZR19|245/40ZR18|285/30ZR19|285/30ZR20|285/35ZR19|335/25ZR20|P245/35ZR19|P245/40ZR18|P285/30ZR19|P285/30ZR20|P335/25ZR20,5x120.65,18|19|20
db806027-332e-4545-aec3-030f228594dd,2016,Chevrolet,corvette,Z06,1,26,0,A,tires+wheels OK but no packages,package_generation_gap,P245/35ZR19|P285/30ZR19|P285/30ZR20|P335/25ZR20,5x120.65,19|20
aaff9bc7-75b7-4b5a-ab3d-65e32eefa862,2016,Chevrolet,corvette,Base,1,0,0,B,no wheel inventory for bolt/diameter,missing_inventory_wheels,P245/40ZR18|P285/30ZR20|P335/25ZR20,5x120.65,18|20
e1a1b56c-8b26-48f2-88fc-ab05e8b9fe37,2016,Chevrolet,corvette,Grand Sport,1,26,0,A,tires+wheels OK but no packages,package_generation_gap,P245/35ZR19|P285/30ZR19|P285/30ZR20|P335/25ZR20,5x120.65,19|20
8668c70f-622e-4a76-84a6-d73236da57d9,2016,Chevrolet,corvette,Stingray Z51,1,26,0,A,tires+wheels OK but no packages,package_generation_gap,P245/35ZR19|P285/30ZR19|P285/30ZR20|P335/25ZR20,5x120.65,19|20
e000b3fe-e234-44c7-a751-444fc652b319,2017,Chevrolet,corvette,Grand Sport,1,26,0,A,tires+wheels OK but no packages,package_generation_gap,245/35ZR19|285/30ZR19|285/30ZR20|285/35ZR19|335/25ZR20|P245/35ZR19|P285/30ZR19|P285/30ZR20|P335/25ZR20,5x120.65,19|20
dbd056df-b252-4c45-9ace-60a0738ef333,2017,Chevrolet,corvette,Z06,1,26,0,A,tires+wheels OK but no packages,package_generation_gap,245/35ZR19|285/30ZR19|285/30ZR20|285/35ZR19|335/25ZR20|P245/35ZR19|P285/30ZR19|P285/30ZR20|P335/25ZR20,5x120.65,19|20
ca7add3c-dbc5-4559-8c63-58ecd790c7db,2017,Chevrolet,corvette,Base,1,0,0,B,no wheel inventory for bolt/diameter,missing_inventory_wheels,245/35ZR19|245/40ZR18|285/30ZR19|285/30ZR20|285/35ZR19|335/25ZR20|P245/35ZR19|P245/40ZR18|P285/30ZR19|P285/30ZR20|P335/25ZR20,5x120.65,18|19|20
61501234-4ee7-4ac4-b1c9-a6ee1181aa55,2017,Chevrolet,corvette,Stingray Z51,1,26,0,A,tires+wheels OK but no packages,package_generation_gap,245/35ZR19|285/30ZR19|285/30ZR20|285/35ZR19|335/25ZR20|P245/35ZR19|P285/30ZR19|P285/30ZR20|P335/25ZR20,5x120.65,19|20
75670c4d-dd79-4f48-80f3-7c2a09a0a145,2019,Chevrolet,corvette,Base,1,0,0,B,no wheel inventory for bolt/diameter,missing_inventory_wheels,245/35ZR19|245/40ZR18|285/30ZR19|285/30ZR20|285/35ZR19|335/25ZR20|P245/35ZR19|P245/40ZR18|P285/30ZR19|P285/30ZR20|P335/25ZR20,5x120.65,18|19|20
45928b76-1d25-4336-88f1-7857cf651f88,2019,Chevrolet,corvette,Stingray Z51,1,26,0,A,tires+wheels OK but no packages,package_generation_gap,245/35ZR19|285/30ZR19|285/30ZR20|285/35ZR19|335/25ZR20|P245/35ZR19|P285/30ZR19|P285/30ZR20|P335/25ZR20,5x120.65,19|20
bdeec52b-4f21-464a-a927-ca893372402f,2019,Chevrolet,corvette,Grand Sport,1,26,0,A,tires+wheels OK but no packages,package_generation_gap,245/35ZR19|285/30ZR19|285/30ZR20|285/35ZR19|335/25ZR20|P245/35ZR19|P285/30ZR19|P285/30ZR20|P335/25ZR20,5x120.65,19|20
0e8d1879-a4f0-4d87-91e8-9ee920597b59,2019,Chevrolet,corvette,Z06,1,26,0,A,tires+wheels OK but no packages,package_generation_gap,245/35ZR19|285/30ZR19|285/30ZR20|285/35ZR19|335/25ZR20|P245/35ZR19|P285/30ZR19|P285/30ZR20|P335/25ZR20,5x120.65,19|20
6bc9c734-94eb-4205-90f1-2766abec6e00,2019,Chevrolet,corvette,ZR1,1,26,0,A,tires+wheels OK but no packages,package_generation_gap,245/35ZR19|285/30ZR19|285/30ZR20|285/35ZR19|335/25ZR20|P245/35ZR19|P285/30ZR19|P285/30ZR20|P335/25ZR20,5x120.65,19|20
fb5ec54d-5488-4787-8fa4-0585622e65d2,2021,Chevrolet,corvette,Base,1,0,0,B,no wheel inventory for bolt/diameter,missing_inventory_wheels,P245/35ZR19|P345/25ZR21,5x120,19|21
01cb8454-4201-483c-a544-c5a499d45cb4,2022,Chevrolet,corvette,Base,1,0,0,B,no wheel inventory for bolt/diameter,missing_inventory_wheels,P245/35ZR19|P345/25ZR21,5x120,19|21
bba7c1cc-fbdf-4c80-9b32-594c1a7394ae,2023,Chevrolet,corvette,Base,1,0,0,B,no wheel inventory for bolt/diameter,missing_inventory_wheels,P245/35ZR19|P345/25ZR21,5x120,19|21
67593e93-f0e7-4a7f-80d7-4138ece42aab,2024,Chevrolet,corvette,Base,1,0,0,B,no wheel inventory for bolt/diameter,missing_inventory_wheels,P245/35ZR19|P345/25ZR21,5x120,19|21
0740dea4-c17e-4399-aa7d-334e7d4051a0,2025,Chevrolet,corvette,Base,1,0,0,B,no wheel inventory for bolt/diameter,missing_inventory_wheels,P245/35ZR19|P345/25ZR21,5x120,19|21
0d590878-d96f-40ba-8a8e-758bd839131e,2026,Chevrolet,corvette,Base,1,0,0,B,no wheel inventory for bolt/diameter,missing_inventory_wheels,P245/35ZR19|P345/25ZR21,5x120,19|21
d5ab358d-475f-477a-b553-1e70848e4fb8,2013,Chevrolet,malibu,LS,1,0,0,B,no wheel inventory for bolt/diameter,missing_inventory_wheels,225/55R17|235/50R18|245/40R19|245/40ZR19|245/45R18,5x120,17|18|19
a1ab1844-a276-4204-a4d2-d214e2c29552,2013,Chevrolet,malibu,Premier,1,0,0,B,no wheel inventory for bolt/diameter,missing_inventory_wheels,225/55R17|235/50R18|245/40R19|245/40ZR19|245/45R18,5x120,17|18|19
ba2dae72-e294-43eb-aa17-cc9953000d61,2013,Chevrolet,malibu,LT,1,0,0,B,no wheel inventory for bolt/diameter,missing_inventory_wheels,225/55R17|235/50R18|245/40R19|245/40ZR19|245/45R18,5x120,17|18|19
0d1b5039-5911-4788-88db-559d525687c9,2013,Chevrolet,malibu,RS,1,0,0,B,no wheel inventory for bolt/diameter,missing_inventory_wheels,225/55R17|235/50R18|245/40R19|245/40ZR19|245/45R18,5x120,17|18|19
fbae1689-2154-4f05-917d-30bef2582e53,2013,Chevrolet,malibu,"LS, RS, LT, Premier",1,0,0,B,no wheel inventory for bolt/diameter,missing_inventory_wheels,225/55R17|235/50R18|245/40R19|245/40ZR19|245/45R18,5x120,17|18|19
3af6809a-bafe-41a5-a409-f63d1f5bea7d,2014,Chevrolet,malibu,LS,1,0,0,B,no wheel inventory for bolt/diameter,missing_inventory_wheels,225/55R17|245/40R19|245/45R18,5x120,17|18|19
bfe7df14-d875-4f3f-af5c-b7572c5d2903,2014,Chevrolet,malibu,LT,1,0,0,B,no wheel inventory for bolt/diameter,missing_inventory_wheels,225/55R17|245/40R19|245/45R18,5x120,17|18|19
dfeb66e2-3a2d-4df4-9657-d83a44a3edca,2014,Chevrolet,malibu,RS,1,0,0,B,no wheel inventory for bolt/diameter,missing_inventory_wheels,225/55R17|245/40R19|245/45R18,5x120,17|18|19
da7b247f-9a73-45cf-a8a0-3765c7abac8c,2014,Chevrolet,malibu,Premier,1,0,0,B,no wheel inventory for bolt/diameter,missing_inventory_wheels,225/55R17|245/40R19|245/45R18,5x120,17|18|19
84abdc96-8aba-44fe-b788-95aadfd178fd,2014,Chevrolet,malibu,"LS, RS, LT, Premier",1,0,0,B,no wheel inventory for bolt/diameter,missing_inventory_wheels,225/55R17|245/40R19|245/45R18,5x120,17|18|19
e8a1d7e6-7083-4d00-a87c-3704ce157731,2015,Chevrolet,malibu,LT,1,0,0,B,no wheel inventory for bolt/diameter,missing_inventory_wheels,225/55R17|235/50R18|245/40R19|245/40ZR19|245/45R18,5x120,17|18|19
c36a7f0d-83d6-441e-8330-39b4c82185cd,2015,Chevrolet,malibu,LS,1,0,0,B,no wheel inventory for bolt/diameter,missing_inventory_wheels,225/55R17|235/50R18|245/40R19|245/40ZR19|245/45R18,5x120,17|18|19
b378a462-a560-4870-a0f2-294ad4857a10,2015,Chevrolet,malibu,RS,1,0,0,B,no wheel inventory for bolt/diameter,missing_inventory_wheels,225/55R17|235/50R18|245/40R19|245/40ZR19|245/45R18,5x120,17|18|19
96d03282-782a-4aff-8fa6-59224534447f,2015,Chevrolet,malibu,Premier,1,0,0,B,no wheel inventory for bolt/diameter,missing_inventory_wheels,225/55R17|235/50R18|245/40R19|245/40ZR19|245/45R18,5x120,17|18|19
f2253cb4-4e22-41c9-8c64-57f53c4dde8b,2015,Chevrolet,malibu,"LS, RS, LT, Premier",1,0,0,B,no wheel inventory for bolt/diameter,missing_inventory_wheels,225/55R17|235/50R18|245/40R19|245/40ZR19|245/45R18,5x120,17|18|19
7f591ffb-c3b1-4bcb-8db5-f9038a681ce0,2015,Chevrolet,silverado-1500,WT,1,0,0,B,no wheel inventory for bolt/diameter,missing_inventory_wheels,265/60R19|265/65R18|265/70R17|275/55R20|285/45R22,6x139.7,17|18|19|20|22
1e5d4311-d063-4244-8521-b3493392d93a,2019,Chevrolet,silverado-1500,Base,1,0,0,B,no wheel inventory for bolt/diameter,missing_inventory_wheels,255/70R17|265/65R18|265/70R17|275/50R22|275/60R20|LT265/70R17|LT275/65R18,6x139.7,17|18|20|22
9711d419-f9be-4c2f-8997-823d696d5a5f,2019,Chevrolet,silverado-1500,2.7T,1,0,0,B,no wheel inventory for bolt/diameter,missing_inventory_wheels,255/70R17|265/65R18|265/70R17|275/50R22|275/60R20|LT265/70R17|LT275/65R18,6x139.7,17|18|20|22
9fef629c-66e8-48a9-b054-6eacea833b57,2020,Chevrolet,silverado-1500,Base,1,0,0,B,no wheel inventory for bolt/diameter,missing_inventory_wheels,255/70R17|265/65R18|265/70R17|275/50R22|275/60R20|LT265/70R17|LT275/65R18,6x139.7,17|18|20|22
db105c62-d3df-48ba-ab75-4cba08dc27b7,2020,Chevrolet,silverado-1500,2.7T,1,0,0,B,no wheel inventory for bolt/diameter,missing_inventory_wheels,255/70R17|265/65R18|265/70R17|275/50R22|275/60R20|LT265/70R17|LT275/65R18,6x139.7,17|18|20|22
9b4f57cb-e3b7-481d-afe3-89562df522ac,2021,Chevrolet,silverado-1500,2.7T,1,0,0,B,no wheel inventory for bolt/diameter,missing_inventory_wheels,255/70R17|265/65R18|265/70R17|275/50R22|275/60R20|LT265/70R17|LT275/65R18,6x139.7,17|18|20|22
e6678d7a-04c1-4ccd-9508-f3c88c35bc3c,2022,Chevrolet,silverado-1500,Base,1,0,0,B,no wheel inventory for bolt/diameter,missing_inventory_wheels,255/70R17|265/65R18|265/70R17|275/50R22|275/60R20|LT265/70R17|LT275/65R18,6x139.7,17|18|20|22
c6be39b4-b9c2-476f-a63e-7ace7948c402,2022,Chevrolet,silverado-1500,2.7 TurboMax,1,0,0,B,no wheel inventory for bolt/diameter,missing_inventory_wheels,255/70R17|265/65R18|265/70R17|275/50R22|275/60R20|LT265/70R17|LT275/65R18,6x139.7,17|18|20|22
fac0f2c0-94e8-478a-bc8c-fa1c1fc1309f,2022,Chevrolet,silverado-1500,3.0 Duramax,1,0,0,B,no wheel inventory for bolt/diameter,missing_inventory_wheels,255/70R17|265/65R18|265/70R17|275/50R22|275/60R20|LT265/70R17|LT275/65R18,6x139.7,17|18|20|22
7722644e-e7ee-47e2-80ff-0cbcbd1dae93,2023,Chevrolet,silverado-1500,2.7 TurboMax,1,0,0,B,no wheel inventory for bolt/diameter,missing_inventory_wheels,255/70R17|265/65R18|265/70R17|275/50R22|275/60R20|LT265/70R17|LT275/65R18,6x139.7,17|18|20|22
49a0de43-d319-47f9-acbf-dd4b2fcba2a7,2023,Chevrolet,silverado-1500,Base,1,0,0,B,no wheel inventory for bolt/diameter,missing_inventory_wheels,255/70R17|265/65R18|265/70R17|275/50R22|275/60R20|LT265/70R17|LT275/65R18,6x139.7,17|18|20|22
63a3add6-e23a-475b-858a-c2a61dade303,2024,Chevrolet,silverado-1500,Base,1,0,0,B,no wheel inventory for bolt/diameter,missing_inventory_wheels,255/70R17|265/65R18|265/70R17|275/50R22|275/60R20|LT265/70R17|LT275/65R18,6x139.7,17|18|20|22
036ce995-c390-4866-9a56-31f76aaa4cbb,2024,Chevrolet,silverado-1500,WT,1,0,0,B,no wheel inventory for bolt/diameter,missing_inventory_wheels,255/70R17|265/65R18|265/70R17|275/50R22|275/60R20|LT265/70R17|LT275/65R18,6x139.7,17|18|20|22
1003bf0d-16f4-413b-bcc2-9273eb2b1e5d,2024,Chevrolet,silverado-1500,2.7 TurboMax,1,0,0,B,no wheel inventory for bolt/diameter,missing_inventory_wheels,255/70R17|265/65R18|265/70R17|275/50R22|275/60R20|LT265/70R17|LT275/65R18,6x139.7,17|18|20|22
12aca733-01e0-418a-b14d-8531a979ddc0,2025,Chevrolet,silverado-1500,2.7 TurboMax,1,0,0,B,no wheel inventory for bolt/diameter,missing_inventory_wheels,255/70R17|265/65R18|265/70R17|275/50R22|275/60R20|LT265/70R17|LT275/65R18,6x139.7,17|18|20|22
d3e96695-7430-4c8b-8b46-64f3308eaa64,2007,Chevrolet,silverado-2500-hd,Base,1,0,0,B,no wheel inventory for bolt/diameter,missing_inventory_wheels,LT245/75R17|LT265/60R18|LT265/70R17,8x165.1,17|18
62d98d10-d24d-40e1-a582-57bd1627d0f3,2008,Chevrolet,silverado-2500-hd,LTZ,1,0,0,B,no wheel inventory for bolt/diameter,missing_inventory_wheels,LT245/75R17|LT265/60R18|LT265/70R17,8x165.1,17|18
7beb9a2f-c925-4a44-a760-ea2d1b4a6ff8,2008,Chevrolet,silverado-2500-hd,LT,1,0,0,B,no wheel inventory for bolt/diameter,missing_inventory_wheels,LT245/75R17|LT265/60R18|LT265/70R17,8x165.1,17|18
42d0b5b8-3667-41aa-98ff-207216453f8c,2008,Chevrolet,silverado-2500-hd,Work Truck,1,0,0,B,no wheel inventory for bolt/diameter,missing_inventory_wheels,LT245/75R17,8x165.1,17|18
58d3ceb0-fe56-445a-bc44-c0240fe45f2f,2009,Chevrolet,silverado-2500-hd,Base,1,0,0,B,no wheel inventory for bolt/diameter,missing_inventory_wheels,LT265/60R18,8x180,18
ea234d15-b5ac-42c2-9a97-4be9921c7b7c,2010,Chevrolet,silverado-2500-hd,Base,1,0,0,B,no wheel inventory for bolt/diameter,missing_inventory_wheels,LT265/60R18,8x180,18
df8fe482-cf1e-46be-b1a8-4c692590b7e5,2011,Chevrolet,silverado-2500-hd,Base,1,0,0,B,no wheel inventory for bolt/diameter,missing_inventory_wheels,LT265/60R18,8x180,18
6e339e88-f94a-45cb-8489-4a02e2decb4a,2012,Chevrolet,silverado-2500-hd,Base,1,0,0,B,no wheel inventory for bolt/diameter,missing_inventory_wheels,LT265/60R18,8x180,18
d2e49d63-5df1-428e-9201-f81e336b3bea,2013,Chevrolet,silverado-2500-hd,Base,1,0,0,B,no wheel inventory for bolt/diameter,missing_inventory_wheels,LT265/60R18,8x180,18
31d23990-9f00-4faa-adc1-47e13c401057,2014,Chevrolet,silverado-2500-hd,Base,1,0,0,B,no wheel inventory for bolt/diameter,missing_inventory_wheels,LT265/60R18,8x180,18
f8216d13-df1b-48a0-bbda-5960674528c5,2007,Chevrolet,silverado-2500hd,Z71,1,0,0,B,no wheel inventory for bolt/diameter,missing_inventory_wheels,LT265/70R18,8x180,18
38869074-a40e-406e-9df9-d17477e0404b,2008,Chevrolet,silverado-2500hd,Z71,1,0,0,B,no wheel inventory for bolt/diameter,missing_inventory_wheels,LT265/70R18,8x180,18
1a8c1705-3b6a-414c-8f6d-746fe3e80ee3,2009,Chevrolet,silverado-2500hd,Z71,1,0,0,B,no wheel inventory for bolt/diameter,missing_inventory_wheels,LT265/70R18,8x180,18
1e0fb089-ec23-4205-8460-dcaff1972129,2010,Chevrolet,silverado-2500hd,Z71,1,0,0,B,no wheel inventory for bolt/diameter,missing_inventory_wheels,LT265/70R18,8x180,18
81e75dd1-e29d-4410-b28d-06c5d93f81ef,2011,Chevrolet,silverado-2500hd,Base,1,0,0,B,no wheel inventory for bolt/diameter,missing_inventory_wheels,LT265/70R18,8x180,18
8b53ac5d-a2b9-4c05-a44d-9a0f23079fb6,2011,Chevrolet,silverado-2500hd,LTZ,1,0,0,B,no wheel inventory for bolt/diameter,missing_inventory_wheels,LT265/70R18,8x180,18
3bebb225-a351-4a71-bd09-08f042d49c8a,2011,Chevrolet,silverado-2500hd,LT,1,0,0,B,no wheel inventory for bolt/diameter,missing_inventory_wheels,LT265/70R18,8x180,18
d9b4de49-40c4-4782-9cf0-40f4fca85ae3,2011,Chevrolet,silverado-2500hd,Z71,1,0,0,B,no wheel inventory for bolt/diameter,missing_inventory_wheels,LT265/70R18,8x180,18
d3cc6c01-7a75-4aeb-9438-0103bf102298,2011,Chevrolet,silverado-2500hd,WT,1,0,0,B,no wheel inventory for bolt/diameter,missing_inventory_wheels,LT265/70R18,8x180,18
1b0dd66c-5170-46a4-a03e-aa8d81be187d,2012,Chevrolet,silverado-2500hd,Base,1,0,0,B,no wheel inventory for bolt/diameter,missing_inventory_wheels,LT265/70R18,8x180,18
848ae8f0-3b79-4963-8766-f21249a78633,2012,Chevrolet,silverado-2500hd,WT,1,0,0,B,no wheel inventory for bolt/diameter,missing_inventory_wheels,LT265/70R18,8x180,18
767bccf1-5572-41d2-8ce5-094bb18ef060,2012,Chevrolet,silverado-2500hd,LTZ,1,0,0,B,no wheel inventory for bolt/diameter,missing_inventory_wheels,LT265/70R18,8x180,18
e1e2bc45-cf3d-4cd0-ae6f-e49351155da5,2012,Chevrolet,silverado-2500hd,Z71,1,0,0,B,no wheel inventory for bolt/diameter,missing_inventory_wheels,LT265/70R18,8x180,18
23dec969-64ef-42b8-a010-347e168bdba0,2012,Chevrolet,silverado-2500hd,LT,1,0,0,B,no wheel inventory for bolt/diameter,missing_inventory_wheels,LT265/70R18,8x180,18
f7e66d58-6f12-469c-a9a3-0f5c5b745dd0,2013,Chevrolet,silverado-2500hd,Z71,1,0,0,B,no wheel inventory for bolt/diameter,missing_inventory_wheels,LT265/70R18,8x180,18
033e2a72-264e-4d2d-a160-1b7cb2c62096,2013,Chevrolet,silverado-2500hd,LT,1,0,0,B,no wheel inventory for bolt/diameter,missing_inventory_wheels,LT265/70R18,8x180,18
c9be1a07-5910-4aba-a1a3-a54276b817f0,2013,Chevrolet,silverado-2500hd,WT,1,0,0,B,no wheel inventory for bolt/diameter,missing_inventory_wheels,LT265/70R18,8x180,18
d2cb1717-ac19-4831-8db5-6d24725f582d,2013,Chevrolet,silverado-2500hd,Base,1,0,0,B,no wheel inventory for bolt/diameter,missing_inventory_wheels,LT265/70R18,8x180,18
7ce8c42c-e02a-4361-a6a7-3fcb1596c1d9,2013,Chevrolet,silverado-2500hd,LTZ,1,0,0,B,no wheel inventory for bolt/diameter,missing_inventory_wheels,LT265/70R18,8x180,18
fc55f4d8-a76b-47e0-bb7e-ac8bbbe1c916,2014,Chevrolet,silverado-2500hd,WT,1,0,0,B,no wheel inventory for bolt/diameter,missing_inventory_wheels,LT265/70R18,8x180,18
cc4a4e19-0916-41c8-8007-ce10aeb44908,2014,Chevrolet,silverado-2500hd,LTZ,1,0,0,B,no wheel inventory for bolt/diameter,missing_inventory_wheels,LT265/70R18,8x180,18
976dc210-e3a0-43bc-a491-000a819452a4,2014,Chevrolet,silverado-2500hd,LT,1,0,0,B,no wheel inventory for bolt/diameter,missing_inventory_wheels,LT265/70R18,8x180,18
4950532a-9965-4865-a816-f1c075e0801b,2014,Chevrolet,silverado-2500hd,Z71,1,0,0,B,no wheel inventory for bolt/diameter,missing_inventory_wheels,LT265/70R18,8x180,18
150ddfbc-c49c-4760-9e94-7690b2a92802,2014,Chevrolet,silverado-2500hd,Base,1,0,0,B,no wheel inventory for bolt/diameter,missing_inventory_wheels,LT265/70R18,8x180,18
cc397ee1-540f-4b2f-9552-1fe91eb2df24,2015,Chevrolet,silverado-2500hd,Z71,1,0,0,B,no wheel inventory for bolt/diameter,missing_inventory_wheels,LT265/70R18,8x180,18
8031fda8-8c4f-44fe-84fd-fc38ef950a39,2016,Chevrolet,silverado-2500hd,Z71,1,0,0,B,no wheel inventory for bolt/diameter,missing_inventory_wheels,LT265/70R18,8x180,18
db3e8176-e0be-4aa5-8ece-b9929fc4980d,2017,Chevrolet,silverado-2500hd,Z71,1,0,0,B,no wheel inventory for bolt/diameter,missing_inventory_wheels,LT265/70R18,8x180,18
2f13c6a4-22fa-43d2-a8c4-c75339bd2784,2019,Chevrolet,silverado-2500hd,Z71,1,0,0,B,no wheel inventory for bolt/diameter,missing_inventory_wheels,LT265/70R18,8x180,18
5decc705-5185-4441-9314-491bfe9b9108,2024,Chevrolet,silverado-2500hd,ZR2,1,0,0,B,no wheel inventory for bolt/diameter,missing_inventory_wheels,LT265/70R18,8x180,18
04a83c15-9dec-4307-a60b-b3a27a5ec48a,2024,Chevrolet,silverado-2500hd,LTZ,1,0,0,B,no wheel inventory for bolt/diameter,missing_inventory_wheels,LT265/70R18,8x180,18
4aa1dfd1-b819-43f0-9fee-825bf10683a7,2025,Chevrolet,silverado-2500hd,ZR2,1,0,0,B,no wheel inventory for bolt/diameter,missing_inventory_wheels,LT265/70R18,8x180,18
a13ab6df-95da-425b-b957-324992f72841,2025,Chevrolet,silverado-2500hd,LTZ,1,0,0,B,no wheel inventory for bolt/diameter,missing_inventory_wheels,LT265/70R18,8x180,18
f9860dd1-7a03-46f8-8224-f10ec25d1c17,2026,Chevrolet,silverado-2500hd,LTZ,1,0,0,B,no wheel inventory for bolt/diameter,missing_inventory_wheels,LT265/70R18,8x180,18
81ee7eba-17ef-4f00-a76a-2007ea55a1a0,2026,Chevrolet,silverado-2500hd,ZR2,1,0,0,B,no wheel inventory for bolt/diameter,missing_inventory_wheels,LT265/70R18,8x180,18
ea24213f-51f1-42c5-bbbb-b8756ac89c25,2007,Chevrolet,silverado-3500-hd,Base,1,0,0,B,no wheel inventory for bolt/diameter,missing_inventory_wheels,LT265/70R17,8x165.1,17|18
9b391c68-ac16-4d2e-9764-751c0831e01b,2008,Chevrolet,silverado-3500-hd,LTZ,1,0,0,B,no wheel inventory for bolt/diameter,missing_inventory_wheels,LT245/75R17|LT265/60R18|LT265/70R17,8x165.1,17|18
3156b1db-836a-4932-b353-fcaeee526b0f,2008,Chevrolet,silverado-3500-hd,LT,1,0,0,B,no wheel inventory for bolt/diameter,missing_inventory_wheels,LT245/75R17|LT265/60R18|LT265/70R17,8x165.1,17|18
2e952530-b8a5-4cae-bc81-b89bb5f878c5,2008,Chevrolet,silverado-3500-hd,Work Truck,1,0,0,B,no wheel inventory for bolt/diameter,missing_inventory_wheels,LT245/75R17,8x165.1,17|18
ea360df6-741e-46bb-ac38-de18d8ce46b6,2009,Chevrolet,silverado-3500-hd,Base,1,0,0,B,no wheel inventory for bolt/diameter,missing_inventory_wheels,LT245/75R17|LT265/60R18|LT265/70R17,8x165.1,17|18
d267c55e-c8b8-4cf7-8298-38a705a7eb84,2010,Chevrolet,silverado-3500-hd,Base,1,0,0,B,no wheel inventory for bolt/diameter,missing_inventory_wheels,LT245/75R17|LT265/60R18|LT265/70R17,8x165.1,17|18
df29506a-845d-4c4d-b23d-62c463813f08,2007,Chevrolet,silverado-3500hd,LTZ,1,0,0,B,no wheel inventory for bolt/diameter,missing_inventory_wheels,LT245/70R17|LT265/65R18|LT265/70R17,8x165.1,17|18
bc5893f9-d4f9-479c-902e-e19753e80b7a,2007,Chevrolet,silverado-3500hd,Base,1,0,0,B,no wheel inventory for bolt/diameter,missing_inventory_wheels,LT245/70R17|LT265/65R18|LT265/70R17,8x165.1,17|18
904f2f4c-d080-4d9e-baa6-4029351cd25f,2007,Chevrolet,silverado-3500hd,LT,1,0,0,B,no wheel inventory for bolt/diameter,missing_inventory_wheels,LT245/70R17|LT265/65R18|LT265/70R17,8x165.1,17|18
e0dc4666-91f0-4b19-89a3-22fedeb9dcfb,2007,Chevrolet,silverado-3500hd,WT,1,0,0,B,no wheel inventory for bolt/diameter,missing_inventory_wheels,LT245/70R17|LT265/65R18|LT265/70R17,8x165.1,17|18
7a12699c-9456-4b0b-a5f6-c9bfa948f363,2008,Chevrolet,silverado-3500hd,LTZ,1,0,0,B,no wheel inventory for bolt/diameter,missing_inventory_wheels,LT245/70R17|LT265/65R18|LT265/70R17,8x165.1,17|18
e816b096-bf25-497f-91b5-479e17378102,2008,Chevrolet,silverado-3500hd,Base,1,0,0,B,no wheel inventory for bolt/diameter,missing_inventory_wheels,LT245/70R17|LT265/65R18|LT265/70R17,8x165.1,17|18
9949f373-0786-44b5-bb28-b4acf989f681,2008,Chevrolet,silverado-3500hd,WT,1,0,0,B,no wheel inventory for bolt/diameter,missing_inventory_wheels,LT245/70R17|LT265/65R18|LT265/70R17,8x165.1,17|18
ffeedc2a-8295-45b1-9c97-4c8839384ab3,2008,Chevrolet,silverado-3500hd,LT,1,0,0,B,no wheel inventory for bolt/diameter,missing_inventory_wheels,LT245/70R17|LT265/65R18|LT265/70R17,8x165.1,17|18
97813be8-e3ae-42ca-929d-20de02224a48,2009,Chevrolet,silverado-3500hd,LT,1,0,0,B,no wheel inventory for bolt/diameter,missing_inventory_wheels,LT245/70R17|LT265/65R18|LT265/70R17,8x165.1,17|18
d2f9f09b-6fbb-4b65-ae38-52ef0e8fb153,2009,Chevrolet,silverado-3500hd,LTZ,1,0,0,B,no wheel inventory for bolt/diameter,missing_inventory_wheels,LT245/70R17|LT265/65R18|LT265/70R17,8x165.1,17|18
06391063-872d-4b5e-aac5-0f56a311d519,2009,Chevrolet,silverado-3500hd,Base,1,0,0,B,no wheel inventory for bolt/diameter,missing_inventory_wheels,LT245/70R17|LT265/65R18|LT265/70R17,8x165.1,17|18
faf62a6d-58ca-4963-a738-0a636d78142b,2009,Chevrolet,silverado-3500hd,WT,1,0,0,B,no wheel inventory for bolt/diameter,missing_inventory_wheels,LT245/70R17|LT265/65R18|LT265/70R17,8x165.1,17|18
3adee2dc-13f9-407b-8b00-4b813d8e4717,2010,Chevrolet,silverado-3500hd,LT,1,0,0,B,no wheel inventory for bolt/diameter,missing_inventory_wheels,LT245/70R17|LT265/65R18|LT265/70R17,8x165.1,17|18
0ad2ff3a-6281-4a57-afea-48d0468286c1,2010,Chevrolet,silverado-3500hd,LTZ,1,0,0,B,no wheel inventory for bolt/diameter,missing_inventory_wheels,LT245/70R17|LT265/65R18|LT265/70R17,8x165.1,17|18
fa14bf00-b2eb-4142-bcbc-a47c48245b54,2010,Chevrolet,silverado-3500hd,Base,1,0,0,B,no wheel inventory for bolt/diameter,missing_inventory_wheels,LT245/70R17|LT265/65R18|LT265/70R17,8x165.1,17|18
717ce262-b5cf-44ee-ab35-31bbfc8a413d,2010,Chevrolet,silverado-3500hd,WT,1,0,0,B,no wheel inventory for bolt/diameter,missing_inventory_wheels,LT245/70R17|LT265/65R18|LT265/70R17,8x165.1,17|18
a6aa27a5-fe18-4649-850f-1e2141069aa7,2015,Chevrolet,suburban,5.3 EcoTec3,1,0,0,B,no wheel inventory for bolt/diameter,missing_inventory_wheels,265/65R18|265/70R17|275/55R20|285/45R22,6x139.7,17|18|20|22
a7826c5e-7c64-4e98-a972-6547db0295da,2016,Chevrolet,suburban,5.3 EcoTec3,1,0,0,B,no wheel inventory for bolt/diameter,missing_inventory_wheels,265/65R18|265/70R17|275/55R20|285/45R22,6x139.7,17|18|20|22
f845b0c3-4013-41c7-abfa-e0ba4c1a93d8,2017,Chevrolet,suburban,5.3 EcoTec3,1,0,0,B,no wheel inventory for bolt/diameter,missing_inventory_wheels,265/65R18|265/70R17|275/55R20|285/45R22,6x139.7,17|18|20|22
bbfdbc90-a9b5-4ee2-a522-e39d8cbf90cf,2019,Chevrolet,suburban,5.3 EcoTec3,1,0,0,B,no wheel inventory for bolt/diameter,missing_inventory_wheels,265/65R18|265/70R17|275/55R20|285/45R22,6x139.7,17|18|20|22
fb569e00-1ae4-455c-9126-3339334df023,2013,Chevrolet,trailblazer,Base,1,0,0,B,no wheel inventory for bolt/diameter,missing_inventory_wheels,215/55R17|225/55R18|235/45R19,5x120,17|18|19
b9a4b3a7-ad27-4065-97d2-d9cc938c5bbe,2015,Chevrolet,trailblazer,Base,1,0,0,B,no wheel inventory for bolt/diameter,missing_inventory_wheels,215/55R17|225/55R18|235/45R19,5x120,17|18|19
a125f613-03b3-4cf7-8bc1-929b2cf784e5,2016,Chevrolet,trailblazer,Base,1,0,0,B,no wheel inventory for bolt/diameter,missing_inventory_wheels,215/55R17|225/55R18|235/45R19,5x120,17|18|19
ddb2db56-8e97-43e1-9ec2-6cabf47757ea,2017,Chevrolet,trailblazer,Base,1,0,0,B,no wheel inventory for bolt/diameter,missing_inventory_wheels,215/55R17|225/55R18|235/45R19,5x120,17|18|19
0755ba8f-c524-4ff6-93a8-2ddf13b7c5d1,2019,Chevrolet,trailblazer,Base,1,0,0,B,no wheel inventory for bolt/diameter,missing_inventory_wheels,215/55R17|225/55R18|235/45R19,5x120,17|18|19
5c8b0f89-623e-4eee-b624-08a46d16f18e,2026,Chevrolet,trailblazer,"L, LS, LT",1,0,0,B,no wheel inventory for bolt/diameter,missing_inventory_wheels,215/55R17|225/55R18,5x100,17|18
08fb4097-899c-42d6-96db-6eac57b8977a,2026,Chevrolet,trailblazer,L,1,0,0,B,no wheel inventory for bolt/diameter,missing_inventory_wheels,215/55R17|225/55R18,5x100,17|18
bb72711e-18b5-4c12-89d4-128e33fce11d,2026,Chevrolet,trailblazer,"Activ, RS",1,0,0,B,no wheel inventory for bolt/diameter,missing_inventory_wheels,225/45R19|225/55R18,5x100,18|19
de88e8a7-927a-4c4c-be97-2b2649968c6b,2009,Chevrolet,traverse,LT,1,0,0,B,no wheel inventory for bolt/diameter,missing_inventory_wheels,255/65R18,6x132,18
79b57d1f-8cb2-4691-b134-09e626fc18ae,2009,Chevrolet,traverse,LT,1,0,0,B,no wheel inventory for bolt/diameter,missing_inventory_wheels,255/65R18,6x132,18
40f8d461-96a9-4746-9f7b-ec08a5eefa53,2010,Chevrolet,traverse,LT,1,0,0,B,no wheel inventory for bolt/diameter,missing_inventory_wheels,255/65R18,6x132,18
73168e45-eaa9-4ea4-9bc6-ed8ca4cbb39b,2010,Chevrolet,traverse,LT,1,0,0,B,no wheel inventory for bolt/diameter,missing_inventory_wheels,255/65R18,6x132,18
cf9714ae-f028-4d5f-afda-b00c1de4fa68,2011,Chevrolet,traverse,LT,1,0,0,B,no wheel inventory for bolt/diameter,missing_inventory_wheels,255/65R18,6x132,18
129a6a59-d02a-4091-a3e6-aa2531ba5325,2011,Chevrolet,traverse,LT,1,0,0,B,no wheel inventory for bolt/diameter,missing_inventory_wheels,255/65R18,6x132,18
dee7e641-d61b-499a-9225-852039ebddd2,2012,Chevrolet,traverse,LT,1,0,0,B,no wheel inventory for bolt/diameter,missing_inventory_wheels,255/65R18,6x132,18
ed302bb4-1f6e-478c-a085-08d5bbfeacde,2012,Chevrolet,traverse,LT,1,0,0,B,no wheel inventory for bolt/diameter,missing_inventory_wheels,255/65R18,6x132,18
30d891e9-d2ac-4fc6-adc2-a48f8e75a6bc,2013,Chevrolet,traverse,LT,1,0,0,B,no wheel inventory for bolt/diameter,missing_inventory_wheels,255/65R18,6x132,18
7fc68abc-b6c8-4187-ab54-3293eaa412c8,2013,Chevrolet,traverse,LT,1,0,0,B,no wheel inventory for bolt/diameter,missing_inventory_wheels,255/65R18,6x132,18
390d556a-1382-4f84-9891-4bb40ad27448,2001,Chrysler,Town & Country,LXi,1,0,0,B,no wheel inventory for bolt/diameter,missing_inventory_wheels,215/65R16,5x127,16
a356b1b1-b86a-4d20-b812-9b71ecbc3dac,2001,Chrysler,Town & Country,Limited,1,0,0,B,no wheel inventory for bolt/diameter,missing_inventory_wheels,225/60R16,5x127,16
615129ff-6b83-4c85-aedc-f67476ee938b,2002,Chrysler,Town & Country,Limited,1,0,0,B,no wheel inventory for bolt/diameter,missing_inventory_wheels,225/60R16,5x127,16
c4c5757f-9c2f-4ca7-ad3c-99cf601ecb95,2002,Chrysler,Town & Country,LXi,1,0,0,B,no wheel inventory for bolt/diameter,missing_inventory_wheels,215/65R16,5x127,16
3b490029-9f6f-48d7-853a-50764ff97f22,2003,Chrysler,Town & Country,LXi,1,0,0,B,no wheel inventory for bolt/diameter,missing_inventory_wheels,215/65R16,5x127,16
935104a4-2960-4955-94cb-2587c99561de,2003,Chrysler,Town & Country,Limited,1,0,0,B,no wheel inventory for bolt/diameter,missing_inventory_wheels,225/60R16,5x127,16
e66067cd-129f-4385-b4f8-d7c13b9a5a9a,2004,Chrysler,Town & Country,Limited,1,0,0,B,no wheel inventory for bolt/diameter,missing_inventory_wheels,225/60R16,5x127,16
6d65dd96-579a-4c2f-bf61-b6081d7617a9,2004,Chrysler,Town & Country,LXi,1,0,0,B,no wheel inventory for bolt/diameter,missing_inventory_wheels,215/65R16,5x127,16
253b12c1-d6a0-47fe-8d64-86009da150d9,2005,Chrysler,Town & Country,Touring,1,0,0,B,no wheel inventory for bolt/diameter,missing_inventory_wheels,215/65R16,5x127,16
2a3fbca3-7309-4549-989d-1c9702c2e31a,2006,Chrysler,Town & Country,Touring,1,0,0,B,no wheel inventory for bolt/diameter,missing_inventory_wheels,215/65R16,5x127,16
96e77d68-9636-4c85-a3d9-c314e24d4c0a,2007,Chrysler,Town & Country,Touring,1,0,0,B,no wheel inventory for bolt/diameter,missing_inventory_wheels,215/65R16,5x127,16
6bbc8843-dd41-47b7-936b-38bccf996fd6,2008,Chrysler,Town & Country,LX,1,0,0,B,no wheel inventory for bolt/diameter,missing_inventory_wheels,225/65R16,5x127,16
295cdee1-9bef-40f3-b695-815da3a45165,2009,Chrysler,Town & Country,LX,1,0,0,B,no wheel inventory for bolt/diameter,missing_inventory_wheels,225/65R16,5x127,16
c0a09be7-e0d2-41a3-9707-52bdee8d2dc3,2010,Chrysler,Town & Country,LX,1,0,0,B,no wheel inventory for bolt/diameter,missing_inventory_wheels,225/65R16,5x127,16
de04d9ab-078e-4a42-8e7f-1a2f71b95050,2011,Chrysler,Town & Country,LX,1,0,0,B,no wheel inventory for bolt/diameter,missing_inventory_wheels,225/65R16,5x127,16
8c0c1bb6-ff53-47e7-b437-17206339406c,2012,Chrysler,Town & Country,LX,1,0,0,B,no wheel inventory for bolt/diameter,missing_inventory_wheels,225/65R16,5x127,16
9e393979-9cd7-4e28-a174-81dafa120eb1,2013,Chrysler,Town & Country,LX,1,0,0,B,no wheel inventory for bolt/diameter,missing_inventory_wheels,225/65R16,5x127,16
4c71fb81-9dd6-4f12-b7b6-ec70fad55611,2014,Chrysler,Town & Country,LX,1,0,0,B,no wheel inventory for bolt/diameter,missing_inventory_wheels,225/65R16,5x127,16
df2892c4-33dc-4e18-8919-3dc21b294973,2015,Chrysler,Town & Country,LX,1,0,0,B,no wheel inventory for bolt/diameter,missing_inventory_wheels,225/65R16,5x127,16
74189a82-6531-474c-8ccc-f4bc355cbf10,2016,Chrysler,Town & Country,LX,1,0,0,B,no wheel inventory for bolt/diameter,missing_inventory_wheels,225/65R16,5x127,16
31f0f816-6c94-452b-9fb0-d4d34ddd9a20,2017,Chrysler,pacifica,Limited/Pinnacle,1,0,0,B,no wheel inventory for bolt/diameter,missing_inventory_wheels,235/50R20|235/55R18,5x127,18|20
05220bb4-97b0-4eae-908b-7727907fded9,2019,Chrysler,pacifica,Limited/Pinnacle,1,0,0,B,no wheel inventory for bolt/diameter,missing_inventory_wheels,235/50R20|235/55R18,5x127,18|20
ecb8324d-c510-4163-8d9e-2a0bdd688ee9,2020,Chrysler,pacifica,3.6H,1,0,0,B,no wheel inventory for bolt/diameter,missing_inventory_wheels,235/60R18|235/65R17|245/50R20|245/55R19|245/60R18,5x127,17|18|19|20
fea3ec08-f60c-4399-a5e3-a5e579fd4df2,2020,Chrysler,pacifica,Limited/Pinnacle,1,0,0,B,no wheel inventory for bolt/diameter,missing_inventory_wheels,235/50R20|235/55R18,5x127,18|20
9d4b5256-61a7-4db5-a48f-5c5d0479602f,2021,Chrysler,pacifica,Limited/Pinnacle,1,0,0,B,no wheel inventory for bolt/diameter,missing_inventory_wheels,235/50R20|235/55R18,5x127,18|20
72ed4357-e9ef-46f3-ad12-a2dc6a093ae7,2022,Chrysler,pacifica,Limited/Pinnacle,1,0,0,B,no wheel inventory for bolt/diameter,missing_inventory_wheels,235/50R20|235/55R18,5x127,18|20
c45539fa-3001-483f-8a17-e03d5dcc2ca0,2023,Chrysler,pacifica,Limited/Pinnacle,1,0,0,B,no wheel inventory for bolt/diameter,missing_inventory_wheels,235/50R20|235/55R18,5x127,18|20
01c42446-ba2d-4a38-a864-15ea1d0127f0,2024,Chrysler,pacifica,Limited/Pinnacle,1,0,0,B,no wheel inventory for bolt/diameter,missing_inventory_wheels,235/50R20|235/55R18,5x127,18|20
427144d1-6b20-4223-8c8e-1f48f43625b1,2025,Chrysler,pacifica,Limited/Pinnacle,1,0,0,B,no wheel inventory for bolt/diameter,missing_inventory_wheels,235/50R20|235/55R18,5x127,18|20
7be84eac-e455-4338-b48b-480b6b48ae79,2026,Chrysler,pacifica,Limited/Pinnacle,1,0,0,B,no wheel inventory for bolt/diameter,missing_inventory_wheels,235/50R20|235/55R18,5x127,18|20
9b3c2a59-7766-4730-995f-c200e6cd2990,2005,Chrysler,town-and-country,LX/Touring,1,0,0,B,no wheel inventory for bolt/diameter,missing_inventory_wheels,215/60R17|215/65R16|215/70R15|225/55R18,5x114.3,15|16|17|18
da12c413-2d8f-49a3-98bd-6e39e0033234,1981,Delorean,dmc-12,DMC-12 Original,0,74,1,C,only vintage/non-standard sizes: 195/60HR14 235/60HR15,vintage_tire_size,195/60HR14|235/60HR15,5x100,14|15
99af46bd-51db-4ae5-8367-857461837333,1982,Delorean,dmc-12,DMC-12 Original,0,74,1,C,only vintage/non-standard sizes: 195/60HR14 235/60HR15,vintage_tire_size,195/60HR14|235/60HR15,5x100,14|15
6fd36e6e-b30f-459e-90b4-b7fb6b4e088a,1983,Delorean,dmc-12,DMC-12 Original,0,74,1,C,only vintage/non-standard sizes: 195/60HR14 235/60HR15,vintage_tire_size,195/60HR14|235/60HR15,5x100,14|15
7dfb6f58-d2f5-4605-98f2-8682d9c3a37a,1966,Dodge,Coronet,Base,0,344,3,C,only vintage/non-standard sizes: F70-14,vintage_tire_size,F70-14,5x114.3,14
1b08b459-0672-4a6a-a60b-f059a402ba72,1967,Dodge,Coronet,Base,0,344,3,C,only vintage/non-standard sizes: F70-14,vintage_tire_size,F70-14,5x114.3,14
2f3dc532-c284-4426-a6f6-e8804d1218b7,1968,Dodge,Coronet,Base,0,344,3,C,only vintage/non-standard sizes: F70-14,vintage_tire_size,F70-14,5x114.3,14
99535065-09d0-49d9-9a13-6541db4f91a2,1969,Dodge,Coronet,Base,0,344,3,C,only vintage/non-standard sizes: F70-14,vintage_tire_size,F70-14,5x114.3,14
1daa3fd2-eb0f-4c7d-9e50-f5b65ac9c4a0,1970,Dodge,Coronet,Base,0,344,3,C,only vintage/non-standard sizes: F70-14,vintage_tire_size,F70-14,5x114.3,14
60aaa90c-5130-4e91-b3c9-53fb59321581,1964,Dodge,Dart,Base,0,61,3,C,only vintage/non-standard sizes: E70-14,vintage_tire_size,E70-14,5x110,14
6ad5a66c-95a4-40f4-8963-21e6f6f078aa,1965,Dodge,Dart,Base,0,61,3,C,only vintage/non-standard sizes: E70-14,vintage_tire_size,E70-14,5x110,14
639b302c-3609-4d6c-8fa6-054ccd242411,1966,Dodge,Dart,Base,0,61,3,C,only vintage/non-standard sizes: E70-14,vintage_tire_size,E70-14,5x110,14
588dc73f-677b-4f5f-ae99-20541a1861a2,1967,Dodge,Dart,Base,0,61,3,C,only vintage/non-standard sizes: E70-14,vintage_tire_size,E70-14,5x110,14
651bb05c-fa57-4d70-9ecf-159d264efc85,1968,Dodge,Dart,Base,0,61,3,C,only vintage/non-standard sizes: E70-14,vintage_tire_size,E70-14,5x110,14
7f8726e4-423a-4da9-ad03-e74fb98731d0,1969,Dodge,Dart,Base,0,61,3,C,only vintage/non-standard sizes: E70-14,vintage_tire_size,E70-14,5x110,14
6bab77f4-d2fd-4f0c-a9c2-7a841888580e,1970,Dodge,Dart,Base,0,61,3,C,only vintage/non-standard sizes: E70-14,vintage_tire_size,E70-14,5x110,14
d7adaee2-0291-4f6a-9ab4-8b7d86f7547a,1971,Dodge,Dart,Base,0,61,3,C,only vintage/non-standard sizes: E70-14,vintage_tire_size,E70-14,5x110,14
7c14a8f7-cba4-4bd8-acbe-5c5a48da74eb,1972,Dodge,Dart,Base,0,61,3,C,only vintage/non-standard sizes: E70-14,vintage_tire_size,E70-14,5x110,14
a794e4a3-89c9-4f2f-b5d2-23ebe1dd42fb,1973,Dodge,Dart,Base,0,61,3,C,only vintage/non-standard sizes: E70-14,vintage_tire_size,E70-14,5x110,14
13403d4f-ac17-4cfd-a879-487c8f2cc172,1974,Dodge,Dart,Base,0,61,3,C,only vintage/non-standard sizes: E70-14,vintage_tire_size,E70-14,5x110,14
2e73b640-ad7c-4a2b-983f-de6a0620fa53,1975,Dodge,Dart,Base,0,61,3,C,only vintage/non-standard sizes: E70-14,vintage_tire_size,E70-14,5x110,14
e3be8a6a-ed56-42ff-a549-ad1a1fb52c08,1976,Dodge,Dart,Base,0,61,3,C,only vintage/non-standard sizes: E70-14,vintage_tire_size,E70-14,5x110,14
40190d34-9cae-492b-9c4a-2528663cd5ff,1971,Dodge,Demon,Base,0,175,2,C,only vintage/non-standard sizes: E70-14,vintage_tire_size,E70-14,5x115,14
f2cc086e-e865-4cb2-b631-7a17c612fb52,1972,Dodge,Demon,Base,0,175,2,C,only vintage/non-standard sizes: E70-14,vintage_tire_size,E70-14,5x115,14
3407c19b-087b-4b46-b80e-5c87f11ecceb,1968,Dodge,Super Bee,Base,0,344,3,C,only vintage/non-standard sizes: F70-14,vintage_tire_size,F70-14,5x114.3,14
30d76c98-c116-4358-a5f9-717909e379ff,1969,Dodge,Super Bee,Base,0,344,3,C,only vintage/non-standard sizes: F70-14,vintage_tire_size,F70-14,5x114.3,14
bcef8c7f-8e75-4673-aff8-aa0c558f6ddf,1970,Dodge,Super Bee,Base,0,344,3,C,only vintage/non-standard sizes: F70-14,vintage_tire_size,F70-14,5x114.3,14
1459a459-fbf2-4224-918b-ebb144df380e,1970,Dodge,challenger,R/T,0,175,2,C,only vintage/non-standard sizes: E70-14,vintage_tire_size,E70-14,5x115,14
878b5d18-32f3-4700-8ca2-3c47cad8f97c,1971,Dodge,challenger,R/T,0,175,2,C,only vintage/non-standard sizes: E70-14,vintage_tire_size,E70-14,5x115,14
6cc0b800-7a3a-42dc-866c-4eb5f11d0b47,1972,Dodge,challenger,T/A,0,175,2,C,only vintage/non-standard sizes: E70-14,vintage_tire_size,E70-14,5x115,14
a133f7c9-6d81-4764-b304-106fa53fcdd9,1973,Dodge,challenger,Base,0,175,2,C,only vintage/non-standard sizes: E70-14,vintage_tire_size,E70-14,5x115,14
988361b5-3261-4185-bd24-a404075e9c0b,1974,Dodge,challenger,SE,0,175,2,C,only vintage/non-standard sizes: E70-14,vintage_tire_size,E70-14,5x115,14
3687c4d0-8c6b-4f6b-9f26-b754526b5e61,2008,Dodge,challenger,Base,1,0,0,B,no wheel inventory for bolt/diameter,missing_inventory_wheels,215/65R17|245/45R20|255/45R20|275/40R20|305/35R20,5x115,17|20
5d5a6479-da5b-4499-a492-1074e045726f,2009,Dodge,challenger,Base,1,0,0,B,no wheel inventory for bolt/diameter,missing_inventory_wheels,215/65R17|225/60R18|245/45R20|255/45R20|275/40R20|305/35R20,5x115,17|20
7d6b7338-a2bc-4c0d-9088-d14125bbe28a,2010,Dodge,challenger,Base,1,0,0,B,no wheel inventory for bolt/diameter,missing_inventory_wheels,215/65R17|225/60R18|245/45R20|255/45R20|275/40R20|305/35R20,5x115,17|20
690de7ec-5de6-4b46-a636-02d5dc60fd4b,2011,Dodge,challenger,Base,1,0,0,B,no wheel inventory for bolt/diameter,missing_inventory_wheels,215/65R17|245/45R20|255/45R20|275/40R20|305/35R20,5x115,17|20
0ddfc9ee-a9c6-4dca-838f-8403a4740cda,2012,Dodge,challenger,Base,1,0,0,B,no wheel inventory for bolt/diameter,missing_inventory_wheels,215/65R17|245/45R20|255/45R20|275/40R20|305/35R20,5x115,17|20
e0d9ee1a-9a02-4aca-9845-e2a1398c9bbc,2013,Dodge,challenger,Base,1,0,0,B,no wheel inventory for bolt/diameter,missing_inventory_wheels,215/65R17|245/45R20|255/45R20|275/40R20|305/35R20,5x115,17|20
7d115ced-8c46-497e-850e-7b237a6d6b8f,2014,Dodge,challenger,Base,1,0,0,B,no wheel inventory for bolt/diameter,missing_inventory_wheels,215/65R17|245/45R20|255/45R20|275/40R20|305/35R20,5x115,17|20
83d13b90-29e4-4709-a583-5406404a88a9,2015,Dodge,challenger,Base,1,0,0,B,no wheel inventory for bolt/diameter,missing_inventory_wheels,215/65R17|245/45R20|275/40R20|305/35R20,5x115,17|20
b45e5572-2367-4042-b84a-3a9842e412d7,2016,Dodge,challenger,Base,1,0,0,B,no wheel inventory for bolt/diameter,missing_inventory_wheels,215/65R17|235/55R18|245/45R18|245/45R20|245/45ZR20|255/45ZR20|275/40R20|305/35R20,5x115,17|18|20
38442da6-6227-481f-b7a2-c33ed309cb86,2017,Dodge,challenger,Base,1,0,0,B,no wheel inventory for bolt/diameter,missing_inventory_wheels,215/65R17|235/55R18|245/45R18|245/45R20|245/45ZR20|255/45ZR20|275/40R20|305/35R20,5x115,17|18|20
8a367fa4-1056-4cea-82b5-0a383f15a74d,2019,Dodge,challenger,Base,1,0,0,B,no wheel inventory for bolt/diameter,missing_inventory_wheels,215/65R17|235/55R18|245/45R18|245/45R20|245/45ZR20|255/45ZR20|275/40R20|305/35R20,5x115,17|18|20
ec594d2f-ec8c-48d2-9b7c-d65a5081a25d,2020,Dodge,challenger,Base,1,0,0,B,no wheel inventory for bolt/diameter,missing_inventory_wheels,215/65R17|235/50R20|235/55R19|245/45R20|245/45ZR20|255/45ZR20|255/50R19|275/40R20|305/35R20,5x115,17|19|20
d5d0ea8a-6c1c-4a64-a524-9ac187bcb8ce,2021,Dodge,challenger,Base,1,0,0,B,no wheel inventory for bolt/diameter,missing_inventory_wheels,215/65R17|235/50R20|235/55R19|245/45R20|245/45ZR20|255/45ZR20|255/50R19|275/40R20|305/35R20,5x115,17|19|20
3acbc9b1-d9c3-452c-af43-2566c0dc83f4,2022,Dodge,challenger,Base,1,0,0,B,no wheel inventory for bolt/diameter,missing_inventory_wheels,215/65R17|245/45R20|275/40R20|305/35R20,5x115,17|20
54505dec-97d9-41cc-a2a3-9ae9d842678f,2023,Dodge,challenger,Base,1,0,0,B,no wheel inventory for bolt/diameter,missing_inventory_wheels,215/65R17|245/45R20|275/40R20|305/35R20,5x115,17|20
296d847f-16e9-44c9-b4e1-f2077ddc5cfd,2024,Dodge,challenger,Base,1,0,0,B,no wheel inventory for bolt/diameter,missing_inventory_wheels,215/65R17|245/45R20|275/40R20|305/35R20,5x115,17|20
3c2f2a9e-1146-4bf7-9fde-6c8389f905fc,1966,Dodge,charger,Base,0,175,2,C,only vintage/non-standard sizes: F70-14,vintage_tire_size,F70-14,5x115,14
fa992ac5-4aad-4694-bbca-b4e0c1976d45,1967,Dodge,charger,426 Hemi,0,175,2,C,only vintage/non-standard sizes: F70-14,vintage_tire_size,F70-14,5x115,14
7857e1f5-c498-4d94-8a0a-a05c20af94fa,1968,Dodge,charger,Base,0,175,2,C,only vintage/non-standard sizes: F70-14,vintage_tire_size,F70-14,5x115,14
75cb52b6-f6a5-46ea-85e0-982b121f8581,1969,Dodge,charger,Base,0,175,2,C,only vintage/non-standard sizes: F70-14,vintage_tire_size,F70-14,5x115,14
ee37326f-6823-4ff1-a7e5-b9776aa02ad8,1970,Dodge,charger,Base,0,175,2,C,only vintage/non-standard sizes: F70-14,vintage_tire_size,F70-14,5x115,14
2e7b9dfe-3137-4b02-bb84-e6b6c90bffd9,1971,Dodge,charger,Base,0,175,2,C,only vintage/non-standard sizes: F70-14,vintage_tire_size,F70-14,5x115,14
50c12a34-624f-4e8d-aac8-3a06a76a0449,2006,Dodge,charger,SXT,1,0,0,B,no wheel inventory for bolt/diameter,missing_inventory_wheels,215/65R17|225/55R18|225/60R17|225/60R18|235/55R18|245/45R20,5x115,17|18|20
279ffcd0-60e6-404e-959b-cc2c41bbde6b,2006,Dodge,charger,Base,1,0,0,B,no wheel inventory for bolt/diameter,missing_inventory_wheels,215/65R17|225/55R18|225/60R17|225/60R18|235/55R18|245/45R20,5x115,17|18|20
9a45940b-9f58-4ab3-9e48-49400a08e717,2007,Dodge,charger,Base,1,0,0,B,no wheel inventory for bolt/diameter,missing_inventory_wheels,215/65R17|225/55R18|225/60R17|225/60R18|235/55R18|245/45R20,5x115,17|18|20
533b175d-e865-474f-993d-6543c64bbc98,2007,Dodge,charger,SXT,1,0,0,B,no wheel inventory for bolt/diameter,missing_inventory_wheels,215/65R17|225/55R18|225/60R17|225/60R18|235/55R18|245/45R20,5x115,17|18|20
00a42060-7df3-49fd-a888-bb467eaedd0a,2008,Dodge,charger,SXT,1,0,0,B,no wheel inventory for bolt/diameter,missing_inventory_wheels,215/65R17|225/55R18|225/60R17|225/60R18|235/55R18|245/45R20,5x115,17|18|20
c6f6e1e9-ea0b-4aa2-8485-28a5a03c6681,2008,Dodge,charger,Base,1,0,0,B,no wheel inventory for bolt/diameter,missing_inventory_wheels,215/65R17|225/55R18|225/60R17|225/60R18|235/55R18|245/45R20,5x115,17|18|20
a152b234-4ca8-4449-97f6-0f29f0b57b82,2009,Dodge,charger,SXT,1,0,0,B,no wheel inventory for bolt/diameter,missing_inventory_wheels,215/65R17|225/55R18|225/60R17|225/60R18|235/55R18|245/45R20,5x115,17|18|20
77466111-4c5c-48c2-a266-c7d15bc9f70a,2009,Dodge,charger,Base,1,0,0,B,no wheel inventory for bolt/diameter,missing_inventory_wheels,215/65R17|225/55R18|225/60R17|225/60R18|235/55R18|245/45R20,5x115,17|18|20
336ec4d2-7e11-41bc-9a1c-daf3987240b9,2010,Dodge,charger,Base,1,0,0,B,no wheel inventory for bolt/diameter,missing_inventory_wheels,215/65R17|225/55R18|225/60R17|225/60R18|235/55R18|245/45R20,5x115,17|18|20
81283278-2ec2-4da1-828a-7d3714580598,2011,Dodge,charger,Base,1,0,0,B,no wheel inventory for bolt/diameter,missing_inventory_wheels,215/65R17|225/60R17|235/55R18|245/45R20|275/40R20|305/35R20,5x115,17|18|20
c925490b-d08f-4e29-99ab-d7367eebb563,2012,Dodge,charger,Base,1,0,0,B,no wheel inventory for bolt/diameter,missing_inventory_wheels,215/65R17|225/60R17|235/55R18|245/45R20|275/40R20|305/35R20,5x115,17|18|20
6b1c757f-e1fc-414f-a2b8-011975ddfa4b,2012,Dodge,charger,SXT,1,0,0,B,no wheel inventory for bolt/diameter,missing_inventory_wheels,215/65R17|225/60R17|235/55R18|245/45R20|275/40R20|305/35R20,5x115,17|18|20
876ffff8-8ef9-478f-89f4-d18ba0da8562,2014,Dodge,charger,Base,1,0,0,B,no wheel inventory for bolt/diameter,missing_inventory_wheels,215/65R17|225/60R17|225/60R18|235/55R18|245/45R20|275/40R20|305/35R20,5x115,17|18|20
8b60c1db-8e70-46f1-832d-9be3ebaab435,2014,Dodge,charger,SXT,1,0,0,B,no wheel inventory for bolt/diameter,missing_inventory_wheels,215/65R17|225/60R17|225/60R18|235/55R18|245/45R20|275/40R20|305/35R20,5x115,17|18|20
206ed5ff-2930-4dc0-b97e-d55d39ad3fa0,2015,Dodge,charger,SXT,1,0,0,B,no wheel inventory for bolt/diameter,missing_inventory_wheels,215/65R17|235/50R20|235/55R19|245/45ZR20|255/45ZR20|255/50R19,5x115,17|19|20
83e6cd0a-e49d-42c2-bb6d-87ca87376f8e,2016,Dodge,charger,SXT,1,0,0,B,no wheel inventory for bolt/diameter,missing_inventory_wheels,215/65R17|235/50R20|235/55R19|245/45ZR20|255/45ZR20|255/50R19,5x115,17|19|20
8268c290-548d-496d-8422-a1bbf67010e8,2017,Dodge,charger,Base,1,0,0,B,no wheel inventory for bolt/diameter,missing_inventory_wheels,215/65R17|225/60R17|235/55R18|245/45R20|275/40R20|305/35R20,5x115,17|18|20
488a650d-0532-42c3-8e25-e2a039a01539,2019,Dodge,charger,SXT,1,0,0,B,no wheel inventory for bolt/diameter,missing_inventory_wheels,215/65R17|235/50R20|235/55R19|245/45ZR20|255/45ZR20|255/50R19,5x115,17|19|20
89bfda7d-fe74-4c44-bfde-e11e7e2db011,2020,Dodge,charger,SXT,1,0,0,B,no wheel inventory for bolt/diameter,missing_inventory_wheels,215/65R17|235/50R20|235/55R19|245/45ZR20|255/45ZR20|255/50R19,5x115,17|19|20
6a6f9d65-c3e0-4ac5-8e62-23c2f5426b1c,2021,Dodge,charger,Base,1,0,0,B,no wheel inventory for bolt/diameter,missing_inventory_wheels,215/65R17|225/60R17|235/55R18|245/45R20|275/40R20|305/35R20,5x115,17|18|20
a29e18f7-8eea-4a56-a367-fe820b637d51,2022,Dodge,charger,SXT,1,0,0,B,no wheel inventory for bolt/diameter,missing_inventory_wheels,215/65R17|235/50R20|235/55R19|245/45ZR20|255/45ZR20|255/50R19,5x115,17|19|20
b95ec735-6144-4143-a4df-89f6edb2c36d,2023,Dodge,charger,Base,1,0,0,B,no wheel inventory for bolt/diameter,missing_inventory_wheels,215/65R17|225/60R17|235/55R18|245/45R20|275/40R20|305/35R20,5x115,17|18|20
b72e719f-f098-44c9-aa4f-6488235990aa,2024,Dodge,charger,Base,1,0,0,B,no wheel inventory for bolt/diameter,missing_inventory_wheels,235/50R20|235/55R19|245/45ZR20|255/45R19|255/45ZR20|255/50R19|275/40R19|275/40R20|295/35R20|295/35R21,5x115,19|20|21
b53dae93-f1e6-4020-972f-8e403454388b,2025,Dodge,charger,Sixpack,1,0,0,B,no wheel inventory for bolt/diameter,missing_inventory_wheels,255/45R19|275/40R19|275/40R20|295/35R20|295/35R21,5x115,19|20|21
2fc1a133-990e-4fc7-9a91-263a0cb6d023,2025,Dodge,charger,Sixpack Stage 2,1,0,0,B,no wheel inventory for bolt/diameter,missing_inventory_wheels,255/45R19|275/40R19|275/40R20|295/35R20|295/35R21,5x115,19|20|21
6efce1d8-77d7-4ce1-b89f-b25750007fa7,2025,Dodge,charger,Base,1,0,0,B,no wheel inventory for bolt/diameter,missing_inventory_wheels,255/45R19|275/40R19|275/40R20|295/35R20|295/35R21,5x115,19|20|21
ce408696-58ff-494e-9a6e-46f11fa58c79,2026,Dodge,charger,Base,1,0,0,B,no wheel inventory for bolt/diameter,missing_inventory_wheels,255/45R19|275/40R19|275/40R20|295/35R20|295/35R21,5x115,19|20|21
a68651bd-1bbc-4127-8abf-e0427e71aadf,2010,Dodge,durango,SXT/Crew/R/T,1,0,0,B,no wheel inventory for bolt/diameter,missing_inventory_wheels,265/50R20|265/60R18,5x127,18|20
bda77ee8-7c24-4c11-b9a2-4c139ee00864,2012,Dodge,durango,Base,1,0,0,B,no wheel inventory for bolt/diameter,missing_inventory_wheels,265/50R20|265/60R18|295/45R20,5x127,18|20
395113a6-0d8d-448e-8d74-f211a081129b,2013,Dodge,durango,Base,1,0,0,B,no wheel inventory for bolt/diameter,missing_inventory_wheels,265/50R20|265/60R18|295/45R20,5x127,18|20
76318892-cbf5-429b-9866-0be85db57d86,2014,Dodge,durango,Base,1,0,0,B,no wheel inventory for bolt/diameter,missing_inventory_wheels,265/50R20|265/60R18|295/45R20,5x127,18|20
dfd15104-3a96-4341-b59b-822086772953,2017,Dodge,durango,Base,1,0,0,B,no wheel inventory for bolt/diameter,missing_inventory_wheels,265/50R20|265/60R18|295/45R20,5x127,18|20
b202cb90-a745-45e2-b030-77c49f4c90eb,2021,Dodge,durango,Base,1,0,0,B,no wheel inventory for bolt/diameter,missing_inventory_wheels,265/50R20|265/60R18|295/45R20,5x127,18|20
cdc96d75-cfe7-43a7-b732-a74d6f4b0491,2022,Dodge,durango,Base,1,0,0,B,no wheel inventory for bolt/diameter,missing_inventory_wheels,265/50R20|265/60R18|295/45R20,5x127,18|20
f063495f-9c1f-41fe-a5ee-e523872e432a,2023,Dodge,durango,Base,1,0,0,B,no wheel inventory for bolt/diameter,missing_inventory_wheels,265/50R20|265/60R18|295/45R20,5x127,18|20
8a837bf5-fde4-454f-93d8-2cceb6142349,2026,Dodge,durango,Base,1,0,0,B,no wheel inventory for bolt/diameter,missing_inventory_wheels,265/50R20|265/60R18|295/45R20,5x127,18|20
7aee06a0-5900-4fe6-826f-c95b0388f84e,2015,Dodge,grand-caravan,Base,1,0,0,B,no wheel inventory for bolt/diameter,missing_inventory_wheels,225/55R19|225/60R18|225/65R17|245/45R20|245/50R19,5x127,17|18|19|20
c5ee98f3-536d-40b1-b1b4-43f0b3c5ee6b,2005,Dodge,magnum,Base,1,0,0,B,no wheel inventory for bolt/diameter,missing_inventory_wheels,215/65R17|225/55R18|225/60R17|235/55R18|245/45R20,5x115,17|18|20
1d22a409-b637-497b-9826-b7416b3d5cc2,2006,Dodge,magnum,Base,1,0,0,B,no wheel inventory for bolt/diameter,missing_inventory_wheels,215/65R17|225/55R18|225/60R17|235/55R18|245/45R20,5x115,17|18|20
b5a1ebba-fece-4efe-8db6-4a0e931913f4,2007,Dodge,magnum,Base,1,0,0,B,no wheel inventory for bolt/diameter,missing_inventory_wheels,215/65R17|225/55R18|225/60R17|235/55R18|245/45R20,5x115,17|18|20
17f3b8ce-fada-44da-b001-c0d9ea195030,2008,Dodge,magnum,Base,1,0,0,B,no wheel inventory for bolt/diameter,missing_inventory_wheels,215/65R17|225/55R18|225/60R17|235/55R18|245/45R20,5x115,17|18|20
57fddeb3-0d3a-41ab-a981-e734ec703a64,2009,Dodge,ram-1500,Base,1,0,0,B,no OEM wheel diameters parsed,missing_wheel_sizes,265/70R17|275/55R20|275/60R20|275/65R18|285/45R22,5x139.7,
d3729253-b66c-41fd-9f38-ff4df6138ff0,2010,Dodge,ram-1500,Base,1,0,0,B,no OEM wheel diameters parsed,missing_wheel_sizes,265/70R17|275/55R20|275/60R20|275/65R18|285/45R22,5x139.7,
63957544-0af3-4a54-bf86-14c126e79719,2012,Fiat,500,Base,1,0,0,B,no wheel inventory for bolt/diameter,missing_inventory_wheels,195/45R16|205/40R17|205/40ZR17,4x98,16|17
1ebfe5a1-e732-4159-b103-93b40779d627,2013,Fiat,500,Base,1,0,0,B,no wheel inventory for bolt/diameter,missing_inventory_wheels,195/45R16|205/40R17,4x98,16|17
048dd1e7-5901-497d-b679-ed926d3ea007,2014,Fiat,500,Base,1,0,0,B,no wheel inventory for bolt/diameter,missing_inventory_wheels,195/45R16|205/40R17,4x98,16|17
d8a39034-7120-4f2c-b074-e4efde1befae,2015,Fiat,500,Base,1,0,0,B,no wheel inventory for bolt/diameter,missing_inventory_wheels,195/45R16|205/40R17|205/40ZR17,4x98,16|17
661b50b7-e121-4702-a610-9a55bda80e41,2016,Fiat,500,Base,1,0,0,B,no wheel inventory for bolt/diameter,missing_inventory_wheels,195/45R16|205/40R17,4x98,16|17
835ce2e4-5b58-4057-8d3d-3fa675173290,2017,Fiat,500,Base,1,0,0,B,no wheel inventory for bolt/diameter,missing_inventory_wheels,195/45R16|205/40R17|205/40ZR17,4x98,16|17
8c681f17-974a-4d11-bef8-92075702a1d7,2018,Fiat,500,1957 Retro Edition,1,0,0,B,no OEM wheel diameters parsed,missing_wheel_sizes,195/45R16,4x98,
1c5c55ad-7098-4c20-8b71-e60b575054ba,2018,Fiat,500,Abarth Cabrio,1,0,0,B,no OEM wheel diameters parsed,missing_wheel_sizes,195/45R16|205/40ZR17,4x98,
5f516443-2ff9-4737-952b-dcc3f55cdc4e,2018,Fiat,500,Abarth,1,0,0,B,no OEM wheel diameters parsed,missing_wheel_sizes,195/45R16|205/40ZR17,4x98,
c1b8bc5f-442c-4852-846f-a8964c9ea991,2018,Fiat,500,Lounge,1,0,0,B,no OEM wheel diameters parsed,missing_wheel_sizes,195/45R16,4x98,
45b2e4af-a71e-41e0-9533-58ba8ca4c694,2018,Fiat,500,c 1957 Retro Edition,1,0,0,B,no OEM wheel diameters parsed,missing_wheel_sizes,195/45R16,4x98,
845a22d2-6cb7-4ce7-9e8d-b129656e3ffe,2018,Fiat,500,c Pop,1,0,0,B,no OEM wheel diameters parsed,missing_wheel_sizes,195/45R16,4x98,
c97f663c-2f03-4325-9ea6-dc524f06b2c1,2018,Fiat,500,c Lounge,1,0,0,B,no OEM wheel diameters parsed,missing_wheel_sizes,195/45R16,4x98,
4f8512f8-5c43-4ec2-b0b0-7bd89afacdcb,2018,Fiat,500,Pop,1,0,0,B,no OEM wheel diameters parsed,missing_wheel_sizes,195/45R16,4x98,
f31a1a50-8ffd-497b-a580-1dcd1cf8c511,2018,Fiat,500,e Sport,1,0,0,B,no wheel inventory for bolt/diameter,missing_inventory_wheels,185/55R15,4x98,15
5907213a-fc93-4f03-9b09-8ec96696199b,2018,Fiat,500,e,1,0,0,B,no wheel inventory for bolt/diameter,missing_inventory_wheels,185/55R15,4x98,15
2a0de233-9711-4531-8f5a-b2268ffdd80d,2019,Fiat,500,Base,1,0,0,B,no wheel inventory for bolt/diameter,missing_inventory_wheels,195/45R16|205/40R17|205/40ZR17,4x98,16|17
170db390-c166-4158-9d5c-0120fa9369ad,2020,Fiat,500,1.4 MultiAir,1,0,0,B,no wheel inventory for bolt/diameter,missing_inventory_wheels,195/45R16|205/40ZR17,4x98,16|17
ee00ba3c-b735-4cf1-a4d9-598e5cc17aec,2021,Fiat,500,Base,1,0,0,B,no wheel inventory for bolt/diameter,missing_inventory_wheels,195/55R16|205/45R17,4x98,16|17
d9fc2cdb-432d-4df4-8ef2-5ce8d1f37f14,2022,Fiat,500,Base,1,0,0,B,no wheel inventory for bolt/diameter,missing_inventory_wheels,195/55R16|205/45R17,4x98,16|17
7693c090-9d3c-4f97-b007-e2d420368427,2023,Fiat,500,Base,1,0,0,B,no wheel inventory for bolt/diameter,missing_inventory_wheels,195/55R16|205/45R17,4x98,16|17
a143c187-5426-4e39-a991-1751f7e36545,2024,Fiat,500,Base,1,0,0,B,no wheel inventory for bolt/diameter,missing_inventory_wheels,195/55R16|205/45R17,4x98,16|17
30b559db-7a75-4d3b-abba-0ce3b212b336,2025,Fiat,500,Base,1,0,0,B,no wheel inventory for bolt/diameter,missing_inventory_wheels,195/55R16|205/45R17,4x98,16|17
37d27c72-93d5-4d91-bb7e-021e7f2c5b0d,2018,Fiat,500L,Trekking,1,0,0,B,no OEM wheel diameters parsed,missing_wheel_sizes,225/45R17,5x98,
1912ccc8-e3f8-4eb6-83f2-944f657ac0e1,2018,Fiat,500L,Pop,1,0,0,B,no OEM wheel diameters parsed,missing_wheel_sizes,205/55R16,5x98,
926d9f1b-5c61-4113-b81e-b030a8bd02d6,2018,Fiat,500L,Lounge,1,0,0,B,no OEM wheel diameters parsed,missing_wheel_sizes,225/45R17,5x98,
0c48b1f3-43a1-4196-85f9-4626c7749d36,1992,Ford,Club Wagon E-150,Base,1,154,0,A,tires+wheels OK but no packages,package_generation_gap,P235/75R15|P245/75R16,5x139.7,15|16
0139f0f1-a8de-42b7-be17-0a02ae33ebcf,1993,Ford,Club Wagon E-150,Base,1,154,0,A,tires+wheels OK but no packages,package_generation_gap,P235/75R15|P245/75R16,5x139.7,15|16
f0cad6e5-417d-48b9-98d9-63acb2f46e83,1994,Ford,Club Wagon E-150,Base,1,154,0,A,tires+wheels OK but no packages,package_generation_gap,P235/75R15|P245/75R16,5x139.7,15|16
50b4bf7d-1387-4798-a434-e1a4fb9d8c95,1995,Ford,Club Wagon E-150,Base,1,154,0,A,tires+wheels OK but no packages,package_generation_gap,P235/75R15|P245/75R16,5x139.7,15|16
e3269c00-76a2-421d-94e7-62866b07147a,1996,Ford,Club Wagon E-150,Base,1,154,0,A,tires+wheels OK but no packages,package_generation_gap,P235/75R15|P245/75R16,5x139.7,15|16
459762b4-0b48-4729-b065-5ff44c801c9a,1997,Ford,Club Wagon E-150,Base,1,154,0,A,tires+wheels OK but no packages,package_generation_gap,P235/75R15|P245/75R16,5x139.7,15|16
30f654b7-2cc0-4299-a20e-217517145052,1998,Ford,Club Wagon E-150,Base,1,154,0,A,tires+wheels OK but no packages,package_generation_gap,P235/75R15|P245/75R16,5x139.7,15|16
322fb5b9-1d89-4f25-9611-e083e28076e6,1999,Ford,Club Wagon E-150,Base,1,154,0,A,tires+wheels OK but no packages,package_generation_gap,P235/75R15|P245/75R16,5x139.7,15|16
9fd70f29-2695-4e50-9ed1-42bb8849cbb7,1992,Ford,E-150 Econoline,Base,1,154,0,A,tires+wheels OK but no packages,package_generation_gap,P235/75R15|P245/75R16,5x139.7,15|16
1d556eaa-af70-417a-bd8f-f31708a18af8,1993,Ford,E-150 Econoline,Base,1,154,0,A,tires+wheels OK but no packages,package_generation_gap,P235/75R15|P245/75R16,5x139.7,15|16
a4b6af9e-ddba-4811-a003-637955e7c2dd,1994,Ford,E-150 Econoline,Base,1,154,0,A,tires+wheels OK but no packages,package_generation_gap,P235/75R15|P245/75R16,5x139.7,15|16
154bcecb-bade-4c0f-bf3e-afb961fb6d71,1995,Ford,E-150 Econoline,Base,1,154,0,A,tires+wheels OK but no packages,package_generation_gap,P235/75R15|P245/75R16,5x139.7,15|16
1e2b0f61-0dff-4f8a-af79-f1cc12543a72,1996,Ford,E-150 Econoline,Base,1,154,0,A,tires+wheels OK but no packages,package_generation_gap,P235/75R15|P245/75R16,5x139.7,15|16
3bc87ac7-73a8-4f02-972e-08ac18f86700,1997,Ford,E-150 Econoline,Base,1,154,0,A,tires+wheels OK but no packages,package_generation_gap,P235/75R15|P245/75R16,5x139.7,15|16
e0f91852-c304-4907-a018-df1a668877a1,1998,Ford,E-150 Econoline,Base,1,154,0,A,tires+wheels OK but no packages,package_generation_gap,P235/75R15|P245/75R16,5x139.7,15|16
16c3fd65-1934-4eba-9989-8cb66c584510,1999,Ford,E-150 Econoline,Base,1,154,0,A,tires+wheels OK but no packages,package_generation_gap,P235/75R15|P245/75R16,5x139.7,15|16
07929b29-91f5-4280-a9bd-a018f6b9b595,1953,Ford,F-100,Base,0,156,3,C,only vintage/non-standard sizes: 7.50-16,vintage_tire_size,7.50-16,5x139.7,15
78e0743c-949a-4490-bea4-10886aae60f6,1954,Ford,F-100,Base,0,156,3,C,only vintage/non-standard sizes: 7.50-16,vintage_tire_size,7.50-16,5x139.7,15
257a418a-867d-43a6-9bf2-9681cf1687f9,1955,Ford,F-100,Base,0,156,3,C,only vintage/non-standard sizes: 7.50-16,vintage_tire_size,7.50-16,5x139.7,15
fbf83403-5439-4830-b41e-d217356a5881,1956,Ford,F-100,Base,0,156,3,C,only vintage/non-standard sizes: 7.50-16,vintage_tire_size,7.50-16,5x139.7,15
da30cfd9-d859-4804-b92c-57517cf5f950,1957,Ford,F-100,Base,0,156,3,C,only vintage/non-standard sizes: 7.50-16,vintage_tire_size,7.50-16,5x139.7,15
a9978af9-1050-46bf-9c75-c4f40cc5c4fb,1958,Ford,F-100,Base,0,156,3,C,only vintage/non-standard sizes: 7.50-16,vintage_tire_size,7.50-16,5x139.7,15
3896807f-cec1-41fa-81d4-a263902bb9d9,1959,Ford,F-100,Base,0,156,3,C,only vintage/non-standard sizes: 7.50-16,vintage_tire_size,7.50-16,5x139.7,15
de03b756-ec72-4196-a73e-be7693cd1438,1960,Ford,F-100,Base,0,156,3,C,only vintage/non-standard sizes: 7.50-16,vintage_tire_size,7.50-16,5x139.7,15
8bb3d944-8a87-478d-b4d8-14675db529c0,1961,Ford,F-100,Base,0,156,3,C,only vintage/non-standard sizes: 7.50-16,vintage_tire_size,7.50-16,5x139.7,15
24425204-39a3-4a64-a53e-060e304a85f5,1962,Ford,F-100,Base,0,156,3,C,only vintage/non-standard sizes: 7.50-16,vintage_tire_size,7.50-16,5x139.7,15
01aeaf22-e566-4f6c-b126-337142986de0,1963,Ford,F-100,Base,0,156,3,C,only vintage/non-standard sizes: 7.50-16,vintage_tire_size,7.50-16,5x139.7,15
23a6ca39-7816-454c-a1a5-bbe63c65f89e,1964,Ford,F-100,Base,0,156,3,C,only vintage/non-standard sizes: 7.50-16,vintage_tire_size,7.50-16,5x139.7,15
6cd95bed-1de6-4df2-8d9f-aad531562cfc,1965,Ford,F-100,Base,0,156,3,C,only vintage/non-standard sizes: 7.50-16,vintage_tire_size,7.50-16,5x139.7,15
c3636c63-c3fa-4aa6-b793-79cc522f4524,1966,Ford,F-100,Base,0,156,3,C,only vintage/non-standard sizes: 7.50-16,vintage_tire_size,7.50-16,5x139.7,15
08fe73c2-8c75-4853-8769-e19aa988b8ef,1977,Ford,F-150,Base,0,156,3,C,only vintage/non-standard sizes: L78-15,vintage_tire_size,L78-15,5x139.7,15
2c27e168-1304-43ee-88f2-05b3c70e047d,1978,Ford,F-150,Base,0,156,3,C,only vintage/non-standard sizes: L78-15,vintage_tire_size,L78-15,5x139.7,15
f902b904-2870-4d8a-8208-e339051f2341,1979,Ford,F-150,Base,0,156,3,C,only vintage/non-standard sizes: L78-15,vintage_tire_size,L78-15,5x139.7,15
ea0d86f5-be76-4246-b174-83b83e1b676c,1990,Ford,F-150,Base,1,154,0,A,tires+wheels OK but no packages,package_generation_gap,LT245/75R16|P235/75R15,5x139.7,15|16
3e4b7ed7-1de4-4d25-bff5-32c9d781dc27,1991,Ford,F-150,Base,1,154,0,A,tires+wheels OK but no packages,package_generation_gap,LT245/75R16|P235/75R15,5x139.7,15|16
f1570e85-99ec-4b62-978e-71a86d93056c,2018,Ford,F-350 Super Duty,XLT 4x4 (DRW),1,0,0,B,no OEM wheel diameters parsed,missing_wheel_sizes,LT245/75R17/E,8x200,
2b45e3db-5125-4a4e-bbae-c366fca2c34e,2018,Ford,F-350 Super Duty,Platinum (DRW),1,0,0,B,no OEM wheel diameters parsed,missing_wheel_sizes,LT245/75R17/E,8x200,
480f6649-4f78-4128-a2b1-fb1c71956c28,2018,Ford,F-350 Super Duty,King Ranch 4x4 (DRW) w/Snow Plow Pkg.,1,0,0,B,no OEM wheel diameters parsed,missing_wheel_sizes,LT245/75R17/E,8x200,
b8e56c3c-a5f5-456c-b9d5-61426f16f711,2018,Ford,F-350 Super Duty,King Ranch 4x4 (DRW),1,0,0,B,no OEM wheel diameters parsed,missing_wheel_sizes,LT245/75R17/E,8x200,
b046f423-aae7-4d4d-8f8e-d3034a531a9d,2018,Ford,F-350 Super Duty,King Ranch 4x2 (DRW),1,0,0,B,no OEM wheel diameters parsed,missing_wheel_sizes,LT245/75R17/E,8x200,
81c39b8b-3d26-41d7-9374-b35349a743bf,2018,Ford,F-350 Super Duty,Lariat 4x4 (DRW) w/Snow Plow Pkg.,1,0,0,B,no OEM wheel diameters parsed,missing_wheel_sizes,LT245/75R17/E,8x200,
a4445559-3fdb-48a2-89a7-2c184a40a0f1,2018,Ford,F-350 Super Duty,Lariat 4x4 (DRW),1,0,0,B,no OEM wheel diameters parsed,missing_wheel_sizes,LT245/75R17/E,8x200,
16374ad1-6f0a-4779-9a8a-937e1932d404,2018,Ford,F-350 Super Duty,Lariat 4x2 (DRW),1,0,0,B,no OEM wheel diameters parsed,missing_wheel_sizes,LT245/75R17/E,8x200,
3a107432-c386-4cc0-a7cd-2bcd8bf06df6,2018,Ford,F-350 Super Duty,XLT 4x2 (DRW),1,0,0,B,no OEM wheel diameters parsed,missing_wheel_sizes,LT245/75R17/E,8x200,
d0ef0093-0549-4dee-b095-5685bc172ef4,2018,Ford,F-350 Super Duty,XL 4x4 (DRW) w/Snow Plow Pkg.,1,0,0,B,no OEM wheel diameters parsed,missing_wheel_sizes,LT245/75R17/E,8x200,
88f730bb-fa2c-4ded-8600-212cfb5f4649,2018,Ford,F-350 Super Duty,XLT 4x4 (DRW) w/Snow Plow Pkg.,1,0,0,B,no OEM wheel diameters parsed,missing_wheel_sizes,LT245/75R17/E,8x200,
ff312564-1692-4982-a4d8-30eceee9c2d5,2018,Ford,F-350 Super Duty,XL 4x2 (DRW),1,0,0,B,no OEM wheel diameters parsed,missing_wheel_sizes,LT245/75R17/E,8x200,
374dc1bc-c203-424e-9205-f4a20b4c5d0c,2018,Ford,F-350 Super Duty,XL 4x4 (DRW),1,0,0,B,no OEM wheel diameters parsed,missing_wheel_sizes,LT245/75R17/E,8x200,
81ea9a79-cffb-41e8-8455-25c27cbceede,2008,Ford,F-450 Super Duty,DRW,0,38,3,C,no tire inventory for size(s),missing_inventory_tires,LT225/70R19.5,8x200,20
f8e6079b-fd26-4663-ac4d-21a501e8d54b,2009,Ford,F-450 Super Duty,DRW,0,38,3,C,no tire inventory for size(s),missing_inventory_tires,LT225/70R19.5,8x200,20
f9fffe7b-153b-475e-86df-bb493e0bff29,2010,Ford,F-450 Super Duty,DRW,0,38,3,C,no tire inventory for size(s),missing_inventory_tires,LT225/70R19.5,8x200,20
ac4f965f-a970-4f98-838b-2c5c40db03a4,2011,Ford,F-450 Super Duty,DRW,0,38,3,C,no tire inventory for size(s),missing_inventory_tires,LT225/70R19.5,8x200,20
9f44f519-816d-4c0f-a333-f73ee4230f70,2012,Ford,F-450 Super Duty,DRW,0,38,3,C,no tire inventory for size(s),missing_inventory_tires,LT225/70R19.5,8x200,20
8d2327c1-9723-45af-99ff-878cfe12a14e,2013,Ford,F-450 Super Duty,DRW,0,38,3,C,no tire inventory for size(s),missing_inventory_tires,LT225/70R19.5,8x200,20
ff7e4dd8-5ac6-4abb-99bd-c4a6705e2abb,2014,Ford,F-450 Super Duty,DRW,0,38,3,C,no tire inventory for size(s),missing_inventory_tires,LT225/70R19.5,8x200,20
2d2cb9ec-350d-48cb-95a7-1321ddcde54e,2015,Ford,F-450 Super Duty,DRW,0,38,3,C,no tire inventory for size(s),missing_inventory_tires,LT225/70R19.5,8x200,20
6fe11119-0a69-488d-a960-c7f1724ddac8,2016,Ford,F-450 Super Duty,DRW,0,38,3,C,no tire inventory for size(s),missing_inventory_tires,LT225/70R19.5,8x200,20
efe0e0e6-d91a-483f-bc70-8872a0d98bbd,2017,Ford,F-450 Super Duty,DRW,0,38,3,C,no tire inventory for size(s),missing_inventory_tires,LT225/70R19.5,8x200,20
98390c66-642d-42f6-a2c3-93703dfd9b81,2019,Ford,F-450 Super Duty,DRW,0,38,3,C,no tire inventory for size(s),missing_inventory_tires,LT225/70R19.5,8x200,20
78a1057f-2b8c-48b2-93e2-4ec0ba9b6650,2020,Ford,F-450 Super Duty,DRW,0,38,3,C,no tire inventory for size(s),missing_inventory_tires,LT225/70R19.5,8x200,20
8cfdc438-3b33-4aa0-9184-9b3757776062,2021,Ford,F-450 Super Duty,DRW,0,38,3,C,no tire inventory for size(s),missing_inventory_tires,LT225/70R19.5,8x200,20
2de71a3d-797f-44f2-b48f-a2281744b193,2022,Ford,F-450 Super Duty,DRW,0,38,3,C,no tire inventory for size(s),missing_inventory_tires,LT225/70R19.5,8x200,20
e81c30a1-3c45-441f-9b6f-605b11f295e7,2023,Ford,F-450 Super Duty,DRW,0,38,3,C,no tire inventory for size(s),missing_inventory_tires,LT225/70R19.5,8x200,20
e297e490-7257-4949-b1cc-edddbdef5f0e,2024,Ford,F-450 Super Duty,DRW,0,38,3,C,no tire inventory for size(s),missing_inventory_tires,LT225/70R19.5,8x200,20
fcd36cd4-1013-4199-8576-7ccd600b1e17,2025,Ford,F-450 Super Duty,DRW,0,38,3,C,no tire inventory for size(s),missing_inventory_tires,LT225/70R19.5,8x200,20
a641f6d0-970d-4258-902f-08176cdf3fc5,2026,Ford,F-450 Super Duty,DRW,0,38,3,C,no tire inventory for size(s),missing_inventory_tires,LT225/70R19.5,8x200,20
28dd5625-cdeb-465f-bf0c-0c30a5a7e80b,1966,Ford,Fairlane,Base,0,344,3,C,only vintage/non-standard sizes: E70-14,vintage_tire_size,E70-14,5x114.3,14
fbfbd4b5-6559-4ac2-b25a-b1053eb82be2,1967,Ford,Fairlane,Base,0,344,3,C,only vintage/non-standard sizes: E70-14,vintage_tire_size,E70-14,5x114.3,14
5d6bb47f-9a3b-4738-ac63-0a8729efc1b0,1968,Ford,Fairlane,Base,0,344,3,C,only vintage/non-standard sizes: E70-14,vintage_tire_size,E70-14,5x114.3,14
40ca16c2-cf89-4138-b875-3f525b1a636f,1969,Ford,Fairlane,Base,0,344,3,C,only vintage/non-standard sizes: E70-14,vintage_tire_size,E70-14,5x114.3,14
9f15886a-dd73-4ba2-89b9-02cae14f55d9,1970,Ford,Fairlane,Base,0,344,3,C,only vintage/non-standard sizes: E70-14,vintage_tire_size,E70-14,5x114.3,14
e4108c74-4d71-45e9-9e0b-55a019446346,1964,Ford,Falcon,Base,0,988,3,C,only vintage/non-standard sizes: 6.50-13,vintage_tire_size,6.50-13,5x114.3,13
9e130237-2adb-49f9-a850-850815efabc2,1965,Ford,Falcon,Base,0,988,3,C,only vintage/non-standard sizes: 6.50-13,vintage_tire_size,6.50-13,5x114.3,13
d0eae626-d759-43dd-8789-e5c3c67eb113,1966,Ford,Falcon,Base,0,988,3,C,only vintage/non-standard sizes: 6.50-13,vintage_tire_size,6.50-13,5x114.3,13
954c6ff3-2902-44ae-825e-741ff35a93a3,1967,Ford,Falcon,Base,0,988,3,C,only vintage/non-standard sizes: 6.50-13,vintage_tire_size,6.50-13,5x114.3,13
bb95c2e4-23da-4252-8d5f-0a398f2958dc,1968,Ford,Falcon,Base,0,344,3,C,only vintage/non-standard sizes: 6.95-14 C78-14,vintage_tire_size,6.95-14|C78-14,5x114.3,14
556ff155-5459-4f59-8eca-76ea88f996c6,1969,Ford,Falcon,Base,0,344,3,C,only vintage/non-standard sizes: C78-14 E78-14,vintage_tire_size,C78-14|E78-14,5x114.3,14
75da4d29-878e-4274-ab3d-5c2cd35a3c5a,1970,Ford,Falcon,Base,0,344,3,C,only vintage/non-standard sizes: C78-14 E78-14,vintage_tire_size,C78-14|E78-14,5x114.3,14
54bdcd75-b47f-40d2-b8c9-c9756378fa02,2011,Ford,Fiesta,"Titanium, ST",1,0,0,B,no wheel inventory for bolt/diameter,missing_inventory_wheels,205/40R17,4x108,17
e318faac-0385-46e4-b2dd-f8d173521e1c,2012,Ford,Fiesta,"Titanium, ST",1,0,0,B,no wheel inventory for bolt/diameter,missing_inventory_wheels,205/40R17,4x108,17
fd6ab0a5-3599-44c3-8f7a-97055ab41acd,2013,Ford,Fiesta,"Titanium, ST",1,0,0,B,no wheel inventory for bolt/diameter,missing_inventory_wheels,205/40R17,4x108,17
55b3b4f7-0e86-42fd-a1db-831355f89101,1965,Ford,Galaxie,Base,0,1048,3,C,only vintage/non-standard sizes: F70-15,vintage_tire_size,F70-15,5x114.3,15
7f11b0fe-5ea0-4ad6-ae79-3c50fe1c2fcc,1966,Ford,Galaxie,Base,0,1048,3,C,only vintage/non-standard sizes: F70-15,vintage_tire_size,F70-15,5x114.3,15
ad5cd786-1a4b-4ab4-b97b-3b5ab29b10ce,1967,Ford,Galaxie,Base,0,1048,3,C,only vintage/non-standard sizes: F70-15,vintage_tire_size,F70-15,5x114.3,15
6ea80f6f-752a-49ef-83bf-c7db633fd717,1968,Ford,Galaxie,Base,0,1048,3,C,only vintage/non-standard sizes: F70-15,vintage_tire_size,F70-15,5x114.3,15
ad2f62ae-6eae-4d80-9984-d1f0568c61ff,1969,Ford,Galaxie,Base,0,1048,3,C,only vintage/non-standard sizes: F70-15,vintage_tire_size,F70-15,5x114.3,15
967db7d9-7838-45c1-b5c5-641290fa6def,1970,Ford,Galaxie,Base,0,1048,3,C,only vintage/non-standard sizes: F70-15,vintage_tire_size,F70-15,5x114.3,15
90582f12-7dcc-4d2b-8026-517dc3962864,1971,Ford,Galaxie,Base,0,1048,3,C,only vintage/non-standard sizes: F70-15,vintage_tire_size,F70-15,5x114.3,15
5f0a60bc-4388-4283-b6c2-e9ce34f90d37,1970,Ford,Maverick,Base,0,344,3,C,only vintage/non-standard sizes: E78-14,vintage_tire_size,E78-14,5x114.3,14
f5a95653-4de7-4f42-8caf-20ce1ef2578c,1971,Ford,Maverick,Base,0,344,3,C,only vintage/non-standard sizes: E78-14,vintage_tire_size,E78-14,5x114.3,14
e82416c9-74fa-43b3-bebf-5f3d46c5a483,1972,Ford,Maverick,Base,0,344,3,C,only vintage/non-standard sizes: E78-14,vintage_tire_size,E78-14,5x114.3,14
30b30d54-ed33-4a19-8e9c-873a9c558ff9,1973,Ford,Maverick,Base,0,344,3,C,only vintage/non-standard sizes: E78-14,vintage_tire_size,E78-14,5x114.3,14
55d45379-4007-4138-a8f7-dd889f469670,1974,Ford,Maverick,Base,0,344,3,C,only vintage/non-standard sizes: E78-14,vintage_tire_size,E78-14,5x114.3,14
b90c00b1-aa64-43c2-8585-9c0a24f60a1c,2018,Ford,Mustang,Shelby GT350R,1,0,0,B,no wheel inventory for bolt/diameter,missing_inventory_wheels,305/30ZR19|315/30ZR19,5x114.3,19
df47d1d0-ff97-4a0a-800a-b1a71a3b83da,2018,Ford,Mustang,GT Premium,1,0,0,B,no wheel inventory for bolt/diameter,missing_inventory_wheels,255/40ZR19|275/40ZR19,5x114.3,19
6226da60-d386-4b40-8662-479df461d5a3,2018,Ford,Mustang,Shelby GT350,1,0,0,B,no wheel inventory for bolt/diameter,missing_inventory_wheels,295/35ZR19|305/35ZR19,5x114.3,19
2fdf899a-7fb8-49c1-ba68-22d17ee75433,2018,Ford,Mustang,GT,1,0,0,B,no wheel inventory for bolt/diameter,missing_inventory_wheels,255/40ZR19|275/40ZR19,5x114.3,19
31487be1-9903-4b86-a259-bbf8fb066298,2020,Ford,Mustang,Shelby GT350,1,0,0,B,no wheel inventory for bolt/diameter,missing_inventory_wheels,295/35ZR19|305/35ZR19,5x114.3,19
276e7e5a-d2bc-4e2c-b644-dc98a85fe3d6,2023,Ford,Mustang,Mach 1,1,0,0,B,no wheel inventory for bolt/diameter,missing_inventory_wheels,265/35R20|265/40R19|295/35R19|305/30R19|305/35R19,5x114.3,19
c498b32a-e203-4a36-8d21-11b6e2f12263,2023,Ford,Mustang,GT Performance Package,1,0,0,B,no wheel inventory for bolt/diameter,missing_inventory_wheels,255/40R19|275/40R19,5x114.3,19
f5c8b5d8-5560-4b8e-b716-c21df077c119,2024,Ford,Mustang,Dark Horse,1,0,0,B,no wheel inventory for bolt/diameter,missing_inventory_wheels,255/40R19|265/35R20|275/40R19,5x114.3,19
c155f631-7efb-47eb-909b-71b9ca1a7ac7,2024,Ford,Mustang,GT Performance Package,1,0,0,B,no wheel inventory for bolt/diameter,missing_inventory_wheels,255/40R19|275/40R19,5x114.3,19
a881d2ff-bc20-4f51-9797-1a155189373e,2021,Ford,Mustang Mach 1,Handling Package,1,0,0,B,no wheel inventory for bolt/diameter,missing_inventory_wheels,305/30R19|315/30R19,5x114.3,19
144aa738-85b3-40f8-8f35-9067b71c9c52,2021,Ford,Mustang Mach 1,Base,1,0,0,B,no wheel inventory for bolt/diameter,missing_inventory_wheels,255/40R19|275/40R19,5x114.3,19
b6dce2ba-4691-4caa-b475-e5c322a28d5f,2022,Ford,Mustang Mach 1,Handling Package,1,0,0,B,no wheel inventory for bolt/diameter,missing_inventory_wheels,305/30R19|315/30R19,5x114.3,19
6dc2e084-8b97-469b-85fa-0d52373851b2,2022,Ford,Mustang Mach 1,Base,1,0,0,B,no wheel inventory for bolt/diameter,missing_inventory_wheels,255/40R19|275/40R19,5x114.3,19
b9032a04-9e4a-4be5-bfce-17f2cf091a9e,2023,Ford,Mustang Mach 1,Base,1,0,0,B,no wheel inventory for bolt/diameter,missing_inventory_wheels,255/40R19|275/40R19,5x114.3,19
a6080edd-3463-47a3-9eb4-3b0092dd6463,2023,Ford,Mustang Mach 1,Handling Package,1,0,0,B,no wheel inventory for bolt/diameter,missing_inventory_wheels,305/30R19|315/30R19,5x114.3,19
d536d4fa-bfbf-4921-bc75-d379cf42f6af,2015,Ford,Mustang Shelby GT350,GT350R,1,0,0,B,no wheel inventory for bolt/diameter,missing_inventory_wheels,305/30R19|315/30R19,5x114.3,19
996631bc-9e17-4ab7-9979-eb9b03c0fd63,2015,Ford,Mustang Shelby GT350,Base,1,0,0,B,no wheel inventory for bolt/diameter,missing_inventory_wheels,295/35R19|305/35R19,5x114.3,19
4fd56885-6afe-4121-a6dd-12b43f44edc3,2016,Ford,Mustang Shelby GT350,Base,1,0,0,B,no wheel inventory for bolt/diameter,missing_inventory_wheels,295/35R19|305/35R19,5x114.3,19
ac2bef1b-1884-4aec-b7d1-97b083919195,2016,Ford,Mustang Shelby GT350,GT350R,1,0,0,B,no wheel inventory for bolt/diameter,missing_inventory_wheels,305/30R19|315/30R19,5x114.3,19
cd1df120-7307-4eec-b391-3518755d600a,2017,Ford,Mustang Shelby GT350,Base,1,0,0,B,no wheel inventory for bolt/diameter,missing_inventory_wheels,295/35R19|305/35R19,5x114.3,19
a0f278f8-aca0-4f72-a5e5-d9f8abf085d8,2017,Ford,Mustang Shelby GT350,GT350R,1,0,0,B,no wheel inventory for bolt/diameter,missing_inventory_wheels,305/30R19|315/30R19,5x114.3,19
9ab34a3f-6074-4f01-9a79-73ec06a55351,2019,Ford,Mustang Shelby GT350,Base,1,0,0,B,no wheel inventory for bolt/diameter,missing_inventory_wheels,295/35R19|305/35R19,5x114.3,19
33b0e8e9-de70-45d9-9399-cc4ecc52231d,2019,Ford,Mustang Shelby GT350,GT350R,1,0,0,B,no wheel inventory for bolt/diameter,missing_inventory_wheels,305/30R19|315/30R19,5x114.3,19
84dab7fa-0f8b-449e-bfa0-97762e662c6d,2020,Ford,Mustang Shelby GT350,Base,1,0,0,B,no wheel inventory for bolt/diameter,missing_inventory_wheels,295/35R19|305/35R19,5x114.3,19
2259383f-97a1-4f04-8f7b-545303cd2d77,2020,Ford,Mustang Shelby GT350,GT350R,1,0,0,B,no wheel inventory for bolt/diameter,missing_inventory_wheels,305/30R19|315/30R19,5x114.3,19
629bd802-0357-4815-a31a-486dc66a30b0,2010,Ford,Mustang Shelby GT500,Base,1,0,0,B,no wheel inventory for bolt/diameter,missing_inventory_wheels,255/40R19|285/35R19,5x114.3,19
f295bda6-3ebb-40e2-bb73-e00c87d85d5e,2011,Ford,Mustang Shelby GT500,Base,1,0,0,B,no wheel inventory for bolt/diameter,missing_inventory_wheels,255/40R19|285/35R19,5x114.3,19
2280f479-1315-4bcd-9261-1ddd11a17671,2012,Ford,Mustang Shelby GT500,Base,1,0,0,B,no wheel inventory for bolt/diameter,missing_inventory_wheels,255/40R19|285/35R19,5x114.3,19
ed2297ec-2c12-47eb-803f-3c176f60b387,1955,Ford,Thunderbird,Base,0,1048,3,C,only vintage/non-standard sizes: 6.70-15,vintage_tire_size,6.70-15,5x114.3,15
f0cdeb12-c33a-4b0d-b4c5-73bdb7ae68bf,1956,Ford,Thunderbird,Base,0,1048,3,C,only vintage/non-standard sizes: 6.70-15,vintage_tire_size,6.70-15,5x114.3,15
bc0d7bb9-7944-4538-a21c-3f78905fd1d4,1957,Ford,Thunderbird,Base,0,1048,3,C,only vintage/non-standard sizes: 6.70-15,vintage_tire_size,6.70-15,5x114.3,15
a6b3bfdd-984a-4477-9b2e-32c42a229bf2,1958,Ford,Thunderbird,Base,0,344,3,C,only vintage/non-standard sizes: 8.00-14,vintage_tire_size,8.00-14,5x114.3,14
e28ca8b6-2be3-40e4-b0fe-03dfc8e73a14,1959,Ford,Thunderbird,Base,0,344,3,C,only vintage/non-standard sizes: 8.00-14,vintage_tire_size,8.00-14,5x114.3,14
17bbbd1b-28af-47af-aba9-2157f651797d,1960,Ford,Thunderbird,Base,0,344,3,C,only vintage/non-standard sizes: 8.00-14,vintage_tire_size,8.00-14,5x114.3,14
af5326a2-63ce-4682-875d-bb26d7920a9b,1961,Ford,Thunderbird,Base,0,344,3,C,only vintage/non-standard sizes: 8.00-14,vintage_tire_size,8.00-14,5x114.3,14
e78174f9-20f9-4f64-ba58-c5eb28c64f20,1962,Ford,Thunderbird,Base,0,344,3,C,only vintage/non-standard sizes: 8.00-14,vintage_tire_size,8.00-14,5x114.3,14
89788eb4-0356-4daa-b16c-55053d8048d1,1963,Ford,Thunderbird,Base,0,344,3,C,only vintage/non-standard sizes: 8.00-14,vintage_tire_size,8.00-14,5x114.3,14
2b6b3e3a-58f2-4807-9c3b-77c74e8d601a,1964,Ford,Thunderbird,Base,0,1048,3,C,only vintage/non-standard sizes: 8.15-15,vintage_tire_size,8.15-15,5x114.3,15
0cb1a20f-7ce8-444c-9a70-994894ae62fa,1965,Ford,Thunderbird,Base,0,1048,3,C,only vintage/non-standard sizes: 8.15-15,vintage_tire_size,8.15-15,5x114.3,15
d1409f91-49e1-40ad-b202-fb10f0df9dcd,1966,Ford,Thunderbird,Base,0,1048,3,C,only vintage/non-standard sizes: 8.15-15,vintage_tire_size,8.15-15,5x114.3,15
6fc61a3a-a3de-436a-a5bc-bb3560ebbf1e,1968,Ford,Torino,Base,0,344,3,C,only vintage/non-standard sizes: F70-14,vintage_tire_size,F70-14,5x114.3,14
c388f18d-89c9-4d25-bd30-fc573e998b87,1969,Ford,Torino,Base,0,344,3,C,only vintage/non-standard sizes: F70-14,vintage_tire_size,F70-14,5x114.3,14
9ef40224-8c43-4930-8253-083f9f48fc2a,1970,Ford,Torino,Base,0,344,3,C,only vintage/non-standard sizes: F70-14,vintage_tire_size,F70-14,5x114.3,14
835422cc-b25e-426a-b9a8-dfa9c59b126b,1971,Ford,Torino,Base,0,344,3,C,only vintage/non-standard sizes: F70-14,vintage_tire_size,F70-14,5x114.3,14
eba08394-d437-4155-866e-df1fbd635327,1972,Ford,Torino,Base,0,344,3,C,only vintage/non-standard sizes: F70-14,vintage_tire_size,F70-14,5x114.3,14
d2ebbef8-71e6-473d-ba00-f5bce262034c,1992,Ford,bronco,Base,1,154,0,A,tires+wheels OK but no packages,package_generation_gap,235/75R15|255/70R15|255/70R16|265/70R16,5x139.7,15|16
1f3bb45c-c82a-4ba1-8c41-0ee38d52083b,1992,Ford,bronco,XL,1,154,0,A,tires+wheels OK but no packages,package_generation_gap,235/75R15|255/70R15|255/70R16|265/70R16,5x139.7,15|16
2ae5b697-c2f7-4cf0-a9f7-435b2fb34e52,1992,Ford,bronco,XLT,1,154,0,A,tires+wheels OK but no packages,package_generation_gap,235/75R15|255/70R15|255/70R16|265/70R16,5x139.7,15|16
223b109b-99af-4196-8b54-5b2c4f3e7fa8,1992,Ford,bronco,Eddie Bauer,1,154,0,A,tires+wheels OK but no packages,package_generation_gap,235/75R15|255/70R15|255/70R16|265/70R16,5x139.7,15|16
36717f5f-b57c-40cf-b2e1-cbcdf7ae2eb0,1993,Ford,bronco,Eddie Bauer,1,154,0,A,tires+wheels OK but no packages,package_generation_gap,235/75R15|255/70R15|255/70R16|265/70R16,5x139.7,15|16
9dde1180-2649-45b8-a155-327b95f15dac,1993,Ford,bronco,XL,1,154,0,A,tires+wheels OK but no packages,package_generation_gap,235/75R15|255/70R15|255/70R16|265/70R16,5x139.7,15|16
24b17d34-6b8b-4e94-ae79-50b19cd00a97,1993,Ford,bronco,Base,1,154,0,A,tires+wheels OK but no packages,package_generation_gap,235/75R15|255/70R15|255/70R16|265/70R16,5x139.7,15|16
75d33cba-e877-4aa3-90a2-ae822d207c50,1993,Ford,bronco,XLT,1,154,0,A,tires+wheels OK but no packages,package_generation_gap,235/75R15|255/70R15|255/70R16|265/70R16,5x139.7,15|16
f3e975e4-e004-405e-9dcf-8167e5a63485,1994,Ford,bronco,Base,1,154,0,A,tires+wheels OK but no packages,package_generation_gap,235/75R15|255/70R15|255/70R16|265/70R16,5x139.7,15|16
e1411e42-df1a-4e5a-b144-2372a7c1f483,1994,Ford,bronco,XL,1,154,0,A,tires+wheels OK but no packages,package_generation_gap,235/75R15|255/70R15|255/70R16|265/70R16,5x139.7,15|16
b75bd966-123b-4aa7-b106-5ca4a1e7bf7b,1994,Ford,bronco,Eddie Bauer,1,154,0,A,tires+wheels OK but no packages,package_generation_gap,235/75R15|255/70R15|255/70R16|265/70R16,5x139.7,15|16
4be6c362-b4c8-4953-b60b-3307721875cd,1994,Ford,bronco,XLT,1,154,0,A,tires+wheels OK but no packages,package_generation_gap,235/75R15|255/70R15|255/70R16|265/70R16,5x139.7,15|16
2a669673-948f-468a-9983-d68bfbe9b0b5,1995,Ford,bronco,Eddie Bauer,1,154,0,A,tires+wheels OK but no packages,package_generation_gap,235/75R15|255/70R15|255/70R16|265/70R16,5x139.7,15|16
1f18d23d-7f66-426b-b1f7-d7d3ebdb5532,1995,Ford,bronco,XL,1,154,0,A,tires+wheels OK but no packages,package_generation_gap,235/75R15|255/70R15|255/70R16|265/70R16,5x139.7,15|16
3f876d3d-f618-4d01-b33f-eeac11fdb36c,1995,Ford,bronco,Base,1,154,0,A,tires+wheels OK but no packages,package_generation_gap,235/75R15|255/70R15|255/70R16|265/70R16,5x139.7,15|16
ff052d2c-53e1-4243-b7a1-f8a660de4561,1995,Ford,bronco,XLT,1,154,0,A,tires+wheels OK but no packages,package_generation_gap,235/75R15|255/70R15|255/70R16|265/70R16,5x139.7,15|16
32e7c354-2088-4913-a130-d9eb70c0de0c,1996,Ford,bronco,XL,1,154,0,A,tires+wheels OK but no packages,package_generation_gap,235/75R15|255/70R15|255/70R16|265/70R16,5x139.7,15|16
47ed0bc0-b9fe-48b8-b137-d8bc40eecf8c,1996,Ford,bronco,Base,1,154,0,A,tires+wheels OK but no packages,package_generation_gap,235/75R15|255/70R15|255/70R16|265/70R16,5x139.7,15|16
6c37f536-4a5f-467b-b2f4-9289e747d7ee,1996,Ford,bronco,Eddie Bauer,1,154,0,A,tires+wheels OK but no packages,package_generation_gap,235/75R15|255/70R15|255/70R16|265/70R16,5x139.7,15|16
b55a0aaa-fa42-4146-a832-426a511419c5,1996,Ford,bronco,XLT,1,154,0,A,tires+wheels OK but no packages,package_generation_gap,235/75R15|255/70R15|255/70R16|265/70R16,5x139.7,15|16
9cc5916f-15f2-4ea3-bbf2-ae08c31a7f15,2001,Ford,e-150-econoline,Base,1,154,0,A,tires+wheels OK but no packages,package_generation_gap,195/65R15,5x139.7,15|16
6c1905ee-5a34-4dfb-a739-48675de1c27f,2000,Ford,excursion,Base,1,392,0,A,tires+wheels OK but no packages,package_generation_gap,LT265/75R16,8x170,16
6b821bbc-6a03-4662-bd7c-4d551aa362be,2001,Ford,excursion,Base,1,392,0,A,tires+wheels OK but no packages,package_generation_gap,LT265/75R16,8x170,16
d4bf2c53-135d-4bff-84e8-ea35181f831d,2002,Ford,excursion,Base,1,392,0,A,tires+wheels OK but no packages,package_generation_gap,LT265/75R16,8x170,16
cc92595d-1017-4289-8448-6398ea52bf6e,2003,Ford,excursion,Base,1,392,0,A,tires+wheels OK but no packages,package_generation_gap,LT265/75R16,8x170,16
272ea447-595a-46c1-b5a6-d2ba4a03c6ae,2004,Ford,excursion,Base,1,392,0,A,tires+wheels OK but no packages,package_generation_gap,LT265/75R16,8x170,16
15d0a8ff-b982-4948-9498-3f140ea6aa98,2005,Ford,excursion,Base,1,392,0,A,tires+wheels OK but no packages,package_generation_gap,LT265/75R16,8x170,16
588edb20-de25-4651-ae9c-be01aec9ec84,1997,Ford,expedition,XLT,1,0,0,B,no wheel inventory for bolt/diameter,missing_inventory_wheels,255/70R16,5x135,16
0768e8b8-b9e4-49c3-9112-f3436f43fded,1997,Ford,expedition,XLT,1,0,0,B,no wheel inventory for bolt/diameter,missing_inventory_wheels,255/70R16,5x135,16
6c09b954-13f3-4bb8-b296-c35bfe285b28,1997,Ford,expedition,XLT,1,0,0,B,no wheel inventory for bolt/diameter,missing_inventory_wheels,255/70R16,5x135,16
236fc5ff-8f64-44bc-b447-a59c430705f5,1997,Ford,expedition,XLT,1,0,0,B,no wheel inventory for bolt/diameter,missing_inventory_wheels,255/70R16,5x135,16
c005320a-ca1c-42cc-9ec2-1e2b80449213,1998,Ford,expedition,XLT,1,0,0,B,no wheel inventory for bolt/diameter,missing_inventory_wheels,255/70R16,5x135,16
5d718c82-b261-495c-8640-f16b977d4de1,1998,Ford,expedition,XLT,1,0,0,B,no wheel inventory for bolt/diameter,missing_inventory_wheels,255/70R16,5x135,16
2853b971-884b-4e02-aaa7-ebcf158d37a8,1998,Ford,expedition,XLT,1,0,0,B,no wheel inventory for bolt/diameter,missing_inventory_wheels,255/70R16,5x135,16
35312166-0356-43d2-af64-3265d7625ff2,1998,Ford,expedition,XLT,1,0,0,B,no wheel inventory for bolt/diameter,missing_inventory_wheels,255/70R16,5x135,16
444dcb14-20d6-4555-830f-59750f5e9c0f,1999,Ford,expedition,XLT,1,0,0,B,no wheel inventory for bolt/diameter,missing_inventory_wheels,255/70R16,5x135,16
4239d462-de66-4177-8d25-3923ae26d42e,1999,Ford,expedition,XLT,1,0,0,B,no wheel inventory for bolt/diameter,missing_inventory_wheels,255/70R16,5x135,16
a879967a-9976-414a-86f0-5a11c72b6f6d,1999,Ford,expedition,XLT,1,0,0,B,no wheel inventory for bolt/diameter,missing_inventory_wheels,255/70R16,5x135,16
9bde862a-e3f0-4dcf-918d-8745f4a1ed77,1999,Ford,expedition,XLT,1,0,0,B,no wheel inventory for bolt/diameter,missing_inventory_wheels,255/70R16,5x135,16
eff7e26e-0b4a-4787-a061-2d3419c8fea9,2000,Ford,expedition,XLT,1,0,0,B,no wheel inventory for bolt/diameter,missing_inventory_wheels,255/70R16,5x135,16
2c4dc7eb-9e18-4daa-9ae8-04eec7c50e30,2000,Ford,expedition,XLT,1,0,0,B,no wheel inventory for bolt/diameter,missing_inventory_wheels,255/70R16,5x135,16
ddb57546-f78a-427a-a0e8-449c36b7f718,2000,Ford,expedition,XLT,1,0,0,B,no wheel inventory for bolt/diameter,missing_inventory_wheels,255/70R16,5x135,16
4f818592-9923-484b-9da4-a3a9bd55cc91,2000,Ford,expedition,XLT,1,0,0,B,no wheel inventory for bolt/diameter,missing_inventory_wheels,255/70R16,5x135,16
c6fd6707-4f3f-4d2a-8a72-c7a240ed2516,2001,Ford,expedition,XLT,1,0,0,B,no wheel inventory for bolt/diameter,missing_inventory_wheels,255/70R16,5x135,16
1b6e029f-d0cb-403a-977c-9ec725e37cae,2001,Ford,expedition,XLT,1,0,0,B,no wheel inventory for bolt/diameter,missing_inventory_wheels,255/70R16,5x135,16
1b5543ad-29ce-4a45-9bb8-f5a7a443326e,2001,Ford,expedition,XLT,1,0,0,B,no wheel inventory for bolt/diameter,missing_inventory_wheels,255/70R16,5x135,16
57875fb7-6db2-492e-a539-ed5e5889aaf1,2002,Ford,expedition,XLT,1,0,0,B,no wheel inventory for bolt/diameter,missing_inventory_wheels,255/70R16,5x135,16
3374dd50-e0da-490a-945c-6f0c57ba8eec,2002,Ford,expedition,XLT,1,0,0,B,no wheel inventory for bolt/diameter,missing_inventory_wheels,255/70R16,5x135,16
75ff3ad4-71b4-4a91-a182-b8ac77c449a2,2002,Ford,expedition,XLT,1,0,0,B,no wheel inventory for bolt/diameter,missing_inventory_wheels,255/70R16,5x135,16
393e7be8-9338-483b-a67c-2d4a30829b61,2003,Ford,expedition,XLT,1,0,0,B,no wheel inventory for bolt/diameter,missing_inventory_wheels,265/70R17,6x135,17
a9df93aa-2422-4271-94ae-2350ce718758,2003,Ford,expedition,XLT,1,0,0,B,no wheel inventory for bolt/diameter,missing_inventory_wheels,265/70R17,6x135,17
58de9caa-0b00-42f3-9490-3975a1f1dc69,2004,Ford,expedition,XLT,1,0,0,B,no wheel inventory for bolt/diameter,missing_inventory_wheels,265/70R17,6x135,17
e36d4d53-0165-4daf-9fd6-d0a67b8af6d7,2004,Ford,expedition,XLT,1,0,0,B,no wheel inventory for bolt/diameter,missing_inventory_wheels,265/70R17,6x135,17
ff71b849-3034-47f0-8646-bd60a3c83532,2005,Ford,expedition,XLT,1,0,0,B,no wheel inventory for bolt/diameter,missing_inventory_wheels,265/70R17,6x135,17
5fb3bfdc-9bdb-4ca8-92ac-9b6755b16061,2005,Ford,expedition,XLT,1,0,0,B,no wheel inventory for bolt/diameter,missing_inventory_wheels,265/70R17,6x135,17
045c67ce-30a4-40c6-9b14-065773a4a529,2006,Ford,expedition,XLT,1,0,0,B,no wheel inventory for bolt/diameter,missing_inventory_wheels,265/70R17,6x135,17
0e1be0e7-ea49-48b1-a86c-106bd4505411,2006,Ford,expedition,XLT,1,0,0,B,no wheel inventory for bolt/diameter,missing_inventory_wheels,265/70R17,6x135,17
e61d3244-94d7-4e52-817c-bad54416f917,2007,Ford,expedition,XLT,1,0,0,B,no wheel inventory for bolt/diameter,missing_inventory_wheels,275/65R18,6x135,18
ea59c09d-85f3-47b9-b4ad-d7b97a251fbd,2008,Ford,expedition,XLT,1,0,0,B,no wheel inventory for bolt/diameter,missing_inventory_wheels,275/65R18,6x135,18
ebaa945d-fc0a-4cdb-a2c9-32a02a485c11,2009,Ford,expedition,XLT,1,0,0,B,no wheel inventory for bolt/diameter,missing_inventory_wheels,275/65R18,6x135,18
10e241c4-8d00-4c3e-a62e-a12ec5b504f2,2010,Ford,expedition,XLT,1,0,0,B,no wheel inventory for bolt/diameter,missing_inventory_wheels,275/65R18,6x135,18
137ed637-318b-4c8f-8ebe-d0c67b303701,2011,Ford,expedition,XLT,1,0,0,B,no wheel inventory for bolt/diameter,missing_inventory_wheels,275/65R18,6x135,18
2bcd8a7d-42b8-424e-84c2-5e95f0124ab7,2012,Ford,expedition,XLT,1,0,0,B,no wheel inventory for bolt/diameter,missing_inventory_wheels,275/65R18,6x135,18
8a260499-b142-4413-91e4-29f8c9c8fbcc,2013,Ford,expedition,XLT,1,0,0,B,no wheel inventory for bolt/diameter,missing_inventory_wheels,275/65R18,6x135,18
e07f89e3-f930-4ccd-88a4-25384b24250a,2014,Ford,expedition,XLT,1,0,0,B,no wheel inventory for bolt/diameter,missing_inventory_wheels,275/65R18,6x135,18
b1dda73c-100d-48e6-a466-272b56c99ee7,2015,Ford,expedition,XLT,1,0,0,B,no wheel inventory for bolt/diameter,missing_inventory_wheels,275/65R18,6x135,18
9860e32d-aec2-4844-8d49-91fd777e37eb,2006,Ford,explorer,XLT,1,0,0,B,no wheel inventory for bolt/diameter,missing_inventory_wheels,245/65R17,6x135,17
47a8e4fc-0740-4632-8b4a-d12f419e45f0,2007,Ford,explorer,XLT,1,0,0,B,no wheel inventory for bolt/diameter,missing_inventory_wheels,245/65R17,6x135,17
9af085bf-ce98-42bd-b540-dd4378aed7ad,2008,Ford,explorer,XLT,1,0,0,B,no wheel inventory for bolt/diameter,missing_inventory_wheels,245/65R17,6x135,17
28d78747-28a9-45fd-8e5b-fc6bef88cc10,2020,Ford,explorer,Platinum,1,0,0,B,no wheel inventory for bolt/diameter,missing_inventory_wheels,275/45R21,5x114.3,21
54f38bb3-4855-4d2a-b8d9-9bd047d17e15,2020,Ford,explorer,"Base, XLT, Limited, ST, Platinum, King Ranch, Timberline",1,0,0,B,no wheel inventory for bolt/diameter,missing_inventory_wheels,275/45R21,5x114.3,21
9f097e32-18b5-4706-90e5-ac0f22541430,2021,Ford,explorer,Platinum,1,0,0,B,no wheel inventory for bolt/diameter,missing_inventory_wheels,275/45R21,5x114.3,21
f1006ff4-ec07-4fec-b9fc-d1a18d04a575,2021,Ford,explorer,"Base, XLT, Limited, ST, Platinum, King Ranch, Timberline",1,0,0,B,no wheel inventory for bolt/diameter,missing_inventory_wheels,275/45R21,5x114.3,21
54d96637-6bd3-4022-b809-fc5825e7edf7,2022,Ford,explorer,"Base, XLT, Limited, ST, Platinum, King Ranch, Timberline",1,0,0,B,no wheel inventory for bolt/diameter,missing_inventory_wheels,275/45R21,5x114.3,21
7dd5512a-6aa8-412b-93c1-a01999431319,2022,Ford,explorer,Platinum,1,0,0,B,no wheel inventory for bolt/diameter,missing_inventory_wheels,275/45R21,5x114.3,21
5eb76a04-65bc-441b-b5b6-a3f7bad623fd,2023,Ford,explorer,Platinum,1,0,0,B,no wheel inventory for bolt/diameter,missing_inventory_wheels,275/45R21,5x114.3,21
6e220ed8-3701-4493-bea8-fdf7099f5204,2023,Ford,explorer,"Base, XLT, Limited, ST, Platinum, King Ranch, Timberline",1,0,0,B,no wheel inventory for bolt/diameter,missing_inventory_wheels,275/45R21,5x114.3,21
f22a1d3f-9764-4e7c-b365-3a687fd20d24,2024,Ford,explorer,"Base, XLT, Limited, ST, Platinum, King Ranch, Timberline",1,0,0,B,no wheel inventory for bolt/diameter,missing_inventory_wheels,275/45R21,5x114.3,21
834013b0-cdc2-4667-85f3-a8e0ff984f9c,2024,Ford,explorer,Platinum,1,0,0,B,no wheel inventory for bolt/diameter,missing_inventory_wheels,275/45R21,5x114.3,21
25cb57b4-2e6b-4262-bf45-f553270ab564,2025,Ford,explorer,Platinum,1,0,0,B,no wheel inventory for bolt/diameter,missing_inventory_wheels,275/45R21,5x114.3,21
f64b5b24-9f4c-4274-acfb-7b8d6a35dff4,2025,Ford,explorer,"Base, XLT, Limited, ST, Platinum, King Ranch, Timberline",1,0,0,B,no wheel inventory for bolt/diameter,missing_inventory_wheels,275/45R21,5x114.3,21
317ade9e-5ff9-4808-9fb5-6b89d15ae41e,2026,Ford,explorer,"Base, XLT, Limited, ST, Platinum, King Ranch, Timberline",1,0,0,B,no wheel inventory for bolt/diameter,missing_inventory_wheels,275/45R21,5x114.3,21
95ce0c05-9279-4a1e-af11-310e8ce8d4f4,2026,Ford,explorer,Platinum,1,0,0,B,no wheel inventory for bolt/diameter,missing_inventory_wheels,275/45R21,5x114.3,21
4184fbe0-956b-43d3-9803-756fd876f70c,1997,Ford,f-150,Lariat,1,0,0,B,no wheel inventory for bolt/diameter,missing_inventory_wheels,255/65R17,6x135,17
4c382c53-82f5-459a-a0ed-cfa37a1d060f,1997,Ford,f-150,Lightning,1,0,0,B,no wheel inventory for bolt/diameter,missing_inventory_wheels,255/65R17,6x135,17
986df76c-5165-4869-88ce-9b28ee60a36b,1997,Ford,f-150,XL,1,0,0,B,no wheel inventory for bolt/diameter,missing_inventory_wheels,255/65R17,6x135,17
c6c316db-aa94-4aad-b06e-fb6bf8f47ea7,1997,Ford,f-150,Base,1,0,0,B,no wheel inventory for bolt/diameter,missing_inventory_wheels,255/65R17,6x135,17
a3e6725a-d339-4f3a-a656-9ea26fec38c6,1997,Ford,f-150,XLT,1,0,0,B,no wheel inventory for bolt/diameter,missing_inventory_wheels,255/65R17,6x135,17
d4a82603-c039-4f4a-95d0-3aad3e8d89da,1998,Ford,f-150,Base,1,0,0,B,no wheel inventory for bolt/diameter,missing_inventory_wheels,255/65R17,6x135,17
471bf3cf-ca20-4056-9fe4-c0aecda4ed07,1998,Ford,f-150,Lariat,1,0,0,B,no wheel inventory for bolt/diameter,missing_inventory_wheels,255/65R17,6x135,17
32734c3d-1c98-49fa-bd80-d29bff8e0e31,1998,Ford,f-150,XLT,1,0,0,B,no wheel inventory for bolt/diameter,missing_inventory_wheels,255/65R17,6x135,17
d67dc158-b317-40d3-b5cb-cb262e070585,1998,Ford,f-150,XL,1,0,0,B,no wheel inventory for bolt/diameter,missing_inventory_wheels,255/65R17,6x135,17
b9b0bf15-17f8-47f0-a00d-c8b237aa8098,1998,Ford,f-150,Lightning,1,0,0,B,no wheel inventory for bolt/diameter,missing_inventory_wheels,255/65R17,6x135,17
f3122991-a502-49b7-ac69-0b1278ff5209,1999,Ford,f-150,XLT,1,0,0,B,no wheel inventory for bolt/diameter,missing_inventory_wheels,255/65R17,6x135,17
6e637737-683b-4922-aab1-bb4f2b463130,1999,Ford,f-150,Lightning,1,0,0,B,no wheel inventory for bolt/diameter,missing_inventory_wheels,255/65R17,6x135,17
16fb37b7-0f22-4ed5-80d4-d66be838c106,1999,Ford,f-150,XL,1,0,0,B,no wheel inventory for bolt/diameter,missing_inventory_wheels,255/65R17,6x135,17
70cbeba7-810a-42e0-936f-9904e47a5fdb,1999,Ford,f-150,Lariat,1,0,0,B,no wheel inventory for bolt/diameter,missing_inventory_wheels,255/65R17,6x135,17
2365acc4-27c9-4ccb-ba11-75de3f85e7b5,1999,Ford,f-150,Base,1,0,0,B,no wheel inventory for bolt/diameter,missing_inventory_wheels,255/65R17,6x135,17
cae9068d-9bab-42e9-816d-e908d056ab70,2000,Ford,f-150,Base,1,0,0,B,no wheel inventory for bolt/diameter,missing_inventory_wheels,235/70R16|255/65R17|255/70R16|265/70R17|275/45R20|275/60R17|295/45R18|LT245/75R16,6x135,17
e40566c9-acc0-4997-aad2-751fe7ce47cb,2000,Ford,f-150,Lariat,1,0,0,B,no wheel inventory for bolt/diameter,missing_inventory_wheels,235/70R16|255/65R17|255/70R16|265/70R17|275/45R20|275/60R17|295/45R18|LT245/75R16,6x135,17
b06b3212-fc59-4e9d-a456-17a678c2980e,2000,Ford,f-150,Lightning,1,0,0,B,no wheel inventory for bolt/diameter,missing_inventory_wheels,235/70R16|255/65R17|255/70R16|265/70R17|275/45R20|275/60R17|295/45R18|LT245/75R16,6x135,17
3b40950f-4d3d-4b65-9909-10ae7e8ec292,2000,Ford,f-150,XL,1,0,0,B,no wheel inventory for bolt/diameter,missing_inventory_wheels,235/70R16|255/65R17|255/70R16|265/70R17|275/45R20|275/60R17|295/45R18|LT245/75R16,6x135,17
084b38e2-19c2-4783-a2b4-12ca3b1802b4,2000,Ford,f-150,XLT,1,0,0,B,no wheel inventory for bolt/diameter,missing_inventory_wheels,235/70R16|255/65R17|255/70R16|265/70R17|275/45R20|275/60R17|295/45R18|LT245/75R16,6x135,17
51fd7121-a6c4-4fe9-b1fd-7c9fae30d18c,2001,Ford,f-150,King Ranch,1,0,0,B,no wheel inventory for bolt/diameter,missing_inventory_wheels,255/65R17,6x135,17
f125d208-a9c8-4b9b-b7f1-1a5859241901,2001,Ford,f-150,Lariat,1,0,0,B,no wheel inventory for bolt/diameter,missing_inventory_wheels,255/65R17,6x135,17
765a734b-7177-420d-b977-bc3372e32a94,2001,Ford,f-150,Lightning,1,0,0,B,no wheel inventory for bolt/diameter,missing_inventory_wheels,255/65R17,6x135,17
169e7d44-0ebf-46b1-bd41-5252eefdfb40,2001,Ford,f-150,XLT,1,0,0,B,no wheel inventory for bolt/diameter,missing_inventory_wheels,255/65R17,6x135,17
aa677d2b-1f00-4bfb-8b8b-cdf38377db80,2001,Ford,f-150,XL,1,0,0,B,no wheel inventory for bolt/diameter,missing_inventory_wheels,255/65R17,6x135,17
9c49ecec-e693-4207-8c95-ed461d2c69b9,2001,Ford,f-150,Base,1,0,0,B,no wheel inventory for bolt/diameter,missing_inventory_wheels,255/65R17,6x135,17
3fadfb7d-43c6-4810-9df8-827154e78bb8,2002,Ford,f-150,Lightning,1,0,0,B,no wheel inventory for bolt/diameter,missing_inventory_wheels,255/65R17,6x135,17
3b88ecdc-2e6b-48ff-9fa2-ff9096ae9b60,2002,Ford,f-150,Lariat,1,0,0,B,no wheel inventory for bolt/diameter,missing_inventory_wheels,255/65R17,6x135,17
19c36dd5-f0c7-45f3-baf5-33db64a52d88,2002,Ford,f-150,XLT,1,0,0,B,no wheel inventory for bolt/diameter,missing_inventory_wheels,255/65R17,6x135,17
1ed92047-5d85-4078-aa91-1854be87c9e4,2002,Ford,f-150,XL,1,0,0,B,no wheel inventory for bolt/diameter,missing_inventory_wheels,255/65R17,6x135,17
ef7c8a86-2016-4f94-844a-d62428ba6855,2002,Ford,f-150,Base,1,0,0,B,no wheel inventory for bolt/diameter,missing_inventory_wheels,255/65R17,6x135,17
a4c96d96-60b5-4ef3-a94b-55b3d50fde3b,2002,Ford,f-150,King Ranch,1,0,0,B,no wheel inventory for bolt/diameter,missing_inventory_wheels,255/65R17,6x135,17
0ff78a98-19d9-4b8f-9a3f-a717c28aad7c,2003,Ford,f-150,Lightning,1,0,0,B,no wheel inventory for bolt/diameter,missing_inventory_wheels,255/65R17,6x135,17
0eb4c52d-3014-47ac-a7a7-492d4079a103,2003,Ford,f-150,Lariat,1,0,0,B,no wheel inventory for bolt/diameter,missing_inventory_wheels,255/65R17,6x135,17
5021a5dd-4f19-42be-9990-edec1ccc69c6,2003,Ford,f-150,King Ranch,1,0,0,B,no wheel inventory for bolt/diameter,missing_inventory_wheels,255/65R17,6x135,17
70b67fe3-cff4-4db1-93e4-32c3b33a2e90,2003,Ford,f-150,Base,1,0,0,B,no wheel inventory for bolt/diameter,missing_inventory_wheels,255/65R17,6x135,17
0279ab54-4aca-4365-ba7e-a74e9164789d,2003,Ford,f-150,XLT,1,0,0,B,no wheel inventory for bolt/diameter,missing_inventory_wheels,255/65R17,6x135,17
71cb2329-b725-46ac-9136-5e3b0c8fc260,2003,Ford,f-150,XL,1,0,0,B,no wheel inventory for bolt/diameter,missing_inventory_wheels,255/65R17,6x135,17
6b906100-c2d2-43df-aba8-e8e0ac0c08f0,2004,Ford,f-150,FX4,1,0,0,B,no wheel inventory for bolt/diameter,missing_inventory_wheels,245/70R17|LT245/70R17|LT275/65R18,6x135,17
fe926b66-38e4-453f-99d3-b0a7d30f022b,2004,Ford,f-150,Base,1,0,0,B,no wheel inventory for bolt/diameter,missing_inventory_wheels,245/70R17|LT245/70R17|LT275/65R18,6x135,17
abcf5502-d8f7-470d-9217-d7cc8a938a8c,2004,Ford,f-150,Lariat,1,0,0,B,no wheel inventory for bolt/diameter,missing_inventory_wheels,275/65R18|LT245/70R17|LT275/65R18,6x135,18
0ada5597-e6f5-4bb6-82ce-0791601b52fd,2004,Ford,f-150,XLT,1,0,0,B,no wheel inventory for bolt/diameter,missing_inventory_wheels,245/70R17|LT245/70R17|LT275/65R18,6x135,17
e841932d-3f6f-4fb9-a8b0-975fc6594ea7,2004,Ford,f-150,XL,1,0,0,B,no wheel inventory for bolt/diameter,missing_inventory_wheels,245/70R17|LT245/70R17|LT275/65R18,6x135,17
cb6e6ddf-bf61-4afb-8689-95534a1b8a84,2004,Ford,f-150,STX,1,0,0,B,no wheel inventory for bolt/diameter,missing_inventory_wheels,245/70R17|LT245/70R17|LT275/65R18,6x135,17
081f7f57-97b5-4771-a95f-49b4e5bd60f5,2004,Ford,f-150,King Ranch,1,0,0,B,no wheel inventory for bolt/diameter,missing_inventory_wheels,275/65R18|LT245/70R17|LT275/65R18,6x135,18
2419aff2-c0aa-4804-a836-5f127dcbf27b,2005,Ford,f-150,Base,1,0,0,B,no wheel inventory for bolt/diameter,missing_inventory_wheels,245/70R17|LT245/70R17|LT275/65R18,6x135,17
67291195-fb55-4180-8586-952d07a00edf,2005,Ford,f-150,FX4,1,0,0,B,no wheel inventory for bolt/diameter,missing_inventory_wheels,245/70R17|LT245/70R17|LT275/65R18,6x135,17
7f2a1176-cf3e-4d29-84da-e5fdf7adef64,2005,Ford,f-150,Lariat,1,0,0,B,no wheel inventory for bolt/diameter,missing_inventory_wheels,275/65R18|LT245/70R17|LT275/65R18,6x135,18
b73f9aad-121e-413c-b244-25fd9e9ae907,2005,Ford,f-150,King Ranch,1,0,0,B,no wheel inventory for bolt/diameter,missing_inventory_wheels,275/65R18|LT245/70R17|LT275/65R18,6x135,18
92745a08-0f42-477b-8cbf-c9fffe9147d2,2005,Ford,f-150,STX,1,0,0,B,no wheel inventory for bolt/diameter,missing_inventory_wheels,245/70R17|LT245/70R17|LT275/65R18,6x135,17
da980880-7261-4125-b6a3-e315e30e6f2d,2005,Ford,f-150,XLT,1,0,0,B,no wheel inventory for bolt/diameter,missing_inventory_wheels,245/70R17|LT245/70R17|LT275/65R18,6x135,17
b2a38e50-2695-4533-bfdb-847b33a92e9b,2005,Ford,f-150,XL,1,0,0,B,no wheel inventory for bolt/diameter,missing_inventory_wheels,245/70R17|LT245/70R17|LT275/65R18,6x135,17
c522e414-5c34-49f3-a138-36615493ed1e,2006,Ford,f-150,XLT,1,0,0,B,no wheel inventory for bolt/diameter,missing_inventory_wheels,245/70R17,6x135,17
843d0752-ae2b-40cc-b6c4-7f7f47f20067,2006,Ford,f-150,STX,1,0,0,B,no wheel inventory for bolt/diameter,missing_inventory_wheels,245/70R17,6x135,17
a0dde808-5b19-4d3f-bb38-24b55957d4d1,2006,Ford,f-150,FX4,1,0,0,B,no wheel inventory for bolt/diameter,missing_inventory_wheels,245/70R17,6x135,17
d2789d0e-9a05-49d7-ad3d-4928b7579a37,2006,Ford,f-150,Base,1,0,0,B,no wheel inventory for bolt/diameter,missing_inventory_wheels,245/70R17,6x135,17
3da88de6-612e-46d8-9c3d-29081458f2f5,2006,Ford,f-150,King Ranch,1,0,0,B,no wheel inventory for bolt/diameter,missing_inventory_wheels,275/65R18,6x135,18
a5441caa-ea4f-4448-af59-a89918427d68,2006,Ford,f-150,Lariat,1,0,0,B,no wheel inventory for bolt/diameter,missing_inventory_wheels,275/65R18,6x135,18
64e9f844-1d2c-4231-bc3b-44f316cb71a2,2006,Ford,f-150,XL,1,0,0,B,no wheel inventory for bolt/diameter,missing_inventory_wheels,245/70R17,6x135,17
e102b5c6-056a-4a7a-9f94-5d20770af680,2007,Ford,f-150,XLT,1,0,0,B,no wheel inventory for bolt/diameter,missing_inventory_wheels,245/70R17,6x135,17
2fa37383-da5e-4ce4-90e2-e9f28f52ac1f,2007,Ford,f-150,STX,1,0,0,B,no wheel inventory for bolt/diameter,missing_inventory_wheels,245/70R17,6x135,17
c0997aa6-4559-4acb-b428-80d55f3e249a,2007,Ford,f-150,Base,1,0,0,B,no wheel inventory for bolt/diameter,missing_inventory_wheels,245/70R17,6x135,17
e89ea4c4-8cf1-4ad6-a894-25033d73f53e,2007,Ford,f-150,FX4,1,0,0,B,no wheel inventory for bolt/diameter,missing_inventory_wheels,245/70R17,6x135,17
95af998a-6bd7-42c0-9445-b00feaec8d45,2007,Ford,f-150,XL,1,0,0,B,no wheel inventory for bolt/diameter,missing_inventory_wheels,245/70R17,6x135,17
25cbe0f4-8c1c-4ded-b832-d7cd8d5f175e,2007,Ford,f-150,Lariat,1,0,0,B,no wheel inventory for bolt/diameter,missing_inventory_wheels,275/65R18,6x135,18
aec2fdb7-1d63-4345-9f08-8b306df40925,2007,Ford,f-150,King Ranch,1,0,0,B,no wheel inventory for bolt/diameter,missing_inventory_wheels,275/65R18,6x135,18
12ae0dd5-d9d5-46ca-9bdf-b8df316c427e,2008,Ford,f-150,XLT,1,0,0,B,no wheel inventory for bolt/diameter,missing_inventory_wheels,245/70R17,6x135,17
04b056b5-e2b2-4028-a9df-c37f7d9670d9,2008,Ford,f-150,King Ranch,1,0,0,B,no wheel inventory for bolt/diameter,missing_inventory_wheels,275/65R18,6x135,18
e93b4c80-66e9-4027-8514-0b5a39fcce3e,2008,Ford,f-150,Lariat,1,0,0,B,no wheel inventory for bolt/diameter,missing_inventory_wheels,275/65R18,6x135,18
420fbf11-7460-4d6e-8d5f-b5977e4d1de4,2008,Ford,f-150,XL,1,0,0,B,no wheel inventory for bolt/diameter,missing_inventory_wheels,245/70R17,6x135,17
6659e548-ad42-4306-890b-cc7d9ba5045a,2008,Ford,f-150,Base,1,0,0,B,no wheel inventory for bolt/diameter,missing_inventory_wheels,245/70R17,6x135,17
5ed15c51-81b4-4c94-bfb5-754053a96395,2008,Ford,f-150,FX4,1,0,0,B,no wheel inventory for bolt/diameter,missing_inventory_wheels,245/70R17,6x135,17
c02b9dba-80d7-4b75-a469-247839eabd05,2008,Ford,f-150,STX,1,0,0,B,no wheel inventory for bolt/diameter,missing_inventory_wheels,245/70R17,6x135,17
05a0aa79-e88e-4046-9f28-75b3a8b86b61,2009,Ford,f-150,FX2,1,0,0,B,no wheel inventory for bolt/diameter,missing_inventory_wheels,245/70R17,6x135,17
c2c66a13-ed9c-445c-962a-6992673e73df,2009,Ford,f-150,XL,1,0,0,B,no wheel inventory for bolt/diameter,missing_inventory_wheels,245/70R17,6x135,17
fd8d1cbf-d95f-4b0e-8609-3c87bdad78b5,2009,Ford,f-150,XLT,1,0,0,B,no wheel inventory for bolt/diameter,missing_inventory_wheels,275/65R18,6x135,18
dc7cf0f7-91b2-4d46-b40c-5fdf66574d87,2009,Ford,f-150,FX4,1,0,0,B,no wheel inventory for bolt/diameter,missing_inventory_wheels,275/65R18,6x135,18
bef6b295-6694-4779-acce-aeb2b313163f,2009,Ford,f-150,Base,1,0,0,B,no wheel inventory for bolt/diameter,missing_inventory_wheels,245/70R17,6x135,17
51eda0da-13c7-4e3b-97b8-560cc841c7fa,2009,Ford,f-150,STX,1,0,0,B,no wheel inventory for bolt/diameter,missing_inventory_wheels,275/65R18,6x135,18
0d3daefc-733b-4986-91b7-858547d92d24,2010,Ford,f-150,XL,1,0,0,B,no wheel inventory for bolt/diameter,missing_inventory_wheels,245/70R17,6x135,17
92f22fad-9b32-4449-b30e-3f5e1353ed50,2010,Ford,f-150,Base,1,0,0,B,no wheel inventory for bolt/diameter,missing_inventory_wheels,245/70R17,6x135,17
af8fd71b-4083-4699-b0da-5607e5f9c117,2010,Ford,f-150,STX,1,0,0,B,no wheel inventory for bolt/diameter,missing_inventory_wheels,275/65R18,6x135,18
4df911a4-eae9-43d4-b9f5-6dfcc5d1f05d,2010,Ford,f-150,Raptor,1,0,0,B,no wheel inventory for bolt/diameter,missing_inventory_wheels,315/70R17,6x135,17
99734df8-9075-47f2-a9ab-cb606501951c,2010,Ford,f-150,FX4,1,0,0,B,no wheel inventory for bolt/diameter,missing_inventory_wheels,275/65R18,6x135,18
c259304f-fcf6-478d-b94c-a11b04a8d0a0,2010,Ford,f-150,FX2,1,0,0,B,no wheel inventory for bolt/diameter,missing_inventory_wheels,245/70R17,6x135,17
e1af7ac8-a1c6-408d-9b50-8964d83da510,2010,Ford,f-150,XLT,1,0,0,B,no wheel inventory for bolt/diameter,missing_inventory_wheels,275/65R18,6x135,18
78fd12df-065d-4344-b84b-81bfa7acb652,2011,Ford,f-150,FX4,1,0,0,B,no wheel inventory for bolt/diameter,missing_inventory_wheels,275/65R18,6x135,18
90d11c3b-cf8c-44b0-8472-8484d6cb5628,2011,Ford,f-150,Base,1,0,0,B,no wheel inventory for bolt/diameter,missing_inventory_wheels,245/70R17,6x135,17
c3b49a63-df03-4336-a822-f311cc9c7f32,2011,Ford,f-150,FX2,1,0,0,B,no wheel inventory for bolt/diameter,missing_inventory_wheels,245/70R17,6x135,17
7bcb5d41-b93a-45ff-9178-549dc4986af9,2011,Ford,f-150,XLT,1,0,0,B,no wheel inventory for bolt/diameter,missing_inventory_wheels,275/65R18,6x135,18
71e07c00-56a6-48ad-a05f-adf8fdb0a2fd,2011,Ford,f-150,Raptor,1,0,0,B,no wheel inventory for bolt/diameter,missing_inventory_wheels,315/70R17,6x135,17
bbedbbea-51d3-4e84-a623-bacca9a254c4,2011,Ford,f-150,XL,1,0,0,B,no wheel inventory for bolt/diameter,missing_inventory_wheels,245/70R17,6x135,17
77187227-aa6b-40d1-9cae-4ef439ce7fdc,2011,Ford,f-150,STX,1,0,0,B,no wheel inventory for bolt/diameter,missing_inventory_wheels,275/65R18,6x135,18
b9d206d6-7d5d-47a8-9276-8188763abfa8,2012,Ford,f-150,Raptor,1,0,0,B,no wheel inventory for bolt/diameter,missing_inventory_wheels,315/70R17,6x135,17
14c7d25b-0941-4143-b6bf-ee6793d1ef44,2012,Ford,f-150,XL,1,0,0,B,no wheel inventory for bolt/diameter,missing_inventory_wheels,245/70R17,6x135,17
44356419-b9b4-4af1-815f-170f8ecd4f5d,2012,Ford,f-150,STX,1,0,0,B,no wheel inventory for bolt/diameter,missing_inventory_wheels,275/65R18,6x135,18
3e426b99-454a-49dc-a7fe-a0aab1428105,2012,Ford,f-150,XLT,1,0,0,B,no wheel inventory for bolt/diameter,missing_inventory_wheels,275/65R18,6x135,18
5a75302f-fef9-4cb8-9145-200a63f45c4c,2012,Ford,f-150,FX2,1,0,0,B,no wheel inventory for bolt/diameter,missing_inventory_wheels,245/70R17,6x135,17
02e77f97-e2a6-444f-a04d-193cb5e7f22c,2012,Ford,f-150,Base,1,0,0,B,no wheel inventory for bolt/diameter,missing_inventory_wheels,245/70R17,6x135,17
ddce3fc0-ee56-4b69-9334-ca49777b22bc,2012,Ford,f-150,FX4,1,0,0,B,no wheel inventory for bolt/diameter,missing_inventory_wheels,275/65R18,6x135,18
59b70284-e6f8-44ef-836c-28602378bd83,2013,Ford,f-150,Raptor,1,0,0,B,no wheel inventory for bolt/diameter,missing_inventory_wheels,315/70R17,6x135,17
6d4354ed-8323-4332-9496-4e22c2122855,2013,Ford,f-150,Base,1,0,0,B,no wheel inventory for bolt/diameter,missing_inventory_wheels,245/70R17,6x135,17
621f8022-5ee5-42e5-a107-aa6b4e7569ae,2013,Ford,f-150,XL,1,0,0,B,no wheel inventory for bolt/diameter,missing_inventory_wheels,245/70R17,6x135,17
80bc6c28-2e04-43da-a735-08ea1f6269bb,2013,Ford,f-150,FX2,1,0,0,B,no wheel inventory for bolt/diameter,missing_inventory_wheels,245/70R17,6x135,17
cc1fc39c-c3b7-48ec-9b1d-a9e5a56390a2,2013,Ford,f-150,XLT,1,0,0,B,no wheel inventory for bolt/diameter,missing_inventory_wheels,275/65R18,6x135,18
2030ea3e-f019-46a5-8a2b-bfff08a3e3b6,2013,Ford,f-150,STX,1,0,0,B,no wheel inventory for bolt/diameter,missing_inventory_wheels,275/65R18,6x135,18
b9aaf816-146f-41c6-82e1-98d201a2edbd,2013,Ford,f-150,FX4,1,0,0,B,no wheel inventory for bolt/diameter,missing_inventory_wheels,275/65R18,6x135,18
fa2d71c4-9350-4b71-bde5-e06265da2f9a,2014,Ford,f-150,Raptor,1,0,0,B,no wheel inventory for bolt/diameter,missing_inventory_wheels,315/70R17,6x135,17
c55613f4-5d2e-4af6-b6cd-3d9ebf53a6b0,2014,Ford,f-150,XLT,1,0,0,B,no wheel inventory for bolt/diameter,missing_inventory_wheels,275/65R18,6x135,18
f30e1d43-5f7e-4120-b6a1-7af3632f1fa3,2014,Ford,f-150,FX2,1,0,0,B,no wheel inventory for bolt/diameter,missing_inventory_wheels,245/70R17,6x135,17
28bc0ea6-51ad-4312-9a08-509103415c03,2014,Ford,f-150,Base,1,0,0,B,no wheel inventory for bolt/diameter,missing_inventory_wheels,245/70R17,6x135,17
8df51410-49f0-4664-b961-b8ee57a2649c,2014,Ford,f-150,FX4,1,0,0,B,no wheel inventory for bolt/diameter,missing_inventory_wheels,275/65R18,6x135,18
6633af0a-87cc-42d8-bb9f-7f9aac332e9e,2014,Ford,f-150,STX,1,0,0,B,no wheel inventory for bolt/diameter,missing_inventory_wheels,275/65R18,6x135,18
49184349-a8e3-4830-bd6f-e66cbea061db,2014,Ford,f-150,XL,1,0,0,B,no wheel inventory for bolt/diameter,missing_inventory_wheels,245/70R17,6x135,17
6f6fde15-9da5-422a-a715-29f454bda253,2015,Ford,f-150,XL,1,0,0,B,no wheel inventory for bolt/diameter,missing_inventory_wheels,265/60R18|265/70R17|LT275/65R18,6x135,17
3b3c4357-396f-4660-8a2a-5a9019b0c1d5,2015,Ford,f-150,Raptor,1,0,0,B,no wheel inventory for bolt/diameter,missing_inventory_wheels,245/70R17|265/60R18|265/70R17|LT245/70R17|LT275/65R18,6x135,17
5499ee32-44b8-41c4-9a5c-6f137833d11a,2015,Ford,f-150,XLT,1,0,0,B,no wheel inventory for bolt/diameter,missing_inventory_wheels,265/60R18|275/65R18|LT275/65R18,6x135,18
0f0d158a-7a3c-48a7-9e62-c2c0230299d5,2015,Ford,f-150,Base,1,0,0,B,no wheel inventory for bolt/diameter,missing_inventory_wheels,265/60R18|265/70R17|LT275/65R18,6x135,17
78d507a5-7689-4ab8-82b3-a92060a091a3,2016,Ford,f-150,Raptor,1,0,0,B,no wheel inventory for bolt/diameter,missing_inventory_wheels,245/70R17|265/60R18|265/70R17|LT245/70R17|LT275/65R18,6x135,17
9216bcff-1e1b-436d-b382-2f439feadfea,2016,Ford,f-150,Base,1,0,0,B,no wheel inventory for bolt/diameter,missing_inventory_wheels,265/60R18|265/70R17|LT275/65R18,6x135,17
713c1a03-8dde-4717-bacb-9621727edfcc,2016,Ford,f-150,XL,1,0,0,B,no wheel inventory for bolt/diameter,missing_inventory_wheels,265/60R18|265/70R17|LT275/65R18,6x135,17
cac38aa6-65fd-447d-9ca8-dba2ab35ca6e,2016,Ford,f-150,XLT,1,0,0,B,no wheel inventory for bolt/diameter,missing_inventory_wheels,265/60R18|275/65R18|LT275/65R18,6x135,18
0ae14c81-5463-43b3-b46d-ca92c7f31bdf,2017,Ford,f-150,XLT,1,0,0,B,no wheel inventory for bolt/diameter,missing_inventory_wheels,245/70R17|265/60R18|275/65R18|LT245/70R17|LT275/65R18|LT315/70R17,6x135,18
23981fe1-571f-4597-b9a7-b9eec9a70fac,2017,Ford,f-150,Base,1,0,0,B,no wheel inventory for bolt/diameter,missing_inventory_wheels,245/70R17|265/60R18|265/70R17|LT245/70R17|LT275/65R18|LT315/70R17,6x135,17
32fa4dde-f947-4cf0-84ae-ec561af2c0ec,2017,Ford,f-150,XL,1,0,0,B,no wheel inventory for bolt/diameter,missing_inventory_wheels,245/70R17|265/60R18|265/70R17|LT245/70R17|LT275/65R18|LT315/70R17,6x135,17
e03dd6c0-c106-4154-99cb-fec06cef122b,2017,Ford,f-150,Raptor,1,0,0,B,no wheel inventory for bolt/diameter,missing_inventory_wheels,245/70R17|265/60R18|315/70R17|LT245/70R17|LT275/65R18|LT315/70R17,6x135,17
a47501f0-023f-4cbc-b25c-6f8f097de6ed,2019,Ford,f-150,Base,1,0,0,B,no wheel inventory for bolt/diameter,missing_inventory_wheels,245/70R17|265/60R18|265/70R17|LT245/70R17|LT275/65R18|LT315/70R17,6x135,17
598781af-be4f-47b0-9117-3d56ff16a04a,2019,Ford,f-150,XL,1,0,0,B,no wheel inventory for bolt/diameter,missing_inventory_wheels,245/70R17|265/60R18|265/70R17|LT245/70R17|LT275/65R18|LT315/70R17,6x135,17
263bd09e-db28-4fa4-bfd3-9faf7b706e62,2019,Ford,f-150,XLT,1,0,0,B,no wheel inventory for bolt/diameter,missing_inventory_wheels,245/70R17|265/60R18|275/65R18|LT245/70R17|LT275/65R18|LT315/70R17,6x135,18
87de2b70-d31b-470d-bd8d-8544602fd414,2019,Ford,f-150,Raptor,1,0,0,B,no wheel inventory for bolt/diameter,missing_inventory_wheels,245/70R17|265/60R18|315/70R17|LT245/70R17|LT275/65R18|LT315/70R17,6x135,17
46d559ad-9907-4c2f-bd3d-51ea84043764,2020,Ford,f-150,XLT,1,0,0,B,no wheel inventory for bolt/diameter,missing_inventory_wheels,245/70R17|265/60R18|275/65R18|LT245/70R17|LT275/65R18|LT315/70R17,6x135,18
29725f1d-fe9d-4be0-92a3-269d292d8f4c,2020,Ford,f-150,Raptor,1,0,0,B,no wheel inventory for bolt/diameter,missing_inventory_wheels,245/70R17|265/60R18|315/70R17|LT245/70R17|LT275/65R18|LT315/70R17,6x135,17
dbecc0c8-43ef-4024-ba2b-73ab8b3c7950,2020,Ford,f-150,XL,1,0,0,B,no wheel inventory for bolt/diameter,missing_inventory_wheels,245/70R17|265/60R18|265/70R17|LT245/70R17|LT275/65R18|LT315/70R17,6x135,17
c378540f-d355-4a37-a0dd-0f4a1002bf30,2020,Ford,f-150,3.3 Ti-VCT,1,0,0,B,no wheel inventory for bolt/diameter,missing_inventory_wheels,245/70R17|265/60R18|265/70R17|LT245/70R17|LT275/65R18|LT315/70R17,6x135,17
b842e0b9-bcf4-432d-b4b2-bb0351f7acce,2020,Ford,f-150,Base,1,0,0,B,no wheel inventory for bolt/diameter,missing_inventory_wheels,245/70R17|265/60R18|265/70R17|LT245/70R17|LT275/65R18|LT315/70R17,6x135,17
6375e723-cc12-4662-9fcf-a89ed4e76716,2021,Ford,f-150,Raptor,1,0,0,B,no wheel inventory for bolt/diameter,missing_inventory_wheels,245/70R17|275/65R18|315/70R17|LT265/70R17|LT265/70R18|LT315/70R17,6x135,17
132c3364-3c79-4db1-ae84-d2779919b68e,2021,Ford,f-150,XLT,1,0,0,B,no wheel inventory for bolt/diameter,missing_inventory_wheels,245/70R17|265/60R18|275/65R18|LT265/70R17|LT265/70R18|LT315/70R17,6x135,18
4b6de610-1c35-4cbc-8f57-3da1c5e422f2,2021,Ford,f-150,Base,1,0,0,B,no wheel inventory for bolt/diameter,missing_inventory_wheels,245/70R17|265/70R17|275/65R18|LT265/70R17|LT265/70R18|LT315/70R17,6x135,17
270a714b-e954-478a-9620-ad15dedb6648,2021,Ford,f-150,XL,1,0,0,B,no wheel inventory for bolt/diameter,missing_inventory_wheels,245/70R17|265/70R17|275/65R18|LT265/70R17|LT265/70R18|LT315/70R17,6x135,17
e02549a4-cc69-4a0d-a094-108f84661f31,2021,Ford,f-150,Tremor,1,0,0,B,no wheel inventory for bolt/diameter,missing_inventory_wheels,245/70R17|275/65R18|275/70R18|LT265/70R17|LT265/70R18|LT315/70R17,6x135,18
a0aa92db-9df3-4333-92b5-9c953d93e61e,2022,Ford,f-150,2.7 EcoBoost,1,0,0,B,no wheel inventory for bolt/diameter,missing_inventory_wheels,245/70R17|265/70R17|275/65R18|LT265/70R17|LT265/70R18|LT315/70R17,6x135,17
2dbc95e0-6878-446b-9289-1b4e914c3cd9,2022,Ford,f-150,XLT,1,0,0,B,no wheel inventory for bolt/diameter,missing_inventory_wheels,245/70R17|265/60R18|275/65R18|LT265/70R17|LT265/70R18|LT315/70R17,6x135,18
7e13066c-1034-4eec-b182-c0d89db8f8e6,2022,Ford,f-150,Lightning,1,0,0,B,no wheel inventory for bolt/diameter,missing_inventory_wheels,245/70R17|265/70R17|275/65R18|LT265/70R17|LT265/70R18|LT315/70R17,6x135,17
8f3b8426-be0e-4b61-8db2-f0f248632359,2022,Ford,f-150,Raptor,1,0,0,B,no wheel inventory for bolt/diameter,missing_inventory_wheels,245/70R17|275/65R18|315/70R17|LT265/70R17|LT265/70R18|LT315/70R17,6x135,17
9779948f-d4c4-4fdf-a3a0-16d984065713,2022,Ford,f-150,XL,1,0,0,B,no wheel inventory for bolt/diameter,missing_inventory_wheels,245/70R17|265/70R17|275/65R18|LT265/70R17|LT265/70R18|LT315/70R17,6x135,17
d2d05528-659a-40e8-acc3-68f6fed242bf,2022,Ford,f-150,Base,1,0,0,B,no wheel inventory for bolt/diameter,missing_inventory_wheels,245/70R17|265/70R17|275/65R18|LT265/70R17|LT265/70R18|LT315/70R17,6x135,17
bc449797-ed1c-4d4f-89d2-5879aa0c9f83,2022,Ford,f-150,Tremor,1,0,0,B,no wheel inventory for bolt/diameter,missing_inventory_wheels,245/70R17|275/65R18|275/70R18|LT265/70R17|LT265/70R18|LT315/70R17,6x135,18
1fca154d-7c75-4335-8374-a2a7d257a072,2023,Ford,f-150,Raptor,1,0,0,B,no wheel inventory for bolt/diameter,missing_inventory_wheels,245/70R17|275/65R18|315/70R17|LT265/70R18|LT315/70R17,6x135,17
7c165031-fb83-4472-9c0f-e9d5f2cd80ef,2023,Ford,f-150,Lightning,1,0,0,B,no wheel inventory for bolt/diameter,missing_inventory_wheels,245/70R17|265/70R17|275/65R18|LT265/70R18|LT315/70R17,6x135,17
61b9253d-85c9-402a-98a3-212a5fc8b37a,2023,Ford,f-150,Base,1,0,0,B,no wheel inventory for bolt/diameter,missing_inventory_wheels,245/70R17|265/70R17|275/65R18|LT265/70R18|LT315/70R17,6x135,17
d9f60bbd-2cd1-447c-b631-ffd49632c99d,2023,Ford,f-150,XLT,1,0,0,B,no wheel inventory for bolt/diameter,missing_inventory_wheels,245/70R17|265/60R18|275/65R18|LT265/70R18|LT315/70R17,6x135,18
e571f26a-ff22-4e07-b751-0e6830cdc7e5,2023,Ford,f-150,Tremor,1,0,0,B,no wheel inventory for bolt/diameter,missing_inventory_wheels,245/70R17|275/65R18|275/70R18|LT265/70R18|LT315/70R17,6x135,18
eef9a75f-5b70-4f64-9c00-2f653a0ed7b0,2023,Ford,f-150,XL,1,0,0,B,no wheel inventory for bolt/diameter,missing_inventory_wheels,245/70R17|265/70R17|275/65R18|LT265/70R18|LT315/70R17,6x135,17
607ed1b8-416e-43c1-b796-bce9e7c72302,2023,Ford,f-150,Raptor R,1,0,0,B,no wheel inventory for bolt/diameter,missing_inventory_wheels,245/70R17|275/65R18|315/70R17|LT265/70R18|LT315/70R17,6x135,17
d255c4d0-d3aa-45b3-96f6-9e5aadd904c1,2024,Ford,f-150,XLT,1,0,0,B,no wheel inventory for bolt/diameter,missing_inventory_wheels,245/70R17|265/60R18|275/65R18|LT265/70R18|LT315/70R17,6x135,18
772bcaee-393c-4376-8956-9ba4120937a7,2024,Ford,f-150,XL,1,0,0,B,no wheel inventory for bolt/diameter,missing_inventory_wheels,245/70R17|265/70R17|275/65R18|LT265/70R18|LT315/70R17,6x135,17
c803b4f3-90d4-43d0-bad4-cd5c4c2667eb,2024,Ford,f-150,Lightning,1,0,0,B,no wheel inventory for bolt/diameter,missing_inventory_wheels,245/70R17|265/70R17|275/65R18|LT265/70R18|LT315/70R17,6x135,17
84160118-7aa8-4f6b-b646-a177c1db5662,2024,Ford,f-150,Base,1,0,0,B,no wheel inventory for bolt/diameter,missing_inventory_wheels,245/70R17|265/70R17|275/65R18|LT265/70R18|LT315/70R17,6x135,17
0569355a-3907-4790-b490-12e754a97b2e,2024,Ford,f-150,Raptor R,1,0,0,B,no wheel inventory for bolt/diameter,missing_inventory_wheels,245/70R17|275/65R18|315/70R17|LT265/70R18|LT315/70R17,6x135,17
177e0296-a86c-4222-a32c-92fe434078a9,2024,Ford,f-150,Tremor,1,0,0,B,no wheel inventory for bolt/diameter,missing_inventory_wheels,245/70R17|275/65R18|275/70R18|LT265/70R18|LT315/70R17,6x135,18
020feff8-6559-4e82-a6d4-8213559171fe,2024,Ford,f-150,Raptor,1,0,0,B,no wheel inventory for bolt/diameter,missing_inventory_wheels,245/70R17|275/65R18|315/70R17|LT265/70R18|LT315/70R17,6x135,17
6890df99-adbd-42c0-845a-493625951187,2025,Ford,f-150,Raptor,1,0,0,B,no wheel inventory for bolt/diameter,missing_inventory_wheels,245/70R17|275/65R18|315/70R17|LT265/70R18|LT315/70R17,6x135,17
3940bec4-c2a3-4307-a49f-2f72393a65bf,2025,Ford,f-150,Lightning,1,0,0,B,no wheel inventory for bolt/diameter,missing_inventory_wheels,245/70R17|265/70R17|275/65R18|LT265/70R18|LT315/70R17,6x135,17
1c3c762a-63c0-43ff-8a6f-c0d470776dde,2025,Ford,f-150,Raptor R,1,0,0,B,no wheel inventory for bolt/diameter,missing_inventory_wheels,245/70R17|275/65R18|315/70R17|LT265/70R18|LT315/70R17,6x135,17
a06fc506-b738-41e7-8286-3e467f893d8a,2025,Ford,f-150,Base,1,0,0,B,no wheel inventory for bolt/diameter,missing_inventory_wheels,245/70R17|265/70R17|275/65R18|LT265/70R18|LT315/70R17,6x135,17
79862199-5fda-4f15-b811-8b913457ac3a,2025,Ford,f-150,Tremor,1,0,0,B,no wheel inventory for bolt/diameter,missing_inventory_wheels,245/70R17|275/65R18|275/70R18|LT265/70R18|LT315/70R17,6x135,18
b11e81d3-b2bd-4682-9780-928ef024ae7b,2025,Ford,f-150,XL,1,0,0,B,no wheel inventory for bolt/diameter,missing_inventory_wheels,245/70R17|265/70R17|275/65R18|LT265/70R18|LT315/70R17,6x135,17
2496b2b8-796f-45cc-b28f-59353d919f2d,2025,Ford,f-150,XLT,1,0,0,B,no wheel inventory for bolt/diameter,missing_inventory_wheels,245/70R17|265/60R18|275/65R18|LT265/70R18|LT315/70R17,6x135,18
e9356a9d-5be3-4825-9be4-e5d6c6ec4321,2026,Ford,f-150,Base,1,0,0,B,no wheel inventory for bolt/diameter,missing_inventory_wheels,245/70R17|265/70R17|275/65R18|LT265/70R18|LT315/70R17,6x135,17
73033caf-3f0c-4a03-9b6f-71421eb9861d,2026,Ford,f-150,Lightning,1,0,0,B,no wheel inventory for bolt/diameter,missing_inventory_wheels,245/70R17|265/70R17|275/65R18|LT265/70R18|LT315/70R17,6x135,17
4f1b1f80-5ff3-455f-a810-c720286ee72d,2026,Ford,f-150,Tremor,1,0,0,B,no wheel inventory for bolt/diameter,missing_inventory_wheels,245/70R17|275/65R18|275/70R18|LT265/70R18|LT315/70R17,6x135,18
5d00f95a-c3f8-482f-957a-b40ad8c6d213,2026,Ford,f-150,Raptor,1,0,0,B,no wheel inventory for bolt/diameter,missing_inventory_wheels,245/70R17|275/65R18|315/70R17|LT265/70R18|LT315/70R17,6x135,17
f92371fa-890d-40ec-a6d0-1e98a094e1b4,2026,Ford,f-150,XL,1,0,0,B,no wheel inventory for bolt/diameter,missing_inventory_wheels,245/70R17|265/70R17|275/65R18|LT265/70R18|LT315/70R17,6x135,17
775b2e9b-1ce0-4a0f-a37b-d31e240cb783,2026,Ford,f-150,XLT,1,0,0,B,no wheel inventory for bolt/diameter,missing_inventory_wheels,245/70R17|265/60R18|275/65R18|LT265/70R18|LT315/70R17,6x135,18
8c444aca-0eef-4523-9a6c-425f53c1c6e5,2026,Ford,f-150,Raptor R,1,0,0,B,no wheel inventory for bolt/diameter,missing_inventory_wheels,245/70R17|275/65R18|315/70R17|LT265/70R18|LT315/70R17,6x135,17
a82df93f-5f18-46ee-80c5-7db92043144b,2010,Ford,f-250,Lariat,1,0,0,B,no wheel inventory for bolt/diameter,missing_inventory_wheels,LT245/75R17|LT265/70R17|LT275/65R18,8x170,17|18
38e5fac5-244d-465d-b58c-507eaebb1b2f,2011,Ford,f-250,Lariat,1,0,0,B,no wheel inventory for bolt/diameter,missing_inventory_wheels,LT245/75R17|LT265/70R17|LT275/65R20|LT275/70R18,8x170,17|18|20
e9a3d566-37fe-4c78-8c1b-92ef4c2e4c29,2012,Ford,f-250,Lariat,1,0,0,B,no wheel inventory for bolt/diameter,missing_inventory_wheels,LT245/75R17|LT265/70R17|LT275/65R20|LT275/70R18,8x170,17|18|20
1e704e31-f5dd-41ce-a1e5-f827c76f1eb4,2013,Ford,f-250,Lariat,1,0,0,B,no wheel inventory for bolt/diameter,missing_inventory_wheels,LT245/75R17|LT265/70R17|LT275/65R20|LT275/70R18,8x170,17|18|20
33e5bd7c-65d9-4e03-af47-7d2a5a2afe74,2014,Ford,f-250,Lariat,1,0,0,B,no wheel inventory for bolt/diameter,missing_inventory_wheels,LT245/75R17|LT265/70R17|LT275/65R20|LT275/70R18,8x170,17|18|20
13995246-ac92-4463-bb65-319d7474a668,2015,Ford,f-250,Lariat,1,0,0,B,no wheel inventory for bolt/diameter,missing_inventory_wheels,LT245/75R17|LT265/70R17|LT275/65R20|LT275/70R18,8x170,17|18|20
4cf12069-bc4c-48ed-b44e-0a49af5d497f,2016,Ford,f-250,Lariat,1,0,0,B,no wheel inventory for bolt/diameter,missing_inventory_wheels,LT245/75R17|LT265/70R17|LT275/65R20|LT275/70R18,8x170,17|18|20
a0aef7ed-ee8a-4aaf-b690-4639560993d7,2017,Ford,f-250,Lariat,1,0,0,B,no wheel inventory for bolt/diameter,missing_inventory_wheels,LT245/75R17|LT265/70R17|LT275/65R18,8x170,17|18
a6e28759-994e-4f32-b895-181a406fa2e5,2019,Ford,f-250,Lariat,1,0,0,B,no wheel inventory for bolt/diameter,missing_inventory_wheels,LT245/75R17|LT265/70R17|LT275/65R18,8x170,17|18
88d6a891-26f2-454d-9e59-c9bec47c75ea,2020,Ford,f-250,Lariat,1,0,0,B,no wheel inventory for bolt/diameter,missing_inventory_wheels,LT245/75R17|LT265/70R17|LT275/65R18,8x170,17|18
e5b986a1-4b7d-48b1-85e0-8736f7ff1f62,2021,Ford,f-250,Lariat,1,0,0,B,no wheel inventory for bolt/diameter,missing_inventory_wheels,LT245/75R17|LT265/70R17|LT275/65R18|LT275/65R20|LT275/70R18,8x170,17|18|20
7b74fe1c-8210-42ed-9943-359dc5863b0c,2022,Ford,f-250,Lariat,1,0,0,B,no wheel inventory for bolt/diameter,missing_inventory_wheels,LT245/75R17|LT265/70R17|LT275/65R18|LT275/65R20|LT275/70R18,8x170,17|18|20
c1f055ae-f1c0-43a8-8bac-f846f22231fe,2023,Ford,f-250,Lariat,1,0,0,B,no wheel inventory for bolt/diameter,missing_inventory_wheels,LT245/75R17|LT265/70R17|LT275/65R18|LT275/65R20|LT275/70R18,8x170,17|18|20
e1e6bb2c-4143-4a18-b8c1-87a5185d29ea,2026,Ford,f-250,6.7D HO,1,0,0,B,no wheel inventory for bolt/diameter,missing_inventory_wheels,LT245/75R17|LT265/70R17|LT275/65R18|LT275/65R20|LT275/70R18|LT285/75R18,8x170,17|18|20
17bad6a5-fe3f-4cdf-853c-a89202e07b1a,2010,Ford,f-350,Lariat,1,0,0,B,no wheel inventory for bolt/diameter,missing_inventory_wheels,LT265/70R17|LT275/65R18,8x170,17|18
a0162947-08c4-4009-adf4-4a9fd898a55b,2011,Ford,f-350,Lariat,1,0,0,B,no wheel inventory for bolt/diameter,missing_inventory_wheels,LT245/75R17|LT265/70R17|LT275/65R20|LT275/70R18,8x170,17|18|20
a2348678-9d5e-42ec-81b5-a917ed5ce2b7,2012,Ford,f-350,Lariat,1,0,0,B,no wheel inventory for bolt/diameter,missing_inventory_wheels,LT245/75R17|LT265/70R17|LT275/65R20|LT275/70R18,8x170,17|18|20
ed1c4355-d43e-490e-b65d-5cbf7cba7ab4,2013,Ford,f-350,Lariat,1,0,0,B,no wheel inventory for bolt/diameter,missing_inventory_wheels,LT245/75R17|LT265/70R17|LT275/65R20|LT275/70R18,8x170,17|18|20
749212e3-8226-44e9-a9d6-9b317145b932,2014,Ford,f-350,Lariat,1,0,0,B,no wheel inventory for bolt/diameter,missing_inventory_wheels,LT245/75R17|LT265/70R17|LT275/65R20|LT275/70R18,8x170,17|18|20
e7fdf83d-f916-4a1f-832c-5f32fb6a6550,2015,Ford,f-350,Lariat,1,0,0,B,no wheel inventory for bolt/diameter,missing_inventory_wheels,LT245/75R17|LT265/70R17|LT275/65R20|LT275/70R18,8x170,17|18|20
942ebc96-92bf-47fd-ae2b-942c4f6e6adc,2016,Ford,f-350,Lariat,1,0,0,B,no wheel inventory for bolt/diameter,missing_inventory_wheels,LT245/75R17|LT265/70R17|LT275/65R20|LT275/70R18,8x170,17|18|20
2ed9c590-d7c3-4bec-8fd1-859e998ebe67,2017,Ford,f-350,Lariat,1,0,0,B,no wheel inventory for bolt/diameter,missing_inventory_wheels,LT245/75R17,8x200,17
a84e9c18-0e3c-4db4-8065-3045accd2553,2019,Ford,f-350,Lariat,1,0,0,B,no wheel inventory for bolt/diameter,missing_inventory_wheels,LT245/75R17,8x200,17
6bca9b45-dc8b-46d4-826d-03c9406606b3,2020,Ford,f-350,Lariat,1,0,0,B,no wheel inventory for bolt/diameter,missing_inventory_wheels,LT245/75R17|LT265/70R17|LT275/65R18|LT275/70R18,8x170,17|18
253447ee-51ff-4c3b-bfa9-561f0309b460,2021,Ford,f-350,Lariat,1,0,0,B,no wheel inventory for bolt/diameter,missing_inventory_wheels,LT245/75R17|LT265/70R17|LT275/65R18|LT275/70R18,8x170,17|18
66c5be23-8a10-4beb-98c7-c355842694f9,2022,Ford,f-350,Lariat,1,0,0,B,no wheel inventory for bolt/diameter,missing_inventory_wheels,LT245/75R17|LT265/70R17|LT275/65R18|LT275/70R18,8x170,17|18
b11a6319-5bcf-4107-be7b-d562e56034ff,2023,Ford,f-350,Lariat,1,0,0,B,no wheel inventory for bolt/diameter,missing_inventory_wheels,LT245/75R17|LT265/70R17|LT275/65R18|LT275/70R18,8x170,17|18
3e9f1e5b-4c8c-4170-a30a-6e8c361346ee,2026,Ford,f-350,6.7D HO,1,0,0,B,no wheel inventory for bolt/diameter,missing_inventory_wheels,LT245/75R17|LT265/70R17|LT275/65R18|LT275/70R18|LT285/70R17,8x170,17|18
b9b47f76-f59b-4d37-942a-bb0bb76fcd9a,2015,Ford,f-450-super-duty,Base,1,0,0,B,no wheel inventory for bolt/diameter,missing_inventory_wheels,225/70R19.5|265/70R17,10x225,17|20
9ca2302c-27f1-4bd4-81ab-8202265cfcf9,2016,Ford,f-450-super-duty,Base,1,0,0,B,no wheel inventory for bolt/diameter,missing_inventory_wheels,225/70R19.5|265/70R17,10x225,17|20
54c323e6-ef62-49ce-94f0-031abd669e26,2017,Ford,f-450-super-duty,Base,1,0,0,B,no wheel inventory for bolt/diameter,missing_inventory_wheels,225/70R19.5|265/70R17,10x225,17|20
72be21cf-0829-4c7f-bd71-8faf0af2de0a,2019,Ford,f-450-super-duty,Base,1,0,0,B,no wheel inventory for bolt/diameter,missing_inventory_wheels,225/70R19.5|265/70R17,10x225,17|20
f416f71c-830a-471f-b258-890ae88d6056,2020,Ford,f-450-super-duty,Base,1,0,0,B,no wheel inventory for bolt/diameter,missing_inventory_wheels,225/70R19.5|265/70R17,10x225,17|20
b7b6d680-587d-44df-9765-14e675951e4e,2021,Ford,f-450-super-duty,Base,1,0,0,B,no wheel inventory for bolt/diameter,missing_inventory_wheels,225/70R19.5|265/70R17,10x225,17|20
e2ff4735-d774-45c8-a950-8d1d82a88542,2022,Ford,f-450-super-duty,Base,1,0,0,B,no wheel inventory for bolt/diameter,missing_inventory_wheels,225/70R19.5|265/70R17,10x225,17|20
8def3f70-747d-4366-9d94-c5953d3f471f,2023,Ford,f-450-super-duty,Base,1,0,0,B,no wheel inventory for bolt/diameter,missing_inventory_wheels,225/70R19.5|265/70R17,10x225,17|20
b8f0c09a-2ae3-46c0-b5c3-585f7aaedcb2,2024,Ford,f-450-super-duty,Base,1,0,0,B,no wheel inventory for bolt/diameter,missing_inventory_wheels,225/70R19.5|265/70R17,10x225,17|20
ca1ca61c-5e66-4278-b2f0-458533a31856,2025,Ford,f-450-super-duty,Base,1,0,0,B,no wheel inventory for bolt/diameter,missing_inventory_wheels,225/70R19.5|265/70R17,10x225,17|20
07989d89-66b4-4489-ac60-550efeb7ac1b,2026,Ford,f-450-super-duty,Base,1,0,0,B,no wheel inventory for bolt/diameter,missing_inventory_wheels,225/70R19.5|265/70R17,10x225,17|20
955dfcda-3ec7-4117-ae88-833e917bebcd,2011,Ford,fiesta,Titanium,1,0,0,B,no wheel inventory for bolt/diameter,missing_inventory_wheels,195/50R16,4x108,16
97a0586e-0cd4-42b9-a5a6-91761910695f,2012,Ford,fiesta,Titanium,1,0,0,B,no wheel inventory for bolt/diameter,missing_inventory_wheels,195/50R16,4x108,16
de7bf147-86ab-40dd-bd41-11b975f6242d,2013,Ford,fiesta,Titanium,1,0,0,B,no wheel inventory for bolt/diameter,missing_inventory_wheels,195/50R16,4x108,16
8b930422-3253-43f4-8f14-57196c84e95f,2014,Ford,fiesta,"Titanium, ST",1,0,0,B,no wheel inventory for bolt/diameter,missing_inventory_wheels,205/40R17,4x108,17
19d249ca-ca4b-463e-b2c8-0316e894a5df,2014,Ford,fiesta,ST,1,0,0,B,no wheel inventory for bolt/diameter,missing_inventory_wheels,205/40R17,4x108,17
6b16d9e7-5846-4238-9a0e-94d6a39fec2c,2015,Ford,fiesta,Titanium,1,0,0,B,no wheel inventory for bolt/diameter,missing_inventory_wheels,195/50R16|195/60R15,4x108,16
d9eb26f8-5914-4f0d-a388-1558515e4f0e,2015,Ford,fiesta,ST,1,0,0,B,no wheel inventory for bolt/diameter,missing_inventory_wheels,195/60R15|205/40R17,4x108,17
2ce416f7-8e9e-4122-8cff-eb80bce67cd3,2015,Ford,fiesta,"Titanium, ST",1,0,0,B,no wheel inventory for bolt/diameter,missing_inventory_wheels,195/60R15|205/40R17,4x108,17
aa5d22ca-2fca-44c5-b6c4-038b3bdaa95b,2016,Ford,fiesta,"Titanium, ST",1,0,0,B,no wheel inventory for bolt/diameter,missing_inventory_wheels,195/60R15|205/40R17,4x108,17
437f2016-f8d2-4074-bf91-13cba0f23d05,2016,Ford,fiesta,ST,1,0,0,B,no wheel inventory for bolt/diameter,missing_inventory_wheels,195/60R15|205/40R17,4x108,17
4b73b487-0d23-4714-9d4d-7288f41bf0e9,2016,Ford,fiesta,Titanium,1,0,0,B,no wheel inventory for bolt/diameter,missing_inventory_wheels,195/50R16|195/60R15,4x108,16
cf7c8124-0e61-4516-81dd-395e8791acda,2017,Ford,fiesta,"Titanium, ST",1,0,0,B,no wheel inventory for bolt/diameter,missing_inventory_wheels,205/40R17,4x108,17
3fca4e5a-324f-4280-89d7-e8a514489aa5,2017,Ford,fiesta,ST,1,0,0,B,no wheel inventory for bolt/diameter,missing_inventory_wheels,205/40R17,4x108,17
4a663677-cad1-4cda-a3b0-fee6e7fb6925,2019,Ford,fiesta,"Titanium, ST",1,0,0,B,no wheel inventory for bolt/diameter,missing_inventory_wheels,205/40R17,4x108,17
0592047e-b6c6-4f26-a5dd-d5a81bee0e04,2019,Ford,fiesta,ST,1,0,0,B,no wheel inventory for bolt/diameter,missing_inventory_wheels,205/40R17,4x108,17
f37ac596-4b58-47b9-8ce6-c5a06ddc98eb,2000,Ford,focus,ZTS/SES/ST,1,0,0,B,no wheel inventory for bolt/diameter,missing_inventory_wheels,205/50R16,4x108,16
937aa47f-1de7-4b10-a9b6-e99f3463d9c5,2000,Ford,focus,LX,1,0,0,B,no wheel inventory for bolt/diameter,missing_inventory_wheels,185/65R14,4x108,14
3143c99a-273a-4b9d-b065-f8920c837029,2001,Ford,focus,ZTS/SES/ST,1,0,0,B,no wheel inventory for bolt/diameter,missing_inventory_wheels,205/50R16,4x108,16
d7b64114-bef9-4e0c-aec5-095ea1b5a61b,2001,Ford,focus,LX,1,0,0,B,no wheel inventory for bolt/diameter,missing_inventory_wheels,185/65R14,4x108,14
ad7c2558-9b9c-43fd-8e18-71c7b1f1ade2,2002,Ford,focus,ZTS/SES/ST,1,0,0,B,no wheel inventory for bolt/diameter,missing_inventory_wheels,205/50R16,4x108,16
36851f2d-a55b-4cdb-b866-68d99207cf74,2002,Ford,focus,LX,1,0,0,B,no wheel inventory for bolt/diameter,missing_inventory_wheels,185/65R14,4x108,14
54e7e3bd-ae3d-4f28-8e14-bbc9e8a2e57f,2003,Ford,focus,ZTS/SES/ST,1,0,0,B,no wheel inventory for bolt/diameter,missing_inventory_wheels,205/50R16,4x108,16
a3c49b80-23de-4386-a33b-b794f70de9d8,2003,Ford,focus,LX,1,0,0,B,no wheel inventory for bolt/diameter,missing_inventory_wheels,185/65R14,4x108,14
d09541b2-cf4d-4243-b3ac-ef6ef8c28338,2004,Ford,focus,ZTS/SES/ST,1,0,0,B,no wheel inventory for bolt/diameter,missing_inventory_wheels,205/50R16,4x108,16
82151ffe-9aea-4093-8cec-9bfaa6edb41b,2004,Ford,focus,LX,1,0,0,B,no wheel inventory for bolt/diameter,missing_inventory_wheels,185/65R14,4x108,14
464e8042-216b-4c30-ae9f-7cc965cac3b3,2005,Ford,focus,LX,1,0,0,B,no wheel inventory for bolt/diameter,missing_inventory_wheels,185/65R14,4x108,14
7dac5dd8-8e3c-409e-92c2-3d45f0e5853f,2005,Ford,focus,ZTS/SES/ST,1,0,0,B,no wheel inventory for bolt/diameter,missing_inventory_wheels,205/50R16,4x108,16
7b6a2773-7e21-4e61-a564-4b0313e486ae,2006,Ford,focus,LX,1,0,0,B,no wheel inventory for bolt/diameter,missing_inventory_wheels,185/65R14,4x108,14
981ce7c6-39f1-43b3-8605-aa16fe9be1fb,2006,Ford,focus,ZTS/SES/ST,1,0,0,B,no wheel inventory for bolt/diameter,missing_inventory_wheels,205/50R16,4x108,16
fb4d6d38-8b59-481b-9253-7739c3312d32,2007,Ford,focus,LX,1,0,0,B,no wheel inventory for bolt/diameter,missing_inventory_wheels,185/65R14,4x108,14
b38f42fb-3883-4a1c-a23f-598773a7b42c,2007,Ford,focus,ZTS/SES/ST,1,0,0,B,no wheel inventory for bolt/diameter,missing_inventory_wheels,205/50R16,4x108,16
aac9e9e9-6666-4ff2-a051-952a0baf78dd,2008,Ford,focus,SES,1,0,0,B,no wheel inventory for bolt/diameter,missing_inventory_wheels,205/50R16,4x108,16
74afdb57-c42d-4853-9c3d-7661597ca93d,2009,Ford,focus,SES,1,0,0,B,no wheel inventory for bolt/diameter,missing_inventory_wheels,205/50R16,4x108,16
15c925d7-c28c-46d1-9b69-6ad2cc2afaf3,2010,Ford,focus,SES,1,0,0,B,no wheel inventory for bolt/diameter,missing_inventory_wheels,205/50R16,4x108,16
6d84aa93-25a6-44ee-8d73-447a92985832,2011,Ford,focus,SES,1,0,0,B,no wheel inventory for bolt/diameter,missing_inventory_wheels,205/50R16,4x108,16
0186ed2c-7cba-42c5-8303-885e89647402,2013,Ford,fusion,Titanium/Sport,1,0,0,B,no wheel inventory for bolt/diameter,missing_inventory_wheels,225/50R17|235/40R19|235/45R18,5x108,18|19
1d7a562c-6e90-4d31-a430-2a124504912a,2014,Ford,fusion,Titanium/Sport,1,0,0,B,no wheel inventory for bolt/diameter,missing_inventory_wheels,225/50R17|235/40R19|235/45R18,5x108,18|19
eb0da102-55a1-400c-a497-512908ca88fe,2015,Ford,fusion,Titanium/Sport,1,0,0,B,no wheel inventory for bolt/diameter,missing_inventory_wheels,225/50R17|235/40R19|235/45R18,5x108,18|19
589dbb4d-959b-4dcd-b5da-58ca799d19d4,2016,Ford,fusion,Titanium/Sport,1,0,0,B,no wheel inventory for bolt/diameter,missing_inventory_wheels,225/50R17|235/40R19|235/45R18,5x108,18|19
170f3452-094c-42f5-9e8e-96e739425c7b,2017,Ford,fusion,Titanium/Sport,1,0,0,B,no wheel inventory for bolt/diameter,missing_inventory_wheels,225/50R17|235/40R19|235/45R18,5x108,18|19
d29c06b0-a8e0-455d-9045-326220996b3c,2019,Ford,fusion,Titanium/Sport,1,0,0,B,no wheel inventory for bolt/diameter,missing_inventory_wheels,225/50R17|235/40R19|235/45R18,5x108,18|19
08d8578a-2120-4e44-aa81-6dc88b23c60f,2020,Ford,fusion,Titanium/Sport,1,0,0,B,no wheel inventory for bolt/diameter,missing_inventory_wheels,225/50R17|235/40R19|235/45R18,5x108,18|19
35780507-fc68-45d6-acfc-b7a5abc6d2e2,1964,Ford,mustang,GT,1,0,0,B,no wheel inventory for bolt/diameter,missing_inventory_wheels,195/75R14|205/75R14,4x108,14
27489f60-98ca-4283-b1da-8818a53e2506,1964,Ford,mustang,Base,1,0,0,B,no wheel inventory for bolt/diameter,missing_inventory_wheels,195/75R14|205/75R14,4x108,14
30f0525f-7fee-4d14-a362-af9449331b05,1965,Ford,mustang,Base,0,344,3,C,only vintage/non-standard sizes: 6.95-14,vintage_tire_size,6.95-14,5x114.3,14
3dd1dd1a-6e76-46ea-9e12-a212ee804411,1965,Ford,mustang,GT,1,0,0,B,no wheel inventory for bolt/diameter,missing_inventory_wheels,195/75R14|205/75R14,4x108,14
9dfe7456-d6ee-47b9-a441-07c6f833ffc3,1966,Ford,mustang,Base,0,344,3,C,only vintage/non-standard sizes: 6.95-14,vintage_tire_size,6.95-14,5x114.3,14
172dd467-679a-4b85-b25c-6aa739eb4405,1966,Ford,mustang,GT,1,0,0,B,no wheel inventory for bolt/diameter,missing_inventory_wheels,195/75R14|205/75R14,4x108,14
944a729c-a7a0-43d9-b70c-666725d34cb6,1967,Ford,mustang,Shelby GT350,0,1048,3,C,only vintage/non-standard sizes: E70-15,vintage_tire_size,E70-15,5x114.3,15
be5e822e-c592-4606-8899-d4315023bca9,1967,Ford,mustang,GT,1,0,0,B,no wheel inventory for bolt/diameter,missing_inventory_wheels,195/75R14|205/75R14,4x108,14
29dc0237-f459-4ef9-9a73-2b32fb515625,1967,Ford,mustang,Base,1,0,0,B,no wheel inventory for bolt/diameter,missing_inventory_wheels,195/75R14|205/75R14,4x108,14
59923716-da33-48f2-94e1-ba8dc5401436,1968,Ford,mustang,Base,1,0,0,B,no wheel inventory for bolt/diameter,missing_inventory_wheels,195/75R14|205/75R14,4x108,14
ba1e20b8-a0ce-449d-b04a-bf8483b19d4b,1968,Ford,mustang,Shelby GT500,0,1048,3,C,only vintage/non-standard sizes: E70-15,vintage_tire_size,E70-15,5x114.3,15
91502fd6-ff7f-47f4-88d0-e0c809fbfd81,1968,Ford,mustang,GT,1,0,0,B,no wheel inventory for bolt/diameter,missing_inventory_wheels,195/75R14|205/75R14,4x108,14
07fc1a68-3384-4ee0-8f2a-a04dbd8ba532,1969,Ford,mustang,Shelby GT500,0,1048,3,C,only vintage/non-standard sizes: F60-15,vintage_tire_size,F60-15,5x114.3,15
73f5e379-bcad-4ca3-bff0-97b6d9e4adb2,1970,Ford,mustang,Base,0,344,3,C,only vintage/non-standard sizes: E70-14,vintage_tire_size,E70-14,5x114.3,14
fd8b30dd-f68a-4e66-8ed5-d3001a8912eb,1971,Ford,mustang,Base,0,344,3,C,only vintage/non-standard sizes: F70-14,vintage_tire_size,F70-14,5x114.3,14
7c27a8e5-61f8-432e-8f75-b6dff122fff6,1972,Ford,mustang,Base,0,344,3,C,only vintage/non-standard sizes: F70-14,vintage_tire_size,F70-14,5x114.3,14
7c41f0c1-b883-426f-aa7c-e58ef85947a3,1973,Ford,mustang,Base,0,344,3,C,only vintage/non-standard sizes: F70-14,vintage_tire_size,F70-14,5x114.3,14
9490e7eb-c188-4e89-9f97-abf22ee1d03e,1979,Ford,mustang,LX,1,0,0,B,no wheel inventory for bolt/diameter,missing_inventory_wheels,195/75R14|205/75R14,4x108,14
cf537621-66ee-47da-b156-c3eca43219cf,1979,Ford,mustang,Base,1,0,0,B,no wheel inventory for bolt/diameter,missing_inventory_wheels,195/75R14|205/75R14,4x108,14
ebf69a24-fb7f-4dc9-b728-b664b9209314,1979,Ford,mustang,SVO,1,0,0,B,no wheel inventory for bolt/diameter,missing_inventory_wheels,195/75R14|205/75R14,4x108,14
d1edb28b-5897-4d81-9bf1-9a4a907a80b7,1980,Ford,mustang,SVO,1,0,0,B,no wheel inventory for bolt/diameter,missing_inventory_wheels,185/75R14|195/75R14,4x108,14
e03684e6-d871-41dd-81e5-e13fcbecaddf,1980,Ford,mustang,Base,1,0,0,B,no wheel inventory for bolt/diameter,missing_inventory_wheels,185/75R14|195/75R14,4x108,14
8a818792-3173-4041-b98e-c48fce4e91f0,1981,Ford,mustang,Base,1,0,0,B,no wheel inventory for bolt/diameter,missing_inventory_wheels,185/75R14|195/75R14,4x108,14
37532af4-1486-405f-8875-a4527316ad61,1981,Ford,mustang,LX,1,0,0,B,no wheel inventory for bolt/diameter,missing_inventory_wheels,185/75R14|195/75R14,4x108,14
ffef9ca6-a705-4e77-a229-4595d1aa93dc,1982,Ford,mustang,LX,1,0,0,B,no wheel inventory for bolt/diameter,missing_inventory_wheels,185/75R14|195/75R14,4x108,14
ba23b374-5268-4737-903e-e909b7c0fabf,1982,Ford,mustang,SVO,1,0,0,B,no wheel inventory for bolt/diameter,missing_inventory_wheels,P195/75R14,4x108,14
b8a5bb00-7115-403f-96dd-395bfecab0e4,1983,Ford,mustang,LX,1,0,0,B,no wheel inventory for bolt/diameter,missing_inventory_wheels,185/75R14|195/75R14,4x108,14
df532f3c-254b-4933-95e4-85fd142ed7c5,1983,Ford,mustang,SVO,1,0,0,B,no wheel inventory for bolt/diameter,missing_inventory_wheels,P195/75R14,4x108,14
cc7b30e2-1748-49bb-b852-8d6e10045a43,1984,Ford,mustang,LX,1,0,0,B,no wheel inventory for bolt/diameter,missing_inventory_wheels,185/75R14|195/75R14,4x108,14
c595ce05-0658-4a40-a659-1fe0e1611e12,1985,Ford,mustang,LX,1,0,0,B,no wheel inventory for bolt/diameter,missing_inventory_wheels,185/75R14|195/75R14,4x108,14
784cc95f-73c2-41da-bfdf-4c26aa2acdea,1985,Ford,mustang,SVO,1,0,0,B,no wheel inventory for bolt/diameter,missing_inventory_wheels,P195/75R14,4x108,14
e0e4684f-5121-4cc7-bed5-053affd9a03a,1986,Ford,mustang,LX,1,0,0,B,no wheel inventory for bolt/diameter,missing_inventory_wheels,185/75R14|195/75R14,4x108,14
e6c2b3b5-0717-4d95-b0e9-804034580162,1987,Ford,mustang,GT,1,0,0,B,no wheel inventory for bolt/diameter,missing_inventory_wheels,P195/75R14,4x108,14
afef59c3-e2da-4f72-9ac2-f2218da5de6e,1990,Ford,mustang,Cobra R,1,0,0,B,no wheel inventory for bolt/diameter,missing_inventory_wheels,215/60R17,4x108,17
8ec46304-ca69-4709-afad-85a431b830fa,1990,Ford,mustang,Cobra,1,0,0,B,no wheel inventory for bolt/diameter,missing_inventory_wheels,215/60R17,4x108,17
a126fad7-b4c7-4ff0-8fae-74bf5f5f4dbb,1991,Ford,mustang,Cobra R,1,0,0,B,no wheel inventory for bolt/diameter,missing_inventory_wheels,215/60R17,4x108,17
78226f72-70d9-4a2d-be78-12988bee5b43,1991,Ford,mustang,Cobra,1,0,0,B,no wheel inventory for bolt/diameter,missing_inventory_wheels,215/60R17,4x108,17
41c67dfe-8b23-4886-8e6f-c8fc791ffaca,1991,Ford,mustang,GT,1,0,0,B,no wheel inventory for bolt/diameter,missing_inventory_wheels,215/60R17,4x108,17
9a5f6f2d-3858-4041-97df-5db5ad3eb0f9,1992,Ford,mustang,Cobra R,1,0,0,B,no wheel inventory for bolt/diameter,missing_inventory_wheels,215/60R17,4x108,17
dfdb558c-db2e-4ccd-99a5-8fc9991912ac,1992,Ford,mustang,Cobra,1,0,0,B,no wheel inventory for bolt/diameter,missing_inventory_wheels,215/60R17,4x108,17
908cb1fb-594e-4d36-8714-0cd68cdd78b5,1993,Ford,mustang,Cobra,1,0,0,B,no wheel inventory for bolt/diameter,missing_inventory_wheels,215/60R17,4x108,17
f3fb1d6c-2a99-4853-8b45-c09a3e07b019,1993,Ford,mustang,Cobra R,1,0,0,B,no wheel inventory for bolt/diameter,missing_inventory_wheels,215/60R17,4x108,17
cf8e20f4-986c-4ff4-871c-907dd3f7478f,1994,Ford,mustang,Cobra,1,0,0,B,no wheel inventory for bolt/diameter,missing_inventory_wheels,215/60R17,4x108,17
dcb3eb67-2780-4f2f-966d-5fe06cc90f4e,1995,Ford,mustang,Cobra,1,0,0,B,no wheel inventory for bolt/diameter,missing_inventory_wheels,215/60R17,4x108,17
e505e19a-f262-4c3c-a3fd-38a66aee2607,1996,Ford,mustang,Cobra,1,0,0,B,no wheel inventory for bolt/diameter,missing_inventory_wheels,215/60R17,4x108,17
505370a9-c79e-4912-a9c1-c5b2fd5fd08a,1996,Ford,mustang,GT,1,0,0,B,no wheel inventory for bolt/diameter,missing_inventory_wheels,215/60R17,4x108,17
b0f91ad6-b223-4998-89ce-f7df6407d18a,1997,Ford,mustang,Cobra,1,0,0,B,no wheel inventory for bolt/diameter,missing_inventory_wheels,215/60R17,4x108,17
52dba304-604c-4f46-9699-8609f5c81ff9,1998,Ford,mustang,GT,1,0,0,B,no wheel inventory for bolt/diameter,missing_inventory_wheels,215/60R17,4x108,17
feae7447-0952-4aad-b410-aec20339cae4,1998,Ford,mustang,Cobra,1,0,0,B,no wheel inventory for bolt/diameter,missing_inventory_wheels,215/60R17,4x108,17
f8df772c-819a-4a13-84fd-0f41501f3e8b,1999,Ford,mustang,GT,1,0,0,B,no wheel inventory for bolt/diameter,missing_inventory_wheels,215/60R17,4x108,17
7f7919da-95ef-416d-853e-96edd9910ce7,1999,Ford,mustang,Cobra,1,0,0,B,no wheel inventory for bolt/diameter,missing_inventory_wheels,215/60R17,4x108,17
4568e604-b6bb-428d-aca5-d38cc5ac9c41,2015,Ford,mustang,GT Performance Pack,1,0,0,B,no wheel inventory for bolt/diameter,missing_inventory_wheels,255/40R19|265/35R20|275/40R19,5x114.3,19
dafb98c8-0bb5-46eb-aa06-0ce5d1df64fe,2016,Ford,mustang,Shelby GT350,1,0,0,B,no wheel inventory for bolt/diameter,missing_inventory_wheels,265/35R20|295/35R19|305/30R19|305/35R19,5x114.3,19
2c54d216-9f26-4ed8-9d3c-e478a1728ebd,2016,Ford,mustang,GT Performance Pack,1,0,0,B,no wheel inventory for bolt/diameter,missing_inventory_wheels,255/40R19|265/35R20|275/40R19|305/30R19,5x114.3,19
daeb6de0-ab2e-421e-b018-80cb72ce157b,2017,Ford,mustang,Shelby GT350,1,0,0,B,no wheel inventory for bolt/diameter,missing_inventory_wheels,265/35R20|295/35R19|305/30R19|305/35R19,5x114.3,19
bf726caf-6aef-4d5e-adc8-35a1c5ed8ecb,2017,Ford,mustang,GT Performance Pack,1,0,0,B,no wheel inventory for bolt/diameter,missing_inventory_wheels,255/40R19|265/35R20|275/40R19|305/30R19,5x114.3,19
8cf132ae-8046-4ce1-bb01-52e0261fb741,2019,Ford,mustang,Shelby GT350,1,0,0,B,no wheel inventory for bolt/diameter,missing_inventory_wheels,265/35R20|295/35R19|305/30R19|305/35R19,5x114.3,19
0d41943a-4ac6-4543-b81b-ecfd65d22283,2019,Ford,mustang,GT Performance Pack,1,0,0,B,no wheel inventory for bolt/diameter,missing_inventory_wheels,255/40R19|265/35R20|275/40R19|305/30R19,5x114.3,19
bb27a4b8-d09b-44d3-9e8f-86c9c4866690,2020,Ford,mustang,GT Performance Pack,1,0,0,B,no wheel inventory for bolt/diameter,missing_inventory_wheels,255/40R19|265/35R20|265/40R19|275/40R19|305/30R19,5x114.3,19
0f048d78-7762-4d5c-9448-d8fbb69112d6,2020,Ford,mustang,Shelby GT350,1,0,0,B,no wheel inventory for bolt/diameter,missing_inventory_wheels,265/35R20|265/40R19|295/35R19|305/30R19|305/35R19,5x114.3,19
0530a453-bd22-41a0-b986-e7676751dc39,2021,Ford,mustang,GT Performance Pack,1,0,0,B,no wheel inventory for bolt/diameter,missing_inventory_wheels,255/40R19|265/35R20|265/40R19|275/40R19|305/30R19,5x114.3,19
a18474c6-c61e-49fd-b9c7-d0eae4a00c98,2021,Ford,mustang,Mach 1,1,0,0,B,no wheel inventory for bolt/diameter,missing_inventory_wheels,255/40R19|265/35R20|265/40R19|275/40R19|305/30R19,5x114.3,19
280a1c56-3866-4679-8fdf-5fa2fb6bd004,2022,Ford,mustang,Mach 1,1,0,0,B,no wheel inventory for bolt/diameter,missing_inventory_wheels,255/40R19|265/35R20|265/40R19|275/40R19|305/30R19,5x114.3,19
ff7bcf12-6d36-4ad9-9ee2-0a285fd813bd,2022,Ford,mustang,GT Performance Pack,1,0,0,B,no wheel inventory for bolt/diameter,missing_inventory_wheels,255/40R19|265/35R20|265/40R19|275/40R19|305/30R19,5x114.3,19
a668a48c-7749-4b56-a8a9-269f9925a3f7,2023,Ford,mustang,GT Performance Pack,1,0,0,B,no wheel inventory for bolt/diameter,missing_inventory_wheels,255/40R19|265/35R20|265/40R19|275/40R19|305/30R19,5x114.3,19
748adbeb-3f69-4c57-a572-052f2aea983d,2023,Ford,mustang,Mach 1,1,0,0,B,no wheel inventory for bolt/diameter,missing_inventory_wheels,255/40R19|265/35R20|265/40R19|275/40R19|305/30R19,5x114.3,19
185d28d7-fc58-40f2-9d6c-04d4007817d3,2024,Ford,mustang,Mach 1,1,0,0,B,no wheel inventory for bolt/diameter,missing_inventory_wheels,265/35R20|305/30R19|315/30R19,5x114.3,19
ed80c8a4-c307-405a-bb53-c8a652b612eb,2024,Ford,mustang,Dark Horse,1,0,0,B,no wheel inventory for bolt/diameter,missing_inventory_wheels,255/40R19|265/35R20|275/40R19,5x114.3,19
25200928-990f-4591-961a-ee23b91190c6,2024,Ford,mustang,Dark Horse Handling Package,1,0,0,B,no wheel inventory for bolt/diameter,missing_inventory_wheels,265/35R20|305/30R19|315/30R19,5x114.3,19
64635569-8111-4e8e-8aa7-c8cc28ba8ae6,2024,Ford,mustang,GT Performance Pack,1,0,0,B,no wheel inventory for bolt/diameter,missing_inventory_wheels,255/40R19|265/35R20|275/40R19,5x114.3,19
4a559e07-b87e-4e7b-b38a-a61a4b1a7986,2025,Ford,mustang,Dark Horse,1,0,0,B,no wheel inventory for bolt/diameter,missing_inventory_wheels,255/40R19|265/35R20|275/40R19|305/30R19,5x114.3,19
e60fadcd-af22-4dc8-ad4d-7cc79e5e765a,2026,Ford,mustang,Dark Horse,1,0,0,B,no wheel inventory for bolt/diameter,missing_inventory_wheels,255/40R19|265/35R20|275/40R19|305/30R19,5x114.3,19
49899ffe-e1ea-4561-bc63-dccea6b8e951,2013,Ford,ranger,2.2 TDCi,1,1854,0,A,tires+wheels OK but no packages,package_generation_gap,215/70R16|255/70R16|265/60R18|265/65R17,6x139.7,16|17|18
d079d7b6-0889-4575-8679-98b9611f8391,2014,Ford,ranger,2.2 TDCi,1,1854,0,A,tires+wheels OK but no packages,package_generation_gap,215/70R16|255/70R16|265/60R18|265/65R17,6x139.7,16|17|18
95ef2d4c-2d7f-42b8-b9ff-35748623ae4e,2015,Ford,ranger,2.2 TDCi,1,1854,0,A,tires+wheels OK but no packages,package_generation_gap,255/70R16|265/60R18|265/65R17,6x139.7,16|17|18
95f8320e-1cc0-4312-ab17-fd41b31135f6,2016,Ford,ranger,2.2 TDCi,1,1854,0,A,tires+wheels OK but no packages,package_generation_gap,255/70R16|265/60R18|265/65R17,6x139.7,16|17|18
07bf0b71-e0cb-457e-b145-921fde0b403e,2017,Ford,ranger,2.0 TDCi,1,1854,0,A,tires+wheels OK but no packages,package_generation_gap,255/70R16|265/60R18|265/65R17,6x139.7,16|17|18
c03ffef6-1e2e-444a-a4d7-19842f960db5,2024,Ford,ranger,Tremor,1,1854,0,A,tires+wheels OK but no packages,package_generation_gap,255/70R16|265/60R18|265/65R17,6x139.7,16|17|18
d4b979cd-7797-45ff-9efa-819490d2e722,2024,Ford,ranger,Lariat,1,1854,0,A,tires+wheels OK but no packages,package_generation_gap,255/70R16|265/60R18|265/65R17,6x139.7,16|17|18
4c20f9cc-64d9-476a-84f8-c53ce2d81831,2024,Ford,ranger,"XL, XLT, Lariat, Tremor, Raptor",1,1854,0,A,tires+wheels OK but no packages,package_generation_gap,255/70R16|265/60R18|265/65R17,6x139.7,16|17|18
aaf5c9b2-500e-43d2-8949-801211cc48f6,2024,Ford,ranger,XL,1,1854,0,A,tires+wheels OK but no packages,package_generation_gap,255/70R16|265/60R18|265/65R17,6x139.7,16|17|18
72226042-8f67-4e9a-80b6-1232e7156ad3,2024,Ford,ranger,XLT,1,1854,0,A,tires+wheels OK but no packages,package_generation_gap,255/70R16|265/60R18|265/65R17,6x139.7,16|17|18
db3180f5-9997-48ba-a2d0-d8b25cbf9676,2024,Ford,ranger,Raptor,1,1854,0,A,tires+wheels OK but no packages,package_generation_gap,255/70R16|265/60R18|265/65R17,6x139.7,16|17|18
a909e0f4-c364-484f-973a-13730a8a60c0,2025,Ford,ranger,XL,1,1854,0,A,tires+wheels OK but no packages,package_generation_gap,255/65R18|255/70R16|255/70R17|265/60R18|265/65R17,6x139.7,16|17|18
61e7ce40-5e66-4718-bf57-1392ddfb26a3,2025,Ford,ranger,XLT,1,1854,0,A,tires+wheels OK but no packages,package_generation_gap,255/65R18|255/70R16|255/70R17|265/60R18|265/65R17,6x139.7,16|17|18
912b6651-5920-4acd-a130-8770709787a3,2025,Ford,ranger,Tremor,1,1854,0,A,tires+wheels OK but no packages,package_generation_gap,255/65R18|255/70R16|255/70R17|265/60R18|265/65R17,6x139.7,16|17|18
91749d75-be59-4b42-a6f4-c9cf49ef9260,2025,Ford,ranger,"XL, XLT, Lariat, Tremor, Raptor",1,1854,0,A,tires+wheels OK but no packages,package_generation_gap,255/65R18|255/70R16|255/70R17|265/60R18|265/65R17,6x139.7,16|17|18
68e0ad69-fe78-4f28-bc2e-6b1bbc01c5e4,2025,Ford,ranger,Raptor,1,1854,0,A,tires+wheels OK but no packages,package_generation_gap,255/65R18|255/70R16|255/70R17|265/60R18|265/65R17,6x139.7,16|17|18
b8ed4e1e-6f06-41e9-ac29-5d1dc7b84c15,2025,Ford,ranger,Lariat,1,1854,0,A,tires+wheels OK but no packages,package_generation_gap,255/65R18|255/70R16|255/70R17|265/60R18|265/65R17,6x139.7,16|17|18
b94fddbc-9b60-4abc-9d43-e1425f6a8189,2026,Ford,ranger,Tremor,1,1854,0,A,tires+wheels OK but no packages,package_generation_gap,255/65R18|255/70R16|255/70R17|265/60R18|265/65R17,6x139.7,16|17|18
31ac24b0-42f7-4cd8-bcd6-bea45f920504,2026,Ford,ranger,XL,1,1854,0,A,tires+wheels OK but no packages,package_generation_gap,255/65R18|255/70R16|255/70R17|265/60R18|265/65R17,6x139.7,16|17|18
79e929f6-a545-476c-9a22-ec784d813653,2026,Ford,ranger,Raptor,1,1854,0,A,tires+wheels OK but no packages,package_generation_gap,255/65R18|255/70R16|255/70R17|265/60R18|265/65R17,6x139.7,16|17|18
a13af37c-fcbd-407a-97f0-85b1838ff7f5,2026,Ford,ranger,"XL, XLT, Lariat, Tremor, Raptor",1,1854,0,A,tires+wheels OK but no packages,package_generation_gap,255/65R18|255/70R16|255/70R17|265/60R18|265/65R17,6x139.7,16|17|18
2b7847d2-153e-499a-80b7-051fdb7a181e,2026,Ford,ranger,XLT,1,1854,0,A,tires+wheels OK but no packages,package_generation_gap,255/65R18|255/70R16|255/70R17|265/60R18|265/65R17,6x139.7,16|17|18
a90001aa-6102-492f-82a1-5c24584ff918,2026,Ford,ranger,Lariat,1,1854,0,A,tires+wheels OK but no packages,package_generation_gap,255/65R18|255/70R16|255/70R17|265/60R18|265/65R17,6x139.7,16|17|18
4b166e08-25a0-4053-bea2-13b6513c376f,2003,Ford,sportka,Base,1,0,0,B,no wheel inventory for bolt/diameter,missing_inventory_wheels,205/55R16,4x108,16
78ef0ecd-a712-4cf9-a000-f3743556e167,2004,Ford,sportka,Base,1,0,0,B,no wheel inventory for bolt/diameter,missing_inventory_wheels,205/55R16,4x108,16
07688d2d-e6c6-4cd0-bf28-4bbf87847127,2005,Ford,sportka,Base,1,0,0,B,no wheel inventory for bolt/diameter,missing_inventory_wheels,205/55R16,4x108,16
1f5a90ae-f8ee-4886-831c-b6715d13cbaf,2006,Ford,sportka,Base,1,0,0,B,no wheel inventory for bolt/diameter,missing_inventory_wheels,205/55R16,4x108,16
dbc337dd-19b8-47fa-bc95-78544a2e005a,2007,Ford,sportka,Base,1,0,0,B,no wheel inventory for bolt/diameter,missing_inventory_wheels,205/55R16,4x108,16
e378b9a6-f008-43ce-a706-65148d8b62ab,2008,Ford,sportka,Base,1,0,0,B,no wheel inventory for bolt/diameter,missing_inventory_wheels,205/55R16,4x108,16
9fba6635-18b0-46e1-87ac-533539b06315,2003,Ford,streetka,Base,1,0,0,B,no wheel inventory for bolt/diameter,missing_inventory_wheels,205/55R16,4x108,16
3b70dd1f-9e08-4722-a833-75b13eee68b1,2004,Ford,streetka,Base,1,0,0,B,no wheel inventory for bolt/diameter,missing_inventory_wheels,205/55R16,4x108,16
3e83a0ea-f63c-4e09-9224-c15975235cc0,2005,Ford,streetka,Base,1,0,0,B,no wheel inventory for bolt/diameter,missing_inventory_wheels,205/55R16,4x108,16
fb4564df-a83d-4a97-9cc2-0aef1e43c233,2006,Ford,streetka,Base,1,0,0,B,no wheel inventory for bolt/diameter,missing_inventory_wheels,205/55R16,4x108,16
27e91a11-53f6-4554-963e-b30caea44c2c,2018,Ford Vans,Transit-150,XLT (C-Type Tires),1,8,0,A,tires+wheels OK but no packages,package_generation_gap,235/65R16C,5x160,
c62fcd02-b61c-48e6-adec-deea1ff1be01,2018,Ford Vans,Transit-150,XL (C-Type Tires),1,8,0,A,tires+wheels OK but no packages,package_generation_gap,235/65R16C,5x160,
1839ef5e-42a7-46e7-b192-faf1e55d93c5,2018,Ford Vans,Transit-150,(C-Type Tires),1,8,0,A,tires+wheels OK but no packages,package_generation_gap,235/65R16C,5x160,
f5c32eb3-c1cf-4d8a-b946-c1973183c4d9,2018,Ford Vans,Transit-250,(C-Type Tires),1,8,0,A,tires+wheels OK but no packages,package_generation_gap,235/65R16C,5x160,
3b93c95d-08e4-412b-b5ef-ea55d68d8b62,2018,Ford Vans,Transit-350,XLT (C-Type Tires),1,8,0,A,tires+wheels OK but no packages,package_generation_gap,235/65R16C,5x160,
26f51cb1-6dc1-4a08-a51b-8653a38e660c,2018,Ford Vans,Transit-350,(C-Type Tires),1,8,0,A,tires+wheels OK but no packages,package_generation_gap,235/65R16C,5x160,
69066388-0e16-42c6-9291-3da84bdba09c,2018,Ford Vans,Transit-350,XL (C-Type Tires),1,8,0,A,tires+wheels OK but no packages,package_generation_gap,235/65R16C,5x160,
91bf8343-1729-43a8-b55c-6cfd3d3d5445,2018,Ford Vans,Transit-350 HD,XL (DRW)(C-Type Tires),1,0,0,B,no OEM wheel diameters parsed,missing_wheel_sizes,195/75R16C,6x180,
642c256d-c42b-44ad-aa54-d4f1cec4d601,2018,Ford Vans,Transit-350 HD,XLT (DRW)(C-Type Tires),1,0,0,B,no OEM wheel diameters parsed,missing_wheel_sizes,195/75R16C,6x180,
f86f890d-75f2-40a5-aa84-416ed81bb924,2018,Ford Vans,Transit-350 HD,(DRW)(C-Type Tires),1,0,0,B,no OEM wheel diameters parsed,missing_wheel_sizes,195/75R16C,6x180,
afb70fdd-d939-4398-abdc-5af2646923d6,2014,GMC,Sierra 1500,Base,1,0,0,B,no wheel inventory for bolt/diameter,missing_inventory_wheels,255/70R17|265/65R18|265/70R17|275/55R20|275/60R20|285/45R22|LT265/70R17,6x139.7,17|18|20|22
5ae8d08f-c89f-4d1d-8e25-987ee0be4329,2015,GMC,Sierra 1500,Base,1,0,0,B,no wheel inventory for bolt/diameter,missing_inventory_wheels,255/70R17|265/65R18|265/70R17|275/55R20|275/60R20|285/45R22|LT265/70R17,6x139.7,17|18|20|22
cab68f97-5972-4ed3-b10c-bb21f2cf4fda,2019,GMC,Sierra 1500,Base,1,0,0,B,no wheel inventory for bolt/diameter,missing_inventory_wheels,255/70R17|265/65R18|265/70R17|275/50R22|275/55R20|275/60R20|285/45R22|LT265/70R17|LT275/65R18,6x139.7,17|18|20|22
936c4d53-d386-405c-9836-f45a9464dd04,2020,GMC,Sierra 1500,Base,1,0,0,B,no wheel inventory for bolt/diameter,missing_inventory_wheels,255/70R17|265/65R18|265/70R17|275/50R22|275/55R20|275/60R20|285/45R22|LT265/70R17|LT275/65R18,6x139.7,17|18|20|22
816c7e57-ddbc-4790-b8f2-d150fc73e3a1,2022,GMC,Sierra 1500,Base,1,0,0,B,no wheel inventory for bolt/diameter,missing_inventory_wheels,255/70R17|265/65R18|265/70R17|275/50R22|275/55R20|275/60R20|285/45R22|LT265/60R20|LT265/70R17|LT275/65R18,6x139.7,17|18|20|22
acfb18a6-0489-4995-8cd5-b5dbf75293fd,2018,GMC,Sierra 3500 HD,SLT Snow Plow Prep Pkg. (DRW),1,0,0,B,no OEM wheel diameters parsed,missing_wheel_sizes,LT235/80R17/E,8x210,
07ec64fc-fbd4-4942-9dad-b5de97e39359,2018,GMC,Sierra 3500 HD,SLE Snow Plow Prep Pkg. (DRW),1,0,0,B,no OEM wheel diameters parsed,missing_wheel_sizes,LT235/80R17/E,8x210,
a0d83f88-126f-468e-af40-040488b0294c,2018,GMC,Sierra 3500 HD,SLE (DRW),1,0,0,B,no OEM wheel diameters parsed,missing_wheel_sizes,LT235/80R17/E,8x210,
593e9788-9895-49d8-80c2-e8469c0ce81f,2018,GMC,Sierra 3500 HD,SLT (DRW),1,0,0,B,no OEM wheel diameters parsed,missing_wheel_sizes,LT235/80R17/E,8x210,
ca185575-2c89-4d5c-bb7f-8562eec3c468,2018,GMC,Sierra 3500 HD,Snow Plow Prep Pkg. (DRW),1,0,0,B,no OEM wheel diameters parsed,missing_wheel_sizes,LT235/80R17/E,8x210,
dbea3f16-7246-4727-b03b-790d94700b7d,2018,GMC,Sierra 3500 HD,(DRW),1,0,0,B,no OEM wheel diameters parsed,missing_wheel_sizes,LT235/80R17/E,8x210,
b3d41614-c3b6-4f0f-b551-b383123b5ad6,2007,GMC,acadia,SLE,1,0,0,B,no wheel inventory for bolt/diameter,missing_inventory_wheels,255/65R18,6x132,18
44c569c1-c347-4a48-bfe8-8a26e220ce05,2007,GMC,acadia,SLE,1,0,0,B,no wheel inventory for bolt/diameter,missing_inventory_wheels,255/50R20|255/55R19|255/65R18,6x132,18|19|20
6f889738-24bb-43e1-9e52-1e9055da8ca5,2007,GMC,acadia,SLT,1,0,0,B,no wheel inventory for bolt/diameter,missing_inventory_wheels,255/50R20|255/55R19|255/65R18,6x132,18|19|20
b87883fc-3094-4d34-8b84-aab96766eff2,2007,GMC,acadia,SLE,1,0,0,B,no wheel inventory for bolt/diameter,missing_inventory_wheels,255/65R18,6x132,18
f16c2785-84ec-4261-a672-875be7437a59,2007,GMC,acadia,Denali,1,0,0,B,no wheel inventory for bolt/diameter,missing_inventory_wheels,255/50R20|255/55R19|255/65R18,6x132,18|19|20
1059b60a-9855-4623-907b-0c3faef5dc59,2007,GMC,acadia,SL,1,0,0,B,no wheel inventory for bolt/diameter,missing_inventory_wheels,255/50R20|255/55R19|255/65R18,6x132,18|19|20
0a96737b-657d-48f0-8bbb-2f1456784b45,2008,GMC,acadia,SLE,1,0,0,B,no wheel inventory for bolt/diameter,missing_inventory_wheels,255/65R18,6x132,18
1f3f7b87-39c2-4a01-84dd-f01cdbe45a85,2008,GMC,acadia,SL,1,0,0,B,no wheel inventory for bolt/diameter,missing_inventory_wheels,255/55R20|255/60R19|255/65R18|275/55R19|275/60R18|285/50R20,6x132,18|19|20
46c2926d-f5d6-4569-957a-2bc7e30b53a0,2008,GMC,acadia,Denali,1,0,0,B,no wheel inventory for bolt/diameter,missing_inventory_wheels,255/55R20|255/60R19|255/65R18|275/55R19|275/60R18|285/50R20,6x132,18|19|20
a0f38564-5ec3-4e1b-a420-5bdfc15f37cb,2008,GMC,acadia,SLT,1,0,0,B,no wheel inventory for bolt/diameter,missing_inventory_wheels,255/55R20|255/60R19|255/65R18|275/55R19|275/60R18|285/50R20,6x132,18|19|20
04799d20-d149-4c70-9444-253e383ce9c1,2008,GMC,acadia,SLE,1,0,0,B,no wheel inventory for bolt/diameter,missing_inventory_wheels,255/55R20|255/60R19|255/65R18|275/55R19|275/60R18|285/50R20,6x132,18|19|20
249ce961-80ea-4d4c-9d02-ed7208782849,2008,GMC,acadia,SLE,1,0,0,B,no wheel inventory for bolt/diameter,missing_inventory_wheels,255/65R18,6x132,18
5b489242-8291-4bab-a04c-6aab19177df9,2009,GMC,acadia,SLT,1,0,0,B,no wheel inventory for bolt/diameter,missing_inventory_wheels,255/50R20|255/55R19|255/65R18,6x132,18|19|20
2fac8eab-cf0e-418e-a1ef-e02f7dbf4948,2009,GMC,acadia,SLE,1,0,0,B,no wheel inventory for bolt/diameter,missing_inventory_wheels,255/65R18,6x132,18
3af1b7f7-93fb-4923-8d53-09cbbd620296,2009,GMC,acadia,SLE,1,0,0,B,no wheel inventory for bolt/diameter,missing_inventory_wheels,255/50R20|255/55R19|255/65R18,6x132,18|19|20
0bc69f9f-e67a-4504-9210-4e0be20b390c,2009,GMC,acadia,Denali,1,0,0,B,no wheel inventory for bolt/diameter,missing_inventory_wheels,255/50R20|255/55R19|255/65R18,6x132,18|19|20
29f5ec28-07d4-434c-b758-d1f18637aba3,2009,GMC,acadia,SL,1,0,0,B,no wheel inventory for bolt/diameter,missing_inventory_wheels,255/50R20|255/55R19|255/65R18,6x132,18|19|20
2933d8a6-6a50-498f-ae6a-ee131a80861e,2009,GMC,acadia,SLE,1,0,0,B,no wheel inventory for bolt/diameter,missing_inventory_wheels,255/65R18,6x132,18
72144a75-87f9-4142-aeae-0d7eeaa8d674,2010,GMC,acadia,SL,1,0,0,B,no wheel inventory for bolt/diameter,missing_inventory_wheels,255/50R20|255/55R19|255/55R20|255/60R19|255/65R18|265/65R18|275/55R19|285/50R20,6x132,18|19|20
6ec3b2ef-b1f2-4f5a-9c7f-53f00b7bb38f,2010,GMC,acadia,Denali,1,0,0,B,no wheel inventory for bolt/diameter,missing_inventory_wheels,255/50R20|255/55R19|255/55R20|255/60R19|255/65R18|265/65R18|275/55R19|285/50R20,6x132,18|19|20
4c4a3ebd-661c-4d19-9785-be68b72a4f33,2010,GMC,acadia,SLE,1,0,0,B,no wheel inventory for bolt/diameter,missing_inventory_wheels,255/50R20|255/55R19|255/55R20|255/60R19|255/65R18|265/65R18|275/55R19|285/50R20,6x132,18|19|20
614d64fc-9c94-4f3c-8a88-ad5c6919f4e9,2010,GMC,acadia,SLT,1,0,0,B,no wheel inventory for bolt/diameter,missing_inventory_wheels,255/50R20|255/55R19|255/55R20|255/60R19|255/65R18|265/65R18|275/55R19|285/50R20,6x132,18|19|20
b7f4c763-edd2-47ce-a8a2-acd64d626dba,2010,GMC,acadia,SLE,1,0,0,B,no wheel inventory for bolt/diameter,missing_inventory_wheels,255/65R18,6x132,18
dee5a819-053c-420e-85b6-9f1eddda933b,2010,GMC,acadia,SLE,1,0,0,B,no wheel inventory for bolt/diameter,missing_inventory_wheels,255/65R18,6x132,18
c28f6017-ce11-42e9-980e-437101418227,2011,GMC,acadia,SLE,1,0,0,B,no wheel inventory for bolt/diameter,missing_inventory_wheels,255/65R18,6x132,18
9cc88ef3-52a9-42db-ab88-1b231493d072,2011,GMC,acadia,SLE,1,0,0,B,no wheel inventory for bolt/diameter,missing_inventory_wheels,255/65R18,6x132,18
079e3f15-57dd-4d32-92f2-8c8783c50c75,2011,GMC,acadia,SLE,1,0,0,B,no wheel inventory for bolt/diameter,missing_inventory_wheels,255/50R20|255/55R19|255/65R18,6x132,18|19|20
a2108dc8-f22f-49cf-9441-491a1537f94b,2011,GMC,acadia,Denali,1,0,0,B,no wheel inventory for bolt/diameter,missing_inventory_wheels,255/50R20|255/55R19|255/65R18,6x132,18|19|20
7264db9b-7803-4175-b10b-13c22234f107,2011,GMC,acadia,SLT,1,0,0,B,no wheel inventory for bolt/diameter,missing_inventory_wheels,255/50R20|255/55R19|255/65R18,6x132,18|19|20
def44714-5803-441b-a29a-624a32d6d7bb,2011,GMC,acadia,SL,1,0,0,B,no wheel inventory for bolt/diameter,missing_inventory_wheels,255/50R20|255/55R19|255/65R18,6x132,18|19|20
6a352ccd-3c4d-468c-8a4e-0fa7bbdc2a25,2012,GMC,acadia,SLT,1,0,0,B,no wheel inventory for bolt/diameter,missing_inventory_wheels,255/50R20|255/55R19|255/55R20|255/60R19|255/65R18|265/65R18|275/55R19|285/50R20,6x132,18|19|20
c7901827-36f6-459d-a1a6-5279ab442d48,2012,GMC,acadia,SLE,1,0,0,B,no wheel inventory for bolt/diameter,missing_inventory_wheels,255/50R20|255/55R19|255/55R20|255/60R19|255/65R18|265/65R18|275/55R19|285/50R20,6x132,18|19|20
61a0adb4-b5d6-4fd1-8963-395a5de66a37,2012,GMC,acadia,Denali,1,0,0,B,no wheel inventory for bolt/diameter,missing_inventory_wheels,255/50R20|255/55R19|255/55R20|255/60R19|255/65R18|265/65R18|275/55R19|285/50R20,6x132,18|19|20
f4ef5790-e92d-4553-bba4-9fb47d5f5093,2012,GMC,acadia,SLE,1,0,0,B,no wheel inventory for bolt/diameter,missing_inventory_wheels,255/65R18,6x132,18
abb46e5d-dc28-476c-aa27-0c9797608e36,2012,GMC,acadia,SL,1,0,0,B,no wheel inventory for bolt/diameter,missing_inventory_wheels,255/50R20|255/55R19|255/55R20|255/60R19|255/65R18|265/65R18|275/55R19|285/50R20,6x132,18|19|20
f41fdacd-bcb3-40ce-b643-09375dab83f0,2012,GMC,acadia,SLE,1,0,0,B,no wheel inventory for bolt/diameter,missing_inventory_wheels,255/65R18,6x132,18
ac97539c-e258-4a43-853e-1b3e8742c84b,2013,GMC,acadia,SLT,1,0,0,B,no wheel inventory for bolt/diameter,missing_inventory_wheels,255/50R20|255/55R19|255/65R18,6x132,18|19|20
756dc03b-065b-4450-804e-adf395e00d75,2013,GMC,acadia,SLE,1,0,0,B,no wheel inventory for bolt/diameter,missing_inventory_wheels,255/50R20|255/55R19|255/65R18,6x132,18|19|20
e24f7249-0ee6-4cec-8aa0-5a98c4973511,2013,GMC,acadia,Denali,1,0,0,B,no wheel inventory for bolt/diameter,missing_inventory_wheels,255/50R20|255/55R19|255/65R18,6x132,18|19|20
4dcdf4ca-4237-4683-94f8-149d3996a252,2013,GMC,acadia,SLE,1,0,0,B,no wheel inventory for bolt/diameter,missing_inventory_wheels,255/65R18,6x132,18
99d3aaac-5071-4ae9-b5cb-70ce160733bc,2013,GMC,acadia,SL,1,0,0,B,no wheel inventory for bolt/diameter,missing_inventory_wheels,255/50R20|255/55R19|255/65R18,6x132,18|19|20
0833f71a-6d3e-4a3c-b363-9ec349a8cfeb,2013,GMC,acadia,SLE,1,0,0,B,no wheel inventory for bolt/diameter,missing_inventory_wheels,255/65R18,6x132,18
1e5bf7ce-2079-40e1-bdbf-d7068477553c,2014,GMC,acadia,SLE,1,0,0,B,no wheel inventory for bolt/diameter,missing_inventory_wheels,255/65R18,6x132,18
49b47ba4-a87d-46da-9c38-9efca0cb95f7,2014,GMC,acadia,SLE,1,0,0,B,no wheel inventory for bolt/diameter,missing_inventory_wheels,255/65R18,6x132,18
49ecc27e-ab76-4c0d-868e-8ef918cc5257,2014,GMC,acadia,SL,1,0,0,B,no wheel inventory for bolt/diameter,missing_inventory_wheels,255/50R20|255/55R19|255/55R20|255/60R19|255/65R18|265/65R18|275/55R19|285/50R20,6x132,18|19|20
9144d263-a59b-4f4c-b3c9-52df62b93a4e,2014,GMC,acadia,SLT,1,0,0,B,no wheel inventory for bolt/diameter,missing_inventory_wheels,255/50R20|255/55R19|255/55R20|255/60R19|255/65R18|265/65R18|275/55R19|285/50R20,6x132,18|19|20
46c1665c-ebf8-49b0-a293-6558e4253d97,2014,GMC,acadia,SLE,1,0,0,B,no wheel inventory for bolt/diameter,missing_inventory_wheels,255/50R20|255/55R19|255/55R20|255/60R19|255/65R18|265/65R18|275/55R19|285/50R20,6x132,18|19|20
a771018c-af6a-408f-aaf5-1ad4ca391381,2014,GMC,acadia,Denali,1,0,0,B,no wheel inventory for bolt/diameter,missing_inventory_wheels,255/50R20|255/55R19|255/55R20|255/60R19|255/65R18|265/65R18|275/55R19|285/50R20,6x132,18|19|20
137792e4-ebf4-4a16-8ef5-aa5e6ed1d22d,2015,GMC,acadia,SLE,1,0,0,B,no wheel inventory for bolt/diameter,missing_inventory_wheels,255/50R20|255/55R19|255/55R20|255/60R19|255/65R18|265/65R18|275/55R19|285/50R20,6x132,18|19|20
6b7cee20-bd99-4e92-b307-573b4c155df1,2015,GMC,acadia,Denali,1,0,0,B,no wheel inventory for bolt/diameter,missing_inventory_wheels,255/50R20|255/55R19|255/55R20|255/60R19|255/65R18|265/65R18|275/55R19|285/50R20,6x132,18|19|20
a3a63bc8-fdf7-4045-b5f4-0a098013c559,2015,GMC,acadia,SLT,1,0,0,B,no wheel inventory for bolt/diameter,missing_inventory_wheels,255/50R20|255/55R19|255/55R20|255/60R19|255/65R18|265/65R18|275/55R19|285/50R20,6x132,18|19|20
b4334a94-14c9-4c96-b34a-a78b81ba91cf,2015,GMC,acadia,SLE,1,0,0,B,no wheel inventory for bolt/diameter,missing_inventory_wheels,255/65R18,6x132,18
82ae5745-8a3b-44d1-bd5c-83df4517d836,2015,GMC,acadia,SL,1,0,0,B,no wheel inventory for bolt/diameter,missing_inventory_wheels,255/50R20|255/55R19|255/55R20|255/60R19|255/65R18|265/65R18|275/55R19|285/50R20,6x132,18|19|20
71a13db6-4314-45c5-abd5-583b9230793a,2015,GMC,acadia,SLE,1,0,0,B,no wheel inventory for bolt/diameter,missing_inventory_wheels,255/65R18,6x132,18
889f563e-e4a4-48d0-9ff9-aee2e95e9549,2016,GMC,acadia,SLT,1,0,0,B,no wheel inventory for bolt/diameter,missing_inventory_wheels,255/50R20|255/55R19|255/55R20|255/60R19|255/65R18|265/65R18|275/55R19|285/50R20,6x132,18|19|20
8ac0a1e1-1849-408c-aa34-249cb454e845,2016,GMC,acadia,SLE,1,0,0,B,no wheel inventory for bolt/diameter,missing_inventory_wheels,255/50R20|255/55R19|255/55R20|255/60R19|255/65R18|265/65R18|275/55R19|285/50R20,6x132,18|19|20
5c522ae3-6a6b-4988-8264-635c4aafa42b,2016,GMC,acadia,SLE,1,0,0,B,no wheel inventory for bolt/diameter,missing_inventory_wheels,255/65R18,6x132,18
8af123b6-2b35-4144-83b9-b63dd9fcb145,2016,GMC,acadia,Denali,1,0,0,B,no wheel inventory for bolt/diameter,missing_inventory_wheels,255/50R20|255/55R19|255/55R20|255/60R19|255/65R18|265/65R18|275/55R19|285/50R20,6x132,18|19|20
e7296579-c667-430e-bba9-f3eca310dc3f,2016,GMC,acadia,SL,1,0,0,B,no wheel inventory for bolt/diameter,missing_inventory_wheels,255/50R20|255/55R19|255/55R20|255/60R19|255/65R18|265/65R18|275/55R19|285/50R20,6x132,18|19|20
0feedfb2-b7ee-49f8-a9a6-e91e849177e8,2016,GMC,acadia,SLE,1,0,0,B,no wheel inventory for bolt/diameter,missing_inventory_wheels,255/65R18,6x132,18
51a39e52-b506-477b-980f-1405636b0b8b,2017,GMC,acadia,AT4,1,0,0,B,no wheel inventory for bolt/diameter,missing_inventory_wheels,235/55R20|235/65R18|245/65R17|P235/65R17|P245/60R18|P255/55R20,5x115,17|18|20
f78152eb-8829-47ad-9f0e-113dd9e15d79,2017,GMC,acadia,"SL, SLE, SLT, AT4, Denali",1,0,0,B,no wheel inventory for bolt/diameter,missing_inventory_wheels,235/55R20|235/65R18|245/65R17|P235/65R17|P245/60R18|P255/55R20,5x115,17|18|20
4f082500-3310-486f-a850-52f40a8c3d72,2008,GMC,canyon,Denali,1,1854,0,A,tires+wheels OK but no packages,package_generation_gap,215/70R15|235/75R15|245/65R17,6x139.7,16|17|18
4117dacf-1406-4d05-bd85-69a280427a23,2009,GMC,canyon,Denali,1,1854,0,A,tires+wheels OK but no packages,package_generation_gap,215/70R15|215/70R16|235/50R18|235/75R15|235/75R16|245/65R17|265/70R17,6x139.7,16|17|18
840e4f52-3bc1-4fd3-94f5-9495bfe35898,2010,GMC,canyon,Denali,1,1854,0,A,tires+wheels OK but no packages,package_generation_gap,215/70R15|215/70R16|235/65R17|235/70R16|235/75R15|245/55R18|245/65R17,6x139.7,16|17|18
c8cd5540-9046-4240-a76a-9511681cb90a,2011,GMC,canyon,Denali,1,1854,0,A,tires+wheels OK but no packages,package_generation_gap,215/70R15|215/70R16|235/65R17|235/70R16|235/75R15|245/55R18|245/65R17,6x139.7,16|17|18
5fd098fd-7e04-43a1-b5c5-19131c4d1cfb,2012,GMC,canyon,Denali,1,1854,0,A,tires+wheels OK but no packages,package_generation_gap,215/70R15|215/70R16|235/50R18|235/75R15|235/75R16|245/65R17|265/65R18|265/70R17,6x139.7,16|17|18
c0878f3f-2d4a-4935-887b-e2e8edb9815a,2020,GMC,sierra-1500,AT4,1,0,0,B,no wheel inventory for bolt/diameter,missing_inventory_wheels,255/70R17|265/65R18|265/70R17|275/50R22|275/60R20|275/65R18|LT265/70R17,6x139.7,17|18|20|22
538fbbb4-afce-41bf-97c5-b708ba81fa7a,2021,GMC,sierra-1500,Base,1,0,0,B,no wheel inventory for bolt/diameter,missing_inventory_wheels,255/70R17|265/65R18|265/70R17|275/50R22|275/60R20|275/65R18|LT265/70R17,6x139.7,17|18|20|22
4779bf9c-d0e8-4a16-8868-bd3e1c80fcc0,2021,GMC,sierra-1500,2.7 Turbo,1,0,0,B,no wheel inventory for bolt/diameter,missing_inventory_wheels,255/70R17|265/65R18|265/70R17|275/50R22|275/60R20|275/65R18|LT265/70R17,6x139.7,17|18|20|22
0ff53118-85ec-4f27-928c-8de95f1f2e59,2023,GMC,sierra-1500,2.7 Turbo,1,0,0,B,no wheel inventory for bolt/diameter,missing_inventory_wheels,255/70R17|265/65R18|265/70R17|275/50R22|275/60R20|275/65R18|LT265/70R17,6x139.7,17|18|20|22
b65abff4-33d6-402a-b3f2-f084ee627fcd,2008,GMC,sierra-2500-hd,SLT,1,0,0,B,no wheel inventory for bolt/diameter,missing_inventory_wheels,LT245/75R17|LT265/70R17,8x180,17
86afead6-42b4-45a3-8df2-55162545f8b9,2008,GMC,sierra-2500-hd,Work Truck,1,0,0,B,no wheel inventory for bolt/diameter,missing_inventory_wheels,LT245/75R17,8x180,17
bbe3006e-99d6-4bc8-bc40-7bbadffb39a4,2008,GMC,sierra-2500-hd,Base,1,0,0,B,no wheel inventory for bolt/diameter,missing_inventory_wheels,LT245/75R17|LT265/70R17,8x180,17
39e27dee-dda5-4a29-a231-53e9ef33dadc,2008,GMC,sierra-2500-hd,SLE,1,0,0,B,no wheel inventory for bolt/diameter,missing_inventory_wheels,LT245/75R17|LT265/70R17,8x180,17
4c71218d-8145-49d4-9dfd-20b7572c2abb,2009,GMC,sierra-2500-hd,Base,1,0,0,B,no wheel inventory for bolt/diameter,missing_inventory_wheels,LT245/75R17|LT265/70R17,8x180,17
1b88bf5b-7d3b-4539-84cd-21e240152acc,2010,GMC,sierra-2500-hd,Base,1,0,0,B,no wheel inventory for bolt/diameter,missing_inventory_wheels,LT245/75R17|LT265/70R17,8x180,17
d1c4cb9a-2ab2-4e9f-a906-e9d0b5f36f04,2011,GMC,sierra-2500-hd,Base,1,0,0,B,no wheel inventory for bolt/diameter,missing_inventory_wheels,LT245/75R17|LT265/70R17,8x180,17
6aac1f61-87d9-4f77-94cd-9a55742ab631,2012,GMC,sierra-2500-hd,Base,1,0,0,B,no wheel inventory for bolt/diameter,missing_inventory_wheels,LT245/75R17|LT265/70R17,8x180,17
b01d3921-21d6-40e1-ae00-015c03e5c7ef,2013,GMC,sierra-2500-hd,Base,1,0,0,B,no wheel inventory for bolt/diameter,missing_inventory_wheels,LT245/75R17|LT265/70R17,8x180,17
d18dab85-9cf4-4e30-ba1e-78abb5c8352b,2014,GMC,sierra-2500-hd,Base,1,0,0,B,no wheel inventory for bolt/diameter,missing_inventory_wheels,LT245/75R17|LT265/70R17,8x180,17
599f81f8-442a-4fdd-a3ca-9f8832526aab,2015,GMC,sierra-2500-hd,Base,1,0,0,B,no wheel inventory for bolt/diameter,missing_inventory_wheels,LT265/60R18,8x180,18
e49275fb-21ac-4de2-925e-59ec68f2ba7e,2016,GMC,sierra-2500-hd,Base,1,0,0,B,no wheel inventory for bolt/diameter,missing_inventory_wheels,LT265/60R18,8x180,18
cba208f5-b132-4788-a52d-35c146956214,2017,GMC,sierra-2500-hd,Base,1,0,0,B,no wheel inventory for bolt/diameter,missing_inventory_wheels,LT265/60R18,8x180,18
a27b8edb-d2a9-429c-ab47-d1bdfe792928,2019,GMC,sierra-2500-hd,Base,1,0,0,B,no wheel inventory for bolt/diameter,missing_inventory_wheels,LT265/60R18|LT275/65R18,8x180,18
bae387a6-043e-4079-adf8-fbebf0f931f4,2007,GMC,sierra-2500hd,Denali,1,0,0,B,no wheel inventory for bolt/diameter,missing_inventory_wheels,LT265/70R18|LT275/70R18,8x180,18
61acc64b-4ae5-432c-9b9e-6f081d029196,2007,GMC,sierra-2500hd,WT,1,0,0,B,no wheel inventory for bolt/diameter,missing_inventory_wheels,LT245/70R17,8x180,17
a3733521-c5a2-470c-9de5-12984618b11e,2008,GMC,sierra-2500hd,Denali,1,0,0,B,no wheel inventory for bolt/diameter,missing_inventory_wheels,LT265/70R18|LT275/70R18,8x180,18
da016b93-a382-45f7-8327-8f0bac83012c,2008,GMC,sierra-2500hd,WT,1,0,0,B,no wheel inventory for bolt/diameter,missing_inventory_wheels,LT245/70R17,8x180,17
e4fd1c98-4807-4d6a-a67b-85799b32d442,2009,GMC,sierra-2500hd,WT,1,0,0,B,no wheel inventory for bolt/diameter,missing_inventory_wheels,LT245/70R17,8x180,17
ea76c465-cd78-4a3a-ba37-7ce027997c1f,2009,GMC,sierra-2500hd,Denali,1,0,0,B,no wheel inventory for bolt/diameter,missing_inventory_wheels,LT265/70R18|LT275/70R18,8x180,18
31478931-86e5-4144-8584-de8f841f71ff,2010,GMC,sierra-2500hd,Denali,1,0,0,B,no wheel inventory for bolt/diameter,missing_inventory_wheels,LT265/70R18|LT275/70R18,8x180,18
ec36b44f-2ea4-4302-aa9a-be2fdf633ed9,2010,GMC,sierra-2500hd,WT,1,0,0,B,no wheel inventory for bolt/diameter,missing_inventory_wheels,LT245/70R17,8x180,17
3d72ed21-0269-4166-8a79-8dae32dc9221,2011,GMC,sierra-2500hd,Denali,1,0,0,B,no wheel inventory for bolt/diameter,missing_inventory_wheels,LT245/70R17,8x180,17
28445fa1-9db8-484a-acac-6a8f8b57a5f1,2011,GMC,sierra-2500hd,Base,1,0,0,B,no wheel inventory for bolt/diameter,missing_inventory_wheels,LT245/70R17,8x180,17
7403607d-a8df-4725-9162-f91c55943705,2011,GMC,sierra-2500hd,SLT,1,0,0,B,no wheel inventory for bolt/diameter,missing_inventory_wheels,LT245/70R17,8x180,17
77be2286-d989-45e4-aab7-eda25f47eb17,2011,GMC,sierra-2500hd,SLE,1,0,0,B,no wheel inventory for bolt/diameter,missing_inventory_wheels,LT245/70R17,8x180,17
fcdd1579-7b92-411d-8a4b-e221bace5d11,2011,GMC,sierra-2500hd,WT,1,0,0,B,no wheel inventory for bolt/diameter,missing_inventory_wheels,LT245/70R17,8x180,17
9d3434be-e8a2-4b2a-83c0-4b01fddb94ae,2012,GMC,sierra-2500hd,Base,1,0,0,B,no wheel inventory for bolt/diameter,missing_inventory_wheels,LT245/70R17,8x180,17
d07bb7ab-5104-4789-ab73-310742fc93ad,2012,GMC,sierra-2500hd,WT,1,0,0,B,no wheel inventory for bolt/diameter,missing_inventory_wheels,LT245/70R17,8x180,17
63341f91-a4f0-4e9c-9a14-8ad6a45427c3,2012,GMC,sierra-2500hd,Denali,1,0,0,B,no wheel inventory for bolt/diameter,missing_inventory_wheels,LT245/70R17,8x180,17
6ab3032c-9190-4413-af74-4931add15331,2012,GMC,sierra-2500hd,SLT,1,0,0,B,no wheel inventory for bolt/diameter,missing_inventory_wheels,LT245/70R17,8x180,17
1f018dff-eea1-4d83-84e2-3b5481a34aac,2012,GMC,sierra-2500hd,SLE,1,0,0,B,no wheel inventory for bolt/diameter,missing_inventory_wheels,LT245/70R17,8x180,17
3559c6ec-6a21-45df-b20c-88cac91b1e63,2013,GMC,sierra-2500hd,Denali,1,0,0,B,no wheel inventory for bolt/diameter,missing_inventory_wheels,LT245/70R17,8x180,17
516a38d9-055c-452d-b5fb-398aa8c036e1,2013,GMC,sierra-2500hd,Base,1,0,0,B,no wheel inventory for bolt/diameter,missing_inventory_wheels,LT245/70R17,8x180,17
7b8e3217-9e22-418c-ae1b-7910c3faf5b9,2013,GMC,sierra-2500hd,WT,1,0,0,B,no wheel inventory for bolt/diameter,missing_inventory_wheels,LT245/70R17,8x180,17
f747f800-cd31-4767-86e2-f167e54c39b2,2013,GMC,sierra-2500hd,SLT,1,0,0,B,no wheel inventory for bolt/diameter,missing_inventory_wheels,LT245/70R17,8x180,17
dbeae253-8c13-45e7-96d7-651bf0ed0006,2013,GMC,sierra-2500hd,SLE,1,0,0,B,no wheel inventory for bolt/diameter,missing_inventory_wheels,LT245/70R17,8x180,17
5907a245-f83b-4351-9b76-ddd4531d785c,2014,GMC,sierra-2500hd,Denali,1,0,0,B,no wheel inventory for bolt/diameter,missing_inventory_wheels,LT245/70R17,8x180,17
71bd8faf-f810-48a5-91a7-e242a1074258,2014,GMC,sierra-2500hd,Base,1,0,0,B,no wheel inventory for bolt/diameter,missing_inventory_wheels,LT245/70R17,8x180,17
01545a85-864e-4dbe-a13b-939831e549fb,2014,GMC,sierra-2500hd,SLT,1,0,0,B,no wheel inventory for bolt/diameter,missing_inventory_wheels,LT245/70R17,8x180,17
9c07e417-1b3c-43f2-a8f9-b2fad2fd0515,2014,GMC,sierra-2500hd,WT,1,0,0,B,no wheel inventory for bolt/diameter,missing_inventory_wheels,LT245/70R17,8x180,17
eac84b62-873c-4a47-868c-5c9a2c7cdb6a,2014,GMC,sierra-2500hd,SLE,1,0,0,B,no wheel inventory for bolt/diameter,missing_inventory_wheels,LT245/70R17,8x180,17
d9103284-122f-4a43-ae97-0512a12d994f,2015,GMC,sierra-2500hd,SLE,1,0,0,B,no wheel inventory for bolt/diameter,missing_inventory_wheels,LT265/70R18,8x180,18
9af44f82-d65f-4073-a82b-8833f5dc5968,2015,GMC,sierra-2500hd,All Terrain,1,0,0,B,no wheel inventory for bolt/diameter,missing_inventory_wheels,LT265/70R18|LT275/70R18,8x180,18
8a7ceb33-94cf-4a53-b307-441817c12eea,2015,GMC,sierra-2500hd,SLT,1,0,0,B,no wheel inventory for bolt/diameter,missing_inventory_wheels,LT265/70R18,8x180,18
63e8666e-f602-4137-873d-bc72222c8abb,2015,GMC,sierra-2500hd,Base,1,0,0,B,no wheel inventory for bolt/diameter,missing_inventory_wheels,LT265/70R18,8x180,18
d2eee397-0041-481c-8fc8-beb60e353abf,2015,GMC,sierra-2500hd,Denali,1,0,0,B,no wheel inventory for bolt/diameter,missing_inventory_wheels,LT265/70R18,8x180,18
e67665c9-82e0-4b39-a71a-46602a5f52bc,2016,GMC,sierra-2500hd,All Terrain,1,0,0,B,no wheel inventory for bolt/diameter,missing_inventory_wheels,LT265/70R18|LT275/70R18,8x180,18
a28fe53b-b27a-47f0-9484-15065235d99d,2016,GMC,sierra-2500hd,Denali,1,0,0,B,no wheel inventory for bolt/diameter,missing_inventory_wheels,LT265/70R18,8x180,18
c972c376-023a-4f74-8b90-105c111d6bb3,2016,GMC,sierra-2500hd,Base,1,0,0,B,no wheel inventory for bolt/diameter,missing_inventory_wheels,LT265/70R18,8x180,18
56e33d7c-2798-4639-96b5-48cf53b331e9,2016,GMC,sierra-2500hd,SLE,1,0,0,B,no wheel inventory for bolt/diameter,missing_inventory_wheels,LT265/70R18,8x180,18
df044e5d-16cc-4b05-94e8-b8dec344af01,2016,GMC,sierra-2500hd,SLT,1,0,0,B,no wheel inventory for bolt/diameter,missing_inventory_wheels,LT265/70R18,8x180,18
1bb6a607-bc31-48a9-91dd-2f4971c063c9,2017,GMC,sierra-2500hd,All Terrain,1,0,0,B,no wheel inventory for bolt/diameter,missing_inventory_wheels,LT265/70R18|LT275/70R18,8x180,18
26b7e81e-b891-4ffe-86de-d245b68a8daa,2017,GMC,sierra-2500hd,Base,1,0,0,B,no wheel inventory for bolt/diameter,missing_inventory_wheels,LT265/70R18,8x180,18
59ee6391-16c3-453c-8d19-3de6be74ff8a,2017,GMC,sierra-2500hd,SLT,1,0,0,B,no wheel inventory for bolt/diameter,missing_inventory_wheels,LT265/70R18,8x180,18
a63515a1-8271-4045-8a54-e7ef96954409,2017,GMC,sierra-2500hd,SLE,1,0,0,B,no wheel inventory for bolt/diameter,missing_inventory_wheels,LT265/70R18,8x180,18
692fe895-522b-4d55-a5b7-ad5079dc9ea4,2017,GMC,sierra-2500hd,Denali,1,0,0,B,no wheel inventory for bolt/diameter,missing_inventory_wheels,LT265/70R18,8x180,18
1463a20d-3b64-470c-80aa-fb6a09e2bcf1,2019,GMC,sierra-2500hd,All Terrain,1,0,0,B,no wheel inventory for bolt/diameter,missing_inventory_wheels,LT265/70R18|LT275/70R18,8x180,18
dc016970-7300-4ff3-875a-d0f63a4d2fa7,2019,GMC,sierra-2500hd,SLE,1,0,0,B,no wheel inventory for bolt/diameter,missing_inventory_wheels,LT265/70R18,8x180,18
8c999125-eb24-4dea-aee4-f8405231bda4,2019,GMC,sierra-2500hd,SLT,1,0,0,B,no wheel inventory for bolt/diameter,missing_inventory_wheels,LT265/70R18,8x180,18
aab98482-abff-4911-8714-1166319d6ab8,2019,GMC,sierra-2500hd,Denali,1,0,0,B,no wheel inventory for bolt/diameter,missing_inventory_wheels,LT265/70R18,8x180,18
274d4635-c3aa-4e57-bc4c-fd3711e40504,2019,GMC,sierra-2500hd,Base,1,0,0,B,no wheel inventory for bolt/diameter,missing_inventory_wheels,LT265/70R18,8x180,18
5adea1d7-6c61-4c97-bdad-e8d45d478ef3,2020,GMC,sierra-2500hd,Pro,1,0,0,B,no wheel inventory for bolt/diameter,missing_inventory_wheels,LT245/70R17,8x180,17
0edfba4f-dae2-4790-8579-4ca515bdec81,2021,GMC,sierra-2500hd,Pro,1,0,0,B,no wheel inventory for bolt/diameter,missing_inventory_wheels,LT245/70R17,8x180,17
aedd80f7-e6ee-4a17-b335-0ee002c797e9,2007,GMC,sierra-3500-hd,Base,1,0,0,B,no wheel inventory for bolt/diameter,missing_inventory_wheels,LT265/70R17,8x165.1,17|18
df72806e-86b1-49c1-9158-c5df22e5642e,2008,GMC,sierra-3500-hd,Base,1,0,0,B,no wheel inventory for bolt/diameter,missing_inventory_wheels,LT245/75R17|LT265/60R18|LT265/70R17,8x165.1,17|18
8b768f81-4825-48e6-95ea-1103edb4774a,2008,GMC,sierra-3500-hd,SLE,1,0,0,B,no wheel inventory for bolt/diameter,missing_inventory_wheels,LT245/75R17|LT265/60R18|LT265/70R17,8x165.1,17|18
9d1501da-9244-4bd2-b3ea-5c07766fccc4,2008,GMC,sierra-3500-hd,SLT,1,0,0,B,no wheel inventory for bolt/diameter,missing_inventory_wheels,LT245/75R17|LT265/60R18|LT265/70R17,8x165.1,17|18
7e06e8e7-94dd-41a1-9a9d-d9f9e89172a1,2009,GMC,sierra-3500-hd,Base,1,0,0,B,no wheel inventory for bolt/diameter,missing_inventory_wheels,LT245/75R17|LT265/60R18|LT265/70R17,8x165.1,17|18
e37e0dda-0256-426e-a163-050a99e6b5d1,2010,GMC,sierra-3500-hd,Base,1,0,0,B,no wheel inventory for bolt/diameter,missing_inventory_wheels,LT245/75R17|LT265/60R18|LT265/70R17,8x165.1,17|18
e77425bd-ce46-42a7-bd01-7ff7468eab3c,2007,GMC,sierra-3500hd,Base,1,0,0,B,no wheel inventory for bolt/diameter,missing_inventory_wheels,LT245/70R17|LT265/65R18|LT265/70R17,8x165.1,17|18
37e6afd9-affb-4dfe-b1ca-ee7b48741aeb,2007,GMC,sierra-3500hd,SLT,1,0,0,B,no wheel inventory for bolt/diameter,missing_inventory_wheels,LT245/70R17|LT265/65R18|LT265/70R17,8x165.1,17|18
c09f168f-2fc6-4ef2-ba99-d103b189c1cf,2007,GMC,sierra-3500hd,SLE,1,0,0,B,no wheel inventory for bolt/diameter,missing_inventory_wheels,LT245/70R17|LT265/65R18|LT265/70R17,8x165.1,17|18
127d8424-e36c-40d1-aab0-508f4b9f5dc6,2008,GMC,sierra-3500hd,Base,1,0,0,B,no wheel inventory for bolt/diameter,missing_inventory_wheels,LT245/70R17|LT265/65R18|LT265/70R17,8x165.1,17|18
dce4ee9b-831a-497d-a84b-66ae0f01dc41,2008,GMC,sierra-3500hd,SLT,1,0,0,B,no wheel inventory for bolt/diameter,missing_inventory_wheels,LT245/70R17|LT265/65R18|LT265/70R17,8x165.1,17|18
8a2ca848-d13a-48ea-b65d-c800a33e659c,2008,GMC,sierra-3500hd,SLE,1,0,0,B,no wheel inventory for bolt/diameter,missing_inventory_wheels,LT245/70R17|LT265/65R18|LT265/70R17,8x165.1,17|18
dd8da19c-cdae-4b2a-8753-a216cb389b8c,2009,GMC,sierra-3500hd,SLE,1,0,0,B,no wheel inventory for bolt/diameter,missing_inventory_wheels,LT245/70R17|LT265/65R18|LT265/70R17,8x165.1,17|18
2a7c42bd-933d-42cc-b3af-e11596aadd1e,2009,GMC,sierra-3500hd,SLT,1,0,0,B,no wheel inventory for bolt/diameter,missing_inventory_wheels,LT245/70R17|LT265/65R18|LT265/70R17,8x165.1,17|18
43e9f9cd-96aa-446d-9c39-6a0f38de83f2,2009,GMC,sierra-3500hd,Base,1,0,0,B,no wheel inventory for bolt/diameter,missing_inventory_wheels,LT245/70R17|LT265/65R18|LT265/70R17,8x165.1,17|18
b20bc26f-cb42-4321-93e2-f25ce35ec3a9,2010,GMC,sierra-3500hd,Base,1,0,0,B,no wheel inventory for bolt/diameter,missing_inventory_wheels,LT245/70R17|LT265/65R18|LT265/70R17,8x165.1,17|18
a5efb554-4389-4961-842b-37078cf467e0,2010,GMC,sierra-3500hd,SLT,1,0,0,B,no wheel inventory for bolt/diameter,missing_inventory_wheels,LT245/70R17|LT265/65R18|LT265/70R17,8x165.1,17|18
38c5b858-334b-47ba-b78b-aed7f77177bb,2010,GMC,sierra-3500hd,SLE,1,0,0,B,no wheel inventory for bolt/diameter,missing_inventory_wheels,LT245/70R17|LT265/65R18|LT265/70R17,8x165.1,17|18
0684cbcb-32b0-4e5b-b994-c1ae1682810b,2010,GMC,terrain,SLT,1,0,0,B,no wheel inventory for bolt/diameter,missing_inventory_wheels,225/60R18|225/65R17|235/55R19,5x120,17|18|19
b9a3ef56-3c93-4a46-a6ac-b6a99a9abe14,2010,GMC,terrain,Denali,1,0,0,B,no wheel inventory for bolt/diameter,missing_inventory_wheels,225/60R18|225/65R17|235/55R19,5x120,17|18|19
1eef18a6-b298-4ff7-ac90-8a7b1d8260e2,2010,GMC,terrain,SLE,1,0,0,B,no wheel inventory for bolt/diameter,missing_inventory_wheels,225/60R18|225/65R17|235/55R19,5x120,17|18|19
de8a9aa2-2af5-435a-b4aa-7e6c51a351a1,2010,GMC,terrain,SL,1,0,0,B,no wheel inventory for bolt/diameter,missing_inventory_wheels,225/60R18|225/65R17|235/55R19,5x120,17|18|19
35e1199f-4ac1-4dc0-b17f-8b233d78cf37,2011,GMC,terrain,SLT,1,0,0,B,no wheel inventory for bolt/diameter,missing_inventory_wheels,225/60R18|225/65R17|235/55R19,5x120,17|18|19
7992def6-1d07-4447-bb94-9e9123844003,2011,GMC,terrain,Denali,1,0,0,B,no wheel inventory for bolt/diameter,missing_inventory_wheels,225/60R18|225/65R17|235/55R19,5x120,17|18|19
cb6e85ba-fd6c-4e2e-b6f9-9d1002f25292,2011,GMC,terrain,SL,1,0,0,B,no wheel inventory for bolt/diameter,missing_inventory_wheels,225/60R18|225/65R17|235/55R19,5x120,17|18|19
ad07a61e-6682-48be-8c89-5743bd5c9dca,2011,GMC,terrain,SLE,1,0,0,B,no wheel inventory for bolt/diameter,missing_inventory_wheels,225/60R18|225/65R17|235/55R19,5x120,17|18|19
09b7643d-7ca4-4562-8e51-42f07ff716a9,2012,GMC,terrain,SLT,1,0,0,B,no wheel inventory for bolt/diameter,missing_inventory_wheels,225/60R18|225/65R17|235/55R18|235/55R19|235/60R17,5x120,17|18|19
87088179-1013-4ef4-b2c6-d7855f2bfd60,2012,GMC,terrain,Denali,1,0,0,B,no wheel inventory for bolt/diameter,missing_inventory_wheels,225/60R18|225/65R17|235/55R18|235/55R19|235/60R17,5x120,17|18|19
4a318e66-4f4f-444b-9261-db967e93d995,2012,GMC,terrain,SLE,1,0,0,B,no wheel inventory for bolt/diameter,missing_inventory_wheels,225/60R18|225/65R17|235/55R18|235/55R19|235/60R17,5x120,17|18|19
9acf84bb-7d73-4c80-8474-dc719def5408,2012,GMC,terrain,SL,1,0,0,B,no wheel inventory for bolt/diameter,missing_inventory_wheels,225/60R18|225/65R17|235/55R18|235/55R19|235/60R17,5x120,17|18|19
2752c819-32a0-428c-a4f8-91c787ac038e,2013,GMC,terrain,Denali,1,0,0,B,no wheel inventory for bolt/diameter,missing_inventory_wheels,225/60R18|225/65R17|235/55R19,5x120,17|18|19
7bf77bb5-1c1f-4193-95bd-3a30fd671fc0,2013,GMC,terrain,SL,1,0,0,B,no wheel inventory for bolt/diameter,missing_inventory_wheels,225/60R18|225/65R17|235/55R19,5x120,17|18|19
4646884c-b3b8-4a3a-9d64-98fede3f8d45,2013,GMC,terrain,SLE,1,0,0,B,no wheel inventory for bolt/diameter,missing_inventory_wheels,225/60R18|225/65R17|235/55R19,5x120,17|18|19
81f760e3-5cc9-4498-8c70-dae971a7d49c,2013,GMC,terrain,SLT,1,0,0,B,no wheel inventory for bolt/diameter,missing_inventory_wheels,225/60R18|225/65R17|235/55R19,5x120,17|18|19
8f506b98-38b9-4eda-9904-bc660fce5489,2014,GMC,terrain,SLE,1,0,0,B,no wheel inventory for bolt/diameter,missing_inventory_wheels,225/60R18|225/65R17|235/55R19,5x120,17|18|19
b69326e8-1d28-494f-98b0-1a52d2539acd,2014,GMC,terrain,SL,1,0,0,B,no wheel inventory for bolt/diameter,missing_inventory_wheels,225/60R18|225/65R17|235/55R19,5x120,17|18|19
7350e1ca-09b1-4587-9d24-2c6fa0fc8e58,2014,GMC,terrain,SLT,1,0,0,B,no wheel inventory for bolt/diameter,missing_inventory_wheels,225/60R18|225/65R17|235/55R19,5x120,17|18|19
cc603aaf-bec6-42ed-9a1e-1701608479a9,2014,GMC,terrain,Denali,1,0,0,B,no wheel inventory for bolt/diameter,missing_inventory_wheels,225/60R18|225/65R17|235/55R19,5x120,17|18|19
8bb6ede7-1f3c-4e56-a0c3-b3dc3acc6aa0,2015,GMC,terrain,SLE,1,0,0,B,no wheel inventory for bolt/diameter,missing_inventory_wheels,225/60R18|225/65R17|235/55R19,5x120,17|18|19
e5c97492-fc8b-4b77-af73-01e7c1813fc9,2015,GMC,terrain,Denali,1,0,0,B,no wheel inventory for bolt/diameter,missing_inventory_wheels,225/60R18|225/65R17|235/55R19,5x120,17|18|19
c3abe3d0-0db2-465e-9db0-5ceb6f22dce1,2015,GMC,terrain,SLT,1,0,0,B,no wheel inventory for bolt/diameter,missing_inventory_wheels,225/60R18|225/65R17|235/55R19,5x120,17|18|19
f8766100-4021-4daa-807e-c3d6a1e53d69,2015,GMC,terrain,SL,1,0,0,B,no wheel inventory for bolt/diameter,missing_inventory_wheels,225/60R18|225/65R17|235/55R19,5x120,17|18|19
5a23c69b-eb20-47e2-b261-1c6f5eb69fed,2016,GMC,terrain,SL,1,0,0,B,no wheel inventory for bolt/diameter,missing_inventory_wheels,225/60R18|225/65R17|235/55R19,5x120,17|18|19
3c5865bc-70cc-4eb8-a200-69ad552a5c5b,2016,GMC,terrain,Denali,1,0,0,B,no wheel inventory for bolt/diameter,missing_inventory_wheels,225/60R18|225/65R17|235/55R19,5x120,17|18|19
e56f40d5-6f7c-437f-beef-b221ea1f9831,2016,GMC,terrain,SLE,1,0,0,B,no wheel inventory for bolt/diameter,missing_inventory_wheels,225/60R18|225/65R17|235/55R19,5x120,17|18|19
02b2ee76-3305-4d35-ab7e-d77be6d10571,2016,GMC,terrain,SLT,1,0,0,B,no wheel inventory for bolt/diameter,missing_inventory_wheels,225/60R18|225/65R17|235/55R19,5x120,17|18|19
28a4b6de-cb82-4331-95ae-8c812ce95a29,2017,GMC,terrain,Denali,1,0,0,B,no wheel inventory for bolt/diameter,missing_inventory_wheels,225/60R18|225/65R17|235/55R19,5x120,17|18|19
5886bd49-e9c3-4b2d-b4fa-c414aa705754,2017,GMC,terrain,SL,1,0,0,B,no wheel inventory for bolt/diameter,missing_inventory_wheels,225/60R18|225/65R17|235/55R19,5x120,17|18|19
0273d72a-2a7c-4ea3-8ef6-fcca64cd4214,2017,GMC,terrain,SLT,1,0,0,B,no wheel inventory for bolt/diameter,missing_inventory_wheels,225/60R18|225/65R17|235/55R19,5x120,17|18|19
72d9264d-5c8c-4101-a049-04d1e71d31a1,2017,GMC,terrain,SLE,1,0,0,B,no wheel inventory for bolt/diameter,missing_inventory_wheels,225/60R18|225/65R17|235/55R19,5x120,17|18|19
d8bd7e53-2e7c-4ad3-b4c9-b3f367d42145,2018,Genesis,G80,Sport 3.3T,1,0,0,B,no wheel inventory for bolt/diameter,missing_inventory_wheels,245/40R19|275/35R19,5x114.3,19
7a588cbb-95bb-44c3-bdf6-036115b5d471,2018,Genesis,G80,5.0,1,0,0,B,no wheel inventory for bolt/diameter,missing_inventory_wheels,245/40R19|275/35R19,5x114.3,19
803d56eb-34e3-4314-be94-4b5eebf3fd3b,2018,Genesis,G90,Ultimate,1,0,0,B,no wheel inventory for bolt/diameter,missing_inventory_wheels,245/45R19|275/40R19,5x114.3,19
75e2c822-0dd9-4c8f-a5e6-867d1732b5d1,2018,Genesis,G90,Premium,1,0,0,B,no wheel inventory for bolt/diameter,missing_inventory_wheels,245/45R19|275/40R19,5x114.3,19
3b583f63-564d-4cf5-91f2-fd71ede38acb,2023,Genesis,g90,"3.3T, 5.0, Ultimate",1,836,0,A,tires+wheels OK but no packages,package_generation_gap,245/40ZR21|245/45R19|245/45R20|245/50R19|265/35R21|265/40R20|275/35ZR21|275/40R20|295/30R21|295/35R20,5x114.3,19|20|21
2b6591ac-8ab1-4c48-b230-7a7847664f01,2023,Genesis,g90,Ultimate,1,836,0,A,tires+wheels OK but no packages,package_generation_gap,245/40ZR21|245/45R19|245/45R20|245/50R19|265/35R21|265/40R20|275/35ZR21|275/40R20|295/30R21|295/35R20,5x114.3,19|20|21
d902e575-7429-4de2-8dea-71b6ea1dfa21,2023,Genesis,g90,5.0,1,836,0,A,tires+wheels OK but no packages,package_generation_gap,245/40ZR21|245/45R19|245/45R20|245/50R19|265/35R21|265/40R20|275/35ZR21|275/40R20|295/30R21|295/35R20,5x114.3,19|20|21
1518cf09-efe0-4ab3-8cd2-5618dd0b2709,2023,Genesis,g90,3.3T,1,836,0,A,tires+wheels OK but no packages,package_generation_gap,245/40ZR21|245/45R19|245/45R20|245/50R19|265/35R21|265/40R20|275/35ZR21|275/40R20|295/30R21|295/35R20,5x114.3,19|20|21
246de8f8-27e5-464d-a311-a434c46b0f71,2024,Genesis,g90,Ultimate,1,836,0,A,tires+wheels OK but no packages,package_generation_gap,245/40R21|245/45R19|245/45R20|265/35R21|265/40R20|275/35R21|275/40R20|295/30R21|295/35R20,5x114.3,19|20|21
54dc8a01-acb7-47e4-bda1-0d3ce272be4c,2024,Genesis,g90,"3.3T, 5.0, Ultimate",1,836,0,A,tires+wheels OK but no packages,package_generation_gap,245/40R21|245/45R19|245/45R20|265/35R21|265/40R20|275/35R21|275/40R20|295/30R21|295/35R20,5x114.3,19|20|21
b974912c-f925-44bd-aba9-1868b797c565,2024,Genesis,g90,5.0,1,836,0,A,tires+wheels OK but no packages,package_generation_gap,245/40R21|245/45R19|245/45R20|265/35R21|265/40R20|275/35R21|275/40R20|295/30R21|295/35R20,5x114.3,19|20|21
da81c7a3-f154-4035-96b8-9e3cc605d78c,2024,Genesis,g90,3.3T,1,836,0,A,tires+wheels OK but no packages,package_generation_gap,245/40R21|245/45R19|245/45R20|265/35R21|265/40R20|275/35R21|275/40R20|295/30R21|295/35R20,5x114.3,19|20|21
4b6226a9-fd4f-4487-be62-a9b8fc9757a5,2025,Genesis,g90,5.0,1,836,0,A,tires+wheels OK but no packages,package_generation_gap,245/40R21|245/45R19|245/45R20|265/35R21|265/40R20|275/35R21|275/40R20|295/30R21|295/35R20,5x114.3,19|20|21
cdb4a889-ba7c-4735-ac44-117cd37f7fe5,2025,Genesis,g90,"3.3T, 5.0, Ultimate",1,836,0,A,tires+wheels OK but no packages,package_generation_gap,245/40R21|245/45R19|245/45R20|265/35R21|265/40R20|275/35R21|275/40R20|295/30R21|295/35R20,5x114.3,19|20|21
3c6f0939-01a6-44d3-8802-3baa3342f992,2025,Genesis,g90,Ultimate,1,836,0,A,tires+wheels OK but no packages,package_generation_gap,245/40R21|245/45R19|245/45R20|265/35R21|265/40R20|275/35R21|275/40R20|295/30R21|295/35R20,5x114.3,19|20|21
e46fe921-72bc-4a63-8977-f58be120a8b5,2025,Genesis,g90,3.3T,1,836,0,A,tires+wheels OK but no packages,package_generation_gap,245/40R21|245/45R19|245/45R20|265/35R21|265/40R20|275/35R21|275/40R20|295/30R21|295/35R20,5x114.3,19|20|21
efdccb4a-c634-4bc0-b610-3a7fe3ed4803,2026,Genesis,g90,5.0,1,836,0,A,tires+wheels OK but no packages,package_generation_gap,245/40R21|245/45R19|245/45R20|265/35R21|265/40R20|275/35R21|275/40R20|295/30R21|295/35R20,5x114.3,19|20|21
ec33c128-92bf-47c8-83ab-499065024705,2026,Genesis,g90,3.3T,1,836,0,A,tires+wheels OK but no packages,package_generation_gap,245/40R21|245/45R19|245/45R20|265/35R21|265/40R20|275/35R21|275/40R20|295/30R21|295/35R20,5x114.3,19|20|21
5da40044-01a8-40e3-b27f-b5f73e36d2ae,2026,Genesis,g90,Ultimate,1,836,0,A,tires+wheels OK but no packages,package_generation_gap,245/40R21|245/45R19|245/45R20|265/35R21|265/40R20|275/35R21|275/40R20|295/30R21|295/35R20,5x114.3,19|20|21
53270091-374d-4d98-9a83-bdca5e59f29c,2026,Genesis,g90,"3.3T, 5.0, Ultimate",1,836,0,A,tires+wheels OK but no packages,package_generation_gap,245/40R21|245/45R19|245/45R20|265/35R21|265/40R20|275/35R21|275/40R20|295/30R21|295/35R20,5x114.3,19|20|21
b3b8e30f-ffbf-4895-b0fc-b35954c537d4,2023,Genesis,gv70,3.5T,1,836,0,A,tires+wheels OK but no packages,package_generation_gap,235/55R19|255/40R21|255/45R20,5x114.3,19|20|21
6ddf51db-b6af-4b3d-93b6-900badd8542a,2023,Genesis,gv70,Electrified,1,836,0,A,tires+wheels OK but no packages,package_generation_gap,235/55R19|255/40R21|255/45R20,5x114.3,19|20|21
ade3ced9-b9ee-449c-9fa9-1c8d0f865f7d,2023,Genesis,gv70,Sport Prestige,1,836,0,A,tires+wheels OK but no packages,package_generation_gap,235/55R19|255/40R21|255/45R20,5x114.3,19|20|21
c6eac9a6-da0b-4c55-848e-9497c3d5e8f4,2023,Genesis,gv70,"2.5T, 3.5T, Sport Prestige, Electrified",1,836,0,A,tires+wheels OK but no packages,package_generation_gap,235/55R19|255/40R21|255/45R20,5x114.3,19|20|21
d5257da8-626c-460a-a2b0-e9debc748adb,2023,Genesis,gv70,2.5T,1,836,0,A,tires+wheels OK but no packages,package_generation_gap,235/55R19|255/40R21|255/45R20,5x114.3,19|20|21
f763729d-d910-48cb-9106-205a5c788574,2024,Genesis,gv70,Sport Prestige,1,836,0,A,tires+wheels OK but no packages,package_generation_gap,235/55R19|255/40R21|255/45R20,5x114.3,19|20|21
989ea7fd-bcd5-4be0-83d4-7c046d88c635,2024,Genesis,gv70,"2.5T, 3.5T, Sport Prestige, Electrified",1,836,0,A,tires+wheels OK but no packages,package_generation_gap,235/55R19|255/40R21|255/45R20,5x114.3,19|20|21
952892d9-a2ea-435b-9370-9efbc12df89c,2024,Genesis,gv70,2.5T,1,836,0,A,tires+wheels OK but no packages,package_generation_gap,235/55R19|255/40R21|255/45R20,5x114.3,19|20|21
c45d234e-6c00-480a-86c5-29035d409700,2024,Genesis,gv70,Electrified,1,836,0,A,tires+wheels OK but no packages,package_generation_gap,235/55R19|255/40R21|255/45R20,5x114.3,19|20|21
78b7e8c0-e671-4ff6-aea0-a0742fea5e47,2024,Genesis,gv70,3.5T,1,836,0,A,tires+wheels OK but no packages,package_generation_gap,235/55R19|255/40R21|255/45R20,5x114.3,19|20|21
5a60a464-7527-4ce8-8e0d-3129500cc242,2026,Genesis,gv70,"2.5T, 3.5T, Sport Prestige, Electrified",1,836,0,A,tires+wheels OK but no packages,package_generation_gap,235/55R19|255/40R21|255/45R20,5x114.3,19|20|21
2070cf46-e6b2-4536-bc3c-c14d3fe7b168,2026,Genesis,gv70,Sport Prestige,1,836,0,A,tires+wheels OK but no packages,package_generation_gap,235/55R19|255/40R21|255/45R20,5x114.3,19|20|21
44fcb165-bd22-4ea6-92a0-7f2846183902,2026,Genesis,gv70,3.5T,1,836,0,A,tires+wheels OK but no packages,package_generation_gap,235/55R19|255/40R21|255/45R20,5x114.3,19|20|21
73547a4f-c81a-4066-8e6e-0571c6103df6,2026,Genesis,gv70,Electrified,1,836,0,A,tires+wheels OK but no packages,package_generation_gap,235/55R19|255/40R21|255/45R20,5x114.3,19|20|21
530850f8-eef3-4876-938c-90bebeafadbd,2026,Genesis,gv70,2.5T,1,836,0,A,tires+wheels OK but no packages,package_generation_gap,235/55R19|255/40R21|255/45R20,5x114.3,19|20|21
e1c39236-f5de-4c56-a7d4-ceb7a4fd3df0,2020,Honda,Accord,Hybrid Touring,1,0,0,B,no wheel inventory for bolt/diameter,missing_inventory_wheels,235/40R19,5x114.3,19
ea15e0f5-69a2-40c6-b5e6-1b6d9e2527d8,2021,Honda,Accord,Sport Special Edition,1,0,0,B,no wheel inventory for bolt/diameter,missing_inventory_wheels,235/40R19,5x114.3,19
8ee3b634-5380-4870-8fbf-b61a11abc6de,2022,Honda,Accord,Sport Special Edition,1,0,0,B,no wheel inventory for bolt/diameter,missing_inventory_wheels,235/40R19,5x114.3,19
c877be79-4f57-4947-86a2-d67929e396d5,2022,Honda,Accord,Hybrid Sport,1,0,0,B,no wheel inventory for bolt/diameter,missing_inventory_wheels,235/40R19,5x114.3,19
1490fc91-a767-418e-878a-e412eeb5df15,2023,Honda,Accord,Sport-L Hybrid,1,0,0,B,no wheel inventory for bolt/diameter,missing_inventory_wheels,235/40R19,5x114.3,19
a0241fd3-44ae-4965-aaae-d32146f8103b,2023,Honda,Accord,Sport Hybrid,1,0,0,B,no wheel inventory for bolt/diameter,missing_inventory_wheels,235/40R19,5x114.3,19
4f564e5f-4540-4df8-8618-93ae0bd50763,2023,Honda,Accord,Touring Hybrid,1,0,0,B,no wheel inventory for bolt/diameter,missing_inventory_wheels,235/40R19,5x114.3,19
6dd53510-0542-4b62-9508-9391b1bec948,2024,Honda,Accord,Sport-L Hybrid,1,0,0,B,no wheel inventory for bolt/diameter,missing_inventory_wheels,235/40R19,5x114.3,19
6c2aad88-313e-44e7-b48a-29a32bd90c16,2024,Honda,Accord,Touring Hybrid,1,0,0,B,no wheel inventory for bolt/diameter,missing_inventory_wheels,235/40R19,5x114.3,19
f9de7512-e5e3-4697-ace5-f6abe31331cc,2024,Honda,Accord,Sport Hybrid,1,0,0,B,no wheel inventory for bolt/diameter,missing_inventory_wheels,235/40R19,5x114.3,19
ed201325-e44f-4424-91be-a493c2c01739,2025,Honda,Accord,Touring Hybrid,1,0,0,B,no wheel inventory for bolt/diameter,missing_inventory_wheels,235/40R19,5x114.3,19
efa0c697-2af9-44e5-8f03-84b93853b775,2025,Honda,Accord,Sport-L Hybrid,1,0,0,B,no wheel inventory for bolt/diameter,missing_inventory_wheels,235/40R19,5x114.3,19
017ef686-2b99-48ba-ad59-68440c765d03,2025,Honda,Accord,Sport Hybrid,1,0,0,B,no wheel inventory for bolt/diameter,missing_inventory_wheels,235/40R19,5x114.3,19
ef8bb2c4-1424-46b8-b81f-9846024e904d,2026,Honda,Accord,Sport-L Hybrid,1,0,0,B,no wheel inventory for bolt/diameter,missing_inventory_wheels,235/40R19,5x114.3,19
54d38101-94fe-4f1b-bf26-0f1302c86228,2026,Honda,Accord,Touring Hybrid,1,0,0,B,no wheel inventory for bolt/diameter,missing_inventory_wheels,235/40R19,5x114.3,19
cd66552d-c3c8-4b20-9d88-f2ec9c4defd1,2026,Honda,Accord,Sport Hybrid,1,0,0,B,no wheel inventory for bolt/diameter,missing_inventory_wheels,235/40R19,5x114.3,19
5332313f-0de1-4b19-a204-e1edb83502e1,2022,Honda,Civic,Type R,1,0,0,B,no wheel inventory for bolt/diameter,missing_inventory_wheels,265/30R19,5x114.3,19
e1cf4816-a39d-4cbc-8199-8f4d7a5c0fb6,2023,Honda,Civic,Type R,1,0,0,B,no wheel inventory for bolt/diameter,missing_inventory_wheels,265/30R19,5x114.3,19
e7ea8218-d6c6-4c9c-9127-9995f54da941,2024,Honda,Civic,Type R,1,0,0,B,no wheel inventory for bolt/diameter,missing_inventory_wheels,265/30R19,5x114.3,19
e1e8f43a-294b-43f9-8452-990d35231c50,2025,Honda,Civic,Type R,1,0,0,B,no wheel inventory for bolt/diameter,missing_inventory_wheels,265/30R19,5x114.3,19
b7d27397-6ee3-48a4-a39c-56c299e6e79c,2026,Honda,Civic,Type R,1,0,0,B,no wheel inventory for bolt/diameter,missing_inventory_wheels,265/30R19,5x114.3,19
a2ec3253-3d52-4da3-9c79-8d7c98c47804,2005,Honda,accord,Touring,1,0,0,B,no wheel inventory for bolt/diameter,missing_inventory_wheels,195/65R15|205/60R16|205/65R15|215/45ZR18|215/50R17|215/60R16,5x114.3,15|16|17|18
7c4aec8f-f74f-4ecc-8086-8144ab7f59ef,2005,Honda,accord,Sport,1,0,0,B,no wheel inventory for bolt/diameter,missing_inventory_wheels,195/65R15|205/60R16|205/65R15|215/45ZR18|215/50R17|215/60R16,5x114.3,15|16|17|18
b0ba1e27-29a6-4b30-9da1-bcf316d5a502,2019,Honda,accord,Touring,1,0,0,B,no wheel inventory for bolt/diameter,missing_inventory_wheels,235/40R19,5x114.3,19
f7e79c29-4897-4ddb-817d-6ca82308a99b,2019,Honda,accord,Sport,1,0,0,B,no wheel inventory for bolt/diameter,missing_inventory_wheels,235/40R19,5x114.3,19
e4920357-b0d9-4ad9-aa29-92400bbcf055,2020,Honda,accord,Touring,1,0,0,B,no wheel inventory for bolt/diameter,missing_inventory_wheels,235/40R19,5x114.3,19
8f5db0d4-97ba-44d5-8c4f-204b35c0f08e,2020,Honda,accord,Sport,1,0,0,B,no wheel inventory for bolt/diameter,missing_inventory_wheels,235/40R19,5x114.3,19
8264dd28-5a0c-4f7c-847c-776256b1c89e,2021,Honda,accord,Sport,1,0,0,B,no wheel inventory for bolt/diameter,missing_inventory_wheels,235/40R19,5x114.3,19
756b7a4b-814d-4788-a530-f2bc4e2a1eb3,2021,Honda,accord,Touring,1,0,0,B,no wheel inventory for bolt/diameter,missing_inventory_wheels,235/40R19,5x114.3,19
a95079b2-660d-418d-93ca-ad48f3a949ee,2022,Honda,accord,Sport,1,0,0,B,no wheel inventory for bolt/diameter,missing_inventory_wheels,235/40R19,5x114.3,19
57be65fb-9dbc-42fc-8a78-169f1017bb34,2022,Honda,accord,Touring,1,0,0,B,no wheel inventory for bolt/diameter,missing_inventory_wheels,235/40R19,5x114.3,19
3020ef1f-651a-4294-8770-d22e9940547e,2023,Honda,accord,Touring,1,0,0,B,no wheel inventory for bolt/diameter,missing_inventory_wheels,235/40R19,5x114.3,19
600d8565-b3cf-43c8-8958-0a51dce677df,2023,Honda,accord,Sport,1,0,0,B,no wheel inventory for bolt/diameter,missing_inventory_wheels,235/40R19,5x114.3,19
2a95974d-6efc-4c98-8996-5a757124bc3b,2024,Honda,accord,Touring,1,0,0,B,no wheel inventory for bolt/diameter,missing_inventory_wheels,235/40R19,5x114.3,19
63e0fab2-7be1-45bb-ad4f-6fea89cd50a3,2024,Honda,accord,Sport,1,0,0,B,no wheel inventory for bolt/diameter,missing_inventory_wheels,235/40R19,5x114.3,19
edb13878-29c5-433a-a315-ccc7f886c147,2025,Honda,accord,Touring,1,0,0,B,no wheel inventory for bolt/diameter,missing_inventory_wheels,235/40R19,5x114.3,19
848e1cce-58f9-478c-802f-e2e5e3df6035,2025,Honda,accord,Sport,1,0,0,B,no wheel inventory for bolt/diameter,missing_inventory_wheels,235/40R19,5x114.3,19
d0a0c05a-fed7-455b-964b-276377f06a35,2026,Honda,accord,Sport,1,0,0,B,no wheel inventory for bolt/diameter,missing_inventory_wheels,235/40R19,5x114.3,19
3630a8ed-695c-4eb9-b9b8-63cb4a72246a,2026,Honda,accord,Touring,1,0,0,B,no wheel inventory for bolt/diameter,missing_inventory_wheels,235/40R19,5x114.3,19
19fb5284-4829-4231-bcf6-867fc4e109a4,2013,Honda,civic,Sport,1,0,0,B,no wheel inventory for bolt/diameter,missing_inventory_wheels,195/65R15|205/50R17|205/55R16|215/45R17|225/40R18,5x114.3,15|16|17|18
6e2a9e43-03c3-4d57-a967-2700b446654f,2013,Honda,civic,Touring,1,0,0,B,no wheel inventory for bolt/diameter,missing_inventory_wheels,195/65R15|205/50R17|205/55R16|215/45R17|225/40R18,5x114.3,15|16|17|18
090eca65-48ea-4237-90f8-d61ea7d02a36,2014,Honda,civic,Sport,1,0,0,B,no wheel inventory for bolt/diameter,missing_inventory_wheels,195/65R15|205/50R17|205/55R16|215/45R17|225/40R18,5x114.3,15|16|17|18
5c15d68b-7d0b-4f0c-8fd5-d78999c3a380,2014,Honda,civic,Touring,1,0,0,B,no wheel inventory for bolt/diameter,missing_inventory_wheels,195/65R15|205/50R17|205/55R16|215/45R17|225/40R18,5x114.3,15|16|17|18
59e848cb-dd70-48de-8fae-878607e0e340,2015,Honda,civic,Touring,1,0,0,B,no wheel inventory for bolt/diameter,missing_inventory_wheels,195/65R15|205/50R17|205/55R16|215/45R17|225/40R18,5x114.3,15|16|17|18
1b5c118d-2906-4d51-b179-42378686c50d,2015,Honda,civic,Sport,1,0,0,B,no wheel inventory for bolt/diameter,missing_inventory_wheels,195/65R15|205/50R17|205/55R16|215/45R17|225/40R18,5x114.3,15|16|17|18
c207b6be-902e-4958-984f-e305ee97c675,2023,Honda,cr-v,Touring,1,0,0,B,no wheel inventory for bolt/diameter,missing_inventory_wheels,235/55R19,5x114.3,19
a4ccb3ec-f163-450a-9fe9-d9d3f9929864,2024,Honda,cr-v,Touring,1,0,0,B,no wheel inventory for bolt/diameter,missing_inventory_wheels,235/55R19,5x114.3,19
b33cc1cf-392c-4b1f-8516-d2cffabb1369,2025,Honda,cr-v,Touring,1,0,0,B,no wheel inventory for bolt/diameter,missing_inventory_wheels,235/55R19,5x114.3,19
bee006cc-11ae-43a8-a633-2fb39b664354,2026,Honda,cr-v,Touring,1,0,0,B,no wheel inventory for bolt/diameter,missing_inventory_wheels,235/55R19,5x114.3,19
dccb7f13-8d3b-4380-bb99-aea7b14648b3,2012,Honda,fit,1.5i Sport,1,0,0,B,no wheel inventory for bolt/diameter,missing_inventory_wheels,185/55R16|205/50R16,4x100,16
e0c4ea0d-4479-4f8f-9dbb-58f2da6104cb,2013,Honda,pilot,TrailSport,1,0,0,B,no wheel inventory for bolt/diameter,missing_inventory_wheels,235/60R18|235/65R17|235/65R18|245/60R18|255/45ZR20|255/50R19|255/55R18|255/60R17|265/45ZR20,5x120,17|18|19|20
6b421b05-3ff7-45dc-9a7f-3d2ff9bdde1f,2013,Honda,pilot,Elite,1,0,0,B,no wheel inventory for bolt/diameter,missing_inventory_wheels,235/60R18|235/65R17|235/65R18|245/60R18|255/45ZR20|255/50R19|255/55R18|255/60R17|265/45ZR20,5x120,17|18|19|20
ec69236b-c9de-4489-b003-59874b38f4d0,1992,Hummer,H1,Base,0,421,3,C,only vintage/non-standard sizes: 37x12.50R17,vintage_tire_size,37x12.50R17,8x165.1,
2f3b1052-de5e-49f4-b1ac-15ed3db40361,1993,Hummer,H1,Base,0,421,3,C,only vintage/non-standard sizes: 37x12.50R17,vintage_tire_size,37x12.50R17,8x165.1,
ef376ca0-bbe8-4449-96d8-008d0c7dc52e,1994,Hummer,H1,Base,0,421,3,C,only vintage/non-standard sizes: 37x12.50R17,vintage_tire_size,37x12.50R17,8x165.1,
7f9cdc82-9ebc-4f12-bdc7-a159fa21e99d,1995,Hummer,H1,Base,0,421,3,C,only vintage/non-standard sizes: 37x12.50R17,vintage_tire_size,37x12.50R17,8x165.1,
b06330a8-5d7c-4f37-9157-f983880f9cc9,1996,Hummer,H1,Base,0,421,4,C,only vintage/non-standard sizes: 37x12.50R16.5,vintage_tire_size,37x12.50R16.5,8x165.1,17
09ce8d31-725c-45ae-9883-ebc3676d18bc,1997,Hummer,H1,Base,0,421,4,C,only vintage/non-standard sizes: 37x12.50R16.5,vintage_tire_size,37x12.50R16.5,8x165.1,17
9dd09296-ca78-42eb-b736-9deb451e40be,1998,Hummer,H1,Base,0,421,4,C,only vintage/non-standard sizes: 37x12.50R16.5,vintage_tire_size,37x12.50R16.5,8x165.1,17
7002acb7-7e37-4452-91ac-ac91ad9553ae,1999,Hummer,H1,Base,0,421,4,C,only vintage/non-standard sizes: 37x12.50R16.5,vintage_tire_size,37x12.50R16.5,8x165.1,17
9d2e277c-5975-4f9d-8584-5af9308a716b,2000,Hummer,H1,Base,0,421,4,C,only vintage/non-standard sizes: 37x12.50R17,vintage_tire_size,37x12.50R17,8x165.1,17
8be71afa-8f63-48e8-976c-c4f209903fc2,2001,Hummer,H1,Base,0,421,4,C,only vintage/non-standard sizes: 37x12.50R17,vintage_tire_size,37x12.50R17,8x165.1,17
54bb72bb-1b6e-43ff-8153-0c3bf4500277,2002,Hummer,H1,Base,0,421,4,C,only vintage/non-standard sizes: 37x12.50R17,vintage_tire_size,37x12.50R17,8x165.1,17
3968dc60-80dc-418a-a2db-0aec32ece01e,2003,Hummer,H1,Base,0,421,4,C,only vintage/non-standard sizes: 37x12.50R17,vintage_tire_size,37x12.50R17,8x165.1,17
b97735aa-b9bc-4684-a430-d089cf5b832b,2004,Hummer,H1,Base,0,421,4,C,only vintage/non-standard sizes: 37x12.50R17,vintage_tire_size,37x12.50R17,8x165.1,17
db32832f-0c5e-4d50-aec1-62011d61d801,2005,Hummer,H1,Base,0,421,4,C,only vintage/non-standard sizes: 37x12.50R17,vintage_tire_size,37x12.50R17,8x165.1,17
b4dad97f-53bf-4379-af6e-0044ff03356b,2006,Hummer,H1,Base,0,421,4,C,only vintage/non-standard sizes: 37x12.50R17,vintage_tire_size,37x12.50R17,8x165.1,17
150cd98e-0ecc-438c-96a3-43f233f1b003,2026,Hyundai,Santa Fe,Calligraphy,1,0,0,B,no wheel inventory for bolt/diameter,missing_inventory_wheels,245/45R21,5x114.3,21
33b01caa-8ba9-4bb1-8760-b1f2e7c77cca,2026,Hyundai,Tucson,SEL Premium,1,0,0,B,no wheel inventory for bolt/diameter,missing_inventory_wheels,235/55R19,5x114.3,19
e76c6d88-f63f-468d-b1a1-d9fe4a27d17c,2026,Hyundai,sonata,N Line,1,0,0,B,no wheel inventory for bolt/diameter,missing_inventory_wheels,245/40R19,5x114.3,19
090933dc-86cc-4e94-9bd7-f5a1d54f2297,2026,Hyundai,tucson,Limited,1,0,0,B,no wheel inventory for bolt/diameter,missing_inventory_wheels,235/55R19,5x114.3,19
d2b8ed72-327b-4f37-930e-09a9b16d51dd,2018,Infiniti,Q50,Hybrid Luxe (RWD),0,1053,2,C,only vintage/non-standard sizes: 245/40RF19,vintage_tire_size,245/40RF19,5x114.3,
24ce5156-2e42-4bf8-99ef-bf42dca0e1cb,2018,Infiniti,Q50,Sport (AWD),0,1053,2,C,only vintage/non-standard sizes: P245/40RF19,vintage_tire_size,P245/40RF19,5x114.3,
44ee4e03-9550-4854-b543-d0e5def8f7c6,2018,Infiniti,Q50,Pure (RWD),0,1053,2,C,only vintage/non-standard sizes: P225/55RF17,vintage_tire_size,P225/55RF17,5x114.3,
74a5b943-0a0d-47e8-8589-cebfb0c53152,2018,Infiniti,Q50,Sport (RWD),0,1053,2,C,only vintage/non-standard sizes: 245/40RF19,vintage_tire_size,245/40RF19,5x114.3,
85d61016-139a-4bc5-a1ec-3fdfde8c36af,2018,Infiniti,Q50,Pure (AWD),0,1053,2,C,only vintage/non-standard sizes: P225/55RF17,vintage_tire_size,P225/55RF17,5x114.3,
d7ca4e15-2ef4-4884-9bb8-f810d79613c3,2018,Infiniti,Q50,Hybrid Luxe (AWD),0,1053,2,C,only vintage/non-standard sizes: P245/40RF19,vintage_tire_size,P245/40RF19,5x114.3,
560c906e-976d-40c0-85b8-39a16e2b5435,2018,Infiniti,Q50,Red Sport 400 (AWD),0,1053,2,C,only vintage/non-standard sizes: P245/40RF19,vintage_tire_size,P245/40RF19,5x114.3,
9d009d7a-5671-48d4-b2ba-2d176217eafc,2018,Infiniti,Q50,Red Sport 400 (RWD),1,0,0,B,no wheel inventory for bolt/diameter,missing_inventory_wheels,245/40R19|245/40RF19|265/35R19|265/35RF19,5x114.3,19
50b1446b-1501-4edf-b536-b1b4d07a29a9,2018,Infiniti,Q60,Sport (AWD),0,1053,2,C,only vintage/non-standard sizes: P255/40RF19,vintage_tire_size,P255/40RF19,5x114.3,
802e1dff-c2e5-4aba-9b92-0e982cb4fa9b,2018,Infiniti,Q60,Luxe,0,1053,2,C,only vintage/non-standard sizes: P255/40RF19,vintage_tire_size,P255/40RF19,5x114.3,
9891750e-df69-4ce7-a2e7-ef4867e7711e,2018,Infiniti,Q60,Sport (RWD),0,1053,2,C,only vintage/non-standard sizes: 255/40RF19,vintage_tire_size,255/40RF19,5x114.3,
dc10420a-0faf-4b29-b75a-e5e54ba13a39,2018,Infiniti,Q60,Pure,0,1053,2,C,only vintage/non-standard sizes: P255/40RF19,vintage_tire_size,P255/40RF19,5x114.3,
99946a42-410a-4f7e-977d-4279ff8b7aa2,2018,Jaguar,XE,Premium 30t,1,0,0,B,no wheel inventory for bolt/diameter,missing_inventory_wheels,225/40R19|225/45R18|245/40R18|255/35R19,5x108,18|19
4bb2d45e-3be9-4ac9-816b-17e3c9f00e6b,2018,Jaguar,XE,Premium 35t,1,0,0,B,no wheel inventory for bolt/diameter,missing_inventory_wheels,225/40R19|225/45R18|245/40R18|255/35R19,5x108,18|19
8ed599c9-5881-45dc-bdf4-ad59b527d6b2,2014,Jaguar,f-type,Base,1,0,0,B,no wheel inventory for bolt/diameter,missing_inventory_wheels,245/45R18|255/40R19,5x108,18|19
90c7bef3-6f7e-4dbd-a46d-975cf7d78aa4,2017,Jaguar,f-type,Base,1,0,0,B,no wheel inventory for bolt/diameter,missing_inventory_wheels,245/45R18|255/40R19,5x108,18|19
6be19cdd-3da7-40ed-8cc4-c8af636f49d0,2015,Jaguar,xe,S,1,0,0,B,no wheel inventory for bolt/diameter,missing_inventory_wheels,225/45R18|235/40R19,5x108,18|19
7136248f-4329-4489-9f81-b2ad37247b4f,2015,Jaguar,xe,R-Dynamic,1,0,0,B,no wheel inventory for bolt/diameter,missing_inventory_wheels,225/45R18|235/40R19,5x108,18|19
d1761b2a-804f-428c-b2d1-71c5bdda2ae3,2015,Jaguar,xe,Prestige,1,0,0,B,no wheel inventory for bolt/diameter,missing_inventory_wheels,225/45R18|235/40R19,5x108,18|19
28b782af-7be7-4281-a830-478b6dc4d027,2015,Jaguar,xe,Premium,1,0,0,B,no wheel inventory for bolt/diameter,missing_inventory_wheels,225/45R18|235/40R19,5x108,18|19
e4d2fa9b-47a5-4b40-a37a-de235e82abe3,2015,Jaguar,xe,"Premium, Prestige, R-Dynamic, S",1,0,0,B,no wheel inventory for bolt/diameter,missing_inventory_wheels,225/45R18|235/40R19,5x108,18|19
da081d2d-ec06-408e-8aa1-77efcccb3424,2016,Jaguar,xe,"Premium, Prestige, R-Dynamic, S",1,0,0,B,no wheel inventory for bolt/diameter,missing_inventory_wheels,225/45R18|235/40R19,5x108,18|19
dcde961f-ec00-4bde-9013-beab5403e3c1,2016,Jaguar,xe,Prestige,1,0,0,B,no wheel inventory for bolt/diameter,missing_inventory_wheels,225/45R18|235/40R19,5x108,18|19
5b4896bd-0cc9-4523-8dff-f3cc4d631950,2016,Jaguar,xe,R-Dynamic,1,0,0,B,no wheel inventory for bolt/diameter,missing_inventory_wheels,225/45R18|235/40R19,5x108,18|19
f6a958cc-793e-41d4-8149-908d268a7a59,2016,Jaguar,xe,S,1,0,0,B,no wheel inventory for bolt/diameter,missing_inventory_wheels,225/45R18|235/40R19,5x108,18|19
00f94e89-ad79-454f-ab4b-dcce2df20e2c,2016,Jaguar,xe,Premium,1,0,0,B,no wheel inventory for bolt/diameter,missing_inventory_wheels,225/45R18|235/40R19,5x108,18|19
6e1ac474-cd98-4cea-b79b-5754e771876e,2017,Jaguar,xe,Premium,1,0,0,B,no wheel inventory for bolt/diameter,missing_inventory_wheels,225/45R18|235/40R19,5x108,18|19
cfb34b75-9cdd-4398-969e-52bff842b22d,2017,Jaguar,xe,S,1,0,0,B,no wheel inventory for bolt/diameter,missing_inventory_wheels,225/45R18|235/40R19,5x108,18|19
e1e136cb-784c-4963-8527-b90bfb768248,2017,Jaguar,xe,R-Dynamic,1,0,0,B,no wheel inventory for bolt/diameter,missing_inventory_wheels,225/45R18|235/40R19,5x108,18|19
6d661b75-e3d0-4707-b86c-e24e622a7065,2017,Jaguar,xe,Prestige,1,0,0,B,no wheel inventory for bolt/diameter,missing_inventory_wheels,225/45R18|235/40R19,5x108,18|19
4860c391-07e9-4319-82d5-02b307f3be15,2017,Jaguar,xe,"Premium, Prestige, R-Dynamic, S",1,0,0,B,no wheel inventory for bolt/diameter,missing_inventory_wheels,225/45R18|235/40R19,5x108,18|19
d6d99b67-75ab-470e-b160-cd9296cd06ba,2023,Jaguar,xe,Premium,1,0,0,B,no wheel inventory for bolt/diameter,missing_inventory_wheels,245/40R18|255/35R19,5x108,18|19
a20d70de-11ca-413b-a1af-3c08f74aaf1e,2023,Jaguar,xe,Prestige,1,0,0,B,no wheel inventory for bolt/diameter,missing_inventory_wheels,245/40R18|255/35R19,5x108,18|19
c8caec40-c377-4974-94b6-4fccbedf1d56,2023,Jaguar,xe,R-Dynamic,1,0,0,B,no wheel inventory for bolt/diameter,missing_inventory_wheels,245/40R18|255/35R19,5x108,18|19
91da35c2-45b2-48cd-af93-5b4a3349234c,2023,Jaguar,xe,S,1,0,0,B,no wheel inventory for bolt/diameter,missing_inventory_wheels,245/40R18|255/35R19,5x108,18|19
6da78811-1388-4c16-89e7-620c2ffec7fa,2023,Jaguar,xe,"Premium, Prestige, R-Dynamic, S",1,0,0,B,no wheel inventory for bolt/diameter,missing_inventory_wheels,245/40R18|255/35R19,5x108,18|19
f1649a49-e7d4-4475-bf66-f626cb9e19b1,2019,Jaguar,xj,"XJ, XJL, XJR, Supersport",1,0,0,B,no wheel inventory for bolt/diameter,missing_inventory_wheels,245/45R18|275/30R21|275/35R20,5x108,18|20|21
db6cdcc0-a828-4af6-8cda-8622944a4541,2019,Jaguar,xj,XJ,1,0,0,B,no wheel inventory for bolt/diameter,missing_inventory_wheels,245/45R18|275/30R21|275/35R20,5x108,18|20|21
dcf38f24-f4a8-4950-a178-2cfe82317d9e,2019,Jaguar,xj,XJR,1,0,0,B,no wheel inventory for bolt/diameter,missing_inventory_wheels,245/45R18|275/30R21|275/35R20,5x108,18|20|21
ea5e4bd9-9bf5-470b-a079-d5d6f5f0eff2,2019,Jaguar,xj,Supersport,1,0,0,B,no wheel inventory for bolt/diameter,missing_inventory_wheels,245/45R18|275/30R21|275/35R20,5x108,18|20|21
22adbbbe-6d74-488b-8a2b-a24fcb1b328b,2019,Jaguar,xj,XJL,1,0,0,B,no wheel inventory for bolt/diameter,missing_inventory_wheels,245/45R18|275/30R21|275/35R20,5x108,18|20|21
980e62f4-b100-42cf-bdc5-a3cb87765520,2020,Jaguar,xj,Base,1,0,0,B,no wheel inventory for bolt/diameter,missing_inventory_wheels,245/45R18|275/30R21|275/35R20,5x108,18|20|21
4c7931cb-e8ec-46b5-a305-a36f17455194,2021,Jaguar,xj,Base,1,0,0,B,no wheel inventory for bolt/diameter,missing_inventory_wheels,245/45R18|275/30R21|275/35R20,5x108,18|20|21
b0866fc2-ecdc-4bec-8c61-47e4be587c76,2022,Jaguar,xj,Base,1,0,0,B,no wheel inventory for bolt/diameter,missing_inventory_wheels,245/45R18|275/30R21|275/35R20,5x108,18|20|21
3a844ff4-94f3-4741-95a0-65e174c45992,1999,Jeep,Grand Cherokee,Base,1,0,0,B,no wheel inventory for bolt/diameter,missing_inventory_wheels,245/70R16,5x127,16
44131ca3-8364-4c61-97a8-77ef91b24d2b,1999,Jeep,Grand Cherokee,Limited,1,0,0,B,no wheel inventory for bolt/diameter,missing_inventory_wheels,245/70R16,5x127,16
b5ae326d-a02c-45ee-962f-bf0cb41d3518,1999,Jeep,Grand Cherokee,Laredo,1,0,0,B,no wheel inventory for bolt/diameter,missing_inventory_wheels,245/70R16,5x127,16
5f8bbf16-db7a-4008-a22c-7008ef5b88c6,1999,Jeep,Grand Cherokee,Laredo,1,0,0,B,no wheel inventory for bolt/diameter,missing_inventory_wheels,245/70R16,5x127,16
f016db3c-4e77-4032-8d45-0a679bc8fbdd,1999,Jeep,Grand Cherokee,Limited,1,0,0,B,no wheel inventory for bolt/diameter,missing_inventory_wheels,245/70R16,5x127,16
7bf6dec7-cb23-45a4-864b-d6e4ad3696fd,1999,Jeep,Grand Cherokee,Base,1,0,0,B,no wheel inventory for bolt/diameter,missing_inventory_wheels,245/70R16,5x127,16
b77a7e47-48ad-40d1-8ce1-9ecde9870c6e,1999,Jeep,Grand Cherokee,"Laredo, Limited",1,0,0,B,no wheel inventory for bolt/diameter,missing_inventory_wheels,245/70R16,5x127,16
256d6d99-797b-42a9-a6ce-78a1d16d9138,2000,Jeep,Grand Cherokee,Base,1,0,0,B,no wheel inventory for bolt/diameter,missing_inventory_wheels,245/70R16,5x127,16
a166d430-41e2-4b60-a528-034ef00a7934,2001,Jeep,Grand Cherokee,Base,1,0,0,B,no wheel inventory for bolt/diameter,missing_inventory_wheels,245/70R16,5x127,16
5a2211ae-67da-464d-b370-a1269fe32757,2002,Jeep,Grand Cherokee,Altitude,1,0,0,B,no wheel inventory for bolt/diameter,missing_inventory_wheels,265/50R20|265/60R18,5x127,18|20
107b742c-9056-49ef-a728-d7351fd2e2be,2003,Jeep,Grand Cherokee,Base,1,0,0,B,no wheel inventory for bolt/diameter,missing_inventory_wheels,245/70R16,5x127,16
4d62b792-0d97-4ed0-ae8c-c95bdbaa887a,2004,Jeep,Grand Cherokee,Base,1,0,0,B,no wheel inventory for bolt/diameter,missing_inventory_wheels,245/70R16,5x127,16
11c5d213-a211-4941-badc-6ea9285df35d,2010,Jeep,Grand Cherokee,Altitude,1,0,0,B,no wheel inventory for bolt/diameter,missing_inventory_wheels,245/60R18|255/45R20|265/50R20|265/60R18|285/40R20,5x127,18|20
1f1067ac-5fdf-462d-8121-69f0b29db40e,2011,Jeep,Grand Cherokee,Altitude,1,0,0,B,no wheel inventory for bolt/diameter,missing_inventory_wheels,265/50R20|265/60R18,5x127,18|20
8a5d5944-708c-4005-b009-3959caf902d7,2012,Jeep,Grand Cherokee,Altitude,1,0,0,B,no wheel inventory for bolt/diameter,missing_inventory_wheels,265/50R20|265/60R18,5x127,18|20
1f31a349-3dba-4c23-b06c-1fb4da480c07,2013,Jeep,Grand Cherokee,Altitude,1,0,0,B,no wheel inventory for bolt/diameter,missing_inventory_wheels,265/50R20|265/60R18,5x127,18|20
b8fcb439-1424-459f-bde1-551b244a41b8,2014,Jeep,Grand Cherokee,Altitude,1,0,0,B,no wheel inventory for bolt/diameter,missing_inventory_wheels,265/50R20|265/60R18,5x127,18|20
cea55dbd-30c9-4d3f-9fbd-ab32e1c4d95a,2015,Jeep,Grand Cherokee,Altitude,1,0,0,B,no wheel inventory for bolt/diameter,missing_inventory_wheels,265/50R20|265/60R18,5x127,18|20
24a09062-07a2-443b-ae66-b4fdfd65d93a,2016,Jeep,Grand Cherokee,Altitude,1,0,0,B,no wheel inventory for bolt/diameter,missing_inventory_wheels,265/50R20|265/60R18,5x127,18|20
3e0d1f93-5aa9-4577-b872-778d8a439a53,2017,Jeep,Grand Cherokee,Altitude,1,0,0,B,no wheel inventory for bolt/diameter,missing_inventory_wheels,265/50R20|265/60R18,5x127,18|20
c7953e5f-6cf9-48b1-be91-ba0fa2f47d47,2019,Jeep,Grand Cherokee,Altitude,1,0,0,B,no wheel inventory for bolt/diameter,missing_inventory_wheels,265/50R20|265/60R18,5x127,18|20
5133e31b-f56f-4d82-8cb8-0b8dbe57bb4c,2020,Jeep,Grand Cherokee,Limited,1,0,0,B,no wheel inventory for bolt/diameter,missing_inventory_wheels,265/50R20|265/60R18,5x127,18|20
84024ccd-fec8-484c-9278-6b02bf51ce51,2021,Jeep,Grand Cherokee,Overland,1,0,0,B,no wheel inventory for bolt/diameter,missing_inventory_wheels,265/50R20|265/60R18,5x127,18|20
d3d79774-f3d5-41b4-a172-0f714bcf4c69,2021,Jeep,Grand Cherokee,Laredo X,1,0,0,B,no wheel inventory for bolt/diameter,missing_inventory_wheels,265/50R20|265/60R18,5x127,18|20
0cd4e236-df3a-493a-9c93-c290adc79147,2021,Jeep,Grand Cherokee,Limited,1,0,0,B,no wheel inventory for bolt/diameter,missing_inventory_wheels,265/50R20|265/60R18,5x127,18|20
e6a890aa-d15e-4fdd-bad6-0beed4e5eccf,2023,Jeep,Grand Cherokee,Limited,1,0,0,B,no wheel inventory for bolt/diameter,missing_inventory_wheels,265/50R20|265/60R18,5x127,18|20
d84774d0-c07d-460c-bf9d-ae3fe3dbb94f,2024,Jeep,Grand Cherokee,Altitude,1,0,0,B,no wheel inventory for bolt/diameter,missing_inventory_wheels,265/50R20|265/60R18,5x127,18|20
5480a950-fd22-48e4-8c2b-e77a5bee692f,2025,Jeep,Grand Cherokee,Altitude,1,0,0,B,no wheel inventory for bolt/diameter,missing_inventory_wheels,265/50R20|265/60R18,5x127,18|20
f528bdc5-91fe-4a82-9928-bc23c6854856,2026,Jeep,Grand Cherokee,Altitude,1,0,0,B,no wheel inventory for bolt/diameter,missing_inventory_wheels,265/50R20|265/60R18,5x127,18|20
20b22d71-0748-4714-a641-f7fdd6bcf0bd,2023,Jeep,cherokee,Base,1,0,0,B,no wheel inventory for bolt/diameter,missing_inventory_wheels,225/60R18|225/65R17|245/65R17,5x110,17|18
3fe71599-8454-4876-b669-9959c38feab7,2023,Jeep,cherokee,Altitude Lux,1,0,0,B,no wheel inventory for bolt/diameter,missing_inventory_wheels,225/60R18|225/65R17,5x110,17|18
aee1e3d5-6575-43bf-aaf6-14054d719d1e,2020,Jeep,compass,Latitude,1,0,0,B,no wheel inventory for bolt/diameter,missing_inventory_wheels,225/55R18|225/60R17,5x110,17|18
10fef9b6-b964-417f-9ae6-ef169ae0125e,2021,Jeep,compass,Latitude,1,0,0,B,no wheel inventory for bolt/diameter,missing_inventory_wheels,225/55R18|225/60R17,5x110,17|18
91d87e74-2ba9-49c9-8529-15adf72554c7,2024,Jeep,compass,Latitude,1,0,0,B,no wheel inventory for bolt/diameter,missing_inventory_wheels,225/60R17|225/60R18,5x110,17|18
f39f293d-bf01-4412-a833-9814e7b33115,2025,Jeep,compass,Latitude,1,0,0,B,no wheel inventory for bolt/diameter,missing_inventory_wheels,225/60R17|225/60R18,5x110,17|18
c21334ae-abfc-495a-91d4-dde6dea4281a,2026,Jeep,compass,Latitude,1,0,0,B,no wheel inventory for bolt/diameter,missing_inventory_wheels,225/55R18|225/60R17,5x110,17|18
60da5f7a-60fa-4520-a376-2dbec10482bc,2000,Jeep,grand-cherokee,Laredo,1,0,0,B,no wheel inventory for bolt/diameter,missing_inventory_wheels,225/75R16,5x127,16
120a2696-cb3e-4c3c-a545-68205f64e3bf,2000,Jeep,grand-cherokee,Laredo,1,0,0,B,no wheel inventory for bolt/diameter,missing_inventory_wheels,225/75R16,5x127,16
999b2c53-aa7d-42f4-9ec5-76a87bb101b0,2000,Jeep,grand-cherokee,Limited,1,0,0,B,no wheel inventory for bolt/diameter,missing_inventory_wheels,245/70R16,5x127,16
1de03892-7a33-4d7b-bd3f-9c3923669f33,2000,Jeep,grand-cherokee,"Laredo, Limited",1,0,0,B,no wheel inventory for bolt/diameter,missing_inventory_wheels,225/75R16|235/65R17,5x127,16|17
c537855e-1e3c-45c0-b3e7-560eb92f666d,2000,Jeep,grand-cherokee,Base,1,0,0,B,no wheel inventory for bolt/diameter,missing_inventory_wheels,225/70R16|235/65R17|245/65R17,5x127,16|17
ac945d63-2ed1-463c-acad-e49cd00f1760,2000,Jeep,grand-cherokee,Limited,1,0,0,B,no wheel inventory for bolt/diameter,missing_inventory_wheels,225/75R16|235/65R17,5x127,16|17
19662b03-26c0-46f4-ab6d-acb94e4c318b,2001,Jeep,grand-cherokee,Base,1,0,0,B,no wheel inventory for bolt/diameter,missing_inventory_wheels,225/70R16|235/65R17|245/65R17,5x127,16|17
80ed7da3-e45c-4891-ae3d-a89351df7bcd,2001,Jeep,grand-cherokee,Limited,1,0,0,B,no wheel inventory for bolt/diameter,missing_inventory_wheels,245/70R16,5x127,16
b6b8965d-3d53-439a-b525-407b8d609727,2001,Jeep,grand-cherokee,Laredo,1,0,0,B,no wheel inventory for bolt/diameter,missing_inventory_wheels,225/75R16,5x127,16
9675e800-2362-43e5-b648-81a2d46c4c8c,2001,Jeep,grand-cherokee,Limited,1,0,0,B,no wheel inventory for bolt/diameter,missing_inventory_wheels,225/75R16|235/65R17,5x127,16|17
af4e264a-95d4-43f8-a2e7-2b732503a7aa,2001,Jeep,grand-cherokee,"Laredo, Limited",1,0,0,B,no wheel inventory for bolt/diameter,missing_inventory_wheels,225/75R16|235/65R17,5x127,16|17
c742a478-f727-4e81-8c30-5230d92d83e7,2001,Jeep,grand-cherokee,Laredo,1,0,0,B,no wheel inventory for bolt/diameter,missing_inventory_wheels,225/75R16,5x127,16
ab232cf7-fb8c-444c-819b-3e0507cc4bea,2002,Jeep,grand-cherokee,Limited,1,0,0,B,no wheel inventory for bolt/diameter,missing_inventory_wheels,245/70R16,5x127,16
bba4b4e6-1de5-439e-8676-e46b58878990,2002,Jeep,grand-cherokee,Laredo,1,0,0,B,no wheel inventory for bolt/diameter,missing_inventory_wheels,225/75R16,5x127,16
3ce0dfc5-55f8-49f5-abcd-cf3d726216ec,2002,Jeep,grand-cherokee,Laredo,1,0,0,B,no wheel inventory for bolt/diameter,missing_inventory_wheels,225/75R16,5x127,16
2e01259e-9f25-42e6-a788-0db4bea8e4ac,2002,Jeep,grand-cherokee,Base,1,0,0,B,no wheel inventory for bolt/diameter,missing_inventory_wheels,225/70R16|235/65R17|245/65R17,5x127,16|17
2664889c-2bcd-4b7e-b8cd-fdfd6f6f70cc,2003,Jeep,grand-cherokee,Laredo,1,0,0,B,no wheel inventory for bolt/diameter,missing_inventory_wheels,225/75R16,5x127,16
35dd94c9-cd2a-4f7a-85e2-ead7d93f5500,2003,Jeep,grand-cherokee,Overland,1,0,0,B,no wheel inventory for bolt/diameter,missing_inventory_wheels,225/75R16|245/65R17,5x127,16|17
2f90138a-f500-4062-a9e0-c5459441c61e,2003,Jeep,grand-cherokee,Limited,1,0,0,B,no wheel inventory for bolt/diameter,missing_inventory_wheels,245/70R16,5x127,16
a1da881d-2b3a-4028-acff-242ebcec6592,2003,Jeep,grand-cherokee,Limited,1,0,0,B,no wheel inventory for bolt/diameter,missing_inventory_wheels,245/70R16,5x127,16
7634a19a-c5f1-4821-8101-a2ab016cc63b,2003,Jeep,grand-cherokee,Base,1,0,0,B,no wheel inventory for bolt/diameter,missing_inventory_wheels,225/70R16|235/65R17|245/65R17,5x127,16|17
a3023856-cc9e-4c7f-9fb8-0477245f5233,2003,Jeep,grand-cherokee,Laredo,1,0,0,B,no wheel inventory for bolt/diameter,missing_inventory_wheels,225/75R16|245/65R17,5x127,16|17
d6ba69f7-4ae5-48ee-b1b1-0964e2419d58,2003,Jeep,grand-cherokee,"Laredo, Limited, Overland",1,0,0,B,no wheel inventory for bolt/diameter,missing_inventory_wheels,225/75R16|245/65R17,5x127,16|17
3ee62081-473f-446a-bc7e-9d217a742c82,2004,Jeep,grand-cherokee,Laredo,1,0,0,B,no wheel inventory for bolt/diameter,missing_inventory_wheels,225/75R16,5x127,16
4ca53264-b89d-44a8-8e55-dae7b24cd8fc,2004,Jeep,grand-cherokee,"Laredo, Limited, Overland",1,0,0,B,no wheel inventory for bolt/diameter,missing_inventory_wheels,225/75R16|245/65R17,5x127,16|17
fba78a4a-110d-4fe3-a30b-a801bf9332e6,2004,Jeep,grand-cherokee,Laredo,1,0,0,B,no wheel inventory for bolt/diameter,missing_inventory_wheels,225/75R16,5x127,16
30f158fe-2e7c-457f-a09f-10f6ded853e5,2004,Jeep,grand-cherokee,Limited,1,0,0,B,no wheel inventory for bolt/diameter,missing_inventory_wheels,245/70R16,5x127,16
f1e871fa-329c-4e07-80b8-db8b5b26c055,2004,Jeep,grand-cherokee,Limited,1,0,0,B,no wheel inventory for bolt/diameter,missing_inventory_wheels,225/75R16|245/65R17,5x127,16|17
8f51c948-77ae-4df0-9976-988bfb199613,2004,Jeep,grand-cherokee,Base,1,0,0,B,no wheel inventory for bolt/diameter,missing_inventory_wheels,225/70R16|235/65R17|245/65R17,5x127,16|17
dd9c32d3-98a1-45c5-b702-df31809b1f9b,2005,Jeep,grand-cherokee,"Overland, SRT8",1,0,0,B,no wheel inventory for bolt/diameter,missing_inventory_wheels,255/55R18|265/50R20,5x127,18|20
5b265486-793a-4a85-a5d0-1dce2417eaf2,2005,Jeep,grand-cherokee,SRT8,1,0,0,B,no wheel inventory for bolt/diameter,missing_inventory_wheels,255/55R18|265/50R20,5x127,18|20
8ee4c50b-f9e7-4bcb-8b2a-41b4aa3cd3c8,2006,Jeep,grand-cherokee,SRT8,1,0,0,B,no wheel inventory for bolt/diameter,missing_inventory_wheels,255/55R18|265/50R20,5x127,18|20
6aa7cbcb-446a-42b6-99bb-c253cf9c3475,2006,Jeep,grand-cherokee,"Overland, SRT8",1,0,0,B,no wheel inventory for bolt/diameter,missing_inventory_wheels,255/55R18|265/50R20,5x127,18|20
02f32e11-898c-49bb-9a72-d049a353181e,2007,Jeep,grand-cherokee,SRT8,1,0,0,B,no wheel inventory for bolt/diameter,missing_inventory_wheels,255/55R18|265/50R20,5x127,18|20
90e2bc9e-abd1-41e0-a55d-4dfb12b21a7a,2007,Jeep,grand-cherokee,"Overland, SRT8",1,0,0,B,no wheel inventory for bolt/diameter,missing_inventory_wheels,255/55R18|265/50R20,5x127,18|20
4cbc4833-4345-4f71-8870-8edf6d7982a8,2008,Jeep,grand-cherokee,"Overland, SRT8",1,0,0,B,no wheel inventory for bolt/diameter,missing_inventory_wheels,255/55R18|265/50R20,5x127,18|20
5fd10fa8-f909-4b61-8b60-ff27f2161527,2008,Jeep,grand-cherokee,SRT8,1,0,0,B,no wheel inventory for bolt/diameter,missing_inventory_wheels,255/55R18|265/50R20,5x127,18|20
e097d94f-ce61-4761-ada6-627f7348ec71,2009,Jeep,grand-cherokee,SRT8,1,0,0,B,no wheel inventory for bolt/diameter,missing_inventory_wheels,255/55R18|265/50R20,5x127,18|20
ff262fc0-4908-4574-bd88-59902bed772f,2009,Jeep,grand-cherokee,"Overland, SRT8",1,0,0,B,no wheel inventory for bolt/diameter,missing_inventory_wheels,255/55R18|265/50R20,5x127,18|20
81eec337-47a7-4a61-9f07-4435166b6473,2010,Jeep,grand-cherokee,3.0 CRD,1,0,0,B,no wheel inventory for bolt/diameter,missing_inventory_wheels,245/50R20|245/55R19|245/60R18|245/65R17,5x127,17|18|19|20
301f46e5-3026-4d6b-b3e2-a524e5535522,2012,Jeep,grand-cherokee,Base,1,0,0,B,no wheel inventory for bolt/diameter,missing_inventory_wheels,245/70R17|265/50R20|265/60R18,5x127,17|18|19|20
3dc5b6ad-06ba-4877-8e66-a43bf6da8f0d,2012,Jeep,grand-cherokee,Laredo,1,0,0,B,no wheel inventory for bolt/diameter,missing_inventory_wheels,245/70R17|265/50R20|265/55R19|265/60R18,5x127,17|18|19|20
c5dc7973-8e5d-402d-9ee2-06ae2f62a3c5,2013,Jeep,grand-cherokee,Base,1,0,0,B,no wheel inventory for bolt/diameter,missing_inventory_wheels,245/70R17|265/50R20|265/60R18,5x127,17|18|19|20
a278feaa-03c1-4eb5-adb5-43f764572675,2014,Jeep,grand-cherokee,3.0 TD,1,0,0,B,no wheel inventory for bolt/diameter,missing_inventory_wheels,245/70R17|265/50R20|265/55R19|265/60R18,5x127,17|18|19|20
bc4aee86-469a-464d-af7e-bfd42506333a,2014,Jeep,grand-cherokee,Base,1,0,0,B,no wheel inventory for bolt/diameter,missing_inventory_wheels,245/70R17|265/50R20|265/60R18,5x127,17|18|19|20
3d708a10-a534-4253-8e97-8647f9bf6769,2015,Jeep,grand-cherokee,3.0 TD,1,0,0,B,no wheel inventory for bolt/diameter,missing_inventory_wheels,245/70R17|265/50R20|265/55R19|265/60R18,5x127,17|18|19|20
aa3c64f2-ab1a-4522-9566-42752df7fcf8,2015,Jeep,grand-cherokee,Base,1,0,0,B,no wheel inventory for bolt/diameter,missing_inventory_wheels,245/70R17|265/50R20|265/60R18,5x127,17|18|19|20
8be4d8fc-8db2-4272-ab2d-a2f1c3533297,2016,Jeep,grand-cherokee,Base,1,0,0,B,no wheel inventory for bolt/diameter,missing_inventory_wheels,245/70R17|265/50R20|265/60R18,5x127,17|18|19|20
7754c840-37cc-4350-be61-2b108d86349d,2016,Jeep,grand-cherokee,3.0 TD,1,0,0,B,no wheel inventory for bolt/diameter,missing_inventory_wheels,245/70R17|265/50R20|265/55R19|265/60R18,5x127,17|18|19|20
45a52752-e1f3-4e6b-8fae-9d08a3b97b9c,2017,Jeep,grand-cherokee,3.0 TD,1,0,0,B,no wheel inventory for bolt/diameter,missing_inventory_wheels,245/70R17|265/50R20|265/55R19|265/60R18,5x127,17|18|19|20
03144723-3778-4524-b8c5-b6f4e4983776,2019,Jeep,grand-cherokee,3.0 EcoDiesel,1,0,0,B,no wheel inventory for bolt/diameter,missing_inventory_wheels,265/50R20|265/60R18,5x127,18|20
3bb84dcb-3ab8-43ea-b43b-eb00933c6e18,2020,Jeep,grand-cherokee,3.0 EcoDiesel,1,0,0,B,no wheel inventory for bolt/diameter,missing_inventory_wheels,265/50R20|265/60R18,5x127,18|20
6d08ec42-6515-40d1-ab58-242b9105c9c0,2021,Jeep,grand-cherokee,3.6 Pentastar,1,0,0,B,no wheel inventory for bolt/diameter,missing_inventory_wheels,245/70R17|265/50R20|265/55R19|265/60R18,5x127,17|18|19|20
9e223419-76b4-40d2-ad9c-c62be3bcf265,2022,Jeep,grand-cherokee,Base,1,0,0,B,no wheel inventory for bolt/diameter,missing_inventory_wheels,265/45R21|265/50R20|265/60R18,5x127,18|20|21
a01dc186-34a6-47c9-8b84-1c4ede8d9584,2022,Jeep,grand-cherokee,2.0 T4 PHEV,1,0,0,B,no wheel inventory for bolt/diameter,missing_inventory_wheels,265/50R20|265/55R19|265/60R18|275/45R21,5x127,18|19|20|21
6946eb76-33a6-440b-b959-490c02810b01,2023,Jeep,grand-cherokee,2.0 T4 PHEV,1,0,0,B,no wheel inventory for bolt/diameter,missing_inventory_wheels,265/50R20|265/55R19|265/60R18|275/45R21,5x127,18|19|20|21
f1888469-398f-4d14-926e-7067ca35dfbf,2023,Jeep,grand-cherokee,Base,1,0,0,B,no wheel inventory for bolt/diameter,missing_inventory_wheels,265/45R21|265/50R20|265/60R18,5x127,18|20|21
60cb65f2-ebf9-4e5f-a997-bcf9a1a67763,2024,Jeep,grand-cherokee,Base,1,0,0,B,no wheel inventory for bolt/diameter,missing_inventory_wheels,265/45R21|265/50R20|265/60R18,5x127,18|20|21
45842be6-7817-4917-b3ec-7e9316425ea9,2024,Jeep,grand-cherokee,2.0 T4 PHEV,1,0,0,B,no wheel inventory for bolt/diameter,missing_inventory_wheels,265/50R20|265/55R19|265/60R18|275/45R21,5x127,18|19|20|21
d4626b81-dca6-4b2e-ab89-ebdf3120f9b0,2025,Jeep,grand-cherokee,Base,1,0,0,B,no wheel inventory for bolt/diameter,missing_inventory_wheels,265/45R21|265/50R20|265/60R18,5x127,18|20|21
6f0fd023-3552-45eb-b27b-bb2d6460dbf0,2025,Jeep,grand-cherokee,2.0 T4 PHEV,1,0,0,B,no wheel inventory for bolt/diameter,missing_inventory_wheels,265/50R20|265/55R19|265/60R18|275/45R21,5x127,18|19|20|21
9f47603c-160c-4bcb-b92b-f34dd8dea388,2026,Jeep,grand-cherokee,Base,1,0,0,B,no wheel inventory for bolt/diameter,missing_inventory_wheels,265/45R21|265/50R20|265/60R18,5x127,18|20|21
f35dd5ce-8df0-4eb8-b66f-dccd31b07308,2005,Jeep,wrangler,Base,1,0,0,B,no wheel inventory for bolt/diameter,missing_inventory_wheels,225/75R16|245/75R16|LT245/75R16,5x114.3,16|17|18|19|20
125e5eef-c1c1-411a-87c4-adaf11baba70,2006,Jeep,wrangler,Base,1,0,0,B,no wheel inventory for bolt/diameter,missing_inventory_wheels,225/75R16|245/75R16|LT245/75R16,5x114.3,16|17|18|19|20
093ffe76-da69-47bc-930c-011d6e82f95a,2007,Jeep,wrangler,Sport,1,0,0,B,no wheel inventory for bolt/diameter,missing_inventory_wheels,225/75R16|245/75R16|LT245/75R16|LT255/75R17,5x127,16
0556429b-20e0-45d4-a29d-5aba726174fc,2008,Jeep,wrangler,Sport,1,0,0,B,no wheel inventory for bolt/diameter,missing_inventory_wheels,225/75R16|245/75R16|LT245/75R16|LT255/75R17,5x127,16
1008a7c8-c09b-4e52-a8bc-b40cd14f5460,2008,Jeep,wrangler,Sport S,1,0,0,B,no wheel inventory for bolt/diameter,missing_inventory_wheels,225/75R16|245/75R16|LT245/75R16|LT255/75R17,5x127,16
a59fc5be-71e1-43ce-84d3-71260b24bddb,2008,Jeep,wrangler,Rubicon,1,0,0,B,no wheel inventory for bolt/diameter,missing_inventory_wheels,225/75R16|245/75R16|LT245/75R16|LT255/75R17,5x127,16
b48b5999-d709-42e7-bea8-4f32c595e2da,2009,Jeep,wrangler,Sport S,1,0,0,B,no wheel inventory for bolt/diameter,missing_inventory_wheels,225/75R16|245/75R16|LT245/75R16|LT255/75R17,5x127,16
9c341a23-2673-4848-b60f-2db12f12bc8c,2009,Jeep,wrangler,Sport,1,0,0,B,no wheel inventory for bolt/diameter,missing_inventory_wheels,225/75R16|245/75R16|LT245/75R16|LT255/75R17,5x127,16
1951a12d-9eb9-4b3f-b99c-28239b1be386,2009,Jeep,wrangler,Rubicon,1,0,0,B,no wheel inventory for bolt/diameter,missing_inventory_wheels,225/75R16|245/75R16|LT245/75R16|LT255/75R17,5x127,16
8f7affbf-9f02-49d2-bd58-7c34585e065a,2010,Jeep,wrangler,Rubicon,1,0,0,B,no wheel inventory for bolt/diameter,missing_inventory_wheels,225/75R16|245/75R16|LT245/75R16|LT255/75R17,5x127,16
8b0b7e7a-514d-4ea6-80a4-24874ee09f15,2010,Jeep,wrangler,Sport,1,0,0,B,no wheel inventory for bolt/diameter,missing_inventory_wheels,225/75R16|245/75R16|LT245/75R16|LT255/75R17,5x127,16
eca71b65-97b8-449b-abdd-2fd96a7eb7dd,2010,Jeep,wrangler,Sport S,1,0,0,B,no wheel inventory for bolt/diameter,missing_inventory_wheels,225/75R16|245/75R16|LT245/75R16|LT255/75R17,5x127,16
eb1db724-9a44-4c3e-b4ae-1fb385a3c5f6,2011,Jeep,wrangler,Sport,1,0,0,B,no wheel inventory for bolt/diameter,missing_inventory_wheels,225/75R16|245/75R16|LT245/75R16|LT255/75R17,5x127,16
c109d2cf-6f95-43d4-8303-3815c4d3121d,2012,Jeep,wrangler,Rubicon,1,0,0,B,no wheel inventory for bolt/diameter,missing_inventory_wheels,225/75R16|245/75R16|LT245/75R16|LT255/75R17,5x127,16
93fc7627-1fc7-410c-890c-6c65f3e63e14,2012,Jeep,wrangler,Sport S,1,0,0,B,no wheel inventory for bolt/diameter,missing_inventory_wheels,225/75R16|245/75R16|LT245/75R16|LT255/75R17,5x127,16
26909f84-465e-49e7-95ea-cd56239b2bb4,2012,Jeep,wrangler,Sport,1,0,0,B,no wheel inventory for bolt/diameter,missing_inventory_wheels,225/75R16|245/75R16|LT245/75R16|LT255/75R17,5x127,16
8a051f2d-d97d-40e7-905d-51e2abbe60a1,2013,Jeep,wrangler,Sport,1,0,0,B,no wheel inventory for bolt/diameter,missing_inventory_wheels,225/75R16|245/75R16|LT245/75R16|LT255/75R17,5x127,16
487920a2-9c4d-49e4-b22d-0a667e92d94d,2014,Jeep,wrangler,Sport,1,0,0,B,no wheel inventory for bolt/diameter,missing_inventory_wheels,225/75R16|245/75R16|LT245/75R16|LT255/75R17,5x127,16
5ae624a2-7dc1-4754-a0e2-eb170c713ca8,2015,Jeep,wrangler,Sport,1,0,0,B,no wheel inventory for bolt/diameter,missing_inventory_wheels,225/75R16|245/75R16|255/70R16|LT245/75R16|LT255/75R17,5x127,16
290f6df7-f6c6-4cbc-a427-4bac96130c02,2016,Jeep,wrangler,Sport,1,0,0,B,no wheel inventory for bolt/diameter,missing_inventory_wheels,225/75R16|245/75R16|255/70R16|LT245/75R16|LT255/75R17,5x127,16
95f9e608-d786-4246-af7b-375f71eadecb,2017,Jeep,wrangler,Sport,1,0,0,B,no wheel inventory for bolt/diameter,missing_inventory_wheels,225/75R16|245/75R16|255/70R16|LT245/75R16|LT255/75R17,5x127,16
24a015ee-21cc-4aa4-927b-8ffb5e3d22c1,2026,Kia,Carnival,EX,1,0,0,B,no wheel inventory for bolt/diameter,missing_inventory_wheels,235/55R19,5x114.3,19
6058709e-b1da-4953-8e65-a50737b3a48d,2026,Kia,Carnival,SX,1,0,0,B,no wheel inventory for bolt/diameter,missing_inventory_wheels,235/55R19,5x114.3,19
402a94c8-2833-43ad-ad97-c0825ad0bfe4,2026,Kia,Carnival,SX Prestige,1,0,0,B,no wheel inventory for bolt/diameter,missing_inventory_wheels,235/55R19,5x114.3,19
23fce97f-d2d9-4b38-9f3a-432fe5b08f70,2026,Kia,K5,GT,1,0,0,B,no wheel inventory for bolt/diameter,missing_inventory_wheels,245/40R19,5x114.3,19
cab686fa-fb4d-4eed-b98f-b901c86c6289,2018,Kia,Stinger,GT2 (AWD),1,0,0,B,no wheel inventory for bolt/diameter,missing_inventory_wheels,225/40ZR19|255/35ZR19,5x114.3,19
11295168-92f9-40c3-bdb3-f41b1ff15d9d,2018,Kia,Stinger,GT (RWD),1,0,0,B,no wheel inventory for bolt/diameter,missing_inventory_wheels,225/40ZR19|255/35ZR19,5x114.3,19
bb3191a3-f7b4-4b1b-b91c-c5265cd12722,2018,Kia,Stinger,GT (AWD),1,0,0,B,no wheel inventory for bolt/diameter,missing_inventory_wheels,225/40ZR19|255/35ZR19,5x114.3,19
004b97bf-ef4e-432c-a79e-98e18ef32cae,2018,Kia,Stinger,GT1 (RWD),1,0,0,B,no wheel inventory for bolt/diameter,missing_inventory_wheels,225/40ZR19|255/35ZR19,5x114.3,19
f3ad874c-d4ed-46ac-8f24-e2fb1be42569,2018,Kia,Stinger,GT2 (RWD),1,0,0,B,no wheel inventory for bolt/diameter,missing_inventory_wheels,225/40ZR19|255/35ZR19,5x114.3,19
c8116799-dd74-4506-a5d8-f6a83eee7f1f,2018,Kia,Stinger,GT1 (AWD),1,0,0,B,no wheel inventory for bolt/diameter,missing_inventory_wheels,225/40ZR19|255/35ZR19,5x114.3,19
8f0ac189-15e5-454a-a8dc-8003ea45af67,2022,Kia,ev6,"Light, Standard, Wind, GT-Line, GT",1,836,0,A,tires+wheels OK but no packages,package_generation_gap,235/55R19|255/40R21|255/45R20,5x114.3,19|20|21
79686c9d-7a11-4565-bea2-6ee35acf538d,2022,Kia,ev6,Wind,1,836,0,A,tires+wheels OK but no packages,package_generation_gap,235/55R19|255/40R21|255/45R20,5x114.3,19|20|21
2adaffa6-920a-4161-9008-863ece4d7bb2,2022,Kia,ev6,GT-Line,1,836,0,A,tires+wheels OK but no packages,package_generation_gap,235/55R19|255/40R21|255/45R20,5x114.3,19|20|21
5153ff47-0503-41ec-b60e-fd6eb4bfcc4a,2022,Kia,ev6,GT,1,836,0,A,tires+wheels OK but no packages,package_generation_gap,235/55R19|255/40R21|255/45R20,5x114.3,19|20|21
0c031a95-8cc0-4e3f-b140-106d81a5c493,2022,Kia,ev6,Light,1,836,0,A,tires+wheels OK but no packages,package_generation_gap,235/55R19|255/40R21|255/45R20,5x114.3,19|20|21
3bbb5105-ca9e-47cb-ae39-dbd2ce1699ac,2022,Kia,ev6,Standard,1,836,0,A,tires+wheels OK but no packages,package_generation_gap,235/55R19|255/40R21|255/45R20,5x114.3,19|20|21
68935ca1-ae34-4c27-94e5-ee0d320bd9ef,2023,Kia,ev6,Wind,1,836,0,A,tires+wheels OK but no packages,package_generation_gap,235/55R19|235/55ZR19|255/40R21|255/40ZR21|255/45R20|255/45ZR20,5x114.3,19|20|21
d83f330e-9420-4b5c-b9a5-d27fcfcf90ac,2023,Kia,ev6,Light,1,836,0,A,tires+wheels OK but no packages,package_generation_gap,235/55R19|235/55ZR19|255/40R21|255/40ZR21|255/45R20|255/45ZR20,5x114.3,19|20|21
03d7f1d5-da31-480a-8346-f6410bec9c4d,2023,Kia,ev6,GT-Line,1,836,0,A,tires+wheels OK but no packages,package_generation_gap,235/55R19|235/55ZR19|255/40R21|255/40ZR21|255/45R20|255/45ZR20,5x114.3,19|20|21
ce7b90ba-cf19-419a-a321-d5bab7814052,2023,Kia,ev6,Standard,1,836,0,A,tires+wheels OK but no packages,package_generation_gap,235/55R19|235/55ZR19|255/40R21|255/40ZR21|255/45R20|255/45ZR20,5x114.3,19|20|21
bbed07c8-2964-45e9-b49b-8d79fc366116,2023,Kia,ev6,"Light, Standard, Wind, GT-Line, GT",1,836,0,A,tires+wheels OK but no packages,package_generation_gap,235/55R19|235/55ZR19|255/40R21|255/40ZR21|255/45R20|255/45ZR20,5x114.3,19|20|21
12b12194-24f9-480e-ba40-e2ecafafc374,2023,Kia,ev6,GT,1,836,0,A,tires+wheels OK but no packages,package_generation_gap,235/55R19|235/55ZR19|255/40R21|255/40ZR21|255/45R20|255/45ZR20,5x114.3,19|20|21
9cdaee3a-f11d-418e-8a94-cb14f4252975,2024,Kia,ev6,"Light, Standard, Wind, GT-Line, GT",1,836,0,A,tires+wheels OK but no packages,package_generation_gap,235/55R19|255/40R21|255/45R20,5x114.3,19|20|21
00f16dd1-6ee8-43f1-a97b-0db0255ac88a,2024,Kia,ev6,Light,1,836,0,A,tires+wheels OK but no packages,package_generation_gap,235/55R19|255/40R21|255/45R20,5x114.3,19|20|21
995703a5-a2ba-4696-8618-778c1c32ccdb,2024,Kia,ev6,Wind,1,836,0,A,tires+wheels OK but no packages,package_generation_gap,235/55R19|255/40R21|255/45R20,5x114.3,19|20|21
0fcf0893-1293-4b48-8534-b30b9c523966,2024,Kia,ev6,Standard,1,836,0,A,tires+wheels OK but no packages,package_generation_gap,235/55R19|255/40R21|255/45R20,5x114.3,19|20|21
b1622266-8544-4737-aedf-172ee4ca8977,2024,Kia,ev6,GT-Line,1,836,0,A,tires+wheels OK but no packages,package_generation_gap,235/55R19|255/40R21|255/45R20,5x114.3,19|20|21
e808588b-566f-4085-8bbd-95d45d2af4f9,2024,Kia,ev6,GT,1,836,0,A,tires+wheels OK but no packages,package_generation_gap,235/55R19|255/40R21|255/45R20,5x114.3,19|20|21
62106221-faf4-4330-abb9-ccfa957e6e10,2025,Kia,ev6,Standard,1,836,0,A,tires+wheels OK but no packages,package_generation_gap,235/55R19|255/40R21|255/45R20,5x114.3,19|20|21
3c7e5cb2-317e-4ade-87ac-375e12717667,2025,Kia,ev6,Light,1,836,0,A,tires+wheels OK but no packages,package_generation_gap,235/55R19|255/40R21|255/45R20,5x114.3,19|20|21
2cc85838-a471-4448-bb3a-d9b3164abb2d,2025,Kia,ev6,"Light, Standard, Wind, GT-Line, GT",1,836,0,A,tires+wheels OK but no packages,package_generation_gap,235/55R19|255/40R21|255/45R20,5x114.3,19|20|21
7df9b2d9-6746-4f20-be75-1cef69cf1010,2025,Kia,ev6,GT,1,836,0,A,tires+wheels OK but no packages,package_generation_gap,235/55R19|255/40R21|255/45R20,5x114.3,19|20|21
7f7e6946-d9eb-42ac-88bd-c3c3edd232c2,2025,Kia,ev6,GT-Line,1,836,0,A,tires+wheels OK but no packages,package_generation_gap,235/55R19|255/40R21|255/45R20,5x114.3,19|20|21
f827e7ee-ddd5-4b22-b441-980d78afb586,2025,Kia,ev6,Wind,1,836,0,A,tires+wheels OK but no packages,package_generation_gap,235/55R19|255/40R21|255/45R20,5x114.3,19|20|21
10461f6f-0507-4124-89bb-a3aacce0cce4,2026,Kia,ev6,GT-Line,1,836,0,A,tires+wheels OK but no packages,package_generation_gap,235/55R19|255/40R21|255/45R20,5x114.3,19|20|21
11e6d336-5e39-4c78-ba0c-efb6c684f06a,2026,Kia,ev6,Wind,1,836,0,A,tires+wheels OK but no packages,package_generation_gap,235/55R19|255/40R21|255/45R20,5x114.3,19|20|21
944fc744-2d4a-403e-b752-2f6b80a526c2,2026,Kia,ev6,Standard,1,836,0,A,tires+wheels OK but no packages,package_generation_gap,235/55R19|255/40R21|255/45R20,5x114.3,19|20|21
0ab5ca54-bc9f-4b76-8a68-0cb40e10a66b,2026,Kia,ev6,Light,1,836,0,A,tires+wheels OK but no packages,package_generation_gap,235/55R19|255/40R21|255/45R20,5x114.3,19|20|21
0c7c46ae-69f4-44fb-9c89-e2450df06de3,2026,Kia,ev6,"Light, Standard, Wind, GT-Line, GT",1,836,0,A,tires+wheels OK but no packages,package_generation_gap,235/55R19|255/40R21|255/45R20,5x114.3,19|20|21
b5f4111f-1759-4cef-903f-7c761a5e04f9,2026,Kia,ev6,GT,1,836,0,A,tires+wheels OK but no packages,package_generation_gap,235/55R19|255/40R21|255/45R20,5x114.3,19|20|21
4551951f-ee7e-4723-a83e-3a0f33e15016,2024,Kia,ev9,Base,1,836,0,A,tires+wheels OK but no packages,package_generation_gap,255/60R19|275/50R20|285/45R21,5x114.3,19|20|21
33343a3d-508c-4f7b-a916-e1268bbf4c8e,2025,Kia,ev9,Base,1,836,0,A,tires+wheels OK but no packages,package_generation_gap,255/60R19|275/50R20|285/45R21,5x114.3,19|20|21
0ad55f72-2fc4-44cb-90de-5c8033a96429,2026,Kia,ev9,Base,1,836,0,A,tires+wheels OK but no packages,package_generation_gap,255/60R19|275/50R20|285/45R21,5x114.3,19|20|21
67399686-f47b-4514-a7a8-6d33bd593216,2019,Kia,forte,GT,1,0,0,B,no wheel inventory for bolt/diameter,missing_inventory_wheels,205/55R16|215/45R17|225/40R18,5x114.3,15|16|17|18
2594f935-04be-40ef-9e18-3951335cb5fe,2019,Kia,forte,"FE, LXS, GT-Line, GT",1,0,0,B,no wheel inventory for bolt/diameter,missing_inventory_wheels,205/55R16|215/45R17|225/40R18,5x114.3,15|16|17|18
d6332b45-9655-4fd2-8395-fe8d8f1e45af,2019,Kia,forte,LXS,1,0,0,B,no wheel inventory for bolt/diameter,missing_inventory_wheels,205/55R16|215/45R17|225/40R18,5x114.3,15|16|17|18
b07510b5-d95f-4e09-a95f-3e61ba949888,2019,Kia,forte,FE,1,0,0,B,no wheel inventory for bolt/diameter,missing_inventory_wheels,205/55R16|215/45R17|225/40R18,5x114.3,15|16|17|18
9549e655-f4dc-4084-bc7d-222175e45431,2019,Kia,forte,GT-Line,1,0,0,B,no wheel inventory for bolt/diameter,missing_inventory_wheels,205/55R16|215/45R17|225/40R18,5x114.3,15|16|17|18
057a7cf6-31fc-4022-9c0d-3343512e61a7,2020,Kia,forte,GT,1,0,0,B,no wheel inventory for bolt/diameter,missing_inventory_wheels,205/55R16|215/45R17|225/40R18,5x114.3,15|16|17|18
98276ac4-85a3-4d6f-902b-932ab084d87d,2020,Kia,forte,"FE, LXS, GT-Line, GT",1,0,0,B,no wheel inventory for bolt/diameter,missing_inventory_wheels,205/55R16|215/45R17|225/40R18,5x114.3,15|16|17|18
aa5247c9-e021-47c6-b072-60e5447a3c81,2020,Kia,forte,LXS,1,0,0,B,no wheel inventory for bolt/diameter,missing_inventory_wheels,205/55R16|215/45R17|225/40R18,5x114.3,15|16|17|18
478b18d6-5f33-4821-af1f-717c3b4b76d1,2020,Kia,forte,GT-Line,1,0,0,B,no wheel inventory for bolt/diameter,missing_inventory_wheels,205/55R16|215/45R17|225/40R18,5x114.3,15|16|17|18
11841da2-2562-4be7-8446-9aef89956bad,2020,Kia,forte,FE,1,0,0,B,no wheel inventory for bolt/diameter,missing_inventory_wheels,205/55R16|215/45R17|225/40R18,5x114.3,15|16|17|18
8abaa4e0-a8f6-42b3-bd20-605925613bb2,2021,Kia,forte,FE,1,0,0,B,no wheel inventory for bolt/diameter,missing_inventory_wheels,205/55R16|215/45R17|225/40R18,5x114.3,15|16|17|18
4ada8e5a-d961-4d68-a6a4-8ea16c0ed800,2021,Kia,forte,LXS,1,0,0,B,no wheel inventory for bolt/diameter,missing_inventory_wheels,205/55R16|215/45R17|225/40R18,5x114.3,15|16|17|18
38189e4c-d8a3-4aad-b28f-f54bdd90dcc4,2021,Kia,forte,GT-Line,1,0,0,B,no wheel inventory for bolt/diameter,missing_inventory_wheels,205/55R16|215/45R17|225/40R18,5x114.3,15|16|17|18
9f693762-1db3-406e-bb1f-69e3701ddb05,2021,Kia,forte,"FE, LXS, GT-Line, GT",1,0,0,B,no wheel inventory for bolt/diameter,missing_inventory_wheels,205/55R16|215/45R17|225/40R18,5x114.3,15|16|17|18
1af10c62-1de9-4d65-ac10-8f9bab34c551,2021,Kia,forte,GT,1,0,0,B,no wheel inventory for bolt/diameter,missing_inventory_wheels,205/55R16|215/45R17|225/40R18,5x114.3,15|16|17|18
70c05fbe-a9e9-4672-a8e1-3497f0ea6b3b,2022,Kia,forte,FE,1,0,0,B,no wheel inventory for bolt/diameter,missing_inventory_wheels,205/55R16|215/45R17|225/40R18,5x114.3,15|16|17|18
a7346195-60af-4ba3-bd5b-20e089bb0e9a,2022,Kia,forte,GT,1,0,0,B,no wheel inventory for bolt/diameter,missing_inventory_wheels,205/55R16|215/45R17|225/40R18,5x114.3,15|16|17|18
04bcbbae-3f41-4385-bde6-38a8155c847f,2022,Kia,forte,"FE, LXS, GT-Line, GT",1,0,0,B,no wheel inventory for bolt/diameter,missing_inventory_wheels,205/55R16|215/45R17|225/40R18,5x114.3,15|16|17|18
c658b304-0402-4142-bf3c-4953c9f27ec0,2022,Kia,forte,LXS,1,0,0,B,no wheel inventory for bolt/diameter,missing_inventory_wheels,205/55R16|215/45R17|225/40R18,5x114.3,15|16|17|18
aa67da0c-d074-4a2a-abdd-d14ecb00f97c,2022,Kia,forte,GT-Line,1,0,0,B,no wheel inventory for bolt/diameter,missing_inventory_wheels,205/55R16|215/45R17|225/40R18,5x114.3,15|16|17|18
238ee392-6dc6-4711-991e-6a3f787ee552,2023,Kia,forte,"FE, LXS, GT-Line, GT",1,0,0,B,no wheel inventory for bolt/diameter,missing_inventory_wheels,205/55R16|215/45R17|225/40R18,5x114.3,15|16|17|18
8aec15c1-b769-4256-a982-5ed0dd62b26c,2023,Kia,forte,GT-Line,1,0,0,B,no wheel inventory for bolt/diameter,missing_inventory_wheels,205/55R16|215/45R17|225/40R18,5x114.3,15|16|17|18
40bd4a3e-e5ff-407f-9ae5-80a8d84dcdb2,2023,Kia,forte,FE,1,0,0,B,no wheel inventory for bolt/diameter,missing_inventory_wheels,205/55R16|215/45R17|225/40R18,5x114.3,15|16|17|18
a4cdae9e-4f28-49ae-a624-6293d292fc6b,2023,Kia,forte,LXS,1,0,0,B,no wheel inventory for bolt/diameter,missing_inventory_wheels,205/55R16|215/45R17|225/40R18,5x114.3,15|16|17|18
54301b9a-983f-4b35-9286-fe3e9b7dbc97,2023,Kia,forte,GT,1,0,0,B,no wheel inventory for bolt/diameter,missing_inventory_wheels,205/55R16|215/45R17|225/40R18,5x114.3,15|16|17|18
e2019441-607b-44a8-8f8a-c393c40e7340,2024,Kia,forte,FE,1,0,0,B,no wheel inventory for bolt/diameter,missing_inventory_wheels,205/55R16|215/45R17|225/40R18,5x114.3,15|16|17|18
69c6a377-813a-44bc-94d5-b08398b9367c,2024,Kia,forte,GT,1,0,0,B,no wheel inventory for bolt/diameter,missing_inventory_wheels,205/55R16|215/45R17|225/40R18,5x114.3,15|16|17|18
ff8fca16-9304-4d92-8752-12bace0aab15,2024,Kia,forte,GT-Line,1,0,0,B,no wheel inventory for bolt/diameter,missing_inventory_wheels,205/55R16|215/45R17|225/40R18,5x114.3,15|16|17|18
e9037fb6-8ff1-465c-a740-371cdc9193d6,2024,Kia,forte,LXS,1,0,0,B,no wheel inventory for bolt/diameter,missing_inventory_wheels,205/55R16|215/45R17|225/40R18,5x114.3,15|16|17|18
1575601a-0487-40a6-abe2-5accaef6da53,2024,Kia,forte,"FE, LXS, GT-Line, GT",1,0,0,B,no wheel inventory for bolt/diameter,missing_inventory_wheels,205/55R16|215/45R17|225/40R18,5x114.3,15|16|17|18
bbbaa356-5b8a-4c5f-ae7a-216bdc163d6c,2026,Kia,forte,"FE, LXS, GT-Line, GT",1,0,0,B,no wheel inventory for bolt/diameter,missing_inventory_wheels,205/55R16|215/45R17|225/40R18,5x114.3,15|16|17|18
e24e5b1d-c680-4638-9b6c-acec2c78861d,2026,Kia,sorento,SX,1,0,0,B,no wheel inventory for bolt/diameter,missing_inventory_wheels,235/55R19,5x114.3,19
9f653afb-75e2-4996-8512-929744591ed5,2026,Kia,sorento,SX Prestige,1,0,0,B,no wheel inventory for bolt/diameter,missing_inventory_wheels,235/55R19,5x114.3,19
ab49c1f8-17a7-44dd-8385-0fe96a871353,2026,Kia,sportage,SX Turbo,1,0,0,B,no wheel inventory for bolt/diameter,missing_inventory_wheels,235/55R19,5x114.3,19
ce56838b-717d-49eb-b97f-d3860a4c468f,2018,Lamborghini,Aventador,LP740-4 S (Center Lock) Rear LP740-4 S (Center Lock),1,670,0,A,tires+wheels OK but no packages,package_generation_gap,355/25ZR21,,13
86d4aa8d-2368-4af4-8dec-b9b7187ea5fc,2018,Lamborghini,Aventador,LP740-4 S Rear LP740-4 S,1,576,0,A,tires+wheels OK but no packages,package_generation_gap,355/25ZR21,5x120,13
d22815ac-e792-4195-b034-a97963ef7214,2018,Lamborghini,Aventador,LP740-4 S (Center Lock) Front LP740-4 S (Center Lock),1,670,0,A,tires+wheels OK but no packages,package_generation_gap,255/30ZR20,,
9f17faae-f31c-4b2e-9d3e-3b76339ba1f0,2018,Lamborghini,Huracan,Performante (Center Lock) Front Performante (Center Lock),1,670,0,A,tires+wheels OK but no packages,package_generation_gap,245/30ZR20,,
17f9a270-df97-46b5-b045-a2858db4ff4e,2018,Lamborghini,Huracan,Performante (Center Lock) Rear Performante (Center Lock),1,670,0,A,tires+wheels OK but no packages,package_generation_gap,305/30ZR20,,11
619b8218-afe6-4076-8f44-b6f3090a30f4,1993,Land Rover,Defender 90,Base,1,0,0,B,no wheel inventory for bolt/diameter,missing_inventory_wheels,235/85R16|255/85R16,5x165.1,16
08d3f277-8904-40b9-8d7c-7cabaffd457e,1994,Land Rover,Defender 90,Base,1,0,0,B,no wheel inventory for bolt/diameter,missing_inventory_wheels,235/85R16|255/85R16,5x165.1,16
8c4142c5-b16f-4f06-89bd-2288295e51bb,1995,Land Rover,Defender 90,Base,1,0,0,B,no wheel inventory for bolt/diameter,missing_inventory_wheels,235/85R16|255/85R16,5x165.1,16
f2335765-9628-470e-be76-c3824afe9331,1996,Land Rover,Defender 90,Base,1,0,0,B,no wheel inventory for bolt/diameter,missing_inventory_wheels,235/85R16|255/85R16,5x165.1,16
82040ff7-4aba-4d1b-a564-841acf550e6b,1997,Land Rover,Defender 90,Base,1,0,0,B,no wheel inventory for bolt/diameter,missing_inventory_wheels,235/85R16|255/85R16,5x165.1,16
6796e291-25d0-4c40-a9a7-8c5c5f07963d,1994,Land Rover,Discovery,Base,1,0,0,B,no wheel inventory for bolt/diameter,missing_inventory_wheels,205/80R16|235/70R16,5x165.1,16
515cb793-4c74-49ab-be76-e7a64aa56e74,1995,Land Rover,Discovery,Base,1,0,0,B,no wheel inventory for bolt/diameter,missing_inventory_wheels,205/80R16|235/70R16,5x165.1,16
e4d2fdc3-2fab-4bf4-b715-988fc9b0fa1e,1996,Land Rover,Discovery,Base,1,0,0,B,no wheel inventory for bolt/diameter,missing_inventory_wheels,205/80R16|235/70R16,5x165.1,16
c3997921-e90d-4821-9c1c-8af3a7045974,1997,Land Rover,Discovery,Base,1,0,0,B,no wheel inventory for bolt/diameter,missing_inventory_wheels,205/80R16|235/70R16,5x165.1,16
4194d0c9-3d81-4804-b384-fc4115834658,1998,Land Rover,Discovery,Base,1,0,0,B,no wheel inventory for bolt/diameter,missing_inventory_wheels,205/80R16|235/70R16,5x165.1,16
89fd1d32-60b2-4944-aae6-d61a9851b302,1999,Land Rover,Discovery,Base,1,0,0,B,no wheel inventory for bolt/diameter,missing_inventory_wheels,205/80R16|235/70R16,5x165.1,16
a8096f5a-8704-458e-906a-3d4ee811384e,1990,Land Rover,Range Rover,Base,1,0,0,B,no wheel inventory for bolt/diameter,missing_inventory_wheels,205/80R16|235/75R16,5x165.1,16
b87e7d36-e075-45a1-9736-c77aeae2b6a8,1991,Land Rover,Range Rover,Base,1,0,0,B,no wheel inventory for bolt/diameter,missing_inventory_wheels,205/80R16|235/75R16,5x165.1,16
9e466f01-233b-47e5-9c5f-e2801bbe189f,1992,Land Rover,Range Rover,Base,1,0,0,B,no wheel inventory for bolt/diameter,missing_inventory_wheels,205/80R16|235/75R16,5x165.1,16
6e140807-8d8b-4aa4-a41e-c122e047eaca,1993,Land Rover,Range Rover,Base,1,0,0,B,no wheel inventory for bolt/diameter,missing_inventory_wheels,205/80R16|235/75R16,5x165.1,16
8da7ddbe-ad58-4457-ab85-52ac2f763ebf,1994,Land Rover,Range Rover,Base,1,0,0,B,no wheel inventory for bolt/diameter,missing_inventory_wheels,205/80R16|235/75R16,5x165.1,16
07875816-6238-44de-85ac-4d6d4e96620d,2011,Land Rover,range-rover-evoque,Base,1,0,0,B,no wheel inventory for bolt/diameter,missing_inventory_wheels,235/60R18|245/45R20|255/40R21,5x120,18|20|21
6f843ce8-85da-4a80-b9ef-1b304bbb0052,2026,Land Rover,range-rover-evoque,Base,1,0,0,B,no wheel inventory for bolt/diameter,missing_inventory_wheels,235/60R18|245/45R20|255/40R21,5x120,18|20|21
c841660e-f65f-4549-82b0-726c5a859a81,2018,Lexus,GS F,Base,1,0,0,B,no wheel inventory for bolt/diameter,missing_inventory_wheels,255/35ZR19|275/35ZR19,5x114.3,19
54f5fb31-4457-45da-b9f5-3266907620d5,2018,Lexus,GS300,F Sport,1,0,0,B,no wheel inventory for bolt/diameter,missing_inventory_wheels,235/40R19|265/35R19,5x114.3,19
30680a78-9c9a-474d-9251-ca3787ada13a,2018,Lexus,GS350,F Sport (RWD),1,0,0,B,no wheel inventory for bolt/diameter,missing_inventory_wheels,235/40R19|265/35R19,5x114.3,19
bfec644f-9310-415d-ac54-c3ae5a8307c4,2018,Lexus,GS450h,F Sport,1,0,0,B,no wheel inventory for bolt/diameter,missing_inventory_wheels,235/40R19|265/35R19,5x114.3,19
90a64f27-2d16-4409-afb8-7a43520a8243,2018,Lexus,LC500,Base,0,359,3,C,only vintage/non-standard sizes: 245/40RF21 245/45RF20 275/35RF21,vintage_tire_size,245/40RF21|245/45RF20|275/35RF21|275/40RF20,5x120,20|21
3c056c0b-bd51-4093-bd7e-c899f349d1c8,2018,Lexus,LC500h,Base,0,359,3,C,only vintage/non-standard sizes: 245/40RF21 245/45RF20 275/35RF21,vintage_tire_size,245/40RF21|245/45RF20|275/35RF21|275/40RF20,5x120,20|21
9127b668-bcb0-4f92-adaf-fe428e73e5ae,2018,Lexus,LS500,Base,0,618,3,C,only vintage/non-standard sizes: 245/45RF20 245/50RF19,vintage_tire_size,245/45RF20|245/50RF19,5x120,
351f10a9-3c6e-413a-b602-7c0513b9b14e,2018,Lexus,LS500,F Sport,0,555,3,C,only vintage/non-standard sizes: 245/45RF20 275/40RF20,vintage_tire_size,245/45RF20|275/40RF20,5x120,20
f99af573-0e83-4c3f-a393-f32dea764408,2018,Lexus,LS500h,Base,0,618,3,C,only vintage/non-standard sizes: 245/45RF20 245/50RF19,vintage_tire_size,245/45RF20|245/50RF19,5x120,
91d53a40-2d13-49d8-8fc4-a9d2af52ec6c,2015,Lexus,RC F,Base,1,0,0,B,no wheel inventory for bolt/diameter,missing_inventory_wheels,255/35ZR19|275/35ZR19,5x114.3,19
262925a5-1016-4789-a0e1-b51a4fe7bfda,2016,Lexus,RC F,Base,1,0,0,B,no wheel inventory for bolt/diameter,missing_inventory_wheels,255/35ZR19|275/35ZR19,5x114.3,19
cd6e5ec8-abde-4b36-894a-15ec1f52297e,2017,Lexus,RC F,Base,1,0,0,B,no wheel inventory for bolt/diameter,missing_inventory_wheels,255/35ZR19|275/35ZR19,5x114.3,19
374b0932-f33c-45e5-b37c-2008f683e201,2018,Lexus,RC F,Base,1,0,0,B,no wheel inventory for bolt/diameter,missing_inventory_wheels,255/35ZR19|275/35ZR19,5x114.3,19
8f9ee1d3-98b7-4bd6-8415-8b8ff252ab10,2019,Lexus,RC F,Base,1,0,0,B,no wheel inventory for bolt/diameter,missing_inventory_wheels,255/35ZR19|275/35ZR19,5x114.3,19
7b6b1eaa-848f-44c5-ab9b-b52737188c2a,2020,Lexus,RC F,Base,1,0,0,B,no wheel inventory for bolt/diameter,missing_inventory_wheels,255/35ZR19|275/35ZR19,5x114.3,19
612de0e1-950c-4d96-891e-6f4227195920,2021,Lexus,RC F,Base,1,0,0,B,no wheel inventory for bolt/diameter,missing_inventory_wheels,255/35ZR19|275/35ZR19,5x114.3,19
6d8f277a-871d-454c-9e2f-b36ed9a5be1f,2022,Lexus,RC F,Base,1,0,0,B,no wheel inventory for bolt/diameter,missing_inventory_wheels,255/35ZR19|275/35ZR19,5x114.3,19
7061e5e7-a156-46fd-8b17-19c9beefb639,2023,Lexus,RC F,Base,1,0,0,B,no wheel inventory for bolt/diameter,missing_inventory_wheels,255/35ZR19|275/35ZR19,5x114.3,19
fd8a3c1b-5f94-4a55-8711-aad1bafe5e17,2024,Lexus,RC F,Base,1,0,0,B,no wheel inventory for bolt/diameter,missing_inventory_wheels,255/35ZR19|275/35ZR19,5x114.3,19
8a254da4-958f-4e36-a029-9c1aa5003cf4,2025,Lexus,RC F,Base,1,0,0,B,no wheel inventory for bolt/diameter,missing_inventory_wheels,255/35ZR19|275/35ZR19,5x114.3,19
c03a8938-579f-4ec6-b987-13af3cfcb50f,2018,Lexus,RC300,(RWD),1,0,0,B,no wheel inventory for bolt/diameter,missing_inventory_wheels,235/40R19|265/35R19,5x114.3,19
5164ea76-dfa3-450a-939f-4be92b4eeec7,2018,Lexus,RC300,F Sport (RWD),1,0,0,B,no wheel inventory for bolt/diameter,missing_inventory_wheels,235/40R19|265/35R19,5x114.3,19
a9e29ef9-1c24-40f0-a647-089c43af3a9f,2018,Lexus,RC350,(RWD),1,0,0,B,no wheel inventory for bolt/diameter,missing_inventory_wheels,235/40R19|265/35R19,5x114.3,19
bf8b4188-92a5-4ea4-8bd1-75b7c42e5fe3,2018,Lexus,RC350,F Sport (RWD),1,0,0,B,no wheel inventory for bolt/diameter,missing_inventory_wheels,235/40R19|265/35R19,5x114.3,19
b04b0ad9-34cf-479e-9134-34af5e661ccd,2019,Lexus,lc,LC 500,0,0,0,D,vintage sizes only: 245/40RF21 275/35RF21,vintage_tire_size,245/40RF21|275/35RF21,5x114.3,21
9e1f88ba-61ad-4c7e-9168-fc21a5604c82,2019,Lexus,lc,"LC 500, LC 500h",0,0,0,D,vintage sizes only: 245/40RF21 275/35RF21,vintage_tire_size,245/40RF21|275/35RF21,5x114.3,21
e39181b7-d615-456c-9be6-c038e16d0c34,2019,Lexus,lc,LC 500h,0,1053,3,C,only vintage/non-standard sizes: 245/45RF20 275/40RF20,vintage_tire_size,245/45RF20|275/40RF20,5x114.3,20
788cf637-433b-4b94-8b9c-bdb9ac780490,2022,Lexus,lc,Base,0,0,0,D,vintage sizes only: 245/40RF21 275/35RF21,vintage_tire_size,245/40RF21|275/35RF21,5x114.3,21
1cee2b34-7189-41f7-8ede-109cc36fdf08,2023,Lexus,lc,Base,0,0,0,D,vintage sizes only: 245/40RF21 275/35RF21,vintage_tire_size,245/40RF21|275/35RF21,5x114.3,21
cfd952c9-43c8-4ad0-8e0d-56a7cbf4dd00,2024,Lexus,lc,Base,0,0,0,D,vintage sizes only: 245/40RF21 275/35RF21,vintage_tire_size,245/40RF21|275/35RF21,5x114.3,21
25dc90c6-5e08-4b25-82d5-2d3b01e01c30,2025,Lexus,lc,Base,0,0,0,D,vintage sizes only: 245/40RF21 275/35RF21,vintage_tire_size,245/40RF21|275/35RF21,5x114.3,21
0a869b26-aada-4e55-b546-028f2a3c97ef,2026,Lexus,lc,Base,0,0,0,D,vintage sizes only: 245/40RF21 275/35RF21,vintage_tire_size,245/40RF21|275/35RF21,5x114.3,21
54fe8ec3-a8ae-4335-870e-e4f626f12c49,2024,Lincoln,Navigator,Premiere,1,1196,0,A,tires+wheels OK but no packages,package_generation_gap,275/55R20|285/45R22,6x135,20|22
b2c7e103-7ed2-4523-9ddf-41356da7ad7a,2017,Lincoln,continental,Reserve,1,836,0,A,tires+wheels OK but no packages,package_generation_gap,245/40R20|245/45R19|265/35R21,5x114.3,19|20|21
dda3adb0-bf06-4227-bf6e-3668f390944c,2017,Lincoln,continental,Select,1,836,0,A,tires+wheels OK but no packages,package_generation_gap,245/40R20|245/45R19|265/35R21,5x114.3,19|20|21
8914ccb2-8b32-4cf5-91bc-04de8b4f87c4,2017,Lincoln,continental,Black Label,1,836,0,A,tires+wheels OK but no packages,package_generation_gap,245/40R20|245/45R19|265/35R21,5x114.3,19|20|21
83adabef-089c-4ab3-bb60-8d6aab27938d,2017,Lincoln,continental,"Premiere, Select, Reserve, Black Label",1,836,0,A,tires+wheels OK but no packages,package_generation_gap,245/40R20|245/45R19|265/35R21,5x114.3,19|20|21
8f76475c-ae4c-478a-8252-93368d5a32e7,2017,Lincoln,continental,Premiere,1,836,0,A,tires+wheels OK but no packages,package_generation_gap,245/40R20|245/45R19|265/35R21,5x114.3,19|20|21
060ceaf0-0cb8-4e16-80b7-2c4edcaa3b34,2019,Lincoln,continental,Black Label,1,836,0,A,tires+wheels OK but no packages,package_generation_gap,245/40R20|245/45R19|265/35R21,5x114.3,19|20|21
e803f06b-0ae0-40cb-a9b9-f480b9bf088f,2019,Lincoln,continental,Select,1,836,0,A,tires+wheels OK but no packages,package_generation_gap,245/40R20|245/45R19|265/35R21,5x114.3,19|20|21
0a8c1e70-52ec-474b-8d77-4c45d2559653,2019,Lincoln,continental,Premiere,1,836,0,A,tires+wheels OK but no packages,package_generation_gap,245/40R20|245/45R19|265/35R21,5x114.3,19|20|21
d8101f83-d5c9-4ce4-949c-a7d67e93408f,2019,Lincoln,continental,"Premiere, Select, Reserve, Black Label",1,836,0,A,tires+wheels OK but no packages,package_generation_gap,245/40R20|245/45R19|265/35R21,5x114.3,19|20|21
30eae1ff-347b-4551-8d82-aa0187ac8620,2019,Lincoln,continental,Reserve,1,836,0,A,tires+wheels OK but no packages,package_generation_gap,245/40R20|245/45R19|265/35R21,5x114.3,19|20|21
3acca997-ce16-416c-b345-100d6baed1b7,2020,Lincoln,continental,"Premiere, Select, Reserve, Black Label",1,836,0,A,tires+wheels OK but no packages,package_generation_gap,245/40R20|245/45R19|265/35R21,5x114.3,19|20|21
f3e4d634-c06c-4884-a551-9f07b85f993e,2020,Lincoln,continental,Reserve,1,836,0,A,tires+wheels OK but no packages,package_generation_gap,245/40R20|245/45R19|265/35R21,5x114.3,19|20|21
b42868cc-3459-4696-be0f-8314431cf0d5,2020,Lincoln,continental,Select,1,836,0,A,tires+wheels OK but no packages,package_generation_gap,245/40R20|245/45R19|265/35R21,5x114.3,19|20|21
1f882f22-5164-4b29-a9ce-e604c2ddc769,2020,Lincoln,continental,Premiere,1,836,0,A,tires+wheels OK but no packages,package_generation_gap,245/40R20|245/45R19|265/35R21,5x114.3,19|20|21
510af567-62bd-4c82-a5c3-96ce97ee49dd,2020,Lincoln,continental,Black Label,1,836,0,A,tires+wheels OK but no packages,package_generation_gap,245/40R20|245/45R19|265/35R21,5x114.3,19|20|21
344be913-9d64-4162-bde2-ac3fff24a117,2015,Lincoln,mkc,Base,1,0,0,B,no wheel inventory for bolt/diameter,missing_inventory_wheels,235/55R18|245/45R19,5x108,18|19
10f8771a-101f-488f-acc7-00f81cd77a9f,2016,Lincoln,mkc,Base,1,0,0,B,no wheel inventory for bolt/diameter,missing_inventory_wheels,235/55R18|245/45R19,5x108,18|19
87aa2534-1619-4786-81c7-65d47e948ce6,2017,Lincoln,mkc,Base,1,0,0,B,no wheel inventory for bolt/diameter,missing_inventory_wheels,235/55R18|245/45R19,5x108,18|19
fd836594-f6ca-4917-8dd2-d0a64befc184,1998,Lincoln,navigator,"Standard, Reserve, Black Label",1,0,0,B,no wheel inventory for bolt/diameter,missing_inventory_wheels,215/70R16,5x135,16
cfb9d429-bd4f-47b2-bc6a-ae221af4b53a,1998,Lincoln,navigator,Black Label,1,0,0,B,no wheel inventory for bolt/diameter,missing_inventory_wheels,215/70R16,5x135,16
984f7cef-b43a-45d5-9d29-b371784bfa8b,1998,Lincoln,navigator,Standard,1,0,0,B,no wheel inventory for bolt/diameter,missing_inventory_wheels,215/70R16,5x135,16
f4012a88-fe7b-4733-a634-f1b233117f83,1998,Lincoln,navigator,Reserve,1,0,0,B,no wheel inventory for bolt/diameter,missing_inventory_wheels,215/70R16,5x135,16
0666212f-fd91-41e2-8663-435f1e2858a9,1999,Lincoln,navigator,Black Label,1,0,0,B,no wheel inventory for bolt/diameter,missing_inventory_wheels,215/70R16,5x135,16
9a715fbb-022b-42df-b591-7470f3f7cd02,1999,Lincoln,navigator,"Standard, Reserve, Black Label",1,0,0,B,no wheel inventory for bolt/diameter,missing_inventory_wheels,215/70R16,5x135,16
ea43008f-b027-4e43-a652-b920e7fa57ef,1999,Lincoln,navigator,Reserve,1,0,0,B,no wheel inventory for bolt/diameter,missing_inventory_wheels,215/70R16,5x135,16
cd1716f5-1a39-48f7-a941-08e0ad3dfb7b,1999,Lincoln,navigator,Standard,1,0,0,B,no wheel inventory for bolt/diameter,missing_inventory_wheels,215/70R16,5x135,16
0ef8abed-0a97-40e8-b908-2fdcdfc83a89,2000,Lincoln,navigator,Reserve,1,0,0,B,no wheel inventory for bolt/diameter,missing_inventory_wheels,215/60R16,5x135,16
b5408bfb-6916-4e54-88cb-3410f0093641,2000,Lincoln,navigator,"Standard, Reserve, Black Label",1,0,0,B,no wheel inventory for bolt/diameter,missing_inventory_wheels,215/60R16,5x135,16
ba0e9603-c372-4dac-add2-7dc93072ddce,2000,Lincoln,navigator,Black Label,1,0,0,B,no wheel inventory for bolt/diameter,missing_inventory_wheels,215/60R16,5x135,16
53db076f-c77d-455b-a453-87ca548c75f0,2000,Lincoln,navigator,Standard,1,0,0,B,no wheel inventory for bolt/diameter,missing_inventory_wheels,215/60R16,5x135,16
cce893d6-2b07-469a-bb55-c6defd3fa6d4,2001,Lincoln,navigator,Black Label,1,0,0,B,no wheel inventory for bolt/diameter,missing_inventory_wheels,215/60R16,5x135,16
382709b7-b602-4c07-a9c1-25cf90e64793,2001,Lincoln,navigator,Reserve,1,0,0,B,no wheel inventory for bolt/diameter,missing_inventory_wheels,215/60R16,5x135,16
7bcf66ed-0c3b-41b7-8e38-608138927cfd,2001,Lincoln,navigator,Standard,1,0,0,B,no wheel inventory for bolt/diameter,missing_inventory_wheels,215/60R16,5x135,16
11564f7b-32ea-495f-8a6b-aa62204a7dec,2001,Lincoln,navigator,"Standard, Reserve, Black Label",1,0,0,B,no wheel inventory for bolt/diameter,missing_inventory_wheels,215/60R16,5x135,16
048bae09-df84-4c6e-b033-1569df6fdd0b,2002,Lincoln,navigator,Standard,1,0,0,B,no wheel inventory for bolt/diameter,missing_inventory_wheels,215/60R16,5x135,16
65eb81fa-a2d5-492f-a34e-eec0402b16bb,2002,Lincoln,navigator,"Standard, Reserve, Black Label",1,0,0,B,no wheel inventory for bolt/diameter,missing_inventory_wheels,215/60R16,5x135,16
0d0f6ef4-825b-415f-ac88-d681e0eacd88,2002,Lincoln,navigator,Reserve,1,0,0,B,no wheel inventory for bolt/diameter,missing_inventory_wheels,215/60R16,5x135,16
94c75744-b23f-4339-be16-36e070bfe006,2002,Lincoln,navigator,Black Label,1,0,0,B,no wheel inventory for bolt/diameter,missing_inventory_wheels,215/60R16,5x135,16
be08ce04-3e70-449a-a93b-cea1cedf5b9d,2010,Lincoln,navigator,Reserve,1,1196,0,A,tires+wheels OK but no packages,package_generation_gap,275/55R20|285/45R22,6x135,20|22
76d5430d-6a35-44b9-a016-f72a5de4b25c,2010,Lincoln,navigator,Standard,1,1196,0,A,tires+wheels OK but no packages,package_generation_gap,275/55R20|285/45R22,6x135,20|22
6521dc04-4bf9-4dd1-ae68-dbe91a04a022,2010,Lincoln,navigator,Black Label,1,1196,0,A,tires+wheels OK but no packages,package_generation_gap,275/55R20|285/45R22,6x135,20|22
58ace9f8-afa7-4aa9-817e-cd1cdeb2f588,2010,Lincoln,navigator,"Standard, Reserve, Black Label",1,1196,0,A,tires+wheels OK but no packages,package_generation_gap,275/55R20|285/45R22,6x135,20|22
833edde0-7914-4933-b355-6d70dde927b1,2011,Lincoln,navigator,Reserve,1,1196,0,A,tires+wheels OK but no packages,package_generation_gap,275/55R20|285/45R22,6x135,20|22
1d92f4d4-ae30-4f68-84a9-f4e0d03f1fb4,2011,Lincoln,navigator,"Standard, Reserve, Black Label",1,1196,0,A,tires+wheels OK but no packages,package_generation_gap,275/55R20|285/45R22,6x135,20|22
a53ee76a-fb80-4a8a-a13a-4068f552cd6f,2011,Lincoln,navigator,Black Label,1,1196,0,A,tires+wheels OK but no packages,package_generation_gap,275/55R20|285/45R22,6x135,20|22
5320d15e-b6b6-421d-810c-a4cf3c6cd590,2011,Lincoln,navigator,Standard,1,1196,0,A,tires+wheels OK but no packages,package_generation_gap,275/55R20|285/45R22,6x135,20|22
286c965c-b2fc-435f-bdd9-484d191442b6,2012,Lincoln,navigator,"Standard, Reserve, Black Label",1,1196,0,A,tires+wheels OK but no packages,package_generation_gap,275/55R20|285/45R22,6x135,20|22
8f51fa71-9c00-485e-83ee-a685b2f10e58,2012,Lincoln,navigator,Reserve,1,1196,0,A,tires+wheels OK but no packages,package_generation_gap,275/55R20|285/45R22,6x135,20|22
aa09b90b-81f8-4584-acbc-4eb3511a55f7,2012,Lincoln,navigator,Black Label,1,1196,0,A,tires+wheels OK but no packages,package_generation_gap,275/55R20|285/45R22,6x135,20|22
d5bd2465-95e7-483c-a5ac-274a513e43f9,2012,Lincoln,navigator,Standard,1,1196,0,A,tires+wheels OK but no packages,package_generation_gap,275/55R20|285/45R22,6x135,20|22
23469a75-4f7c-4314-a9a6-de38d7bf799e,2013,Lincoln,navigator,"Standard, Reserve, Black Label",1,1196,0,A,tires+wheels OK but no packages,package_generation_gap,275/55R20|285/45R22,6x135,20|22
09547455-d975-4ff5-aeb3-eafe658b4092,2013,Lincoln,navigator,Black Label,1,1196,0,A,tires+wheels OK but no packages,package_generation_gap,275/55R20|285/45R22,6x135,20|22
d19b1304-b75e-491b-94ed-b9cc37ade609,2013,Lincoln,navigator,Standard,1,1196,0,A,tires+wheels OK but no packages,package_generation_gap,275/55R20|285/45R22,6x135,20|22
805fa7c1-f376-49ba-ba1c-6bddfde54644,2013,Lincoln,navigator,Reserve,1,1196,0,A,tires+wheels OK but no packages,package_generation_gap,275/55R20|285/45R22,6x135,20|22
e2d7e6f9-aa43-41dc-9ea3-36bd501c1a0c,2014,Lincoln,navigator,Standard,1,1196,0,A,tires+wheels OK but no packages,package_generation_gap,275/55R20|285/45R22,6x135,20|22
189d76d0-a6cb-4b1c-96b1-a5929dcf1082,2014,Lincoln,navigator,Black Label,1,1196,0,A,tires+wheels OK but no packages,package_generation_gap,275/55R20|285/45R22,6x135,20|22
839c76e7-d4ef-4227-b706-f15b241dc941,2014,Lincoln,navigator,Reserve,1,1196,0,A,tires+wheels OK but no packages,package_generation_gap,275/55R20|285/45R22,6x135,20|22
3127dcc9-7a9d-4435-a752-2edf139e02a2,2014,Lincoln,navigator,"Standard, Reserve, Black Label",1,1196,0,A,tires+wheels OK but no packages,package_generation_gap,275/55R20|285/45R22,6x135,20|22
7582dfe3-82ea-4102-b795-cce93914f239,2018,Maserati,Ghibli,Base,1,836,0,A,tires+wheels OK but no packages,package_generation_gap,245/35ZR21|245/40R20|245/40ZR20|245/45R19|245/45ZR19|275/40R19|275/40ZR19|285/30ZR21|285/35R20|285/35ZR20,5x114.3,19|20|21
be2d6feb-bbca-4f9b-9b62-d155f3ef2ac5,2018,Maserati,Ghibli,S Q4,1,836,0,A,tires+wheels OK but no packages,package_generation_gap,245/35ZR21|245/40R20|245/40ZR20|245/45R19|245/45ZR19|275/40R19|275/40ZR19|285/30ZR21|285/35R20|285/35ZR20,5x114.3,19|20|21
7722d42e-c69e-4c38-8575-9709d6ccf459,2018,Maserati,Ghibli,S,1,836,0,A,tires+wheels OK but no packages,package_generation_gap,245/35ZR21|245/40R20|245/40ZR20|245/45R19|245/45ZR19|275/40R19|275/40ZR19|285/30ZR21|285/35R20|285/35ZR20,5x114.3,19|20|21
d8ffb8ba-1659-45c8-a82d-a2b35c456d75,2018,Maserati,Levante,S (21 Inch Option),1,0,0,B,no wheel inventory for bolt/diameter,missing_inventory_wheels,265/40R21|295/35R21,5x114.3,21
836b65e5-bb63-43c0-beef-ea17bd509a99,2018,Maserati,Levante,S,1,0,0,B,no wheel inventory for bolt/diameter,missing_inventory_wheels,265/50R19|295/45R19,5x114.3,19
ba27917f-72dd-4831-b3a8-6e61209afbc6,2018,Maserati,Quattroporte,GTS,1,836,0,A,tires+wheels OK but no packages,package_generation_gap,245/35ZR21|245/40R20|245/40ZR20|245/45R19|245/45ZR19|275/40R19|275/40ZR19|285/30ZR21|285/35R20|285/35ZR20,5x114.3,19|20|21
920d082a-b3ab-463f-ab7c-861f777601f9,2018,Maserati,Quattroporte,S Q4,1,836,0,A,tires+wheels OK but no packages,package_generation_gap,245/35ZR21|245/40R20|245/40ZR20|245/45R19|245/45ZR19|275/40R19|275/40ZR19|285/30ZR21|285/35R20|285/35ZR20,5x114.3,19|20|21
8794f3da-cc4f-400b-ab80-f8d8ef6c4035,2018,Maserati,Quattroporte,S,1,836,0,A,tires+wheels OK but no packages,package_generation_gap,245/35ZR21|245/40R20|245/40ZR20|245/45R19|245/45ZR19|275/40R19|275/40ZR19|285/30ZR21|285/35R20|285/35ZR20,5x114.3,19|20|21
e13ae4da-4283-418c-bd09-b34c4cbc3195,2014,Mazda,Mazda6,Grand Touring,1,0,0,B,no wheel inventory for bolt/diameter,missing_inventory_wheels,225/45R19,5x114.3,19
2be23653-cb55-4792-aede-e8859af13643,2014,Mazda,Mazda6,Signature,1,0,0,B,no wheel inventory for bolt/diameter,missing_inventory_wheels,225/45R19,5x114.3,19
f1cda502-7b04-4de6-a2b4-9ea8462b0ac5,2014,Mazda,Mazda6,Touring,1,0,0,B,no wheel inventory for bolt/diameter,missing_inventory_wheels,225/45R19,5x114.3,19
a72fa025-395b-4a41-ba86-3adf3b112b90,2015,Mazda,Mazda6,Signature,1,0,0,B,no wheel inventory for bolt/diameter,missing_inventory_wheels,225/45R19,5x114.3,19
c38da231-25e8-49ff-8dfd-488fefba602f,2015,Mazda,Mazda6,Grand Touring,1,0,0,B,no wheel inventory for bolt/diameter,missing_inventory_wheels,225/45R19,5x114.3,19
24ddc572-91ad-4041-94d6-af1144153688,2015,Mazda,Mazda6,Touring,1,0,0,B,no wheel inventory for bolt/diameter,missing_inventory_wheels,225/45R19,5x114.3,19
737102ac-e7c0-453b-8284-e0b9956aec3d,2016,Mazda,Mazda6,Touring,1,0,0,B,no wheel inventory for bolt/diameter,missing_inventory_wheels,225/45R19,5x114.3,19
ce2b6e35-7732-4f98-b2e8-8545891aa3db,2016,Mazda,Mazda6,Signature,1,0,0,B,no wheel inventory for bolt/diameter,missing_inventory_wheels,225/45R19,5x114.3,19
d0225cf5-30bc-4b69-b22c-f518ae580061,2016,Mazda,Mazda6,Grand Touring,1,0,0,B,no wheel inventory for bolt/diameter,missing_inventory_wheels,225/45R19,5x114.3,19
31082305-bf94-45c5-85cc-d2605f7ceb18,2017,Mazda,Mazda6,Signature,1,0,0,B,no wheel inventory for bolt/diameter,missing_inventory_wheels,225/45R19,5x114.3,19
adf23e5b-e96a-4d9c-9cc5-49295a4b2cb7,2017,Mazda,Mazda6,Touring,1,0,0,B,no wheel inventory for bolt/diameter,missing_inventory_wheels,225/45R19,5x114.3,19
2aba1427-6b36-4111-8391-aa0bc3cc7585,2017,Mazda,Mazda6,Grand Touring,1,0,0,B,no wheel inventory for bolt/diameter,missing_inventory_wheels,225/45R19,5x114.3,19
21ab715f-8317-4fa2-aa19-68b4636d17e1,2019,Mazda,Mazda6,Grand Touring,1,0,0,B,no wheel inventory for bolt/diameter,missing_inventory_wheels,225/45R19,5x114.3,19
ec98f01f-58e3-4c2b-a8a7-f7ce3c0be20b,2019,Mazda,Mazda6,Signature,1,0,0,B,no wheel inventory for bolt/diameter,missing_inventory_wheels,225/45R19,5x114.3,19
a709c9f3-1d18-4057-978b-bd5eaf505685,2019,Mazda,Mazda6,Touring,1,0,0,B,no wheel inventory for bolt/diameter,missing_inventory_wheels,225/45R19,5x114.3,19
6ebe4907-66d1-47d0-aff7-cc0d76a50c6b,2020,Mazda,Mazda6,Touring,1,0,0,B,no wheel inventory for bolt/diameter,missing_inventory_wheels,225/45R19,5x114.3,19
8c8db3ff-d7fe-4dd4-ab7f-cb0a8f4e0bbb,2020,Mazda,Mazda6,Grand Touring,1,0,0,B,no wheel inventory for bolt/diameter,missing_inventory_wheels,225/45R19,5x114.3,19
a26b36d8-83db-4f0e-8360-87c2514d3705,2020,Mazda,Mazda6,Signature,1,0,0,B,no wheel inventory for bolt/diameter,missing_inventory_wheels,225/45R19,5x114.3,19
b838cf4d-62a1-4d34-b1bb-37fb92f84d81,2021,Mazda,Mazda6,Grand Touring,1,0,0,B,no wheel inventory for bolt/diameter,missing_inventory_wheels,225/45R19,5x114.3,19
eacc9d43-9283-4bf9-8200-494aa7c142fd,2021,Mazda,Mazda6,Touring,1,0,0,B,no wheel inventory for bolt/diameter,missing_inventory_wheels,225/45R19,5x114.3,19
01e882ff-94f9-4711-af9e-9f0fbba5086d,2021,Mazda,Mazda6,Signature,1,0,0,B,no wheel inventory for bolt/diameter,missing_inventory_wheels,225/45R19,5x114.3,19
4860ef40-421b-4d89-974e-3b6966518b9d,2004,Mazda,mx-5-miata,Mazdaspeed,1,0,0,B,no wheel inventory for bolt/diameter,missing_inventory_wheels,205/40R17,4x100,17
a7736aab-16d5-4523-af13-8b1ad153d07e,2005,Mazda,mx-5-miata,Mazdaspeed,1,0,0,B,no wheel inventory for bolt/diameter,missing_inventory_wheels,205/40R17,4x100,17
29500b03-39cc-4439-88d4-f73274fbdbc0,2014,Mercedes,amg-gt,Base,1,836,0,A,tires+wheels OK but no packages,package_generation_gap,265/35R19|295/30R20|325/30R21,5x114.3,19|20|21
2945e488-d6c2-41be-b6b6-3f597e9eff04,2015,Mercedes,c-class,C 450 AMG 4MATIC,1,0,0,B,no wheel inventory for bolt/diameter,missing_inventory_wheels,205/60R16|225/40R19|225/45R18|225/50R17|245/40R18|255/30R20|255/35R19|285/25R20|285/30R19,5x112,16|17|18|19|20
17fe21a7-c9ec-4491-a515-7877f3e9c18c,2015,Mercedes,c-class,C 300,1,0,0,B,no wheel inventory for bolt/diameter,missing_inventory_wheels,205/60R16|225/40R19|225/45R18|225/50R17|245/40R18|255/30R20|255/35R19|285/25R20|285/30R19,5x112,16|17|18|19|20
3aabc5be-2628-4966-b0c4-4504d9e30742,2015,Mercedes,c-class,C 300 4MATIC,1,0,0,B,no wheel inventory for bolt/diameter,missing_inventory_wheels,205/60R16|225/40R19|225/45R18|225/50R17|245/40R18|255/30R20|255/35R19|285/25R20|285/30R19,5x112,16|17|18|19|20
e9b22fd8-a25f-4dc5-be26-f09ae9635a45,2015,Mercedes,c-class,C 350e Plug-In Hybrid,1,0,0,B,no wheel inventory for bolt/diameter,missing_inventory_wheels,205/60R16|225/40R19|225/45R18|225/50R17|245/40R18|255/30R20|255/35R19|285/25R20|285/30R19,5x112,16|17|18|19|20
33a9f066-06e0-4fcd-85bc-83dfb8e8d0bb,2015,Mercedes,c-class,AMG C 63 S,1,0,0,B,no wheel inventory for bolt/diameter,missing_inventory_wheels,205/60R16|225/40R19|225/45R18|225/50R17|245/40R18|255/30R20|255/35R19|285/25R20|285/30R19,5x112,16|17|18|19|20
730e3792-da73-474f-84ec-be743a81818b,2015,Mercedes,c-class,C 400 4MATIC,1,0,0,B,no wheel inventory for bolt/diameter,missing_inventory_wheels,205/60R16|225/40R19|225/45R18|225/50R17|245/40R18|255/30R20|255/35R19|285/25R20|285/30R19,5x112,16|17|18|19|20
7fb71a46-c8a5-4ea3-b87a-1935ac3a28b9,2015,Mercedes,c-class,AMG C 63,1,0,0,B,no wheel inventory for bolt/diameter,missing_inventory_wheels,205/60R16|225/40R19|225/45R18|225/50R17|245/40R18|255/30R20|255/35R19|285/25R20|285/30R19,5x112,16|17|18|19|20
0aea1a5a-0c42-4a80-adb6-faee913169b3,2015,Mercedes,c-class,AMG C 43 4MATIC,1,0,0,B,no wheel inventory for bolt/diameter,missing_inventory_wheels,205/60R16|225/40R19|225/45R18|225/50R17|245/40R18|255/30R20|255/35R19|285/25R20|285/30R19,5x112,16|17|18|19|20
7dcd0a70-32fe-4046-b6d2-adce427c008f,2016,Mercedes,c-class,C 300 4MATIC,1,0,0,B,no wheel inventory for bolt/diameter,missing_inventory_wheels,205/60R16|225/40R19|225/45R18|225/50R17|245/40R18|255/30R20|255/35R19|285/25R20|285/30R19,5x112,16|17|18|19|20
a78bf622-29ba-4e13-9b79-212aed6bff1d,2016,Mercedes,c-class,AMG C 43 4MATIC,1,0,0,B,no wheel inventory for bolt/diameter,missing_inventory_wheels,205/60R16|225/40R19|225/45R18|225/50R17|245/40R18|255/30R20|255/35R19|285/25R20|285/30R19,5x112,16|17|18|19|20
9100c642-ab65-4e5a-85f8-e4b150859323,2016,Mercedes,c-class,AMG C 63,1,0,0,B,no wheel inventory for bolt/diameter,missing_inventory_wheels,205/60R16|225/40R19|225/45R18|225/50R17|245/40R18|255/30R20|255/35R19|285/25R20|285/30R19,5x112,16|17|18|19|20
0a9bc414-1dc5-4eda-911b-bf4739043273,2016,Mercedes,c-class,C 450 AMG 4MATIC,1,0,0,B,no wheel inventory for bolt/diameter,missing_inventory_wheels,205/60R16|225/40R19|225/45R18|225/50R17|245/40R18|255/30R20|255/35R19|285/25R20|285/30R19,5x112,16|17|18|19|20
3fc330af-491b-4035-9c2f-2a98f49d49d7,2016,Mercedes,c-class,C 350e Plug-In Hybrid,1,0,0,B,no wheel inventory for bolt/diameter,missing_inventory_wheels,205/60R16|225/40R19|225/45R18|225/50R17|245/40R18|255/30R20|255/35R19|285/25R20|285/30R19,5x112,16|17|18|19|20
0b468281-d8a8-4519-9d4c-b07f7280d6e4,2016,Mercedes,c-class,C 400 4MATIC,1,0,0,B,no wheel inventory for bolt/diameter,missing_inventory_wheels,205/60R16|225/40R19|225/45R18|225/50R17|245/40R18|255/30R20|255/35R19|285/25R20|285/30R19,5x112,16|17|18|19|20
0adeafbf-3a45-40ff-8806-27747882fb29,2016,Mercedes,c-class,C 300,1,0,0,B,no wheel inventory for bolt/diameter,missing_inventory_wheels,205/60R16|225/40R19|225/45R18|225/50R17|245/40R18|255/30R20|255/35R19|285/25R20|285/30R19,5x112,16|17|18|19|20
bbe8139d-ca61-4bd9-b311-ddc3dfe1a5a1,2016,Mercedes,c-class,AMG C 63 S,1,0,0,B,no wheel inventory for bolt/diameter,missing_inventory_wheels,205/60R16|225/40R19|225/45R18|225/50R17|245/40R18|255/30R20|255/35R19|285/25R20|285/30R19,5x112,16|17|18|19|20
8bdd827f-7053-480d-ae09-9c73949cdeeb,2017,Mercedes,c-class,AMG C 63,1,0,0,B,no wheel inventory for bolt/diameter,missing_inventory_wheels,205/60R16|225/40R19|225/45R18|225/50R17|245/40R18|255/30R20|255/35R19|285/25R20|285/30R19,5x112,16|17|18|19|20
5944d1d7-647f-47a7-8df7-8c2543b18d82,2019,Mercedes,c-class,AMG C 63 S,1,0,0,B,no wheel inventory for bolt/diameter,missing_inventory_wheels,205/60R16|225/40R19|225/45R18|225/50R17|245/40R18|255/30R20|255/35R19|285/25R20|285/30R19,5x112,16|17|18|19|20
5826bf88-33b1-4ad1-9c8d-8ccc8430ab10,2019,Mercedes,c-class,C 300 4MATIC,1,0,0,B,no wheel inventory for bolt/diameter,missing_inventory_wheels,205/60R16|225/40R19|225/45R18|225/50R17|245/40R18|255/30R20|255/35R19|285/25R20|285/30R19,5x112,16|17|18|19|20
a183749e-b5f2-4fb9-ba86-0614ed9001fb,2019,Mercedes,c-class,C 450 AMG 4MATIC,1,0,0,B,no wheel inventory for bolt/diameter,missing_inventory_wheels,205/60R16|225/40R19|225/45R18|225/50R17|245/40R18|255/30R20|255/35R19|285/25R20|285/30R19,5x112,16|17|18|19|20
b4d84888-aee5-4adc-9539-34b141ab554d,2019,Mercedes,c-class,C 350e Plug-In Hybrid,1,0,0,B,no wheel inventory for bolt/diameter,missing_inventory_wheels,205/60R16|225/40R19|225/45R18|225/50R17|245/40R18|255/30R20|255/35R19|285/25R20|285/30R19,5x112,16|17|18|19|20
b2c48d4d-19c1-42c0-b376-132fd1e8cbd8,2019,Mercedes,c-class,C 400 4MATIC,1,0,0,B,no wheel inventory for bolt/diameter,missing_inventory_wheels,205/60R16|225/40R19|225/45R18|225/50R17|245/40R18|255/30R20|255/35R19|285/25R20|285/30R19,5x112,16|17|18|19|20
6dbac8e9-c484-4d64-a57b-31d04edb47bd,2019,Mercedes,c-class,C 300,1,0,0,B,no wheel inventory for bolt/diameter,missing_inventory_wheels,205/60R16|225/40R19|225/45R18|225/50R17|245/40R18|255/30R20|255/35R19|285/25R20|285/30R19,5x112,16|17|18|19|20
8f7b0395-1c15-4b13-a64a-0c959c58572f,2019,Mercedes,c-class,AMG C 63,1,0,0,B,no wheel inventory for bolt/diameter,missing_inventory_wheels,205/60R16|225/40R19|225/45R18|225/50R17|245/40R18|255/30R20|255/35R19|285/25R20|285/30R19,5x112,16|17|18|19|20
0fc87469-08e8-4835-af02-2ac2582ba6dd,2019,Mercedes,c-class,AMG C 43 4MATIC,1,0,0,B,no wheel inventory for bolt/diameter,missing_inventory_wheels,205/60R16|225/40R19|225/45R18|225/50R17|245/40R18|255/30R20|255/35R19|285/25R20|285/30R19,5x112,16|17|18|19|20
5c4a06d6-0a8e-4e41-9e37-76920cd97317,2020,Mercedes,c-class,C 300 4MATIC,1,0,0,B,no wheel inventory for bolt/diameter,missing_inventory_wheels,205/60R16|225/40R19|225/45R18|225/50R17|245/40R18|255/30R20|255/35R19|285/25R20|285/30R19,5x112,16|17|18|19|20
8ea55891-3368-4052-9430-c7d1616536a6,2020,Mercedes,c-class,C 350e Plug-In Hybrid,1,0,0,B,no wheel inventory for bolt/diameter,missing_inventory_wheels,205/60R16|225/40R19|225/45R18|225/50R17|245/40R18|255/30R20|255/35R19|285/25R20|285/30R19,5x112,16|17|18|19|20
a9eda500-859d-4655-b29a-2b47382d5e5a,2020,Mercedes,c-class,C 450 AMG 4MATIC,1,0,0,B,no wheel inventory for bolt/diameter,missing_inventory_wheels,205/60R16|225/40R19|225/45R18|225/50R17|245/40R18|255/30R20|255/35R19|285/25R20|285/30R19,5x112,16|17|18|19|20
46dff7ca-d458-479f-8e2a-546192eae0cc,2020,Mercedes,c-class,AMG C 63 S,1,0,0,B,no wheel inventory for bolt/diameter,missing_inventory_wheels,205/60R16|225/40R19|225/45R18|225/50R17|245/40R18|255/30R20|255/35R19|285/25R20|285/30R19,5x112,16|17|18|19|20
238c7647-ad11-4029-b5b5-de515544cd22,2020,Mercedes,c-class,C 400 4MATIC,1,0,0,B,no wheel inventory for bolt/diameter,missing_inventory_wheels,205/60R16|225/40R19|225/45R18|225/50R17|245/40R18|255/30R20|255/35R19|285/25R20|285/30R19,5x112,16|17|18|19|20
5ecfa2df-8e53-4f58-8939-e6562c1dadd0,2020,Mercedes,c-class,C 300,1,0,0,B,no wheel inventory for bolt/diameter,missing_inventory_wheels,205/60R16|225/40R19|225/45R18|225/50R17|245/40R18|255/30R20|255/35R19|285/25R20|285/30R19,5x112,16|17|18|19|20
8a1753bd-d3be-4a30-a0b9-87856c947975,2020,Mercedes,c-class,AMG C 63,1,0,0,B,no wheel inventory for bolt/diameter,missing_inventory_wheels,205/60R16|225/40R19|225/45R18|225/50R17|245/40R18|255/30R20|255/35R19|285/25R20|285/30R19,5x112,16|17|18|19|20
2821328a-487b-4648-94c2-7af1fea1cef6,2020,Mercedes,c-class,AMG C 43 4MATIC,1,0,0,B,no wheel inventory for bolt/diameter,missing_inventory_wheels,205/60R16|225/40R19|225/45R18|225/50R17|245/40R18|255/30R20|255/35R19|285/25R20|285/30R19,5x112,16|17|18|19|20
d6618fa9-4ef0-473d-8bca-868e5840ddaa,2021,Mercedes,c-class,C 450 AMG 4MATIC,1,0,0,B,no wheel inventory for bolt/diameter,missing_inventory_wheels,205/60R16|225/40R19|225/45R18|225/50R17|245/40R18|255/30R20|255/35R19|285/25R20|285/30R19,5x112,16|17|18|19|20
f0ae5b48-cff2-4163-9f99-9170bd3d6998,2021,Mercedes,c-class,AMG C 43 4MATIC,1,0,0,B,no wheel inventory for bolt/diameter,missing_inventory_wheels,205/60R16|225/40R19|225/45R18|225/50R17|245/40R18|255/30R20|255/35R19|285/25R20|285/30R19,5x112,16|17|18|19|20
dfc115d7-50d9-44a4-a7f0-0eaf8a01fa79,2021,Mercedes,c-class,C 350e Plug-In Hybrid,1,0,0,B,no wheel inventory for bolt/diameter,missing_inventory_wheels,205/60R16|225/40R19|225/45R18|225/50R17|245/40R18|255/30R20|255/35R19|285/25R20|285/30R19,5x112,16|17|18|19|20
3cdc3e26-28f8-462e-805b-7008c63a9a7f,2021,Mercedes,c-class,AMG C 63 S,1,0,0,B,no wheel inventory for bolt/diameter,missing_inventory_wheels,205/60R16|225/40R19|225/45R18|225/50R17|245/40R18|255/30R20|255/35R19|285/25R20|285/30R19,5x112,16|17|18|19|20
d5af97e4-9cb9-42a8-95e9-d0c9d23461c6,2021,Mercedes,c-class,C 300 4MATIC,1,0,0,B,no wheel inventory for bolt/diameter,missing_inventory_wheels,205/60R16|225/40R19|225/45R18|225/50R17|245/40R18|255/30R20|255/35R19|285/25R20|285/30R19,5x112,16|17|18|19|20
ff0f5acc-6cc6-407a-875d-5386387058be,2021,Mercedes,c-class,C 400 4MATIC,1,0,0,B,no wheel inventory for bolt/diameter,missing_inventory_wheels,205/60R16|225/40R19|225/45R18|225/50R17|245/40R18|255/30R20|255/35R19|285/25R20|285/30R19,5x112,16|17|18|19|20
b7f4ecb3-367a-449e-8aee-4ae3d377bd37,2021,Mercedes,c-class,AMG C 63,1,0,0,B,no wheel inventory for bolt/diameter,missing_inventory_wheels,205/60R16|225/40R19|225/45R18|225/50R17|245/40R18|255/30R20|255/35R19|285/25R20|285/30R19,5x112,16|17|18|19|20
60f1aeec-d0cd-4647-870c-aab77f8e82f3,2021,Mercedes,c-class,C 300,1,0,0,B,no wheel inventory for bolt/diameter,missing_inventory_wheels,205/60R16|225/40R19|225/45R18|225/50R17|245/40R18|255/30R20|255/35R19|285/25R20|285/30R19,5x112,16|17|18|19|20
58c24849-7f06-4e4d-b52f-aefa1315f4ea,2022,Mercedes,c-class,AMG C 43 4MATIC,1,0,0,B,no wheel inventory for bolt/diameter,missing_inventory_wheels,225/40R19|225/45R18|245/35R20|245/40R18|255/35R19|275/30R20,5x112,18|19|20
e53fb97f-c2bd-4235-a4f7-7a7222821df3,2022,Mercedes,c-class,C 300,1,0,0,B,no wheel inventory for bolt/diameter,missing_inventory_wheels,225/40R19|225/45R18|245/35R20|245/40R18|255/35R19|275/30R20,5x112,18|19|20
8feb3b8f-7c2a-4203-9a2c-cd4868fed142,2022,Mercedes,c-class,AMG C 63 S E Performance,1,0,0,B,no wheel inventory for bolt/diameter,missing_inventory_wheels,225/40R19|225/45R18|245/35R20|245/40R18|255/35R19|275/30R20,5x112,18|19|20
41ab37ef-1790-4f44-b52a-e9608c561ffa,2022,Mercedes,c-class,C 300 4MATIC,1,0,0,B,no wheel inventory for bolt/diameter,missing_inventory_wheels,225/40R19|225/45R18|245/35R20|245/40R18|255/35R19|275/30R20,5x112,18|19|20
c2c1206e-8806-4c3d-90cb-8aa34b1c8aa1,2023,Mercedes,c-class,AMG C 63 S E Performance,1,0,0,B,no wheel inventory for bolt/diameter,missing_inventory_wheels,225/40R19|225/45R18|245/35R20|245/40R18|255/35R19|275/30R20,5x112,18|19|20
abf411ae-8add-427d-9fc6-2997ffda3eb5,2023,Mercedes,c-class,C 300 4MATIC,1,0,0,B,no wheel inventory for bolt/diameter,missing_inventory_wheels,225/40R19|225/45R18|245/35R20|245/40R18|255/35R19|275/30R20,5x112,18|19|20
a5ef7010-947d-479f-aa43-80aa08fc1612,2023,Mercedes,c-class,AMG C 43 4MATIC,1,0,0,B,no wheel inventory for bolt/diameter,missing_inventory_wheels,225/40R19|225/45R18|245/35R20|245/40R18|255/35R19|275/30R20,5x112,18|19|20
a2aa231a-4807-4721-a44b-5a234766d632,2023,Mercedes,c-class,C 300,1,0,0,B,no wheel inventory for bolt/diameter,missing_inventory_wheels,225/40R19|225/45R18|245/35R20|245/40R18|255/35R19|275/30R20,5x112,18|19|20
d67671f8-a0b8-48d5-a065-e99cd936036d,2024,Mercedes,c-class,C 300 4MATIC,1,0,0,B,no wheel inventory for bolt/diameter,missing_inventory_wheels,225/40R19|225/45R18|245/35R20|245/40R18|255/35R19|275/30R20,5x112,18|19|20
007dcd43-5b5e-4234-93bf-391929ddae24,2024,Mercedes,c-class,AMG C 63 S E Performance,1,0,0,B,no wheel inventory for bolt/diameter,missing_inventory_wheels,225/40R19|225/45R18|245/35R20|245/40R18|255/35R19|275/30R20,5x112,18|19|20
fdd14fca-d787-4da2-a5d7-02c5c904fb84,2024,Mercedes,c-class,AMG C 43 4MATIC,1,0,0,B,no wheel inventory for bolt/diameter,missing_inventory_wheels,225/40R19|225/45R18|245/35R20|245/40R18|255/35R19|275/30R20,5x112,18|19|20
8c70d404-3cc6-4784-a985-17e51f51bde6,2024,Mercedes,c-class,C 300,1,0,0,B,no wheel inventory for bolt/diameter,missing_inventory_wheels,225/40R19|225/45R18|245/35R20|245/40R18|255/35R19|275/30R20,5x112,18|19|20
afb99fb7-7c72-43f0-9100-e64b991c4019,2025,Mercedes,c-class,AMG C 63 S E Performance,1,0,0,B,no wheel inventory for bolt/diameter,missing_inventory_wheels,225/40R19|225/45R18|245/35R20|245/40R18|255/35R19|275/30R20,5x112,18|19|20
d96ba947-e54f-4fb8-9398-475970ba19ce,2025,Mercedes,c-class,C 300 4MATIC,1,0,0,B,no wheel inventory for bolt/diameter,missing_inventory_wheels,225/40R19|225/45R18|245/35R20|245/40R18|255/35R19|275/30R20,5x112,18|19|20
66ddb3d6-ae28-4aa4-87d9-230c1c52b9c2,2025,Mercedes,c-class,C 300,1,0,0,B,no wheel inventory for bolt/diameter,missing_inventory_wheels,225/40R19|225/45R18|245/35R20|245/40R18|255/35R19|275/30R20,5x112,18|19|20
2c7fec3e-dd92-4980-8520-325bbb14fc25,2025,Mercedes,c-class,AMG C 43 4MATIC,1,0,0,B,no wheel inventory for bolt/diameter,missing_inventory_wheels,225/40R19|225/45R18|245/35R20|245/40R18|255/35R19|275/30R20,5x112,18|19|20
77904f9d-3868-4733-998b-681868d62642,2001,Mercedes,cl-class-amg,Base,1,0,0,B,no wheel inventory for bolt/diameter,missing_inventory_wheels,255/40R19,5x114.3,19
0e6b2ad9-86fb-4176-8e46-a58015fed309,2002,Mercedes,cl-class-amg,Base,1,0,0,B,no wheel inventory for bolt/diameter,missing_inventory_wheels,255/40R19,5x114.3,19
64192b26-b19a-40d8-b6a4-8850631ec94b,2003,Mercedes,cl-class-amg,Base,1,0,0,B,no wheel inventory for bolt/diameter,missing_inventory_wheels,255/40R19,5x114.3,19
3a29a46d-0066-4e04-b55a-8d376f6933e2,2004,Mercedes,cl-class-amg,Base,1,0,0,B,no wheel inventory for bolt/diameter,missing_inventory_wheels,255/40R19,5x114.3,19
f0d2da66-5eb2-489d-8a29-76aef6a88d9a,2005,Mercedes,cl-class-amg,Base,1,836,0,A,tires+wheels OK but no packages,package_generation_gap,255/40R19|275/30R21|275/35R20,5x114.3,19|20|21
a86b2a46-5d01-46ae-9cf0-ce3ccd95ecbc,2006,Mercedes,cl-class-amg,Base,1,836,0,A,tires+wheels OK but no packages,package_generation_gap,255/40R19|275/30R21|275/35R20,5x114.3,19|20|21
b6d21ac8-dd1c-403f-a700-082db74d17e7,2007,Mercedes,cl-class-amg,Base,1,836,0,A,tires+wheels OK but no packages,package_generation_gap,255/40R19|275/30R21|275/35R20,5x114.3,19|20|21
1e7db6bb-2041-416b-8efb-2a63ba97bfe1,2008,Mercedes,cl-class-amg,Base,1,836,0,A,tires+wheels OK but no packages,package_generation_gap,255/40R19|275/30R21|275/35R20,5x114.3,19|20|21
a8ce85d1-12f8-4853-8eb3-d50628b916a2,2009,Mercedes,cl-class-amg,Base,1,836,0,A,tires+wheels OK but no packages,package_generation_gap,255/40R19|275/30R21|275/35R20,5x114.3,19|20|21
b8508de1-0cca-4547-af74-2433a466c202,2010,Mercedes,cl-class-amg,Base,1,836,0,A,tires+wheels OK but no packages,package_generation_gap,255/40R19|275/30R21|275/35R20,5x114.3,19|20|21
72296b76-bb0e-4faa-9205-e1db2ba7ceaa,2011,Mercedes,cl-class-amg,Base,1,836,0,A,tires+wheels OK but no packages,package_generation_gap,255/40R19|275/30R21|275/35R20,5x114.3,19|20|21
579a2c4d-74f1-47d9-b930-c6f4b17cc054,2012,Mercedes,cl-class-amg,Base,1,836,0,A,tires+wheels OK but no packages,package_generation_gap,255/40R19|275/30R21|275/35R20,5x114.3,19|20|21
856f0c21-10a3-4fb8-85e5-b5f71393c5db,2013,Mercedes,cl-class-amg,Base,1,836,0,A,tires+wheels OK but no packages,package_generation_gap,255/40R19|275/30R21|275/35R20,5x114.3,19|20|21
8242a045-5849-42b6-a311-a1db5e78317f,2014,Mercedes,cl-class-amg,Base,1,836,0,A,tires+wheels OK but no packages,package_generation_gap,255/40R19|275/30R21|275/35R20,5x114.3,19|20|21
e4ad7552-38e0-4867-af16-e7ead88f658a,2004,Mercedes,cls-class-amg,Base,1,0,0,B,no wheel inventory for bolt/diameter,missing_inventory_wheels,255/35R19,5x114.3,19
aec9ec17-0b15-426e-bae7-1ea14808ff7c,2005,Mercedes,cls-class-amg,Base,1,836,0,A,tires+wheels OK but no packages,package_generation_gap,255/35R19|275/30R20|285/30R21,5x114.3,19|20|21
f4b8b535-f95b-4dda-9915-0549b16ae0cb,2006,Mercedes,cls-class-amg,Base,1,836,0,A,tires+wheels OK but no packages,package_generation_gap,255/35R19|275/30R20|285/30R21,5x114.3,19|20|21
d86c97d0-bdbb-44c1-9f54-59619e01db28,2007,Mercedes,cls-class-amg,Base,1,836,0,A,tires+wheels OK but no packages,package_generation_gap,255/35R19|275/30R20|285/30R21,5x114.3,19|20|21
701b96cb-1c1a-4bcd-9fc2-db4c2fda60d0,2008,Mercedes,cls-class-amg,Base,1,836,0,A,tires+wheels OK but no packages,package_generation_gap,255/35R19|275/30R20|285/30R21,5x114.3,19|20|21
4f96cc2d-5381-4e32-b17d-fb1ded10321e,2009,Mercedes,cls-class-amg,Base,1,836,0,A,tires+wheels OK but no packages,package_generation_gap,255/35R19|275/30R20|285/30R21,5x114.3,19|20|21
5ad8d463-1382-4bd0-9966-28dd71bd3b06,2010,Mercedes,cls-class-amg,Base,1,836,0,A,tires+wheels OK but no packages,package_generation_gap,255/35R19|275/30R20|285/30R21,5x114.3,19|20|21
cbe3756e-ee2f-4e2b-a1aa-af413ec35b60,2011,Mercedes,cls-class-amg,Base,1,836,0,A,tires+wheels OK but no packages,package_generation_gap,255/35R19|275/30R20|285/30R21,5x114.3,19|20|21
76222fc2-907e-4391-b2a7-8cab2a26645c,2012,Mercedes,cls-class-amg,Base,1,836,0,A,tires+wheels OK but no packages,package_generation_gap,255/35R19|275/30R20|285/30R21,5x114.3,19|20|21
f42d61d2-6016-4e26-a84e-ae13e09868ca,2013,Mercedes,cls-class-amg,Base,1,836,0,A,tires+wheels OK but no packages,package_generation_gap,255/35R19|275/30R20|285/30R21,5x114.3,19|20|21
5c19dbd1-49db-490f-9aa2-ff8c0e819049,2014,Mercedes,cls-class-amg,Base,1,836,0,A,tires+wheels OK but no packages,package_generation_gap,255/35R19|275/30R20|285/30R21,5x114.3,19|20|21
48ef2822-0bf8-4fcb-890e-40ca34630382,2015,Mercedes,cls-class-amg,Base,1,836,0,A,tires+wheels OK but no packages,package_generation_gap,255/35R19|275/30R20|285/30R21,5x114.3,19|20|21
13c8f86b-0cc7-438e-a8a7-752dfa2414bf,2016,Mercedes,cls-class-amg,Base,1,836,0,A,tires+wheels OK but no packages,package_generation_gap,255/35R19|275/30R20|285/30R21,5x114.3,19|20|21
f751b582-4447-4ac0-ab9d-e8df300e35fd,2017,Mercedes,cls-class-amg,Base,1,836,0,A,tires+wheels OK but no packages,package_generation_gap,255/35R19|275/30R20|285/30R21,5x114.3,19|20|21
81c02446-5737-4ac3-9ee0-20f8e931984e,2019,Mercedes,cls-class-amg,Base,1,836,0,A,tires+wheels OK but no packages,package_generation_gap,255/35R19|275/30R20|285/30R21,5x114.3,19|20|21
33ee7c59-56b6-465a-83ab-0cb356844ac8,2020,Mercedes,cls-class-amg,Base,1,836,0,A,tires+wheels OK but no packages,package_generation_gap,255/35R19|275/30R20|285/30R21,5x114.3,19|20|21
ed0b2c45-8725-49da-9f0b-f502a6e6bca6,2021,Mercedes,cls-class-amg,Base,1,836,0,A,tires+wheels OK but no packages,package_generation_gap,255/35R19|275/30R20|285/30R21,5x114.3,19|20|21
c8f6725e-45ef-47c3-92f5-46e687a8a40a,2022,Mercedes,cls-class-amg,Base,1,836,0,A,tires+wheels OK but no packages,package_generation_gap,255/35R19|275/30R20|285/30R21,5x114.3,19|20|21
311f2bd3-6324-4b80-9bf1-749ab86d487f,2023,Mercedes,cls-class-amg,Base,1,836,0,A,tires+wheels OK but no packages,package_generation_gap,255/35R19|275/30R20|285/30R21,5x114.3,19|20|21
12d2f054-d329-455e-9dff-03eaaabbf521,2024,Mercedes,cls-class-amg,Base,1,836,0,A,tires+wheels OK but no packages,package_generation_gap,255/35R19|275/30R20|285/30R21,5x114.3,19|20|21
88eab8d8-99a1-4447-af41-83397bdab141,2024,Mercedes,e-class,E 350 4MATIC,1,0,0,B,no wheel inventory for bolt/diameter,missing_inventory_wheels,225/55R18|245/40R20|245/45R19|265/35R21|275/35R20|295/30R21,5x112,18|19|20|21
a06c7ce1-bb10-4f79-b1e6-9a5ce6ebdd6d,2024,Mercedes,e-class,E 450 4MATIC,1,0,0,B,no wheel inventory for bolt/diameter,missing_inventory_wheels,225/55R18|245/40R20|245/45R19|265/35R21|275/35R20|295/30R21,5x112,18|19|20|21
8df94c3d-d619-432b-80f2-9c83e9fb57d0,2024,Mercedes,e-class,Base,1,0,0,B,no wheel inventory for bolt/diameter,missing_inventory_wheels,245/40R19|245/45R18|255/35R20|255/35R21|275/35R19|285/30R20|285/30R21,5x112,18|19|20|21
05a9fecf-2ed7-4d27-b5f4-4e3af78bba97,2024,Mercedes,e-class,AMG E 53,1,0,0,B,no wheel inventory for bolt/diameter,missing_inventory_wheels,225/55R18|245/40R20|245/45R19|265/35R21|275/35R20|295/30R21,5x112,18|19|20|21
316cfae2-c6a3-4a80-bde9-0dbd33504bf5,2025,Mercedes,e-class,Base,1,0,0,B,no wheel inventory for bolt/diameter,missing_inventory_wheels,245/40R19|245/45R18|255/35R20|255/35R21|275/35R19|285/30R20|285/30R21,5x112,18|19|20|21
0220ef90-2769-491d-bca2-4d11f52068c1,2025,Mercedes,e-class,E 350 4MATIC,1,0,0,B,no wheel inventory for bolt/diameter,missing_inventory_wheels,225/55R18|245/40R20|245/45R19|265/35R21|275/35R20|295/30R21,5x112,18|19|20|21
c25eeb49-b5d9-41d3-92bc-d2d5a86c91c1,2025,Mercedes,e-class,AMG E 53,1,0,0,B,no wheel inventory for bolt/diameter,missing_inventory_wheels,225/55R18|245/40R20|245/45R19|265/35R21|275/35R20|295/30R21,5x112,18|19|20|21
ec5afa45-83aa-4839-9d2c-ff66cf28a064,2025,Mercedes,e-class,E 450 4MATIC,1,0,0,B,no wheel inventory for bolt/diameter,missing_inventory_wheels,225/55R18|245/40R20|245/45R19|265/35R21|275/35R20|295/30R21,5x112,18|19|20|21
ae7aa1d8-e19d-4cc1-a64c-d7031fed20b0,2026,Mercedes,e-class,Base,1,0,0,B,no wheel inventory for bolt/diameter,missing_inventory_wheels,245/40R19|245/45R18|255/35R20|255/35R21|275/35R19|285/30R20|285/30R21,5x112,18|19|20|21
7c1197dd-c4f4-43a9-9ddd-21a39b57bcef,2022,Mercedes,eqe,Base,1,836,0,A,tires+wheels OK but no packages,package_generation_gap,255/45R19|275/40R20|285/35R21,5x114.3,19|20|21
8b3b44c2-e8fe-4e75-a361-9a95a727534f,2023,Mercedes,eqe,Base,1,836,0,A,tires+wheels OK but no packages,package_generation_gap,255/45R19|275/40R20|285/35R21,5x114.3,19|20|21
46445b60-21d5-4d29-a969-e6825d41e95e,2024,Mercedes,eqe,Base,1,836,0,A,tires+wheels OK but no packages,package_generation_gap,255/45R19|275/40R20|285/35R21,5x114.3,19|20|21
5a087ae7-7497-4fa8-a266-45b679b57baa,2025,Mercedes,eqe,Base,1,836,0,A,tires+wheels OK but no packages,package_generation_gap,255/45R19|275/40R20|285/35R21,5x114.3,19|20|21
81c0ce2f-47b6-497b-aa9f-4b616f943b33,2026,Mercedes,eqe,Base,1,836,0,A,tires+wheels OK but no packages,package_generation_gap,255/45R19|275/40R20|285/35R21,5x114.3,19|20|21
c9f71545-cb2d-400f-88e0-ee6d0fe5da50,2016,Mercedes,glc,AMG GLC 63 4MATIC+,1,0,0,B,no wheel inventory for bolt/diameter,missing_inventory_wheels,235/55R19|235/60R18|235/65R17|255/40R21|255/45R20|265/40R21|285/35R21|295/35R21,5x112,17|18|19|20|21
cd4a094a-13ce-4a5c-96b9-8deea6ceaf32,2016,Mercedes,glc,Base,1,0,0,B,no wheel inventory for bolt/diameter,missing_inventory_wheels,235/55R19|235/60R18|235/65R17|255/40R21|255/45R20|255/50R19|275/35R21|275/40R20,5x112,17|18|19|20|21
eb37cf4d-924d-47ec-a8d7-325469f1aa4f,2016,Mercedes,glc,AMG GLC 63 S 4MATIC+,1,0,0,B,no wheel inventory for bolt/diameter,missing_inventory_wheels,235/55R19|235/60R18|235/65R17|255/40R21|255/45R20|265/40R21|285/35R21|295/35R21,5x112,17|18|19|20|21
3816929b-f565-422b-a6e5-ecdccced8f1e,2016,Mercedes,glc,GLC 300,1,0,0,B,no wheel inventory for bolt/diameter,missing_inventory_wheels,235/55R19|235/60R18|235/65R17|255/40R21|255/45R20|265/40R21|285/35R21|295/35R21,5x112,17|18|19|20|21
2058f0b8-3736-45eb-ac2b-5e99b162d606,2016,Mercedes,glc,GLC 300 4MATIC,1,0,0,B,no wheel inventory for bolt/diameter,missing_inventory_wheels,235/55R19|235/60R18|235/65R17|255/40R21|255/45R20|265/40R21|285/35R21|295/35R21,5x112,17|18|19|20|21
b2b2e555-fd77-4a4e-a26a-1a9ac87686b0,2016,Mercedes,glc,AMG GLC 43 4MATIC,1,0,0,B,no wheel inventory for bolt/diameter,missing_inventory_wheels,235/55R19|235/60R18|235/65R17|255/40R21|255/45R20|265/40R21|285/35R21|295/35R21,5x112,17|18|19|20|21
5e2b1a0a-4f2e-43b1-86f8-9554e3f1b04a,2016,Mercedes,glc,GLC 350e 4MATIC,1,0,0,B,no wheel inventory for bolt/diameter,missing_inventory_wheels,235/55R19|235/60R18|235/65R17|255/40R21|255/45R20|265/40R21|285/35R21|295/35R21,5x112,17|18|19|20|21
64c9fe4b-8f16-4b1c-954c-eb42e36a5530,2017,Mercedes,glc,GLC 300 4MATIC,1,0,0,B,no wheel inventory for bolt/diameter,missing_inventory_wheels,235/55R19|235/60R18|235/65R17|255/40R21|255/45R20|265/40R21|285/35R21|295/35R21,5x112,17|18|19|20|21
05dac3ab-7896-4966-b163-d6be9521ca15,2017,Mercedes,glc,GLC 300,1,0,0,B,no wheel inventory for bolt/diameter,missing_inventory_wheels,235/55R19|235/60R18|235/65R17|255/40R21|255/45R20|265/40R21|285/35R21|295/35R21,5x112,17|18|19|20|21
c1189fa5-fe28-426a-9fa8-7bf6237ccb81,2017,Mercedes,glc,GLC 350e 4MATIC,1,0,0,B,no wheel inventory for bolt/diameter,missing_inventory_wheels,235/55R19|235/60R18|235/65R17|255/40R21|255/45R20|265/40R21|285/35R21|295/35R21,5x112,17|18|19|20|21
bd0ebf8a-858a-4c9e-9be2-71a07373dcfc,2017,Mercedes,glc,AMG GLC 63 S 4MATIC+,1,0,0,B,no wheel inventory for bolt/diameter,missing_inventory_wheels,235/55R19|235/60R18|235/65R17|255/40R21|255/45R20|265/40R21|285/35R21|295/35R21,5x112,17|18|19|20|21
d7dc640a-139f-4083-a4b4-1368e2f3056e,2017,Mercedes,glc,Base,1,0,0,B,no wheel inventory for bolt/diameter,missing_inventory_wheels,235/55R19|235/60R18|235/65R17|255/40R21|255/45R20|255/50R19|275/35R21|275/40R20,5x112,17|18|19|20|21
c9111d9c-267d-4f05-840a-307a4e9b115d,2017,Mercedes,glc,AMG GLC 63 4MATIC+,1,0,0,B,no wheel inventory for bolt/diameter,missing_inventory_wheels,235/55R19|235/60R18|235/65R17|255/40R21|255/45R20|265/40R21|285/35R21|295/35R21,5x112,17|18|19|20|21
44af95ad-ebd7-4706-8cf6-ad321a57b66a,2017,Mercedes,glc,AMG GLC 43 4MATIC,1,0,0,B,no wheel inventory for bolt/diameter,missing_inventory_wheels,235/55R19|235/60R18|235/65R17|255/40R21|255/45R20|265/40R21|285/35R21|295/35R21,5x112,17|18|19|20|21
72a2487f-aace-40c8-85b5-865ff9977c11,2019,Mercedes,glc,Base,1,0,0,B,no wheel inventory for bolt/diameter,missing_inventory_wheels,235/55R19|235/60R18|235/65R17|255/40R21|255/45R20|255/50R19|275/35R21|275/40R20,5x112,17|18|19|20|21
6a60ba1f-e436-425e-86f8-0d944ceb4358,2019,Mercedes,glc,AMG GLC 43 4MATIC,1,0,0,B,no wheel inventory for bolt/diameter,missing_inventory_wheels,235/55R19|235/60R18|235/65R17|255/40R21|255/45R20|265/40R21|285/35R21|295/35R21,5x112,17|18|19|20|21
55101972-7512-41c5-b46f-7b392d4de742,2019,Mercedes,glc,GLC 300 4MATIC,1,0,0,B,no wheel inventory for bolt/diameter,missing_inventory_wheels,235/55R19|235/60R18|235/65R17|255/40R21|255/45R20|265/40R21|285/35R21|295/35R21,5x112,17|18|19|20|21
f88fd348-ccbb-4910-96dc-27743f41e9b0,2019,Mercedes,glc,GLC 350e 4MATIC,1,0,0,B,no wheel inventory for bolt/diameter,missing_inventory_wheels,235/55R19|235/60R18|235/65R17|255/40R21|255/45R20|265/40R21|285/35R21|295/35R21,5x112,17|18|19|20|21
39c09008-fcb5-4b77-b809-be7d82b3e0af,2019,Mercedes,glc,AMG GLC 63 4MATIC+,1,0,0,B,no wheel inventory for bolt/diameter,missing_inventory_wheels,235/55R19|235/60R18|235/65R17|255/40R21|255/45R20|265/40R21|285/35R21|295/35R21,5x112,17|18|19|20|21
d4db99b9-837e-49be-8bb0-dfd00a92d714,2019,Mercedes,glc,AMG GLC 63 S 4MATIC+,1,0,0,B,no wheel inventory for bolt/diameter,missing_inventory_wheels,235/55R19|235/60R18|235/65R17|255/40R21|255/45R20|265/40R21|285/35R21|295/35R21,5x112,17|18|19|20|21
40c3ed92-2a1d-41bd-a996-3e684f2cd48e,2019,Mercedes,glc,GLC 300,1,0,0,B,no wheel inventory for bolt/diameter,missing_inventory_wheels,235/55R19|235/60R18|235/65R17|255/40R21|255/45R20|265/40R21|285/35R21|295/35R21,5x112,17|18|19|20|21
87da7419-0fbb-4ad1-afb5-e6ed697c0bd0,2020,Mercedes,glc,AMG GLC 43 4MATIC,1,0,0,B,no wheel inventory for bolt/diameter,missing_inventory_wheels,235/55R19|235/60R18|235/65R17|255/40R21|255/45R20|265/40R21|285/35R21|295/35R21,5x112,17|18|19|20|21
ba5258f4-fb54-4387-8a65-6e1ac81daa59,2020,Mercedes,glc,AMG GLC 63 S 4MATIC+,1,0,0,B,no wheel inventory for bolt/diameter,missing_inventory_wheels,235/55R19|235/60R18|235/65R17|255/40R21|255/45R20|265/40R21|285/35R21|295/35R21,5x112,17|18|19|20|21
d44424f9-2c22-4d13-893a-e4e329be3a63,2020,Mercedes,glc,GLC 350e 4MATIC,1,0,0,B,no wheel inventory for bolt/diameter,missing_inventory_wheels,235/55R19|235/60R18|235/65R17|255/40R21|255/45R20|265/40R21|285/35R21|295/35R21,5x112,17|18|19|20|21
14a07d10-1392-47a4-960d-95057fd90be9,2020,Mercedes,glc,AMG GLC 63 4MATIC+,1,0,0,B,no wheel inventory for bolt/diameter,missing_inventory_wheels,235/55R19|235/60R18|235/65R17|255/40R21|255/45R20|265/40R21|285/35R21|295/35R21,5x112,17|18|19|20|21
a7dd9a35-b4ef-4f67-890a-81bc45102786,2020,Mercedes,glc,GLC 300,1,0,0,B,no wheel inventory for bolt/diameter,missing_inventory_wheels,235/55R19|235/60R18|235/65R17|255/40R21|255/45R20|265/40R21|285/35R21|295/35R21,5x112,17|18|19|20|21
60c34035-d3ce-46ae-a1d1-0f8b3e0d397f,2020,Mercedes,glc,GLC 300 4MATIC,1,0,0,B,no wheel inventory for bolt/diameter,missing_inventory_wheels,235/55R19|235/60R18|235/65R17|255/40R21|255/45R20|265/40R21|285/35R21|295/35R21,5x112,17|18|19|20|21
d06282fa-208f-4d60-aa98-cfb92b56fb2e,2020,Mercedes,glc,Base,1,0,0,B,no wheel inventory for bolt/diameter,missing_inventory_wheels,235/55R19|235/60R18|235/65R17|255/40R21|255/45R20|255/50R19|275/35R21|275/40R20,5x112,17|18|19|20|21
1b340b6e-e2be-46cc-8f6d-96d6fe9d7ef0,2021,Mercedes,glc,AMG GLC 63 S 4MATIC+,1,0,0,B,no wheel inventory for bolt/diameter,missing_inventory_wheels,235/55R19|235/60R18|235/65R17|255/40R21|255/45R20|265/40R21|285/35R21|295/35R21,5x112,17|18|19|20|21
8223a4a3-90de-4a28-b96e-9180f071f970,2021,Mercedes,glc,AMG GLC 43 4MATIC,1,0,0,B,no wheel inventory for bolt/diameter,missing_inventory_wheels,235/55R19|235/60R18|235/65R17|255/40R21|255/45R20|265/40R21|285/35R21|295/35R21,5x112,17|18|19|20|21
4efe5fd0-1930-457b-b87d-0e023c01f052,2021,Mercedes,glc,AMG GLC 63 4MATIC+,1,0,0,B,no wheel inventory for bolt/diameter,missing_inventory_wheels,235/55R19|235/60R18|235/65R17|255/40R21|255/45R20|265/40R21|285/35R21|295/35R21,5x112,17|18|19|20|21
8ba258b0-de94-41f9-b64a-f63f7ae638da,2021,Mercedes,glc,GLC 300,1,0,0,B,no wheel inventory for bolt/diameter,missing_inventory_wheels,235/55R19|235/60R18|235/65R17|255/40R21|255/45R20|265/40R21|285/35R21|295/35R21,5x112,17|18|19|20|21
d2ec7e61-43f4-4670-a84c-dd81aa7011aa,2021,Mercedes,glc,GLC 300 4MATIC,1,0,0,B,no wheel inventory for bolt/diameter,missing_inventory_wheels,235/55R19|235/60R18|235/65R17|255/40R21|255/45R20|265/40R21|285/35R21|295/35R21,5x112,17|18|19|20|21
e2370f62-92c5-4a71-90ba-eb84f8e1f4ca,2021,Mercedes,glc,Base,1,0,0,B,no wheel inventory for bolt/diameter,missing_inventory_wheels,235/55R19|235/60R18|235/65R17|255/40R21|255/45R20|255/50R19|275/35R21|275/40R20,5x112,17|18|19|20|21
2f1a593f-6e35-4a81-8873-d280d4684f4a,2021,Mercedes,glc,GLC 350e 4MATIC,1,0,0,B,no wheel inventory for bolt/diameter,missing_inventory_wheels,235/55R19|235/60R18|235/65R17|255/40R21|255/45R20|265/40R21|285/35R21|295/35R21,5x112,17|18|19|20|21
352b3b16-1891-4c13-b7c2-c41f2eb5cda6,2022,Mercedes,glc,AMG GLC 43 4MATIC,1,0,0,B,no wheel inventory for bolt/diameter,missing_inventory_wheels,235/55R19|235/60R18|235/65R17|255/40R21|255/45R20|265/40R21|285/35R21|295/35R21,5x112,17|18|19|20|21
8938fc8e-3383-46d8-8835-5d0c2120cccc,2022,Mercedes,glc,AMG GLC 63 S 4MATIC+,1,0,0,B,no wheel inventory for bolt/diameter,missing_inventory_wheels,235/55R19|235/60R18|235/65R17|255/40R21|255/45R20|265/40R21|285/35R21|295/35R21,5x112,17|18|19|20|21
7dc49117-80d6-4320-a6bb-1e295bf721bd,2022,Mercedes,glc,AMG GLC 63 4MATIC+,1,0,0,B,no wheel inventory for bolt/diameter,missing_inventory_wheels,235/55R19|235/60R18|235/65R17|255/40R21|255/45R20|265/40R21|285/35R21|295/35R21,5x112,17|18|19|20|21
6372563d-b118-4bde-abef-08b993b24e9a,2022,Mercedes,glc,GLC 300 4MATIC,1,0,0,B,no wheel inventory for bolt/diameter,missing_inventory_wheels,235/55R19|235/60R18|235/65R17|255/40R21|255/45R20|265/40R21|285/35R21|295/35R21,5x112,17|18|19|20|21
2abf8e54-3a73-4531-b20e-a3c237dc4786,2022,Mercedes,glc,GLC 300,1,0,0,B,no wheel inventory for bolt/diameter,missing_inventory_wheels,235/55R19|235/60R18|235/65R17|255/40R21|255/45R20|265/40R21|285/35R21|295/35R21,5x112,17|18|19|20|21
aaefb690-0db5-4c09-a7af-8f53dbe23ee6,2022,Mercedes,glc,Base,1,0,0,B,no wheel inventory for bolt/diameter,missing_inventory_wheels,235/55R19|235/60R18|235/65R17|255/40R21|255/45R20|255/50R19|275/35R21|275/40R20,5x112,17|18|19|20|21
aff26017-6bce-4784-86cc-b54c2f665264,2022,Mercedes,glc,GLC 350e 4MATIC,1,0,0,B,no wheel inventory for bolt/diameter,missing_inventory_wheels,235/55R19|235/60R18|235/65R17|255/40R21|255/45R20|265/40R21|285/35R21|295/35R21,5x112,17|18|19|20|21
1aca6511-1ca7-4b7b-9cbd-fa4376c4e419,2023,Mercedes,glc,AMG GLC 63 S E Performance,1,0,0,B,no wheel inventory for bolt/diameter,missing_inventory_wheels,235/55R19|235/65R17|255/40R21|255/45R20|285/35R21,5x112,17|19|20|21
e714d274-d0e4-4d0d-b5c4-04d8efe0c092,2023,Mercedes,glc,Base,1,0,0,B,no wheel inventory for bolt/diameter,missing_inventory_wheels,235/60R18|255/40R21|255/45R20|255/50R19|275/35R21|275/40R20,5x112,18|19|20|21
514ed948-4a10-4ae3-bd4a-2c99eae3b153,2023,Mercedes,glc,GLC 350e 4MATIC,1,0,0,B,no wheel inventory for bolt/diameter,missing_inventory_wheels,235/55R19|235/65R17|255/40R21|255/45R20|285/35R21,5x112,17|19|20|21
c6943cd9-b55b-4993-9bc6-db711d268ddb,2023,Mercedes,glc,AMG GLC 43 4MATIC,1,0,0,B,no wheel inventory for bolt/diameter,missing_inventory_wheels,235/55R19|235/65R17|255/40R21|255/45R20|285/35R21,5x112,17|19|20|21
288fda46-cca9-4a6b-a019-160f58f545fb,2023,Mercedes,glc,GLC 300 4MATIC,1,0,0,B,no wheel inventory for bolt/diameter,missing_inventory_wheels,235/55R19|235/65R17|255/40R21|255/45R20|285/35R21,5x112,17|19|20|21
e7f270f2-ff45-4d8d-bec3-9b7acf4451b1,2024,Mercedes,glc,AMG GLC 63 S E Performance,1,0,0,B,no wheel inventory for bolt/diameter,missing_inventory_wheels,235/55R19|235/65R17|255/40R21|255/45R20|285/35R21,5x112,17|19|20|21
e385a44c-91cc-403a-bcf4-5c7b4744bf2e,2024,Mercedes,glc,Base,1,0,0,B,no wheel inventory for bolt/diameter,missing_inventory_wheels,235/60R18|255/40R21|255/45R20|255/50R19|275/35R21|275/40R20,5x112,18|19|20|21
2bfaf26f-4b70-47a3-93e9-0f7331c1ee20,2024,Mercedes,glc,GLC 300 4MATIC,1,0,0,B,no wheel inventory for bolt/diameter,missing_inventory_wheels,235/55R19|235/65R17|255/40R21|255/45R20|285/35R21,5x112,17|19|20|21
fc933b9e-83b4-4ec6-a314-acf6a2b3d017,2024,Mercedes,glc,GLC 350e 4MATIC,1,0,0,B,no wheel inventory for bolt/diameter,missing_inventory_wheels,235/55R19|235/65R17|255/40R21|255/45R20|285/35R21,5x112,17|19|20|21
14071ba2-4619-4eb8-959b-634ec6ca813f,2024,Mercedes,glc,AMG GLC 43 4MATIC,1,0,0,B,no wheel inventory for bolt/diameter,missing_inventory_wheels,235/55R19|235/65R17|255/40R21|255/45R20|285/35R21,5x112,17|19|20|21
ad258b81-fe64-42f9-81bb-fcd6a2e435a7,2025,Mercedes,glc,Base,1,0,0,B,no wheel inventory for bolt/diameter,missing_inventory_wheels,235/60R18|255/40R21|255/45R20|255/50R19|275/35R21|275/40R20,5x112,18|19|20|21
dbad1eb2-7826-434d-bac1-a4f31adc2f05,2025,Mercedes,glc,AMG GLC 43 4MATIC,1,0,0,B,no wheel inventory for bolt/diameter,missing_inventory_wheels,235/55R19|235/65R17|255/40R21|255/45R20|285/35R21,5x112,17|19|20|21
1abda73e-23c9-437c-9548-a8a381dd3bfa,2025,Mercedes,glc,GLC 350e 4MATIC,1,0,0,B,no wheel inventory for bolt/diameter,missing_inventory_wheels,235/55R19|235/65R17|255/40R21|255/45R20|285/35R21,5x112,17|19|20|21
5f396193-0f39-4cf1-abc6-0b2b1864d132,2025,Mercedes,glc,AMG GLC 63 S E Performance,1,0,0,B,no wheel inventory for bolt/diameter,missing_inventory_wheels,235/55R19|235/65R17|255/40R21|255/45R20|285/35R21,5x112,17|19|20|21
14bd2f87-5718-47b9-b007-03f48db34523,2025,Mercedes,glc,GLC 300 4MATIC,1,0,0,B,no wheel inventory for bolt/diameter,missing_inventory_wheels,235/55R19|235/65R17|255/40R21|255/45R20|285/35R21,5x112,17|19|20|21
95eb1759-3b99-40d0-8a73-59c7e2935d63,2026,Mercedes,glc,Base,1,0,0,B,no wheel inventory for bolt/diameter,missing_inventory_wheels,235/60R18|255/40R21|255/45R20|255/50R19|275/35R21|275/40R20,5x112,18|19|20|21
23710f16-4f30-498f-85e8-4c2a59ecd99b,2016,Mercedes,gle,Base,1,0,0,B,no wheel inventory for bolt/diameter,missing_inventory_wheels,255/50R19|255/55R18|265/40R21|265/45R20|265/50R19|295/35R21|295/40R20,5x112,18|19|20|21
47811ab5-48a0-409e-864e-f71f042a37f9,2016,Mercedes,gle,GLE 350d 4MATIC,1,0,0,B,no wheel inventory for bolt/diameter,missing_inventory_wheels,255/50R19|255/55R18|275/45R20|275/45R21|275/50R19|295/40R20|295/40R21,5x112,18|19|20|21
ec35d040-4e6f-4130-aac9-c3b14424b14c,2017,Mercedes,gle,Base,1,0,0,B,no wheel inventory for bolt/diameter,missing_inventory_wheels,255/50R19|255/55R18|265/40R21|265/45R20|265/50R19|295/35R21|295/40R20,5x112,18|19|20|21
db86018f-8c49-4999-a3d2-5e5fcdc1b3b1,2017,Mercedes,gle,GLE 350 4MATIC,1,0,0,B,no wheel inventory for bolt/diameter,missing_inventory_wheels,255/50R19|255/55R18|275/45R20|275/45R21|275/50R19|295/40R20|295/40R21,5x112,18|19|20|21
36741684-6852-4886-bf93-07918b841793,2019,Mercedes,gle,Base,1,0,0,B,no wheel inventory for bolt/diameter,missing_inventory_wheels,255/50R19|255/55R18|265/40R21|265/45R20|265/50R19|295/35R21|295/40R20,5x112,18|19|20|21
9319a427-1468-4156-b956-9992278e6511,2019,Mercedes,gle,AMG GLE 63 4MATIC,1,0,0,B,no wheel inventory for bolt/diameter,missing_inventory_wheels,255/50R19|255/55R18|275/45R20|275/45R21|275/50R19|295/40R20|295/40R21,5x112,18|19|20|21
3a1f800b-7533-45ea-8caf-cd376b6ad5bf,2017,Mercedes,gls,GLS 550 4MATIC,1,0,0,B,no wheel inventory for bolt/diameter,missing_inventory_wheels,265/60R18|275/50R20|275/55R19|295/40R21|295/45R20|315/35R21,5x112,18|19|20|21
9835c82a-931d-4b5a-ab86-abb67a1bfd9f,2017,Mercedes,gls,GLS 450 4MATIC,1,0,0,B,no wheel inventory for bolt/diameter,missing_inventory_wheels,265/60R18|275/50R20|275/55R19|295/40R21|295/45R20|315/35R21,5x112,18|19|20|21
0a48db4e-9344-46fb-b721-ba4f27b06014,2017,Mercedes,gls,GLS 550e 4MATIC,1,0,0,B,no wheel inventory for bolt/diameter,missing_inventory_wheels,265/60R18|275/50R20|275/55R19|295/40R21|295/45R20|315/35R21,5x112,18|19|20|21
61494ecd-847c-42ca-819d-171ff17f2fbf,2017,Mercedes,gls,AMG GLS 63 4MATIC,1,0,0,B,no wheel inventory for bolt/diameter,missing_inventory_wheels,265/60R18|275/50R20|275/55R19|295/40R21|295/45R20|315/35R21,5x112,18|19|20|21
6754f5e0-3ba3-4bb9-8ec5-09dca87a5db6,2019,Mercedes,gls,GLS 450 4MATIC,1,0,0,B,no wheel inventory for bolt/diameter,missing_inventory_wheels,265/60R18|275/50R20|275/55R19|295/40R21|295/45R20|315/35R21,5x112,18|19|20|21
49d5d22b-8618-44b4-937b-f6b80ec58e49,2019,Mercedes,gls,GLS 550e 4MATIC,1,0,0,B,no wheel inventory for bolt/diameter,missing_inventory_wheels,265/60R18|275/50R20|275/55R19|295/40R21|295/45R20|315/35R21,5x112,18|19|20|21
e6e71933-2599-46bb-8f94-5f4b9fe4be9c,2019,Mercedes,gls,AMG GLS 63 4MATIC,1,0,0,B,no wheel inventory for bolt/diameter,missing_inventory_wheels,265/60R18|275/50R20|275/55R19|295/40R21|295/45R20|315/35R21,5x112,18|19|20|21
6b61e20a-3181-47a9-af53-6155649af23e,2019,Mercedes,gls,GLS 550 4MATIC,1,0,0,B,no wheel inventory for bolt/diameter,missing_inventory_wheels,265/60R18|275/50R20|275/55R19|295/40R21|295/45R20|315/35R21,5x112,18|19|20|21
23e35d11-2508-45cc-bc9e-0b1fce5a4849,2020,Mercedes,gls,GLS 580 4MATIC,1,0,0,B,no wheel inventory for bolt/diameter,missing_inventory_wheels,275/45R21|275/50R20|285/40R22|285/45R21|295/35R23|295/40R22|325/30R23|325/35R22,5x112,20|21|22|23
ecbcdff7-83b4-4bee-95bf-5750f0cbab40,2020,Mercedes,gls,GLS 450 4MATIC,1,0,0,B,no wheel inventory for bolt/diameter,missing_inventory_wheels,275/45R21|275/50R20|285/40R22|285/45R21|295/35R23|295/40R22|325/30R23|325/35R22,5x112,20|21|22|23
74400e1a-5f43-4347-b6ff-64ad152be20b,2020,Mercedes,gls,AMG GLS 63 4MATIC+,1,0,0,B,no wheel inventory for bolt/diameter,missing_inventory_wheels,275/45R21|275/50R20|285/40R22|285/45R21|295/35R23|295/40R22|325/30R23|325/35R22,5x112,20|21|22|23
d2a5e222-52c8-438f-9234-e34749a80a41,2020,Mercedes,gls,Mercedes-Maybach GLS 600,1,0,0,B,no wheel inventory for bolt/diameter,missing_inventory_wheels,275/45R21|275/50R20|285/40R22|285/45R21|295/35R23|295/40R22|325/30R23|325/35R22,5x112,20|21|22|23
9f9968ed-dc58-4c8c-a816-b691b5f39173,2021,Mercedes,gls,AMG GLS 63 4MATIC+,1,0,0,B,no wheel inventory for bolt/diameter,missing_inventory_wheels,275/45R21|275/50R20|285/40R22|285/45R21|295/35R23|295/40R22|325/30R23|325/35R22,5x112,20|21|22|23
13760410-bb4d-4ba4-a99d-a4dd96082c0f,2021,Mercedes,gls,GLS 450 4MATIC,1,0,0,B,no wheel inventory for bolt/diameter,missing_inventory_wheels,275/45R21|275/50R20|285/40R22|285/45R21|295/35R23|295/40R22|325/30R23|325/35R22,5x112,20|21|22|23
b5d8136c-d743-47c7-a058-559d70bd95ce,2021,Mercedes,gls,Mercedes-Maybach GLS 600,1,0,0,B,no wheel inventory for bolt/diameter,missing_inventory_wheels,275/45R21|275/50R20|285/40R22|285/45R21|295/35R23|295/40R22|325/30R23|325/35R22,5x112,20|21|22|23
445eb14c-af9c-4214-8ddd-3b1340e90293,2021,Mercedes,gls,GLS 580 4MATIC,1,0,0,B,no wheel inventory for bolt/diameter,missing_inventory_wheels,275/45R21|275/50R20|285/40R22|285/45R21|295/35R23|295/40R22|325/30R23|325/35R22,5x112,20|21|22|23
cf87c1ad-4e0b-427e-bc9e-f9fed58e0775,2022,Mercedes,gls,GLS 450 4MATIC,1,0,0,B,no wheel inventory for bolt/diameter,missing_inventory_wheels,275/45R21|275/50R20|285/40R22|285/45R21|295/35R23|295/40R22|325/30R23|325/35R22,5x112,20|21|22|23
8ffbf755-f64d-4855-9c88-4def0c37ad3a,2022,Mercedes,gls,AMG GLS 63 4MATIC+,1,0,0,B,no wheel inventory for bolt/diameter,missing_inventory_wheels,275/45R21|275/50R20|285/40R22|285/45R21|295/35R23|295/40R22|325/30R23|325/35R22,5x112,20|21|22|23
f3cb49b5-db00-4c47-8974-53a2cdedfa82,2022,Mercedes,gls,GLS 580 4MATIC,1,0,0,B,no wheel inventory for bolt/diameter,missing_inventory_wheels,275/45R21|275/50R20|285/40R22|285/45R21|295/35R23|295/40R22|325/30R23|325/35R22,5x112,20|21|22|23
17051bbb-477a-450e-8efe-4cb3116abf3a,2022,Mercedes,gls,Mercedes-Maybach GLS 600,1,0,0,B,no wheel inventory for bolt/diameter,missing_inventory_wheels,275/45R21|275/50R20|285/40R22|285/45R21|295/35R23|295/40R22|325/30R23|325/35R22,5x112,20|21|22|23
1be4c5b8-f690-4e2d-a3fa-5aba5f3908fe,2023,Mercedes,gls,GLS 450 4MATIC,1,0,0,B,no wheel inventory for bolt/diameter,missing_inventory_wheels,275/45R21|275/50R20|285/40R22|285/45R21|295/35R23|295/40R22|325/30R23|325/35R22,5x112,20|21|22|23
c26f3c94-d745-418f-b6d2-588ab8545502,2023,Mercedes,gls,GLS 580 4MATIC,1,0,0,B,no wheel inventory for bolt/diameter,missing_inventory_wheels,275/45R21|275/50R20|285/40R22|285/45R21|295/35R23|295/40R22|325/30R23|325/35R22,5x112,20|21|22|23
af0b745e-a202-4031-858f-3244ee93af2f,2023,Mercedes,gls,AMG GLS 63 4MATIC+,1,0,0,B,no wheel inventory for bolt/diameter,missing_inventory_wheels,275/45R21|275/50R20|285/40R22|285/45R21|295/35R23|295/40R22|325/30R23|325/35R22,5x112,20|21|22|23
a63be5de-7f74-4f11-b267-4682d636a994,2023,Mercedes,gls,Mercedes-Maybach GLS 600,1,0,0,B,no wheel inventory for bolt/diameter,missing_inventory_wheels,275/45R21|275/50R20|285/40R22|285/45R21|295/35R23|295/40R22|325/30R23|325/35R22,5x112,20|21|22|23
196666ba-cbc3-4dad-b476-376dd0a60e56,2024,Mercedes,gls,GLS 450 4MATIC,1,0,0,B,no wheel inventory for bolt/diameter,missing_inventory_wheels,275/45R21|275/50R20|285/40R22|285/45R21|295/35R23|295/40R22|325/30R23|325/35R22,5x112,20|21|22|23
cf6a7e32-c4fb-4b5a-880e-6e6fd07b4447,2024,Mercedes,gls,Mercedes-Maybach GLS 600,1,0,0,B,no wheel inventory for bolt/diameter,missing_inventory_wheels,275/45R21|275/50R20|285/40R22|285/45R21|295/35R23|295/40R22|325/30R23|325/35R22,5x112,20|21|22|23
8ff8dbdc-dfc3-479b-ab43-45b3df93498a,2024,Mercedes,gls,AMG GLS 63 4MATIC+,1,0,0,B,no wheel inventory for bolt/diameter,missing_inventory_wheels,275/45R21|275/50R20|285/40R22|285/45R21|295/35R23|295/40R22|325/30R23|325/35R22,5x112,20|21|22|23
cc7d3b99-874c-4c09-acbc-a233da9503c2,2024,Mercedes,gls,GLS 580 4MATIC,1,0,0,B,no wheel inventory for bolt/diameter,missing_inventory_wheels,275/45R21|275/50R20|285/40R22|285/45R21|295/35R23|295/40R22|325/30R23|325/35R22,5x112,20|21|22|23
7602bccf-e6cb-415f-b429-2f4a12d6a8fb,2025,Mercedes,gls,Mercedes-Maybach GLS 600,1,0,0,B,no wheel inventory for bolt/diameter,missing_inventory_wheels,275/45R21|275/50R20|285/40R22|285/45R21|295/35R23|295/40R22|325/30R23|325/35R22,5x112,20|21|22|23
17986e5f-88fc-4705-9c39-9e1977164842,2025,Mercedes,gls,GLS 450 4MATIC,1,0,0,B,no wheel inventory for bolt/diameter,missing_inventory_wheels,275/45R21|275/50R20|285/40R22|285/45R21|295/35R23|295/40R22|325/30R23|325/35R22,5x112,20|21|22|23
e4b1911d-336d-46b1-bd35-5e4080b9e232,2025,Mercedes,gls,GLS 580 4MATIC,1,0,0,B,no wheel inventory for bolt/diameter,missing_inventory_wheels,275/45R21|275/50R20|285/40R22|285/45R21|295/35R23|295/40R22|325/30R23|325/35R22,5x112,20|21|22|23
d52b8f2d-1136-404e-a6e5-14d2397407f2,2025,Mercedes,gls,AMG GLS 63 4MATIC+,1,0,0,B,no wheel inventory for bolt/diameter,missing_inventory_wheels,275/45R21|275/50R20|285/40R22|285/45R21|295/35R23|295/40R22|325/30R23|325/35R22,5x112,20|21|22|23
25a96c19-f138-48c3-911f-1a2d9927c2cb,2026,Mercedes,gls,AMG GLS 63 4MATIC+,1,0,0,B,no wheel inventory for bolt/diameter,missing_inventory_wheels,275/45R21|275/50R20|285/40R22|285/45R21|295/35R23|295/40R22|325/30R23|325/35R22,5x112,20|21|22|23
b1f7944f-d3fb-42ee-86e0-7a1adb8e1d87,2026,Mercedes,gls,GLS 580 4MATIC,1,0,0,B,no wheel inventory for bolt/diameter,missing_inventory_wheels,275/45R21|275/50R20|285/40R22|285/45R21|295/35R23|295/40R22|325/30R23|325/35R22,5x112,20|21|22|23
c7c724eb-7d40-407c-a22a-ec27bc6190a1,2026,Mercedes,gls,GLS 450 4MATIC,1,0,0,B,no wheel inventory for bolt/diameter,missing_inventory_wheels,275/45R21|275/50R20|285/40R22|285/45R21|295/35R23|295/40R22|325/30R23|325/35R22,5x112,20|21|22|23
c4be4da6-0d0e-4879-9901-880bce500c4b,2026,Mercedes,gls,Mercedes-Maybach GLS 600,1,0,0,B,no wheel inventory for bolt/diameter,missing_inventory_wheels,275/45R21|275/50R20|285/40R22|285/45R21|295/35R23|295/40R22|325/30R23|325/35R22,5x112,20|21|22|23
43a5a3e6-ec59-4423-99e0-e8b999517c5a,2014,Mercedes,s-class,Base,1,0,0,B,no wheel inventory for bolt/diameter,missing_inventory_wheels,245/50R18|245/55R17|255/35R20|255/35R21|255/40R19|255/45R18|285/30R20|285/35R19|285/40R18,5x112,17|18|19|20|21
3d3790b2-dff2-4103-a8ce-29f14d8c6a8b,2015,Mercedes,s-class,Base,1,0,0,B,no wheel inventory for bolt/diameter,missing_inventory_wheels,245/50R18|245/55R17|255/35R20|255/35R21|255/40R19|255/45R18|285/30R20|285/35R19|285/40R18,5x112,17|18|19|20|21
50a3b92d-e08b-4ae9-bdd9-956084971cc9,2016,Mercedes,s-class,Base,1,0,0,B,no wheel inventory for bolt/diameter,missing_inventory_wheels,245/50R18|245/55R17|255/35R20|255/35R21|255/40R19|255/45R18|285/30R20|285/35R19|285/40R18,5x112,17|18|19|20|21
64117b83-9e19-4bd9-b605-d44a19198ee1,2017,Mercedes,s-class,Base,1,0,0,B,no wheel inventory for bolt/diameter,missing_inventory_wheels,245/50R18|245/55R17|255/35R20|255/35R21|255/40R19|255/45R18|285/30R20|285/35R19|285/40R18,5x112,17|18|19|20|21
d362d24f-2bd2-42ec-ba33-b4febd675e6c,2019,Mercedes,s-class,Base,1,0,0,B,no wheel inventory for bolt/diameter,missing_inventory_wheels,245/50R18|245/55R17|255/35R20|255/35R21|255/40R19|255/45R18|285/30R20|285/35R19|285/40R18,5x112,17|18|19|20|21
5cc23e9c-021e-4bc6-acca-5d16c790d180,2020,Mercedes,s-class,Base,1,0,0,B,no wheel inventory for bolt/diameter,missing_inventory_wheels,245/50R18|245/55R17|255/35R20|255/35R21|255/40R19|255/45R18|285/30R20|285/35R19|285/40R18,5x112,17|18|19|20|21
aacff53a-c1ca-4c8e-9494-5b148ac8e670,2021,Mercedes,s-class,Base,1,0,0,B,no wheel inventory for bolt/diameter,missing_inventory_wheels,255/40R20|255/45R19|255/50R18|265/35R21|285/35R20|285/40R19|295/30R21,5x112,18|19|20|21
2f944d17-4ddb-44da-8668-32eaa29b9abc,2022,Mercedes,s-class,Base,1,0,0,B,no wheel inventory for bolt/diameter,missing_inventory_wheels,255/40R20|255/45R19|255/50R18|265/35R21|285/35R20|285/40R19|295/30R21,5x112,18|19|20|21
581cef20-ddb2-4718-a346-255167338693,2023,Mercedes,s-class,Base,1,0,0,B,no wheel inventory for bolt/diameter,missing_inventory_wheels,255/40R20|255/45R19|255/50R18|265/35R21|285/35R20|285/40R19|295/30R21,5x112,18|19|20|21
84fdc7ee-b612-4c44-a153-966f4bd3801c,2024,Mercedes,s-class,Base,1,0,0,B,no wheel inventory for bolt/diameter,missing_inventory_wheels,255/40R20|255/45R19|255/50R18|265/35R21|285/35R20|285/40R19|295/30R21,5x112,18|19|20|21
50e1ec19-90b5-4c81-9737-e6ccf7caa22f,2025,Mercedes,s-class,Base,1,0,0,B,no wheel inventory for bolt/diameter,missing_inventory_wheels,255/40R20|255/45R19|255/50R18|265/35R21|285/35R20|285/40R19|295/30R21,5x112,18|19|20|21
299b870f-af1c-4fca-b448-ae85ac305e38,2026,Mercedes,s-class,Base,1,0,0,B,no wheel inventory for bolt/diameter,missing_inventory_wheels,255/40R20|255/45R19|255/50R18|265/35R21|285/35R20|285/40R19|295/30R21,5x112,18|19|20|21
ccd4a1e3-caa6-4bba-a43d-462c55b665f2,2018,Mercedes-Benz,G550 4x4,Base,0,69,3,C,no tire inventory for size(s),missing_inventory_tires,325/55R22,5x130,
a2244278-9102-4927-b817-19156fc77104,2024,Mercedes-Benz,GLC,GLC 300,1,0,0,B,no wheel inventory for bolt/diameter,missing_inventory_wheels,235/55R19|235/60R18|255/45R20,5x112,18|19|20
2356e0bc-a40a-4638-898a-dc3cdc9feb47,2024,Mercedes-Benz,GLC,GLC 43 AMG,1,0,0,B,no wheel inventory for bolt/diameter,missing_inventory_wheels,235/55R19|235/60R18|255/45R20,5x112,18|19|20
57b8c9de-ad7d-4b33-9bff-efe35bf8776d,2024,Mercedes-Benz,GLC,GLC 63 AMG,1,0,0,B,no wheel inventory for bolt/diameter,missing_inventory_wheels,235/55R19|235/60R18|255/45R20,5x112,18|19|20
f0baa565-4590-463b-9e08-89273d21aeee,2024,Mercedes-Benz,GLC,"GLC 300, GLC 43 AMG, GLC 63 AMG",1,0,0,B,no wheel inventory for bolt/diameter,missing_inventory_wheels,235/55R19|235/60R18|255/45R20,5x112,18|19|20
d4e22257-29c9-4e2e-9787-49a09371e400,2025,Mercedes-Benz,GLC,GLC 43 AMG,1,0,0,B,no wheel inventory for bolt/diameter,missing_inventory_wheels,235/55R19|235/60R18|255/45R20,5x112,18|19|20
684ea833-c44a-463b-886b-44e1905fa122,2025,Mercedes-Benz,GLC,GLC 63 AMG,1,0,0,B,no wheel inventory for bolt/diameter,missing_inventory_wheels,235/55R19|235/60R18|255/45R20,5x112,18|19|20
a5415972-8e42-4322-a06d-2a707f2116a6,2025,Mercedes-Benz,GLC,GLC 300,1,0,0,B,no wheel inventory for bolt/diameter,missing_inventory_wheels,235/55R19|235/60R18|255/45R20,5x112,18|19|20
e0acbf67-798b-40f5-98d7-8b6cf8c2ef1b,2025,Mercedes-Benz,GLC,"GLC 300, GLC 43 AMG, GLC 63 AMG",1,0,0,B,no wheel inventory for bolt/diameter,missing_inventory_wheels,235/55R19|235/60R18|255/45R20,5x112,18|19|20
4f69afcd-e159-48c4-887d-62a7befbc441,2026,Mercedes-Benz,GLC,GLC 43 AMG,1,0,0,B,no wheel inventory for bolt/diameter,missing_inventory_wheels,235/55R19|235/60R18|255/45R20,5x112,18|19|20
92d5447d-a821-45df-84cf-ad14d88a9311,2026,Mercedes-Benz,GLC,GLC 63 AMG,1,0,0,B,no wheel inventory for bolt/diameter,missing_inventory_wheels,235/55R19|235/60R18|255/45R20,5x112,18|19|20
246e416e-de24-405a-85e0-d81076ca8234,2026,Mercedes-Benz,GLC,GLC 300,1,0,0,B,no wheel inventory for bolt/diameter,missing_inventory_wheels,235/55R19|235/60R18|255/45R20,5x112,18|19|20
2ca07d0b-870b-48d3-a492-78f842c39d2b,2026,Mercedes-Benz,GLC,"GLC 300, GLC 43 AMG, GLC 63 AMG",1,0,0,B,no wheel inventory for bolt/diameter,missing_inventory_wheels,235/55R19|235/60R18|255/45R20,5x112,18|19|20
749b7690-c919-43ab-befd-f91ee5e61a16,2024,Mercedes-Benz,S-Class,Maybach,1,0,0,B,no wheel inventory for bolt/diameter,missing_inventory_wheels,245/50R18|255/40R20|255/45R19|265/35R21,5x112,18|19|20|21
fb4470b1-0fde-47dc-b477-4ae0f974ca58,2024,Mercedes-Benz,S-Class,S550,1,0,0,B,no wheel inventory for bolt/diameter,missing_inventory_wheels,245/50R18|255/40R20|255/45R19|265/35R21,5x112,18|19|20|21
8293eb0b-b165-4344-a18e-e2213bd3f147,2024,Mercedes-Benz,S-Class,S63 AMG,1,0,0,B,no wheel inventory for bolt/diameter,missing_inventory_wheels,245/50R18|255/40R20|255/45R19|265/35R21,5x112,18|19|20|21
5614844a-7ff7-4713-9031-2190ea7c66db,2024,Mercedes-Benz,S-Class,S500,1,0,0,B,no wheel inventory for bolt/diameter,missing_inventory_wheels,245/50R18|255/40R20|255/45R19|265/35R21,5x112,18|19|20|21
4e7fa597-5229-4074-b6ed-9dd38c8e4a69,2025,Mercedes-Benz,S-Class,Maybach,1,0,0,B,no wheel inventory for bolt/diameter,missing_inventory_wheels,245/50R18|255/40R20|255/45R19|265/35R21,5x112,18|19|20|21
ddfd5e05-2dd6-4e15-8eda-6ee758382624,2025,Mercedes-Benz,S-Class,S550,1,0,0,B,no wheel inventory for bolt/diameter,missing_inventory_wheels,245/50R18|255/40R20|255/45R19|265/35R21,5x112,18|19|20|21
335bc339-9da1-4201-b8b7-285f93175670,2025,Mercedes-Benz,S-Class,S63 AMG,1,0,0,B,no wheel inventory for bolt/diameter,missing_inventory_wheels,245/50R18|255/40R20|255/45R19|265/35R21,5x112,18|19|20|21
a74f2b71-adda-48e8-b030-e56ec971b988,2026,Mercedes-Benz,S-Class,Maybach,1,0,0,B,no wheel inventory for bolt/diameter,missing_inventory_wheels,245/50R18|255/40R20|255/45R19|265/35R21,5x112,18|19|20|21
e38786a7-dd76-4dfd-8aad-eb2c45d4c336,2026,Mercedes-Benz,S-Class,S550,1,0,0,B,no wheel inventory for bolt/diameter,missing_inventory_wheels,245/50R18|255/40R20|255/45R19|265/35R21,5x112,18|19|20|21
23189fee-0dc0-4c70-8025-86ca61d59c1a,2026,Mercedes-Benz,S-Class,S63 AMG,1,0,0,B,no wheel inventory for bolt/diameter,missing_inventory_wheels,245/50R18|255/40R20|255/45R19|265/35R21,5x112,18|19|20|21
dddcedeb-6089-4f60-a608-6563df3913ff,2018,Mercedes-Benz Vans,Sprinter 3500,(DRW),1,0,0,B,no OEM wheel diameters parsed,missing_wheel_sizes,LT215/85R16/E,6x205,
cc9cacda-b587-4a31-a193-bc286fa9acde,2018,Mercedes-Benz Vans,Sprinter 3500XD,(DRW),1,0,0,B,no OEM wheel diameters parsed,missing_wheel_sizes,LT215/85R16/E,6x205,
b67a979a-d67a-44e5-b855-1978b0cdbe53,1964,Mercury,Comet,Base,0,15,1,C,only vintage/non-standard sizes: 6.50-13 6.95-14,vintage_tire_size,6.50-13|6.95-14,4x114.3,13|14
a990e2a8-65e7-49c4-8418-2ea23d086367,1965,Mercury,Comet,Base,0,15,1,C,only vintage/non-standard sizes: 6.50-13 6.95-14,vintage_tire_size,6.50-13|6.95-14,4x114.3,13|14
4fe91b94-eb38-4b9f-8810-415a7acb0472,1966,Mercury,Comet,Base,0,344,3,C,only vintage/non-standard sizes: 7.35-14 7.75-14,vintage_tire_size,7.35-14|7.75-14,5x114.3,14
9972457b-3011-41a4-8025-0d1358a3d1b0,1967,Mercury,Comet,Base,0,344,3,C,only vintage/non-standard sizes: 7.35-14 7.75-14 E70-14,vintage_tire_size,7.35-14|7.75-14|E70-14,5x114.3,14
1b6e9d02-7c79-49e0-a66d-841dbbcbbcd7,1968,Mercury,Cyclone,Base,0,344,3,C,only vintage/non-standard sizes: E78-14 F70-14 F78-14,vintage_tire_size,E78-14|F70-14|F78-14,5x114.3,14
a693e0c9-c571-4d89-b2ae-ba2c9bc80e64,1969,Mercury,Cyclone,Base,0,344,3,C,only vintage/non-standard sizes: E78-14 F70-14 F78-14,vintage_tire_size,E78-14|F70-14|F78-14,5x114.3,14
30d3b69c-539e-40b4-a1cd-60425da9c9ea,1970,Mercury,Cyclone,Base,0,344,3,C,only vintage/non-standard sizes: E78-14 F70-14 G70-14,vintage_tire_size,E78-14|F70-14|G70-14,5x114.3,14
60aea393-2da6-41f9-8207-ee340bc83ff1,1971,Mercury,Cyclone,Base,0,344,3,C,only vintage/non-standard sizes: E78-14 F70-14 G70-14,vintage_tire_size,E78-14|F70-14|G70-14,5x114.3,14
a31e21f9-6bbf-4bf5-ac97-70ae3bf6f6e8,2001,Mitsubishi,montero,Base,1,1854,0,A,tires+wheels OK but no packages,package_generation_gap,265/60R18|265/65R17|265/70R16,6x139.7,16|17|18
ca685e7c-c194-44eb-b774-b022f7a53f55,2002,Mitsubishi,montero,Base,1,1854,0,A,tires+wheels OK but no packages,package_generation_gap,265/60R18|265/65R17|265/70R16,6x139.7,16|17|18
1e7b64ff-0661-41b3-8209-971cc1fce372,2003,Mitsubishi,montero,Base,1,1854,0,A,tires+wheels OK but no packages,package_generation_gap,265/60R18|265/65R17|265/70R16,6x139.7,16|17|18
03aa3098-1f79-4728-bcc9-bc0098d479d4,2004,Mitsubishi,montero,Base,1,1854,0,A,tires+wheels OK but no packages,package_generation_gap,265/60R18|265/65R17|265/70R16,6x139.7,16|17|18
c99e4f7f-23a2-409d-bd11-4878f628ddde,2005,Mitsubishi,montero,Base,1,1854,0,A,tires+wheels OK but no packages,package_generation_gap,265/60R18|265/65R17|265/70R16,6x139.7,16|17|18
df3ea740-3517-4416-8f52-427c538181c6,2006,Mitsubishi,montero,Base,1,1854,0,A,tires+wheels OK but no packages,package_generation_gap,265/60R18|265/65R17|265/70R16,6x139.7,16|17|18
65384f46-cd96-46d0-9151-31291939641c,2018,Nissan,370Z,Touring Sport,1,0,0,B,no wheel inventory for bolt/diameter,missing_inventory_wheels,245/40R19|275/35R19,5x114.3,19
2b5c4015-4a38-43aa-8bee-abef5ef6b83b,2018,Nissan,370Z,Nismo Tech,1,0,0,B,no wheel inventory for bolt/diameter,missing_inventory_wheels,245/40R19|285/35R19,5x114.3,19
7f96d9e4-2a91-4ff4-9140-776c8b7d245d,2018,Nissan,370Z,Sport Tech,1,0,0,B,no wheel inventory for bolt/diameter,missing_inventory_wheels,245/40R19|275/35R19,5x114.3,19
cf09e2ce-eab8-49cd-bab0-47b7bf70aa01,2018,Nissan,370Z,Sport,1,0,0,B,no wheel inventory for bolt/diameter,missing_inventory_wheels,245/40R19|275/35R19,5x114.3,19
242210f7-3d07-4fdf-9276-f03011b4cb78,2009,Nissan,370z,Sport/Touring,1,0,0,B,no wheel inventory for bolt/diameter,missing_inventory_wheels,245/40R19 front|275/35R19 rear,5x114.3,19
67e88020-7549-4e8c-a8a4-c5feeb3b2f37,2009,Nissan,370z,NISMO,1,0,0,B,no wheel inventory for bolt/diameter,missing_inventory_wheels,245/40R19 front|285/35R19 rear,5x114.3,19
6f545b82-287b-4784-b34a-c7f1610e954e,2010,Nissan,370z,NISMO,1,0,0,B,no wheel inventory for bolt/diameter,missing_inventory_wheels,245/40R19 front|285/35R19 rear,5x114.3,19
42ad136f-a56a-449c-953b-9cbb17474593,2010,Nissan,370z,Sport/Touring,1,0,0,B,no wheel inventory for bolt/diameter,missing_inventory_wheels,245/40R19 front|275/35R19 rear,5x114.3,19
721e615a-2a49-4324-a886-f7eb3f860d41,2011,Nissan,370z,Sport/Touring,1,0,0,B,no wheel inventory for bolt/diameter,missing_inventory_wheels,245/40R19 front|275/35R19 rear,5x114.3,19
87e1034f-c895-4778-9290-3af9cec7cb41,2011,Nissan,370z,NISMO,1,0,0,B,no wheel inventory for bolt/diameter,missing_inventory_wheels,245/40R19 front|285/35R19 rear,5x114.3,19
cdcd3dd9-fb43-499c-98ee-c24d1423c85e,2012,Nissan,370z,Sport/Touring,1,0,0,B,no wheel inventory for bolt/diameter,missing_inventory_wheels,245/40R19 front|275/35R19 rear,5x114.3,19
b0e33a37-e55e-4636-8c03-d2704aeac624,2012,Nissan,370z,NISMO,1,0,0,B,no wheel inventory for bolt/diameter,missing_inventory_wheels,245/40R19 front|285/35R19 rear,5x114.3,19
4bf821b7-5152-413b-b1d5-eda88e7ea6e8,2013,Nissan,370z,NISMO,1,0,0,B,no wheel inventory for bolt/diameter,missing_inventory_wheels,245/40R19 front|285/35R19 rear,5x114.3,19
daa31671-b6b4-48a0-95ae-e1d19f4875db,2013,Nissan,370z,Sport/Touring,1,0,0,B,no wheel inventory for bolt/diameter,missing_inventory_wheels,245/40R19 front|275/35R19 rear,5x114.3,19
526ce591-912b-41bb-b106-7b2f60d28429,2014,Nissan,370z,Sport/Touring,1,0,0,B,no wheel inventory for bolt/diameter,missing_inventory_wheels,245/40R19 front|275/35R19 rear,5x114.3,19
2105ce74-c9e0-4b60-8cda-71be770f816e,2014,Nissan,370z,NISMO,1,0,0,B,no wheel inventory for bolt/diameter,missing_inventory_wheels,245/40R19 front|285/35R19 rear,5x114.3,19
2aa227b6-c72f-41a3-bdcb-263f673dd20b,2015,Nissan,370z,NISMO,1,0,0,B,no wheel inventory for bolt/diameter,missing_inventory_wheels,245/40R19 front|285/35R19 rear,5x114.3,19
09b33692-119b-4a89-8333-d172c120b78a,2015,Nissan,370z,Sport/Touring,1,0,0,B,no wheel inventory for bolt/diameter,missing_inventory_wheels,245/40R19 front|275/35R19 rear,5x114.3,19
9f9014b7-d37e-49c5-b161-b0c9dedc77d1,2016,Nissan,370z,NISMO,1,0,0,B,no wheel inventory for bolt/diameter,missing_inventory_wheels,245/40R19 front|285/35R19 rear,5x114.3,19
f0c70f80-b68f-4214-8cd4-8ec83421fb97,2016,Nissan,370z,Sport/Touring,1,0,0,B,no wheel inventory for bolt/diameter,missing_inventory_wheels,245/40R19 front|275/35R19 rear,5x114.3,19
c949a941-c290-43e8-b0c2-3db05d0ffbb4,2017,Nissan,370z,Sport/Touring,1,0,0,B,no wheel inventory for bolt/diameter,missing_inventory_wheels,245/40R19 front|275/35R19 rear,5x114.3,19
2a483190-4bdd-4110-b25b-77e25db6e14c,2017,Nissan,370z,NISMO,1,0,0,B,no wheel inventory for bolt/diameter,missing_inventory_wheels,245/40R19 front|285/35R19 rear,5x114.3,19
13773bbe-1f91-417e-928a-47d210444a0f,2019,Nissan,370z,NISMO,1,0,0,B,no wheel inventory for bolt/diameter,missing_inventory_wheels,245/40R19 front|285/35R19 rear,5x114.3,19
5fce0a68-d27c-43aa-8202-84adcaf019da,2019,Nissan,370z,Sport/Touring,1,0,0,B,no wheel inventory for bolt/diameter,missing_inventory_wheels,245/40R19 front|275/35R19 rear,5x114.3,19
1446e79c-8bda-47a8-8fcb-0d9c9d9a821b,2020,Nissan,370z,NISMO,1,0,0,B,no wheel inventory for bolt/diameter,missing_inventory_wheels,245/40R19 front|285/35R19 rear,5x114.3,19
303d4ec5-aae5-4a5e-a2fe-9c39087f684c,2020,Nissan,370z,Sport/Touring,1,0,0,B,no wheel inventory for bolt/diameter,missing_inventory_wheels,245/40R19 front|275/35R19 rear,5x114.3,19
03e5d610-37c4-4e91-b803-326819794924,2018,Nissan,GT-R,Premium,0,1053,3,C,only vintage/non-standard sizes: 255/40RF20 255/40ZRF20 285/35RF20,vintage_tire_size,255/40RF20|255/40ZRF20|285/35RF20|285/35ZRF20,5x114.3,20
caeb2964-1286-4c66-a310-3b281c90cc36,2018,Nissan,GT-R,Nismo,0,1053,3,C,only vintage/non-standard sizes: 255/40ZRF20 285/35ZRF20,vintage_tire_size,255/40ZRF20|285/35ZRF20,5x114.3,20
802dab9f-ab01-456c-806d-b9d2e7d32710,2018,Nissan,GT-R,Track Edition,0,1053,3,C,only vintage/non-standard sizes: 255/40ZRF20 285/35ZRF20,vintage_tire_size,255/40ZRF20|285/35ZRF20,5x114.3,20
26a6b12c-a7bc-4303-ada7-20196205f8cd,2018,Nissan,GT-R,Pure,0,1053,3,C,only vintage/non-standard sizes: 255/40RF20 255/40ZRF20 285/35RF20,vintage_tire_size,255/40RF20|255/40ZRF20|285/35RF20|285/35ZRF20,5x114.3,20
ff18351f-340f-48c5-9852-749f548c0274,1990,Nissan,Pickup,Base,1,1781,0,A,tires+wheels OK but no packages,package_generation_gap,195/75R14|215/75R14|215/75R15|235/75R15,6x139.7,14|15
3f2acdfc-c9b3-4ea2-ba79-bdc54c05922a,1991,Nissan,Pickup,Base,1,1781,0,A,tires+wheels OK but no packages,package_generation_gap,195/75R14|215/75R14|215/75R15|235/75R15,6x139.7,14|15
8369da8d-16ec-4a68-96f2-52adb072dd6e,1992,Nissan,Pickup,Base,1,1781,0,A,tires+wheels OK but no packages,package_generation_gap,195/75R14|215/75R14|215/75R15|235/75R15,6x139.7,14|15
8c4bef50-3ada-48c5-9568-ff4664d56028,1993,Nissan,Pickup,Base,1,1781,0,A,tires+wheels OK but no packages,package_generation_gap,195/75R14|215/75R14|215/75R15|235/75R15,6x139.7,14|15
74c0b8ca-5b4b-4095-be56-acbf24294a8a,1994,Nissan,Pickup,Base,1,1781,0,A,tires+wheels OK but no packages,package_generation_gap,195/75R14|215/75R14|215/75R15|235/75R15,6x139.7,14|15
d01b7cc1-d7fa-4174-9fe7-d7222248213d,1995,Nissan,Pickup,Base,1,1781,0,A,tires+wheels OK but no packages,package_generation_gap,195/75R14|215/75R14|215/75R15|235/75R15,6x139.7,14|15
65ad132a-7a7d-431a-9b17-5a8856140373,1996,Nissan,Pickup,Base,1,1781,0,A,tires+wheels OK but no packages,package_generation_gap,195/75R14|215/75R14|215/75R15|235/75R15,6x139.7,14|15
a2533911-7788-462b-8f3b-327b597f9e7c,1997,Nissan,Pickup,Base,1,1781,0,A,tires+wheels OK but no packages,package_generation_gap,195/75R14|215/75R14|215/75R15|235/75R15,6x139.7,14|15
e8994bb1-bd34-402d-ac28-25855be33537,2026,Nissan,Rogue,Dark Armor,1,0,0,B,no wheel inventory for bolt/diameter,missing_inventory_wheels,235/55R19,5x114.3,19
05bb8150-0990-4769-befa-ca0374e3e4b0,2020,Nissan,altima,SR,1,0,0,B,no wheel inventory for bolt/diameter,missing_inventory_wheels,235/40R19,5x114.3,19
ca0c6aa7-3191-4813-9a3c-ead5bf18056d,2020,Nissan,altima,Platinum,1,0,0,B,no wheel inventory for bolt/diameter,missing_inventory_wheels,235/40R19,5x114.3,19
8439bc0b-8910-4866-b328-67aa7ed0aa12,2021,Nissan,altima,Platinum,1,0,0,B,no wheel inventory for bolt/diameter,missing_inventory_wheels,235/40R19,5x114.3,19
feae6e81-1fd6-4f02-ad36-04d77389d306,2021,Nissan,altima,SR,1,0,0,B,no wheel inventory for bolt/diameter,missing_inventory_wheels,235/40R19,5x114.3,19
6c341205-b7a3-4aa5-a841-ea06e56dcff0,2022,Nissan,altima,Platinum,1,0,0,B,no wheel inventory for bolt/diameter,missing_inventory_wheels,235/40R19,5x114.3,19
6b10ea43-69ab-4872-acdc-d5d5f4bb6546,2022,Nissan,altima,SR,1,0,0,B,no wheel inventory for bolt/diameter,missing_inventory_wheels,235/40R19,5x114.3,19
6863f9ce-6f46-4c30-a40b-6c497fa23134,2022,Nissan,altima,SL,1,0,0,B,no wheel inventory for bolt/diameter,missing_inventory_wheels,235/40R19,5x114.3,19
03c64a8a-41d1-4909-a8ef-8ce13a86a3ae,2023,Nissan,altima,SR,1,0,0,B,no wheel inventory for bolt/diameter,missing_inventory_wheels,235/40R19,5x114.3,19
33d73619-f7ae-4853-9981-eb1266f90887,2023,Nissan,altima,SL,1,0,0,B,no wheel inventory for bolt/diameter,missing_inventory_wheels,235/40R19,5x114.3,19
86095946-0113-4130-8138-de7a79fd1005,2024,Nissan,altima,SR,1,0,0,B,no wheel inventory for bolt/diameter,missing_inventory_wheels,235/40R19,5x114.3,19
53f45afb-f8ca-425d-bcb9-45da1d4696bc,2024,Nissan,altima,SL,1,0,0,B,no wheel inventory for bolt/diameter,missing_inventory_wheels,235/40R19,5x114.3,19
1f77718f-07c4-4a39-8c43-e6000ea8f562,2025,Nissan,altima,SR,1,0,0,B,no wheel inventory for bolt/diameter,missing_inventory_wheels,235/40R19,5x114.3,19
5835b0e8-3218-43d5-bb91-4f1f0d1b5ee1,2025,Nissan,altima,SL,1,0,0,B,no wheel inventory for bolt/diameter,missing_inventory_wheels,235/40R19,5x114.3,19
5586f44c-e7f7-4b8f-a705-3a1d85cc0f6f,2025,Nissan,altima,Platinum,1,0,0,B,no wheel inventory for bolt/diameter,missing_inventory_wheels,235/40R19,5x114.3,19
cef92b92-fbfc-41d2-8d3d-308a77d6745f,2026,Nissan,altima,SL,1,0,0,B,no wheel inventory for bolt/diameter,missing_inventory_wheels,235/40R19,5x114.3,19
f0cd7292-eb64-4fc9-a848-3a839b3e0402,2026,Nissan,altima,SR,1,0,0,B,no wheel inventory for bolt/diameter,missing_inventory_wheels,235/40R19,5x114.3,19
fe4bf05c-de0d-461f-b5e6-bc6b57bcdce7,2026,Nissan,altima,Platinum,1,0,0,B,no wheel inventory for bolt/diameter,missing_inventory_wheels,235/40R19,5x114.3,19
96fa68a3-e04a-44f8-98b6-dee7d6d556ba,2020,Nissan,rogue,SL,1,0,0,B,no wheel inventory for bolt/diameter,missing_inventory_wheels,225/55R19,5x114.3,19
382926c4-3da9-437a-882f-ff6bf324b138,2021,Nissan,rogue,Platinum,1,0,0,B,no wheel inventory for bolt/diameter,missing_inventory_wheels,235/55R19,5x114.3,19
75ea7e60-1888-469d-b590-1bd2fd23b94a,2021,Nissan,rogue,SL,1,0,0,B,no wheel inventory for bolt/diameter,missing_inventory_wheels,235/55R19,5x114.3,19
a5c1306a-ce7d-41cb-ab5b-a3c3fb39ee3a,2022,Nissan,rogue,Platinum,1,0,0,B,no wheel inventory for bolt/diameter,missing_inventory_wheels,235/55R19,5x114.3,19
b9552d76-b159-4ca4-aea8-6e4b51a0cbc8,2022,Nissan,rogue,SL,1,0,0,B,no wheel inventory for bolt/diameter,missing_inventory_wheels,235/55R19,5x114.3,19
bab0a267-2466-4a6a-a944-13824bcd3c41,2023,Nissan,rogue,Platinum,1,0,0,B,no wheel inventory for bolt/diameter,missing_inventory_wheels,235/55R19,5x114.3,19
9f5531b6-021e-4296-a03c-2ce64d16e06a,2023,Nissan,rogue,SL,1,0,0,B,no wheel inventory for bolt/diameter,missing_inventory_wheels,235/55R19,5x114.3,19
b39f4969-46aa-47cc-a010-500384e4a9dd,2024,Nissan,rogue,Platinum,1,0,0,B,no wheel inventory for bolt/diameter,missing_inventory_wheels,235/55R19,5x114.3,19
2cba571e-dab4-4dc7-9093-d53bed31d39b,2024,Nissan,rogue,SL,1,0,0,B,no wheel inventory for bolt/diameter,missing_inventory_wheels,235/55R19,5x114.3,19
f613037d-fee7-4771-9d2b-0ffdca93975c,2025,Nissan,rogue,SL,1,0,0,B,no wheel inventory for bolt/diameter,missing_inventory_wheels,235/55R19,5x114.3,19
08dee532-e747-416b-b78c-8c59aeeb27db,2025,Nissan,rogue,Platinum,1,0,0,B,no wheel inventory for bolt/diameter,missing_inventory_wheels,235/55R19,5x114.3,19
82477b52-7897-4c20-9304-bd6d4089efcb,2026,Nissan,rogue,SL,1,0,0,B,no wheel inventory for bolt/diameter,missing_inventory_wheels,235/55R19,5x114.3,19
4640801e-6dea-46ea-b1b6-228aed05b072,2026,Nissan,rogue,Platinum,1,0,0,B,no wheel inventory for bolt/diameter,missing_inventory_wheels,235/55R19,5x114.3,19
0c45fad2-bb00-4cb7-9230-fe03b23ae4f7,1995,Nissan,sentra,SR,1,16,0,A,tires+wheels OK but no packages,package_generation_gap,175/65R14|175/70R13|185/65R14|195/55R15,4x114.3,13|14|15
ae364ba4-cccb-4ffe-ab1e-9f330ce0087f,1995,Nissan,sentra,S,1,16,0,A,tires+wheels OK but no packages,package_generation_gap,175/65R14|175/70R13|185/65R14|195/55R15,4x114.3,13|14|15
7f899caa-2ee1-4cf1-8480-84bd50976467,1995,Nissan,sentra,SV,1,16,0,A,tires+wheels OK but no packages,package_generation_gap,175/65R14|175/70R13|185/65R14|195/55R15,4x114.3,13|14|15
20e6da3c-126a-49d3-a4be-0fdbf2577690,1995,Nissan,sentra,"S, SV, SR",1,16,0,A,tires+wheels OK but no packages,package_generation_gap,175/65R14|175/70R13|185/65R14|195/55R15,4x114.3,13|14|15
8ea320aa-b866-438b-b75e-2c7799574158,1996,Nissan,sentra,SV,1,16,0,A,tires+wheels OK but no packages,package_generation_gap,175/65R14|175/70R13|185/65R14|195/55R15,4x114.3,13|14|15
f1947216-11f0-452a-99cb-5864a82c62d5,1996,Nissan,sentra,"S, SV, SR",1,16,0,A,tires+wheels OK but no packages,package_generation_gap,175/65R14|175/70R13|185/65R14|195/55R15,4x114.3,13|14|15
c200d053-51ef-497d-ba44-f1978628de65,1996,Nissan,sentra,S,1,16,0,A,tires+wheels OK but no packages,package_generation_gap,175/65R14|175/70R13|185/65R14|195/55R15,4x114.3,13|14|15
f8fd9f7d-9b7c-468f-a0fb-97a05b7e7593,1996,Nissan,sentra,SR,1,16,0,A,tires+wheels OK but no packages,package_generation_gap,175/65R14|175/70R13|185/65R14|195/55R15,4x114.3,13|14|15
e4d48994-498c-4ae1-bd70-20dcb34e56b0,1997,Nissan,sentra,SR,1,16,0,A,tires+wheels OK but no packages,package_generation_gap,175/65R14|175/70R13|185/65R14|195/55R15,4x114.3,13|14|15
cf41352d-d488-445f-8bcf-d8372bb2cd65,1997,Nissan,sentra,"S, SV, SR",1,16,0,A,tires+wheels OK but no packages,package_generation_gap,175/65R14|175/70R13|185/65R14|195/55R15,4x114.3,13|14|15
fbf8020c-004f-49eb-baa9-5dd15fad2bb8,1997,Nissan,sentra,SV,1,16,0,A,tires+wheels OK but no packages,package_generation_gap,175/65R14|175/70R13|185/65R14|195/55R15,4x114.3,13|14|15
c31b9ad1-7f88-4e01-9ce7-b66df4066d98,1997,Nissan,sentra,S,1,16,0,A,tires+wheels OK but no packages,package_generation_gap,175/65R14|175/70R13|185/65R14|195/55R15,4x114.3,13|14|15
df4bf4a5-0416-4b2a-a81f-06aa0989214e,1998,Nissan,sentra,SR,1,16,0,A,tires+wheels OK but no packages,package_generation_gap,175/65R14|175/70R13|185/65R14|195/55R15,4x114.3,13|14|15
324c8cde-1554-46ec-9ef6-f93c0cba9392,1998,Nissan,sentra,SV,1,16,0,A,tires+wheels OK but no packages,package_generation_gap,175/65R14|175/70R13|185/65R14|195/55R15,4x114.3,13|14|15
12fe5a82-ee42-4b11-b0b8-74ff2049fa33,1998,Nissan,sentra,S,1,16,0,A,tires+wheels OK but no packages,package_generation_gap,175/65R14|175/70R13|185/65R14|195/55R15,4x114.3,13|14|15
297a30bf-a929-4ac9-a954-abb097e16c53,1998,Nissan,sentra,"S, SV, SR",1,16,0,A,tires+wheels OK but no packages,package_generation_gap,175/65R14|175/70R13|185/65R14|195/55R15,4x114.3,13|14|15
5d50bb35-d390-4fb4-a278-f6be61a4dd04,1999,Nissan,sentra,SV,1,16,0,A,tires+wheels OK but no packages,package_generation_gap,175/65R14|175/70R13|185/65R14|195/55R15,4x114.3,13|14|15
a4773e20-9f10-454b-9802-627f6791be08,1999,Nissan,sentra,SR,1,16,0,A,tires+wheels OK but no packages,package_generation_gap,175/65R14|175/70R13|185/65R14|195/55R15,4x114.3,13|14|15
c1e7ee2d-2d5f-4152-92c6-082a6ef1e014,1999,Nissan,sentra,S,1,16,0,A,tires+wheels OK but no packages,package_generation_gap,175/65R14|175/70R13|185/65R14|195/55R15,4x114.3,13|14|15
d1e6cbd1-8dbf-4f18-aa6a-188b5d7aa879,1999,Nissan,sentra,"S, SV, SR",1,16,0,A,tires+wheels OK but no packages,package_generation_gap,175/65R14|175/70R13|185/65R14|195/55R15,4x114.3,13|14|15
e7faea80-0639-48f2-91ff-5b1532979340,1965,Plymouth,Belvedere,Base,0,344,3,C,only vintage/non-standard sizes: 735-14 775-14,vintage_tire_size,735-14|775-14,5x114.3,14
fe5857da-c4f5-4493-867f-00105c78e72f,1966,Plymouth,Belvedere,Base,0,344,3,C,only vintage/non-standard sizes: 735-14 775-14,vintage_tire_size,735-14|775-14,5x114.3,14
241d38d1-1e03-4357-ad52-538cb7eb7f2f,1967,Plymouth,Belvedere,Base,0,344,3,C,only vintage/non-standard sizes: 735-14 775-14,vintage_tire_size,735-14|775-14,5x114.3,14
9fc6c8c5-c988-4d23-8d6b-02b991fc34bf,1968,Plymouth,Belvedere,Base,0,344,2,C,only vintage/non-standard sizes: 775-14 825-14 F70-15,vintage_tire_size,775-14|825-14|F70-15,5x114.3,14|15
474228dd-9d15-4334-a13e-6c0f087510d8,1969,Plymouth,Belvedere,Base,0,344,2,C,only vintage/non-standard sizes: 735-14 775-14 F70-15,vintage_tire_size,735-14|775-14|F70-15,5x114.3,14|15
fca8374b-587a-4fe9-babd-9b92e916e0a3,1970,Plymouth,Belvedere,Base,0,344,3,C,only vintage/non-standard sizes: F78-14 G78-14,vintage_tire_size,F78-14|G78-14,5x114.3,14
7b46a0d4-d6e7-480a-aa22-9fc555d7a907,1970,Plymouth,Cuda,Base,0,344,2,C,only vintage/non-standard sizes: E60-15 F60-15 F70-14,vintage_tire_size,E60-15|F60-15|F70-14|G60-15,5x114.3,14|15
3aadcb87-e62a-427c-8c80-aae8e3abdee2,1971,Plymouth,Cuda,Base,0,344,2,C,only vintage/non-standard sizes: F60-15 F70-14 F78-14,vintage_tire_size,F60-15|F70-14|F78-14,5x114.3,14|15
674881a3-fb35-4a46-a482-2f76d68ce620,1967,Plymouth,GTX,Base,0,344,3,C,only vintage/non-standard sizes: F70-14,vintage_tire_size,F70-14,5x114.3,14
af4f2f4c-3030-4bd9-b38e-f9b84e69f46f,1968,Plymouth,GTX,Base,0,344,3,C,only vintage/non-standard sizes: F70-14,vintage_tire_size,F70-14,5x114.3,14
54ae3ca9-7e72-4819-b280-f586e6997cc2,1969,Plymouth,GTX,Base,0,344,3,C,only vintage/non-standard sizes: F70-14,vintage_tire_size,F70-14,5x114.3,14
29786992-0343-442e-8f60-19e6ca9ea4f7,1970,Plymouth,GTX,Base,0,344,3,C,only vintage/non-standard sizes: F70-14,vintage_tire_size,F70-14,5x114.3,14
c2288cc1-1419-4117-a314-5b5d3ea9f0ca,1971,Plymouth,GTX,Base,0,344,3,C,only vintage/non-standard sizes: G70-14 G78-14,vintage_tire_size,G70-14|G78-14,5x114.3,14
58085a44-6a10-4400-b84c-dc08155d7cbf,1982,Plymouth,Gran Fury,Base,0,1048,3,C,no tire inventory for size(s),missing_inventory_tires,P195/75R15,5x114.3,15
927cd093-fed3-411a-8e43-095fcce737ab,1983,Plymouth,Gran Fury,Base,0,1048,3,C,no tire inventory for size(s),missing_inventory_tires,P195/75R15,5x114.3,15
aeabfa7d-214c-42e0-96d6-533fc861202c,1984,Plymouth,Gran Fury,Base,0,1048,3,C,no tire inventory for size(s),missing_inventory_tires,P195/75R15,5x114.3,15
eacf5b79-b978-458f-a8e2-8554c6101d50,1985,Plymouth,Gran Fury,Base,0,1048,3,C,no tire inventory for size(s),missing_inventory_tires,P195/75R15,5x114.3,15
f476e693-c4c7-47d3-bb5d-e17e09b4bed8,1986,Plymouth,Gran Fury,Base,0,1048,3,C,no tire inventory for size(s),missing_inventory_tires,P195/75R15,5x114.3,15
21453fdb-5a83-417c-9010-0ed641a9be3a,1987,Plymouth,Gran Fury,Base,0,1048,3,C,no tire inventory for size(s),missing_inventory_tires,P195/75R15,5x114.3,15
0e4ba94f-37ec-4bf3-aa3c-a766f88ba91d,1988,Plymouth,Gran Fury,Base,0,1048,3,C,no tire inventory for size(s),missing_inventory_tires,P195/75R15,5x114.3,15
a254a57a-5e13-46b1-850e-fbf3b1556bd3,1989,Plymouth,Gran Fury,Base,0,1048,3,C,no tire inventory for size(s),missing_inventory_tires,P195/75R15,5x114.3,15
7e7c919e-3230-42e7-9890-a79fb59d439c,1968,Plymouth,Road Runner,Base,0,344,3,C,only vintage/non-standard sizes: F70-14,vintage_tire_size,F70-14,5x114.3,14
3afe4d99-2ac0-4985-8a38-d5bfe88d35ee,1969,Plymouth,Road Runner,Base,0,344,3,C,only vintage/non-standard sizes: F70-14,vintage_tire_size,F70-14,5x114.3,14
5bee2787-faf5-45a4-8da8-b9554c22a9f7,1970,Plymouth,Road Runner,Base,0,344,3,C,only vintage/non-standard sizes: F70-14,vintage_tire_size,F70-14,5x114.3,14
f9372c78-f0c1-4c8d-9339-756038bbd835,1971,Plymouth,Road Runner,Base,0,344,3,C,only vintage/non-standard sizes: F70-14 F78-14,vintage_tire_size,F70-14|F78-14,5x114.3,14
c73f2458-cdf3-4871-a40e-21153675b22a,1965,Plymouth,Satellite,Base,0,344,3,C,only vintage/non-standard sizes: 735-14 775-14,vintage_tire_size,735-14|775-14,5x114.3,14
8179c818-312d-4597-86f2-5306ade5a83b,1966,Plymouth,Satellite,Base,0,344,3,C,only vintage/non-standard sizes: 735-14 775-14,vintage_tire_size,735-14|775-14,5x114.3,14
059ebf84-d042-4557-b3ea-68a98d055f0f,1967,Plymouth,Satellite,Base,0,344,3,C,only vintage/non-standard sizes: 735-14 775-14,vintage_tire_size,735-14|775-14,5x114.3,14
c8acad29-b1c0-4e5d-8477-4874ae189e95,1968,Plymouth,Satellite,Base,0,344,2,C,only vintage/non-standard sizes: 735-14 775-14 F70-15,vintage_tire_size,735-14|775-14|F70-15,5x114.3,14|15
65000701-ace2-4708-9cd9-203d118b2699,1969,Plymouth,Satellite,Base,0,344,2,C,only vintage/non-standard sizes: 735-14 775-14 F70-15,vintage_tire_size,735-14|775-14|F70-15,5x114.3,14|15
43942724-064d-486d-aee3-f514d0d6fa96,1970,Plymouth,Satellite,Base,0,344,3,C,only vintage/non-standard sizes: F78-14 G78-14,vintage_tire_size,F78-14|G78-14,5x114.3,14
b0a2132c-32d8-4292-b232-fe07121b41c4,1971,Plymouth,Satellite,Base,0,344,3,C,only vintage/non-standard sizes: E78-14 F78-14 G78-14,vintage_tire_size,E78-14|F78-14|G78-14,5x114.3,14
2ca4d76a-2177-41e9-b131-30145ea6d0a4,1964,Plymouth,Valiant,Base,0,0,0,D,vintage sizes only: 6.50-13 7.00-13,vintage_tire_size,6.50-13|7.00-13,5x101.6,13
b3d55e15-820d-448e-b9da-6b3dbcc735a0,1965,Plymouth,Valiant,Base,0,0,0,D,vintage sizes only: 6.50-13 6.95-14 7.00-13,vintage_tire_size,6.50-13|6.95-14|7.00-13,5x101.6,13|14
20a712db-e097-401f-bb75-a31934f141d6,1966,Plymouth,Valiant,Base,0,0,0,D,vintage sizes only: 6.50-13 6.95-14 7.00-13,vintage_tire_size,6.50-13|6.95-14|7.00-13,5x101.6,13|14
c5fd35e4-013a-4755-bb38-cf4fd3596c3d,1967,Plymouth,Valiant,Base,0,0,0,D,vintage sizes only: 6.50-13 7.00-13,vintage_tire_size,6.50-13|7.00-13,5x101.6,13|14
04d44b2b-f9f4-4599-a5aa-a2ad4e34edce,1968,Plymouth,Valiant,Base,0,0,0,D,vintage sizes only: 6.50-13 6.95-14 7.00-13,vintage_tire_size,6.50-13|6.95-14|7.00-13|D70-14|E70-14,5x101.6,13|14
e6786b76-8fa8-4c0a-8d2c-21eb2e00dcc2,1969,Plymouth,Valiant,Base,0,0,0,D,vintage sizes only: 6.50-13 6.95-14 7.00-13,vintage_tire_size,6.50-13|6.95-14|7.00-13|D70-14|E70-14,5x101.6,13|14
d228f8fe-68d3-4cd0-9b1f-4a6d33509f97,1970,Plymouth,Valiant,Base,0,0,0,D,vintage sizes only: 6.95-14 D70-14 E70-14,vintage_tire_size,6.95-14|D70-14|E70-14,5x101.6,14
2b215ba6-14f5-4081-be10-520ba544601c,1971,Plymouth,Valiant,Base,0,0,0,D,vintage sizes only: 6.95-14 D70-14 E70-14,vintage_tire_size,6.95-14|D70-14|E70-14,5x101.6,14
8c573740-0a10-4091-bcd1-ffe9c2b76528,1972,Plymouth,Valiant,Base,0,0,0,D,vintage sizes only: 6.95-14 D70-14 E70-14,vintage_tire_size,6.95-14|D70-14|E70-14,5x101.6,14
1497e3cc-658e-422d-9e64-35fe5cfe800f,1973,Plymouth,Valiant,Base,0,344,3,C,only vintage/non-standard sizes: 6.95-14 D78-14 E70-14,vintage_tire_size,6.95-14|D78-14|E70-14|E78-14,5x114.3,14
b26cc588-dc54-4e27-bd68-abc81d77dac7,1964,Plymouth,barracuda,Base,0,0,0,D,vintage sizes only: 6.50-13,vintage_tire_size,6.50-13,5x101.6,13
426dbf05-fd1c-4354-8a94-73ad0d05ccd1,1965,Plymouth,barracuda,Base,0,0,0,D,vintage sizes only: 6.50-13 6.95-14 7.00-13,vintage_tire_size,6.50-13|6.95-14|7.00-13,5x101.6,13|14
29cda393-ea44-40d7-97b9-2d247ca0c91d,1966,Plymouth,barracuda,Base,0,0,0,D,vintage sizes only: 6.50-13 6.95-14 7.35-14,vintage_tire_size,6.50-13|6.95-14|7.35-14,5x101.6,13|14
ca43448f-f46c-4531-9a8a-4acb29d58fc3,1967,Plymouth,barracuda,Base,0,0,0,D,vintage sizes only: 7.35-14 D70-14 E70-14,vintage_tire_size,7.35-14|D70-14|E70-14,5x101.6,14
8e157402-e326-486b-b089-4b7f446119e3,1968,Plymouth,barracuda,Base,0,0,0,D,vintage sizes only: 7.35-14 D70-14 E70-14,vintage_tire_size,7.35-14|D70-14|E70-14,5x101.6,14
d4ed2e8a-a23d-4987-ac13-24fe78ec9ee7,1969,Plymouth,barracuda,Base,0,0,0,D,vintage sizes only: 7.35-14 D70-14 E70-14,vintage_tire_size,7.35-14|D70-14|E70-14|F70-14,5x101.6,14
a11708f6-9a1a-4974-916e-2bafcb9e3984,1970,Plymouth,barracuda,Base,0,344,2,C,only vintage/non-standard sizes: E70-14 E78-14 F60-15,vintage_tire_size,E70-14|E78-14|F60-15|F70-14,5x114.3,14|15
a298eb9c-032b-408e-b17e-3e376f0bce92,1971,Plymouth,barracuda,Base,0,344,2,C,only vintage/non-standard sizes: E78-14 F60-15 F70-14,vintage_tire_size,E78-14|F60-15|F70-14|F78-14,5x114.3,14|15
f2150d61-7e6d-4fbb-8846-0d521fcbdd4b,1972,Plymouth,barracuda,Base,0,344,3,C,only vintage/non-standard sizes: 735-14 F70-14 F78-14,vintage_tire_size,735-14|F70-14|F78-14,5x114.3,14
cebea997-0083-4c73-a08f-be6a399bd69e,1973,Plymouth,barracuda,Base,0,344,3,C,only vintage/non-standard sizes: 735-14 F78-14,vintage_tire_size,735-14|F78-14,5x114.3,14
9af0c1b6-4743-48cc-bd6f-aef1d7e04bf2,1974,Plymouth,barracuda,Base,0,344,3,C,only vintage/non-standard sizes: 735-14 F70-14 F78-14,vintage_tire_size,735-14|F70-14|F78-14,5x114.3,14
dccb8b56-732d-4f72-b9e3-af30aaedbe83,1970,Plymouth,duster,Base,0,0,0,D,vintage sizes only: D78-14 E70-14,vintage_tire_size,D78-14|E70-14,5x101.6,14
91299dec-01be-40c5-8fe1-3f96c77a643e,1971,Plymouth,duster,Base,0,0,0,D,vintage sizes only: D78-14 E70-14,vintage_tire_size,D78-14|E70-14,5x101.6,14
7a2bfb87-3dad-495a-bec7-a65db7b03226,1972,Plymouth,duster,Base,0,0,0,D,vintage sizes only: D78-14 E70-14,vintage_tire_size,D78-14|E70-14,5x101.6,14
96759677-58b3-41e5-884b-db7902e45b62,1973,Plymouth,duster,Base,0,344,3,C,only vintage/non-standard sizes: D78-14 E70-14 E78-14,vintage_tire_size,D78-14|E70-14|E78-14,5x114.3,14
ee38b49f-32da-4a29-b851-dcf11b62eff9,1968,Plymouth,road-runner,Base,0,344,2,C,only vintage/non-standard sizes: F60-15 F70-14 G70-14,vintage_tire_size,F60-15|F70-14|G70-14,5x114.3,14|15
680af013-ffd2-4188-804c-48348ef20787,1969,Plymouth,road-runner,Base,0,344,2,C,only vintage/non-standard sizes: F60-15 F70-14 G70-14,vintage_tire_size,F60-15|F70-14|G70-14,5x114.3,14|15
f2b571e5-6e4f-479c-a7f4-288e796ee408,1970,Plymouth,road-runner,Base,0,344,2,C,only vintage/non-standard sizes: F60-15 F70-14 G70-14,vintage_tire_size,F60-15|F70-14|G70-14,5x114.3,14|15
3b97469e-e806-4554-b970-86c0689e9cf2,1971,Plymouth,road-runner,Base,0,344,2,C,only vintage/non-standard sizes: F60-15 F70-14 G70-14,vintage_tire_size,F60-15|F70-14|G70-14,5x114.3,14|15
52d9480a-089b-4b31-9dcf-7d7e7ded3d35,1972,Plymouth,road-runner,Base,0,344,2,C,only vintage/non-standard sizes: F60-15 F70-14 G70-14,vintage_tire_size,F60-15|F70-14|G70-14,5x114.3,14|15
0a923b27-9628-405e-b4de-7df8f67f902f,1973,Plymouth,road-runner,Base,0,344,2,C,only vintage/non-standard sizes: F60-15 F70-14 G70-14,vintage_tire_size,F60-15|F70-14|G70-14,5x114.3,14|15
91dbddb9-cceb-4ccb-aa2c-17c4c508b530,1974,Plymouth,road-runner,Base,0,344,2,C,only vintage/non-standard sizes: F60-15 F70-14 G70-14,vintage_tire_size,F60-15|F70-14|G70-14,5x114.3,14|15
07420121-f294-42b7-9488-a48b58ce2148,1975,Plymouth,road-runner,Base,0,344,2,C,only vintage/non-standard sizes: F60-15 F70-14 G70-14,vintage_tire_size,F60-15|F70-14|G70-14,5x114.3,14|15
6371f051-a671-4942-a31c-722d00b6ca12,1976,Plymouth,road-runner,Base,0,344,2,C,only vintage/non-standard sizes: F60-15 F70-14 G70-14,vintage_tire_size,F60-15|F70-14|G70-14,5x114.3,14|15
16c9f153-69c1-4618-99c2-abdc8d918376,1977,Plymouth,road-runner,Base,0,344,2,C,only vintage/non-standard sizes: F60-15 F70-14 G70-14,vintage_tire_size,F60-15|F70-14|G70-14,5x114.3,14|15
06dd581c-365b-4c3d-8704-394fbdb49283,1978,Plymouth,road-runner,Base,0,344,2,C,only vintage/non-standard sizes: F60-15 F70-14 G70-14,vintage_tire_size,F60-15|F70-14|G70-14,5x114.3,14|15
88378d50-e721-4efe-b807-2c939bc145bf,1979,Plymouth,road-runner,Base,0,344,2,C,only vintage/non-standard sizes: F60-15 F70-14 G70-14,vintage_tire_size,F60-15|F70-14|G70-14,5x114.3,14|15
8274e98c-305e-412e-84bd-dfa396362aec,1980,Plymouth,road-runner,Base,0,344,2,C,only vintage/non-standard sizes: F60-15 F70-14 G70-14,vintage_tire_size,F60-15|F70-14|G70-14,5x114.3,14|15
930af18d-cca5-4259-9b70-6286bd07bf03,1968,Pontiac,Catalina,Base,0,59,3,C,no tire inventory for size(s),missing_inventory_tires,225/75R14,5x127,14
34425266-8617-4bfd-a626-f3b7febb8538,1968,Pontiac,Grand Prix,Base,0,266,3,C,only vintage/non-standard sizes: G78-14 H78-14,vintage_tire_size,G78-14|H78-14,5x120.65,14
e1fbc3da-cabc-4355-a56a-4993e41addfd,1969,Pontiac,Grand Prix,Base,0,268,1,C,only vintage/non-standard sizes: G78-14 G78-15 H78-15,vintage_tire_size,G78-14|G78-15|H78-15,5x120.65,14|15
6a61e231-0f35-4262-bc2e-abd2a14c2c56,1970,Pontiac,Grand Prix,Base,0,268,1,C,only vintage/non-standard sizes: G78-14 G78-15 H78-15,vintage_tire_size,G78-14|G78-15|H78-15,5x120.65,14|15
60639e47-57e4-401a-bf04-642633c83b7d,1971,Pontiac,Grand Prix,Base,0,268,1,C,only vintage/non-standard sizes: G78-14 G78-15 H78-15,vintage_tire_size,G78-14|G78-15|H78-15,5x120.65,14|15
531facfa-13f6-4426-8434-e659ee94f937,1969,Pontiac,Trans Am,Base,0,266,3,C,only vintage/non-standard sizes: F60-14,vintage_tire_size,F60-14,5x120.65,14
b0d79419-4775-44fc-bb4c-17a04d064668,1970,Pontiac,Trans Am,Base,0,266,3,C,only vintage/non-standard sizes: F60-15,vintage_tire_size,F60-15,5x120.65,15
5cb282ec-bacd-4217-aec5-d3b51b51b7b0,1971,Pontiac,Trans Am,Base,0,266,3,C,only vintage/non-standard sizes: F60-15,vintage_tire_size,F60-15,5x120.65,15
ad7f9105-4834-4be8-a76b-7d8eb5b28d9f,1972,Pontiac,Trans Am,Base,0,266,3,C,only vintage/non-standard sizes: F60-15,vintage_tire_size,F60-15,5x120.65,15
505daae5-582b-49ff-9120-f99fc2cf605f,1973,Pontiac,Trans Am,Base,0,266,3,C,only vintage/non-standard sizes: F60-15,vintage_tire_size,F60-15,5x120.65,15
a4ecda1b-476d-4eb5-a193-822efbd777b5,1974,Pontiac,Trans Am,Base,0,266,3,C,only vintage/non-standard sizes: F60-15,vintage_tire_size,F60-15,5x120.65,15
d637dd1d-2576-4efb-9300-73cb5a1a7ea3,1967,Pontiac,firebird,Base,0,266,3,C,only vintage/non-standard sizes: E70-14 F70-14,vintage_tire_size,E70-14|F70-14,5x120.65,14
447e3f67-4b57-4453-bdf8-9d5f99c2ba97,1968,Pontiac,firebird,Base,0,266,3,C,only vintage/non-standard sizes: E70-14 F70-14,vintage_tire_size,E70-14|F70-14,5x120.65,14
6cdf012b-8c7e-48b6-9cfe-17df58166287,1969,Pontiac,firebird,Base,0,266,3,C,only vintage/non-standard sizes: E70-14 F70-14,vintage_tire_size,E70-14|F70-14,5x120.65,14
ecc8ddd3-1032-40fc-9b8a-1126e3c89b63,1970,Pontiac,firebird,Base,0,266,3,C,only vintage/non-standard sizes: E78-14 F70-14,vintage_tire_size,E78-14|F70-14,5x120.65,14
a20cc7e9-e2ba-4a44-942a-e5fecc6cca0b,1971,Pontiac,firebird,Base,0,266,3,C,only vintage/non-standard sizes: E78-14 F70-14,vintage_tire_size,E78-14|F70-14,5x120.65,14
85ff05a3-a8cf-4352-a653-1e5f7f609734,1972,Pontiac,firebird,Base,0,266,3,C,only vintage/non-standard sizes: E78-14 F70-14,vintage_tire_size,E78-14|F70-14,5x120.65,14
0389ae07-5d71-48e0-a8f1-a8fcf4505c73,1973,Pontiac,firebird,Base,0,268,1,C,only vintage/non-standard sizes: E78-14 F60-15 F70-14,vintage_tire_size,E78-14|F60-15|F70-14,5x120.65,14|15
fbcc233c-f368-46d8-bc9f-2b8e4d6f4b81,1964,Pontiac,gto,Tri-Power,0,266,3,C,only vintage/non-standard sizes: G60-14 G60-15 G70-14,vintage_tire_size,G60-14|G60-15|G70-14,5x120.65,14
dd985450-d5b9-4498-a5c5-03d58c0c3abc,1965,Pontiac,gto,Tri-Power,0,266,3,C,only vintage/non-standard sizes: G60-14 G60-15 G70-14,vintage_tire_size,G60-14|G60-15|G70-14,5x120.65,14
1be7f073-8e28-4ba8-b00d-be1dc9e16703,1966,Pontiac,gto,Tri-Power,0,266,3,C,only vintage/non-standard sizes: G60-14 G60-15 G70-14,vintage_tire_size,G60-14|G60-15|G70-14,5x120.65,14
a8a20ec1-c9cd-4977-a6c8-6a77eeef74e3,1967,Pontiac,gto,Tri-Power,0,266,3,C,only vintage/non-standard sizes: G60-14 G60-15 G70-14,vintage_tire_size,G60-14|G60-15|G70-14,5x120.65,14
55fee075-9c70-45bb-a850-ad2cba538830,1968,Pontiac,gto,Ram Air IV,0,266,3,C,only vintage/non-standard sizes: G60-14 G60-15 G70-14,vintage_tire_size,G60-14|G60-15|G70-14,5x120.65,15
e878daa0-b206-4323-ae4c-21cb4e0c066d,1968,Pontiac,gto,Judge,0,266,3,C,only vintage/non-standard sizes: G60-14 G60-15 G70-14,vintage_tire_size,G60-14|G60-15|G70-14,5x120.65,14
3b62f3a7-2a46-467e-b14f-bc49391272c7,1968,Pontiac,gto,Ram Air III,0,266,3,C,only vintage/non-standard sizes: G60-14 G60-15 G70-14,vintage_tire_size,G60-14|G60-15|G70-14,5x120.65,15
3fafa01f-1f77-47de-964e-e2b57c8bda73,1968,Pontiac,gto,Ram Air,0,266,3,C,only vintage/non-standard sizes: G60-14 G60-15 G70-14,vintage_tire_size,G60-14|G60-15|G70-14,5x120.65,15
68f46174-7cd5-4563-b1e9-424746fa1db4,1969,Pontiac,gto,Ram Air,0,266,3,C,only vintage/non-standard sizes: G60-14 G60-15 G70-14,vintage_tire_size,G60-14|G60-15|G70-14,5x120.65,15
602c1fed-dea2-494f-8369-a021f682d01b,1969,Pontiac,gto,Ram Air IV,0,266,3,C,only vintage/non-standard sizes: G60-14 G60-15 G70-14,vintage_tire_size,G60-14|G60-15|G70-14,5x120.65,15
0ab8d2fc-0989-4be4-bb60-3cdea3cda4ac,1969,Pontiac,gto,Judge,0,266,3,C,only vintage/non-standard sizes: G60-14 G60-15 G70-14,vintage_tire_size,G60-14|G60-15|G70-14,5x120.65,14
75f5fa7d-8398-4e40-bf42-83ccae95f7b2,1969,Pontiac,gto,Ram Air III,0,266,3,C,only vintage/non-standard sizes: G60-14 G60-15 G70-14,vintage_tire_size,G60-14|G60-15|G70-14,5x120.65,15
4a4c294a-4e2f-4ab6-9e89-cccf661ca7e5,1970,Pontiac,gto,Judge,0,266,3,C,only vintage/non-standard sizes: G60-14 G60-15 G70-14,vintage_tire_size,G60-14|G60-15|G70-14,5x120.65,14
8fdc47d0-1dd8-4f25-98c7-afc0af449eab,1970,Pontiac,gto,Ram Air III,0,266,3,C,only vintage/non-standard sizes: G60-14 G60-15 G70-14,vintage_tire_size,G60-14|G60-15|G70-14,5x120.65,15
6ff15e89-0e81-48c0-bec5-37bcbed08ad3,1970,Pontiac,gto,Ram Air,0,266,3,C,only vintage/non-standard sizes: G60-14 G60-15 G70-14,vintage_tire_size,G60-14|G60-15|G70-14,5x120.65,15
e1bb04f3-7ea8-402a-8f89-3f4ee36a86bf,1970,Pontiac,gto,Ram Air IV,0,266,3,C,only vintage/non-standard sizes: G60-14 G60-15 G70-14,vintage_tire_size,G60-14|G60-15|G70-14,5x120.65,15
5941a148-8005-465b-8b80-ff121d962373,1971,Pontiac,gto,Ram Air III,0,266,3,C,only vintage/non-standard sizes: G60-14 G60-15 G70-14,vintage_tire_size,G60-14|G60-15|G70-14,5x120.65,15
01776ab9-438e-46a7-87b8-1b0e33d28f88,1971,Pontiac,gto,Ram Air,0,266,3,C,only vintage/non-standard sizes: G60-14 G60-15 G70-14,vintage_tire_size,G60-14|G60-15|G70-14,5x120.65,15
240a3c30-943b-4010-a372-696afc48e7eb,1971,Pontiac,gto,Judge,0,266,3,C,only vintage/non-standard sizes: G60-14 G60-15 G70-14,vintage_tire_size,G60-14|G60-15|G70-14,5x120.65,14
3957285b-1f5c-4ccc-b708-24ce4d27a6e4,1971,Pontiac,gto,Ram Air IV,0,266,3,C,only vintage/non-standard sizes: G60-14 G60-15 G70-14,vintage_tire_size,G60-14|G60-15|G70-14,5x120.65,15
766c87ef-53a0-43ab-958f-f3f274272ffa,1972,Pontiac,gto,Ram Air,0,266,3,C,only vintage/non-standard sizes: G60-14 G60-15 G70-14,vintage_tire_size,G60-14|G60-15|G70-14,5x120.65,15
0ed3c9cc-b735-437f-873f-1a0bcf6836f1,1972,Pontiac,gto,Ram Air IV,0,266,3,C,only vintage/non-standard sizes: G60-14 G60-15 G70-14,vintage_tire_size,G60-14|G60-15|G70-14,5x120.65,15
148a9a1a-cc6d-41c8-ba89-9f579c95ebfb,1972,Pontiac,gto,Ram Air III,0,266,3,C,only vintage/non-standard sizes: G60-14 G60-15 G70-14,vintage_tire_size,G60-14|G60-15|G70-14,5x120.65,15
35c86c83-ea4f-4f88-b9b3-9a16165a1e41,1972,Pontiac,gto,Judge,0,266,3,C,only vintage/non-standard sizes: G60-14 G60-15 G70-14,vintage_tire_size,G60-14|G60-15|G70-14,5x120.65,14
3edf27f7-6819-4505-9e6c-5d228de8cd7f,1973,Pontiac,gto,Base,0,266,3,C,only vintage/non-standard sizes: G60-14 G60-15 G70-14,vintage_tire_size,G60-14|G60-15|G70-14,5x120.65,
0f5584c5-0088-4f6d-8bdd-b181c1cabdb7,1974,Pontiac,gto,Base,0,266,3,C,only vintage/non-standard sizes: G60-14 G60-15 G70-14,vintage_tire_size,G60-14|G60-15|G70-14,5x120.65,
3a8f5a0a-5f14-4a4c-b65a-20ecb037abdc,2018,Porsche,911,Turbo S Exclusive Series (Center Lock),1,69,0,A,tires+wheels OK but no packages,package_generation_gap,245/35ZR20|305/30ZR20,,20
957e5a9f-2ed1-4e79-b4d7-7dd90986bcb0,2018,Porsche,911,Turbo (Center Lock),1,69,0,A,tires+wheels OK but no packages,package_generation_gap,245/35ZR20|305/30ZR20,,20
73022cd3-57c6-4bfc-8a71-249928d45027,2018,Porsche,911,Targa 4 GTS (Center Lock),1,69,0,A,tires+wheels OK but no packages,package_generation_gap,245/35ZR20|305/30ZR20,,20
46db1ced-eb14-4db3-bd72-0b31f39466d6,2018,Porsche,911,Turbo S (Center Lock),1,69,0,A,tires+wheels OK but no packages,package_generation_gap,245/35ZR20|305/30ZR20,,20
8709c186-7bdf-4357-9d41-2ee2ade8ee91,2018,Porsche,911,Carrera GTS (Center Lock),1,69,0,A,tires+wheels OK but no packages,package_generation_gap,245/35ZR20|305/30ZR20,,20
2696ecd6-5fde-4593-8955-e765ca4b3241,2018,Porsche,911,Carrera 4 GTS (Center Lock),1,69,0,A,tires+wheels OK but no packages,package_generation_gap,245/35ZR20|305/30ZR20,,20
2e6443fa-fd77-45f9-aa44-37a9c224928f,2018,Porsche,Macan,S,1,0,0,B,no wheel inventory for bolt/diameter,missing_inventory_wheels,235/55R19|235/60R18|255/50R19|255/55R18|265/40R21|265/45R20|295/35R21|295/40R20,5x112,18|19|20|21
8fb7f883-0c1d-4fac-a994-d554e0cbffd9,2018,Porsche,Macan,Base,1,0,0,B,no wheel inventory for bolt/diameter,missing_inventory_wheels,235/55R19|235/60R18|255/50R19|255/55R18|265/40R21|265/45R20|295/35R21|295/40R20,5x112,18|19|20|21
1b0fcb86-d93a-41e6-a867-161ef7ff5e20,2014,Porsche,macan,2.0 Macan,1,0,0,B,no wheel inventory for bolt/diameter,missing_inventory_wheels,235/55R19|235/55ZR19|235/60R18|235/60ZR18|255/50R19|255/50ZR19|255/55R18|255/55ZR18|265/40ZR21|265/45R20|265/45ZR20|295/35ZR21|295/40R20|295/40ZR20,5x112,18|19|20|21
3ba807aa-17d4-4008-b55b-851dc0c8c91f,2016,Porsche,macan,Turbo,1,0,0,B,no wheel inventory for bolt/diameter,missing_inventory_wheels,235/55R19|235/55ZR19|235/60R18|235/60ZR18|255/50R19|255/50ZR19|255/55R18|255/55R19|255/55ZR18|265/40R21|265/40ZR21|265/45R20|265/45ZR20|295/35R21|295/35ZR21|295/40R20|295/40ZR20,5x112,18|19|20|21
54448e91-18f8-4afa-9877-afd489d81531,2016,Porsche,macan,S,1,0,0,B,no wheel inventory for bolt/diameter,missing_inventory_wheels,235/55R19|235/55ZR19|235/60R18|235/60ZR18|255/50R19|255/50ZR19|255/55R18|255/55R19|255/55ZR18|265/40R21|265/40ZR21|265/45R20|265/45ZR20|295/35R21|295/35ZR21|295/40R20|295/40ZR20,5x112,18|19|20|21
f972e172-c630-4ecf-a85e-7746d780d803,2016,Porsche,macan,GTS,1,0,0,B,no wheel inventory for bolt/diameter,missing_inventory_wheels,235/55R19|235/55ZR19|235/60R18|235/60ZR18|255/50R19|255/50ZR19|255/55R18|255/55R19|255/55ZR18|265/40R21|265/40ZR21|265/45R20|265/45ZR20|295/35R21|295/35ZR21|295/40R20|295/40ZR20,5x112,18|19|20|21
e72aab20-8ac4-41cb-9ab1-70971376821d,2016,Porsche,macan,Base,1,0,0,B,no wheel inventory for bolt/diameter,missing_inventory_wheels,235/55R19|235/55ZR19|235/60R18|235/60ZR18|255/50R19|255/50ZR19|255/55R18|255/55R19|255/55ZR18|265/40R21|265/40ZR21|265/45R20|265/45ZR20|295/35R21|295/35ZR21|295/40R20|295/40ZR20,5x112,18|19|20|21
898c7529-392c-4486-9410-8302b4774832,2016,Porsche,macan,"Base, S, GTS, Turbo",1,0,0,B,no wheel inventory for bolt/diameter,missing_inventory_wheels,235/55R19|235/55ZR19|235/60R18|235/60ZR18|255/50R19|255/50ZR19|255/55R18|255/55R19|255/55ZR18|265/40R21|265/40ZR21|265/45R20|265/45ZR20|295/35R21|295/35ZR21|295/40R20|295/40ZR20,5x112,18|19|20|21
d3e36bf8-fee3-440a-8350-a458baa139a9,2017,Porsche,macan,GTS,1,0,0,B,no wheel inventory for bolt/diameter,missing_inventory_wheels,235/55R19|235/55ZR19|235/60R18|235/60ZR18|255/50R19|255/50ZR19|255/55R18|255/55R19|255/55ZR18|265/40R21|265/40ZR21|265/45R20|265/45ZR20|295/35R21|295/35ZR21|295/40R20|295/40ZR20,5x112,18|19|20|21
f4981c16-620a-4888-9a75-59c0ba5ea89b,2017,Porsche,macan,S,1,0,0,B,no wheel inventory for bolt/diameter,missing_inventory_wheels,235/55R19|235/55ZR19|235/60R18|235/60ZR18|255/50R19|255/50ZR19|255/55R18|255/55R19|255/55ZR18|265/40R21|265/40ZR21|265/45R20|265/45ZR20|295/35R21|295/35ZR21|295/40R20|295/40ZR20,5x112,18|19|20|21
03f6f467-7e4c-4358-a373-0a9ac4d0998e,2017,Porsche,macan,Base,1,0,0,B,no wheel inventory for bolt/diameter,missing_inventory_wheels,235/55R19|235/55ZR19|235/60R18|235/60ZR18|255/50R19|255/50ZR19|255/55R18|255/55R19|255/55ZR18|265/40R21|265/40ZR21|265/45R20|265/45ZR20|295/35R21|295/35ZR21|295/40R20|295/40ZR20,5x112,18|19|20|21
57bd1622-733a-43fc-abea-cf89cebeb143,2017,Porsche,macan,Turbo,1,0,0,B,no wheel inventory for bolt/diameter,missing_inventory_wheels,235/55R19|235/55ZR19|235/60R18|235/60ZR18|255/50R19|255/50ZR19|255/55R18|255/55R19|255/55ZR18|265/40R21|265/40ZR21|265/45R20|265/45ZR20|295/35R21|295/35ZR21|295/40R20|295/40ZR20,5x112,18|19|20|21
890b9fa1-bbb4-48e2-b69e-ad102a357e3b,2017,Porsche,macan,"Base, S, GTS, Turbo",1,0,0,B,no wheel inventory for bolt/diameter,missing_inventory_wheels,235/55R19|235/55ZR19|235/60R18|235/60ZR18|255/50R19|255/50ZR19|255/55R18|255/55R19|255/55ZR18|265/40R21|265/40ZR21|265/45R20|265/45ZR20|295/35R21|295/35ZR21|295/40R20|295/40ZR20,5x112,18|19|20|21
47e85ea3-505e-46df-8873-85497fa2ebca,2021,Porsche,macan,GTS,1,0,0,B,no wheel inventory for bolt/diameter,missing_inventory_wheels,235/55R19|235/55ZR19|235/60R18|235/60ZR18|255/50R19|255/50ZR19|255/55R18|255/55ZR18|265/40R21|265/40ZR21|265/45R20|265/45ZR20|295/35R21|295/35ZR21|295/40R20|295/40ZR20,5x112,18|19|20|21
d71eee20-5b53-44dd-8483-1718ae298613,2021,Porsche,macan,Turbo,1,0,0,B,no wheel inventory for bolt/diameter,missing_inventory_wheels,235/55R19|235/55ZR19|235/60R18|235/60ZR18|255/50R19|255/50ZR19|255/55R18|255/55ZR18|265/40R21|265/40ZR21|265/45R20|265/45ZR20|295/35R21|295/35ZR21|295/40R20|295/40ZR20,5x112,18|19|20|21
e584e26d-55d8-44a0-b6ea-28605ac9da0a,2021,Porsche,macan,S,1,0,0,B,no wheel inventory for bolt/diameter,missing_inventory_wheels,235/55R19|235/55ZR19|235/60R18|235/60ZR18|255/50R19|255/50ZR19|255/55R18|255/55ZR18|265/40R21|265/40ZR21|265/45R20|265/45ZR20|295/35R21|295/35ZR21|295/40R20|295/40ZR20,5x112,18|19|20|21
c3eaa54b-70ac-408d-85c4-07322ae7eb17,2021,Porsche,macan,Base,1,0,0,B,no wheel inventory for bolt/diameter,missing_inventory_wheels,235/55R19|235/55ZR19|235/60R18|235/60ZR18|255/50R19|255/50ZR19|255/55R18|255/55ZR18|265/40R21|265/40ZR21|265/45R20|265/45ZR20|295/35R21|295/35ZR21|295/40R20|295/40ZR20,5x112,18|19|20|21
96cdb8b8-a34f-45da-a72a-9e61d8e3899f,2021,Porsche,macan,"Base, S, GTS, Turbo",1,0,0,B,no wheel inventory for bolt/diameter,missing_inventory_wheels,235/55R19|235/55ZR19|235/60R18|235/60ZR18|255/50R19|255/50ZR19|255/55R18|255/55ZR18|265/40R21|265/40ZR21|265/45R20|265/45ZR20|295/35R21|295/35ZR21|295/40R20|295/40ZR20,5x112,18|19|20|21
c8ccb182-77f1-49b1-a5ba-b3cc4bd3dde2,2022,Porsche,macan,Base,1,0,0,B,no wheel inventory for bolt/diameter,missing_inventory_wheels,235/55R19|235/55ZR19|235/60R18|235/60ZR18|255/50R19|255/50ZR19|255/55ZR18|265/40R21|265/40ZR21|265/45R20|265/45ZR20|295/35R21|295/35ZR21|295/40R20|295/40ZR20,5x112,18|19|20|21
81498b32-e875-4446-a875-8826eb37d81f,2022,Porsche,macan,Turbo,1,0,0,B,no wheel inventory for bolt/diameter,missing_inventory_wheels,235/55R19|235/55ZR19|235/60R18|235/60ZR18|255/50R19|255/50ZR19|255/55ZR18|265/40R21|265/40ZR21|265/45R20|265/45ZR20|295/35R21|295/35ZR21|295/40R20|295/40ZR20,5x112,18|19|20|21
a2977895-86d3-445b-8409-b74cd0428a13,2022,Porsche,macan,GTS,1,0,0,B,no wheel inventory for bolt/diameter,missing_inventory_wheels,235/55R19|235/55ZR19|235/60R18|235/60ZR18|255/50R19|255/50ZR19|255/55ZR18|265/40R21|265/40ZR21|265/45R20|265/45ZR20|295/35R21|295/35ZR21|295/40R20|295/40ZR20,5x112,18|19|20|21
76f52de5-de8d-47e1-8cbf-c6c79c8e71fe,2022,Porsche,macan,"Base, S, GTS, Turbo",1,0,0,B,no wheel inventory for bolt/diameter,missing_inventory_wheels,235/55R19|235/55ZR19|235/60R18|235/60ZR18|255/50R19|255/50ZR19|255/55ZR18|265/40R21|265/40ZR21|265/45R20|265/45ZR20|295/35R21|295/35ZR21|295/40R20|295/40ZR20,5x112,18|19|20|21
22e22dc2-e6dc-474a-8eac-0334028749db,2022,Porsche,macan,S,1,0,0,B,no wheel inventory for bolt/diameter,missing_inventory_wheels,235/55R19|235/55ZR19|235/60R18|235/60ZR18|255/50R19|255/50ZR19|255/55ZR18|265/40R21|265/40ZR21|265/45R20|265/45ZR20|295/35R21|295/35ZR21|295/40R20|295/40ZR20,5x112,18|19|20|21
bccba508-27ef-4d58-8ecb-c2b5e59e3dcd,2023,Porsche,macan,Base,1,0,0,B,no wheel inventory for bolt/diameter,missing_inventory_wheels,235/55R19|235/55ZR19|235/60R18|235/60ZR18|255/50R19|255/50ZR19|255/55ZR18|265/40R21|265/40ZR21|265/45R20|265/45ZR20|295/35R21|295/35ZR21|295/40R20|295/40ZR20,5x112,18|19|20|21
fe80bd63-b791-4c2a-8807-47652964e380,2023,Porsche,macan,"Base, S, GTS, Turbo",1,0,0,B,no wheel inventory for bolt/diameter,missing_inventory_wheels,235/55R19|235/55ZR19|235/60R18|235/60ZR18|255/50R19|255/50ZR19|255/55ZR18|265/40R21|265/40ZR21|265/45R20|265/45ZR20|295/35R21|295/35ZR21|295/40R20|295/40ZR20,5x112,18|19|20|21
8ed85ee2-3c9e-49c5-b01e-3ea232503a9f,2023,Porsche,macan,S,1,0,0,B,no wheel inventory for bolt/diameter,missing_inventory_wheels,235/55R19|235/55ZR19|235/60R18|235/60ZR18|255/50R19|255/50ZR19|255/55ZR18|265/40R21|265/40ZR21|265/45R20|265/45ZR20|295/35R21|295/35ZR21|295/40R20|295/40ZR20,5x112,18|19|20|21
d5bd1635-7446-43ed-842f-4123b9a6433b,2023,Porsche,macan,Turbo,1,0,0,B,no wheel inventory for bolt/diameter,missing_inventory_wheels,235/55R19|235/55ZR19|235/60R18|235/60ZR18|255/50R19|255/50ZR19|255/55ZR18|265/40R21|265/40ZR21|265/45R20|265/45ZR20|295/35R21|295/35ZR21|295/40R20|295/40ZR20,5x112,18|19|20|21
4111b9ff-1383-466a-9c1e-87f88ae37961,2023,Porsche,macan,GTS,1,0,0,B,no wheel inventory for bolt/diameter,missing_inventory_wheels,235/55R19|235/55ZR19|235/60R18|235/60ZR18|255/50R19|255/50ZR19|255/55ZR18|265/40R21|265/40ZR21|265/45R20|265/45ZR20|295/35R21|295/35ZR21|295/40R20|295/40ZR20,5x112,18|19|20|21
7edfa16d-962f-4a22-80d2-7fe73715e1c8,2019,RAM,1500,Base,1,0,0,B,no wheel inventory for bolt/diameter,missing_inventory_wheels,275/60R20|285/45R22|305/45R22,6x139.7,17|18|20|22
191f6619-fbaa-4b4b-a2bd-e81ccaa7a707,2020,RAM,1500,Base,1,0,0,B,no wheel inventory for bolt/diameter,missing_inventory_wheels,275/60R20|285/45R22|305/45R22,6x139.7,17|18|20|22
b99c073d-09e3-4d0a-b84b-21fe7d15036e,2021,RAM,1500,Base,1,0,0,B,no wheel inventory for bolt/diameter,missing_inventory_wheels,275/60R20|285/45R22|305/45R22|LT325/65R18,6x139.7,17|18|20|22
30cb547f-1383-4510-832d-471d689d3353,2022,RAM,1500,Base,1,0,0,B,no wheel inventory for bolt/diameter,missing_inventory_wheels,275/60R20|285/45R22|305/45R22|LT325/65R18,6x139.7,17|18|20|22
6f733516-3f54-4b86-ac6f-3b589c956ef1,2023,RAM,1500,Base,1,0,0,B,no wheel inventory for bolt/diameter,missing_inventory_wheels,275/60R20|285/45R22|305/45R22|LT325/65R18,6x139.7,17|18|20|22
1ee803b6-95ab-4f27-9084-e0e8d5693a67,2024,RAM,1500,Base,1,0,0,B,no wheel inventory for bolt/diameter,missing_inventory_wheels,275/60R20|285/45R22|305/45R22|LT325/65R18,6x139.7,17|18|20|22
409ad8b3-9e7a-4f91-9aee-bafce0ac38d3,2025,RAM,1500,Base,1,0,0,B,no wheel inventory for bolt/diameter,missing_inventory_wheels,275/60R20|285/45R22|305/45R22|LT325/65R18,6x139.7,17|18|20|22
c839cd4a-16b2-4c13-b7c7-b2076b01b9ae,2026,RAM,1500,Base,1,0,0,B,no wheel inventory for bolt/diameter,missing_inventory_wheels,275/60R20|285/45R22|305/45R22|LT325/65R18,6x139.7,17|18|20|22
863af1fd-24b5-42d1-be58-38db7d18c928,2010,RAM,2500,SLT,1,0,0,B,no wheel inventory for bolt/diameter,missing_inventory_wheels,LT245/70R17|LT275/70R18,8x165.1,17|18
8e9414d2-48de-4e98-8ed2-fcd9ab3080e5,2011,RAM,2500,SLT,1,0,0,B,no wheel inventory for bolt/diameter,missing_inventory_wheels,LT245/70R17|LT275/70R18,8x165.1,17|18
6042232d-87e4-42c2-ba54-6c5f6f25e8fb,2012,RAM,2500,SLT,1,0,0,B,no wheel inventory for bolt/diameter,missing_inventory_wheels,LT245/70R17|LT275/70R18,8x165.1,17|18
6dc8ec0f-2b92-481f-9118-dcd64a7b04a4,2013,RAM,2500,SLT,1,0,0,B,no wheel inventory for bolt/diameter,missing_inventory_wheels,LT245/70R17|LT275/70R18,8x165.1,17|18
aff8e5b3-e77b-4379-b2c9-c1e3824f73f0,2013,RAM,2500,Power Wagon,1,0,0,B,no wheel inventory for bolt/diameter,missing_inventory_wheels,LT245/70R17|LT275/70R18,8x165.1,17|18
f622100f-ede2-4d32-9b17-73a528b326e2,2014,RAM,2500,Big Horn,1,0,0,B,no wheel inventory for bolt/diameter,missing_inventory_wheels,LT245/70R17|LT275/70R18,8x165.1,17|18
ecc9ee25-e182-4640-826e-795f87d86ad7,2014,RAM,2500,SLT,1,0,0,B,no wheel inventory for bolt/diameter,missing_inventory_wheels,LT245/70R17|LT275/70R18,8x165.1,17|18
934b504c-2e97-4ac9-a174-00f0310834af,2015,RAM,2500,SLT,1,0,0,B,no wheel inventory for bolt/diameter,missing_inventory_wheels,LT245/70R17|LT275/70R18,8x165.1,17|18
04bf3c00-8f14-4e07-995d-370134c18d42,2015,RAM,2500,Tradesman,1,0,0,B,no wheel inventory for bolt/diameter,missing_inventory_wheels,LT245/70R17|LT275/70R18,8x165.1,17|18
eca92c0b-98bc-4f6d-88cc-710b7fe20337,2016,RAM,2500,Big Horn,1,0,0,B,no wheel inventory for bolt/diameter,missing_inventory_wheels,LT245/70R17|LT255/65R19|LT265/70R17|LT275/65R20|LT275/70R18|LT285/60R20,8x165.1,17|19|20
df73c2c5-a74e-48a7-bd5e-d71848483843,2016,RAM,2500,SLT,1,0,0,B,no wheel inventory for bolt/diameter,missing_inventory_wheels,LT245/70R17|LT275/70R18,8x165.1,17|18
99ae5553-6ed8-4cbe-849c-b91646537270,2017,RAM,2500,SLT,1,0,0,B,no wheel inventory for bolt/diameter,missing_inventory_wheels,LT245/70R17|LT275/70R18,8x165.1,17|18
50f9a1a0-b77f-4371-bcdb-d5233ee958d4,2020,RAM,2500,Tradesman,1,0,0,B,no wheel inventory for bolt/diameter,missing_inventory_wheels,245/70R17|275/70R18,8x165.1,17|18
68db1239-0489-4015-ab09-f43652d78576,2021,RAM,2500,Tradesman,1,0,0,B,no wheel inventory for bolt/diameter,missing_inventory_wheels,245/70R17|275/70R18,8x165.1,17|18
faf8ec83-a540-44b0-9a3f-06df487dab22,2022,RAM,2500,Tradesman,1,0,0,B,no wheel inventory for bolt/diameter,missing_inventory_wheels,245/70R17|275/70R18,8x165.1,17|18
1b843c69-8976-4535-9799-8de0ab0d804d,2023,RAM,2500,Tradesman,1,0,0,B,no wheel inventory for bolt/diameter,missing_inventory_wheels,245/70R17|275/70R18,8x165.1,17|18
7104d007-a0bb-41d2-823f-0ff93762d89a,2024,RAM,2500,Tradesman,1,0,0,B,no wheel inventory for bolt/diameter,missing_inventory_wheels,245/70R17|275/70R18,8x165.1,17|18
a6b3ae89-a67e-44ca-9fdf-f2720e9852aa,2024,RAM,2500,Tradesman,1,0,0,B,no wheel inventory for bolt/diameter,missing_inventory_wheels,245/70R17|275/70R18,8x165.1,17|18
57fcffc7-b640-40d1-9055-a83c51f7a9d1,2025,RAM,2500,Tradesman,1,0,0,B,no wheel inventory for bolt/diameter,missing_inventory_wheels,245/70R17|275/70R18,8x165.1,17|18
7337f27f-e8ac-41f2-9da5-585e257ae5a0,2026,RAM,2500,Tradesman,1,0,0,B,no wheel inventory for bolt/diameter,missing_inventory_wheels,245/70R17|275/70R18,8x165.1,17|18
b18d846b-4c48-4acc-bd2e-130bb48b7c96,2010,RAM,3500,SLT,1,0,0,B,no wheel inventory for bolt/diameter,missing_inventory_wheels,LT245/70R17|LT275/70R18,8x165.1,17|18
7f31c9a8-2bf9-466e-ba67-3d7732f767dd,2011,RAM,3500,SLT,1,0,0,B,no wheel inventory for bolt/diameter,missing_inventory_wheels,LT245/70R17|LT275/70R18,8x165.1,17|18
2ca531eb-0e17-40a1-86e1-3d0a4c037ea8,2012,RAM,3500,SLT,1,0,0,B,no wheel inventory for bolt/diameter,missing_inventory_wheels,LT245/70R17|LT275/70R18,8x165.1,17|18
8cc5c606-12bf-4144-90ca-ad8db4fe5768,2013,RAM,3500,SLT,1,0,0,B,no wheel inventory for bolt/diameter,missing_inventory_wheels,LT245/70R17|LT275/70R18,8x165.1,17|18
c801ffbc-479a-4a70-8c2b-51e7e6fa05d8,2013,RAM,3500,Tradesman,1,0,0,B,no wheel inventory for bolt/diameter,missing_inventory_wheels,LT245/70R17|LT275/70R18,8x165.1,17|18
86cd542c-a51c-45d0-9ab4-48858a05fdc1,2014,RAM,3500,SLT,1,0,0,B,no wheel inventory for bolt/diameter,missing_inventory_wheels,LT245/70R17|LT275/70R18,8x165.1,17|18
25f4cf4d-4828-4f8e-9419-a9ceba10a79d,2014,RAM,3500,Big Horn,1,0,0,B,no wheel inventory for bolt/diameter,missing_inventory_wheels,LT245/70R17|LT275/70R18,8x165.1,17|18
feeb55ff-467a-447c-8085-2cddbbb1e927,2015,RAM,3500,SLT,1,0,0,B,no wheel inventory for bolt/diameter,missing_inventory_wheels,LT245/70R17|LT275/70R18,8x165.1,17|18
26baa085-6954-49e4-b364-6cf9c046eefc,2016,RAM,3500,Big Horn,1,0,0,B,no wheel inventory for bolt/diameter,missing_inventory_wheels,LT245/70R17|LT275/70R18,8x165.1,17|18
b11dbe71-e6c0-4cca-83fe-55f398496d19,2016,RAM,3500,SLT,1,0,0,B,no wheel inventory for bolt/diameter,missing_inventory_wheels,LT245/70R17|LT275/70R18,8x165.1,17|18
fb162254-0d5f-4a9f-9942-676a8bc31158,2017,RAM,3500,SLT,1,0,0,B,no wheel inventory for bolt/diameter,missing_inventory_wheels,LT245/70R17|LT275/70R18,8x165.1,17|18
c59f0e84-c260-4938-9184-2a9ab64cadfb,2013,RAM,c-v,Base,1,0,0,B,no wheel inventory for bolt/diameter,missing_inventory_wheels,205/55R16,5x127,16|17
355935c7-ffaf-4dc5-9468-1dbd3e38c3d6,2014,RAM,c-v,Base,1,0,0,B,no wheel inventory for bolt/diameter,missing_inventory_wheels,205/55R16,5x127,16|17
1fd549f7-4ad7-4e58-9ca7-e564f40ba4f6,2015,RAM,c-v,Base,1,0,0,B,no wheel inventory for bolt/diameter,missing_inventory_wheels,205/55R16,5x127,16|17
8e043b69-a4bb-489c-a0e3-03f3b339d21e,2016,RAM,c-v,Base,1,0,0,B,no wheel inventory for bolt/diameter,missing_inventory_wheels,205/55R16,5x127,16|17
40585e71-c797-4e46-a20c-d69b842cd697,2017,RAM,c-v,Base,1,0,0,B,no wheel inventory for bolt/diameter,missing_inventory_wheels,205/55R16,5x127,16|17
6fca9b3c-2c18-4795-9708-f2bbbfdfa467,2018,RAM Minivans,ProMaster City,Tradesman SLT w/aluminum wheels,1,0,0,B,no OEM wheel diameters parsed,missing_wheel_sizes,215/55R16,5x98,
9aba89b1-e8ce-451e-95a3-38dcaac93199,2018,RAM Minivans,ProMaster City,SLT w/aluminum wheels,1,0,0,B,no OEM wheel diameters parsed,missing_wheel_sizes,215/55R16,5x98,
e6342e12-8c2b-4144-b90f-792cb81ed6df,2018,RAM Minivans,ProMaster City,SLT,1,0,0,B,no OEM wheel diameters parsed,missing_wheel_sizes,215/55R16,5x98,
c32d8c62-3c4c-4dee-b795-6adcb5099539,2018,RAM Minivans,ProMaster City,Base,1,0,0,B,no OEM wheel diameters parsed,missing_wheel_sizes,215/55R16,5x98,
c18a31ad-de2c-48a5-bd43-68d474aff94b,2018,RAM Minivans,ProMaster City,Tradesman,1,0,0,B,no OEM wheel diameters parsed,missing_wheel_sizes,215/55R16,5x98,
83e5604d-7a2b-4556-87b1-2384bd6c5092,2018,RAM Minivans,ProMaster City,Tradesman SLT,1,0,0,B,no OEM wheel diameters parsed,missing_wheel_sizes,215/55R16,5x98,
d4d483a2-4f83-4dff-8568-916e9f52c64a,2018,Ram,1500,Limited Tungsten Edition,1,0,0,B,no OEM wheel diameters parsed,missing_wheel_sizes,P275/60R20,5x139.7,
673e91a0-8965-4693-b549-3c7db89f76d2,2018,Ram,1500,Harvest,1,0,0,B,no OEM wheel diameters parsed,missing_wheel_sizes,LT265/70R17/E|P265/70R17|P275/60R20,5x139.7,
f764d8fe-72cf-4d20-8764-f40ce8323e78,2018,Ram,1500,Limited,1,0,0,B,no OEM wheel diameters parsed,missing_wheel_sizes,P275/60R20,5x139.7,
b9fc179f-8ed0-4e04-8e70-4ddb4e412a4a,2018,Ram,1500,Laramie Longhorn,1,0,0,B,no OEM wheel diameters parsed,missing_wheel_sizes,P275/60R20,5x139.7,
daaee1ec-58eb-4dfa-bcb1-85a69480588c,2018,Ram,1500,Rebel,1,0,0,B,no OEM wheel diameters parsed,missing_wheel_sizes,LT285/70R17/E,5x139.7,
d8261299-3e43-4c81-939f-c9c53b770876,2018,Ram,1500,Laramie,1,0,0,B,no OEM wheel diameters parsed,missing_wheel_sizes,P265/70R17|P275/60R20,5x139.7,
43b20358-6eaf-4073-bf4e-66f8e63ab3a3,2018,Ram,1500,Sport,1,0,0,B,no OEM wheel diameters parsed,missing_wheel_sizes,P275/60R20,5x139.7,
2bddd01a-4c50-4337-a351-81feb007e3f2,2018,Ram,1500,Sport Reg. Cab,1,0,0,B,no OEM wheel diameters parsed,missing_wheel_sizes,285/45R22,5x139.7,
3494dd9a-669a-48dc-8ce5-a3e7ab87c0cc,2018,Ram,1500,Big Horn,1,0,0,B,no OEM wheel diameters parsed,missing_wheel_sizes,P265/70R17|P275/60R20,5x139.7,
06ccadcc-dbd4-4db6-a414-f371280919d6,2018,Ram,1500,Lone Star,1,0,0,B,no OEM wheel diameters parsed,missing_wheel_sizes,P265/70R17|P275/60R20,5x139.7,
03c52924-e93d-45a7-8d75-a7a7c81f0df8,2018,Ram,1500,Express,1,0,0,B,no OEM wheel diameters parsed,missing_wheel_sizes,P265/70R17|P275/60R20,5x139.7,
f2ad0efe-1794-4990-8035-e8815bd2b15a,2018,Ram,1500,Tradesman,1,0,0,B,no OEM wheel diameters parsed,missing_wheel_sizes,LT265/70R17/E|P265/70R17,5x139.7,
33698ca9-60a8-4aee-92bb-419bf03f7c89,2022,Rivian,r1s,1st Gen,1,0,0,B,no wheel inventory for bolt/diameter,missing_inventory_wheels,275/50R22|275/55R21|275/65R20,5x135.5,20|21|22
d9b49d09-62ba-4b60-a4e7-83de1f0c4ae9,2023,Rivian,r1s,1st Gen,1,0,0,B,no wheel inventory for bolt/diameter,missing_inventory_wheels,275/50R22|275/55R21|275/65R20,5x135.5,20|21|22
73f2fe1a-db7a-4d5d-b21e-4eaee5901d54,2024,Rivian,r1s,1st Gen,1,0,0,B,no wheel inventory for bolt/diameter,missing_inventory_wheels,275/50R22|275/55R21|275/60R20|275/65R20,5x135.5,20|21|22
5e50ea28-99e3-4faf-a8e0-63a424383a27,2025,Rivian,r1s,1st Gen,1,0,0,B,no wheel inventory for bolt/diameter,missing_inventory_wheels,275/50R22|275/55R21|275/60R20|275/65R20,5x135.5,20|21|22
2821d9db-b724-44db-ab7f-6d89bc4a9d9d,2026,Rivian,r1s,1st Gen,1,0,0,B,no wheel inventory for bolt/diameter,missing_inventory_wheels,275/50R22|275/55R21|275/60R20|275/65R20,5x135.5,20|21|22
a75e8bcd-15a5-494f-a12b-c4358be9e0aa,2021,Rivian,r1t,Quad,1,43,0,A,tires+wheels OK but no packages,package_generation_gap,275/50R22|275/55R21|275/60R20|275/65R20,5x139.7,20|21|22
4ac60bb9-374e-4994-86a3-962c8519ef77,2022,Rivian,r1t,1st Gen,1,0,0,B,no wheel inventory for bolt/diameter,missing_inventory_wheels,275/50R22|275/55R21|275/65R20,5x135.5,20|21|22
50b7b2c7-3075-4ad7-ba66-129c97fc73dd,2023,Rivian,r1t,1st Gen,1,0,0,B,no wheel inventory for bolt/diameter,missing_inventory_wheels,275/50R22|275/55R21|275/65R20,5x135.5,20|21|22
c962f734-350e-402d-a35b-9cba45be5a41,2024,Rivian,r1t,1st Gen,1,0,0,B,no wheel inventory for bolt/diameter,missing_inventory_wheels,275/50R22|275/55R21|275/65R20,5x135.5,20|21|22
10efea5c-4b66-4b0b-a51d-06fde9b0f99a,2025,Rivian,r1t,1st Gen,1,0,0,B,no wheel inventory for bolt/diameter,missing_inventory_wheels,275/50R22|275/55R21|275/60R20|275/65R20,5x135.5,20|21|22
720bbb0b-edde-4fee-bccd-a244a39212e6,2026,Rivian,r1t,1st Gen,1,0,0,B,no wheel inventory for bolt/diameter,missing_inventory_wheels,275/50R22|275/55R21|275/60R20|275/65R20,5x135.5,20|21|22
a401aa03-578f-4fb1-9719-893d8dac1593,2018,Smart,Fortwo,Electric Drive w/Sport Pkg.,1,0,0,B,no wheel inventory for bolt/diameter,missing_inventory_wheels,185/50R16|205/45R16,4x100,16
6ec04297-2ab0-4026-8f8d-5153ee6abdab,2026,Subaru,Outback,Limited XT,1,0,0,B,no wheel inventory for bolt/diameter,missing_inventory_wheels,225/55R19,5x114.3,19
90269e76-1bf8-43ae-8fec-812dc45c27f3,2026,Subaru,Outback,Touring XT,1,0,0,B,no wheel inventory for bolt/diameter,missing_inventory_wheels,225/55R19,5x114.3,19
0d4b3f4b-110b-49d1-91ec-6a28888f2d1f,2019,Subaru,WRX STI,Base,1,0,0,B,no wheel inventory for bolt/diameter,missing_inventory_wheels,245/35R19,5x114.3,19
0ab2def3-59f1-4c60-8adc-2c29ecec69ad,2019,Subaru,WRX STI,Limited,1,0,0,B,no wheel inventory for bolt/diameter,missing_inventory_wheels,245/35R19,5x114.3,19
15d5280f-b314-4b9b-add8-3d113dfe892e,2019,Subaru,WRX STI,Series.Gray,1,0,0,B,no wheel inventory for bolt/diameter,missing_inventory_wheels,245/35R19,5x114.3,19
fb81064d-bf13-4120-90bf-86be49b253f7,2020,Subaru,WRX STI,Series.Gray,1,0,0,B,no wheel inventory for bolt/diameter,missing_inventory_wheels,245/35R19,5x114.3,19
78a2a7a3-e7cd-4784-b9d3-f3b3fb7ea630,2020,Subaru,WRX STI,Limited,1,0,0,B,no wheel inventory for bolt/diameter,missing_inventory_wheels,245/35R19,5x114.3,19
39c9972c-691f-4c21-950f-575cd6ffe381,2020,Subaru,WRX STI,Base,1,0,0,B,no wheel inventory for bolt/diameter,missing_inventory_wheels,245/35R19,5x114.3,19
164cd1b5-41c5-42ab-acb1-a152c56d62e4,2021,Subaru,WRX STI,Base,1,0,0,B,no wheel inventory for bolt/diameter,missing_inventory_wheels,245/35R19,5x114.3,19
94911048-f1df-4feb-a5be-d31ba373d769,2021,Subaru,WRX STI,Series.Gray,1,0,0,B,no wheel inventory for bolt/diameter,missing_inventory_wheels,245/35R19,5x114.3,19
253783a3-ec58-48e3-91a6-dba0e366ec2f,2021,Subaru,WRX STI,Limited,1,0,0,B,no wheel inventory for bolt/diameter,missing_inventory_wheels,245/35R19,5x114.3,19
6a388caf-32fe-4f4b-92a8-8e4314306242,2012,Subaru,brz,Limited,1,0,0,B,no wheel inventory for bolt/diameter,missing_inventory_wheels,215/35ZR19|215/40ZR18|215/45ZR17|225/40ZR18|235/30ZR19,5x100,17|18|19
36c9e137-e551-4d39-a6fe-f32dbced2a5d,2013,Subaru,brz,Base,1,0,0,B,no wheel inventory for bolt/diameter,missing_inventory_wheels,215/35ZR19|215/40R18|215/40ZR18|215/45R17|215/45ZR17|225/40ZR18|235/30ZR19,5x100,17|18|19
4d09b254-9d9a-4a5f-938c-ae94a02a0ece,2014,Subaru,brz,Base,1,0,0,B,no wheel inventory for bolt/diameter,missing_inventory_wheels,215/40R18|215/45R17,5x100,17|18
ceb4e4c6-d82c-41bc-8954-b67a57eeee06,2015,Subaru,brz,Base,1,0,0,B,no wheel inventory for bolt/diameter,missing_inventory_wheels,215/40R18|215/45R17,5x100,17|18
eccc2c3b-cb99-41ba-b8e8-2b68d2fec9ee,2016,Subaru,brz,Base,1,0,0,B,no wheel inventory for bolt/diameter,missing_inventory_wheels,215/35ZR19|215/40R18|215/40ZR18|215/45R17|215/45ZR17|225/40ZR18|235/30ZR19,5x100,17|18|19
28163848-a499-48ea-96d7-1b8482aca23b,2017,Subaru,brz,Base,1,0,0,B,no wheel inventory for bolt/diameter,missing_inventory_wheels,215/35ZR19|215/40R18|215/40ZR18|215/45R17|215/45ZR17|225/40ZR18|235/30ZR19,5x100,17|18|19
3e6042ac-3a8c-495f-8d33-976c2131e18e,2019,Subaru,brz,Base,1,0,0,B,no wheel inventory for bolt/diameter,missing_inventory_wheels,215/35ZR19|215/40R18|215/40ZR18|215/45R17|215/45ZR17|225/40ZR18|235/30ZR19,5x100,17|18|19
3f71624d-1f72-43de-bb49-ad49d6123e27,2020,Subaru,brz,Base,1,0,0,B,no wheel inventory for bolt/diameter,missing_inventory_wheels,215/35ZR19|215/40R18|215/40ZR18|215/45R17|215/45ZR17|225/40ZR18|235/30ZR19,5x100,17|18|19
ae2477e3-2232-46e6-8fe4-29e69c81d9b7,2021,Subaru,brz,Base,1,0,0,B,no wheel inventory for bolt/diameter,missing_inventory_wheels,215/40R18|215/45R17,5x100,17|18
d199c013-b894-4d0c-b701-a121ecf4f7e7,2022,Subaru,brz,Base,1,0,0,B,no wheel inventory for bolt/diameter,missing_inventory_wheels,215/40R18|215/45R17,5x100,17|18
5cf301a1-ab2b-440e-ae30-2c907d1ac493,2023,Subaru,brz,Base,1,0,0,B,no wheel inventory for bolt/diameter,missing_inventory_wheels,215/40R18|215/45R17,5x100,17|18
c7240c8f-3214-409c-9ae7-9772faa8a291,2024,Subaru,brz,Base,1,0,0,B,no wheel inventory for bolt/diameter,missing_inventory_wheels,215/40R18|215/45R17,5x100,17|18
100da022-95f4-4502-b702-a316ef25fd50,2025,Subaru,brz,Base,1,0,0,B,no wheel inventory for bolt/diameter,missing_inventory_wheels,215/40R18|215/45R17,5x100,17|18
a9f1bd4d-90c0-4877-a5d2-19c097102865,2026,Subaru,brz,Base,1,0,0,B,no wheel inventory for bolt/diameter,missing_inventory_wheels,215/40R18|215/45R17,5x100,17|18
f094bc82-fffd-41e2-bce8-9fa44d603811,2013,Subaru,crosstrek,Wilderness,1,0,0,B,no wheel inventory for bolt/diameter,missing_inventory_wheels,225/50R18|225/55R17|245/45R18,5x100,17|18
f96771b5-8cc0-437e-ad80-7b12e362db2b,2013,Subaru,crosstrek,Sport,1,0,0,B,no wheel inventory for bolt/diameter,missing_inventory_wheels,225/50R18|225/55R17|245/45R18,5x100,17|18
46d683f3-a5f3-45a7-b0dc-4bfb73c5f6f6,2013,Subaru,crosstrek,Premium,1,0,0,B,no wheel inventory for bolt/diameter,missing_inventory_wheels,225/50R18|225/55R17|245/45R18,5x100,17|18
5a6bf77c-633e-429b-9c3b-b5884a614464,2013,Subaru,crosstrek,"Base, Premium, Sport, Limited, Wilderness",1,0,0,B,no wheel inventory for bolt/diameter,missing_inventory_wheels,225/50R18|225/55R17|245/45R18,5x100,17|18
9b27673f-1332-47b5-89d4-1fda49989d9a,2013,Subaru,crosstrek,Limited,1,0,0,B,no wheel inventory for bolt/diameter,missing_inventory_wheels,225/50R18|225/55R17|245/45R18,5x100,17|18
1dd99f2b-a947-4369-a78b-ca33fac77c98,2013,Subaru,crosstrek,Base,1,0,0,B,no wheel inventory for bolt/diameter,missing_inventory_wheels,225/50R18|225/55R17|245/45R18,5x100,17|18
af8d6d62-3acc-4146-934b-9789cc46c353,2015,Subaru,crosstrek,Premium,1,0,0,B,no wheel inventory for bolt/diameter,missing_inventory_wheels,225/50R18|225/55R17|245/45R18,5x100,17|18
5893108c-f606-42d7-8741-d3a6273726df,2015,Subaru,crosstrek,Sport,1,0,0,B,no wheel inventory for bolt/diameter,missing_inventory_wheels,225/50R18|225/55R17|245/45R18,5x100,17|18
32ecf7f2-766d-4075-93dd-e5bcaf17e4d7,2015,Subaru,crosstrek,Limited,1,0,0,B,no wheel inventory for bolt/diameter,missing_inventory_wheels,225/50R18|225/55R17|245/45R18,5x100,17|18
b30d2af3-95a1-404d-a1db-8538bbf8a29a,2015,Subaru,crosstrek,Base,1,0,0,B,no wheel inventory for bolt/diameter,missing_inventory_wheels,225/50R18|225/55R17|245/45R18,5x100,17|18
e59228a6-c2d8-4caa-bc6e-ca331a21e186,2015,Subaru,crosstrek,"Base, Premium, Sport, Limited, Wilderness",1,0,0,B,no wheel inventory for bolt/diameter,missing_inventory_wheels,225/50R18|225/55R17|245/45R18,5x100,17|18
f6ea6caa-be63-4a91-865d-0bf1739035fc,2015,Subaru,crosstrek,Wilderness,1,0,0,B,no wheel inventory for bolt/diameter,missing_inventory_wheels,225/50R18|225/55R17|245/45R18,5x100,17|18
965c263b-3160-4217-9a66-9090655c8451,2016,Subaru,crosstrek,Wilderness,1,0,0,B,no wheel inventory for bolt/diameter,missing_inventory_wheels,225/50R18|225/55R17|245/45R18,5x100,17|18
112637da-ce8b-497c-a565-cc2c7766af11,2016,Subaru,crosstrek,Limited,1,0,0,B,no wheel inventory for bolt/diameter,missing_inventory_wheels,225/50R18|225/55R17|245/45R18,5x100,17|18
883a8d64-715f-478e-8d31-4d34eaafff81,2016,Subaru,crosstrek,Premium,1,0,0,B,no wheel inventory for bolt/diameter,missing_inventory_wheels,225/50R18|225/55R17|245/45R18,5x100,17|18
1c84855b-d74d-4d51-8dfc-f550b34f96f9,2016,Subaru,crosstrek,Base,1,0,0,B,no wheel inventory for bolt/diameter,missing_inventory_wheels,225/50R18|225/55R17|245/45R18,5x100,17|18
97cded20-c652-4cb7-a2d8-611c3ff1a073,2016,Subaru,crosstrek,"Base, Premium, Sport, Limited, Wilderness",1,0,0,B,no wheel inventory for bolt/diameter,missing_inventory_wheels,225/50R18|225/55R17|245/45R18,5x100,17|18
29ba0506-c33b-4d45-baa6-68770bbd2531,2016,Subaru,crosstrek,Sport,1,0,0,B,no wheel inventory for bolt/diameter,missing_inventory_wheels,225/50R18|225/55R17|245/45R18,5x100,17|18
2f5fbe01-1ceb-4358-a1ee-2af858be53d1,2019,Subaru,crosstrek,Limited,1,0,0,B,no wheel inventory for bolt/diameter,missing_inventory_wheels,225/55R18|225/60R17,5x100,17|18
ea803a90-308b-4add-a4b1-e0ce3a209934,2019,Subaru,crosstrek,Sport,1,0,0,B,no wheel inventory for bolt/diameter,missing_inventory_wheels,225/55R18|225/60R17,5x100,17|18
a88716ce-4f59-416a-b073-7f6caf88238d,2019,Subaru,crosstrek,Premium,1,0,0,B,no wheel inventory for bolt/diameter,missing_inventory_wheels,225/55R18|225/60R17,5x100,17|18
cc647cde-2906-4ac5-a0e3-62d8a980bf04,2019,Subaru,crosstrek,Wilderness,1,0,0,B,no wheel inventory for bolt/diameter,missing_inventory_wheels,225/55R18|225/60R17,5x100,17|18
481b9101-08ee-4fc9-852b-53b732f38fd3,2019,Subaru,crosstrek,Base,1,0,0,B,no wheel inventory for bolt/diameter,missing_inventory_wheels,225/55R18|225/60R17,5x100,17|18
5b802f84-cf38-4164-b1af-b5ee67214936,2019,Subaru,crosstrek,"Base, Premium, Sport, Limited, Wilderness",1,0,0,B,no wheel inventory for bolt/diameter,missing_inventory_wheels,225/55R18|225/60R17,5x100,17|18
6cab82e6-c366-4260-8552-5d14dbf00c6c,2020,Subaru,crosstrek,Premium,1,0,0,B,no wheel inventory for bolt/diameter,missing_inventory_wheels,225/55R18|225/60R17,5x100,17|18
c1de8585-e270-4df4-85f4-ebb4206bb685,2020,Subaru,crosstrek,Wilderness,1,0,0,B,no wheel inventory for bolt/diameter,missing_inventory_wheels,225/55R18|225/60R17,5x100,17|18
f7b3f07e-b8ad-4ad9-a19d-89126f555b0c,2020,Subaru,crosstrek,Base,1,0,0,B,no wheel inventory for bolt/diameter,missing_inventory_wheels,225/55R18|225/60R17,5x100,17|18
1d8852dc-d565-410d-b242-06c34e65b546,2020,Subaru,crosstrek,Limited,1,0,0,B,no wheel inventory for bolt/diameter,missing_inventory_wheels,225/55R18|225/60R17,5x100,17|18
3b5b8d37-907f-4682-a622-89aa0ee8ca66,2020,Subaru,crosstrek,"Base, Premium, Sport, Limited, Wilderness",1,0,0,B,no wheel inventory for bolt/diameter,missing_inventory_wheels,225/55R18|225/60R17,5x100,17|18
3e2997ea-a1e0-47eb-8dde-98f6748df35e,2020,Subaru,crosstrek,Sport,1,0,0,B,no wheel inventory for bolt/diameter,missing_inventory_wheels,225/55R18|225/60R17,5x100,17|18
b857206d-4ede-4db5-bbde-3a5a8f287e62,2021,Subaru,crosstrek,Wilderness,1,0,0,B,no wheel inventory for bolt/diameter,missing_inventory_wheels,225/55R18|225/60R17,5x100,17|18
ce9e0361-b519-45fe-95ce-e5cd4eff8139,2021,Subaru,crosstrek,"Base, Premium, Sport, Limited, Wilderness",1,0,0,B,no wheel inventory for bolt/diameter,missing_inventory_wheels,225/55R18|225/60R17,5x100,17|18
98cb0b4c-f0c9-4f42-a009-45b3f7fd4b07,2021,Subaru,crosstrek,Premium,1,0,0,B,no wheel inventory for bolt/diameter,missing_inventory_wheels,225/55R18|225/60R17,5x100,17|18
aac5ba2f-4188-4772-a1ee-5e81fbc8f721,2021,Subaru,crosstrek,Limited,1,0,0,B,no wheel inventory for bolt/diameter,missing_inventory_wheels,225/55R18|225/60R17,5x100,17|18
f66d5e68-0989-43ee-a2e9-38fe6cae3367,2021,Subaru,crosstrek,Base,1,0,0,B,no wheel inventory for bolt/diameter,missing_inventory_wheels,225/55R18|225/60R17,5x100,17|18
4aea827c-a2b0-4b0a-b85c-503ac3a4a53f,2021,Subaru,crosstrek,Sport,1,0,0,B,no wheel inventory for bolt/diameter,missing_inventory_wheels,225/55R18|225/60R17,5x100,17|18
90b50352-fafc-47fc-822d-05c2801a371e,2022,Subaru,crosstrek,Base,1,0,0,B,no wheel inventory for bolt/diameter,missing_inventory_wheels,225/55R18|225/60R17,5x100,17|18
b91ba13d-9c75-4e8e-98f1-13258afb228e,2022,Subaru,crosstrek,Limited,1,0,0,B,no wheel inventory for bolt/diameter,missing_inventory_wheels,225/55R18|225/60R17,5x100,17|18
61f3edd0-2ddd-4fcb-a834-1339cc4127a4,2022,Subaru,crosstrek,Wilderness,1,0,0,B,no wheel inventory for bolt/diameter,missing_inventory_wheels,225/55R18|225/60R17,5x100,17|18
1181a041-16cc-4587-b585-c5a09b65cafd,2022,Subaru,crosstrek,"Base, Premium, Sport, Limited, Wilderness",1,0,0,B,no wheel inventory for bolt/diameter,missing_inventory_wheels,225/55R18|225/60R17,5x100,17|18
b5666af9-83b0-4b79-870e-634b78939707,2022,Subaru,crosstrek,Sport,1,0,0,B,no wheel inventory for bolt/diameter,missing_inventory_wheels,225/55R18|225/60R17,5x100,17|18
584e5030-b6a2-4297-a1e6-a5f4151214be,2022,Subaru,crosstrek,Premium,1,0,0,B,no wheel inventory for bolt/diameter,missing_inventory_wheels,225/55R18|225/60R17,5x100,17|18
05a75fd3-3acc-4a2b-8c6c-6f0d48026210,2023,Subaru,crosstrek,Wilderness,1,0,0,B,no wheel inventory for bolt/diameter,missing_inventory_wheels,225/55R18|225/60R17,5x100,17|18
66ce30ab-5f4d-4f2c-b160-aa30dd93e055,2023,Subaru,crosstrek,Limited,1,0,0,B,no wheel inventory for bolt/diameter,missing_inventory_wheels,225/55R18|225/60R17,5x100,17|18
c91188fb-7b42-4525-9b03-d3e8a4acd1fe,2023,Subaru,crosstrek,Premium,1,0,0,B,no wheel inventory for bolt/diameter,missing_inventory_wheels,225/55R18|225/60R17,5x100,17|18
5b3c576a-fa4c-4106-ae5a-72356b1d798c,2023,Subaru,crosstrek,Sport,1,0,0,B,no wheel inventory for bolt/diameter,missing_inventory_wheels,225/55R18|225/60R17,5x100,17|18
a4221455-b74b-4bb5-9724-7b79dc8c218f,2023,Subaru,crosstrek,Base,1,0,0,B,no wheel inventory for bolt/diameter,missing_inventory_wheels,225/55R18|225/60R17,5x100,17|18
35b6c8f4-5dad-466d-abbf-7f601dbabc57,2023,Subaru,crosstrek,"Base, Premium, Sport, Limited, Wilderness",1,0,0,B,no wheel inventory for bolt/diameter,missing_inventory_wheels,225/55R18|225/60R17,5x100,17|18
5bc78649-f515-4d59-8800-256994c98b36,2014,Subaru,forester,Premium,1,0,0,B,no wheel inventory for bolt/diameter,missing_inventory_wheels,225/55R18|225/60R17|245/45ZR19|245/50R18,5x100,17|18|19
2837c39b-0db4-484b-854a-844ab50e99a8,2014,Subaru,forester,Sport,1,0,0,B,no wheel inventory for bolt/diameter,missing_inventory_wheels,225/55R18|225/60R17|245/45ZR19|245/50R18,5x100,17|18|19
beb91885-9e24-42ca-98e6-bc26ffe8289a,2014,Subaru,forester,Wilderness,1,0,0,B,no wheel inventory for bolt/diameter,missing_inventory_wheels,225/55R18|225/60R17|245/45ZR19|245/50R18,5x100,17|18|19
f225af98-099d-41b0-b704-f0f4f993e2f1,2014,Subaru,forester,Limited,1,0,0,B,no wheel inventory for bolt/diameter,missing_inventory_wheels,225/55R18|225/60R17|245/45ZR19|245/50R18,5x100,17|18|19
4dee83b5-7c6b-460e-aa9c-5e5e41855290,2014,Subaru,forester,Touring,1,0,0,B,no wheel inventory for bolt/diameter,missing_inventory_wheels,225/55R18|225/60R17|245/45ZR19|245/50R18,5x100,17|18|19
6124be9d-13c5-4227-9413-757333634747,2014,Subaru,forester,Base,1,0,0,B,no wheel inventory for bolt/diameter,missing_inventory_wheels,225/55R18|225/60R17|245/45ZR19|245/50R18,5x100,17|18|19
525bdfa6-ac86-4a02-975a-b40c8bddd944,2014,Subaru,forester,"Base, Premium, Sport, Limited, Touring, Wilderness",1,0,0,B,no wheel inventory for bolt/diameter,missing_inventory_wheels,225/55R18|225/60R17|245/45ZR19|245/50R18,5x100,17|18|19
b1f53a79-f3eb-42ad-b46e-f8586895e2b7,2015,Subaru,forester,"Base, Premium, Sport, Limited, Touring, Wilderness",1,0,0,B,no wheel inventory for bolt/diameter,missing_inventory_wheels,225/55R18|225/60R17|245/45ZR19|245/50R18,5x100,17|18|19
3d2894e5-45f3-4f79-baa6-93f0577d0d02,2015,Subaru,forester,Base,1,0,0,B,no wheel inventory for bolt/diameter,missing_inventory_wheels,225/55R18|225/60R17|245/45ZR19|245/50R18,5x100,17|18|19
35494b6e-630a-452e-8452-736759103210,2015,Subaru,forester,Wilderness,1,0,0,B,no wheel inventory for bolt/diameter,missing_inventory_wheels,225/55R18|225/60R17|245/45ZR19|245/50R18,5x100,17|18|19
91f5e38f-f709-4d7f-9ef1-843bd0b065ea,2015,Subaru,forester,Limited,1,0,0,B,no wheel inventory for bolt/diameter,missing_inventory_wheels,225/55R18|225/60R17|245/45ZR19|245/50R18,5x100,17|18|19
a2057ab8-eb33-427b-a062-bd4c951a7427,2015,Subaru,forester,Touring,1,0,0,B,no wheel inventory for bolt/diameter,missing_inventory_wheels,225/55R18|225/60R17|245/45ZR19|245/50R18,5x100,17|18|19
f046ded0-2ffb-42ee-b616-f98e78617061,2015,Subaru,forester,Sport,1,0,0,B,no wheel inventory for bolt/diameter,missing_inventory_wheels,225/55R18|225/60R17|245/45ZR19|245/50R18,5x100,17|18|19
0ce5c24b-0894-4f65-9271-8f52df40d2da,2015,Subaru,forester,Premium,1,0,0,B,no wheel inventory for bolt/diameter,missing_inventory_wheels,225/55R18|225/60R17|245/45ZR19|245/50R18,5x100,17|18|19
e45ed0f0-1a86-41a2-baee-abca7f09a92d,2016,Subaru,forester,"Base, Premium, Sport, Limited, Touring, Wilderness",1,0,0,B,no wheel inventory for bolt/diameter,missing_inventory_wheels,225/55R18|225/60R17|245/45ZR19|245/50R18,5x100,17|18|19
90b8dd3c-fc2e-42ef-9cb2-652d42cf5d3f,2016,Subaru,forester,Touring,1,0,0,B,no wheel inventory for bolt/diameter,missing_inventory_wheels,225/55R18|225/60R17|245/45ZR19|245/50R18,5x100,17|18|19
1e1b3ab3-ae8b-42d5-b555-c65c152a4e9e,2016,Subaru,forester,Wilderness,1,0,0,B,no wheel inventory for bolt/diameter,missing_inventory_wheels,225/55R18|225/60R17|245/45ZR19|245/50R18,5x100,17|18|19
6c47fb16-2111-4a45-826e-b523b726ff81,2016,Subaru,forester,Limited,1,0,0,B,no wheel inventory for bolt/diameter,missing_inventory_wheels,225/55R18|225/60R17|245/45ZR19|245/50R18,5x100,17|18|19
940ec6f0-5800-4193-858c-e7a6baab6141,2016,Subaru,forester,Sport,1,0,0,B,no wheel inventory for bolt/diameter,missing_inventory_wheels,225/55R18|225/60R17|245/45ZR19|245/50R18,5x100,17|18|19
5a181f14-9fec-4167-abd1-3e3b13f19c45,2016,Subaru,forester,Premium,1,0,0,B,no wheel inventory for bolt/diameter,missing_inventory_wheels,225/55R18|225/60R17|245/45ZR19|245/50R18,5x100,17|18|19
2568b3f0-cf5b-4684-90be-2cd6bd5cf17d,2016,Subaru,forester,Base,1,0,0,B,no wheel inventory for bolt/diameter,missing_inventory_wheels,225/55R18|225/60R17|245/45ZR19|245/50R18,5x100,17|18|19
6551e227-45ac-403d-937a-c90ee80d880e,2017,Subaru,forester,Base,1,0,0,B,no wheel inventory for bolt/diameter,missing_inventory_wheels,225/55R18|225/60R17,5x100,17|18
5f7f2e53-bc0e-4b98-a7b3-4f4b220c0e21,2017,Subaru,forester,Limited,1,0,0,B,no wheel inventory for bolt/diameter,missing_inventory_wheels,225/55R18|225/60R17,5x100,17|18
4a0ab5f6-9bf6-45a9-b55b-7941a2aadbdf,2017,Subaru,forester,Touring,1,0,0,B,no wheel inventory for bolt/diameter,missing_inventory_wheels,225/55R18|225/60R17,5x100,17|18
975d4c58-7306-4002-a2e6-803bdb11eb15,2017,Subaru,forester,Premium,1,0,0,B,no wheel inventory for bolt/diameter,missing_inventory_wheels,225/55R18|225/60R17,5x100,17|18
3191b0b1-e98b-47af-a44e-4b8177b6facb,2017,Subaru,forester,Sport,1,0,0,B,no wheel inventory for bolt/diameter,missing_inventory_wheels,225/55R18|225/60R17,5x100,17|18
8bd96d31-9994-44b6-b5cd-7d216c4cf307,2017,Subaru,forester,Wilderness,1,0,0,B,no wheel inventory for bolt/diameter,missing_inventory_wheels,225/55R18|225/60R17,5x100,17|18
8a6ad8a6-e4f7-46f5-87bd-a0eb2a496a93,2017,Subaru,forester,"Base, Premium, Sport, Limited, Touring, Wilderness",1,0,0,B,no wheel inventory for bolt/diameter,missing_inventory_wheels,225/55R18|225/60R17,5x100,17|18
e071ec90-dc6b-4f1b-8743-a5f7fd727f41,2016,Subaru,impreza,Base,1,0,0,B,no wheel inventory for bolt/diameter,missing_inventory_wheels,195/65R15|205/50R17|205/55R16|225/40R18,5x114.3,15|16|17|18
2d352f8d-900d-475a-b30a-c93d6dad8bdf,2016,Subaru,impreza,Premium,1,0,0,B,no wheel inventory for bolt/diameter,missing_inventory_wheels,195/65R15|205/50R17|205/55R16|225/40R18,5x114.3,15|16|17|18
df99a7a3-80bc-44d5-b919-dab9e0141996,2016,Subaru,impreza,Limited,1,0,0,B,no wheel inventory for bolt/diameter,missing_inventory_wheels,195/65R15|205/50R17|205/55R16|225/40R18,5x114.3,15|16|17|18
18ce5037-2786-4207-900c-51f5e70fce9f,2016,Subaru,impreza,Sport,1,0,0,B,no wheel inventory for bolt/diameter,missing_inventory_wheels,195/65R15|205/50R17|205/55R16|225/40R18,5x114.3,15|16|17|18
dfab14ba-0afc-436d-b738-900bdfc58d6c,2016,Subaru,impreza,"Base, Premium, Sport, Limited",1,0,0,B,no wheel inventory for bolt/diameter,missing_inventory_wheels,195/65R15|205/50R17|205/55R16|225/40R18,5x114.3,15|16|17|18
83053d8e-2d05-4ebd-bf56-6fb1f380e881,2010,Subaru,legacy,Premium,1,0,0,B,no wheel inventory for bolt/diameter,missing_inventory_wheels,215/50R17|225/45R18|225/50R17|225/50R18|225/55R17,5x100,17|18
5a89219b-81cf-423a-8a27-7ff3dc1ffe72,2010,Subaru,legacy,Sport,1,0,0,B,no wheel inventory for bolt/diameter,missing_inventory_wheels,215/50R17|225/45R18|225/50R17|225/50R18|225/55R17,5x100,17|18
db8659b3-c330-44e4-9d9f-e7a3ab937b14,2010,Subaru,legacy,Base,1,0,0,B,no wheel inventory for bolt/diameter,missing_inventory_wheels,215/50R17|225/45R18|225/50R17|225/50R18|225/55R17,5x100,17|18
d248d6fc-940a-483b-9c28-9c8a5ace88af,2010,Subaru,legacy,"Base, Premium, Sport, Limited, Touring XT",1,0,0,B,no wheel inventory for bolt/diameter,missing_inventory_wheels,215/50R17|225/45R18|225/50R17|225/50R18|225/55R17,5x100,17|18
2e82ac99-cc81-470e-94c0-39c36c009d1a,2010,Subaru,legacy,Touring XT,1,0,0,B,no wheel inventory for bolt/diameter,missing_inventory_wheels,215/50R17|225/45R18|225/50R17|225/50R18|225/55R17,5x100,17|18
c1085805-e4ad-4993-b6cc-b20093ebf2d8,2010,Subaru,legacy,Limited,1,0,0,B,no wheel inventory for bolt/diameter,missing_inventory_wheels,215/50R17|225/45R18|225/50R17|225/50R18|225/55R17,5x100,17|18
08200a7e-6923-418e-82a4-4ba08ec15123,2011,Subaru,legacy,Base,1,0,0,B,no wheel inventory for bolt/diameter,missing_inventory_wheels,215/50R17|225/45R18|225/50R17|225/50R18|225/55R17,5x100,17|18
61361d56-9ad6-4360-84b1-059a7c968024,2011,Subaru,legacy,"Base, Premium, Sport, Limited, Touring XT",1,0,0,B,no wheel inventory for bolt/diameter,missing_inventory_wheels,215/50R17|225/45R18|225/50R17|225/50R18|225/55R17,5x100,17|18
368664f9-d107-4b16-83c4-8d4198352e6a,2011,Subaru,legacy,Premium,1,0,0,B,no wheel inventory for bolt/diameter,missing_inventory_wheels,215/50R17|225/45R18|225/50R17|225/50R18|225/55R17,5x100,17|18
48ed5c36-95e1-4417-9b4b-2b7fb4c9fc60,2011,Subaru,legacy,Limited,1,0,0,B,no wheel inventory for bolt/diameter,missing_inventory_wheels,215/50R17|225/45R18|225/50R17|225/50R18|225/55R17,5x100,17|18
2a1f4fa0-fe1b-4f53-9f5a-9f4e081e261c,2011,Subaru,legacy,Sport,1,0,0,B,no wheel inventory for bolt/diameter,missing_inventory_wheels,215/50R17|225/45R18|225/50R17|225/50R18|225/55R17,5x100,17|18
ff57bb1c-bb5f-4926-805e-d6af45c742fa,2011,Subaru,legacy,Touring XT,1,0,0,B,no wheel inventory for bolt/diameter,missing_inventory_wheels,215/50R17|225/45R18|225/50R17|225/50R18|225/55R17,5x100,17|18
46945bbc-5ac1-4a18-a67c-8fa806d07455,2012,Subaru,legacy,Touring XT,1,0,0,B,no wheel inventory for bolt/diameter,missing_inventory_wheels,215/45ZR18|225/45ZR18|225/50R18|225/55R17|235/35ZR19,5x100,17|18|19
427909ff-3d00-4335-8a9f-2214918368c1,2012,Subaru,legacy,Premium,1,0,0,B,no wheel inventory for bolt/diameter,missing_inventory_wheels,215/45ZR18|225/45ZR18|225/50R18|225/55R17|235/35ZR19,5x100,17|18|19
943c68e1-db5c-457a-b230-1927a96ed79d,2012,Subaru,legacy,Limited,1,0,0,B,no wheel inventory for bolt/diameter,missing_inventory_wheels,215/45ZR18|225/45ZR18|225/50R18|225/55R17|235/35ZR19,5x100,17|18|19
b71496b1-1a91-4ad4-83fa-a7a69852ad90,2012,Subaru,legacy,Sport,1,0,0,B,no wheel inventory for bolt/diameter,missing_inventory_wheels,215/45ZR18|225/45ZR18|225/50R18|225/55R17|235/35ZR19,5x100,17|18|19
a62d6a30-aaf4-40e5-88a7-f03e612dd076,2012,Subaru,legacy,Base,1,0,0,B,no wheel inventory for bolt/diameter,missing_inventory_wheels,215/45ZR18|225/45ZR18|225/50R18|225/55R17|235/35ZR19,5x100,17|18|19
b16df30e-96d5-48df-b28f-379ea30e69e3,2012,Subaru,legacy,"Base, Premium, Sport, Limited, Touring XT",1,0,0,B,no wheel inventory for bolt/diameter,missing_inventory_wheels,215/45ZR18|225/45ZR18|225/50R18|225/55R17|235/35ZR19,5x100,17|18|19
3368dfb7-331a-4f22-b6f9-fb556ae925e7,2013,Subaru,legacy,Base,1,0,0,B,no wheel inventory for bolt/diameter,missing_inventory_wheels,215/50R17|225/50R17|225/50R18|225/55R17,5x100,17|18
e765e7bc-9803-40cf-93b1-9f656f808d9b,2013,Subaru,legacy,Touring XT,1,0,0,B,no wheel inventory for bolt/diameter,missing_inventory_wheels,215/50R17|225/50R17|225/50R18|225/55R17,5x100,17|18
e5b96d01-d5d1-499e-9c5c-1ffa2ce4855c,2013,Subaru,legacy,Limited,1,0,0,B,no wheel inventory for bolt/diameter,missing_inventory_wheels,215/50R17|225/50R17|225/50R18|225/55R17,5x100,17|18
c0f68388-cb57-4c6a-9158-d8c4b476c362,2013,Subaru,legacy,Sport,1,0,0,B,no wheel inventory for bolt/diameter,missing_inventory_wheels,215/50R17|225/50R17|225/50R18|225/55R17,5x100,17|18
e240af0a-9e65-4ac9-90d3-20b6a88af523,2013,Subaru,legacy,"Base, Premium, Sport, Limited, Touring XT",1,0,0,B,no wheel inventory for bolt/diameter,missing_inventory_wheels,215/50R17|225/50R17|225/50R18|225/55R17,5x100,17|18
1851429e-2f47-43f1-8f38-3c804b31db89,2013,Subaru,legacy,Premium,1,0,0,B,no wheel inventory for bolt/diameter,missing_inventory_wheels,215/50R17|225/50R17|225/50R18|225/55R17,5x100,17|18
07bd7a8d-8d1f-443b-8fc0-6fd6a648fa73,2014,Subaru,legacy,"Base, Premium, Sport, Limited, Touring XT",1,0,0,B,no wheel inventory for bolt/diameter,missing_inventory_wheels,215/45ZR18|225/45ZR18|225/50R18|225/55R17|235/35ZR19,5x100,17|18|19
1fb23b6c-bc54-41d8-92a2-d43d34b04406,2014,Subaru,legacy,Sport,1,0,0,B,no wheel inventory for bolt/diameter,missing_inventory_wheels,215/45ZR18|225/45ZR18|225/50R18|225/55R17|235/35ZR19,5x100,17|18|19
72a18259-fbc7-4a7b-8779-a7201fe5c8e2,2014,Subaru,legacy,Touring XT,1,0,0,B,no wheel inventory for bolt/diameter,missing_inventory_wheels,215/45ZR18|225/45ZR18|225/50R18|225/55R17|235/35ZR19,5x100,17|18|19
0e1a2233-2667-4368-93fb-a7d08a79f294,2014,Subaru,legacy,Limited,1,0,0,B,no wheel inventory for bolt/diameter,missing_inventory_wheels,215/45ZR18|225/45ZR18|225/50R18|225/55R17|235/35ZR19,5x100,17|18|19
d1793724-db1f-4f3b-9891-46cae11d6fdf,2014,Subaru,legacy,Premium,1,0,0,B,no wheel inventory for bolt/diameter,missing_inventory_wheels,215/45ZR18|225/45ZR18|225/50R18|225/55R17|235/35ZR19,5x100,17|18|19
f90d643b-43dc-4584-9c74-334df7503fb9,2014,Subaru,legacy,Base,1,0,0,B,no wheel inventory for bolt/diameter,missing_inventory_wheels,215/45ZR18|225/45ZR18|225/50R18|225/55R17|235/35ZR19,5x100,17|18|19
263ec98c-2fe9-44c1-96c2-1fadb7f1b35b,2008,Subaru,wrx,Limited,1,0,0,B,no wheel inventory for bolt/diameter,missing_inventory_wheels,235/45R17|245/40R18,5x100,17|18
5bf8fe87-e8aa-4376-9ff8-57c5febe4511,2008,Subaru,wrx,Premium,1,0,0,B,no wheel inventory for bolt/diameter,missing_inventory_wheels,235/45R17|245/40R18,5x100,17|18
cb3650aa-db23-4d37-83b7-c3a8d72d55d9,2008,Subaru,wrx,Base,1,0,0,B,no wheel inventory for bolt/diameter,missing_inventory_wheels,235/45R17|245/40R18,5x100,17|18
7e0d6aa0-3d9e-4119-a8a2-6882833c478a,2008,Subaru,wrx,GT,1,0,0,B,no wheel inventory for bolt/diameter,missing_inventory_wheels,235/45R17|245/40R18,5x100,17|18
b0c8b49f-ae20-4d49-9e02-b00e342e3338,2008,Subaru,wrx,"Base, Premium, Limited, GT",1,0,0,B,no wheel inventory for bolt/diameter,missing_inventory_wheels,235/45R17|245/40R18,5x100,17|18
862f5398-af44-4055-a7c4-5303a1ea8eee,2009,Subaru,wrx,Base,1,0,0,B,no wheel inventory for bolt/diameter,missing_inventory_wheels,235/45R17|245/40R18,5x100,17|18
0f4c9d5e-e0c3-4fc0-a706-58203d681e3a,2009,Subaru,wrx,Limited,1,0,0,B,no wheel inventory for bolt/diameter,missing_inventory_wheels,235/45R17|245/40R18,5x100,17|18
64a8d9c0-19e9-46ef-b21c-ec1f55ad98f2,2009,Subaru,wrx,Premium,1,0,0,B,no wheel inventory for bolt/diameter,missing_inventory_wheels,235/45R17|245/40R18,5x100,17|18
d52e39c8-8e81-42c8-8ffe-e27137fd429e,2009,Subaru,wrx,"Base, Premium, Limited, GT",1,0,0,B,no wheel inventory for bolt/diameter,missing_inventory_wheels,235/45R17|245/40R18,5x100,17|18
bf637295-74b2-44f7-825a-600f633cad77,2009,Subaru,wrx,GT,1,0,0,B,no wheel inventory for bolt/diameter,missing_inventory_wheels,235/45R17|245/40R18,5x100,17|18
410d2faa-504e-4140-a262-281675b5f936,2010,Subaru,wrx,Premium,1,0,0,B,no wheel inventory for bolt/diameter,missing_inventory_wheels,235/45R17|245/40R18,5x100,17|18
4c38f1e3-3015-46e2-885a-26651c729e10,2010,Subaru,wrx,Base,1,0,0,B,no wheel inventory for bolt/diameter,missing_inventory_wheels,235/45R17|245/40R18,5x100,17|18
f7737396-8beb-4258-85aa-e10b42f3f0b9,2010,Subaru,wrx,Limited,1,0,0,B,no wheel inventory for bolt/diameter,missing_inventory_wheels,235/45R17|245/40R18,5x100,17|18
c53f4eb9-0b19-4c15-b4fc-642b8032bfba,2010,Subaru,wrx,GT,1,0,0,B,no wheel inventory for bolt/diameter,missing_inventory_wheels,235/45R17|245/40R18,5x100,17|18
9aff6dd5-1960-4499-97bb-50e05b092bdb,2010,Subaru,wrx,"Base, Premium, Limited, GT",1,0,0,B,no wheel inventory for bolt/diameter,missing_inventory_wheels,235/45R17|245/40R18,5x100,17|18
c6eba66d-b716-49f9-9307-7d6bdae8f9e3,2011,Subaru,wrx,"Base, Premium, Limited, GT",1,0,0,B,no wheel inventory for bolt/diameter,missing_inventory_wheels,235/45R17|245/40R18,5x100,17|18
8d39a084-dc24-4a84-9dcf-b09eee499828,2011,Subaru,wrx,GT,1,0,0,B,no wheel inventory for bolt/diameter,missing_inventory_wheels,235/45R17|245/40R18,5x100,17|18
6d82106c-b660-46ef-a239-b324b819c680,2011,Subaru,wrx,Base,1,0,0,B,no wheel inventory for bolt/diameter,missing_inventory_wheels,235/45R17|245/40R18,5x100,17|18
d2342a14-2a93-4b28-9485-4eb0cf8d4847,2011,Subaru,wrx,Limited,1,0,0,B,no wheel inventory for bolt/diameter,missing_inventory_wheels,235/45R17|245/40R18,5x100,17|18
60d62d65-1d2c-4062-8ffe-fe0e21a9dd73,2011,Subaru,wrx,Premium,1,0,0,B,no wheel inventory for bolt/diameter,missing_inventory_wheels,235/45R17|245/40R18,5x100,17|18
adcce041-33a9-49a2-8f90-188d42b56c57,2012,Subaru,wrx,GT,1,0,0,B,no wheel inventory for bolt/diameter,missing_inventory_wheels,235/45R17|245/40R18,5x100,17|18
a60e1646-61d1-4deb-a1fa-9bfb31158302,2012,Subaru,wrx,"Base, Premium, Limited, GT",1,0,0,B,no wheel inventory for bolt/diameter,missing_inventory_wheels,235/45R17|245/40R18,5x100,17|18
6bd7195e-8b0f-44bb-a27e-29ae8e7f6fd5,2012,Subaru,wrx,Premium,1,0,0,B,no wheel inventory for bolt/diameter,missing_inventory_wheels,235/45R17|245/40R18,5x100,17|18
1cfa41a8-06e9-4b40-a99f-72af52de9d9e,2012,Subaru,wrx,Base,1,0,0,B,no wheel inventory for bolt/diameter,missing_inventory_wheels,235/45R17|245/40R18,5x100,17|18
df4bd8e3-fda9-41fb-841b-8a4051c63ea9,2012,Subaru,wrx,Limited,1,0,0,B,no wheel inventory for bolt/diameter,missing_inventory_wheels,235/45R17|245/40R18,5x100,17|18
112c0f36-fb87-45bc-b4d1-294533a07fd5,2013,Subaru,wrx,Premium,1,0,0,B,no wheel inventory for bolt/diameter,missing_inventory_wheels,235/45R17|245/40R18,5x100,17|18
671a5d17-b9c1-48ec-ab8a-2c31c3f726f0,2013,Subaru,wrx,Limited,1,0,0,B,no wheel inventory for bolt/diameter,missing_inventory_wheels,235/45R17|245/40R18,5x100,17|18
5520c1d5-fba5-4b17-823a-9a173ccc42c1,2013,Subaru,wrx,GT,1,0,0,B,no wheel inventory for bolt/diameter,missing_inventory_wheels,235/45R17|245/40R18,5x100,17|18
97aed900-3abe-4f7d-ba05-84ebc8153ea1,2013,Subaru,wrx,"Base, Premium, Limited, GT",1,0,0,B,no wheel inventory for bolt/diameter,missing_inventory_wheels,235/45R17|245/40R18,5x100,17|18
b410c890-1d20-4c8e-a000-57bebba9559a,2013,Subaru,wrx,Base,1,0,0,B,no wheel inventory for bolt/diameter,missing_inventory_wheels,235/45R17|245/40R18,5x100,17|18
e2e24e1b-7844-4192-9150-ced8f8b001d1,2014,Subaru,wrx,Limited,1,0,0,B,no wheel inventory for bolt/diameter,missing_inventory_wheels,235/45R17|245/40R18,5x100,17|18
f4a2a0aa-237c-4e00-9939-5591ae098f42,2014,Subaru,wrx,Premium,1,0,0,B,no wheel inventory for bolt/diameter,missing_inventory_wheels,235/45R17|245/40R18,5x100,17|18
ded842dd-7be8-4e57-9dcd-245493812cc9,2014,Subaru,wrx,GT,1,0,0,B,no wheel inventory for bolt/diameter,missing_inventory_wheels,235/45R17|245/40R18,5x100,17|18
d8600458-f69a-41ef-a533-9a33b60d0efb,2014,Subaru,wrx,Base,1,0,0,B,no wheel inventory for bolt/diameter,missing_inventory_wheels,235/45R17|245/40R18,5x100,17|18
352d8eb7-a010-4307-86bd-2eacb3eb9136,2014,Subaru,wrx,"Base, Premium, Limited, GT",1,0,0,B,no wheel inventory for bolt/diameter,missing_inventory_wheels,235/45R17|245/40R18,5x100,17|18
ac1778d9-66a2-4e03-a5fc-bb7e1b9c30d1,2019,Subaru,wrx-sti,Base,1,0,0,B,no wheel inventory for bolt/diameter,missing_inventory_wheels,245/35R19,5x114.3,19
c2695848-7222-4569-b22b-45c69173cc0a,2020,Subaru,wrx-sti,Base,1,0,0,B,no wheel inventory for bolt/diameter,missing_inventory_wheels,245/35R19,5x114.3,19
f28a5359-cd99-446f-b3ff-3d2d0a693d79,2021,Subaru,wrx-sti,Base,1,0,0,B,no wheel inventory for bolt/diameter,missing_inventory_wheels,245/35R19,5x114.3,19
796b32bb-890d-4a2e-b8c0-359d66a80d2e,1996,Suzuki,Sidekick,Base,1,154,0,A,tires+wheels OK but no packages,package_generation_gap,205/75R15|215/65R16,5x139.7,15|16
e1f21333-9821-4c87-8022-ed6982579f37,1997,Suzuki,Sidekick,Base,1,154,0,A,tires+wheels OK but no packages,package_generation_gap,205/75R15|215/65R16,5x139.7,15|16
5a490eac-97db-4a97-9dc7-0ce5009a8f88,1998,Suzuki,Sidekick,Base,1,154,0,A,tires+wheels OK but no packages,package_generation_gap,205/75R15|215/65R16,5x139.7,15|16
6b4f6c95-610b-4952-8766-62538b2b1414,2012,Tesla,model-s,Base,1,0,0,B,no wheel inventory for bolt/diameter,missing_inventory_wheels,245/35R21|245/45R19|265/35R21,5x120,19|21
b85c8b60-1f54-404f-a643-b3a440c477f6,2012,Tesla,model-s,1st Gen,1,0,0,B,no wheel inventory for bolt/diameter,missing_inventory_wheels,245/35R21|245/45R19|265/35R21,5x120,19|21
7bbf8afb-4a66-4dc2-ba9d-e10b36fa77d3,2013,Tesla,model-s,Base,1,0,0,B,no wheel inventory for bolt/diameter,missing_inventory_wheels,245/35R21|245/45R19|265/35R21,5x120,19|21
d9b2c8b7-a371-430b-be47-4f44e7921ae3,2014,Tesla,model-s,1st Gen,1,0,0,B,no wheel inventory for bolt/diameter,missing_inventory_wheels,245/35R21|245/45R19|265/35R21,5x120,19|21
be464f58-31ed-4811-b17c-73787ab9df7b,2014,Tesla,model-s,Base,1,0,0,B,no wheel inventory for bolt/diameter,missing_inventory_wheels,245/35R21|245/45R19|265/35R21,5x120,19|21
ffe44c85-30a5-4c19-a725-634f6cf8a067,2015,Tesla,model-s,1st Gen,1,0,0,B,no wheel inventory for bolt/diameter,missing_inventory_wheels,245/35R21|245/45R19|265/35R21,5x120,19|21
f7a9b19a-08cc-42a3-8286-2cd01c24d47f,2015,Tesla,model-s,Base,1,0,0,B,no wheel inventory for bolt/diameter,missing_inventory_wheels,245/35R21|245/45R19|265/35R21,5x120,19|21
e644d44a-d536-4976-bdd4-8ab303e1bc89,2016,Tesla,model-s,Base,1,0,0,B,no wheel inventory for bolt/diameter,missing_inventory_wheels,245/35R21|245/45R19|265/35R21,5x120,19|21
d6b2fac9-d993-439b-8abf-5ced1a4ed86a,2017,Tesla,model-s,1st Gen,1,0,0,B,no wheel inventory for bolt/diameter,missing_inventory_wheels,245/35R21|245/45R19|265/35R21,5x120,19|21
51cf259d-a388-4a49-bc55-fe8ea2490f46,2017,Tesla,model-s,Base,1,0,0,B,no wheel inventory for bolt/diameter,missing_inventory_wheels,245/35R21|245/45R19|265/35R21,5x120,19|21
b2cea49e-4c74-4b83-8f7f-af4687f9e23a,2019,Tesla,model-s,1st Gen,1,0,0,B,no wheel inventory for bolt/diameter,missing_inventory_wheels,245/35R21|245/45R19|265/35R21,5x120,19|21
73a06d04-c443-4d12-b358-15653461b541,2019,Tesla,model-s,Base,1,0,0,B,no wheel inventory for bolt/diameter,missing_inventory_wheels,245/35R21|245/45R19|265/35R21,5x120,19|21
fa5bd1d1-58de-4ddf-8c9f-11bc48b48966,2020,Tesla,model-s,1st Gen,1,0,0,B,no wheel inventory for bolt/diameter,missing_inventory_wheels,245/35R21|245/45R19|265/35R21,5x120,19|21
2ba3756e-771d-4206-8f01-029b2835bc92,2020,Tesla,model-s,Base,1,0,0,B,no wheel inventory for bolt/diameter,missing_inventory_wheels,245/35R21|245/45R19|265/35R21,5x120,19|21
a21c3b88-e027-4154-bb40-f366af72c4d8,2021,Tesla,model-s,Base,1,0,0,B,no wheel inventory for bolt/diameter,missing_inventory_wheels,245/45R19|255/35R21|265/35R21|275/35R21,5x120,19|21
062ce21e-4836-487d-98f5-80ab60c2ffd3,2021,Tesla,model-s,Refresh (2nd Gen),1,0,0,B,no wheel inventory for bolt/diameter,missing_inventory_wheels,245/45R19|255/35R21|265/35R21|275/35R21,5x120,19|21
6bcfffb1-be9a-4132-a5aa-59c9588503e8,2022,Tesla,model-s,Refresh (2nd Gen),1,0,0,B,no wheel inventory for bolt/diameter,missing_inventory_wheels,245/45R19|255/35R21|265/35R21|275/35R21,5x120,19|21
f89b0a31-531f-433a-abfe-fbbb16669f9b,2022,Tesla,model-s,Base,1,0,0,B,no wheel inventory for bolt/diameter,missing_inventory_wheels,245/45R19|255/35R21|265/35R21|275/35R21,5x120,19|21
cc997fd8-7c3c-4754-b020-4d585d294636,2023,Tesla,model-s,Refresh (2nd Gen),1,0,0,B,no wheel inventory for bolt/diameter,missing_inventory_wheels,245/45R19|255/35R21|265/35R21|275/35R21,5x120,19|21
e8e7f211-8169-4409-b8bd-4b2f60954d48,2023,Tesla,model-s,Base,1,0,0,B,no wheel inventory for bolt/diameter,missing_inventory_wheels,245/45R19|255/35R21|265/35R21|275/35R21,5x120,19|21
9fcedce9-a520-4c24-9ff0-ee2971127a3b,2024,Tesla,model-s,Refresh (2nd Gen),1,0,0,B,no wheel inventory for bolt/diameter,missing_inventory_wheels,245/45R19|255/35R21|265/35R21|275/35R21,5x120,19|21
ffdce24e-3d13-4aee-ab8c-c2e62fe7d071,2024,Tesla,model-s,Base,1,0,0,B,no wheel inventory for bolt/diameter,missing_inventory_wheels,245/45R19|255/35R21|265/35R21|275/35R21,5x120,19|21
71ba2e65-a48e-4a3f-b752-91fa5b1811f5,2025,Tesla,model-s,Refresh (2nd Gen),1,0,0,B,no wheel inventory for bolt/diameter,missing_inventory_wheels,245/45R19|255/35R21|265/35R21|275/35R21,5x120,19|21
178e2ad2-a2f3-43c7-82a7-ae43a2c19ba9,2025,Tesla,model-s,Base,1,0,0,B,no wheel inventory for bolt/diameter,missing_inventory_wheels,245/45R19|255/35R21|265/35R21|275/35R21,5x120,19|21
4a0d0fe0-02f8-4a41-83e9-cd638a18c5a6,2026,Tesla,model-s,Refresh (2nd Gen),1,0,0,B,no wheel inventory for bolt/diameter,missing_inventory_wheels,245/45R19|255/35R21|265/35R21|275/35R21,5x120,19|21
552411b0-f4db-477c-be4a-3b1e7d3bc810,2026,Tesla,model-s,Base,1,0,0,B,no wheel inventory for bolt/diameter,missing_inventory_wheels,245/45R19|255/35R21|265/35R21|275/35R21,5x120,19|21
6912cce4-3650-41f0-aa47-9ae2b08371fc,2020,Tesla,model-y,1st Gen,1,836,0,A,tires+wheels OK but no packages,package_generation_gap,255/35R21|255/40R20|255/45R19|275/35R21,5x114.3,19|20|21
3b8a17c7-8c22-4ea5-927f-bf00d89823f9,2020,Tesla,model-y,Base,1,836,0,A,tires+wheels OK but no packages,package_generation_gap,255/35R21|255/40R20|255/45R19|275/35R21,5x114.3,19|20|21
5d919449-f623-42a6-b2ba-d77517228c84,2021,Tesla,model-y,Base,1,836,0,A,tires+wheels OK but no packages,package_generation_gap,255/35R21|255/40R20|255/45R19|275/35R21,5x114.3,19|20|21
8625c307-b5bd-4928-aa56-c588b239ecbd,2021,Tesla,model-y,1st Gen,1,836,0,A,tires+wheels OK but no packages,package_generation_gap,255/35ZR21|255/40ZR20|255/45ZR19|275/35ZR21,5x114.3,19|20|21
90393c78-e183-429a-a9be-c30f33b59424,2022,Tesla,model-y,Base,1,836,0,A,tires+wheels OK but no packages,package_generation_gap,255/35R21|255/40R20|255/45R19|275/35R21,5x114.3,19|20|21
fc8ba5b8-db46-4074-b408-ecdbc92f5212,2022,Tesla,model-y,1st Gen,1,836,0,A,tires+wheels OK but no packages,package_generation_gap,255/35R21|255/40R20|255/45R19|275/35R21,5x114.3,19|20|21
f36035b1-7a74-4320-a37f-8a1f9bb30a56,2022,Tesla,model-y,Long Range,1,836,0,A,tires+wheels OK but no packages,package_generation_gap,255/35ZR21|255/40ZR20|255/45ZR19|275/35ZR21,5x114.3,19|20|21
2af79995-5e2f-45c8-884e-673485b9b1a1,2023,Tesla,model-y,1st Gen,1,836,0,A,tires+wheels OK but no packages,package_generation_gap,255/35R21|255/40R20|255/45R19|275/35R21,5x114.3,19|20|21
964630c7-380e-4139-9696-8fc8aa3cd734,2023,Tesla,model-y,Base,1,836,0,A,tires+wheels OK but no packages,package_generation_gap,255/35R21|255/40R20|255/45R19|275/35R21,5x114.3,19|20|21
b5c90177-c0f7-4dd9-83d1-1d6e05bbe4ca,2024,Tesla,model-y,1st Gen,1,836,0,A,tires+wheels OK but no packages,package_generation_gap,255/35R21|255/40R20|255/45R19|275/35R21,5x114.3,19|20|21
add8e59c-88e3-4764-a627-3eccdde29446,2024,Tesla,model-y,Long Range,1,836,0,A,tires+wheels OK but no packages,package_generation_gap,255/35ZR21|255/40ZR20|255/45ZR19|275/35ZR21,5x114.3,19|20|21
65890542-039f-4709-aaba-1d9b06efc453,2024,Tesla,model-y,Base,1,836,0,A,tires+wheels OK but no packages,package_generation_gap,255/35R21|255/40R20|255/45R19|275/35R21,5x114.3,19|20|21
b27e4a4d-8ef6-4da0-8003-c15fe64f8145,2025,Tesla,model-y,Base,1,836,0,A,tires+wheels OK but no packages,package_generation_gap,255/35R21|255/40R20|255/45R19|275/35R21,5x114.3,19|20|21
b1a53a68-3e8a-439b-9401-635cbc98004e,2025,Tesla,model-y,Juniper (2nd Gen),1,836,0,A,tires+wheels OK but no packages,package_generation_gap,255/35R21|255/40R20|255/45R19|275/35R21,5x114.3,19|20|21
8909b030-13e2-468f-a37a-23cde2e7abf7,2026,Tesla,model-y,Base,1,836,0,A,tires+wheels OK but no packages,package_generation_gap,255/35R21|255/40R20|255/45R19|275/35R21,5x114.3,19|20|21
b45d7695-b676-44cf-bff7-fa5b666a1140,2026,Tesla,model-y,Juniper (2nd Gen),1,836,0,A,tires+wheels OK but no packages,package_generation_gap,255/35R21|255/40R20|255/45R19|275/35R21,5x114.3,19|20|21
690404f1-43d9-43bb-bdad-baeef7caa068,1990,Toyota,4runner,SR5,0,1944,3,C,only vintage/non-standard sizes: 31X10.50R15,vintage_tire_size,31X10.50R15,6x139.7,15
884a1996-3c96-4361-9071-327d1df0e0ed,1991,Toyota,4runner,SR5,0,1944,3,C,only vintage/non-standard sizes: 31X10.50R15,vintage_tire_size,31X10.50R15,6x139.7,15
e0eb65c2-6fd2-4c01-ae7e-a301fd0f15ce,1992,Toyota,4runner,SR5,0,1944,3,C,only vintage/non-standard sizes: 31X10.50R15,vintage_tire_size,31X10.50R15,6x139.7,15
0a91115e-7542-4f7d-8286-e4b6c6922cd4,1993,Toyota,4runner,SR5,0,1944,3,C,only vintage/non-standard sizes: 31X10.50R15,vintage_tire_size,31X10.50R15,6x139.7,15
a49d5be6-46f5-4178-9ace-ef0f11087694,1994,Toyota,4runner,SR5,0,1944,3,C,only vintage/non-standard sizes: 31X10.50R15,vintage_tire_size,31X10.50R15,6x139.7,15
a8a7f848-ff55-4743-95ec-6ac45173b97c,1995,Toyota,4runner,SR5,0,1944,3,C,only vintage/non-standard sizes: 31X10.50R15,vintage_tire_size,31X10.50R15,6x139.7,15
8d7e71cf-af3d-4c54-958a-6f304de482d0,2008,Toyota,Highlander,Hybrid Limited,1,0,0,B,no wheel inventory for bolt/diameter,missing_inventory_wheels,245/55R19,5x114.3,19
b3c55400-78ef-4bc8-bf04-f2c89141adb4,2009,Toyota,Highlander,Hybrid Limited,1,0,0,B,no wheel inventory for bolt/diameter,missing_inventory_wheels,245/55R19,5x114.3,19
d5932214-39c6-434e-97c4-e516d78e7046,2010,Toyota,Highlander,Hybrid Limited,1,0,0,B,no wheel inventory for bolt/diameter,missing_inventory_wheels,245/55R19,5x114.3,19
b3d8dd18-98ca-4648-8191-0e475698c5dc,2011,Toyota,Highlander,Hybrid Limited,1,0,0,B,no wheel inventory for bolt/diameter,missing_inventory_wheels,245/55R19,5x114.3,19
1b946d36-2497-4939-a8f5-401781e4f782,2012,Toyota,Highlander,Hybrid Limited,1,0,0,B,no wheel inventory for bolt/diameter,missing_inventory_wheels,245/55R19,5x114.3,19
8c86c837-99a4-4424-9b5a-145ca9319081,2013,Toyota,Highlander,Hybrid Limited,1,0,0,B,no wheel inventory for bolt/diameter,missing_inventory_wheels,245/55R19,5x114.3,19
ca428f7a-13fa-4c0f-a97e-ea7cb521c343,2014,Toyota,Highlander,Hybrid Limited,1,0,0,B,no wheel inventory for bolt/diameter,missing_inventory_wheels,245/55R19,5x114.3,19
38a74fe3-e052-4bcd-bf0d-177244149827,2014,Toyota,Highlander,Limited Platinum,1,0,0,B,no wheel inventory for bolt/diameter,missing_inventory_wheels,245/55R19,5x114.3,19
b6fb50fc-7229-45b0-aec9-24ed9f168d5a,2014,Toyota,Highlander,Hybrid Platinum,1,0,0,B,no wheel inventory for bolt/diameter,missing_inventory_wheels,245/55R19,5x114.3,19
f3ff3e93-16c0-4f1f-9ce0-7643bd891b30,2014,Toyota,Highlander,Limited,1,0,0,B,no wheel inventory for bolt/diameter,missing_inventory_wheels,245/55R19,5x114.3,19
52814adc-c939-4269-91e0-c84a67fcb09a,2014,Toyota,Highlander,SE,1,0,0,B,no wheel inventory for bolt/diameter,missing_inventory_wheels,245/55R19,5x114.3,19
a0e4e9fa-5bcc-4ae4-a798-8706808cbe78,2015,Toyota,Highlander,Limited Platinum,1,0,0,B,no wheel inventory for bolt/diameter,missing_inventory_wheels,245/55R19,5x114.3,19
123b167c-383f-4339-ab1c-d29ee3210222,2015,Toyota,Highlander,Limited,1,0,0,B,no wheel inventory for bolt/diameter,missing_inventory_wheels,245/55R19,5x114.3,19
36a1dc55-fe8c-4533-8490-ed8bea0ba60f,2015,Toyota,Highlander,Hybrid Limited,1,0,0,B,no wheel inventory for bolt/diameter,missing_inventory_wheels,245/55R19,5x114.3,19
49c1ec45-1ebe-4b9c-a4ac-194c70a2ba4d,2015,Toyota,Highlander,SE,1,0,0,B,no wheel inventory for bolt/diameter,missing_inventory_wheels,245/55R19,5x114.3,19
ebf85c7b-5ab6-4624-855c-1a8b23d99632,2015,Toyota,Highlander,Hybrid Platinum,1,0,0,B,no wheel inventory for bolt/diameter,missing_inventory_wheels,245/55R19,5x114.3,19
d5f90eb4-c125-4da9-8956-13151da152b3,2016,Toyota,Highlander,Limited Platinum,1,0,0,B,no wheel inventory for bolt/diameter,missing_inventory_wheels,245/55R19,5x114.3,19
30e84396-a62b-4ebb-bcc4-44390b842408,2016,Toyota,Highlander,Hybrid Platinum,1,0,0,B,no wheel inventory for bolt/diameter,missing_inventory_wheels,245/55R19,5x114.3,19
2941bd7a-e02e-47f6-b341-b3778b141b96,2016,Toyota,Highlander,Limited,1,0,0,B,no wheel inventory for bolt/diameter,missing_inventory_wheels,245/55R19,5x114.3,19
c0e41b15-49b2-4a93-aff8-850d1978b9ed,2016,Toyota,Highlander,Hybrid Limited,1,0,0,B,no wheel inventory for bolt/diameter,missing_inventory_wheels,245/55R19,5x114.3,19
af59d1f3-25d9-4bbf-9856-f0cfd11ce982,2016,Toyota,Highlander,SE,1,0,0,B,no wheel inventory for bolt/diameter,missing_inventory_wheels,245/55R19,5x114.3,19
faf1e1cd-788c-4ac1-97a3-5ab28570984e,2017,Toyota,Highlander,Limited,1,0,0,B,no wheel inventory for bolt/diameter,missing_inventory_wheels,245/55R19,5x114.3,19
15be49dc-5cfa-40a1-b428-9e085e2ada56,2017,Toyota,Highlander,Limited Platinum,1,0,0,B,no wheel inventory for bolt/diameter,missing_inventory_wheels,245/55R19,5x114.3,19
0ad0e871-e011-4960-bf53-85cd6a0a2389,2017,Toyota,Highlander,Hybrid Platinum,1,0,0,B,no wheel inventory for bolt/diameter,missing_inventory_wheels,245/55R19,5x114.3,19
490b531e-4c0d-429c-aa72-0270e96b67b2,2017,Toyota,Highlander,SE,1,0,0,B,no wheel inventory for bolt/diameter,missing_inventory_wheels,245/55R19,5x114.3,19
28c790e8-1487-4bc5-bab8-27d7183d7e11,2017,Toyota,Highlander,Hybrid Limited,1,0,0,B,no wheel inventory for bolt/diameter,missing_inventory_wheels,245/55R19,5x114.3,19
c52ed899-1612-4245-9aa4-0f2fa79674ac,2019,Toyota,Highlander,SE,1,0,0,B,no wheel inventory for bolt/diameter,missing_inventory_wheels,245/55R19,5x114.3,19
eff5e2e4-e893-4fc4-9a8d-946e6ed363ab,2019,Toyota,Highlander,Limited,1,0,0,B,no wheel inventory for bolt/diameter,missing_inventory_wheels,245/55R19,5x114.3,19
3e9bab7a-cbd4-4302-8e1b-a828bcf080af,2019,Toyota,Highlander,Hybrid Limited,1,0,0,B,no wheel inventory for bolt/diameter,missing_inventory_wheels,245/55R19,5x114.3,19
a3c5a7f0-5b63-4880-981a-9a1be30a806d,2019,Toyota,Highlander,Hybrid Platinum,1,0,0,B,no wheel inventory for bolt/diameter,missing_inventory_wheels,245/55R19,5x114.3,19
2e8c3fed-1633-40b3-991b-582a3db69245,2019,Toyota,Highlander,Limited Platinum,1,0,0,B,no wheel inventory for bolt/diameter,missing_inventory_wheels,245/55R19,5x114.3,19
46bb33ba-d8b6-4c4d-8056-49c371a39d32,2025,Toyota,Prius,Limited AWD-e,1,0,0,B,no wheel inventory for bolt/diameter,missing_inventory_wheels,195/50R19,5x114.3,19
c37284e1-b262-4964-9049-e78587f3014b,2019,Toyota,RAV4,XSE Hybrid,1,0,0,B,no wheel inventory for bolt/diameter,missing_inventory_wheels,235/55R19,5x114.3,19
81c4def5-3914-46a1-be39-72007ee3d369,2019,Toyota,RAV4,Prime XSE,1,0,0,B,no wheel inventory for bolt/diameter,missing_inventory_wheels,235/55R19,5x114.3,19
04274c17-7431-4e75-9674-8418fe80137c,2019,Toyota,RAV4,Limited Hybrid,1,0,0,B,no wheel inventory for bolt/diameter,missing_inventory_wheels,235/55R19,5x114.3,19
359973b5-45f1-4fa4-9a0d-336ac4c4524d,2019,Toyota,RAV4,Prime SE,1,0,0,B,no wheel inventory for bolt/diameter,missing_inventory_wheels,235/55R19,5x114.3,19
dff4327f-1349-4b6b-81ff-63761052d3cd,2020,Toyota,RAV4,Prime XSE,1,0,0,B,no wheel inventory for bolt/diameter,missing_inventory_wheels,235/55R19,5x114.3,19
d734c2ea-afd0-481f-b016-e91b5fc794a9,2020,Toyota,RAV4,Limited Hybrid,1,0,0,B,no wheel inventory for bolt/diameter,missing_inventory_wheels,235/55R19,5x114.3,19
cef5d97f-de9e-4edf-9f8e-3750e5472c8d,2020,Toyota,RAV4,XSE Hybrid,1,0,0,B,no wheel inventory for bolt/diameter,missing_inventory_wheels,235/55R19,5x114.3,19
6c2de19e-d663-456f-8c8b-328b22249807,2020,Toyota,RAV4,Prime SE,1,0,0,B,no wheel inventory for bolt/diameter,missing_inventory_wheels,235/55R19,5x114.3,19
3dff997b-d852-42bd-9120-303f13d8f7f5,2021,Toyota,RAV4,Prime XSE,1,0,0,B,no wheel inventory for bolt/diameter,missing_inventory_wheels,235/55R19,5x114.3,19
1991095a-ddbe-4b4f-94b4-190b6d22f405,2021,Toyota,RAV4,Limited Hybrid,1,0,0,B,no wheel inventory for bolt/diameter,missing_inventory_wheels,235/55R19,5x114.3,19
59241765-a4f1-4d75-bc37-7b8c3d459b18,2021,Toyota,RAV4,XSE Hybrid,1,0,0,B,no wheel inventory for bolt/diameter,missing_inventory_wheels,235/55R19,5x114.3,19
fe155a1f-9804-4c88-861c-76dc6c219190,2022,Toyota,RAV4,XSE Hybrid,1,0,0,B,no wheel inventory for bolt/diameter,missing_inventory_wheels,235/55R19,5x114.3,19
b581fcd6-d773-4e6d-9d2a-9ab2d4c1b753,2022,Toyota,RAV4,Prime XSE,1,0,0,B,no wheel inventory for bolt/diameter,missing_inventory_wheels,235/55R19,5x114.3,19
bcf02e22-8f5f-4a95-8d90-d3c3938f4713,2022,Toyota,RAV4,Limited Hybrid,1,0,0,B,no wheel inventory for bolt/diameter,missing_inventory_wheels,235/55R19,5x114.3,19
1890adb6-046d-4fc9-8b3b-99ff88b1655e,2023,Toyota,RAV4,XSE Hybrid,1,0,0,B,no wheel inventory for bolt/diameter,missing_inventory_wheels,235/55R19,5x114.3,19
08d68315-4627-4183-975b-8d00a04ae838,2023,Toyota,RAV4,Prime XSE,1,0,0,B,no wheel inventory for bolt/diameter,missing_inventory_wheels,235/55R19,5x114.3,19
b0524083-4a04-4584-ae39-b022b37e5cec,2023,Toyota,RAV4,Limited Hybrid,1,0,0,B,no wheel inventory for bolt/diameter,missing_inventory_wheels,235/55R19,5x114.3,19
7d9582d4-5991-48d0-aeff-728b0788ccf2,2024,Toyota,RAV4,XSE Hybrid,1,0,0,B,no wheel inventory for bolt/diameter,missing_inventory_wheels,235/55R19,5x114.3,19
1761cdc1-5a2b-4d02-aa67-8ec627625b3d,2024,Toyota,RAV4,Prime XSE,1,0,0,B,no wheel inventory for bolt/diameter,missing_inventory_wheels,235/55R19,5x114.3,19
da2b6bda-1c71-416d-874a-a877a858053a,2024,Toyota,RAV4,Limited Hybrid,1,0,0,B,no wheel inventory for bolt/diameter,missing_inventory_wheels,235/55R19,5x114.3,19
fb10fa99-a04c-4040-a561-cd2b5a75d36c,2025,Toyota,RAV4,Limited Hybrid,1,0,0,B,no wheel inventory for bolt/diameter,missing_inventory_wheels,235/55R19,5x114.3,19
cbc2f727-dab6-40ec-96ca-053260e19476,2025,Toyota,RAV4,XSE Hybrid,1,0,0,B,no wheel inventory for bolt/diameter,missing_inventory_wheels,235/55R19,5x114.3,19
f6bd79c8-111b-437d-b39e-767612f649c6,2025,Toyota,RAV4,Prime XSE,1,0,0,B,no wheel inventory for bolt/diameter,missing_inventory_wheels,235/55R19,5x114.3,19
fa8e5321-89f0-4976-b93b-a9acf9be601d,2026,Toyota,RAV4,XSE Hybrid,1,0,0,B,no wheel inventory for bolt/diameter,missing_inventory_wheels,235/50R20|235/55R19|235/60R18|235/65R17|235/65R18,5x114.3,19
e547ba52-6bee-4e15-a154-ac6911ecb7b9,2026,Toyota,RAV4,Limited Hybrid,1,0,0,B,no wheel inventory for bolt/diameter,missing_inventory_wheels,235/50R20|235/55R19|235/60R18|235/65R17|235/65R18,5x114.3,19
ecfaa5f5-3250-4111-a5aa-d942e18c8ea4,2026,Toyota,RAV4,Prime XSE,1,0,0,B,no wheel inventory for bolt/diameter,missing_inventory_wheels,235/50R20|235/55R19|235/60R18|235/65R17|235/65R18,5x114.3,19
05854c1f-ac88-4a86-a6da-c63762ea888d,2025,Toyota,RAV4 Hybrid,XLE Premium,1,0,0,B,no wheel inventory for bolt/diameter,missing_inventory_wheels,235/55R19,5x114.3,19
7cae068d-0522-422f-955e-ce8fbb5a15d6,2025,Toyota,RAV4 Hybrid,Limited,1,0,0,B,no wheel inventory for bolt/diameter,missing_inventory_wheels,235/55R19,5x114.3,19
8eb171b9-ac58-4401-a160-792d7bef006e,2016,Toyota,Sienna,SE,1,0,0,B,no wheel inventory for bolt/diameter,missing_inventory_wheels,235/50R19,5x114.3,19
bb802a79-8d77-44f4-bf92-949a76ceead5,2019,Toyota,Sienna,SE,1,0,0,B,no wheel inventory for bolt/diameter,missing_inventory_wheels,235/50R19,5x114.3,19
36675624-7637-4fb5-81c1-e8e7daf8119c,2020,Toyota,Sienna,SE,1,0,0,B,no wheel inventory for bolt/diameter,missing_inventory_wheels,235/50R19,5x114.3,19
22bfdf65-72d1-47c7-9a04-71ff9be63531,2019,Toyota,camry,XSE,1,0,0,B,no wheel inventory for bolt/diameter,missing_inventory_wheels,235/40R19,5x114.3,19
1a34c3ff-acd8-42dd-be07-611f90608fce,2019,Toyota,camry,TRD,1,0,0,B,no wheel inventory for bolt/diameter,missing_inventory_wheels,235/40R19,5x114.3,19
0ae9262e-2e54-4b41-88a5-89643297fdc8,2020,Toyota,camry,TRD,1,0,0,B,no wheel inventory for bolt/diameter,missing_inventory_wheels,235/40R19,5x114.3,19
9a434047-d21c-4487-a3ce-e791e1c3cc3b,2020,Toyota,camry,XSE,1,0,0,B,no wheel inventory for bolt/diameter,missing_inventory_wheels,235/40R19,5x114.3,19
5ce126cb-aec0-4e98-9f3a-469b00d658bf,2021,Toyota,camry,TRD,1,0,0,B,no wheel inventory for bolt/diameter,missing_inventory_wheels,235/40R19,5x114.3,19
66d9be2e-1216-4fff-b166-b3449b97ee74,2021,Toyota,camry,XSE,1,0,0,B,no wheel inventory for bolt/diameter,missing_inventory_wheels,235/40R19,5x114.3,19
e086fb94-fd80-4aed-9391-8bb17899ac30,2022,Toyota,camry,TRD,1,0,0,B,no wheel inventory for bolt/diameter,missing_inventory_wheels,235/40R19,5x114.3,19
62fa78c5-38ac-4dac-b595-cf06dd722884,2022,Toyota,camry,XSE,1,0,0,B,no wheel inventory for bolt/diameter,missing_inventory_wheels,235/40R19,5x114.3,19
61c0a383-1617-41d5-8616-14c4f78848e0,2023,Toyota,camry,XSE,1,0,0,B,no wheel inventory for bolt/diameter,missing_inventory_wheels,235/40R19,5x114.3,19
8800cfa0-df0f-4735-855d-67d14537aa48,2023,Toyota,camry,TRD,1,0,0,B,no wheel inventory for bolt/diameter,missing_inventory_wheels,235/40R19,5x114.3,19
c516cda2-42c1-46fd-9799-006ee236c1ef,2024,Toyota,camry,TRD,1,0,0,B,no wheel inventory for bolt/diameter,missing_inventory_wheels,235/40R19,5x114.3,19
ffe45df4-1d91-4d83-a3f4-943de8c66b14,2024,Toyota,camry,XSE,1,0,0,B,no wheel inventory for bolt/diameter,missing_inventory_wheels,235/40R19,5x114.3,19
da33fb95-fd8c-4c99-9132-8d4fe5e0a6f5,2025,Toyota,camry,XSE,1,0,0,B,no wheel inventory for bolt/diameter,missing_inventory_wheels,235/40R19,5x114.3,19
3f8a1ff6-e6da-43bf-addc-6727aba54ed4,2025,Toyota,camry,TRD,1,0,0,B,no wheel inventory for bolt/diameter,missing_inventory_wheels,235/40R19,5x114.3,19
49a4aec2-9156-432b-acc2-d3043bcd5cba,2026,Toyota,camry,XSE,1,0,0,B,no wheel inventory for bolt/diameter,missing_inventory_wheels,235/40R19,5x114.3,19
bd5c819f-ee6c-464c-a649-7b91d6000432,2026,Toyota,camry,TRD,1,0,0,B,no wheel inventory for bolt/diameter,missing_inventory_wheels,235/40R19,5x114.3,19
01de5a07-6259-402a-98fa-6261db9b7ff9,2014,Toyota,fj-cruiser,Trail Teams,1,2092,0,A,tires+wheels OK but no packages,package_generation_gap,265/70R17|285/70R17,6x139.7,16|17|20
fe9e302a-5adc-4dcd-9716-5b43ddc49510,2014,Toyota,fj-cruiser,Base,1,2092,0,A,tires+wheels OK but no packages,package_generation_gap,265/70R17|285/70R17,6x139.7,16|17|20
38a2425c-21bd-449f-bdc0-a5c3460995a7,2014,Toyota,fj-cruiser,"Base, Trail Teams",1,2092,0,A,tires+wheels OK but no packages,package_generation_gap,265/70R17|285/70R17,6x139.7,16|17|20
74b4994f-cd43-48a8-962d-141ed85531c2,2023,Toyota,gr86,Premium,1,0,0,B,no wheel inventory for bolt/diameter,missing_inventory_wheels,215/40ZR18|215/45ZR17,5x100,17|18
b554fc46-f72a-47eb-a3a7-9f15b6e6466e,2024,Toyota,gr86,Premium,1,0,0,B,no wheel inventory for bolt/diameter,missing_inventory_wheels,215/40ZR18|215/45ZR17,5x100,17|18
345a5ba1-5ba1-4654-8233-7271ecb0dcae,2016,Toyota,mirai,Base,1,0,0,B,no wheel inventory for bolt/diameter,missing_inventory_wheels,235/50R19,5x114.3,19
8a3f19a1-0b16-4837-8f0c-4b2209264c5f,2017,Toyota,mirai,Base,1,0,0,B,no wheel inventory for bolt/diameter,missing_inventory_wheels,235/50R19,5x114.3,19
10aefdb4-9187-4ec0-8323-875d18625333,2019,Toyota,mirai,Base,1,0,0,B,no wheel inventory for bolt/diameter,missing_inventory_wheels,235/50R19,5x114.3,19
821c3feb-c329-41a1-8dab-cc1e22a10f48,2020,Toyota,mirai,Base,1,0,0,B,no wheel inventory for bolt/diameter,missing_inventory_wheels,235/50R19,5x114.3,19
c0da29e9-cc69-49d6-b0d6-f942998f7996,2021,Toyota,mirai,Base,1,0,0,B,no wheel inventory for bolt/diameter,missing_inventory_wheels,235/50R19|235/55R19,5x114.3,19
9b11b927-7044-437e-9169-8a5e1cb78aff,2022,Toyota,mirai,Base,1,0,0,B,no wheel inventory for bolt/diameter,missing_inventory_wheels,235/50R19|235/55R19,5x114.3,19
6050b55f-4414-475a-b144-4271a4acd709,2023,Toyota,mirai,Base,1,0,0,B,no wheel inventory for bolt/diameter,missing_inventory_wheels,235/50R19|235/55R19,5x114.3,19
661bcbb5-8fa0-4b1f-ab1d-b7deb3edfdf4,2024,Toyota,mirai,Base,1,0,0,B,no wheel inventory for bolt/diameter,missing_inventory_wheels,235/50R19|235/55R19,5x114.3,19
731d14d8-8880-4eb6-a867-e4189f11c289,2025,Toyota,mirai,Base,1,0,0,B,no wheel inventory for bolt/diameter,missing_inventory_wheels,235/50R19|235/55R19,5x114.3,19
7d821adc-9acb-43c3-aaad-1c70fac8c4c3,2026,Toyota,mirai,Base,1,0,0,B,no wheel inventory for bolt/diameter,missing_inventory_wheels,235/50R19|235/55R19,5x114.3,19
48978bf4-f538-4513-95ef-a8edeb6489ed,2025,Toyota,prius,Limited,1,0,0,B,no wheel inventory for bolt/diameter,missing_inventory_wheels,195/50R19,5x114.3,19
863aac69-e94a-4365-aada-f9a0c361e66c,2019,Toyota,rav4,Limited,1,0,0,B,no wheel inventory for bolt/diameter,missing_inventory_wheels,235/55R19,5x114.3,19
06392cf1-7888-4ce7-a543-bda97f280149,2019,Toyota,rav4,XSE,1,0,0,B,no wheel inventory for bolt/diameter,missing_inventory_wheels,235/55R19,5x114.3,19
1194ea16-7f1f-4537-92e4-8389a673323d,2020,Toyota,rav4,Limited,1,0,0,B,no wheel inventory for bolt/diameter,missing_inventory_wheels,235/55R19,5x114.3,19
4f7a2e13-58bd-4664-b2a2-ecb02e69a175,2020,Toyota,rav4,XSE,1,0,0,B,no wheel inventory for bolt/diameter,missing_inventory_wheels,235/55R19,5x114.3,19
fb4e4b14-40b0-4be3-b6b6-3e1977b34465,2021,Toyota,rav4,Limited,1,0,0,B,no wheel inventory for bolt/diameter,missing_inventory_wheels,235/55R19,5x114.3,19
e62480e1-5d52-4b56-9c00-c7c92ebb6f0d,2021,Toyota,rav4,XSE,1,0,0,B,no wheel inventory for bolt/diameter,missing_inventory_wheels,235/55R19,5x114.3,19
c2d2d62a-4914-4d12-9ff6-5f0f038ae288,2022,Toyota,rav4,Limited,1,0,0,B,no wheel inventory for bolt/diameter,missing_inventory_wheels,235/55R19,5x114.3,19
98c41349-5333-4b95-8107-70b9fa0dc588,2022,Toyota,rav4,XSE,1,0,0,B,no wheel inventory for bolt/diameter,missing_inventory_wheels,235/55R19,5x114.3,19
d13a1990-6a86-40b8-9e9c-d89bc581361a,2023,Toyota,rav4,Limited,1,0,0,B,no wheel inventory for bolt/diameter,missing_inventory_wheels,235/55R19,5x114.3,19
da2b8e4f-33ad-430f-ac8f-2b148d1c29e7,2023,Toyota,rav4,XSE,1,0,0,B,no wheel inventory for bolt/diameter,missing_inventory_wheels,235/55R19,5x114.3,19
10439e8c-5776-4e13-9877-4f7c113c156c,2024,Toyota,rav4,XSE,1,0,0,B,no wheel inventory for bolt/diameter,missing_inventory_wheels,235/55R19,5x114.3,19
d5ac4a2b-0759-46d2-a7c1-00451db8959a,2024,Toyota,rav4,Limited,1,0,0,B,no wheel inventory for bolt/diameter,missing_inventory_wheels,235/55R19,5x114.3,19
b23841d2-ba58-4da5-8f8d-7d43b64e4cce,2025,Toyota,rav4,XSE,1,0,0,B,no wheel inventory for bolt/diameter,missing_inventory_wheels,235/55R19,5x114.3,19
d6c1cc3f-3f0f-4ddd-8077-4a0b40e93da3,2025,Toyota,rav4,Limited,1,0,0,B,no wheel inventory for bolt/diameter,missing_inventory_wheels,235/55R19,5x114.3,19
afab388c-223f-4ac8-9d88-7fbad11a5847,2011,Toyota,sienna,SE,1,0,0,B,no wheel inventory for bolt/diameter,missing_inventory_wheels,235/50R19,5x114.3,19
8d267161-0fe9-47f6-bf7f-91d6e359185e,2012,Toyota,sienna,SE,1,0,0,B,no wheel inventory for bolt/diameter,missing_inventory_wheels,235/50R19,5x114.3,19
3cee8a42-1178-4391-90a4-d8e5286972bd,2013,Toyota,sienna,SE,1,0,0,B,no wheel inventory for bolt/diameter,missing_inventory_wheels,235/50R19,5x114.3,19
21fb50d7-1754-483e-a18d-e0ae482e88eb,2019,Toyota,supra,Base,1,0,0,B,no wheel inventory for bolt/diameter,missing_inventory_wheels,255/35R19|275/35R19,5x114.3,19
1bf95951-ced2-4569-b5ca-44df2d350d62,2020,Toyota,supra,Base,1,0,0,B,no wheel inventory for bolt/diameter,missing_inventory_wheels,255/35R19|275/35R19,5x114.3,19
d93947cd-32f9-4b2e-b728-623536f3ef54,2018,Toyota Minivans,Sienna,Limited (AWD),0,1053,2,C,only vintage/non-standard sizes: 235/55RF18,vintage_tire_size,235/55RF18,5x114.3,
c9720a0d-21e0-44a7-a15b-1f108fa2f5af,2018,Toyota Minivans,Sienna,XLE Premium (AWD),0,1053,2,C,only vintage/non-standard sizes: 235/55RF18,vintage_tire_size,235/55RF18,5x114.3,
1745bdbb-fa1e-4977-ba67-5b7302b93c7f,2018,Toyota Minivans,Sienna,XLE (AWD),0,1053,2,C,only vintage/non-standard sizes: 235/55RF18,vintage_tire_size,235/55RF18,5x114.3,
2e2ad941-f086-4cb9-967d-53d996c5ec96,2018,Toyota Minivans,Sienna,Limited Premium (AWD),0,1053,2,C,only vintage/non-standard sizes: 235/55RF18,vintage_tire_size,235/55RF18,5x114.3,
474d095a-655f-43a7-aab0-1af93e10de6d,2018,Toyota Minivans,Sienna,LE (AWD),0,1053,2,C,only vintage/non-standard sizes: 235/55RF18,vintage_tire_size,235/55RF18,5x114.3,
f0da71ad-0974-477e-bf82-e42ab5507622,2017,Volkswagen,arteon,Base,1,0,0,B,no wheel inventory for bolt/diameter,missing_inventory_wheels,245/45R18|255/35R20|255/40R19,5x112,18|19|20
d60fcbb1-7727-4e1f-a77a-033f7a326785,2019,Volkswagen,arteon,2.0 TSI,1,0,0,B,no wheel inventory for bolt/diameter,missing_inventory_wheels,245/35ZR20|245/40ZR19|245/45ZR18,5x112,18|19|20
2581e6bc-0b8c-403d-9180-b21907d3886a,2020,Volkswagen,arteon,Base,1,0,0,B,no wheel inventory for bolt/diameter,missing_inventory_wheels,245/35R20|245/40R19|245/45R18,5x112,18|19|20
7836c7f3-f9b3-4602-a871-fef05f441497,2021,Volkswagen,arteon,Base,1,0,0,B,no wheel inventory for bolt/diameter,missing_inventory_wheels,245/35R20|245/40R19|245/45R18,5x112,18|19|20
f29f4270-c8a0-4352-a66c-080a0a49a6aa,2022,Volkswagen,arteon,Base,1,0,0,B,no wheel inventory for bolt/diameter,missing_inventory_wheels,245/35R20|245/40R19|245/45R18,5x112,18|19|20
d51f7966-a5c5-4996-aaf0-e4734c5b2b08,2023,Volkswagen,arteon,Base,1,0,0,B,no wheel inventory for bolt/diameter,missing_inventory_wheels,245/35R20|245/40R19|245/45R18,5x112,18|19|20
3910964c-c791-4652-b8fb-ac36517cb530,2024,Volkswagen,arteon,Base,1,0,0,B,no wheel inventory for bolt/diameter,missing_inventory_wheels,245/35R20|245/40R19|245/45R18,5x112,18|19|20
76abf83f-044e-4f87-9562-567b879811a6,2025,Volkswagen,arteon,Base,1,0,0,B,no wheel inventory for bolt/diameter,missing_inventory_wheels,245/35R20|245/40R19|245/45R18,5x112,18|19|20
4ce4ade6-326c-4315-ab70-00167959b68c,2023,Volkswagen,arteon-sr,Base,1,0,0,B,no wheel inventory for bolt/diameter,missing_inventory_wheels,225/45R18,5x112,18|19|20
972b1310-d7ed-474b-a044-daafcf442fc1,2024,Volkswagen,arteon-sr,Base,1,0,0,B,no wheel inventory for bolt/diameter,missing_inventory_wheels,225/45R18,5x112,18|19|20
dd917b1b-6f62-4ace-87c8-e0d40ee624f0,2025,Volkswagen,arteon-sr,Base,1,0,0,B,no wheel inventory for bolt/diameter,missing_inventory_wheels,225/45R18,5x112,18|19|20
124606c0-12dc-4328-8f47-64517da23899,2021,Volkswagen,atlas,SEL,1,0,0,B,no wheel inventory for bolt/diameter,missing_inventory_wheels,245/60R18|245/65R17|255/50R20|255/55R19|265/45R21,5x112,17|18|19|20|21
a7f7db90-de4d-4116-96e0-e0442756300f,2021,Volkswagen,atlas,"S, SE, SE w/Tech, SEL, SEL Premium, Cross Sport",1,0,0,B,no wheel inventory for bolt/diameter,missing_inventory_wheels,245/60R18|245/65R17|255/50R20|255/55R19|265/45R21,5x112,17|18|19|20|21
15c58bc7-e723-4e01-819e-3fe84f8a3a29,2021,Volkswagen,atlas,S,1,0,0,B,no wheel inventory for bolt/diameter,missing_inventory_wheels,245/60R18|245/65R17|255/50R20|255/55R19|265/45R21,5x112,17|18|19|20|21
c706398f-c5cb-4400-8ec5-432d29ee303c,2021,Volkswagen,atlas,SEL Premium,1,0,0,B,no wheel inventory for bolt/diameter,missing_inventory_wheels,245/60R18|245/65R17|255/50R20|255/55R19|265/45R21,5x112,17|18|19|20|21
c1daf9a8-f422-4d81-a917-32c0b83938bd,2021,Volkswagen,atlas,Cross Sport,1,0,0,B,no wheel inventory for bolt/diameter,missing_inventory_wheels,245/60R18|245/65R17|255/50R20|255/55R19|265/45R21,5x112,17|18|19|20|21
2fe7768a-3796-4a9e-b624-3390d38640f0,2021,Volkswagen,atlas,SE w/Tech,1,0,0,B,no wheel inventory for bolt/diameter,missing_inventory_wheels,245/60R18|245/65R17|255/50R20|255/55R19|265/45R21,5x112,17|18|19|20|21
ad8b7a39-511c-45c6-a34f-804efc69b320,2021,Volkswagen,atlas,SE,1,0,0,B,no wheel inventory for bolt/diameter,missing_inventory_wheels,245/60R18|245/65R17|255/50R20|255/55R19|265/45R21,5x112,17|18|19|20|21
c296eb9f-c2ca-4afa-b9bd-b39f771e9872,2000,Volkswagen,eurovan,Base,1,670,0,A,tires+wheels OK but no packages,package_generation_gap,185/65R14|205/65R15,5x112,14|15|16
8d7a7b2f-12b5-4684-8426-59a27b89a5f5,2001,Volkswagen,eurovan,Base,1,670,0,A,tires+wheels OK but no packages,package_generation_gap,185/65R14|225/60R16,5x112,14|15|16
5a204cd9-301b-49ac-8a40-24b9e5703ea9,2002,Volkswagen,eurovan,Base,1,670,0,A,tires+wheels OK but no packages,package_generation_gap,185/65R14|225/60R16,5x112,14|15|16
150290ee-d9c5-4d24-8971-31b293a5ddb5,2003,Volkswagen,eurovan,Base,1,670,0,A,tires+wheels OK but no packages,package_generation_gap,185/65R14|225/60R16,5x112,14|15|16
6e6e6d22-eb56-48b1-8f1d-028b410ffcad,2004,Volkswagen,eurovan,Base,1,670,0,A,tires+wheels OK but no packages,package_generation_gap,185/65R14,5x112,14|15|16
a841c5c9-40e0-4b02-a6c9-d4af89059234,2008,Volkswagen,routan,Base,1,0,0,B,no wheel inventory for bolt/diameter,missing_inventory_wheels,225/65R16|225/65R17,5x127,16|17
f2b8396f-b668-40c5-b6de-3f1b043830db,2009,Volkswagen,routan,Base,1,0,0,B,no wheel inventory for bolt/diameter,missing_inventory_wheels,225/65R16|225/65R17,5x127,16|17
808a6c8f-2992-40dc-bee1-1bfc767edb14,2010,Volkswagen,routan,Base,1,0,0,B,no wheel inventory for bolt/diameter,missing_inventory_wheels,225/65R16|225/65R17,5x127,16|17
2de6b2de-4480-4a80-85d0-a8ff7a422c37,2011,Volkswagen,routan,Base,1,0,0,B,no wheel inventory for bolt/diameter,missing_inventory_wheels,225/65R16|225/65R17,5x127,16|17
ccdb502a-580c-4491-96f1-006fa87516dc,2012,Volkswagen,routan,Base,1,0,0,B,no wheel inventory for bolt/diameter,missing_inventory_wheels,225/65R16|225/65R17,5x127,16|17
5eb914e4-775a-4b0d-ab01-ae46c97d0672,2013,Volkswagen,routan,Base,1,0,0,B,no wheel inventory for bolt/diameter,missing_inventory_wheels,225/65R16|225/65R17,5x127,16|17
dc7be3c7-ac92-4c42-9420-8f60caed76b6,2014,Volkswagen,routan,Base,1,0,0,B,no wheel inventory for bolt/diameter,missing_inventory_wheels,225/65R16|225/65R17,5x127,16|17
d68a7a3c-d116-46f3-a7b3-aed20e974f7c,2005,Volkswagen,touareg,Base,1,0,0,B,no wheel inventory for bolt/diameter,missing_inventory_wheels,235/65R17|255/55R18|275/45R19|285/35R21|285/40R20,5x112,17|18|19|20|21
8ff8ad73-6fff-4691-9090-7ff80eb4b236,2006,Volkswagen,touareg,Base,1,0,0,B,no wheel inventory for bolt/diameter,missing_inventory_wheels,235/65R17|255/55R18|275/45R19|285/35R21|285/40R20,5x112,17|18|19|20|21
a868feea-79b0-4598-ad29-8852dddca95d,2003,Volvo,xc90,"Momentum, R-Design, Inscription, Polestar Engineered",1,0,0,B,no wheel inventory for bolt/diameter,missing_inventory_wheels,235/60R18|255/50R19,5x108,18|19
d3574e40-e8fb-4e7b-a99b-73beb2d8deea,2003,Volvo,xc90,Momentum,1,0,0,B,no wheel inventory for bolt/diameter,missing_inventory_wheels,235/60R18|255/50R19,5x108,18|19
0f5fe9b3-da32-44de-b415-a3cb2fc276f5,2003,Volvo,xc90,R-Design,1,0,0,B,no wheel inventory for bolt/diameter,missing_inventory_wheels,235/60R18|255/50R19,5x108,18|19
2b3e58a3-48f6-4093-baf7-b59f6df1a544,2003,Volvo,xc90,Polestar Engineered,1,0,0,B,no wheel inventory for bolt/diameter,missing_inventory_wheels,235/60R18|255/50R19,5x108,18|19
9633e5c8-e8d1-4dfc-9239-fcf3617fb43b,2003,Volvo,xc90,Inscription,1,0,0,B,no wheel inventory for bolt/diameter,missing_inventory_wheels,235/60R18|255/50R19,5x108,18|19
0add86a8-8a7e-40b6-b4f7-466467e41495,2004,Volvo,xc90,R-Design,1,0,0,B,no wheel inventory for bolt/diameter,missing_inventory_wheels,235/60R18|255/50R19,5x108,18|19
f012418c-0870-4c15-ab0c-3bd8cd263178,2004,Volvo,xc90,"Momentum, R-Design, Inscription, Polestar Engineered",1,0,0,B,no wheel inventory for bolt/diameter,missing_inventory_wheels,235/60R18|255/50R19,5x108,18|19
29622939-ef01-407b-8e10-7841ef68bf1f,2004,Volvo,xc90,Inscription,1,0,0,B,no wheel inventory for bolt/diameter,missing_inventory_wheels,235/60R18|255/50R19,5x108,18|19
58ba36cd-7e3e-4b60-80ff-455a177189cf,2004,Volvo,xc90,Momentum,1,0,0,B,no wheel inventory for bolt/diameter,missing_inventory_wheels,235/60R18|255/50R19,5x108,18|19
6ea75202-0167-463b-b8eb-b3760eec1eef,2004,Volvo,xc90,Polestar Engineered,1,0,0,B,no wheel inventory for bolt/diameter,missing_inventory_wheels,235/60R18|255/50R19,5x108,18|19
a335ab4c-d5a3-44db-ae67-e858bc66c5bb,2022,chevrolet,silverado 2500 hd,LTZ,1,0,0,B,no wheel inventory for bolt/diameter,missing_inventory_wheels,LT275/70R18,8x180,18
fcb376f9-bf39-454a-9be6-c681bd57f5f0,2022,chevrolet,silverado 2500 hd,ZR2,1,0,0,B,no wheel inventory for bolt/diameter,missing_inventory_wheels,LT305/70R18,8x180,18
1f5d2342-f298-450e-8047-60337f30e5f5,2022,chevrolet,silverado 2500 hd,ZR2 Bison,1,0,0,B,no wheel inventory for bolt/diameter,missing_inventory_wheels,LT305/70R18,8x180,18
d2176fb7-6b49-4aac-8771-6a50cb9566b8,2023,chevrolet,silverado 2500 hd,ZR2 Bison,1,0,0,B,no wheel inventory for bolt/diameter,missing_inventory_wheels,LT305/70R18,8x180,18
fac955fb-d299-49fc-9b2b-3c9103426da8,2023,chevrolet,silverado 2500 hd,ZR2,1,0,0,B,no wheel inventory for bolt/diameter,missing_inventory_wheels,LT305/70R18,8x180,18
3b74cb8b-9cc9-419c-ac3d-a3540401fbc7,2023,chevrolet,silverado 2500 hd,LTZ,1,0,0,B,no wheel inventory for bolt/diameter,missing_inventory_wheels,LT275/70R18,8x180,18
d3341c4e-e39e-4950-9bfb-c111cfa44015,2024,chevrolet,silverado 2500 hd,ZR2,1,0,0,B,no wheel inventory for bolt/diameter,missing_inventory_wheels,LT305/70R18,8x180,18
c0f77173-3ef4-4d8f-905f-2966bcfb62a6,2024,chevrolet,silverado 2500 hd,LTZ,1,0,0,B,no wheel inventory for bolt/diameter,missing_inventory_wheels,LT275/70R18,8x180,18
2834f1f1-6881-4517-b99b-5c6cec0f8a00,2024,chevrolet,silverado 2500 hd,ZR2 Bison,1,0,0,B,no wheel inventory for bolt/diameter,missing_inventory_wheels,LT305/70R18,8x180,18
eb49a6df-1b30-49f5-a1be-d49bf362ea07,2022,ford,f-150 lightning,Pro,1,0,0,B,no wheel inventory for bolt/diameter,missing_inventory_wheels,275/50R22|275/60R20|275/65R18,6x135,18
d00902eb-4090-4db0-972c-732d9af205a2,2023,ford,f-150 lightning,Pro,1,0,0,B,no wheel inventory for bolt/diameter,missing_inventory_wheels,275/50R22|275/60R20|275/65R18,6x135,18
fad962fc-3c49-44ab-a983-3a44d9c2b67b,2024,ford,f-150 lightning,Pro,1,0,0,B,no wheel inventory for bolt/diameter,missing_inventory_wheels,275/65R18,6x135,18
a2ad761e-848d-47f6-967f-8a0abc1c5d3f,2024,ford,f-150 lightning,Pro,1,0,0,B,no wheel inventory for bolt/diameter,missing_inventory_wheels,275/65R18,6x135,18
556ef8ca-0d42-47ae-b7d6-3061593ec70b,2024,kia,ev6,Light,1,0,0,B,no wheel inventory for bolt/diameter,missing_inventory_wheels,235/55R19,5x114.3,19
a5cf8296-f6e5-4e47-afda-e4a26b953638,2024,kia,ev6,GT-Line (RWD),1,0,0,B,no wheel inventory for bolt/diameter,missing_inventory_wheels,235/55R19,5x114.3,19
407d259d-0253-4318-b864-c15eb4fa7d80,2024,kia,ev6,GT,1,0,0,B,no wheel inventory for bolt/diameter,missing_inventory_wheels,255/40R21,5x114.3,21
1cb52096-cd3d-417f-a1e9-65f7ddd3e3e0,2024,kia,ev6,Wind,1,0,0,B,no wheel inventory for bolt/diameter,missing_inventory_wheels,235/55R19,5x114.3,19
9079e7d3-a7ab-48e2-915e-d42141c89745,2024,tesla,model 3,Base,1,0,0,B,no wheel inventory for bolt/diameter,missing_inventory_wheels,235/40R19,5x114.3,19
f74c88d9-bb6d-4852-9ae8-5dfdb46743f8,2024,tesla,model y,Long Range,1,0,0,B,no wheel inventory for bolt/diameter,missing_inventory_wheels,255/45R19,5x114.3,19
368083e1-6f5f-459b-8378-4ad4779c6fc8,2024,tesla,model y,Performance,1,0,0,B,no wheel inventory for bolt/diameter,missing_inventory_wheels,255/35R21|275/35R21,5x114.3,21