id,year,make,model,display_trim,raw_trim,modification_id,bolt_pattern,center_bore_mm,thread_size,offset_min_mm,offset_max_mm,oem_wheel_sizes,oem_tire_sizes,source,quality_tier,created_at
68777174-d2e7-4309-b3bd-429a585314ba,2018,Acura,ILX,Base,Base,af83dc82581f3fe0,5x114.3,64.1,M12x1.50,45.00,45.00,"[""7x17""]","[""P215/45R17""]",tgp_solutions,unknown,"""2026-05-07T21:45:59.143Z"""
ec26e7a5-664d-4e51-87a4-84c83b2f657c,2018,Acura,ILX,Special Edition,Special Edition,21f85762c377a3ef,5x114.3,64.1,M12x1.50,45.00,45.00,"[""7.5x18""]","[""225/40R18""]",tgp_solutions,unknown,"""2026-05-07T21:45:59.143Z"""
1158eb70-6910-41c1-9155-4b7e1cdd3d1e,2018,Acura,ILX,w/A-Spec Pkg.,w/A-Spec Pkg.,bf2269316e18d724,5x114.3,64.1,M12x1.50,45.00,45.00,"[""7.5x18""]","[""225/40R18""]",tgp_solutions,unknown,"""2026-05-07T21:45:59.143Z"""
67d05e52-6271-4683-8633-fcd9008d662f,2018,Acura,MDX,Base,Base,ead67a74e1662cec,5x120,64.1,M14x1.50,45.00,45.00,"[""8x18"",""8x20""]","[""245/50R20"",""245/60R18""]",tgp_solutions,unknown,"""2026-05-07T21:45:59.143Z"""
5e3c3ec3-c496-4846-a467-c661cf26f3a9,2018,Acura,MDX,SH-AWD,SH-AWD,d4904db166374c5d,5x120,64.1,M14x1.50,45.00,45.00,"[""8x18"",""8x20""]","[""245/50R20"",""245/60R18""]",tgp_solutions,unknown,"""2026-05-07T21:45:59.143Z"""
cf0a7ed0-7d5f-434d-bec6-8d93a990157b,2018,Acura,MDX,Sport Hybrid SH-AWD,Sport Hybrid SH-AWD,29c32c170add09de,5x120,64.1,M14x1.50,45.00,45.00,"[""8x20""]","[""245/50R20""]",tgp_solutions,unknown,"""2026-05-07T21:45:59.143Z"""
0f842ac9-45c0-4187-b1dc-fc7ef4f58d7f,2018,Acura,NSX,Base Front Base,Base Front Base,8e33dac42581c52c,5x120,70.0,M14x1.50,55.00,55.00,"[""8.5x19""]","{""rear"":[],""front"":[""245/35ZR19""]}",deprecated-staggered-split,unknown,"""2026-05-07T21:45:59.143Z"""
dc3ce80f-5435-4d1a-bb93-84ed7e831cf2,2018,Acura,NSX,Base Rear Base,Base Rear Base,d1ed73643c2e6e3a,5x120,70.0,M14x1.50,55.00,55.00,"[""11x20""]","{""rear"":[""305/30ZR20""],""front"":[]}",deprecated-staggered-split,unknown,"""2026-05-07T21:45:59.143Z"""
5f8bf369-d00a-41e5-a174-3b1aad613b96,2018,Acura,RDX,Base,Base,d1b080ff83ee426e,5x114.3,64.1,M12x1.50,55.00,55.00,"[""7.5x18""]","[""P235/60R18""]",tgp_solutions,unknown,"""2026-05-07T21:45:59.143Z"""
427f533d-35f4-4719-a302-cf52e56cef1f,2018,Acura,RLX,Base,Base,f5acd41198eccff7,5x120,64.1,M14x1.50,55.00,55.00,"[""8x19""]","[""245/40R19""]",tgp_solutions,unknown,"""2026-05-07T21:45:59.143Z"""
8b9bbdcb-a566-4430-8914-c964e0c0bf19,2018,Acura,RLX,Sport Hybrid SH-AWD,Sport Hybrid SH-AWD,c2db970a163c74d6,5x120,64.1,M14x1.50,55.00,55.00,"[""8x19""]","[""245/40R19""]",tgp_solutions,unknown,"""2026-05-07T21:45:59.143Z"""
c01af34e-cd08-413c-bbf2-0b2127ed5fd9,2018,Acura,TLX,4 Cyl.,4 Cyl.,ceab338fc9b6cf4e,5x114.3,64.1,M12x1.50,50.00,50.00,"[""7.5x17""]","[""225/55R17""]",tgp_solutions,unknown,"""2026-05-07T21:45:59.143Z"""
ae599013-52d1-4ec9-a39e-9419f696d1be,2018,Acura,TLX,SH-AWD,SH-AWD,cc216a82c6f20bb5,5x114.3,64.1,M12x1.50,50.00,50.00,"[""7.5x18"",""8x19""]","[""225/50R18"",""245/40R19""]",tgp_solutions,unknown,"""2026-05-07T21:45:59.143Z"""
8e5bb961-81aa-45a9-955e-2b616bbf6ee8,2018,Acura,TLX,SH-AWD A-Spec,SH-AWD A-Spec,c2c399f49e2003f0,5x114.3,64.1,M12x1.50,50.00,50.00,"[""8x19""]","[""245/40R19""]",tgp_solutions,unknown,"""2026-05-07T21:45:59.143Z"""
176d376e-4567-4c1c-a249-6ec53846395d,2018,Acura,TLX,V6,V6,712d091306c1530b,5x114.3,64.1,M12x1.50,50.00,50.00,"[""7.5x18""]","[""225/50R18""]",tgp_solutions,unknown,"""2026-05-07T21:45:59.143Z"""
4e035628-8f15-420f-b3fb-338deac20503,2018,Alfa Romeo,4C,Base Front Base,Base Front Base,1b3ffcb2cf83d6bb,5x98,58.1,M12x1.25B,33.00,33.00,"[""7x17"",""7x18""]","{""rear"":[],""front"":[""205/40ZR18"",""205/45ZR17""]}",deprecated-staggered-split,unknown,"""2026-05-07T21:45:59.143Z"""
5625e847-7479-47ef-a4bd-d474494e58d7,2018,Alfa Romeo,4C,Base Rear Base,Base Rear Base,bed28b3afc086010,5x98,58.1,M12x1.25B,33.00,33.00,"[""8.5x19"",""8x18""]","{""rear"":[""235/35ZR19"",""235/40ZR18""],""front"":[]}",deprecated-staggered-split,unknown,"""2026-05-07T21:45:59.143Z"""
e3e6891a-4a7f-42a3-a9e9-239c23fc9139,2018,Alfa Romeo,4C,Spider Front Spider,Spider Front Spider,c04be3f8035f4a40,5x98,58.1,M12x1.25B,33.00,33.00,"[""7x17"",""7x18""]","{""rear"":[],""front"":[""205/40ZR18"",""205/45ZR17""]}",deprecated-staggered-split,unknown,"""2026-05-07T21:45:59.143Z"""
62bd94e2-e81a-4cf8-81da-0da389f58c3d,2018,Alfa Romeo,4C,Spider Rear Spider,Spider Rear Spider,dd0c88e2f4162cf9,5x98,58.1,M12x1.25B,33.00,33.00,"[""8.5x19"",""8x18""]","{""rear"":[""235/35ZR19"",""235/40ZR18""],""front"":[]}",deprecated-staggered-split,unknown,"""2026-05-07T21:45:59.143Z"""
b42b52eb-12b9-4770-9c82-e388e192d61c,2018,Alfa Romeo,Giulia,Base,Base,ed02b63cad5893db,5x110,65.1,M14x1.50B,40.00,40.00,"[""7.5x17"",""8x18""]","[""225/45R18"",""225/50R17""]",tgp_solutions,unknown,"""2026-05-07T21:45:59.143Z"""
56845fbd-3bde-4f7d-bc33-761928a51d13,2018,Alfa Romeo,Giulia,Quadrifoglio Front Quadrifoglio,Quadrifoglio Front Quadrifoglio,bdb0b70a74744938,5x110,65.1,M14x1.50B,35.00,35.00,"[""8.5x19""]","{""rear"":[],""front"":[""245/35ZR19""]}",deprecated-staggered-split,unknown,"""2026-05-07T21:45:59.143Z"""
1ed2d1a5-8cfe-4e69-baf0-b4c28d1570df,2018,Alfa Romeo,Giulia,Quadrifoglio Rear Quadrifoglio,Quadrifoglio Rear Quadrifoglio,b45408c859fb578c,5x110,65.1,M14x1.50B,40.00,40.00,"[""10x19""]","{""rear"":[""285/30ZR19""],""front"":[]}",deprecated-staggered-split,unknown,"""2026-05-07T21:45:59.143Z"""
56623c1c-ca3d-456a-afc4-fea647ce7272,2018,Alfa Romeo,Giulia,Ti,Ti,76c8ffb4c34ac269,5x110,65.1,M14x1.50B,40.00,40.00,"[""8x18"",""8x19""]","[""225/40R19"",""225/45R18""]",tgp_solutions,unknown,"""2026-05-07T21:45:59.143Z"""
45f416ad-178f-4190-97d6-7dd95ab12f25,2018,Alfa Romeo,Giulia,Ti w/Sport Pkg. Front Ti w/Sport Pkg.,Ti w/Sport Pkg. Front Ti w/Sport Pkg.,184b918c9bd33ce2,5x110,65.1,M14x1.50B,40.00,40.00,"[""8x19""]","{""rear"":[],""front"":[""225/40R19""]}",deprecated-staggered-split,unknown,"""2026-05-07T21:45:59.143Z"""
869654ef-9803-487b-9299-0ae528a368e4,2018,Alfa Romeo,Giulia,Ti w/Sport Pkg. Rear Ti w/Sport Pkg.,Ti w/Sport Pkg. Rear Ti w/Sport Pkg.,59532dbab81fada4,5x110,65.1,M14x1.50B,40.00,40.00,"[""9x19""]","{""rear"":[""255/35R19""],""front"":[]}",deprecated-staggered-split,unknown,"""2026-05-07T21:45:59.143Z"""
14e97a47-9c8b-4d74-8921-396c284b582e,2018,Alfa Romeo,Stelvio,Base,Base,0e98e028a8ce32ce,5x110,65.1,M14x1.50B,40.00,40.00,"[""8.5x20"",""8x18"",""8x19""]","[""235/55R19"",""235/60R18"",""255/45R20""]",tgp_solutions,unknown,"""2026-05-07T21:45:59.143Z"""
2db3bc9f-6cfc-4641-8639-791b642f7d1f,2018,Alfa Romeo,Stelvio,Quadrifoglio Front Quadrifoglio,Quadrifoglio Front Quadrifoglio,93d851ea6351e06d,5x110,65.1,M14x1.50B,40.00,40.00,"[""9x20""]","{""rear"":[],""front"":[""255/45R20""]}",deprecated-staggered-split,unknown,"""2026-05-07T21:45:59.143Z"""
bf074b0b-9a1d-4a46-a90d-1c7ccddc342c,2018,Alfa Romeo,Stelvio,Quadrifoglio Rear Quadrifoglio,Quadrifoglio Rear Quadrifoglio,1725ee60e2769a5b,5x110,65.1,M14x1.50B,40.00,40.00,"[""10x20""]","{""rear"":[""285/40R20""],""front"":[]}",deprecated-staggered-split,unknown,"""2026-05-07T21:45:59.143Z"""
4dacc0d4-0198-44f7-af1d-7d884c76ae84,2018,Alfa Romeo,Stelvio,Sport,Sport,2d6c7136f28c86d2,5x110,65.1,M14x1.50B,40.00,40.00,"[""8.5x20"",""8x19""]","[""235/55R19"",""255/45R20""]",tgp_solutions,unknown,"""2026-05-07T21:45:59.143Z"""
7ab660f6-7194-408e-af5d-c74d17bb0533,2018,Alfa Romeo,Stelvio,Ti,Ti,c10badec6a45966b,5x110,65.1,M14x1.50B,40.00,40.00,"[""8.5x20"",""8x19""]","[""235/55R19"",""255/45R20""]",tgp_solutions,unknown,"""2026-05-07T21:45:59.143Z"""
45c67fc4-5d9a-440a-a719-f93f88e2370d,2018,Alfa Romeo,Stelvio,Ti Sport,Ti Sport,75bd385170bc6c0f,5x110,65.1,M14x1.50B,40.00,40.00,"[""8.5x20"",""8x19""]","[""235/55R19"",""255/45R20""]",tgp_solutions,unknown,"""2026-05-07T21:45:59.143Z"""
dbd1e26b-6bf0-4e7d-a0d3-d6796fc7c7bc,2018,Aston Martin,DB11,Base Front Base,Base Front Base,75f676023c46f3aa,5x128,75.1,M14x2.0,50.00,50.00,"[""9x20""]","{""rear"":[],""front"":[""255/40ZR20""]}",deprecated-staggered-split,unknown,"""2026-05-07T21:45:59.143Z"""
0eb76e22-31d2-41e0-8098-f0acc78e233c,2018,Aston Martin,DB11,Base Rear Base,Base Rear Base,240c95175bb22f68,5x128,75.1,M14x2.0,62.00,62.00,"[""11x20""]","{""rear"":[""295/35ZR20""],""front"":[]}",deprecated-staggered-split,unknown,"""2026-05-07T21:45:59.143Z"""
9928e6b3-94fd-406c-83bd-26d16231fe91,2018,Aston Martin,Rapide,S Front S,S Front S,bf3e95309a14cb48,5x128,75.1,M14x2.0,42.00,42.00,"[""8.5x20""]","{""rear"":[],""front"":[""245/40ZR20""]}",deprecated-staggered-split,unknown,"""2026-05-07T21:45:59.143Z"""
ebf2bd85-fd17-44fb-8100-1363f6a01d60,2018,Aston Martin,Rapide,S Rear S,S Rear S,bd9d49e13ef0631d,5x128,75.1,M14x2.0,50.00,50.00,"[""11x20""]","{""rear"":[""295/35ZR20""],""front"":[]}",deprecated-staggered-split,unknown,"""2026-05-07T21:45:59.143Z"""
d1c4fe22-402f-41ac-bd54-92ceb80e9497,2018,Aston Martin,Vanquish,S Front S,S Front S,7803703bf7366292,5x128,75.1,M14x2.0,50.00,50.00,"[""9x20""]","{""rear"":[],""front"":[""255/35ZR20""]}",deprecated-staggered-split,unknown,"""2026-05-07T21:45:59.143Z"""
a34f306a-eeea-44bc-a336-81f9dc4e2cac,2018,Aston Martin,Vanquish,S Rear S,S Rear S,eaeb28e1b0b123ce,5x128,75.1,M14x2.0,62.00,62.00,"[""11.5x20""]","{""rear"":[""305/30ZR20""],""front"":[]}",deprecated-staggered-split,unknown,"""2026-05-07T21:45:59.143Z"""
b13e47f7-b329-4e52-ad85-30698472193f,2018,Aston Martin,Vanquish,S Volante Front S Volante,S Volante Front S Volante,afbefa2f3ed898d0,5x128,75.1,M14x2.0,50.00,50.00,"[""9x20""]","{""rear"":[],""front"":[""255/35ZR20""]}",deprecated-staggered-split,unknown,"""2026-05-07T21:45:59.143Z"""
fd75a5aa-2eb2-43c7-bf0a-6bb7d61c5765,2018,Aston Martin,Vanquish,S Volante Rear S Volante,S Volante Rear S Volante,ae039d56220f5438,5x128,75.1,M14x2.0,62.00,62.00,"[""11.5x20""]","{""rear"":[""305/30ZR20""],""front"":[]}",deprecated-staggered-split,unknown,"""2026-05-07T21:45:59.143Z"""
4ea201be-f98a-4159-b372-4fe98c133f1e,2018,Audi,A3,Premium Cabriolet,Premium Cabriolet,8b1b73c7c8a3627e,5x112,57.1,M14x1.50B,45.00,45.00,"[""7.5x17"",""7.5x18""]","[""225/40R18"",""225/45R17""]",tgp_solutions,unknown,"""2026-05-07T21:45:59.143Z"""
f63715a5-9cec-4e5c-b68c-a9448b538f44,2018,Audi,A3,Premium Plus Cabriolet,Premium Plus Cabriolet,afbf9099559c946a,5x112,57.1,M14x1.50B,45.00,45.00,"[""7.5x18"",""7.5x19""]","[""225/40R18"",""235/35R19""]",tgp_solutions,unknown,"""2026-05-07T21:45:59.143Z"""
b2c3dfc5-6e5c-42ec-85af-6e1e9c34a25c,2018,Audi,A3,Premium Plus Sedan,Premium Plus Sedan,f3871bbae637ae69,5x112,57.1,M14x1.50B,45.00,45.00,"[""7.5x18"",""7.5x19""]","[""225/40R18"",""235/35R19""]",tgp_solutions,unknown,"""2026-05-07T21:45:59.143Z"""
95d18d30-fa3d-4c0c-9f4e-734fce7ffa22,2018,Audi,A3,Premium Sedan,Premium Sedan,7902a4876743ae1a,5x112,57.1,M14x1.50B,45.00,45.00,"[""7.5x17"",""7.5x18""]","[""225/40R18"",""225/45R17""]",tgp_solutions,unknown,"""2026-05-07T21:45:59.143Z"""
c6e09d32-64b5-403f-9dd1-3f5ade8aaa80,2018,Audi,A3,Prestige Cabriolet,Prestige Cabriolet,75a9c03bd28208bb,5x112,57.1,M14x1.50B,45.00,45.00,"[""7.5x18"",""7.5x19""]","[""225/40R18"",""235/35R19""]",tgp_solutions,unknown,"""2026-05-07T21:45:59.143Z"""
d42cb180-2a5b-4555-9765-b07df5b12c9d,2018,Audi,A3,Prestige Sedan,Prestige Sedan,9c7cad0953d6f29c,5x112,57.1,M14x1.50B,45.00,45.00,"[""7.5x18"",""7.5x19""]","[""225/40R18"",""235/35R19""]",tgp_solutions,unknown,"""2026-05-07T21:45:59.143Z"""
57de8113-7f47-4def-848b-af0e4aec246a,2018,Audi,A3 Quattro,Premium Cabriolet,Premium Cabriolet,6689e250e97941d6,5x112,57.1,M14x1.50B,45.00,45.00,"[""7.5x17"",""7.5x18""]","[""225/40R18"",""225/45R17""]",tgp_solutions,unknown,"""2026-05-07T21:45:59.143Z"""
efa4bd51-ed36-4cbc-ae5a-e3a733398afe,2018,Audi,A3 Quattro,Premium Plus Cabriolet,Premium Plus Cabriolet,112ff451e0d127fe,5x112,57.1,M14x1.50B,45.00,45.00,"[""7.5x18"",""7.5x19""]","[""225/40R18"",""235/35R19""]",tgp_solutions,unknown,"""2026-05-07T21:45:59.143Z"""
89f3390b-134f-4bd0-91f4-6a302e47a1b7,2018,Audi,A3 Quattro,Premium Plus Sedan,Premium Plus Sedan,24248cc4634cd9af,5x112,57.1,M14x1.50B,45.00,45.00,"[""7.5x18"",""7.5x19""]","[""225/40R18"",""235/35R19""]",tgp_solutions,unknown,"""2026-05-07T21:45:59.143Z"""
20bf03b1-4b3f-4f82-b6e7-aa72af2cd113,2018,Audi,A3 Quattro,Premium Sedan,Premium Sedan,87c6e89b01933db5,5x112,57.1,M14x1.50B,45.00,45.00,"[""7.5x17"",""7.5x18""]","[""225/40R18"",""225/45R17""]",tgp_solutions,unknown,"""2026-05-07T21:45:59.143Z"""
0b3e5d43-2819-41ae-a510-7eb690448504,2018,Audi,A3 Quattro,Prestige Cabriolet,Prestige Cabriolet,199c4584fe9a7531,5x112,57.1,M14x1.50B,45.00,45.00,"[""7.5x18"",""7.5x19""]","[""225/40R18"",""235/35R19""]",tgp_solutions,unknown,"""2026-05-07T21:45:59.143Z"""
4b263289-fa39-4fc3-ad29-e68ee0cb0a73,2018,Audi,A3 Quattro,Prestige Sedan,Prestige Sedan,5dddeae3c11a320a,5x112,57.1,M14x1.50B,45.00,45.00,"[""7.5x18"",""7.5x19""]","[""225/40R18"",""235/35R19""]",tgp_solutions,unknown,"""2026-05-07T21:45:59.143Z"""
70337957-ef04-42f8-95c8-4d04a56f595c,2018,Audi,A3 Sportback e-tron,Premium,Premium,ddd51354234b955f,5x112,57.1,M14x1.50B,45.00,45.00,"[""7.5x17"",""7.5x18""]","[""225/40R18"",""225/45R17""]",tgp_solutions,unknown,"""2026-05-07T21:45:59.143Z"""
e11ef5e1-802b-411a-9495-6f4ebed62ae5,2018,Audi,A3 Sportback e-tron,Premium Plus,Premium Plus,c853aac6faa2f535,5x112,57.1,M14x1.50B,45.00,45.00,"[""7.5x17"",""7.5x18""]","[""225/40R18"",""225/45R17""]",tgp_solutions,unknown,"""2026-05-07T21:45:59.143Z"""
da86a403-0452-475b-9502-10b2cdc6bd6c,2018,Audi,A3 Sportback e-tron,Prestige,Prestige,8ed6a23222c420ee,5x112,57.1,M14x1.50B,45.00,45.00,"[""7.5x17"",""7.5x18""]","[""225/40R18"",""225/45R17""]",tgp_solutions,unknown,"""2026-05-07T21:45:59.143Z"""
a633a181-817f-4dd2-84ef-1c1dfa037f4a,2018,Audi,A4,Premium,Premium,c185a74b785dbeda,5x112,66.5,M14x1.50B,45.00,45.00,"[""7.5x17"",""8x18""]","[""225/50R17"",""245/40R18""]",tgp_solutions,unknown,"""2026-05-07T21:45:59.143Z"""
6742fdd5-03ff-4766-a2e6-348bfc4de352,2018,Audi,A4,Premium Plus,Premium Plus,ae181f3450360ad5,5x112,66.5,M14x1.50B,45.00,45.00,"[""8.5x19"",""8x18""]","[""245/35ZR19"",""245/40R18""]",tgp_solutions,unknown,"""2026-05-07T21:45:59.143Z"""
215d89a0-063d-4449-be3c-b04273d0cefb,2018,Audi,A4,Prestige,Prestige,f61d5f3e05705df3,5x112,66.5,M14x1.50B,45.00,45.00,"[""8.5x19"",""8x18""]","[""245/35ZR19"",""245/40R18""]",tgp_solutions,unknown,"""2026-05-07T21:45:59.143Z"""
b6271df5-1718-47c6-89c6-8e43d9703e1b,2018,Audi,A4 Quattro,Premium,Premium,485ed7826e03be66,5x112,66.5,M14x1.50B,45.00,45.00,"[""7.5x17"",""8x18""]","[""225/50R17"",""245/40R18""]",tgp_solutions,unknown,"""2026-05-07T21:45:59.143Z"""
9e0e4a21-507c-4519-a50d-f18c06e4f93a,2018,Audi,A4 Quattro,Premium Plus,Premium Plus,8de4a053d5bd9433,5x112,66.5,M14x1.50B,45.00,45.00,"[""8.5x19"",""8x18""]","[""245/35ZR19"",""245/40R18""]",tgp_solutions,unknown,"""2026-05-07T21:45:59.143Z"""
d5154c02-4eab-4c58-8bc8-9bdfe989c243,2018,Audi,A4 Quattro,Prestige,Prestige,ff7cf8ed5c553f5c,5x112,66.5,M14x1.50B,45.00,45.00,"[""8.5x19"",""8x18""]","[""245/35ZR19"",""245/40R18""]",tgp_solutions,unknown,"""2026-05-07T21:45:59.143Z"""
92b39421-363d-453b-a403-1f00672c0f62,2018,Audi,A4 allroad,Premium,Premium,ebfa356729f756a2,5x112,66.5,M14x1.50B,42.00,42.00,"[""7.5x18""]","[""245/45R18""]",tgp_solutions,unknown,"""2026-05-07T21:45:59.143Z"""
3b0483eb-607d-4ec2-b818-0216c404dccb,2018,Audi,A4 allroad,Premium Plus,Premium Plus,3cf695135939780b,5x112,66.5,M14x1.50B,42.00,42.00,"[""7.5x18""]","[""245/45R18""]",tgp_solutions,unknown,"""2026-05-07T21:45:59.143Z"""
581de92b-1993-4db3-bc5f-1cba9e631cf5,2018,Audi,A4 allroad,Prestige,Prestige,a6ce749e0ae3b960,5x112,66.5,M14x1.50B,42.00,42.00,"[""7.5x18""]","[""245/45R18""]",tgp_solutions,unknown,"""2026-05-07T21:45:59.143Z"""
7139b0b1-0020-4bca-b1dd-4acb62536ad6,2018,Audi,A5 Quattro,Premium Cabriolet,Premium Cabriolet,6e7ce875d471dc19,5x112,66.5,M14x1.50B,30.00,30.00,"[""8.5x18""]","[""245/40R18""]",tgp_solutions,unknown,"""2026-05-07T21:45:59.143Z"""
2fcc2fa3-9128-43e1-8740-1a09bb6d53cd,2018,Audi,A5 Quattro,Premium Coupe,Premium Coupe,c0ea7101c32edfd5,5x112,66.5,M14x1.50B,30.00,30.00,"[""8.5x18""]","[""245/40R18""]",tgp_solutions,unknown,"""2026-05-07T21:45:59.143Z"""
0cb4d5c1-80f4-45ca-a2df-026f61c00548,2018,Audi,A5 Quattro,Premium Plus Cabriolet,Premium Plus Cabriolet,fefabbebca658a48,5x112,66.5,M14x1.50B,30.00,30.00,"[""8.5x18"",""8.5x19"",""9x19""]","[""245/40R18"",""255/35R19"",""255/35ZR19""]",tgp_solutions,unknown,"""2026-05-07T21:45:59.143Z"""
0b451922-4660-4b06-b25d-2761d079dadd,2018,Audi,A5 Quattro,Premium Plus Coupe,Premium Plus Coupe,ae2bf68adfb389f0,5x112,66.5,M14x1.50B,30.00,30.00,"[""8.5x18"",""8.5x19"",""9x19""]","[""245/40R18"",""255/35R19"",""255/35ZR19""]",tgp_solutions,unknown,"""2026-05-07T21:45:59.143Z"""
07358797-e6d2-4acc-8202-79807baa9033,2018,Audi,A5 Quattro,Prestige Cabriolet,Prestige Cabriolet,fe253cf71e9930e6,5x112,66.5,M14x1.50B,30.00,30.00,"[""8.5x18"",""8.5x19"",""9x19""]","[""245/40R18"",""255/35R19"",""255/35ZR19""]",tgp_solutions,unknown,"""2026-05-07T21:45:59.143Z"""
ef8b289a-80d8-4be4-bac2-4013364fccae,2018,Audi,A5 Quattro,Prestige Coupe,Prestige Coupe,b5be6e72c70d9222,5x112,66.5,M14x1.50B,30.00,30.00,"[""8.5x18"",""8.5x19"",""9x19""]","[""245/40R18"",""255/35R19"",""255/35ZR19""]",tgp_solutions,unknown,"""2026-05-07T21:45:59.143Z"""
6f3f6db1-d9e8-4bec-95e7-b4eabcdbfb1e,2018,Audi,A5 Sportback,Premium,Premium,a2d08c55d474dc46,5x112,66.5,M14x1.50B,30.00,30.00,"[""8.5x18""]","[""245/40R18""]",tgp_solutions,unknown,"""2026-05-07T21:45:59.143Z"""
ef7599fa-0e8e-4a88-920b-7577591bdb47,2018,Audi,A5 Sportback,Premium Plus,Premium Plus,d1935bb3bbc9c43d,5x112,66.5,M14x1.50B,30.00,30.00,"[""8.5x18"",""8.5x19"",""9x19""]","[""245/40R18"",""255/35R19"",""255/35ZR19""]",tgp_solutions,unknown,"""2026-05-07T21:45:59.143Z"""
a13122d5-8182-4177-a19c-2596533b080d,2018,Audi,A5 Sportback,Prestige,Prestige,f58498915b3b0188,5x112,66.5,M14x1.50B,30.00,30.00,"[""8.5x18"",""8.5x19"",""9x19""]","[""245/40R18"",""255/35R19"",""255/35ZR19""]",tgp_solutions,unknown,"""2026-05-07T21:45:59.143Z"""
7afb67a0-eaee-4231-89c6-17234f45d349,2018,Audi,A6,Premium,Premium,9e4fd5e77e7c69a5,5x112,66.5,M14x1.50B,45.00,45.00,"[""8x18"",""9x19"",""9x20""]","[""245/45R18"",""255/35R20"",""255/40R19""]",tgp_solutions,unknown,"""2026-05-07T21:45:59.143Z"""
21f5dbdd-696a-4fa1-96ec-d756689f3ae3,2018,Audi,A6,Premium Plus,Premium Plus,1d116b817c6d2735,5x112,66.5,M14x1.50B,45.00,45.00,"[""8x18"",""9x19"",""9x20""]","[""245/45R18"",""255/35R20"",""255/40R19""]",tgp_solutions,unknown,"""2026-05-07T21:45:59.143Z"""
58820e91-378f-4551-9b06-8784f5827bd2,2018,Audi,A6,Sport,Sport,6da1acd1fb8e5ea9,5x112,66.5,M14x1.50B,46.00,46.00,"[""9x19"",""9x20""]","[""255/35R20"",""255/40R19""]",tgp_solutions,unknown,"""2026-05-07T21:45:59.143Z"""
28b76837-3130-4cd2-808d-0b8a7d8e547a,2018,Audi,A6 Quattro,Premium 2.0,Premium 2.0,8c9c065583fb6f5b,5x112,66.5,M14x1.50B,45.00,45.00,"[""8x18"",""9x19"",""9x20""]","[""245/45R18"",""255/35R20"",""255/40R19""]",tgp_solutions,unknown,"""2026-05-07T21:45:59.143Z"""
9332300e-6644-4616-a661-9e441fa3efa7,2018,Audi,A6 Quattro,Premium 3.0,Premium 3.0,eebf6ee5dadf4aee,5x112,66.5,M14x1.50B,45.00,45.00,"[""8x18"",""9x19"",""9x20""]","[""245/45R18"",""255/35R20"",""255/40R19""]",tgp_solutions,unknown,"""2026-05-07T21:45:59.143Z"""
2b461318-d43c-4103-acd9-f03c3dcd2f47,2018,Audi,A6 Quattro,Premium Plus 2.0,Premium Plus 2.0,457108ceef1f362d,5x112,66.5,M14x1.50B,45.00,45.00,"[""8x18"",""9x19"",""9x20""]","[""245/45R18"",""255/35R20"",""255/40R19""]",tgp_solutions,unknown,"""2026-05-07T21:45:59.143Z"""
0c064546-73f8-4992-946d-e71333b28571,2018,Audi,A6 Quattro,Premium Plus 3.0,Premium Plus 3.0,056c29ff8c4abec5,5x112,66.5,M14x1.50B,45.00,45.00,"[""8x18"",""9x19"",""9x20""]","[""245/45R18"",""255/35R20"",""255/40R19""]",tgp_solutions,unknown,"""2026-05-07T21:45:59.143Z"""
93a243ae-39b2-435c-b593-ac048ee448fd,2018,Audi,A6 Quattro,Prestige,Prestige,d3f7ba542d9f9f90,5x112,66.5,M14x1.50B,45.00,45.00,"[""8x18"",""9x19"",""9x20""]","[""245/45R18"",""255/35R20"",""255/40R19""]",tgp_solutions,unknown,"""2026-05-07T21:45:59.143Z"""
8689568d-69d9-4f40-9a55-c7fc7a58e83d,2018,Audi,A6 Quattro,Sport 2.0,Sport 2.0,76068e4fe5dd0789,5x112,66.5,M14x1.50B,46.00,46.00,"[""9x19"",""9x20""]","[""255/35R20"",""255/40R19""]",tgp_solutions,unknown,"""2026-05-07T21:45:59.143Z"""
0b3ac088-fbcd-4686-acd5-ce6f566dcf5c,2018,Audi,A6 Quattro,Sport 3.0,Sport 3.0,178462a6db4290a1,5x112,66.5,M14x1.50B,46.00,46.00,"[""9x19"",""9x20""]","[""255/35R20"",""255/40R19""]",tgp_solutions,unknown,"""2026-05-07T21:45:59.143Z"""
14ba69f1-f043-4e35-ab63-0259cfea6fbb,2018,Audi,A7 Quattro,Premium Plus,Premium Plus,c562551f3491209b,5x112,66.5,M14x1.50B,32.00,32.00,"[""8.5-9x19"",""9x19"",""9x20""]","[""255/40R19"",""265/35R20""]",tgp_solutions,unknown,"""2026-05-07T21:45:59.143Z"""
f08eccb4-0950-46ed-9b4a-14a92c5ca733,2018,Audi,A7 Quattro,Prestige,Prestige,9789d99ba89a4eba,5x112,66.5,M14x1.50B,32.00,32.00,"[""8.5-9x19"",""9x19"",""9x20""]","[""255/40R19"",""265/35R20""]",tgp_solutions,unknown,"""2026-05-07T21:45:59.143Z"""
f7b17430-6697-4f53-82e7-d42d84120470,2018,Audi,A8 Quattro,L 3.0,L 3.0,602a1515f56fa922,5x112,66.5,M14x1.50B,45.00,45.00,"[""8.5x19"",""9x20"",""9x21""]","[""255/45R19"",""265/40R20"",""275/35R21"",""275/35ZR21""]",tgp_solutions,unknown,"""2026-05-07T21:45:59.143Z"""
0c91a3e1-4c55-4ef1-b2e5-f25a89bf4992,2018,Audi,A8 Quattro,L 4.0,L 4.0,b3aac39f1132cadd,5x112,66.5,M14x1.50B,46.00,46.00,"[""9x20"",""9x21""]","[""265/40R20"",""275/35R21"",""275/35ZR21""]",tgp_solutions,unknown,"""2026-05-07T21:45:59.143Z"""
2f264a48-d3b7-42d1-8dbd-8203d5a094dc,2018,Audi,Q3,Premium,Premium,4c59a6e224c3f2a8,5x112,57.1,M14x1.50B,43.00,43.00,"[""7x18"",""8.5x19""]","[""235/50R18"",""255/40R19""]",tgp_solutions,unknown,"""2026-05-07T21:45:59.143Z"""
7a927635-634b-481f-b25e-8c56466ca482,2018,Audi,Q3,Premium Plus,Premium Plus,cb74dfd86812076a,5x112,57.1,M14x1.50B,43.00,43.00,"[""7x18"",""8.5x19""]","[""235/50R18"",""255/40R19""]",tgp_solutions,unknown,"""2026-05-07T21:45:59.143Z"""
2ba7ac72-4141-47be-bb42-4d96c64ba844,2018,Audi,Q3 Quattro,Premium,Premium,666f2af2a86559e1,5x112,57.1,M14x1.50B,43.00,43.00,"[""7x18"",""8.5x19""]","[""235/50R18"",""255/40R19""]",tgp_solutions,unknown,"""2026-05-07T21:45:59.143Z"""
02ec3e6d-305f-46cc-ad5e-b4554403fef4,2018,Audi,Q3 Quattro,Premium Plus,Premium Plus,9446de0fb745925b,5x112,57.1,M14x1.50B,43.00,43.00,"[""7x18"",""9x19""]","[""235/50R18"",""255/40R19""]",tgp_solutions,unknown,"""2026-05-07T21:45:59.143Z"""
ba6e7889-0caa-4899-bc7b-521ff38a69c2,2018,Audi,Q5,Premium,Premium,b3580c61c76e33a2,5x112,66.5,M14x1.50B,39.00,39.00,"[""8x18"",""8x19""]","[""235/55R19"",""235/60R18""]",tgp_solutions,unknown,"""2026-05-07T21:45:59.143Z"""
ec5d64f8-615d-432a-89a7-ed12158bd16b,2018,Audi,Q5,Premium Plus,Premium Plus,1ab5667568c8fe43,5x112,66.5,M14x1.50B,39.00,39.00,"[""8x18"",""8x19"",""8x20""]","[""235/55R19"",""235/60R18"",""255/45R20""]",tgp_solutions,unknown,"""2026-05-07T21:45:59.143Z"""
59d4b8f7-cd00-42c1-8c23-6aefeb83e470,2018,Audi,Q5,Prestige,Prestige,14fe9da4d292a825,5x112,66.5,M14x1.50B,33.00,33.00,"[""8x20""]","[""255/45R20""]",tgp_solutions,unknown,"""2026-05-07T21:45:59.143Z"""
faffa3ce-c517-4a99-b838-b051a25963d2,2018,Audi,Q7,Premium 2.0,Premium 2.0,a24ee41939b7b5d2,5x112,66.5,M14x1.50B,35.00,35.00,"[""8.5x19"",""8x18"",""9x20""]","[""255/55R19"",""255/60R18"",""285/45R20""]",tgp_solutions,unknown,"""2026-05-07T21:45:59.143Z"""
c93174a9-487f-4adc-ad14-462a16885280,2018,Audi,Q7,Premium 3.0,Premium 3.0,9880676af1d721d3,5x112,66.5,M14x1.50B,35.00,35.00,"[""8.5x18"",""8.5x19"",""9x20""]","[""255/55R19"",""255/60R18"",""285/45R20""]",tgp_solutions,unknown,"""2026-05-07T21:45:59.143Z"""
93f2ae9e-33ce-4cde-b6da-f8aae56ffb8b,2018,Audi,Q7,Premium Plus 2.0,Premium Plus 2.0,abde56123ea14bb1,5x112,66.5,M14x1.50B,35.00,35.00,"[""8.5x19"",""8x18"",""9x20""]","[""255/55R19"",""255/60R18"",""285/45R20""]",tgp_solutions,unknown,"""2026-05-07T21:45:59.143Z"""
91be3ef8-500a-4c67-95df-792e5d297dcc,2018,Audi,Q7,Premium Plus 3.0,Premium Plus 3.0,ba0f335c9a39f61c,5x112,66.5,M14x1.50B,35.00,35.00,"[""8.5x18"",""8.5x19"",""9x20""]","[""255/55R19"",""255/60R18"",""285/45R20""]",tgp_solutions,unknown,"""2026-05-07T21:45:59.143Z"""
c48cbde5-b46f-4e0c-b80f-2e92e67f8e67,2018,Audi,Q7,Prestige,Prestige,1efe580c726aee04,5x112,66.5,M14x1.50B,35.00,35.00,"[""9.5x21"",""9x20""]","[""285/40R21"",""285/45R20""]",tgp_solutions,unknown,"""2026-05-07T21:45:59.143Z"""
e27e4100-a7cd-4c12-999c-1c3aa542dbd7,2018,Audi,R8,Base Front Base,Base Front Base,02f795dcff5fa981,5x112,57.1,M14x1.50B,42.00,42.00,"[""8.5x19"",""8.5x20""]","{""rear"":[],""front"":[""245/30ZR20"",""245/35ZR19""]}",tgp_solutions,unknown,"""2026-05-07T21:45:59.143Z"""
15a7d40b-d698-4b00-8db3-384732957b2a,2018,Audi,R8,Base Rear Base,Base Rear Base,d9db623b04678d63,5x112,66.5,M14x1.50B,50.00,50.00,"[""11x19"",""11x20""]","{""rear"":[""295/35ZR19"",""305/30ZR20""],""front"":[]}",tgp_solutions,unknown,"""2026-05-07T21:45:59.143Z"""
868008dc-54ba-49b6-a6bb-443833058e85,2018,Audi,R8,Plus Front Plus,Plus Front Plus,3162bfc0e61289eb,5x112,57.1,M14x1.50B,42.00,42.00,"[""8.5x19"",""8.5x20""]","{""rear"":[],""front"":[""245/30ZR20"",""245/35ZR19""]}",tgp_solutions,unknown,"""2026-05-07T21:45:59.143Z"""
7e183814-9943-4f20-88bb-af509d5d37ad,2018,Audi,R8,Plus Rear Plus,Plus Rear Plus,a22fb4da5b527e32,5x112,66.5,M14x1.50B,50.00,50.00,"[""11x19"",""11x20""]","{""rear"":[""295/35ZR19"",""305/30ZR20""],""front"":[]}",tgp_solutions,unknown,"""2026-05-07T21:45:59.143Z"""
66ef5cc6-6af6-466e-ab2f-a133116fad51,2018,Audi,R8,Plus Spyder Front Plus Spyder,Plus Spyder Front Plus Spyder,9fd5df24192c294e,5x112,57.1,M14x1.50B,42.00,42.00,"[""8.5x19"",""8.5x20""]","{""rear"":[],""front"":[""245/30ZR20"",""245/35ZR19""]}",tgp_solutions,unknown,"""2026-05-07T21:45:59.143Z"""
23ab2cfe-2e12-4009-803c-42fee4ad9b7e,2018,Audi,R8,Plus Spyder Rear Plus Spyder,Plus Spyder Rear Plus Spyder,352d96784f317820,5x112,66.5,M14x1.50B,50.00,50.00,"[""11x19"",""11x20""]","{""rear"":[""295/35ZR19"",""305/30ZR20""],""front"":[]}",tgp_solutions,unknown,"""2026-05-07T21:45:59.143Z"""
ded6763d-87b7-4dc8-9a1b-edec990f6de1,2018,Audi,R8,RWS Front RWS,RWS Front RWS,75c6252943514b28,5x112,57.1,M14x1.50B,42.00,42.00,"[""8.5x19"",""8.5x20""]","{""rear"":[],""front"":[""245/30ZR20"",""245/35ZR19""]}",tgp_solutions,unknown,"""2026-05-07T21:45:59.143Z"""
7e5057fa-231c-4acf-8f9c-28f036af8ade,2018,Audi,R8,RWS Rear RWS,RWS Rear RWS,6c46530af6f02b2a,5x112,66.5,M14x1.50B,50.00,50.00,"[""11x19"",""11x20""]","{""rear"":[""295/35ZR19"",""305/30ZR20""],""front"":[]}",tgp_solutions,unknown,"""2026-05-07T21:45:59.143Z"""
f59356d7-ed8d-4df4-b2be-5bea8ffe8116,2018,Audi,R8,Spyder Front Spyder,Spyder Front Spyder,ffa7495bafeb804f,5x112,57.1,M14x1.50B,42.00,42.00,"[""8.5x19"",""8.5x20""]","{""rear"":[],""front"":[""245/30ZR20"",""245/35ZR19""]}",tgp_solutions,unknown,"""2026-05-07T21:45:59.143Z"""
4abdd811-d5b9-4048-a607-269d1efa33bc,2018,Audi,R8,Spyder Rear Spyder,Spyder Rear Spyder,8b4a2f2d52df0da3,5x112,66.5,M14x1.50B,50.00,50.00,"[""11x19"",""11x20""]","{""rear"":[""295/35ZR19"",""305/30ZR20""],""front"":[]}",tgp_solutions,unknown,"""2026-05-07T21:45:59.143Z"""
ced1f8ce-298a-4a8e-bbf4-09765707712a,2018,Audi,RS3,Base,Base,4379138e99d8d952,5x112,57.1,M14x1.50B,49.00,49.00,"[""8x19""]","[""235/35R19""]",tgp_solutions,unknown,"""2026-05-07T21:45:59.143Z"""
7fb5901a-81af-4aea-98c8-1a2946aa834a,2018,Audi,RS3,Base Front Base,Base Front Base,1eea3a510e8f4e4f,5x112,57.1,M14x1.50B,45.00,45.00,"[""8-8.5x19""]","{""rear"":[],""front"":[""255/30R19""]}",deprecated-staggered-split,unknown,"""2026-05-07T21:45:59.143Z"""
ba3d5d15-a9ac-4498-a44b-ae31ac556090,2018,Audi,RS3,Base Rear Base,Base Rear Base,1ef793d641b7e7e3,5x112,57.1,M14x1.50B,45.00,45.00,"[""8x19""]","{""rear"":[""235/35R19""],""front"":[]}",deprecated-staggered-split,unknown,"""2026-05-07T21:45:59.143Z"""
b1caa59a-a562-4d50-bd61-ac5a64a426b5,2018,Audi,RS5,Base,Base,e1485c69aea67c5e,5x112,66.5,M14x1.50B,32.00,32.00,"[""9x19"",""9x20""]","[""265/35R19"",""275/30R20"",""275/30ZR20""]",tgp_solutions,unknown,"""2026-05-07T21:45:59.143Z"""
64f2c2a2-791c-4307-9138-e9ff0f3b8884,2018,Audi,RS5,w/Dynamic Plus Pkg.,w/Dynamic Plus Pkg.,5f4a1e1e85e8c975,5x112,66.5,M14x1.50B,32.00,32.00,"[""9x19"",""9x20""]","[""265/35R19"",""275/30R20"",""275/30ZR20""]",tgp_solutions,unknown,"""2026-05-07T21:45:59.143Z"""
97d5be14-756e-47fd-93eb-5bbe028af856,2018,Audi,RS7,Base,Base,2f077ae6df8903db,5x112,66.5,M14x1.50B,48.00,48.00,"[""9x21""]","[""275/30ZR21""]",tgp_solutions,unknown,"""2026-05-07T21:45:59.143Z"""
e05b04d6-22d2-42eb-b4a7-9290239b3bd4,2018,Audi,RS7,Performance,Performance,527f51f66fa232f9,5x112,66.5,M14x1.50B,48.00,48.00,"[""9x21""]","[""275/30ZR21""]",tgp_solutions,unknown,"""2026-05-07T21:45:59.143Z"""
6500e31d-1bda-4abb-bad5-f3f91c8f8110,2018,Audi,S3,Premium Plus,Premium Plus,2ae31bee24f56f20,5x112,57.1,M14x1.50B,45.00,45.00,"[""7.5x18"",""8x19""]","[""225/40R18"",""235/35R19""]",tgp_solutions,unknown,"""2026-05-07T21:45:59.143Z"""
6f1d8e00-3472-498e-ac99-8ce73f0423ab,2018,Audi,S3,Prestige,Prestige,d192832d28d65e44,5x112,57.1,M14x1.50B,45.00,45.00,"[""7.5x18"",""8x19""]","[""225/40R18"",""235/35R19""]",tgp_solutions,unknown,"""2026-05-07T21:45:59.143Z"""
bca24d5d-c22e-43c9-adf8-deffac3e6380,2018,Audi,S4,Premium Plus,Premium Plus,5c327937558e983f,5x112,66.5,M14x1.50B,45.00,45.00,"[""8.5x19"",""8x18""]","[""245/35ZR19"",""245/40R18""]",tgp_solutions,unknown,"""2026-05-07T21:45:59.143Z"""
93f0b338-741f-42e2-8e37-f8d0571a68dd,2018,Audi,S4,Prestige,Prestige,af42a35a7aca027f,5x112,66.5,M14x1.50B,45.00,45.00,"[""8.5x19"",""8x18""]","[""245/35ZR19"",""245/40R18""]",tgp_solutions,unknown,"""2026-05-07T21:45:59.143Z"""
3c5c199e-d61e-4cec-a864-b0dd44555973,2018,Audi,S5,Premium Plus Cabriolet,Premium Plus Cabriolet,cecb11d29b4efcf7,5x112,66.5,M14x1.50B,30.00,30.00,"[""8.5x18"",""8.5x19"",""9x19""]","[""245/40R18"",""255/35ZR19""]",tgp_solutions,unknown,"""2026-05-07T21:45:59.143Z"""
6b07a4bd-dd71-4fe5-8f31-46c85c11cbe7,2018,Audi,S5,Premium Plus Coupe,Premium Plus Coupe,7b7f8af137d52c47,5x112,66.5,M14x1.50B,30.00,30.00,"[""8.5x18"",""8.5x19"",""9x19""]","[""245/40R18"",""255/35ZR19""]",tgp_solutions,unknown,"""2026-05-07T21:45:59.143Z"""
96e6b994-ceb2-44f8-9a27-d56edbc57c37,2018,Audi,S5,Prestige Cabriolet,Prestige Cabriolet,987ec7db8fdb3a9f,5x112,66.5,M14x1.50B,30.00,30.00,"[""8.5x18"",""8.5x19"",""9x19""]","[""245/40R18"",""255/35ZR19""]",tgp_solutions,unknown,"""2026-05-07T21:45:59.143Z"""
5a57fc5d-c19f-4a45-9ae5-07b5e7aefbed,2018,Audi,S5,Prestige Coupe,Prestige Coupe,bc6af80907ad3618,5x112,66.5,M14x1.50B,30.00,30.00,"[""8.5x18"",""8.5x19"",""9x19""]","[""245/40R18"",""255/35ZR19""]",tgp_solutions,unknown,"""2026-05-07T21:45:59.143Z"""
70ae5360-8fc6-4899-88b5-a097f79f679d,2018,Audi,S5 Sportback,Premium Plus,Premium Plus,1eff76b5e23fb794,5x112,66.5,M14x1.50B,30.00,30.00,"[""8.5x18"",""8.5x19"",""9x19""]","[""245/40R18"",""255/35R19"",""255/35ZR19""]",tgp_solutions,unknown,"""2026-05-07T21:45:59.143Z"""
e789bc95-870d-4ac3-a1d3-c119a8ad8a46,2018,Audi,S5 Sportback,Prestige,Prestige,418584e4456df629,5x112,66.5,M14x1.50B,30.00,30.00,"[""8.5x18"",""8.5x19"",""9x19""]","[""245/40R18"",""255/35R19"",""255/35ZR19""]",tgp_solutions,unknown,"""2026-05-07T21:45:59.143Z"""
87bdfc69-5ff2-4ab3-bf7e-fcff01828190,2018,Audi,S6,Premium Plus,Premium Plus,828435525f8f61e4,5x112,66.5,M14x1.50B,46.00,46.00,"[""8.5x20""]","[""255/35R20""]",tgp_solutions,unknown,"""2026-05-07T21:45:59.143Z"""
202201c5-1041-414f-bdf1-401cbde5729c,2018,Audi,S6,Prestige,Prestige,0ddfa51c92c51362,5x112,66.5,M14x1.50B,46.00,46.00,"[""8.5x20""]","[""255/35R20""]",tgp_solutions,unknown,"""2026-05-07T21:45:59.143Z"""
78da6eef-bae1-405a-b35b-8ba3052fab70,2018,Audi,S7,Premium Plus,Premium Plus,671beb56751cf7b1,5x112,66.5,M14x1.50B,32.00,32.00,"[""9x20""]","[""265/35R20""]",tgp_solutions,unknown,"""2026-05-07T21:45:59.143Z"""
f4694170-8039-4a27-b1c4-f447ccdc9291,2018,Audi,S7,Prestige,Prestige,039d8d96b876b26b,5x112,66.5,M14x1.50B,32.00,32.00,"[""9x20"",""9x21""]","[""265/35R20"",""275/30ZR21""]",tgp_solutions,unknown,"""2026-05-07T21:45:59.143Z"""
20d17cff-c288-4baf-ae49-1298244181c2,2018,Audi,S8,Plus,Plus,38be9afad1bfbd01,5x112,66.5,M14x1.50B,46.00,46.00,"[""9x21""]","[""275/35R21"",""275/35ZR21""]",tgp_solutions,unknown,"""2026-05-07T21:45:59.143Z"""
5a2d7835-8be2-4969-9327-96956a743e4e,2018,Audi,SQ5,Premium Plus,Premium Plus,68bb80ac8b86259f,5x112,66.5,M14x1.50B,33.00,33.00,"[""8.5x21"",""8x20""]","[""255/40R21"",""255/45R20"",""255/45ZR20""]",tgp_solutions,unknown,"""2026-05-07T21:45:59.143Z"""
524207a9-a66c-461a-8403-027f25291ace,2018,Audi,SQ5,Prestige,Prestige,a6b5c0cdac232e31,5x112,66.5,M14x1.50B,33.00,33.00,"[""8.5x21"",""8x20""]","[""255/40R21"",""255/45R20"",""255/45ZR20""]",tgp_solutions,unknown,"""2026-05-07T21:45:59.143Z"""
5cc33790-040d-4980-acb8-575c4f544a8a,2018,Audi,TT Quattro,Base,Base,75ab258a0f396d17,5x112,57.1,M14x1.50B,50.00,50.00,"[""8.5x18"",""9x19""]","[""245/35R19"",""245/35ZR19"",""245/40R18""]",tgp_solutions,unknown,"""2026-05-07T21:45:59.143Z"""
a77c3d08-5b0a-4114-a946-fb51f0e1f5f3,2018,Audi,TT RS Quattro,Base,Base,320ffa80e639ee79,5x112,57.1,M14x1.50B,50.00,50.00,"[""9x19"",""9x20""]","[""245/35ZR19"",""255/30ZR20""]",tgp_solutions,unknown,"""2026-05-07T21:45:59.143Z"""
d8675a63-fd53-4066-89a7-e25f91f679bd,2018,Audi,TTS Quattro,Base,Base,be74861d4609f29f,5x112,57.1,M14x1.50B,32.00,32.00,"[""9x19"",""9x20""]","[""245/35ZR19"",""255/30R20""]",tgp_solutions,unknown,"""2026-05-07T21:45:59.143Z"""
d295eb3f-f2d7-4a0d-b5b3-861abf0bab94,2018,BMW,230i,Convertible,Convertible,5e1dc8a82417fef7,5x120,72.6,M14x1.25B,42.00,42.00,"[""7.5x18"",""7x17""]","[""205/50R17"",""225/40R18""]",tgp_solutions,unknown,"""2026-05-07T21:45:59.143Z"""
662eddcd-111d-4e12-93ee-c1d0d3b71c79,2018,BMW,230i,Convertible Front Convertible,Convertible Front Convertible,3fbb091b0653238e,5x120,72.6,M14x1.25B,42.00,42.00,"[""7.5x18""]","{""rear"":[],""front"":[""225/40R18"",""225/40ZR18""]}",deprecated-staggered-split,unknown,"""2026-05-07T21:45:59.143Z"""
a194b207-a18a-4b34-84d5-3c5f0ac20645,2018,BMW,230i,Convertible Rear Convertible,Convertible Rear Convertible,1fa546a60ec087a8,5x120,72.6,M14x1.25B,42.00,42.00,"[""8x18""]","{""rear"":[""245/35R18"",""245/35ZR18""],""front"":[]}",deprecated-staggered-split,unknown,"""2026-05-07T21:45:59.143Z"""
389e148b-5cbe-41d2-ad52-66346a5e6655,2018,BMW,230i,Coupe,Coupe,0e4a46974dc3f80e,5x120,72.6,M14x1.25B,42.00,42.00,"[""7.5x18"",""7x17""]","[""205/50R17"",""225/40R18""]",tgp_solutions,unknown,"""2026-05-07T21:45:59.143Z"""
3728d253-8471-43fb-9450-f3048ab9777b,2018,BMW,230i,Coupe Front Coupe,Coupe Front Coupe,b0f8cf96b63be477,5x120,72.6,M14x1.25B,42.00,42.00,"[""7.5x18""]","{""rear"":[],""front"":[""225/40R18"",""225/40ZR18""]}",deprecated-staggered-split,unknown,"""2026-05-07T21:45:59.143Z"""
00cc1c14-adcb-436a-8414-2db724f03410,2018,BMW,230i,Coupe Rear Coupe,Coupe Rear Coupe,c4244bbfa5994776,5x120,72.6,M14x1.25B,42.00,42.00,"[""8x18""]","{""rear"":[""245/35R18"",""245/35ZR18""],""front"":[]}",deprecated-staggered-split,unknown,"""2026-05-07T21:45:59.143Z"""
b2c32778-9d10-421c-9bfc-a503d8de43a6,2018,BMW,230i xDrive,Convertible,Convertible,4b3acee4e1adbcc3,5x120,72.6,M14x1.25B,42.00,42.00,"[""7.5x18"",""7x17""]","[""205/50R17"",""225/40R18""]",tgp_solutions,unknown,"""2026-05-07T21:45:59.143Z"""
48b19f14-f3d9-4bdd-9861-4aac8476ffae,2018,BMW,230i xDrive,Convertible Front Convertible,Convertible Front Convertible,0efd4e01b4e319dd,5x120,72.6,M14x1.25B,42.00,42.00,"[""7.5x18""]","{""rear"":[],""front"":[""225/40R18"",""225/40ZR18""]}",deprecated-staggered-split,unknown,"""2026-05-07T21:45:59.143Z"""
523a4213-427d-423a-8774-6eee5237ae3a,2018,BMW,230i xDrive,Convertible Rear Convertible,Convertible Rear Convertible,7bd99163a3765e12,5x120,72.6,M14x1.25B,42.00,42.00,"[""8x18""]","{""rear"":[""245/35R18"",""245/35ZR18""],""front"":[]}",deprecated-staggered-split,unknown,"""2026-05-07T21:45:59.143Z"""
b9b465e2-d0ba-47b7-bb08-f2bb87bb38b2,2018,BMW,230i xDrive,Coupe,Coupe,3ba4b186822f4abd,5x120,72.6,M14x1.25B,42.00,42.00,"[""7.5x18"",""7x17""]","[""205/50R17"",""225/40R18""]",tgp_solutions,unknown,"""2026-05-07T21:45:59.143Z"""
36268336-9c17-41d2-a142-ac4f9fda7005,2018,BMW,230i xDrive,Coupe Front Coupe,Coupe Front Coupe,4e33a936e3f98b28,5x120,72.6,M14x1.25B,42.00,42.00,"[""7.5x18""]","{""rear"":[],""front"":[""225/40R18"",""225/40ZR18""]}",deprecated-staggered-split,unknown,"""2026-05-07T21:45:59.143Z"""
5c59f96c-4429-4e9e-b687-4d9f749c4961,2018,BMW,230i xDrive,Coupe Rear Coupe,Coupe Rear Coupe,b79e7f97856796c2,5x120,72.6,M14x1.25B,42.00,42.00,"[""8x18""]","{""rear"":[""245/35R18"",""245/35ZR18""],""front"":[]}",deprecated-staggered-split,unknown,"""2026-05-07T21:45:59.143Z"""
8b08bc8b-e7fe-4ee1-a24f-60896b79dc6d,2018,BMW,320i,Base,Base,9476dc70675df705,5x120,72.6,M14x1.25B,34.00,34.00,"[""7.5x17"",""8x18""]","[""225/45R18"",""225/50R17""]",tgp_solutions,unknown,"""2026-05-07T21:45:59.143Z"""
3d53ad51-decf-42e0-8890-bc862f5dfd1d,2018,BMW,320i,Base Front Base,Base Front Base,3f21f10a16851426,5x120,72.6,M14x1.25B,34.00,34.00,"[""8x18""]","{""rear"":[],""front"":[""225/45R18"",""225/45ZR18""]}",deprecated-staggered-split,unknown,"""2026-05-07T21:45:59.143Z"""
b25cfa5a-e487-4101-bb65-3786366d3fdb,2018,BMW,320i,Base Rear Base,Base Rear Base,bd95fc30c62d3af4,5x120,72.6,M14x1.25B,34.00,34.00,"[""8.5x18""]","{""rear"":[""255/40R18"",""255/40ZR18""],""front"":[]}",deprecated-staggered-split,unknown,"""2026-05-07T21:45:59.143Z"""
9f0f49d6-53eb-45c4-a7b4-d36c36e49f2a,2018,BMW,320i xDrive,Base,Base,3bd3aa9c1d97c0ca,5x120,72.6,M14x1.25B,34.00,34.00,"[""7.5x17"",""8x18""]","[""225/45R18"",""225/50R17""]",tgp_solutions,unknown,"""2026-05-07T21:45:59.143Z"""
2ad74cf2-7721-4cf3-ba55-8382c7473139,2018,BMW,320i xDrive,Base Front Base,Base Front Base,e9eaa7d28522b572,5x120,72.6,M14x1.25B,34.00,34.00,"[""8x18""]","{""rear"":[],""front"":[""225/45R18"",""225/45ZR18""]}",deprecated-staggered-split,unknown,"""2026-05-07T21:45:59.143Z"""
a1987c30-2e74-422c-a185-24c306215081,2018,BMW,320i xDrive,Base Rear Base,Base Rear Base,9a22d7b1fd6c0d87,5x120,72.6,M14x1.25B,34.00,34.00,"[""8.5x18""]","{""rear"":[""255/40R18"",""255/40ZR18""],""front"":[]}",deprecated-staggered-split,unknown,"""2026-05-07T21:45:59.143Z"""
c4389269-7618-4551-a6b1-13c2bcfb78c8,2018,BMW,328d,Base,Base,cd732ba301ad08d6,5x120,72.6,M14x1.25B,34.00,34.00,"[""7.5x17"",""8x18""]","[""225/45R18"",""225/50R17""]",tgp_solutions,unknown,"""2026-05-07T21:45:59.143Z"""
03f331de-ae7b-43c2-a49e-f3a7524eb1f9,2018,BMW,328d,Base Front Base,Base Front Base,a108cd87ab176028,5x120,72.6,M14x1.25B,34.00,34.00,"[""8x18""]","{""rear"":[],""front"":[""225/45R18""]}",deprecated-staggered-split,unknown,"""2026-05-07T21:45:59.143Z"""
612677fd-d21d-4e8b-ab4a-748224d7eda0,2018,BMW,328d,Base Rear Base,Base Rear Base,dc040691334fd76d,5x120,72.6,M14x1.25B,34.00,34.00,"[""8.5x18""]","{""rear"":[""255/40R18""],""front"":[]}",deprecated-staggered-split,unknown,"""2026-05-07T21:45:59.143Z"""
dd27acf1-4d7b-483e-92ac-19fdacdb2982,2018,BMW,328d xDrive,Base,Base,f79e9f2cc593435e,5x120,72.6,M14x1.25B,34.00,34.00,"[""7.5x17"",""8x18""]","[""225/45R18"",""225/50R17""]",tgp_solutions,unknown,"""2026-05-07T21:45:59.143Z"""
75332511-4e07-4118-ba43-11de031604e9,2018,BMW,328d xDrive,Base Front Base,Base Front Base,c6edbf1b527810f7,5x120,72.6,M14x1.25B,34.00,34.00,"[""8x18""]","{""rear"":[],""front"":[""225/45R18""]}",deprecated-staggered-split,unknown,"""2026-05-07T21:45:59.143Z"""
38ae7f9f-b0c5-47b7-8139-cea1b5e7aef5,2018,BMW,328d xDrive,Base Rear Base,Base Rear Base,4dffe664d3700812,5x120,72.6,M14x1.25B,34.00,34.00,"[""8.5x18""]","{""rear"":[""255/40R18""],""front"":[]}",deprecated-staggered-split,unknown,"""2026-05-07T21:45:59.143Z"""
09f28b63-6860-429d-92da-36571475b2c5,2018,BMW,328d xDrive,Sports Wagon,Sports Wagon,924b96ffac59a3b2,5x120,72.6,M14x1.25B,34.00,34.00,"[""7.5x17"",""8x18""]","[""225/45R18"",""225/50R17""]",tgp_solutions,unknown,"""2026-05-07T21:45:59.143Z"""
f9404a18-d9bd-46ad-be1d-20fe0d674f55,2018,BMW,328d xDrive,Sports Wagon Front Sports Wagon,Sports Wagon Front Sports Wagon,4f39a4f1344a4278,5x120,72.6,M14x1.25B,34.00,34.00,"[""8x18""]","{""rear"":[],""front"":[""225/45R18""]}",deprecated-staggered-split,unknown,"""2026-05-07T21:45:59.143Z"""
b7711aa2-7785-4046-ae5d-54602ccff76a,2018,BMW,328d xDrive,Sports Wagon Rear Sports Wagon,Sports Wagon Rear Sports Wagon,f50635ffa18fb3d4,5x120,72.6,M14x1.25B,34.00,34.00,"[""8.5x18""]","{""rear"":[""255/40R18""],""front"":[]}",deprecated-staggered-split,unknown,"""2026-05-07T21:45:59.143Z"""
39cacdb6-6ec5-4003-a532-fb8fd282b775,2018,BMW,330e,Base,Base,2f16fd4432e4ddc0,5x120,72.6,M14x1.25B,34.00,34.00,"[""7.5x17"",""8x18""]","[""225/45R18"",""225/50R17""]",tgp_solutions,unknown,"""2026-05-07T21:45:59.143Z"""
cdf53bbe-72ac-4f95-a4d3-807ff94edb56,2018,BMW,330e,Base Front Base,Base Front Base,a10470a5e8a552bf,5x120,72.6,M14x1.25B,34.00,34.00,"[""8x18""]","{""rear"":[],""front"":[""225/45R18""]}",deprecated-staggered-split,unknown,"""2026-05-07T21:45:59.143Z"""
587f8b11-170d-4d8f-b43d-431d31278456,2018,BMW,330e,Base Rear Base,Base Rear Base,1c55489dbf8b119c,5x120,72.6,M14x1.25B,34.00,34.00,"[""8.5x18""]","{""rear"":[""255/40R18""],""front"":[]}",deprecated-staggered-split,unknown,"""2026-05-07T21:45:59.143Z"""
1660aab0-3c32-4a00-864b-92c03375c68c,2018,BMW,330i,Base,Base,987068b546ca6f77,5x120,72.6,M14x1.25B,34.00,34.00,"[""7.5x17"",""8x18""]","[""225/45R18"",""225/50R17""]",tgp_solutions,unknown,"""2026-05-07T21:45:59.143Z"""
901354c0-cded-496b-9b4b-e0f4e74784de,2018,BMW,330i,Base Front Base,Base Front Base,21c5c22279d9d8f7,5x120,72.6,M14x1.25B,34.00,34.00,"[""8x18""]","{""rear"":[],""front"":[""225/45R18"",""225/45ZR18""]}",deprecated-staggered-split,unknown,"""2026-05-07T21:45:59.143Z"""
72534f20-a7ff-4869-bae6-3c7d8f9cbdb7,2018,BMW,330i,Base Rear Base,Base Rear Base,c7aad6a4b690fc6d,5x120,72.6,M14x1.25B,34.00,34.00,"[""8.5x18""]","{""rear"":[""255/40R18"",""255/40ZR18""],""front"":[]}",deprecated-staggered-split,unknown,"""2026-05-07T21:45:59.143Z"""
9ee40ff8-0d28-4449-bc37-242fe08ad6d4,2018,BMW,330i GT xDrive,Base,Base,b87a8e5fd71a74bc,5x120,72.6,M14x1.25B,34.00,34.00,"[""8x18"",""8x19""]","[""225/45R19"",""225/50R18""]",tgp_solutions,unknown,"""2026-05-07T21:45:59.143Z"""
6e3941af-29a1-4255-951a-dcf86e5eae19,2018,BMW,330i GT xDrive,Base Front Base,Base Front Base,be4d9f22553b4e77,5x120,72.6,M14x1.25B,34.00,34.00,"[""8x18"",""8x19""]","{""rear"":[],""front"":[""225/45R19"",""225/50R18""]}",deprecated-staggered-split,unknown,"""2026-05-07T21:45:59.143Z"""
ecc1783c-3a48-4f11-9130-8368808c24fc,2018,BMW,330i GT xDrive,Base Rear Base,Base Rear Base,2183d1140fc73286,5x120,72.6,M14x1.25B,34.00,34.00,"[""8x18"",""9x19""]","{""rear"":[""255/40R19"",""255/45R18""],""front"":[]}",deprecated-staggered-split,unknown,"""2026-05-07T21:45:59.143Z"""
2dca17c7-b588-4f49-966b-ce870fde042c,2018,BMW,330i xDrive,Base,Base,018607cdd2c1755c,5x120,72.6,M14x1.25B,34.00,34.00,"[""7.5x17"",""8x18""]","[""225/45R18"",""225/50R17""]",tgp_solutions,unknown,"""2026-05-07T21:45:59.143Z"""
6d08c8f2-61f3-4ea2-8e66-3fe85cd248e5,2018,BMW,330i xDrive,Base Front Base,Base Front Base,26727d146d3e2bd2,5x120,72.6,M14x1.25B,34.00,34.00,"[""8x18""]","{""rear"":[],""front"":[""225/45R18"",""225/45ZR18""]}",deprecated-staggered-split,unknown,"""2026-05-07T21:45:59.143Z"""
a097f22b-1e88-457d-b42a-3149d1574eab,2018,BMW,330i xDrive,Base Rear Base,Base Rear Base,9c354f60427ffeaf,5x120,72.6,M14x1.25B,34.00,34.00,"[""8.5x18""]","{""rear"":[""255/40R18"",""255/40ZR18""],""front"":[]}",deprecated-staggered-split,unknown,"""2026-05-07T21:45:59.143Z"""
828a7389-ac8f-4c7c-a68e-abde3689c6e4,2018,BMW,330i xDrive,Sports Wagon,Sports Wagon,098412c241d1443b,5x120,72.6,M14x1.25B,34.00,34.00,"[""7.5x17"",""8x18""]","[""225/45R18"",""225/50R17""]",tgp_solutions,unknown,"""2026-05-07T21:45:59.143Z"""
b93cec93-0a8c-494f-ad6f-b8c3a160fd3e,2018,BMW,330i xDrive,Sports Wagon Front Sports Wagon,Sports Wagon Front Sports Wagon,f82378ba1ab1b46f,5x120,72.6,M14x1.25B,34.00,34.00,"[""8x18"",""8x19""]","{""rear"":[],""front"":[""225/40R19"",""225/45ZR18""]}",deprecated-staggered-split,unknown,"""2026-05-07T21:45:59.143Z"""
effd95aa-f3d4-4baf-9388-0ca3b94ba805,2018,BMW,330i xDrive,Sports Wagon Rear Sports Wagon,Sports Wagon Rear Sports Wagon,e2be63802530525c,5x120,72.6,M14x1.25B,34.00,34.00,"[""8.5x18"",""8.5x19""]","{""rear"":[""255/35R19"",""255/40ZR18""],""front"":[]}",deprecated-staggered-split,unknown,"""2026-05-07T21:45:59.143Z"""
8e73cfc8-8701-4a83-858e-74ff308932d4,2018,BMW,340i,Base,Base,5e35a2853a1ec108,5x120,72.6,M14x1.25B,34.00,34.00,"[""8x18""]","[""225/45R18""]",tgp_solutions,unknown,"""2026-05-07T21:45:59.143Z"""
2be4d6f5-f0b6-4de8-90ed-643635ecba84,2018,BMW,340i,Base Front Base,Base Front Base,85bb4d0e3bd7ebfe,5x120,72.6,M14x1.25B,34.00,34.00,"[""8x18"",""8x19""]","{""rear"":[],""front"":[""225/40R19"",""225/45R18"",""225/45ZR18""]}",deprecated-staggered-split,unknown,"""2026-05-07T21:45:59.143Z"""
389113ab-9339-476c-ad8e-041187a1ae26,2018,BMW,340i,Base Rear Base,Base Rear Base,7f8db5bf21ef612e,5x120,72.6,M14x1.25B,34.00,34.00,"[""8.5x18"",""9x19""]","{""rear"":[""255/35R19"",""255/40R18"",""255/40ZR18""],""front"":[]}",deprecated-staggered-split,unknown,"""2026-05-07T21:45:59.143Z"""
a0322834-4782-44ca-85ec-ebf535a52ff4,2018,BMW,340i GT xDrive,Base,Base,2e85fdfaa9ed9210,5x120,72.6,M14x1.25B,34.00,34.00,"[""8x18"",""8x19""]","[""225/45R19"",""225/50R18""]",tgp_solutions,unknown,"""2026-05-07T21:45:59.143Z"""
3d39d50b-9f84-4238-8b52-7e3c78f3462e,2018,BMW,340i GT xDrive,Base Front Base,Base Front Base,338752125612e77b,5x120,72.6,M14x1.25B,34.00,34.00,"[""8x18"",""8x19""]","{""rear"":[],""front"":[""225/45R19"",""225/50R18""]}",deprecated-staggered-split,unknown,"""2026-05-07T21:45:59.143Z"""
a8ff34ac-6d78-477c-9bc2-10f05f1cba2d,2018,BMW,340i GT xDrive,Base Rear Base,Base Rear Base,a6866af1bce7a301,5x120,72.6,M14x1.25B,34.00,34.00,"[""8x18"",""9x19""]","{""rear"":[""255/40R19"",""255/45R18""],""front"":[]}",deprecated-staggered-split,unknown,"""2026-05-07T21:45:59.143Z"""
4e376597-6feb-4d34-b88d-778f35647d1c,2018,BMW,340i xDrive,Base,Base,0ac9ac0f44f4e920,5x120,72.6,M14x1.25B,34.00,34.00,"[""8x18""]","[""225/45R18""]",tgp_solutions,unknown,"""2026-05-07T21:45:59.143Z"""
88a9830d-933c-4027-a307-9a9a4d74e4df,2018,BMW,340i xDrive,Base Front Base,Base Front Base,231c7b79fb74dbda,5x120,72.6,M14x1.25B,34.00,34.00,"[""8x18"",""8x19""]","{""rear"":[],""front"":[""225/40R19"",""225/45R18"",""225/45ZR18""]}",deprecated-staggered-split,unknown,"""2026-05-07T21:45:59.143Z"""
6fe0e2b1-e3a1-4956-9d6f-85e8629b8927,2018,BMW,340i xDrive,Base Rear Base,Base Rear Base,d2b84bfae52370ae,5x120,72.6,M14x1.25B,34.00,34.00,"[""8.5x18"",""9x19""]","{""rear"":[""255/35R19"",""255/40R18"",""255/40ZR18""],""front"":[]}",deprecated-staggered-split,unknown,"""2026-05-07T21:45:59.143Z"""
d7b2aa7f-251d-4c25-82f2-99765645c31f,2018,BMW,430i,Convertible,Convertible,f92376d8dcd04186,5x120,72.6,M14x1.25B,46.00,46.00,"[""8x18"",""8x19""]","[""225/40R19"",""225/45R18""]",tgp_solutions,unknown,"""2026-05-07T21:45:59.143Z"""
ae5728e9-7612-4bad-8777-f7c9a089f255,2018,BMW,430i,Convertible Front Convertible,Convertible Front Convertible,9f32f4130bf58fb9,5x120,72.6,M14x1.25B,46.00,46.00,"[""8x18"",""8x19""]","{""rear"":[],""front"":[""225/40R19"",""225/45R18""]}",deprecated-staggered-split,unknown,"""2026-05-07T21:45:59.143Z"""
14190d8d-aa66-4284-9eb1-8f6279720510,2018,BMW,430i,Convertible Rear Convertible,Convertible Rear Convertible,e90d9bc557457750,5x120,72.6,M14x1.25B,46.00,46.00,"[""8.5x18"",""9x19""]","{""rear"":[""255/35R19"",""255/40R18""],""front"":[]}",deprecated-staggered-split,unknown,"""2026-05-07T21:45:59.143Z"""
80a3ca01-287c-436d-969a-2ad9bfe32f8d,2018,BMW,430i,Coupe,Coupe,e9d8bbaeb4855035,5x120,72.6,M14x1.25B,46.00,46.00,"[""8x18"",""8x19""]","[""225/40R19"",""225/45R18""]",tgp_solutions,unknown,"""2026-05-07T21:45:59.143Z"""
927136d7-874f-4a08-aa14-094d7c3405a4,2018,BMW,430i,Coupe Front Coupe,Coupe Front Coupe,41d803c22c920656,5x120,72.6,M14x1.25B,46.00,46.00,"[""8x18"",""8x19""]","{""rear"":[],""front"":[""225/40R19"",""225/45R18"",""225/45ZR18""]}",deprecated-staggered-split,unknown,"""2026-05-07T21:45:59.143Z"""
a242321b-bbe7-4582-ad3f-84b2a557f58e,2018,BMW,430i,Coupe Rear Coupe,Coupe Rear Coupe,2289772ab28b15f3,5x120,72.6,M14x1.25B,46.00,46.00,"[""8.5x18"",""9x19""]","{""rear"":[""255/35R19"",""255/40R18"",""255/40ZR18""],""front"":[]}",deprecated-staggered-split,unknown,"""2026-05-07T21:45:59.143Z"""
a9dbac86-99a5-4bb5-a72d-f36831b6e517,2018,BMW,430i Gran Coupe,Base,Base,82288ea44e8e1fea,5x120,72.6,M14x1.25B,46.00,46.00,"[""8x18""]","[""225/45R18""]",tgp_solutions,unknown,"""2026-05-07T21:45:59.143Z"""
655445bd-9d68-406b-aaad-efdd157eed6c,2018,BMW,430i Gran Coupe,Base Front Base,Base Front Base,6ad8740ee61ffe6b,5x120,72.6,M14x1.25B,46.00,46.00,"[""8x18"",""8x19""]","{""rear"":[],""front"":[""225/40R19"",""225/45R18"",""225/45ZR18""]}",deprecated-staggered-split,unknown,"""2026-05-07T21:45:59.143Z"""
847092f0-0b17-48c3-ac2c-58bfb431a7c9,2018,BMW,430i Gran Coupe,Base Rear Base,Base Rear Base,f0fa8a8dadea43a8,5x120,72.6,M14x1.25B,46.00,46.00,"[""8.5x18"",""9x19""]","{""rear"":[""255/35R19"",""255/40R18"",""255/40ZR18""],""front"":[]}",deprecated-staggered-split,unknown,"""2026-05-07T21:45:59.143Z"""
46f6feba-5d5f-4c60-b9b6-90d29ac1c3b2,2018,BMW,430i xDrive,Convertible,Convertible,f4710d18ae6e1e10,5x120,72.6,M14x1.25B,46.00,46.00,"[""8x18"",""8x19""]","[""225/40R19"",""225/45R18""]",tgp_solutions,unknown,"""2026-05-07T21:45:59.143Z"""
f935b6c6-7b83-4cb2-9c27-ec8cda362d05,2018,BMW,430i xDrive,Convertible Front Convertible,Convertible Front Convertible,518b10c988aebe8d,5x120,72.6,M14x1.25B,46.00,46.00,"[""8x18"",""8x19""]","{""rear"":[],""front"":[""225/40R19"",""225/45R18""]}",deprecated-staggered-split,unknown,"""2026-05-07T21:45:59.143Z"""
3d4dc91e-78aa-4dd8-a2bc-7b54aca6b2f7,2018,BMW,430i xDrive,Convertible Rear Convertible,Convertible Rear Convertible,1f711e272724752f,5x120,72.6,M14x1.25B,46.00,46.00,"[""8.5x18"",""9x19""]","{""rear"":[""255/35R19"",""255/40R18""],""front"":[]}",deprecated-staggered-split,unknown,"""2026-05-07T21:45:59.143Z"""
6cd86854-dfb6-4339-9d01-93f9c2327d00,2018,BMW,430i xDrive,Coupe,Coupe,2275886fcb7835a6,5x120,72.6,M14x1.25B,46.00,46.00,"[""8x18"",""8x19""]","[""225/40R19"",""225/45R18""]",tgp_solutions,unknown,"""2026-05-07T21:45:59.143Z"""
7d69b907-0b16-4792-ac9b-3442114e90db,2018,BMW,430i xDrive,Coupe Front Coupe,Coupe Front Coupe,504c645c3df5ff21,5x120,72.6,M14x1.25B,46.00,46.00,"[""8x18"",""8x19""]","{""rear"":[],""front"":[""225/40R19"",""225/45R18"",""225/45ZR18""]}",deprecated-staggered-split,unknown,"""2026-05-07T21:45:59.143Z"""
4874f283-46ca-463c-a7b7-1e62da245fe1,2018,BMW,430i xDrive,Coupe Rear Coupe,Coupe Rear Coupe,fca0a89627aa76ec,5x120,72.6,M14x1.25B,46.00,46.00,"[""8.5x18"",""9x19""]","{""rear"":[""255/35R19"",""255/40R18"",""255/40ZR18""],""front"":[]}",deprecated-staggered-split,unknown,"""2026-05-07T21:45:59.143Z"""
5782662d-7dd1-4ae3-a017-ba446d9ecbe2,2018,BMW,430i xDrive Gran Coupe,Base,Base,a74f635e2618d751,5x120,72.6,M14x1.25B,46.00,46.00,"[""8x18"",""8x19""]","[""225/40R19"",""225/45R18""]",tgp_solutions,unknown,"""2026-05-07T21:45:59.143Z"""
ff5e8c75-263c-402e-88fa-ae4798eea7b8,2018,BMW,430i xDrive Gran Coupe,Base Front Base,Base Front Base,74d0c807d63baa3d,5x120,72.6,M14x1.25B,46.00,46.00,"[""8x18"",""8x19""]","{""rear"":[],""front"":[""225/40R19"",""225/45R18"",""225/45ZR18""]}",deprecated-staggered-split,unknown,"""2026-05-07T21:45:59.143Z"""
0b19a915-ff67-4013-8873-03f8f8ff07dd,2018,BMW,430i xDrive Gran Coupe,Base Rear Base,Base Rear Base,0e84e16b6f7599d7,5x120,72.6,M14x1.25B,46.00,46.00,"[""8.5x18"",""9x19""]","{""rear"":[""255/35R19"",""255/40R18"",""255/40ZR18""],""front"":[]}",deprecated-staggered-split,unknown,"""2026-05-07T21:45:59.143Z"""
c8f1d3fc-fbfa-4f51-88c9-9377d30dd0ea,2018,BMW,440i,Convertible,Convertible,33291f7007f92b92,5x120,72.6,M14x1.25B,46.00,46.00,"[""8x18"",""9x19""]","[""225/40R19"",""225/45R18""]",tgp_solutions,unknown,"""2026-05-07T21:45:59.143Z"""
5415fb17-055b-42dd-bc57-29fa0576f511,2018,BMW,440i,Convertible Front Convertible,Convertible Front Convertible,b05efa12b15faa8b,5x120,72.6,M14x1.25B,46.00,46.00,"[""8x18"",""8x19""]","{""rear"":[],""front"":[""225/40R19"",""225/45R18""]}",deprecated-staggered-split,unknown,"""2026-05-07T21:45:59.143Z"""
02baf73c-f9f3-4aba-aed9-2cf1ef3ddd02,2018,BMW,440i,Convertible Rear Convertible,Convertible Rear Convertible,62d2244c237186b5,5x120,72.6,M14x1.25B,46.00,46.00,"[""8.5x18"",""9x19""]","{""rear"":[""255/35R19"",""255/40R18""],""front"":[]}",deprecated-staggered-split,unknown,"""2026-05-07T21:45:59.143Z"""
7662eb3e-1b5e-4baf-a57d-5564533e9a6a,2018,BMW,440i,Coupe,Coupe,65d9c7253ad1b861,5x120,72.6,M14x1.25B,46.00,46.00,"[""8x18"",""9x19""]","[""225/40R19"",""225/45R18""]",tgp_solutions,unknown,"""2026-05-07T21:45:59.143Z"""
218122b3-4786-4151-8812-95fd01941b44,2018,BMW,440i,Coupe Front Coupe,Coupe Front Coupe,fa00c90c06de1276,5x120,72.6,M14x1.25B,46.00,46.00,"[""8x18"",""8x19""]","{""rear"":[],""front"":[""225/40R19"",""225/45R18"",""225/45ZR18""]}",deprecated-staggered-split,unknown,"""2026-05-07T21:45:59.143Z"""
591c2982-3bff-4abd-b9e5-bd4703ac173d,2018,BMW,440i,Coupe Rear Coupe,Coupe Rear Coupe,54bedce0db4344c6,5x120,72.6,M14x1.25B,46.00,46.00,"[""8.5x18"",""9x19""]","{""rear"":[""255/35R19"",""255/40R18"",""255/40ZR18""],""front"":[]}",deprecated-staggered-split,unknown,"""2026-05-07T21:45:59.143Z"""
c8db3ed5-2b94-4599-8d5e-f81cf6f8040a,2018,BMW,440i Gran Coupe,Base,Base,6bbdc931c66b3fa8,5x120,72.6,M14x1.25B,46.00,46.00,"[""8x18"",""8x19""]","[""225/40R19"",""225/45R18""]",tgp_solutions,unknown,"""2026-05-07T21:45:59.143Z"""
43170f48-82e7-43c8-b220-db579b800ce9,2018,BMW,440i Gran Coupe,Base Front Base,Base Front Base,587fb02a6e8f4f51,5x120,72.6,M14x1.25B,46.00,46.00,"[""8x18"",""8x19""]","{""rear"":[],""front"":[""225/40R19"",""225/45R18"",""225/45ZR18""]}",deprecated-staggered-split,unknown,"""2026-05-07T21:45:59.143Z"""
e4d9403c-9319-4c5e-b25a-03a0509496e4,2018,BMW,440i Gran Coupe,Base Rear Base,Base Rear Base,13894e791b9d20c5,5x120,72.6,M14x1.25B,46.00,46.00,"[""8.5x18"",""9x19""]","{""rear"":[""255/35R19"",""255/40R18"",""255/40ZR18""],""front"":[]}",deprecated-staggered-split,unknown,"""2026-05-07T21:45:59.143Z"""
151a3797-02e1-4651-9f39-9811ef6aa59d,2018,BMW,440i xDrive,Convertible,Convertible,def02f97d34cd31e,5x120,72.6,M14x1.25B,46.00,46.00,"[""8x18"",""9x19""]","[""225/40R19"",""225/45R18""]",tgp_solutions,unknown,"""2026-05-07T21:45:59.143Z"""
fd352b85-58bb-4933-9bc0-54a8f2549f8b,2018,BMW,440i xDrive,Convertible Front Convertible,Convertible Front Convertible,5e830790500ed4b3,5x120,72.6,M14x1.25B,46.00,46.00,"[""8x18"",""8x19""]","{""rear"":[],""front"":[""225/40R19"",""225/45R18""]}",deprecated-staggered-split,unknown,"""2026-05-07T21:45:59.143Z"""
ffacdfe6-0aa4-407e-97f4-93fc9797415f,2018,BMW,440i xDrive,Convertible Rear Convertible,Convertible Rear Convertible,4147d8090def19f2,5x120,72.6,M14x1.25B,46.00,46.00,"[""8.5x18"",""9x19""]","{""rear"":[""255/35R19"",""255/40R18""],""front"":[]}",deprecated-staggered-split,unknown,"""2026-05-07T21:45:59.143Z"""
b0b0b473-d87f-429c-96a2-a617544c9ee5,2018,BMW,440i xDrive,Coupe,Coupe,59b80914d520ab27,5x120,72.6,M14x1.25B,46.00,46.00,"[""8x18"",""9x19""]","[""225/40R19"",""225/45R18""]",tgp_solutions,unknown,"""2026-05-07T21:45:59.143Z"""
898bba01-ae4a-4a78-872b-ceb6229f94e9,2018,BMW,440i xDrive,Coupe Front Coupe,Coupe Front Coupe,1e162faf4c364547,5x120,72.6,M14x1.25B,46.00,46.00,"[""8x18"",""8x19""]","{""rear"":[],""front"":[""225/40R19"",""225/45R18"",""225/45ZR18""]}",deprecated-staggered-split,unknown,"""2026-05-07T21:45:59.143Z"""
18973371-a5e8-4c73-a7e1-cfaaaf50d0a3,2018,BMW,440i xDrive,Coupe Rear Coupe,Coupe Rear Coupe,18a9c55e928ca810,5x120,72.6,M14x1.25B,46.00,46.00,"[""8.5x18"",""9x19""]","{""rear"":[""255/35R19"",""255/40R18"",""255/40ZR18""],""front"":[]}",deprecated-staggered-split,unknown,"""2026-05-07T21:45:59.143Z"""
9e64302e-7d27-4040-838e-afe1f1f19333,2018,BMW,440i xDrive Gran Coupe,Base,Base,7910e41c5669a766,5x120,72.6,M14x1.25B,46.00,46.00,"[""8x18"",""8x19""]","[""225/40R19"",""225/45R18""]",tgp_solutions,unknown,"""2026-05-07T21:45:59.143Z"""
0db9184d-75ed-4c18-9699-bae8ae147575,2018,BMW,440i xDrive Gran Coupe,Base Front Base,Base Front Base,ae35490bf2550aa9,5x120,72.6,M14x1.25B,46.00,46.00,"[""8x18"",""8x19""]","{""rear"":[],""front"":[""225/40R19"",""225/45R18"",""225/45ZR18""]}",deprecated-staggered-split,unknown,"""2026-05-07T21:45:59.143Z"""
24d383d9-bfd2-4034-a51a-c927856270f7,2018,BMW,440i xDrive Gran Coupe,Base Rear Base,Base Rear Base,f8a21f27f572d41c,5x120,72.6,M14x1.25B,46.00,46.00,"[""8.5x18"",""9x19""]","{""rear"":[""255/35R19"",""255/40R18"",""255/40ZR18""],""front"":[]}",deprecated-staggered-split,unknown,"""2026-05-07T21:45:59.143Z"""
885d2312-4c54-476d-b708-c8ab969311b0,2018,BMW,530e,Base,Base,62e1f01a0f6d188e,5x112,66.6,M14x1.25B,30.00,30.00,"[""8.5x19"",""8x18""]","[""245/40R19"",""245/45R18""]",tgp_solutions,unknown,"""2026-05-07T21:45:59.143Z"""
2f61689a-1bc3-4da9-b079-180258491b80,2018,BMW,530e,Base Front Base,Base Front Base,c611959058475b1e,5x112,66.6,M14x1.25B,30.00,30.00,"[""8.5x19""]","{""rear"":[],""front"":[""245/40R19""]}",deprecated-staggered-split,unknown,"""2026-05-07T21:45:59.143Z"""
3fb0e043-a38c-44db-89fd-6c82237ad874,2018,BMW,530e,Base Rear Base,Base Rear Base,2d4e5269cae5bb9e,5x112,66.6,M14x1.25B,30.00,30.00,"[""10x19""]","{""rear"":[""275/35R19""],""front"":[]}",deprecated-staggered-split,unknown,"""2026-05-07T21:45:59.143Z"""
086975f6-e174-4d5b-9675-70de2c388bed,2018,BMW,530e xDrive,Base,Base,5e06276a165e70f0,5x112,66.6,M14x1.25B,30.00,30.00,"[""8.5x18"",""9.5x19""]","[""245/40R19"",""245/45R18""]",tgp_solutions,unknown,"""2026-05-07T21:45:59.143Z"""
e45c0990-c4df-40ce-aff2-71e034cdd2fb,2018,BMW,530e xDrive,Base Front Base,Base Front Base,92c3a514241e84f6,5x112,66.6,M14x1.25B,30.00,30.00,"[""8.5x19""]","{""rear"":[],""front"":[""245/40R19""]}",deprecated-staggered-split,unknown,"""2026-05-07T21:45:59.143Z"""
46846880-7bb1-4de8-babd-a55fdb63a3ea,2018,BMW,530e xDrive,Base Rear Base,Base Rear Base,74b4eb681f42e9db,5x112,66.6,M14x1.25B,30.00,30.00,"[""10x19""]","{""rear"":[""275/35R19""],""front"":[]}",deprecated-staggered-split,unknown,"""2026-05-07T21:45:59.143Z"""
ced41171-e06e-4418-b829-a3aad34d345f,2018,BMW,530i,Base,Base,b15162ecaaead150,5x112,66.6,M14x1.25B,30.00,30.00,"[""8x18"",""8x19""]","[""245/40R19"",""245/45R18""]",tgp_solutions,unknown,"""2026-05-07T21:45:59.143Z"""
1eb8d2e6-0437-42be-aa55-d9846de64a8d,2018,BMW,530i,Base Front Base,Base Front Base,9a8a54903a29a25b,5x112,66.6,M14x1.25B,30.00,30.00,"[""8x19""]","{""rear"":[],""front"":[""245/40R19""]}",deprecated-staggered-split,unknown,"""2026-05-07T21:45:59.143Z"""
58458342-dfe3-48e0-85d5-78450efb38ef,2018,BMW,530i,Base Rear Base,Base Rear Base,f6180fc73d455a49,5x112,66.6,M14x1.25B,30.00,30.00,"[""9x19""]","{""rear"":[""275/35R19""],""front"":[]}",deprecated-staggered-split,unknown,"""2026-05-07T21:45:59.143Z"""
a4def073-3c25-4cc5-a568-4f49072e09be,2018,BMW,530i xDrive,Base,Base,6fcb1a9c84006d96,5x112,66.6,M14x1.25B,30.00,30.00,"[""8x18"",""8x19""]","[""245/40R19"",""245/45R18""]",tgp_solutions,unknown,"""2026-05-07T21:45:59.143Z"""
1f681e23-427a-4f1b-b33f-d39063a3b9b8,2018,BMW,530i xDrive,Base Front Base,Base Front Base,52353639fe270ce0,5x112,66.6,M14x1.25B,30.00,30.00,"[""8x19""]","{""rear"":[],""front"":[""245/40R19""]}",deprecated-staggered-split,unknown,"""2026-05-07T21:45:59.143Z"""
6a645f41-e84d-449b-bab4-35a3ba50af90,2018,BMW,530i xDrive,Base Rear Base,Base Rear Base,9ea46703b1ccb21c,5x112,66.6,M14x1.25B,30.00,30.00,"[""9x19""]","{""rear"":[""275/35R19""],""front"":[]}",deprecated-staggered-split,unknown,"""2026-05-07T21:45:59.143Z"""
6b64d4dc-e7ea-48ac-848c-e61f198d9844,2018,BMW,540d xDrive,Base,Base,c8035e4ac933f2e4,5x112,66.6,M14x1.25B,30.00,30.00,"[""8.5x19"",""8x18""]","[""245/40R19"",""245/45R18""]",tgp_solutions,unknown,"""2026-05-07T21:45:59.143Z"""
a0f76487-48f2-4ff2-bd53-fb47368d2f9c,2018,BMW,540d xDrive,Base Front Base,Base Front Base,bf3cee2214ac3a1d,5x112,66.6,M14x1.25B,30.00,30.00,"[""8.5x19"",""8.5x20""]","{""rear"":[],""front"":[""245/35R20"",""245/40R19""]}",deprecated-staggered-split,unknown,"""2026-05-07T21:45:59.143Z"""
4a9d0512-f5eb-4ef6-ad02-cbd56aebff87,2018,BMW,540d xDrive,Base Rear Base,Base Rear Base,9fd17150c6d1e513,5x112,66.6,M14x1.25B,30.00,30.00,"[""10x19"",""9.5x20""]","{""rear"":[""275/30R20"",""275/35R19""],""front"":[]}",deprecated-staggered-split,unknown,"""2026-05-07T21:45:59.143Z"""
b9d6df9e-3b7e-4a6a-87e5-5b41f8597a9d,2018,BMW,540i,Base,Base,b2e245c58b4f56a7,5x112,66.6,M14x1.25B,30.00,30.00,"[""8x18"",""8x19""]","[""245/40R19"",""245/45R18""]",tgp_solutions,unknown,"""2026-05-07T21:45:59.143Z"""
651bd7c7-3908-4099-948e-083296207073,2018,BMW,540i,Base Front Base,Base Front Base,0c838cace052c9fe,5x112,66.6,M14x1.25B,30.00,30.00,"[""8x19"",""8x20""]","{""rear"":[],""front"":[""245/35R20"",""245/40R19""]}",deprecated-staggered-split,unknown,"""2026-05-07T21:45:59.143Z"""
24635538-5685-4517-af8b-d3e41a77dd9c,2018,BMW,540i,Base Rear Base,Base Rear Base,8f8007c680a62f37,5x112,66.6,M14x1.25B,30.00,30.00,"[""9x19"",""9x20""]","{""rear"":[""275/30R20"",""275/35R19""],""front"":[]}",deprecated-staggered-split,unknown,"""2026-05-07T21:45:59.143Z"""
5f759b07-8ce4-44e7-833e-abf8e99069cb,2018,BMW,540i xDrive,Base,Base,429cfcb3cce59c3b,5x112,66.6,M14x1.25B,30.00,30.00,"[""8x18"",""8x19""]","[""245/40R19"",""245/45R18""]",tgp_solutions,unknown,"""2026-05-07T21:45:59.143Z"""
22ed916c-05c9-42dd-ba33-1f462bcc294b,2018,BMW,540i xDrive,Base Front Base,Base Front Base,b230cd747ebe4687,5x112,66.6,M14x1.25B,30.00,30.00,"[""8x19"",""8x20""]","{""rear"":[],""front"":[""245/35R20"",""245/40R19""]}",deprecated-staggered-split,unknown,"""2026-05-07T21:45:59.143Z"""
4734fb4a-c862-446d-9c1a-5b014329e736,2018,BMW,540i xDrive,Base Rear Base,Base Rear Base,21c1d70194827fe8,5x112,66.6,M14x1.25B,30.00,30.00,"[""9x19"",""9x20""]","{""rear"":[""275/30R20"",""275/35R19""],""front"":[]}",deprecated-staggered-split,unknown,"""2026-05-07T21:45:59.143Z"""
4d7e791c-0060-4b1e-a01e-82b92bbec906,2018,BMW,640i,Convertible,Convertible,4d54fc9f8a5ce944,5x120,72.6,M14x1.25B,24.00,24.00,"[""8.5x19"",""8x18""]","[""245/40R19"",""245/45R18""]",tgp_solutions,unknown,"""2026-05-07T21:45:59.143Z"""
64120b11-8e45-41f5-83f0-a808f98031ce,2018,BMW,640i,Convertible Front Convertible,Convertible Front Convertible,2162d1af241f1a12,5x120,72.6,M14x1.25B,24.00,24.00,"[""8.5x19"",""8.5x20""]","{""rear"":[],""front"":[""245/35R20"",""245/40R19""]}",deprecated-staggered-split,unknown,"""2026-05-07T21:45:59.143Z"""
ed544fb8-4855-449d-905d-197a14df6e9d,2018,BMW,640i,Convertible Rear Convertible,Convertible Rear Convertible,f1853508d6a7e874,5x120,72.6,M14x1.25B,24.00,24.00,"[""9x19"",""9x20""]","{""rear"":[""275/30R20"",""275/35R19""],""front"":[]}",deprecated-staggered-split,unknown,"""2026-05-07T21:45:59.143Z"""
b7881ae2-1be3-412c-bdd8-510929776aff,2018,BMW,640i Gran Coupe,Base,Base,e5d4ffd98bfd0f19,5x120,72.6,M14x1.25B,24.00,24.00,"[""8.5x19"",""8x18""]","[""245/40R19"",""245/45R18""]",tgp_solutions,unknown,"""2026-05-07T21:45:59.143Z"""
5caef2f5-d339-4510-a1dc-31b007d609a6,2018,BMW,640i Gran Coupe,Base Front Base,Base Front Base,e2a3ff682782aed0,5x120,72.6,M14x1.25B,24.00,24.00,"[""8.5x19"",""8.5x20""]","{""rear"":[],""front"":[""245/35R20"",""245/40R19""]}",deprecated-staggered-split,unknown,"""2026-05-07T21:45:59.143Z"""
0db19fc5-0e70-40af-8d00-4adf7e63f62d,2018,BMW,640i Gran Coupe,Base Rear Base,Base Rear Base,f469068844162c06,5x120,72.6,M14x1.25B,24.00,24.00,"[""9x19"",""9x20""]","{""rear"":[""275/30R20"",""275/35R19""],""front"":[]}",deprecated-staggered-split,unknown,"""2026-05-07T21:45:59.143Z"""
cbfe4570-cfda-400c-b30d-594359ca6dcb,2018,BMW,640i xDrive,Convertible,Convertible,dc2480fd6bfb886b,5x120,72.6,M14x1.25B,24.00,24.00,"[""8.5x19"",""8x18""]","[""245/40R19"",""245/45R18""]",tgp_solutions,unknown,"""2026-05-07T21:45:59.143Z"""
842a732a-2b2c-44fb-9a83-77e5fcb9d380,2018,BMW,640i xDrive,Convertible Front Convertible,Convertible Front Convertible,4a711292aa8fc95f,5x120,72.6,M14x1.25B,24.00,24.00,"[""8.5x19"",""8.5x20""]","{""rear"":[],""front"":[""245/35R20"",""245/40R19""]}",deprecated-staggered-split,unknown,"""2026-05-07T21:45:59.143Z"""
c79e15c9-b032-4eb4-a02d-493beec8a206,2018,BMW,640i xDrive,Convertible Rear Convertible,Convertible Rear Convertible,a06c344ea9d13bb2,5x120,72.6,M14x1.25B,24.00,24.00,"[""9x19"",""9x20""]","{""rear"":[""275/30R20"",""275/35R19""],""front"":[]}",deprecated-staggered-split,unknown,"""2026-05-07T21:45:59.143Z"""
86db954e-fb14-4425-b044-ebd0cfb88163,2018,BMW,640i xDrive Gran Coupe,Base,Base,9df9caf40862250d,5x120,72.6,M14x1.25B,24.00,24.00,"[""8.5x19"",""8x18""]","[""245/40R19"",""245/45R18""]",tgp_solutions,unknown,"""2026-05-07T21:45:59.143Z"""
eb8fb4cb-68b8-435b-aa8e-0c0ec3be9cc3,2018,BMW,640i xDrive Gran Coupe,Base Front Base,Base Front Base,1d5e6c7273f7d006,5x120,72.6,M14x1.25B,24.00,24.00,"[""8.5x19"",""8.5x20""]","{""rear"":[],""front"":[""245/35R20"",""245/40R19""]}",deprecated-staggered-split,unknown,"""2026-05-07T21:45:59.143Z"""
5c413b95-5f71-4193-8b39-67988b4edea4,2018,BMW,640i xDrive Gran Coupe,Base Rear Base,Base Rear Base,ce1256767f72d447,5x120,72.6,M14x1.25B,24.00,24.00,"[""9x19"",""9x20""]","{""rear"":[""275/30R20"",""275/35R19""],""front"":[]}",deprecated-staggered-split,unknown,"""2026-05-07T21:45:59.143Z"""
c7788832-c336-4e75-8657-06d80f38d9c3,2018,BMW,640i xDrive Gran Turismo,Base,Base,6394959fde5ba6a4,5x120,72.6,M14x1.25B,30.00,30.00,"[""8.5x19""]","[""245/45R19""]",tgp_solutions,unknown,"""2026-05-07T21:45:59.143Z"""
7578ab66-ae0a-4c04-88fc-efb160357290,2018,BMW,640i xDrive Gran Turismo,Base Front Base,Base Front Base,1f41fe739fd95d02,5x120,72.6,M14x1.25B,30.00,30.00,"[""8.5x19"",""8.5x20""]","{""rear"":[],""front"":[""245/40R20"",""245/45R19""]}",deprecated-staggered-split,unknown,"""2026-05-07T21:45:59.143Z"""
90db3ffc-7002-4289-bdb4-c4036e10419f,2018,BMW,640i xDrive Gran Turismo,Base Rear Base,Base Rear Base,618ddff39be4a15d,5x120,72.6,M14x1.25B,30.00,30.00,"[""10x20"",""9.5x19""]","{""rear"":[""275/35R20"",""275/40R19""],""front"":[]}",deprecated-staggered-split,unknown,"""2026-05-07T21:45:59.143Z"""
b0834b5a-ecbb-4151-8832-b4de1fab89a2,2018,BMW,650i,Convertible,Convertible,8d07a3ca27a27d81,5x120,72.6,M14x1.25B,24.00,24.00,"[""8.5x19""]","[""245/40R19""]",tgp_solutions,unknown,"""2026-05-07T21:45:59.143Z"""
77937f86-511c-4900-ad35-da9ff7004234,2018,BMW,650i,Convertible Front Convertible,Convertible Front Convertible,8d98741b20dfd338,5x120,72.6,M14x1.25B,24.00,24.00,"[""8.5x19"",""8.5x20""]","{""rear"":[],""front"":[""245/35R20"",""245/40R19""]}",deprecated-staggered-split,unknown,"""2026-05-07T21:45:59.143Z"""
d2d4b965-e51e-46a7-a703-2258e8381ce9,2018,BMW,650i,Convertible Rear Convertible,Convertible Rear Convertible,175dd00f1fb4d302,5x120,72.6,M14x1.25B,24.00,24.00,"[""9x19"",""9x20""]","{""rear"":[""275/30R20"",""275/35R19""],""front"":[]}",deprecated-staggered-split,unknown,"""2026-05-07T21:45:59.143Z"""
39619f8e-be6b-4334-bcac-763b6b1c21d3,2018,BMW,650i Gran Coupe,Base,Base,e2f22295a4ede9b6,5x120,72.6,M14x1.25B,24.00,24.00,"[""8.5x19""]","[""245/40R19""]",tgp_solutions,unknown,"""2026-05-07T21:45:59.143Z"""
2e785e30-dd7b-48af-a04a-30a9ba15f1a9,2018,BMW,650i Gran Coupe,Base Front Base,Base Front Base,181c94cb5907502f,5x120,72.6,M14x1.25B,24.00,24.00,"[""8.5x19"",""8.5x20""]","{""rear"":[],""front"":[""245/35R20"",""245/40R19""]}",deprecated-staggered-split,unknown,"""2026-05-07T21:45:59.143Z"""
ebc1479a-bda2-4629-835b-61aeff1da68c,2018,BMW,650i Gran Coupe,Base Rear Base,Base Rear Base,5ad411f86a7024c7,5x120,72.6,M14x1.25B,24.00,24.00,"[""9x19"",""9x20""]","{""rear"":[""275/30R20"",""275/35R19""],""front"":[]}",deprecated-staggered-split,unknown,"""2026-05-07T21:45:59.143Z"""
a42b188c-3a51-4a94-930b-5aab7c432e87,2018,BMW,650i xDrive,Convertible,Convertible,9fb1379b3c5439ea,5x120,72.6,M14x1.25B,24.00,24.00,"[""8.5x19""]","[""245/40R19""]",tgp_solutions,unknown,"""2026-05-07T21:45:59.143Z"""
0c994447-00d8-4654-91d5-af6462ec5a69,2018,BMW,650i xDrive,Convertible Front Convertible,Convertible Front Convertible,746f00dfa490616b,5x120,72.6,M14x1.25B,24.00,24.00,"[""8.5x19"",""8.5x20""]","{""rear"":[],""front"":[""245/35R20"",""245/40R19""]}",deprecated-staggered-split,unknown,"""2026-05-07T21:45:59.143Z"""
bbd44aed-02a6-410a-9da1-63d73f8aea49,2018,BMW,650i xDrive,Convertible Rear Convertible,Convertible Rear Convertible,4dd633b71b415342,5x120,72.6,M14x1.25B,24.00,24.00,"[""9x19"",""9x20""]","{""rear"":[""275/30R20"",""275/35R19""],""front"":[]}",deprecated-staggered-split,unknown,"""2026-05-07T21:45:59.143Z"""
2d04284b-b0ac-4da5-b658-fea827512214,2018,BMW,650i xDrive Gran Coupe,Base,Base,4799405356c45a40,5x120,72.6,M14x1.25B,24.00,24.00,"[""8.5x19""]","[""245/40R19""]",tgp_solutions,unknown,"""2026-05-07T21:45:59.143Z"""
e574cee7-730e-46f4-9d13-acd48600b85a,2018,BMW,650i xDrive Gran Coupe,M Sport,M Sport,42a30b935b3e3691,5x120,72.6,M14x1.25B,24.00,24.00,"[""8.5x19""]","[""245/40R19""]",tgp_solutions,unknown,"""2026-05-07T21:45:59.143Z"""
a17a4572-38de-4a55-aa85-273344a2a45e,2018,BMW,650i xDrive Gran Coupe,M Sport Front M Sport,M Sport Front M Sport,a0e695488ce54d3c,5x120,72.6,M14x1.25B,24.00,24.00,"[""8.5x19"",""8.5x20""]","{""rear"":[],""front"":[""245/35R20"",""245/40R19""]}",deprecated-staggered-split,unknown,"""2026-05-07T21:45:59.143Z"""
eedff5c8-3203-4130-8890-83fd5eda2718,2018,BMW,650i xDrive Gran Coupe,M Sport Rear M Sport,M Sport Rear M Sport,8768b91ffecd272c,5x120,72.6,M14x1.25B,24.00,24.00,"[""9x19"",""9x20""]","{""rear"":[""275/30R20"",""275/35R19""],""front"":[]}",deprecated-staggered-split,unknown,"""2026-05-07T21:45:59.143Z"""
f8c4a582-f77b-4572-9fec-ef1c851c0f4a,2018,BMW,740e xDrive,iPerformance,iPerformance,58f3b19304a2b050,5x112,72.6,M14x1.25B,30.00,30.00,"[""8.5x19"",""8x18""]","[""245/45R19"",""245/50R18""]",tgp_solutions,unknown,"""2026-05-07T21:45:59.143Z"""
caaba8e9-0316-4b1b-8285-9b09ffcc6144,2018,BMW,740e xDrive,iPerformance Front iPerformance,iPerformance Front iPerformance,ccce30da8e31f741,5x112,72.6,M14x1.25B,30.00,30.00,"[""8.5x19""]","{""rear"":[],""front"":[""245/45R19""]}",deprecated-staggered-split,unknown,"""2026-05-07T21:45:59.143Z"""
b558b434-3fae-421c-96f8-e637ef78164e,2018,BMW,740e xDrive,iPerformance Rear iPerformance,iPerformance Rear iPerformance,085804d113621f96,5x112,72.6,M14x1.25B,30.00,30.00,"[""8.5x19""]","{""rear"":[""275/40R19""],""front"":[]}",deprecated-staggered-split,unknown,"""2026-05-07T21:45:59.143Z"""
bc09b06f-dc6e-41f1-8dcf-4c5c3c3fd907,2018,BMW,740i,Base,Base,a0a47226b98271cd,5x112,72.6,M14x1.25B,30.00,30.00,"[""8.5x19"",""8x18""]","[""245/45R19"",""245/50R18""]",tgp_solutions,unknown,"""2026-05-07T21:45:59.143Z"""
a0989429-7a9d-4d61-826c-643e01cb9fcd,2018,BMW,740i,Base Front Base,Base Front Base,751b1cc300675887,5x112,72.6,M14x1.25B,30.00,30.00,"[""8.5x19"",""8.5x20""]","{""rear"":[],""front"":[""245/40R20"",""245/45R19""]}",deprecated-staggered-split,unknown,"""2026-05-07T21:45:59.143Z"""
91efc7da-f86d-4fd5-8550-ffd1e8111558,2018,BMW,740i,Base Rear Base,Base Rear Base,4b5b9f0b7dfc94f9,5x112,72.6,M14x1.25B,30.00,30.00,"[""10x20"",""9.5x19""]","{""rear"":[""275/35R20"",""275/40R19""],""front"":[]}",deprecated-staggered-split,unknown,"""2026-05-07T21:45:59.143Z"""
ae35f8dc-2647-4919-a982-2b7fdd4d9d94,2018,BMW,740i xDrive,Base,Base,563b9caa574bb360,5x112,72.6,M14x1.25B,30.00,30.00,"[""8.5x19"",""8x18""]","[""245/45R19"",""245/50R18""]",tgp_solutions,unknown,"""2026-05-07T21:45:59.143Z"""
1357f748-38d7-4bb1-9da8-b4880bc20b5b,2018,BMW,740i xDrive,Base Front Base,Base Front Base,789770a3b6c85423,5x112,72.6,M14x1.25B,30.00,30.00,"[""8.5x19"",""8.5x20""]","{""rear"":[],""front"":[""245/40R20"",""245/45R19""]}",deprecated-staggered-split,unknown,"""2026-05-07T21:45:59.143Z"""
82e1111b-baab-4fb3-8916-e122b81fc029,2018,BMW,740i xDrive,Base Rear Base,Base Rear Base,1b3e99bbb00bc31d,5x112,72.6,M14x1.25B,30.00,30.00,"[""10x20"",""9.5x19""]","{""rear"":[""275/35R20"",""275/40R19""],""front"":[]}",deprecated-staggered-split,unknown,"""2026-05-07T21:45:59.143Z"""
c507be2d-471a-4970-a2ad-9f52707cd769,2018,BMW,750i,Base,Base,d273f5caf2ba2698,5x112,72.6,M14x1.25B,30.00,30.00,"[""8.5x19"",""8x18""]","[""245/45R19"",""245/50R18""]",tgp_solutions,unknown,"""2026-05-07T21:45:59.143Z"""
c0dbf9ac-2812-4e08-a843-9083914c0f85,2018,BMW,750i,Base Front Base,Base Front Base,95a24c0e70498e41,5x112,72.6,M14x1.25B,30.00,30.00,"[""8.5x19"",""8.5x20""]","{""rear"":[],""front"":[""245/40R20"",""245/45R19""]}",deprecated-staggered-split,unknown,"""2026-05-07T21:45:59.143Z"""
e70bfcff-e5be-4845-b24e-afcae4a2414d,2018,BMW,750i,Base Rear Base,Base Rear Base,dc8354aff4e70058,5x112,72.6,M14x1.25B,30.00,30.00,"[""10x20"",""9.5x19""]","{""rear"":[""275/35R20"",""275/40R19""],""front"":[]}",deprecated-staggered-split,unknown,"""2026-05-07T21:45:59.143Z"""
a06cbd3d-7af9-45dd-89a1-c44a35d9575e,2018,BMW,750i xDrive,Base,Base,2d2b9c555d895e70,5x112,72.6,M14x1.25B,30.00,30.00,"[""8.5x19"",""8x18""]","[""245/45R19"",""245/50R18""]",tgp_solutions,unknown,"""2026-05-07T21:45:59.143Z"""
ef024f1c-279f-4041-9451-2ea415ce85dd,2018,BMW,750i xDrive,Base Front Base,Base Front Base,17f2d66cb9f30dba,5x112,72.6,M14x1.25B,30.00,30.00,"[""8.5x19"",""8.5x20""]","{""rear"":[],""front"":[""245/40R20"",""245/45R19""]}",deprecated-staggered-split,unknown,"""2026-05-07T21:45:59.143Z"""
6086285d-e02e-4653-9ac2-00be5cf511e2,2018,BMW,750i xDrive,Base Rear Base,Base Rear Base,cd5567a8869ad5a4,5x112,72.6,M14x1.25B,30.00,30.00,"[""10x20"",""9x19""]","{""rear"":[""275/35R20"",""275/40R19""],""front"":[]}",deprecated-staggered-split,unknown,"""2026-05-07T21:45:59.143Z"""
9522c9ce-96ce-4c27-81b4-dcbbc951ba8c,2018,BMW,Alpina B6 xDrive Gran Coupe,Base,Base,54f6e6c3b39c60f6,5x120,72.6,M14x1.25B,24.00,24.00,"[""8.5x19""]","[""245/40R19""]",tgp_solutions,unknown,"""2026-05-07T21:45:59.143Z"""
97f99d6a-f6ac-412a-a0c8-938ccbc40f33,2018,BMW,Alpina B6 xDrive Gran Coupe,Base Front Base,Base Front Base,8cce7aa7ef549826,5x120,72.6,M14x1.25B,24.00,24.00,"[""8.5x20""]","{""rear"":[],""front"":[""245/35R20""]}",deprecated-staggered-split,unknown,"""2026-05-07T21:45:59.143Z"""
e9d792f7-d846-4181-9a83-04c79576006d,2018,BMW,Alpina B6 xDrive Gran Coupe,Base Rear Base,Base Rear Base,5fb7e82f31c7a45c,5x120,72.6,M14x1.25B,24.00,24.00,"[""9x20""]","{""rear"":[""275/30R20""],""front"":[]}",deprecated-staggered-split,unknown,"""2026-05-07T21:45:59.143Z"""
6638cae8-4d4e-477c-bd60-ceb72a5abadb,2018,BMW,Alpina B7,xDrive (21 Inch Option) Front xDrive (21 Inch Option),xDrive (21 Inch Option) Front xDrive (21 Inch Option),c1899fbd3521523f,5x112,72.6,M14x1.25B,30.00,30.00,"[""8.5x21""]","{""rear"":[],""front"":[""255/35ZR21""]}",deprecated-staggered-split,unknown,"""2026-05-07T21:45:59.143Z"""
86dc271d-6193-4694-afa1-db0b18e25c3f,2018,BMW,Alpina B7,xDrive (21 Inch Option) Rear xDrive (21 Inch Option),xDrive (21 Inch Option) Rear xDrive (21 Inch Option),ce38d79fb78e0e40,5x112,72.6,M14x1.25B,30.00,30.00,"[""10x21""]","{""rear"":[""295/30ZR21""],""front"":[]}",deprecated-staggered-split,unknown,"""2026-05-07T21:45:59.143Z"""
9ccbfe9d-3293-4b32-ba66-d74b7a961e8a,2018,BMW,Alpina B7,xDrive Front xDrive,xDrive Front xDrive,d8d2fe8bb91de33f,5x112,72.6,M14x1.25B,30.00,30.00,"[""8.5x20""]","{""rear"":[],""front"":[""255/40R20"",""255/40ZR20""]}",deprecated-staggered-split,unknown,"""2026-05-07T21:45:59.143Z"""
0e8877bd-f0b1-4ad3-a598-db5d2661d82b,2018,BMW,Alpina B7,xDrive Rear xDrive,xDrive Rear xDrive,4a7339219db60af9,5x112,72.6,M14x1.25B,30.00,30.00,"[""10x20""]","{""rear"":[""295/35R20"",""295/35ZR20""],""front"":[]}",deprecated-staggered-split,unknown,"""2026-05-07T21:45:59.143Z"""
f0bc3f87-7367-4070-a9f7-7aa3e775963f,2018,BMW,M2,Base Front Base,Base Front Base,d5137db0e5e0765c,5x120,72.6,M14x1.25B,,,"[""9x19""]","{""rear"":[],""front"":[""245/35ZR19""]}",deprecated-staggered-split,unknown,"""2026-05-07T21:45:59.143Z"""
65e354bb-61ed-464c-ad57-5f7575fd88fb,2018,BMW,M2,Base Rear Base,Base Rear Base,6ea2b8111174d528,5x120,72.6,M14x1.25B,,,"[""10x19""]","{""rear"":[""265/35ZR19""],""front"":[]}",deprecated-staggered-split,unknown,"""2026-05-07T21:45:59.143Z"""
b1314161-9677-48f3-a740-203164d546c3,2018,BMW,M240i,Convertible,Convertible,dde7c497ed077b70,5x120,72.6,M14x1.25B,42.00,42.00,"[""7.5x18""]","[""225/40R18""]",tgp_solutions,unknown,"""2026-05-07T21:45:59.143Z"""
a56692a7-fd1e-4afa-a898-017cdf150bd9,2018,BMW,M240i,Convertible Front Convertible,Convertible Front Convertible,812f2e7e18a6a112,5x120,72.6,M14x1.25B,42.00,42.00,"[""7.5x18""]","{""rear"":[],""front"":[""225/40ZR18""]}",deprecated-staggered-split,unknown,"""2026-05-07T21:45:59.143Z"""
a6f8d8dd-d560-4e71-8454-1d08484f57ce,2018,BMW,M240i,Convertible Rear Convertible,Convertible Rear Convertible,7d64284a31dfd6cc,5x120,72.6,M14x1.25B,42.00,42.00,"[""8x18""]","{""rear"":[""245/35ZR18""],""front"":[]}",deprecated-staggered-split,unknown,"""2026-05-07T21:45:59.143Z"""
20b1b41f-e511-4fe9-8e0a-2e2fe724f53b,2018,BMW,M240i,Coupe,Coupe,c909730fee752264,5x120,72.6,M14x1.25B,42.00,42.00,"[""7.5x18""]","[""225/40R18""]",tgp_solutions,unknown,"""2026-05-07T21:45:59.143Z"""
2662ac27-3d88-4dac-a640-4f5f729933ad,2018,BMW,M240i,Coupe Front Coupe,Coupe Front Coupe,30760def8bba6eb8,5x120,72.6,M14x1.25B,42.00,42.00,"[""7.5x18""]","{""rear"":[],""front"":[""225/40ZR18""]}",deprecated-staggered-split,unknown,"""2026-05-07T21:45:59.143Z"""
21092ab7-ea6b-4089-a52f-73b921669a4e,2018,BMW,M240i,Coupe Rear Coupe,Coupe Rear Coupe,9fd2ab73e450918b,5x120,72.6,M14x1.25B,42.00,42.00,"[""8x18""]","{""rear"":[""245/35ZR18""],""front"":[]}",deprecated-staggered-split,unknown,"""2026-05-07T21:45:59.143Z"""
214d12f9-286e-42fb-bbcf-b8e488b0615f,2018,BMW,M240i xDrive,Convertible,Convertible,73cb553d10042bdf,5x120,72.6,M14x1.25B,42.00,42.00,"[""7.5x18""]","[""225/40R18""]",tgp_solutions,unknown,"""2026-05-07T21:45:59.143Z"""
9b8bb0a8-6b6c-4227-b45a-5be7086a7542,2018,BMW,M240i xDrive,Convertible Front Convertible,Convertible Front Convertible,6e00f0d86fe20b95,5x120,72.6,M14x1.25B,42.00,42.00,"[""7.5x18""]","{""rear"":[],""front"":[""225/40ZR18""]}",deprecated-staggered-split,unknown,"""2026-05-07T21:45:59.143Z"""
bddc73d1-62f5-4533-9e8a-372bf03a98a8,2018,BMW,M240i xDrive,Convertible Rear Convertible,Convertible Rear Convertible,4635e3635c158c8f,5x120,72.6,M14x1.25B,42.00,42.00,"[""8x18""]","{""rear"":[""245/35ZR18""],""front"":[]}",deprecated-staggered-split,unknown,"""2026-05-07T21:45:59.143Z"""
66e72c81-b411-4294-845f-d0bc2f14c7d9,2018,BMW,M240i xDrive,Coupe,Coupe,68785d3a04ffab6c,5x120,72.6,M14x1.25B,42.00,42.00,"[""7.5x18""]","[""225/40R18""]",tgp_solutions,unknown,"""2026-05-07T21:45:59.143Z"""
07c66d47-7119-4527-bc44-09e4fe96d183,2018,BMW,M240i xDrive,Coupe Front Coupe,Coupe Front Coupe,00a0c292ce2ff55f,5x120,72.6,M14x1.25B,42.00,42.00,"[""7.5x18""]","{""rear"":[],""front"":[""225/40ZR18""]}",deprecated-staggered-split,unknown,"""2026-05-07T21:45:59.143Z"""
e4896fac-07af-4768-b828-35bbcd1eabfb,2018,BMW,M240i xDrive,Coupe Rear Coupe,Coupe Rear Coupe,eed94b3e9162e540,5x120,72.6,M14x1.25B,42.00,42.00,"[""8x18""]","{""rear"":[""245/35ZR18""],""front"":[]}",deprecated-staggered-split,unknown,"""2026-05-07T21:45:59.143Z"""
d821bb5f-e740-4fea-9c8b-d96eba6d5944,2018,BMW,M3,Base Front Base,Base Front Base,30817ebfc8fa816f,5x120,72.6,M14x1.25B,29.00,29.00,"[""9x18"",""9x19"",""9x20""]","{""rear"":[],""front"":[""255/35ZR19"",""255/40ZR18"",""265/30ZR20""]}",deprecated-staggered-split,unknown,"""2026-05-07T21:45:59.143Z"""
e1edf4f0-dc4d-4695-b433-1ac9bec5f55d,2018,BMW,M3,Base Rear Base,Base Rear Base,8feb1715c687bb10,5x120,72.6,M14x1.25B,40.00,40.00,"[""10x18"",""10x19"",""10x20""]","{""rear"":[""275/35ZR19"",""275/40ZR18"",""285/30ZR20""],""front"":[]}",deprecated-staggered-split,unknown,"""2026-05-07T21:45:59.143Z"""
015b473a-d775-47cb-ac7e-7c89d1a29251,2018,BMW,M4,Convertible Front Convertible,Convertible Front Convertible,d9d40cb03602fd8b,5x120,72.6,M14x1.25B,29.00,29.00,"[""9x18"",""9x19"",""9x20""]","{""rear"":[],""front"":[""255/35ZR19"",""255/40ZR18"",""265/30ZR20""]}",deprecated-staggered-split,unknown,"""2026-05-07T21:45:59.143Z"""
ed5bd417-91dd-410a-adf6-2aef3f3c0ca5,2018,BMW,M4,Convertible Rear Convertible,Convertible Rear Convertible,ad708ea5e00e724a,5x120,72.6,M14x1.25B,40.00,40.00,"[""10x18"",""10x19"",""10x20""]","{""rear"":[""275/35ZR19"",""275/40ZR18"",""285/30ZR20""],""front"":[]}",deprecated-staggered-split,unknown,"""2026-05-07T21:45:59.143Z"""
2576cc4c-0544-4881-979b-8af35890de8b,2018,BMW,M4,Coupe Front Coupe,Coupe Front Coupe,febdb127150231e4,5x120,72.6,M14x1.25B,29.00,29.00,"[""9x18"",""9x19"",""9x20""]","{""rear"":[],""front"":[""255/35ZR19"",""255/40ZR18"",""265/30ZR20""]}",deprecated-staggered-split,unknown,"""2026-05-07T21:45:59.143Z"""
7973d981-1cd3-4aef-8d30-44ce1dfb53c8,2018,BMW,M4,Coupe Rear Coupe,Coupe Rear Coupe,09b11111bea68f30,5x120,72.6,M14x1.25B,40.00,40.00,"[""10x18"",""10x19"",""10x20""]","{""rear"":[""275/35ZR19"",""275/40ZR18"",""285/30ZR20""],""front"":[]}",deprecated-staggered-split,unknown,"""2026-05-07T21:45:59.143Z"""
d8f6c031-738e-48de-882d-d8d35f4566b6,2018,BMW,M5,Base Front Base,Base Front Base,6059d1b2d881ea41,5x112,72.6,M14x1.25B,,,"[""9.5x19"",""9.5x20""]","{""rear"":[],""front"":[""275/35ZR20"",""275/40ZR19""]}",deprecated-staggered-split,unknown,"""2026-05-07T21:45:59.143Z"""
32a71faa-4e11-4cd5-8f6b-19383c60888b,2018,BMW,M5,Base Rear Base,Base Rear Base,21d32446580b41a2,5x112,72.6,M14x1.25B,,,"[""10.5x19"",""10.5x20""]","{""rear"":[""285/35ZR20"",""285/40ZR19""],""front"":[]}",deprecated-staggered-split,unknown,"""2026-05-07T21:45:59.143Z"""
793b22e1-f1fa-443c-8f73-853dea4e8f60,2018,BMW,M550i xDrive,Base,Base,ef21277b4b8cab48,5x112,72.6,M14x1.25B,30.00,30.00,"[""8x19""]","[""245/40R19""]",tgp_solutions,unknown,"""2026-05-07T21:45:59.143Z"""
819ec54e-1d91-4f67-bc03-e6ba29352ff4,2018,BMW,M550i xDrive,Base Front Base,Base Front Base,e4eab02eff0bde6c,5x112,72.6,M14x1.25B,30.00,30.00,"[""8x19"",""8x20""]","{""rear"":[],""front"":[""245/35R20"",""245/40R19""]}",deprecated-staggered-split,unknown,"""2026-05-07T21:45:59.143Z"""
38ce5b48-11cb-4625-8a3c-963625f8e956,2018,BMW,M550i xDrive,Base Rear Base,Base Rear Base,c97ea5a718490344,5x112,72.6,M14x1.25B,44.00,44.00,"[""9x19"",""9x20""]","{""rear"":[""275/30R20"",""275/35R19""],""front"":[]}",deprecated-staggered-split,unknown,"""2026-05-07T21:45:59.143Z"""
9e73ac30-1a0c-42f1-9a6f-b55a4003efa1,2018,BMW,M6,Base Front Base,Base Front Base,ffe71804a28ba769,5x120,72.6,M14x1.25B,24.00,24.00,"[""9.5x19"",""9.5x20""]","{""rear"":[],""front"":[""265/35ZR20"",""265/40ZR19""]}",deprecated-staggered-split,unknown,"""2026-05-07T21:45:59.143Z"""
1afe20e9-bb9e-470d-934b-7a3d2d6cebd9,2018,BMW,M6,Base Rear Base,Base Rear Base,e35bfc544fee041d,5x120,72.6,M14x1.25B,24.00,24.00,"[""10.5x19"",""10.5x20""]","{""rear"":[""295/30ZR20"",""295/35ZR19""],""front"":[]}",deprecated-staggered-split,unknown,"""2026-05-07T21:45:59.143Z"""
938a3ce1-9ca0-4581-b472-ac998c071137,2018,BMW,M6 Gran Coupe,Base Front Base,Base Front Base,fcff32bd391e9def,5x120,72.6,M14x1.25B,24.00,24.00,"[""9.5x20""]","{""rear"":[],""front"":[""265/35ZR20""]}",deprecated-staggered-split,unknown,"""2026-05-07T21:45:59.143Z"""
3b6ef899-7b0e-446b-ab52-abe661fa10c2,2018,BMW,M6 Gran Coupe,Base Rear Base,Base Rear Base,957b8dea4a9c33fa,5x120,72.6,M14x1.25B,24.00,24.00,"[""10x20""]","{""rear"":[""295/30ZR20""],""front"":[]}",deprecated-staggered-split,unknown,"""2026-05-07T21:45:59.143Z"""
73a3812b-e2cd-429d-8406-2e34e667fc6c,2018,BMW,M760i xDrive,Base,Base,fa2b47b013e88865,5x120,72.6,M14x1.25B,30.00,30.00,"[""8.5x19""]","[""245/45R19""]",tgp_solutions,unknown,"""2026-05-07T21:45:59.143Z"""
7cf543f1-af39-4a8d-9f13-cf3bdaa6adec,2018,BMW,M760i xDrive,Base Front Base,Base Front Base,47781373d9771e45,5x120,72.6,M14x1.25B,30.00,30.00,"[""8.5x20""]","{""rear"":[],""front"":[""245/40R20"",""245/40ZR20""]}",deprecated-staggered-split,unknown,"""2026-05-07T21:45:59.143Z"""
ba62faf0-84b5-4b0d-8a80-6cb22c0bebfc,2018,BMW,M760i xDrive,Base Rear Base,Base Rear Base,974625c048c961d6,5x120,72.6,M14x1.25B,30.00,30.00,"[""10x20""]","{""rear"":[""275/35R20"",""275/35ZR20""],""front"":[]}",deprecated-staggered-split,unknown,"""2026-05-07T21:45:59.143Z"""
80a0af3b-20cd-4fe1-be5e-b3e9acab16e8,2018,BMW,X1,sDrive28i,sDrive28i,9696835cebeda809,5x112,66.6,M14x1.25B,46.00,46.00,"[""7.5x18"",""8x19""]","[""225/45R19"",""225/50R18""]",tgp_solutions,unknown,"""2026-05-07T21:45:59.143Z"""
7da8dadf-490a-49e0-8279-f7e9556fae22,2018,BMW,X1,xDrive28i,xDrive28i,67cc281489f2ee73,5x112,66.6,M14x1.25B,46.00,46.00,"[""7.5x18"",""8x19""]","[""225/45R19"",""225/50R18""]",tgp_solutions,unknown,"""2026-05-07T21:45:59.143Z"""
10122637-0253-4b0e-b4d5-3fb8bc688d6d,2018,BMW,X2,sDrive28i,sDrive28i,dfb7f9bfd0af3ac8,5x112,66.6,M14x1.25B,46.00,46.00,"[""7.5x18"",""8x19"",""8x20""]","[""225/40R20"",""225/45R19"",""225/50R18""]",tgp_solutions,unknown,"""2026-05-07T21:45:59.143Z"""
651bc689-e654-4565-8274-50be29f19479,2018,BMW,X2,xDrive28i,xDrive28i,83a8aebf6fe9f5e0,5x112,66.6,M14x1.25B,46.00,46.00,"[""7.5x18"",""8x19"",""8x20""]","[""225/40R20"",""225/45R19"",""225/50R18""]",tgp_solutions,unknown,"""2026-05-07T21:45:59.143Z"""
d0dd4985-b763-4a0c-af26-0e3687e1086b,2018,BMW,X3,M40i,M40i,1c1dd8af9962c54e,5x112,66.6,M14x1.25B,46.00,46.00,"[""7.5x19""]","[""245/50R19""]",tgp_solutions,unknown,"""2026-05-07T21:45:59.143Z"""
2736a9d3-3f5c-4b32-85f8-54d750d32524,2018,BMW,X3,M40i Front M40i,M40i Front M40i,3859a58501e545c4,5x112,66.6,M14x1.25B,46.00,46.00,"[""8.5x20"",""8.5x21""]","{""rear"":[],""front"":[""245/40R21"",""245/45R20""]}",deprecated-staggered-split,unknown,"""2026-05-07T21:45:59.143Z"""
cffc16ac-758f-434d-a9d6-3009836c6cdb,2018,BMW,X3,M40i Rear M40i,M40i Rear M40i,d54414312d4ddc1b,5x112,66.6,M14x1.25B,46.00,46.00,"[""9.5x20"",""9.5x21""]","{""rear"":[""275/35ZR21"",""275/40R20""],""front"":[]}",deprecated-staggered-split,unknown,"""2026-05-07T21:45:59.143Z"""
2cfc39f6-d4e3-4d5c-9fda-f783ea1c646a,2018,BMW,X3,xDrive30i,xDrive30i,ded0cac3d16ef993,5x112,66.6,M14x1.25B,46.00,46.00,"[""7.5x19"",""7x18""]","[""225/60R18"",""245/50R19""]",tgp_solutions,unknown,"""2026-05-07T21:45:59.143Z"""
7e269ad0-b9c7-4d1c-9c7e-d941a9df0775,2018,BMW,X3,xDrive30i Front xDrive30i,xDrive30i Front xDrive30i,9e5cc6adf209b06a,5x112,66.6,M14x1.25B,27.00,27.00,"[""8.5x20"",""8x20""]","{""rear"":[],""front"":[""245/45R20""]}",deprecated-staggered-split,unknown,"""2026-05-07T21:45:59.143Z"""
20aa131a-b9aa-4b0b-a21b-b481825bc8ef,2018,BMW,X3,xDrive30i Rear xDrive30i,xDrive30i Rear xDrive30i,052e51417b8467ee,5x112,66.6,M14x1.25B,43.00,43.00,"[""9.5x20""]","{""rear"":[""275/40R20""],""front"":[]}",deprecated-staggered-split,unknown,"""2026-05-07T21:45:59.143Z"""
ba9c387c-637c-47a3-a7f8-d1bc789f9a30,2018,BMW,X4,M40i,M40i,e7c5cefbf3f67c01,5x120,72.6,M14x1.25B,46.00,46.00,"[""8.5x19""]","[""245/45R19""]",tgp_solutions,unknown,"""2026-05-07T21:45:59.143Z"""
e5da25f2-db31-4d7b-9c4d-a95da289815c,2018,BMW,X4,M40i Front M40i,M40i Front M40i,94b7cf150dec1309,5x120,72.6,M14x1.25B,46.00,46.00,"[""8.5x19"",""8.5x20""]","{""rear"":[],""front"":[""245/40ZR20"",""245/45R19"",""245/45R20""]}",deprecated-staggered-split,unknown,"""2026-05-07T21:45:59.143Z"""
affb2fc6-75c9-47f6-bb73-07d996811a0b,2018,BMW,X4,M40i Rear M40i,M40i Rear M40i,b5adf795b83ffdcb,5x120,72.6,M14x1.25B,46.00,46.00,"[""10x20"",""9.5x19"",""9.5x20""]","{""rear"":[""275/35ZR20"",""275/40R19"",""275/40R20""],""front"":[]}",deprecated-staggered-split,unknown,"""2026-05-07T21:45:59.143Z"""
c498b852-7e21-49c3-88b8-9b9b2b326094,2018,BMW,X4,xDrive28i,xDrive28i,f179ea4e0fcfd9e9,5x120,72.6,M14x1.25B,42.00,42.00,"[""8.5x19""]","[""245/45R19""]",tgp_solutions,unknown,"""2026-05-07T21:45:59.143Z"""
0021760a-113d-44d5-a8ff-0a919faaf11e,2018,BMW,X4,xDrive28i Front xDrive28i,xDrive28i Front xDrive28i,be37d895646cdda8,5x120,72.6,M14x1.25B,46.00,46.00,"[""8.5x19"",""8.5x20""]","{""rear"":[],""front"":[""245/40R20"",""245/45R19"",""245/45R20""]}",deprecated-staggered-split,unknown,"""2026-05-07T21:45:59.143Z"""
804828b2-487b-483e-902f-54e5bde27b5e,2018,BMW,X4,xDrive28i Rear xDrive28i,xDrive28i Rear xDrive28i,838f399b48138bf1,5x120,72.6,M14x1.25B,46.00,46.00,"[""10x20"",""9.5x19"",""9.5x20""]","{""rear"":[""275/35R20"",""275/40R19"",""275/40R20""],""front"":[]}",deprecated-staggered-split,unknown,"""2026-05-07T21:45:59.143Z"""
ae18b0d8-942e-4a41-bcbd-ecffa18a3f83,2018,BMW,X5,M Front M,M Front M,c5a08d0edec95261,5x120,74.1,M14x1.25B,40.00,40.00,"[""10x20"",""10x21""]","{""rear"":[],""front"":[""285/35ZR21"",""285/40R20""]}",deprecated-staggered-split,unknown,"""2026-05-07T21:45:59.143Z"""
d11f88a1-5c38-4d67-8139-0f83630f761e,2018,BMW,X5,M Rear M,M Rear M,452ba72e6e5dea43,5x120,74.1,M14x1.25B,38.00,38.00,"[""11.5x20"",""11.5x21""]","{""rear"":[""325/30ZR21"",""325/35R20""],""front"":[]}",deprecated-staggered-split,unknown,"""2026-05-07T21:45:59.143Z"""
b9e6d77f-4cd9-4c8c-bcbb-f2ab76b9cace,2018,BMW,X5,sDrive35i,sDrive35i,3ab981c450d0c053,5x120,74.1,M14x1.25B,48.00,48.00,"[""9x19""]","[""255/50R19""]",tgp_solutions,unknown,"""2026-05-07T21:45:59.143Z"""
b1dbfe1c-d7f9-43db-b840-37400a742274,2018,BMW,X5,sDrive35i Front sDrive35i,sDrive35i Front sDrive35i,75c24c632baf0308,5x120,74.1,M14x1.25B,48.00,48.00,"[""10x20""]","{""rear"":[],""front"":[""275/40R20""]}",deprecated-staggered-split,unknown,"""2026-05-07T21:45:59.143Z"""
d1df1aba-eef6-48e3-9f68-855263d53212,2018,BMW,X5,sDrive35i Rear sDrive35i,sDrive35i Rear sDrive35i,b7014b21d60187fb,5x120,74.1,M14x1.25B,45.00,45.00,"[""11x20""]","{""rear"":[""315/35R20""],""front"":[]}",deprecated-staggered-split,unknown,"""2026-05-07T21:45:59.143Z"""
6938495b-c7e5-4e2a-8121-9d8ba57c0eb2,2018,BMW,X5,xDrive35d,xDrive35d,3f13f9b951a11643,5x120,74.1,M14x1.25B,48.00,48.00,"[""9x19""]","[""255/50R19""]",tgp_solutions,unknown,"""2026-05-07T21:45:59.143Z"""
d7645b44-66df-47ce-b990-4984e6e319db,2018,BMW,X5,xDrive35d Front xDrive35d,xDrive35d Front xDrive35d,32320850cd4a0a6e,5x120,74.1,M14x1.25B,48.00,48.00,"[""10x20"",""10x21""]","{""rear"":[],""front"":[""275/40R20"",""285/35R21""]}",deprecated-staggered-split,unknown,"""2026-05-07T21:45:59.143Z"""
5690dad7-936e-4af2-b931-cd5b071c2c8a,2018,BMW,X5,xDrive35d Rear xDrive35d,xDrive35d Rear xDrive35d,e09d56e683defe79,5x120,74.1,M14x1.25B,45.00,45.00,"[""11x20"",""11x21""]","{""rear"":[""315/35R20"",""325/30R21""],""front"":[]}",deprecated-staggered-split,unknown,"""2026-05-07T21:45:59.143Z"""
977972f4-9aa3-4bfb-a09b-5489cb9070cb,2018,BMW,X5,xDrive35i,xDrive35i,d97633cbef57b203,5x120,74.1,M14x1.25B,48.00,48.00,"[""9x19""]","[""255/50R19""]",tgp_solutions,unknown,"""2026-05-07T21:45:59.143Z"""
52bb810e-eb11-4812-bf61-6b55365337b9,2018,BMW,X5,xDrive35i Front xDrive35i,xDrive35i Front xDrive35i,b9a95c0115410085,5x120,74.1,M14x1.25B,48.00,48.00,"[""10x20"",""10x21""]","{""rear"":[],""front"":[""275/40R20"",""285/35R21""]}",deprecated-staggered-split,unknown,"""2026-05-07T21:45:59.143Z"""
57e1f4df-3850-4dd6-acc1-0da4785964d2,2018,BMW,X5,xDrive35i Rear xDrive35i,xDrive35i Rear xDrive35i,03eaa5b6a42c4d5b,5x120,74.1,M14x1.25B,45.00,45.00,"[""11x20"",""11x21""]","{""rear"":[""315/35R20"",""325/30R21""],""front"":[]}",deprecated-staggered-split,unknown,"""2026-05-07T21:45:59.143Z"""
f1e64ee0-614f-4677-9a40-b15008683daa,2018,BMW,X5,xDrive40e,xDrive40e,6d1bc849a68de228,5x120,74.1,M14x1.25B,48.00,48.00,"[""9x19""]","[""255/50R19""]",tgp_solutions,unknown,"""2026-05-07T21:45:59.143Z"""
26f40c32-3643-4017-b0da-66ace16c7565,2018,BMW,X5,xDrive40e Front xDrive40e,xDrive40e Front xDrive40e,a9f8b536c7fed1ee,5x120,74.1,M14x1.25B,48.00,48.00,"[""10x20""]","{""rear"":[],""front"":[""275/40R20""]}",deprecated-staggered-split,unknown,"""2026-05-07T21:45:59.143Z"""
84fef641-d9bc-481d-b8e4-bfe154d2d75a,2018,BMW,X5,xDrive40e Rear xDrive40e,xDrive40e Rear xDrive40e,03a31fa62fd2a673,5x120,74.1,M14x1.25B,45.00,45.00,"[""11x20""]","{""rear"":[""315/35R20""],""front"":[]}",deprecated-staggered-split,unknown,"""2026-05-07T21:45:59.143Z"""
8e363f65-9020-4bbc-b3fa-30f94d787451,2018,BMW,X5,xDrive50i,xDrive50i,f2a5c85bf6c34e49,5x120,74.1,M14x1.25B,48.00,48.00,"[""9x19""]","[""255/50R19""]",tgp_solutions,unknown,"""2026-05-07T21:45:59.143Z"""
e7bff804-4c8d-4bdb-b81a-8a1f65ecaa81,2018,BMW,X5,xDrive50i Front xDrive50i,xDrive50i Front xDrive50i,abe58483878cba51,5x120,74.1,M14x1.25B,48.00,48.00,"[""10x20"",""10x21""]","{""rear"":[],""front"":[""275/40R20"",""285/35R21""]}",deprecated-staggered-split,unknown,"""2026-05-07T21:45:59.143Z"""
92a1c50c-9c8a-47b0-bd28-aaab1b8e289f,2018,BMW,X5,xDrive50i Rear xDrive50i,xDrive50i Rear xDrive50i,1b0ae7bee49627b6,5x120,74.1,M14x1.25B,45.00,45.00,"[""11x20"",""11x21""]","{""rear"":[""315/35R20"",""325/30R21""],""front"":[]}",deprecated-staggered-split,unknown,"""2026-05-07T21:45:59.143Z"""
99fa07f4-df35-4745-bb74-df0fdbd1f90f,2018,BMW,X6,M Front M,M Front M,0d4c76a3d7b4edb1,5x120,74.1,M14x1.25B,40.00,40.00,"[""10x20"",""10x21""]","{""rear"":[],""front"":[""285/35ZR21"",""285/40R20""]}",deprecated-staggered-split,unknown,"""2026-05-07T21:45:59.143Z"""
ea495118-9530-479c-b4c1-e45f39637d59,2018,BMW,X6,M Rear M,M Rear M,205dc1fa1fd84357,5x120,74.1,M14x1.25B,38.00,38.00,"[""11.5x20"",""11.5x21""]","{""rear"":[""325/30ZR21"",""325/35R20""],""front"":[]}",deprecated-staggered-split,unknown,"""2026-05-07T21:45:59.143Z"""
96073160-93fb-4779-b947-74f3aeccd53e,2018,BMW,X6,sDrive35i,sDrive35i,7671314da5fd05d5,5x120,74.1,M14x1.25B,18.00,48.00,"[""9x19""]","[""255/50R19""]",tgp_solutions,unknown,"""2026-05-07T21:45:59.143Z"""
d4cfb1d1-ee86-4d44-be0a-0290d1905cdb,2018,BMW,X6,sDrive35i Front sDrive35i,sDrive35i Front sDrive35i,e7f930e795af3b77,5x120,74.1,M14x1.25B,40.00,40.00,"[""10x20""]","{""rear"":[],""front"":[""275/40R20""]}",deprecated-staggered-split,unknown,"""2026-05-07T21:45:59.143Z"""
4596449c-9e19-4222-8883-0e09ca2d166a,2018,BMW,X6,sDrive35i Rear sDrive35i,sDrive35i Rear sDrive35i,ba052f80cbc33160,5x120,74.1,M14x1.25B,38.00,38.00,"[""11x20""]","{""rear"":[""315/35R20""],""front"":[]}",deprecated-staggered-split,unknown,"""2026-05-07T21:45:59.143Z"""
852cb355-81c6-4b98-86cc-83267c7332d2,2018,BMW,X6,xDrive35i,xDrive35i,f424d5c294bf71a0,5x120,74.1,M14x1.25B,18.00,48.00,"[""9x19""]","[""255/50R19""]",tgp_solutions,unknown,"""2026-05-07T21:45:59.143Z"""
bc6bd439-18e2-474d-a38e-69a5fdeb4bc4,2018,BMW,X6,xDrive35i Front xDrive35i,xDrive35i Front xDrive35i,8033780e9d6a98b6,5x120,74.1,M14x1.25B,40.00,40.00,"[""10x20"",""10x21""]","{""rear"":[],""front"":[""275/40R20"",""285/35R21""]}",deprecated-staggered-split,unknown,"""2026-05-07T21:45:59.143Z"""
21f2cab6-a68f-4953-9f4f-c96780617dc6,2018,BMW,X6,xDrive35i Rear xDrive35i,xDrive35i Rear xDrive35i,f1857b1b59ca0f1d,5x120,74.1,M14x1.25B,38.00,38.00,"[""11x20"",""11x21""]","{""rear"":[""315/35R20"",""325/30R21""],""front"":[]}",deprecated-staggered-split,unknown,"""2026-05-07T21:45:59.143Z"""
2d9480a9-83f7-4feb-aa25-1c8b9b60cb2b,2018,BMW,X6,xDrive50i,xDrive50i,3a7c1ffd612bc480,5x120,74.1,M14x1.25B,18.00,48.00,"[""9x19""]","[""255/50R19""]",tgp_solutions,unknown,"""2026-05-07T21:45:59.143Z"""
1500bb6a-f53b-4ee5-9e42-634968bb8d1f,2018,BMW,X6,xDrive50i Front xDrive50i,xDrive50i Front xDrive50i,4cafd2ed77942e01,5x120,74.1,M14x1.25B,40.00,40.00,"[""10x20"",""10x21""]","{""rear"":[],""front"":[""275/40R20"",""285/35R21""]}",deprecated-staggered-split,unknown,"""2026-05-07T21:45:59.143Z"""
0bbfe4af-e870-4734-a6f7-e31b124e5046,2018,BMW,X6,xDrive50i Rear xDrive50i,xDrive50i Rear xDrive50i,869e2cf6fab268a6,5x120,74.1,M14x1.25B,38.00,38.00,"[""11x20"",""11x21""]","{""rear"":[""315/35R20"",""325/30R21""],""front"":[]}",deprecated-staggered-split,unknown,"""2026-05-07T21:45:59.143Z"""
ff72145a-7175-44ef-90ea-4eeb28560673,2018,BMW,i3,Base,Base,335dc3fe9136b756,5x112,66.6,M14x1.25B,43.00,43.00,"[""5x19""]","[""155/70R19""]",tgp_solutions,unknown,"""2026-05-07T21:45:59.143Z"""
6c71cc53-fd96-43ab-a7f5-bb5fd91d9f2a,2018,BMW,i3,Base Front Base,Base Front Base,11243f8155868978,5x112,66.6,M14x1.25B,43.00,43.00,"[""5x19"",""5x20""]","{""rear"":[],""front"":[""155/60R20"",""155/70R19""]}",deprecated-staggered-split,unknown,"""2026-05-07T21:45:59.143Z"""
c8fa9714-9719-42c5-870a-094980b1f5dc,2018,BMW,i3,Base Rear Base,Base Rear Base,b3aac74ab2455cfa,5x112,66.6,M14x1.25B,53.00,53.00,"[""5.5x19"",""5.5x20""]","{""rear"":[""175/55R20"",""175/60R19""],""front"":[]}",deprecated-staggered-split,unknown,"""2026-05-07T21:45:59.143Z"""
5e212a01-d282-499d-8ce8-da8f719810ad,2018,BMW,i3,Range Extender Front Range Extender,Range Extender Front Range Extender,80adc3676f887bdf,5x112,66.6,M14x1.25B,43.00,43.00,"[""5x19"",""5x20""]","{""rear"":[],""front"":[""155/60R20"",""155/70R19""]}",deprecated-staggered-split,unknown,"""2026-05-07T21:45:59.143Z"""
72b72013-5193-49c3-b3c2-39c54c432cfb,2018,BMW,i3,Range Extender Rear Range Extender,Range Extender Rear Range Extender,1d7e1ffe0615d886,5x112,66.6,M14x1.25B,53.00,53.00,"[""5.5x19"",""5.5x20""]","{""rear"":[""175/55R20"",""175/60R19""],""front"":[]}",deprecated-staggered-split,unknown,"""2026-05-07T21:45:59.143Z"""
249d8512-9028-4995-98ff-631f335112ae,2018,BMW,i3s,Base Front Base,Base Front Base,1921357b5d3b34f2,5x112,66.6,M14x1.25B,43.00,43.00,"[""5x20""]","{""rear"":[],""front"":[""175/55R20""]}",deprecated-staggered-split,unknown,"""2026-05-07T21:45:59.143Z"""
7952ffea-a3d4-4b36-9b2f-261b3e9b1e3e,2018,BMW,i3s,Base Rear Base,Base Rear Base,b497cc9ce2e0f35e,5x112,66.6,M14x1.25B,53.00,53.00,"[""5.5x20""]","{""rear"":[""195/50R20""],""front"":[]}",deprecated-staggered-split,unknown,"""2026-05-07T21:45:59.143Z"""
f588e92f-cdff-406f-95ab-e0554f1b7889,2018,BMW,i3s,Range Extender Front Range Extender,Range Extender Front Range Extender,6bb1dfbab4fe835e,5x112,66.6,M14x1.25B,43.00,43.00,"[""5x20""]","{""rear"":[],""front"":[""175/55R20""]}",deprecated-staggered-split,unknown,"""2026-05-07T21:45:59.143Z"""
fc72c321-866f-47ac-b8ca-3133e193fc81,2018,BMW,i3s,Range Extender Rear Range Extender,Range Extender Rear Range Extender,75a9e6155449858d,5x112,66.6,M14x1.25B,53.00,53.00,"[""5.5x20""]","{""rear"":[""195/50R20""],""front"":[]}",deprecated-staggered-split,unknown,"""2026-05-07T21:45:59.143Z"""
ef84da04-ae7d-4922-b3d7-c2f42a5ca00b,2018,Bentley,Bentayga,Activity Edition,Activity Edition,85c5321fdf23a131,5x130,71.6,M14x1.50B,28.00,28.00,"[""10x21"",""10x22"",""9.5x20""]","[""275/50R20"",""285/40ZR22"",""285/45R21"",""285/45ZR21""]",tgp_solutions,unknown,"""2026-05-07T21:45:59.143Z"""
475d95d6-0306-4ea5-96f6-d683d0378ce4,2018,Bentley,Bentayga,Black Edition,Black Edition,2b382474fa0c9ede,5x130,71.6,M14x1.50B,28.00,28.00,"[""10x22""]","[""285/40ZR22""]",tgp_solutions,unknown,"""2026-05-07T21:45:59.143Z"""
6f0c0c83-92e3-4ccc-94db-f53df34ac193,2018,Bentley,Bentayga,Mulliner,Mulliner,511e4f353389fb28,5x130,71.6,M14x1.50B,28.00,28.00,"[""10x21"",""10x22"",""9.5x20""]","[""275/50R20"",""285/40ZR22"",""285/45R21"",""285/45ZR21""]",tgp_solutions,unknown,"""2026-05-07T21:45:59.143Z"""
8218d57c-4726-4f57-a88a-34d8bcd9eb2b,2018,Bentley,Bentayga,Onyx Edition,Onyx Edition,6c0263de01d0b4d0,5x130,71.6,M14x1.50B,28.00,28.00,"[""10x21"",""10x22"",""9.5x20""]","[""275/50R20"",""285/40ZR22"",""285/45R21"",""285/45ZR21""]",tgp_solutions,unknown,"""2026-05-07T21:45:59.143Z"""
0568e2d4-3adf-4eb3-adb6-accfeac942e6,2018,Bentley,Bentayga,W12,W12,81abcb815e278981,5x130,71.6,M14x1.50B,28.00,28.00,"[""10x21"",""10x22"",""9.5x20""]","[""275/50R20"",""285/40ZR22"",""285/45R21"",""285/45ZR21""]",tgp_solutions,unknown,"""2026-05-07T21:45:59.143Z"""
040590cb-7e95-42f8-ae72-2dfcdb60abf0,2018,Bentley,Bentayga,W12 Signature,W12 Signature,b7706825c1473fac,5x130,71.6,M14x1.50B,28.00,28.00,"[""10x21"",""10x22"",""9.5x20""]","[""275/50R20"",""285/40ZR22"",""285/45R21"",""285/45ZR21""]",tgp_solutions,unknown,"""2026-05-07T21:45:59.143Z"""
1ef2620d-2d9f-4992-ad96-176649e153d2,2018,Bentley,Continental,GT Convertible,GT Convertible,03bfd174ff37904b,5x112,57.0,M14x1.50B,41.00,41.00,"[""9.5x20"",""9.5x21""]","[""275/35ZR21"",""275/40ZR20""]",tgp_solutions,unknown,"""2026-05-07T21:45:59.143Z"""
2cca693c-00ed-4292-9d12-6ab70ce9e5e3,2018,Bentley,Continental,GT Speed Convertible,GT Speed Convertible,d238f4c53c865346,5x112,57.0,M14x1.50B,41.00,41.00,"[""9.5x21""]","[""275/35ZR21""]",tgp_solutions,unknown,"""2026-05-07T21:45:59.143Z"""
8f6b42c8-c7ee-4050-bbdc-502b39faedcf,2018,Bentley,Continental,GT Supersports Convertible,GT Supersports Convertible,a31f7f491f489df6,5x112,57.0,M14x1.50B,41.00,41.00,"[""9.5x21""]","[""275/35ZR21""]",tgp_solutions,unknown,"""2026-05-07T21:45:59.143Z"""
d417279a-0967-4bff-a3ec-9bcbf93d5684,2018,Bentley,Flying Spur,V8,V8,f7c1e53017910300,5x112,57.0,M14x1.50B,41.00,41.00,"[""9.5x19"",""9.5x20"",""9.5x21""]","[""275/35ZR21"",""275/40ZR20"",""275/45ZR19""]",tgp_solutions,unknown,"""2026-05-07T21:45:59.143Z"""
d99a6572-4420-4911-9569-284d97a716b8,2018,Bentley,Flying Spur,V8 S,V8 S,34a58ea7d9bcf001,5x112,57.0,M14x1.50B,41.00,41.00,"[""9.5x20"",""9.5x21""]","[""275/35ZR21"",""275/40ZR20""]",tgp_solutions,unknown,"""2026-05-07T21:45:59.143Z"""
5e54ce70-22f0-4c7a-a139-43312f9d9cfa,2018,Bentley,Flying Spur,W12,W12,4955c9f82cfb88a5,5x112,57.0,M14x1.50B,41.00,41.00,"[""9.5x20"",""9.5x21""]","[""275/35ZR21"",""275/40ZR20""]",tgp_solutions,unknown,"""2026-05-07T21:45:59.143Z"""
20ff3cb5-fc44-4002-bae4-28ab67f109bd,2018,Bentley,Flying Spur,W12 S,W12 S,a962233572cca770,5x112,57.0,M14x1.50B,41.00,41.00,"[""9.5x20"",""9.5x21""]","[""275/35ZR21"",""275/40ZR20""]",tgp_solutions,unknown,"""2026-05-07T21:45:59.143Z"""
702a81f2-50a0-4ea3-b2f2-2e02f840133b,2018,Bentley,Mulsanne,Base,Base,866297f87e72093f,5x130,71.0,M14x1.50B,61.00,61.00,"[""9x20"",""9x21""]","[""265/40ZR21"",""265/45ZR20""]",tgp_solutions,unknown,"""2026-05-07T21:45:59.143Z"""
bc3c5315-2fc9-4fa6-8b84-fc67e6110add,2018,Bentley,Mulsanne,Speed,Speed,7fc10f87a01ddb89,5x130,71.0,M14x1.50B,61.00,61.00,"[""9x21""]","[""265/40ZR21""]",tgp_solutions,unknown,"""2026-05-07T21:45:59.143Z"""
d500da40-3d27-41cf-a2d2-67d655e771c5,2018,Buick,Cascada,Base,Base,b4fd29b99f60dc3e,5x115,70.3,M12x1.50,45.00,45.00,"[""8.5x20""]","[""P245/40R20""]",tgp_solutions,unknown,"""2026-05-07T21:45:59.143Z"""
4480f6c7-8ff8-45ca-b29a-da50774b069f,2018,Buick,Cascada,Premium,Premium,ef9b49b3d0bdc809,5x115,70.3,M12x1.50,45.00,45.00,"[""8.5x20""]","[""P245/40R20""]",tgp_solutions,unknown,"""2026-05-07T21:45:59.143Z"""
fed677c3-0292-4505-9b34-9537cb092963,2018,Buick,Cascada,Sport Touring,Sport Touring,36347f6298c42766,5x115,70.3,M12x1.50,45.00,45.00,"[""8.5x20""]","[""P245/40R20""]",tgp_solutions,unknown,"""2026-05-07T21:45:59.143Z"""
dd65485b-ed35-4699-81ed-b9e63bf1e1d2,2018,Buick,Enclave,Avenir,Avenir,88b2c8d1319ea42e,6x120,66.9,M14x1.50,50.00,50.00,"[""8x20""]","[""255/55R20""]",tgp_solutions,unknown,"""2026-05-07T21:45:59.143Z"""
511ee7c6-6516-40a3-b74f-ca059bf3037c,2018,Buick,Enclave,Base,Base,c21d600325b8d2ce,6x120,66.9,M14x1.50,45.00,45.00,"[""7.5x18""]","[""255/65R18""]",tgp_solutions,unknown,"""2026-05-07T21:45:59.143Z"""
92a2dc96-9e18-40b5-a24b-e84ad2aded6d,2018,Buick,Enclave,Essence,Essence,b3547fdc19cd780e,6x120,66.9,M14x1.50,50.00,50.00,"[""7.5x18"",""8x20""]","[""255/55R20"",""255/65R18""]",tgp_solutions,unknown,"""2026-05-07T21:45:59.143Z"""
08407077-871d-48f0-adac-eae5abad1e60,2018,Buick,Enclave,Premium,Premium,34b7a0663f3fe194,6x120,66.9,M14x1.50,45.00,45.00,"[""7.5x18"",""8x20""]","[""255/55R20"",""255/65R18""]",tgp_solutions,unknown,"""2026-05-07T21:45:59.143Z"""
4e6652eb-1084-4702-9276-5415b1c04737,2018,Buick,Encore,Base,Base,7028e1f162c7b067,5x105,56.6,M12x1.50,45.00,45.00,"[""7x18""]","[""P215/55R18""]",tgp_solutions,unknown,"""2026-05-07T21:45:59.143Z"""
bc1c40ea-2bfe-41ee-ad30-14381d378e1c,2018,Buick,Encore,Essence,Essence,bea599e982eeab8b,5x105,56.6,M12x1.50,45.00,45.00,"[""7x18""]","[""P215/55R18""]",tgp_solutions,unknown,"""2026-05-07T21:45:59.143Z"""
86dccf12-7507-4c87-a3de-a9bcd895362b,2018,Buick,Encore,Preferred,Preferred,3d858cd81ec9a92f,5x105,56.6,M12x1.50,45.00,45.00,"[""7x18""]","[""P215/55R18""]",tgp_solutions,unknown,"""2026-05-07T21:45:59.143Z"""
280313ee-30d7-4d8c-84e8-f7184f3b4992,2018,Buick,Encore,Preferred II,Preferred II,8a9542f7eb0bedde,5x105,56.6,M12x1.50,45.00,45.00,"[""7x18""]","[""P215/55R18""]",tgp_solutions,unknown,"""2026-05-07T21:45:59.143Z"""
a2d88553-5b26-4adc-ae25-b8c2d397bd57,2018,Buick,Encore,Premium,Premium,a00827f90b1d91ce,5x105,56.6,M12x1.50,45.00,45.00,"[""7x18""]","[""P215/55R18""]",tgp_solutions,unknown,"""2026-05-07T21:45:59.143Z"""
e585fb36-f211-40ee-a009-0b625610e15d,2018,Buick,Encore,Sport Touring,Sport Touring,e50a9547a27a3173,5x105,56.6,M12x1.50,45.00,45.00,"[""7x18""]","[""P215/55R18""]",tgp_solutions,unknown,"""2026-05-07T21:45:59.143Z"""
1baeadd6-05e5-4f83-85f4-dc12dd43dec0,2018,Buick,Envision,Base,Base,3cdd41b213c267cf,5x115,70.3,M12x1.50,45.00,45.00,"[""7.5x18""]","[""225/60R18""]",tgp_solutions,unknown,"""2026-05-07T21:45:59.143Z"""
2e8b4f37-da40-4224-a396-7f15454c2578,2018,Buick,Envision,Essence,Essence,6dd85e258e6672b1,5x115,70.3,M12x1.50,45.00,45.00,"[""7.5x18""]","[""225/60R18""]",tgp_solutions,unknown,"""2026-05-07T21:45:59.143Z"""
231264c8-c887-4702-bb35-9eddeafe3efd,2018,Buick,Envision,Preferred,Preferred,bc8f6dd9dc7243f0,5x115,70.3,M12x1.50,45.00,45.00,"[""7.5x18""]","[""225/60R18""]",tgp_solutions,unknown,"""2026-05-07T21:45:59.143Z"""
db49df35-ad6e-4aa6-b115-f96b059c166c,2018,Buick,Envision,Premium,Premium,ac45bab84c8287f5,5x115,70.3,M12x1.50,45.00,45.00,"[""7.5x19""]","[""235/50R19""]",tgp_solutions,unknown,"""2026-05-07T21:45:59.143Z"""
647f0c08-62b4-4f9d-80e2-d7eed195db10,2018,Buick,LaCrosse,Avenir,Avenir,3441bfa28922f8e2,5x115,70.3,M12x1.50,45.00,45.00,"[""8x19"",""8x20""]","[""245/45R19"",""P245/40R20""]",tgp_solutions,unknown,"""2026-05-07T21:45:59.143Z"""
1f1a483d-1c14-4829-b927-941f98708049,2018,Buick,LaCrosse,Base,Base,fba583dbafb85f72,5x115,70.3,M12x1.50,45.00,45.00,"[""8x18""]","[""235/50R18""]",tgp_solutions,unknown,"""2026-05-07T21:45:59.143Z"""
d0af1f82-c509-4e69-b43a-0481fadb0f48,2018,Buick,LaCrosse,Essence,Essence,c81e30c3ec04e2ed,5x115,70.3,M12x1.50,45.00,45.00,"[""8x18"",""8x20""]","[""235/50R18"",""P245/40R20""]",tgp_solutions,unknown,"""2026-05-07T21:45:59.143Z"""
29673c6b-fd65-49fc-acba-6778f95bd3b6,2018,Buick,LaCrosse,Preferred,Preferred,88140d62983f0dbc,5x115,70.3,M12x1.50,45.00,45.00,"[""8x18""]","[""235/50R18""]",tgp_solutions,unknown,"""2026-05-07T21:45:59.143Z"""
1458f267-12de-4545-9dee-b155389295f4,2018,Buick,LaCrosse,Premium,Premium,225a1e1ff0bbf982,5x115,70.3,M12x1.50,45.00,45.00,"[""8x18"",""8x20""]","[""235/50R18"",""P245/40R20""]",tgp_solutions,unknown,"""2026-05-07T21:45:59.143Z"""
ea8e0480-4796-4d60-9bac-06321a7cdf1b,2018,Buick,Regal Sportback,Base,Base,a1fdac5dd5b68b4b,5x115,70.3,M12x1.50,45.00,45.00,"[""7.5x17""]","[""P225/55R17""]",tgp_solutions,unknown,"""2026-05-07T21:45:59.143Z"""
39be01b4-e76d-4b80-9053-9bc8a6ac918d,2018,Buick,Regal Sportback,Essence,Essence,06292eba62094e49,5x115,70.3,M12x1.50,45.00,45.00,"[""8x18""]","[""245/45R18""]",tgp_solutions,unknown,"""2026-05-07T21:45:59.143Z"""
e59808b2-9e45-429f-8e91-a039c9360195,2018,Buick,Regal Sportback,GS,GS,bd91bb7bdc77c40a,5x115,70.3,M12x1.50,45.00,45.00,"[""8.5x19""]","[""245/40R19""]",tgp_solutions,unknown,"""2026-05-07T21:45:59.143Z"""
e4def94d-20eb-4b6a-9769-059f51ede9f9,2018,Buick,Regal Sportback,Preferred,Preferred,415ac47ed8db8f1e,5x115,70.3,M12x1.50,45.00,45.00,"[""7.5x17"",""8x18""]","[""245/45R18"",""P225/55R17""]",tgp_solutions,unknown,"""2026-05-07T21:45:59.143Z"""
cd904c15-10d5-4c09-84b4-b0404c1f984c,2018,Buick,Regal Sportback,Preferred II,Preferred II,f357987efa186b51,5x115,70.3,M12x1.50,45.00,45.00,"[""8x18""]","[""245/45R18""]",tgp_solutions,unknown,"""2026-05-07T21:45:59.143Z"""
852e23ad-1449-4e8f-8dce-ebc57af24229,2018,Buick,Regal TourX,Base,Base,798bd2fe1287807f,5x115,70.3,M12x1.50,40.00,40.00,"[""8x18""]","[""235/50R18""]",tgp_solutions,unknown,"""2026-05-07T21:45:59.143Z"""
c8547383-3f25-44b8-8772-9d8e7cbcb210,2018,Buick,Regal TourX,Essence,Essence,5ed53cffb81c0835,5x115,70.3,M12x1.50,40.00,40.00,"[""8x18""]","[""235/50R18""]",tgp_solutions,unknown,"""2026-05-07T21:45:59.143Z"""
0e8660e4-e226-4d20-9176-5b8b24850715,2018,Buick,Regal TourX,Preferred,Preferred,f09199e5ae219c92,5x115,70.3,M12x1.50,40.00,40.00,"[""8x18""]","[""235/50R18""]",tgp_solutions,unknown,"""2026-05-07T21:45:59.143Z"""
bc17298e-2b5d-4aae-b564-4388c196ff2a,2018,Cadillac,ATS,Coupe Front Coupe,Coupe Front Coupe,8072451df5a92104,5x115,70.3,M12x1.50,51.00,51.00,"[""8x18""]","{""rear"":[],""front"":[""225/40R18""]}",deprecated-staggered-split,unknown,"""2026-05-07T21:45:59.143Z"""
0d7bf758-51e6-4b64-b7fd-41e3dbb83313,2018,Cadillac,ATS,Coupe Rear Coupe,Coupe Rear Coupe,8ead0168bdc414f2,5x115,70.3,M12x1.50,51.00,51.00,"[""9x18""]","{""rear"":[""255/35R18""],""front"":[]}",deprecated-staggered-split,unknown,"""2026-05-07T21:45:59.143Z"""
6e5ee31f-e695-413a-8c2f-de3326979745,2018,Cadillac,ATS,Luxury Coupe Front Luxury Coupe,Luxury Coupe Front Luxury Coupe,4fdf9bb23ac32bc2,5x115,70.3,M12x1.50,51.00,51.00,"[""8x18""]","{""rear"":[],""front"":[""225/40R18""]}",deprecated-staggered-split,unknown,"""2026-05-07T21:45:59.143Z"""
68b2632b-e956-42be-92f9-4338554043e2,2018,Cadillac,ATS,Luxury Coupe Rear Luxury Coupe,Luxury Coupe Rear Luxury Coupe,20321c88070ebd7b,5x115,70.3,M12x1.50,51.00,51.00,"[""9x18""]","{""rear"":[""255/35R18""],""front"":[]}",deprecated-staggered-split,unknown,"""2026-05-07T21:45:59.143Z"""
88224a12-09af-4417-af2e-4462cf4a8b83,2018,Cadillac,ATS,Luxury Sedan,Luxury Sedan,a45eb67e56e7983f,5x115,70.3,M12x1.50,51.00,51.00,"[""8x17"",""8x18""]","[""225/40R18"",""P225/45R17""]",tgp_solutions,unknown,"""2026-05-07T21:45:59.143Z"""
7bea6049-c8e3-4358-ae18-156871c85f3c,2018,Cadillac,ATS,Premium Luxury Coupe Front Premium Luxury Coupe,Premium Luxury Coupe Front Premium Luxury Coupe,7dac0d0d75867888,5x115,70.3,M12x1.50,51.00,51.00,"[""8x18""]","{""rear"":[],""front"":[""225/40R18""]}",deprecated-staggered-split,unknown,"""2026-05-07T21:45:59.143Z"""
d0b39f24-dd54-46cb-a39f-c359f345575f,2018,Cadillac,ATS,Premium Luxury Coupe Rear Premium Luxury Coupe,Premium Luxury Coupe Rear Premium Luxury Coupe,5b7625c647c081a0,5x115,70.3,M12x1.50,51.00,51.00,"[""9x18""]","{""rear"":[""255/35R18""],""front"":[]}",deprecated-staggered-split,unknown,"""2026-05-07T21:45:59.143Z"""
074dbc45-e3bd-4682-b74d-4f2ae648aebd,2018,Cadillac,ATS,Premium Luxury Sedan,Premium Luxury Sedan,91339beeef60bf31,5x115,70.3,M12x1.50,51.00,51.00,"[""8x18""]","[""225/40R18""]",tgp_solutions,unknown,"""2026-05-07T21:45:59.143Z"""
99f83e7c-de8b-49d2-a952-7e9538d111e1,2018,Cadillac,ATS,Premium Performance Coupe Front Premium Performance Coupe,Premium Performance Coupe Front Premium Performance Coupe,5bfc95af9d2f3220,5x115,70.3,M12x1.50,51.00,51.00,"[""8x18""]","{""rear"":[],""front"":[""225/40RF18""]}",deprecated-staggered-split,unknown,"""2026-05-07T21:45:59.143Z"""
7f559d0d-09f7-44a4-bb59-eb010e18ed5c,2018,Cadillac,ATS,Premium Performance Coupe Rear Premium Performance Coupe,Premium Performance Coupe Rear Premium Performance Coupe,30b68b02fe3111aa,5x115,70.3,M12x1.50,51.00,51.00,"[""9x18""]","{""rear"":[""255/35RF18""],""front"":[]}",deprecated-staggered-split,unknown,"""2026-05-07T21:45:59.143Z"""
4919f97c-cb62-4940-a7f2-335fb24d1669,2018,Cadillac,ATS,Premium Performance Sedan Front Premium Performance Sedan,Premium Performance Sedan Front Premium Performance Sedan,06e08a2ee013a380,5x115,70.3,M12x1.50,51.00,51.00,"[""8x18""]","{""rear"":[],""front"":[""225/40RF18""]}",deprecated-staggered-split,unknown,"""2026-05-07T21:45:59.143Z"""
8928b8e9-46bf-4568-ac14-ddd96fb49982,2018,Cadillac,ATS,Premium Performance Sedan Rear Premium Performance Sedan,Premium Performance Sedan Rear Premium Performance Sedan,1ff8474d7c9d030e,5x115,70.3,M12x1.50,51.00,51.00,"[""9x18""]","{""rear"":[""255/35RF18""],""front"":[]}",deprecated-staggered-split,unknown,"""2026-05-07T21:45:59.143Z"""
3febeabf-d625-44f6-883e-c1fa30776a2c,2018,Cadillac,ATS,Sedan,Sedan,a31473265c74df06,5x115,70.3,M12x1.50,51.00,51.00,"[""8x17""]","[""P225/45R17""]",tgp_solutions,unknown,"""2026-05-07T21:45:59.143Z"""
43c0ce8c-a47c-4c24-a811-793b1367bd1a,2018,Cadillac,ATS,V Front V,V Front V,f4f1108fb7254a2e,5x120,70.3,M14x1.50,51.00,51.00,"[""9x18""]","{""rear"":[],""front"":[""255/35ZR18""]}",deprecated-staggered-split,unknown,"""2026-05-07T21:45:59.143Z"""
e91fb2e0-0eb0-421c-8aa0-c1625914ddaa,2018,Cadillac,ATS,V Rear V,V Rear V,b9ec88243eca8a49,5x120,70.3,M14x1.50,51.00,51.00,"[""9.5x18""]","{""rear"":[""275/35ZR18""],""front"":[]}",deprecated-staggered-split,unknown,"""2026-05-07T21:45:59.143Z"""
7ea4a1e8-b91a-4f95-8d42-2252cb043c73,2018,Cadillac,CT6,Base,Base,9177aeacd4017fab,5x120,66.9,M14x1.50,35.00,35.00,"[""8.5x19"",""8.5x20"",""8x18""]","[""235/50R18"",""245/40R20"",""245/45R19""]",tgp_solutions,unknown,"""2026-05-07T21:45:59.143Z"""
80d3b25a-4644-4e1b-a488-6f4021cbd4b3,2018,Cadillac,CT6,Luxury,Luxury,6173552bdf43b71a,5x120,66.9,M14x1.50,35.00,35.00,"[""8.5x19"",""8.5x20"",""8x18"",""8x20""]","[""235/50R18"",""245/40R20"",""245/40ZR20"",""245/45R19""]",tgp_solutions,unknown,"""2026-05-07T21:45:59.143Z"""
b0b45ad4-4752-4955-8247-d8a723e5c51f,2018,Cadillac,CT6,Platinum,Platinum,d562a797a0bfafbc,5x120,66.9,M14x1.50,35.00,35.00,"[""8.5x20""]","[""245/40R20"",""245/40ZR20""]",tgp_solutions,unknown,"""2026-05-07T21:45:59.143Z"""
60bd820d-7a72-44da-8934-0c0655e732ed,2018,Cadillac,CT6,Plug-In Front Plug-In,Plug-In Front Plug-In,a56e25d7c8c29bee,5x120,66.9,M14x1.50,35.00,35.00,"[""8x18""]","{""rear"":[],""front"":[""235/50R18""]}",deprecated-staggered-split,unknown,"""2026-05-07T21:45:59.143Z"""
02e21b7b-1165-4c13-a821-2be35c80943f,2018,Cadillac,CT6,Plug-In Rear Plug-In,Plug-In Rear Plug-In,7eb4b4936012e5aa,5x120,66.9,M14x1.50,35.00,35.00,"[""8.5x18""]","{""rear"":[""265/45R18""],""front"":[]}",deprecated-staggered-split,unknown,"""2026-05-07T21:45:59.143Z"""
c6cfc1d5-2b2c-4dab-84df-3df793e20c7e,2018,Cadillac,CT6,Premium Luxury,Premium Luxury,10742dced7107f92,5x120,66.9,M14x1.50,35.00,35.00,"[""8.5x19"",""8.5x20""]","[""245/40R20"",""245/40ZR20"",""245/45R19""]",tgp_solutions,unknown,"""2026-05-07T21:45:59.143Z"""
8b536788-72e3-435d-be70-d1be9f1cdc43,2018,Cadillac,CTS,Base,Base,fcf4c73b2a629e09,5x120,66.9,M14x1.50,51.00,51.00,"[""8.5x17""]","[""P245/45RF17""]",tgp_solutions,unknown,"""2026-05-07T21:45:59.143Z"""
691fe12e-7874-4038-9721-7ba5df8cee14,2018,Cadillac,CTS,Luxury,Luxury,9289716bf6775034,5x120,66.9,M14x1.50,51.00,51.00,"[""8.5x17"",""8.5x18""]","[""P245/40R18"",""P245/45RF17""]",tgp_solutions,unknown,"""2026-05-07T21:45:59.143Z"""
80bf5bdf-1401-42e5-a719-eb4cafa1e9af,2018,Cadillac,CTS,Premium Luxury,Premium Luxury,6f8248f740ecb830,5x120,66.9,M14x1.50,51.00,51.00,"[""8.5x18"",""8.5x19""]","[""255/35R19"",""P245/40R18""]",tgp_solutions,unknown,"""2026-05-07T21:45:59.143Z"""
015a3c42-14b6-4fa8-85a6-38f663c3d931,2018,Cadillac,CTS,V Front V,V Front V,01f0407ee636f9a0,5x120,66.9,M14x1.50,51.00,51.00,"[""9.5x19""]","{""rear"":[],""front"":[""265/35ZR19""]}",deprecated-staggered-split,unknown,"""2026-05-07T21:45:59.143Z"""
87dc0d9e-9d98-434e-bc61-7cce8d768bb7,2018,Cadillac,CTS,V Rear V,V Rear V,41662e0dc63f806b,5x120,66.9,M14x1.50,51.00,51.00,"[""10x19""]","{""rear"":[""295/30ZR19""],""front"":[]}",deprecated-staggered-split,unknown,"""2026-05-07T21:45:59.143Z"""
065a7bbf-5695-4027-9dcc-9d9bab266fc0,2018,Cadillac,CTS,Vsport Front Vsport,Vsport Front Vsport,8b9f40c9285d388e,5x120,66.9,M14x1.50,46.00,46.00,"[""8.5x18""]","{""rear"":[],""front"":[""245/40R18""]}",deprecated-staggered-split,unknown,"""2026-05-07T21:45:59.143Z"""
e9693dbc-2af2-4875-8c1f-83c6753eeb4c,2018,Cadillac,CTS,Vsport Premium Luxury Front Vsport Premium Luxury,Vsport Premium Luxury Front Vsport Premium Luxury,249e0f97628a5266,5x120,66.9,M14x1.50,46.00,46.00,"[""8.5x18""]","{""rear"":[],""front"":[""245/40R18""]}",deprecated-staggered-split,unknown,"""2026-05-07T21:45:59.143Z"""
64d81666-66e6-48fb-b29d-edcd8ed43119,2018,Cadillac,CTS,Vsport Premium Luxury Rear Vsport Premium Luxury,Vsport Premium Luxury Rear Vsport Premium Luxury,fe23b0761a582793,5x120,66.9,M14x1.50,46.00,46.00,"[""9.5x18""]","{""rear"":[""275/35R18""],""front"":[]}",deprecated-staggered-split,unknown,"""2026-05-07T21:45:59.143Z"""
aca2f2e2-b8ef-4cbb-a0bf-8cd8d1780041,2018,Cadillac,CTS,Vsport Rear Vsport,Vsport Rear Vsport,8375ddbf8dc57328,5x120,66.9,M14x1.50,46.00,46.00,"[""9.5x18""]","{""rear"":[""275/35R18""],""front"":[]}",deprecated-staggered-split,unknown,"""2026-05-07T21:45:59.143Z"""
050c909c-7a81-43e3-94f9-e5cc1f7e1acc,2018,Cadillac,Escalade,Base,Base,a2e0b496264f62c2,6x139.7,78.1,M14x1.50,31.00,31.00,"[""9x20""]","[""P275/55R20""]",tgp_solutions,unknown,"""2026-05-07T21:45:59.143Z"""
0d883371-b5ff-487f-ace6-97edfd689d95,2018,Cadillac,Escalade,Luxury,Luxury,07fa87054754ef99,6x139.7,78.1,M14x1.50,31.00,31.00,"[""9x22""]","[""P285/45R22""]",tgp_solutions,unknown,"""2026-05-07T21:45:59.143Z"""
594b536a-2d57-4c53-b9a4-1b88b97d6339,2018,Cadillac,Escalade,Platinum,Platinum,b9a4091cda0b58e9,6x139.7,78.1,M14x1.50,31.00,31.00,"[""9x22""]","[""P285/45R22""]",tgp_solutions,unknown,"""2026-05-07T21:45:59.143Z"""
171ee2be-e6ff-4323-aa7b-5366614ca10c,2018,Cadillac,Escalade,Premium Luxury,Premium Luxury,c58b251b796e29ee,6x139.7,78.1,M14x1.50,31.00,31.00,"[""9x22""]","[""P285/45R22""]",tgp_solutions,unknown,"""2026-05-07T21:45:59.143Z"""
f5272256-c936-46a4-8b49-004238918c0c,2018,Cadillac,Escalade ESV,Base,Base,d9c5fa6f732984e0,6x139.7,78.1,M14x1.50,31.00,31.00,"[""9x20""]","[""P275/55R20""]",tgp_solutions,unknown,"""2026-05-07T21:45:59.143Z"""
f559d5db-23cf-4670-9c6c-0a3f9f6bfb7b,2018,Cadillac,Escalade ESV,Luxury,Luxury,571ad0259203b041,6x139.7,78.1,M14x1.50,31.00,31.00,"[""9x22""]","[""P285/45R22""]",tgp_solutions,unknown,"""2026-05-07T21:45:59.143Z"""
9946be1b-ff04-4628-b058-63c95c19520d,2018,Cadillac,Escalade ESV,Platinum,Platinum,b721860fc41efb80,6x139.7,78.1,M14x1.50,31.00,31.00,"[""9x22""]","[""P285/45R22""]",tgp_solutions,unknown,"""2026-05-07T21:45:59.143Z"""
1e86489a-df99-436f-8afd-e7b229ab005b,2018,Cadillac,Escalade ESV,Premium Luxury,Premium Luxury,df05c9c5a8fd3e7d,6x139.7,78.1,M14x1.50,31.00,31.00,"[""9x22""]","[""P285/45R22""]",tgp_solutions,unknown,"""2026-05-07T21:45:59.143Z"""
029465c0-802a-47ab-b9a8-3a737e5b2c74,2018,Cadillac,XT5,Base,Base,5e52c03111df25ac,6x120,66.9,M14x1.50,45.00,45.00,"[""8x18""]","[""235/65R18""]",tgp_solutions,unknown,"""2026-05-07T21:45:59.143Z"""
3287be45-5377-47dc-8e2c-55c7f8705590,2018,Cadillac,XT5,Luxury,Luxury,5439fcff34bb2c8d,6x120,66.9,M14x1.50,45.00,45.00,"[""8x18"",""8x20""]","[""235/55R20"",""235/65R18""]",tgp_solutions,unknown,"""2026-05-07T21:45:59.143Z"""
c6e65d21-0528-4cf5-a124-43e81f796425,2018,Cadillac,XT5,Platinum,Platinum,38c61d5d087cf298,6x120,66.9,M14x1.50,50.00,50.00,"[""8x20""]","[""235/55R20""]",tgp_solutions,unknown,"""2026-05-07T21:45:59.143Z"""
f9cca59a-efa9-4de0-9701-475fddf09088,2018,Cadillac,XT5,Premium Luxury,Premium Luxury,4ca1d620d21ad3dd,6x120,66.9,M14x1.50,50.00,50.00,"[""8x20""]","[""235/55R20""]",tgp_solutions,unknown,"""2026-05-07T21:45:59.143Z"""
9fa56b6f-48b1-4ff2-aea9-13e47b76fedb,2018,Cadillac,XTS,Base,Base,7879cf630ef9f5e9,5x120,66.9,M14x1.50,51.00,51.00,"[""8.5x19""]","[""245/45R19""]",tgp_solutions,unknown,"""2026-05-07T21:45:59.143Z"""
b861acb5-d6b4-4f1f-8649-1d9ea98a6496,2018,Cadillac,XTS,Luxury,Luxury,853211997f19ad02,5x120,66.9,M14x1.50,51.00,51.00,"[""8.5x19""]","[""245/45R19""]",tgp_solutions,unknown,"""2026-05-07T21:45:59.143Z"""
7ee80c17-7fee-4ec5-b466-575a96c29e0e,2018,Cadillac,XTS,Platinum,Platinum,b6cdda66bafdebcc,5x120,66.9,M14x1.50,51.00,51.00,"[""8.5x20""]","[""P245/40R20""]",tgp_solutions,unknown,"""2026-05-07T21:45:59.143Z"""
a0222848-79db-407b-acab-c960439a2c0e,2018,Cadillac,XTS,Premium Luxury,Premium Luxury,fd3b18db047d77be,5x120,66.9,M14x1.50,51.00,51.00,"[""8.5x20""]","[""P245/40R20""]",tgp_solutions,unknown,"""2026-05-07T21:45:59.143Z"""
9881bba1-3c0e-4a74-83aa-d0c3a65d860f,2018,Cadillac,XTS,Vsport Platinum,Vsport Platinum,01b711aa699e7e19,5x120,66.9,M14x1.50,51.00,51.00,"[""8.5x20""]","[""P245/40R20""]",tgp_solutions,unknown,"""2026-05-07T21:45:59.143Z"""
168b7375-c52e-4499-bc01-fd2224f8efb6,2018,Chevrolet,Bolt EV,LT,LT,2d2a6fcc300008f4,5x105,56.6,M12x1.50,44.00,44.00,"[""6.5x17""]","[""215/50R17""]",tgp_solutions,unknown,"""2026-05-07T21:45:59.143Z"""
5d024365-afc6-4063-bdc7-f96039dd8ac6,2018,Chevrolet,Bolt EV,Premier,Premier,cd00189671479fed,5x105,56.6,M12x1.50,44.00,44.00,"[""6.5x17""]","[""215/50R17""]",tgp_solutions,unknown,"""2026-05-07T21:45:59.143Z"""
e8a56598-a9c9-4881-bbba-70847881084c,2018,Chevrolet,Camaro,LS,LS,e42a9590d9c8296d,5x120,67.0,M14x1.50,38.00,38.00,"[""7.5x18"",""8.5x20""]","[""245/40R20"",""245/50R18""]",tgp_solutions,unknown,"""2026-05-07T21:45:59.143Z"""
cbe9c335-8158-47a9-8d6b-2c584d9a3fad,2018,Chevrolet,Camaro,LS 1LE Pkg. Front LS 1LE Pkg.,LS 1LE Pkg. Front LS 1LE Pkg.,46e71a1a04f5f917,5x120,67.0,M14x1.50,35.00,35.00,"[""8.5x20""]","{""rear"":[],""front"":[""245/40ZR20""]}",deprecated-staggered-split,unknown,"""2026-05-07T21:45:59.143Z"""
8787883c-8389-4434-9846-75196c14b3c1,2018,Chevrolet,Camaro,LS 1LE Pkg. Rear LS 1LE Pkg.,LS 1LE Pkg. Rear LS 1LE Pkg.,361fef4acb80f806,5x120,67.0,M14x1.50,40.00,40.00,"[""9.5x20""]","{""rear"":[""275/35ZR20""],""front"":[]}",deprecated-staggered-split,unknown,"""2026-05-07T21:45:59.143Z"""
2935a3d4-7659-4024-8488-59ce4cbd4ddc,2018,Chevrolet,Camaro,LT,LT,8654c786abfd21c2,5x120,67.0,M14x1.50,38.00,38.00,"[""7.5x18"",""8.5x20""]","[""245/40R20"",""245/50R18""]",tgp_solutions,unknown,"""2026-05-07T21:45:59.143Z"""
f89cc3e9-a7b0-4dc6-b372-9c36c736a6b4,2018,Chevrolet,Camaro,LT 1LE Pkg. Front LT 1LE Pkg.,LT 1LE Pkg. Front LT 1LE Pkg.,4756ba5374f7142f,5x120,67.0,M14x1.50,35.00,35.00,"[""8.5x20""]","{""rear"":[],""front"":[""245/40ZR20""]}",deprecated-staggered-split,unknown,"""2026-05-07T21:45:59.143Z"""
ac320c87-bde6-4eee-9e50-adc92e958fe2,2018,Chevrolet,Camaro,LT 1LE Pkg. Rear LT 1LE Pkg.,LT 1LE Pkg. Rear LT 1LE Pkg.,2a2481ef38588456,5x120,67.0,M14x1.50,40.00,40.00,"[""9.5x20""]","{""rear"":[""275/35ZR20""],""front"":[]}",deprecated-staggered-split,unknown,"""2026-05-07T21:45:59.143Z"""
a98a15a1-7037-4a19-8fe5-40c3454a447a,2018,Chevrolet,Camaro,SS 1LE Pkg. Front SS 1LE Pkg.,SS 1LE Pkg. Front SS 1LE Pkg.,c7c21f62008d2f9e,5x120,67.0,M14x1.50,35.00,35.00,"[""9.5x20""]","{""rear"":[],""front"":[""285/30ZR20""]}",deprecated-staggered-split,unknown,"""2026-05-07T21:45:59.143Z"""
4c3c57a0-5140-4bdc-992a-0d74e492098a,2018,Chevrolet,Camaro,SS 1LE Pkg. Rear SS 1LE Pkg.,SS 1LE Pkg. Rear SS 1LE Pkg.,fc531c3bea062f5f,5x120,67.0,M14x1.50,40.00,40.00,"[""10.5x20""]","{""rear"":[""305/30ZR20""],""front"":[]}",deprecated-staggered-split,unknown,"""2026-05-07T21:45:59.143Z"""
e3d6a691-6bbc-4112-910b-ca3d05bac00d,2018,Chevrolet,Camaro,SS Front SS,SS Front SS,1985ab475d48260b,5x120,67.0,M14x1.50,35.00,35.00,"[""8.5x20""]","{""rear"":[],""front"":[""245/40ZR20""]}",deprecated-staggered-split,unknown,"""2026-05-07T21:45:59.143Z"""
65d38b4c-9d7d-46d0-ab5b-be7a7ec29ba8,2018,Chevrolet,Camaro,SS Rear SS,SS Rear SS,883d90435f0bc747,5x120,67.0,M14x1.50,40.00,40.00,"[""9.5x20""]","{""rear"":[""275/35ZR20""],""front"":[]}",deprecated-staggered-split,unknown,"""2026-05-07T21:45:59.143Z"""
c4aa77d1-2151-4bd8-81ed-7472ef453c65,2018,Chevrolet,Camaro,ZL1 1LE Pkg. Front ZL1 1LE Pkg.,ZL1 1LE Pkg. Front ZL1 1LE Pkg.,f0307a29aadf3c96,5x120,67.0,M14x1.50,35.00,35.00,"[""11x19""]","{""rear"":[],""front"":[""305/30ZR19""]}",deprecated-staggered-split,unknown,"""2026-05-07T21:45:59.143Z"""
630ae4dd-6087-4a21-98dc-0b5e9175f742,2018,Chevrolet,Camaro,ZL1 1LE Pkg. Rear ZL1 1LE Pkg.,ZL1 1LE Pkg. Rear ZL1 1LE Pkg.,a037eab8bd143299,5x120,67.0,M14x1.50,40.00,40.00,"[""12x19""]","{""rear"":[""325/30ZR19""],""front"":[]}",deprecated-staggered-split,unknown,"""2026-05-07T21:45:59.143Z"""
7dc6b4bc-9d39-49b4-a32f-bade4cd7d297,2018,Chevrolet,Camaro,ZL1 Front ZL1,ZL1 Front ZL1,3f07f62a42c55904,5x120,67.0,M14x1.50,35.00,35.00,"[""10x20""]","{""rear"":[],""front"":[""285/30ZR20""]}",deprecated-staggered-split,unknown,"""2026-05-07T21:45:59.143Z"""
a220651f-18d6-472e-b968-a0670b4a79ca,2018,Chevrolet,Camaro,ZL1 Rear ZL1,ZL1 Rear ZL1,a958ba7cd269bb9c,5x120,67.0,M14x1.50,40.00,40.00,"[""11x20""]","{""rear"":[""305/30ZR20""],""front"":[]}",deprecated-staggered-split,unknown,"""2026-05-07T21:45:59.143Z"""
20185871-411a-4b32-a927-63e61e73d628,2018,Chevrolet,Colorado,Base,Base,7e1b6b2e780ec390,6x120,66.9,M14x1.50,33.00,33.00,"[""7x16""]","[""265/70R16""]",tgp_solutions,unknown,"""2026-05-07T21:45:59.143Z"""
b4ede306-418a-4232-8f22-75b38da0c8b7,2018,Chevrolet,Colorado,LT,LT,f2abc64b42eae25f,6x120,66.9,M14x1.50,33.00,33.00,"[""8.5x18"",""8x17""]","[""255/65R17"",""265/60R18""]",tgp_solutions,unknown,"""2026-05-07T21:45:59.143Z"""
87e91560-9050-4179-bbfa-08b1e5d2e847,2018,Chevrolet,Colorado,WT,WT,9a17ec2174727a6f,6x120,66.9,M14x1.50,33.00,33.00,"[""7x16"",""8.5x18"",""8x17""]","[""255/65R17"",""265/60R18"",""265/70R16""]",tgp_solutions,unknown,"""2026-05-07T21:45:59.143Z"""
12e4ce22-1247-4c9f-9b9b-cc51705fa934,2018,Chevrolet,Colorado,Z71,Z71,3d8c9e6b12f94913,6x120,66.9,M14x1.50,33.00,33.00,"[""8x17""]","[""255/65R17""]",tgp_solutions,unknown,"""2026-05-07T21:45:59.143Z"""
5a0c0fc2-2429-4d69-b133-59bf3cc0b3d3,2018,Chevrolet,Colorado,ZR2,ZR2,f68cdf9c05c803c2,6x120,66.9,M14x1.50,33.00,33.00,"[""8x17""]","[""265/65R17""]",tgp_solutions,unknown,"""2026-05-07T21:45:59.143Z"""
64e6e72c-dc4f-429e-8ab7-b377fbb9d229,2018,Chevrolet,Corvette,Grand Sport Front Grand Sport,Grand Sport Front Grand Sport,bd7b8598e3f05b0e,5x120.7,70.3,M12x1.50,40.00,40.00,"[""10x19""]","{""rear"":[],""front"":[""P285/30ZR19""]}",deprecated-staggered-split,unknown,"""2026-05-07T21:45:59.143Z"""
f32d8f57-1b8a-4258-86b0-e1efcd5ee9c2,2018,Chevrolet,Corvette,Grand Sport Rear Grand Sport,Grand Sport Rear Grand Sport,76f3af04fd702835,5x120.7,70.3,M12x1.50,59.00,59.00,"[""12x20""]","{""rear"":[""P335/25ZR20""],""front"":[]}",deprecated-staggered-split,unknown,"""2026-05-07T21:45:59.143Z"""
3b98b632-e107-455b-984f-d3c4196443f7,2018,Chevrolet,Corvette,Stingray Front Stingray,Stingray Front Stingray,8b672ff5cc038f9b,5x120.7,70.3,M12x1.50,55.00,55.00,"[""8.5x19""]","{""rear"":[],""front"":[""P245/35ZR19""]}",deprecated-staggered-split,unknown,"""2026-05-07T21:45:59.143Z"""
de424377-5727-449f-b5a9-57d27fd35771,2018,Chevrolet,Corvette,Stingray Rear Stingray,Stingray Rear Stingray,52b207077776d54c,5x120.7,70.3,M12x1.50,55.00,55.00,"[""10x20""]","{""rear"":[""P285/30ZR20""],""front"":[]}",deprecated-staggered-split,unknown,"""2026-05-07T21:45:59.143Z"""
20fc06ea-0091-4c40-aaa5-5d648defb62d,2018,Chevrolet,Corvette,Z06 Front Z06,Z06 Front Z06,05b7f4be8fe10aa5,5x120.7,70.3,M12x1.50,40.00,40.00,"[""10x19""]","{""rear"":[],""front"":[""P285/30ZR19""]}",deprecated-staggered-split,unknown,"""2026-05-07T21:45:59.143Z"""
14e8f77b-af28-4c6a-82d0-6bbf57a47de0,2018,Chevrolet,Corvette,Z06 Rear Z06,Z06 Rear Z06,d07825fc23a86166,5x120.7,70.3,M12x1.50,59.00,59.00,"[""12x20""]","{""rear"":[""P335/25ZR20""],""front"":[]}",deprecated-staggered-split,unknown,"""2026-05-07T21:45:59.143Z"""
6c80f990-c6a8-4314-bcae-26c9945e9495,2018,Chevrolet,Cruze,Diesel,Diesel,cb849746eba1987c,5x105,56.6,M12x1.50,41.00,41.00,"[""7x16""]","[""205/55R16""]",tgp_solutions,unknown,"""2026-05-07T21:45:59.143Z"""
29ead33a-c19b-4328-9ed8-7e139f94bee5,2018,Chevrolet,Cruze,L,L,f82cd76dd395c697,5x105,56.6,M12x1.50,37.00,37.00,"[""6x15""]","[""195/65R15""]",tgp_solutions,unknown,"""2026-05-07T21:45:59.143Z"""
12a153b6-588e-44b6-a57b-a4bea16c93be,2018,Chevrolet,Cruze,LS,LS,22e27d7230e87187,5x105,56.6,M12x1.50,37.00,37.00,"[""6x15""]","[""195/65R15""]",tgp_solutions,unknown,"""2026-05-07T21:45:59.143Z"""
ccc68bf4-48c6-4fc1-93f2-0bbb4d5b6494,2018,Chevrolet,Cruze,LT,LT,e1870100488a506c,5x105,56.6,M12x1.50,41.00,41.00,"[""7x16""]","[""205/55R16""]",tgp_solutions,unknown,"""2026-05-07T21:45:59.143Z"""
c83693db-8335-487e-a382-e587b47a927c,2018,Chevrolet,Cruze,LT w/RS Pkg.,LT w/RS Pkg.,5896d646c77d57b1,5x105,56.6,M12x1.50,44.00,44.00,"[""7.5x17"",""7.5x18""]","[""225/45R17"",""P225/40R18""]",tgp_solutions,unknown,"""2026-05-07T21:45:59.143Z"""
ea842d96-2380-4907-87df-ec490b47cec5,2018,Chevrolet,Cruze,Premier,Premier,a358655ce37fe43f,5x105,56.6,M12x1.50,44.00,44.00,"[""7.5x17"",""7.5x18""]","[""225/45R17"",""P225/40R18""]",tgp_solutions,unknown,"""2026-05-07T21:45:59.143Z"""
22716ed7-acb2-4d9a-8878-e050d6acf738,2018,Chevrolet,Equinox,L,L,650feab09a73c43b,5x115,70.3,M12x1.50,43.00,43.00,"[""7x17""]","[""225/65R17""]",tgp_solutions,unknown,"""2026-05-07T21:45:59.143Z"""
dd5d0acc-7d81-49cb-aaeb-c7feb8e4939c,2018,Chevrolet,Equinox,LS,LS,e16e296882a07e8c,5x115,70.3,M12x1.50,43.00,43.00,"[""7x17""]","[""225/65R17""]",tgp_solutions,unknown,"""2026-05-07T21:45:59.143Z"""
9da482ac-a86f-4687-8d35-de011ce2106b,2018,Chevrolet,Equinox,LT,LT,4ea2b2ccc6272ee9,5x115,70.3,M12x1.50,43.00,43.00,"[""7.5x19"",""7x17"",""7x18""]","[""225/60R18"",""225/65R17"",""235/50R19""]",tgp_solutions,unknown,"""2026-05-07T21:45:59.143Z"""
e6458a7a-28c6-43c2-98d8-0d7adde8be63,2018,Chevrolet,Equinox,Premier,Premier,ec49175609f3a3e1,5x115,70.3,M12x1.50,43.00,43.00,"[""7.5x19"",""7x18""]","[""225/60R18"",""235/50R19""]",tgp_solutions,unknown,"""2026-05-07T21:45:59.143Z"""
3ff0eac7-c44b-4e89-8ae0-8b086aeff1df,2018,Chevrolet,Impala,LS,LS,37da53c23dea2e63,5x120,66.9,M14x1.50,45.00,45.00,"[""8x18""]","[""P235/50R18""]",tgp_solutions,unknown,"""2026-05-07T21:45:59.143Z"""
2308adee-d5b0-4b3c-bf0e-7a32f4656b13,2018,Chevrolet,Impala,LT,LT,3786882a41a1e3fd,5x120,66.9,M14x1.50,45.00,45.00,"[""8x18"",""8x19""]","[""P235/50R18"",""P245/45R19""]",tgp_solutions,unknown,"""2026-05-07T21:45:59.143Z"""
bd4803b0-7a27-4d8b-ad19-956c14500226,2018,Chevrolet,Impala,Premier,Premier,76cedc27f4a3603c,5x120,66.9,M14x1.50,45.00,45.00,"[""8x19""]","[""P245/45R19""]",tgp_solutions,unknown,"""2026-05-07T21:45:59.143Z"""
b8ffcaa6-274a-4a67-a067-f49c2a263ec4,2018,Chevrolet,Malibu,Hybrid,Hybrid,573b660466d64510,5x115,70.3,M12x1.50,45.00,45.00,"[""8x17""]","[""P225/55R17""]",tgp_solutions,unknown,"""2026-05-07T21:45:59.143Z"""
b6417e2f-1bed-420a-9e87-f35eceab7174,2018,Chevrolet,Malibu,L,L,04902edd54f385b2,5x115,70.3,M12x1.50,40.00,40.00,"[""7.5x16""]","[""P205/65R16""]",tgp_solutions,unknown,"""2026-05-07T21:45:59.143Z"""
50b2f956-d619-4fd3-a011-01851baf6ee0,2018,Chevrolet,Malibu,LS,LS,12b31b9a2b1e125b,5x115,70.3,M12x1.50,45.00,45.00,"[""7.5x16""]","[""P205/65R16""]",tgp_solutions,unknown,"""2026-05-07T21:45:59.143Z"""
8b49891a-8998-479e-8d1d-b759abbccf50,2018,Chevrolet,Malibu,LT,LT,c9113a1240822262,5x115,70.3,M12x1.50,45.00,45.00,"[""8x17"",""8x18"",""8x19""]","[""245/40R19"",""245/45R18"",""P225/55R17""]",tgp_solutions,unknown,"""2026-05-07T21:45:59.143Z"""
f1a13458-3a9e-418c-bfd1-0c856bc9f17d,2018,Chevrolet,Malibu,Premier,Premier,473977707d91b385,5x115,70.3,M12x1.50,45.00,45.00,"[""8x18"",""8x19""]","[""245/40R19"",""245/45R18""]",tgp_solutions,unknown,"""2026-05-07T21:45:59.143Z"""
19186ed9-adaf-445c-bd96-22729390d217,2018,Chevrolet,Silverado 1500,Custom,Custom,3a3ca82006f05c7e,6x139.7,78.1,M14x1.50,40.00,40.00,"[""9x20"",""9x22""]","[""P275/55R20"",""P285/45R22""]",tgp_solutions,unknown,"""2026-05-07T21:45:59.143Z"""
da6c5299-721a-4a02-86c5-8e0faf619042,2018,Chevrolet,Silverado 1500,High Country,High Country,e28634c63c9fdba6,6x139.7,78.1,M14x1.50,40.00,40.00,"[""9x20"",""9x22""]","[""P275/55R20"",""P285/45R22""]",tgp_solutions,unknown,"""2026-05-07T21:45:59.143Z"""
67d93b8a-4a14-4224-a9fd-0855dfd84a30,2018,Chevrolet,Silverado 1500,LS,LS,c36f62d13e85e3d9,6x139.7,78.1,M14x1.50,31.00,31.00,"[""8x17""]","[""LT265/70R17/C"",""P255/70R17"",""P265/70R17""]",tgp_solutions,unknown,"""2026-05-07T21:45:59.143Z"""
1d632b72-265c-46b7-80f3-d448f555aea8,2018,Chevrolet,Silverado 1500,LT,LT,2b57a9deaa3e7dc3,6x139.7,78.1,M14x1.50,31.00,31.00,"[""8x17""]","[""LT265/70R17/C"",""P255/70R17"",""P265/70R17""]",tgp_solutions,unknown,"""2026-05-07T21:45:59.143Z"""
37b95f3e-6cdb-4eb7-9b37-759bfb9057d8,2018,Chevrolet,Silverado 1500,LT (18 Inch Option),LT (18 Inch Option),f2a32856505194e4,6x139.7,78.1,M14x1.50,34.00,34.00,"[""8.5x18""]","[""P265/65R18""]",tgp_solutions,unknown,"""2026-05-07T21:45:59.143Z"""
9d7bac62-53d0-4d18-aab2-c0eef30d21a1,2018,Chevrolet,Silverado 1500,LT (20 Inch Option),LT (20 Inch Option),f0eb341f5ac3447e,6x139.7,78.1,M14x1.50,40.00,40.00,"[""9x20""]","[""P275/55R20""]",tgp_solutions,unknown,"""2026-05-07T21:45:59.143Z"""
d9633b2c-8a6b-4d7a-b126-3588fae862c7,2018,Chevrolet,Silverado 1500,LT (22 Inch Option),LT (22 Inch Option),f6ebaf5fcf608616,6x139.7,78.1,M14x1.50,40.00,40.00,"[""9x22""]","[""P285/45R22""]",tgp_solutions,unknown,"""2026-05-07T21:45:59.143Z"""
f2b95f30-ec3c-41b9-9ad3-49f30d00600a,2018,Chevrolet,Silverado 1500,LTZ,LTZ,2b6e0f7a72375ab6,6x139.7,78.1,M14x1.50,34.00,34.00,"[""8.5x18"",""9x20"",""9x22""]","[""P265/65R18"",""P275/55R20"",""P285/45R22""]",tgp_solutions,unknown,"""2026-05-07T21:45:59.143Z"""
cb36cba3-169a-40d8-9527-c8020313abaf,2018,Chevrolet,Silverado 1500,WT,WT,920b8737545ec9a5,6x139.7,78.1,M14x1.50,31.00,31.00,"[""8x17""]","[""LT265/70R17/C"",""P255/70R17"",""P265/70R17""]",tgp_solutions,unknown,"""2026-05-07T21:45:59.143Z"""
fac35fc3-2729-4ace-9f19-d2e394533497,2018,Chevrolet,Silverado 1500,WT (20 Inch Option),WT (20 Inch Option),1a5fe58f69e906fb,6x139.7,78.1,M14x1.50,40.00,40.00,"[""9x20""]","[""P275/55R20""]",tgp_solutions,unknown,"""2026-05-07T21:45:59.143Z"""
9042db8b-79b1-482f-a8d8-16a421676d74,2018,Chevrolet,Silverado 2500 HD,High Country,High Country,bcf44b903b0bcf85,8x180,124.1,M14x1.50,44.00,44.00,"[""8.5x20""]","[""LT265/60R20/E""]",tgp_solutions,unknown,"""2026-05-07T21:45:59.143Z"""
2561cbaf-a89a-49e1-9b06-6056c144c47d,2018,Chevrolet,Silverado 2500 HD,High Country Snow Plow Prep Pkg.,High Country Snow Plow Prep Pkg.,0a2cc456067d4ecf,8x180,124.1,M14x1.50,44.00,44.00,"[""8.5x20""]","[""LT265/60R20/E""]",tgp_solutions,unknown,"""2026-05-07T21:45:59.143Z"""
0c07bba0-e6a9-4ca8-9f4f-13319e928f2b,2018,Chevrolet,Silverado 2500 HD,LT,LT,c4228bb8af6ecf7e,8x180,124.1,M14x1.50,44.00,44.00,"[""7.5x17"",""8.5x20"",""8x18""]","[""LT245/75R17/E"",""LT265/60R20/E"",""LT265/70R17/E"",""LT265/70R18/E"",""LT275/65R18/E""]",tgp_solutions,unknown,"""2026-05-07T21:45:59.143Z"""
6bfac73a-d0ef-4a6d-a207-bc376d4ddacb,2018,Chevrolet,Silverado 2500 HD,LT Snow Plow Prep Pkg.,LT Snow Plow Prep Pkg.,f0732dcae49873c5,8x180,124.1,M14x1.50,44.00,44.00,"[""7.5x17"",""8.5x20"",""8x18""]","[""LT245/75R17/E"",""LT265/60R20/E"",""LT265/70R18/E"",""LT275/65R18/E""]",tgp_solutions,unknown,"""2026-05-07T21:45:59.143Z"""
49a22f78-cf28-4200-89c8-f9af943f59ac,2018,Chevrolet,Silverado 2500 HD,LTZ,LTZ,4800d206f1729589,8x180,124.1,M14x1.50,44.00,44.00,"[""8.5x20"",""8x18""]","[""LT265/60R20/E"",""LT265/70R18/E"",""LT275/65R18/E""]",tgp_solutions,unknown,"""2026-05-07T21:45:59.143Z"""
83c1d7f4-c86c-41c7-918e-15efa9a67df6,2018,Chevrolet,Silverado 2500 HD,LTZ Snow Plow Prep Pkg.,LTZ Snow Plow Prep Pkg.,3ee17397a30080aa,8x180,124.1,M14x1.50,44.00,44.00,"[""8.5x20"",""8x18""]","[""LT265/60R20/E"",""LT265/70R18/E""]",tgp_solutions,unknown,"""2026-05-07T21:45:59.143Z"""
1c454c72-3576-4c2b-8539-54f2b21e434b,2018,Chevrolet,Silverado 2500 HD,WT,WT,ec812b680840916e,8x180,124.1,M14x1.50,44.00,44.00,"[""7.5x17"",""8.5x20"",""8x18""]","[""LT245/75R17/E"",""LT265/60R20/E"",""LT265/70R17/E"",""LT265/70R18/E"",""LT275/65R18/E""]",tgp_solutions,unknown,"""2026-05-07T21:45:59.143Z"""
05021728-fd78-446d-81ae-4e078fe6220d,2018,Chevrolet,Silverado 2500 HD,WT Snow Plow Prep Pkg.,WT Snow Plow Prep Pkg.,0ccf36d8e01716a6,8x180,124.1,M14x1.50,44.00,44.00,"[""7.5x17"",""8.5x20"",""8x18""]","[""LT245/75R17/E"",""LT265/60R20/E"",""LT265/70R18/E"",""LT275/65R18/E""]",tgp_solutions,unknown,"""2026-05-07T21:45:59.143Z"""
dea805e9-7cc2-4e02-9c3b-7aa90c5106b7,2018,Chevrolet,Silverado 3500 HD,High Country,High Country,ed5581ae45474a99,8x180,124.1,M14x1.50,44.00,44.00,"[""8x18""]","[""LT265/70R18/E""]",tgp_solutions,unknown,"""2026-05-07T21:45:59.143Z"""
30bb91fc-a806-4e66-8920-a27e52fc1086,2018,Chevrolet,Silverado 3500 HD,High Country (DRW),High Country (DRW),b6ffb280afd975db,8x210,154.2,M14x1.50,137.00,137.00,"[""6.5x17""]","[""LT235/80R17/E""]",tgp_solutions,unknown,"""2026-05-07T21:45:59.143Z"""
0961adc9-81c7-4b61-8e34-8ab78ecc361d,2018,Chevrolet,Silverado 3500 HD,High Country Snow Plow Prep Pkg.,High Country Snow Plow Prep Pkg.,e12dcf8cedc4e411,8x180,124.1,M14x1.50,44.00,44.00,"[""8x18""]","[""LT265/70R18/E""]",tgp_solutions,unknown,"""2026-05-07T21:45:59.143Z"""
1a98a3d6-9f9e-4c3d-9546-c1672dbd6351,2018,Chevrolet,Silverado 3500 HD,High Country Snow Plow Prep Pkg. (DRW),High Country Snow Plow Prep Pkg. (DRW),c699067a27c55248,8x210,154.2,M14x1.50,137.00,137.00,"[""6.5x17""]","[""LT235/80R17/E""]",tgp_solutions,unknown,"""2026-05-07T21:45:59.143Z"""
d3bca2e0-81a7-4547-9d93-6fdb7d4b3cd1,2018,Chevrolet,Silverado 3500 HD,LT,LT,7144d36fe5d00f47,8x180,124.1,M14x1.50,44.00,44.00,"[""8x18""]","[""LT265/70R18/E""]",tgp_solutions,unknown,"""2026-05-07T21:45:59.143Z"""
6ad19098-1014-49f3-8c27-5b80ee9ff586,2018,Chevrolet,Silverado 3500 HD,LT (DRW),LT (DRW),e4a9206bff4aebc7,8x210,154.2,M14x1.50,137.00,137.00,"[""6.5x17""]","[""LT235/80R17/E""]",tgp_solutions,unknown,"""2026-05-07T21:45:59.143Z"""
a9044757-b719-4980-9968-fd784f35cfb1,2018,Chevrolet,Silverado 3500 HD,LT Snow Plow Prep Pkg.,LT Snow Plow Prep Pkg.,5dfd2ff262ec6204,8x180,124.1,M14x1.50,44.00,44.00,"[""8x18""]","[""LT265/70R18/E""]",tgp_solutions,unknown,"""2026-05-07T21:45:59.143Z"""
31c2630a-e360-494f-8a36-32b97058e6a2,2018,Chevrolet,Silverado 3500 HD,LT Snow Plow Prep Pkg. (DRW),LT Snow Plow Prep Pkg. (DRW),4e9d3ecfdfadb8ea,8x210,154.2,M14x1.50,137.00,137.00,"[""6.5x17""]","[""LT235/80R17/E""]",tgp_solutions,unknown,"""2026-05-07T21:45:59.143Z"""
8d599138-97ba-41c5-97bc-f4560e610600,2018,Chevrolet,Silverado 3500 HD,LTZ,LTZ,8b4bd6bed3839a13,8x180,124.1,M14x1.50,44.00,44.00,"[""8x18""]","[""LT265/70R18/E""]",tgp_solutions,unknown,"""2026-05-07T21:45:59.143Z"""
786dca0e-e8e9-4899-99bd-f59a6f9cad7e,2018,Chevrolet,Silverado 3500 HD,LTZ (DRW),LTZ (DRW),57a5570db97e17b9,8x210,154.2,M14x1.50,137.00,137.00,"[""6.5x17""]","[""LT235/80R17/E""]",tgp_solutions,unknown,"""2026-05-07T21:45:59.143Z"""
d979c5a5-19e5-4cf4-92e8-9d5a3da51451,2018,Chevrolet,Silverado 3500 HD,LTZ Snow Plow Prep Pkg.,LTZ Snow Plow Prep Pkg.,c45da9a011af19e8,8x180,124.1,M14x1.50,44.00,44.00,"[""8x18""]","[""LT265/70R18/E""]",tgp_solutions,unknown,"""2026-05-07T21:45:59.143Z"""
8ba5843e-1859-48e8-907f-cb808ee8bf8b,2018,Chevrolet,Silverado 3500 HD,LTZ Snow Plow Prep Pkg. (DRW),LTZ Snow Plow Prep Pkg. (DRW),1e82ae4772f33b3a,8x210,154.2,M14x1.50,137.00,137.00,"[""6.5x17""]","[""LT235/80R17/E""]",tgp_solutions,unknown,"""2026-05-07T21:45:59.143Z"""
bd2f393b-63eb-402a-8cca-4f00e889dad0,2018,Chevrolet,Silverado 3500 HD,WT,WT,267fb443b504b189,8x180,124.1,M14x1.50,44.00,44.00,"[""8x18""]","[""LT265/70R18/E""]",tgp_solutions,unknown,"""2026-05-07T21:45:59.143Z"""
e7581504-3d4b-4ca0-91e0-b566fe1633a2,2018,Chevrolet,Silverado 3500 HD,WT (DRW),WT (DRW),db2f5de276f46e5d,8x210,154.2,M14x1.50,137.00,137.00,"[""6.5x17""]","[""LT235/80R17/E""]",tgp_solutions,unknown,"""2026-05-07T21:45:59.143Z"""
748fe293-b14a-4c92-8d80-f55bdcdd9f68,2018,Chevrolet,Silverado 3500 HD,WT Snow Plow Prep Pkg.,WT Snow Plow Prep Pkg.,3a73e9db0d441117,8x180,124.1,M14x1.50,44.00,44.00,"[""8x18""]","[""LT265/70R18/E""]",tgp_solutions,unknown,"""2026-05-07T21:45:59.143Z"""
294c7f04-d400-46b6-85ad-668a461aa038,2018,Chevrolet,Silverado 3500 HD,WT Snow Plow Prep Pkg. (DRW),WT Snow Plow Prep Pkg. (DRW),9e5fa01f7ca2fdae,8x210,154.2,M14x1.50,137.00,137.00,"[""6.5x17""]","[""LT235/80R17/E""]",tgp_solutions,unknown,"""2026-05-07T21:45:59.143Z"""
d44d7a0f-861b-41e4-817b-e0dd11bd4568,2018,Chevrolet,Sonic,LS,LS,03d4f16547193d25,5x105,56.6,M12x1.50,38.00,38.00,"[""6x15""]","[""P195/65R15""]",tgp_solutions,unknown,"""2026-05-07T21:45:59.143Z"""
0a42e375-ef3e-4ae5-9663-e311923aa57e,2018,Chevrolet,Sonic,LT Hatchback,LT Hatchback,b36f03a28fe00f82,5x105,56.6,M12x1.50,40.00,40.00,"[""6x16""]","[""P205/55R16""]",tgp_solutions,unknown,"""2026-05-07T21:45:59.143Z"""
e91560d8-6fbb-46e7-9e67-00c28e387f18,2018,Chevrolet,Sonic,LT Sedan,LT Sedan,4e3136a3cc4929a1,5x105,56.6,M12x1.50,38.00,38.00,"[""6x15"",""6x16""]","[""P195/65R15"",""P205/55R16""]",tgp_solutions,unknown,"""2026-05-07T21:45:59.143Z"""
b550ac5e-3f29-482e-9735-0f8cacad52c8,2018,Chevrolet,Sonic,LT w/RS Pkg.,LT w/RS Pkg.,ac52e2293aa0da3c,5x105,56.6,M12x1.50,43.00,43.00,"[""6.5x17""]","[""P205/50R17""]",tgp_solutions,unknown,"""2026-05-07T21:45:59.143Z"""
dfd7a99b-e3e4-41a0-8d59-71d511a949cf,2018,Chevrolet,Sonic,Premier,Premier,3f8c26edc149df44,5x105,56.6,M12x1.50,43.00,43.00,"[""6.5x17""]","[""P205/50R17""]",tgp_solutions,unknown,"""2026-05-07T21:45:59.143Z"""
17b693c7-12ce-424a-87b3-5c6dd4b315dc,2018,Chevrolet,Spark,ACTIV,ACTIV,d8801c93b1ddd8e0,4x100,56.6,M12x1.50,43.00,43.00,"[""6x15""]","[""185/55R15""]",tgp_solutions,unknown,"""2026-05-07T21:45:59.143Z"""
84637aca-3a02-4de4-bccc-cc8be193a6a2,2018,Chevrolet,Spark,LS,LS,7a73d3fab52a17cb,4x100,56.6,M12x1.50,43.00,43.00,"[""6x15""]","[""185/55R15""]",tgp_solutions,unknown,"""2026-05-07T21:45:59.143Z"""
d4e58c65-ca1d-49e5-9d39-e482501960ed,2018,Chevrolet,Spark,LT,LT,034b1fed69d82b2c,4x100,56.6,M12x1.50,43.00,43.00,"[""6x15""]","[""185/55R15""]",tgp_solutions,unknown,"""2026-05-07T21:45:59.143Z"""
da9a376f-0a0f-453f-997d-b9ca97a8c71b,2018,Chevrolet,Suburban,LS,LS,58314b47432c5cdb,6x139.7,78.3,M14x1.50,34.00,34.00,"[""8.5x18"",""9x20"",""9x22""]","[""P265/65R18"",""P275/55R20"",""P285/45R22""]",tgp_solutions,unknown,"""2026-05-07T21:45:59.143Z"""
466f1914-3484-4729-b49e-15b2a364816e,2018,Chevrolet,Suburban,LT,LT,8450f92a40aae38f,6x139.7,78.3,M14x1.50,34.00,34.00,"[""8.5x18"",""9x20"",""9x22""]","[""P265/65R18"",""P275/55R20"",""P285/45R22""]",tgp_solutions,unknown,"""2026-05-07T21:45:59.143Z"""
5cb3aa4d-b4dd-40e1-85eb-4662e3929692,2018,Chevrolet,Suburban,Premier,Premier,dcd8a62ad6c25fd1,6x139.7,78.3,M14x1.50,40.00,40.00,"[""9x20"",""9x22""]","[""P275/55R20"",""P285/45R22""]",tgp_solutions,unknown,"""2026-05-07T21:45:59.143Z"""
405357ab-0a0c-4dfa-9778-531ee3500a3f,2018,Chevrolet,Tahoe,LS,LS,1d3b00fd939e4555,6x139.7,78.3,M14x1.50,34.00,34.00,"[""8.5x18"",""9x20"",""9x22""]","[""P265/65R18"",""P275/55R20"",""P285/45R22""]",tgp_solutions,unknown,"""2026-05-07T21:45:59.143Z"""
9a30dc42-ee25-4961-ab48-f110878aea6b,2018,Chevrolet,Tahoe,LT,LT,278473e7a2ecf9fd,6x139.7,78.3,M14x1.50,34.00,34.00,"[""8.5x18"",""9x20"",""9x22""]","[""P265/65R18"",""P275/55R20"",""P285/45R22""]",tgp_solutions,unknown,"""2026-05-07T21:45:59.143Z"""
48f7c630-0581-4425-b1c2-6c007ea7cf73,2018,Chevrolet,Tahoe,Premier,Premier,982609a8569a3054,6x139.7,78.3,M14x1.50,40.00,40.00,"[""9x20"",""9x22""]","[""P275/55R20"",""P285/45R22""]",tgp_solutions,unknown,"""2026-05-07T21:45:59.143Z"""
d0462105-c313-473d-a3c6-9b78d1a59372,2018,Chevrolet,Tahoe,RST,RST,cb3c8c03937cea82,6x139.7,78.3,M14x1.50,40.00,40.00,"[""9x22""]","[""P285/45R22""]",tgp_solutions,unknown,"""2026-05-07T21:45:59.143Z"""
c62d3795-9ec8-448d-874e-04e0d6ed1500,2018,Chevrolet,Traverse,High Country,High Country,f51adb21ed4c7e2b,6x120,66.9,M14x1.50,50.00,50.00,"[""8x20""]","[""255/55R20""]",tgp_solutions,unknown,"""2026-05-07T21:45:59.143Z"""
2c9522eb-1426-483f-bc4d-9a3be3ffbf26,2018,Chevrolet,Traverse,L,L,ce4dbc8c6bbf10e4,6x120,66.9,M14x1.50,45.00,45.00,"[""7.5x18""]","[""255/65R18""]",tgp_solutions,unknown,"""2026-05-07T21:45:59.143Z"""
eb28e371-28c5-4c21-96a5-35705ba05d57,2018,Chevrolet,Traverse,LS,LS,e5745f9509428610,6x120,66.9,M14x1.50,45.00,45.00,"[""7.5x18"",""8x20""]","[""255/55R20"",""255/65R18""]",tgp_solutions,unknown,"""2026-05-07T21:45:59.143Z"""
0ed96d4d-7c31-4edd-afe6-61b5061f9062,2018,Chevrolet,Traverse,LT,LT,8a8f6698bad0122b,6x120,66.9,M14x1.50,45.00,45.00,"[""7.5x18"",""8x20""]","[""255/55R20"",""255/65R18""]",tgp_solutions,unknown,"""2026-05-07T21:45:59.143Z"""
3a038672-d75c-4e3d-b81f-cc5b4f6ed10d,2018,Chevrolet,Traverse,Premier,Premier,a01222c8344dfff2,6x120,66.9,M14x1.50,50.00,50.00,"[""8x20""]","[""255/55R20""]",tgp_solutions,unknown,"""2026-05-07T21:45:59.143Z"""
adf4caf4-2cae-4de4-8966-4fc97f32d597,2018,Chevrolet,Traverse,RS,RS,8bd48cb0c07855c2,6x120,66.9,M14x1.50,50.00,50.00,"[""8x20""]","[""255/55R20""]",tgp_solutions,unknown,"""2026-05-07T21:45:59.143Z"""
49f22ede-cc98-4392-a2af-ac61f928eed4,2018,Chevrolet,Trax,LS,LS,73979bcc7f9e4f3e,5x105,56.6,M12x1.50,45.00,45.00,"[""6.5x16""]","[""P205/70R16""]",tgp_solutions,unknown,"""2026-05-07T21:45:59.143Z"""
105d4651-3939-4db2-96e8-03817ea3f174,2018,Chevrolet,Trax,LT,LT,9075ad01212d51b4,5x105,56.6,M12x1.50,45.00,45.00,"[""6.5x16"",""7x18""]","[""P205/70R16"",""P215/55R18""]",tgp_solutions,unknown,"""2026-05-07T21:45:59.143Z"""
485d6799-62af-4abb-af85-b866be43ba4f,2018,Chevrolet,Trax,Premier,Premier,b39365ee880a3b60,5x105,56.6,M12x1.50,45.00,45.00,"[""7x18""]","[""P215/55R18""]",tgp_solutions,unknown,"""2026-05-07T21:45:59.143Z"""
ab8c650d-4edb-426b-bc0b-961f7ed8af9b,2018,Chevrolet,Volt,LT,LT,3eb9b0510e9abafe,5x105,56.6,M12x1.50,43.00,43.00,"[""7x17""]","[""215/50R17""]",tgp_solutions,unknown,"""2026-05-07T21:45:59.143Z"""
3f4dcff7-2b1e-4467-ac76-cf462b11b2e6,2018,Chevrolet,Volt,Premier,Premier,6453eca8dfb2c303,5x105,56.6,M12x1.50,43.00,43.00,"[""7x17""]","[""215/50R17""]",tgp_solutions,unknown,"""2026-05-07T21:45:59.143Z"""
aab24da9-ff52-47a8-ab58-980bc8d4ff6c,2018,Chrysler,300,C (RWD),C (RWD),ae34be6c9b21f050,5x115,71.5,M14x1.50,24.00,24.00,"[""8x20""]","[""245/45R20""]",tgp_solutions,unknown,"""2026-05-07T21:45:59.143Z"""
8e66192e-03a9-41e1-97cd-e111191a8778,2018,Chrysler,300,Limited (AWD),Limited (AWD),8e311939aaba0c14,5x115,71.5,M14x1.50,55.00,55.00,"[""7.5x19""]","[""235/55R19""]",tgp_solutions,unknown,"""2026-05-07T21:45:59.143Z"""
4c7054d5-ab30-49fd-8580-5066dd067640,2018,Chrysler,300,Limited (RWD),Limited (RWD),0ecd06b55470e222,5x115,71.5,M14x1.50,24.00,24.00,"[""8x20""]","[""245/45R20""]",tgp_solutions,unknown,"""2026-05-07T21:45:59.143Z"""
7e8823a4-4469-4d89-93a7-8b201aba14c9,2018,Chrysler,300,S (AWD),S (AWD),06c82bb8c25db068,5x115,71.5,M14x1.50,55.00,55.00,"[""7.5x19""]","[""235/55R19""]",tgp_solutions,unknown,"""2026-05-07T21:45:59.143Z"""
1df5214d-cae4-4ad5-9989-234109a081c6,2018,Chrysler,300,S (RWD),S (RWD),63e018c579a0afa5,5x115,71.5,M14x1.50,24.00,24.00,"[""8x20""]","[""245/45R20"",""245/45ZR20""]",tgp_solutions,unknown,"""2026-05-07T21:45:59.143Z"""
47f8a916-075a-4757-a359-65d5984f951f,2018,Chrysler,300,Touring (AWD),Touring (AWD),e39510f2585b2c98,5x115,71.5,M14x1.50,55.00,55.00,"[""7.5x19""]","[""235/55R19""]",tgp_solutions,unknown,"""2026-05-07T21:45:59.143Z"""
1fc35a97-0c95-4274-9a03-dc742e439426,2018,Chrysler,300,Touring (RWD),Touring (RWD),c655f8017b9f6d67,5x115,71.5,M14x1.50,24.00,24.00,"[""7x17"",""8x20""]","[""245/45R20"",""245/45ZR20"",""P215/65R17""]",tgp_solutions,unknown,"""2026-05-07T21:45:59.143Z"""
2542f95a-de50-4899-a009-36d80b38a15e,2018,Chrysler,300,Touring L (AWD),Touring L (AWD),1cfbd396afe49202,5x115,71.5,M14x1.50,55.00,55.00,"[""7.5x19""]","[""235/55R19""]",tgp_solutions,unknown,"""2026-05-07T21:45:59.143Z"""
65ba6d6e-86f3-40b5-8476-817660f9d5c5,2018,Chrysler,300,Touring L (RWD),Touring L (RWD),6bcc66db98079f7d,5x115,71.5,M14x1.50,24.00,24.00,"[""7.5x18"",""8x20""]","[""245/45R20"",""245/45ZR20"",""P225/60R18""]",tgp_solutions,unknown,"""2026-05-07T21:45:59.143Z"""
ed4b9d48-c6ad-4fa9-8520-0cf9495e2ed8,2018,Dodge,Challenger,392 Hemi Scat Pack Shaker,392 Hemi Scat Pack Shaker,1fdcccbf6f290a00,5x115,71.5,M14x1.50,24.00,24.00,"[""8x20""]","[""245/45R20"",""245/45ZR20""]",tgp_solutions,unknown,"""2026-05-07T21:45:59.143Z"""
d4d74438-91d7-4b28-9ff5-edae16804e14,2018,Dodge,Challenger,GT,GT,3b2f7b98a7a106bf,5x115,71.5,M14x1.50,24.00,24.00,"[""7.5x19""]","[""235/55R19""]",tgp_solutions,unknown,"""2026-05-07T21:45:59.143Z"""
83e2a116-3d65-47d3-abeb-db4e8656818e,2018,Dodge,Challenger,R/T,R/T,75216e01a969115d,5x115,71.5,M14x1.50,24.00,24.00,"[""8x20""]","[""245/45R20"",""245/45ZR20""]",tgp_solutions,unknown,"""2026-05-07T21:45:59.143Z"""
13492804-44ae-49f1-98fe-ec2dec08a3a4,2018,Dodge,Challenger,R/T Plus,R/T Plus,c48426d858138caf,5x115,71.5,M14x1.50,24.00,24.00,"[""8x20""]","[""245/45R20"",""245/45ZR20""]",tgp_solutions,unknown,"""2026-05-07T21:45:59.143Z"""
254f3f1b-8ede-4650-bb1e-77c0d40a8e76,2018,Dodge,Challenger,R/T Plus Shaker,R/T Plus Shaker,54081d0464bba1b2,5x115,71.5,M14x1.50,24.00,24.00,"[""8x20""]","[""245/45R20"",""245/45ZR20""]",tgp_solutions,unknown,"""2026-05-07T21:45:59.143Z"""
20f17d21-e5ed-4d89-bb62-91ffb60901d7,2018,Dodge,Challenger,R/T Scat Pack,R/T Scat Pack,3798aa7a822cf23f,5x115,71.5,M14x1.50,25.50,25.50,"[""9.5x20"",""9x20""]","[""245/45ZR20"",""275/40ZR20""]",tgp_solutions,unknown,"""2026-05-07T21:45:59.143Z"""
5b671d53-ee2c-468b-9ff3-209a6b2caca5,2018,Dodge,Challenger,R/T Shaker,R/T Shaker,b6161580dbfd2fad,5x115,71.5,M14x1.50,24.00,24.00,"[""8x20""]","[""245/45R20"",""245/45ZR20""]",tgp_solutions,unknown,"""2026-05-07T21:45:59.143Z"""
c1741dff-8a32-4204-bdea-5f14f917b705,2018,Dodge,Challenger,SRT 392,SRT 392,41fec27835b577f9,5x115,71.5,M14x1.50,25.50,25.50,"[""9.5x20""]","[""275/40ZR20""]",tgp_solutions,unknown,"""2026-05-07T21:45:59.143Z"""
e42c960f-0932-4fe0-b37c-a1284ed5f731,2018,Dodge,Challenger,SRT Demon,SRT Demon,21e3740b880c536f,5x115,71.5,M14x1.50,25.50,25.50,"[""11x18""]","[""P315/40R18""]",tgp_solutions,unknown,"""2026-05-07T21:45:59.143Z"""
c9d5ee1f-c687-4032-a27d-e662fe88199b,2018,Dodge,Challenger,SRT Hellcat,SRT Hellcat,da7e71e6b17a4e66,5x115,71.5,M14x1.50,25.50,25.50,"[""9.5x20""]","[""275/40ZR20""]",tgp_solutions,unknown,"""2026-05-07T21:45:59.143Z"""
60c7bade-21f8-4d47-a531-9a7ed25f4c5e,2018,Dodge,Challenger,SRT Hellcat Widebody,SRT Hellcat Widebody,b4cef53480bf328f,5x115,71.5,M14x1.50,25.50,25.50,"[""11x20""]","[""305/35ZR20""]",tgp_solutions,unknown,"""2026-05-07T21:45:59.143Z"""
9f88449d-7322-4807-9a30-ee6a04ccfb25,2018,Dodge,Challenger,SXT,SXT,b5e40f1aede71a51,5x115,71.5,M14x1.50,24.00,24.00,"[""7.5x18"",""8x20""]","[""245/45R20"",""245/45ZR20"",""P235/55R18""]",tgp_solutions,unknown,"""2026-05-07T21:45:59.143Z"""
e2454784-88e6-46b8-908b-c8c04c17f43d,2018,Dodge,Challenger,SXT Plus,SXT Plus,97c2b0e8244c201a,5x115,71.5,M14x1.50,24.00,24.00,"[""8x20""]","[""245/45R20"",""245/45ZR20""]",tgp_solutions,unknown,"""2026-05-07T21:45:59.143Z"""
b708b763-0cba-46b5-aa6f-ca32c9c2089f,2018,Dodge,Challenger,T/A,T/A,a49a1c9e85c9b54b,5x115,71.5,M14x1.50,24.00,24.00,"[""9x20""]","[""245/45ZR20""]",tgp_solutions,unknown,"""2026-05-07T21:45:59.143Z"""
0000393e-a54f-4d72-a1f3-1410ecba60b8,2018,Dodge,Challenger,T/A 392,T/A 392,70d582d9d2f8ef33,5x115,71.5,M14x1.50,25.50,25.50,"[""9.5x20""]","[""275/40ZR20""]",tgp_solutions,unknown,"""2026-05-07T21:45:59.143Z"""
d8dfd830-6ac8-44bc-bba5-b4ac875c61a0,2018,Dodge,Challenger,T/A Plus,T/A Plus,43fe4c820e78f8e0,5x115,71.5,M14x1.50,24.00,24.00,"[""9x20""]","[""245/45ZR20""]",tgp_solutions,unknown,"""2026-05-07T21:45:59.143Z"""
323c250d-15e5-448c-8bf6-8f487f3f05a7,2018,Dodge,Charger,Daytona,Daytona,591b2822493b1a8c,5x115,71.5,M14x1.50,25.50,25.50,"[""8x20"",""9x20""]","[""245/45R20"",""245/45ZR20""]",tgp_solutions,unknown,"""2026-05-07T21:45:59.143Z"""
b361cc9c-4963-451a-8948-7ea6f43e667a,2018,Dodge,Charger,Daytona 392,Daytona 392,11bf71b672ef84fe,5x115,71.5,M14x1.50,25.50,25.50,"[""9.5x20""]","[""275/40ZR20""]",tgp_solutions,unknown,"""2026-05-07T21:45:59.143Z"""
c126f80f-5967-4013-84cb-a6ad1299852f,2018,Dodge,Charger,GT,GT,0b4baf3c0bf06db1,5x115,71.5,M14x1.50,55.00,55.00,"[""7.5x19""]","[""P235/55R19""]",tgp_solutions,unknown,"""2026-05-07T21:45:59.143Z"""
f2c96583-2527-4981-b643-208cda826638,2018,Dodge,Charger,GT Plus,GT Plus,166987b3163b577c,5x115,71.5,M14x1.50,55.00,55.00,"[""7.5x19""]","[""P235/55R19""]",tgp_solutions,unknown,"""2026-05-07T21:45:59.143Z"""
f99692b7-5189-483a-8dfe-21c30cb4bea7,2018,Dodge,Charger,Pursuit Police,Pursuit Police,c193bce6e57b46ee,5x115,71.5,M14x1.50,24.00,24.00,"[""7.5x18""]","[""245/55R18"",""P225/60R18""]",tgp_solutions,unknown,"""2026-05-07T21:45:59.143Z"""
08254899-7876-4394-a52d-c0d135c41ad9,2018,Dodge,Charger,R/T,R/T,2ba5474d05e4bbdc,5x115,71.5,M14x1.50,24.00,24.00,"[""8x20""]","[""245/45R20""]",tgp_solutions,unknown,"""2026-05-07T21:45:59.143Z"""
125ccc79-ca20-47b3-ba22-b604a7b85245,2018,Dodge,Charger,R/T Scat Pack,R/T Scat Pack,688396511bc4de70,5x115,71.5,M14x1.50,24.00,24.00,"[""8x20"",""9x20""]","[""245/45R20"",""245/45ZR20""]",tgp_solutions,unknown,"""2026-05-07T21:45:59.143Z"""
7850d5b3-0f4b-4506-9d04-13dcebff9287,2018,Dodge,Charger,SRT 392,SRT 392,b2ead4d553743937,5x115,71.5,M14x1.50,25.50,25.50,"[""9.5x20""]","[""275/40ZR20""]",tgp_solutions,unknown,"""2026-05-07T21:45:59.143Z"""
7ac2dd90-43fd-4b72-aed3-cc06ac32a485,2018,Dodge,Charger,SRT Hellcat,SRT Hellcat,04b331b5728dd571,5x115,71.5,M14x1.50,25.50,25.50,"[""9.5x20""]","[""275/40ZR20""]",tgp_solutions,unknown,"""2026-05-07T21:45:59.143Z"""
1a751fa3-e1e7-4665-badb-ffd3630ed4b9,2018,Dodge,Charger,SXT (AWD),SXT (AWD),7c42d64a65d1cfb7,5x115,71.5,M14x1.50,55.00,55.00,"[""7.5x19""]","[""P235/55R19""]",tgp_solutions,unknown,"""2026-05-07T21:45:59.143Z"""
b4986223-26a9-4e40-b3fc-d284b0742213,2018,Dodge,Charger,SXT (RWD),SXT (RWD),46f3201b3ddb4fc1,5x115,71.5,M14x1.50,24.00,24.00,"[""7.5x18"",""8x20"",""9x20""]","[""245/45R20"",""245/45ZR20"",""P235/55R18""]",tgp_solutions,unknown,"""2026-05-07T21:45:59.143Z"""
a9a1a36d-2181-4162-8d39-df5ec96f3111,2018,Dodge,Charger,SXT Plus,SXT Plus,357bbce4fc42d430,5x115,71.5,M14x1.50,24.00,24.00,"[""7.5x18"",""8x20"",""9x20""]","[""245/45R20"",""245/45ZR20"",""P235/55R18""]",tgp_solutions,unknown,"""2026-05-07T21:45:59.143Z"""
7fa52c8a-1345-458f-a18c-599bcc888465,2018,Dodge,Durango,Citadel V6,Citadel V6,d7ebd89426fa31dd,5x127,71.5,M14x1.50,56.00,56.00,"[""8x20""]","[""265/50R20""]",tgp_solutions,unknown,"""2026-05-07T21:45:59.143Z"""
4568f728-8db7-434d-8ec4-e916441d22f3,2018,Dodge,Durango,Citadel V8,Citadel V8,52635106506c1d8e,5x127,71.5,M14x1.50,56.00,56.00,"[""8x20""]","[""265/50R20""]",tgp_solutions,unknown,"""2026-05-07T21:45:59.143Z"""
2ab42b88-818e-433a-8bc5-e3e81e0b724a,2018,Dodge,Durango,GT,GT,c1479b79b52fd335,5x127,71.5,M14x1.50,56.00,56.00,"[""8x18"",""8x20""]","[""265/50R20"",""265/60R18"",""P265/60R18""]",tgp_solutions,unknown,"""2026-05-07T21:45:59.143Z"""
8cfff601-168c-46cc-8cb5-43779a933a42,2018,Dodge,Durango,R/T,R/T,2855789dd8ca1f3e,5x127,71.5,M14x1.50,56.00,56.00,"[""8x20""]","[""265/50R20""]",tgp_solutions,unknown,"""2026-05-07T21:45:59.143Z"""
f198ddd9-49b5-420d-ac6d-c66668b025f9,2018,Dodge,Durango,SRT,SRT,695357d7d91e100d,5x127,71.5,M14x1.50,56.00,56.00,"[""10x20""]","[""295/45ZR20""]",tgp_solutions,unknown,"""2026-05-07T21:45:59.143Z"""
28a15a84-f1f6-43a9-bd7c-5a6390649a46,2018,Dodge,Durango,SXT,SXT,dcffd2984ce0de50,5x127,71.5,M14x1.50,56.00,56.00,"[""8x18""]","[""265/60R18"",""P265/60R18""]",tgp_solutions,unknown,"""2026-05-07T21:45:59.143Z"""
bb116f51-f77c-4107-8149-8947287e91e3,2018,Dodge,Durango,SXT Plus,SXT Plus,956d463bf9ab1f52,5x127,71.5,M14x1.50,56.00,56.00,"[""8x18"",""8x20""]","[""265/50R20"",""265/60R18"",""P265/60R18""]",tgp_solutions,unknown,"""2026-05-07T21:45:59.143Z"""
29cd00f8-17e2-4017-83aa-812d93d81201,2018,Dodge,Journey,Crossroad,Crossroad,90ffd60e37cacc09,5x127,71.5,M12x1.50,40.00,40.00,"[""7x19""]","[""225/55R19""]",tgp_solutions,unknown,"""2026-05-07T21:45:59.143Z"""
c8f7ad45-e999-4a0c-b25a-09923ebab3ac,2018,Dodge,Journey,GT,GT,d5b679cd034175f0,5x127,71.5,M12x1.50,40.00,40.00,"[""7x19""]","[""225/55R19""]",tgp_solutions,unknown,"""2026-05-07T21:45:59.143Z"""
1bd780c7-c6e6-4ecf-82ca-7a76eb5cc468,2018,Dodge,Journey,SE,SE,250e5f62547778a0,5x127,71.5,M12x1.50,40.00,40.00,"[""6.5x17""]","[""P225/65R17""]",tgp_solutions,unknown,"""2026-05-07T21:45:59.143Z"""
89e9dda3-ee8a-48ec-b113-b7e6d0254675,2018,Dodge,Journey,SXT,SXT,ecbbd469e07658b2,5x127,71.5,M12x1.50,40.00,40.00,"[""6.5x17"",""7x19""]","[""225/55R19"",""P225/65R17""]",tgp_solutions,unknown,"""2026-05-07T21:45:59.143Z"""
78455bec-701a-4d25-917a-941f83e620c7,2018,Ferrari,488 GTB,Base Front Base,Base Front Base,7d77f99939fc8828,5x114.3,67.1,M14x1.50B,46.00,46.00,"[""9x20""]","{""rear"":[],""front"":[""245/35ZR20""]}",deprecated-staggered-split,unknown,"""2026-05-07T21:45:59.143Z"""
14454843-4b1f-43fc-8ba8-ca45e11cdb37,2018,Ferrari,488 GTB,Base Rear Base,Base Rear Base,5e95fa051bc0c714,5x114.3,67.1,M14x1.50B,58.00,58.00,"[""11x20""]","{""rear"":[""305/30ZR20""],""front"":[]}",deprecated-staggered-split,unknown,"""2026-05-07T21:45:59.143Z"""
5adce6a2-907c-4d0f-9c09-2eb7c6e138bd,2018,Ferrari,488 Spider,Base Front Base,Base Front Base,f1fcf097c564b217,5x114.3,67.1,M14x1.50B,46.00,46.00,"[""9x20""]","{""rear"":[],""front"":[""245/35ZR20""]}",deprecated-staggered-split,unknown,"""2026-05-07T21:45:59.143Z"""
4a64afe0-99f1-45be-9a4f-044af66aa439,2018,Ferrari,488 Spider,Base Rear Base,Base Rear Base,73bbc759934a914f,5x114.3,67.1,M14x1.50B,58.00,58.00,"[""11x20""]","{""rear"":[""305/30ZR20""],""front"":[]}",deprecated-staggered-split,unknown,"""2026-05-07T21:45:59.143Z"""
da2bce98-27e3-48aa-a864-b1f98a6f226e,2018,Ferrari,California T,Base Front Base,Base Front Base,7ee1394a121b0ca0,5x114.3,67.1,M14x1.50B,44.00,44.00,"[""8x19"",""8x20""]","{""rear"":[],""front"":[""245/35ZR20"",""245/40ZR19""]}",deprecated-staggered-split,unknown,"""2026-05-07T21:45:59.143Z"""
19e108bd-3494-4cf7-bab7-e6fdaaa4ee99,2018,Ferrari,California T,Base Rear Base,Base Rear Base,56ec14d96a0a4c9d,5x114.3,67.1,M14x1.50B,52.00,52.00,"[""10x19"",""11x20""]","{""rear"":[""285/35ZR20"",""285/40ZR19""],""front"":[]}",deprecated-staggered-split,unknown,"""2026-05-07T21:45:59.143Z"""
6af14cb6-ea29-45b9-b52c-4d0ffa5a2873,2018,Ferrari,Portofino,Base Front Base,Base Front Base,ea27a493407e929e,5x114.3,67.1,M14x1.50B,44.00,44.00,"[""8x20""]","{""rear"":[],""front"":[""245/35ZR20""]}",deprecated-staggered-split,unknown,"""2026-05-07T21:45:59.143Z"""
199cd193-52d1-4cfd-9c92-3a34c2e3c1d8,2018,Ferrari,Portofino,Base Rear Base,Base Rear Base,a8b48f46537e5529,5x114.3,67.1,M14x1.50B,52.00,52.00,"[""10x20""]","{""rear"":[""285/35ZR20""],""front"":[]}",deprecated-staggered-split,unknown,"""2026-05-07T21:45:59.143Z"""
4510c318-fd53-4321-8a64-7ce6ec5cf6a8,2018,Fiat,124 Spider,Abarth,Abarth,9851d3acbf4aa11d,4x100,54.1,M12x1.50,55.00,55.00,"[""7x17""]","[""205/45R17""]",tgp_solutions,unknown,"""2026-05-07T21:45:59.143Z"""
5440c3e4-5820-49fb-aaf1-2787611f4e9c,2018,Fiat,124 Spider,Classica,Classica,9e1224d0ece051ed,4x100,54.1,M12x1.50,55.00,55.00,"[""6.5x16""]","[""195/50R16""]",tgp_solutions,unknown,"""2026-05-07T21:45:59.143Z"""
91edd998-b4b8-4c99-a80c-2ddb4a1c975f,2018,Fiat,124 Spider,Lusso,Lusso,c3588053837b19ab,4x100,54.1,M12x1.50,55.00,55.00,"[""7x17""]","[""205/45R17""]",tgp_solutions,unknown,"""2026-05-07T21:45:59.143Z"""
6d052a80-b794-406e-b28f-94a723d6245d,2018,Fiat,124 Spider,Red Top Edition,Red Top Edition,8705822dfa9ab4c0,4x100,54.1,M12x1.50,55.00,55.00,"[""7x17""]","[""205/45R17""]",tgp_solutions,unknown,"""2026-05-07T21:45:59.143Z"""
8c681f17-974a-4d11-bef8-92075702a1d7,2018,Fiat,500,1957 Retro Edition,1957 Retro Edition,aaa6352ed6090112,4x98,58.1,M12x1.25B,35.00,35.00,"[""6.5x16""]","[""195/45R16""]",tgp_solutions,unknown,"""2026-05-07T21:45:59.143Z"""
5f516443-2ff9-4737-952b-dcc3f55cdc4e,2018,Fiat,500,Abarth,Abarth,945bd77ab18fc2f2,4x98,58.1,M12x1.25B,35.00,35.00,"[""6.5x16"",""7x17""]","[""195/45R16"",""205/40ZR17""]",tgp_solutions,unknown,"""2026-05-07T21:45:59.143Z"""
1c5c55ad-7098-4c20-8b71-e60b575054ba,2018,Fiat,500,Abarth Cabrio,Abarth Cabrio,2cc87977da4f0645,4x98,58.1,M12x1.25B,35.00,35.00,"[""6.5x16"",""7x17""]","[""195/45R16"",""205/40ZR17""]",tgp_solutions,unknown,"""2026-05-07T21:45:59.143Z"""
c1b8bc5f-442c-4852-846f-a8964c9ea991,2018,Fiat,500,Lounge,Lounge,b4315905fb855987,4x98,58.1,M12x1.25B,35.00,35.00,"[""6.5x16""]","[""195/45R16""]",tgp_solutions,unknown,"""2026-05-07T21:45:59.143Z"""
4f8512f8-5c43-4ec2-b0b0-7bd89afacdcb,2018,Fiat,500,Pop,Pop,0c678dbfdfc4c27d,4x98,58.1,M12x1.25B,35.00,35.00,"[""6.5x16""]","[""195/45R16""]",tgp_solutions,unknown,"""2026-05-07T21:45:59.143Z"""
45b2e4af-a71e-41e0-9533-58ba8ca4c694,2018,Fiat,500,c 1957 Retro Edition,c 1957 Retro Edition,ce5a6c05e92e43e3,4x98,58.1,M12x1.25B,35.00,35.00,"[""6.5x16""]","[""195/45R16""]",tgp_solutions,unknown,"""2026-05-07T21:45:59.143Z"""
c97f663c-2f03-4325-9ea6-dc524f06b2c1,2018,Fiat,500,c Lounge,c Lounge,83f2feabc19df8cf,4x98,58.1,M12x1.25B,35.00,35.00,"[""6.5x16""]","[""195/45R16""]",tgp_solutions,unknown,"""2026-05-07T21:45:59.143Z"""
845a22d2-6cb7-4ce7-9e8d-b129656e3ffe,2018,Fiat,500,c Pop,c Pop,c16e5642e889029a,4x98,58.1,M12x1.25B,35.00,35.00,"[""6.5x16""]","[""195/45R16""]",tgp_solutions,unknown,"""2026-05-07T21:45:59.143Z"""
9fa1f417-5cf6-4df3-bdab-84014cdabbd0,2018,Fiat,500,e Front e,e Front e,1b6c5640902369f3,4x98,58.1,M12x1.25B,35.00,35.00,"[""5.5x15""]","{""rear"":[],""front"":[""185/55R15""]}",deprecated-staggered-split,unknown,"""2026-05-07T21:45:59.143Z"""
c7e8f6f4-7c88-4eff-97af-e91c071ad51d,2018,Fiat,500,e Rear e,e Rear e,f59b3a166db0ae2e,4x98,58.1,M12x1.25B,35.00,35.00,"[""6.5x15""]","{""rear"":[""185/55R15""],""front"":[]}",deprecated-staggered-split,unknown,"""2026-05-07T21:45:59.143Z"""
b02feacb-e83b-416e-b146-cb5704f63a9a,2018,Fiat,500,e Sport Front e Sport,e Sport Front e Sport,8463bfaba4a06fd5,4x98,58.1,M12x1.25B,35.00,35.00,"[""5.5x15""]","{""rear"":[],""front"":[""185/55R15""]}",deprecated-staggered-split,unknown,"""2026-05-07T21:45:59.143Z"""
099620f1-e6d0-494c-9dd0-b0c4202e6477,2018,Fiat,500,e Sport Rear e Sport,e Sport Rear e Sport,faa9dc950d0d8e59,4x98,58.1,M12x1.25B,35.00,35.00,"[""6.5x15""]","{""rear"":[""185/55R15""],""front"":[]}",deprecated-staggered-split,unknown,"""2026-05-07T21:45:59.143Z"""
926d9f1b-5c61-4113-b81e-b030a8bd02d6,2018,Fiat,500L,Lounge,Lounge,529ce65760a5891a,5x98,58.1,M12x1.25B,35.00,35.00,"[""7x17""]","[""225/45R17""]",tgp_solutions,unknown,"""2026-05-07T21:45:59.143Z"""
1912ccc8-e3f8-4eb6-83f2-944f657ac0e1,2018,Fiat,500L,Pop,Pop,c157dd3859f5e1db,5x98,58.1,M12x1.25B,35.00,35.00,"[""6x16""]","[""205/55R16""]",tgp_solutions,unknown,"""2026-05-07T21:45:59.143Z"""
37d27c72-93d5-4d91-bb7e-021e7f2c5b0d,2018,Fiat,500L,Trekking,Trekking,65102797341d010b,5x98,58.1,M12x1.25B,35.00,35.00,"[""7x17""]","[""225/45R17""]",tgp_solutions,unknown,"""2026-05-07T21:45:59.143Z"""
02e93c21-f9e8-413a-b63b-057073969ea5,2018,Fiat,500X,Lounge (AWD),Lounge (AWD),83571eb1ff5a9d5a,5x110,65.1,M12x1.25B,35.00,35.00,"[""7x17"",""7x18""]","[""215/60R17"",""P215/55R18""]",tgp_solutions,unknown,"""2026-05-07T21:45:59.143Z"""
a2f9510a-0cf5-4798-98d9-89909c454e0b,2018,Fiat,500X,Lounge (FWD),Lounge (FWD),200512f27583238b,5x110,65.1,M12x1.25B,35.00,35.00,"[""7x17"",""7x18""]","[""215/55R17"",""225/45R18""]",tgp_solutions,unknown,"""2026-05-07T21:45:59.143Z"""
9bc6464c-df2e-4c73-a629-b23b0958fb87,2018,Fiat,500X,Pop (AWD),Pop (AWD),1970ee012b933b4e,5x110,65.1,M12x1.25B,35.00,35.00,"[""7x17""]","[""215/60R17""]",tgp_solutions,unknown,"""2026-05-07T21:45:59.143Z"""
2de046c9-d226-451e-95ca-317a243e31aa,2018,Fiat,500X,Pop (FWD),Pop (FWD),5ac4e7d77a899da5,5x110,65.1,M12x1.25B,35.00,35.00,"[""6.5x16"",""7x17""]","[""215/55R17"",""215/60R16""]",tgp_solutions,unknown,"""2026-05-07T21:45:59.143Z"""
75f8d436-defc-4b7e-98a5-a5b48f49d833,2018,Fiat,500X,Trekking (AWD),Trekking (AWD),a6bd6f4893006b51,5x110,65.1,M12x1.25B,35.00,35.00,"[""7x17"",""7x18""]","[""215/60R17"",""P215/55R18""]",tgp_solutions,unknown,"""2026-05-07T21:45:59.143Z"""
1fc3c9d4-aea3-43c2-9c38-0dc50c01a0be,2018,Fiat,500X,Trekking (FWD),Trekking (FWD),21d4e3b98b7332c6,5x110,65.1,M12x1.25B,35.00,35.00,"[""7x17"",""7x18""]","[""215/55R17"",""225/45R18""]",tgp_solutions,unknown,"""2026-05-07T21:45:59.143Z"""
089affeb-ff19-467d-814f-2efc1f83cd9a,2018,Fiat,500X,Urbana (AWD),Urbana (AWD),03875984cfa3aedb,5x110,65.1,M12x1.25B,35.00,35.00,"[""7x18""]","[""P215/55R18""]",tgp_solutions,unknown,"""2026-05-07T21:45:59.143Z"""
2b975dba-82a4-4c58-b104-e6bcdf2f57e8,2018,Fiat,500X,Urbana (FWD),Urbana (FWD),7edc0df62d772c72,5x110,65.1,M12x1.25B,35.00,35.00,"[""7x18""]","[""225/45R18""]",tgp_solutions,unknown,"""2026-05-07T21:45:59.143Z"""
51f42ed2-7fc7-4f1e-b6c4-0ccff2f5ccbd,2018,Ford,C-Max,Hybrid SE,Hybrid SE,c623ad8b324ee233,5x108,63.4,M12x1.50,50.00,50.00,"[""7x17""]","[""P225/50R17""]",tgp_solutions,unknown,"""2026-05-07T21:45:59.143Z"""
9563bc6e-a70d-464e-bab4-f41c586df0ed,2018,Ford,C-Max,Hybrid Titanium,Hybrid Titanium,b5dfbb6022e39f6d,5x108,63.4,M12x1.50,50.00,50.00,"[""7x17""]","[""P225/50R17""]",tgp_solutions,unknown,"""2026-05-07T21:45:59.143Z"""
17a3329e-463b-43d5-be9d-74ae04e518c3,2018,Ford,EcoSport,S,S,93734d7a85f0457f,4x108,63.4,M12x1.50,35.00,35.00,"[""6.5x16""]","[""205/60R16""]",tgp_solutions,unknown,"""2026-05-07T21:45:59.143Z"""
891d9133-e74f-41e8-b0ab-a9dec953b1e3,2018,Ford,EcoSport,SE,SE,c2bc1b67228733d3,4x108,63.4,M12x1.50,35.00,35.00,"[""6.5x16"",""7x17""]","[""205/50R17"",""205/60R16""]",tgp_solutions,unknown,"""2026-05-07T21:45:59.143Z"""
b414e875-9f3a-473a-ae0b-7cf90ee1d515,2018,Ford,EcoSport,SES,SES,bfc3e40b7584917d,4x108,63.4,M12x1.50,35.00,35.00,"[""7x17""]","[""205/50R17""]",tgp_solutions,unknown,"""2026-05-07T21:45:59.143Z"""
05c4b1b1-1e0d-48f3-b1f1-0d934bd0c511,2018,Ford,EcoSport,Titanium (4WD),Titanium (4WD),3fc58ba58c583165,4x108,63.4,M12x1.50,35.00,35.00,"[""7x17""]","[""205/50R17""]",tgp_solutions,unknown,"""2026-05-07T21:45:59.143Z"""
2e790664-54a7-4971-a6e8-20bd7081c4d8,2018,Ford,EcoSport,Titanium (FWD),Titanium (FWD),6556e07ea91508d3,4x108,63.4,M12x1.50,35.00,35.00,"[""7x17""]","[""205/50R17""]",tgp_solutions,unknown,"""2026-05-07T21:45:59.143Z"""
9de3907f-7523-4f5e-8f3e-d4e94adcec87,2018,Ford,Edge,SE (AWD),SE (AWD),7ea6908bdef09c6a,5x108,63.4,M14x1.50,44.00,44.00,"[""8x18""]","[""P245/60R18""]",tgp_solutions,unknown,"""2026-05-07T21:45:59.143Z"""
058f7881-7e67-43ac-a4b3-869be38d7f12,2018,Ford,Edge,SE (FWD),SE (FWD),b3b6602ecc1951b7,5x108,63.4,M14x1.50,44.00,44.00,"[""8x18""]","[""P245/60R18""]",tgp_solutions,unknown,"""2026-05-07T21:45:59.143Z"""
b495aa35-454e-46d9-b6be-1c0df67b924f,2018,Ford,Edge,SEL,SEL,4277cc340650d4da,5x108,63.4,M14x1.50,44.00,44.00,"[""8x18""]","[""P245/60R18""]",tgp_solutions,unknown,"""2026-05-07T21:45:59.143Z"""
260a2362-5445-4a37-a420-70b6bf89f6d5,2018,Ford,Edge,Sport,Sport,e439214fb17ab222,5x108,63.4,M14x1.50,44.00,44.00,"[""8x20"",""9x21""]","[""245/50R20"",""265/40R21"",""P245/50R20""]",tgp_solutions,unknown,"""2026-05-07T21:45:59.143Z"""
369ab89e-595d-42ad-9a98-f1d45f84a890,2018,Ford,Edge,Titanium,Titanium,c182a949270d1f0d,5x108,63.4,M14x1.50,44.00,44.00,"[""8-8.5x20"",""8x19"",""8x20""]","[""245/50R20"",""245/55R19"",""P245/50R20""]",tgp_solutions,unknown,"""2026-05-07T21:45:59.143Z"""
a78044cc-1b20-454c-aecd-a6b384ac8eae,2018,Ford,Escape,S,S,b1bb849617796341,5x108,63.4,M12x1.50,40.00,40.00,"[""7x17""]","[""235/55R17""]",tgp_solutions,unknown,"""2026-05-07T21:45:59.143Z"""
addee065-8d82-44d8-9f3e-29ab5fbb24f1,2018,Ford,Escape,SE,SE,5bff0e85c39bd14c,5x108,63.4,M12x1.50,40.00,40.00,"[""7.5x18"",""7x17"",""8x19""]","[""235/45R19"",""235/50R18"",""235/55R17""]",tgp_solutions,unknown,"""2026-05-07T21:45:59.143Z"""
1ef8260a-952d-4fbb-8eaa-092ee16ba0a6,2018,Ford,Escape,SEL,SEL,8bbf026bfe7c5f6f,5x108,63.4,M12x1.50,40.00,40.00,"[""7.5x18"",""7x17"",""8x19""]","[""235/45R19"",""235/50R18"",""235/55R17""]",tgp_solutions,unknown,"""2026-05-07T21:45:59.143Z"""
9b1e7a04-b3c3-441a-8607-98be8ff6ed22,2018,Ford,Escape,Titanium,Titanium,5edf10c4fd26f29e,5x108,63.4,M12x1.50,40.00,40.00,"[""7.5x18"",""8x19""]","[""235/45R19"",""235/50R18""]",tgp_solutions,unknown,"""2026-05-07T21:45:59.143Z"""
5e05d36b-d652-4f4b-88c2-cb622d543e54,2018,Ford,Expedition,Limited,Limited,67755822852f02e3,6x135,87.0,M14x1.50,20.00,20.00,"[""8.5x20"",""9.5x22""]","[""275/55R20"",""285/45R22""]",tgp_solutions,unknown,"""2026-05-07T21:45:59.143Z"""
2397ccf9-4d8a-4245-8ef1-410a46bb0a87,2018,Ford,Expedition,Max Limited,Max Limited,64a928260a08bee8,6x135,87.0,M14x1.50,20.00,20.00,"[""8.5x20"",""9.5x22""]","[""275/55R20"",""285/45R22""]",tgp_solutions,unknown,"""2026-05-07T21:45:59.143Z"""
da7a3111-25bf-4ccc-9649-5fc42aba907f,2018,Ford,Expedition,Max Platinum,Max Platinum,d2e35164068386d5,6x135,87.0,M14x1.50,20.00,20.00,"[""9.5x22""]","[""285/45R22""]",tgp_solutions,unknown,"""2026-05-07T21:45:59.143Z"""
1a4c2436-332a-4bcd-aa76-c81a0f0281a5,2018,Ford,Expedition,Max XL,Max XL,0de061a4a52ac47a,6x135,87.0,M14x1.50,20.00,20.00,"[""8.5x18"",""8.5x20""]","[""275/55R20"",""275/65R18""]",tgp_solutions,unknown,"""2026-05-07T21:45:59.143Z"""
abe7f0aa-fd6a-46de-9b55-1a799a145708,2018,Ford,Expedition,Max XLT,Max XLT,62a0fec35998d64e,6x135,87.0,M14x1.50,20.00,20.00,"[""8.5x18"",""8.5x20""]","[""275/55R20"",""275/65R18""]",tgp_solutions,unknown,"""2026-05-07T21:45:59.143Z"""
b8b7796c-602e-43f1-8cca-37d477ca64b9,2018,Ford,Expedition,Platinum,Platinum,3610cc906a74d2d4,6x135,87.0,M14x1.50,20.00,20.00,"[""9.5x22""]","[""285/45R22""]",tgp_solutions,unknown,"""2026-05-07T21:45:59.143Z"""
634ae541-ab21-4aea-b185-c0a2fb86f89e,2018,Ford,Expedition,XL,XL,4c5d4d9ea12c8ff9,6x135,87.0,M14x1.50,20.00,20.00,"[""8.5x18"",""8.5x20""]","[""275/55R20"",""275/65R18""]",tgp_solutions,unknown,"""2026-05-07T21:45:59.143Z"""
af8854dd-8744-4357-a384-37458c80c5a5,2018,Ford,Expedition,XLT,XLT,f31f25129b6ed648,6x135,87.0,M14x1.50,20.00,20.00,"[""8.5x18"",""8.5x20""]","[""275/55R20"",""275/65R18""]",tgp_solutions,unknown,"""2026-05-07T21:45:59.143Z"""
d59ea4d4-e6fc-4d28-a620-ba3a92958723,2018,Ford,Explorer,Base,Base,e080fca15911704b,5x114.3,63.4,M1/2-20x1.5,44.00,44.00,"[""8x18""]","[""P245/60R18""]",tgp_solutions,unknown,"""2026-05-07T21:45:59.143Z"""
042537e1-dc3f-438c-ab79-d7d61512f73e,2018,Ford,Explorer,Limited,Limited,98b01ae78fd02a3a,5x114.3,63.4,M1/2-20x1.5,44.00,44.00,"[""8.5x20""]","[""255/50R20""]",tgp_solutions,unknown,"""2026-05-07T21:45:59.143Z"""
7ab0ffbf-6b7a-4081-bfd2-8c3ac6a40047,2018,Ford,Explorer,Platinum,Platinum,04ef5f916e00870b,5x114.3,63.4,M1/2-20x1.5,44.00,44.00,"[""8.5x20""]","[""255/50R20""]",tgp_solutions,unknown,"""2026-05-07T21:45:59.143Z"""
22cbf464-f221-479c-9f1d-6747daa92e10,2018,Ford,Explorer,Sport,Sport,094f5ff7ec991387,5x114.3,63.4,M1/2-20x1.5,44.00,44.00,"[""8.5x20""]","[""255/50R20""]",tgp_solutions,unknown,"""2026-05-07T21:45:59.143Z"""
1123ebce-083a-4c20-bf7a-ba6c93000953,2018,Ford,Explorer,XLT,XLT,be851dea90222ac4,5x114.3,63.4,M1/2-20x1.5,44.00,44.00,"[""8.5x20"",""8x18""]","[""255/50R20"",""P245/60R18""]",tgp_solutions,unknown,"""2026-05-07T21:45:59.143Z"""
67b58220-840b-4a88-b046-e5fb078ed3f4,2018,Ford,F-150,King Ranch 4x2,King Ranch 4x2,b51c5cd7dad804ba,6x135,87.1,M14x1.50,44.00,44.00,"[""7.5x18"",""8.5x20""]","[""265/60R18"",""275/55R20""]",tgp_solutions,unknown,"""2026-05-07T21:45:59.143Z"""
6b0f5c4b-1060-4654-8f0e-e1acc07cd402,2018,Ford,F-150,King Ranch 4x4,King Ranch 4x4,ce730005eb157902,6x135,87.1,M14x1.50,44.00,44.00,"[""7.5x18"",""8.5x20""]","[""275/55R20"",""275/65R18"",""LT275/65R18/C""]",tgp_solutions,unknown,"""2026-05-07T21:45:59.143Z"""
2ed362ee-737e-46da-902e-a4b1a3b8b455,2018,Ford,F-150,Lariat 4x2,Lariat 4x2,c9bb676d1fab206b,6x135,87.1,M14x1.50,44.00,44.00,"[""7.5x18"",""8.5x20""]","[""265/60R18"",""275/55R20""]",tgp_solutions,unknown,"""2026-05-07T21:45:59.143Z"""
3263d2f7-92ae-4880-a047-0ec39f9ad7db,2018,Ford,F-150,Lariat 4x2 (Alt Inflation),Lariat 4x2 (Alt Inflation),92f0654823f35fbd,6x135,87.1,M14x1.50,44.00,44.00,"[""7.5x18""]","[""265/60R18""]",tgp_solutions,unknown,"""2026-05-07T21:45:59.143Z"""
22416930-df5c-438b-9181-267924dd3f25,2018,Ford,F-150,Lariat 4x4,Lariat 4x4,2de401e337ffd825,6x135,87.1,M14x1.50,44.00,44.00,"[""7.5x18"",""8.5x20""]","[""275/55R20"",""275/65R18"",""LT275/65R18/C""]",tgp_solutions,unknown,"""2026-05-07T21:45:59.143Z"""
293e263e-b5ba-45a7-ba68-c42eb48f965b,2018,Ford,F-150,Limited,Limited,27cc4755a13405f3,6x135,87.1,M14x1.50,44.00,44.00,"[""9x22""]","[""P275/45R22""]",tgp_solutions,unknown,"""2026-05-07T21:45:59.143Z"""
8806bb11-01e7-458f-a0ba-d89c20c10fda,2018,Ford,F-150,Platinum,Platinum,8cdc6165a6bca8a0,6x135,87.1,M14x1.50,44.00,44.00,"[""8.5x20""]","[""275/55R20""]",tgp_solutions,unknown,"""2026-05-07T21:45:59.143Z"""
fa30e7fa-f05d-4cd8-82cd-7694c010a240,2018,Ford,F-150,Raptor,Raptor,77f43093fcf1a7af,6x135,87.1,M14x1.50,44.00,44.00,"[""8.5x17""]","[""LT315/70R17/C""]",tgp_solutions,unknown,"""2026-05-07T21:45:59.143Z"""
0ae24feb-fa21-4749-9a37-2fe35781ff60,2018,Ford,F-150,XL 4x2,XL 4x2,44d92ce35152905c,6x135,87.1,M14x1.50,44.00,44.00,"[""7.5x17"",""8.5x20""]","[""245/70R17"",""275/55R20""]",tgp_solutions,unknown,"""2026-05-07T21:45:59.143Z"""
5a994edc-ac18-4783-a2fe-bfaf444804a0,2018,Ford,F-150,XL 4x4,XL 4x4,4d682a5e31415767,6x135,87.1,M14x1.50,44.00,44.00,"[""7.5x17"",""7.5x18"",""8.5x20""]","[""265/70R17"",""275/55R20"",""LT245/70R17/E"",""LT275/65R18/C""]",tgp_solutions,unknown,"""2026-05-07T21:45:59.143Z"""
f1c6dffe-7500-45c5-a597-7938dc90dbfc,2018,Ford,F-150,XLT 4x2,XLT 4x2,e413bed74eea19fc,6x135,87.1,M14x1.50,44.00,44.00,"[""7.5x17"",""7.5x18"",""8.5x20""]","[""245/70R17"",""265/60R18"",""275/55R20""]",tgp_solutions,unknown,"""2026-05-07T21:45:59.143Z"""
b0f505f0-0dfc-4983-896c-ea139629d3d3,2018,Ford,F-150,XLT 4x4,XLT 4x4,3e4d2ddd26b255a3,6x135,87.1,M14x1.50,44.00,44.00,"[""7.5x17"",""7.5x18"",""8.5x20""]","[""265/70R17"",""275/55R20"",""275/65R18"",""LT245/70R17/E"",""LT275/65R18/C""]",tgp_solutions,unknown,"""2026-05-07T21:45:59.143Z"""
e50ed5e0-cf50-4d82-8602-10eeb874c853,2018,Ford,F-250 Super Duty,King Ranch 4x2,King Ranch 4x2,785a2999efc9fb68,8x170,124.9,M14x1.50,40.00,40.00,"[""8x18"",""8x20""]","[""LT275/65R18/E"",""LT275/65R20/E""]",tgp_solutions,unknown,"""2026-05-07T21:45:59.143Z"""
441b4c74-fd66-49c7-a193-0f41d0f50509,2018,Ford,F-250 Super Duty,King Ranch 4x4,King Ranch 4x4,f604fc4dff4a3e71,8x170,124.9,M14x1.50,40.00,40.00,"[""8x18"",""8x20""]","[""LT275/65R18/E"",""LT275/65R20/E"",""LT275/70R18/E""]",tgp_solutions,unknown,"""2026-05-07T21:45:59.143Z"""
8fb3c948-5a34-42c9-b845-db69f1f50214,2018,Ford,F-250 Super Duty,Lariat 4x2,Lariat 4x2,5f01971a4deca9bd,8x170,124.9,M14x1.50,40.00,40.00,"[""8x18"",""8x20""]","[""LT275/65R18/E"",""LT275/65R20/E""]",tgp_solutions,unknown,"""2026-05-07T21:45:59.143Z"""
5f72ccf3-45c5-481f-ad78-2f2c31ed7a00,2018,Ford,F-250 Super Duty,Lariat 4x4,Lariat 4x4,f01befe23350db32,8x170,124.9,M14x1.50,40.00,40.00,"[""8x18"",""8x20""]","[""LT275/65R18/E"",""LT275/65R20/E"",""LT275/70R18/E""]",tgp_solutions,unknown,"""2026-05-07T21:45:59.143Z"""
43e5729f-22f1-4a98-892e-676260d92f9d,2018,Ford,F-250 Super Duty,Lariat 4x4 w/Snow Plow Pkg.,Lariat 4x4 w/Snow Plow Pkg.,048b1525642e9370,8x170,124.9,M14x1.50,40.00,40.00,"[""8x18"",""8x20""]","[""LT275/65R18/E"",""LT275/65R20/E"",""LT275/70R18/E""]",tgp_solutions,unknown,"""2026-05-07T21:45:59.143Z"""
290d26c4-7a5e-4528-aaa1-ef3cb5c39db2,2018,Ford,F-250 Super Duty,Limited,Limited,da43603e684599fb,8x170,124.9,M14x1.50,40.00,40.00,"[""8x20""]","[""LT275/65R20/E""]",tgp_solutions,unknown,"""2026-05-07T21:45:59.143Z"""
d8f9f2bb-2e9e-46d7-8599-404ec450d0e9,2018,Ford,F-250 Super Duty,Platinum,Platinum,7a7721477582cb6a,8x170,124.9,M14x1.50,40.00,40.00,"[""8x20""]","[""LT275/65R20/E""]",tgp_solutions,unknown,"""2026-05-07T21:45:59.143Z"""
8d59904c-9047-4e91-82b8-9e33bfd45675,2018,Ford,F-250 Super Duty,XL 4x2,XL 4x2,0186eef3a376af6c,8x170,124.9,M14x1.50,40.00,40.00,"[""7.5x17"",""8x18""]","[""LT245/75R17/E"",""LT265/70R17/E"",""LT275/65R18/E""]",tgp_solutions,unknown,"""2026-05-07T21:45:59.143Z"""
7552995d-6533-422a-8bab-2a9ddc1f44e2,2018,Ford,F-250 Super Duty,XL 4x4,XL 4x4,3a76ec85a3a67104,8x170,124.9,M14x1.50,40.00,40.00,"[""7.5x17"",""8x18""]","[""LT245/75R17/E"",""LT265/70R17/E"",""LT275/65R18/E"",""LT275/70R18/E""]",tgp_solutions,unknown,"""2026-05-07T21:45:59.143Z"""
55a010b0-6b87-41e5-ae6c-2072991b6c93,2018,Ford,F-250 Super Duty,XL 4x4 w/Snow Plow Pkg.,XL 4x4 w/Snow Plow Pkg.,69a342c943283cf8,8x170,124.9,M14x1.50,40.00,40.00,"[""7.5x17"",""8x18""]","[""LT245/75R17/E"",""LT265/70R17/E"",""LT275/65R18/E"",""LT275/70R18/E""]",tgp_solutions,unknown,"""2026-05-07T21:45:59.143Z"""
05bfbd79-1ff4-4a63-ab7c-c13b302b692b,2018,Ford,F-250 Super Duty,XLT 4x2,XLT 4x2,523c391c67d6e389,8x170,124.9,M14x1.50,40.00,40.00,"[""7.5x17"",""8x18""]","[""LT245/75R17/E"",""LT265/70R17/E"",""LT275/65R18/E""]",tgp_solutions,unknown,"""2026-05-07T21:45:59.143Z"""
099761eb-6f8e-4a8f-ab44-c6f94d65ecce,2018,Ford,F-250 Super Duty,XLT 4x4,XLT 4x4,b4bec5e6d83ab9f2,8x170,124.9,M14x1.50,40.00,40.00,"[""7.5x17"",""8x18""]","[""LT245/75R17/E"",""LT265/70R17/E"",""LT275/65R18/E"",""LT275/70R18/E""]",tgp_solutions,unknown,"""2026-05-07T21:45:59.143Z"""
bb76f726-2d5f-4015-a08e-4fff989c4075,2018,Ford,F-250 Super Duty,XLT 4x4 w/Snow Plow Pkg.,XLT 4x4 w/Snow Plow Pkg.,2983bb1779264750,8x170,124.9,M14x1.50,40.00,40.00,"[""7.5x17"",""8x18""]","[""LT245/75R17/E"",""LT265/70R17/E"",""LT275/65R18/E"",""LT275/70R18/E""]",tgp_solutions,unknown,"""2026-05-07T21:45:59.143Z"""
174d21ac-801f-49e0-b6bd-0af06e22493e,2018,Ford,F-350 Super Duty,King Ranch 4x2,King Ranch 4x2,939c6ecbf6321899,8x170,124.9,M14x1.50,40.00,40.00,"[""8x18"",""8x20""]","[""LT275/65R18/E"",""LT275/65R20/E""]",tgp_solutions,unknown,"""2026-05-07T21:45:59.143Z"""
f44ca388-434f-461b-b77d-52f8cd67dc50,2018,Ford,F-350 Super Duty,King Ranch 4x4,King Ranch 4x4,04c23f4001a2a690,8x170,124.9,M14x1.50,40.00,40.00,"[""8x18"",""8x20""]","[""LT275/65R18/E"",""LT275/65R20/E"",""LT275/70R18/E""]",tgp_solutions,unknown,"""2026-05-07T21:45:59.143Z"""
40f00414-e527-4f1d-9916-00179e04f408,2018,Ford,F-350 Super Duty,King Ranch 4x4 w/Snow Plow Pkg.,King Ranch 4x4 w/Snow Plow Pkg.,7149be21568e7b32,8x170,124.9,M14x1.50,40.00,40.00,"[""8x18""]","[""LT275/65R18/E"",""LT275/70R18/E""]",tgp_solutions,unknown,"""2026-05-07T21:45:59.143Z"""
fe8b2022-f679-4e5d-9af0-7908ddd2f2e7,2018,Ford,F-350 Super Duty,Lariat 4x2,Lariat 4x2,fad3732fb8e0c4fb,8x170,124.9,M14x1.50,40.00,40.00,"[""8x18"",""8x20""]","[""LT275/65R18/E"",""LT275/65R20/E""]",tgp_solutions,unknown,"""2026-05-07T21:45:59.143Z"""
3c086551-6712-4117-9a82-d8d5da4064b7,2018,Ford,F-350 Super Duty,Lariat 4x4,Lariat 4x4,06076ac3104ceb25,8x170,124.9,M14x1.50,40.00,40.00,"[""8x18"",""8x20""]","[""LT275/65R18/E"",""LT275/65R20/E"",""LT275/70R18/E""]",tgp_solutions,unknown,"""2026-05-07T21:45:59.143Z"""
7afbeb17-d394-40f1-a034-19ba171d1c8c,2018,Ford,F-350 Super Duty,Lariat 4x4 w/Snow Plow Pkg.,Lariat 4x4 w/Snow Plow Pkg.,d69445eadbcbc281,8x170,124.9,M14x1.50,40.00,40.00,"[""8x18""]","[""LT275/65R18/E"",""LT275/70R18/E""]",tgp_solutions,unknown,"""2026-05-07T21:45:59.143Z"""
8356b00d-9138-438e-9fe5-9e368cb88213,2018,Ford,F-350 Super Duty,Limited,Limited,3257dba9d7216d2a,8x170,124.9,M14x1.50,40.00,40.00,"[""8x20""]","[""LT275/65R20/E""]",tgp_solutions,unknown,"""2026-05-07T21:45:59.143Z"""
817f0f7f-576e-4607-9aa4-c38b87492b3b,2018,Ford,F-350 Super Duty,Platinum,Platinum,25d0e7260f43ed91,8x170,124.9,M14x1.50,40.00,40.00,"[""8x20""]","[""LT275/65R20/E""]",tgp_solutions,unknown,"""2026-05-07T21:45:59.143Z"""
a38682bc-51dc-422a-ae8a-f2964f745e2e,2018,Ford,F-350 Super Duty,XL 4x2,XL 4x2,bd452e35ab48992b,8x170,124.9,M14x1.50,40.00,40.00,"[""7.5x17"",""8x18""]","[""LT245/75R17/E"",""LT265/70R17/E"",""LT275/65R18/E""]",tgp_solutions,unknown,"""2026-05-07T21:45:59.143Z"""
3fca8c54-9027-4582-aeed-f998b2a4bbc1,2018,Ford,F-350 Super Duty,XL 4x4,XL 4x4,9c9a277033876877,8x170,124.9,M14x1.50,40.00,40.00,"[""7.5x17"",""8x18""]","[""LT245/75R17/E"",""LT265/70R17/E"",""LT275/65R18/E"",""LT275/70R18/E""]",tgp_solutions,unknown,"""2026-05-07T21:45:59.143Z"""
fae19cc4-188b-4f61-bdae-8e1c80968b6a,2018,Ford,F-350 Super Duty,XL 4x4 w/Snow Plow Pkg.,XL 4x4 w/Snow Plow Pkg.,48d008aed51703d2,8x170,124.9,M14x1.50,40.00,40.00,"[""7.5x17"",""8x18""]","[""LT245/75R17/E"",""LT265/70R17/E"",""LT275/65R18/E"",""LT275/70R18/E""]",tgp_solutions,unknown,"""2026-05-07T21:45:59.143Z"""
dd9fb7c1-db1b-4977-9a83-a05db22c89c4,2018,Ford,F-350 Super Duty,XLT 4x2,XLT 4x2,97c46a0cf4b3c4e9,8x170,124.9,M14x1.50,40.00,40.00,"[""7.5x17"",""8x18""]","[""LT245/75R17/E"",""LT265/70R17/E"",""LT275/65R18/E""]",tgp_solutions,unknown,"""2026-05-07T21:45:59.143Z"""
72062ec0-1cb9-4e69-8e3d-47595361dc71,2018,Ford,F-350 Super Duty,XLT 4x4,XLT 4x4,d655c4a1cf046d60,8x170,124.9,M14x1.50,40.00,40.00,"[""7.5x17"",""8x18""]","[""LT245/75R17/E"",""LT265/70R17/E"",""LT275/65R18/E"",""LT275/70R18/E""]",tgp_solutions,unknown,"""2026-05-07T21:45:59.143Z"""
bd218ef0-616e-41f3-9c31-81f5c1dff155,2018,Ford,F-350 Super Duty,XLT 4x4 w/Snow Plow Pkg.,XLT 4x4 w/Snow Plow Pkg.,218298bbae91eb85,8x170,124.9,M14x1.50,40.00,40.00,"[""7.5x17"",""8x18""]","[""LT245/75R17/E"",""LT265/70R17/E"",""LT275/65R18/E"",""LT275/70R18/E""]",tgp_solutions,unknown,"""2026-05-07T21:45:59.143Z"""
436c42c0-419a-4946-93e2-4a555b10de26,2018,Ford,Fiesta,S,S,b41ce82fc7b76eae,4x108,63.4,M12x1.50,45.00,45.00,"[""6x15""]","[""185/60R15"",""P185/60R15""]",tgp_solutions,unknown,"""2026-05-07T21:45:59.143Z"""
e9ca99c9-6ca7-4213-a886-83033ec5025b,2018,Ford,Fiesta,SE,SE,468b31bd9399414e,4x108,63.4,M12x1.50,45.00,45.00,"[""6.5x16"",""6x15""]","[""185/60R15"",""195/50R16"",""P185/60R15"",""P195/60R15""]",tgp_solutions,unknown,"""2026-05-07T21:45:59.143Z"""
a2c2d0b7-5018-4998-bb23-5bfa91b746f6,2018,Ford,Fiesta,ST,ST,cc8375ba8c247f56,4x108,63.4,M12x1.50,47.50,47.50,"[""7x17""]","[""205/40R17""]",tgp_solutions,unknown,"""2026-05-07T21:45:59.143Z"""
81d4d42b-15f7-47a4-9c6e-31d21d0d10ab,2018,Ford,Fiesta,Titanium,Titanium,150c8dd42d125b1f,4x108,63.4,M12x1.50,45.00,45.00,"[""6.5x16""]","[""195/50R16""]",tgp_solutions,unknown,"""2026-05-07T21:45:59.143Z"""
5078916d-909e-4abb-952b-bc2e9adc71f0,2018,Ford,Flex,Limited,Limited,249bbcbde8d9bb85,5x114.3,63.4,M1/2x20,42.00,42.00,"[""8x19"",""8x20""]","[""255/45R20"",""P235/55R19""]",tgp_solutions,unknown,"""2026-05-07T21:45:59.143Z"""
766ac48c-2005-4e86-95a6-023b5885de55,2018,Ford,Flex,SE,SE,eff246867097432f,5x114.3,63.4,M1/2x20,42.00,42.00,"[""7.5x17""]","[""P235/60R17""]",tgp_solutions,unknown,"""2026-05-07T21:45:59.143Z"""
201daf9d-b317-4f22-ac10-f6281fe72036,2018,Ford,Flex,SEL,SEL,f33c4ea26038dba2,5x114.3,63.4,M1/2x20,42.00,42.00,"[""7.5x18"",""8x20""]","[""255/45R20"",""P235/60R18""]",tgp_solutions,unknown,"""2026-05-07T21:45:59.143Z"""
357bfccf-87a1-4dd6-8683-df8c05aee676,2018,Ford,Focus,Electric,Electric,0e68c21a4e825292,5x108,63.4,M12x1.50,40.00,40.00,"[""7x17""]","[""P225/50R17""]",tgp_solutions,unknown,"""2026-05-07T21:45:59.143Z"""
339bdca8-4157-4844-960e-6f053d1976b3,2018,Ford,Focus,RS,RS,db38d8761f309ad2,5x108,63.4,M12x1.50,50.00,50.00,"[""8x19""]","[""235/35ZR19""]",tgp_solutions,unknown,"""2026-05-07T21:45:59.143Z"""
edeb6717-c6ea-4f83-9658-1420f496ae8b,2018,Ford,Focus,S,S,cf37fb031e0a5a69,5x108,63.4,M12x1.50,42.00,42.00,"[""6x15""]","[""195/65R15""]",tgp_solutions,unknown,"""2026-05-07T21:45:59.143Z"""
3d720408-942c-480d-9f48-e5291b783af4,2018,Ford,Focus,SE,SE,dc669f78147c44ad,5x108,63.4,M12x1.50,42.00,42.00,"[""7x16"",""7x17""]","[""215/50R17"",""215/55R16""]",tgp_solutions,unknown,"""2026-05-07T21:45:59.143Z"""
2b62a60f-a50d-43e7-a010-1f6ad2700c5c,2018,Ford,Focus,SE (SFE Pkg.),SE (SFE Pkg.),15ccef50974a2eba,5x108,63.4,M12x1.50,40.00,40.00,"[""6.5x16""]","[""215/55R16""]",tgp_solutions,unknown,"""2026-05-07T21:45:59.143Z"""
caa35ec9-44da-48dd-9962-af05e84828d5,2018,Ford,Focus,SEL,SEL,a6238f0455d27f8e,5x108,63.4,M12x1.50,42.00,42.00,"[""7x17""]","[""215/50R17""]",tgp_solutions,unknown,"""2026-05-07T21:45:59.143Z"""
da002c1d-875b-40f8-b72d-689a2e386b43,2018,Ford,Focus,ST,ST,598ffe8e7dee6716,5x108,63.4,M12x1.50,55.00,55.00,"[""8x18""]","[""235/40R18"",""235/40ZR18""]",tgp_solutions,unknown,"""2026-05-07T21:45:59.143Z"""
d9c8deae-649d-4f6f-8313-fed402cd12ac,2018,Ford,Focus,Titanium,Titanium,229f589d8eca8ddf,5x108,63.4,M12x1.50,42.00,42.00,"[""7x17""]","[""215/50R17""]",tgp_solutions,unknown,"""2026-05-07T21:45:59.143Z"""
6fcdd257-ed5a-4439-a41d-b80124e8a93e,2018,Ford,Focus,Titanium w/Handling Pkg.,Titanium w/Handling Pkg.,d4ddda45cc13d27f,5x108,63.4,M12x1.50,42.00,42.00,"[""8x18""]","[""235/40ZR18""]",tgp_solutions,unknown,"""2026-05-07T21:45:59.143Z"""
9009885b-00f1-4805-9bd1-dfa4669387c4,2018,Ford,Fusion,Energi Platinum,Energi Platinum,c6bcabb2f6fd5bee,5x108,63.4,M12x1.50,40.00,40.00,"[""7.5x17"",""8x18""]","[""235/45R18"",""P225/50R17""]",tgp_solutions,unknown,"""2026-05-07T21:45:59.143Z"""
5a43641c-03b7-4105-a62d-2efb43900b07,2018,Ford,Fusion,Energi SE,Energi SE,87bd33f4fe71ac99,5x108,63.4,M12x1.50,40.00,40.00,"[""7.5x17"",""8x18""]","[""235/45R18"",""P225/50R17""]",tgp_solutions,unknown,"""2026-05-07T21:45:59.143Z"""
7ab7404b-f5b7-44cd-a7e8-83759e52ae2b,2018,Ford,Fusion,Energi Titanium,Energi Titanium,4eef03cc6498583b,5x108,63.4,M12x1.50,40.00,40.00,"[""7.5x17"",""8x18""]","[""235/45R18"",""P225/50R17""]",tgp_solutions,unknown,"""2026-05-07T21:45:59.143Z"""
738aacec-af85-49e1-9ca9-4eb9eee23e8d,2018,Ford,Fusion,Platinum,Platinum,23fb363d18a45078,5x108,63.4,M12x1.50,40.00,40.00,"[""8x19""]","[""235/40R19""]",tgp_solutions,unknown,"""2026-05-07T21:45:59.143Z"""
13abdc6b-875d-452c-a38a-d0669defe039,2018,Ford,Fusion,Platinum Hybrid,Platinum Hybrid,636ea5cdd8397e54,5x108,63.4,M12x1.50,40.00,40.00,"[""8x18""]","[""235/45R18""]",tgp_solutions,unknown,"""2026-05-07T21:45:59.143Z"""
651389f1-0682-478e-8dff-8a196cffc0f3,2018,Ford,Fusion,S,S,f40387ef549221b8,5x108,63.4,M12x1.50,40.00,40.00,"[""6.5x16"",""7.5x17""]","[""215/60R16"",""235/50R17""]",tgp_solutions,unknown,"""2026-05-07T21:45:59.143Z"""
10c9b3b1-1de7-4d91-a2e0-ae02f28dab62,2018,Ford,Fusion,S Hybrid,S Hybrid,e75185652423d57c,5x108,63.4,M12x1.50,40.00,40.00,"[""7.5x17""]","[""P225/50R17""]",tgp_solutions,unknown,"""2026-05-07T21:45:59.143Z"""
d6ac1cf2-9d0a-4149-8bdd-60c8c5ef8ef3,2018,Ford,Fusion,SE,SE,dbb5e631d831f354,5x108,63.4,M12x1.50,40.00,40.00,"[""7.5x17"",""8x18""]","[""235/45R18"",""235/50R17""]",tgp_solutions,unknown,"""2026-05-07T21:45:59.143Z"""
c0cc67ad-3021-45c3-93c2-97c9b427cf6b,2018,Ford,Fusion,SE Hybrid,SE Hybrid,52fc9f671477de21,5x108,63.4,M12x1.50,40.00,40.00,"[""7.5x17"",""8x18""]","[""235/45R18"",""P225/50R17""]",tgp_solutions,unknown,"""2026-05-07T21:45:59.143Z"""
86710aca-0b32-44b1-8fff-ef000f4490f8,2018,Ford,Fusion,Sport,Sport,9ebbd4446b332adb,5x108,63.4,M14x1.50,40.00,40.00,"[""8x19""]","[""235/40R19""]",tgp_solutions,unknown,"""2026-05-07T21:45:59.143Z"""
147e77a9-beb1-4ad2-a8eb-bbf375d7e5d4,2018,Ford,Fusion,Titanium,Titanium,da42fd110fdaefe5,5x108,63.4,M12x1.50,40.00,40.00,"[""8x18"",""8x19""]","[""235/40R19"",""235/45R18""]",tgp_solutions,unknown,"""2026-05-07T21:45:59.143Z"""
d1522c1c-7c4e-478d-b1f9-01a0736c8baa,2018,Ford,Fusion,Titanium Hybrid,Titanium Hybrid,ddb332eaeedbf3ea,5x108,63.4,M12x1.50,40.00,40.00,"[""8x18""]","[""235/45R18""]",tgp_solutions,unknown,"""2026-05-07T21:45:59.143Z"""
5b2cd26b-3aee-4de8-9b0a-8a37dfdd7c47,2018,Ford,Mustang,EcoBoost,EcoBoost,a9ffe27df5364b45,5x114.3,70.4,M14x1.50,40.00,40.00,"[""8x18"",""9x19""]","[""235/50R18"",""255/40ZR19"",""P255/40R19""]",tgp_solutions,unknown,"""2026-05-07T21:45:59.143Z"""
cac76635-389f-458c-96ca-ef5b9e622177,2018,Ford,Mustang,EcoBoost Premium,EcoBoost Premium,02f71b2c7a3853f4,5x114.3,70.4,M14x1.50,44.00,44.00,"[""8x18"",""9x19"",""9x20""]","[""235/50R18"",""255/40ZR19"",""265/35R20"",""265/35ZR20""]",tgp_solutions,unknown,"""2026-05-07T21:45:59.143Z"""
25fc4818-649b-4406-9844-dbd3f3e575c1,2018,Ford,Mustang,GT,GT,14ff75621e1553d3,5x114.3,70.4,M14x1.50,40.00,40.00,"[""8.5x19"",""8x18""]","[""235/50R18"",""255/40ZR19""]",tgp_solutions,unknown,"""2026-05-07T21:45:59.143Z"""
6cfdb64b-fa4c-4ad1-a11f-7fcff3c9f54d,2018,Ford,Mustang,GT Front GT,GT Front GT,9ee54a59bcd6c685,5x114.3,70.4,M14x1.50,44.00,44.00,"[""9x19""]","{""rear"":[],""front"":[""255/40ZR19""]}",deprecated-staggered-split,unknown,"""2026-05-07T21:45:59.143Z"""
85555dc8-d377-40bd-b5c0-e0f8a1cdea5a,2018,Ford,Mustang,GT Premium,GT Premium,d9184091d0d786d7,5x114.3,70.4,M14x1.50,40.00,40.00,"[""8.5x19"",""8x18"",""9x20""]","[""235/50R18"",""255/40ZR19"",""265/35R20"",""265/35ZR20""]",tgp_solutions,unknown,"""2026-05-07T21:45:59.143Z"""
978fbcd5-d901-49be-ba41-f53eda955750,2018,Ford,Mustang,GT Premium Front GT Premium,GT Premium Front GT Premium,ddc23a5cd6ba3e57,5x114.3,70.4,M14x1.50,44.00,44.00,"[""9x19""]","{""rear"":[],""front"":[""255/40ZR19""]}",deprecated-staggered-split,unknown,"""2026-05-07T21:45:59.143Z"""
495321b1-139d-4e56-be60-e4c9859024c0,2018,Ford,Mustang,GT Premium Rear GT Premium,GT Premium Rear GT Premium,385b29666d723b7f,5x114.3,70.4,M14x1.50,44.00,44.00,"[""9.5x19""]","{""rear"":[""275/40ZR19""],""front"":[]}",deprecated-staggered-split,unknown,"""2026-05-07T21:45:59.143Z"""
0a97de08-e671-4b94-b3ea-bed3d01d9ed2,2018,Ford,Mustang,GT Rear GT,GT Rear GT,8affb8383fb67d23,5x114.3,70.4,M14x1.50,44.00,44.00,"[""9.5x19""]","{""rear"":[""275/40ZR19""],""front"":[]}",deprecated-staggered-split,unknown,"""2026-05-07T21:45:59.143Z"""
80bcab0f-436c-4e73-a3fc-4f198f7949f8,2018,Ford,Mustang,Shelby GT350 Front Shelby GT350,Shelby GT350 Front Shelby GT350,31e4a83f5bb759ab,5x114.3,70.4,M14x1.50,44.00,44.00,"[""10.5x19""]","{""rear"":[],""front"":[""295/35ZR19""]}",deprecated-staggered-split,unknown,"""2026-05-07T21:45:59.143Z"""
bb4b7822-3751-45e5-a4ee-497b916045d1,2018,Ford,Mustang,Shelby GT350 Rear Shelby GT350,Shelby GT350 Rear Shelby GT350,9cd5e1db7ffc7d98,5x114.3,70.4,M14x1.50,44.00,44.00,"[""11x19""]","{""rear"":[""305/35ZR19""],""front"":[]}",deprecated-staggered-split,unknown,"""2026-05-07T21:45:59.143Z"""
16589a53-6004-4371-af11-77d9d6337064,2018,Ford,Mustang,Shelby GT350R Front Shelby GT350R,Shelby GT350R Front Shelby GT350R,cb4d1eb9bb80cf72,5x114.3,70.4,M14x1.50,44.00,44.00,"[""11x19""]","{""rear"":[],""front"":[""305/30ZR19""]}",deprecated-staggered-split,unknown,"""2026-05-07T21:45:59.143Z"""
c1659e36-e471-448e-abf5-c79bacc4cd31,2018,Ford,Mustang,Shelby GT350R Rear Shelby GT350R,Shelby GT350R Rear Shelby GT350R,22ba81ccd5891da3,5x114.3,70.4,M14x1.50,44.00,44.00,"[""11.5x19""]","{""rear"":[""315/30ZR19""],""front"":[]}",deprecated-staggered-split,unknown,"""2026-05-07T21:45:59.143Z"""
7f6cf5c0-0193-427d-8875-a0f251ecd9e5,2018,Ford,Taurus,Limited,Limited,ef8c49d23495d7fc,5x114.3,63.3,M1/2-20x1.5,44.00,44.00,"[""8x19"",""8x20""]","[""245/45R20"",""255/45R19""]",tgp_solutions,unknown,"""2026-05-07T21:45:59.143Z"""
fd693696-ee29-4657-ab85-14fc409fd671,2018,Ford,Taurus,SE,SE,476daca03a2417db,5x114.3,63.3,M1/2-20x1.5,39.00,39.00,"[""7.5x18""]","[""P235/55R18""]",tgp_solutions,unknown,"""2026-05-07T21:45:59.143Z"""
3fb00b93-00f1-4d93-b36d-ac68239c649a,2018,Ford,Taurus,SEL,SEL,13ce9d5cb500baa3,5x114.3,63.3,M1/2-20x1.5,39.00,39.00,"[""7.5x18"",""8x20""]","[""245/45R20"",""P235/55R18""]",tgp_solutions,unknown,"""2026-05-07T21:45:59.143Z"""
ed2c527c-0b9e-447d-8503-f636a768a39c,2018,Ford,Taurus,SHO,SHO,89bd5ef0fd6bc380,5x114.3,63.3,M1/2-20x1.5,44.00,44.00,"[""8x20""]","[""245/45R20"",""245/45ZR20""]",tgp_solutions,unknown,"""2026-05-07T21:45:59.143Z"""
9cee7852-16cb-4d04-a95b-211516645689,2018,GMC,Acadia,Denali,Denali,fa047968a3442cb2,6x120,66.9,M14x1.50,50.00,50.00,"[""8x20""]","[""235/55R20""]",tgp_solutions,unknown,"""2026-05-07T21:45:59.143Z"""
01fdceaa-f27c-4cf3-9a51-3d047a96854d,2018,GMC,Acadia,SL,SL,3cc002735f475306,6x120,66.9,M14x1.50,43.00,43.00,"[""7.5x17""]","[""245/65R17""]",tgp_solutions,unknown,"""2026-05-07T21:45:59.143Z"""
fe1da400-6a79-42bb-a57e-0fa4120db04d,2018,GMC,Acadia,SLE,SLE,ab2fc1b51e2ea5de,6x120,66.9,M14x1.50,43.00,43.00,"[""7.5x17"",""7.5x18"",""8x20""]","[""235/55R20"",""235/65R18"",""245/65R17""]",tgp_solutions,unknown,"""2026-05-07T21:45:59.143Z"""
8f5e7bce-a5c7-4244-9fb5-837422618d10,2018,GMC,Acadia,SLT,SLT,7dd56150aa662693,6x120,66.9,M14x1.50,45.00,45.00,"[""7.5x18"",""8x20""]","[""235/55R20"",""235/65R18""]",tgp_solutions,unknown,"""2026-05-07T21:45:59.143Z"""
7a252af0-b862-4a1d-8a74-ba6a086e99bd,2018,GMC,Canyon,All Terrain,All Terrain,ddca5f6dab96bfed,6x120,66.9,M14x1.50,41.00,41.00,"[""8x17""]","[""255/65R17"",""265/65R17""]",tgp_solutions,unknown,"""2026-05-07T21:45:59.143Z"""
a3fcc5d7-6287-499f-ae66-6d251447755b,2018,GMC,Canyon,Base,Base,f83f4b634435b864,6x120,66.9,M14x1.50,41.00,41.00,"[""7x16""]","[""265/70R16""]",tgp_solutions,unknown,"""2026-05-07T21:45:59.143Z"""
65cda029-50f4-4eed-a7d0-fdfa568fc1ed,2018,GMC,Canyon,Denali,Denali,06b5e5448f32b28f,6x120,66.9,M14x1.50,41.00,41.00,"[""8.5x20""]","[""P255/55R20""]",tgp_solutions,unknown,"""2026-05-07T21:45:59.143Z"""
afbd8c0f-c34e-4eea-abb3-49a78ee2d7f1,2018,GMC,Canyon,SL,SL,c7c897a327e5ba71,6x120,66.9,M14x1.50,41.00,41.00,"[""7x16""]","[""265/70R16""]",tgp_solutions,unknown,"""2026-05-07T21:45:59.143Z"""
736cc5c3-cb24-4fb2-873c-58e8d7063586,2018,GMC,Canyon,SLE,SLE,1949fc0a0d8afa4d,6x120,66.9,M14x1.50,41.00,41.00,"[""8.5x18"",""8x17""]","[""255/65R17"",""265/60R18"",""265/65R17""]",tgp_solutions,unknown,"""2026-05-07T21:45:59.143Z"""
7a3c34d2-9250-4f33-bc67-dfee1f747af0,2018,GMC,Canyon,SLT,SLT,eda44a865c698b11,6x120,66.9,M14x1.50,41.00,41.00,"[""8.5x18""]","[""265/60R18""]",tgp_solutions,unknown,"""2026-05-07T21:45:59.143Z"""
16f5716b-dbbf-48d6-99e1-7aef10eb1370,2018,GMC,Sierra 1500,Base,Base,fb8817f8fc9b4cfc,6x139.7,78.1,M14x1.50,31.00,31.00,"[""8x17""]","[""LT265/70R17/C"",""P255/70R17"",""P265/70R17""]",tgp_solutions,unknown,"""2026-05-07T21:45:59.143Z"""
cca4b85b-ada8-4510-8df2-6bf44a80a926,2018,GMC,Sierra 1500,Denali,Denali,5efac346472885b7,6x139.7,78.1,M14x1.50,40.00,40.00,"[""9.5x22"",""9x20""]","[""P275/55R20"",""P285/45R22""]",tgp_solutions,unknown,"""2026-05-07T21:45:59.143Z"""
57d1597a-5039-44d0-9bdb-3173dd82c14e,2018,GMC,Sierra 1500,Elevation Edition,Elevation Edition,58fc83bb6fc47212,6x139.7,78.1,M14x1.50,40.00,40.00,"[""9x20""]","[""P275/55R20""]",tgp_solutions,unknown,"""2026-05-07T21:45:59.143Z"""
7a9944cf-aadb-4b40-ad10-a141c6ad963b,2018,GMC,Sierra 1500,SLE,SLE,8252e699aa5653fb,6x139.7,78.1,M14x1.50,31.00,31.00,"[""8.5x18"",""8x17"",""9x20""]","[""LT265/70R17/C"",""P255/70R17"",""P265/65R18"",""P265/70R17"",""P275/55R20""]",tgp_solutions,unknown,"""2026-05-07T21:45:59.143Z"""
42173a89-aadb-4e76-a390-e0c416e5f96f,2018,GMC,Sierra 1500,SLT,SLT,0e08107e53cbb4d4,6x139.7,78.1,M14x1.50,34.00,34.00,"[""8.5x18"",""9.5x22"",""9x20""]","[""265/65R18"",""P265/65R18"",""P275/55R20"",""P285/45R22""]",tgp_solutions,unknown,"""2026-05-07T21:45:59.143Z"""
086f4822-b093-4831-bcdc-96e21bc4ed69,2018,GMC,Sierra 2500 HD,Base,Base,ec371f9419ae4654,8x180,124.1,M14x1.50,28.00,28.00,"[""7.5x17"",""8x18""]","[""LT245/75R17/E"",""LT265/70R18/E""]",tgp_solutions,unknown,"""2026-05-07T21:45:59.143Z"""
04818ad4-119c-4684-905b-3384d2a3916e,2018,GMC,Sierra 2500 HD,Denali,Denali,74d0cbdf74eb954a,8x180,124.1,M14x1.50,28.00,28.00,"[""8.5x20"",""8x18""]","[""LT265/60R20/E"",""LT265/70R18/E""]",tgp_solutions,unknown,"""2026-05-07T21:45:59.143Z"""
2e3e4ebf-db4b-4e21-935c-5dc6b30335bf,2018,GMC,Sierra 2500 HD,SLE,SLE,67ddd541e6f491cb,8x180,124.1,M14x1.50,28.00,28.00,"[""7.5x17"",""8.5x20"",""8x18""]","[""LT245/75R17/E"",""LT265/60R20/E"",""LT265/70R18/E""]",tgp_solutions,unknown,"""2026-05-07T21:45:59.143Z"""
f55c0b68-21bc-4653-a9c3-6d853a25f291,2018,GMC,Sierra 2500 HD,SLT,SLT,a038f24f81135e8b,8x180,124.1,M14x1.50,28.00,28.00,"[""8.5x20"",""8x18""]","[""LT265/60R20/E"",""LT265/70R18/E""]",tgp_solutions,unknown,"""2026-05-07T21:45:59.143Z"""
dbea3f16-7246-4727-b03b-790d94700b7d,2018,GMC,Sierra 3500 HD,(DRW),(DRW),ca2fe6117c2d9ac4,8x210,154.2,M14x1.50,137.00,137.00,"[""6.5x17""]","[""LT235/80R17/E""]",tgp_solutions,unknown,"""2026-05-07T21:45:59.143Z"""
ecfa05dc-92fe-4f1b-a3c7-013ea259de1f,2018,GMC,Sierra 3500 HD,Base,Base,5eb97de269d9d03e,8x180,124.1,M14x1.50,28.00,28.00,"[""8x18""]","[""LT265/70R18/E""]",tgp_solutions,unknown,"""2026-05-07T21:45:59.143Z"""
a4544e36-6249-4560-aab7-2ef7cabe62f1,2018,GMC,Sierra 3500 HD,Denali,Denali,a284b6c15a40ec65,8x180,124.1,M14x1.50,28.00,28.00,"[""8x18""]","[""LT265/70R18/E""]",tgp_solutions,unknown,"""2026-05-07T21:45:59.143Z"""
4c0e1731-f0eb-42e9-8a3c-b6d69ef86331,2018,GMC,Sierra 3500 HD,SLE,SLE,7039e496edc556f1,8x180,124.1,M14x1.50,28.00,28.00,"[""8x18""]","[""LT265/70R18/E""]",tgp_solutions,unknown,"""2026-05-07T21:45:59.143Z"""
a0d83f88-126f-468e-af40-040488b0294c,2018,GMC,Sierra 3500 HD,SLE (DRW),SLE (DRW),8792c921e403dfd2,8x210,154.2,M14x1.50,137.00,137.00,"[""6.5x17""]","[""LT235/80R17/E""]",tgp_solutions,unknown,"""2026-05-07T21:45:59.143Z"""
b238e5df-fdc6-468b-b5f9-de4af5f896ba,2018,GMC,Sierra 3500 HD,SLE Snow Plow Prep Pkg.,SLE Snow Plow Prep Pkg.,252ee869a98b55e9,8x180,124.1,M14x1.50,28.00,28.00,"[""8x18""]","[""LT265/70R18/E""]",tgp_solutions,unknown,"""2026-05-07T21:45:59.143Z"""
07ec64fc-fbd4-4942-9dad-b5de97e39359,2018,GMC,Sierra 3500 HD,SLE Snow Plow Prep Pkg. (DRW),SLE Snow Plow Prep Pkg. (DRW),7588cffd472c2aaf,8x210,154.2,M14x1.50,137.00,137.00,"[""6.5x17""]","[""LT235/80R17/E""]",tgp_solutions,unknown,"""2026-05-07T21:45:59.143Z"""
13d0a8e8-8ba8-4b99-835a-f8f470e81ee7,2018,GMC,Sierra 3500 HD,SLT,SLT,b45a8ac7a4219bae,8x180,124.1,M14x1.50,28.00,28.00,"[""8x18""]","[""LT265/70R18/E""]",tgp_solutions,unknown,"""2026-05-07T21:45:59.143Z"""
593e9788-9895-49d8-80c2-e8469c0ce81f,2018,GMC,Sierra 3500 HD,SLT (DRW),SLT (DRW),3d1480af047b2c72,8x210,154.2,M14x1.50,137.00,137.00,"[""6.5x17""]","[""LT235/80R17/E""]",tgp_solutions,unknown,"""2026-05-07T21:45:59.143Z"""
22790533-e716-4442-911e-84d0ff21b5ca,2018,GMC,Sierra 3500 HD,SLT Snow Plow Prep Pkg.,SLT Snow Plow Prep Pkg.,cbe3940328e72235,8x180,124.1,M14x1.50,28.00,28.00,"[""8x18""]","[""LT265/70R18/E""]",tgp_solutions,unknown,"""2026-05-07T21:45:59.143Z"""
acfb18a6-0489-4995-8cd5-b5dbf75293fd,2018,GMC,Sierra 3500 HD,SLT Snow Plow Prep Pkg. (DRW),SLT Snow Plow Prep Pkg. (DRW),ce0f2ac381fa00c2,8x210,154.2,M14x1.50,137.00,137.00,"[""6.5x17""]","[""LT235/80R17/E""]",tgp_solutions,unknown,"""2026-05-07T21:45:59.143Z"""
00ec029c-471b-4942-af86-80e2c1313ed9,2018,GMC,Sierra 3500 HD,Snow Plow Prep Pkg.,Snow Plow Prep Pkg.,eb7dd9d791a19b78,8x180,124.1,M14x1.50,28.00,28.00,"[""8x18""]","[""LT265/70R18/E""]",tgp_solutions,unknown,"""2026-05-07T21:45:59.143Z"""
ca185575-2c89-4d5c-bb7f-8562eec3c468,2018,GMC,Sierra 3500 HD,Snow Plow Prep Pkg. (DRW),Snow Plow Prep Pkg. (DRW),01a5f495f8fd8c61,8x210,154.2,M14x1.50,137.00,137.00,"[""6.5x17""]","[""LT235/80R17/E""]",tgp_solutions,unknown,"""2026-05-07T21:45:59.143Z"""
f33a7e81-673e-428a-8d7f-32e44047c322,2018,GMC,Terrain,Denali,Denali,157dbad0973f5659,5x115,70.3,M12x1.50,46.00,46.00,"[""7.5x19""]","[""235/50R19""]",tgp_solutions,unknown,"""2026-05-07T21:45:59.143Z"""
0f8ee8a2-0af2-4b14-9cdc-86ffd74beb14,2018,GMC,Terrain,SL,SL,bb6be82f167aaa19,5x115,70.3,M12x1.50,46.00,46.00,"[""7x17""]","[""225/65R17""]",tgp_solutions,unknown,"""2026-05-07T21:45:59.143Z"""
ebb869cf-4634-49c5-8dbd-79da2438874e,2018,GMC,Terrain,SLE,SLE,7dd4a998488d2d4f,5x115,70.3,M12x1.50,46.00,46.00,"[""7x17"",""7x18""]","[""225/60R18"",""225/65R17""]",tgp_solutions,unknown,"""2026-05-07T21:45:59.143Z"""
7b3b4849-8d31-4766-a5ea-cab04ff9a22c,2018,GMC,Terrain,SLE Diesel,SLE Diesel,01cdbd52b5e6a49e,5x115,70.3,M12x1.50,46.00,46.00,"[""7x17""]","[""225/65R17""]",tgp_solutions,unknown,"""2026-05-07T21:45:59.143Z"""
c6a7b14f-659b-4bff-af91-98ee6a94a3b0,2018,GMC,Terrain,SLT,SLT,f20a877ebd901627,5x115,70.3,M12x1.50,46.00,46.00,"[""7.5x19"",""7x18""]","[""225/60R18"",""235/50R19""]",tgp_solutions,unknown,"""2026-05-07T21:45:59.143Z"""
921766bb-94b3-4123-8c61-09009cc8deac,2018,GMC,Terrain,SLT Diesel,SLT Diesel,bbc43ee079782e76,5x115,70.3,M12x1.50,46.00,46.00,"[""7x18""]","[""225/60R18""]",tgp_solutions,unknown,"""2026-05-07T21:45:59.143Z"""
abeeb9c4-186a-43fb-bd1c-3d5cb21981b6,2018,GMC,Yukon,Denali,Denali,53a263ef1841d485,6x139.7,78.3,M14x1.50,40.00,40.00,"[""9.5x22"",""9x20""]","[""P275/55R20"",""P285/45R22""]",tgp_solutions,unknown,"""2026-05-07T21:45:59.143Z"""
915d3a29-0e7f-4ad5-b21c-f4788f2709c0,2018,GMC,Yukon,SLE,SLE,a5bdb6c5719f4e48,6x139.7,78.3,M14x1.50,34.00,34.00,"[""8.5x18"",""9x20"",""9x22""]","[""P265/65R18"",""P275/55R20"",""P285/45R22""]",tgp_solutions,unknown,"""2026-05-07T21:45:59.143Z"""
4ac76acb-5a58-4038-a092-807c4945999b,2018,GMC,Yukon,SLT,SLT,3a4118f77c3b813d,6x139.7,78.3,M14x1.50,34.00,34.00,"[""8.5x18"",""9x20"",""9x22""]","[""P265/65R18"",""P275/55R20"",""P285/45R22""]",tgp_solutions,unknown,"""2026-05-07T21:45:59.143Z"""
8bb33907-11da-4290-b9cd-ffb737e536d2,2018,GMC,Yukon XL,Denali,Denali,b113c40cd7a59a0c,6x139.7,78.3,M14x1.50,40.00,40.00,"[""9.5x22"",""9x20""]","[""P275/55R20"",""P285/45R22""]",tgp_solutions,unknown,"""2026-05-07T21:45:59.143Z"""
d5c59460-6a90-469c-ab8f-46e545891d10,2018,GMC,Yukon XL,SLE,SLE,4b6d8e4051d08569,6x139.7,78.3,M14x1.50,34.00,34.00,"[""8.5x18"",""9x20"",""9x22""]","[""P265/65R18"",""P275/55R20"",""P285/45R22""]",tgp_solutions,unknown,"""2026-05-07T21:45:59.143Z"""
00f9de9b-8662-4ed8-b04d-770555119ff7,2018,GMC,Yukon XL,SLT,SLT,26fb1e1467c25173,6x139.7,78.3,M14x1.50,34.00,34.00,"[""8.5x18"",""9x20"",""9x22""]","[""P265/65R18"",""P275/55R20"",""P285/45R22""]",tgp_solutions,unknown,"""2026-05-07T21:45:59.143Z"""
3b86310d-fe22-4c19-9783-35e289264f5e,2018,Genesis,G80,3.8,3.8,ad556e19f56c5dcd,5x114.3,67.1,M12x1.50,40.00,40.00,"[""8x18""]","[""245/45R18""]",tgp_solutions,unknown,"""2026-05-07T21:45:59.143Z"""
4b2dc855-67dd-42fe-b32b-015fb32d668f,2018,Genesis,G80,5.0 Front 5.0,5.0 Front 5.0,ad6b2159332ad178,5x114.3,67.1,M12x1.50,39.00,39.00,"[""8.5x19""]","{""rear"":[],""front"":[""245/40R19""]}",deprecated-staggered-split,unknown,"""2026-05-07T21:45:59.143Z"""
7f96b984-6aae-4202-a2a6-b2425aa3468b,2018,Genesis,G80,5.0 Rear 5.0,5.0 Rear 5.0,1e577d4f4b015c95,5x114.3,67.1,M12x1.50,39.00,39.00,"[""9x19""]","{""rear"":[""275/35R19""],""front"":[]}",deprecated-staggered-split,unknown,"""2026-05-07T21:45:59.143Z"""
db11fa46-d9f7-4ae6-8a76-4cab4eeae299,2018,Genesis,G80,Sport 3.3T Front Sport 3.3T,Sport 3.3T Front Sport 3.3T,46aab3f13cf4cef0,5x114.3,67.1,M12x1.50,39.00,39.00,"[""8.5x19""]","{""rear"":[],""front"":[""245/40R19""]}",deprecated-staggered-split,unknown,"""2026-05-07T21:45:59.143Z"""
a990d46a-1030-4e9b-a7d2-76f4eb0f9ef7,2018,Genesis,G80,Sport 3.3T Rear Sport 3.3T,Sport 3.3T Rear Sport 3.3T,98b28989b2b894ca,5x114.3,67.1,M12x1.50,39.00,39.00,"[""9x19""]","{""rear"":[""275/35R19""],""front"":[]}",deprecated-staggered-split,unknown,"""2026-05-07T21:45:59.143Z"""
9a0139ad-7f6e-4012-92d8-c9cb3a2f9395,2018,Genesis,G90,Premium Front Premium,Premium Front Premium,8e4b47ff1d09111c,5x114.3,67.1,M12x1.50,40.00,40.00,"[""8.5x19""]","{""rear"":[],""front"":[""245/45R19""]}",deprecated-staggered-split,unknown,"""2026-05-07T21:45:59.143Z"""
da65718e-ea55-4690-866c-d3bf07bfcb0f,2018,Genesis,G90,Premium Rear Premium,Premium Rear Premium,f602bd2659444e89,5x114.3,67.1,M12x1.50,49.00,49.00,"[""9x19""]","{""rear"":[""275/40R19""],""front"":[]}",deprecated-staggered-split,unknown,"""2026-05-07T21:45:59.143Z"""
faff7a10-8cba-4ff4-a936-5c7ffcf8c82f,2018,Genesis,G90,Ultimate Front Ultimate,Ultimate Front Ultimate,fe7294b139588ebc,5x114.3,67.1,M12x1.50,40.00,40.00,"[""8.5x19""]","{""rear"":[],""front"":[""245/45R19""]}",deprecated-staggered-split,unknown,"""2026-05-07T21:45:59.143Z"""
5a080073-f5a2-442b-9ed4-2403df827b4e,2018,Genesis,G90,Ultimate Rear Ultimate,Ultimate Rear Ultimate,2ad284b78af67b20,5x114.3,67.1,M12x1.50,49.00,49.00,"[""9x19""]","{""rear"":[""275/40R19""],""front"":[]}",deprecated-staggered-split,unknown,"""2026-05-07T21:45:59.143Z"""
c0aece64-d80f-418f-a0c4-3a597cb2fb95,2018,Honda,Accord,EX,EX,e0d81ba70440becf,5x114.3,64.1,M12x1.50,55.00,55.00,"[""7.5x17""]","[""225/50R17""]",tgp_solutions,unknown,"""2026-05-07T21:45:59.143Z"""
7a3e7784-0c3c-482b-8ad1-013f5e440a9f,2018,Honda,Accord,EX-L,EX-L,b0763354fd95414e,5x114.3,64.1,M12x1.50,55.00,55.00,"[""7.5x17""]","[""225/50R17""]",tgp_solutions,unknown,"""2026-05-07T21:45:59.143Z"""
ef6c4c3a-a5f1-43b8-913b-0cfaa011bf1f,2018,Honda,Accord,Hybrid,Hybrid,08f73e3a215768df,5x114.3,64.1,M12x1.50,55.00,55.00,"[""7.5x17""]","[""225/50R17""]",tgp_solutions,unknown,"""2026-05-07T21:45:59.143Z"""
b880a76f-8c77-4577-b143-44ad459bbbe4,2018,Honda,Accord,Hybrid EX,Hybrid EX,bcd2bc607918251f,5x114.3,64.1,M12x1.50,55.00,55.00,"[""7.5x17""]","[""225/50R17""]",tgp_solutions,unknown,"""2026-05-07T21:45:59.143Z"""
f5c1a6b0-17dd-41d4-bcde-257f56713d9d,2018,Honda,Accord,Hybrid EX-L,Hybrid EX-L,aed28d1caddbd786,5x114.3,64.1,M12x1.50,55.00,55.00,"[""7.5x17""]","[""225/50R17""]",tgp_solutions,unknown,"""2026-05-07T21:45:59.143Z"""
8c00eb1d-0e11-4f14-ac2e-c3e587afa552,2018,Honda,Accord,Hybrid Touring,Hybrid Touring,2ea0bf2949b7cf07,5x114.3,64.1,M12x1.50,55.00,55.00,"[""7.5x17""]","[""225/50R17""]",tgp_solutions,unknown,"""2026-05-07T21:45:59.143Z"""
acb76947-6774-446e-ae33-89815b6558c0,2018,Honda,Accord,LX,LX,8c0d39cc89a92203,5x114.3,64.1,M12x1.50,55.00,55.00,"[""7.5x17""]","[""225/50R17""]",tgp_solutions,unknown,"""2026-05-07T21:45:59.143Z"""
08c32f37-13d1-4516-85e5-e2b7e5c88db9,2018,Honda,Accord,Sport,Sport,18c83013ce580f61,5x114.3,64.1,M12x1.50,55.00,55.00,"[""8.5x19""]","[""235/40R19""]",tgp_solutions,unknown,"""2026-05-07T21:45:59.143Z"""
43a6a0a4-5cf6-4288-8699-086c9d5e61ef,2018,Honda,Accord,Touring,Touring,beed896196a8f08e,5x114.3,64.1,M12x1.50,55.00,55.00,"[""8.5x19""]","[""235/40R19""]",tgp_solutions,unknown,"""2026-05-07T21:45:59.143Z"""
6c079ff9-3cf1-4d1d-bb53-cf52525030bd,2018,Honda,CR-V,EX,EX,6dbe9fa9aad29fa0,5x114.3,64.1,M12x1.50,45.00,45.00,"[""7.5x18""]","[""235/60R18""]",tgp_solutions,unknown,"""2026-05-07T21:45:59.143Z"""
27c2c835-5a24-4c27-850c-b1fddd49ee8e,2018,Honda,CR-V,EX-L,EX-L,6670c9a905f8754c,5x114.3,64.1,M12x1.50,45.00,45.00,"[""7.5x18""]","[""235/60R18""]",tgp_solutions,unknown,"""2026-05-07T21:45:59.143Z"""
f2e3f220-a9c9-4c43-8ac9-930eae028a47,2018,Honda,CR-V,LX,LX,b58796699f6a8767,5x114.3,64.1,M12x1.50,45.00,45.00,"[""7.5x17""]","[""235/65R17""]",tgp_solutions,unknown,"""2026-05-07T21:45:59.143Z"""
a3b5f5d7-f064-4a31-aa84-ef7452782a52,2018,Honda,CR-V,Touring,Touring,7b49a648aa1b4cdd,5x114.3,64.1,M12x1.50,45.00,45.00,"[""7.5x18""]","[""235/60R18""]",tgp_solutions,unknown,"""2026-05-07T21:45:59.143Z"""
bc52a947-7e12-4bda-a5c8-87db5a0d2360,2018,Honda,Civic,EX Hatchback,EX Hatchback,8be084160163987a,5x114.3,64.1,M12x1.50,45.00,45.00,"[""7x17""]","[""215/50R17""]",tgp_solutions,unknown,"""2026-05-07T21:45:59.143Z"""
72ccd799-401d-4914-8e9c-9f89c114a7a2,2018,Honda,Civic,EX Sedan,EX Sedan,d6e101284f391429,5x114.3,64.1,M12x1.50,45.00,45.00,"[""7x16""]","[""215/55R16""]",tgp_solutions,unknown,"""2026-05-07T21:45:59.143Z"""
22387074-795a-433e-b708-e4bb22aa1aba,2018,Honda,Civic,EX-L,EX-L,7da000e65e6e2dff,5x114.3,64.1,M12x1.50,45.00,45.00,"[""7x17""]","[""215/50R17""]",tgp_solutions,unknown,"""2026-05-07T21:45:59.143Z"""
64f84c33-682f-49d1-b6d9-58eba9b9ccfc,2018,Honda,Civic,EX-T Sedan & Coupe,EX-T Sedan & Coupe,cdc3779a3c91c1cf,5x114.3,64.1,M12x1.50,45.00,45.00,"[""7x17""]","[""215/50R17""]",tgp_solutions,unknown,"""2026-05-07T21:45:59.143Z"""
a7a61569-95e8-4355-9889-2092955b3e7a,2018,Honda,Civic,LX Hatchback,LX Hatchback,5e7c5ff50ed5f829,5x114.3,64.1,M12x1.50,45.00,45.00,"[""7x16"",""7x17""]","[""215/50R17"",""215/55R16""]",tgp_solutions,unknown,"""2026-05-07T21:45:59.143Z"""
e96e098e-1cc6-4b15-9c3b-8a8f1d7eb7ca,2018,Honda,Civic,LX Sedan & Coupe,LX Sedan & Coupe,d5c67131f1b0adff,5x114.3,64.1,M12x1.50,45.00,45.00,"[""7x16""]","[""215/55R16""]",tgp_solutions,unknown,"""2026-05-07T21:45:59.143Z"""
1faf6749-9924-46dd-957b-058ed49b07c0,2018,Honda,Civic,LX-P Coupe,LX-P Coupe,074ccc4d005edbab,5x114.3,64.1,M12x1.50,45.00,45.00,"[""7x16""]","[""215/55R16""]",tgp_solutions,unknown,"""2026-05-07T21:45:59.143Z"""
716041e1-4466-4c3a-be30-a6553e2f0ed8,2018,Honda,Civic,Si Sedan & Coupe,Si Sedan & Coupe,18e65b23de437478,5x114.3,64.1,M12x1.50,45.00,45.00,"[""8x18""]","[""235/40R18""]",tgp_solutions,unknown,"""2026-05-07T21:45:59.143Z"""
c0501a73-dc34-48f1-95e5-47a88abe1d5b,2018,Honda,Civic,Sport Hatchback,Sport Hatchback,779e881ae15034c4,5x114.3,64.1,M12x1.50,45.00,45.00,"[""8x18""]","[""235/40R18""]",tgp_solutions,unknown,"""2026-05-07T21:45:59.143Z"""
5df57d3f-78f3-4645-83c5-99eaf525aa4f,2018,Honda,Civic,Sport Touring,Sport Touring,f0d27a1426356905,5x114.3,64.1,M12x1.50,45.00,45.00,"[""8x18""]","[""235/40R18""]",tgp_solutions,unknown,"""2026-05-07T21:45:59.143Z"""
7aeaaacf-e298-45d8-beda-55de57a685e8,2018,Honda,Civic,Touring Sedan & Coupe,Touring Sedan & Coupe,47dbe3f9d338310a,5x114.3,64.1,M12x1.50,45.00,45.00,"[""7x17""]","[""215/50R17""]",tgp_solutions,unknown,"""2026-05-07T21:45:59.143Z"""
b3b89387-8be6-4222-82d7-cbc1ed9cda27,2018,Honda,Civic,Type R,Type R,ae1e215a5dfa1389,5x120,64.1,M14x1.50,45.00,45.00,"[""8.5x20""]","[""245/30ZR20""]",tgp_solutions,unknown,"""2026-05-07T21:45:59.143Z"""
0372400b-3ac9-464f-a1b9-2b79cd9209c1,2018,Honda,Clarity,Electric,Electric,8ca286b71ae2d761,5x114.3,64.1,M12x1.50,45.00,45.00,"[""8x18""]","[""235/45R18""]",tgp_solutions,unknown,"""2026-05-07T21:45:59.143Z"""
fb0b6a28-1323-445e-b33a-9c7d4e69ce6b,2018,Honda,Clarity,Fuel Cell,Fuel Cell,989d19772fb82e85,5x114.3,64.1,M12x1.50,45.00,45.00,"[""8x18""]","[""235/45R18""]",tgp_solutions,unknown,"""2026-05-07T21:45:59.143Z"""
8620b950-52e7-4198-950c-dccb5a9bdcc5,2018,Honda,Clarity,Plug-In Hybrid,Plug-In Hybrid,786b808460c7152d,5x114.3,64.1,M12x1.50,45.00,45.00,"[""8x18""]","[""235/45R18""]",tgp_solutions,unknown,"""2026-05-07T21:45:59.143Z"""
3a62660d-2470-41d8-8d51-caffbd764493,2018,Honda,Clarity,Plug-In Hybrid Touring,Plug-In Hybrid Touring,576763b1d60f7df0,5x114.3,64.1,M12x1.50,45.00,45.00,"[""8x18""]","[""235/45R18""]",tgp_solutions,unknown,"""2026-05-07T21:45:59.143Z"""
9bc987c2-5cec-4fec-b47b-7c263bc41f14,2018,Honda,Fit,EX,EX,9a05e5d4868dffe0,4x100,56.1,M12x1.50,45.00,45.00,"[""6x16""]","[""185/55R16""]",tgp_solutions,unknown,"""2026-05-07T21:45:59.143Z"""
a9b5626e-a400-4f74-ab9f-1b782efed1d2,2018,Honda,Fit,EX-L,EX-L,bb0838bd05071ac5,4x100,56.1,M12x1.50,45.00,45.00,"[""6x16""]","[""185/55R16""]",tgp_solutions,unknown,"""2026-05-07T21:45:59.143Z"""
57513062-e6f7-4701-8df6-7d834093cb91,2018,Honda,Fit,LX,LX,378b26a1db4edebc,4x100,56.1,M12x1.50,45.00,45.00,"[""6x15""]","[""185/60R15""]",tgp_solutions,unknown,"""2026-05-07T21:45:59.143Z"""
82e1e8c8-a459-4cb2-813f-3a9f32a26517,2018,Honda,Fit,Sport,Sport,ecfaa80997cdd9b8,4x100,56.1,M12x1.50,45.00,45.00,"[""6x16""]","[""185/55R16""]",tgp_solutions,unknown,"""2026-05-07T21:45:59.143Z"""
08e10c08-13a7-43d2-8759-abbc1486f7da,2018,Honda,HR-V,EX,EX,1be090feeda026bf,5x114.3,64.1,M12x1.50,45.00,45.00,"[""7.5x17""]","[""215/55R17""]",tgp_solutions,unknown,"""2026-05-07T21:45:59.143Z"""
7b83af92-d52f-475d-bf9d-b852c7d1b4cb,2018,Honda,HR-V,EX-L,EX-L,ae6db6c710541428,5x114.3,64.1,M12x1.50,45.00,45.00,"[""7.5x17""]","[""215/55R17""]",tgp_solutions,unknown,"""2026-05-07T21:45:59.143Z"""
2314b8fb-698c-4a86-95c0-05da2623c18a,2018,Honda,HR-V,LX,LX,1b728d1051e20ac6,5x114.3,64.1,M12x1.50,45.00,45.00,"[""7.5x17""]","[""215/55R17""]",tgp_solutions,unknown,"""2026-05-07T21:45:59.143Z"""
224e804d-9b01-4f0c-ac7f-abe910dbcd42,2018,Honda,Pilot,EX,EX,8688ab716f3068c3,5x120,64.1,M14x1.50,45.00,45.00,"[""8x18""]","[""245/60R18""]",tgp_solutions,unknown,"""2026-05-07T21:45:59.143Z"""
511e6756-889d-4551-b8de-cbbbd1f1fab9,2018,Honda,Pilot,EX-L,EX-L,3303c5874007e92c,5x120,64.1,M14x1.50,45.00,45.00,"[""8x18""]","[""245/60R18""]",tgp_solutions,unknown,"""2026-05-07T21:45:59.143Z"""
e4cdf912-0772-491b-ad1d-d47c61a7a20c,2018,Honda,Pilot,Elite,Elite,819cb68d8653530b,5x120,64.1,M14x1.50,45.00,45.00,"[""8x20""]","[""245/50R20""]",tgp_solutions,unknown,"""2026-05-07T21:45:59.143Z"""
3ba5dce7-0e3c-4ba2-9753-ceabffdce969,2018,Honda,Pilot,LX,LX,49f6205ff729ea27,5x120,64.1,M14x1.50,45.00,45.00,"[""8x18""]","[""245/60R18""]",tgp_solutions,unknown,"""2026-05-07T21:45:59.143Z"""
0e1e92de-a5f3-4257-aec1-b99ab064f02c,2018,Honda,Pilot,Touring,Touring,ee4841e2b2bf0bd8,5x120,64.1,M14x1.50,45.00,45.00,"[""8x20""]","[""245/50R20""]",tgp_solutions,unknown,"""2026-05-07T21:45:59.143Z"""
ceba1141-3287-4c6d-a093-bb78c2df6a3a,2018,Honda,Ridgeline,Black Edition,Black Edition,4a487bd0fd3e1a3b,5x120,64.1,M14x1.50,55.00,55.00,"[""8x18""]","[""245/60R18""]",tgp_solutions,unknown,"""2026-05-07T21:45:59.143Z"""
af88e30f-2efe-4551-a6f8-c96a73bc8156,2018,Honda,Ridgeline,RT,RT,2692d6670667ebd6,5x120,64.1,M14x1.50,55.00,55.00,"[""8x18""]","[""245/60R18""]",tgp_solutions,unknown,"""2026-05-07T21:45:59.143Z"""
3781db6f-0761-4da9-a2e9-8ae3d7919b2b,2018,Honda,Ridgeline,RTL,RTL,a8ba1c73e82e7037,5x120,64.1,M14x1.50,55.00,55.00,"[""8x18""]","[""245/60R18""]",tgp_solutions,unknown,"""2026-05-07T21:45:59.143Z"""
295d9a8b-1944-4568-881f-04a18806c446,2018,Honda,Ridgeline,RTL-E,RTL-E,13fa4c10d460755e,5x120,64.1,M14x1.50,55.00,55.00,"[""8x18""]","[""245/60R18""]",tgp_solutions,unknown,"""2026-05-07T21:45:59.143Z"""
070ef37c-5a53-452f-90bd-b290d9899405,2018,Honda,Ridgeline,RTL-T,RTL-T,985394a5c9e19794,5x120,64.1,M14x1.50,55.00,55.00,"[""8x18""]","[""245/60R18""]",tgp_solutions,unknown,"""2026-05-07T21:45:59.143Z"""
fa8db22e-3ff7-43d7-a5a7-35f557379b05,2018,Honda,Ridgeline,Sport,Sport,67aeae1045ec1182,5x120,64.1,M14x1.50,55.00,55.00,"[""8x18""]","[""245/60R18""]",tgp_solutions,unknown,"""2026-05-07T21:45:59.143Z"""
f2b3d58f-b137-489e-b38e-e9c29d4200d1,2018,Hyundai,Accent,Limited,Limited,b113f46e35342e09,4x100,54.1,M12x1.50,45.00,45.00,"[""6.5x17""]","[""205/45R17""]",tgp_solutions,unknown,"""2026-05-07T21:45:59.143Z"""
26a2768d-013b-4f51-80b5-038e6715abff,2018,Hyundai,Accent,SE,SE,805718ec29631dd5,4x100,54.1,M12x1.50,45.00,45.00,"[""5.5x15""]","[""185/65R15""]",tgp_solutions,unknown,"""2026-05-07T21:45:59.143Z"""
b97a0ec7-2387-4ad7-8023-be2b579c9075,2018,Hyundai,Accent,SEL,SEL,1bfe6afef961d29c,4x100,54.1,M12x1.50,45.00,45.00,"[""5.5x15""]","[""185/65R15""]",tgp_solutions,unknown,"""2026-05-07T21:45:59.143Z"""
66152fbb-6ff2-480f-8394-4699536080e1,2018,Hyundai,Elantra,Eco,Eco,7ac230a3de18da78,5x114.3,67.1,M12x1.50,46.00,46.00,"[""6x15""]","[""195/65R15""]",tgp_solutions,unknown,"""2026-05-07T21:45:59.143Z"""
f1548977-4025-4dff-98de-afb59cee8899,2018,Hyundai,Elantra,Limited,Limited,b9eca4d4519ad5a8,5x114.3,67.1,M12x1.50,45.00,45.00,"[""7x17""]","[""225/45R17""]",tgp_solutions,unknown,"""2026-05-07T21:45:59.143Z"""
0376922e-4d2d-4752-ac81-0abc65213372,2018,Hyundai,Elantra,SE,SE,0cc4e986d5e06290,5x114.3,67.1,M12x1.50,46.00,46.00,"[""6x15""]","[""195/65R15""]",tgp_solutions,unknown,"""2026-05-07T21:45:59.143Z"""
b4a959e1-15d6-456a-8a18-650c22e988e8,2018,Hyundai,Elantra,SEL,SEL,6fb64b078e992407,5x114.3,67.1,M12x1.50,46.00,46.00,"[""6.5x16""]","[""205/55R16""]",tgp_solutions,unknown,"""2026-05-07T21:45:59.143Z"""
d831295c-296c-4b21-aa38-f382a65d444d,2018,Hyundai,Elantra,Sport,Sport,106590d89efd7e62,5x114.3,67.1,M12x1.50,45.00,45.00,"[""7.5x18""]","[""225/40R18""]",tgp_solutions,unknown,"""2026-05-07T21:45:59.143Z"""
da673774-93c7-43b8-93b3-d153ca0d85bb,2018,Hyundai,Elantra,Value Edition,Value Edition,ba36b889cd1977f4,5x114.3,67.1,M12x1.50,46.00,46.00,"[""6.5x16""]","[""205/55R16""]",tgp_solutions,unknown,"""2026-05-07T21:45:59.143Z"""
0cadb569-f54d-4f75-9772-4e69e10c103d,2018,Hyundai,Elantra GT,Base,Base,dcef8b7b5d811a22,5x114.3,67.1,M12x1.50,45.00,45.00,"[""7x17""]","[""225/45R17""]",tgp_solutions,unknown,"""2026-05-07T21:45:59.143Z"""
7f5afc31-c6eb-4a94-9eea-3e824a7c78b3,2018,Hyundai,Elantra GT,Sport,Sport,24ed03e8a557651f,5x114.3,67.1,M12x1.50,45.00,45.00,"[""7.5x18""]","[""225/40R18""]",tgp_solutions,unknown,"""2026-05-07T21:45:59.143Z"""
251213fb-33d9-47c1-b53c-899a1a59bfd0,2018,Hyundai,Ioniq,Electric,Electric,508b925c9346058a,5x114.3,67.1,M12x1.50,46.00,46.00,"[""6.5x16""]","[""205/55R16""]",tgp_solutions,unknown,"""2026-05-07T21:45:59.143Z"""
a37e6815-e0fc-4496-8b99-5fdba3c2e863,2018,Hyundai,Ioniq,Electric Limited,Electric Limited,5501a489a71e499b,5x114.3,67.1,M12x1.50,46.00,46.00,"[""6.5x16""]","[""205/55R16""]",tgp_solutions,unknown,"""2026-05-07T21:45:59.143Z"""
8bf60173-f2bf-488b-9a5d-008573fd9c95,2018,Hyundai,Ioniq,Hybrid Blue,Hybrid Blue,ef9b2674590ef6a5,5x114.3,67.1,M12x1.50,46.00,46.00,"[""6x15""]","[""195/65R15""]",tgp_solutions,unknown,"""2026-05-07T21:45:59.143Z"""
96f41400-341b-49d3-a8e5-fe2971941484,2018,Hyundai,Ioniq,Hybrid Limited,Hybrid Limited,1d75d62cdc925b61,5x114.3,67.1,M12x1.50,45.00,45.00,"[""7x17""]","[""225/45R17""]",tgp_solutions,unknown,"""2026-05-07T21:45:59.143Z"""
27e1d039-1283-48b4-86de-0c28cb6407a3,2018,Hyundai,Ioniq,Hybrid SEL,Hybrid SEL,39429f32cbae6b68,5x114.3,67.1,M12x1.50,46.00,46.00,"[""6x15""]","[""195/65R15""]",tgp_solutions,unknown,"""2026-05-07T21:45:59.143Z"""
d4b692d0-50f4-4ee2-a00a-3650a67ce28c,2018,Hyundai,Ioniq,Plug-In Hybrid,Plug-In Hybrid,9fa846bc842ab96b,5x114.3,67.1,M12x1.50,46.00,46.00,"[""6.5x16""]","[""205/55R16""]",tgp_solutions,unknown,"""2026-05-07T21:45:59.143Z"""
d126a4f8-cb3b-4838-8905-0b475689ef7d,2018,Hyundai,Ioniq,Plug-In Hybrid Limited,Plug-In Hybrid Limited,666e8fa77d53cc8e,5x114.3,67.1,M12x1.50,46.00,46.00,"[""6.5x16""]","[""205/55R16""]",tgp_solutions,unknown,"""2026-05-07T21:45:59.143Z"""
14b80c1c-570e-4326-a024-3c379b04e250,2018,Hyundai,Kona,Limited,Limited,cd8626347e5dd9ff,5x114.3,67.1,M12x1.50,45.00,45.00,"[""7.5x18""]","[""235/45R18""]",tgp_solutions,unknown,"""2026-05-07T21:45:59.143Z"""
c1406f74-f15c-40b2-a6bf-ddb1eea93b52,2018,Hyundai,Kona,SE,SE,8d4121d1621e29bc,5x114.3,67.1,M12x1.50,45.00,45.00,"[""6.5x16""]","[""205/60R16""]",tgp_solutions,unknown,"""2026-05-07T21:45:59.143Z"""
e61153c1-28d4-4c98-9767-ac632ca05640,2018,Hyundai,Kona,SEL,SEL,e9492f2964a06f86,5x114.3,67.1,M12x1.50,45.00,45.00,"[""7x17""]","[""215/55R17""]",tgp_solutions,unknown,"""2026-05-07T21:45:59.143Z"""
9e61f484-51af-4dd5-b2f7-ba1608f0a00f,2018,Hyundai,Kona,Ultimate,Ultimate,d37eed8eb4a00119,5x114.3,67.1,M12x1.50,45.00,45.00,"[""7.5x18""]","[""235/45R18""]",tgp_solutions,unknown,"""2026-05-07T21:45:59.143Z"""
c9818e8a-3c1c-4df6-b307-75e6e47dd150,2018,Hyundai,Santa Fe,Limited Ultimate,Limited Ultimate,d2c660d709ce15d9,5x114.3,67.1,M12x1.50,45.00,45.00,"[""7.5x19""]","[""P235/55R19""]",tgp_solutions,unknown,"""2026-05-07T21:45:59.143Z"""
96a76421-1b1f-47d5-8acc-03723a7eb2c2,2018,Hyundai,Santa Fe,SE,SE,c60e6327e40452ef,5x114.3,67.1,M12x1.50,45.00,45.00,"[""7.5x18""]","[""235/60R18""]",tgp_solutions,unknown,"""2026-05-07T21:45:59.143Z"""
71c25702-bf9b-407c-bb6c-49aa10a1a297,2018,Hyundai,Santa Fe,SE Ultimate,SE Ultimate,2022e16e4875ca97,5x114.3,67.1,M12x1.50,45.00,45.00,"[""7.5x19""]","[""P235/55R19""]",tgp_solutions,unknown,"""2026-05-07T21:45:59.143Z"""
e7207752-b5eb-46e4-9d4d-d3497d872da8,2018,Hyundai,Santa Fe Sport,2.0T,2.0T,9a7124df1a082ca1,5x114.3,67.1,M12x1.50,45.00,45.00,"[""7.5x18""]","[""235/60R18""]",tgp_solutions,unknown,"""2026-05-07T21:45:59.143Z"""
32283b06-8070-42a1-9440-de7c2dfacf10,2018,Hyundai,Santa Fe Sport,2.0T Ultimate,2.0T Ultimate,eb1c9e89ccad7d1d,5x114.3,67.1,M12x1.50,45.00,45.00,"[""7.5x19""]","[""235/55R19"",""P235/55R19""]",tgp_solutions,unknown,"""2026-05-07T21:45:59.143Z"""
09ce9bc2-870b-4f48-9c22-234b4382065d,2018,Hyundai,Santa Fe Sport,2.4L,2.4L,d4d604187bec21d1,5x114.3,67.1,M12x1.50,45.00,45.00,"[""7x17""]","[""235/65R17"",""P235/65R17""]",tgp_solutions,unknown,"""2026-05-07T21:45:59.143Z"""
a0e90867-69a5-45ad-b5d0-f6981ed9c1bc,2018,Hyundai,Sonata,Eco,Eco,b7eb27c4faa1257d,5x114.3,67.1,M12x1.50,44.00,44.00,"[""6.5x16""]","[""205/65R16""]",tgp_solutions,unknown,"""2026-05-07T21:45:59.143Z"""
563ddaaa-83a2-428a-b354-307cfc21b6d8,2018,Hyundai,Sonata,Hybrid Limited,Hybrid Limited,f3d9d7aec3b1be42,5x114.3,67.1,M12x1.50,50.00,50.00,"[""7x17""]","[""215/55R17""]",tgp_solutions,unknown,"""2026-05-07T21:45:59.143Z"""
f44d69fe-3495-44fb-84dc-968cc20ce549,2018,Hyundai,Sonata,Hybrid SE,Hybrid SE,7c6a060b63a6582c,5x114.3,67.1,M12x1.50,44.00,44.00,"[""6.5x16""]","[""205/65R16""]",tgp_solutions,unknown,"""2026-05-07T21:45:59.143Z"""
a5401f14-138a-42a8-82ca-b5be1ac2b67f,2018,Hyundai,Sonata,Limited,Limited,1115f27622457321,5x114.3,67.1,M12x1.50,50.00,50.00,"[""7x17""]","[""215/55R17""]",tgp_solutions,unknown,"""2026-05-07T21:45:59.143Z"""
a65e4539-ad43-4731-8293-8460f4db2929,2018,Hyundai,Sonata,Limited 2.0T,Limited 2.0T,29c8876d411d6b0a,5x114.3,67.1,M12x1.50,52.50,52.50,"[""7.5x18""]","[""235/45R18""]",tgp_solutions,unknown,"""2026-05-07T21:45:59.143Z"""
ee7748a7-6f1e-4207-b282-1caf38211790,2018,Hyundai,Sonata,Plug-In Hybrid,Plug-In Hybrid,1d8dc3aa53678745,5x114.3,67.1,M12x1.50,50.00,50.00,"[""7x17""]","[""215/55R17""]",tgp_solutions,unknown,"""2026-05-07T21:45:59.143Z"""
728ef11c-8b0d-4645-bb16-6e0f6f65555a,2018,Hyundai,Sonata,Plug-In Hybrid Limited,Plug-In Hybrid Limited,553ab1ba1da305c0,5x114.3,67.1,M12x1.50,50.00,50.00,"[""7x17""]","[""215/55R17""]",tgp_solutions,unknown,"""2026-05-07T21:45:59.143Z"""
c9efc891-de50-4bb8-8c34-68b3a78b56e1,2018,Hyundai,Sonata,SE,SE,a3905d1c415dab58,5x114.3,67.1,M12x1.50,44.00,44.00,"[""6.5x16""]","[""205/65R16""]",tgp_solutions,unknown,"""2026-05-07T21:45:59.143Z"""
957fddef-036d-450b-9d9f-f0367ff32ba6,2018,Hyundai,Sonata,SEL,SEL,d615ebb89483229b,5x114.3,67.1,M12x1.50,50.00,50.00,"[""7x17""]","[""215/55R17""]",tgp_solutions,unknown,"""2026-05-07T21:45:59.143Z"""
d321e54e-7fee-4286-aa58-a15aa8a64e48,2018,Hyundai,Sonata,Sport,Sport,8404867bfa20ecb9,5x114.3,67.1,M12x1.50,50.00,50.00,"[""7x17""]","[""215/55R17""]",tgp_solutions,unknown,"""2026-05-07T21:45:59.143Z"""
064a240c-fc49-492b-b0bd-7569561544f5,2018,Hyundai,Sonata,Sport 2.0T,Sport 2.0T,6c965a9aee7948ce,5x114.3,67.1,M12x1.50,52.50,52.50,"[""7.5x18""]","[""235/45R18""]",tgp_solutions,unknown,"""2026-05-07T21:45:59.143Z"""
928e2b94-25e9-4534-8666-104772cf245f,2018,Hyundai,Tucson,Limited,Limited,589ecc3cfbb900df,5x114.3,67.1,M12x1.50,53.00,53.00,"[""7.5x19""]","[""245/45R19""]",tgp_solutions,unknown,"""2026-05-07T21:45:59.143Z"""
af2f1fa2-6f6f-4106-b6fe-bb979a3364dc,2018,Hyundai,Tucson,SE,SE,6f26985ba309cf09,5x114.3,67.1,M12x1.50,45.00,45.00,"[""7x17""]","[""225/60R17""]",tgp_solutions,unknown,"""2026-05-07T21:45:59.143Z"""
26567da8-f126-4352-a083-9961e65603ab,2018,Hyundai,Tucson,SEL,SEL,b7ae460bad26d1dc,5x114.3,67.1,M12x1.50,45.00,45.00,"[""7x17""]","[""225/60R17""]",tgp_solutions,unknown,"""2026-05-07T21:45:59.143Z"""
efee5caf-a4f3-43ca-a031-0b5b97e3e394,2018,Hyundai,Tucson,SEL Plus,SEL Plus,7b9544d806bf74d4,5x114.3,67.1,M12x1.50,45.00,45.00,"[""7x17""]","[""225/60R17""]",tgp_solutions,unknown,"""2026-05-07T21:45:59.143Z"""
78fba634-4584-4b3f-8964-126006f82196,2018,Hyundai,Tucson,Sport,Sport,bc0f38f85b6a9f00,5x114.3,67.1,M12x1.50,53.00,53.00,"[""7.5x19""]","[""245/45R19""]",tgp_solutions,unknown,"""2026-05-07T21:45:59.143Z"""
5014022c-e273-423a-bd31-e671f685e723,2018,Hyundai,Tucson,Value Edition,Value Edition,96ce0a217247f725,5x114.3,67.1,M12x1.50,53.00,53.00,"[""7.5x19""]","[""245/45R19""]",tgp_solutions,unknown,"""2026-05-07T21:45:59.143Z"""
d7ca4e15-2ef4-4884-9bb8-f810d79613c3,2018,Infiniti,Q50,Hybrid Luxe (AWD),Hybrid Luxe (AWD),a11d9f550a6c1eeb,5x114.3,66.1,M12x1.25,50.00,50.00,"[""8.5x19""]","[""P245/40RF19""]",tgp_solutions,unknown,"""2026-05-07T21:45:59.143Z"""
d2b8ed72-327b-4f37-930e-09a9b16d51dd,2018,Infiniti,Q50,Hybrid Luxe (RWD),Hybrid Luxe (RWD),f3283dde09bfb53e,5x114.3,66.1,M12x1.25,50.00,50.00,"[""8.5x19""]","[""245/40RF19""]",tgp_solutions,unknown,"""2026-05-07T21:45:59.143Z"""
a7a3739f-713f-4d21-8192-781a4b7b572b,2018,Infiniti,Q50,Luxe,Luxe,b8108a5830a17935,5x114.3,66.1,M12x1.25,45.00,45.00,"[""7.5x18""]","[""P225/50R18""]",tgp_solutions,unknown,"""2026-05-07T21:45:59.143Z"""
85d61016-139a-4bc5-a1ec-3fdfde8c36af,2018,Infiniti,Q50,Pure (AWD),Pure (AWD),993e9376b4fc15a7,5x114.3,66.1,M12x1.25,45.00,45.00,"[""7.5x17""]","[""P225/55RF17""]",tgp_solutions,unknown,"""2026-05-07T21:45:59.143Z"""
44ee4e03-9550-4854-b543-d0e5def8f7c6,2018,Infiniti,Q50,Pure (RWD),Pure (RWD),4fa4753577807c2d,5x114.3,66.1,M12x1.25,45.00,45.00,"[""7.5x17""]","[""P225/55RF17""]",tgp_solutions,unknown,"""2026-05-07T21:45:59.143Z"""
560c906e-976d-40c0-85b8-39a16e2b5435,2018,Infiniti,Q50,Red Sport 400 (AWD),Red Sport 400 (AWD),ca52ca253408e8d5,5x114.3,66.1,M12x1.25,47.00,47.00,"[""9x19""]","[""P245/40RF19""]",tgp_solutions,unknown,"""2026-05-07T21:45:59.143Z"""
6c45d711-9e49-45bd-a22b-f27e7977542c,2018,Infiniti,Q50,Red Sport 400 (RWD) Front Red Sport 400 (RWD),Red Sport 400 (RWD) Front Red Sport 400 (RWD),5a408c0de87c0169,5x114.3,66.1,M12x1.25,47.00,47.00,"[""9x19""]","{""rear"":[],""front"":[""245/40R19"",""245/40RF19""]}",deprecated-staggered-split,unknown,"""2026-05-07T21:45:59.143Z"""
fa455074-7248-4639-85e0-164111c15e72,2018,Infiniti,Q50,Red Sport 400 (RWD) Rear Red Sport 400 (RWD),Red Sport 400 (RWD) Rear Red Sport 400 (RWD),536ef52981ceee5e,5x114.3,66.1,M12x1.25,50.00,50.00,"[""9.5x19""]","{""rear"":[""265/35R19"",""265/35RF19""],""front"":[]}",deprecated-staggered-split,unknown,"""2026-05-07T21:45:59.143Z"""
24ce5156-2e42-4bf8-99ef-bf42dca0e1cb,2018,Infiniti,Q50,Sport (AWD),Sport (AWD),c1159cba54d8b477,5x114.3,66.1,M12x1.25,50.00,50.00,"[""8.5x19""]","[""P245/40RF19""]",tgp_solutions,unknown,"""2026-05-07T21:45:59.143Z"""
74a5b943-0a0d-47e8-8589-cebfb0c53152,2018,Infiniti,Q50,Sport (RWD),Sport (RWD),7bf004baff803942,5x114.3,66.1,M12x1.25,50.00,50.00,"[""8.5x19""]","[""245/40RF19""]",tgp_solutions,unknown,"""2026-05-07T21:45:59.143Z"""
802e1dff-c2e5-4aba-9b92-0e982cb4fa9b,2018,Infiniti,Q60,Luxe,Luxe,e87d283f6056308b,5x114.3,66.1,M12x1.25,40.00,40.00,"[""9x19""]","[""P255/40RF19""]",tgp_solutions,unknown,"""2026-05-07T21:45:59.143Z"""
dc10420a-0faf-4b29-b75a-e5e54ba13a39,2018,Infiniti,Q60,Pure,Pure,4c9be9f531228422,5x114.3,66.1,M12x1.25,40.00,40.00,"[""9x19""]","[""P255/40RF19""]",tgp_solutions,unknown,"""2026-05-07T21:45:59.143Z"""
d7edd984-2c1e-453a-8d6f-6b8df8e78290,2018,Infiniti,Q60,Red Sport (AWD),Red Sport (AWD),81bc7558dd072818,5x114.3,66.1,M12x1.25,37.00,37.00,"[""9x20""]","[""P255/35R20""]",tgp_solutions,unknown,"""2026-05-07T21:45:59.143Z"""
9b2b732a-1e47-47c3-9878-192ba2106f67,2018,Infiniti,Q60,Red Sport (RWD) Front Red Sport (RWD),Red Sport (RWD) Front Red Sport (RWD),3135cb31b460f5fb,5x114.3,66.1,M12x1.25,37.00,37.00,"[""9x20""]","{""rear"":[],""front"":[""255/35R20""]}",deprecated-staggered-split,unknown,"""2026-05-07T21:45:59.143Z"""
2a609e69-ba20-475f-beae-6836390dfe57,2018,Infiniti,Q60,Red Sport (RWD) Rear Red Sport (RWD),Red Sport (RWD) Rear Red Sport (RWD),123a166ccaf6534a,5x114.3,66.1,M12x1.25,44.00,44.00,"[""9.5x20""]","{""rear"":[""275/30R20""],""front"":[]}",deprecated-staggered-split,unknown,"""2026-05-07T21:45:59.143Z"""
50b1446b-1501-4edf-b536-b1b4d07a29a9,2018,Infiniti,Q60,Sport (AWD),Sport (AWD),3ac71558db27c8fa,5x114.3,66.1,M12x1.25,37.00,37.00,"[""9x19""]","[""P255/40RF19""]",tgp_solutions,unknown,"""2026-05-07T21:45:59.143Z"""
9891750e-df69-4ce7-a2e7-ef4867e7711e,2018,Infiniti,Q60,Sport (RWD),Sport (RWD),536a6bcdb3cb726b,5x114.3,66.1,M12x1.25,37.00,37.00,"[""9x19""]","[""255/40RF19""]",tgp_solutions,unknown,"""2026-05-07T21:45:59.143Z"""
6bb7c7bf-6798-400f-8821-a4ce2a59b493,2018,Infiniti,Q70,3.7 Luxe,3.7 Luxe,bc02fa2690b21715,5x114.3,66.1,M12x1.25,43.00,43.00,"[""8x18"",""9x20""]","[""245/40R20"",""P245/50R18""]",tgp_solutions,unknown,"""2026-05-07T21:45:59.143Z"""
f4e572f4-8e99-4230-97c2-4817db636eff,2018,Infiniti,Q70,5.6 Luxe,5.6 Luxe,9ec9a8a3b2d205b1,5x114.3,66.1,M12x1.25,43.00,43.00,"[""8x18"",""9x20""]","[""245/40R20"",""P245/50R18""]",tgp_solutions,unknown,"""2026-05-07T21:45:59.143Z"""
1f323e52-5798-4dac-a005-fb1add8acf87,2018,Infiniti,Q70,Hybrid,Hybrid,ac65edfc8417ae49,5x114.3,66.1,M12x1.25,43.00,43.00,"[""8x18""]","[""P245/50R18""]",tgp_solutions,unknown,"""2026-05-07T21:45:59.143Z"""
1320f129-da9a-4907-ac1c-2937ec507482,2018,Infiniti,Q70L,3.7 Luxe,3.7 Luxe,59e01080274bac2a,5x114.3,66.1,M12x1.25,43.00,43.00,"[""8x18"",""9x20""]","[""245/40R20"",""P245/50R18""]",tgp_solutions,unknown,"""2026-05-07T21:45:59.143Z"""
b06c4f7f-ff35-4701-a0ad-62a07ddb2248,2018,Infiniti,Q70L,5.6 Luxe,5.6 Luxe,cb2cf07fb14cd669,5x114.3,66.1,M12x1.25,43.00,43.00,"[""8x18"",""9x20""]","[""245/40R20"",""P245/50R18""]",tgp_solutions,unknown,"""2026-05-07T21:45:59.143Z"""
5e381ee9-230d-4f66-a5cf-4b9e8d8c02c3,2018,Infiniti,QX30,Base,Base,919895cba76b843b,5x112,66.1,M12x1.25,41.00,41.00,"[""7x18""]","[""235/50R18""]",tgp_solutions,unknown,"""2026-05-07T21:45:59.143Z"""
56a022d2-ceae-4e5c-a6c8-0d4cb4caab22,2018,Infiniti,QX30,Luxury (AWD),Luxury (AWD),c2b0cf7aa28962a7,5x112,66.1,M12x1.25,41.00,41.00,"[""7x18""]","[""235/50R18""]",tgp_solutions,unknown,"""2026-05-07T21:45:59.143Z"""
8d495080-e63e-4e8d-8834-658b09e37beb,2018,Infiniti,QX30,Luxury (FWD),Luxury (FWD),a964aa81dd8e2f53,5x112,66.1,M12x1.25,41.00,41.00,"[""7x18""]","[""235/50R18""]",tgp_solutions,unknown,"""2026-05-07T21:45:59.143Z"""
c13e0386-1be6-482f-88c5-acb0b9568ccd,2018,Infiniti,QX30,Premium (AWD),Premium (AWD),5bf7f4992448b22a,5x112,66.1,M12x1.25,41.00,41.00,"[""7x18""]","[""235/50R18""]",tgp_solutions,unknown,"""2026-05-07T21:45:59.143Z"""
77a30ca5-1f71-4b25-a2b4-8615f5d10a84,2018,Infiniti,QX30,Premium (FWD),Premium (FWD),74df1202db25ef78,5x112,66.1,M12x1.25,50.00,50.00,"[""7x18"",""8x19""]","[""235/45R19"",""235/50R18""]",tgp_solutions,unknown,"""2026-05-07T21:45:59.143Z"""
5327afa3-3883-4e76-abed-3af87636072f,2018,Infiniti,QX30,Sport,Sport,0de66a781e161e88,5x112,66.1,M12x1.25,50.00,50.00,"[""7x18"",""8x19""]","[""235/45R19"",""235/50R18""]",tgp_solutions,unknown,"""2026-05-07T21:45:59.143Z"""
45c6df4d-926a-47de-b3fd-f465fe7aa97a,2018,Infiniti,QX60,Base,Base,092f5ace1f11eab1,5x114.3,66.1,M12x1.25,50.00,50.00,"[""7.5x18"",""7.5x20""]","[""235/55R20"",""235/65R18""]",tgp_solutions,unknown,"""2026-05-07T21:45:59.143Z"""
b986e00c-a929-40f6-b7d1-43ef954c58aa,2018,Infiniti,QX80,Base,Base,df7661ff6cb45d72,6x139.7,77.8,M14x1.50,30.00,30.00,"[""8x20"",""8x22""]","[""P275/50R22"",""P275/60R20""]",tgp_solutions,unknown,"""2026-05-07T21:45:59.143Z"""
0e87ce18-f958-43c7-86d3-560cf0f8f40b,2018,Jaguar,E-Pace,Base,Base,4a079f2f64bd4e88,5x108,63.4,,,,"[""7x17""]","[""225/65R17"",""235/65R17""]",tgp_solutions,unknown,"""2026-05-07T21:45:59.143Z"""
b1f92c7b-2447-449a-98f6-269003a2a806,2018,Jaguar,E-Pace,First Edition,First Edition,972118117d08ed06,5x108,63.4,,,,"[""8x20""]","[""245/45R20""]",tgp_solutions,unknown,"""2026-05-07T21:45:59.143Z"""
c902bdff-2d32-43b8-b3eb-5c0b051ea831,2018,Jaguar,E-Pace,R-Dynamic HSE,R-Dynamic HSE,7f3190bc3ec0d4f6,5x108,63.4,,,,"[""8x20"",""8x21""]","[""245/45R20"",""245/45R21""]",tgp_solutions,unknown,"""2026-05-07T21:45:59.143Z"""
30c7a76b-deb7-49f6-b373-0d3f3b636a9f,2018,Jaguar,E-Pace,R-Dynamic S,R-Dynamic S,3f7dffb95425820f,5x108,63.4,,,,"[""8x18"",""8x19"",""8x20"",""8x21""]","[""235/55R19"",""235/60R18"",""245/45R20"",""245/45R21""]",tgp_solutions,unknown,"""2026-05-07T21:45:59.143Z"""
10ba8aab-9d4b-45fc-9743-3dd8a61ab7ee,2018,Jaguar,E-Pace,R-Dynamic SE,R-Dynamic SE,cb268bb05401316b,5x108,63.4,,,,"[""8x19"",""8x20"",""8x21""]","[""235/55R19"",""245/45R20"",""245/45R21""]",tgp_solutions,unknown,"""2026-05-07T21:45:59.143Z"""
425ead1a-0d71-4cd8-bd70-06181a58eeb1,2018,Jaguar,E-Pace,S,S,05db7264a77819fc,5x108,63.4,,,,"[""8x18"",""8x19"",""8x20"",""8x21""]","[""235/55R19"",""235/60R18"",""245/45R20"",""245/45R21""]",tgp_solutions,unknown,"""2026-05-07T21:45:59.143Z"""
2f7b45c0-218d-422e-9d8f-b9a26d1f711d,2018,Jaguar,E-Pace,SE,SE,bfc81eb506d3a774,5x108,63.4,,,,"[""8x19"",""8x20"",""8x21""]","[""235/55R19"",""245/45R20"",""245/45R21""]",tgp_solutions,unknown,"""2026-05-07T21:45:59.143Z"""
f421be20-da16-4957-b871-fadb0afe2dc0,2018,Jaguar,F-Pace,25t,25t,6f629f885c2c3101,5x108,63.4,M14x1.50,45.00,45.00,"[""7.5x18""]","[""255/60R18""]",tgp_solutions,unknown,"""2026-05-07T21:45:59.143Z"""
0db3ed61-f7cc-47bc-9b30-642d943d9385,2018,Jaguar,F-Pace,Portfolio,Portfolio,b2578b3f8c1d757e,5x108,63.4,M14x1.50,45.00,45.00,"[""8.5x20"",""9x22""]","[""255/50R20"",""265/40R22""]",tgp_solutions,unknown,"""2026-05-07T21:45:59.143Z"""
a6ea1199-cc10-444e-a138-27322cce9be1,2018,Jaguar,F-Pace,Premium 20d,Premium 20d,82cd51504905c7c8,5x108,63.4,M14x1.50,45.00,45.00,"[""8.5x19"",""8.5x20""]","[""255/50R20"",""255/55R19""]",tgp_solutions,unknown,"""2026-05-07T21:45:59.143Z"""
d2415296-9369-4ce3-8626-936ea6c97542,2018,Jaguar,F-Pace,Premium 25t,Premium 25t,c6ebeb5b27866ead,5x108,63.4,M14x1.50,45.00,45.00,"[""8.5x19"",""8.5x20""]","[""255/50R20"",""255/55R19""]",tgp_solutions,unknown,"""2026-05-07T21:45:59.143Z"""
4bdbda2f-fdb9-45f6-9aca-bfbca4cebd98,2018,Jaguar,F-Pace,Premium 30t,Premium 30t,6640d2c87d489ddb,5x108,63.4,M14x1.50,45.00,45.00,"[""8.5x19"",""8.5x20""]","[""255/50R20"",""255/55R19""]",tgp_solutions,unknown,"""2026-05-07T21:45:59.143Z"""
1aa49d1b-e9a7-453d-ac08-17969c9dbd1f,2018,Jaguar,F-Pace,Premium 35t,Premium 35t,904e7451174c177e,5x108,63.4,M14x1.50,45.00,45.00,"[""8.5x19"",""8.5x20""]","[""255/50R20"",""255/55R19""]",tgp_solutions,unknown,"""2026-05-07T21:45:59.143Z"""
81e5a17e-e8b8-43d6-b696-f56525d8f3c0,2018,Jaguar,F-Pace,Prestige 20d,Prestige 20d,9729153367957e72,5x108,63.4,M14x1.50,45.00,45.00,"[""8.5x19"",""8.5x20"",""9x22""]","[""255/50R20"",""255/55R19"",""265/40R22""]",tgp_solutions,unknown,"""2026-05-07T21:45:59.143Z"""
cd213506-5bae-44c2-9d06-6b6f45ce3b63,2018,Jaguar,F-Pace,Prestige 25t,Prestige 25t,7b55117ac179752b,5x108,63.4,M14x1.50,45.00,45.00,"[""8.5x19"",""8.5x20"",""9x22""]","[""255/50R20"",""255/55R19"",""265/40R22""]",tgp_solutions,unknown,"""2026-05-07T21:45:59.143Z"""
69587446-830c-498d-be08-94cb92887e9e,2018,Jaguar,F-Pace,Prestige 30t,Prestige 30t,4f6df68d70fd1810,5x108,63.4,M14x1.50,45.00,45.00,"[""8.5x19"",""8.5x20"",""9x22""]","[""255/50R20"",""255/55R19"",""265/40R22""]",tgp_solutions,unknown,"""2026-05-07T21:45:59.143Z"""
1ac61f34-afe7-4a57-a0d7-4d53987b01ed,2018,Jaguar,F-Pace,Prestige 35t,Prestige 35t,ef0fcb2cb43fb873,5x108,63.4,M14x1.50,45.00,45.00,"[""8.5x19"",""8.5x20"",""9x22""]","[""255/50R20"",""255/55R19"",""265/40R22""]",tgp_solutions,unknown,"""2026-05-07T21:45:59.143Z"""
245bd8f1-c579-49cc-b4a7-3d9d0e18b3e7,2018,Jaguar,F-Pace,R-Sport 20d,R-Sport 20d,b918b7639978944b,5x108,63.4,M14x1.50,45.00,45.00,"[""8.5x20"",""9x22""]","[""255/50R20"",""265/40R22""]",tgp_solutions,unknown,"""2026-05-07T21:45:59.143Z"""
39cce22f-b3e2-4b1f-83d2-c05e3eb7334f,2018,Jaguar,F-Pace,R-Sport 25t,R-Sport 25t,944bc90f77a210c7,5x108,63.4,M14x1.50,45.00,45.00,"[""8.5x20"",""9x22""]","[""255/50R20"",""265/40R22""]",tgp_solutions,unknown,"""2026-05-07T21:45:59.143Z"""
f680fe8c-73a8-461a-bff2-140eb7fa34c7,2018,Jaguar,F-Pace,R-Sport 30t,R-Sport 30t,40612183a43c8203,5x108,63.4,M14x1.50,45.00,45.00,"[""8.5x20"",""9x22""]","[""255/50R20"",""265/40R22""]",tgp_solutions,unknown,"""2026-05-07T21:45:59.143Z"""
ddb447fd-f860-45e7-a2f4-711d6218ce11,2018,Jaguar,F-Pace,R-Sport 35t,R-Sport 35t,51a0ca4838cae390,5x108,63.4,M14x1.50,45.00,45.00,"[""8.5x20"",""9x22""]","[""255/50R20"",""265/40R22""]",tgp_solutions,unknown,"""2026-05-07T21:45:59.143Z"""
7548f37f-b97d-422a-846e-d51f8e32ced6,2018,Jaguar,F-Pace,S,S,df0e7e9236f3c37c,5x108,63.4,M14x1.50,45.00,45.00,"[""8.5x20"",""9x22""]","[""255/50R20"",""265/40R22""]",tgp_solutions,unknown,"""2026-05-07T21:45:59.143Z"""
884ab311-a440-45b9-b1e6-be34d80ab284,2018,Jaguar,F-Type,400 Sport Front 400 Sport,400 Sport Front 400 Sport,aa2de92974c95cec,5x108,63.4,M12x1.50,49.00,49.00,"[""9x20""]","{""rear"":[],""front"":[""255/35ZR20""]}",deprecated-staggered-split,unknown,"""2026-05-07T21:45:59.143Z"""
8aa7f687-feca-42ad-b513-8e03edfc390d,2018,Jaguar,F-Type,400 Sport Rear 400 Sport,400 Sport Rear 400 Sport,178ef9306a984a4d,5x108,63.4,M12x1.50,49.00,49.00,"[""10.5x20""]","{""rear"":[""295/30ZR20""],""front"":[]}",deprecated-staggered-split,unknown,"""2026-05-07T21:45:59.143Z"""
b27307d6-5b2c-40c7-aee5-c632ca637ad5,2018,Jaguar,F-Type,Base Front Base,Base Front Base,188eda254faf0a4a,5x108,63.4,M12x1.50,49.00,49.00,"[""8.5x18"",""8.5x19"",""9x20""]","{""rear"":[],""front"":[""245/40ZR19"",""245/45R18"",""255/35ZR20""]}",deprecated-staggered-split,unknown,"""2026-05-07T21:45:59.143Z"""
3513e63b-514a-4094-bd09-a18694549300,2018,Jaguar,F-Type,Base Rear Base,Base Rear Base,4913f25ff2e6ba22,5x108,63.4,M12x1.50,49.00,49.00,"[""10.5x20"",""9.5x18"",""9.5x19""]","{""rear"":[""275/35ZR19"",""275/40R18"",""295/30ZR20""],""front"":[]}",deprecated-staggered-split,unknown,"""2026-05-07T21:45:59.143Z"""
410bc6fa-35b0-4bed-a51d-1fd0dfd89b97,2018,Jaguar,F-Type,R Front R,R Front R,91b334a4327361ef,5x108,63.4,M12x1.50,49.00,49.00,"[""9x20""]","{""rear"":[],""front"":[""255/35ZR20""]}",deprecated-staggered-split,unknown,"""2026-05-07T21:45:59.143Z"""
e63cf2d8-f8fc-42df-a9a3-5c955ad67ae3,2018,Jaguar,F-Type,R Rear R,R Rear R,2d799a787e551ed3,5x108,63.4,M12x1.50,49.00,49.00,"[""10.5x20""]","{""rear"":[""295/30ZR20""],""front"":[]}",deprecated-staggered-split,unknown,"""2026-05-07T21:45:59.143Z"""
32731917-e24d-4783-9523-8c6f1f1716d3,2018,Jaguar,F-Type,R-Dynamic Front R-Dynamic,R-Dynamic Front R-Dynamic,80d947609869e9bb,5x108,63.4,M12x1.50,49.00,49.00,"[""8.5x19"",""9x20""]","{""rear"":[],""front"":[""245/40ZR19"",""255/35ZR20""]}",deprecated-staggered-split,unknown,"""2026-05-07T21:45:59.143Z"""
0531253e-4a1b-4c5e-b5a5-8baf74cc18b8,2018,Jaguar,F-Type,R-Dynamic Rear R-Dynamic,R-Dynamic Rear R-Dynamic,c0a1d09aa23a2ee2,5x108,63.4,M12x1.50,49.00,49.00,"[""10.5x20"",""9.5x19""]","{""rear"":[""275/35ZR19"",""295/30ZR20""],""front"":[]}",deprecated-staggered-split,unknown,"""2026-05-07T21:45:59.143Z"""
676fef15-8cbd-4143-810b-c75e970d4a6c,2018,Jaguar,F-Type,SVR Front SVR,SVR Front SVR,ee248d4d49d55c84,5x108,63.4,M12x1.50,49.00,49.00,"[""9x20""]","{""rear"":[],""front"":[""265/35ZR20""]}",deprecated-staggered-split,unknown,"""2026-05-07T21:45:59.143Z"""
a05ec234-e5f1-4680-993f-52ff0a2a1ad0,2018,Jaguar,F-Type,SVR Rear SVR,SVR Rear SVR,fc511c449cef5c83,5x108,63.4,M12x1.50,49.00,49.00,"[""10.5x20""]","{""rear"":[""305/30ZR20""],""front"":[]}",deprecated-staggered-split,unknown,"""2026-05-07T21:45:59.143Z"""
4558be41-82ef-4279-b6e1-74dd734a1f1a,2018,Jaguar,XE,20d,20d,ec2d6312e5370f67,5x108,63.5,M12x1.50,45.00,45.00,"[""7x17""]","[""225/50R17""]",tgp_solutions,unknown,"""2026-05-07T21:45:59.143Z"""
0959a1e8-62c7-4c66-9085-3a8c8cc1c9b0,2018,Jaguar,XE,25t,25t,62bc7819f7fc1b95,5x108,63.5,M12x1.50,45.00,45.00,"[""7x17""]","[""225/50R17""]",tgp_solutions,unknown,"""2026-05-07T21:45:59.143Z"""
208540eb-52fd-4bc0-a705-0302bad27d8d,2018,Jaguar,XE,30t,30t,2839dbb37ab3d74b,5x108,63.5,M12x1.50,45.00,45.00,"[""7x17""]","[""225/50R17""]",tgp_solutions,unknown,"""2026-05-07T21:45:59.143Z"""
c635c753-04c5-4d53-805f-5d5d8682ad00,2018,Jaguar,XE,Portfolio,Portfolio,0fc196ff08f07275,5x108,63.5,M12x1.50,45.00,45.00,"[""7.5x18""]","[""225/45R18""]",tgp_solutions,unknown,"""2026-05-07T21:45:59.143Z"""
8e2cf565-e456-46c4-821f-a0653003d7dc,2018,Jaguar,XE,Portfolio Front Portfolio,Portfolio Front Portfolio,532136522500c3a0,5x108,63.5,M12x1.50,45.00,45.00,"[""7.5x19""]","{""rear"":[],""front"":[""225/40R19""]}",deprecated-staggered-split,unknown,"""2026-05-07T21:45:59.143Z"""
d01ed574-ab28-4309-8030-87bbcc469393,2018,Jaguar,XE,Portfolio Rear Portfolio,Portfolio Rear Portfolio,c8c63c6f2739dd8b,5x108,63.5,M12x1.50,45.00,45.00,"[""8.5x19""]","{""rear"":[""255/35R19""],""front"":[]}",deprecated-staggered-split,unknown,"""2026-05-07T21:45:59.143Z"""
7d44647a-0c86-494a-b203-44ed2697d85e,2018,Jaguar,XE,Premium 20d,Premium 20d,539854251fc30982,5x108,63.5,M12x1.50,45.00,45.00,"[""7.5x18"",""7x17""]","[""225/45R18"",""225/50R17""]",tgp_solutions,unknown,"""2026-05-07T21:45:59.143Z"""
cf6295e1-e5b6-4191-9e7d-1ea0e3720a1f,2018,Jaguar,XE,Premium 25t,Premium 25t,e862d203ef17669d,5x108,63.5,M12x1.50,45.00,45.00,"[""7.5x18"",""7x17""]","[""225/45R18"",""225/50R17""]",tgp_solutions,unknown,"""2026-05-07T21:45:59.143Z"""
5246c736-5fd5-409c-ae13-30ba6d5dc6a8,2018,Jaguar,XE,Premium 30t Front Premium 30t,Premium 30t Front Premium 30t,d0b1f7eb8adf3c93,5x108,63.5,M12x1.50,45.00,45.00,"[""7.5x18"",""7.5x19""]","{""rear"":[],""front"":[""225/40R19"",""225/45R18""]}",deprecated-staggered-split,unknown,"""2026-05-07T21:45:59.143Z"""
7e20e5a3-d8b3-43f4-8653-0175c3f42cc1,2018,Jaguar,XE,Premium 30t Rear Premium 30t,Premium 30t Rear Premium 30t,9716b1057e43d0ce,5x108,63.5,M12x1.50,45.00,45.00,"[""8.5x18"",""8.5x19""]","{""rear"":[""245/40R18"",""255/35R19""],""front"":[]}",deprecated-staggered-split,unknown,"""2026-05-07T21:45:59.143Z"""
9a728023-df46-4e91-a717-92968510d8de,2018,Jaguar,XE,Premium 35t Front Premium 35t,Premium 35t Front Premium 35t,501a284df20812ba,5x108,63.5,M12x1.50,45.00,45.00,"[""7.5x18"",""7.5x19""]","{""rear"":[],""front"":[""225/40R19"",""225/45R18""]}",deprecated-staggered-split,unknown,"""2026-05-07T21:45:59.143Z"""
585de938-5ac0-4c2c-a266-fcfd9ff72b60,2018,Jaguar,XE,Premium 35t Rear Premium 35t,Premium 35t Rear Premium 35t,37023a5dc36618a8,5x108,63.5,M12x1.50,45.00,45.00,"[""8.5x18"",""8.5x19""]","{""rear"":[""245/40R18"",""255/35R19""],""front"":[]}",deprecated-staggered-split,unknown,"""2026-05-07T21:45:59.143Z"""
1fd5e884-f733-4dc2-873c-3b77ac451aa2,2018,Jaguar,XE,Prestige 20d,Prestige 20d,cac982a3a005f21f,5x108,63.5,M12x1.50,45.00,45.00,"[""7.5x18""]","[""225/45R18""]",tgp_solutions,unknown,"""2026-05-07T21:45:59.143Z"""
8e0ec589-20ed-475a-be88-22a92b91dfa8,2018,Jaguar,XE,Prestige 20d Front Prestige 20d,Prestige 20d Front Prestige 20d,05a4b6916599ab5e,5x108,63.5,M12x1.50,45.00,45.00,"[""7.5x19""]","{""rear"":[],""front"":[""225/40R19""]}",deprecated-staggered-split,unknown,"""2026-05-07T21:45:59.143Z"""
8aae9ee9-dc8d-4f37-ab84-44d0214f16ec,2018,Jaguar,XE,Prestige 20d Rear Prestige 20d,Prestige 20d Rear Prestige 20d,a5b68e83c766d031,5x108,63.5,M12x1.50,45.00,45.00,"[""8.5x19""]","{""rear"":[""255/35R19""],""front"":[]}",deprecated-staggered-split,unknown,"""2026-05-07T21:45:59.143Z"""
0aa1d2b3-ab17-450a-b7e6-b3089049133a,2018,Jaguar,XE,Prestige 25t,Prestige 25t,b8c08a98ceb53f66,5x108,63.5,M12x1.50,45.00,45.00,"[""7.5x18""]","[""225/45R18""]",tgp_solutions,unknown,"""2026-05-07T21:45:59.143Z"""
dc065283-a676-479e-a12c-a15c5fb7319e,2018,Jaguar,XE,Prestige 25t Front Prestige 25t,Prestige 25t Front Prestige 25t,44ee1de110213f27,5x108,63.5,M12x1.50,45.00,45.00,"[""7.5x19""]","{""rear"":[],""front"":[""225/40R19""]}",deprecated-staggered-split,unknown,"""2026-05-07T21:45:59.143Z"""
64e91b85-1557-47db-a926-083e3172f25d,2018,Jaguar,XE,Prestige 25t Rear Prestige 25t,Prestige 25t Rear Prestige 25t,36bf32e0c617f1c5,5x108,63.5,M12x1.50,45.00,45.00,"[""8.5x19""]","{""rear"":[""255/35R19""],""front"":[]}",deprecated-staggered-split,unknown,"""2026-05-07T21:45:59.143Z"""
842841b6-217c-479d-9aec-7086f03deccb,2018,Jaguar,XE,Prestige 30t Front Prestige 30t,Prestige 30t Front Prestige 30t,94b90b2032ee82be,5x108,63.5,M12x1.50,45.00,45.00,"[""7.5x19""]","{""rear"":[],""front"":[""225/40R19""]}",deprecated-staggered-split,unknown,"""2026-05-07T21:45:59.143Z"""
15bce1c7-004f-42a9-b7a9-8bc2d6cfb14c,2018,Jaguar,XE,Prestige 30t Rear Prestige 30t,Prestige 30t Rear Prestige 30t,1ca6d63fa9d048f7,5x108,63.5,M12x1.50,45.00,45.00,"[""8.5x19""]","{""rear"":[""255/35R19""],""front"":[]}",deprecated-staggered-split,unknown,"""2026-05-07T21:45:59.143Z"""
e4211ae5-8463-4ca8-adc5-d8feaf8c11dc,2018,Jaguar,XE,Prestige 35t Front Prestige 35t,Prestige 35t Front Prestige 35t,9e12917aa853362b,5x108,63.5,M12x1.50,45.00,45.00,"[""7.5x19""]","{""rear"":[],""front"":[""225/40R19""]}",deprecated-staggered-split,unknown,"""2026-05-07T21:45:59.143Z"""
e68d74c9-fa7f-48e9-b804-03f991f042d6,2018,Jaguar,XE,Prestige 35t Rear Prestige 35t,Prestige 35t Rear Prestige 35t,de414ae289094c89,5x108,63.5,M12x1.50,45.00,45.00,"[""8.5x19""]","{""rear"":[""255/35R19""],""front"":[]}",deprecated-staggered-split,unknown,"""2026-05-07T21:45:59.143Z"""
7b45ef0a-1800-483c-a49a-f828f50897f7,2018,Jaguar,XE,R-Sport 20d,R-Sport 20d,4b9be9a07a42ac49,5x108,63.5,M12x1.50,45.00,45.00,"[""7.5x18""]","[""225/45R18""]",tgp_solutions,unknown,"""2026-05-07T21:45:59.143Z"""
83c39642-fc77-4332-b6f1-92e2db75e02a,2018,Jaguar,XE,R-Sport 20d Front R-Sport 20d,R-Sport 20d Front R-Sport 20d,7c88fe263574c976,5x108,63.5,M12x1.50,45.00,45.00,"[""7.5x19""]","{""rear"":[],""front"":[""225/40R19""]}",deprecated-staggered-split,unknown,"""2026-05-07T21:45:59.143Z"""
157976f9-6935-4a1d-b74f-671a6ee86154,2018,Jaguar,XE,R-Sport 20d Rear R-Sport 20d,R-Sport 20d Rear R-Sport 20d,55ae788ca512e205,5x108,63.5,M12x1.50,45.00,45.00,"[""8.5x19""]","{""rear"":[""255/35R19""],""front"":[]}",deprecated-staggered-split,unknown,"""2026-05-07T21:45:59.143Z"""
977c894e-1a62-47f1-840a-f1dd151e0eea,2018,Jaguar,XE,R-Sport 25t Front R-Sport 25t,R-Sport 25t Front R-Sport 25t,ffcd18575420ad7b,5x108,63.5,M12x1.50,45.00,45.00,"[""7.5x19"",""8x20""]","{""rear"":[],""front"":[""225/40R19"",""235/35R20""]}",deprecated-staggered-split,unknown,"""2026-05-07T21:45:59.143Z"""
8cf1be20-4941-47c5-be22-77a1fc14af58,2018,Jaguar,XE,R-Sport 25t Rear R-Sport 25t,R-Sport 25t Rear R-Sport 25t,a1876b4401f55165,5x108,63.5,M12x1.50,45.00,45.00,"[""8.5x19"",""9x20""]","{""rear"":[""255/35R19"",""265/30R20""],""front"":[]}",deprecated-staggered-split,unknown,"""2026-05-07T21:45:59.143Z"""
bbeb2999-6575-4eb8-9d6d-a399625cf305,2018,Jaguar,XE,R-Sport 30t Front R-Sport 30t,R-Sport 30t Front R-Sport 30t,3ca89f21ac1807ed,5x108,63.5,M12x1.50,45.00,45.00,"[""7.5x19"",""8x20""]","{""rear"":[],""front"":[""225/40R19"",""235/35R20""]}",deprecated-staggered-split,unknown,"""2026-05-07T21:45:59.143Z"""
86bef4ae-5d96-461d-a710-d0fad6cdf027,2018,Jaguar,XE,R-Sport 30t Rear R-Sport 30t,R-Sport 30t Rear R-Sport 30t,8e40e1dff6161ff9,5x108,63.5,M12x1.50,45.00,45.00,"[""8.5x19"",""9x20""]","{""rear"":[""255/35R19"",""265/30R20""],""front"":[]}",deprecated-staggered-split,unknown,"""2026-05-07T21:45:59.143Z"""
741f9bbd-be0d-49de-9e33-d76d904b61c5,2018,Jaguar,XE,R-Sport 35t Front R-Sport 35t,R-Sport 35t Front R-Sport 35t,3d75e41c3e33af7f,5x108,63.5,M12x1.50,45.00,45.00,"[""7.5x19"",""8x20""]","{""rear"":[],""front"":[""225/40R19"",""235/35R20""]}",deprecated-staggered-split,unknown,"""2026-05-07T21:45:59.143Z"""
31644a0d-3a12-410d-9282-930589b355b7,2018,Jaguar,XE,R-Sport 35t Rear R-Sport 35t,R-Sport 35t Rear R-Sport 35t,200f7d1b49a44a78,5x108,63.5,M12x1.50,45.00,45.00,"[""8.5x19"",""9x20""]","{""rear"":[""255/35R19"",""265/30R20""],""front"":[]}",deprecated-staggered-split,unknown,"""2026-05-07T21:45:59.143Z"""
369f64c8-0307-46ac-b506-b6f74da4cbed,2018,Jaguar,XE,S,S,adae353f72d2bae0,5x108,63.5,M12x1.50,45.00,45.00,"[""7.5x18""]","[""225/45R18""]",tgp_solutions,unknown,"""2026-05-07T21:45:59.143Z"""
5279d27a-a18e-4fc3-88c0-247f846837e8,2018,Jaguar,XE,S Front S,S Front S,7cbe77ec6d76f9a4,5x108,63.5,M12x1.50,45.00,45.00,"[""7.5x19"",""8x20""]","{""rear"":[],""front"":[""225/40R19"",""235/35R20""]}",deprecated-staggered-split,unknown,"""2026-05-07T21:45:59.143Z"""
53db38e1-ab87-45f1-92a6-861368e27886,2018,Jaguar,XE,S Rear S,S Rear S,6d62fb495e1d490e,5x108,63.5,M12x1.50,45.00,45.00,"[""8.5x19"",""9x20""]","{""rear"":[""255/35R19"",""265/30R20""],""front"":[]}",deprecated-staggered-split,unknown,"""2026-05-07T21:45:59.143Z"""
a7adef64-5932-4d9b-9758-1b2a5f2ad497,2018,Jaguar,XF,Base,Base,3d08b0ebbb03e267,5x108,63.5,M12x1.50,45.00,45.00,"[""8x18""]","[""245/45R18""]",tgp_solutions,unknown,"""2026-05-07T21:45:59.143Z"""
4eb69e3e-9781-41dd-a854-c46663e832a6,2018,Jaguar,XF,Portfolio,Portfolio,a7653f409f6e10c6,5x108,63.5,M12x1.50,45.00,45.00,"[""8.5x20"",""8x19""]","[""245/40R19"",""255/35R20""]",tgp_solutions,unknown,"""2026-05-07T21:45:59.143Z"""
4fc3052e-9867-46f8-a43b-db13c70ec6b3,2018,Jaguar,XF,Premium,Premium,bc4ae405bc005053,5x108,63.5,M12x1.50,45.00,45.00,"[""8x18""]","[""245/45R18""]",tgp_solutions,unknown,"""2026-05-07T21:45:59.143Z"""
026bf463-e832-4ef7-97d4-3da80283382e,2018,Jaguar,XF,Prestige,Prestige,9067040e92defdd3,5x108,63.5,M12x1.50,45.00,45.00,"[""8.5x20"",""8x19""]","[""245/40R19"",""255/35R20""]",tgp_solutions,unknown,"""2026-05-07T21:45:59.143Z"""
5e09d4f7-0441-470a-992f-608be951c7a5,2018,Jaguar,XF,R-Sport,R-Sport,9003bd6f3a3c3980,5x108,63.5,M12x1.50,45.00,45.00,"[""8.5x20"",""8x19""]","[""245/40R19"",""255/35R20""]",tgp_solutions,unknown,"""2026-05-07T21:45:59.143Z"""
d25bb503-24d6-4a10-bf1d-f48f20d76c18,2018,Jaguar,XF,S,S,c43068edc5944a6d,5x108,63.5,M12x1.50,45.00,45.00,"[""8.5x20""]","[""255/35R20""]",tgp_solutions,unknown,"""2026-05-07T21:45:59.143Z"""
7b32f59c-8854-40b0-8f59-93807772d796,2018,Jaguar,XF,Sportbrake First Edition,Sportbrake First Edition,1c4e48093d633b41,5x108,63.5,M12x1.50,45.00,45.00,"[""8.5x20""]","[""255/35R20""]",tgp_solutions,unknown,"""2026-05-07T21:45:59.143Z"""
44655ed2-5149-41cb-aef2-ca084bd49597,2018,Jaguar,XF,Sportbrake S,Sportbrake S,0bab49f9544201f7,5x108,63.5,M12x1.50,45.00,45.00,"[""8.5x20""]","[""255/35R20""]",tgp_solutions,unknown,"""2026-05-07T21:45:59.143Z"""
e88ebf17-832b-4649-bfc3-492e76dc0b3c,2018,Jaguar,XJ,L Portfolio Front L Portfolio,L Portfolio Front L Portfolio,dde7e3356bed4960,5x108,63.5,M12x1.50,49.00,49.00,"[""9x19"",""9x20""]","{""rear"":[],""front"":[""245/40ZR20"",""245/45ZR19"",""P245/45R19""]}",deprecated-staggered-split,unknown,"""2026-05-07T21:45:59.143Z"""
c92aa2eb-8d04-4502-b91d-98e6d991c4b2,2018,Jaguar,XJ,L Portfolio Rear L Portfolio,L Portfolio Rear L Portfolio,6f7cae34c2390a95,5x108,63.5,M12x1.50,46.00,46.00,"[""10x19"",""10x20""]","{""rear"":[""275/35ZR20"",""275/40ZR19"",""P275/40R19""],""front"":[]}",deprecated-staggered-split,unknown,"""2026-05-07T21:45:59.143Z"""
5ca2ac24-75a9-476b-8980-6d76a5b08d43,2018,Jaguar,XJ,L Supercharged Front L Supercharged,L Supercharged Front L Supercharged,13a3b37048861949,5x108,63.5,M12x1.50,49.00,49.00,"[""9x20""]","{""rear"":[],""front"":[""245/40ZR20""]}",deprecated-staggered-split,unknown,"""2026-05-07T21:45:59.143Z"""
dbc745a1-de24-43b2-b35f-f0fdababee2f,2018,Jaguar,XJ,L Supercharged Rear L Supercharged,L Supercharged Rear L Supercharged,c35d7574c067fe5b,5x108,63.5,M12x1.50,46.00,46.00,"[""10x20""]","{""rear"":[""275/35ZR20""],""front"":[]}",deprecated-staggered-split,unknown,"""2026-05-07T21:45:59.143Z"""
dfc0824b-f86e-4646-a45f-03a4c4c4ad6d,2018,Jaguar,XJ,R-Sport Front R-Sport,R-Sport Front R-Sport,8d0b67e88be1d0f0,5x108,63.5,M12x1.50,49.00,49.00,"[""9x19"",""9x20""]","{""rear"":[],""front"":[""245/40ZR20"",""245/45ZR19"",""P245/45R19""]}",deprecated-staggered-split,unknown,"""2026-05-07T21:45:59.143Z"""
9d88af5e-9d4e-4b8c-ad39-90d9d4d41d48,2018,Jaguar,XJ,R-Sport Rear R-Sport,R-Sport Rear R-Sport,a6e71e5f38bf1a87,5x108,63.5,M12x1.50,46.00,46.00,"[""10x19"",""10x20""]","{""rear"":[""275/35ZR20"",""275/40ZR19"",""P275/40R19""],""front"":[]}",deprecated-staggered-split,unknown,"""2026-05-07T21:45:59.143Z"""
e5067d21-79d3-460f-921d-31e4672a28b0,2018,Jaguar,XJ,Supercharged Front Supercharged,Supercharged Front Supercharged,3762ba50e21b5c6e,5x108,63.5,M12x1.50,49.00,49.00,"[""9x20""]","{""rear"":[],""front"":[""245/40ZR20""]}",deprecated-staggered-split,unknown,"""2026-05-07T21:45:59.143Z"""
a6d904f7-5e3d-4754-b81f-7b2f661ea34d,2018,Jaguar,XJ,Supercharged Rear Supercharged,Supercharged Rear Supercharged,b067b0814584e896,5x108,63.5,M12x1.50,46.00,46.00,"[""10x20""]","{""rear"":[""275/35ZR20""],""front"":[]}",deprecated-staggered-split,unknown,"""2026-05-07T21:45:59.143Z"""
51fd6ed2-ec81-46c5-a81e-3a13b03de91f,2018,Jaguar,XJR575,Base Front Base,Base Front Base,dfae85242b6abc50,5x108,63.5,M12x1.50,49.00,49.00,"[""9x20""]","{""rear"":[],""front"":[""265/35ZR20""]}",deprecated-staggered-split,unknown,"""2026-05-07T21:45:59.143Z"""
4f42e223-1662-46ae-b058-cd02a36025e1,2018,Jaguar,XJR575,Base Rear Base,Base Rear Base,954da7eb66e8228f,5x108,63.5,M12x1.50,46.00,46.00,"[""10x20""]","{""rear"":[""295/30ZR20""],""front"":[]}",deprecated-staggered-split,unknown,"""2026-05-07T21:45:59.143Z"""
072f8c73-a3e4-402e-b77c-8ccf6f86b7f8,2018,Jeep,Cherokee,Latitude 4x2,Latitude 4x2,7f8f816fbc45a16b,5x110,65.1,M12x1.25B,41.00,41.00,"[""7x17"",""7x18""]","[""225/55R18"",""225/60R17""]",tgp_solutions,unknown,"""2026-05-07T21:45:59.143Z"""
19fcd8de-9f4f-4d3c-83da-34dea0f1b5de,2018,Jeep,Cherokee,Latitude 4x4,Latitude 4x4,47172090a9f7dd94,5x110,65.1,M12x1.25B,41.00,41.00,"[""7x17"",""7x18""]","[""225/60R18"",""225/65R17""]",tgp_solutions,unknown,"""2026-05-07T21:45:59.143Z"""
a4780307-cf7a-484f-aa90-af651ae8d01c,2018,Jeep,Cherokee,Latitude Plus 4x2,Latitude Plus 4x2,fcdb98b6cba67e2b,5x110,65.1,M12x1.25B,41.00,41.00,"[""7x17""]","[""225/60R17""]",tgp_solutions,unknown,"""2026-05-07T21:45:59.143Z"""
d4bd8a69-6910-4700-86f1-372aff652065,2018,Jeep,Cherokee,Latitude Plus 4x4,Latitude Plus 4x4,dd8676f3fb5687bf,5x110,65.1,M12x1.25B,41.00,41.00,"[""7x17""]","[""225/65R17""]",tgp_solutions,unknown,"""2026-05-07T21:45:59.143Z"""
90ca7d12-ac14-45e6-b9b6-eda010120db2,2018,Jeep,Cherokee,Limited 4x2,Limited 4x2,af1a379eaaddbded,5x110,65.1,M12x1.25B,41.00,41.00,"[""7x18""]","[""225/55R18""]",tgp_solutions,unknown,"""2026-05-07T21:45:59.143Z"""
3bd01bed-4e0c-4147-b80f-759bac8bc453,2018,Jeep,Cherokee,Limited 4x4,Limited 4x4,85a5660061866cc6,5x110,65.1,M12x1.25B,41.00,41.00,"[""7x18""]","[""225/60R18""]",tgp_solutions,unknown,"""2026-05-07T21:45:59.143Z"""
36e1b7a3-e95d-480e-b95f-7768d56062a9,2018,Jeep,Cherokee,Overland 4x2,Overland 4x2,6b418cf4d05dd96c,5x110,65.1,M12x1.25B,41.00,41.00,"[""7x18""]","[""225/55R18""]",tgp_solutions,unknown,"""2026-05-07T21:45:59.143Z"""
65a93235-911c-47b5-acee-7a2e7f9e508a,2018,Jeep,Cherokee,Overland 4x4,Overland 4x4,2a1dd7df0ab95b7e,5x110,65.1,M12x1.25B,41.00,41.00,"[""7x18""]","[""225/60R18""]",tgp_solutions,unknown,"""2026-05-07T21:45:59.143Z"""
eec7985b-ae9a-4a2f-ae5c-1dbb8578b32c,2018,Jeep,Cherokee,Trailhawk,Trailhawk,b8fbe3082a1be5dc,5x110,65.1,M12x1.25B,41.00,41.00,"[""7.5x17""]","[""P245/65R17""]",tgp_solutions,unknown,"""2026-05-07T21:45:59.143Z"""
8c942369-282b-4c01-8e91-d31eb1081941,2018,Jeep,Compass,Latitude,Latitude,173ac64f15f1045d,5x110,65.1,M12x1.25B,40.00,40.00,"[""7x17"",""7x18""]","[""225/55R18"",""225/60R17""]",tgp_solutions,unknown,"""2026-05-07T21:45:59.143Z"""
0f612c2d-1d62-4e4b-978f-29fd360db140,2018,Jeep,Compass,Limited,Limited,f5e9c253a6b0c6a6,5x110,65.1,M12x1.25B,40.00,40.00,"[""7.5x19"",""7x18""]","[""225/55R18"",""235/45R19""]",tgp_solutions,unknown,"""2026-05-07T21:45:59.143Z"""
373d9587-abb8-4ebe-b46a-7b66bcb8e736,2018,Jeep,Compass,Sport,Sport,39db8030349358d2,5x110,65.1,M12x1.25B,40.00,40.00,"[""6.5x16""]","[""215/65R16""]",tgp_solutions,unknown,"""2026-05-07T21:45:59.143Z"""
2080e574-63db-4c24-921b-8c52343797d8,2018,Jeep,Compass,Trailhawk,Trailhawk,58c08e03496f0cb9,5x110,65.1,M12x1.25B,40.00,40.00,"[""6.5x17""]","[""215/65R17""]",tgp_solutions,unknown,"""2026-05-07T21:45:59.143Z"""
16194606-d554-4000-b158-4eca7ebbe01e,2018,Jeep,Grand Cherokee,Altitude,Altitude,e6991dcdb6c0dab0,5x127,71.5,M14x1.50,56.40,56.40,"[""8x20""]","[""265/50R20""]",tgp_solutions,unknown,"""2026-05-07T21:45:59.143Z"""
2538e54b-200d-4c9e-9f12-9336b4f29df9,2018,Jeep,Grand Cherokee,High Altitude,High Altitude,6909354d7495e539,5x127,71.5,M14x1.50,56.40,56.40,"[""8x20""]","[""265/50R20""]",tgp_solutions,unknown,"""2026-05-07T21:45:59.143Z"""
127db0a3-f22e-4f1e-82f7-ed1ddb93a69c,2018,Jeep,Grand Cherokee,High Altitude V8 4x4,High Altitude V8 4x4,7b6604ccc0cde533,5x127,71.5,M14x1.50,56.40,56.40,"[""8x20""]","[""265/50R20""]",tgp_solutions,unknown,"""2026-05-07T21:45:59.143Z"""
4833cabf-b05f-4866-903e-b612d574fce3,2018,Jeep,Grand Cherokee,Laredo,Laredo,b5241695fd2ae535,5x127,71.5,M14x1.50,56.40,56.40,"[""8x17""]","[""P245/70R17""]",tgp_solutions,unknown,"""2026-05-07T21:45:59.143Z"""
d43063d7-77a6-48f6-ade4-a04119907077,2018,Jeep,Grand Cherokee,Laredo E,Laredo E,4f6b6967ca8c4a20,5x127,71.5,M14x1.50,56.40,56.40,"[""8x17"",""8x18""]","[""265/60R18"",""P245/70R17""]",tgp_solutions,unknown,"""2026-05-07T21:45:59.143Z"""
e7c1efa8-8ad0-4726-a8de-cceec0d594e4,2018,Jeep,Grand Cherokee,Limited,Limited,8c80f2af24e10344,5x127,71.5,M14x1.50,56.40,56.40,"[""8x18"",""8x20""]","[""265/50R20"",""265/60R18""]",tgp_solutions,unknown,"""2026-05-07T21:45:59.143Z"""
486910dc-290d-4ae7-ad74-1409e620f59a,2018,Jeep,Grand Cherokee,Limited Sterling Edition,Limited Sterling Edition,d3d81725c3fabc13,5x127,71.5,M14x1.50,56.40,56.40,"[""8x20""]","[""265/50R20""]",tgp_solutions,unknown,"""2026-05-07T21:45:59.143Z"""
5dc0317e-7360-422a-8576-2514aca72038,2018,Jeep,Grand Cherokee,Limited Sterling Edition V8 4x4,Limited Sterling Edition V8 4x4,27e4f6b89739efd6,5x127,71.5,M14x1.50,56.40,56.40,"[""8x18"",""8x20""]","[""265/50R20"",""265/60R18""]",tgp_solutions,unknown,"""2026-05-07T21:45:59.143Z"""
dd88e43a-0f05-42bd-9ee0-0bc8bd9bbee2,2018,Jeep,Grand Cherokee,Limited V8 4x4,Limited V8 4x4,bf3825bb680e2404,5x127,71.5,M14x1.50,56.40,56.40,"[""8x18"",""8x20""]","[""265/50R20"",""265/60R18""]",tgp_solutions,unknown,"""2026-05-07T21:45:59.143Z"""
88f50cce-3724-4d50-b167-32245a49c6e7,2018,Jeep,Grand Cherokee,Overland,Overland,e8cdb105a6e10bd6,5x127,71.5,M14x1.50,56.40,56.40,"[""8x18"",""8x20""]","[""265/50R20"",""265/60R18""]",tgp_solutions,unknown,"""2026-05-07T21:45:59.143Z"""
4116b62b-30f8-4ea2-8d6e-e0830945404f,2018,Jeep,Grand Cherokee,Overland V8 4x4,Overland V8 4x4,f583028ec968efe7,5x127,71.5,M14x1.50,56.40,56.40,"[""8x18"",""8x20""]","[""265/50R20"",""265/60R18""]",tgp_solutions,unknown,"""2026-05-07T21:45:59.143Z"""
97e87f4d-e686-476b-968e-47d355d38c49,2018,Jeep,Grand Cherokee,SRT,SRT,eb5dcd2c677f0cae,5x127,71.5,M14x1.50,50.10,50.10,"[""10x20""]","[""295/45ZR20""]",tgp_solutions,unknown,"""2026-05-07T21:45:59.143Z"""
a48989d1-7ae5-426e-bfa9-cef840f17fdd,2018,Jeep,Grand Cherokee,Summit,Summit,2b78abdb2bac8481,5x127,71.5,M14x1.50,56.40,56.40,"[""8x20""]","[""265/50R20""]",tgp_solutions,unknown,"""2026-05-07T21:45:59.143Z"""
8ed35190-cc8f-4ca6-aa8f-dacdeb4c8ab9,2018,Jeep,Grand Cherokee,Summit V8 4x4,Summit V8 4x4,a876779dd842d274,5x127,71.5,M14x1.50,56.40,56.40,"[""8x20""]","[""265/50R20""]",tgp_solutions,unknown,"""2026-05-07T21:45:59.143Z"""
114bd4c3-1c61-4699-85d8-769e3879e479,2018,Jeep,Grand Cherokee,Trackhawk,Trackhawk,148d9dc11ef8d18f,5x127,71.5,M14x1.50,50.10,50.10,"[""10x20""]","[""295/45ZR20""]",tgp_solutions,unknown,"""2026-05-07T21:45:59.143Z"""
5e567e13-1730-478e-bb92-b763b356dbb6,2018,Jeep,Grand Cherokee,Trailhawk,Trailhawk,0d0f7c2c87126610,5x127,71.5,M14x1.50,56.40,56.40,"[""8x18""]","[""265/60R18""]",tgp_solutions,unknown,"""2026-05-07T21:45:59.143Z"""
8b9ccae3-e28f-4fb8-aaff-c9b6cce20569,2018,Jeep,Renegade,Altitude,Altitude,bda1e4277d875bbe,5x110,65.1,M12x1.25B,40.00,40.00,"[""7x18""]","[""225/55R18""]",tgp_solutions,unknown,"""2026-05-07T21:45:59.143Z"""
1350a55a-67a2-4800-8974-f9ba317baec5,2018,Jeep,Renegade,Latitude,Latitude,3ec2559805e74086,5x110,65.1,M12x1.25B,40.00,40.00,"[""6.5x16"",""7x17"",""7x18""]","[""215/60R17"",""215/65R16"",""225/55R18""]",tgp_solutions,unknown,"""2026-05-07T21:45:59.143Z"""
41851052-357a-4ebf-824e-3aba2f3fb937,2018,Jeep,Renegade,Limited,Limited,a80858ee593cdee7,5x110,65.1,M12x1.25B,40.00,40.00,"[""7x18""]","[""225/55R18""]",tgp_solutions,unknown,"""2026-05-07T21:45:59.143Z"""
d8278a54-6c6c-4418-9684-5cfd974e2fc9,2018,Jeep,Renegade,Sport,Sport,ee111c45724bae21,5x110,65.1,M12x1.25B,40.00,40.00,"[""6.5x16""]","[""215/65R16""]",tgp_solutions,unknown,"""2026-05-07T21:45:59.143Z"""
1265ac24-0a8c-4762-98e3-42022c416682,2018,Jeep,Renegade,Trailhawk,Trailhawk,99a230cdeb0e45b6,5x110,65.1,M12x1.25B,40.00,40.00,"[""6.5x17""]","[""P215/65R17""]",tgp_solutions,unknown,"""2026-05-07T21:45:59.143Z"""
15eeeff0-154e-4ffd-a02e-fe079ae2aea7,2018,Jeep,Wrangler,Rubicon,Rubicon,f4fe8dde04d79ed9,5x127,71.5,M14x1.50,45.00,45.00,"[""7.5x17""]","[""LT285/70R17/C""]",tgp_solutions,unknown,"""2026-05-07T21:45:59.143Z"""
11b2c2f1-a6d8-4dcc-b263-90d062db0c48,2018,Jeep,Wrangler,Sport,Sport,41db1a243821bab3,5x127,71.5,M14x1.50,45.00,45.00,"[""7.5x17""]","[""245/75R17""]",tgp_solutions,unknown,"""2026-05-07T21:45:59.143Z"""
d81279cc-0159-4b48-8f2b-fc02ab082f8b,2018,Jeep,Wrangler,Sport S,Sport S,872a4c0c41c98889,5x127,71.5,M14x1.50,45.00,45.00,"[""7.5x17""]","[""245/75R17""]",tgp_solutions,unknown,"""2026-05-07T21:45:59.143Z"""
d6833bfe-d2cc-43d4-a77b-407e4256091a,2018,Jeep,Wrangler,Unlimited Moab,Unlimited Moab,1af01f9824d3374b,5x127,71.5,M14x1.50,45.00,45.00,"[""7.5x17""]","[""LT255/75R17/C""]",tgp_solutions,unknown,"""2026-05-07T21:45:59.143Z"""
6c19feb8-2022-487c-97b4-8aa4dbfe5e3e,2018,Jeep,Wrangler,Unlimited Rubicon,Unlimited Rubicon,af375e7378914e3b,5x127,71.5,M14x1.50,45.00,45.00,"[""7.5x17""]","[""LT285/70R17/C""]",tgp_solutions,unknown,"""2026-05-07T21:45:59.143Z"""
559dd491-9fe9-4c20-a99e-134756962019,2018,Jeep,Wrangler,Unlimited Sahara,Unlimited Sahara,7947810dd7414a80,5x127,71.5,M14x1.50,45.00,45.00,"[""7.5x18""]","[""255/70R18""]",tgp_solutions,unknown,"""2026-05-07T21:45:59.143Z"""
383cf7e3-2d59-4998-bbbf-a1dacd59f6ed,2018,Jeep,Wrangler,Unlimited Sport,Unlimited Sport,44efe99d4bf6381f,5x127,71.5,M14x1.50,45.00,45.00,"[""7.5x17""]","[""245/75R17""]",tgp_solutions,unknown,"""2026-05-07T21:45:59.143Z"""
3db66e8d-bd71-456a-95d2-0a8c5e97b2d4,2018,Jeep,Wrangler,Unlimited Sport S,Unlimited Sport S,556e85146220cf61,5x127,71.5,M14x1.50,45.00,45.00,"[""7.5x17""]","[""245/75R17""]",tgp_solutions,unknown,"""2026-05-07T21:45:59.143Z"""
c37c62f1-9fe8-4c5a-8966-d1163e09c956,2018,Jeep,Wrangler JK,Altitude,Altitude,bd3cd4611238f017,5x127,71.5,M1/2x20,45.00,45.00,"[""7.5x18""]","[""P255/70R18""]",tgp_solutions,unknown,"""2026-05-07T21:45:59.143Z"""
d05954db-9c02-4599-876e-3ae1fffaefcc,2018,Jeep,Wrangler JK,Freedom Edition,Freedom Edition,e21a99d0a53ad1d5,5x127,71.5,M1/2x20,45.00,45.00,"[""7.5x17""]","[""P245/75R17""]",tgp_solutions,unknown,"""2026-05-07T21:45:59.143Z"""
7eedb5be-ee6c-44dd-af77-57254ecee728,2018,Jeep,Wrangler JK,Golden Eagle,Golden Eagle,69a218b88094f600,5x127,71.5,M1/2x20,45.00,45.00,"[""7.5x17""]","[""P245/75R17""]",tgp_solutions,unknown,"""2026-05-07T21:45:59.143Z"""
0c180060-5e55-417a-b3ec-976ae7d2b072,2018,Jeep,Wrangler JK,Rubicon,Rubicon,8763c8b17ce34785,5x127,71.5,M1/2x20,45.00,45.00,"[""7.5x17""]","[""LT255/75R17/C""]",tgp_solutions,unknown,"""2026-05-07T21:45:59.143Z"""
7e38f300-9e4f-43c0-87e1-fc09601f5464,2018,Jeep,Wrangler JK,Rubicon Recon,Rubicon Recon,3164988d528521be,5x127,71.5,M1/2x20,45.00,45.00,"[""7.5x17""]","[""LT255/75R17/C""]",tgp_solutions,unknown,"""2026-05-07T21:45:59.143Z"""
03b5a5cc-a24f-4356-84d8-e69a4ce9dbce,2018,Jeep,Wrangler JK,Sahara,Sahara,61239f4de13f9c75,5x127,71.5,M1/2x20,45.00,45.00,"[""7.5x18""]","[""P255/70R18""]",tgp_solutions,unknown,"""2026-05-07T21:45:59.143Z"""
33133d0a-4024-4851-8650-f3fcd4755df7,2018,Jeep,Wrangler JK,Sport,Sport,ba2f61b872816f59,5x127,71.5,M1/2x20,45.00,45.00,"[""7x16""]","[""P225/75R16"",""P245/75R16""]",tgp_solutions,unknown,"""2026-05-07T21:45:59.143Z"""
211fbe53-b230-4329-8be3-ff688f930c4f,2018,Jeep,Wrangler JK,Sport S,Sport S,b5223dc6c1deb02b,5x127,71.5,M1/2x20,45.00,45.00,"[""7.5x17""]","[""LT265/70R17/C"",""P255/75R17""]",tgp_solutions,unknown,"""2026-05-07T21:45:59.143Z"""
91399479-7e30-4723-b035-2f41fc78fcbe,2018,Jeep,Wrangler JK,Unlimited Altitude,Unlimited Altitude,f56262ae32d5c0b4,5x127,71.5,M1/2x20,45.00,45.00,"[""7.5x18""]","[""P255/70R18""]",tgp_solutions,unknown,"""2026-05-07T21:45:59.143Z"""
d70a6871-eb75-471d-88d1-cdecb8cc4ca7,2018,Jeep,Wrangler JK,Unlimited Freedom Edition,Unlimited Freedom Edition,7979b8a16a3a0089,5x127,71.5,M1/2x20,45.00,45.00,"[""7.5x17""]","[""P245/75R17""]",tgp_solutions,unknown,"""2026-05-07T21:45:59.143Z"""
0a420a43-4911-48a4-978b-f4eb0ce9fdc6,2018,Jeep,Wrangler JK,Unlimited Golden Eagle,Unlimited Golden Eagle,dd0a33d44bc60a6e,5x127,71.5,M1/2x20,45.00,45.00,"[""7.5x17""]","[""P245/75R17""]",tgp_solutions,unknown,"""2026-05-07T21:45:59.143Z"""
3d36041f-55bd-4fd5-8ed9-167208aa615b,2018,Jeep,Wrangler JK,Unlimited Rubicon,Unlimited Rubicon,0fd2a9860f9f277c,5x127,71.5,M1/2x20,45.00,45.00,"[""7.5x17""]","[""LT255/75R17/C""]",tgp_solutions,unknown,"""2026-05-07T21:45:59.143Z"""
1f33afc3-7e31-480a-ae54-1f9dae6a046e,2018,Jeep,Wrangler JK,Unlimited Rubicon Recon,Unlimited Rubicon Recon,f668afa5ba2aa413,5x127,71.5,M1/2x20,45.00,45.00,"[""7.5x17""]","[""LT255/75R17/C""]",tgp_solutions,unknown,"""2026-05-07T21:45:59.143Z"""
b42d69cb-20ab-4b3d-a7fc-1c909eef327d,2018,Jeep,Wrangler JK,Unlimited Sahara,Unlimited Sahara,293bfffa66e76895,5x127,71.5,M1/2x20,45.00,45.00,"[""7.5x18""]","[""P255/70R18""]",tgp_solutions,unknown,"""2026-05-07T21:45:59.143Z"""
b0987779-32a3-4ec4-bd06-04681fd5577b,2018,Jeep,Wrangler JK,Unlimited Sport,Unlimited Sport,2939b31c45160df1,5x127,71.5,M1/2x20,45.00,45.00,"[""7x16""]","[""P225/75R16"",""P245/75R16""]",tgp_solutions,unknown,"""2026-05-07T21:45:59.143Z"""
18301c18-f45f-4e71-b27c-7e0c91c0092a,2018,Jeep,Wrangler JK,Unlimited Sport S,Unlimited Sport S,c7a20996ee9821e7,5x127,71.5,M1/2x20,45.00,45.00,"[""7.5x17""]","[""LT265/70R17/C"",""P255/75R17""]",tgp_solutions,unknown,"""2026-05-07T21:45:59.143Z"""
a82b96c1-e1ef-4ff0-8513-5fd363e1b4e8,2018,Jeep,Wrangler JK,Unlimited Willys Wheeler,Unlimited Willys Wheeler,a176bed980e659f3,5x127,71.5,M1/2x20,45.00,45.00,"[""7.5x17""]","[""LT255/75R17/C""]",tgp_solutions,unknown,"""2026-05-07T21:45:59.143Z"""
18b20271-1cdf-4113-95fb-ca1550be302c,2018,Jeep,Wrangler JK,Unlimited Willys Wheeler W,Unlimited Willys Wheeler W,2575fde0d779c55f,5x127,71.5,M1/2x20,45.00,45.00,"[""7.5x17""]","[""LT255/75R17/C""]",tgp_solutions,unknown,"""2026-05-07T21:45:59.143Z"""
833f919a-13f8-403e-a858-4b9adaac8865,2018,Jeep,Wrangler JK,Willys Wheeler,Willys Wheeler,6686ff712ab6937f,5x127,71.5,M1/2x20,45.00,45.00,"[""7.5x17""]","[""LT255/75R17/C""]",tgp_solutions,unknown,"""2026-05-07T21:45:59.143Z"""
5a5f5d01-658f-47f7-bcc6-3fbd80add0ac,2018,Jeep,Wrangler JK,Willys Wheeler W,Willys Wheeler W,648df1a4b25feea0,5x127,71.5,M1/2x20,45.00,45.00,"[""7.5x17""]","[""LT255/75R17/C""]",tgp_solutions,unknown,"""2026-05-07T21:45:59.143Z"""
a52d3166-efe6-43ad-9eb2-c078300c38d6,2018,Karma,Revero,(Optional Tire Pkg.) Front (Optional Tire Pkg.),(Optional Tire Pkg.) Front (Optional Tire Pkg.),b4dc83b435180403,5x130,67.1,M14x1.50,45.00,45.00,"[""8.5x21""]","{""rear"":[],""front"":[""245/40ZR21""]}",deprecated-staggered-split,unknown,"""2026-05-07T21:45:59.143Z"""
74b876a5-aa97-4e7f-94d2-c664345410a3,2018,Karma,Revero,(Optional Tire Pkg.) Rear (Optional Tire Pkg.),(Optional Tire Pkg.) Rear (Optional Tire Pkg.),2f47971b6b240257,5x130,67.1,M14x1.50,45.00,45.00,"[""9x21""]","{""rear"":[""265/40ZR21""],""front"":[]}",deprecated-staggered-split,unknown,"""2026-05-07T21:45:59.143Z"""
7b8de881-7138-4e9a-a906-2e6540d0d425,2018,Karma,Revero,Base Front Base,Base Front Base,b45c39811dcfbbf7,5x130,67.1,M14x1.50,45.00,45.00,"[""8.5x22""]","{""rear"":[],""front"":[""255/35R22""]}",deprecated-staggered-split,unknown,"""2026-05-07T21:45:59.143Z"""
b852bf62-b5b9-4b3b-8fc0-ea9dbc10d701,2018,Karma,Revero,Base Rear Base,Base Rear Base,a11583ff5ba1216e,5x130,67.1,M14x1.50,45.00,45.00,"[""9.5x22""]","{""rear"":[""285/35R22""],""front"":[]}",deprecated-staggered-split,unknown,"""2026-05-07T21:45:59.143Z"""
d927d03b-74b6-45e0-9cf7-d270dda91bfe,2018,Kia,Cadenza,Limited,Limited,f64506a35dfa6015,5x114.3,67.1,M12x1.50,40.00,40.00,"[""8x19""]","[""245/40R19""]",tgp_solutions,unknown,"""2026-05-07T21:45:59.143Z"""
d544022a-d351-47d7-9e9f-cc013ba4e7e4,2018,Kia,Cadenza,Premium,Premium,c061a236409e2f96,5x114.3,67.1,M12x1.50,40.00,40.00,"[""7.5x18""]","[""245/45R18""]",tgp_solutions,unknown,"""2026-05-07T21:45:59.143Z"""
e8827377-9609-418a-abf7-45b55c6146a1,2018,Kia,Cadenza,Technology,Technology,60c208ce832b93f0,5x114.3,67.1,M12x1.50,40.00,40.00,"[""7.5x18"",""8x19""]","[""245/40R19"",""245/45R18""]",tgp_solutions,unknown,"""2026-05-07T21:45:59.143Z"""
bc639714-196e-40bb-b1f1-b3eb10f75903,2018,Kia,Forte,EX,EX,f28d4aa5d3c930a5,5x114.3,67.1,M12x1.50,45.00,45.00,"[""7x17""]","[""P215/45R17""]",tgp_solutions,unknown,"""2026-05-07T21:45:59.143Z"""
438fb2bd-058a-4e73-bc2f-58bd75a150b0,2018,Kia,Forte,LX,LX,cc185acdc566565f,5x114.3,67.1,M12x1.50,45.00,45.00,"[""6x15""]","[""195/65R15""]",tgp_solutions,unknown,"""2026-05-07T21:45:59.143Z"""
0ebbec6e-984a-4a1b-a783-477085f9e476,2018,Kia,Forte,S,S,054f6331d68144a8,5x114.3,67.1,M12x1.50,45.00,45.00,"[""6.5x16""]","[""205/55R16""]",tgp_solutions,unknown,"""2026-05-07T21:45:59.143Z"""
649f78fc-3b1d-4514-807e-add7345162e2,2018,Kia,Forte5,EX,EX,8a151acededd4bc0,5x114.3,67.1,M12x1.50,45.00,45.00,"[""6.5x17""]","[""P215/45R17""]",tgp_solutions,unknown,"""2026-05-07T21:45:59.143Z"""
f34e9da8-d935-4aef-9715-d098f5ae6169,2018,Kia,Forte5,LX,LX,459826fddf8f92a6,5x114.3,67.1,M12x1.50,45.00,45.00,"[""6.5x16"",""6x15""]","[""195/65R15"",""205/55R16""]",tgp_solutions,unknown,"""2026-05-07T21:45:59.143Z"""
1e2e9d7d-469a-4157-a4b6-28a1cd0baeea,2018,Kia,Forte5,SX,SX,5b4fe6abd9599965,5x114.3,67.1,M12x1.50,45.00,45.00,"[""7.5x18""]","[""P225/40R18""]",tgp_solutions,unknown,"""2026-05-07T21:45:59.143Z"""
2d8a95a6-086d-49e2-a5e2-f10e2ade273b,2018,Kia,Niro,EX,EX,6a67d5a9faad0077,5x114.3,67.1,M12x1.50,45.00,45.00,"[""6.5x16""]","[""205/60R16""]",tgp_solutions,unknown,"""2026-05-07T21:45:59.143Z"""
dfee1fcd-8e9b-4a22-9180-e336e57259de,2018,Kia,Niro,FE,FE,a801ef88dd945706,5x114.3,67.1,M12x1.50,45.00,45.00,"[""6.5x16""]","[""205/60R16""]",tgp_solutions,unknown,"""2026-05-07T21:45:59.143Z"""
b9e77df6-44aa-464f-a7b6-da4787995920,2018,Kia,Niro,LX,LX,5525c0df2fe72504,5x114.3,67.1,M12x1.50,45.00,45.00,"[""6.5x16""]","[""205/60R16""]",tgp_solutions,unknown,"""2026-05-07T21:45:59.143Z"""
92df83af-0637-470b-9f29-525a5384265d,2018,Kia,Niro,Plug-In Hybrid EX,Plug-In Hybrid EX,71063d3d8ada5258,5x114.3,67.1,M12x1.50,45.00,45.00,"[""6.5x16""]","[""205/60R16""]",tgp_solutions,unknown,"""2026-05-07T21:45:59.143Z"""
b4b69d80-d68b-4112-854e-c466b5969de9,2018,Kia,Niro,Plug-In Hybrid EX Premium,Plug-In Hybrid EX Premium,ad5a00b79f626c2a,5x114.3,67.1,M12x1.50,45.00,45.00,"[""6.5x16""]","[""205/60R16""]",tgp_solutions,unknown,"""2026-05-07T21:45:59.143Z"""
cbc21995-c870-4050-84fd-600981f7d85a,2018,Kia,Niro,Plug-In Hybrid LX,Plug-In Hybrid LX,10c0e23694972be2,5x114.3,67.1,M12x1.50,45.00,45.00,"[""6.5x16""]","[""205/60R16""]",tgp_solutions,unknown,"""2026-05-07T21:45:59.143Z"""
db8dc8f3-f5e6-4d6b-9ef8-a97101ec2a23,2018,Kia,Niro,Touring,Touring,0c7dfdbd75078fe6,5x114.3,67.1,M12x1.50,45.00,45.00,"[""7.5x18""]","[""225/45R18""]",tgp_solutions,unknown,"""2026-05-07T21:45:59.143Z"""
b1db154f-d36a-4aa9-b917-ea93aa486f0d,2018,Kia,Optima,EX,EX,01234c4ee3bf9d10,5x114.3,67.1,M12x1.50,44.00,44.00,"[""6.5x17""]","[""215/55R17""]",tgp_solutions,unknown,"""2026-05-07T21:45:59.143Z"""
cb737c9f-56b5-464c-966b-52a99ed0b365,2018,Kia,Optima,Hybrid EX,Hybrid EX,215b21d0db682841,5x114.3,67.1,M12x1.50,44.00,44.00,"[""6.5x17""]","[""215/55R17""]",tgp_solutions,unknown,"""2026-05-07T21:45:59.143Z"""
1421a5ea-4cda-4332-ba66-0acadece43da,2018,Kia,Optima,Hybrid Premium,Hybrid Premium,55d803ffa9ef77ec,5x114.3,67.1,M12x1.50,41.00,41.00,"[""6.5x16""]","[""205/65R16""]",tgp_solutions,unknown,"""2026-05-07T21:45:59.143Z"""
99982d04-38fe-4187-acf0-182e12961364,2018,Kia,Optima,LX,LX,df20e130a4f55d31,5x114.3,67.1,M12x1.50,41.00,41.00,"[""6.5x16""]","[""205/65R16""]",tgp_solutions,unknown,"""2026-05-07T21:45:59.143Z"""
22258053-d837-4081-a64d-2b4952cdd3e4,2018,Kia,Optima,LX 1.6T,LX 1.6T,91bf50115158e6bb,5x114.3,67.1,M12x1.50,41.00,41.00,"[""6.5x16""]","[""205/65R16""]",tgp_solutions,unknown,"""2026-05-07T21:45:59.143Z"""
471192ad-d599-4125-b8bf-761da13e51e4,2018,Kia,Optima,Plug-In Hybrid EX,Plug-In Hybrid EX,608e4fd6281cfdb6,5x114.3,67.1,M12x1.50,44.00,44.00,"[""6.5x17""]","[""215/55R17""]",tgp_solutions,unknown,"""2026-05-07T21:45:59.143Z"""
282031c3-3e45-4c58-a839-d2a7127c1eda,2018,Kia,Optima,S,S,ef212e1a67a8185e,5x114.3,67.1,M12x1.50,44.00,44.00,"[""6.5x17"",""7.5x18""]","[""215/55R17"",""235/45R18""]",tgp_solutions,unknown,"""2026-05-07T21:45:59.143Z"""
ec3baeaf-0552-4941-9370-0e301d6ceac5,2018,Kia,Optima,SX,SX,2863bbe4153e7b4a,5x114.3,67.1,M12x1.50,46.00,46.00,"[""7.5x18""]","[""235/45R18""]",tgp_solutions,unknown,"""2026-05-07T21:45:59.143Z"""
e81c078e-94b8-4a8e-b44f-b49dc085d77f,2018,Kia,Rio,EX,EX,5f3777bd98d08523,4x100,54.1,M12x1.50,40.00,40.00,"[""5.5x15""]","[""185/65R15""]",tgp_solutions,unknown,"""2026-05-07T21:45:59.143Z"""
f76ee50e-0d2b-415b-8267-f2ffde7fd08b,2018,Kia,Rio,LX,LX,f64113e83f6796ab,4x100,54.1,M12x1.50,40.00,40.00,"[""5.5x15""]","[""185/65R15""]",tgp_solutions,unknown,"""2026-05-07T21:45:59.143Z"""
2fba51eb-8fa4-4e09-8077-77bcd3da0c42,2018,Kia,Rio,S,S,857acf50219db4d6,4x100,54.1,M12x1.50,40.00,40.00,"[""6.5x15""]","[""185/65R15""]",tgp_solutions,unknown,"""2026-05-07T21:45:59.143Z"""
92f1c812-8b99-4b32-82a2-5bf670b76642,2018,Kia,Sorento,EX 2.0,EX 2.0,989c52d6e0b53435,5x114.3,67.1,M12x1.50,41.00,41.00,"[""7.5x18""]","[""235/60R18""]",tgp_solutions,unknown,"""2026-05-07T21:45:59.143Z"""
cdfc7d55-8a22-4b62-9574-6b807f82ffdc,2018,Kia,Sorento,EX V6,EX V6,ef6fd9194a125cf9,5x114.3,67.1,M12x1.50,41.00,41.00,"[""7.5x18""]","[""235/60R18""]",tgp_solutions,unknown,"""2026-05-07T21:45:59.143Z"""
05537033-b077-4081-8629-3bd18dade74b,2018,Kia,Sorento,L,L,22fcf57f5346d24e,5x114.3,67.1,M12x1.50,41.00,41.00,"[""7x17""]","[""235/65R17""]",tgp_solutions,unknown,"""2026-05-07T21:45:59.143Z"""
4952264b-ca85-4f88-a0b7-a6a8070c7c7b,2018,Kia,Sorento,LX,LX,fe83050e669c4beb,5x114.3,67.1,M12x1.50,41.00,41.00,"[""7x17""]","[""235/65R17""]",tgp_solutions,unknown,"""2026-05-07T21:45:59.143Z"""
a92cbafd-f17d-44b5-bd8a-b785b5cd71dc,2018,Kia,Sorento,LX V6,LX V6,30090bf113ba12b0,5x114.3,67.1,M12x1.50,41.00,41.00,"[""7x17""]","[""235/65R17""]",tgp_solutions,unknown,"""2026-05-07T21:45:59.143Z"""
495c8266-5468-4de1-8e4f-0ca6130157f1,2018,Kia,Sorento,SX,SX,f5f556672de19970,5x114.3,67.1,M12x1.50,41.00,41.00,"[""7.5x19""]","[""235/55R19""]",tgp_solutions,unknown,"""2026-05-07T21:45:59.143Z"""
9fe4afc2-7256-4e8b-9826-2a33a1c3a975,2018,Kia,Sorento,SX Limited,SX Limited,05d6769abc8dd989,5x114.3,67.1,M12x1.50,41.00,41.00,"[""7.5x19""]","[""235/55R19""]",tgp_solutions,unknown,"""2026-05-07T21:45:59.143Z"""
b8b20d23-3e81-4dd0-b5e1-f64ccfd9282c,2018,Kia,Soul,!,!,0df447fc6695f016,5x114.3,67.1,M12x1.50,51.00,51.00,"[""7.5x18""]","[""235/45R18""]",tgp_solutions,unknown,"""2026-05-07T21:45:59.143Z"""
d68d86a9-5680-4f79-8c99-688ceaa580a0,2018,Kia,Soul,+,+,38823527b3b3e376,5x114.3,67.1,M12x1.50,51.00,51.00,"[""6.5x17"",""7.5x18""]","[""215/55R17"",""235/45R18""]",tgp_solutions,unknown,"""2026-05-07T21:45:59.143Z"""
7b34221a-6ad6-4ee1-97f9-7c6a11c64b41,2018,Kia,Soul,Base,Base,6fb5e111c4066e36,5x114.3,67.1,M12x1.50,51.00,51.00,"[""6.5x16""]","[""205/60R16""]",tgp_solutions,unknown,"""2026-05-07T21:45:59.143Z"""
ba1c8c2c-a175-4bda-bad8-6433c7f422b5,2018,Kia,Soul EV,+,+,b72b6c62cc11e78d,5x114.3,67.1,M12x1.50,51.00,51.00,"[""6.5x16""]","[""205/60R16""]",tgp_solutions,unknown,"""2026-05-07T21:45:59.143Z"""
82157ae5-b7f4-472a-b9bb-40c4a130671e,2018,Kia,Soul EV,Base,Base,7cd1277fddd64f6d,5x114.3,67.1,M12x1.50,51.00,51.00,"[""6.5x16""]","[""205/60R16""]",tgp_solutions,unknown,"""2026-05-07T21:45:59.143Z"""
95893866-49f1-4557-90b5-dfd02c3b13b6,2018,Kia,Soul EV,e,e,9576f80e45fe7019,5x114.3,67.1,M12x1.50,51.00,51.00,"[""6.5x16""]","[""205/60R16""]",tgp_solutions,unknown,"""2026-05-07T21:45:59.143Z"""
d99ba066-1b10-46ef-bb62-74a64b83cb4f,2018,Kia,Sportage,EX,EX,16995c0fca53987a,5x114.3,67.1,M12x1.50,45.00,45.00,"[""7x18""]","[""225/55R18""]",tgp_solutions,unknown,"""2026-05-07T21:45:59.143Z"""
d4a7891e-ab97-4318-b6cc-9aca942f413f,2018,Kia,Sportage,LX,LX,526b827cd2fce453,5x114.3,67.1,M12x1.50,38.00,38.00,"[""7x17""]","[""225/60R17""]",tgp_solutions,unknown,"""2026-05-07T21:45:59.143Z"""
68c534dc-518b-4f63-adb9-bd3bbfc34d32,2018,Kia,Sportage,SX Turbo,SX Turbo,7142cc0e922e050a,5x114.3,67.1,M12x1.50,45.00,45.00,"[""7.5x19""]","[""245/45R19""]",tgp_solutions,unknown,"""2026-05-07T21:45:59.143Z"""
cba143c3-bcfb-4063-a161-e8e0951de3d3,2018,Kia,Stinger,Base,Base,20e28081b3249c56,5x114.3,67.1,M12x1.50,40.00,40.00,"[""8x18""]","[""225/45R18""]",tgp_solutions,unknown,"""2026-05-07T21:45:59.143Z"""
298103f5-bc41-4ee5-9355-db57e9dcddc7,2018,Kia,Stinger,GT (AWD),GT (AWD),3f948ce198c4de88,5x114.3,67.1,M12x1.50,40.00,40.00,"[""8x18""]","[""225/45R18""]",tgp_solutions,unknown,"""2026-05-07T21:45:59.143Z"""
5696d9a2-1a8d-46a2-8b62-54daf03cd3b1,2018,Kia,Stinger,GT (AWD) Front GT (AWD),GT (AWD) Front GT (AWD),ce7c13e7e538b3ae,5x114.3,67.1,M12x1.50,45.00,45.00,"[""8x19""]","{""rear"":[],""front"":[""225/40ZR19""]}",deprecated-staggered-split,unknown,"""2026-05-07T21:45:59.143Z"""
9ea7711a-2870-4969-8764-ba173a2e36bc,2018,Kia,Stinger,GT (AWD) Rear GT (AWD),GT (AWD) Rear GT (AWD),ffb73192d294ff5d,5x114.3,67.1,M12x1.50,40.00,40.00,"[""8.5x19""]","{""rear"":[""255/35ZR19""],""front"":[]}",deprecated-staggered-split,unknown,"""2026-05-07T21:45:59.143Z"""
5c1a6645-7d33-43d8-848f-850367d5e1b2,2018,Kia,Stinger,GT (RWD) Front GT (RWD),GT (RWD) Front GT (RWD),9a46df14373ce093,5x114.3,67.1,M12x1.50,45.00,45.00,"[""8x19""]","{""rear"":[],""front"":[""225/40ZR19""]}",deprecated-staggered-split,unknown,"""2026-05-07T21:45:59.143Z"""
c2b9249c-e302-4110-89c6-b3981a24b087,2018,Kia,Stinger,GT (RWD) Rear GT (RWD),GT (RWD) Rear GT (RWD),011f3cf8b610ffdb,5x114.3,67.1,M12x1.50,40.00,40.00,"[""8.5x19""]","{""rear"":[""255/35ZR19""],""front"":[]}",deprecated-staggered-split,unknown,"""2026-05-07T21:45:59.143Z"""
80c940e8-908f-499a-a329-10f1b0a517e0,2018,Kia,Stinger,GT1 (AWD),GT1 (AWD),959860aa8e7b2dd1,5x114.3,67.1,M12x1.50,40.00,40.00,"[""8x18""]","[""225/45R18""]",tgp_solutions,unknown,"""2026-05-07T21:45:59.143Z"""
f2a7bbeb-a2a2-4314-bac1-2d76b79fa451,2018,Kia,Stinger,GT1 (AWD) Front GT1 (AWD),GT1 (AWD) Front GT1 (AWD),48b52916a4f9875d,5x114.3,67.1,M12x1.50,45.00,45.00,"[""8x19""]","{""rear"":[],""front"":[""225/40ZR19""]}",deprecated-staggered-split,unknown,"""2026-05-07T21:45:59.143Z"""
02b52fe6-aa85-40d6-9c83-748684c39044,2018,Kia,Stinger,GT1 (AWD) Rear GT1 (AWD),GT1 (AWD) Rear GT1 (AWD),e00cb9aaa5d15a74,5x114.3,67.1,M12x1.50,40.00,40.00,"[""8.5x19""]","{""rear"":[""255/35ZR19""],""front"":[]}",deprecated-staggered-split,unknown,"""2026-05-07T21:45:59.143Z"""
3d727fa0-6de6-478c-a90e-6c7a42a672e9,2018,Kia,Stinger,GT1 (RWD) Front GT1 (RWD),GT1 (RWD) Front GT1 (RWD),5d55e7620ea4151d,5x114.3,67.1,M12x1.50,45.00,45.00,"[""8x19""]","{""rear"":[],""front"":[""225/40ZR19""]}",deprecated-staggered-split,unknown,"""2026-05-07T21:45:59.143Z"""
58e447f7-8813-413b-94ff-c243ca10a53f,2018,Kia,Stinger,GT1 (RWD) Rear GT1 (RWD),GT1 (RWD) Rear GT1 (RWD),46c0d7a1a522d257,5x114.3,67.1,M12x1.50,40.00,40.00,"[""8.5x19""]","{""rear"":[""255/35ZR19""],""front"":[]}",deprecated-staggered-split,unknown,"""2026-05-07T21:45:59.143Z"""
3aafa69a-a904-42fe-a414-226a1e96e7a4,2018,Kia,Stinger,GT2 (AWD),GT2 (AWD),f05caf67a23fb00a,5x114.3,67.1,M12x1.50,40.00,40.00,"[""8x18""]","[""225/45R18""]",tgp_solutions,unknown,"""2026-05-07T21:45:59.143Z"""
4a62572a-1603-46fd-8c1d-ce1c82194514,2018,Kia,Stinger,GT2 (AWD) Front GT2 (AWD),GT2 (AWD) Front GT2 (AWD),9479443d1083a1a0,5x114.3,67.1,M12x1.50,45.00,45.00,"[""8x19""]","{""rear"":[],""front"":[""225/40ZR19""]}",deprecated-staggered-split,unknown,"""2026-05-07T21:45:59.143Z"""
4fabfb06-5166-453a-868f-ad3d6951de18,2018,Kia,Stinger,GT2 (AWD) Rear GT2 (AWD),GT2 (AWD) Rear GT2 (AWD),22c70ccf19c70c12,5x114.3,67.1,M12x1.50,40.00,40.00,"[""8.5x19""]","{""rear"":[""255/35ZR19""],""front"":[]}",deprecated-staggered-split,unknown,"""2026-05-07T21:45:59.143Z"""
84172000-8448-4f3b-ae4f-2f6e79faa828,2018,Kia,Stinger,GT2 (RWD) Front GT2 (RWD),GT2 (RWD) Front GT2 (RWD),2d809010572cf5ec,5x114.3,67.1,M12x1.50,45.00,45.00,"[""8x19""]","{""rear"":[],""front"":[""225/40ZR19""]}",deprecated-staggered-split,unknown,"""2026-05-07T21:45:59.143Z"""
ea05e10b-efbe-452f-b40e-ac4eb68b3059,2018,Kia,Stinger,GT2 (RWD) Rear GT2 (RWD),GT2 (RWD) Rear GT2 (RWD),e2dd2738cf81f9dd,5x114.3,67.1,M12x1.50,40.00,40.00,"[""8.5x19""]","{""rear"":[""255/35ZR19""],""front"":[]}",deprecated-staggered-split,unknown,"""2026-05-07T21:45:59.143Z"""
d3094baa-7c36-4a47-8624-968a1763d298,2018,Kia,Stinger,Premium,Premium,a0d9cc68d282749e,5x114.3,67.1,M12x1.50,40.00,40.00,"[""8x18""]","[""225/45R18""]",tgp_solutions,unknown,"""2026-05-07T21:45:59.143Z"""
490edabd-4be2-4a4a-9058-e89676dc8ac2,2018,Lamborghini,Aventador,LP740-4 S Front LP740-4 S,LP740-4 S Front LP740-4 S,247d6790168c9a66,5x112,57.0,M14x1.50B,32.00,32.00,"[""9x20""]","{""rear"":[],""front"":[""255/30ZR20""]}",tgp_solutions,unknown,"""2026-05-07T21:45:59.143Z"""
86d4aa8d-2368-4af4-8dec-b9b7187ea5fc,2018,Lamborghini,Aventador,LP740-4 S Rear LP740-4 S,LP740-4 S Rear LP740-4 S,af2ec97d05d32c39,5x120,70.0,M14x1.50B,67.00,67.00,"[""13x21""]","{""rear"":[""355/25ZR21""],""front"":[]}",tgp_solutions,unknown,"""2026-05-07T21:45:59.143Z"""
c0a98adb-3520-4b91-805d-e9687e44cbc3,2018,Lamborghini,Huracan,LP580-2 Front LP580-2,LP580-2 Front LP580-2,60ba98496a9de4c2,5x112,57.0,M14x1.50B,42.00,42.00,"[""8.5x19"",""8.5x20""]","{""rear"":[],""front"":[""245/30ZR20"",""245/35ZR19""]}",tgp_solutions,unknown,"""2026-05-07T21:45:59.143Z"""
ab8ea3ed-0538-4a14-bfd7-c3ee4b435839,2018,Lamborghini,Huracan,LP580-2 Rear LP580-2,LP580-2 Rear LP580-2,e310b8f4f9fe25e1,5x112,66.0,M14x1.50B,40.00,40.00,"[""11x19"",""11x20""]","{""rear"":[""305/30ZR20"",""305/35ZR19""],""front"":[]}",tgp_solutions,unknown,"""2026-05-07T21:45:59.143Z"""
af86d92d-fca3-4626-8046-c8c8433ce032,2018,Lamborghini,Huracan,LP580-2 Spyder Front LP580-2 Spyder,LP580-2 Spyder Front LP580-2 Spyder,10bf440048acf220,5x112,57.0,M14x1.50B,42.00,42.00,"[""8.5x19"",""8.5x20""]","{""rear"":[],""front"":[""245/30ZR20"",""245/35ZR19""]}",tgp_solutions,unknown,"""2026-05-07T21:45:59.143Z"""
3c4304c0-2b0a-44fb-a61e-7001e2f8f5c9,2018,Lamborghini,Huracan,LP580-2 Spyder Rear LP580-2 Spyder,LP580-2 Spyder Rear LP580-2 Spyder,3692f2454b280eae,5x112,66.0,M14x1.50B,40.00,40.00,"[""11x19"",""11x20""]","{""rear"":[""305/30ZR20"",""305/35ZR19""],""front"":[]}",tgp_solutions,unknown,"""2026-05-07T21:45:59.143Z"""
8ef82f11-559c-42ae-8c24-9af6779e3504,2018,Lamborghini,Huracan,LP610-4 Front LP610-4,LP610-4 Front LP610-4,9393c161c5caacb6,5x112,57.0,M14x1.50B,42.00,42.00,"[""8.5x20""]","{""rear"":[],""front"":[""245/30ZR20""]}",tgp_solutions,unknown,"""2026-05-07T21:45:59.143Z"""
7b6c8f99-2c2a-4477-a70c-da6b0c32a304,2018,Lamborghini,Huracan,LP610-4 Rear LP610-4,LP610-4 Rear LP610-4,50002404ac6ea159,5x112,66.0,M14x1.50B,40.00,40.00,"[""11x20""]","{""rear"":[""305/30ZR20""],""front"":[]}",tgp_solutions,unknown,"""2026-05-07T21:45:59.143Z"""
89670997-70fa-42c8-8117-a273d30bfaa8,2018,Lamborghini,Huracan,LP610-4 Spyder Front LP610-4 Spyder,LP610-4 Spyder Front LP610-4 Spyder,61a1de8bf3054bfc,5x112,57.0,M14x1.50B,42.00,42.00,"[""8.5x20""]","{""rear"":[],""front"":[""245/30ZR20""]}",tgp_solutions,unknown,"""2026-05-07T21:45:59.143Z"""
039c42f4-0bf9-4956-872a-988887e7d499,2018,Lamborghini,Huracan,LP610-4 Spyder Rear LP610-4 Spyder,LP610-4 Spyder Rear LP610-4 Spyder,157d9365a44c6f5d,5x112,66.0,M14x1.50B,40.00,40.00,"[""11x20""]","{""rear"":[""305/30ZR20""],""front"":[]}",tgp_solutions,unknown,"""2026-05-07T21:45:59.143Z"""
b5a727b2-3f9b-4b35-bc30-9b50d54e3e98,2018,Lamborghini,Huracan,Performante Front Performante,Performante Front Performante,ac37462ec4131453,5x112,57.0,M14x1.50B,42.00,42.00,"[""8.5x20""]","{""rear"":[],""front"":[""245/30ZR20""]}",tgp_solutions,unknown,"""2026-05-07T21:45:59.143Z"""
548b6710-b6f2-4021-a6f1-67b369389cc7,2018,Lamborghini,Huracan,Performante Rear Performante,Performante Rear Performante,0bf881fb09d57023,5x112,66.0,M14x1.50B,40.00,40.00,"[""11x20""]","{""rear"":[""305/30ZR20""],""front"":[]}",tgp_solutions,unknown,"""2026-05-07T21:45:59.143Z"""
0890c7aa-13f2-404b-94bb-9abe9a558b6f,2018,Land Rover,Discovery,HSE,HSE,c792194724e9aaf2,5x120,72.6,M14x1.50,58.00,58.00,"[""8.5x20"",""9.5x22"",""9x21""]","[""255/55R20"",""275/45R21"",""285/40R22""]",tgp_solutions,unknown,"""2026-05-07T21:45:59.143Z"""
9e534990-bf57-4c65-ae37-365a8b3a30d3,2018,Land Rover,Discovery,HSE Luxury,HSE Luxury,2d4dc0300af7d920,5x120,72.6,M14x1.50,58.00,58.00,"[""8.5x20"",""9.5x22"",""9x21""]","[""255/55R20"",""275/45R21"",""285/40R22""]",tgp_solutions,unknown,"""2026-05-07T21:45:59.143Z"""
87a821ab-d666-4322-b95d-c384c4f38fad,2018,Land Rover,Discovery,SE,SE,8ef22fb228ad2809,5x120,72.6,M14x1.50,57.00,57.00,"[""8.5x20"",""8x19"",""9.5x22"",""9x21""]","[""255/55R20"",""255/60R19"",""275/45R21"",""285/40R22""]",tgp_solutions,unknown,"""2026-05-07T21:45:59.143Z"""
22612556-d377-48c7-8e83-9bb038be6d7f,2018,Land Rover,Discovery Sport,HSE,HSE,2bcc4e78ded37b6a,5x108,63.4,M14x1.50,,,"[""8x18"",""8x19"",""8x20""]","[""235/55R19"",""235/60R18"",""245/45R20""]",tgp_solutions,unknown,"""2026-05-07T21:45:59.143Z"""
ebed8814-8f0e-4157-8ef4-58d15a272fa5,2018,Land Rover,Discovery Sport,HSE (3rd Row Seat),HSE (3rd Row Seat),ea1fd3fc5b3cf4e6,5x108,63.4,M14x1.50,,,"[""8x18"",""8x19"",""8x20""]","[""235/55R19"",""235/60R18"",""245/45R20""]",tgp_solutions,unknown,"""2026-05-07T21:45:59.143Z"""
52321c89-dab2-446f-90d5-75f6746bcf83,2018,Land Rover,Discovery Sport,HSE Luxury,HSE Luxury,3612bcd75503d6e7,5x108,63.4,M14x1.50,,,"[""8x19"",""8x20""]","[""235/55R19"",""245/45R20""]",tgp_solutions,unknown,"""2026-05-07T21:45:59.143Z"""
96dfb2e6-c4fe-468d-8f61-4d48f6c44d6b,2018,Land Rover,Discovery Sport,HSE Luxury (3rd Row Seat),HSE Luxury (3rd Row Seat),0c3a349141ee8847,5x108,63.4,M14x1.50,,,"[""8x19"",""8x20""]","[""235/55R19"",""245/45R20""]",tgp_solutions,unknown,"""2026-05-07T21:45:59.143Z"""
5686242b-9360-4c07-babd-bf20b80cdae2,2018,Land Rover,Discovery Sport,SE,SE,de354c3360bb9731,5x108,63.4,M14x1.50,,,"[""8x18"",""8x19""]","[""235/55R19"",""235/60R18""]",tgp_solutions,unknown,"""2026-05-07T21:45:59.143Z"""
f7057db1-2392-45ad-bc98-5fcad7aa9378,2018,Land Rover,Discovery Sport,SE (3rd Row Seat),SE (3rd Row Seat),426c382bda1663da,5x108,63.4,M14x1.50,,,"[""8x18"",""8x19""]","[""235/55R19"",""235/60R18""]",tgp_solutions,unknown,"""2026-05-07T21:45:59.143Z"""
62872094-e257-4e7f-be9b-4076a32736dd,2018,Land Rover,Range Rover,Autobiography,Autobiography,f68a7defed2c21d8,5x120,72.6,M14x1.50,49.00,49.00,"[""9.5x22"",""9x21""]","[""275/40R22"",""275/45R21""]",tgp_solutions,unknown,"""2026-05-07T21:45:59.143Z"""
bbfed7d1-d1b0-412e-8fe1-9cbfb3c06104,2018,Land Rover,Range Rover,Base,Base,22c5a7aa1df8d7f5,5x120,72.6,M14x1.50,57.00,57.00,"[""7x19"",""8.5x20""]","[""235/65R19"",""255/55R20""]",tgp_solutions,unknown,"""2026-05-07T21:45:59.143Z"""
cb22a3b7-bab5-48a8-b8d4-026d8449f0a4,2018,Land Rover,Range Rover,HSE,HSE,843407a0bbd74958,5x120,72.6,M14x1.50,58.00,58.00,"[""7x19"",""8.5x20"",""9.5x22""]","[""235/65R19"",""255/55R20"",""275/40R22""]",tgp_solutions,unknown,"""2026-05-07T21:45:59.143Z"""
9832b4c3-2ffb-40bb-8da4-0099cafe4383,2018,Land Rover,Range Rover,SVAutobiography,SVAutobiography,3e3a0a4fda4e3821,5x120,72.6,M14x1.50,49.00,49.00,"[""9.5x22"",""9x21""]","[""275/40R22"",""275/45R21""]",tgp_solutions,unknown,"""2026-05-07T21:45:59.143Z"""
9db91dea-0e21-47b0-8ccd-62c3ee49e0b7,2018,Land Rover,Range Rover,SVAutobiography Dynamic,SVAutobiography Dynamic,1f3ead2e5fb5523e,5x120,72.6,M14x1.50,49.00,49.00,"[""9.5x22"",""9x21""]","[""275/40R22"",""275/45R21""]",tgp_solutions,unknown,"""2026-05-07T21:45:59.143Z"""
962382fb-92f9-415e-bf1a-8274436484d3,2018,Land Rover,Range Rover,Supercharged,Supercharged,85da7bb7735ec99f,5x120,72.6,M14x1.50,49.00,49.00,"[""9.5x22"",""9x21""]","[""275/40R22"",""275/45R21""]",tgp_solutions,unknown,"""2026-05-07T21:45:59.143Z"""
336460a2-2a27-4b45-bf48-8080dbb8d95f,2018,Land Rover,Range Rover Evoque,Autobiography,Autobiography,fdfbb0654affb3c0,5x108,63.4,M14x1.50,55.00,55.00,"[""8x20""]","[""P245/45R20""]",tgp_solutions,unknown,"""2026-05-07T21:45:59.143Z"""
5e51fb4a-e423-4446-9750-4425bf825640,2018,Land Rover,Range Rover Evoque,HSE,HSE,2140b6802e3397e9,5x108,63.4,M14x1.50,45.00,45.00,"[""8x19"",""8x20""]","[""235/55R19"",""P235/55R19"",""P245/45R20""]",tgp_solutions,unknown,"""2026-05-07T21:45:59.143Z"""
03646937-66f3-4997-9b36-9b831b8097d8,2018,Land Rover,Range Rover Evoque,HSE Dynamic,HSE Dynamic,5b0ab6bf2b656f77,5x108,63.4,M14x1.50,45.00,45.00,"[""8x19"",""8x20""]","[""235/55R19"",""P235/55R19"",""P245/45R20""]",tgp_solutions,unknown,"""2026-05-07T21:45:59.143Z"""
9ff0f93c-995e-481a-ab92-d6455253a40f,2018,Land Rover,Range Rover Evoque,HSE Dynamic Convertible,HSE Dynamic Convertible,8209fa79d8d5af67,5x108,63.4,M14x1.50,45.00,45.00,"[""8x19"",""8x20""]","[""235/55R19"",""245/45R20"",""P235/55R19""]",tgp_solutions,unknown,"""2026-05-07T21:45:59.143Z"""
e9d6a97e-1375-439f-b12c-85edeb86aabe,2018,Land Rover,Range Rover Evoque,Landmark Edition,Landmark Edition,53350a884740cb04,5x108,63.4,M14x1.50,45.00,45.00,"[""8x18"",""8x19""]","[""235/55R19"",""P235/55R19"",""P235/60R18""]",tgp_solutions,unknown,"""2026-05-07T21:45:59.143Z"""
b791931e-46c4-4971-afe7-ec8ce772e3d6,2018,Land Rover,Range Rover Evoque,SE,SE,fb5bd499c421a5f0,5x108,63.4,M14x1.50,45.00,45.00,"[""8x18"",""8x19""]","[""235/55R19"",""P235/55R19"",""P235/60R18""]",tgp_solutions,unknown,"""2026-05-07T21:45:59.143Z"""
d8bd24d3-191c-44e0-ac74-d5d241c7f20f,2018,Land Rover,Range Rover Evoque,SE Dynamic Convertible,SE Dynamic Convertible,27c2864b1d2e1241,5x108,63.4,M14x1.50,45.00,45.00,"[""8x18"",""8x19""]","[""235/55R19"",""P235/55R19"",""P235/60R18""]",tgp_solutions,unknown,"""2026-05-07T21:45:59.143Z"""
f220020d-ddb2-4a1c-81f5-f98c520366c1,2018,Land Rover,Range Rover Evoque,SE Premium,SE Premium,9d0febe2de83d2c8,5x108,63.4,M14x1.50,45.00,45.00,"[""8x18"",""8x19""]","[""235/55R19"",""P235/55R19"",""P235/60R18""]",tgp_solutions,unknown,"""2026-05-07T21:45:59.143Z"""
f924fb1d-a5f3-4d0a-866b-1ccb8bd919e6,2018,Land Rover,Range Rover Sport,Autobiography Dynamic,Autobiography Dynamic,2515f45973a4e405,5x120,72.6,M14x1.50,58.00,58.00,"[""9.5x21"",""9.5x22""]","[""275/40R22"",""275/45R21""]",tgp_solutions,unknown,"""2026-05-07T21:45:59.143Z"""
70594163-0495-4429-9526-a2b0c5ea53fb,2018,Land Rover,Range Rover Sport,HSE,HSE,9dff6b287f91227a,5x120,72.6,M14x1.50,58.00,58.00,"[""8.5x20"",""9.5x21"",""9.5x22""]","[""255/55R20"",""275/40R22"",""275/45R21""]",tgp_solutions,unknown,"""2026-05-07T21:45:59.143Z"""
4d315eec-500a-43bf-b99e-0186afbcc3f2,2018,Land Rover,Range Rover Sport,HSE Dynamic,HSE Dynamic,15d765e760e39ad4,5x120,72.6,M14x1.50,58.00,58.00,"[""7.5x19"",""8.5x20"",""9.5x21"",""9.5x22""]","[""235/65R19"",""255/55R20"",""275/40R22"",""275/45R21""]",tgp_solutions,unknown,"""2026-05-07T21:45:59.143Z"""
7d846f16-19aa-4837-871e-0070352deafa,2018,Land Rover,Range Rover Sport,SE,SE,a4eb6595e64916dc,5x120,72.6,M14x1.50,58.00,58.00,"[""7.5x19"",""8.5x20"",""9.5x21"",""9.5x22""]","[""235/65R19"",""255/55R20"",""275/40R22"",""275/45R21""]",tgp_solutions,unknown,"""2026-05-07T21:45:59.143Z"""
25e262cf-9ab4-42fb-a6cc-9f1dfa10f4e9,2018,Land Rover,Range Rover Sport,SVR,SVR,48e6eec0b9ef7f9d,5x120,72.6,M14x1.50,58.00,58.00,"[""9.5x21"",""9.5x22""]","[""275/45R21"",""295/40R22""]",tgp_solutions,unknown,"""2026-05-07T21:45:59.143Z"""
c652cd8b-f1b9-482e-8cd6-a330521181aa,2018,Land Rover,Range Rover Sport,Supercharged,Supercharged,f4ecb3a17d054ddf,5x120,72.6,M14x1.50,58.00,58.00,"[""8.5x20"",""9.5x21"",""9.5x22""]","[""255/55R20"",""275/40R22"",""275/45R21""]",tgp_solutions,unknown,"""2026-05-07T21:45:59.143Z"""
d5c81815-7064-41cf-99d3-9c910da4692b,2018,Land Rover,Range Rover Sport,Supercharged Dynamic,Supercharged Dynamic,d3453a6e811c0898,5x120,72.6,M14x1.50,58.00,58.00,"[""9.5x21"",""9.5x22""]","[""275/40R22"",""275/45R21""]",tgp_solutions,unknown,"""2026-05-07T21:45:59.143Z"""
6140d3b6-cbc2-4714-a423-9050375fa0ff,2018,Land Rover,Range Rover Velar,Base,Base,785b2146eed86a7f,5x108,63.4,M14x1.50,45.00,45.00,"[""7.5x18""]","[""255/60R18""]",tgp_solutions,unknown,"""2026-05-07T21:45:59.143Z"""
b2a18cef-3b4c-4615-b5be-9675a2788152,2018,Land Rover,Range Rover Velar,First Edition,First Edition,635816b8d04419b1,5x108,63.4,M14x1.50,45.00,45.00,"[""8.5x20"",""8.5x21"",""9x22""]","[""255/50R20"",""265/40R22"",""265/45R21""]",tgp_solutions,unknown,"""2026-05-07T21:45:59.143Z"""
d3a96674-f03e-4c9a-871a-9c64d0660816,2018,Land Rover,Range Rover Velar,R-Dynamic HSE,R-Dynamic HSE,0e780a6582d89627,5x108,63.4,M14x1.50,45.00,45.00,"[""8.5x21"",""9x22""]","[""265/40R22"",""265/45R21""]",tgp_solutions,unknown,"""2026-05-07T21:45:59.143Z"""
e2057e18-d0f8-412b-88b2-eeb29b176bfc,2018,Land Rover,Range Rover Velar,R-Dynamic SE,R-Dynamic SE,1f4d960e4ce564e0,5x108,63.4,M14x1.50,45.00,45.00,"[""8.5x20"",""8.5x21"",""9x22""]","[""255/50R20"",""265/40R22"",""265/45R21""]",tgp_solutions,unknown,"""2026-05-07T21:45:59.143Z"""
0a4eacb4-9214-44d3-bfd9-87def3b62019,2018,Land Rover,Range Rover Velar,S,S,8f7a05dfe10faae4,5x108,63.4,M14x1.50,45.00,45.00,"[""8.5x19"",""8.5x20"",""8.5x21"",""9x22""]","[""255/50R20"",""255/55R19"",""265/40R22"",""265/45R21""]",tgp_solutions,unknown,"""2026-05-07T21:45:59.143Z"""
8f03e454-694e-47bf-9ece-ae75a0e97940,2018,Land Rover,Range Rover Velar,SE,SE,efff11df367ee483,5x108,63.4,M14x1.50,45.00,45.00,"[""8.5x20"",""8.5x21"",""9x22""]","[""255/50R20"",""265/40R22"",""265/45R21""]",tgp_solutions,unknown,"""2026-05-07T21:45:59.143Z"""
58fa632c-e679-4d45-89cd-62a36d330217,2018,Lexus,ES300h,Base,Base,f5e9a29fa48d2c23,5x114.3,60.1,M12x1.50,47.00,47.00,"[""7x17""]","[""P215/55R17""]",tgp_solutions,unknown,"""2026-05-07T21:45:59.143Z"""
3292be58-953f-4a91-9217-1faa35cfcedd,2018,Lexus,ES350,Base,Base,a510d65ec8ce3307,5x114.3,60.1,M12x1.50,47.00,47.00,"[""7.5x18"",""7x17""]","[""P215/55R17"",""P225/45R18""]",tgp_solutions,unknown,"""2026-05-07T21:45:59.143Z"""
1589dc95-5beb-4294-978e-79248aef79de,2018,Lexus,GS F,Base Front Base,Base Front Base,8eccb00ae6aca646,5x114.3,60.1,M12x1.50,45.00,45.00,"[""9x19""]","{""rear"":[],""front"":[""255/35ZR19""]}",deprecated-staggered-split,unknown,"""2026-05-07T21:45:59.143Z"""
12933d72-a870-42d6-a197-7459cba7bf85,2018,Lexus,GS F,Base Rear Base,Base Rear Base,9b0893a33a254bb4,5x114.3,60.1,M12x1.50,45.00,45.00,"[""10x19""]","{""rear"":[""275/35ZR19""],""front"":[]}",deprecated-staggered-split,unknown,"""2026-05-07T21:45:59.143Z"""
dcde4027-0066-403f-9836-3452e51133a5,2018,Lexus,GS300,Base,Base,d7a0f99771de0db3,5x114.3,60.1,M12x1.50,45.00,45.00,"[""8x17"",""8x18"",""8x19""]","[""235/40R19"",""235/45R18"",""P235/45R18"",""P235/50R17""]",tgp_solutions,unknown,"""2026-05-07T21:45:59.143Z"""
bf7de348-543c-4a93-baee-1867e73dee31,2018,Lexus,GS300,F Sport,F Sport,865b846d07ccca22,5x114.3,60.1,M12x1.50,45.00,45.00,"[""8x19""]","[""235/40R19""]",tgp_solutions,unknown,"""2026-05-07T21:45:59.143Z"""
89810ea1-dade-4494-a188-4a401ae19cca,2018,Lexus,GS300,F Sport Front F Sport,F Sport Front F Sport,d3cc41d8025dbae8,5x114.3,60.1,M12x1.50,45.00,45.00,"[""8x19""]","{""rear"":[],""front"":[""235/40R19""]}",deprecated-staggered-split,unknown,"""2026-05-07T21:45:59.143Z"""
41471524-5656-4ae6-af04-01bdb3232566,2018,Lexus,GS300,F Sport Rear F Sport,F Sport Rear F Sport,ca66ef476f3c7bb6,5x114.3,60.1,M12x1.50,45.00,45.00,"[""9x19""]","{""rear"":[""265/35R19""],""front"":[]}",deprecated-staggered-split,unknown,"""2026-05-07T21:45:59.143Z"""
58c8eac7-fa6f-45e5-9d7a-56a71f0fc352,2018,Lexus,GS350,Base,Base,b83620059e0c3b90,5x114.3,60.1,M12x1.50,45.00,45.00,"[""8x18"",""8x19""]","[""235/40R19"",""235/45R18"",""P235/45R18""]",tgp_solutions,unknown,"""2026-05-07T21:45:59.143Z"""
7c4c285d-42eb-4bd1-9d3a-43f0b74251b0,2018,Lexus,GS350,F Sport (AWD),F Sport (AWD),bf0010c6a6c92b52,5x114.3,60.1,M12x1.50,45.00,45.00,"[""8x19""]","[""235/40R19""]",tgp_solutions,unknown,"""2026-05-07T21:45:59.143Z"""
14f13020-af11-400c-aeb1-c74ac721bf0d,2018,Lexus,GS350,F Sport (RWD) Front F Sport (RWD),F Sport (RWD) Front F Sport (RWD),d1a67689aa7c1c0f,5x114.3,60.1,M12x1.50,45.00,45.00,"[""8x19""]","{""rear"":[],""front"":[""235/40R19""]}",deprecated-staggered-split,unknown,"""2026-05-07T21:45:59.143Z"""
42c304a5-7293-41b1-8ca2-d85828dad432,2018,Lexus,GS350,F Sport (RWD) Rear F Sport (RWD),F Sport (RWD) Rear F Sport (RWD),1ae5f8021f997692,5x114.3,60.1,M12x1.50,45.00,45.00,"[""9x19""]","{""rear"":[""265/35R19""],""front"":[]}",deprecated-staggered-split,unknown,"""2026-05-07T21:45:59.143Z"""
d17aad47-e380-485d-aa98-161a1d74c7e8,2018,Lexus,GS450h,Base,Base,3143d1d67f8fef41,5x114.3,60.1,M12x1.50,45.00,45.00,"[""8x18""]","[""235/45R18"",""P235/45R18""]",tgp_solutions,unknown,"""2026-05-07T21:45:59.143Z"""
80d69ec9-eb16-421f-9e0f-f3d5c5ced2a9,2018,Lexus,GS450h,F Sport,F Sport,1bea643cd5b9c4df,5x114.3,60.1,M12x1.50,45.00,45.00,"[""8x19""]","[""235/40R19""]",tgp_solutions,unknown,"""2026-05-07T21:45:59.143Z"""
3cec238a-4fbd-47e7-84d8-5f99dae06614,2018,Lexus,GS450h,F Sport Front F Sport,F Sport Front F Sport,1a450f22349fc619,5x114.3,60.1,M12x1.50,45.00,45.00,"[""8x19""]","{""rear"":[],""front"":[""235/40R19""]}",deprecated-staggered-split,unknown,"""2026-05-07T21:45:59.143Z"""
eed51d51-de99-4548-b3c8-1ddb0f3f4ba0,2018,Lexus,GS450h,F Sport Rear F Sport,F Sport Rear F Sport,44115a50c6d5ea4d,5x114.3,60.1,M12x1.50,45.00,45.00,"[""9x19""]","{""rear"":[""265/35R19""],""front"":[]}",deprecated-staggered-split,unknown,"""2026-05-07T21:45:59.143Z"""
76639d8f-970f-4377-baec-883358659a93,2018,Lexus,GX460,Base,Base,bc8f8ac017ea0707,6x139.7,106.0,M12x1.50,25.00,25.00,"[""7.5x18""]","[""P265/60R18""]",tgp_solutions,unknown,"""2026-05-07T21:45:59.143Z"""
e3c84a92-8919-4c34-96b2-226906e4848c,2018,Lexus,GX460,Luxury,Luxury,9c447e09db8a7da9,6x139.7,106.0,M12x1.50,25.00,25.00,"[""7.5x18""]","[""P265/60R18""]",tgp_solutions,unknown,"""2026-05-07T21:45:59.143Z"""
9c486f0c-d69b-4fb7-b4bf-b956df97cc3c,2018,Lexus,GX460,Premium,Premium,dae8b03683543201,6x139.7,106.0,M12x1.50,25.00,25.00,"[""7.5x18""]","[""P265/60R18""]",tgp_solutions,unknown,"""2026-05-07T21:45:59.143Z"""
35ae4625-05d1-4cff-9ed0-bd9ed29c0193,2018,Lexus,IS300,(AWD),(AWD),a36c5b16ff2a7ac8,5x114.3,60.1,M12x1.50,45.00,45.00,"[""7.5x17""]","[""225/45R17""]",tgp_solutions,unknown,"""2026-05-07T21:45:59.143Z"""
9cb39108-b369-41a5-8522-e9c687b6d5f6,2018,Lexus,IS300,(AWD) Front (AWD),(AWD) Front (AWD),b69a971bf85750f0,5x114.3,60.1,M12x1.50,45.00,45.00,"[""8x18""]","{""rear"":[],""front"":[""225/40R18""]}",deprecated-staggered-split,unknown,"""2026-05-07T21:45:59.143Z"""
40d24658-e954-4f72-b58e-77e96a2f2762,2018,Lexus,IS300,(AWD) Rear (AWD),(AWD) Rear (AWD),b16477803b62a843,5x114.3,60.1,M12x1.50,50.00,50.00,"[""8.5x18""]","{""rear"":[""255/35R18""],""front"":[]}",deprecated-staggered-split,unknown,"""2026-05-07T21:45:59.143Z"""
61ac9fac-79b8-4c5a-9d74-7457fad0fc31,2018,Lexus,IS300,(RWD),(RWD),9e4c19b8e684d61a,5x114.3,60.1,M12x1.50,45.00,45.00,"[""7.5x17""]","[""225/45R17""]",tgp_solutions,unknown,"""2026-05-07T21:45:59.143Z"""
4e1544df-dccf-4c16-8705-5cf3a6363880,2018,Lexus,IS300,(RWD) Front (RWD),(RWD) Front (RWD),38db563e85d166fc,5x114.3,60.1,M12x1.50,45.00,45.00,"[""8x18""]","{""rear"":[],""front"":[""225/40R18""]}",deprecated-staggered-split,unknown,"""2026-05-07T21:45:59.143Z"""
d6d5d444-5e1b-421b-b4ac-4485de8e126d,2018,Lexus,IS300,(RWD) Rear (RWD),(RWD) Rear (RWD),6af04e217a86d936,5x114.3,60.1,M12x1.50,50.00,50.00,"[""8.5x18""]","{""rear"":[""255/35R18""],""front"":[]}",deprecated-staggered-split,unknown,"""2026-05-07T21:45:59.143Z"""
7f0de414-6914-4092-8f20-57cda18e38c2,2018,Lexus,IS300,F Sport Front F Sport,F Sport Front F Sport,244b3452f2a43318,5x114.3,60.1,M12x1.50,45.00,45.00,"[""8x18""]","{""rear"":[],""front"":[""225/40R18""]}",deprecated-staggered-split,unknown,"""2026-05-07T21:45:59.143Z"""
30d49317-4a2e-4565-853d-c58df26a4eb3,2018,Lexus,IS300,F Sport Rear F Sport,F Sport Rear F Sport,9b025e6167f9a002,5x114.3,60.1,M12x1.50,50.00,50.00,"[""8.5x18""]","{""rear"":[""255/35R18""],""front"":[]}",deprecated-staggered-split,unknown,"""2026-05-07T21:45:59.143Z"""
f0cd6c9a-f092-4e58-acea-0232cc92227f,2018,Lexus,IS350,(AWD),(AWD),aee547e47dd3aa4e,5x114.3,60.1,M12x1.50,50.00,50.00,"[""8x17""]","[""225/45R17""]",tgp_solutions,unknown,"""2026-05-07T21:45:59.143Z"""
1f1ac225-5bfd-4270-bad3-b079d256190f,2018,Lexus,IS350,(AWD) Front (AWD),(AWD) Front (AWD),c762632d53bff059,5x114.3,60.1,M12x1.50,45.00,45.00,"[""8x18""]","{""rear"":[],""front"":[""225/40R18""]}",deprecated-staggered-split,unknown,"""2026-05-07T21:45:59.143Z"""
ed0ebdbe-5f8d-4ccf-858b-946734863ff5,2018,Lexus,IS350,(AWD) Rear (AWD),(AWD) Rear (AWD),b444dd0bb4876d6c,5x114.3,60.1,M12x1.50,50.00,50.00,"[""8.5x18""]","{""rear"":[""255/35R18""],""front"":[]}",deprecated-staggered-split,unknown,"""2026-05-07T21:45:59.143Z"""
ca25271e-3c91-4722-91ef-6aef4d8891e1,2018,Lexus,IS350,(RWD),(RWD),9d5ffbb0ce0c7faf,5x114.3,60.1,M12x1.50,50.00,50.00,"[""8x17""]","[""225/45R17""]",tgp_solutions,unknown,"""2026-05-07T21:45:59.143Z"""
668b2af6-e577-4fcb-b34f-9e985ccfb545,2018,Lexus,IS350,(RWD) Front (RWD),(RWD) Front (RWD),7ee6b9ab672b5442,5x114.3,60.1,M12x1.50,50.00,50.00,"[""8x18""]","{""rear"":[],""front"":[""225/40R18""]}",deprecated-staggered-split,unknown,"""2026-05-07T21:45:59.143Z"""
a1cf1dfe-8fed-4fef-95be-424194c1e47d,2018,Lexus,IS350,(RWD) Rear (RWD),(RWD) Rear (RWD),46e9f549463459e9,5x114.3,60.1,M12x1.50,50.00,50.00,"[""8.5x18""]","{""rear"":[""255/35R18""],""front"":[]}",deprecated-staggered-split,unknown,"""2026-05-07T21:45:59.143Z"""
d7ae5a6a-7522-49b1-9bfd-5a8dbbf8cf6c,2018,Lexus,IS350,F Sport Front F Sport,F Sport Front F Sport,4c2ba7b7ada66d50,5x114.3,60.1,M12x1.50,50.00,50.00,"[""8x18""]","{""rear"":[],""front"":[""225/40R18""]}",deprecated-staggered-split,unknown,"""2026-05-07T21:45:59.143Z"""
cb6ae9e6-ffdb-490e-8f9e-e72ca4d9656b,2018,Lexus,IS350,F Sport Rear F Sport,F Sport Rear F Sport,0abece52c580a5f6,5x114.3,60.1,M12x1.50,50.00,50.00,"[""8.5x18""]","{""rear"":[""255/35R18""],""front"":[]}",deprecated-staggered-split,unknown,"""2026-05-07T21:45:59.143Z"""
9f7c9ffb-3fff-4d31-8fd2-e7be6420fa9e,2018,Lexus,LC500,Base Front Base,Base Front Base,1d7e4e0075b2fbde,5x120,60.1,M14x1.50,25.00,25.00,"[""8.5x20"",""8.5x21""]","{""rear"":[],""front"":[""245/40RF21"",""245/45RF20""]}",deprecated-staggered-split,unknown,"""2026-05-07T21:45:59.143Z"""
fcd8c664-879b-4402-8561-56871c48a103,2018,Lexus,LC500,Base Rear Base,Base Rear Base,e060df0636e940a2,5x120,60.1,M14x1.50,25.00,25.00,"[""9.5x20"",""9.5x21""]","{""rear"":[""275/35RF21"",""275/40RF20""],""front"":[]}",deprecated-staggered-split,unknown,"""2026-05-07T21:45:59.143Z"""
736cff98-d9eb-4504-bca4-a69e4f174099,2018,Lexus,LC500h,Base Front Base,Base Front Base,5f6c409bf35d1ba9,5x120,60.1,M14x1.50,25.00,25.00,"[""8.5x20"",""8.5x21""]","{""rear"":[],""front"":[""245/40RF21"",""245/45RF20""]}",deprecated-staggered-split,unknown,"""2026-05-07T21:45:59.143Z"""
570128f7-c75c-41ca-aadc-549b215f3c05,2018,Lexus,LC500h,Base Rear Base,Base Rear Base,423b7c1eb19065b5,5x120,60.1,M14x1.50,25.00,25.00,"[""9.5x20"",""9.5x21""]","{""rear"":[""275/35RF21"",""275/40RF20""],""front"":[]}",deprecated-staggered-split,unknown,"""2026-05-07T21:45:59.143Z"""
9127b668-bcb0-4f92-adaf-fe428e73e5ae,2018,Lexus,LS500,Base,Base,9f0d8d3d391e4006,5x120,60.1,M14x1.50,25.00,25.00,"[""8.5x20"",""8x19""]","[""245/45RF20"",""245/50RF19""]",tgp_solutions,unknown,"""2026-05-07T21:45:59.143Z"""
fdafcf43-e0cd-472c-acf7-ff9f30588915,2018,Lexus,LS500,F Sport Front F Sport,F Sport Front F Sport,fd389721e24ad40d,5x120,60.1,M14x1.50,25.00,25.00,"[""8.5x20""]","{""rear"":[],""front"":[""245/45RF20""]}",deprecated-staggered-split,unknown,"""2026-05-07T21:45:59.143Z"""
2c711ae1-2681-4e22-bced-02fa90209a6c,2018,Lexus,LS500,F Sport Rear F Sport,F Sport Rear F Sport,57af0a071664bae6,5x120,60.1,M14x1.50,35.00,35.00,"[""9.5x20""]","{""rear"":[""275/40RF20""],""front"":[]}",deprecated-staggered-split,unknown,"""2026-05-07T21:45:59.143Z"""
f99af573-0e83-4c3f-a393-f32dea764408,2018,Lexus,LS500h,Base,Base,e930b3478d1db016,5x120,60.1,M14x1.50,25.00,25.00,"[""7.5x19"",""8.5x20""]","[""245/45RF20"",""245/50RF19""]",tgp_solutions,unknown,"""2026-05-07T21:45:59.143Z"""
1f00ee25-78f5-46fc-8fda-9568b70d79e5,2018,Lexus,LX570,Base,Base,94d4794fbda7a6b8,5x150,110.0,M14x1.50,38.00,38.00,"[""8.5x20"",""8.5x21""]","[""275/50R21"",""P285/50R20""]",tgp_solutions,unknown,"""2026-05-07T21:45:59.143Z"""
1f891a3e-56ef-4054-a133-cd77624e3eb4,2018,Lexus,NX300,Base,Base,275420d01b17e074,5x114.3,60.1,M12x1.50,39.00,39.00,"[""7.5x18"",""7x17""]","[""225/60R18"",""225/65R17""]",tgp_solutions,unknown,"""2026-05-07T21:45:59.143Z"""
b27787a2-8f6e-4ccd-9600-ddead53aead7,2018,Lexus,NX300,F Sport,F Sport,18737a4dcf23de35,5x114.3,60.1,M12x1.50,39.00,39.00,"[""7.5x18""]","[""225/60R18"",""235/55R18""]",tgp_solutions,unknown,"""2026-05-07T21:45:59.143Z"""
b8dd53bd-4fd3-4ddb-b11d-fbe3ca3f5f0e,2018,Lexus,NX300h,Base,Base,7228b9d06ce277c6,5x114.3,60.1,M12x1.50,39.00,39.00,"[""7.5x18"",""7x17""]","[""225/60R18"",""225/65R17""]",tgp_solutions,unknown,"""2026-05-07T21:45:59.143Z"""
a9fe93ce-751f-4554-8d6e-35abcefead2a,2018,Lexus,RC F,Base Front Base,Base Front Base,e72ade1238be8d9f,5x114.3,60.1,M12x1.50,60.00,60.00,"[""9x19""]","{""rear"":[],""front"":[""255/35ZR19""]}",deprecated-staggered-split,unknown,"""2026-05-07T21:45:59.143Z"""
55c786a7-cec6-4ed2-b029-e35023b7ff6e,2018,Lexus,RC F,Base Rear Base,Base Rear Base,32f8f0248edcd3ce,5x114.3,60.1,M12x1.50,41.00,41.00,"[""10x19""]","{""rear"":[""275/35ZR19""],""front"":[]}",deprecated-staggered-split,unknown,"""2026-05-07T21:45:59.143Z"""
920f966f-7c5e-4101-a29a-d9465c4c3d04,2018,Lexus,RC300,(AWD),(AWD),8d6847fe7c485f32,5x114.3,60.1,M12x1.50,60.00,60.00,"[""8x18"",""8x19""]","[""235/40R19"",""P235/45R18""]",tgp_solutions,unknown,"""2026-05-07T21:45:59.143Z"""
14649e7a-bada-4857-816f-3acf8f760cd4,2018,Lexus,RC300,(RWD),(RWD),03884f5034e1af22,5x114.3,60.1,M12x1.50,60.00,60.00,"[""8x18""]","[""235/45R18""]",tgp_solutions,unknown,"""2026-05-07T21:45:59.143Z"""
643b18bf-5ecf-4271-9792-e80fb4b782b2,2018,Lexus,RC300,(RWD) Front (RWD),(RWD) Front (RWD),0a7d43ef3c468dc9,5x114.3,60.1,M12x1.50,60.00,60.00,"[""8x19""]","{""rear"":[],""front"":[""235/40R19""]}",deprecated-staggered-split,unknown,"""2026-05-07T21:45:59.143Z"""
b23e517d-921d-42aa-94f3-f96caed726b6,2018,Lexus,RC300,(RWD) Rear (RWD),(RWD) Rear (RWD),52a27b2a0dc35c88,5x114.3,60.1,M12x1.50,60.00,60.00,"[""9x19""]","{""rear"":[""265/35R19""],""front"":[]}",deprecated-staggered-split,unknown,"""2026-05-07T21:45:59.143Z"""
99c08927-08b4-47bc-88e2-74b4bc381099,2018,Lexus,RC300,F Sport (AWD),F Sport (AWD),1f77786f7b1c8251,5x114.3,60.1,M12x1.50,60.00,60.00,"[""8x19""]","[""235/40R19""]",tgp_solutions,unknown,"""2026-05-07T21:45:59.143Z"""
15087699-b61a-4ab5-b2d8-69581e319210,2018,Lexus,RC300,F Sport (RWD) Front F Sport (RWD),F Sport (RWD) Front F Sport (RWD),12c12c91356e7557,5x114.3,60.1,M12x1.50,60.00,60.00,"[""8x19""]","{""rear"":[],""front"":[""235/40R19""]}",deprecated-staggered-split,unknown,"""2026-05-07T21:45:59.143Z"""
34e1bfb7-13ed-44fa-b5a9-f1f72115401b,2018,Lexus,RC300,F Sport (RWD) Rear F Sport (RWD),F Sport (RWD) Rear F Sport (RWD),a178947e7d2d06b0,5x114.3,60.1,M12x1.50,60.00,60.00,"[""9x19""]","{""rear"":[""265/35R19""],""front"":[]}",deprecated-staggered-split,unknown,"""2026-05-07T21:45:59.143Z"""
9df63b4f-1b7c-4634-ae50-661fc933fce7,2018,Lexus,RC350,(AWD),(AWD),f6c3008c8d4f1160,5x114.3,60.1,M12x1.50,60.00,60.00,"[""8x18"",""8x19""]","[""235/40R19"",""P235/45R18""]",tgp_solutions,unknown,"""2026-05-07T21:45:59.143Z"""
67badeb5-784c-48b8-a803-e7442b66d7fe,2018,Lexus,RC350,(RWD),(RWD),0f076c60e8b3e2e3,5x114.3,60.1,M12x1.50,60.00,60.00,"[""8x18""]","[""235/45R18""]",tgp_solutions,unknown,"""2026-05-07T21:45:59.143Z"""
8dbc17cb-44ee-44b8-85c2-d1279918f853,2018,Lexus,RC350,(RWD) Front (RWD),(RWD) Front (RWD),89201416a3f96d8b,5x114.3,60.1,M12x1.50,60.00,60.00,"[""8x19""]","{""rear"":[],""front"":[""235/40R19""]}",deprecated-staggered-split,unknown,"""2026-05-07T21:45:59.143Z"""
fe37ba3d-2850-4e2f-8f37-70ef101b9103,2018,Lexus,RC350,(RWD) Rear (RWD),(RWD) Rear (RWD),fe29c4218a104b63,5x114.3,60.1,M12x1.50,60.00,60.00,"[""9x19""]","{""rear"":[""265/35R19""],""front"":[]}",deprecated-staggered-split,unknown,"""2026-05-07T21:45:59.143Z"""
7941121b-4e2b-46f5-a9bc-39759da131d0,2018,Lexus,RC350,F Sport (AWD),F Sport (AWD),960124a47ad52310,5x114.3,60.1,M12x1.50,60.00,60.00,"[""8x19""]","[""235/40R19""]",tgp_solutions,unknown,"""2026-05-07T21:45:59.143Z"""
14d83b66-027f-44fd-82be-dd448d8328fb,2018,Lexus,RC350,F Sport (RWD) Front F Sport (RWD),F Sport (RWD) Front F Sport (RWD),0b9273a102f5eec8,5x114.3,60.1,M12x1.50,60.00,60.00,"[""8x19""]","{""rear"":[],""front"":[""235/40R19""]}",deprecated-staggered-split,unknown,"""2026-05-07T21:45:59.143Z"""
1e839d1e-b56c-4c79-9067-a3f1ee745461,2018,Lexus,RC350,F Sport (RWD) Rear F Sport (RWD),F Sport (RWD) Rear F Sport (RWD),fb472d117b3c7200,5x114.3,60.1,M12x1.50,41.00,41.00,"[""9x19""]","{""rear"":[""265/35R19""],""front"":[]}",deprecated-staggered-split,unknown,"""2026-05-07T21:45:59.143Z"""
6d6f3267-3566-433e-87fe-958e50fdfe72,2018,Lexus,RX350,Base,Base,60b2a461ad427468,5x114.3,60.1,M12x1.50,35.00,35.00,"[""8x18"",""8x20""]","[""235/55R20"",""235/65R18""]",tgp_solutions,unknown,"""2026-05-07T21:45:59.143Z"""
136d29b8-e2c9-4cca-954d-d0ee99b8a23b,2018,Lexus,RX350,F Sport,F Sport,58cceb91519d5a4a,5x114.3,60.1,M12x1.50,35.00,35.00,"[""8x20""]","[""235/55R20""]",tgp_solutions,unknown,"""2026-05-07T21:45:59.143Z"""
081ddaaf-7d89-4faf-b30e-c29e44045e9a,2018,Lexus,RX350L,Base,Base,2189aeedfaf9ac77,5x114.3,60.1,M12x1.50,35.00,35.00,"[""8x18"",""8x20""]","[""235/55R20"",""235/65R18""]",tgp_solutions,unknown,"""2026-05-07T21:45:59.143Z"""
ea772c90-1169-4073-8e8d-467c8ac374ca,2018,Lexus,RX450h,Base,Base,2a91d27755ac8f79,5x114.3,60.1,M12x1.50,35.00,35.00,"[""8x18"",""8x20""]","[""235/55R20"",""235/65R18""]",tgp_solutions,unknown,"""2026-05-07T21:45:59.143Z"""
9afc9fac-8286-4053-bdea-2e58b592e30b,2018,Lexus,RX450h,F Sport,F Sport,3fad7b290d211bdf,5x114.3,60.1,M12x1.50,35.00,35.00,"[""8x20""]","[""235/55R20""]",tgp_solutions,unknown,"""2026-05-07T21:45:59.143Z"""
6099b381-648f-4004-b221-2c3a518050c9,2018,Lexus,RX450hL,Base,Base,7cc399af1a3bc145,5x114.3,60.1,M12x1.50,35.00,35.00,"[""8x18"",""8x20""]","[""235/55R20"",""235/65R18""]",tgp_solutions,unknown,"""2026-05-07T21:45:59.143Z"""
07f4a0e9-d686-4591-883b-b2320ff14124,2018,Lincoln,Continental,Black Label (AWD),Black Label (AWD),5c10b088c39f8d50,5x108,63.4,M14x1.50,45.00,45.00,"[""8.5x20""]","[""245/40R20""]",tgp_solutions,unknown,"""2026-05-07T21:45:59.143Z"""
f906b233-d6e3-4df7-9675-56618cbf4a39,2018,Lincoln,Continental,Black Label (FWD),Black Label (FWD),50f057b7ec623bdd,5x108,63.4,M14x1.50,45.00,45.00,"[""8.5x20""]","[""245/40R20""]",tgp_solutions,unknown,"""2026-05-07T21:45:59.143Z"""
9a906786-5c24-4b23-aa13-b2afb38aba94,2018,Lincoln,Continental,Premiere,Premiere,15fcaf931be08924,5x108,63.4,M14x1.50,45.00,45.00,"[""8x18""]","[""235/50R18""]",tgp_solutions,unknown,"""2026-05-07T21:45:59.143Z"""
b10f4cf3-ce0b-44a7-a054-ca0c2d45493f,2018,Lincoln,Continental,Reserve (AWD),Reserve (AWD),fcb7657a5d3dffdb,5x108,63.4,M14x1.50,45.00,45.00,"[""8.5x20"",""8x19""]","[""245/40R20"",""255/45R19""]",tgp_solutions,unknown,"""2026-05-07T21:45:59.143Z"""
73e78e4e-f4fd-41a4-9e49-39902322f134,2018,Lincoln,Continental,Reserve (FWD),Reserve (FWD),edf9685268643d8e,5x108,63.4,M14x1.50,45.00,45.00,"[""8.5x20"",""8x19""]","[""245/40R20"",""255/45R19""]",tgp_solutions,unknown,"""2026-05-07T21:45:59.143Z"""
795600ba-35e2-43a8-ba24-1a0b75819e39,2018,Lincoln,Continental,Select (AWD),Select (AWD),8af8004061aaf747,5x108,63.4,M14x1.50,45.00,45.00,"[""8.5x20"",""8x19""]","[""245/40R20"",""255/45R19""]",tgp_solutions,unknown,"""2026-05-07T21:45:59.143Z"""
56e56c46-1547-4661-9477-2eb7d3f4e793,2018,Lincoln,Continental,Select (FWD),Select (FWD),83ecdb9a38a76055,5x108,63.4,M14x1.50,45.00,45.00,"[""8.5x20"",""8x19""]","[""245/40R20"",""255/45R19""]",tgp_solutions,unknown,"""2026-05-07T21:45:59.143Z"""
604e413c-c2c7-4bf5-b5f7-3312836c287e,2018,Lincoln,MKC,Black Label,Black Label,dc9606c1238d0438,5x108,63.4,M12x1.50,40.00,40.00,"[""8.5x19"",""8x19"",""9x20""]","[""235/45R19"",""245/45R19"",""255/40R20""]",tgp_solutions,unknown,"""2026-05-07T21:45:59.143Z"""
a1bcb97a-4793-48fe-a7dd-4378f1a2254e,2018,Lincoln,MKC,Premiere,Premiere,45bbe1eb8ae89098,5x108,63.4,M12x1.50,40.00,40.00,"[""7.5x18""]","[""235/50R18""]",tgp_solutions,unknown,"""2026-05-07T21:45:59.143Z"""
8ceabd7b-a5e8-4dd8-b624-6bb47801b735,2018,Lincoln,MKC,Reserve,Reserve,65b7ee2f4a00c390,5x108,63.4,M12x1.50,40.00,40.00,"[""8x18"",""8x19"",""9x20""]","[""235/45R19"",""235/50R18"",""245/45R19"",""255/40R20""]",tgp_solutions,unknown,"""2026-05-07T21:45:59.143Z"""
ed958341-b159-4c31-a5b6-9dce1254940c,2018,Lincoln,MKC,Select,Select,3f2a16c71d39161c,5x108,63.4,M12x1.50,40.00,40.00,"[""7.5x18""]","[""235/50R18""]",tgp_solutions,unknown,"""2026-05-07T21:45:59.143Z"""
9bb7955d-f2f7-4f04-8df7-da63f889b4e5,2018,Lincoln,MKT,Premiere,Premiere,f170bf810ef8d03f,5x114.3,63.4,M1/2x20,42.00,42.00,"[""8x19""]","[""P235/55R19""]",tgp_solutions,unknown,"""2026-05-07T21:45:59.143Z"""
90cd1dd3-00fc-44f4-a707-e04347f05c3c,2018,Lincoln,MKT,Reserve,Reserve,6aa568f35c2ecc20,5x114.3,63.4,M1/2x20,42.00,42.00,"[""8x19"",""8x20""]","[""255/45R20"",""P235/55R19""]",tgp_solutions,unknown,"""2026-05-07T21:45:59.143Z"""
8d131413-0af0-4c4d-a523-411471b25b8d,2018,Lincoln,MKX,Black Label,Black Label,58f9a46ca11d9786,5x108,63.4,M14x1.50,44.00,44.00,"[""8x20"",""9x21""]","[""245/50R20"",""265/40R21""]",tgp_solutions,unknown,"""2026-05-07T21:45:59.143Z"""
82268eae-9974-4051-bf1f-a78d6d3d9f10,2018,Lincoln,MKX,Premiere,Premiere,28869acd12191adc,5x108,63.4,M14x1.50,44.00,44.00,"[""8x18""]","[""245/60R18""]",tgp_solutions,unknown,"""2026-05-07T21:45:59.143Z"""
25218204-be19-4a41-9446-8833f5ceead3,2018,Lincoln,MKX,Reserve,Reserve,96ce93f387c9b7dd,5x108,63.4,M14x1.50,44.00,44.00,"[""8x20"",""9x21""]","[""245/50R20"",""265/40R21""]",tgp_solutions,unknown,"""2026-05-07T21:45:59.143Z"""
f918dbb3-9fda-42ec-a97b-642ea82e2cad,2018,Lincoln,MKX,Select,Select,d9580443651f93c0,5x108,63.4,M14x1.50,44.00,44.00,"[""8x18""]","[""245/60R18""]",tgp_solutions,unknown,"""2026-05-07T21:45:59.143Z"""
85fbb53d-c1c9-47c5-8134-4a04b049976e,2018,Lincoln,MKZ,Black Label,Black Label,44c9374cb913dc97,5x108,63.4,M14x1.50,40.00,40.00,"[""8x19""]","[""245/40R19""]",tgp_solutions,unknown,"""2026-05-07T21:45:59.143Z"""
cb8c7dcd-0295-4299-8563-f0055000aa7d,2018,Lincoln,MKZ,Black Label Hybrid,Black Label Hybrid,2671a677953f1dde,5x108,63.4,M14x1.50,40.00,40.00,"[""8x19""]","[""245/40R19""]",tgp_solutions,unknown,"""2026-05-07T21:45:59.143Z"""
f9960b99-87e2-415b-8728-3faa82a3894c,2018,Lincoln,MKZ,Premiere,Premiere,1085ad963c751c20,5x108,63.4,M14x1.50,40.00,40.00,"[""8x18""]","[""245/45R18""]",tgp_solutions,unknown,"""2026-05-07T21:45:59.143Z"""
c3d1db6b-421a-468d-af36-9ca7106f9a79,2018,Lincoln,MKZ,Premiere Hybrid,Premiere Hybrid,2c9cd79895e539b7,5x108,63.4,M14x1.50,40.00,40.00,"[""8x18""]","[""245/45R18""]",tgp_solutions,unknown,"""2026-05-07T21:45:59.143Z"""
bafcdc20-69af-4f4f-aaf1-79ef71a57b84,2018,Lincoln,MKZ,Reserve,Reserve,9b507c6ff36108b6,5x108,63.4,M14x1.50,40.00,40.00,"[""8x19""]","[""245/40R19""]",tgp_solutions,unknown,"""2026-05-07T21:45:59.143Z"""
6719a111-1a88-4914-bfe1-1f725eb2da8d,2018,Lincoln,MKZ,Reserve Hybrid,Reserve Hybrid,722476b7c624c3c4,5x108,63.4,M14x1.50,40.00,40.00,"[""8x19""]","[""245/40R19""]",tgp_solutions,unknown,"""2026-05-07T21:45:59.143Z"""
b6c256d8-c38a-4bbd-a3e1-7cd6a0f280ec,2018,Lincoln,MKZ,Select,Select,a812af72ab2e736d,5x108,63.4,M14x1.50,40.00,40.00,"[""8x18"",""8x19""]","[""245/40R19"",""245/45R18""]",tgp_solutions,unknown,"""2026-05-07T21:45:59.143Z"""
68dcd57e-b1e9-4f2b-afd6-e22693301c9f,2018,Lincoln,MKZ,Select Hybrid,Select Hybrid,1d08fe0da47886b4,5x108,63.4,M14x1.50,40.00,40.00,"[""8x18"",""8x19""]","[""245/40R19"",""245/45R18""]",tgp_solutions,unknown,"""2026-05-07T21:45:59.143Z"""
4c6dc4f9-796b-4ccc-a0be-773a6f01462e,2018,Lincoln,Navigator,Black Label,Black Label,bd00b6c2d4f1ec05,6x135,87.0,M14x1.50,44.00,44.00,"[""9.5x22""]","[""285/45R22""]",tgp_solutions,unknown,"""2026-05-07T21:45:59.143Z"""
febfe440-0bac-4fe1-9d7a-7c4e0e6fbefa,2018,Lincoln,Navigator,L Black Label,L Black Label,49f9425f70c43358,6x135,87.0,M14x1.50,44.00,44.00,"[""9.5x22""]","[""285/45R22""]",tgp_solutions,unknown,"""2026-05-07T21:45:59.143Z"""
e872e330-da7b-40ca-9adc-a2e4fd62fb93,2018,Lincoln,Navigator,L Reserve,L Reserve,3c5af5fcad58c456,6x135,87.0,M14x1.50,44.00,44.00,"[""9.5x22""]","[""285/45R22""]",tgp_solutions,unknown,"""2026-05-07T21:45:59.143Z"""
28436f95-dc6a-42bb-ba73-f35f647a6590,2018,Lincoln,Navigator,L Select,L Select,dcffc400744def57,6x135,87.0,M14x1.50,44.00,44.00,"[""9.5x22""]","[""285/45R22""]",tgp_solutions,unknown,"""2026-05-07T21:45:59.143Z"""
8f2e3f8f-fb35-4da3-9655-e22c09bc1f46,2018,Lincoln,Navigator,Premiere,Premiere,5ae822c7e4d2bf26,6x135,87.0,M14x1.50,44.00,44.00,"[""8.5x20""]","[""275/55R20""]",tgp_solutions,unknown,"""2026-05-07T21:45:59.143Z"""
d719a269-cc04-4e73-895f-edf7de01fbfe,2018,Lincoln,Navigator,Reserve,Reserve,72b5d9b492ee2e81,6x135,87.0,M14x1.50,44.00,44.00,"[""9.5x22""]","[""285/45R22""]",tgp_solutions,unknown,"""2026-05-07T21:45:59.143Z"""
4c9fa9ec-1067-44a6-af42-9b07b74a18cd,2018,Lincoln,Navigator,Select,Select,ea673ebacc4c5927,6x135,87.0,M14x1.50,44.00,44.00,"[""9.5x22""]","[""285/45R22""]",tgp_solutions,unknown,"""2026-05-07T21:45:59.143Z"""
dc3dafa5-001b-451e-9d6d-4bcc6fdbf7a2,2018,Lotus,Evora,400 Front 400,400 Front 400,840b2c802c159aa7,5x114.3,68.0,M12x1.50B,52.00,52.00,"[""8.5x19""]","{""rear"":[],""front"":[""235/35ZR19""]}",deprecated-staggered-split,unknown,"""2026-05-07T21:45:59.143Z"""
27030645-910b-4932-a177-1549f4dcac31,2018,Lotus,Evora,400 Rear 400,400 Rear 400,5d509e6789d98c04,5x114.3,68.0,M12x1.50B,69.00,69.00,"[""9.5x20""]","{""rear"":[""285/30ZR20""],""front"":[]}",deprecated-staggered-split,unknown,"""2026-05-07T21:45:59.143Z"""
ff2d674e-7e0b-4777-8d9f-0d14ed0dd8e8,2018,Maserati,Ghibli,Base Front Base,Base Front Base,ec075f6b476f291b,5x114.3,67.1,M14x1.50B,,,"[""8.5x19"",""9x20"",""9x21""]","{""rear"":[],""front"":[""245/35ZR21"",""245/40R20"",""245/40ZR20"",""245/45R19"",""245/45ZR19""]}",deprecated-staggered-split,unknown,"""2026-05-07T21:45:59.143Z"""
22dc2454-6ede-4092-95d1-e92f4a6604e8,2018,Maserati,Ghibli,Base Rear Base,Base Rear Base,f9b91477e33a7e15,5x114.3,67.1,M14x1.50B,,,"[""10.5x20"",""10.5x21"",""10x19""]","{""rear"":[""275/40R19"",""275/40ZR19"",""285/30ZR21"",""285/35R20"",""285/35ZR20""],""front"":[]}",deprecated-staggered-split,unknown,"""2026-05-07T21:45:59.143Z"""
cf989aab-9aef-4ff4-aaf9-37a1b5e2a372,2018,Maserati,Ghibli,S Front S,S Front S,8a181863b0e7c129,5x114.3,67.1,M14x1.50B,,,"[""8.5x19"",""9x20"",""9x21""]","{""rear"":[],""front"":[""245/35ZR21"",""245/40R20"",""245/40ZR20"",""245/45R19"",""245/45ZR19""]}",deprecated-staggered-split,unknown,"""2026-05-07T21:45:59.143Z"""
4a93a6d8-3b3a-4432-9bfa-f5375f2b7645,2018,Maserati,Ghibli,S Q4 Front S Q4,S Q4 Front S Q4,1c26591854bd7006,5x114.3,67.1,M14x1.50B,,,"[""8.5x19"",""9x20"",""9x21""]","{""rear"":[],""front"":[""245/35ZR21"",""245/40R20"",""245/40ZR20"",""245/45R19"",""245/45ZR19""]}",deprecated-staggered-split,unknown,"""2026-05-07T21:45:59.143Z"""
b76b7c15-6d2a-4952-9a99-8fae8d935763,2018,Maserati,Ghibli,S Q4 Rear S Q4,S Q4 Rear S Q4,4594aa1068d89403,5x114.3,67.1,M14x1.50B,,,"[""10.5x20"",""10.5x21"",""10x19""]","{""rear"":[""275/40R19"",""275/40ZR19"",""285/30ZR21"",""285/35R20"",""285/35ZR20""],""front"":[]}",deprecated-staggered-split,unknown,"""2026-05-07T21:45:59.143Z"""
c4ba2123-a8b2-4994-8e83-178e158117b4,2018,Maserati,Ghibli,S Rear S,S Rear S,773d4838e3c9e5ef,5x114.3,67.1,M14x1.50B,,,"[""10.5x20"",""10.5x21"",""10x19""]","{""rear"":[""275/40R19"",""275/40ZR19"",""285/30ZR21"",""285/35R20"",""285/35ZR20""],""front"":[]}",deprecated-staggered-split,unknown,"""2026-05-07T21:45:59.143Z"""
bb04ee7a-4382-4e47-866c-88b304418b67,2018,Maserati,GranTurismo,MC Front MC,MC Front MC,939c7f1d95231df4,5x114.3,67.1,M14x1.50B,,,"[""8.5x20""]","{""rear"":[],""front"":[""245/35ZR20""]}",deprecated-staggered-split,unknown,"""2026-05-07T21:45:59.143Z"""
f9f549b5-132f-41f2-b816-f3e3ebd44257,2018,Maserati,GranTurismo,MC Rear MC,MC Rear MC,ab1a2a3932cb547e,5x114.3,67.1,M14x1.50B,,,"[""10.5x20""]","{""rear"":[""285/35ZR20""],""front"":[]}",deprecated-staggered-split,unknown,"""2026-05-07T21:45:59.143Z"""
ca9effea-d854-45e0-a132-099dc639833a,2018,Maserati,GranTurismo,Sport Front Sport,Sport Front Sport,28e6c06437969632,5x114.3,67.1,M14x1.50B,,,"[""8.5x20""]","{""rear"":[],""front"":[""245/35ZR20""]}",deprecated-staggered-split,unknown,"""2026-05-07T21:45:59.143Z"""
ad95c3b7-2227-4890-9808-e3417b83ab90,2018,Maserati,GranTurismo,Sport Rear Sport,Sport Rear Sport,fecb3e5e637512b5,5x114.3,67.1,M14x1.50B,,,"[""10.5x20""]","{""rear"":[""285/35ZR20""],""front"":[]}",deprecated-staggered-split,unknown,"""2026-05-07T21:45:59.143Z"""
d5acc08a-7c12-4d00-b37f-47ec0fc23a95,2018,Maserati,Levante,(20 Inch Option),(20 Inch Option),c825ad5e89f14b60,5x114.3,67.1,M14x1.50B,,,"[""9x20""]","[""265/45R20""]",tgp_solutions,unknown,"""2026-05-07T21:45:59.143Z"""
0490527d-45b4-4603-960a-5c1e551a9b94,2018,Maserati,Levante,(21 Inch Option),(21 Inch Option),cf7b76bed3ce7b4c,5x114.3,67.1,M14x1.50B,,,"[""9.5x21""]","[""265/40R21""]",tgp_solutions,unknown,"""2026-05-07T21:45:59.143Z"""
a0147b3a-dfc2-4e4e-826c-0739209ed3cc,2018,Maserati,Levante,Base,Base,f6512aa14ae26193,5x114.3,67.1,M14x1.50B,,,"[""8.5x19""]","[""265/50R19""]",tgp_solutions,unknown,"""2026-05-07T21:45:59.143Z"""
7afeb7f8-b0f2-4f96-9840-6a7bda72e6a8,2018,Maserati,Levante,S (20 Inch Option) Front S (20 Inch Option),S (20 Inch Option) Front S (20 Inch Option),14f8e1ac20b55836,5x114.3,67.1,M14x1.50B,,,"[""9x20""]","{""rear"":[],""front"":[""265/45R20"",""265/45ZR20""]}",deprecated-staggered-split,unknown,"""2026-05-07T21:45:59.143Z"""
51725863-79d6-4625-951f-a57af4f63b77,2018,Maserati,Levante,S (20 Inch Option) Rear S (20 Inch Option),S (20 Inch Option) Rear S (20 Inch Option),afc059206ed2bfed,5x114.3,67.1,M14x1.50B,,,"[""10.5x20""]","{""rear"":[""295/40R20"",""295/40ZR20""],""front"":[]}",deprecated-staggered-split,unknown,"""2026-05-07T21:45:59.143Z"""
f7e16b5d-e0d9-48fc-9d17-9ddd2b981542,2018,Maserati,Levante,S (21 Inch Option) Front S (21 Inch Option),S (21 Inch Option) Front S (21 Inch Option),1cdd9f8f921289d3,5x114.3,67.1,M14x1.50B,,,"[""9.5x21""]","{""rear"":[],""front"":[""265/40R21""]}",deprecated-staggered-split,unknown,"""2026-05-07T21:45:59.143Z"""
3656736a-c1df-4814-847a-e446bcd03da9,2018,Maserati,Levante,S (21 Inch Option) Rear S (21 Inch Option),S (21 Inch Option) Rear S (21 Inch Option),0f7fc513a1a3dc95,5x114.3,67.1,M14x1.50B,,,"[""10.5x21""]","{""rear"":[""295/35R21""],""front"":[]}",deprecated-staggered-split,unknown,"""2026-05-07T21:45:59.143Z"""
93645a1d-4bab-47b8-bd92-db75913f260e,2018,Maserati,Levante,S Front S,S Front S,11c8ab2110903a6b,5x114.3,67.1,M14x1.50B,,,"[""8.5x19""]","{""rear"":[],""front"":[""265/50R19""]}",deprecated-staggered-split,unknown,"""2026-05-07T21:45:59.143Z"""
587d1dce-131e-4de0-b0a9-a983121599b6,2018,Maserati,Levante,S Rear S,S Rear S,9ffa0ef640621654,5x114.3,67.1,M14x1.50B,,,"[""10x19""]","{""rear"":[""295/45R19""],""front"":[]}",deprecated-staggered-split,unknown,"""2026-05-07T21:45:59.143Z"""
8f0ee2b2-a6af-4788-b284-c8722a30930d,2018,Maserati,Quattroporte,GTS Front GTS,GTS Front GTS,92b7d9f0a6234b2b,5x114.3,67.1,M14x1.50B,,,"[""8.5x19"",""8.5x20"",""8.5x21"",""9x20""]","{""rear"":[],""front"":[""245/35ZR21"",""245/40R20"",""245/40ZR20"",""245/45R19"",""245/45ZR19""]}",deprecated-staggered-split,unknown,"""2026-05-07T21:45:59.143Z"""
69c76780-1999-427e-ab39-243043ee899a,2018,Maserati,Quattroporte,GTS Rear GTS,GTS Rear GTS,02c9a1828eada974,5x114.3,67.1,M14x1.50B,,,"[""10.5x20"",""10.5x21"",""10x19""]","{""rear"":[""275/40R19"",""275/40ZR19"",""285/30ZR21"",""285/35R20"",""285/35ZR20""],""front"":[]}",deprecated-staggered-split,unknown,"""2026-05-07T21:45:59.143Z"""
25860886-d575-4f07-82a7-052ddb970242,2018,Maserati,Quattroporte,S Front S,S Front S,6665179659d35507,5x114.3,67.1,M14x1.50B,,,"[""8.5x19"",""8.5x20"",""8.5x21""]","{""rear"":[],""front"":[""245/35ZR21"",""245/40R20"",""245/40ZR20"",""245/45R19"",""245/45ZR19""]}",deprecated-staggered-split,unknown,"""2026-05-07T21:45:59.143Z"""
d1341b73-a1f0-4bb1-aac1-412402030489,2018,Maserati,Quattroporte,S Q4 Front S Q4,S Q4 Front S Q4,052b5e636754ff7a,5x114.3,67.1,M14x1.50B,,,"[""8.5x19"",""8.5x20"",""8.5x21""]","{""rear"":[],""front"":[""245/35ZR21"",""245/40R20"",""245/40ZR20"",""245/45R19"",""245/45ZR19""]}",deprecated-staggered-split,unknown,"""2026-05-07T21:45:59.143Z"""
88f08ac1-b2d8-4d29-afac-1f8268732d46,2018,Maserati,Quattroporte,S Q4 Rear S Q4,S Q4 Rear S Q4,7c1f6cd3ba8c1d71,5x114.3,67.1,M14x1.50B,,,"[""10.5x20"",""10.5x21"",""10x19""]","{""rear"":[""275/40R19"",""275/40ZR19"",""285/30ZR21"",""285/35R20"",""285/35ZR20""],""front"":[]}",deprecated-staggered-split,unknown,"""2026-05-07T21:45:59.143Z"""
923fa73f-56e6-4686-9a67-5d8ee5b8d3fa,2018,Maserati,Quattroporte,S Rear S,S Rear S,deb46aa8e3a263f1,5x114.3,67.1,M14x1.50B,,,"[""10.5x20"",""10.5x21"",""10x19""]","{""rear"":[""275/40R19"",""275/40ZR19"",""285/30ZR21"",""285/35R20"",""285/35ZR20""],""front"":[]}",deprecated-staggered-split,unknown,"""2026-05-07T21:45:59.143Z"""
91daa5eb-e95e-498d-805d-bfdc89cb4c37,2018,Mazda,3,Grand Touring,Grand Touring,222054ad975818f5,5x114.3,67.0,M12x1.50,50.00,50.00,"[""7x18""]","[""215/45R18""]",tgp_solutions,unknown,"""2026-05-07T21:45:59.143Z"""
fcb8303f-b171-48c0-9fd1-de801e2ba49d,2018,Mazda,3,Sport,Sport,7575f59320042d76,5x114.3,67.0,M12x1.50,50.00,50.00,"[""6.5x16""]","[""P205/60R16""]",tgp_solutions,unknown,"""2026-05-07T21:45:59.143Z"""
bcbdd728-7ffc-42ce-aedf-907328284937,2018,Mazda,3,Touring,Touring,9805718e093b4649,5x114.3,67.0,M12x1.50,50.00,50.00,"[""7x18""]","[""215/45R18""]",tgp_solutions,unknown,"""2026-05-07T21:45:59.143Z"""
f2c8bd93-3124-4d92-9185-0e334b47a1d0,2018,Mazda,6,Grand Touring,Grand Touring,b391d02656f08b9b,5x114.3,67.0,M12x1.50,45.00,45.00,"[""7.5x19""]","[""P225/45R19""]",tgp_solutions,unknown,"""2026-05-07T21:45:59.143Z"""
e649682d-edc5-4caf-b987-af512a2908ce,2018,Mazda,6,Grand Touring Reserve,Grand Touring Reserve,3c3765482210a1cb,5x114.3,67.0,M12x1.50,45.00,45.00,"[""7.5x19""]","[""P225/45R19""]",tgp_solutions,unknown,"""2026-05-07T21:45:59.143Z"""
9292c460-7d45-47d4-bb11-828bb2ebce31,2018,Mazda,6,Signature,Signature,9f9df043957af219,5x114.3,67.0,M12x1.50,45.00,45.00,"[""7.5x19""]","[""P225/45R19""]",tgp_solutions,unknown,"""2026-05-07T21:45:59.143Z"""
a480c9ed-9770-4ac4-b6a4-017a5dc4f40e,2018,Mazda,6,Sport,Sport,5217ed0af553cdb8,5x114.3,67.0,M12x1.50,50.00,50.00,"[""7.5x17""]","[""P225/55R17""]",tgp_solutions,unknown,"""2026-05-07T21:45:59.143Z"""
10ef3f29-d517-44a7-9dc3-e33351ab4c26,2018,Mazda,6,Touring,Touring,9da6c93e7b23a6c1,5x114.3,67.0,M12x1.50,45.00,45.00,"[""7.5x19""]","[""P225/45R19""]",tgp_solutions,unknown,"""2026-05-07T21:45:59.143Z"""
6147546c-7875-4a79-9730-a1f56a680ed5,2018,Mazda,CX-3,Grand Touring,Grand Touring,d647fdbce8c6ffa1,5x114.3,67.0,M12x1.50,50.00,50.00,"[""7x18""]","[""P215/50R18""]",tgp_solutions,unknown,"""2026-05-07T21:45:59.143Z"""
bdb29f6d-f2a9-491d-9e09-062f9c56a673,2018,Mazda,CX-3,Sport,Sport,4f8c85b4abcbec06,5x114.3,67.0,M12x1.50,50.00,50.00,"[""6.5x16""]","[""P215/60R16""]",tgp_solutions,unknown,"""2026-05-07T21:45:59.143Z"""
d19dd14d-6dba-456d-8622-84dd1c87fc7d,2018,Mazda,CX-3,Touring,Touring,31c197beb17a9930,5x114.3,67.0,M12x1.50,50.00,50.00,"[""7x18""]","[""P215/50R18""]",tgp_solutions,unknown,"""2026-05-07T21:45:59.143Z"""
983ce7ca-bf43-47ab-ac8d-47fd022fc4f8,2018,Mazda,CX-5,Grand Touring,Grand Touring,100a307ead643301,5x114.3,67.0,M12x1.50,45.00,45.00,"[""7x19""]","[""P225/55R19""]",tgp_solutions,unknown,"""2026-05-07T21:45:59.143Z"""
9c861ff3-821f-4ff1-9914-e4d0d75653b0,2018,Mazda,CX-5,Sport,Sport,8fa376527fd9edbb,5x114.3,67.0,M12x1.50,45.00,45.00,"[""7x17""]","[""P225/65R17""]",tgp_solutions,unknown,"""2026-05-07T21:45:59.143Z"""
c400afaf-9315-4c6c-95ed-1ec03ae37edc,2018,Mazda,CX-5,Touring,Touring,24d9094a860635c7,5x114.3,67.0,M12x1.50,45.00,45.00,"[""7x19""]","[""P225/55R19""]",tgp_solutions,unknown,"""2026-05-07T21:45:59.143Z"""
7f84f13f-c03c-4125-8389-893d2f988234,2018,Mazda,CX-9,Grand Touring,Grand Touring,f24c53721277ce98,5x114.3,67.0,M12x1.50,45.00,45.00,"[""8.5x20""]","[""P255/50R20""]",tgp_solutions,unknown,"""2026-05-07T21:45:59.143Z"""
cd1166ab-ce8f-4b2f-bd12-509ae80f626a,2018,Mazda,CX-9,Signature,Signature,ccc381d2f9e2510e,5x114.3,67.0,M12x1.50,45.00,45.00,"[""8.5x20""]","[""P255/50R20""]",tgp_solutions,unknown,"""2026-05-07T21:45:59.143Z"""
72c15c90-aa85-4e01-b89b-a4ee7a9d3d9c,2018,Mazda,CX-9,Sport,Sport,4b4587f028444da9,5x114.3,67.0,M12x1.50,45.00,45.00,"[""8x18""]","[""P255/60R18""]",tgp_solutions,unknown,"""2026-05-07T21:45:59.143Z"""
78142b6d-d387-4d04-bf0b-e742e48717da,2018,Mazda,CX-9,Touring,Touring,5d623d5da2b663a7,5x114.3,67.0,M12x1.50,45.00,45.00,"[""8x18""]","[""P255/60R18""]",tgp_solutions,unknown,"""2026-05-07T21:45:59.143Z"""
0765e8b7-4c67-4503-a438-330e0ee2934b,2018,Mazda,MX-5 Miata,Club,Club,88d9034df2f95bea,4x100,54.1,M12x1.50,55.00,55.00,"[""7x17""]","[""205/45R17""]",tgp_solutions,unknown,"""2026-05-07T21:45:59.143Z"""
ef505fa9-520e-4df1-b7d4-9453d210b90e,2018,Mazda,MX-5 Miata,Grand Touring,Grand Touring,d0ec2e0f961ef834,4x100,54.1,M12x1.50,55.00,55.00,"[""7x17""]","[""205/45R17""]",tgp_solutions,unknown,"""2026-05-07T21:45:59.143Z"""
75ec5d1e-6b83-4fb0-9e15-68022ffa5669,2018,Mazda,MX-5 Miata,RF Club,RF Club,1f1469f2ea21ea9c,4x100,54.1,M12x1.50,55.00,55.00,"[""7x17""]","[""205/45R17""]",tgp_solutions,unknown,"""2026-05-07T21:45:59.143Z"""
b41dc23c-5b56-412a-afcf-1cbb782a3ee3,2018,Mazda,MX-5 Miata,RF Grand Touring,RF Grand Touring,1c234e6a4b23fdc8,4x100,54.1,M12x1.50,55.00,55.00,"[""7x17""]","[""205/45R17""]",tgp_solutions,unknown,"""2026-05-07T21:45:59.143Z"""
a8a861b7-2261-4cad-a95b-079027174431,2018,Mazda,MX-5 Miata,Sport,Sport,c4b58045816360fb,4x100,54.1,M12x1.50,55.00,55.00,"[""6.5x16""]","[""195/50R16""]",tgp_solutions,unknown,"""2026-05-07T21:45:59.143Z"""
ce61377d-558a-4642-b069-895a9bad3359,2018,McLaren,570GT,Base Front Base,Base Front Base,5f2bb2dd7319fc1d,5x112,66.6,M12x1.50,60.00,60.00,"[""8x19""]","{""rear"":[],""front"":[""225/35ZR19""]}",deprecated-staggered-split,unknown,"""2026-05-07T21:45:59.143Z"""
d8a2843c-3163-4e06-96ec-4c10af2475eb,2018,McLaren,570GT,Base Rear Base,Base Rear Base,4cd5f908fa724f9a,5x112,66.6,M12x1.50,68.00,68.00,"[""10x20""]","{""rear"":[""285/35ZR20""],""front"":[]}",deprecated-staggered-split,unknown,"""2026-05-07T21:45:59.143Z"""
00c33b3f-9e44-428b-9843-30e47a33273f,2018,McLaren,570S,Coupe Front Coupe,Coupe Front Coupe,e8e118f87bd98902,5x112,66.6,M12x1.50,60.00,60.00,"[""8x19""]","{""rear"":[],""front"":[""225/35ZR19""]}",deprecated-staggered-split,unknown,"""2026-05-07T21:45:59.143Z"""
4283f60e-095b-49db-9a0f-470ffa568e2d,2018,McLaren,570S,Coupe Rear Coupe,Coupe Rear Coupe,1954ced60dd165e2,5x112,66.6,M12x1.50,68.00,68.00,"[""10x20""]","{""rear"":[""285/35ZR20""],""front"":[]}",deprecated-staggered-split,unknown,"""2026-05-07T21:45:59.143Z"""
1c70a000-325c-46e5-ad7b-a09261a38868,2018,McLaren,570S,Spider Front Spider,Spider Front Spider,e16a581421e5ef1c,5x112,66.6,M12x1.50,60.00,60.00,"[""8x19""]","{""rear"":[],""front"":[""225/35ZR19""]}",deprecated-staggered-split,unknown,"""2026-05-07T21:45:59.143Z"""
339dc581-b35c-4dc4-b9cb-4972ebcf837a,2018,McLaren,570S,Spider Rear Spider,Spider Rear Spider,c1b46674df091fcd,5x112,66.6,M12x1.50,68.00,68.00,"[""10x20""]","{""rear"":[""285/35ZR20""],""front"":[]}",deprecated-staggered-split,unknown,"""2026-05-07T21:45:59.143Z"""
bfee470f-c18a-495e-bc53-10135ea09468,2018,McLaren,720S,Base Front Base,Base Front Base,8f421a456d9259df,5x112,66.6,M12x1.50,60.00,60.00,"[""9x19""]","{""rear"":[],""front"":[""245/35ZR19""]}",deprecated-staggered-split,unknown,"""2026-05-07T21:45:59.143Z"""
3c3409e3-d619-423c-bfa3-72e85c8b362a,2018,McLaren,720S,Base Rear Base,Base Rear Base,1a04443526ecdc92,5x112,66.6,M12x1.50,68.00,68.00,"[""11x20""]","{""rear"":[""305/30ZR20""],""front"":[]}",deprecated-staggered-split,unknown,"""2026-05-07T21:45:59.143Z"""
27bc328c-0269-4093-bf41-ad8108c6bf73,2018,Mercedes-Benz,AMG GT,Base Front Base,Base Front Base,e15c7f529951025e,5x112,66.6,M12x1.50B,61.00,61.00,"[""9x19""]","{""rear"":[],""front"":[""255/35ZR19"",""265/35ZR19""]}",deprecated-staggered-split,unknown,"""2026-05-07T21:45:59.143Z"""
f80a5cc5-3943-49a2-acdd-54c894f308e6,2018,Mercedes-Benz,AMG GT,Base Rear Base,Base Rear Base,cd02c61531346621,5x112,66.6,M12x1.50B,68.00,68.00,"[""11x19"",""11x20""]","{""rear"":[""295/30ZR19"",""295/30ZR20""],""front"":[]}",deprecated-staggered-split,unknown,"""2026-05-07T21:45:59.143Z"""
8522e867-0c6f-46a4-bea7-6a23e7bd4577,2018,Mercedes-Benz,AMG GT C,Base Front Base,Base Front Base,cb1594b7586a40ad,5x112,66.6,M12x1.50B,61.00,61.00,"[""9x19""]","{""rear"":[],""front"":[""265/35ZR19""]}",deprecated-staggered-split,unknown,"""2026-05-07T21:45:59.143Z"""
bb3667ae-266e-4a17-82cd-b9c378c37129,2018,Mercedes-Benz,AMG GT C,Base Rear Base,Base Rear Base,854a9daf317c6fc2,5x112,66.6,M12x1.50B,68.00,68.00,"[""12x20""]","{""rear"":[""305/30ZR20""],""front"":[]}",deprecated-staggered-split,unknown,"""2026-05-07T21:45:59.143Z"""
0dc34897-b888-48bf-b39f-748dd089206d,2018,Mercedes-Benz,AMG GT R,Base Front Base,Base Front Base,4b2e9b14379c065c,5x112,66.6,M12x1.50B,61.00,61.00,"[""10x19""]","{""rear"":[],""front"":[""275/35ZR19""]}",deprecated-staggered-split,unknown,"""2026-05-07T21:45:59.143Z"""
c9f70ab4-c926-4fb1-8226-8ca324278bfc,2018,Mercedes-Benz,AMG GT R,Base Rear Base,Base Rear Base,2fff38c279095255,5x112,66.6,M12x1.50B,68.00,68.00,"[""12x20""]","{""rear"":[""325/30ZR20""],""front"":[]}",deprecated-staggered-split,unknown,"""2026-05-07T21:45:59.143Z"""
708b0c9b-e5c9-4126-8559-b48ffa01ca26,2018,Mercedes-Benz,AMG GT S,Base Front Base,Base Front Base,4376afce21a285cc,5x112,66.6,M12x1.50B,61.00,61.00,"[""9x19""]","{""rear"":[],""front"":[""265/35ZR19""]}",deprecated-staggered-split,unknown,"""2026-05-07T21:45:59.143Z"""
fc480c15-387c-4143-a0de-13a355b6a3dd,2018,Mercedes-Benz,AMG GT S,Base Rear Base,Base Rear Base,41c49e59429e3548,5x112,66.6,M12x1.50B,68.00,68.00,"[""11x20""]","{""rear"":[""295/30ZR20""],""front"":[]}",deprecated-staggered-split,unknown,"""2026-05-07T21:45:59.143Z"""
d85f4853-e600-4dd6-be98-719a76775c8f,2018,Mercedes-Benz,C300,4Matic Coupe & Cabriolet Front 4Matic Coupe & Cabriolet,4Matic Coupe & Cabriolet Front 4Matic Coupe & Cabriolet,54c69996f68cda59,5x112,66.6,M14x1.50B,44.00,44.00,"[""7.5x18"",""7.5x19""]","{""rear"":[],""front"":[""225/40R19"",""225/45R18""]}",deprecated-staggered-split,unknown,"""2026-05-07T21:45:59.143Z"""
975caf40-02d9-4d2b-a6dd-62c0eb33e894,2018,Mercedes-Benz,C300,4Matic Coupe & Cabriolet Rear 4Matic Coupe & Cabriolet,4Matic Coupe & Cabriolet Rear 4Matic Coupe & Cabriolet,0c5d9352a62fbc3f,5x112,66.6,M14x1.50B,56.00,56.00,"[""8.5x18"",""8.5x19""]","{""rear"":[""245/35R19"",""245/40R18"",""255/35R19""],""front"":[]}",deprecated-staggered-split,unknown,"""2026-05-07T21:45:59.143Z"""
c67667e6-9b1c-4436-b8a8-09ca1ebc8e3d,2018,Mercedes-Benz,C300,4Matic Sedan,4Matic Sedan,55fe6e9ae2349fd0,5x112,66.6,M14x1.50B,48.50,48.50,"[""7x17""]","[""225/50R17""]",tgp_solutions,unknown,"""2026-05-07T21:45:59.143Z"""
3dcb61cb-e29d-4f40-87b2-91e439532e87,2018,Mercedes-Benz,C300,4Matic Sedan Front 4Matic Sedan,4Matic Sedan Front 4Matic Sedan,88b838ee3bc58fef,5x112,66.6,M14x1.50B,44.00,44.00,"[""7.5x18"",""7.5x19""]","{""rear"":[],""front"":[""225/40R19"",""225/45R18""]}",deprecated-staggered-split,unknown,"""2026-05-07T21:45:59.143Z"""
1c6c471f-2713-449e-bf31-71fe3d24abb1,2018,Mercedes-Benz,C300,4Matic Sedan Rear 4Matic Sedan,4Matic Sedan Rear 4Matic Sedan,6787531bd54e2078,5x112,66.6,M14x1.50B,56.00,56.00,"[""8.5x18"",""8.5x19""]","{""rear"":[""245/40R18"",""255/35R19""],""front"":[]}",deprecated-staggered-split,unknown,"""2026-05-07T21:45:59.143Z"""
8ec8745d-8169-4eb2-aa9c-c486312ebb5f,2018,Mercedes-Benz,C300,Coupe & Cabriolet Front Coupe & Cabriolet,Coupe & Cabriolet Front Coupe & Cabriolet,9e0b1e1b4e0eb0f3,5x112,66.6,M14x1.50B,44.00,44.00,"[""7.5x18"",""7.5x19""]","{""rear"":[],""front"":[""225/40R19"",""225/45R18""]}",deprecated-staggered-split,unknown,"""2026-05-07T21:45:59.143Z"""
9ff253dc-24ff-49f6-b723-a86fb3a70419,2018,Mercedes-Benz,C300,Coupe & Cabriolet Rear Coupe & Cabriolet,Coupe & Cabriolet Rear Coupe & Cabriolet,45d515db378cc8c2,5x112,66.6,M14x1.50B,56.00,56.00,"[""8.5x18"",""8.5x19""]","{""rear"":[""245/35R19"",""245/40R18"",""255/35R19""],""front"":[]}",deprecated-staggered-split,unknown,"""2026-05-07T21:45:59.143Z"""
cd35c808-8c94-47d8-9541-fea99360f472,2018,Mercedes-Benz,C300,Sedan,Sedan,9bbe84b91e327f83,5x112,66.6,M14x1.50B,48.50,48.50,"[""7x17""]","[""225/50R17""]",tgp_solutions,unknown,"""2026-05-07T21:45:59.143Z"""
36162c3a-9adb-425d-b4a9-0e7dcf171b20,2018,Mercedes-Benz,C300,Sedan Front Sedan,Sedan Front Sedan,f74eb78c9ea680a7,5x112,66.6,M14x1.50B,44.00,44.00,"[""7.5x18"",""7.5x19""]","{""rear"":[],""front"":[""225/40R19"",""225/45R18""]}",deprecated-staggered-split,unknown,"""2026-05-07T21:45:59.143Z"""
b5fa13e2-b1c4-45f6-90f6-91b0baa3710d,2018,Mercedes-Benz,C300,Sedan Rear Sedan,Sedan Rear Sedan,3542dbae02a3e95e,5x112,66.6,M14x1.50B,56.00,56.00,"[""8.5x18"",""8.5x19""]","{""rear"":[""245/40R18"",""255/35R19""],""front"":[]}",deprecated-staggered-split,unknown,"""2026-05-07T21:45:59.143Z"""
32f307a7-aef2-4429-9219-0a9ca4d99983,2018,Mercedes-Benz,C350e,Base Front Base,Base Front Base,1c09fae25cb130c0,5x112,66.6,M14x1.50B,44.00,44.00,"[""7.5x18""]","{""rear"":[],""front"":[""225/45R18""]}",deprecated-staggered-split,unknown,"""2026-05-07T21:45:59.143Z"""
aae4d194-534d-41e1-9855-3daebb1a5d46,2018,Mercedes-Benz,C350e,Base Rear Base,Base Rear Base,a57d78474d2f0df5,5x112,66.6,M14x1.50B,56.00,56.00,"[""8.5x18""]","{""rear"":[""245/40R18""],""front"":[]}",deprecated-staggered-split,unknown,"""2026-05-07T21:45:59.143Z"""
f5e06f27-5f6d-4cdb-b15d-9e1ba3498f2a,2018,Mercedes-Benz,C43 AMG,4Matic Coupe & Cabriolet Front 4Matic Coupe & Cabriolet,4Matic Coupe & Cabriolet Front 4Matic Coupe & Cabriolet,f6913bca261b8572,5x112,66.6,M14x1.50B,44.00,44.00,"[""7.5x18"",""7.5x19""]","{""rear"":[],""front"":[""225/40R19"",""225/45R18""]}",deprecated-staggered-split,unknown,"""2026-05-07T21:45:59.143Z"""
9c28e6ab-5c7b-4fc9-b22e-029cdb0c59ff,2018,Mercedes-Benz,C43 AMG,4Matic Coupe & Cabriolet Rear 4Matic Coupe & Cabriolet,4Matic Coupe & Cabriolet Rear 4Matic Coupe & Cabriolet,74a5cdc2b2d93f97,5x112,66.6,M14x1.50B,56.00,56.00,"[""8.5x18"",""8.5x19""]","{""rear"":[""245/40R18"",""255/35R19""],""front"":[]}",deprecated-staggered-split,unknown,"""2026-05-07T21:45:59.143Z"""
c5af1d12-3882-4d62-8e05-c7a6463ca6cd,2018,Mercedes-Benz,C43 AMG,4Matic Sedan Front 4Matic Sedan,4Matic Sedan Front 4Matic Sedan,e520af1688402d16,5x112,66.6,M14x1.50B,44.00,44.00,"[""7.5x18"",""7.5x19""]","{""rear"":[],""front"":[""225/40R19"",""225/45R18""]}",deprecated-staggered-split,unknown,"""2026-05-07T21:45:59.143Z"""
62ed1d92-5e78-4318-b3dc-a470ab97f54b,2018,Mercedes-Benz,C43 AMG,4Matic Sedan Rear 4Matic Sedan,4Matic Sedan Rear 4Matic Sedan,3d1625fc6be1bec9,5x112,66.6,M14x1.50B,56.00,56.00,"[""8.5x18"",""8.5x19""]","{""rear"":[""245/40R18"",""255/35R19""],""front"":[]}",deprecated-staggered-split,unknown,"""2026-05-07T21:45:59.143Z"""
ce239453-e165-4d16-b857-701ef9e39c56,2018,Mercedes-Benz,C63 AMG,Cabriolet Front Cabriolet,Cabriolet Front Cabriolet,50eb68bc137fd58a,5x112,66.6,M14x1.50B,45.00,45.00,"[""9x18"",""9x19""]","{""rear"":[],""front"":[""255/35ZR19"",""255/40ZR18""]}",deprecated-staggered-split,unknown,"""2026-05-07T21:45:59.143Z"""
ef913156-b403-4a49-aad2-1af603373016,2018,Mercedes-Benz,C63 AMG,Cabriolet Rear Cabriolet,Cabriolet Rear Cabriolet,aa5fdfa56c6774fd,5x112,66.6,M14x1.50B,54.00,54.00,"[""10.5x18"",""10.5x19""]","{""rear"":[""285/30ZR19"",""285/35ZR18""],""front"":[]}",deprecated-staggered-split,unknown,"""2026-05-07T21:45:59.143Z"""
ec35fd4f-d9d2-49e7-8621-f13af132980f,2018,Mercedes-Benz,C63 AMG,Coupe Front Coupe,Coupe Front Coupe,b1a26375c7a1cbae,5x112,66.6,M14x1.50B,45.00,45.00,"[""9x18"",""9x19""]","{""rear"":[],""front"":[""255/35ZR19"",""255/40ZR18""]}",deprecated-staggered-split,unknown,"""2026-05-07T21:45:59.143Z"""
bf845764-4a2d-4e81-bcc6-08b38c6d2f89,2018,Mercedes-Benz,C63 AMG,Coupe Rear Coupe,Coupe Rear Coupe,3526707315835635,5x112,66.6,M14x1.50B,54.00,54.00,"[""10.5x18"",""10.5x19""]","{""rear"":[""285/30ZR19"",""285/35ZR18""],""front"":[]}",deprecated-staggered-split,unknown,"""2026-05-07T21:45:59.143Z"""
0668e5c6-4f58-43b4-9eb8-55a1d5ef5579,2018,Mercedes-Benz,C63 AMG,Sedan Front Sedan,Sedan Front Sedan,f2098d08d993f872,5x112,66.6,M14x1.50B,45.00,45.00,"[""8.5x18"",""8.5x19""]","{""rear"":[],""front"":[""245/35ZR19"",""245/40ZR18""]}",deprecated-staggered-split,unknown,"""2026-05-07T21:45:59.143Z"""
92594804-cd12-4e1b-8918-5677f4a9d561,2018,Mercedes-Benz,C63 AMG,Sedan Rear Sedan,Sedan Rear Sedan,33c739a0e2da4891,5x112,66.6,M14x1.50B,54.00,54.00,"[""9.5x18"",""9.5x19""]","{""rear"":[""265/35ZR19"",""265/40ZR18""],""front"":[]}",deprecated-staggered-split,unknown,"""2026-05-07T21:45:59.143Z"""
f0a97927-edf4-44c2-80e3-577cf7165664,2018,Mercedes-Benz,C63 AMG S,Cabriolet Front Cabriolet,Cabriolet Front Cabriolet,40299de71d5e9ada,5x112,66.6,M14x1.50B,45.00,45.00,"[""9x19""]","{""rear"":[],""front"":[""255/35ZR19""]}",deprecated-staggered-split,unknown,"""2026-05-07T21:45:59.143Z"""
84bde8ac-4017-4f9e-894b-8b5fa4c758bb,2018,Mercedes-Benz,C63 AMG S,Cabriolet Rear Cabriolet,Cabriolet Rear Cabriolet,5207721473f5b8d3,5x112,66.6,M14x1.50B,54.00,54.00,"[""10.5x19"",""10.5x20""]","{""rear"":[""285/30ZR19"",""285/30ZR20""],""front"":[]}",deprecated-staggered-split,unknown,"""2026-05-07T21:45:59.143Z"""
e30c640e-b5cf-4d67-aa26-1fd0aa8c5396,2018,Mercedes-Benz,C63 AMG S,Coupe Front Coupe,Coupe Front Coupe,432e0fc172c9b1c1,5x112,66.6,M14x1.50B,45.00,45.00,"[""9x19""]","{""rear"":[],""front"":[""255/35ZR19""]}",deprecated-staggered-split,unknown,"""2026-05-07T21:45:59.143Z"""
8da407a7-44ab-4400-9ba5-c587eaf400a8,2018,Mercedes-Benz,C63 AMG S,Coupe Rear Coupe,Coupe Rear Coupe,20a9746979941423,5x112,66.6,M14x1.50B,54.00,54.00,"[""10.5x19"",""10.5x20""]","{""rear"":[""285/30ZR19"",""285/30ZR20""],""front"":[]}",deprecated-staggered-split,unknown,"""2026-05-07T21:45:59.143Z"""
fd0a18c3-74c6-46f9-ae37-e7573e261aff,2018,Mercedes-Benz,C63 AMG S,Sedan Front Sedan,Sedan Front Sedan,2dec631b7b34e358,5x112,66.6,M14x1.50B,45.00,45.00,"[""8.5x19""]","{""rear"":[],""front"":[""245/35ZR19""]}",deprecated-staggered-split,unknown,"""2026-05-07T21:45:59.143Z"""
2814da92-6914-456f-9ccf-7a264f4066ba,2018,Mercedes-Benz,C63 AMG S,Sedan Rear Sedan,Sedan Rear Sedan,ea51d1b181f70352,5x112,66.6,M14x1.50B,54.00,54.00,"[""9.5x19""]","{""rear"":[""265/35ZR19""],""front"":[]}",deprecated-staggered-split,unknown,"""2026-05-07T21:45:59.143Z"""
32029e83-fcbd-4113-9734-812dfe6f9c6d,2018,Mercedes-Benz,CLA250,4Matic,4Matic,59ced6c0efada910,5x112,66.6,M14x1.50B,52.50,52.50,"[""7.5x17"",""7.5x18""]","[""225/40R18"",""225/45R17""]",tgp_solutions,unknown,"""2026-05-07T21:45:59.143Z"""
c9aa59bf-8be4-45d5-b544-8931f15294a7,2018,Mercedes-Benz,CLA250,4Matic w/AMG Sport Pkg.,4Matic w/AMG Sport Pkg.,6e479b5ea55b079c,5x112,66.6,M14x1.50B,48.00,48.00,"[""8x18""]","[""235/40ZR18""]",tgp_solutions,unknown,"""2026-05-07T21:45:59.143Z"""
b5b02477-6cc9-4926-a550-446cc3225fcc,2018,Mercedes-Benz,CLA250,Base,Base,ef9cc70096f48a0d,5x112,66.6,M14x1.50B,52.50,52.50,"[""7.5x18"",""7x17""]","[""225/40R18"",""225/45R17""]",tgp_solutions,unknown,"""2026-05-07T21:45:59.143Z"""
e032ee10-76f4-4559-88f0-ad4794e457d7,2018,Mercedes-Benz,CLA250,w/AMG Sport Pkg.,w/AMG Sport Pkg.,ad6fe5cc67013f53,5x112,66.6,M14x1.50B,48.00,48.00,"[""8x18""]","[""235/40ZR18""]",tgp_solutions,unknown,"""2026-05-07T21:45:59.143Z"""
95362bfb-0245-4ffb-a4b3-8c663f733a76,2018,Mercedes-Benz,CLA45 AMG,4Matic,4Matic,594141933b23570b,5x112,66.6,M14x1.50B,48.00,48.00,"[""8x18"",""8x19""]","[""235/35R19"",""235/35ZR19"",""235/40ZR18""]",tgp_solutions,unknown,"""2026-05-07T21:45:59.143Z"""
67987bad-611b-4f71-b5a2-5d6d1063c5fb,2018,Mercedes-Benz,CLS550,4Matic Front 4Matic,4Matic Front 4Matic,8641744a32a2d45d,5x112,66.6,M12x1.50B,34.00,34.00,"[""8.5x18"",""8.5x19""]","{""rear"":[],""front"":[""255/35ZR19"",""255/40R18"",""255/40ZR18""]}",deprecated-staggered-split,unknown,"""2026-05-07T21:45:59.143Z"""
f044b3d0-a1d3-45f7-b37e-7a3db73e7dbf,2018,Mercedes-Benz,CLS550,4Matic Rear 4Matic,4Matic Rear 4Matic,6dcfc9fbf3e84f0a,5x112,66.6,M12x1.50B,48.00,48.00,"[""9.5x18"",""9.5x19""]","{""rear"":[""285/30ZR19"",""285/35R18"",""285/35ZR18""],""front"":[]}",deprecated-staggered-split,unknown,"""2026-05-07T21:45:59.143Z"""
59d08298-c420-40f4-96a2-21e2a29199e1,2018,Mercedes-Benz,CLS550,Base Front Base,Base Front Base,b08aa03bc7516280,5x112,66.6,M12x1.50B,34.00,34.00,"[""8.5x18"",""8.5x19""]","{""rear"":[],""front"":[""255/35ZR19"",""255/40R18"",""255/40ZR18""]}",deprecated-staggered-split,unknown,"""2026-05-07T21:45:59.143Z"""
d4b57081-c49f-4136-a456-cf231139ce3f,2018,Mercedes-Benz,CLS550,Base Rear Base,Base Rear Base,d58d4a31c19e7d8d,5x112,66.6,M12x1.50B,48.00,48.00,"[""9.5x18"",""9.5x19""]","{""rear"":[""285/30ZR19"",""285/35R18"",""285/35ZR18""],""front"":[]}",deprecated-staggered-split,unknown,"""2026-05-07T21:45:59.143Z"""
e31b9d1c-b893-482a-a804-10005ffcbbd6,2018,Mercedes-Benz,CLS63 AMG S,4Matic Front 4Matic,4Matic Front 4Matic,5024001712f34e75,5x112,66.6,M12x1.50B,35.00,35.00,"[""8.5x19""]","{""rear"":[],""front"":[""255/35R19"",""255/35ZR19""]}",deprecated-staggered-split,unknown,"""2026-05-07T21:45:59.143Z"""
a0a0e46a-8f72-4b4c-aed0-026921e7fb0d,2018,Mercedes-Benz,CLS63 AMG S,4Matic Rear 4Matic,4Matic Rear 4Matic,081a397d2a7341e2,5x112,66.6,M12x1.50B,48.00,48.00,"[""9.5x19""]","{""rear"":[""285/30R19"",""285/30ZR19""],""front"":[]}",deprecated-staggered-split,unknown,"""2026-05-07T21:45:59.143Z"""
00fc1db8-ae08-4865-bd3f-c6e41cdeb29c,2018,Mercedes-Benz,E300,4Matic Sedan,4Matic Sedan,965bc0e0f99ce1bc,5x112,66.6,M12x1.50B,48.00,48.00,"[""8.5x17"",""8.5x19"",""8x18""]","[""225/55R17"",""245/40R19"",""245/45R18""]",tgp_solutions,unknown,"""2026-05-07T21:45:59.143Z"""
a97b4112-3747-4730-b109-8b9eabf72f30,2018,Mercedes-Benz,E300,Sedan,Sedan,fcee21fecb9488ff,5x112,66.6,M12x1.50B,48.00,48.00,"[""8.5x17"",""8.5x19"",""8x18""]","[""225/55R17"",""245/40R19"",""245/45R18""]",tgp_solutions,unknown,"""2026-05-07T21:45:59.143Z"""
d056ae4b-234e-4555-9cce-34abcac8e1b1,2018,Mercedes-Benz,E400,4Matic Cabriolet,4Matic Cabriolet,6385a017383a9799,5x112,66.6,M12x1.50B,43.00,43.00,"[""8x18"",""8x19""]","[""245/40R19"",""245/45R18""]",tgp_solutions,unknown,"""2026-05-07T21:45:59.143Z"""
98e36fcb-e5f8-4787-aa58-00daf2077664,2018,Mercedes-Benz,E400,4Matic Cabriolet Front 4Matic Cabriolet,4Matic Cabriolet Front 4Matic Cabriolet,3f705109c0c57eea,5x112,66.6,M12x1.50B,43.00,43.00,"[""8x18"",""8x19""]","{""rear"":[],""front"":[""245/40R19"",""245/45R18""]}",deprecated-staggered-split,unknown,"""2026-05-07T21:45:59.143Z"""
20f705e4-0b5a-4d73-b177-9421b46a79ff,2018,Mercedes-Benz,E400,4Matic Cabriolet Rear 4Matic Cabriolet,4Matic Cabriolet Rear 4Matic Cabriolet,9459f3bbfe24a3f7,5x112,66.6,M12x1.50B,53.00,53.00,"[""9x18"",""9x19""]","{""rear"":[""275/35R19"",""275/40R18""],""front"":[]}",deprecated-staggered-split,unknown,"""2026-05-07T21:45:59.143Z"""
780ccecb-e758-43aa-9459-c669416c5c26,2018,Mercedes-Benz,E400,4Matic Coupe,4Matic Coupe,06548066e0b2623f,5x112,66.6,M12x1.50B,43.00,43.00,"[""8x18"",""8x19""]","[""245/40R19"",""245/45R18""]",tgp_solutions,unknown,"""2026-05-07T21:45:59.143Z"""
4ebbe793-8f26-483a-8c34-35c77c640ca8,2018,Mercedes-Benz,E400,4Matic Coupe Front 4Matic Coupe,4Matic Coupe Front 4Matic Coupe,b99beb085a7979c7,5x112,66.6,M12x1.50B,43.00,43.00,"[""8x18"",""8x19""]","{""rear"":[],""front"":[""245/40R19"",""245/45R18""]}",deprecated-staggered-split,unknown,"""2026-05-07T21:45:59.143Z"""
a49ef78e-4984-4267-a552-389c6f920568,2018,Mercedes-Benz,E400,4Matic Coupe Rear 4Matic Coupe,4Matic Coupe Rear 4Matic Coupe,d9106f7c9064a4d2,5x112,66.6,M12x1.50B,53.00,53.00,"[""9x18"",""9x19""]","{""rear"":[""275/35R19"",""275/40R18""],""front"":[]}",deprecated-staggered-split,unknown,"""2026-05-07T21:45:59.143Z"""
c510dc42-5a1d-47d1-9523-b7687859c536,2018,Mercedes-Benz,E400,4Matic Sedan & Wagon,4Matic Sedan & Wagon,ada2326774e17ccb,5x112,66.6,M12x1.50B,48.00,48.00,"[""8.5x19"",""8x18""]","[""245/40R19"",""245/45R18""]",tgp_solutions,unknown,"""2026-05-07T21:45:59.143Z"""
69bd5170-a313-4dd6-abf8-2c24f9911d55,2018,Mercedes-Benz,E400,Convertible,Convertible,b49d1c3c1024ba4b,5x112,66.6,M12x1.50B,43.00,43.00,"[""8x18"",""8x19""]","[""245/40R19"",""245/45R18""]",tgp_solutions,unknown,"""2026-05-07T21:45:59.143Z"""
abc70182-a794-4866-a0bf-af667b7aadba,2018,Mercedes-Benz,E400,Convertible Front Convertible,Convertible Front Convertible,be979c1010709405,5x112,66.6,M12x1.50B,43.00,43.00,"[""8x18"",""8x19""]","{""rear"":[],""front"":[""245/40R19"",""245/45R18""]}",deprecated-staggered-split,unknown,"""2026-05-07T21:45:59.143Z"""
d0c4c345-795c-470d-87ad-9ca26d2372bc,2018,Mercedes-Benz,E400,Convertible Rear Convertible,Convertible Rear Convertible,44d8aa49924daa81,5x112,66.6,M12x1.50B,53.00,53.00,"[""9x18"",""9x19""]","{""rear"":[""275/35R19"",""275/40R18""],""front"":[]}",deprecated-staggered-split,unknown,"""2026-05-07T21:45:59.143Z"""
2cce462e-ac66-4d86-aa5a-02a2d6db8877,2018,Mercedes-Benz,E400,Coupe,Coupe,2343758c07058e73,5x112,66.6,M12x1.50B,43.00,43.00,"[""8x18"",""8x19""]","[""245/40R19"",""245/45R18""]",tgp_solutions,unknown,"""2026-05-07T21:45:59.143Z"""
6a4334e6-7283-44af-bf3d-b50b2d1a05e5,2018,Mercedes-Benz,E400,Coupe Front Coupe,Coupe Front Coupe,93ca962ea6678e58,5x112,66.6,M12x1.50B,43.00,43.00,"[""8x18"",""8x19""]","{""rear"":[],""front"":[""245/40R19"",""245/45R18""]}",deprecated-staggered-split,unknown,"""2026-05-07T21:45:59.143Z"""
8ba56751-eff1-4ee7-a0fe-1dc5cb7ae482,2018,Mercedes-Benz,E400,Coupe Rear Coupe,Coupe Rear Coupe,b8187f3ed97a5d81,5x112,66.6,M12x1.50B,53.00,53.00,"[""9x18"",""9x19""]","{""rear"":[""275/35R19"",""275/40R18""],""front"":[]}",deprecated-staggered-split,unknown,"""2026-05-07T21:45:59.143Z"""
eba27374-8bb3-4c8c-b369-f0ee69bfbc8f,2018,Mercedes-Benz,E43 AMG,4Matic Front 4Matic,4Matic Front 4Matic,8134de9fabb6c6ec,5x112,66.6,M12x1.50B,48.00,48.00,"[""8.5x20"",""8x19""]","{""rear"":[],""front"":[""245/35R20"",""245/35ZR20"",""245/40R19"",""245/40ZR19""]}",deprecated-staggered-split,unknown,"""2026-05-07T21:45:59.143Z"""
8fc51255-cc37-4bb8-a0f3-37a72f9c7b8d,2018,Mercedes-Benz,E43 AMG,4Matic Rear 4Matic,4Matic Rear 4Matic,eda5b62f9235271b,5x112,66.6,M12x1.50B,48.00,48.00,"[""9.5x20"",""9x19""]","{""rear"":[""275/30R20"",""275/30ZR20"",""275/35R19"",""275/35ZR19""],""front"":[]}",deprecated-staggered-split,unknown,"""2026-05-07T21:45:59.143Z"""
3a05cf26-1dc3-48b3-84ff-7fbe249706a7,2018,Mercedes-Benz,E63 AMG S,4Matic Front 4Matic,4Matic Front 4Matic,aedc440485d31fba,5x112,66.6,M12x1.50B,37.00,37.00,"[""9.5x20""]","{""rear"":[],""front"":[""265/35ZR20""]}",deprecated-staggered-split,unknown,"""2026-05-07T21:45:59.143Z"""
770ac28f-1d82-480f-9df9-cae7bf873a19,2018,Mercedes-Benz,E63 AMG S,4Matic Rear 4Matic,4Matic Rear 4Matic,3d62af9dc22aebdb,5x112,66.6,M12x1.50B,52.00,52.00,"[""10x20""]","{""rear"":[""295/30ZR20""],""front"":[]}",deprecated-staggered-split,unknown,"""2026-05-07T21:45:59.143Z"""
4dc25103-a1a4-4266-bdcf-f731a79e6830,2018,Mercedes-Benz,G550,Base,Base,898641f313509076,5x130,84.1,M14x1.50B,43.00,43.00,"[""7.5x19""]","[""275/55R19""]",tgp_solutions,unknown,"""2026-05-07T21:45:59.143Z"""
ccd4a1e3-caa6-4bba-a43d-462c55b665f2,2018,Mercedes-Benz,G550 4x4,Base,Base,cc4a967618adc451,5x130,84.1,M14x1.50B,43.00,43.00,"[""8.5x22""]","[""325/55R22""]",tgp_solutions,unknown,"""2026-05-07T21:45:59.143Z"""
ea215192-b8e9-4b13-b83e-f94c9564bc16,2018,Mercedes-Benz,G63 AMG,Base,Base,0355493e019dd98f,5x130,84.1,M14x1.50B,50.00,50.00,"[""9.5x20"",""9.5x21""]","[""275/50R20"",""295/35R21""]",tgp_solutions,unknown,"""2026-05-07T21:45:59.143Z"""
84bc4e63-aa7d-4de8-9617-11b1e610148c,2018,Mercedes-Benz,G65 AMG,Base,Base,c3925a777113a1e4,5x130,84.1,M14x1.50B,50.00,50.00,"[""9.5x20"",""9.5x21""]","[""275/50R20"",""295/35R21""]",tgp_solutions,unknown,"""2026-05-07T21:45:59.143Z"""
3cb2c03e-7cd7-49ba-9cf2-3ab78ef8765c,2018,Mercedes-Benz,GLA250,4Matic,4Matic,ee41aab2bd8533a3,5x112,66.6,M14x1.50B,46.00,46.00,"[""7x18"",""8x19""]","[""235/45R19"",""235/50R18""]",tgp_solutions,unknown,"""2026-05-07T21:45:59.143Z"""
ab037b50-7925-4d95-8108-709966ed1ae3,2018,Mercedes-Benz,GLA250,Base,Base,a731fbe256e4a92e,5x112,66.6,M14x1.50B,46.00,46.00,"[""7x18"",""8x19""]","[""235/45R19"",""235/50R18""]",tgp_solutions,unknown,"""2026-05-07T21:45:59.143Z"""
0b5c6611-5af6-4ff7-ac4e-3b1f7da92900,2018,Mercedes-Benz,GLA45 AMG,4Matic,4Matic,80acfd3ab1f7d90b,5x112,66.6,M14x1.50B,44.00,44.00,"[""8x19"",""8x20""]","[""235/40ZR20"",""235/45ZR19""]",tgp_solutions,unknown,"""2026-05-07T21:45:59.143Z"""
dd8b93ee-d754-4d85-a4b7-1ebafa8e2f57,2018,Mercedes-Benz,GLC300,4Matic,4Matic,8b8672f49644ab5c,5x112,66.6,M14x1.50B,38.00,38.00,"[""8.5x20"",""8x18"",""8x19""]","[""235/55R19"",""235/60R18"",""255/45R20""]",tgp_solutions,unknown,"""2026-05-07T21:45:59.143Z"""
d2d7cf2b-8bc5-4cc7-9f6c-f1c45234b660,2018,Mercedes-Benz,GLC300,4Matic Coupe,4Matic Coupe,05ba569dbde40a4d,5x112,66.6,M14x1.50B,38.00,38.00,"[""8x19""]","[""235/55R19""]",tgp_solutions,unknown,"""2026-05-07T21:45:59.143Z"""
2f8b1825-8ee7-4f0d-abeb-dfd19f3b4d55,2018,Mercedes-Benz,GLC300,4Matic Coupe Front 4Matic Coupe,4Matic Coupe Front 4Matic Coupe,db96b3742ab781fe,5x112,66.6,M14x1.50B,40.00,40.00,"[""8.5x20""]","{""rear"":[],""front"":[""255/45R20"",""255/45ZR20""]}",deprecated-staggered-split,unknown,"""2026-05-07T21:45:59.143Z"""
095b0771-e305-473c-854f-97e6d04ee7fa,2018,Mercedes-Benz,GLC300,4Matic Coupe Rear 4Matic Coupe,4Matic Coupe Rear 4Matic Coupe,a535907a52d5e441,5x112,66.6,M14x1.50B,40.00,40.00,"[""9.5x20""]","{""rear"":[""285/40R20"",""285/40ZR20""],""front"":[]}",deprecated-staggered-split,unknown,"""2026-05-07T21:45:59.143Z"""
80bffcb8-86ec-4d75-a879-d43ab66cb47f,2018,Mercedes-Benz,GLC300,Base,Base,c7ed59020e2e8b83,5x112,66.6,M14x1.50B,38.00,38.00,"[""8.5x20"",""8x18"",""8x19""]","[""235/55R19"",""235/60R18"",""255/45R20""]",tgp_solutions,unknown,"""2026-05-07T21:45:59.143Z"""
d833126e-d4c7-4e8d-86c2-a151c35f362b,2018,Mercedes-Benz,GLC350e,4Matic,4Matic,e88760db5857bdcd,5x112,66.6,M14x1.50B,38.00,38.00,"[""8.5x20"",""8x18"",""8x19""]","[""235/55R19"",""235/60R18"",""255/45R20""]",tgp_solutions,unknown,"""2026-05-07T21:45:59.143Z"""
ae34fcdb-b8f4-4f12-9315-120fb7520451,2018,Mercedes-Benz,GLC43 AMG,4Matic Front 4Matic,4Matic Front 4Matic,be6dbd1ac2c381b8,5x112,66.6,M14x1.50B,40.00,40.00,"[""8.5x20"",""8.5x21""]","{""rear"":[],""front"":[""255/40ZR21"",""255/45R20"",""255/45ZR20""]}",deprecated-staggered-split,unknown,"""2026-05-07T21:45:59.143Z"""
71fd1ea3-a027-4983-a4f0-f84a7cbe9b36,2018,Mercedes-Benz,GLC43 AMG,4Matic Rear 4Matic,4Matic Rear 4Matic,1b0f9f11fc659553,5x112,66.6,M14x1.50B,40.00,40.00,"[""9.5x20"",""9.5x21""]","{""rear"":[""285/35ZR21"",""285/40R20"",""285/40ZR20""],""front"":[]}",deprecated-staggered-split,unknown,"""2026-05-07T21:45:59.143Z"""
c20237cf-a6e3-4f06-b151-3dcc199d3fcb,2018,Mercedes-Benz,GLC63 AMG,4Matic Front 4Matic,4Matic Front 4Matic,9f443548dec32e7a,5x112,66.6,M14x1.50B,40.00,40.00,"[""9.5x20"",""9.5x21""]","{""rear"":[],""front"":[""265/40ZR21"",""265/45ZR20""]}",deprecated-staggered-split,unknown,"""2026-05-07T21:45:59.143Z"""
8d2f707f-bb84-4480-a304-55b5175773c4,2018,Mercedes-Benz,GLC63 AMG,4Matic Rear 4Matic,4Matic Rear 4Matic,414978eb00cf8780,5x112,66.6,M14x1.50B,40.00,40.00,"[""10x20"",""10x21""]","{""rear"":[""295/35ZR21"",""295/40ZR20""],""front"":[]}",deprecated-staggered-split,unknown,"""2026-05-07T21:45:59.143Z"""
f5a2fe7e-4d1f-45e3-9c80-195f4a319ed1,2018,Mercedes-Benz,GLC63 AMG S,4Matic Front 4Matic,4Matic Front 4Matic,1403fdb8cb29b72d,5x112,66.6,M14x1.50B,40.00,40.00,"[""9.5x20"",""9.5x21""]","{""rear"":[],""front"":[""265/40ZR21"",""265/45ZR20""]}",deprecated-staggered-split,unknown,"""2026-05-07T21:45:59.143Z"""
a34a967e-0897-4c05-b9e6-b5fe6ca3268a,2018,Mercedes-Benz,GLC63 AMG S,4Matic Rear 4Matic,4Matic Rear 4Matic,016765fac6a4833b,5x112,66.6,M14x1.50B,40.00,40.00,"[""10x20"",""10x21""]","{""rear"":[""295/35ZR21"",""295/40ZR20""],""front"":[]}",deprecated-staggered-split,unknown,"""2026-05-07T21:45:59.143Z"""
a9ede63e-d932-4ef1-b640-f1fbba4c14dd,2018,Mercedes-Benz,GLE350,4Matic,4Matic,5c535f5e33b48282,5x112,66.6,M14x1.50B,56.00,56.00,"[""8x19"",""9x20""]","[""255/50R19"",""265/45R20""]",tgp_solutions,unknown,"""2026-05-07T21:45:59.143Z"""
b3765bf5-4a2b-466b-a845-381627e2090d,2018,Mercedes-Benz,GLE350,Base,Base,b6d52c83375a0c40,5x112,66.6,M14x1.50B,56.00,56.00,"[""8x19"",""9x20""]","[""255/50R19"",""265/45R20""]",tgp_solutions,unknown,"""2026-05-07T21:45:59.143Z"""
6c904a9b-b087-4522-a905-253bde7945d7,2018,Mercedes-Benz,GLE43 AMG,4Matic,4Matic,8dcc1083c3695da9,5x112,66.6,M14x1.50B,57.00,57.00,"[""9x20"",""9x21""]","[""265/40R21"",""265/45R20"",""265/45ZR20""]",tgp_solutions,unknown,"""2026-05-07T21:45:59.143Z"""
439cf37f-0d5c-436c-b62a-26523115cf4c,2018,Mercedes-Benz,GLE43 AMG,4Matic Coupe Front 4Matic Coupe,4Matic Coupe Front 4Matic Coupe,34f97fbde6f2eb39,5x112,66.6,M14x1.50B,52.00,52.00,"[""10x21"",""10x22""]","{""rear"":[],""front"":[""275/45R21"",""285/40R22""]}",deprecated-staggered-split,unknown,"""2026-05-07T21:45:59.143Z"""
c9ed33e3-9da1-4019-abe4-0387f805ddbe,2018,Mercedes-Benz,GLE43 AMG,4Matic Coupe Rear 4Matic Coupe,4Matic Coupe Rear 4Matic Coupe,563dc472a2bc8de0,5x112,66.6,M14x1.50B,38.00,38.00,"[""11x21"",""11x22""]","{""rear"":[""315/40R21"",""325/35R22""],""front"":[]}",deprecated-staggered-split,unknown,"""2026-05-07T21:45:59.143Z"""
d1a2a475-064c-4667-8a05-0d43c7e4fb49,2018,Mercedes-Benz,GLE550e,4Matic,4Matic,3c6acd87c384346d,5x112,66.6,M14x1.50B,56.00,56.00,"[""8x19"",""9x20""]","[""255/50R19"",""265/45R20""]",tgp_solutions,unknown,"""2026-05-07T21:45:59.143Z"""
51614bcf-fe70-4680-a487-e3d85c5f0cf3,2018,Mercedes-Benz,GLE63 AMG,4Matic Front 4Matic,4Matic Front 4Matic,a0401cf27e7859bb,5x112,66.6,M14x1.50B,31.00,31.00,"[""9.5x21"",""9x20""]","{""rear"":[],""front"":[""265/40ZR21"",""265/45ZR20""]}",deprecated-staggered-split,unknown,"""2026-05-07T21:45:59.143Z"""
4433c205-f671-40b9-8380-a5013706dd10,2018,Mercedes-Benz,GLE63 AMG,4Matic Rear 4Matic,4Matic Rear 4Matic,e75155755cdb0b25,5x112,66.6,M14x1.50B,31.00,31.00,"[""10x20"",""10x21""]","{""rear"":[""295/35ZR21"",""295/40ZR20""],""front"":[]}",deprecated-staggered-split,unknown,"""2026-05-07T21:45:59.143Z"""
60337778-c4eb-4ea4-8b1c-089ba24c24f7,2018,Mercedes-Benz,GLE63 AMG S,4Matic,4Matic,849908ad58919df3,5x112,66.6,M14x1.50B,46.00,46.00,"[""10x21""]","[""295/35ZR21""]",tgp_solutions,unknown,"""2026-05-07T21:45:59.143Z"""
4f5d864c-bed1-464c-b85a-b5687bc3e125,2018,Mercedes-Benz,GLE63 AMG S,4Matic Coupe Front 4Matic Coupe,4Matic Coupe Front 4Matic Coupe,1e16e08619123473,5x112,66.6,M14x1.50B,56.00,56.00,"[""10x21"",""10x22""]","{""rear"":[],""front"":[""275/45R21"",""285/40ZR22""]}",deprecated-staggered-split,unknown,"""2026-05-07T21:45:59.143Z"""
b6ce0b33-7c7b-478d-8182-6ee81938b6f4,2018,Mercedes-Benz,GLE63 AMG S,4Matic Coupe Rear 4Matic Coupe,4Matic Coupe Rear 4Matic Coupe,fecf5492fb748211,5x112,66.6,M14x1.50B,42.00,42.00,"[""11.5x22"",""11x21""]","{""rear"":[""315/40R21"",""325/35ZR22""],""front"":[]}",deprecated-staggered-split,unknown,"""2026-05-07T21:45:59.143Z"""
0931083b-c398-4999-9b1f-3e7031c750bd,2018,Mercedes-Benz,GLS450,4Matic,4Matic,781cc6bc285f535f,5x112,66.6,M14x1.50B,56.00,56.00,"[""8.5x19"",""8.5x20""]","[""275/50R20"",""275/55R19""]",tgp_solutions,unknown,"""2026-05-07T21:45:59.143Z"""
5d9a67f2-2629-4818-bb96-c8adf5a1646a,2018,Mercedes-Benz,GLS550,4Matic,4Matic,2cfc2afd4dea0207,5x112,66.6,M14x1.50B,37.00,37.00,"[""10x21""]","[""295/40R21""]",tgp_solutions,unknown,"""2026-05-07T21:45:59.143Z"""
9a9d78b7-39cd-4592-bb9b-3db3d0146b2e,2018,Mercedes-Benz,GLS63 AMG,Base,Base,c690eaf831e32f35,5x112,66.6,M14x1.50B,37.00,37.00,"[""10.5x22"",""10x21""]","[""285/40R22"",""295/40R21"",""295/40ZR21""]",tgp_solutions,unknown,"""2026-05-07T21:45:59.143Z"""
35c39701-758d-4e3e-9d51-e589af26dcb9,2018,Mercedes-Benz,Maybach S560,4Matic Front 4Matic,4Matic Front 4Matic,e7161b4aee558ae4,5x112,66.6,M14x1.50B,36.00,36.00,"[""8.5x19"",""8.5x20""]","{""rear"":[],""front"":[""245/40R20"",""245/45R19""]}",deprecated-staggered-split,unknown,"""2026-05-07T21:45:59.143Z"""
a95797eb-83ee-4010-a481-dbee23dd0819,2018,Mercedes-Benz,Maybach S560,4Matic Rear 4Matic,4Matic Rear 4Matic,1440749a5432bd6b,5x112,66.6,M14x1.50B,43.00,43.00,"[""9.5x19"",""9.5x20""]","{""rear"":[""275/35R20"",""275/40R19""],""front"":[]}",deprecated-staggered-split,unknown,"""2026-05-07T21:45:59.143Z"""
3bf116fb-1bb3-4b89-b704-845e60f2920c,2018,Mercedes-Benz,Maybach S650,Base Front Base,Base Front Base,13e1ad200d75ddc6,5x112,66.6,M14x1.50B,36.00,36.00,"[""8.5x19"",""8.5x20""]","{""rear"":[],""front"":[""245/40R20"",""245/45R19""]}",deprecated-staggered-split,unknown,"""2026-05-07T21:45:59.143Z"""
46591d18-0a69-4248-a088-ed30764463f4,2018,Mercedes-Benz,Maybach S650,Base Rear Base,Base Rear Base,b8c020a68450fac0,5x112,66.6,M14x1.50B,43.00,43.00,"[""9.5x19"",""9.5x20""]","{""rear"":[""275/35R20"",""275/40R19""],""front"":[]}",deprecated-staggered-split,unknown,"""2026-05-07T21:45:59.143Z"""
12bd3766-6715-4d24-8a61-031c838085de,2018,Mercedes-Benz,S450,4Matic,4Matic,976006a66d9fe455,5x112,66.6,M14x1.50B,43.00,43.00,"[""8.5x18""]","[""245/50R18""]",tgp_solutions,unknown,"""2026-05-07T21:45:59.143Z"""
76f034dd-d123-49e5-aa92-a3653c713131,2018,Mercedes-Benz,S450,4Matic Front 4Matic,4Matic Front 4Matic,fb36b772c12a11dd,5x112,66.6,M14x1.50B,36.00,36.00,"[""8.5x19"",""8.5x20""]","{""rear"":[],""front"":[""245/40R20"",""245/45R19""]}",deprecated-staggered-split,unknown,"""2026-05-07T21:45:59.143Z"""
62f59512-95d5-47d5-b591-9e45fa9b43e1,2018,Mercedes-Benz,S450,4Matic Rear 4Matic,4Matic Rear 4Matic,bc1df940cf31d14c,5x112,66.6,M14x1.50B,43.00,43.00,"[""9.5x19"",""9.5x20""]","{""rear"":[""275/35R20"",""275/40R19""],""front"":[]}",deprecated-staggered-split,unknown,"""2026-05-07T21:45:59.143Z"""
db68f06a-f0e0-48b9-9a8e-405932847561,2018,Mercedes-Benz,S450,Base,Base,c575f51e269dde40,5x112,66.6,M14x1.50B,43.00,43.00,"[""8.5x18""]","[""245/50R18""]",tgp_solutions,unknown,"""2026-05-07T21:45:59.143Z"""
a9f65eb6-320d-4925-8f40-4ee01d2079e0,2018,Mercedes-Benz,S450,Base Front Base,Base Front Base,941836481f23bfd4,5x112,66.6,M14x1.50B,36.00,36.00,"[""8.5x19"",""8.5x20""]","{""rear"":[],""front"":[""245/40R20"",""245/45R19""]}",deprecated-staggered-split,unknown,"""2026-05-07T21:45:59.143Z"""
3fb94f39-321e-4349-9b1a-150f637cad64,2018,Mercedes-Benz,S450,Base Rear Base,Base Rear Base,f40b3b606f6a9042,5x112,66.6,M14x1.50B,43.00,43.00,"[""9.5x19"",""9.5x20""]","{""rear"":[""275/35R20"",""275/40R19""],""front"":[]}",deprecated-staggered-split,unknown,"""2026-05-07T21:45:59.143Z"""
3ccf3496-55e2-43bf-9819-96f20c305132,2018,Mercedes-Benz,S560,4Matic Coupe Front 4Matic Coupe,4Matic Coupe Front 4Matic Coupe,29aafc0193450cf2,5x112,66.6,M14x1.50B,36.00,36.00,"[""8.5x19"",""8.5x20""]","{""rear"":[],""front"":[""245/40R20"",""245/45R19""]}",deprecated-staggered-split,unknown,"""2026-05-07T21:45:59.143Z"""
72bad687-ffd3-4f90-99ce-61fbd5a052fa,2018,Mercedes-Benz,S560,4Matic Coupe Rear 4Matic Coupe,4Matic Coupe Rear 4Matic Coupe,b56a61b4da80f91f,5x112,66.6,M14x1.50B,43.00,43.00,"[""9.5x19"",""9.5x20""]","{""rear"":[""275/35R20"",""275/40R19""],""front"":[]}",deprecated-staggered-split,unknown,"""2026-05-07T21:45:59.143Z"""
fbf91fc4-841a-4ed5-8ea4-a501f36b6e0c,2018,Mercedes-Benz,S560,4Matic Sedan Front 4Matic Sedan,4Matic Sedan Front 4Matic Sedan,5c7712f955ee2e44,5x112,66.6,M14x1.50B,36.00,36.00,"[""8.5x19"",""8.5x20""]","{""rear"":[],""front"":[""245/40R20"",""245/45R19""]}",deprecated-staggered-split,unknown,"""2026-05-07T21:45:59.143Z"""
7ceacdbe-7a15-43f6-b64e-b1aeec8ec751,2018,Mercedes-Benz,S560,4Matic Sedan Rear 4Matic Sedan,4Matic Sedan Rear 4Matic Sedan,46bc4f814e9981ff,5x112,66.6,M14x1.50B,43.00,43.00,"[""9.5x19"",""9.5x20""]","{""rear"":[""275/35R20"",""275/40R19""],""front"":[]}",deprecated-staggered-split,unknown,"""2026-05-07T21:45:59.143Z"""
a6ac7b04-3552-4ee7-b420-8a5577ad6e13,2018,Mercedes-Benz,S560,Cabriolet Front Cabriolet,Cabriolet Front Cabriolet,a850b67f79f7dc4b,5x112,66.6,M14x1.50B,36.00,36.00,"[""8.5x19"",""8.5x20""]","{""rear"":[],""front"":[""245/40R20"",""245/45R19""]}",deprecated-staggered-split,unknown,"""2026-05-07T21:45:59.143Z"""
bd057e29-9687-4cdf-ad5b-85e050383ad7,2018,Mercedes-Benz,S560,Cabriolet Rear Cabriolet,Cabriolet Rear Cabriolet,46acbaa4e2aa9d2e,5x112,66.6,M14x1.50B,43.00,43.00,"[""9.5x19"",""9.5x20""]","{""rear"":[""275/35R20"",""275/40R19""],""front"":[]}",deprecated-staggered-split,unknown,"""2026-05-07T21:45:59.143Z"""
20d9156e-8d95-4bca-b06b-c77e67bf3455,2018,Mercedes-Benz,S560,Sedan Front Sedan,Sedan Front Sedan,ffbad7f2bd79f827,5x112,66.6,M14x1.50B,36.00,36.00,"[""8.5x19"",""8.5x20""]","{""rear"":[],""front"":[""245/40R20"",""245/45R19""]}",deprecated-staggered-split,unknown,"""2026-05-07T21:45:59.143Z"""
5d62e38d-6ec9-4aa4-9788-6c8e231f70c4,2018,Mercedes-Benz,S560,Sedan Rear Sedan,Sedan Rear Sedan,57a00871a0d9b642,5x112,66.6,M14x1.50B,43.00,43.00,"[""9.5x19"",""9.5x20""]","{""rear"":[""275/35R20"",""275/40R19""],""front"":[]}",deprecated-staggered-split,unknown,"""2026-05-07T21:45:59.143Z"""
22a6fee7-de63-417a-8d1c-c2023f390dde,2018,Mercedes-Benz,S63 AMG,4Matic Coupe & Cabriolet Front 4Matic Coupe & Cabriolet,4Matic Coupe & Cabriolet Front 4Matic Coupe & Cabriolet,3820f997e8a57937,5x112,66.6,M14x1.50B,38.00,38.00,"[""8.5x20""]","{""rear"":[],""front"":[""255/40ZR20""]}",deprecated-staggered-split,unknown,"""2026-05-07T21:45:59.143Z"""
42600afc-ec1a-4298-9d43-4f0fd0ad04c9,2018,Mercedes-Benz,S63 AMG,4Matic Coupe & Cabriolet Rear 4Matic Coupe & Cabriolet,4Matic Coupe & Cabriolet Rear 4Matic Coupe & Cabriolet,b3abc1f00a9ee47f,5x112,66.6,M14x1.50B,38.00,38.00,"[""9.5x20""]","{""rear"":[""285/35ZR20""],""front"":[]}",deprecated-staggered-split,unknown,"""2026-05-07T21:45:59.143Z"""
94a8866b-cd42-4fb0-8dd4-0415500146d4,2018,Mercedes-Benz,S63 AMG,4Matic Sedan Front 4Matic Sedan,4Matic Sedan Front 4Matic Sedan,9c7131e3b2cd9cf5,5x112,66.6,M14x1.50B,38.00,38.00,"[""8.5x20""]","{""rear"":[],""front"":[""255/40ZR20""]}",deprecated-staggered-split,unknown,"""2026-05-07T21:45:59.143Z"""
6fdf041b-0ec0-4905-9d1c-6f4946ba1bf2,2018,Mercedes-Benz,S63 AMG,4Matic Sedan Rear 4Matic Sedan,4Matic Sedan Rear 4Matic Sedan,98437b9927b73297,5x112,66.6,M14x1.50B,38.00,38.00,"[""9.5x20""]","{""rear"":[""285/35ZR20""],""front"":[]}",deprecated-staggered-split,unknown,"""2026-05-07T21:45:59.143Z"""
65305538-a5bc-4ecb-ae72-cf62c5ce61d7,2018,Mercedes-Benz,S65 AMG,Base Front Base,Base Front Base,14635018e6c9dbee,5x112,66.6,M14x1.50B,38.00,38.00,"[""8.5x20""]","{""rear"":[],""front"":[""255/40ZR20""]}",deprecated-staggered-split,unknown,"""2026-05-07T21:45:59.143Z"""
e16520c4-2ca6-43ec-add8-d06e8d74707b,2018,Mercedes-Benz,S65 AMG,Base Rear Base,Base Rear Base,5cfecd7c4704c6ab,5x112,66.6,M14x1.50B,38.00,38.00,"[""9.5x20""]","{""rear"":[""285/35ZR20""],""front"":[]}",deprecated-staggered-split,unknown,"""2026-05-07T21:45:59.143Z"""
387d6cd6-9883-4f96-be79-cd810a6a08fd,2018,Mercedes-Benz,SL450,Base Front Base,Base Front Base,182aadda3687e3e8,5x112,66.6,M12x1.50B,35.50,35.50,"[""8.5x19""]","{""rear"":[],""front"":[""255/35R19""]}",deprecated-staggered-split,unknown,"""2026-05-07T21:45:59.143Z"""
8133909e-be8a-4759-9ea9-24047eabd488,2018,Mercedes-Benz,SL450,Base Rear Base,Base Rear Base,909c4969e8deab79,5x112,66.6,M12x1.50B,47.50,47.50,"[""9.5x19""]","{""rear"":[""285/30R19""],""front"":[]}",deprecated-staggered-split,unknown,"""2026-05-07T21:45:59.143Z"""
22709867-d04b-4b7a-ace6-d317d6e3433a,2018,Mercedes-Benz,SL550,Base Front Base,Base Front Base,6c2fd1e798899b61,5x112,66.6,M12x1.50B,35.50,35.50,"[""8.5x19""]","{""rear"":[],""front"":[""255/35R19""]}",deprecated-staggered-split,unknown,"""2026-05-07T21:45:59.143Z"""
75af5631-21e9-44b4-b4cd-f5c1641b3120,2018,Mercedes-Benz,SL550,Base Rear Base,Base Rear Base,37da9afac1e8cebb,5x112,66.6,M12x1.50B,47.50,47.50,"[""9.5x19""]","{""rear"":[""285/30R19""],""front"":[]}",deprecated-staggered-split,unknown,"""2026-05-07T21:45:59.143Z"""
075ef579-cfd4-4733-bfaa-53689d2e3eb9,2018,Mercedes-Benz,SL63 AMG,Base Front Base,Base Front Base,ac33f1bce4179ee1,5x112,66.6,M12x1.50B,27.00,27.00,"[""9x19""]","{""rear"":[],""front"":[""255/35R19"",""255/35ZR19""]}",deprecated-staggered-split,unknown,"""2026-05-07T21:45:59.143Z"""
dfb54a56-6d00-40a9-a305-6fc55c31a4dc,2018,Mercedes-Benz,SL63 AMG,Base Rear Base,Base Rear Base,14787edc0380b3c8,5x112,66.6,M12x1.50B,48.00,48.00,"[""10x19"",""10x20""]","{""rear"":[""285/30R19"",""285/30ZR19"",""285/30ZR20""],""front"":[]}",deprecated-staggered-split,unknown,"""2026-05-07T21:45:59.143Z"""
3b6c7c95-f4f9-4f6a-853a-2e2e87f1edc5,2018,Mercedes-Benz,SL65 AMG,Base Front Base,Base Front Base,ee8ee574f4f2b040,5x112,66.6,M12x1.50B,27.00,27.00,"[""9x19""]","{""rear"":[],""front"":[""255/35R19""]}",deprecated-staggered-split,unknown,"""2026-05-07T21:45:59.143Z"""
f733969c-2fe8-4525-b509-3fa335bb1b37,2018,Mercedes-Benz,SL65 AMG,Base Rear Base,Base Rear Base,c65e739d344ab48a,5x112,66.6,M12x1.50B,48.00,48.00,"[""10x20""]","{""rear"":[""285/30ZR20""],""front"":[]}",deprecated-staggered-split,unknown,"""2026-05-07T21:45:59.143Z"""
32e9ad22-3f86-42f3-810e-e9fbc5ce78a8,2018,Mercedes-Benz,SLC300,Base Front Base,Base Front Base,61f2758e39834a9b,5x112,66.6,M12x1.50B,42.00,42.00,"[""7.5x17"",""7.5x18""]","{""rear"":[],""front"":[""225/40ZR18"",""225/45R17""]}",deprecated-staggered-split,unknown,"""2026-05-07T21:45:59.143Z"""
cea5bbdd-7597-4a01-83c5-cc7918fe033e,2018,Mercedes-Benz,SLC300,Base Rear Base,Base Rear Base,6d97856606311cfa,5x112,66.6,M12x1.50B,36.00,36.00,"[""8.5x17"",""8.5x18""]","{""rear"":[""245/35ZR18"",""245/40R17""],""front"":[]}",deprecated-staggered-split,unknown,"""2026-05-07T21:45:59.143Z"""
dd43ff63-0cd4-4882-acb3-6c9e49db1698,2018,Mercedes-Benz,SLC43 AMG,Base Front Base,Base Front Base,719616794dfd138b,5x112,66.6,M12x1.50B,42.00,42.00,"[""8x18""]","{""rear"":[],""front"":[""235/40ZR18""]}",deprecated-staggered-split,unknown,"""2026-05-07T21:45:59.143Z"""
aed5981e-7790-4dc1-97c3-3484c9aafd56,2018,Mercedes-Benz,SLC43 AMG,Base Rear Base,Base Rear Base,c6be25dd536393be,5x112,66.6,M12x1.50B,36.00,36.00,"[""9x18""]","{""rear"":[""255/35ZR18""],""front"":[]}",deprecated-staggered-split,unknown,"""2026-05-07T21:45:59.143Z"""
522d75b3-4418-46eb-9393-3dc4f19aa7e3,2018,Mini,Cooper,Convertible,Convertible,967c723f6e76d05a,5x112,66.6,M14x1.25B,45.00,45.00,"[""5.5x15"",""6.5x16"",""7.5x18"",""7x17""]","[""175/65R15"",""195/55R16"",""205/40R18"",""205/45R17""]",tgp_solutions,unknown,"""2026-05-07T21:45:59.143Z"""
bce10fbe-72c0-4314-9cfa-e0cf1173cfda,2018,Mini,Cooper,Hardtop,Hardtop,9b68b2a34b250762,5x112,66.6,M14x1.25B,45.00,45.00,"[""5.5x15"",""6.5x16"",""7.5x18"",""7x17""]","[""175/65R15"",""195/55R16"",""205/40R18"",""205/45R17""]",tgp_solutions,unknown,"""2026-05-07T21:45:59.143Z"""
c21f374d-b2e7-4da5-b048-771039a85ddc,2018,Mini,Cooper,Hardtop 4 Dr.,Hardtop 4 Dr.,4772ea677582c089,5x112,66.6,M14x1.25B,45.00,45.00,"[""5.5x15"",""6.5x16"",""7.5x18"",""7x17""]","[""175/65R15"",""195/55R16"",""205/40R18"",""205/45R17""]",tgp_solutions,unknown,"""2026-05-07T21:45:59.143Z"""
63a7b9a4-689a-45b7-bf13-66e054cfcd21,2018,Mini,Cooper,John Cooper Works Convertible,John Cooper Works Convertible,d75d0dde9f2c311e,5x112,66.6,M14x1.25B,48.00,48.00,"[""7.5x18"",""7x17""]","[""205/40R18"",""205/45R17""]",tgp_solutions,unknown,"""2026-05-07T21:45:59.143Z"""
cad4afac-8b11-43ca-a7b7-19f6a8af540e,2018,Mini,Cooper,John Cooper Works Hardtop,John Cooper Works Hardtop,6445c02754dc694e,5x112,66.6,M14x1.25B,48.00,48.00,"[""7.5x18"",""7x17""]","[""205/40R18"",""205/45R17""]",tgp_solutions,unknown,"""2026-05-07T21:45:59.143Z"""
06376a7c-99ab-4e73-bd27-ff3f3eeab5ee,2018,Mini,Cooper,S Convertible,S Convertible,f976a0ac209bdeb1,5x112,66.6,M14x1.25B,48.00,48.00,"[""6.5x16"",""7.5x18"",""7x17""]","[""195/55R16"",""205/40R18"",""205/45R17""]",tgp_solutions,unknown,"""2026-05-07T21:45:59.143Z"""
08439b74-09c4-49ed-bfdc-54d8586a2112,2018,Mini,Cooper,S Hardtop,S Hardtop,ee2e5a4c217b6737,5x112,66.6,M14x1.25B,48.00,48.00,"[""6.5x16"",""7.5x18"",""7x17""]","[""195/55R16"",""205/40R18"",""205/45R17""]",tgp_solutions,unknown,"""2026-05-07T21:45:59.143Z"""
ca48898f-7270-4f7a-8853-4744de8a610e,2018,Mini,Cooper,S Hardtop 4 Dr.,S Hardtop 4 Dr.,d19c7bb43993831d,5x112,66.6,M14x1.25B,48.00,48.00,"[""6.5x16"",""7.5x18"",""7x17""]","[""195/55R16"",""205/40R18"",""205/45R17""]",tgp_solutions,unknown,"""2026-05-07T21:45:59.143Z"""
7d8e0d8b-dc2c-4343-8fc3-df0d23eae3b4,2018,Mini,Cooper Clubman,ALL4,ALL4,7bff1ea2b799545a,5x112,66.6,M14x1.25B,52.00,52.00,"[""7.5x17"",""7x16"",""8x18""]","[""205/55R16"",""225/40R18"",""225/45R17""]",tgp_solutions,unknown,"""2026-05-07T21:45:59.143Z"""
7dd21f74-32d0-43c0-8eaa-77989380f778,2018,Mini,Cooper Clubman,Base,Base,a96c00ddd1159309,5x112,66.6,M14x1.25B,52.00,52.00,"[""7.5x17"",""7x16"",""8x18""]","[""205/55R16"",""225/40R18"",""225/45R17""]",tgp_solutions,unknown,"""2026-05-07T21:45:59.143Z"""
a81fb078-66ec-44d7-bf54-f04ce93da609,2018,Mini,Cooper Clubman,John Cooper Works ALL4,John Cooper Works ALL4,e49bf7dacb7c037e,5x112,66.6,M14x1.25B,57.00,57.00,"[""8x18"",""8x19""]","[""225/35R19"",""225/40R18""]",tgp_solutions,unknown,"""2026-05-07T21:45:59.143Z"""
bd32a04b-97ac-4249-b4bd-d5d2de0460cf,2018,Mini,Cooper Clubman,S,S,4a309de542db65fd,5x112,66.6,M14x1.25B,54.00,54.00,"[""7.5x17"",""8x18"",""8x19""]","[""225/35R19"",""225/40R18"",""225/45R17""]",tgp_solutions,unknown,"""2026-05-07T21:45:59.143Z"""
7d0e7061-7262-456a-8faf-7b6e9ed4808e,2018,Mini,Cooper Clubman,S ALL4,S ALL4,8d8d608c405e4c1a,5x112,66.6,M14x1.25B,54.00,54.00,"[""7.5x17"",""8x18"",""8x19""]","[""225/35R19"",""225/40R18"",""225/45R17""]",tgp_solutions,unknown,"""2026-05-07T21:45:59.143Z"""
06c0acd8-5d69-40d7-a091-2455f49bf8e7,2018,Mini,Cooper Countryman,ALL4,ALL4,4b2ca11ccdd353ec,5x112,66.6,M14x1.25B,48.00,48.00,"[""7.5x18"",""7x17"",""8x19""]","[""225/45R19"",""225/50R18"",""225/55R17""]",tgp_solutions,unknown,"""2026-05-07T21:45:59.143Z"""
ce39f9cc-7991-4aa2-ab05-b928bed6eba9,2018,Mini,Cooper Countryman,Base,Base,898b94f387df37c8,5x112,66.6,M14x1.25B,48.00,48.00,"[""7.5x18"",""7x17"",""8x19""]","[""225/45R19"",""225/50R18"",""225/55R17""]",tgp_solutions,unknown,"""2026-05-07T21:45:59.143Z"""
d0c69166-5bed-41dc-aeff-5b3545d04ad2,2018,Mini,Cooper Countryman,John Cooper Works ALL4,John Cooper Works ALL4,577cbf13c91acfe9,5x112,66.6,M14x1.25B,48.00,48.00,"[""7.5x18"",""8x19""]","[""225/45R19"",""225/50R18""]",tgp_solutions,unknown,"""2026-05-07T21:45:59.143Z"""
09a6cd5d-e190-4681-9d9a-3c18c339aeea,2018,Mini,Cooper Countryman,S,S,801fb652a92bf76e,5x112,66.6,M14x1.25B,48.00,48.00,"[""7.5x18"",""7x17"",""8x19""]","[""225/45R19"",""225/50R18"",""225/55R17""]",tgp_solutions,unknown,"""2026-05-07T21:45:59.143Z"""
2ebc8daf-5f4d-487d-bce8-da0a24f93e0a,2018,Mini,Cooper Countryman,S ALL4,S ALL4,4e852029f5cca060,5x112,66.6,M14x1.25B,48.00,48.00,"[""7.5x18"",""7x17"",""8x19""]","[""225/45R19"",""225/50R18"",""225/55R17""]",tgp_solutions,unknown,"""2026-05-07T21:45:59.143Z"""
7b7aaf2c-b4b5-43c2-982c-daa27e0e2ca3,2018,Mini,Cooper Countryman,S E ALL4,S E ALL4,68bf3b96eacd5d79,5x112,66.6,M14x1.25B,48.00,48.00,"[""7.5x18""]","[""225/50R18""]",tgp_solutions,unknown,"""2026-05-07T21:45:59.143Z"""
c3dac0b5-0ba2-40d3-9c37-6b6b0c610a45,2018,Mitsubishi,Eclipse Cross,ES,ES,d0b637efc6645d9e,5x114.3,67.1,M12x1.50,38.00,38.00,"[""6.5x16""]","[""P215/70R16""]",tgp_solutions,unknown,"""2026-05-07T21:45:59.143Z"""
2d002984-3ffe-458a-8f00-e18966b0a9a7,2018,Mitsubishi,Eclipse Cross,LE,LE,d586d29fb20e67f3,5x114.3,67.1,M12x1.50,38.00,38.00,"[""7x18""]","[""P225/55R18""]",tgp_solutions,unknown,"""2026-05-07T21:45:59.143Z"""
76fe747a-2c66-4086-bdb1-1ba3641ddb8f,2018,Mitsubishi,Eclipse Cross,SE,SE,785e09e5b8e9f97b,5x114.3,67.1,M12x1.50,38.00,38.00,"[""7x18""]","[""P225/55R18""]",tgp_solutions,unknown,"""2026-05-07T21:45:59.143Z"""
69e258ce-59ba-4a5c-aecc-4f4242ac9ac4,2018,Mitsubishi,Eclipse Cross,SEL,SEL,ecd8724933fb1b01,5x114.3,67.1,M12x1.50,38.00,38.00,"[""7x18""]","[""P225/55R18""]",tgp_solutions,unknown,"""2026-05-07T21:45:59.143Z"""
516302d4-d848-4d09-b062-118d92eedfc5,2018,Mitsubishi,Mirage,ES,ES,d09cb6efe45d6a98,4x100,56.1,M12x1.50,46.00,46.00,"[""4.5x14""]","[""165/65R14""]",tgp_solutions,unknown,"""2026-05-07T21:45:59.143Z"""
a2a81499-9992-4c83-abe5-a5cfba25af38,2018,Mitsubishi,Mirage,GT,GT,1ec03380fcf71804,4x100,56.1,M12x1.50,46.00,46.00,"[""5x15""]","[""175/55R15""]",tgp_solutions,unknown,"""2026-05-07T21:45:59.143Z"""
ee1b3545-1a9c-44cd-9c4f-9e212f5e02f3,2018,Mitsubishi,Mirage,SE,SE,546064702d053384,4x100,56.1,M12x1.50,46.00,46.00,"[""4.5x14""]","[""165/65R14""]",tgp_solutions,unknown,"""2026-05-07T21:45:59.143Z"""
9cd2c889-722c-4281-b304-be5c63028f20,2018,Mitsubishi,Mirage G4,ES,ES,fc75a39053325703,4x100,56.1,M12x1.50,38.00,38.00,"[""5.5x15"",""5x14""]","[""165/65R14"",""175/55R15""]",tgp_solutions,unknown,"""2026-05-07T21:45:59.143Z"""
14d6b87c-d0eb-400e-97e7-aab7f253f7fe,2018,Mitsubishi,Mirage G4,SE,SE,63e9c894f59edb07,4x100,56.1,M12x1.50,38.00,38.00,"[""5.5x15""]","[""175/55R15""]",tgp_solutions,unknown,"""2026-05-07T21:45:59.143Z"""
2ef864f7-02ea-42af-8513-09956bcba153,2018,Mitsubishi,Outlander,ES,ES,b7f2d31084ff72b4,5x114.3,67.1,M12x1.50,38.00,38.00,"[""7x18""]","[""P225/55R18""]",tgp_solutions,unknown,"""2026-05-07T21:45:59.143Z"""
e94e91b3-305d-4e3f-afc3-00f6fcc8612b,2018,Mitsubishi,Outlander,GT,GT,2eb923f15ccd4194,5x114.3,67.1,M12x1.50,38.00,38.00,"[""7x18""]","[""P225/55R18""]",tgp_solutions,unknown,"""2026-05-07T21:45:59.143Z"""
005195af-bca2-4feb-b714-36d1d8e21c35,2018,Mitsubishi,Outlander,Limited Edition,Limited Edition,3b5ad123903c89a9,5x114.3,67.1,M12x1.50,38.00,38.00,"[""7x18""]","[""P225/55R18""]",tgp_solutions,unknown,"""2026-05-07T21:45:59.143Z"""
26c813c9-60ae-470d-bd53-677a51d31157,2018,Mitsubishi,Outlander,SE,SE,fc0c674aea1091e4,5x114.3,67.1,M12x1.50,38.00,38.00,"[""7x18""]","[""P225/55R18""]",tgp_solutions,unknown,"""2026-05-07T21:45:59.143Z"""
b237eb37-79b4-428d-8d2a-a706469b0876,2018,Mitsubishi,Outlander,SEL,SEL,bfa4c448b3b77f7b,5x114.3,67.1,M12x1.50,38.00,38.00,"[""7x18""]","[""P225/55R18""]",tgp_solutions,unknown,"""2026-05-07T21:45:59.143Z"""
b16a3695-4ea0-40a7-a413-d158d12fc970,2018,Mitsubishi,Outlander PHEV,GT,GT,5b8a5f0f37355140,5x114.3,67.1,M12x1.50,38.00,38.00,"[""7x18""]","[""P225/55R18""]",tgp_solutions,unknown,"""2026-05-07T21:45:59.143Z"""
2d943692-4993-4f8d-b576-e530fec0ac2a,2018,Mitsubishi,Outlander PHEV,SEL,SEL,274c65fc5410e5ee,5x114.3,67.1,M12x1.50,38.00,38.00,"[""7x18""]","[""P225/55R18""]",tgp_solutions,unknown,"""2026-05-07T21:45:59.143Z"""
cbbd46db-3c4f-40c5-93b1-abfa5c7d843b,2018,Mitsubishi,Outlander Sport,ES,ES,ec0307fd54472d41,5x114.3,67.1,M12x1.50,38.00,38.00,"[""7x18""]","[""P225/55R18""]",tgp_solutions,unknown,"""2026-05-07T21:45:59.143Z"""
e2bac0ad-c45c-4ba3-9622-825066abd359,2018,Mitsubishi,Outlander Sport,Limited Edition,Limited Edition,8575d2031736c193,5x114.3,67.1,M12x1.50,38.00,38.00,"[""7x18""]","[""P225/55R18""]",tgp_solutions,unknown,"""2026-05-07T21:45:59.143Z"""
ac8c4e4b-4ace-44cb-ba1a-d060b1f5843e,2018,Mitsubishi,Outlander Sport,SE,SE,0b988f4145ee6227,5x114.3,67.1,M12x1.50,38.00,38.00,"[""7x18""]","[""P225/55R18""]",tgp_solutions,unknown,"""2026-05-07T21:45:59.143Z"""
7c33ac39-d26e-45b3-90a1-718f855f94c6,2018,Mitsubishi,Outlander Sport,SEL,SEL,f232410049fb1f8e,5x114.3,67.1,M12x1.50,38.00,38.00,"[""7x18""]","[""P225/55R18""]",tgp_solutions,unknown,"""2026-05-07T21:45:59.143Z"""
e3c580d4-85c6-4b89-824c-881b992c89bc,2018,Nissan,370Z,Coupe Front Coupe,Coupe Front Coupe,1315d5f113a76d2b,5x114.3,66.1,M12x1.25,43.00,43.00,"[""8x18""]","{""rear"":[],""front"":[""225/50R18""]}",deprecated-staggered-split,unknown,"""2026-05-07T21:45:59.143Z"""
05e6992d-3692-4c32-9364-b7d80b1731c9,2018,Nissan,370Z,Coupe Rear Coupe,Coupe Rear Coupe,bae4bf93da944668,5x114.3,66.1,M12x1.25,15.00,15.00,"[""9x18""]","{""rear"":[""245/45R18""],""front"":[]}",deprecated-staggered-split,unknown,"""2026-05-07T21:45:59.143Z"""
352c8125-a679-4d58-85ce-483f0f9236f2,2018,Nissan,370Z,Heritage Edition Front Heritage Edition,Heritage Edition Front Heritage Edition,bd9eb02d0a95b786,5x114.3,66.1,M12x1.25,43.00,43.00,"[""8x18""]","{""rear"":[],""front"":[""225/50R18""]}",deprecated-staggered-split,unknown,"""2026-05-07T21:45:59.143Z"""
b500f386-3ddf-4199-be82-fe3831ecda31,2018,Nissan,370Z,Heritage Edition Rear Heritage Edition,Heritage Edition Rear Heritage Edition,b734feb34f43dc74,5x114.3,66.1,M12x1.25,15.00,15.00,"[""9x18""]","{""rear"":[""245/45R18""],""front"":[]}",deprecated-staggered-split,unknown,"""2026-05-07T21:45:59.143Z"""
95c3d890-b1a3-4117-a2d2-f13217d53d3d,2018,Nissan,370Z,Nismo Tech Front Nismo Tech,Nismo Tech Front Nismo Tech,84f0e7574b4f4407,5x114.3,66.1,M12x1.25,40.00,40.00,"[""9.5x19""]","{""rear"":[],""front"":[""245/40R19""]}",deprecated-staggered-split,unknown,"""2026-05-07T21:45:59.143Z"""
257d9234-9180-4ad6-b821-4a1b8c2d3f0d,2018,Nissan,370Z,Nismo Tech Rear Nismo Tech,Nismo Tech Rear Nismo Tech,d7722fb34552b20f,5x114.3,66.1,M12x1.25,40.00,40.00,"[""10.5x19""]","{""rear"":[""285/35R19""],""front"":[]}",deprecated-staggered-split,unknown,"""2026-05-07T21:45:59.143Z"""
65235018-5d90-4b3b-b6fe-6b68b7c385ed,2018,Nissan,370Z,Roadster Front Roadster,Roadster Front Roadster,db64d3a77b22732a,5x114.3,66.1,M12x1.25,43.00,43.00,"[""8x18""]","{""rear"":[],""front"":[""225/50R18""]}",deprecated-staggered-split,unknown,"""2026-05-07T21:45:59.143Z"""
5cee5628-b984-42fe-90ab-07afae0a0cd0,2018,Nissan,370Z,Roadster Rear Roadster,Roadster Rear Roadster,48e7b02b5d087a09,5x114.3,66.1,M12x1.25,15.00,15.00,"[""9x18""]","{""rear"":[""245/45R18""],""front"":[]}",deprecated-staggered-split,unknown,"""2026-05-07T21:45:59.143Z"""
f6a0bc5b-963b-46fb-8a24-828f031f7605,2018,Nissan,370Z,Sport Front Sport,Sport Front Sport,130eb5481729d6a8,5x114.3,66.1,M12x1.25,47.00,47.00,"[""9x19""]","{""rear"":[],""front"":[""245/40R19""]}",deprecated-staggered-split,unknown,"""2026-05-07T21:45:59.143Z"""
c315c0da-a876-43fa-aaef-596b45547c50,2018,Nissan,370Z,Sport Rear Sport,Sport Rear Sport,e975ff62789863ef,5x114.3,66.1,M12x1.25,30.00,30.00,"[""10x19""]","{""rear"":[""275/35R19""],""front"":[]}",deprecated-staggered-split,unknown,"""2026-05-07T21:45:59.143Z"""
91672604-24a7-453e-902b-63e40e528e33,2018,Nissan,370Z,Sport Tech Front Sport Tech,Sport Tech Front Sport Tech,2ef39e24f13cab25,5x114.3,66.1,M12x1.25,47.00,47.00,"[""9x19""]","{""rear"":[],""front"":[""245/40R19""]}",deprecated-staggered-split,unknown,"""2026-05-07T21:45:59.143Z"""
adacab71-f235-4613-b6d4-e83f6d8eb12b,2018,Nissan,370Z,Sport Tech Rear Sport Tech,Sport Tech Rear Sport Tech,d4ceda3c4be34e9e,5x114.3,66.1,M12x1.25,30.00,30.00,"[""10x19""]","{""rear"":[""275/35R19""],""front"":[]}",deprecated-staggered-split,unknown,"""2026-05-07T21:45:59.143Z"""
63790ccf-b4fd-4339-aa5d-3e0683c0656f,2018,Nissan,370Z,Touring Coupe Front Touring Coupe,Touring Coupe Front Touring Coupe,7e39b09e9f25649b,5x114.3,66.1,M12x1.25,43.00,43.00,"[""8x18""]","{""rear"":[],""front"":[""225/50R18""]}",deprecated-staggered-split,unknown,"""2026-05-07T21:45:59.143Z"""
c6f80816-96da-48f4-8121-561f639c832e,2018,Nissan,370Z,Touring Coupe Rear Touring Coupe,Touring Coupe Rear Touring Coupe,e98df4bb747ba4cb,5x114.3,66.1,M12x1.25,15.00,15.00,"[""9x18""]","{""rear"":[""245/45R18""],""front"":[]}",deprecated-staggered-split,unknown,"""2026-05-07T21:45:59.143Z"""
c4456095-d169-4562-bd8a-bfae6067ca3f,2018,Nissan,370Z,Touring Roadster Front Touring Roadster,Touring Roadster Front Touring Roadster,ba5d1336f7af1a7a,5x114.3,66.1,M12x1.25,43.00,43.00,"[""8x18""]","{""rear"":[],""front"":[""225/50R18""]}",deprecated-staggered-split,unknown,"""2026-05-07T21:45:59.143Z"""
946312d9-a941-4122-9159-e6c18d1548e6,2018,Nissan,370Z,Touring Roadster Rear Touring Roadster,Touring Roadster Rear Touring Roadster,150b0d6d336fefd1,5x114.3,66.1,M12x1.25,15.00,15.00,"[""9x18""]","{""rear"":[""245/45R18""],""front"":[]}",deprecated-staggered-split,unknown,"""2026-05-07T21:45:59.143Z"""
57caeb96-e6c8-4e36-abe9-7075017b66ea,2018,Nissan,370Z,Touring Sport Front Touring Sport,Touring Sport Front Touring Sport,15d8c38a75e46819,5x114.3,66.1,M12x1.25,47.00,47.00,"[""9x19""]","{""rear"":[],""front"":[""245/40R19""]}",deprecated-staggered-split,unknown,"""2026-05-07T21:45:59.143Z"""
e878994d-7035-49fc-92c0-f3d7c0260c39,2018,Nissan,370Z,Touring Sport Rear Touring Sport,Touring Sport Rear Touring Sport,c91cfc586ff05ed0,5x114.3,66.1,M12x1.25,30.00,30.00,"[""10x19""]","{""rear"":[""275/35R19""],""front"":[]}",deprecated-staggered-split,unknown,"""2026-05-07T21:45:59.143Z"""
a53cca7a-8685-4c54-8270-e87101423ade,2018,Nissan,Altima,S,S,97c93287b28b432d,5x114.3,66.1,M12x1.25,50.00,50.00,"[""7x16""]","[""P215/60R16""]",tgp_solutions,unknown,"""2026-05-07T21:45:59.143Z"""
b4ec4587-e060-413e-aaae-0d4861220201,2018,Nissan,Altima,SL 2.5,SL 2.5,62c808750c3caf16,5x114.3,66.1,M12x1.25,50.00,50.00,"[""7.5x17""]","[""P215/55R17""]",tgp_solutions,unknown,"""2026-05-07T21:45:59.143Z"""
a29bee3d-b63a-429c-89e3-2c57182c851e,2018,Nissan,Altima,SL 3.5,SL 3.5,43535a6e81733616,5x114.3,66.1,M12x1.25,55.00,55.00,"[""7.5x18""]","[""P235/45R18""]",tgp_solutions,unknown,"""2026-05-07T21:45:59.143Z"""
da5db592-aee3-439a-91cf-df1fde02096e,2018,Nissan,Altima,SR,SR,edd84e41b404f06a,5x114.3,66.1,M12x1.25,55.00,55.00,"[""7.5x18""]","[""P235/45R18""]",tgp_solutions,unknown,"""2026-05-07T21:45:59.143Z"""
7e2bd53f-f907-4413-a875-0dfb430640ec,2018,Nissan,Altima,SV,SV,6100c1cc12a4e613,5x114.3,66.1,M12x1.25,50.00,50.00,"[""7.5x17""]","[""P215/55R17""]",tgp_solutions,unknown,"""2026-05-07T21:45:59.143Z"""
221325c2-8d96-42df-8897-5f633fc7d419,2018,Nissan,Armada,Platinum,Platinum,d0dec55be4c3756d,6x139.7,77.8,M14x1.50,30.00,30.00,"[""8x20""]","[""P275/60R20""]",tgp_solutions,unknown,"""2026-05-07T21:45:59.143Z"""
d1c19732-1f78-4524-9f32-0e03d7ea45fa,2018,Nissan,Armada,Platinum Reserve,Platinum Reserve,c02dde6dcfb53e7d,6x139.7,77.8,M14x1.50,30.00,30.00,"[""8x20""]","[""P275/60R20""]",tgp_solutions,unknown,"""2026-05-07T21:45:59.143Z"""
14182274-1024-4738-ae7f-e42d889e8cf5,2018,Nissan,Armada,SL,SL,552ab42ffaf8eabe,6x139.7,77.8,M14x1.50,30.00,30.00,"[""8x20""]","[""P275/60R20""]",tgp_solutions,unknown,"""2026-05-07T21:45:59.143Z"""
e89225ea-e25e-4466-b275-ec87e3b5028b,2018,Nissan,Armada,SV,SV,db9a76b204dbb411,6x139.7,77.8,M14x1.50,30.00,30.00,"[""8x18""]","[""265/70R18""]",tgp_solutions,unknown,"""2026-05-07T21:45:59.143Z"""
0584ed6e-95ea-4a30-81c8-4bcb972fa58f,2018,Nissan,Frontier,Desert Runner,Desert Runner,d16795a16f6665be,6x114.3,66.1,M12x1.25,30.00,30.00,"[""7x16""]","[""P265/75R16""]",tgp_solutions,unknown,"""2026-05-07T21:45:59.143Z"""
ed6a664f-77c4-4479-a2f2-9f7cbb02b6d0,2018,Nissan,Frontier,PRO-4X,PRO-4X,f936a91f3e97b6d6,6x114.3,66.1,M12x1.25,30.00,30.00,"[""7x16""]","[""P265/75R16""]",tgp_solutions,unknown,"""2026-05-07T21:45:59.143Z"""
6bea848f-2621-4291-9a10-04df1a126ad1,2018,Nissan,Frontier,S Crew Cab,S Crew Cab,81cd036ae75834bb,6x114.3,66.1,M12x1.25,30.00,30.00,"[""7x16""]","[""P265/70R16""]",tgp_solutions,unknown,"""2026-05-07T21:45:59.143Z"""
7125fd1e-1353-4a96-8f0c-f6e53b174fe0,2018,Nissan,Frontier,S King Cab,S King Cab,502b7a0d379c4f29,6x114.3,66.1,M12x1.25,25.00,25.00,"[""6.5x15""]","[""P235/75R15""]",tgp_solutions,unknown,"""2026-05-07T21:45:59.143Z"""
b712b318-acc4-481c-9f2f-7a567fbeec7f,2018,Nissan,Frontier,SL,SL,593fef6010e7e1bc,6x114.3,66.1,M12x1.25,30.00,30.00,"[""7.5x18""]","[""P265/60R18""]",tgp_solutions,unknown,"""2026-05-07T21:45:59.143Z"""
101179c0-400b-41b5-880e-32909dbd046f,2018,Nissan,Frontier,SV,SV,4af1f57f43829fcd,6x114.3,66.1,M12x1.25,30.00,30.00,"[""7.5x18"",""7x16""]","[""P265/60R18"",""P265/70R16""]",tgp_solutions,unknown,"""2026-05-07T21:45:59.143Z"""
dd1911ce-44f2-479b-b400-108e794878b7,2018,Nissan,GT-R,Nismo Front Nismo,Nismo Front Nismo,537b51f0cb2c7f01,5x114.3,66.1,M12x1.25,41.00,41.00,"[""10x20""]","{""rear"":[],""front"":[""255/40ZRF20""]}",deprecated-staggered-split,unknown,"""2026-05-07T21:45:59.143Z"""
3a9a5d63-9a71-4e5b-88b5-623084eb8a72,2018,Nissan,GT-R,Nismo Rear Nismo,Nismo Rear Nismo,e308c6fc6cfa38bd,5x114.3,66.1,M12x1.25,25.00,25.00,"[""10.5x20""]","{""rear"":[""285/35ZRF20""],""front"":[]}",deprecated-staggered-split,unknown,"""2026-05-07T21:45:59.143Z"""
51a2a1ad-e0a5-434d-9eb3-9e98bbcb1b35,2018,Nissan,GT-R,Premium Front Premium,Premium Front Premium,2591fdcc7f55964b,5x114.3,66.1,M12x1.25,45.00,45.00,"[""9.5x20""]","{""rear"":[],""front"":[""255/40RF20"",""255/40ZRF20""]}",deprecated-staggered-split,unknown,"""2026-05-07T21:45:59.143Z"""
5ae43fc2-adde-4a91-98f8-d99f28ff8bc6,2018,Nissan,GT-R,Premium Rear Premium,Premium Rear Premium,03f2ba56ea41a9e8,5x114.3,66.1,M12x1.25,25.00,25.00,"[""10.5x20""]","{""rear"":[""285/35RF20"",""285/35ZRF20""],""front"":[]}",deprecated-staggered-split,unknown,"""2026-05-07T21:45:59.143Z"""
be739c26-210f-4c2c-849f-c81f43b0d3c3,2018,Nissan,GT-R,Pure Front Pure,Pure Front Pure,0c73ce16b80a302d,5x114.3,66.1,M12x1.25,45.00,45.00,"[""9.5x20""]","{""rear"":[],""front"":[""255/40RF20"",""255/40ZRF20""]}",deprecated-staggered-split,unknown,"""2026-05-07T21:45:59.143Z"""
98b6fa1b-28ed-4b8d-9b34-7f1e5a4e395e,2018,Nissan,GT-R,Pure Rear Pure,Pure Rear Pure,ff36eec7d512113d,5x114.3,66.1,M12x1.25,25.00,25.00,"[""10.5x20""]","{""rear"":[""285/35RF20"",""285/35ZRF20""],""front"":[]}",deprecated-staggered-split,unknown,"""2026-05-07T21:45:59.143Z"""
78f1d766-d44d-4aca-a552-ef77a5ff131b,2018,Nissan,GT-R,Track Edition Front Track Edition,Track Edition Front Track Edition,fded897e690fe69f,5x114.3,66.1,M12x1.25,41.00,41.00,"[""10x20""]","{""rear"":[],""front"":[""255/40ZRF20""]}",deprecated-staggered-split,unknown,"""2026-05-07T21:45:59.143Z"""
14fa39d4-1c57-49a4-87d5-e3e276dbb351,2018,Nissan,GT-R,Track Edition Rear Track Edition,Track Edition Rear Track Edition,c4eaaf6faef50b88,5x114.3,66.1,M12x1.25,25.00,25.00,"[""10.5x20""]","{""rear"":[""285/35ZRF20""],""front"":[]}",deprecated-staggered-split,unknown,"""2026-05-07T21:45:59.143Z"""
e5c9e57f-aede-4497-8d9a-c24a0582ff6f,2018,Nissan,Kicks,S,S,013ab99919481c34,4x100,60.1,M12x1.25,45.00,45.00,"[""6x16""]","[""205/60R16""]",tgp_solutions,unknown,"""2026-05-07T21:45:59.143Z"""
2acfe8b4-b491-4b5e-8eb0-211d3afd59f7,2018,Nissan,Kicks,SR,SR,5b1793b31882db31,4x100,60.1,M12x1.25,45.00,45.00,"[""6.5x17""]","[""205/55R17""]",tgp_solutions,unknown,"""2026-05-07T21:45:59.143Z"""
ae14c6ca-9feb-41af-b074-3d848124a554,2018,Nissan,Kicks,SV,SV,b24b27ec395a211e,4x100,60.1,M12x1.25,45.00,45.00,"[""6.5x17""]","[""205/55R17""]",tgp_solutions,unknown,"""2026-05-07T21:45:59.143Z"""
42f9d509-b87e-482a-8dae-f126d7590e3d,2018,Nissan,LEAF,S,S,0cbcb604a3daa112,5x114.3,66.1,M12x1.25,40.00,40.00,"[""6.5x16""]","[""P205/55R16""]",tgp_solutions,unknown,"""2026-05-07T21:45:59.143Z"""
f2ca0985-bc22-4d9a-a33d-8497e6092207,2018,Nissan,LEAF,SL,SL,b6741e2d66dd985e,5x114.3,66.1,M12x1.25,45.00,45.00,"[""6.5x17""]","[""P215/50R17""]",tgp_solutions,unknown,"""2026-05-07T21:45:59.143Z"""
5fcba0df-112a-492a-a04d-69e69c14769c,2018,Nissan,LEAF,SV,SV,7cc4f5610e7a49ff,5x114.3,66.1,M12x1.25,45.00,45.00,"[""6.5x17""]","[""P215/50R17""]",tgp_solutions,unknown,"""2026-05-07T21:45:59.143Z"""
72f78b6b-c35d-4e13-b2e8-48cf09a3d59e,2018,Nissan,Maxima,Platinum,Platinum,048f9a3e5cb32b49,5x114.3,66.1,M12x1.25,50.00,50.00,"[""8.5x18""]","[""245/45R18""]",tgp_solutions,unknown,"""2026-05-07T21:45:59.143Z"""
dd804d3e-4747-422a-83e7-97974f545126,2018,Nissan,Maxima,S,S,94a6f1762f0cb947,5x114.3,66.1,M12x1.25,50.00,50.00,"[""8.5x18""]","[""245/45R18""]",tgp_solutions,unknown,"""2026-05-07T21:45:59.143Z"""
7f7d2615-ed27-40da-95fe-b3e5cf01941c,2018,Nissan,Maxima,SL,SL,2ad9b2af19de42e2,5x114.3,66.1,M12x1.25,50.00,50.00,"[""8.5x18""]","[""245/45R18""]",tgp_solutions,unknown,"""2026-05-07T21:45:59.143Z"""
b477666b-4a43-4b95-b4bf-74f946885863,2018,Nissan,Maxima,SR,SR,f3c289d626594232,5x114.3,66.1,M12x1.25,50.00,50.00,"[""8.5x19""]","[""245/40R19""]",tgp_solutions,unknown,"""2026-05-07T21:45:59.143Z"""
b4b9f83b-b42e-43e5-9d44-4ade6555c490,2018,Nissan,Maxima,SV,SV,12cc0559b97ed110,5x114.3,66.1,M12x1.25,50.00,50.00,"[""8.5x18""]","[""245/45R18""]",tgp_solutions,unknown,"""2026-05-07T21:45:59.143Z"""
9613284e-8f6b-412e-85e5-4d6a2b9c2795,2018,Nissan,Murano,Platinum,Platinum,b9478025d8af0f22,5x114.3,66.1,M12x1.25,50.00,50.00,"[""7.5x20""]","[""235/55R20""]",tgp_solutions,unknown,"""2026-05-07T21:45:59.143Z"""
b1cf741d-2b40-4d77-9077-b24843d08304,2018,Nissan,Murano,S,S,d5c3a2ac3ff66940,5x114.3,66.1,M12x1.25,50.00,50.00,"[""7.5x18""]","[""235/65R18""]",tgp_solutions,unknown,"""2026-05-07T21:45:59.143Z"""
99bc63f1-689a-40f5-b656-a2200779e064,2018,Nissan,Murano,SL,SL,0ec72f6b2ae18a98,5x114.3,66.1,M12x1.25,50.00,50.00,"[""7.5x18""]","[""235/65R18""]",tgp_solutions,unknown,"""2026-05-07T21:45:59.143Z"""
fd25bf54-d120-4d0a-8669-a1f354c04e4f,2018,Nissan,Murano,SL Midnight Edition,SL Midnight Edition,051c65b99849e47d,5x114.3,66.1,M12x1.25,50.00,50.00,"[""7.5x20""]","[""235/55R20""]",tgp_solutions,unknown,"""2026-05-07T21:45:59.143Z"""
fdaf2c92-1377-432c-85c3-33db874ce9e8,2018,Nissan,Murano,SV,SV,b795e23e3db4edaf,5x114.3,66.1,M12x1.25,50.00,50.00,"[""7.5x18""]","[""235/65R18""]",tgp_solutions,unknown,"""2026-05-07T21:45:59.143Z"""
a2cf02b8-92f3-4dd4-ba0c-0e0f89998d8f,2018,Nissan,Pathfinder,Platinum,Platinum,d174f7abe9c5ccc5,5x114.3,66.1,M12x1.25,50.00,50.00,"[""7.5x20""]","[""235/55R20"",""P235/55R20""]",tgp_solutions,unknown,"""2026-05-07T21:45:59.143Z"""
c652ee7f-2f6b-4554-8cb4-b1d7b4026d75,2018,Nissan,Pathfinder,S,S,e24ae098e5765e2a,5x114.3,66.1,M12x1.25,50.00,50.00,"[""7.5x18""]","[""235/65R18""]",tgp_solutions,unknown,"""2026-05-07T21:45:59.143Z"""
f907f068-ab66-4c1a-a838-d1ca55e77596,2018,Nissan,Pathfinder,SL,SL,c8dd756e86732723,5x114.3,66.1,M12x1.25,50.00,50.00,"[""7.5x18"",""7.5x20""]","[""235/55R20"",""235/65R18"",""P235/55R20""]",tgp_solutions,unknown,"""2026-05-07T21:45:59.143Z"""
f85f1f82-888c-4875-8ff6-9f85a538b775,2018,Nissan,Pathfinder,SV,SV,108a0e818de1a234,5x114.3,66.1,M12x1.25,50.00,50.00,"[""7.5x18""]","[""235/65R18""]",tgp_solutions,unknown,"""2026-05-07T21:45:59.143Z"""
b469e614-b8a8-4f8c-8aa3-62ae5f97c724,2018,Nissan,Rogue,S,S,7f8be9e51d442784,5x114.3,66.1,M12x1.25,35.00,35.00,"[""7x17""]","[""225/65R17"",""P225/65RF17""]",tgp_solutions,unknown,"""2026-05-07T21:45:59.143Z"""
6d4b3b02-be51-41e7-ae65-dd6f33f64fe4,2018,Nissan,Rogue,SL,SL,ec87e10376ab2ee2,5x114.3,66.1,M12x1.25,35.00,35.00,"[""7x18"",""7x19""]","[""225/55R19"",""225/60R18""]",tgp_solutions,unknown,"""2026-05-07T21:45:59.143Z"""
29242070-5721-4752-9c2d-cdd95cd6c6fd,2018,Nissan,Rogue,SL Hybrid,SL Hybrid,1854127b5250b311,5x114.3,66.1,M12x1.25,40.00,40.00,"[""7x18""]","[""225/60R18""]",tgp_solutions,unknown,"""2026-05-07T21:45:59.143Z"""
ce8e8e26-87df-4cf9-9d77-7a488758f565,2018,Nissan,Rogue,SV,SV,3871fb961498e79a,5x114.3,66.1,M12x1.25,35.00,35.00,"[""7x17""]","[""225/65R17"",""P225/65RF17""]",tgp_solutions,unknown,"""2026-05-07T21:45:59.143Z"""
bccbd355-18b8-45a1-9d2f-30224a1b3f0a,2018,Nissan,Rogue,SV Hybrid,SV Hybrid,8587732b4d2a0474,5x114.3,66.1,M12x1.25,40.00,40.00,"[""7x17""]","[""225/65R17""]",tgp_solutions,unknown,"""2026-05-07T21:45:59.143Z"""
8ef69de3-1149-4a13-b8de-038d40a8720b,2018,Nissan,Rogue Sport,S,S,c34da17b1af1d319,5x114.3,66.1,M12x1.25,40.00,40.00,"[""6.5x16"",""7x17""]","[""215/60R17"",""215/65R16""]",tgp_solutions,unknown,"""2026-05-07T21:45:59.143Z"""
cf8f9c7f-9b8e-4508-8f8c-54292444bcec,2018,Nissan,Rogue Sport,SL,SL,917d01b77d52280f,5x114.3,66.1,M12x1.25,40.00,40.00,"[""7x19""]","[""225/45R19""]",tgp_solutions,unknown,"""2026-05-07T21:45:59.143Z"""
fddce8be-5238-44c6-b75f-e04232f8fd3e,2018,Nissan,Rogue Sport,SV,SV,56ea0fe642421926,5x114.3,66.1,M12x1.25,40.00,40.00,"[""7x17""]","[""215/60R17""]",tgp_solutions,unknown,"""2026-05-07T21:45:59.143Z"""
156579dc-207c-4d3e-96c3-56e4201fae01,2018,Nissan,Sentra,Nismo,Nismo,b333781247f6107a,5x114.3,66.1,M12x1.25,45.00,45.00,"[""6.5x18""]","[""215/45R18"",""215/45ZR18""]",tgp_solutions,unknown,"""2026-05-07T21:45:59.143Z"""
d3ac2da4-82f5-4dfe-a46d-817ca7334fb7,2018,Nissan,Sentra,S,S,9ad6f8009b5acfff,5x114.3,66.1,M12x1.25,45.00,45.00,"[""6.5x16""]","[""P205/55R16""]",tgp_solutions,unknown,"""2026-05-07T21:45:59.143Z"""
6e448c02-3f75-4806-a03b-4e7826782fdf,2018,Nissan,Sentra,SL,SL,4cdc79d21d0af88f,5x114.3,66.1,M12x1.25,45.00,45.00,"[""6.5x17""]","[""205/50R17""]",tgp_solutions,unknown,"""2026-05-07T21:45:59.143Z"""
5e8ba363-9a37-4029-bd51-630c66c4d1bb,2018,Nissan,Sentra,SR,SR,a16c237c2af90c1c,5x114.3,66.1,M12x1.25,45.00,45.00,"[""6.5x17""]","[""205/50R17""]",tgp_solutions,unknown,"""2026-05-07T21:45:59.143Z"""
e43c6522-b504-4afc-a12c-9d6f6fef2854,2018,Nissan,Sentra,SR Turbo,SR Turbo,5313e1dc8e73e382,5x114.3,66.1,M12x1.25,45.00,45.00,"[""6.5x17""]","[""205/50R17""]",tgp_solutions,unknown,"""2026-05-07T21:45:59.143Z"""
70dc29c6-1ff4-4fca-a3b9-5aadb9e6fd84,2018,Nissan,Sentra,SV,SV,dae6810978a215cc,5x114.3,66.1,M12x1.25,45.00,45.00,"[""6.5x16""]","[""P205/55R16""]",tgp_solutions,unknown,"""2026-05-07T21:45:59.143Z"""
f0785484-8971-4bb6-919e-d3b8a8cee697,2018,Nissan,Titan,PRO-4X,PRO-4X,da0f64ad4d0332ba,6x139.7,77.8,M12x1.25,15.00,15.00,"[""8x18""]","[""P275/70R18""]",tgp_solutions,unknown,"""2026-05-07T21:45:59.143Z"""
5cc427a8-0db7-4d26-8edd-f03236b01bab,2018,Nissan,Titan,Platinum Reserve,Platinum Reserve,64adf4ff7aa784cc,6x139.7,77.8,M12x1.25,41.00,41.00,"[""7.5x20""]","[""P275/60R20""]",tgp_solutions,unknown,"""2026-05-07T21:45:59.143Z"""
d15573f1-b0e0-4535-9f8c-5c246bf0dac7,2018,Nissan,Titan,S,S,3b837ed3cb0d709b,6x139.7,77.8,M12x1.25,25.00,25.00,"[""8x18""]","[""P265/70R18""]",tgp_solutions,unknown,"""2026-05-07T21:45:59.143Z"""
3c29906a-d406-42da-be98-3bbdce484a82,2018,Nissan,Titan,SL,SL,0c14475e624996a7,6x139.7,77.8,M12x1.25,25.00,25.00,"[""8x20""]","[""P275/60R20""]",tgp_solutions,unknown,"""2026-05-07T21:45:59.143Z"""
95ce8b21-bb25-42b0-9886-b939a11764cf,2018,Nissan,Titan,SV,SV,41e8d149c38cab60,6x139.7,77.8,M12x1.25,25.00,25.00,"[""8x18"",""8x20""]","[""265/70R18"",""P275/60R20""]",tgp_solutions,unknown,"""2026-05-07T21:45:59.143Z"""
965fd389-35ca-4af4-8e06-8ada77638d04,2018,Nissan,Titan XD,PRO-4X,PRO-4X,799d7fb085fb7159,6x139.7,77.8,M14x1.50,41.00,41.00,"[""7.5x18""]","[""LT275/65R18/E""]",tgp_solutions,unknown,"""2026-05-07T21:45:59.143Z"""
eb07bb23-688d-4c61-8312-697323261304,2018,Nissan,Titan XD,Platinum Reserve,Platinum Reserve,774d5a03d434ccff,6x139.7,77.8,M14x1.50,41.00,41.00,"[""7.5x20""]","[""LT265/60R20/E""]",tgp_solutions,unknown,"""2026-05-07T21:45:59.143Z"""
c15395b2-7a37-4c3c-b433-8b6cdfa89ecc,2018,Nissan,Titan XD,S,S,9b19512b583c00e3,6x139.7,77.8,M14x1.50,44.00,44.00,"[""7.5x17""]","[""LT245/75R17/E""]",tgp_solutions,unknown,"""2026-05-07T21:45:59.143Z"""
3a57a754-cd76-432a-923d-1f85d74ae402,2018,Nissan,Titan XD,SL,SL,fbcc64e51c13ed80,6x139.7,77.8,M14x1.50,41.00,41.00,"[""7.5x20""]","[""LT265/60R20/E""]",tgp_solutions,unknown,"""2026-05-07T21:45:59.143Z"""
24ce9157-a839-435f-9ffc-40cfd26fc8b2,2018,Nissan,Titan XD,SV,SV,49d9c3beae93cf4e,6x139.7,77.8,M14x1.50,44.00,44.00,"[""7.5x17""]","[""LT245/75R17/E""]",tgp_solutions,unknown,"""2026-05-07T21:45:59.143Z"""
b5263db9-9d11-470f-a729-972c437a98a7,2018,Nissan,Versa,1.6 S,1.6 S,ab0a5743e04a91fd,4x100,60.1,M12x1.25,40.00,40.00,"[""5.5x15""]","[""P185/65R15""]",tgp_solutions,unknown,"""2026-05-07T21:45:59.143Z"""
cdf6f019-8afe-42cd-a87e-743601981a1d,2018,Nissan,Versa,1.6 S Plus,1.6 S Plus,312ddc5e86435fbd,4x100,60.1,M12x1.25,40.00,40.00,"[""5.5x15""]","[""P185/65R15""]",tgp_solutions,unknown,"""2026-05-07T21:45:59.143Z"""
ebadb8c0-203d-4a42-9d54-9e16954f2f3f,2018,Nissan,Versa,1.6 SV,1.6 SV,e835c399a49bb817,4x100,60.1,M12x1.25,40.00,40.00,"[""5.5x15""]","[""P185/65R15""]",tgp_solutions,unknown,"""2026-05-07T21:45:59.143Z"""
267fa647-5e88-4298-9818-205050dfa35c,2018,Nissan,Versa,1.6 SV Special Edition,1.6 SV Special Edition,83235d5ed433a59b,4x100,60.1,M12x1.25,40.00,40.00,"[""5.5x15""]","[""P185/65R15""]",tgp_solutions,unknown,"""2026-05-07T21:45:59.143Z"""
b1d12b53-524c-4123-9718-2a290545d708,2018,Nissan,Versa Note,S,S,89904a6555d86b8a,4x100,60.1,M12x1.25,40.00,40.00,"[""5.5x15""]","[""P185/65R15""]",tgp_solutions,unknown,"""2026-05-07T21:45:59.143Z"""
10ce6ce4-15e4-46d5-b946-2c50aea7e45b,2018,Nissan,Versa Note,SR,SR,40a58cdc1476995e,4x100,60.1,M12x1.25,45.00,45.00,"[""6x16""]","[""P195/55R16""]",tgp_solutions,unknown,"""2026-05-07T21:45:59.143Z"""
8953075a-78c8-4b74-ac14-c5f943420034,2018,Nissan,Versa Note,SV,SV,5c7c800fc55e28cf,4x100,60.1,M12x1.25,40.00,40.00,"[""5.5x15""]","[""P185/65R15""]",tgp_solutions,unknown,"""2026-05-07T21:45:59.143Z"""
22a6a221-a6c3-4635-81e1-5f5c62d28ec1,2018,Porsche,718 Boxster,Base Front Base,Base Front Base,2627fcf402cec880,5x130,71.5,M14x1.50B,57.00,57.00,"[""8.5x20"",""8x18"",""8x19"",""8x20""]","{""rear"":[],""front"":[""235/35ZR20"",""235/40ZR19"",""235/45ZR18""]}",deprecated-staggered-split,unknown,"""2026-05-07T21:45:59.143Z"""
731d913d-0b82-4cf2-8d47-31aa3546aa96,2018,Porsche,718 Boxster,Base Rear Base,Base Rear Base,95086bfa6d156a29,5x130,71.5,M14x1.50B,49.00,49.00,"[""10.5x20"",""10x19"",""10x20"",""9.5x18""]","{""rear"":[""265/35ZR20"",""265/40ZR19"",""265/45ZR18""],""front"":[]}",deprecated-staggered-split,unknown,"""2026-05-07T21:45:59.143Z"""
ac13f1cd-2f25-4e0d-baac-251e34f18d0d,2018,Porsche,718 Boxster,GTS Front GTS,GTS Front GTS,295e3792c01b6afd,5x130,71.5,M14x1.50B,57.00,57.00,"[""8.5x20"",""8x20""]","{""rear"":[],""front"":[""235/35ZR20""]}",deprecated-staggered-split,unknown,"""2026-05-07T21:45:59.143Z"""
8c969b0b-7aa0-43c9-83af-239543086d86,2018,Porsche,718 Boxster,GTS Rear GTS,GTS Rear GTS,6d67f87bda66b494,5x130,71.5,M14x1.50B,45.00,45.00,"[""10.5x20"",""10x20""]","{""rear"":[""265/35ZR20""],""front"":[]}",deprecated-staggered-split,unknown,"""2026-05-07T21:45:59.143Z"""
531d53f0-a646-472e-8650-77b8f2d8b4ff,2018,Porsche,718 Boxster,S Front S,S Front S,b9201d956e3e989e,5x130,71.5,M14x1.50B,57.00,57.00,"[""8.5x20"",""8x19"",""8x20""]","{""rear"":[],""front"":[""235/35ZR20"",""235/40ZR19""]}",deprecated-staggered-split,unknown,"""2026-05-07T21:45:59.143Z"""
8dd9a0c7-39d5-4764-be68-7f0575a7b6ed,2018,Porsche,718 Boxster,S Rear S,S Rear S,c47b0372021d1711,5x130,71.5,M14x1.50B,45.00,45.00,"[""10.5x20"",""10x19"",""10x20""]","{""rear"":[""265/35ZR20"",""265/40ZR19""],""front"":[]}",deprecated-staggered-split,unknown,"""2026-05-07T21:45:59.143Z"""
33a5da60-a111-4339-ba3e-ac08c42b0f51,2018,Porsche,718 Cayman,Base Front Base,Base Front Base,a427bac8176b933a,5x130,71.5,M14x1.50B,57.00,57.00,"[""8.5x20"",""8x18"",""8x19"",""8x20""]","{""rear"":[],""front"":[""235/35ZR20"",""235/40ZR19"",""235/45ZR18""]}",deprecated-staggered-split,unknown,"""2026-05-07T21:45:59.143Z"""
4bad46e5-8b39-40e2-94a5-40f8ceb3839a,2018,Porsche,718 Cayman,Base Rear Base,Base Rear Base,5cfe50f41e552d21,5x130,71.5,M14x1.50B,49.00,49.00,"[""10.5x20"",""10x19"",""10x20"",""9.5x18""]","{""rear"":[""265/35ZR20"",""265/40ZR19"",""265/45ZR18""],""front"":[]}",deprecated-staggered-split,unknown,"""2026-05-07T21:45:59.143Z"""
100e9a97-b0d4-4456-9a13-5bb179032d43,2018,Porsche,718 Cayman,GTS Front GTS,GTS Front GTS,9048db9ca8144670,5x130,71.5,M14x1.50B,57.00,57.00,"[""8.5x20"",""8x20""]","{""rear"":[],""front"":[""235/35ZR20""]}",deprecated-staggered-split,unknown,"""2026-05-07T21:45:59.143Z"""
9303fc1f-81ae-456e-92fe-60847d6cca51,2018,Porsche,718 Cayman,GTS Rear GTS,GTS Rear GTS,3d222e0abd3e58bc,5x130,71.5,M14x1.50B,45.00,45.00,"[""10.5x20"",""10x20""]","{""rear"":[""265/35ZR20""],""front"":[]}",deprecated-staggered-split,unknown,"""2026-05-07T21:45:59.143Z"""
2be3c911-4dc8-42c5-bfe9-d2338fadc498,2018,Porsche,718 Cayman,S Front S,S Front S,2c13e56520e7f26a,5x130,71.5,M14x1.50B,57.00,57.00,"[""8.5x20"",""8x19"",""8x20""]","{""rear"":[],""front"":[""235/35ZR20"",""235/40ZR19""]}",deprecated-staggered-split,unknown,"""2026-05-07T21:45:59.143Z"""
9a7103f5-8329-4cc3-aee7-55b03c6a71d7,2018,Porsche,718 Cayman,S Rear S,S Rear S,bba6c7aa2c21b587,5x130,71.5,M14x1.50B,45.00,45.00,"[""10.5x20"",""10x19"",""10x20""]","{""rear"":[""265/35ZR20"",""265/40ZR19""],""front"":[]}",deprecated-staggered-split,unknown,"""2026-05-07T21:45:59.143Z"""
6aebd361-fcd4-4845-a18d-9cfc7ddd3cdc,2018,Porsche,911,Carrera 4 Front Carrera 4,Carrera 4 Front Carrera 4,261f8d29923a579f,5x130,71.5,M14x1.50B,50.00,50.00,"[""8.5x19"",""8.5x20""]","{""rear"":[],""front"":[""235/40ZR19"",""245/35ZR20""]}",deprecated-staggered-split,unknown,"""2026-05-07T21:45:59.143Z"""
6eb4363e-02ab-4d58-9272-17d98d23b743,2018,Porsche,911,Carrera 4 GTS Front Carrera 4 GTS,Carrera 4 GTS Front Carrera 4 GTS,6ea31966614271db,5x130,71.5,M14x1.50B,49.00,49.00,"[""8.5x20""]","{""rear"":[],""front"":[""245/35ZR20""]}",deprecated-staggered-split,unknown,"""2026-05-07T21:45:59.143Z"""
6618ec52-a043-476d-a8b5-295ab6133392,2018,Porsche,911,Carrera 4 GTS Rear Carrera 4 GTS,Carrera 4 GTS Rear Carrera 4 GTS,3b40d1c4d2b6288d,5x130,71.5,M14x1.50B,56.00,56.00,"[""11.5x20""]","{""rear"":[""305/30ZR20""],""front"":[]}",deprecated-staggered-split,unknown,"""2026-05-07T21:45:59.143Z"""
f7a29aa0-551b-4d0c-b693-dc4bff97b48f,2018,Porsche,911,Carrera 4 Rear Carrera 4,Carrera 4 Rear Carrera 4,0c7749d72cea2fbd,5x130,71.5,M14x1.50B,76.00,76.00,"[""11.5x19"",""11.5x20""]","{""rear"":[""295/35ZR19"",""305/30ZR20""],""front"":[]}",deprecated-staggered-split,unknown,"""2026-05-07T21:45:59.143Z"""
da2b2a8e-1652-46ef-8096-805a2cb3b297,2018,Porsche,911,Carrera 4S Front Carrera 4S,Carrera 4S Front Carrera 4S,307b96c23b98f83c,5x130,71.5,M14x1.50B,49.00,49.00,"[""8.5x20""]","{""rear"":[],""front"":[""245/35ZR20""]}",deprecated-staggered-split,unknown,"""2026-05-07T21:45:59.143Z"""
af88b367-010f-4aff-b919-250ae7ecb38b,2018,Porsche,911,Carrera 4S Rear Carrera 4S,Carrera 4S Rear Carrera 4S,e879d6b35ad5c165,5x130,71.5,M14x1.50B,76.00,76.00,"[""11.5x20""]","{""rear"":[""305/30ZR20""],""front"":[]}",deprecated-staggered-split,unknown,"""2026-05-07T21:45:59.143Z"""
ff23c5bf-29d2-4828-bf53-8c88dc3426e3,2018,Porsche,911,Carrera Front Carrera,Carrera Front Carrera,edddba8bc2f5f975,5x130,71.5,M14x1.50B,50.00,50.00,"[""8.5x19"",""8.5x20""]","{""rear"":[],""front"":[""235/40ZR19"",""245/35ZR20""]}",deprecated-staggered-split,unknown,"""2026-05-07T21:45:59.143Z"""
cc2af199-9972-449b-8f6a-adf1fa3f94d7,2018,Porsche,911,Carrera GTS Front Carrera GTS,Carrera GTS Front Carrera GTS,d0c5df8d0f8461d0,5x130,71.5,M14x1.50B,49.00,49.00,"[""8.5x20""]","{""rear"":[],""front"":[""245/35ZR20""]}",deprecated-staggered-split,unknown,"""2026-05-07T21:45:59.143Z"""
12450ea2-13f5-4711-9d76-4393a03b25fc,2018,Porsche,911,Carrera GTS Rear Carrera GTS,Carrera GTS Rear Carrera GTS,371d4e484317dfc9,5x130,71.5,M14x1.50B,56.00,56.00,"[""11.5x20""]","{""rear"":[""305/30ZR20""],""front"":[]}",deprecated-staggered-split,unknown,"""2026-05-07T21:45:59.143Z"""
6b672edb-676a-449d-a7c7-202020c8ee45,2018,Porsche,911,Carrera Rear Carrera,Carrera Rear Carrera,ae688ca762018a4d,5x130,71.5,M14x1.50B,76.00,76.00,"[""11.5x19"",""11.5x20""]","{""rear"":[""295/35ZR19"",""305/30ZR20""],""front"":[]}",deprecated-staggered-split,unknown,"""2026-05-07T21:45:59.143Z"""
8d0e7731-f681-4513-845f-ad62dbb0d7d8,2018,Porsche,911,Carrera S Front Carrera S,Carrera S Front Carrera S,354d60b87931d629,5x130,71.5,M14x1.50B,49.00,49.00,"[""8.5x20""]","{""rear"":[],""front"":[""245/35ZR20""]}",deprecated-staggered-split,unknown,"""2026-05-07T21:45:59.143Z"""
4f72577c-1ca5-4e4b-87e2-b6f5f332ec58,2018,Porsche,911,Carrera S Rear Carrera S,Carrera S Rear Carrera S,c8e1ab68f73fb2a5,5x130,71.5,M14x1.50B,76.00,76.00,"[""11.5x20""]","{""rear"":[""305/30ZR20""],""front"":[]}",deprecated-staggered-split,unknown,"""2026-05-07T21:45:59.143Z"""
afb493ea-d3aa-4d73-86a9-ca027003e348,2018,Porsche,911,Carrera T Front Carrera T,Carrera T Front Carrera T,d2519f54a5cdd784,5x130,71.5,M14x1.50B,49.00,49.00,"[""8.5x20""]","{""rear"":[],""front"":[""245/35ZR20""]}",deprecated-staggered-split,unknown,"""2026-05-07T21:45:59.143Z"""
f77b3d59-3971-44ac-bd80-ca2289381d6e,2018,Porsche,911,Carrera T Rear Carrera T,Carrera T Rear Carrera T,e1eb76b9e65359f4,5x130,71.5,M14x1.50B,76.00,76.00,"[""11.5x20""]","{""rear"":[""305/30ZR20""],""front"":[]}",deprecated-staggered-split,unknown,"""2026-05-07T21:45:59.143Z"""
13f1bf37-00ca-479e-a66f-f72dd028632b,2018,Porsche,911,Targa 4 Front Targa 4,Targa 4 Front Targa 4,c436119bf991489d,5x130,71.5,M14x1.50B,50.00,50.00,"[""8.5x19"",""8.5x20""]","{""rear"":[],""front"":[""235/40ZR19"",""245/35ZR20""]}",deprecated-staggered-split,unknown,"""2026-05-07T21:45:59.143Z"""
1c093bab-ae7d-4e8d-b6fc-dceff346f019,2018,Porsche,911,Targa 4 GTS Front Targa 4 GTS,Targa 4 GTS Front Targa 4 GTS,06e403525a8d5a1d,5x130,71.5,M14x1.50B,49.00,49.00,"[""8.5x20""]","{""rear"":[],""front"":[""245/35ZR20""]}",deprecated-staggered-split,unknown,"""2026-05-07T21:45:59.143Z"""
27dde002-d038-49a0-8c85-773fc8aaea75,2018,Porsche,911,Targa 4 GTS Rear Targa 4 GTS,Targa 4 GTS Rear Targa 4 GTS,e0a938165b41ef8e,5x130,71.5,M14x1.50B,56.00,56.00,"[""11.5x20""]","{""rear"":[""305/30ZR20""],""front"":[]}",deprecated-staggered-split,unknown,"""2026-05-07T21:45:59.143Z"""
a0c63ab8-5119-4cd9-a553-8bf214a73c98,2018,Porsche,911,Targa 4 Rear Targa 4,Targa 4 Rear Targa 4,f4d870e74ddf413d,5x130,71.5,M14x1.50B,76.00,76.00,"[""11.5x19"",""11.5x20""]","{""rear"":[""295/35ZR19"",""305/30ZR20""],""front"":[]}",deprecated-staggered-split,unknown,"""2026-05-07T21:45:59.143Z"""
a0c980cb-5142-472e-a792-85fb894c593b,2018,Porsche,911,Targa 4S Front Targa 4S,Targa 4S Front Targa 4S,508269c48bce6be2,5x130,71.5,M14x1.50B,49.00,49.00,"[""8.5x20""]","{""rear"":[],""front"":[""245/35ZR20""]}",deprecated-staggered-split,unknown,"""2026-05-07T21:45:59.143Z"""
b41f4a7a-220d-46f8-a249-4fae7f0046cc,2018,Porsche,911,Targa 4S Rear Targa 4S,Targa 4S Rear Targa 4S,ffb02c25e01c781c,5x130,71.5,M14x1.50B,56.00,56.00,"[""11.5x20""]","{""rear"":[""305/30ZR20""],""front"":[]}",deprecated-staggered-split,unknown,"""2026-05-07T21:45:59.143Z"""
9e1b6b72-4b16-4e4b-9600-4b73dd4bb9e4,2018,Porsche,911,Turbo Front Turbo,Turbo Front Turbo,dc040867fdda6780,5x130,71.5,M14x1.50B,49.00,49.00,"[""8.5x20"",""9x20""]","{""rear"":[],""front"":[""245/35ZR20""]}",deprecated-staggered-split,unknown,"""2026-05-07T21:45:59.143Z"""
19bbf3f7-3149-48c0-ab5e-988eb927e24c,2018,Porsche,911,Turbo Rear Turbo,Turbo Rear Turbo,2f7024d6c7ed3fe8,5x130,71.5,M14x1.50B,76.00,76.00,"[""11.5x20""]","{""rear"":[""305/30ZR20""],""front"":[]}",deprecated-staggered-split,unknown,"""2026-05-07T21:45:59.143Z"""
5408dc81-e6d1-48fd-bc8e-5914f964908f,2018,Porsche,911,Turbo S Front Turbo S,Turbo S Front Turbo S,ce095a2ee3862b1b,5x130,71.5,M14x1.50B,49.00,49.00,"[""8.5x20"",""9x20""]","{""rear"":[],""front"":[""245/35ZR20""]}",deprecated-staggered-split,unknown,"""2026-05-07T21:45:59.143Z"""
f77c372d-1fc2-4d29-aa1c-2eaee350c2bd,2018,Porsche,911,Turbo S Rear Turbo S,Turbo S Rear Turbo S,b529ab4d1f0c429a,5x130,71.5,M14x1.50B,76.00,76.00,"[""11.5x20""]","{""rear"":[""305/30ZR20""],""front"":[]}",deprecated-staggered-split,unknown,"""2026-05-07T21:45:59.143Z"""
4f5f9acf-a374-4c7c-93a8-843792d1d859,2018,Porsche,Cayenne,Base,Base,a83c6f449ec4ed63,5x130,71.5,M14x1.50B,53.00,53.00,"[""10x21"",""8.5x19"",""8x18"",""9-9.5x20""]","[""255/55R18"",""265/50R19"",""275/45R20"",""295/35R21""]",tgp_solutions,unknown,"""2026-05-07T21:45:59.143Z"""
3a342472-7e8e-479b-8c01-62a299ce3ef2,2018,Porsche,Cayenne,GTS,GTS,2cd246d453d47abd,5x130,71.5,M14x1.50B,47.00,57.00,"[""10x21"",""8.5x19"",""9-9.5x20""]","[""265/50R19"",""275/45R20"",""295/35R21""]",tgp_solutions,unknown,"""2026-05-07T21:45:59.143Z"""
85f3faad-04c1-4ee5-bb8e-b7377414e4ec,2018,Porsche,Cayenne,Platinum Edition,Platinum Edition,bb8130d028467a7c,5x130,71.5,M14x1.50B,47.00,57.00,"[""9-9.5x20""]","[""275/45R20""]",tgp_solutions,unknown,"""2026-05-07T21:45:59.143Z"""
5fb6b0c8-ee4c-4eeb-b0fb-b74bed99b16e,2018,Porsche,Cayenne,S,S,9ed5b7d5ee404f1d,5x130,71.5,M14x1.50B,53.00,53.00,"[""10x21"",""8.5x19"",""8x18"",""9-9.5x20""]","[""255/55R18"",""265/50R19"",""275/45R20"",""295/35R21""]",tgp_solutions,unknown,"""2026-05-07T21:45:59.143Z"""
0fc31ea9-a4a4-4d48-b24f-4c11b0eecdb3,2018,Porsche,Cayenne,S E-Hybrid,S E-Hybrid,4ff7aef72da1016e,5x130,71.5,M14x1.50B,53.00,53.00,"[""10x21"",""8.5x19"",""8x18"",""9-9.5x20""]","[""255/55R18"",""265/50R19"",""275/45R20"",""295/35R21""]",tgp_solutions,unknown,"""2026-05-07T21:45:59.143Z"""
233a331c-6cf2-490b-b086-bff84b9b3fee,2018,Porsche,Cayenne,S E-Hybrid Platinum Edition,S E-Hybrid Platinum Edition,da6721e3dd299639,5x130,71.5,M14x1.50B,47.00,57.00,"[""9-9.5x20""]","[""275/45R20""]",tgp_solutions,unknown,"""2026-05-07T21:45:59.143Z"""
d3d51795-62da-4983-be9f-e9cf3b878da9,2018,Porsche,Cayenne,Turbo,Turbo,d0918495ad63b888,5x130,71.5,M14x1.50B,59.00,59.00,"[""10x21"",""8.5x19"",""9-9.5x20""]","[""265/50R19"",""275/45R20"",""295/35R21""]",tgp_solutions,unknown,"""2026-05-07T21:45:59.143Z"""
4569f7e2-306b-4ce3-898b-b21b521079e5,2018,Porsche,Cayenne,Turbo S,Turbo S,0dd8339574933c56,5x130,71.5,M14x1.50B,50.00,50.00,"[""10x21""]","[""295/35R21""]",tgp_solutions,unknown,"""2026-05-07T21:45:59.143Z"""
d8df7e0b-f30e-426b-822d-a90bbb5e4e7c,2018,Porsche,Macan,Base Front Base,Base Front Base,d6ad21a419c1ca30,5x112,66.5,M14x1.50B,21.00,21.00,"[""8x18"",""8x19"",""9x20"",""9x21""]","{""rear"":[],""front"":[""235/55R19"",""235/60R18"",""265/40R21"",""265/45R20""]}",deprecated-staggered-split,unknown,"""2026-05-07T21:45:59.143Z"""
960b28b2-7971-4a4b-ac4d-7c9272213b8e,2018,Porsche,Macan,Base Rear Base,Base Rear Base,a3f40199dc815c6b,5x112,66.5,M14x1.50B,21.00,21.00,"[""10x20"",""10x21"",""9x18"",""9x19""]","{""rear"":[""255/50R19"",""255/55R18"",""295/35R21"",""295/40R20""],""front"":[]}",deprecated-staggered-split,unknown,"""2026-05-07T21:45:59.143Z"""
5062edd9-9846-4fe9-95da-f2f97007f351,2018,Porsche,Macan,GTS Front GTS,GTS Front GTS,46b7efbd5a4e4dc5,5x112,66.5,M14x1.50B,21.00,21.00,"[""8x19"",""9x20"",""9x21""]","{""rear"":[],""front"":[""235/55R19"",""265/40R21"",""265/45R20""]}",deprecated-staggered-split,unknown,"""2026-05-07T21:45:59.143Z"""
40852de5-8918-43f3-bbf4-c005c8891f61,2018,Porsche,Macan,GTS Rear GTS,GTS Rear GTS,c463945ba343e05e,5x112,66.5,M14x1.50B,21.00,21.00,"[""10x20"",""10x21"",""9x19""]","{""rear"":[""255/50R19"",""295/35R21"",""295/40R20""],""front"":[]}",deprecated-staggered-split,unknown,"""2026-05-07T21:45:59.143Z"""
01c4d11f-4455-4846-9f74-974f35c83171,2018,Porsche,Macan,S Front S,S Front S,3b1e80b23737ea7f,5x112,66.5,M14x1.50B,21.00,21.00,"[""8x18"",""8x19"",""9x20"",""9x21""]","{""rear"":[],""front"":[""235/55R19"",""235/60R18"",""265/40R21"",""265/45R20""]}",deprecated-staggered-split,unknown,"""2026-05-07T21:45:59.143Z"""
5fe663f5-7ae4-48e6-a3a6-d5a11cbd1ec6,2018,Porsche,Macan,S Rear S,S Rear S,039369b5ab74e0c3,5x112,66.5,M14x1.50B,21.00,21.00,"[""10x20"",""10x21"",""9x18"",""9x19""]","{""rear"":[""255/50R19"",""255/55R18"",""295/35R21"",""295/40R20""],""front"":[]}",deprecated-staggered-split,unknown,"""2026-05-07T21:45:59.143Z"""
604fecd7-0f41-4f9e-b13a-a4fb55cf2142,2018,Porsche,Macan,Turbo Front Turbo,Turbo Front Turbo,5c094c0820a69cab,5x112,66.5,M14x1.50B,21.00,21.00,"[""8x19"",""9x20"",""9x21""]","{""rear"":[],""front"":[""235/55R19"",""265/40R21"",""265/45R20""]}",deprecated-staggered-split,unknown,"""2026-05-07T21:45:59.143Z"""
d55f0fed-8ec6-401b-aac9-23a8f62fb997,2018,Porsche,Macan,Turbo Rear Turbo,Turbo Rear Turbo,c319cd4487c02d6b,5x112,66.5,M14x1.50B,21.00,21.00,"[""10x20"",""10x21"",""9x19""]","{""rear"":[""255/50R19"",""295/35R21"",""295/40R20""],""front"":[]}",deprecated-staggered-split,unknown,"""2026-05-07T21:45:59.143Z"""
679d67ff-d433-4ee5-84c5-a79a1f460ba3,2018,Porsche,Panamera,4 E-Hybrid Executive Front 4 E-Hybrid Executive,4 E-Hybrid Executive Front 4 E-Hybrid Executive,9d0094b14faba90c,5x130,71.5,M14x1.50B,64.00,64.00,"[""9.5x20"",""9.5x21"",""9x19""]","{""rear"":[],""front"":[""265/45ZR19"",""275/35R21"",""275/35ZR21"",""275/40R20"",""275/40ZR20""]}",deprecated-staggered-split,unknown,"""2026-05-07T21:45:59.143Z"""
c24229ae-6c81-4171-af13-a6c515be4187,2018,Porsche,Panamera,4 E-Hybrid Executive Rear 4 E-Hybrid Executive,4 E-Hybrid Executive Rear 4 E-Hybrid Executive,7eb9419de5a863b4,5x130,71.5,M14x1.50B,62.00,62.00,"[""10.5x19"",""11.5x20"",""11.5x21""]","{""rear"":[""295/40ZR19"",""315/30R21"",""315/30ZR21"",""315/35R20"",""315/35ZR20""],""front"":[]}",deprecated-staggered-split,unknown,"""2026-05-07T21:45:59.143Z"""
392b39f6-076b-40fa-9335-c3e1db5db881,2018,Porsche,Panamera,4 E-Hybrid Front 4 E-Hybrid,4 E-Hybrid Front 4 E-Hybrid,52ddcaa219b491ee,5x130,71.5,M14x1.50B,64.00,64.00,"[""9.5x20"",""9.5x21"",""9x19""]","{""rear"":[],""front"":[""265/45ZR19"",""275/35R21"",""275/35ZR21"",""275/40R20"",""275/40ZR20""]}",deprecated-staggered-split,unknown,"""2026-05-07T21:45:59.143Z"""
fb22489d-ec08-4009-807b-96cafd70312d,2018,Porsche,Panamera,4 E-Hybrid Rear 4 E-Hybrid,4 E-Hybrid Rear 4 E-Hybrid,8ab9eeaa42606bf4,5x130,71.5,M14x1.50B,62.00,62.00,"[""10.5x19"",""11.5x20"",""11.5x21""]","{""rear"":[""295/40ZR19"",""315/30R21"",""315/30ZR21"",""315/35R20"",""315/35ZR20""],""front"":[]}",deprecated-staggered-split,unknown,"""2026-05-07T21:45:59.143Z"""
fea24579-4d3e-4129-a424-c754df2e528b,2018,Porsche,Panamera,4 E-Hybrid Sport Turismo Front 4 E-Hybrid Sport Turismo,4 E-Hybrid Sport Turismo Front 4 E-Hybrid Sport Turismo,13694a0d7e1348b8,5x130,71.5,M14x1.50B,64.00,64.00,"[""9.5x20"",""9.5x21"",""9x19""]","{""rear"":[],""front"":[""265/45ZR19"",""275/35R21"",""275/35ZR21"",""275/40R20"",""275/40ZR20""]}",deprecated-staggered-split,unknown,"""2026-05-07T21:45:59.143Z"""
6c37dbe2-96e4-469a-a6ee-b5257f528348,2018,Porsche,Panamera,4 E-Hybrid Sport Turismo Rear 4 E-Hybrid Sport Turismo,4 E-Hybrid Sport Turismo Rear 4 E-Hybrid Sport Turismo,7001d48662bfd65a,5x130,71.5,M14x1.50B,62.00,62.00,"[""10.5x19"",""11.5x20"",""11.5x21""]","{""rear"":[""295/40ZR19"",""315/30R21"",""315/30ZR21"",""315/35R20"",""315/35ZR20""],""front"":[]}",deprecated-staggered-split,unknown,"""2026-05-07T21:45:59.143Z"""
b6ecb7aa-61bd-4d1b-9264-ebecac7f09d5,2018,Porsche,Panamera,4 Executive Front 4 Executive,4 Executive Front 4 Executive,1bf34137b441921b,5x130,71.5,M14x1.50B,64.00,64.00,"[""9.5x20"",""9.5x21"",""9x19""]","{""rear"":[],""front"":[""265/45ZR19"",""275/35R21"",""275/35ZR21"",""275/40R20"",""275/40ZR20""]}",deprecated-staggered-split,unknown,"""2026-05-07T21:45:59.143Z"""
23229299-d523-4b43-aac0-792ff52949be,2018,Porsche,Panamera,4 Executive Rear 4 Executive,4 Executive Rear 4 Executive,18c4affd42d585c9,5x130,71.5,M14x1.50B,62.00,62.00,"[""10.5x19"",""11.5x20"",""11.5x21""]","{""rear"":[""295/40ZR19"",""315/30R21"",""315/30ZR21"",""315/35R20"",""315/35ZR20""],""front"":[]}",deprecated-staggered-split,unknown,"""2026-05-07T21:45:59.143Z"""
68e08ab4-a6a8-4f10-95e1-2894652a6bcb,2018,Porsche,Panamera,4 Front 4,4 Front 4,7db16d9ab87a63a5,5x130,71.5,M14x1.50B,64.00,64.00,"[""9.5x20"",""9.5x21"",""9x19""]","{""rear"":[],""front"":[""265/45ZR19"",""275/35R21"",""275/35ZR21"",""275/40R20"",""275/40ZR20""]}",deprecated-staggered-split,unknown,"""2026-05-07T21:45:59.143Z"""
98dda52d-246e-4067-9438-184e0c2316b0,2018,Porsche,Panamera,4 Rear 4,4 Rear 4,ec8b6782335b8d4a,5x130,71.5,M14x1.50B,62.00,62.00,"[""10.5x19"",""11.5x20"",""11.5x21""]","{""rear"":[""295/40ZR19"",""315/30R21"",""315/30ZR21"",""315/35R20"",""315/35ZR20""],""front"":[]}",deprecated-staggered-split,unknown,"""2026-05-07T21:45:59.143Z"""
e2b0f8a0-e29a-480d-847a-b02f243ee673,2018,Porsche,Panamera,4 Sport Turismo Front 4 Sport Turismo,4 Sport Turismo Front 4 Sport Turismo,ab30fdd36ffbf19f,5x130,71.5,M14x1.50B,64.00,64.00,"[""9.5x20"",""9.5x21"",""9x19""]","{""rear"":[],""front"":[""265/45ZR19"",""275/35R21"",""275/35ZR21"",""275/40R20"",""275/40ZR20""]}",deprecated-staggered-split,unknown,"""2026-05-07T21:45:59.143Z"""
769eb308-a87d-4a16-b238-bcad33a3549c,2018,Porsche,Panamera,4 Sport Turismo Rear 4 Sport Turismo,4 Sport Turismo Rear 4 Sport Turismo,90e8256bbc1a3ae1,5x130,71.5,M14x1.50B,62.00,62.00,"[""10.5x19"",""11.5x20"",""11.5x21""]","{""rear"":[""295/40ZR19"",""315/30R21"",""315/30ZR21"",""315/35R20"",""315/35ZR20""],""front"":[]}",deprecated-staggered-split,unknown,"""2026-05-07T21:45:59.143Z"""
40314258-8f8d-4e8a-b108-855a98e80f97,2018,Porsche,Panamera,4S Executive Front 4S Executive,4S Executive Front 4S Executive,416a8e7bb432e2fe,5x130,71.5,M14x1.50B,64.00,64.00,"[""9.5x20"",""9.5x21"",""9x19""]","{""rear"":[],""front"":[""265/45ZR19"",""275/35R21"",""275/35ZR21"",""275/40R20"",""275/40ZR20""]}",deprecated-staggered-split,unknown,"""2026-05-07T21:45:59.143Z"""
47bbe869-429b-4379-838e-e4b17aceee98,2018,Porsche,Panamera,4S Executive Rear 4S Executive,4S Executive Rear 4S Executive,68cf68f549654162,5x130,71.5,M14x1.50B,62.00,62.00,"[""10.5x19"",""11.5x20"",""11.5x21""]","{""rear"":[""295/40ZR19"",""315/30R21"",""315/30ZR21"",""315/35R20"",""315/35ZR20""],""front"":[]}",deprecated-staggered-split,unknown,"""2026-05-07T21:45:59.143Z"""
e4feca8a-5b60-4456-ad28-52d1eac54d14,2018,Porsche,Panamera,4S Front 4S,4S Front 4S,465ca17492b4f50a,5x130,71.5,M14x1.50B,64.00,64.00,"[""9.5x20"",""9.5x21"",""9x19""]","{""rear"":[],""front"":[""265/45ZR19"",""275/35R21"",""275/35ZR21"",""275/40R20"",""275/40ZR20""]}",deprecated-staggered-split,unknown,"""2026-05-07T21:45:59.143Z"""
8350b7d4-60df-4283-962d-a646b43a6154,2018,Porsche,Panamera,4S Rear 4S,4S Rear 4S,ab64e2b2343d42d9,5x130,71.5,M14x1.50B,62.00,62.00,"[""10.5x19"",""11.5x20"",""11.5x21""]","{""rear"":[""295/40ZR19"",""315/30R21"",""315/30ZR21"",""315/35R20"",""315/35ZR20""],""front"":[]}",deprecated-staggered-split,unknown,"""2026-05-07T21:45:59.143Z"""
d80b04b9-331c-49e6-b1d4-42befacf60ae,2018,Porsche,Panamera,4S Sport Turismo Front 4S Sport Turismo,4S Sport Turismo Front 4S Sport Turismo,3613b35596468f37,5x130,71.5,M14x1.50B,64.00,64.00,"[""9.5x20"",""9.5x21"",""9x19""]","{""rear"":[],""front"":[""265/45ZR19"",""275/35R21"",""275/35ZR21"",""275/40R20"",""275/40ZR20""]}",deprecated-staggered-split,unknown,"""2026-05-07T21:45:59.143Z"""
9bf292d2-8ab8-46e0-b033-15c8f2c438e5,2018,Porsche,Panamera,4S Sport Turismo Rear 4S Sport Turismo,4S Sport Turismo Rear 4S Sport Turismo,82a6da114a0caaef,5x130,71.5,M14x1.50B,62.00,62.00,"[""10.5x19"",""11.5x20"",""11.5x21""]","{""rear"":[""295/40ZR19"",""315/30R21"",""315/30ZR21"",""315/35R20"",""315/35ZR20""],""front"":[]}",deprecated-staggered-split,unknown,"""2026-05-07T21:45:59.143Z"""
9c0dbb51-67c4-44d3-ae47-26f1742ea7a5,2018,Porsche,Panamera,Base Front Base,Base Front Base,f10ecf4dd84b0543,5x130,71.5,M14x1.50B,64.00,64.00,"[""9.5x20"",""9.5x21"",""9x19""]","{""rear"":[],""front"":[""265/45ZR19"",""275/35R21"",""275/35ZR21"",""275/40R20"",""275/40ZR20""]}",deprecated-staggered-split,unknown,"""2026-05-07T21:45:59.143Z"""
173854b1-2d79-46e4-a3da-d841b83fef86,2018,Porsche,Panamera,Base Rear Base,Base Rear Base,99628b09e77cbe74,5x130,71.5,M14x1.50B,62.00,62.00,"[""10.5x19"",""11.5x20"",""11.5x21""]","{""rear"":[""295/40ZR19"",""315/30R21"",""315/30ZR21"",""315/35R20"",""315/35ZR20""],""front"":[]}",deprecated-staggered-split,unknown,"""2026-05-07T21:45:59.143Z"""
cb6ba977-9add-4806-8665-869dd7938c28,2018,Porsche,Panamera,Turbo Executive Front Turbo Executive,Turbo Executive Front Turbo Executive,75ab0257e5c35114,5x130,71.5,M14x1.50B,71.00,71.00,"[""9.5x20"",""9.5x21""]","{""rear"":[],""front"":[""275/35R21"",""275/35ZR21"",""275/40R20"",""275/40ZR20""]}",deprecated-staggered-split,unknown,"""2026-05-07T21:45:59.143Z"""
9555b4a5-a04b-42b0-8af8-e5fc95f1b30b,2018,Porsche,Panamera,Turbo Executive Rear Turbo Executive,Turbo Executive Rear Turbo Executive,87e0f0e020c36ecd,5x130,71.5,M14x1.50B,68.00,68.00,"[""11.5x20"",""11.5x21""]","{""rear"":[""315/30R21"",""315/30ZR21"",""315/35R20"",""315/35ZR20""],""front"":[]}",deprecated-staggered-split,unknown,"""2026-05-07T21:45:59.143Z"""
b4243532-b509-47e1-9966-65a04285e2f7,2018,Porsche,Panamera,Turbo Front Turbo,Turbo Front Turbo,faff653a94dc45f6,5x130,71.5,M14x1.50B,71.00,71.00,"[""9.5x20"",""9.5x21""]","{""rear"":[],""front"":[""275/35R21"",""275/35ZR21"",""275/40R20"",""275/40ZR20""]}",deprecated-staggered-split,unknown,"""2026-05-07T21:45:59.143Z"""
f86c10d8-fb84-463b-8739-465227b1e482,2018,Porsche,Panamera,Turbo Rear Turbo,Turbo Rear Turbo,92bac88d1728ab09,5x130,71.5,M14x1.50B,68.00,68.00,"[""11.5x20"",""11.5x21""]","{""rear"":[""315/30R21"",""315/30ZR21"",""315/35R20"",""315/35ZR20""],""front"":[]}",deprecated-staggered-split,unknown,"""2026-05-07T21:45:59.143Z"""
a8c18e0a-6766-4d8d-b2a8-553b84a41f03,2018,Porsche,Panamera,Turbo S E-Hybrid Executive Front Turbo S E-Hybrid Executive,Turbo S E-Hybrid Executive Front Turbo S E-Hybrid Executive,777931c7231feb02,5x130,71.5,M14x1.50B,71.00,71.00,"[""9.5x20"",""9.5x21""]","{""rear"":[],""front"":[""275/35R21"",""275/35ZR21"",""275/40R20"",""275/40ZR20""]}",deprecated-staggered-split,unknown,"""2026-05-07T21:45:59.143Z"""
81365115-9ac2-42e6-844a-d73e31178781,2018,Porsche,Panamera,Turbo S E-Hybrid Executive Rear Turbo S E-Hybrid Executive,Turbo S E-Hybrid Executive Rear Turbo S E-Hybrid Executive,722d7c3a520f3217,5x130,71.5,M14x1.50B,68.00,68.00,"[""11.5x20"",""11.5x21""]","{""rear"":[""315/30R21"",""315/30ZR21"",""315/35R20"",""315/35ZR20""],""front"":[]}",deprecated-staggered-split,unknown,"""2026-05-07T21:45:59.143Z"""
e7e40e78-5d2c-4b9a-a7d8-9c64424f63d1,2018,Porsche,Panamera,Turbo S E-Hybrid Front Turbo S E-Hybrid,Turbo S E-Hybrid Front Turbo S E-Hybrid,a959c5926f71d701,5x130,71.5,M14x1.50B,71.00,71.00,"[""9.5x20"",""9.5x21""]","{""rear"":[],""front"":[""275/35R21"",""275/35ZR21"",""275/40R20"",""275/40ZR20""]}",deprecated-staggered-split,unknown,"""2026-05-07T21:45:59.143Z"""
5cbe6311-be51-4b1c-8161-6cc72e489911,2018,Porsche,Panamera,Turbo S E-Hybrid Rear Turbo S E-Hybrid,Turbo S E-Hybrid Rear Turbo S E-Hybrid,b88080540dec9f7a,5x130,71.5,M14x1.50B,68.00,68.00,"[""11.5x20"",""11.5x21""]","{""rear"":[""315/30R21"",""315/30ZR21"",""315/35R20"",""315/35ZR20""],""front"":[]}",deprecated-staggered-split,unknown,"""2026-05-07T21:45:59.143Z"""
1b428454-f589-4cd5-bae6-fb3b1eee5180,2018,Porsche,Panamera,Turbo S E-Hybrid Sport Turismo Front Turbo S E-Hybrid Sport Turismo,Turbo S E-Hybrid Sport Turismo Front Turbo S E-Hybrid Sport Turismo,4f39087d3c68141d,5x130,71.5,M14x1.50B,71.00,71.00,"[""9.5x20"",""9.5x21""]","{""rear"":[],""front"":[""275/35R21"",""275/35ZR21"",""275/40R20"",""275/40ZR20""]}",deprecated-staggered-split,unknown,"""2026-05-07T21:45:59.143Z"""
94c74f1d-e25e-4dc4-bb1e-8dfd9327c7b0,2018,Porsche,Panamera,Turbo S E-Hybrid Sport Turismo Rear Turbo S E-Hybrid Sport Turismo,Turbo S E-Hybrid Sport Turismo Rear Turbo S E-Hybrid Sport Turismo,e1eeab4a1976b0f1,5x130,71.5,M14x1.50B,69.00,69.00,"[""11.5x20"",""11.5x21""]","{""rear"":[""315/30R21"",""315/30ZR21"",""315/35R20"",""315/35ZR20""],""front"":[]}",deprecated-staggered-split,unknown,"""2026-05-07T21:45:59.143Z"""
ddda0d6f-de56-457e-ba5b-337319cb4403,2018,Porsche,Panamera,Turbo Sport Turismo Front Turbo Sport Turismo,Turbo Sport Turismo Front Turbo Sport Turismo,f1e2c853df07b17a,5x130,71.5,M14x1.50B,71.00,71.00,"[""9.5x20"",""9.5x21""]","{""rear"":[],""front"":[""275/35R21"",""275/35ZR21"",""275/40R20"",""275/40ZR20""]}",deprecated-staggered-split,unknown,"""2026-05-07T21:45:59.143Z"""
9e885495-a742-4fa7-9830-666733598bc6,2018,Porsche,Panamera,Turbo Sport Turismo Rear Turbo Sport Turismo,Turbo Sport Turismo Rear Turbo Sport Turismo,64230b6a80d02df4,5x130,71.5,M14x1.50B,68.00,68.00,"[""11.5x20"",""11.5x21""]","{""rear"":[""315/30R21"",""315/30ZR21"",""315/35R20"",""315/35ZR20""],""front"":[]}",deprecated-staggered-split,unknown,"""2026-05-07T21:45:59.143Z"""
3494dd9a-669a-48dc-8ce5-a3e7ab87c0cc,2018,Ram,1500,Big Horn,Big Horn,f5ec201c936aec3b,5x139.7,77.8,M14x1.50,19.00,19.00,"[""8-9x20"",""8x17""]","[""P265/70R17"",""P275/60R20""]",tgp_solutions,unknown,"""2026-05-07T21:45:59.143Z"""
03c52924-e93d-45a7-8d75-a7a7c81f0df8,2018,Ram,1500,Express,Express,84e98c92f1fd18f9,5x139.7,77.8,M14x1.50,25.00,25.00,"[""8-9x20"",""8x17""]","[""P265/70R17"",""P275/60R20""]",tgp_solutions,unknown,"""2026-05-07T21:45:59.143Z"""
673e91a0-8965-4693-b549-3c7db89f76d2,2018,Ram,1500,Harvest,Harvest,5b36d2e9b2068b74,5x139.7,77.8,M14x1.50,25.00,25.00,"[""7x17"",""8x20""]","[""LT265/70R17/E"",""P265/70R17"",""P275/60R20""]",tgp_solutions,unknown,"""2026-05-07T21:45:59.143Z"""
d8261299-3e43-4c81-939f-c9c53b770876,2018,Ram,1500,Laramie,Laramie,67e4bc1958ae8dce,5x139.7,77.8,M14x1.50,19.00,19.00,"[""8x17"",""9x20""]","[""P265/70R17"",""P275/60R20""]",tgp_solutions,unknown,"""2026-05-07T21:45:59.143Z"""
b9fc179f-8ed0-4e04-8e70-4ddb4e412a4a,2018,Ram,1500,Laramie Longhorn,Laramie Longhorn,f509330151b6cf1b,5x139.7,77.8,M14x1.50,19.00,19.00,"[""9x20""]","[""P275/60R20""]",tgp_solutions,unknown,"""2026-05-07T21:45:59.143Z"""
f764d8fe-72cf-4d20-8764-f40ce8323e78,2018,Ram,1500,Limited,Limited,3094dd76605f6032,5x139.7,77.8,M14x1.50,19.00,19.00,"[""9x20""]","[""P275/60R20""]",tgp_solutions,unknown,"""2026-05-07T21:45:59.143Z"""
d4d483a2-4f83-4dff-8568-916e9f52c64a,2018,Ram,1500,Limited Tungsten Edition,Limited Tungsten Edition,398ccae151b7885a,5x139.7,77.8,M14x1.50,19.00,19.00,"[""9x20""]","[""P275/60R20""]",tgp_solutions,unknown,"""2026-05-07T21:45:59.143Z"""
06ccadcc-dbd4-4db6-a414-f371280919d6,2018,Ram,1500,Lone Star,Lone Star,01475ab4f7b6829e,5x139.7,77.8,M14x1.50,19.00,19.00,"[""8-9x20"",""8x17""]","[""P265/70R17"",""P275/60R20""]",tgp_solutions,unknown,"""2026-05-07T21:45:59.143Z"""
daaee1ec-58eb-4dfa-bcb1-85a69480588c,2018,Ram,1500,Rebel,Rebel,2d651c7d30a06dfe,5x139.7,77.8,M14x1.50,25.00,25.00,"[""8x17""]","[""LT285/70R17/E""]",tgp_solutions,unknown,"""2026-05-07T21:45:59.143Z"""
43b20358-6eaf-4073-bf4e-66f8e63ab3a3,2018,Ram,1500,Sport,Sport,b84a12d891d615c3,5x139.7,77.8,M14x1.50,19.00,19.00,"[""9x20""]","[""P275/60R20""]",tgp_solutions,unknown,"""2026-05-07T21:45:59.143Z"""
2bddd01a-4c50-4337-a351-81feb007e3f2,2018,Ram,1500,Sport Reg. Cab,Sport Reg. Cab,d5633f84c8330643,5x139.7,77.8,M14x1.50,19.00,19.00,"[""9x22""]","[""285/45R22""]",tgp_solutions,unknown,"""2026-05-07T21:45:59.143Z"""
f2ad0efe-1794-4990-8035-e8815bd2b15a,2018,Ram,1500,Tradesman,Tradesman,a926905432cf1696,5x139.7,77.8,M14x1.50,25.00,25.00,"[""8x17""]","[""LT265/70R17/E"",""P265/70R17""]",tgp_solutions,unknown,"""2026-05-07T21:45:59.143Z"""
927eb786-e925-4af2-a9d1-4127755f7f9e,2018,Ram,2500,Big Horn,Big Horn,61be8a8946b61e05,8x165.1,121.3,M14x1.50,43.00,43.00,"[""8x18"",""8x20""]","[""LT275/70R18/E"",""LT285/60R20/E""]",tgp_solutions,unknown,"""2026-05-07T21:45:59.143Z"""
0eca199b-bb2b-4ed6-b2e1-5f67efc21d08,2018,Ram,2500,Laramie,Laramie,bb64b142dd153b7a,8x165.1,121.3,M14x1.50,43.00,43.00,"[""8x18"",""8x20""]","[""LT275/70R18/E"",""LT285/60R20/E""]",tgp_solutions,unknown,"""2026-05-07T21:45:59.143Z"""
5bba5b9f-0f90-458f-9a36-ff6914cd364c,2018,Ram,2500,Laramie Longhorn,Laramie Longhorn,5ff7f8c812f62093,8x165.1,121.3,M14x1.50,43.00,43.00,"[""8x18"",""8x20""]","[""LT275/70R18/E"",""LT285/60R20/E""]",tgp_solutions,unknown,"""2026-05-07T21:45:59.143Z"""
0c4c60af-8f2e-41ad-adfe-9cce972fa87c,2018,Ram,2500,Limited,Limited,1f2e3a974f0495a2,8x165.1,121.3,M14x1.50,43.00,43.00,"[""8x20""]","[""LT285/60R20/E""]",tgp_solutions,unknown,"""2026-05-07T21:45:59.143Z"""
a980c488-ab06-413e-a7e3-cc748cd5f7b6,2018,Ram,2500,Power Wagon,Power Wagon,c87f98f4d70e7524,8x165.1,121.3,M14x1.50,43.00,43.00,"[""8x17""]","[""LT285/70R17/D""]",tgp_solutions,unknown,"""2026-05-07T21:45:59.143Z"""
315746ec-0db2-43c0-b34b-209cfc73229c,2018,Ram,2500,SLT,SLT,337e5087d61accd6,8x165.1,121.3,M14x1.50,43.00,43.00,"[""8x18"",""8x20""]","[""LT275/70R18/E"",""LT285/60R20/E""]",tgp_solutions,unknown,"""2026-05-07T21:45:59.143Z"""
4b1a0bc0-6c67-41e6-b5af-ca260b4f685f,2018,Ram,2500,Tradesman,Tradesman,92bdfd34ff02294e,8x165.1,121.3,M14x1.50,44.50,44.50,"[""7.5x17"",""8x18""]","[""LT245/70R17/E"",""LT275/70R18/E""]",tgp_solutions,unknown,"""2026-05-07T21:45:59.143Z"""
25a1f990-6cdc-40bf-8297-74f239221dea,2018,Ram,3500,Big Horn,Big Horn,e846790b118d78f8,8x165.1,121.3,M14x1.50,43.00,43.00,"[""8x18"",""8x20""]","[""LT275/70R18/E"",""LT285/60R20/E""]",tgp_solutions,unknown,"""2026-05-07T21:45:59.143Z"""
86ad4cf2-17dd-42dd-bad6-c362939706ea,2018,Ram,3500,Big Horn 4x2 (DRW),Big Horn 4x2 (DRW),3899eff902f1a865,8x165.1,121.3,M14x1.50,,,"[""6x17""]","[""LT235/80R17/E""]",tgp_solutions,unknown,"""2026-05-07T21:45:59.143Z"""
86a646d4-f0dc-4139-b897-1302b2308aba,2018,Ram,3500,Big Horn 4x4 (DRW),Big Horn 4x4 (DRW),956ab7cbecc6126e,8x165.1,121.3,M14x1.50,,,"[""6x17""]","[""LT235/80R17/E""]",tgp_solutions,unknown,"""2026-05-07T21:45:59.143Z"""
2b31506c-8ee0-47d1-8a51-838daa746d32,2018,Ram,3500,Laramie,Laramie,70aedd16d33f9000,8x165.1,121.3,M14x1.50,43.00,43.00,"[""8x18"",""8x20""]","[""LT275/70R18/E"",""LT285/60R20/E""]",tgp_solutions,unknown,"""2026-05-07T21:45:59.143Z"""
0e3569f5-ad81-4601-8a81-476f5a2de181,2018,Ram,3500,Laramie 4x2 (DRW),Laramie 4x2 (DRW),79edaa1c8fd70ded,8x165.1,121.3,M14x1.50,,,"[""6x17""]","[""LT235/80R17/E""]",tgp_solutions,unknown,"""2026-05-07T21:45:59.143Z"""
bccdf57e-d58b-4695-94cf-2b13e00a6bd5,2018,Ram,3500,Laramie 4x4 (DRW),Laramie 4x4 (DRW),beeee59fe0e28c3b,8x165.1,121.3,M14x1.50,,,"[""6x17""]","[""LT235/80R17/E""]",tgp_solutions,unknown,"""2026-05-07T21:45:59.143Z"""
23c6e65a-93b6-405c-8af2-f65a48374cdd,2018,Ram,3500,Laramie Longhorn,Laramie Longhorn,74eb8c8cdd03c39e,8x165.1,121.3,M14x1.50,43.00,43.00,"[""8x18"",""8x20""]","[""LT275/70R18/E"",""LT285/60R20/E""]",tgp_solutions,unknown,"""2026-05-07T21:45:59.143Z"""
26790f35-6225-405f-afb1-ff9c1eed1b63,2018,Ram,3500,Laramie Longhorn 4x2 (DRW),Laramie Longhorn 4x2 (DRW),cab7e038a3e4aa7c,8x165.1,121.3,M14x1.50,,,"[""6x17""]","[""LT235/80R17/E""]",tgp_solutions,unknown,"""2026-05-07T21:45:59.143Z"""
fac9c8cc-ff19-4bb4-a85f-1e5f594c6374,2018,Ram,3500,Laramie Longhorn 4x4 (DRW),Laramie Longhorn 4x4 (DRW),80ab71d50a51b565,8x165.1,121.3,M14x1.50,,,"[""6x17""]","[""LT235/80R17/E""]",tgp_solutions,unknown,"""2026-05-07T21:45:59.143Z"""
50ece135-cc67-408e-8aac-607161a2e359,2018,Ram,3500,Limited,Limited,fc67cae129f37448,8x165.1,121.3,M14x1.50,43.00,43.00,"[""8x20""]","[""LT285/60R20/E""]",tgp_solutions,unknown,"""2026-05-07T21:45:59.143Z"""
500a3fab-e2a8-48f6-a182-c2b96404b6a4,2018,Ram,3500,Limited 4x2 (DRW),Limited 4x2 (DRW),75af6787ed168128,8x165.1,121.3,M14x1.50,,,"[""6x17""]","[""LT235/80R17/E""]",tgp_solutions,unknown,"""2026-05-07T21:45:59.143Z"""
a363d01c-c2ed-4a2e-bc1e-42766210523f,2018,Ram,3500,Limited 4x4 (DRW),Limited 4x4 (DRW),c36de059f1b38ce7,8x165.1,121.3,M14x1.50,,,"[""6x17""]","[""LT235/80R17/E""]",tgp_solutions,unknown,"""2026-05-07T21:45:59.143Z"""
9881eeed-da08-410e-b4e2-434503572164,2018,Ram,3500,SLT,SLT,236ac7a85904d4ea,8x165.1,121.3,M14x1.50,43.00,43.00,"[""8x18"",""8x20""]","[""LT275/70R18/E"",""LT285/60R20/E""]",tgp_solutions,unknown,"""2026-05-07T21:45:59.143Z"""
3cb8f909-6b56-483a-82ee-3d1cde877dce,2018,Ram,3500,SLT 4x2 (DRW),SLT 4x2 (DRW),b1e4bd3efdaf902f,8x165.1,121.3,M14x1.50,,,"[""6x17""]","[""LT235/80R17/E""]",tgp_solutions,unknown,"""2026-05-07T21:45:59.143Z"""
c531529c-40d1-4fe6-a6c3-a37a3ff82caf,2018,Ram,3500,SLT 4x4 (DRW),SLT 4x4 (DRW),95fbb21f7f0fbda8,8x165.1,121.3,M14x1.50,,,"[""6x17""]","[""LT235/80R17/E""]",tgp_solutions,unknown,"""2026-05-07T21:45:59.143Z"""
ba1dcf45-201c-4743-bc9f-a0e87078db3f,2018,Ram,3500,Tradesman,Tradesman,369a896f899ebea2,8x165.1,121.3,M14x1.50,44.50,44.50,"[""8x18""]","[""LT275/70R18/E""]",tgp_solutions,unknown,"""2026-05-07T21:45:59.143Z"""
943a671b-5608-4d42-ae98-142f8da61d34,2018,Ram,3500,Tradesman 4x2 (DRW),Tradesman 4x2 (DRW),c4bf3b0786448b28,8x165.1,121.3,M14x1.50,,,"[""6x17""]","[""LT235/80R17/E""]",tgp_solutions,unknown,"""2026-05-07T21:45:59.143Z"""
dbb97362-7b39-45f1-a0ab-2f3e41e6181e,2018,Ram,3500,Tradesman 4x4 (DRW),Tradesman 4x4 (DRW),f682682e133f6f45,8x165.1,121.3,M14x1.50,,,"[""6x17""]","[""LT235/80R17/E""]",tgp_solutions,unknown,"""2026-05-07T21:45:59.143Z"""
22bca160-34cc-4c6f-b3e9-d11bb7a281e3,2018,Rolls-Royce,Dawn,Base Front Base,Base Front Base,94beff18dd703ee3,5x120,72.6,M14x1.25,25.00,25.00,"[""8.5x20"",""8x21""]","{""rear"":[],""front"":[""255/40R21"",""255/45R20""]}",deprecated-staggered-split,unknown,"""2026-05-07T21:45:59.143Z"""
be213c7d-f292-43d1-879c-cc428b667727,2018,Rolls-Royce,Dawn,Base Rear Base,Base Rear Base,176d7eafcc5eac30,5x120,72.6,M14x1.25,25.00,25.00,"[""9.5x20"",""9.5x21""]","{""rear"":[""285/35R21"",""285/40R20""],""front"":[]}",deprecated-staggered-split,unknown,"""2026-05-07T21:45:59.143Z"""
35f6bc12-a8ae-456c-a742-b9302f1ac247,2018,Rolls-Royce,Ghost,Base,Base,f2a27e43ae45ea80,5x120,72.6,M14x1.50,25.00,25.00,"[""8.5x19""]","[""255/50R19""]",tgp_solutions,unknown,"""2026-05-07T21:45:59.143Z"""
96a3f821-dc50-419e-8a2d-1cc820571307,2018,Rolls-Royce,Ghost,Base Front Base,Base Front Base,87a34e645785591e,5x120,72.6,M14x1.50,25.00,25.00,"[""8.5x20"",""8x21""]","{""rear"":[],""front"":[""255/40R21"",""255/45R20""]}",deprecated-staggered-split,unknown,"""2026-05-07T21:45:59.143Z"""
a185d0a2-f0d4-41b2-ba50-3b73c6f941ba,2018,Rolls-Royce,Ghost,Base Rear Base,Base Rear Base,9b23beaef02de845,5x120,72.6,M14x1.50,25.00,25.00,"[""9.5x20"",""9.5x21""]","{""rear"":[""285/35R21"",""285/40R20""],""front"":[]}",deprecated-staggered-split,unknown,"""2026-05-07T21:45:59.143Z"""
9039a47e-5afb-447c-b37a-4fe10db63a0e,2018,Rolls-Royce,Ghost,EWB,EWB,0ca5f64297b22400,5x120,72.6,M14x1.50,25.00,25.00,"[""8.5x19""]","[""255/50R19""]",tgp_solutions,unknown,"""2026-05-07T21:45:59.143Z"""
51dedaf0-7b4a-4fa8-a510-8851103572af,2018,Rolls-Royce,Ghost,EWB Front EWB,EWB Front EWB,016890652fa22d35,5x120,72.6,M14x1.50,25.00,25.00,"[""8.5x20"",""8x21""]","{""rear"":[],""front"":[""255/40R21"",""255/45R20""]}",deprecated-staggered-split,unknown,"""2026-05-07T21:45:59.143Z"""
ba7c7bd4-9423-44fb-b7d8-ca5a2b43115f,2018,Rolls-Royce,Ghost,EWB Rear EWB,EWB Rear EWB,1d4627bc72a14269,5x120,72.6,M14x1.50,25.00,25.00,"[""9.5x20"",""9.5x21""]","{""rear"":[""285/35R21"",""285/40R20""],""front"":[]}",deprecated-staggered-split,unknown,"""2026-05-07T21:45:59.143Z"""
b94b8136-bd9a-421b-a763-24295f76e02a,2018,Rolls-Royce,Phantom,Base Front Base,Base Front Base,45f33ec8ae818456,5x112,72.6,M14x1.50,30.00,30.00,"[""8x21"",""8x22""]","{""rear"":[],""front"":[""255/45R22"",""255/50R21""]}",deprecated-staggered-split,unknown,"""2026-05-07T21:45:59.143Z"""
380524bf-76f0-414b-956d-ce96647a5591,2018,Rolls-Royce,Phantom,Base Rear Base,Base Rear Base,1affa8b5826a9129,5x112,72.6,M14x1.50,30.00,30.00,"[""9.5x21"",""9.5x22""]","{""rear"":[""285/40R22"",""285/45R21""],""front"":[]}",deprecated-staggered-split,unknown,"""2026-05-07T21:45:59.143Z"""
2f001bc7-cd7e-4f1e-8fec-6d843d30cbaf,2018,Rolls-Royce,Phantom,EWB Front EWB,EWB Front EWB,4b30d3e98cc4bf7c,5x112,72.6,M14x1.50,30.00,30.00,"[""8x21"",""8x22""]","{""rear"":[],""front"":[""255/45R22"",""255/50R21""]}",deprecated-staggered-split,unknown,"""2026-05-07T21:45:59.143Z"""
fb24f5eb-494c-465b-8b6c-70bc28409496,2018,Rolls-Royce,Phantom,EWB Rear EWB,EWB Rear EWB,aecbf3a324d095e7,5x112,72.6,M14x1.50,30.00,30.00,"[""9.5x21"",""9.5x22""]","{""rear"":[""285/40R22"",""285/45R21""],""front"":[]}",deprecated-staggered-split,unknown,"""2026-05-07T21:45:59.143Z"""
805e9cd4-d414-4a3d-8e87-d47cb29da95d,2018,Rolls-Royce,Wraith,Base Front Base,Base Front Base,c69288024614d134,5x120,72.6,M14x1.25,25.00,25.00,"[""8.5x20"",""8x21""]","{""rear"":[],""front"":[""255/40R21"",""255/45R20""]}",deprecated-staggered-split,unknown,"""2026-05-07T21:45:59.143Z"""
223e03e6-9b0b-4834-a62f-4e2b8ff3e83d,2018,Rolls-Royce,Wraith,Base Rear Base,Base Rear Base,9c0a6574bcb17704,5x120,72.6,M14x1.25,25.00,25.00,"[""9.5x20"",""9.5x21""]","{""rear"":[""285/35R21"",""285/40R20""],""front"":[]}",deprecated-staggered-split,unknown,"""2026-05-07T21:45:59.143Z"""
02324bea-b998-4291-8de3-3cddcc15fcc8,2018,Smart,Fortwo,Electric Drive Front Electric Drive,Electric Drive Front Electric Drive,bef7f85abae0f639,4x100,60.1,M12x1.50B,23.50,23.50,"[""4.5x15""]","{""rear"":[],""front"":[""165/65R15""]}",deprecated-staggered-split,unknown,"""2026-05-07T21:45:59.143Z"""
e14bf248-2d9e-4bf6-b0da-bce0df618479,2018,Smart,Fortwo,Electric Drive Rear Electric Drive,Electric Drive Rear Electric Drive,1483b5822efa5ce8,4x100,60.1,M12x1.50B,22.00,22.00,"[""5.5x15""]","{""rear"":[""185/60R15""],""front"":[]}",deprecated-staggered-split,unknown,"""2026-05-07T21:45:59.143Z"""
07236715-51c0-4d4c-8f64-2bfaecf3a096,2018,Smart,Fortwo,Electric Drive w/Sport Pkg. Front Electric Drive w/Sport Pkg.,Electric Drive w/Sport Pkg. Front Electric Drive w/Sport Pkg.,1ee5aead41aa3c06,4x100,60.1,M12x1.50B,44.00,44.00,"[""6x16""]","{""rear"":[],""front"":[""185/50R16""]}",deprecated-staggered-split,unknown,"""2026-05-07T21:45:59.143Z"""
cae45bec-d0e5-40ac-955f-8309d7d73022,2018,Smart,Fortwo,Electric Drive w/Sport Pkg. Rear Electric Drive w/Sport Pkg.,Electric Drive w/Sport Pkg. Rear Electric Drive w/Sport Pkg.,a2c12689b14f52fc,4x100,60.1,M12x1.50B,40.00,40.00,"[""6.5x16""]","{""rear"":[""205/45R16""],""front"":[]}",deprecated-staggered-split,unknown,"""2026-05-07T21:45:59.143Z"""
1f0d6925-b4ba-4677-bfdb-8b29c2793337,2018,Subaru,BRZ,Limited,Limited,3398146b15003a8b,5x100,56.1,M12x1.25,48.00,48.00,"[""7x17""]","[""215/45R17""]",tgp_solutions,unknown,"""2026-05-07T21:45:59.143Z"""
5a370873-ab6b-45d1-841d-8a289ecf51ab,2018,Subaru,BRZ,Limited w/Performance Pkg.,Limited w/Performance Pkg.,70d606f00e9fcac8,5x100,56.1,M12x1.25,48.00,48.00,"[""7.5x17""]","[""215/45R17""]",tgp_solutions,unknown,"""2026-05-07T21:45:59.143Z"""
39fb51db-731d-4506-84c1-ac4f70bf20cb,2018,Subaru,BRZ,Premium,Premium,a186ca5f17170eef,5x100,56.1,M12x1.25,48.00,48.00,"[""7x17""]","[""215/45R17""]",tgp_solutions,unknown,"""2026-05-07T21:45:59.143Z"""
7a61d306-74be-42e3-89d1-2c0264b9fe49,2018,Subaru,BRZ,tS,tS,dc35ec2637327b86,5x100,56.1,M12x1.25,48.00,48.00,"[""7.5x18""]","[""215/40R18""]",tgp_solutions,unknown,"""2026-05-07T21:45:59.143Z"""
99c9e690-fc93-4708-bc54-aa34ae74c24b,2018,Subaru,Crosstrek,Base,Base,d199a4290bd26d50,5x100,56.1,M12x1.25,55.00,55.00,"[""7x17""]","[""P225/60R17""]",tgp_solutions,unknown,"""2026-05-07T21:45:59.143Z"""
cf2104ff-6fed-4065-b3f9-050a0e4ec653,2018,Subaru,Crosstrek,Limited,Limited,49a28dc6d3ca366c,5x100,56.1,M12x1.25,55.00,55.00,"[""7x18""]","[""225/55R18""]",tgp_solutions,unknown,"""2026-05-07T21:45:59.143Z"""
a71aaf8c-f5dc-43f9-8ade-c5cfa8b6944f,2018,Subaru,Crosstrek,Premium,Premium,610b8341993ca852,5x100,56.1,M12x1.25,55.00,55.00,"[""7x17""]","[""P225/60R17""]",tgp_solutions,unknown,"""2026-05-07T21:45:59.143Z"""
565a66d2-36ce-4c6b-b5e8-f1f0864de12e,2018,Subaru,Forester,2.0XT Premium,2.0XT Premium,6231b56abe72b0a4,5x100,56.1,M12x1.25,48.00,48.00,"[""7x18""]","[""P225/55R18""]",tgp_solutions,unknown,"""2026-05-07T21:45:59.143Z"""
29c1a0f4-fcef-4e4a-a623-5be840f9041b,2018,Subaru,Forester,2.0XT Touring,2.0XT Touring,5a682ea38047f668,5x100,56.1,M12x1.25,48.00,48.00,"[""7x18""]","[""P225/55R18""]",tgp_solutions,unknown,"""2026-05-07T21:45:59.143Z"""
08d4e3e0-f9e2-4c2b-b26e-1ce9b2caf25e,2018,Subaru,Forester,2.5i,2.5i,437b26acb3c62d42,5x100,56.1,M12x1.25,48.00,48.00,"[""7x17""]","[""P225/60R17""]",tgp_solutions,unknown,"""2026-05-07T21:45:59.143Z"""
7bc9e393-d25d-4da9-ad1a-cbea7067ba13,2018,Subaru,Forester,2.5i Limited,2.5i Limited,8f455164a43712e4,5x100,56.1,M12x1.25,48.00,48.00,"[""7x17""]","[""P225/60R17""]",tgp_solutions,unknown,"""2026-05-07T21:45:59.143Z"""
2ccb54a0-4f54-4ecd-991f-0a66b2d2ec3e,2018,Subaru,Forester,2.5i Premium,2.5i Premium,a1b9880c24801401,5x100,56.1,M12x1.25,48.00,48.00,"[""7x17""]","[""P225/60R17""]",tgp_solutions,unknown,"""2026-05-07T21:45:59.143Z"""
55d48ab9-e2dc-487b-bdef-bfb8630622b6,2018,Subaru,Forester,2.5i Premium Black Edition Pkg.,2.5i Premium Black Edition Pkg.,32afaf26a3ed39cb,5x100,56.1,M12x1.25,48.00,48.00,"[""7x18""]","[""P225/55R18""]",tgp_solutions,unknown,"""2026-05-07T21:45:59.143Z"""
bb32dcfc-932a-4bc5-9c74-0f9affc18b0a,2018,Subaru,Forester,2.5i Touring,2.5i Touring,10e0dfb89f1a7bb2,5x100,56.1,M12x1.25,48.00,48.00,"[""7x18""]","[""P225/55R18""]",tgp_solutions,unknown,"""2026-05-07T21:45:59.143Z"""
d273e762-9333-4893-86e9-a6313b7f6cd5,2018,Subaru,Impreza,Base,Base,afdc3b83387c6f48,5x100,56.1,M12x1.25,55.00,55.00,"[""6.5x16""]","[""P205/55R16""]",tgp_solutions,unknown,"""2026-05-07T21:45:59.143Z"""
19596634-d7ff-4c4c-a591-a710fd33d67e,2018,Subaru,Impreza,Limited,Limited,cb0e8b761b36f780,5x100,56.1,M12x1.25,55.00,55.00,"[""7x17""]","[""205/50R17""]",tgp_solutions,unknown,"""2026-05-07T21:45:59.143Z"""
db61d8a8-9086-4805-b1ff-477f828b0f39,2018,Subaru,Impreza,Premium,Premium,1fbc4d080ff6464d,5x100,56.1,M12x1.25,55.00,55.00,"[""6.5x16""]","[""P205/55R16""]",tgp_solutions,unknown,"""2026-05-07T21:45:59.143Z"""
887dc62a-eb4b-4274-af41-9d5df6f1f4fb,2018,Subaru,Impreza,Sport,Sport,95b3960cc79968b5,5x100,56.1,M12x1.25,55.00,55.00,"[""7.5x18""]","[""P225/40R18""]",tgp_solutions,unknown,"""2026-05-07T21:45:59.143Z"""
28eb55c2-5531-4e56-ab19-ddb87b6e20ca,2018,Subaru,Legacy,2.5i,2.5i,facd8d419e221532,5x114.3,56.1,M12x1.25,55.00,55.00,"[""7x17""]","[""225/55R17""]",tgp_solutions,unknown,"""2026-05-07T21:45:59.143Z"""
0bd1b3fe-8e4a-48f9-9e96-0862a97773ad,2018,Subaru,Legacy,2.5i Limited,2.5i Limited,3beda721795648d4,5x114.3,56.1,M12x1.25,55.00,55.00,"[""7.5x18""]","[""225/50R18""]",tgp_solutions,unknown,"""2026-05-07T21:45:59.143Z"""
6fe970b5-c42f-48e6-92c8-ecaf6e99d96e,2018,Subaru,Legacy,2.5i Premium,2.5i Premium,d084d0a260d08d1e,5x114.3,56.1,M12x1.25,55.00,55.00,"[""7.5x17""]","[""225/55R17""]",tgp_solutions,unknown,"""2026-05-07T21:45:59.143Z"""
eb57549d-5af7-4345-b6fa-807c7024cf41,2018,Subaru,Legacy,2.5i Sport,2.5i Sport,3d7e42a486ac1d0b,5x114.3,56.1,M12x1.25,55.00,55.00,"[""7.5x18""]","[""225/50R18""]",tgp_solutions,unknown,"""2026-05-07T21:45:59.143Z"""
a6522bef-ad17-4e8e-91b1-2c5e17a6ba59,2018,Subaru,Legacy,3.6R Limited,3.6R Limited,39a7ddfa27080c3b,5x114.3,56.1,M12x1.25,55.00,55.00,"[""7.5x18""]","[""225/50R18""]",tgp_solutions,unknown,"""2026-05-07T21:45:59.143Z"""
63705e78-b874-49fa-ab9c-a5bd5c00bf36,2018,Subaru,Outback,2.5i,2.5i,045b0dca7a68a1a6,5x114.3,56.1,M12x1.25,55.00,55.00,"[""7x17""]","[""225/65R17""]",tgp_solutions,unknown,"""2026-05-07T21:45:59.143Z"""
2898da10-5173-4854-9560-9133a3957e49,2018,Subaru,Outback,2.5i Limited,2.5i Limited,f6cbf7b0b8c0d5ef,5x114.3,56.1,M12x1.25,55.00,55.00,"[""7x18""]","[""225/60R18""]",tgp_solutions,unknown,"""2026-05-07T21:45:59.143Z"""
d3b06241-83f5-493a-b4ac-4cfce7b5b34d,2018,Subaru,Outback,2.5i Premium,2.5i Premium,70df9364a76e65d5,5x114.3,56.1,M12x1.25,55.00,55.00,"[""7x17""]","[""225/65R17""]",tgp_solutions,unknown,"""2026-05-07T21:45:59.143Z"""
889a1cfd-d951-4e3f-9c90-a1608803ff86,2018,Subaru,Outback,2.5i Touring,2.5i Touring,ff027521159f3f1c,5x114.3,56.1,M12x1.25,55.00,55.00,"[""7x18""]","[""225/60R18""]",tgp_solutions,unknown,"""2026-05-07T21:45:59.143Z"""
a8048127-68be-4b09-a59a-f942dcd01195,2018,Subaru,Outback,3.6R Limited,3.6R Limited,97b481410edbbb10,5x114.3,56.1,M12x1.25,55.00,55.00,"[""7x18""]","[""225/60R18""]",tgp_solutions,unknown,"""2026-05-07T21:45:59.143Z"""
62e6c325-75cc-455f-91a7-784728210932,2018,Subaru,Outback,3.6R Touring,3.6R Touring,a1cfec6e5c933b1c,5x114.3,56.1,M12x1.25,55.00,55.00,"[""7x18""]","[""225/60R18""]",tgp_solutions,unknown,"""2026-05-07T21:45:59.143Z"""
05e02c5e-7636-42d7-a911-caa056800ae4,2018,Subaru,WRX,Base,Base,d26f28ef6ae5a33f,5x114.3,56.1,M12x1.25,55.00,55.00,"[""8x17""]","[""235/45R17""]",tgp_solutions,unknown,"""2026-05-07T21:45:59.143Z"""
1b5888ae-5368-4d44-8a66-a2cc1dda2d70,2018,Subaru,WRX,Limited,Limited,6c213abf392e017a,5x114.3,56.1,M12x1.25,55.00,55.00,"[""8.5x18""]","[""245/40R18""]",tgp_solutions,unknown,"""2026-05-07T21:45:59.143Z"""
2813f38b-aa48-449c-a1d6-6b629c68d537,2018,Subaru,WRX,Premium,Premium,656a43918faa0d35,5x114.3,56.1,M12x1.25,55.00,55.00,"[""8.5x18""]","[""245/40R18""]",tgp_solutions,unknown,"""2026-05-07T21:45:59.143Z"""
b5a433bb-e584-4d98-accd-ccd66fe7cac9,2018,Subaru,WRX STI,Base,Base,1aa3985e87f78be9,5x114.3,56.1,M12x1.25,55.00,55.00,"[""8.5x19""]","[""245/35R19""]",tgp_solutions,unknown,"""2026-05-07T21:45:59.143Z"""
d819d0d8-48fd-4992-a1f9-27f1187cf519,2018,Subaru,WRX STI,Limited,Limited,5f29c3dc16d1c0f0,5x114.3,56.1,M12x1.25,55.00,55.00,"[""8.5x19""]","[""245/35R19""]",tgp_solutions,unknown,"""2026-05-07T21:45:59.143Z"""
59a1bf9e-385e-449c-95d7-b70119b8b244,2018,Subaru,WRX STI,Type RA,Type RA,d7ae3770e3677305,5x114.3,56.1,M12x1.25,55.00,55.00,"[""8.5x19""]","[""245/35R19""]",tgp_solutions,unknown,"""2026-05-07T21:45:59.143Z"""
1c1a247f-359d-4f16-b7ad-e4009441ad2c,2018,Tesla,Model 3,Base,Base,8fe5844be1f51021,5x114.3,64.1,M14x1.50,40.00,40.00,"[""8.5x18"",""8.5x19""]","[""235/40R19"",""235/45R18""]",tgp_solutions,unknown,"""2026-05-07T21:45:59.143Z"""
d3b9d01b-0dbe-4b08-bd7f-3854ea6f4282,2018,Tesla,Model 3,Long Range,Long Range,5d91893852aa6001,5x114.3,64.1,M14x1.50,40.00,40.00,"[""8.5x18"",""8.5x19""]","[""235/40R19"",""235/45R18""]",tgp_solutions,unknown,"""2026-05-07T21:45:59.143Z"""
e4099ccb-696b-40b7-9f35-6f4830c939fb,2018,Tesla,Model 3,Performance,Performance,aecda3e2460a5642,5x114.3,64.1,M14x1.50,40.00,40.00,"[""8.5x18"",""9x20""]","[""235/35ZR20"",""235/45R18""]",tgp_solutions,unknown,"""2026-05-07T21:45:59.143Z"""
acb99951-328e-44c8-9dca-deda80b2264b,2018,Tesla,Model S,100D,100D,53e74d3bf09ac1ff,5x120,64.1,M14x1.50,40.00,40.00,"[""8.5x21"",""8x19""]","[""245/35R21"",""245/35ZR21"",""245/45R19"",""P245/45R19""]",tgp_solutions,unknown,"""2026-05-07T21:45:59.143Z"""
41458999-43a6-461d-93e7-701fc562bbfa,2018,Tesla,Model S,100D w/Sport Pkg. Front 100D w/Sport Pkg.,100D w/Sport Pkg. Front 100D w/Sport Pkg.,b382c14f4ff8cc6b,5x120,64.1,M14x1.50,40.00,40.00,"[""8.5x21""]","{""rear"":[],""front"":[""245/35ZR21""]}",deprecated-staggered-split,unknown,"""2026-05-07T21:45:59.143Z"""
39817b33-3f01-49f0-ab7b-398f5e7c715f,2018,Tesla,Model S,100D w/Sport Pkg. Rear 100D w/Sport Pkg.,100D w/Sport Pkg. Rear 100D w/Sport Pkg.,9fe7cb94f9c7216a,5x120,64.1,M14x1.50,40.00,40.00,"[""9x21""]","{""rear"":[""265/35ZR21""],""front"":[]}",deprecated-staggered-split,unknown,"""2026-05-07T21:45:59.143Z"""
d6104fd6-9120-4f46-bc71-72a2dec46290,2018,Tesla,Model S,75D,75D,ec74f2f23b2f52ca,5x120,64.1,M14x1.50,40.00,40.00,"[""8.5x21"",""8x19""]","[""245/35R21"",""245/35ZR21"",""245/45R19"",""P245/45R19""]",tgp_solutions,unknown,"""2026-05-07T21:45:59.143Z"""
de3f8b63-9678-4960-a63b-58d416fb55a0,2018,Tesla,Model S,75D w/Sport Pkg. Front 75D w/Sport Pkg.,75D w/Sport Pkg. Front 75D w/Sport Pkg.,6d31e41fcea3c7b4,5x120,64.1,M14x1.50,40.00,40.00,"[""8.5x21""]","{""rear"":[],""front"":[""245/35ZR21""]}",deprecated-staggered-split,unknown,"""2026-05-07T21:45:59.143Z"""
5a30b37e-219d-4720-b9dc-64141eca901b,2018,Tesla,Model S,75D w/Sport Pkg. Rear 75D w/Sport Pkg.,75D w/Sport Pkg. Rear 75D w/Sport Pkg.,889496be173c1309,5x120,64.1,M14x1.50,40.00,40.00,"[""9x21""]","{""rear"":[""265/35ZR21""],""front"":[]}",deprecated-staggered-split,unknown,"""2026-05-07T21:45:59.143Z"""
02242f32-3897-4590-b097-250652b0b478,2018,Tesla,Model S,P100D,P100D,a7a0dbeafb203235,5x120,64.1,M14x1.50,40.00,40.00,"[""8.5x21"",""8x19""]","[""245/35R21"",""245/35ZR21"",""245/45R19"",""P245/45R19""]",tgp_solutions,unknown,"""2026-05-07T21:45:59.143Z"""
4d0b20dc-c3d9-4764-865b-442d6de35be8,2018,Tesla,Model S,P100D w/Sport Pkg. Front P100D w/Sport Pkg.,P100D w/Sport Pkg. Front P100D w/Sport Pkg.,e218aa31062f6c47,5x120,64.1,M14x1.50,40.00,40.00,"[""8.5x21""]","{""rear"":[],""front"":[""245/35ZR21""]}",deprecated-staggered-split,unknown,"""2026-05-07T21:45:59.143Z"""
18a723db-88e6-4881-802b-df11a4489094,2018,Tesla,Model S,P100D w/Sport Pkg. Rear P100D w/Sport Pkg.,P100D w/Sport Pkg. Rear P100D w/Sport Pkg.,5f28ad1b2666645b,5x120,64.1,M14x1.50,40.00,40.00,"[""9x21""]","{""rear"":[""265/35ZR21""],""front"":[]}",deprecated-staggered-split,unknown,"""2026-05-07T21:45:59.143Z"""
b9292a1e-13a6-4323-89d3-1b3fad4f8ccd,2018,Tesla,Model X,100D Front 100D,100D Front 100D,d558e06aa2380193,5x120,64.1,M14x1.50,35.00,35.00,"[""9x20"",""9x22""]","{""rear"":[],""front"":[""255/45R20"",""265/35R22"",""265/35ZR22"",""265/45R20""]}",deprecated-staggered-split,unknown,"""2026-05-07T21:45:59.143Z"""
26897d3a-b557-49cd-936a-e5154f800faa,2018,Tesla,Model X,100D Rear 100D,100D Rear 100D,0ed5e31bc1022da2,5x120,64.1,M14x1.50,40.00,40.00,"[""10x20"",""10x22"",""9.5x20""]","{""rear"":[""275/45R20"",""285/35R22"",""285/35ZR22""],""front"":[]}",deprecated-staggered-split,unknown,"""2026-05-07T21:45:59.143Z"""
280e761f-5db3-481a-a3d2-4aa5559b34b7,2018,Tesla,Model X,75D Front 75D,75D Front 75D,7604da3de2a6963c,5x120,64.1,M14x1.50,35.00,35.00,"[""9x20"",""9x22""]","{""rear"":[],""front"":[""255/45R20"",""265/35R22"",""265/35ZR22"",""265/45R20""]}",deprecated-staggered-split,unknown,"""2026-05-07T21:45:59.143Z"""
64d65855-fc76-437e-95f9-372f78925678,2018,Tesla,Model X,75D Rear 75D,75D Rear 75D,2ff03564af629657,5x120,64.1,M14x1.50,40.00,40.00,"[""10x20"",""10x22"",""9.5x20""]","{""rear"":[""275/45R20"",""285/35R22"",""285/35ZR22""],""front"":[]}",deprecated-staggered-split,unknown,"""2026-05-07T21:45:59.143Z"""
77faf581-d406-42ad-a947-41bdb0dcdea1,2018,Tesla,Model X,P100D Front P100D,P100D Front P100D,737d43100e05b3fc,5x120,64.1,M14x1.50,35.00,35.00,"[""9x20"",""9x22""]","{""rear"":[],""front"":[""255/45R20"",""265/35R22"",""265/35ZR22"",""265/45R20""]}",deprecated-staggered-split,unknown,"""2026-05-07T21:45:59.143Z"""
20e68043-6f64-4fdd-bd7d-5f946b9b8edf,2018,Tesla,Model X,P100D Rear P100D,P100D Rear P100D,095dd220c892c75b,5x120,64.1,M14x1.50,35.00,35.00,"[""10x20"",""10x22"",""9.5x20""]","{""rear"":[""275/45R20"",""285/35R22"",""285/35ZR22""],""front"":[]}",deprecated-staggered-split,unknown,"""2026-05-07T21:45:59.143Z"""
33eb80f7-a80e-406f-beb4-61823a5741ab,2018,Toyota,4Runner,Limited,Limited,2185349a2f2ba428,6x139.7,106.0,M12x1.50,30.00,30.00,"[""7x20""]","[""P245/60R20""]",tgp_solutions,unknown,"""2026-05-07T21:45:59.143Z"""
dd1ff822-f756-451a-a307-1b78a1071716,2018,Toyota,4Runner,SR5,SR5,fcd3a74da7b7f701,6x139.7,106.0,M12x1.50,30.00,30.00,"[""7x17""]","[""P265/70R17""]",tgp_solutions,unknown,"""2026-05-07T21:45:59.143Z"""
0fb95797-1567-4b37-9c82-d9bbb13a8ff1,2018,Toyota,4Runner,SR5 Premium,SR5 Premium,662ba233f20f5cfd,6x139.7,106.0,M12x1.50,30.00,30.00,"[""7x17""]","[""P265/70R17""]",tgp_solutions,unknown,"""2026-05-07T21:45:59.143Z"""
99918b14-f94c-467d-bd38-7c7ec07ddd66,2018,Toyota,4Runner,TRD Off-Road,TRD Off-Road,dcd80d3058f359cc,6x139.7,106.0,M12x1.50,30.00,30.00,"[""7.5x17""]","[""P265/70R17""]",tgp_solutions,unknown,"""2026-05-07T21:45:59.143Z"""
f97220d0-ef98-4f1b-9ac5-f7b7e6df9b36,2018,Toyota,4Runner,TRD Off-Road Premium,TRD Off-Road Premium,6b126c8167b8c9e9,6x139.7,106.0,M12x1.50,30.00,30.00,"[""7.5x17""]","[""P265/70R17""]",tgp_solutions,unknown,"""2026-05-07T21:45:59.143Z"""
1718bd84-7420-475d-87e3-e3e905cfa4af,2018,Toyota,4Runner,TRD Pro,TRD Pro,f344d8b9bd953e07,6x139.7,106.0,M12x1.50,30.00,30.00,"[""7.5x17""]","[""P265/70R17""]",tgp_solutions,unknown,"""2026-05-07T21:45:59.143Z"""
3f2f997d-749b-48b2-8d72-59fc595e82f2,2018,Toyota,86,Base,Base,32f14817cb6aa76d,5x100,56.1,M12x1.25,45.00,45.00,"[""7x17""]","[""215/45R17"",""P215/45R17""]",tgp_solutions,unknown,"""2026-05-07T21:45:59.143Z"""
324f34fb-23ae-4e3a-a93a-d5b7b71dc311,2018,Toyota,86,GT,GT,a026a9b146ed53fe,5x100,56.1,M12x1.25,45.00,45.00,"[""7x17""]","[""215/45R17"",""P215/45R17""]",tgp_solutions,unknown,"""2026-05-07T21:45:59.143Z"""
621644d2-e799-4811-9aaa-b0c95c5b66ba,2018,Toyota,Avalon,Hybrid Limited,Hybrid Limited,a7b78d7324ae928b,5x114.3,60.1,M12x1.50,45.00,45.00,"[""7x17""]","[""P215/55R17""]",tgp_solutions,unknown,"""2026-05-07T21:45:59.143Z"""
08c1838f-c6f4-4c43-8eac-46672ecf907c,2018,Toyota,Avalon,Hybrid XLE Plus,Hybrid XLE Plus,8e9f64e01ad264bd,5x114.3,60.1,M12x1.50,45.00,45.00,"[""7x17""]","[""P215/55R17""]",tgp_solutions,unknown,"""2026-05-07T21:45:59.143Z"""
53b4ce6c-b3fd-4793-9239-1f79e06416c6,2018,Toyota,Avalon,Hybrid XLE Premium,Hybrid XLE Premium,dae8b046d9bd3046,5x114.3,60.1,M12x1.50,45.00,45.00,"[""7x17""]","[""P215/55R17""]",tgp_solutions,unknown,"""2026-05-07T21:45:59.143Z"""
34a59fbe-f92b-4609-af18-bc0ca9ef9f1d,2018,Toyota,Avalon,Limited,Limited,7341ef4e3657ccac,5x114.3,60.1,M12x1.50,45.00,45.00,"[""7.5x18""]","[""P225/45R18""]",tgp_solutions,unknown,"""2026-05-07T21:45:59.143Z"""
b373ba60-2f76-4e3c-9dee-6250e1abf181,2018,Toyota,Avalon,Touring,Touring,3140339205eacfb1,5x114.3,60.1,M12x1.50,45.00,45.00,"[""7.5x18""]","[""P225/45R18""]",tgp_solutions,unknown,"""2026-05-07T21:45:59.143Z"""
8ce09fc9-5831-4b12-8ab9-ccef41917b96,2018,Toyota,Avalon,XLE,XLE,180b30c54c99400a,5x114.3,60.1,M12x1.50,45.00,45.00,"[""7x17""]","[""P215/55R17""]",tgp_solutions,unknown,"""2026-05-07T21:45:59.143Z"""
7734f0c5-fca7-4e51-854b-bc13a5da88aa,2018,Toyota,Avalon,XLE Plus,XLE Plus,b4f1bfd2ac3b621d,5x114.3,60.1,M12x1.50,45.00,45.00,"[""7x17""]","[""P215/55R17""]",tgp_solutions,unknown,"""2026-05-07T21:45:59.143Z"""
ec53d97e-4ed5-4014-bc0b-9486c1ff5d12,2018,Toyota,Avalon,XLE Premium,XLE Premium,44553f8070a858a5,5x114.3,60.1,M12x1.50,45.00,45.00,"[""7x17""]","[""P215/55R17""]",tgp_solutions,unknown,"""2026-05-07T21:45:59.143Z"""
f964c767-d7a7-44ec-aaae-4fbc7128d5b3,2018,Toyota,C-HR,XLE,XLE,f08047ae881760f6,5x114.3,60.1,M12x1.50,40.00,40.00,"[""7x18""]","[""225/50R18""]",tgp_solutions,unknown,"""2026-05-07T21:45:59.143Z"""
e79c0cf0-897c-48a3-a368-57aa16f56533,2018,Toyota,C-HR,XLE Premium,XLE Premium,9a2faf01d7cd5df3,5x114.3,60.1,M12x1.50,40.00,40.00,"[""7x18""]","[""225/50R18""]",tgp_solutions,unknown,"""2026-05-07T21:45:59.143Z"""
703e18ca-c591-4938-955a-f0d006435c32,2018,Toyota,Camry,Hybrid LE,Hybrid LE,e5c41414bbe021cc,5x114.3,60.1,M12x1.50,45.00,45.00,"[""6.5x16""]","[""205/65R16""]",tgp_solutions,unknown,"""2026-05-07T21:45:59.143Z"""
70cbe5a8-4004-41f4-9afc-d76db2b17d51,2018,Toyota,Camry,Hybrid SE,Hybrid SE,c91782466a5d8343,5x114.3,60.1,M12x1.50,45.00,45.00,"[""8x18""]","[""235/45R18""]",tgp_solutions,unknown,"""2026-05-07T21:45:59.143Z"""
2035163f-edea-4128-b3ac-3c82f1376f97,2018,Toyota,Camry,Hybrid XLE,Hybrid XLE,2ea1328c1cf12aec,5x114.3,60.1,M12x1.50,45.00,45.00,"[""8x18""]","[""235/45R18""]",tgp_solutions,unknown,"""2026-05-07T21:45:59.143Z"""
70f0373e-ba7b-4db9-9ab0-7196c016b304,2018,Toyota,Camry,L,L,6ef29ef8db1f5e90,5x114.3,60.1,M12x1.50,45.00,45.00,"[""6.5x16""]","[""205/65R16""]",tgp_solutions,unknown,"""2026-05-07T21:45:59.143Z"""
9f259d5d-f1e4-4623-9194-516d33c0efb1,2018,Toyota,Camry,LE,LE,9ef41166156df8fb,5x114.3,60.1,M12x1.50,45.00,45.00,"[""7.5x17""]","[""215/55R17""]",tgp_solutions,unknown,"""2026-05-07T21:45:59.143Z"""
e7e57dd4-16e3-478c-a1ca-3d1f8291d132,2018,Toyota,Camry,SE,SE,2863e9e01f13fd7a,5x114.3,60.1,M12x1.50,45.00,45.00,"[""8x18""]","[""235/45R18""]",tgp_solutions,unknown,"""2026-05-07T21:45:59.143Z"""
865f03ba-f688-41d3-bd13-81b23f8c44be,2018,Toyota,Camry,XLE,XLE,dfe59d65f459501b,5x114.3,60.1,M12x1.50,45.00,45.00,"[""8x18""]","[""235/45R18""]",tgp_solutions,unknown,"""2026-05-07T21:45:59.143Z"""
32009d16-870a-4ff6-ac2f-3e9df2db8397,2018,Toyota,Camry,XSE,XSE,caccb2809810715b,5x114.3,60.1,M12x1.50,50.00,50.00,"[""8x19""]","[""235/40R19""]",tgp_solutions,unknown,"""2026-05-07T21:45:59.143Z"""
0832612c-efae-43b8-8e0d-ef37370c9443,2018,Toyota,Corolla,L,L,bce85698abb468cc,5x100,54.1,M12x1.50,45.00,45.00,"[""6x15""]","[""195/65R15""]",tgp_solutions,unknown,"""2026-05-07T21:45:59.143Z"""
dbfb010d-4faa-4ca0-9d65-08d02e2793f2,2018,Toyota,Corolla,LE,LE,ef70c5e3f234dac5,5x100,54.1,M12x1.50,45.00,45.00,"[""6.5x16""]","[""P205/55R16""]",tgp_solutions,unknown,"""2026-05-07T21:45:59.143Z"""
52e991ac-3c82-4fa1-bf8b-494527e06d84,2018,Toyota,Corolla,LE Eco,LE Eco,308b28765e72a97b,5x100,54.1,M12x1.50,45.00,45.00,"[""6.5x16"",""6x15""]","[""195/65R15"",""P205/55R16""]",tgp_solutions,unknown,"""2026-05-07T21:45:59.143Z"""
d370d83e-5122-4ac0-b386-1ba3d66f23a9,2018,Toyota,Corolla,SE,SE,99173b52cdddaf53,5x100,54.1,M12x1.50,45.00,45.00,"[""7x17""]","[""P215/45R17""]",tgp_solutions,unknown,"""2026-05-07T21:45:59.143Z"""
0f433fd5-711a-4ff0-ae18-a2fd2b01202b,2018,Toyota,Corolla,XLE,XLE,8987dbee69387f0c,5x100,54.1,M12x1.50,45.00,45.00,"[""6.5x16""]","[""P205/55R16""]",tgp_solutions,unknown,"""2026-05-07T21:45:59.143Z"""
9c1fc43c-583d-4139-aec6-d39502be001b,2018,Toyota,Corolla,XSE,XSE,f03aa7f6850e519e,5x100,54.1,M12x1.50,45.00,45.00,"[""7x17""]","[""P215/45R17""]",tgp_solutions,unknown,"""2026-05-07T21:45:59.143Z"""
e7cdf865-d379-40e9-8824-b4fb13c38166,2018,Toyota,Corolla iM,Base,Base,326f01fdf2c6341c,5x114.3,60.1,M12x1.50,45.00,45.00,"[""7x17""]","[""P225/45R17""]",tgp_solutions,unknown,"""2026-05-07T21:45:59.143Z"""
4f1dfc08-5518-47c0-b695-ca274cd23df1,2018,Toyota,Highlander,Hybrid LE,Hybrid LE,910e8bde495511ee,5x114.3,60.1,M12x1.50,50.00,50.00,"[""7.5x18""]","[""245/60R18"",""P245/60R18""]",tgp_solutions,unknown,"""2026-05-07T21:45:59.143Z"""
f2f0335c-e039-4345-a9c5-637efabfdb94,2018,Toyota,Highlander,Hybrid Limited,Hybrid Limited,bb481f69ef4b62a6,5x114.3,60.1,M12x1.50,50.00,50.00,"[""7.5x19""]","[""245/55R19""]",tgp_solutions,unknown,"""2026-05-07T21:45:59.143Z"""
16da0e13-3018-4140-bf3a-85559e1c88a4,2018,Toyota,Highlander,Hybrid XLE,Hybrid XLE,4279ff75fe4cc7fd,5x114.3,60.1,M12x1.50,50.00,50.00,"[""7.5x18""]","[""245/60R18"",""P245/60R18""]",tgp_solutions,unknown,"""2026-05-07T21:45:59.143Z"""
4c432917-ee21-4375-88da-c431d5fd69e5,2018,Toyota,Highlander,LE,LE,d7c2ac585724ea6b,5x114.3,60.1,M12x1.50,50.00,50.00,"[""7.5x18""]","[""245/60R18"",""P245/60R18""]",tgp_solutions,unknown,"""2026-05-07T21:45:59.143Z"""
d84e7153-b1af-4e93-87dc-45ceb29826cd,2018,Toyota,Highlander,LE Plus,LE Plus,5e68dbca063d9e43,5x114.3,60.1,M12x1.50,50.00,50.00,"[""7.5x18""]","[""245/60R18"",""P245/60R18""]",tgp_solutions,unknown,"""2026-05-07T21:45:59.143Z"""
055a7bb9-5707-4c20-ad5a-543c94b64237,2018,Toyota,Highlander,Limited,Limited,79d82f04876222a6,5x114.3,60.1,M12x1.50,50.00,50.00,"[""7.5x19""]","[""245/55R19""]",tgp_solutions,unknown,"""2026-05-07T21:45:59.143Z"""
ccb803c0-420e-40e9-9dca-10e223cf2623,2018,Toyota,Highlander,SE,SE,e3849b55ad6fa5a3,5x114.3,60.1,M12x1.50,50.00,50.00,"[""7.5x19""]","[""245/55R19""]",tgp_solutions,unknown,"""2026-05-07T21:45:59.143Z"""
b6c1bb1c-001b-4b38-bda6-503a05fcf20b,2018,Toyota,Highlander,XLE,XLE,cdd0b590ef2ff11e,5x114.3,60.1,M12x1.50,50.00,50.00,"[""7.5x18""]","[""245/60R18"",""P245/60R18""]",tgp_solutions,unknown,"""2026-05-07T21:45:59.143Z"""
6e7438ac-bffe-47ff-a891-ab3a1f2cc1da,2018,Toyota,Land Cruiser,Base,Base,db0290204f0bb4b3,5x150,106.0,M14x1.50,60.00,60.00,"[""8x18""]","[""285/60R18""]",tgp_solutions,unknown,"""2026-05-07T21:45:59.143Z"""
6a245c99-4dfa-4084-91c1-f01d24466429,2018,Toyota,Mirai,Base,Base,ae4b85214ac41e05,5x114.3,60.1,M12x1.50,45.00,45.00,"[""7x17""]","[""P215/55R17""]",tgp_solutions,unknown,"""2026-05-07T21:45:59.143Z"""
bad1bb08-9786-45a5-a6ab-50831277ffea,2018,Toyota,Prius,Four,Four,f36e8cd35fb5af75,5x100,54.1,M12x1.50,45.00,45.00,"[""6.5x15""]","[""P195/65R15""]",tgp_solutions,unknown,"""2026-05-07T21:45:59.143Z"""
b4b2b266-fe5b-47a2-ba13-f49662d09f90,2018,Toyota,Prius,Four Touring,Four Touring,57b7d189784079a7,5x100,54.1,M12x1.50,45.00,45.00,"[""7x17""]","[""P215/45R17""]",tgp_solutions,unknown,"""2026-05-07T21:45:59.143Z"""
db4c97b6-be08-4ea3-8a9d-2f55e9a17903,2018,Toyota,Prius,One,One,0c15205cff883202,5x100,54.1,M12x1.50,45.00,45.00,"[""6.5x15""]","[""P195/65R15""]",tgp_solutions,unknown,"""2026-05-07T21:45:59.143Z"""
6599da59-9752-4b09-bd77-0f0d72a047c1,2018,Toyota,Prius,Three,Three,92186c69482f8977,5x100,54.1,M12x1.50,45.00,45.00,"[""6.5x15""]","[""P195/65R15""]",tgp_solutions,unknown,"""2026-05-07T21:45:59.143Z"""
89aa6bf2-a2d0-4c79-9783-c0750c6a9cf8,2018,Toyota,Prius,Three Touring,Three Touring,3a295a2bf408e627,5x100,54.1,M12x1.50,45.00,45.00,"[""7x17""]","[""P215/45R17""]",tgp_solutions,unknown,"""2026-05-07T21:45:59.143Z"""
b958c2f4-92c5-4483-9504-330ff7dd822a,2018,Toyota,Prius,Two,Two,ccc9633d12c9899b,5x100,54.1,M12x1.50,45.00,45.00,"[""6.5x15""]","[""P195/65R15""]",tgp_solutions,unknown,"""2026-05-07T21:45:59.143Z"""
a3759b2c-d5a8-48d5-8bee-2246042cc845,2018,Toyota,Prius,Two Eco,Two Eco,ca0dfbbb6faf450a,5x100,54.1,M12x1.50,45.00,45.00,"[""6.5x15""]","[""P195/65R15""]",tgp_solutions,unknown,"""2026-05-07T21:45:59.143Z"""
fe24953e-750d-4a92-9cfe-9d90471f33cf,2018,Toyota,Prius Prime,Advanced,Advanced,a51304738138c5e0,5x100,54.1,M12x1.50,45.00,45.00,"[""6.5x15""]","[""P195/65R15""]",tgp_solutions,unknown,"""2026-05-07T21:45:59.143Z"""
4a901cf2-43e5-409b-85b0-7d5e8a0f1006,2018,Toyota,Prius Prime,Plus,Plus,c266a882cf5a5c05,5x100,54.1,M12x1.50,45.00,45.00,"[""6.5x15""]","[""P195/65R15""]",tgp_solutions,unknown,"""2026-05-07T21:45:59.143Z"""
6d9c6e9e-a8d7-4c61-886e-de5f252b05e7,2018,Toyota,Prius Prime,Premium,Premium,90109abeafada126,5x100,54.1,M12x1.50,45.00,45.00,"[""6.5x15""]","[""P195/65R15""]",tgp_solutions,unknown,"""2026-05-07T21:45:59.143Z"""
c970bdf9-04ff-4c11-a295-e0fc367d6249,2018,Toyota,Prius c,Four,Four,0c111f5116dc8f49,4x100,54.1,M12x1.50,45.00,45.00,"[""5x15"",""6x16""]","[""P175/65R15"",""P195/50R16""]",tgp_solutions,unknown,"""2026-05-07T21:45:59.143Z"""
3be95aba-1a5b-48a3-92de-16d6435eb319,2018,Toyota,Prius c,One,One,ebe911f2e89c166c,4x100,54.1,M12x1.50,45.00,45.00,"[""5x15""]","[""P175/65R15""]",tgp_solutions,unknown,"""2026-05-07T21:45:59.143Z"""
3a59dbef-32d0-46be-9b66-527765f96a99,2018,Toyota,Prius c,Three,Three,d91bea8f6a19353e,4x100,54.1,M12x1.50,45.00,45.00,"[""5x15""]","[""P175/65R15""]",tgp_solutions,unknown,"""2026-05-07T21:45:59.143Z"""
7d44e97e-7f70-4911-8100-7043ec27e239,2018,Toyota,Prius c,Two,Two,5cc8da2951d864a2,4x100,54.1,M12x1.50,45.00,45.00,"[""5x15""]","[""P175/65R15""]",tgp_solutions,unknown,"""2026-05-07T21:45:59.143Z"""
74ab8292-213d-400d-ad3e-ee0cb3531d06,2018,Toyota,RAV4,Adventure,Adventure,94dba3d610a18b72,5x114.3,60.1,M12x1.50,39.00,39.00,"[""7.5x18""]","[""235/55R18""]",tgp_solutions,unknown,"""2026-05-07T21:45:59.143Z"""
b2434d19-2e1e-48dc-a427-6c421862eee2,2018,Toyota,RAV4,Hybrid Limited,Hybrid Limited,a6dcbcb38032fd07,5x114.3,60.1,M12x1.50,39.00,39.00,"[""7.5x18""]","[""235/55R18""]",tgp_solutions,unknown,"""2026-05-07T21:45:59.143Z"""
210ededd-9a8c-42f9-a4e7-5b90425a71e8,2018,Toyota,RAV4,Hybrid SE,Hybrid SE,e883e21f87232607,5x114.3,60.1,M12x1.50,39.00,39.00,"[""7.5x18""]","[""235/55R18""]",tgp_solutions,unknown,"""2026-05-07T21:45:59.143Z"""
b4181de9-106e-4020-9bf9-1e8f8c37e4f5,2018,Toyota,RAV4,Hybrid XLE,Hybrid XLE,5d264cff92ec2f08,5x114.3,60.1,M12x1.50,39.00,39.00,"[""7x17""]","[""225/65R17""]",tgp_solutions,unknown,"""2026-05-07T21:45:59.143Z"""
b39ec1eb-6591-43aa-acbb-644eba66015e,2018,Toyota,RAV4,LE,LE,9af47efa785ae09c,5x114.3,60.1,M12x1.50,39.00,39.00,"[""6.5x17""]","[""225/65R17""]",tgp_solutions,unknown,"""2026-05-07T21:45:59.143Z"""
515b29d4-218f-4e3f-a672-2d781b9643cd,2018,Toyota,RAV4,Limited,Limited,14babde7f6a2d12c,5x114.3,60.1,M12x1.50,39.00,39.00,"[""7.5x18""]","[""235/55R18""]",tgp_solutions,unknown,"""2026-05-07T21:45:59.143Z"""
89040a99-9b73-4400-b96f-7706244a1ffc,2018,Toyota,RAV4,Platinum,Platinum,2d3247e6806356b3,5x114.3,60.1,M12x1.50,39.00,39.00,"[""7.5x18""]","[""235/55R18""]",tgp_solutions,unknown,"""2026-05-07T21:45:59.143Z"""
d7629b89-88db-45f1-85ab-5dc7c13d756c,2018,Toyota,RAV4,SE,SE,2488dd9a4e489d8b,5x114.3,60.1,M12x1.50,39.00,39.00,"[""7.5x18""]","[""235/55R18""]",tgp_solutions,unknown,"""2026-05-07T21:45:59.143Z"""
ed9f9f59-93ee-4706-a59b-0ac3516ed0c8,2018,Toyota,RAV4,XLE,XLE,68e152ac1a5d9811,5x114.3,60.1,M12x1.50,39.00,39.00,"[""7x17""]","[""225/65R17""]",tgp_solutions,unknown,"""2026-05-07T21:45:59.143Z"""
22749baf-7391-4352-af1c-0fcea9e803b7,2018,Toyota,Sequoia,Limited,Limited,bda3ecae28349f20,5x150,110.0,M14x1.50,55.00,55.00,"[""8x20""]","[""P275/55R20""]",tgp_solutions,unknown,"""2026-05-07T21:45:59.143Z"""
e43364ea-4746-4c46-b48e-b82f4ab2eefe,2018,Toyota,Sequoia,Platinum,Platinum,68f8077cb74916c5,5x150,110.0,M14x1.50,55.00,55.00,"[""8x20""]","[""P275/55R20""]",tgp_solutions,unknown,"""2026-05-07T21:45:59.143Z"""
79b9db7e-2d82-487f-b6be-fd52ff4424c8,2018,Toyota,Sequoia,SR5,SR5,f0ce96bb5d822e55,5x150,110.0,M14x1.50,55.00,55.00,"[""8x18""]","[""P275/65R18""]",tgp_solutions,unknown,"""2026-05-07T21:45:59.143Z"""
3f021bfe-f340-4bd0-b6ff-407ef11a7df8,2018,Toyota,Sequoia,SR5 w/Sport Pkg.,SR5 w/Sport Pkg.,72ce67b45dd3fb43,5x150,110.0,M14x1.50,55.00,55.00,"[""8x20""]","[""P275/55R20""]",tgp_solutions,unknown,"""2026-05-07T21:45:59.143Z"""
9fb20e4b-b65a-4b99-9ac6-d007d547e8e8,2018,Toyota,Sequoia,TRD Sport,TRD Sport,89efab497eedcf57,5x150,110.0,M14x1.50,55.00,55.00,"[""8x20""]","[""P275/55R20""]",tgp_solutions,unknown,"""2026-05-07T21:45:59.143Z"""
bcaab951-cd56-427f-9857-b294bd548087,2018,Toyota,Tacoma,Limited,Limited,3597dd23f9573718,6x139.7,106.0,M12x1.50,30.00,30.00,"[""7.5x18""]","[""P265/60R18""]",tgp_solutions,unknown,"""2026-05-07T21:45:59.143Z"""
22f57d7b-959d-4152-b88b-27c34dae9446,2018,Toyota,Tacoma,SR,SR,d7a08ee8cf0cb29e,6x139.7,106.0,M12x1.50,30.00,30.00,"[""7-7x16""]","[""P245/75R16""]",tgp_solutions,unknown,"""2026-05-07T21:45:59.143Z"""
604d99c2-37be-4d3d-b9e0-531d4dd9a887,2018,Toyota,Tacoma,SR5,SR5,e64bba5b40029105,6x139.7,106.0,M12x1.50,30.00,30.00,"[""7-7x16""]","[""P245/75R16""]",tgp_solutions,unknown,"""2026-05-07T21:45:59.143Z"""
a974abe1-50ad-41ee-b7f1-37d74a3031cb,2018,Toyota,Tacoma,TRD Off-Road,TRD Off-Road,77f19dae71148799,6x139.7,106.0,M12x1.50,30.00,30.00,"[""7-7x16""]","[""265/70R16""]",tgp_solutions,unknown,"""2026-05-07T21:45:59.143Z"""
923e3df6-7313-407f-8478-7e30e68a7ae2,2018,Toyota,Tacoma,TRD Pro,TRD Pro,b324ec9a5d4e9d07,6x139.7,106.0,M12x1.50,30.00,30.00,"[""7-7x16""]","[""265/70R16""]",tgp_solutions,unknown,"""2026-05-07T21:45:59.143Z"""
66fd74aa-7e92-42bc-854b-fa7af4678fec,2018,Toyota,Tacoma,TRD Sport,TRD Sport,6ad73c876541606a,6x139.7,106.0,M12x1.50,30.00,30.00,"[""7.5x17""]","[""P265/65R17""]",tgp_solutions,unknown,"""2026-05-07T21:45:59.143Z"""
ce7b8bec-1561-461f-8384-7e28a9ba3b40,2018,Toyota,Tundra,1794 Edition w/aluminum wheels,1794 Edition w/aluminum wheels,7b180bdcf5cfc456,5x150,110.0,M14x1.50,60.00,60.00,"[""8x18"",""8x20""]","[""P275/55R20"",""P275/65R18""]",tgp_solutions,unknown,"""2026-05-07T21:45:59.143Z"""
bc54122f-d601-4637-bb69-fe4deb939bee,2018,Toyota,Tundra,Limited w/aluminum wheels,Limited w/aluminum wheels,d1224456bde97f99,5x150,110.0,M14x1.50,60.00,60.00,"[""8x18"",""8x20""]","[""P275/55R20"",""P275/65R18""]",tgp_solutions,unknown,"""2026-05-07T21:45:59.143Z"""
df69488c-4f49-4e4f-a04b-87dd1897ee44,2018,Toyota,Tundra,Platinum w/aluminum wheels,Platinum w/aluminum wheels,1c9a4be7cc39b583,5x150,110.0,M14x1.50,60.00,60.00,"[""8x20""]","[""P275/55R20""]",tgp_solutions,unknown,"""2026-05-07T21:45:59.143Z"""
88045055-0c95-4526-87ae-9fd0cebe4324,2018,Toyota,Tundra,SR w/steel wheels,SR w/steel wheels,78357ba8e894c7b1,5x150,110.0,M14x1.50,60.00,60.00,"[""8x18""]","[""P255/70R18""]",tgp_solutions,unknown,"""2026-05-07T21:45:59.143Z"""
b273f66e-ca8b-48f9-85b1-741d101ebae6,2018,Toyota,Tundra,SR5 w/aluminum wheels,SR5 w/aluminum wheels,f85a92b57e3b2aaa,5x150,110.0,M14x1.50,60.00,60.00,"[""8x18"",""8x20""]","[""P275/55R20"",""P275/65R18""]",tgp_solutions,unknown,"""2026-05-07T21:45:59.143Z"""
cf788187-5eae-434e-ad6e-a840fa6d3e70,2018,Toyota,Tundra,SR5 w/steel wheels,SR5 w/steel wheels,8e9670efe7edbdf5,5x150,110.0,M14x1.50,60.00,60.00,"[""8x18""]","[""P255/70R18""]",tgp_solutions,unknown,"""2026-05-07T21:45:59.143Z"""
eb817a91-02a8-43a3-a51e-b930a24fec22,2018,Toyota,Tundra,TRD Pro w/aluminum wheels,TRD Pro w/aluminum wheels,914da22b7f7b4047,5x150,110.0,M14x1.50,60.00,60.00,"[""8x18""]","[""P275/65R18""]",tgp_solutions,unknown,"""2026-05-07T21:45:59.143Z"""
3d917959-2c25-4c6c-bb2c-8cf81137e0ea,2018,Toyota,Tundra,TRD Sport w/aluminum wheels,TRD Sport w/aluminum wheels,3f0efd26b3c387a6,5x150,110.0,M14x1.50,60.00,60.00,"[""8x20""]","[""P275/55R20""]",tgp_solutions,unknown,"""2026-05-07T21:45:59.143Z"""
13d77b70-29f1-43f0-b988-21d7e3d50ce1,2018,Toyota,Yaris,L,L,4e63814fd7a3de14,4x100,54.1,M12x1.50,39.00,39.00,"[""5.5x15""]","[""P175/65R15""]",tgp_solutions,unknown,"""2026-05-07T21:45:59.143Z"""
e9f2c8b2-cff6-47cb-992b-d42390a3e1c8,2018,Toyota,Yaris,LE,LE,dba796c45a2088ba,4x100,54.1,M12x1.50,39.00,39.00,"[""5.5x15""]","[""P175/65R15""]",tgp_solutions,unknown,"""2026-05-07T21:45:59.143Z"""
0d9369f6-7b2c-4e01-b317-2cebd895ed88,2018,Toyota,Yaris,SE,SE,75fdd9ee4f31cff0,4x100,54.1,M12x1.50,42.00,42.00,"[""6x16""]","[""P195/50R16""]",tgp_solutions,unknown,"""2026-05-07T21:45:59.143Z"""
8ef238c9-7db8-4846-8ee5-a266df70a00a,2018,Toyota,Yaris iA,Base,Base,fd200ca3041fb6d4,4x100,67.0,M12x1.50,45.00,45.00,"[""5.5x16""]","[""P185/60R16""]",tgp_solutions,unknown,"""2026-05-07T21:45:59.143Z"""
98815d26-9f5c-4146-9baf-e1fd2ab6ea48,2018,Volkswagen,Atlas,Launch Edition,Launch Edition,b7ce144135ead6fe,5x112,57.1,M14x1.50B,,,"[""8x18""]","[""245/60R18""]",tgp_solutions,unknown,"""2026-05-07T21:45:59.143Z"""
b4f3d493-d032-43ea-bd9e-17180472a237,2018,Volkswagen,Atlas,S 2.0T,S 2.0T,f50a69c4cec45a6c,5x112,57.1,M14x1.50B,,,"[""8x18""]","[""245/60R18""]",tgp_solutions,unknown,"""2026-05-07T21:45:59.143Z"""
7efb992d-739b-4931-bd53-87ab15ba08c4,2018,Volkswagen,Atlas,S V6,S V6,6e7c2f220c93ee0e,5x112,57.1,M14x1.50B,,,"[""8x18""]","[""245/60R18""]",tgp_solutions,unknown,"""2026-05-07T21:45:59.143Z"""
26b276c5-2208-4608-b266-3073dba9149b,2018,Volkswagen,Atlas,SE 2.0T,SE 2.0T,4bc14c8c5f701e65,5x112,57.1,M14x1.50B,,,"[""8x18"",""8x20""]","[""245/60R18"",""255/50R20""]",tgp_solutions,unknown,"""2026-05-07T21:45:59.143Z"""
31ae7ca4-68f5-44b9-8464-4f1c84824d39,2018,Volkswagen,Atlas,SE V6,SE V6,15220b98b8b4443d,5x112,57.1,M14x1.50B,,,"[""8x18"",""8x20""]","[""245/60R18"",""255/50R20""]",tgp_solutions,unknown,"""2026-05-07T21:45:59.143Z"""
0c3740ca-8e1a-40ac-92f8-1acfb69ee3d4,2018,Volkswagen,Atlas,SEL 2.0T,SEL 2.0T,20328e8c9469b1f2,5x112,57.1,M14x1.50B,,,"[""8x18"",""8x20""]","[""245/60R18"",""255/50R20""]",tgp_solutions,unknown,"""2026-05-07T21:45:59.143Z"""
4260c146-363e-4151-8eaf-f41c9eab333e,2018,Volkswagen,Atlas,SEL Premium,SEL Premium,786c969a83010a7f,5x112,57.1,M14x1.50B,,,"[""8x20""]","[""255/50R20""]",tgp_solutions,unknown,"""2026-05-07T21:45:59.143Z"""
e1f535e5-82ff-4438-b445-7906ffca94d9,2018,Volkswagen,Atlas,SEL V6,SEL V6,2c898328b0c361a4,5x112,57.1,M14x1.50B,,,"[""8x18"",""8x20""]","[""245/60R18"",""255/50R20""]",tgp_solutions,unknown,"""2026-05-07T21:45:59.143Z"""
cfcefa62-4b71-41c8-a616-461d3b4153ab,2018,Volkswagen,Beetle,Coast,Coast,f595376b15b01bc2,5x112,57.1,M14x1.50B,42.00,42.00,"[""7x17""]","[""215/55R17""]",tgp_solutions,unknown,"""2026-05-07T21:45:59.143Z"""
f63ad35c-2d87-4a4b-9a20-e9b408677171,2018,Volkswagen,Beetle,Dune,Dune,b7e742999f30ec70,5x112,57.1,M14x1.50B,42.00,42.00,"[""8x18""]","[""235/45R18""]",tgp_solutions,unknown,"""2026-05-07T21:45:59.143Z"""
6ad2bec0-14fa-4d8b-a28f-d9922ca7fccc,2018,Volkswagen,Beetle,S,S,b5275468798b12ac,5x112,57.1,M14x1.50B,42.00,42.00,"[""6.5x16"",""7x17""]","[""215/55R17"",""215/60R16""]",tgp_solutions,unknown,"""2026-05-07T21:45:59.143Z"""
ae5c464c-2f05-4538-9375-ea80f7a15282,2018,Volkswagen,Beetle,SE,SE,a38b228279b68cde,5x112,57.1,M14x1.50B,42.00,42.00,"[""7x17"",""8x18""]","[""215/55R17"",""235/45R18""]",tgp_solutions,unknown,"""2026-05-07T21:45:59.143Z"""
b907a025-9d00-4b83-8f0f-1c6a40aaf6e2,2018,Volkswagen,GTI,Autobahn,Autobahn,c9177dc5cf6aa25d,5x112,57.1,M14x1.50B,45.00,45.00,"[""7.5x18""]","[""225/40R18""]",tgp_solutions,unknown,"""2026-05-07T21:45:59.143Z"""
490a8d30-97a4-4cd4-8b8f-a9ac079e8209,2018,Volkswagen,GTI,S,S,70de72b807d7cb35,5x112,57.1,M14x1.50B,45.00,45.00,"[""7.5x18""]","[""225/40R18""]",tgp_solutions,unknown,"""2026-05-07T21:45:59.143Z"""
61b67505-8f39-483a-aad1-5c8ec771a39f,2018,Volkswagen,GTI,SE,SE,cebb85fea2140594,5x112,57.1,M14x1.50B,45.00,45.00,"[""7.5x18""]","[""225/40R18""]",tgp_solutions,unknown,"""2026-05-07T21:45:59.143Z"""
1a6f1ca2-ed70-475f-a9a0-bbf91040a293,2018,Volkswagen,Golf,S,S,e2b7cf9533007992,5x112,57.1,M14x1.50B,45.00,45.00,"[""6x15""]","[""195/65R15""]",tgp_solutions,unknown,"""2026-05-07T21:45:59.143Z"""
8c31c0d2-cdb2-4d46-973f-a637ebc63035,2018,Volkswagen,Golf,SE,SE,59d4d0946ba1ff83,5x112,57.1,M14x1.50B,45.00,45.00,"[""6.5x16""]","[""205/55R16""]",tgp_solutions,unknown,"""2026-05-07T21:45:59.143Z"""
13e70695-c5f5-4cf0-9125-b45a58e0ef68,2018,Volkswagen,Golf Alltrack,S,S,14e889c103a2fd30,5x112,57.1,M14x1.50B,45.00,45.00,"[""7x17""]","[""205/55R17""]",tgp_solutions,unknown,"""2026-05-07T21:45:59.143Z"""
0e19ba4d-630f-40f1-a0d2-df379ff9acbf,2018,Volkswagen,Golf Alltrack,SE,SE,6bde1e4e13a991f8,5x112,57.1,M14x1.50B,45.00,45.00,"[""7x17""]","[""205/55R17""]",tgp_solutions,unknown,"""2026-05-07T21:45:59.143Z"""
0158d02c-cc80-4eb9-a172-6e5468e6e5cc,2018,Volkswagen,Golf Alltrack,SEL,SEL,eee2870aa001d4c3,5x112,57.1,M14x1.50B,45.00,45.00,"[""7.5x18""]","[""225/45R18""]",tgp_solutions,unknown,"""2026-05-07T21:45:59.143Z"""
5281351e-5fe9-4d6a-8c22-83c7e5451c17,2018,Volkswagen,Golf R,Base,Base,a9f261af0e128c42,5x112,57.1,M14x1.50B,45.00,45.00,"[""7.5x18"",""8x19""]","[""225/40R18"",""235/35R19""]",tgp_solutions,unknown,"""2026-05-07T21:45:59.143Z"""
f05dba59-c15e-4a33-a9a8-b95ecf3b0ba1,2018,Volkswagen,Golf SportWagen,S,S,a8fd59815314d2a9,5x112,57.1,M14x1.50B,45.00,45.00,"[""6x15""]","[""195/65R15""]",tgp_solutions,unknown,"""2026-05-07T21:45:59.143Z"""
dc6f55c7-246d-464e-a813-e942ca538dd3,2018,Volkswagen,Golf SportWagen,S 4Motion,S 4Motion,b150c942f30ba0c9,5x112,57.1,M14x1.50B,45.00,45.00,"[""6.5x16""]","[""205/55R16""]",tgp_solutions,unknown,"""2026-05-07T21:45:59.143Z"""
c5a2cf82-7531-4b65-af68-d9841d4ea800,2018,Volkswagen,Golf SportWagen,SE,SE,68562193c8b8b408,5x112,57.1,M14x1.50B,45.00,45.00,"[""6.5x16""]","[""205/55R16""]",tgp_solutions,unknown,"""2026-05-07T21:45:59.143Z"""
50558693-2ffb-4dd5-8327-5fda971486b4,2018,Volkswagen,Golf SportWagen,SEL,SEL,c721613fd5cda4ce,5x112,57.1,M14x1.50B,45.00,45.00,"[""7x17""]","[""225/45R17""]",tgp_solutions,unknown,"""2026-05-07T21:45:59.143Z"""
88e79e24-99cc-444b-bef8-a5dd86311e91,2018,Volkswagen,Jetta,GLI,GLI,e42222d74beb2d89,5x112,57.1,M14x1.50B,45.00,45.00,"[""7.5x18""]","[""225/40R18""]",tgp_solutions,unknown,"""2026-05-07T21:45:59.143Z"""
4608b2ea-eb19-47a8-800e-34ca56e83273,2018,Volkswagen,Jetta,S,S,d1a6da6090c0da84,5x112,57.1,M14x1.50B,45.00,45.00,"[""6.5x16""]","[""205/55R16""]",tgp_solutions,unknown,"""2026-05-07T21:45:59.143Z"""
6e8d08aa-79a0-4d85-b423-7345e3926685,2018,Volkswagen,Jetta,SE,SE,66274c37e21cb03f,5x112,57.1,M14x1.50B,45.00,45.00,"[""6.5x16""]","[""205/55R16""]",tgp_solutions,unknown,"""2026-05-07T21:45:59.143Z"""
fb4af2cb-7aa7-4840-928f-f2f965e1e481,2018,Volkswagen,Jetta,SE Sport,SE Sport,94e11e8328f736ed,5x112,57.1,M14x1.50B,45.00,45.00,"[""7x17""]","[""225/45R17""]",tgp_solutions,unknown,"""2026-05-07T21:45:59.143Z"""
ac2ae92e-e416-4958-aa8e-fc4272ca0d05,2018,Volkswagen,Jetta,SEL,SEL,91876ec59af243d9,5x112,57.1,M14x1.50B,45.00,45.00,"[""7x17""]","[""225/45R17""]",tgp_solutions,unknown,"""2026-05-07T21:45:59.143Z"""
7b5861e3-08b5-45f6-92b8-b43422e40e35,2018,Volkswagen,Jetta,Wolfsburg,Wolfsburg,1c17347c49ec6145,5x112,57.1,M14x1.50B,45.00,45.00,"[""6.5x16""]","[""205/55R16""]",tgp_solutions,unknown,"""2026-05-07T21:45:59.143Z"""
c3e7c187-90c1-4bf1-b2e1-44e14b3b0958,2018,Volkswagen,Passat,GT,GT,8d8913fd8572d600,5x112,57.1,M14x1.50B,42.00,42.00,"[""8x19""]","[""235/40R19""]",tgp_solutions,unknown,"""2026-05-07T21:45:59.143Z"""
6aa3244b-c555-4123-aeea-bf0912460a21,2018,Volkswagen,Passat,R-Line,R-Line,7a77bbc9be5904de,5x112,57.1,M14x1.50B,42.00,42.00,"[""8x19""]","[""235/40R19""]",tgp_solutions,unknown,"""2026-05-07T21:45:59.143Z"""
4e372d98-bb65-437d-812a-d76c33534780,2018,Volkswagen,Passat,S,S,1b04e47b2bbfb4c3,5x112,57.1,M14x1.50B,42.00,42.00,"[""6.5x16""]","[""215/60R16""]",tgp_solutions,unknown,"""2026-05-07T21:45:59.143Z"""
823ae864-0532-4f1f-b4cf-72db50123f90,2018,Volkswagen,Passat,SE,SE,363bbca4b72dab62,5x112,57.1,M14x1.50B,42.00,42.00,"[""7x17""]","[""215/55R17""]",tgp_solutions,unknown,"""2026-05-07T21:45:59.143Z"""
f7c65990-a974-4299-844a-920665770019,2018,Volkswagen,Passat,SE w/Technology Pkg.,SE w/Technology Pkg.,9118315930dc5d66,5x112,57.1,M14x1.50B,42.00,42.00,"[""8x18""]","[""235/45R18""]",tgp_solutions,unknown,"""2026-05-07T21:45:59.143Z"""
260edcf5-45fc-4109-88fa-2e879bc08686,2018,Volkswagen,Passat,SEL Premium,SEL Premium,21c8f70696b91746,5x112,57.1,M14x1.50B,42.00,42.00,"[""8x18""]","[""235/45R18""]",tgp_solutions,unknown,"""2026-05-07T21:45:59.143Z"""
815f9ec1-4aca-411c-9bda-cd9b3cfcd3fe,2018,Volkswagen,Tiguan,S,S,d6a9b09f26d083cd,5x112,57.1,M14x1.50B,40.00,40.00,"[""7x17""]","[""215/65R17""]",tgp_solutions,unknown,"""2026-05-07T21:45:59.143Z"""
986cb9b8-3b5d-4f7d-9c08-d8da34245977,2018,Volkswagen,Tiguan,S 4Motion,S 4Motion,59c8663aa60dd8f2,5x112,57.1,M14x1.50B,40.00,40.00,"[""7x17""]","[""215/65R17""]",tgp_solutions,unknown,"""2026-05-07T21:45:59.143Z"""
ada90a40-5622-4c68-baee-a8a25afaada4,2018,Volkswagen,Tiguan,SE,SE,24d625cd03546eee,5x112,57.1,M14x1.50B,40.00,40.00,"[""7x17""]","[""215/65R17""]",tgp_solutions,unknown,"""2026-05-07T21:45:59.143Z"""
8616412c-5e0e-414c-8b88-e42143f865c6,2018,Volkswagen,Tiguan,SE 4Motion,SE 4Motion,8f424d80b647518c,5x112,57.1,M14x1.50B,40.00,40.00,"[""7x17""]","[""215/65R17""]",tgp_solutions,unknown,"""2026-05-07T21:45:59.143Z"""
85196ade-cd93-4e6f-b21d-43d75bd641c7,2018,Volkswagen,Tiguan,SEL,SEL,ef52e1306493e5b5,5x112,57.1,M14x1.50B,43.00,43.00,"[""7x18""]","[""235/55R18""]",tgp_solutions,unknown,"""2026-05-07T21:45:59.143Z"""
cba61c3a-375c-460e-af44-2f96a2f45973,2018,Volkswagen,Tiguan,SEL 4Motion,SEL 4Motion,17c9a64c671df5de,5x112,57.1,M14x1.50B,43.00,43.00,"[""7x18""]","[""235/55R18""]",tgp_solutions,unknown,"""2026-05-07T21:45:59.143Z"""
dfbc34e1-9679-4f5c-981b-021044d089c8,2018,Volkswagen,Tiguan,SEL Premium,SEL Premium,866468d3ff8f58a6,5x112,57.1,M14x1.50B,43.00,43.00,"[""7x19""]","[""235/50R19""]",tgp_solutions,unknown,"""2026-05-07T21:45:59.143Z"""
02b8b400-8e4a-4491-a042-b55f79e5cae7,2018,Volkswagen,Tiguan,SEL Premium 4Motion,SEL Premium 4Motion,0857051a38f11fe9,5x112,57.1,M14x1.50B,43.00,43.00,"[""7x19""]","[""235/50R19""]",tgp_solutions,unknown,"""2026-05-07T21:45:59.143Z"""
e1904fc8-fbef-4c70-85fa-6d3cf4330e7e,2018,Volkswagen,Tiguan,SEL Premium R-Line,SEL Premium R-Line,5be0a5a8c42d78d4,5x112,57.1,M14x1.50B,43.00,43.00,"[""8.5x20""]","[""255/40R20""]",tgp_solutions,unknown,"""2026-05-07T21:45:59.143Z"""
a45fd3e5-47e3-4ee1-91a3-2f51830eaa02,2018,Volkswagen,Tiguan,SEL Premium R-Line 4Motion,SEL Premium R-Line 4Motion,d92e40b1c82a8615,5x112,57.1,M14x1.50B,43.00,43.00,"[""8.5x20""]","[""255/40R20""]",tgp_solutions,unknown,"""2026-05-07T21:45:59.143Z"""
0df1a372-7ff6-4852-81d4-13a86b65e882,2018,Volkswagen,Tiguan,SEL R-Line,SEL R-Line,42fd3a6d3af25d24,5x112,57.1,M14x1.50B,43.00,43.00,"[""8.5x19""]","[""255/45R19""]",tgp_solutions,unknown,"""2026-05-07T21:45:59.143Z"""
b8b04388-f4f0-4dad-815e-341c2b52906c,2018,Volkswagen,Tiguan,SEL R-Line 4Motion,SEL R-Line 4Motion,1f783e7bc0631137,5x112,57.1,M14x1.50B,43.00,43.00,"[""8.5x19""]","[""255/45R19""]",tgp_solutions,unknown,"""2026-05-07T21:45:59.143Z"""
81768fa7-833f-4b01-80e1-bacbfde55857,2018,Volkswagen,Tiguan Limited,4Motion,4Motion,eb824b5601857757,5x112,57.1,M14x1.50B,45.00,45.00,"[""6.5x16"",""7x17""]","[""215/65R16"",""235/55R17""]",tgp_solutions,unknown,"""2026-05-07T21:45:59.143Z"""
cbb045f3-d352-4dc6-bbf6-a74acad2af60,2018,Volkswagen,Tiguan Limited,Base,Base,cfb8a1bbd1be043a,5x112,57.1,M14x1.50B,45.00,45.00,"[""6.5x16"",""7x17""]","[""215/65R16"",""235/55R17""]",tgp_solutions,unknown,"""2026-05-07T21:45:59.143Z"""
76836298-4ac2-4683-99ed-09b820a39af5,2018,Volkswagen,e-Golf,SE,SE,a2149110de527245,5x112,57.1,M14x1.50B,46.00,46.00,"[""6.5x16""]","[""205/55R16""]",tgp_solutions,unknown,"""2026-05-07T21:45:59.143Z"""
788b5d54-1b94-4c9e-a042-25628e822927,2018,Volkswagen,e-Golf,SEL Premium,SEL Premium,0f20c6cbea5b296d,5x112,57.1,M14x1.50B,46.00,46.00,"[""6.5x16""]","[""205/55R16""]",tgp_solutions,unknown,"""2026-05-07T21:45:59.143Z"""
1cb21060-0431-422d-a47f-231a27e318b3,2018,Volvo,S60,Polestar,Polestar,a4f5224ad4cfb68e,5x108,63.4,M14x1.50,55.00,55.00,"[""8x20""]","[""245/35ZR20""]",tgp_solutions,unknown,"""2026-05-07T21:45:59.143Z"""
0d758d07-2a69-4570-8f23-8f5908d69b0c,2018,Volvo,S60,T5 Dynamic,T5 Dynamic,49163201c879e9ed,5x108,63.4,M14x1.50,50.00,50.00,"[""8x18"",""8x19""]","[""235/40R18"",""235/40R19""]",tgp_solutions,unknown,"""2026-05-07T21:45:59.143Z"""
dad554c3-4dcf-4f72-b8ce-d71cdc7943d7,2018,Volvo,S60,T5 Inscription,T5 Inscription,f41b401abcb138e8,5x108,63.4,M14x1.50,50.00,50.00,"[""8x18"",""8x19""]","[""235/40R18"",""235/40R19""]",tgp_solutions,unknown,"""2026-05-07T21:45:59.143Z"""
ef663605-92d4-4134-8da2-74603a29f858,2018,Volvo,S60,T5 Inscription Platinum,T5 Inscription Platinum,759b649dda0c08bb,5x108,63.4,M14x1.50,50.00,50.00,"[""8x18"",""8x19""]","[""235/40R18"",""235/40R19""]",tgp_solutions,unknown,"""2026-05-07T21:45:59.143Z"""
6a31e57b-1adb-4e3f-ac2a-967863d39c59,2018,Volvo,S60,T6 R-Design Platinum,T6 R-Design Platinum,6adcf10e1654dd02,5x108,63.4,M14x1.50,55.00,55.00,"[""8x19""]","[""235/40R19""]",tgp_solutions,unknown,"""2026-05-07T21:45:59.143Z"""
a627c3ba-b6e2-4b54-8545-40bb3e7d70c2,2018,Volvo,S60 Cross Country,T5,T5,b391ca674fc535e1,5x108,63.4,M14x1.50,55.00,55.00,"[""7.5x18"",""8x19""]","[""235/45R19"",""235/50R18""]",tgp_solutions,unknown,"""2026-05-07T21:45:59.143Z"""
e97c6b13-13f6-48e5-a124-7af3a695b857,2018,Volvo,S90,T5 Momentum,T5 Momentum,efe509e02b519368,5x108,63.4,M14x1.50,42.00,42.00,"[""8.5x19"",""8x18""]","[""245/45R18"",""255/40R19""]",tgp_solutions,unknown,"""2026-05-07T21:45:59.143Z"""
9756518b-1d7e-493d-9676-adb1fe2bb9a9,2018,Volvo,S90,T6 Inscription,T6 Inscription,118d5d56afcd858e,5x108,63.4,M14x1.50,47.00,47.00,"[""8.5x19"",""8.5x20""]","[""255/35R20"",""255/40R19""]",tgp_solutions,unknown,"""2026-05-07T21:45:59.143Z"""
d47ebb0f-cc4a-40db-87e6-2da2b39b0d64,2018,Volvo,S90,T6 Momentum,T6 Momentum,4e1f616c39c88a64,5x108,63.4,M14x1.50,42.00,42.00,"[""8.5x19"",""8x18""]","[""245/45R18"",""255/40R19""]",tgp_solutions,unknown,"""2026-05-07T21:45:59.143Z"""
a4136da2-cef6-45b2-b540-58a248de286d,2018,Volvo,S90,T8 Inscription,T8 Inscription,f9fa7a72fc1c2d89,5x108,63.4,M14x1.50,47.00,47.00,"[""8.5x19"",""8.5x20""]","[""255/35R20"",""255/40R19""]",tgp_solutions,unknown,"""2026-05-07T21:45:59.143Z"""
1b51dde6-78dd-43cd-a43d-780a5b5d7ea0,2018,Volvo,S90,T8 Momentum,T8 Momentum,901ef2790a23b121,5x108,63.4,M14x1.50,47.00,47.00,"[""8.5x19""]","[""255/40R19""]",tgp_solutions,unknown,"""2026-05-07T21:45:59.143Z"""
55f11578-8919-4ec8-9120-ac15113d9d70,2018,Volvo,V60,Polestar,Polestar,f192c6057e156c6e,5x108,63.4,M14x1.50,55.00,55.00,"[""8x20""]","[""245/35ZR20""]",tgp_solutions,unknown,"""2026-05-07T21:45:59.143Z"""
43075627-2c0b-48ee-af9c-6416f7113110,2018,Volvo,V60,T5 Dynamic,T5 Dynamic,36a515017329530b,5x108,63.4,M14x1.50,50.00,50.00,"[""8x18"",""8x19""]","[""235/40R18"",""235/40R19""]",tgp_solutions,unknown,"""2026-05-07T21:45:59.143Z"""
b0d266c1-d2bd-4389-b709-f2f948ca8613,2018,Volvo,V60,T6 R-Design Platinum,T6 R-Design Platinum,dd6868c4b7805ddd,5x108,63.4,M14x1.50,55.00,55.00,"[""8x19""]","[""235/40R19""]",tgp_solutions,unknown,"""2026-05-07T21:45:59.143Z"""
8cedca1e-3c79-4e14-b060-7d0dc3fd7903,2018,Volvo,V60 Cross Country,T5,T5,4dc751fcc25ff918,5x108,63.4,M14x1.50,55.00,55.00,"[""7.5x18"",""8x19""]","[""235/45R19"",""235/50R18""]",tgp_solutions,unknown,"""2026-05-07T21:45:59.143Z"""
c0523f08-fbc2-4591-aab8-d85a328defa4,2018,Volvo,V60 Cross Country,T5 Platinum,T5 Platinum,66bee699929cdee5,5x108,63.4,M14x1.50,55.00,55.00,"[""7.5x18"",""8x19""]","[""235/45R19"",""235/50R18""]",tgp_solutions,unknown,"""2026-05-07T21:45:59.143Z"""
a87fb899-cb03-4c2a-b7b5-a5f2182c30d8,2018,Volvo,V90,T5 Inscription,T5 Inscription,635c08663ef104ee,5x108,63.5,M14x1.50,47.50,47.50,"[""8.5x19"",""8.5x20""]","[""255/35R20"",""255/40R19""]",tgp_solutions,unknown,"""2026-05-07T21:45:59.143Z"""
cbd743a8-c007-40d6-beed-e704a53b6412,2018,Volvo,V90,T5 R-Design,T5 R-Design,a4bb9896793408a7,5x108,63.5,M14x1.50,47.50,47.50,"[""8.5x19"",""8.5x20""]","[""255/35R20"",""255/40R19""]",tgp_solutions,unknown,"""2026-05-07T21:45:59.143Z"""
a53feabb-a68b-49c8-8dde-3f6e9d700b3a,2018,Volvo,V90,T6 Inscription,T6 Inscription,5313b0716fcdb3a0,5x108,63.5,M14x1.50,47.50,47.50,"[""8.5x19"",""8.5x20""]","[""255/35R20"",""255/40R19""]",tgp_solutions,unknown,"""2026-05-07T21:45:59.143Z"""
c3ab3132-2249-4ab1-be8c-1199806617e9,2018,Volvo,V90,T6 R-Design,T6 R-Design,d6d080b6d3c6ff3d,5x108,63.5,M14x1.50,47.50,47.50,"[""8.5x19"",""8.5x20""]","[""255/35R20"",""255/40R19""]",tgp_solutions,unknown,"""2026-05-07T21:45:59.143Z"""
b6febab5-3098-4086-b0bb-11880833f5c3,2018,Volvo,V90 Cross Country,T5,T5,4a3071419eb3a8ba,5x108,63.5,M14x1.50,50.50,50.50,"[""7.5x18"",""7.5x19""]","[""235/50R19"",""235/55R18""]",tgp_solutions,unknown,"""2026-05-07T21:45:59.143Z"""
5a9b28e5-587e-456a-9a2c-c7ceae77be90,2018,Volvo,V90 Cross Country,T6,T6,b49ce80b49bd92ff,5x108,63.5,M14x1.50,50.50,50.50,"[""7.5x19"",""8x20""]","[""235/50R19"",""245/45R20""]",tgp_solutions,unknown,"""2026-05-07T21:45:59.143Z"""
b8544320-8e20-43d2-92a3-8e57d19023c0,2018,Volvo,V90 Cross Country,T6 Ocean Race,T6 Ocean Race,1a4619a942b4ad2a,5x108,63.5,M14x1.50,49.50,49.50,"[""8x20""]","[""245/45R20""]",tgp_solutions,unknown,"""2026-05-07T21:45:59.143Z"""
aa2a2810-3d48-4e22-bf0f-7da545d34e97,2018,Volvo,XC60,T5 Inscription,T5 Inscription,cd309549f812eb96,5x108,63.5,M14x1.50,50.50,50.50,"[""7.5x19"",""8x20""]","[""235/55R19"",""255/45R20""]",tgp_solutions,unknown,"""2026-05-07T21:45:59.143Z"""
357928d7-7d13-48ba-b767-928d2eea2fb2,2018,Volvo,XC60,T5 Momentum,T5 Momentum,237163d0fbc5a788,5x108,63.5,M14x1.50,50.50,50.50,"[""7.5x18"",""7.5x19"",""8x20""]","[""235/55R19"",""235/60R18"",""255/45R20""]",tgp_solutions,unknown,"""2026-05-07T21:45:59.143Z"""
1d14165f-aa83-428d-bb5b-11d0297a350b,2018,Volvo,XC60,T5 R-Design,T5 R-Design,a17f6017844e8ceb,5x108,63.5,M14x1.50,50.50,50.50,"[""7.5x19"",""8.5x21""]","[""235/55R19"",""255/40R21""]",tgp_solutions,unknown,"""2026-05-07T21:45:59.143Z"""
1cf6140a-a3e1-4aaf-b43f-e9e48e5ae9f8,2018,Volvo,XC60,T6 Inscription,T6 Inscription,90e1052b9a11f3a5,5x108,63.5,M14x1.50,52.50,52.50,"[""8x20""]","[""255/45R20""]",tgp_solutions,unknown,"""2026-05-07T21:45:59.143Z"""
0baead4c-e2ce-40a5-9cb3-588dac89ced9,2018,Volvo,XC60,T6 Momentum,T6 Momentum,4c942e21825c2e42,5x108,63.5,M14x1.50,50.50,50.50,"[""7.5x19"",""8x20""]","[""235/55R19"",""255/45R20""]",tgp_solutions,unknown,"""2026-05-07T21:45:59.143Z"""
80e209b8-6eed-4cc3-a1ab-dce1ba1e0fd6,2018,Volvo,XC60,T6 R-Design,T6 R-Design,63aa6cf42b3a85d9,5x108,63.5,M14x1.50,50.50,50.50,"[""7.5x19"",""8.5x21""]","[""235/55R19"",""255/40R21""]",tgp_solutions,unknown,"""2026-05-07T21:45:59.143Z"""
9754ab18-b47d-4297-8613-761657b8b346,2018,Volvo,XC60,T8 Inscription,T8 Inscription,e1302650e4128da3,5x108,63.5,M14x1.50,52.50,52.50,"[""8x20""]","[""255/45R20""]",tgp_solutions,unknown,"""2026-05-07T21:45:59.143Z"""
e6bc2724-8a97-4eec-9beb-fbc78bf9015c,2018,Volvo,XC60,T8 Momentum,T8 Momentum,993acda348d15229,5x108,63.5,M14x1.50,50.50,50.50,"[""7.5x19"",""8x20""]","[""235/55R19"",""255/45R20""]",tgp_solutions,unknown,"""2026-05-07T21:45:59.143Z"""
78131320-44c1-4b39-bc0f-55da345cc9a4,2018,Volvo,XC60,T8 R-Design,T8 R-Design,6ccabba8bf9608e4,5x108,63.5,M14x1.50,50.50,50.50,"[""7.5x19"",""8.5x21""]","[""235/55R19"",""255/40R21""]",tgp_solutions,unknown,"""2026-05-07T21:45:59.143Z"""
ff1d93e6-187d-45c1-8b90-0631f6297498,2018,Volvo,XC90,T5 Momentum,T5 Momentum,3de213f18a2a0274,5x108,63.4,M14x1.50,42.50,42.50,"[""8x18"",""8x19"",""9x20"",""9x22""]","[""235/55R19"",""235/60R18"",""275/35R22"",""275/45R20""]",tgp_solutions,unknown,"""2026-05-07T21:45:59.143Z"""
efaa85d6-997b-45f3-8a83-7dc9366064f7,2018,Volvo,XC90,T5 R-Design,T5 R-Design,37ac7713ff3d7d00,5x108,63.4,M14x1.50,38.50,38.50,"[""9x20"",""9x22""]","[""275/35R22"",""275/45R20""]",tgp_solutions,unknown,"""2026-05-07T21:45:59.143Z"""
063a096e-5ded-4058-98c5-8555a05b9d5a,2018,Volvo,XC90,T6 Inscription,T6 Inscription,c4bc1c51cbcd6f77,5x108,63.4,M14x1.50,38.50,38.50,"[""9x20"",""9x21"",""9x22""]","[""275/35R22"",""275/40R21"",""275/45R20""]",tgp_solutions,unknown,"""2026-05-07T21:45:59.143Z"""
d968010c-5782-43a3-bd01-60fef6e9d19a,2018,Volvo,XC90,T6 Momentum,T6 Momentum,a98e475ce2fbbfc4,5x108,63.4,M14x1.50,42.50,42.50,"[""8x19"",""9x20"",""9x21"",""9x22""]","[""235/55R19"",""275/35R22"",""275/40R21"",""275/45R20""]",tgp_solutions,unknown,"""2026-05-07T21:45:59.143Z"""
42b17a1e-ff9c-46f6-ac43-cec33aea5c81,2018,Volvo,XC90,T6 R-Design,T6 R-Design,683c74520be97a94,5x108,63.4,M14x1.50,38.50,38.50,"[""9x20"",""9x22""]","[""275/35R22"",""275/45R20""]",tgp_solutions,unknown,"""2026-05-07T21:45:59.143Z"""
fb30b04b-6831-4f5a-bc37-b41b4a5168ce,2018,Volvo,XC90,T8 Excellence,T8 Excellence,22c63f112d7a3725,5x108,63.4,M14x1.50,38.50,38.50,"[""9x21""]","[""275/40R21""]",tgp_solutions,unknown,"""2026-05-07T21:45:59.143Z"""
c847bb02-59ed-4df6-bf4f-48e0bfac58fd,2018,Volvo,XC90,T8 Inscription,T8 Inscription,932ee0fc83abc910,5x108,63.4,M14x1.50,38.50,38.50,"[""9x20"",""9x21"",""9x22""]","[""275/35R22"",""275/40R21"",""275/45R20""]",tgp_solutions,unknown,"""2026-05-07T21:45:59.143Z"""
ab9c9cec-871f-4fd8-a944-56f75410f78b,2018,Volvo,XC90,T8 Momentum,T8 Momentum,e027968523047d5f,5x108,63.4,M14x1.50,42.50,42.50,"[""8x19"",""9x21"",""9x22""]","[""235/55R19"",""275/35R22"",""275/40R21""]",tgp_solutions,unknown,"""2026-05-07T21:45:59.143Z"""
80c10395-b7ec-4afa-9799-9337380d76bc,2018,Volvo,XC90,T8 R-Design,T8 R-Design,2766488b30239cd0,5x108,63.4,M14x1.50,38.50,38.50,"[""9x20"",""9x22""]","[""275/35R22"",""275/45R20""]",tgp_solutions,unknown,"""2026-05-07T21:45:59.143Z"""