bp,make,model,years,yearFrom,yearTo,bolt,stud,bore,torqueMin,torqueMax,offset,reason
"3 X 100","Honda Sport","ATC110","1979-81","1979","1981","3 X 100","","","","","","make-not-in-db"
"3 X 100","Honda Sport","ATC185S","1981","1981","1981","3 X 100","","","","","","make-not-in-db"
"3 X 100","Honda Sport","ATC250R","1981","1981","1981","3 X 100","","","","","","make-not-in-db"
"3 X 100","Honda Sport","ATC70","1982-85","1982","1985","3 X 100","","","","","","make-not-in-db"
"3 X 100","Honda Sport","ATC90","1971-78","1971","1978","3 X 100","","","","","","make-not-in-db"
"3 X 100","Honda Sport","FL250 Odyssey","1977-80","1977","1980","3 X 100","","","","","","make-not-in-db"
"3 X 100","Honda Sport","FL250 Odyssey","1981","1981","1981","3 X 100","","","","","","make-not-in-db"
"3 X 100","Honda Sport","TRX70 Fourtrax","1986-87","1986","1987","3 X 100","","","","","","make-not-in-db"
"4 X 85","Honda Sport","TRX90","2006","2006","2006","4 X 85","","","","","","make-not-in-db"
"4 X 85","Honda Sport","TRX90 EX","2007-09","2007","2009","4 X 85","","","","","","make-not-in-db"
"4 X 85","Honda Sport","TRX90 Fourtrax","1993-09","1993","2009","4 X 85","","","","","","make-not-in-db"
"4 X 85","Honda Sport","TRX90 Sportrax","2002-05","2002","2005","4 X 85","","","","","","make-not-in-db"
"4 X 98","YUGO","2.2, 3.0 CL","1986-91","1986","1991","4 X 98","12 X 1.25","","75","85","","make-not-in-db"
"4 X 98","YUGO","GV","1986-91","1986","1991","4 X 98","12 X 1.25b","","75","85","","make-not-in-db"
"4 X 100","AMC EAGLE","ALLIANCE/ ENCORE","1988-92","1988","1992","4 X 100","12 X 1.5","","75","85","","make-not-in-db"
"4 X 100","AMC EAGLE","SUMMIT","1994-96","1994","1996","4 X 100","12 X 1.5","56.1","75","85","","make-not-in-db"
"4 X 100","AUDI","4000","1979-84","1979","1984","4 X 100","14 X 1.5b","57.1","85","95","","model-not-matched"
"4 X 100","AUDI","4000S","1976-84","1976","1984","4 X 100","12 X 1.5b","57.1","75","85","","model-not-matched"
"4 X 100","CHEVROLET","AVEO","2004-08","2004","2008","4 X 100","12 X 1.5","56.1","75","85","","model-not-matched"
"4 X 100","CHEVROLET","CHEVETTE","1975-86","1975","1986","4 X 100","12 X 1.5","57.1","75","85","","model-not-matched"
"4 X 100","CHEVROLET","COBALT","2005-08","2005","2008","4 X 100","12 X 1.5","57.1","75","85","","model-not-matched"
"4 X 100","CHEVROLET","NOVA/SPECTRUM","1986-89","1986","1989","4 X 100","12 X 1.5","54.1","75","85","","model-not-matched"
"4 X 100","CHEVROLET","PRIZM (GEO PRIZM)","1990-03","1990","2003","4 X 100","12 X 1.25","54.1","75","85","","model-not-matched"
"4 X 100","CHEVROLET/GMC","AVEO","2004 >","2004","2027","4 X 100","12 X 1.5","56.1","75","85","","make-not-in-db"
"4 X 100","CHEVROLET/GMC","CHEVETTE","1975-86","1975","1986","4 X 100","12 X 1.5","57.1","75","85","","make-not-in-db"
"4 X 100","CHEVROLET/GMC","NOVA/ SPECTRUM","1986-89","1986","1989","4 X 100","12 X 1.5","54.1","75","85","","make-not-in-db"
"4 X 100","CHEVROLET/GMC","PRIZM","1990 >","1990","2027","4 X 100","10 X 1.25","54.1","45","55","","make-not-in-db"
"4 X 100","CHRYSLER","LASER","1984-85","1984","1985","4 X 100","12 X 1.5","57.1","75","85","","model-not-matched"
"4 X 100","DAIHATSU","CHARADE","1987 >","1987","2027","4 X 100","12 X 1.5","","75","85","","make-not-in-db"
"4 X 100","DODGE","ARIES","1981-86","1981","1986","4 X 100","12 X 1.5","57.1","75","85","","model-not-matched"
"4 X 100","DODGE","DAYTONA","1982-84","1982","1984","4 X 100","12 X 1.5","57.1","75","85","","model-not-matched"
"4 X 100","DODGE","RAMPAGE","1978-85","1978","1985","4 X 100","12 X 1.5","57.1","75","85","","model-not-matched"
"4 X 100","FORD","ASPIRE","1994 >","1994","2027","4 X 100","12 X 1.5","54.1","75","85","","model-not-matched"
"4 X 100","FORD","ZX2","1997 >","1997","2027","4 X 100","12 X 1.5","54.1","75","85","","model-not-matched"
"4 X 100","FORD","ZX2","1997-03","1997","2003","4 X 100","12 X 1.5","54.1","75","85","","model-not-matched"
"4 X 100","HONDA","CRX","1980-91","1980","1991","4 X 100","12 X 1.5","56.1","75","85","","model-not-matched"
"4 X 100","ISUZU","I-MARK","1983-89","1983","1989","4 X 100","12 X 1.5","60.1","75","85","","model-not-matched"
"4 X 100","ISUZU","I-MARK TURBO","1987-89","1987","1989","4 X 100","12 X 1.5","60.1","75","85","","model-not-matched"
"4 X 100","ISUZU","IMPULSE","1983-92","1983","1992","4 X 100","12 X 1.5","60.1","75","85","","model-not-matched"
"4 X 100","ISUZU","STYLUS","1991 >","1991","2027","4 X 100","12 X 1.5","60.1","75","85","","model-not-matched"
"4 X 100","KIA","SEPHIA, SPECTRA","1994 >","1994","2027","4 X 100","12 X 1.5","56.1","75","85","","model-not-matched"
"4 X 100","KIA","SEPHIA, SPECTRA","1994-04","1994","2004","4 X 100","12 X 1.5","56.1","75","85","","model-not-matched"
"4 X 100","MAZDA","323","1990-94","1990","1994","4 X 100","12 X 1.5","54.1","75","85","","model-not-matched"
"4 X 100","MAZDA","323 9","1990-94","1990","1994","4 X 100","12 X 1.5","54.1","75","85","","model-not-matched"
"4 X 100","MAZDA","MX-3","1992-96","1992","1996","4 X 100","12 X 1.5","54.1","75","85","","model-not-matched"
"4 X 100","MAZDA","MX-3 GS","1992-96","1992","1996","4 X 100","12 X 1.5","54.1","75","85","","model-not-matched"
"4 X 100","MERCURY","TITAN","1988-90","1988","1990","4 X 100","12 X 1.5","54.1","75","85","","model-not-matched"
"4 X 100","MERCURY","TRACER","1991-96","1991","1996","4 X 100","12 X 1.5","54.1","75","85","","model-not-matched"
"4 X 100","MERCURY","TRACER","1991-99","1991","1999","4 X 100","12 X 1.5","54.1","75","85","","model-not-matched"
"4 X 100","NISSAN","200SX","1995-97","1995","1997","4 X 100","12 X 1.25","59.1","75","85","","model-not-matched"
"4 X 100","NISSAN","200SX SE-R","1995-97","1995","1997","4 X 100","12 X 1.25","59.1","75","85","","model-not-matched"
"4 X 100","NISSAN","NX 2000","1991-93","1991","1993","4 X 100","12 X 1.25","59.1","75","85","","model-not-matched"
"4 X 100","NISSAN","PULSAR, SE, XE","1987-90","1987","1990","4 X 100","12 X 1.25","59.1","75","85","","model-not-matched"
"4 X 100","Opel","GT","1968-79","1968","1979","4 X 100","","","","","","make-not-in-db"
"4 X 100","Opel","Kadet","1968-79","1968","1979","4 X 100","","","","","","make-not-in-db"
"4 X 100","Opel","Manta","1968-79","1968","1979","4 X 100","","","","","","make-not-in-db"
"4 X 100","PLYMOUTH","COLT","1986-93","1986","1993","4 X 100","12 X 1.5","57.1","75","85","","model-not-matched"
"4 X 100","PLYMOUTH","HORIZON, OMNI","1979-90","1979","1990","4 X 100","12 X 1.5","57.1","75","85","","model-not-matched"
"4 X 100","PLYMOUTH","HORIZON, OMNI","1979-90","1979","1990","4 X 100","12 X 1.5","57.1","75","85","","model-not-matched"
"4 X 100","PLYMOUTH","RELIANT","1981-85","1981","1985","4 X 100","12 X 1.5","57.1","75","85","","model-not-matched"
"4 X 100","PONTIAC","G5 BASE","2007-08","2007","2008","4 X 100","12 X 1.5","57.1","75","85","","model-not-matched"
"4 X 100","PONTIAC","LE MANS","1988-93","1988","1993","4 X 100","12 X 1.5","57.1","75","85","","model-not-matched"
"4 X 100","SCION","XA","2004-07","2004","2007","4 X 100","12 X 1.5","54.1","75","85","","model-not-matched"
"4 X 100","SUBARU","JUSTY","1987-94","1987","1994","4 X 100","12 X 1.25","56.1","75","85","","model-not-matched"
"4 X 100","TOYOTA","MR-2","1985-89","1985","1989","4 X 100","12 X 1.5","54.1","75","85","","model-not-matched"
"4 X 100","TOYOTA","MR-2 SPYDER","2000 >","2000","2027","4 X 100","12 X 1.5","54.1","75","85","","model-not-matched"
"4 X 100","TOYOTA","MR-2 SPYDER","2000-05","2000","2005","4 X 100","12 X 1.5","54.1","75","85","","model-not-matched"
"4 X 100","TOYOTA","PASEO","1992-96","1992","1996","4 X 100","12 X 1.5","54.1","75","85","","model-not-matched"
"4 X 100","VOLKSWAGEN","CORRADO","1989-92","1989","1992","4 X 100","12 X 1.5b","57.1","75","85","","model-not-matched"
"4 X 100","VOLKSWAGEN","CORRADO","1989-92","1989","1992","4 X 100","12 X 1.5b","57.1","75","85","","model-not-matched"
"4 X 100","VOLKSWAGEN","SCIROCCO 16 VALVE","1981-88","1981","1988","4 X 100","12 X 1.5b","57.1","75","85","","model-not-matched"
"4 X 100","VOLKSWAGEN","SCIROCCO 16 VALVE","1981-88","1981","1988","4 X 100","12 X 1.5b","57.1","75","85","","model-not-matched"
"4 X 4","Austin Healey","Sprite","1972-80","1972","1980","4 X 4","","","","","","make-not-in-db"
"4 X 4","Crosley","All Models","1939-52","1939","1952","4 X 4","","","","","","make-not-in-db"
"4 X 4","Jensen-Healy","All","1972-80","1972","1980","4 X 4","","","","","","make-not-in-db"
"4 X 4.25","ALFA ROMEO","SPIDER","1968 >","1968","2027","4 X 108","12 X 1.5","69.1","75","85","","make-not-in-db"
"4 X 4.25","AUDI","QUATTRO","1985-90","1985","1990","4 X 108","14 X 1.5b","57.1","85","95","","model-not-matched"
"4 X 4.25","FORD","EXP","1981-85","1981","1985","4 X 108","12 X 1.5","63.4","75","85","","model-not-matched"
"4 X 4.25","FORD","GRANADA, LTD II","1978-88","1978","1988","4 X 108","1/2-RH","63.4","75","85","","model-not-matched"
"4 X 4.25","FORD","GRANADA, LTD II,FAIRMONT,T-BIRD","1978-88","1978","1988","4 X 108","1/2-RH","63.4","75","85","","model-not-matched"
"4 X 4.25","FORD","T-BIRD","1981-88","1981","1988","4 X 108","1/2-RH","63.4","75","85","","model-not-matched"
"4 X 4.25","FORD","TEMPO","1983-94","1983","1994","4 X 108","12 X 1.5","63.4","75","85","","model-not-matched"
"4 X 4.25","FORD","VX3","1997-02","1997","2002","4 X 108","12 X 1.5","54.1","75","85","","model-not-matched"
"4 X 4.25","MERCURY","CAPRI","1974-86","1974","1986","4 X 108","1/2-RH","63.4","75","85","","model-not-matched"
"4 X 4.25","MERCURY","LN-7","1982-83","1982","1983","4 X 108","12 X 1.5","63.4","75","85","","model-not-matched"
"4 X 4.25","MERCURY","LYNX","1981-87","1981","1987","4 X 108","12 X 1.5","63.4","75","85","","model-not-matched"
"4 X 4.25","MERCURY","MERKUR XR-4TI","1985-89","1985","1989","4 X 108","12 X 1.5","63.4","75","85","","model-not-matched"
"4 X 4.25","MERCURY","MONARCH, MARQUIS,","1978-85","1978","1985","4 X 108","1/2-RH","","75","85","","model-not-matched"
"4 X 4.25","MERCURY","MONARCH, MARQUIS,ZEPHER","1978-85","1978","1985","4 X 108","1/2-RH","","75","85","","model-not-matched"
"4 X 4.25","MERCURY","MYSTIQUE","1995-00","1995","2000","4 X 108","12 X 1.5","63.4","75","85","","model-not-matched"
"4 X 4.25","MERCURY","MYSTIQUE","1995-96","1995","1996","4 X 108","12 X 1.5","63.4","75","85","","model-not-matched"
"4 X 4.25","MERCURY","MYSTIQUE","1995-96","1995","1996","4 X 108","12 X 1.5","63.4","75","85","","model-not-matched"
"4 X 4.25","MERCURY","TOPAZ","1983-85","1983","1985","4 X 108","12 X 1.5","63.4","75","85","","model-not-matched"
"4 X 4.25","MERCURY","TOPAZ","1986-94","1986","1994","4 X 108","12 X 1.5","63.4","75","85","","model-not-matched"
"4 X 4.25","MERCURY","TOPAZ","1992-94","1992","1994","4 X 108","12 X 1.5","63.4","75","85","","model-not-matched"
"4 X 4.25","MERCURY","ZEPHER","1978-85","1978","1985","4 X 108","1/2-RH","","75","85","","model-not-matched"
"4 X 4.25","PORSCHE","924","1977-86","1977","1986","4 X 108","12 X 1.5b","","75","85","","model-not-matched"
"4 X 4.25","Sunbeam","ALPINE","1965-70","1965","1970","4 X 4.25","","","","","","make-not-in-db"
"4 X 4.25","Sunbeam","ARROW","1965-70","1965","1970","4 X 4.25","","","","","","make-not-in-db"
"4 X 4.25","Sunbeam","TIGER","1965-70","1965","1970","4 X 4.25","","","","","","make-not-in-db"
"4 X 108","ALFA ROMEO","SPIDER","1968 >","1968","2027","4 X 108","12 X 1.5","69.1","75","85","","make-not-in-db"
"4 X 108","AUDI","QUATTRO","1985-90","1985","1990","4 X 108","14 X 1.5b","57.1","85","95","","model-not-matched"
"4 X 108","FORD","EXP","1981-85","1981","1985","4 X 108","12 X 1.5","63.4","75","85","","model-not-matched"
"4 X 108","FORD","GRANADA, LTD II","1978-88","1978","1988","4 X 108","1/2-RH","63.4","75","85","","model-not-matched"
"4 X 108","FORD","GRANADA, LTD II,FAIRMONT,T-BIRD","1978-88","1978","1988","4 X 108","1/2-RH","63.4","75","85","","model-not-matched"
"4 X 108","FORD","T-BIRD","1981-88","1981","1988","4 X 108","1/2-RH","63.4","75","85","","model-not-matched"
"4 X 108","FORD","TEMPO","1983-94","1983","1994","4 X 108","12 X 1.5","63.4","75","85","","model-not-matched"
"4 X 108","FORD","VX3","1997-02","1997","2002","4 X 108","12 X 1.5","54.1","75","85","","model-not-matched"
"4 X 108","MERCURY","CAPRI","1974-86","1974","1986","4 X 108","1/2-RH","63.4","75","85","","model-not-matched"
"4 X 108","MERCURY","LN-7","1982-83","1982","1983","4 X 108","12 X 1.5","63.4","75","85","","model-not-matched"
"4 X 108","MERCURY","LYNX","1981-87","1981","1987","4 X 108","12 X 1.5","63.4","75","85","","model-not-matched"
"4 X 108","MERCURY","MERKUR XR-4TI","1985-89","1985","1989","4 X 108","12 X 1.5","63.4","75","85","","model-not-matched"
"4 X 108","MERCURY","MONARCH, MARQUIS,","1978-85","1978","1985","4 X 108","1/2-RH","","75","85","","model-not-matched"
"4 X 108","MERCURY","MONARCH, MARQUIS,ZEPHER","1978-85","1978","1985","4 X 108","1/2-RH","","75","85","","model-not-matched"
"4 X 108","MERCURY","MYSTIQUE","1995-00","1995","2000","4 X 108","12 X 1.5","63.4","75","85","","model-not-matched"
"4 X 108","MERCURY","MYSTIQUE","1995-96","1995","1996","4 X 108","12 X 1.5","63.4","75","85","","model-not-matched"
"4 X 108","MERCURY","MYSTIQUE","1995-96","1995","1996","4 X 108","12 X 1.5","63.4","75","85","","model-not-matched"
"4 X 108","MERCURY","TOPAZ","1983-85","1983","1985","4 X 108","12 X 1.5","63.4","75","85","","model-not-matched"
"4 X 108","MERCURY","TOPAZ","1986-94","1986","1994","4 X 108","12 X 1.5","63.4","75","85","","model-not-matched"
"4 X 108","MERCURY","TOPAZ","1992-94","1992","1994","4 X 108","12 X 1.5","63.4","75","85","","model-not-matched"
"4 X 108","MERCURY","ZEPHER","1978-85","1978","1985","4 X 108","1/2-RH","","75","85","","model-not-matched"
"4 X 108","PORSCHE","924","1977-86","1977","1986","4 X 108","12 X 1.5b","","75","85","","model-not-matched"
"4 X 108","Sunbeam","ALPINE","1965-70","1965","1970","4 X 4.25","","","","","","make-not-in-db"
"4 X 108","Sunbeam","ARROW","1965-70","1965","1970","4 X 4.25","","","","","","make-not-in-db"
"4 X 108","Sunbeam","TIGER","1965-70","1965","1970","4 X 4.25","","","","","","make-not-in-db"
"4 X 110","Can-AM Bombardier","250 DS","2007-09","2007","2009","4 X 110","","","","","","make-not-in-db"
"4 X 110","Can-AM Bombardier","DS450 X","2008-09","2008","2009","4 X 110","","","","","","make-not-in-db"
"4 X 110","Can-AM Bombardier","DS650","2000-02","2000","2002","4 X 110","","","","","","make-not-in-db"
"4 X 110","Can-AM Bombardier","Quest 500","2002-04","2002","2004","4 X 110","","","","","","make-not-in-db"
"4 X 110","Can-AM Bombardier","Quest 650/XT","2002-03","2002","2003","4 X 110","","","","","","make-not-in-db"
"4 X 110","Can-AM Bombardier","Quest 650/XT","2004","2004","2004","4 X 110","","","","","","make-not-in-db"
"4 X 110","Can-AM Bombardier","Quest Max 650","2004","2004","2004","4 X 110","","","","","","make-not-in-db"
"4 X 110","Can-AM Bombardier","Traxter 500 4x4","1999-02","1999","2002","4 X 110","","","","","","make-not-in-db"
"4 X 110","Can-AM Bombardier","Traxter 500 4x4","2003-05","2003","2005","4 X 110","","","","","","make-not-in-db"
"4 X 110","Can-AM Bombardier","Traxter 500 CVT","2005","2005","2005","4 X 110","","","","","","make-not-in-db"
"4 X 110","Can-AM Bombardier","Traxter 500 Max","2003-05","2003","2005","4 X 110","","","","","","make-not-in-db"
"4 X 110","Can-AM Bombardier","Traxter 500 XL","2001-03","2001","2003","4 X 110","","","","","","make-not-in-db"
"4 X 110","Can-AM Bombardier","Traxter 500 XL","2004-05","2004","2005","4 X 110","","","","","","make-not-in-db"
"4 X 110","Can-AM Bombardier","Traxter 500 XT","2001-05","2001","2005","4 X 110","","","","","","make-not-in-db"
"4 X 110","Can-AM Bombardier","Traxter 650 Max/ Max XT","2005","2005","2005","4 X 110","","","","","","make-not-in-db"
"4 X 110","Can-AM Bombardier","Traxter 650/XT","2005","2005","2005","4 X 110","","","","","","make-not-in-db"
"4 X 110","Honda Sport","ATC200X","1983-85","1983","1985","4 X 110","","","","","","make-not-in-db"
"4 X 110","Honda Sport","ATC200X","1986-87","1986","1987","4 X 110","","","","","","make-not-in-db"
"4 X 110","Honda Sport","ATC250ES Big Red","1985-87","1985","1987","4 X 110","","","","","","make-not-in-db"
"4 X 110","Honda Sport","ATC250R","1983","1983","1983","4 X 110","","","","","","make-not-in-db"
"4 X 110","Honda Sport","ATC250R","1984","1984","1984","4 X 110","","","","","","make-not-in-db"
"4 X 110","Honda Sport","ATC250R","1985-86","1985","1986","4 X 110","","","","","","make-not-in-db"
"4 X 110","Honda Sport","ATC250SX","1985-87","1985","1987","4 X 110","","","","","","make-not-in-db"
"4 X 110","Honda Sport","ATC70","1982-85","1982","1985","4 X 110","","","","","","make-not-in-db"
"4 X 110","Honda Sport","BIG RED MUV 4wd","2009","2009","2009","4 X 110","","","","","","make-not-in-db"
"4 X 110","Honda Sport","FL350R Odyssey","1985","1985","1985","4 X 110","","","","","","make-not-in-db"
"4 X 110","Honda Sport","TRX 200 Fourtrax 200","1990-91","1990","1991","4 X 110","","","","","","make-not-in-db"
"4 X 110","Honda Sport","TRX200SX Fourtrax","1986-88","1986","1988","4 X 110","","","","","","make-not-in-db"
"4 X 110","Honda Sport","TRX250 Fourtrax 250","1985-87","1985","1987","4 X 110","","","","","","make-not-in-db"
"4 X 110","Honda Sport","TRX250 Recon/ES","1997-09","1997","2009","4 X 110","","","","","","make-not-in-db"
"4 X 110","Honda Sport","TRX250EX","2001-09","2001","2009","4 X 110","","","","","","make-not-in-db"
"4 X 110","Honda Sport","TRX250R","1986-89","1986","1989","4 X 110","","","","","","make-not-in-db"
"4 X 110","Honda Sport","TRX250R Fourtrax","1988-89","1988","1989","4 X 110","","","","","","make-not-in-db"
"4 X 110","Honda Sport","TRX300 Fourtrax","1988-91","1988","1991","4 X 110","","","","","","make-not-in-db"
"4 X 110","Honda Sport","TRX300 Fourtrax","1992-00","1992","2000","4 X 110","","","","","","make-not-in-db"
"4 X 110","Honda Sport","TRX300EX Fourtrax","1993-00","1993","2000","4 X 110","","","","","","make-not-in-db"
"4 X 110","Honda Sport","TRX300EX Sportrax","2001-09","2001","2009","4 X 110","","","","","","make-not-in-db"
"4 X 110","Honda Sport","TRX300FW 4x4","1988","1988","1988","4 X 110","","","","","","make-not-in-db"
"4 X 110","Honda Sport","TRX350 4x4","1986-89","1986","1989","4 X 110","","","","","","make-not-in-db"
"4 X 110","Honda Sport","TRX350 Rancher S/ES 2x4","2000-09","2000","2009","4 X 110","","","","","","make-not-in-db"
"4 X 110","Honda Sport","TRX350 Rancher S/ES 4x4","2000-09","2000","2009","4 X 110","","","","","","make-not-in-db"
"4 X 110","Honda Sport","TRX350FM","2000-02","2000","2002","4 X 110","","","","","","make-not-in-db"
"4 X 110","Honda Sport","TRX350TE/TM Rancher","2000-02","2000","2002","4 X 110","","","","","","make-not-in-db"
"4 X 110","Honda Sport","TRX400 Rancher/GPScape","2004-07","2004","2007","4 X 110","","","","","","make-not-in-db"
"4 X 110","Honda Sport","TRX400EX","2006-09","2006","2009","4 X 110","","","","","","make-not-in-db"
"4 X 110","Honda Sport","TRX400FA Fourtrax Rancher AT","2004-07","2004","2007","4 X 110","","","","","","make-not-in-db"
"4 X 110","Honda Sport","TRX400FW Foreman 4x4","1995-03","1995","2003","4 X 110","","","","","","make-not-in-db"
"4 X 110","Honda Sport","TRX420 TM/TE Fourtrax Rancher S/ES","2007-09","2007","2009","4 X 110","","","","","","make-not-in-db"
"4 X 110","Honda Sport","TRX420FM/FE Fourtrax Rancher 4x4 S/ES","2007-09","2007","2009","4 X 110","","","","","","make-not-in-db"
"4 X 110","Honda Sport","TRX450ER, TRX450R Kick Start","2004-05","2004","2005","4 X 110","","","","","","make-not-in-db"
"4 X 110","Honda Sport","TRX450ER, TRX450R, Electric Start","2008-09","2008","2009","4 X 110","","","","","","make-not-in-db"
"4 X 110","Honda Sport","TRX450ER, TRX450R, Kick Start","2006-07","2006","2007","4 X 110","","","","","","make-not-in-db"
"4 X 110","Honda Sport","TRX450ER, TRX450R, Kick Start","2008-09","2008","2009","4 X 110","","","","","","make-not-in-db"
"4 X 110","Honda Sport","TRX450ER. TRX450R, Electric Start","2006-07","2006","2007","4 X 110","","","","","","make-not-in-db"
"4 X 110","Honda Sport","TRX450FM/FE Fourtrax Foreman S/ES","2002-04","2002","2004","4 X 110","","","","","","make-not-in-db"
"4 X 110","Honda Sport","TRX450S/ES Fourtrax Foreman S/ES","1998-01","1998","2001","4 X 110","","","","","","make-not-in-db"
"4 X 110","Honda Sport","TRX500 Rubicon/GPScape","2001-09","2001","2009","4 X 110","","","","","","make-not-in-db"
"4 X 110","Honda Sport","TRX500FE Fourtrax Foreman 4x4 ES","2005-09","2005","2009","4 X 110","","","","","","make-not-in-db"
"4 X 110","Honda Sport","TRX500FGA Fourtrax Rubicon GPScape","2004-09","2004","2009","4 X 110","","","","","","make-not-in-db"
"4 X 110","Honda Sport","TRX500FM Fourtrax Foreman 4x4","2005-09","2005","2009","4 X 110","","","","","","make-not-in-db"
"4 X 110","Honda Sport","TRX500FPE Fourtrax Foreman 4x4 ES","2007-09","2007","2009","4 X 110","","","","","","make-not-in-db"
"4 X 110","Honda Sport","TRX500FPM Fourtrax Foreman 4x4","2008-09","2008","2009","4 X 110","","","","","","make-not-in-db"
"4 X 110","Honda Sport","TRX500TM Fourtrax Foreman 2x4","2005-06","2005","2006","4 X 110","","","","","","make-not-in-db"
"4 X 110","Honda Sport","TRX650FA Rincon GPScape","2003-05","2003","2005","4 X 110","","","","","","make-not-in-db"
"4 X 110","Honda Sport","TRX650FGA Fourtrax Rincon","2004-05","2004","2005","4 X 110","","","","","","make-not-in-db"
"4 X 110","Honda Sport","TRX680FA Fourtrax Rincon","2006-09","2006","2009","4 X 110","","","","","","make-not-in-db"
"4 X 110","Honda Sport","TRX680FGA Rincon/GPScape","2006-09","2006","2009","4 X 110","","","","","","make-not-in-db"
"4 X 110","Honda Sport","TRX70 Fourtrax","1986-87","1986","1987","4 X 110","","","","","","make-not-in-db"
"4 X 110","MAZDA","RX7 GS SPORT","1979-85","1979","1985","4 X 110","12 X 1.5","","75","85","","model-not-matched"
"4 X 110","MAZDA","RX7 GS, SPORT1","1979-85","1979","1985","4 X 110","12 X 1.5","","75","85","","model-not-matched"
"4 X 4.5","ACURA","2.5TL","1995 >","1995","2027","4 X 4.5","12 X 1.5","64.1","75","85","","model-not-matched"
"4 X 4.5","ACURA","TC 2.5","1992-95","1992","1995","4 X 4.5","12 X 1.5","64.1","75","85","","model-not-matched"
"4 X 4.5","ACURA","VIGOR","1991-93","1991","1993","4 X 4.5","12 X 1.5","64.1","75","85","","model-not-matched"
"4 X 4.5","ACURA","VIGOR","1992-94","1992","1994","4 X 4.5","12 X 1.5","64.1","75","85","","model-not-matched"
"4 X 4.5","AMC EAGLE","SUMMIT","1989-93","1989","1993","4 X 4.5","12 X 1.5","","75","85","","make-not-in-db"
"4 X 4.5","CHEVROLET","CHEVY II 100","1962","1962","1962","4 X 4.5","","","","","","model-not-matched"
"4 X 4.5","CHEVROLET","CHEVY II 100","1962","1962","1962","4 X 4.5","","","","","","model-not-matched"
"4 X 4.5","CHEVROLET","CHEVY II 100","1963","1963","1963","4 X 4.5","","","","","","model-not-matched"
"4 X 4.5","CHEVROLET","CHEVY II 100","1963","1963","1963","4 X 4.5","","","","","","model-not-matched"
"4 X 4.5","CHEVROLET","CHEVY II 100","1964","1964","1964","4 X 4.5","","","","","","model-not-matched"
"4 X 4.5","CHEVROLET","CHEVY II 100","1964","1964","1964","4 X 4.5","","","","","","model-not-matched"
"4 X 4.5","CHEVROLET","CHEVY II 300","1962","1962","1962","4 X 4.5","","","","","","model-not-matched"
"4 X 4.5","CHEVROLET","CHEVY II 300","1962","1962","1962","4 X 4.5","","","","","","model-not-matched"
"4 X 4.5","CHEVROLET","CHEVY II 300","1963","1963","1963","4 X 4.5","","","","","","model-not-matched"
"4 X 4.5","CHEVROLET","CHEVY II 300","1963","1963","1963","4 X 4.5","","","","","","model-not-matched"
"4 X 4.5","CHEVROLET","CHEVY II NOVA 400","1962","1962","1962","4 X 4.5","","","","","","model-not-matched"
"4 X 4.5","CHEVROLET","CHEVY II NOVA 400","1962","1962","1962","4 X 4.5","","","","","","model-not-matched"
"4 X 4.5","CHEVROLET","CHEVY II NOVA 400","1963","1963","1963","4 X 4.5","","","","","","model-not-matched"
"4 X 4.5","CHEVROLET","CHEVY II NOVA 400","1963","1963","1963","4 X 4.5","","","","","","model-not-matched"
"4 X 4.5","CHEVROLET","CHEVY II NOVA 400","1964","1964","1964","4 X 4.5","","","","","","model-not-matched"
"4 X 4.5","CHEVROLET","CHEVY II NOVA 400","1964","1964","1964","4 X 4.5","","","","","","model-not-matched"
"4 X 4.5","CHEVROLET","CHEVY II NOVA SS","1964","1964","1964","4 X 4.5","","","","","","model-not-matched"
"4 X 4.5","CHEVROLET","SPRINT","1988-89","1988","1989","4 X 4.5","10 X 1.25","59.6","45","55","","model-not-matched"
"4 X 4.5","CHEVROLET/GMC","SPRINT","1988-89","1988","1989","4 X 4.5","10 X 1.25","59.6","45","55","","make-not-in-db"
"4 X 4.5","DODGE","COLT3","1979-92","1979","1992","4 X 4.5","12 X 1.5","57.1","75","85","","model-not-matched"
"4 X 4.5","FORD","FESTIVA","1987-93","1987","1993","4 X 4.5","12 X 1.5","","75","85","","model-not-matched"
"4 X 4.5","FORD","MID-SIZE 4LUG FAIRLANE, FALCON","1964-74","1964","1974","4 X 4.5","1/2-RH","","75","85","","model-not-matched"
"4 X 4.5","HONDA","CTX","1988-95","1988","1995","4 X 4.5","12 X 1.5","64.1","75","85","","model-not-matched"
"4 X 4.5","HONDA","EV MINI VAN","1997 >","1997","2027","4 X 4.5","12 X 1.5","64.1","75","85","","model-not-matched"
"4 X 4.5","HYUNDAI","ACCENT3","1995-99","1995","1999","4 X 4.5","12 X 1.5","67.1","75","85","","model-not-matched"
"4 X 4.5","HYUNDAI","EXCEL","1986-94","1986","1994","4 X 4.5","12 X 1.5","67.1","75","85","","model-not-matched"
"4 X 4.5","HYUNDAI","EXCEL3","1986-94","1986","1994","4 X 4.5","12 X 1.5","67.1","75","85","","model-not-matched"
"4 X 4.5","HYUNDAI","SCOUPE, LS","1990 >","1990","2027","4 X 4.5","12 X 1.5","67.1","75","85","","model-not-matched"
"4 X 4.5","HYUNDAI","XC250","1997-99","1997","1999","4 X 4.5","12 X 1.5","67.1","75","85","","model-not-matched"
"4 X 4.5","INFINITI","M30","1990-92","1990","1992","4 X 4.5","12 X 1.25","66.1","75","85","","model-not-matched"
"4 X 4.5","KIA","IMAGE","2001-03","2001","2003","4 X 4.5","12 X 1.5","67.1","75","85","","model-not-matched"
"4 X 4.5","KIA","SPECTRA EX, SX, SPECTRA 5","2005-08","2005","2008","4 X 4.5","12 X 1.5","67.1","75","85","","model-not-matched"
"4 X 4.5","MAZDA","323","1986-89","1986","1989","4 X 4.5","12 X 1.5","59.6","75","85","","model-not-matched"
"4 X 4.5","MAZDA","323 9","1986-89","1986","1989","4 X 4.5","12 X 1.5","59.6","75","85","","model-not-matched"
"4 X 4.5","MAZDA","GLC","1982-85","1982","1985","4 X 4.5","12 X 1.5","59.6","75","85","","model-not-matched"
"4 X 4.5","MAZDA","RX7 GSL/SE","1984-88","1984","1988","4 X 4.5","12 X 1.5","59.6","75","85","","model-not-matched"
"4 X 4.5","MERCURY","CAPRI","1991-94","1991","1994","4 X 4.5","12 X 1.5","59.6","75","85","","model-not-matched"
"4 X 4.5","MERCURY","TRACER","1988-90","1988","1990","4 X 4.5","12 X 1.5","59.6","75","85","","model-not-matched"
"4 X 4.5","MITSUBISHI","CORDIA, TREDIA","1983-88","1983","1988","4 X 4.5","12 X 1.5","67.1","75","85","","model-not-matched"
"4 X 4.5","MITSUBISHI","CORDIA, TREDIA","1983-88","1983","1988","4 X 4.5","12 X 1.5","67.1","75","85","","model-not-matched"
"4 X 4.5","MITSUBISHI","CORDIA, TREDIA","1986-88","1986","1988","4 X 4.5","12 X 1.5","67.1","75","85","","model-not-matched"
"4 X 4.5","MITSUBISHI","CORDIA, TREDIA","1986-88","1986","1988","4 X 4.5","12 X 1.5","67.1","75","85","","model-not-matched"
"4 X 4.5","MITSUBISHI","EXPO","1991-95","1991","1995","4 X 4.5","12 X 1.5","67.1","75","85","","model-not-matched"
"4 X 4.5","MITSUBISHI","PRECIS","1983-93","1983","1993","4 X 4.5","12 X 1.5","67.1","75","85","","model-not-matched"
"4 X 4.5","MITSUBISHI","PRECIS 3","1983-93","1983","1993","4 X 4.5","12 X 1.5","67.1","75","85","","model-not-matched"
"4 X 4.5","MITSUBISHI","STARION","1983-87","1983","1987","4 X 4.5","12 X 1.5","67.1","75","85","","model-not-matched"
"4 X 4.5","NISSAN","200SX & TURBO","1984-88","1984","1988","4 X 4.5","12 X 1.25","66.1","75","85","","model-not-matched"
"4 X 4.5","NISSAN","240Z, 260Z, 280Z","1970-85","1970","1985","4 X 4.5","12 X 1.25","66.1","75","85","","model-not-matched"
"4 X 4.5","NISSAN","AXXESS","1990 >","1990","2027","4 X 4.5","12 X 1.25","66.1","75","85","","model-not-matched"
"4 X 4.5","NISSAN","STANZA","1979-83","1979","1983","4 X 4.5","12 X 1.25","66.1","75","85","","model-not-matched"
"4 X 4.5","NISSAN","STANZA","1987-92","1987","1992","4 X 4.5","12 X 1.25","66.1","75","85","","model-not-matched"
"4 X 4.5","NISSAN","STANZA 87-92","1987-92","1987","1992","4 X 4.5","12 X 1.25","66.1","75","85","","model-not-matched"
"4 X 4.5","PLYMOUTH","VISTA","1985-94","1985","1994","4 X 4.5","12 X 1.5","67.1","75","85","","model-not-matched"
"4 X 4.5","STERLING","825, 827","1987-91","1987","1991","4 X 4.5","12 X 1.5","64.1","75","85","","make-not-in-db"
"4 X 4.5","TOYOTA","CRESSIDA","1985-88","1985","1988","4 X 4.5","12 X 1.5","60.1","75","85","","model-not-matched"
"4 X 4.5","TOYOTA","VAN WAGON 2WD","1984-90","1984","1990","4 X 4.5","12 X 1.5","","75","85","","model-not-matched"
"4 X 4.5","VOLVO","40 SERIES","1998-03","1998","2003","4 X 4.5","12 X 1.5b","67","75","85","","model-not-matched"
"4 X 4.5","VOLVO","40 SERIES","2004 >","2004","2027","4 X 4.5","12 X 1.5b","67","75","85","","model-not-matched"
"4 X 130","Honda Sport","ATC110","1982-83","1982","1983","4 X 130","","","","","","make-not-in-db"
"4 X 130","Honda Sport","ATC110","1984-85","1984","1985","4 X 130","","","","","","make-not-in-db"
"4 X 130","Honda Sport","ATC125M","1984-85","1984","1985","4 X 130","","","","","","make-not-in-db"
"4 X 130","Honda Sport","ATC125M","1986-87","1986","1987","4 X 130","","","","","","make-not-in-db"
"4 X 130","Honda Sport","ATC185","1980","1980","1980","4 X 130","","","","","","make-not-in-db"
"4 X 130","Honda Sport","ATC185S","1982-83","1982","1983","4 X 130","","","","","","make-not-in-db"
"4 X 130","Honda Sport","ATC200S","1984-86","1984","1986","4 X 130","","","","","","make-not-in-db"
"4 X 130","Honda Sport","ATC250R","1982","1982","1982","4 X 130","","","","","","make-not-in-db"
"4 X 130","Honda Sport","FL250 Odyssey","1982-84","1982","1984","4 X 130","","","","","","make-not-in-db"
"4 X 130","Porsche","914","1971-82","1971","1982","4 X 130","","","","","","model-not-matched"
"4 X 130","VOLKSWAGEN","Karmann Ghia","1967-1974","1967","1974","4 X 130","12 X 1.5","","75","85","","model-not-matched"
"4 X 130","VOLKSWAGEN","SUPER BEETLE","1971-1979","1971","1979","4 X 130","12 X 1.5","","75","85","","model-not-matched"
"4 X 137","Can-AM Bombardier","330 H.O. 2x4/4x4 Outlander","2004-05","2004","2005","4 X 137","","","","","","make-not-in-db"
"4 X 137","Can-AM Bombardier","400 H.O. 2x4 Outlander","2004-05","2004","2005","4 X 137","","","","","","make-not-in-db"
"4 X 137","Can-AM Bombardier","400 H.O. 4x4","2003-05","2003","2005","4 X 137","","","","","","make-not-in-db"
"4 X 137","Can-AM Bombardier","400 H.O. 4x4","2006","2006","2006","4 X 137","","","","","","make-not-in-db"
"4 X 137","Can-AM Bombardier","400 H.O. 4x4/4x4 XT Max","2004-06","2004","2006","4 X 137","","","","","","make-not-in-db"
"4 X 137","Can-AM Bombardier","400 Outlander HO Max 4x4","2004-06","2004","2006","4 X 137","","","","","","make-not-in-db"
"4 X 137","Can-AM Bombardier","400 Outlander HO Max 4x4","2007-08","2007","2008","4 X 137","","","","","","make-not-in-db"
"4 X 137","Can-AM Bombardier","400 Outlander HO/XT","2007-08","2007","2008","4 X 137","","","","","","make-not-in-db"
"4 X 137","Can-AM Bombardier","500 Outlander HO EFI XT, Max XT","2007-09","2007","2009","4 X 137","","","","","","make-not-in-db"
"4 X 137","Can-AM Bombardier","500 Outlander HO EFI/Max","2007-09","2007","2009","4 X 137","","","","","","make-not-in-db"
"4 X 137","Can-AM Bombardier","650 HO EFI 4x4/XT","2007-08","2007","2008","4 X 137","","","","","","make-not-in-db"
"4 X 137","Can-AM Bombardier","650 Outlander HO Max 4x4","2007-08","2007","2008","4 X 137","","","","","","make-not-in-db"
"4 X 137","Can-AM Bombardier","650 Outlander HO Max/EFI","2007-08","2007","2008","4 X 137","","","","","","make-not-in-db"
"4 X 137","Can-AM Bombardier","800 Outlander HO EFI/XT","2007-08","2007","2008","4 X 137","","","","","","make-not-in-db"
"4 X 137","Can-AM Bombardier","800 Outlander HO Max All","2007-08","2007","2008","4 X 137","","","","","","make-not-in-db"
"4 X 137","Can-AM Bombardier","800 Renegade","2007-09","2007","2009","4 X 137","","","","","","make-not-in-db"
"4 X 137","Can-AM Bombardier","Outlander 650 H.O. EFI/XT/Max","2006","2006","2006","4 X 137","","","","","","make-not-in-db"
"4 X 137","Can-AM Bombardier","Outlander 800 H.O. EFI","2006","2006","2006","4 X 137","","","","","","make-not-in-db"
"4 X 140","SUBARU","LOYALE","1990-93","1990","1993","4 X 140","12 X 1.25","93","75","85","","model-not-matched"
"4 X 140","SUBARU","LOYALE 4WD","1991-94","1991","1994","4 X 140","12 X 1.25","93","75","85","","model-not-matched"
"4 X 143","Can-AM Bombardier","650X DS","2007","2007","2007","4 X 143","","","","","","make-not-in-db"
"4 X 144","Can-AM Bombardier","DS450 X","2008-09","2008","2009","4 X 144","","","","","","make-not-in-db"
"4 X 144","Can-AM Bombardier","DS650","2000-02","2000","2002","4 X 144","","","","","","make-not-in-db"
"4 X 144","Honda Sport","TRX250EX","2001-09","2001","2009","4 X 144","","","","","","make-not-in-db"
"4 X 144","Honda Sport","TRX250R","1986-89","1986","1989","4 X 144","","","","","","make-not-in-db"
"4 X 144","Honda Sport","TRX250R Fourtrax","1988-89","1988","1989","4 X 144","","","","","","make-not-in-db"
"4 X 144","Honda Sport","TRX300EX Fourtrax","1993-00","1993","2000","4 X 144","","","","","","make-not-in-db"
"4 X 144","Honda Sport","TRX300EX Sportrax","2001-09","2001","2009","4 X 144","","","","","","make-not-in-db"
"4 X 144","Honda Sport","TRX400EX","2006-09","2006","2009","4 X 144","","","","","","make-not-in-db"
"4 X 144","Honda Sport","TRX450ER, TRX450R Kick Start","2004-05","2004","2005","4 X 144","","","","","","make-not-in-db"
"4 X 144","Honda Sport","TRX450ER, TRX450R, Electric Start","2008-09","2008","2009","4 X 144","","","","","","make-not-in-db"
"4 X 144","Honda Sport","TRX450ER, TRX450R, Kick Start","2006-07","2006","2007","4 X 144","","","","","","make-not-in-db"
"4 X 144","Honda Sport","TRX450ER, TRX450R, Kick Start","2008-09","2008","2009","4 X 144","","","","","","make-not-in-db"
"4 X 144","Honda Sport","TRX450ER. TRX450R, Electric Start","2006-07","2006","2007","4 X 144","","","","","","make-not-in-db"
"4 X 144","Honda Sport","TRX700XX","2008-09","2008","2009","4 X 144","","","","","","make-not-in-db"
"4 X 150","Honda Sport","ATC200","1981","1981","1981","4 X 150","","","","","","make-not-in-db"
"4 X 150","Honda Sport","ATC200","1982-83","1982","1983","4 X 150","","","","","","make-not-in-db"
"4 X 150","Honda Sport","ATC200E Big Red","1982-83","1982","1983","4 X 150","","","","","","make-not-in-db"
"4 X 150","Honda Sport","ATC200E Big Red","1984","1984","1984","4 X 150","","","","","","make-not-in-db"
"4 X 150","Honda Sport","ATC200M","1984-85","1984","1985","4 X 150","","","","","","make-not-in-db"
"4 X 150","Honda Sport","TRX200 Fourtrax","1984","1984","1984","4 X 150","","","","","","make-not-in-db"
"5 X 98","ALFA ROMEO","164","1990 >","1990","2027","5 X 98","12 X 1.25","","75","85","","make-not-in-db"
"5 X 98","ALFA ROMEO","GTV-6/ MILANO","1981-86","1981","1986","5 X 98","12 X 1.25","","75","85","","make-not-in-db"
"5 X 100","BUICK","SKYHAWK","1981 >","1981","2027","5 X 100","12 X 1.5","57.1","75","85","","model-not-matched"
"5 X 100","BUICK","SOMERSET RGL","1985-87","1985","1987","5 X 100","12 X 1.5","57.1","75","85","","model-not-matched"
"5 X 100","CADILLAC","CIMMARON","1981-88","1981","1988","5 X 100","12 X 1.5","57.1","75","85","","model-not-matched"
"5 X 100","CHEVROLET","CELEBRITY","1980-89","1980","1989","5 X 100","12 X 1.5","57.1","75","85","","model-not-matched"
"5 X 100","CHEVROLET","CITATION","1980-86","1980","1986","5 X 100","12 X 1.5","57.1","75","85","","model-not-matched"
"5 X 100","CHEVROLET/GMC","BERETTA","1987 >","1987","2027","5 X 100","12 X 1.5","57.1","75","85","","make-not-in-db"
"5 X 100","CHEVROLET/GMC","CAVALIER","1980 >","1980","2027","5 X 100","12 X 1.5","57.1","75","85","","make-not-in-db"
"5 X 100","CHEVROLET/GMC","CELEBRITY","1980-89","1980","1989","5 X 100","12 X 1.5","57.1","75","85","","make-not-in-db"
"5 X 100","CHEVROLET/GMC","CITATION","1980-86","1980","1986","5 X 100","12 X 1.5","57.1","75","85","","make-not-in-db"
"5 X 100","CHEVROLET/GMC","CORSICA","1987 >","1987","2027","5 X 100","12 X 1.5","57.1","75","85","","make-not-in-db"
"5 X 100","CHRYSLER","LASER, GTS","1986-89","1986","1989","5 X 100","12 X 1.5","57.1","75","85","","model-not-matched"
"5 X 100","DODGE","ARIES","1986-89","1986","1989","5 X 100","12 X 1.5","57.1","75","85","","model-not-matched"
"5 X 100","DODGE","DAYTONA","1985-93","1985","1993","5 X 100","12 X 1.5","57.1","75","85","","model-not-matched"
"5 X 100","DODGE","LANCER","1985-89","1985","1989","5 X 100","12 X 1.5","57.1","75","85","","model-not-matched"
"5 X 100","DODGE","LANCER TURBO","1986-89","1986","1989","5 X 100","12 X 1.5","57.1","75","85","","model-not-matched"
"5 X 100","OLDSMOBILE","ACHIEVA","1992 >","1992","2027","5 X 100","12 X 1.5","57.1","75","85","","model-not-matched"
"5 X 100","OLDSMOBILE","ACHIEVA S, SC, SL","1992-97","1992","1997","5 X 100","12 X 1.5","57.1","75","85","","model-not-matched"
"5 X 100","OLDSMOBILE","CALAIS","1988-90","1988","1990","5 X 100","12 X 1.5","57.1","75","85","","model-not-matched"
"5 X 100","OLDSMOBILE","FIRENZA","1982-88","1982","1988","5 X 100","12 X 1.5","57.1","75","85","","model-not-matched"
"5 X 100","OLDSMOBILE","OMEGA","1980-85","1980","1985","5 X 100","12 X 1.5","57.1","75","85","","model-not-matched"
"5 X 100","PLYMOUTH","CARAVELLE, LE","1985-89","1985","1989","5 X 100","12 X 1.5","57.1","75","85","","model-not-matched"
"5 X 100","PLYMOUTH","RELIANT","1986-89","1986","1989","5 X 100","12 X 1.5","57.1","75","85","","model-not-matched"
"5 X 100","PONTIAC","6000","1982-89","1982","1989","5 X 100","12 X 1.5","57.1","75","85","","model-not-matched"
"5 X 100","PONTIAC","FIERO","1984-88","1984","1988","5 X 100","12 X 1.5","57.1","75","85","","model-not-matched"
"5 X 100","PONTIAC","J-2000, 6000","1982-84","1982","1984","5 X 100","12 X 1.5","57.1","75","85","","model-not-matched"
"5 X 100","PONTIAC","J-2000, 6000","1982-84","1982","1984","5 X 100","12 X 1.5","57.1","75","85","","model-not-matched"
"5 X 100","PONTIAC","PHOENIX","1983-84","1983","1984","5 X 100","12 X 1.5","57.1","75","85","","model-not-matched"
"5 X 100","PONTIAC","SUNBIRD","1985-89","1985","1989","5 X 100","12 X 1.5","57.1","75","85","","model-not-matched"
"5 X 100","PONTIAC","SUNBIRD","1985-97","1985","1997","5 X 100","12 X 1.5","57.1","75","85","","model-not-matched"
"5 X 100","PONTIAC","VIBE","2003 >","2003","2027","5 X 100","12 X 1.5","57.1","75","85","","model-not-matched"
"5 X 100","PONTIAC","VIBE","2003-08","2003","2008","5 X 100","12 X 1.5","57.1","75","85","","model-not-matched"
"5 X 100","SAAB","9 2X AWD","2005-06","2005","2006","5 X 100","12 X 1.25","56.1","75","85","","model-not-matched"
"5 X 100","SAAB","9-2X","2005 >","2005","2027","5 X 100","","56.1","","","","model-not-matched"
"5 X 100","SCION","XD","2008","2008","2008","5 X 100","12 X 1.5","54.1","75","85","","model-not-matched"
"5 X 100","TOYOTA","CORONA","1991-97","1991","1997","5 X 100","12 X 1.5","54.1","75","85","","model-not-matched"
"5 X 100","TOYOTA","MAINLINE","1992-95","1992","1995","5 X 100","12 X 1.5","54.1","75","85","","model-not-matched"
"5 X 100","TOYOTA","MATRIX","2003 >","2003","2027","5 X 100","12 X 1.5","54.1","75","85","","model-not-matched"
"5 X 100","TOYOTA","MATRIX","2003-08","2003","2008","5 X 100","12 X 1.5","54.1","75","85","","model-not-matched"
"5 X 100","VOLKSWAGEN","CORRADO V-6 (LARGER CALIPERS)","1993-94","1993","1994","5 X 100","14 X 1.5b","57.1","85","95","","model-not-matched"
"5 X 100","VOLKSWAGEN","CORRADO V-6 (LARGER CALIPERS)","1993-94","1993","1994","5 X 100","14 X 1.5b","57.1","85","95","","model-not-matched"
"5 X 4","PLYMOUTH","Scamp, Duster, Valiant (w/o disc brakes)","1971-75","1971","1975","5 X 4","","","","","","model-not-matched"
"5 X 4","PLYMOUTH","Barracuda, Cuda, Duster, Valiant","1963-72","1963","1972","5 X 4","","","","","","model-not-matched"
"5 X 108","AMC EAGLE","PREMIER, ES","1988-92","1988","1992","5 X 108","12 X 1.5","","75","85","","make-not-in-db"
"5 X 108","FORD","FREESTAR","2004 >","2004","2027","5 X 108","12 X 1.5","63.4","75","85","","model-not-matched"
"5 X 108","FORD","FREESTAR","2004-07","2004","2007","5 X 108","12 X 1.5","63.4","75","85","","model-not-matched"
"5 X 108","FORD","T-BIRD","2002-06","2002","2006","5 X 108","12 X 1.5","63.4","75","85","","model-not-matched"
"5 X 108","JAGUAR","XKR","2007-08","2007","2008","5 X 108","12 X 1.5","63.8","75","85","","model-not-matched"
"5 X 108","LAND ROVER","LR2","2008","2008","2008","5 X 108","14 X 1.5","63.4","85","95","","make-not-in-db"
"5 X 108","MERCURY","MONTEREY","2004 >","2004","2027","5 X 108","12 X 1.5","63.4","75","85","","model-not-matched"
"5 X 108","MERCURY","MONTEREY","2004-07","2004","2007","5 X 108","12 X 1.5","63.4","75","85","","model-not-matched"
"5 X 108","VOLVO","200 SERIES","1979-94","1979","1994","5 X 108","1/2-RH","65.1","75","85","","model-not-matched"
"5 X 108","VOLVO","60 SERIES","2001 >","2001","2027","5 X 108","14 X 1.5b","65.1","85","95","","model-not-matched"
"5 X 108","VOLVO","60 SERIES","2001-08","2001","2008","5 X 108","14 X 1.5b","65.1","85","95","","model-not-matched"
"5 X 108","VOLVO","70 SERIES","1997 >","1997","2027","5 X 108","12 X 1.75b","65.1","75","85","","model-not-matched"
"5 X 108","VOLVO","70 SERIES","1997-08","1997","2008","5 X 108","12 X 1.75b","65.1","75","85","","model-not-matched"
"5 X 108","VOLVO","740","1985-92","1985","1992","5 X 108","12 X 1.5","65.1","75","85","","model-not-matched"
"5 X 108","VOLVO","760","1983-90","1983","1990","5 X 108","12 X 1.5b","65.1","75","85","","model-not-matched"
"5 X 108","VOLVO","780","1983-91","1983","1991","5 X 108","12 X 1.5b","65.1","75","85","","model-not-matched"
"5 X 108","VOLVO","80 SERIES","1997 >","1997","2027","5 X 108","14 X 1.5b","65.1","85","95","","model-not-matched"
"5 X 108","VOLVO","80 SERIES 1","1997-08","1997","2008","5 X 108","14 X 1.5b","65.1","85","95","","model-not-matched"
"5 X 108","VOLVO","90 SERIES","1997 >","1997","2027","5 X 108","12 X 1.5b","65.1","75","85","","model-not-matched"
"5 X 108","VOLVO","C30","2008","2008","2008","5 X 108","12 X 1.5","65.1","75","85","","model-not-matched"
"5 X 108","VOLVO","V70XC","2003 >","2003","2027","5 X 108","14 X 1.5b","65.1","85","95","","model-not-matched"
"5 X 108","VOLVO","XC70","2001-08","2001","2008","5 X 108","14 X 1.5b","65.1","85","95","","model-not-matched"
"5 X 108","VOLVO","XR70","2001-05","2001","2005","5 X 108","14 X 1.5b","65.1","85","95","","model-not-matched"
"5 X 110","CHEVROLET","COBALT SS, SPORT","2005-08","2005","2008","5 X 110","12 X 1.5","65.1","75","85","","model-not-matched"
"5 X 110","CHEVROLET","HHR","2006-08","2006","2008","5 X 110","12 X 1.5","65.1","75","85","","model-not-matched"
"5 X 110","CHEVROLET/GMC","MALIBU","2004 >","2004","2027","5 X 110","12 X 1.5","65.1","75","85","","make-not-in-db"
"5 X 110","PONTIAC","G5 GT","2007-08","2007","2008","5 X 110","12 X 1.5","65.1","75","85","","model-not-matched"
"5 X 110","SAAB","3-9 COR","1999 >","1999","2027","5 X 110","14 X 1.5","65.1","85","95","","model-not-matched"
"5 X 110","SAAB","43346","1999 >","1999","2027","5 X 110","14 X 1.5","65.1","85","95","","model-not-matched"
"5 X 110","SAAB","43348","1999 >","1999","2027","5 X 110","14 X 1.5","65.1","85","95","","model-not-matched"
"5 X 110","SAAB","5-9 COR","1999 >","1999","2027","5 X 110","14 X 1.5","65.1","85","95","","model-not-matched"
"5 X 110","SAAB","9 4","1993-98","1993","1998","5 X 110","12 X 1.5","65.1","75","85","","model-not-matched"
"5 X 110","SATURN","ASTRA","2008","2008","2008","5 X 110","12 X 1.5","65.1","75","85","","model-not-matched"
"5 X 110","SATURN","AURA XE, XR","2007-08","2007","2008","5 X 110","12 X 1.5","65.1","75","85","","model-not-matched"
"5 X 112","AUDI","5000 TURBO","1979-90","1979","1990","5 X 112","14 X 1.5b","57.1","85","95","","model-not-matched"
"5 X 112","AUDI","QUATTRO","1979-94","1979","1994","5 X 112","14 X 1.5b","57.1","85","95","","model-not-matched"
"5 X 112","AUDI","RS4","2007-08","2007","2008","5 X 112","14 X 1.5b","57.1","85","95","","model-not-matched"
"5 X 112","MAYBACH","57","2004-08","2004","2008","5 X 112","14 X 1.5b","66.5","85","95","","make-not-in-db"
"5 X 112","MAYBACH","57S","2004-08","2004","2008","5 X 112","14 X 1.5b","66.5","85","95","","make-not-in-db"
"5 X 112","MAYBACH","62","2004-08","2004","2008","5 X 112","14 X 1.5b","66.5","85","95","","make-not-in-db"
"5 X 112","VOLKSWAGEN","EOS","2007-08","2007","2008","5 X 112","14 X 1.5b","571","85","95","","model-not-matched"
"5 X 112","VOLKSWAGEN","PHAETON","2003 >","2003","2027","5 X 112","14 X 1.5b","57.1","85","95","","model-not-matched"
"5 X 112","VOLKSWAGEN","PHAETON","2004-06","2004","2006","5 X 112","14 X 1.5b","57.1","85","95","","model-not-matched"
"5 X 4.5","ACURA","3.2TL","1996 >","1996","2027","5 X 4.5","12 X 1.5","64.1","75","85","","model-not-matched"
"5 X 4.5","ACURA","3.5RL","1996 >","1996","2027","5 X 4.5","12 X 1.5","64.1","75","85","","model-not-matched"
"5 X 4.5","AMC EAGLE","TALON","1989 >","1989","2027","5 X 4.5","12 X 1.5","67.1","75","85","","make-not-in-db"
"5 X 4.5","AMC EAGLE","VISION ESI/TSI","1993 >","1993","2027","5 X 4.5","12 X 1.5","71.5","75","85","","make-not-in-db"
"5 X 4.5","AMC EAGLE","VISION ESI/TSI","1993 >","1993","2027","5 X 4.5","12 X 1.5","71.5","75","85","","make-not-in-db"
"5 X 4.5","AMERICAN MOTORS","AMX/ PACER/ CONCORD","1960-85","1960","1985","5 X 4.5","1/2-RH","","75","85","","make-not-in-db"
"5 X 4.5","CHRYSLER","CONQUEST TSI","1987-89","1987","1989","5 X 4.5","12 X 1.5","67.1","75","85","","model-not-matched"
"5 X 4.5","CHRYSLER","FULL SIZE (CORDOBA, MIRADA, FIFTH AVE)","1968-87","1968","1987","5 X 4.5","1/2-RH","","75","85","","model-not-matched"
"5 X 4.5","CHRYSLER","LASER","1990-94","1990","1994","5 X 4.5","12 X 1.5","67.1","75","85","","model-not-matched"
"5 X 4.5","CHRYSLER","PROWLER","1997-02","1997","2002","5 X 4.5","12 X 1.5","71.5","75","85","","model-not-matched"
"5 X 4.5","DODGE","1/2 TON TRUCK, VAN","1949-70","1949","1970","5 X 4.5","1/2-RH","71.5","75","85","","model-not-matched"
"5 X 4.5","DODGE","ALL 1/2 TON TRUCK, VAN","1971-85","1971","1985","5 X 4.5","1/2-RH","71.5","75","85","","model-not-matched"
"5 X 4.5","DODGE","LANCER TURBO 86-89 15 X 6(OPT.) 5X100 12MMX1.5 57.1","1991 >","1991","2027","5 X 4.5","12 X 1.5","","75","85","","model-not-matched"
"5 X 4.5","DODGE","RAMCHARGER 2WD, 4WD WITH AUTO HUBS","1975-85","1975","1985","5 X 4.5","1/2-RH","71.5","75","85","","model-not-matched"
"5 X 4.5","FORD","1/2 TON E-100 VAN","1968-84","1968","1984","5 X 4.5","1/2-RH","70.3","75","85","","model-not-matched"
"5 X 4.5","FORD","1/2 TON F-100 (4X2) W/O POWER BRAKES","1980-85","1980","1985","5 X 4.5","1/2-RH","70.3","75","85","","model-not-matched"
"5 X 4.5","FORD","CUSTOM, ETC.","1957-64","1957","1964","5 X 4.5","1/2-RH","70.3","75","85","","model-not-matched"
"5 X 4.5","FORD","CUSTOM, GALAXIE, LTD","1979-96","1979","1996","5 X 4.5","1/2-RH","70.3","75","85","","model-not-matched"
"5 X 4.5","FORD","FIVE HUNDRED 2WD, 4WD","2005-07","2005","2007","5 X 4.5","12 X 1.5","63.4","75","85","","model-not-matched"
"5 X 4.5","FORD","FREESTYLE","2005-07","2005","2007","5 X 4.5","12 X 1.5","63.4","75","85","","model-not-matched"
"5 X 4.5","FORD","FULL SIZE (CROWN VICTORIA, CUSTOM,GALAXIE,LTD)","1979-96","1979","1996","5 X 4.5","1/2-RH","70.3","75","85","","model-not-matched"
"5 X 4.5","FORD","FULL SIZE (CUSTOM, GALAXIE,T-BIRD,ETC.)","1965-72","1965","1972","5 X 4.5","1/2-RH","70.3","75","85","","model-not-matched"
"5 X 4.5","FORD","FULL SIZE (GALAXIE, CUSTOM,ETC.)","1957-64","1957","1964","5 X 4.5","1/2-RH","70.3","75","85","","model-not-matched"
"5 X 4.5","FORD","FULL SIZE CROWN VICTORIA)","1979-96","1979","1996","5 X 4.5","1/2-RH","70.3","75","85","","model-not-matched"
"5 X 4.5","FORD","FULL SIZE CUSTOM","1965-72","1965","1972","5 X 4.5","1/2-RH","70.3","75","85","","model-not-matched"
"5 X 4.5","FORD","FULL SIZE GALAXIE","1957-64","1957","1964","5 X 4.5","1/2-RH","70.3","75","85","","model-not-matched"
"5 X 4.5","FORD","MID-SIZE 5LUG FAIRLANE, FALCON","1964-73","1964","1973","5 X 4.5","1/2-RH","70.3","75","85","","model-not-matched"
"5 X 4.5","FORD","RANCHERO","1965-84","1965","1984","5 X 4.5","1/2-RH","70.3","75","85","","model-not-matched"
"5 X 4.5","HYUNDAI","AZERA","2006-08","2006","2008","5 X 4.5","12 X 1.5","67.1","75","85","","model-not-matched"
"5 X 4.5","HYUNDAI","XG 300/350","2001 >","2001","2027","5 X 4.5","12 X 1.5","67.1","75","85","","model-not-matched"
"5 X 4.5","HYUNDAI","XG 300/350","2001-05","2001","2005","5 X 4.5","12 X 1.5","67.1","75","85","","model-not-matched"
"5 X 4.5","INFINITI","EX35","2008","2008","2008","5 X 4.5","12 X 1.25","66.1","75","85","","model-not-matched"
"5 X 4.5","INFINITI","FX35/45","2004 >","2004","2027","5 X 4.5","12 X 1.25","66.1","75","85","","model-not-matched"
"5 X 4.5","INFINITI","FX35/45","2004-08","2004","2008","5 X 4.5","12 X 1.25","66.1","75","85","","model-not-matched"
"5 X 4.5","INFINITI","G35 COUPE","2003 >","2003","2027","5 X 4.5","12 X 1.25","66.1","75","85","","model-not-matched"
"5 X 4.5","INFINITI","G35 COUPE","2003-07","2003","2007","5 X 4.5","12 X 1.25","66.1","75","85","","model-not-matched"
"5 X 4.5","INFINITI","G35 SEDAN","2003 >","2003","2027","5 X 4.5","12 X 1.25","66.1","75","85","","model-not-matched"
"5 X 4.5","INFINITI","G35 SEDAN","2003-08","2003","2008","5 X 4.5","12 X 1.25","66.1","75","85","","model-not-matched"
"5 X 4.5","INFINITI","G37","2008","2008","2008","5 X 4.5","12 X 1.25","66.1","75","85","","model-not-matched"
"5 X 4.5","INFINITI","I35","2002-05","2002","2005","5 X 4.5","12 X 1.25","66.1","75","85","","model-not-matched"
"5 X 4.5","INFINITI","M35 06-08, M45","2003-08","2003","2008","5 X 4.5","12 X 1.25","66.1","75","85","","model-not-matched"
"5 X 4.5","INFINITI","M45","2003 >","2003","2027","5 X 4.5","12 X 1.25","66.1","75","85","","model-not-matched"
"5 X 4.5","JEEP","COMMANCHE, CHIEF","1980-93","1980","1993","5 X 4.5","1/2-RH","71.5","75","85","","model-not-matched"
"5 X 4.5","JEEP","PROSPECTOR","2008","2008","2008","5 X 4.5","12 X 1.5","67.1","75","85","","model-not-matched"
"5 X 4.5","KIA","AMANTI","2004 >","2004","2027","5 X 4.5","12 X 1.5","67.1","75","85","","model-not-matched"
"5 X 4.5","KIA","AMANTI","2004-08","2004","2008","5 X 4.5","12 X 1.5","67.1","75","85","","model-not-matched"
"5 X 4.5","KIA","RONDO LX, EX","2007-08","2007","2008","5 X 4.5","12 X 1.5","67.1","75","85","","model-not-matched"
"5 X 4.5","KIA","SENTRY","2007-08","2007","2008","5 X 4.5","12 X 1.5","67.1","75","85","","model-not-matched"
"5 X 4.5","LAND ROVER","FREELANDER","2002 >","2002","2027","5 X 4.5","12 X 1.5","","75","85","","make-not-in-db"
"5 X 4.5","LAND ROVER","FREELANDER SE, SE3","2002-05","2002","2005","5 X 4.5","12 X 1.5","64.1","75","85","","make-not-in-db"
"5 X 4.5","LEXUS","RX330","2004 >","2004","2027","5 X 4.5","12 X 1.5","60.1","75","85","","model-not-matched"
"5 X 4.5","LEXUS","SC 300","1992-00","1992","2000","5 X 4.5","12 X 1.5","60.1","75","85","","model-not-matched"
"5 X 4.5","LEXUS","SC 300","1992-96","1992","1996","5 X 4.5","12 X 1.5","60.1","75","85","","model-not-matched"
"5 X 4.5","LEXUS","SC 400","1991-01","1991","2001","5 X 4.5","12 X 1.5","60.1","75","85","","model-not-matched"
"5 X 4.5","LEXUS","SC 400","1992-00","1992","2000","5 X 4.5","12 X 1.5","60.1","75","85","","model-not-matched"
"5 X 4.5","LEXUS","SC 430","2002 >","2002","2027","5 X 4.5","12 X 1.5","60.1","75","85","","model-not-matched"
"5 X 4.5","LEXUS","SC 430","2002-08","2002","2008","5 X 4.5","12 X 1.5","60.1","75","85","","model-not-matched"
"5 X 4.5","LEXUS","SE 330","1991-97","1991","1997","5 X 4.5","12 X 1.5","60.1","75","85","","model-not-matched"
"5 X 4.5","LINCOLN","LSC","1988 >","1988","2027","5 X 4.5","1/2-RH","70.3","75","85","","model-not-matched"
"5 X 4.5","LINCOLN","MARK III","1968-72","1968","1972","5 X 4.5","1/2-RH","70.3","75","85","","model-not-matched"
"5 X 4.5","LINCOLN","ZEPHYR","2006","2006","2006","5 X 4.5","12 X 1.5","67.1","75","85","","model-not-matched"
"5 X 4.5","MAZDA","5 SPORT, TOURING","2006-08","2006","2008","5 X 4.5","12 X 1.5","67.1","75","85","","model-not-matched"
"5 X 4.5","MAZDA","B-2500, 3000, 4000","1993 >","1993","2027","5 X 4.5","1/2-RH","70.3","75","85","","model-not-matched"
"5 X 4.5","MAZDA","B-2500, 3000, 4000 PICKUP 2WD, 4WD","1993-08","1993","2008","5 X 4.5","1/2-RH","70.3","75","85","","model-not-matched"
"5 X 4.5","MAZDA","MAZDASPEED","2003","2003","2003","5 X 4.5","12 X 1.5","67.1","75","85","","model-not-matched"
"5 X 4.5","MAZDA","NAVAJO","1990 >","1990","2027","5 X 4.5","1/2-RH","70.3","75","85","","model-not-matched"
"5 X 4.5","MAZDA","NEEDS +50MM OR MORE","2004 >","2004","2027","5 X 4.5","12 X 1.5","67.1","75","85","","model-not-matched"
"5 X 4.5","MAZDA","PICKUP","1993 >","1993","2027","5 X 4.5","1/2-RH","70.3","75","85","","model-not-matched"
"5 X 4.5","MAZDA","RX-6","1990-92","1990","1992","5 X 4.5","12 X 1.5","67.1","75","85","","model-not-matched"
"5 X 4.5","MAZDA","RX7 GXL, GTU","1986-92","1986","1992","5 X 4.5","12 X 1.5","59.6","75","85","","model-not-matched"
"5 X 4.5","MAZDA","RX7 GXL, GTU","1986-92","1986","1992","5 X 4.5","12 X 1.5","59.6","75","85","","model-not-matched"
"5 X 4.5","MAZDA","RX7 TURBO II","1987-92","1987","1992","5 X 4.5","12 X 1.5","59.6","75","85","","model-not-matched"
"5 X 4.5","MAZDA","RX8","2004 >","2004","2027","5 X 4.5","12 X 1.5","67.1","75","85","","model-not-matched"
"5 X 4.5","MAZDA","TRIBUTE","2001 >","2001","2027","5 X 4.5","12 X 1.5","67.1","75","85","","model-not-matched"
"5 X 4.5","MAZDA","TRIBUTE HYBRID","2008","2008","2008","5 X 4.5","12 X 1.5","67.1","75","85","","model-not-matched"
"5 X 4.5","MAZDA","TRIBUTE I, S","2008","2008","2008","5 X 4.5","12 X 1.5","67.1","75","85","","model-not-matched"
"5 X 4.5","MAZDA","TRIBUTE RWD, AWD","2001-06","2001","2006","5 X 4.5","12 X 1.5","67.1","75","85","","model-not-matched"
"5 X 4.5","MERCURY","FULL SIZE (GRAND MARQUIS)","1991-96","1991","1996","5 X 4.5","1/2-RH","","75","85","","model-not-matched"
"5 X 4.5","MERCURY","FULL SIZE (GRAND MARQUIS, MONTCLAIR, MONTEREY,ETC.)","1991-96","1991","1996","5 X 4.5","1/2-RH","70.5","75","85","","model-not-matched"
"5 X 4.5","MERCURY","MARAUDER","2003 >","2003","2027","5 X 4.5","1/2-RH","70.3","75","85","","model-not-matched"
"5 X 4.5","MERCURY","MARAUDER","2003-04","2003","2004","5 X 4.5","1/2-RH","70.3","75","85","","model-not-matched"
"5 X 4.5","MERCURY","MARQUIS, MONTEGO, ETC.","1968-78","1968","1978","5 X 4.5","1/2-RH","","75","85","","model-not-matched"
"5 X 4.5","MERCURY","MONTCLAIR, MONTEREY, ETC.","1991-96","1991","1996","5 X 4.5","1/2-RH","","75","85","","model-not-matched"
"5 X 4.5","MERCURY","MONTEGO","2005-07","2005","2007","5 X 4.5","12 X 1.5","63.4","75","85","","model-not-matched"
"5 X 4.5","MERCURY","VILLAGER","1993 >","1993","2027","5 X 4.5","12 X 1.25","66.1","75","85","","model-not-matched"
"5 X 4.5","MITSUBISHI","ENDEAVOR","2004-08","2004","2008","5 X 4.5","12 X 1.5","67.1","75","85","","model-not-matched"
"5 X 4.5","MITSUBISHI","STARION, TURBO","1986-89","1986","1989","5 X 4.5","12 X 1.5","67.1","75","85","","model-not-matched"
"5 X 4.5","MITSUBISHI","STARION, TURBO","1986-89","1986","1989","5 X 4.5","12 X 1.5","67.1","75","85","","model-not-matched"
"5 X 4.5","MITSUBISHI","VAN/WAGON","1987-90","1987","1990","5 X 4.5","12 X 1.5","67.1","75","85","","model-not-matched"
"5 X 4.5","NISSAN","350Z","2003 >","2003","2027","5 X 4.5","12 X 1.25","66.1","75","85","","model-not-matched"
"5 X 4.5","NISSAN","350Z ENTHUSIAST, TOURING, NISMO, TRACK","2003-08","2003","2008","5 X 4.5","12 X 1.25","66.1","75","85","","model-not-matched"
"5 X 4.5","PLYMOUTH","FULL SIZE (BELVEDERE, FURY, SATELLITE, ETC.)","1957-89","1957","1989","5 X 4.5","1/2-RH","","75","85","","model-not-matched"
"5 X 4.5","PLYMOUTH","FULL SIZE (BELVEDERE, FURY,SATELLITE,ETC.)","1957-89","1957","1989","5 X 4.5","1/2-RH","","75","85","","model-not-matched"
"5 X 4.5","PLYMOUTH","MID-SIZE RWD MODELS W/ DISC BRAKES","1970-80","1970","1980","5 X 4.5","1/2-RH","","75","85","","model-not-matched"
"5 X 4.5","PLYMOUTH","MID-SIZE RWD MODELS W/DISC BRAKES","1970-80","1970","1980","5 X 4.5","1/2-RH","","75","85","","model-not-matched"
"5 X 4.5","PLYMOUTH","TRAIL DUSTER","1979-82","1979","1982","5 X 4.5","1/2-RH","","75","85","","model-not-matched"
"5 X 4.5","Studebaker","All","1951-66","1951","1966","5 X 4.5","","","","","","make-not-in-db"
"5 X 4.5","TOYOTA","CRESSIDA","1989-92","1989","1992","5 X 4.5","12 X 1.5","60.1","75","85","","model-not-matched"
"5 X 4.5","TOYOTA","MR-2","1990-95","1990","1995","5 X 4.5","12 X 1.5","60.1","75","85","","model-not-matched"
"5 X 4.5","TOYOTA","PICKUP 2WD","1980-95","1980","1995","5 X 4.5","12 X 1.5","60.1","75","85","","model-not-matched"
"5 X 4.5","TOYOTA","PREVIA","1990-96","1990","1996","5 X 4.5","12 X 1.5","60.1","75","85","","model-not-matched"
"5 X 115","BUICK","LA CROSSE CX, CXL, CXS","2005-08","2005","2008","5 X 115","12 X 1.5","70.3","75","85","","model-not-matched"
"5 X 115","BUICK","LE SABRE","1986-05","1986","2005","5 X 115","12 X 1.5","70.3","75","85","","model-not-matched"
"5 X 115","BUICK","LE SABRE","1986-96","1986","1996","5 X 115","12 X 1.5","70.3","75","85","","model-not-matched"
"5 X 115","BUICK","PASSAGE","2008","2008","2008","5 X 115","12 X 1.5","70.3","75","85","","model-not-matched"
"5 X 115","BUICK","REATTA","1988-91","1988","1991","5 X 115","12 X 1.5","70.3","75","85","","model-not-matched"
"5 X 115","CADILLAC","DTS","2006-08","2006","2008","5 X 115","12 X 1.5","70.3","75","85","","model-not-matched"
"5 X 115","CADILLAC","DTX","1997-99","1997","1999","5 X 115","12 X 1.5","70.3","75","85","","model-not-matched"
"5 X 115","CHEVROLET","CELEBRITY EUROSPORT","1982-89","1982","1989","5 X 115","12 X 1.5","70.3","75","85","","model-not-matched"
"5 X 115","CHEVROLET","VENTURE","1997 >","1997","2027","5 X 115","12 X 1.5","70.3","75","85","","model-not-matched"
"5 X 115","CHEVROLET/GMC","CELEBRITY EUROSPORT","1982-89","1982","1989","5 X 115","12 X 1.5","70.3","75","85","","make-not-in-db"
"5 X 115","CHEVROLET/GMC","EQUINOX","2004 >","2004","2027","5 X 115","12 X 1.5","70.3","75","85","","make-not-in-db"
"5 X 115","CHEVROLET/GMC","LUMINA","1990 >","1990","2027","5 X 115","12 X 1.5","70.3","75","85","","make-not-in-db"
"5 X 115","CHEVROLET/GMC","LUMINA APV","1990-96","1990","1996","5 X 115","12 X 1.5","70.3","75","85","","make-not-in-db"
"5 X 115","CHEVROLET/GMC","MALIBU","1997-03","1997","2003","5 X 115","12 X 1.5","70.3","75","85","","make-not-in-db"
"5 X 115","CHEVROLET/GMC","MONTE CARLO","1995 >","1995","2027","5 X 115","12 X 1.5","70.3","75","85","","make-not-in-db"
"5 X 115","CHEVROLET/GMC","UPLANDER","2005","2005","2005","5 X 115","12 X 1.5","70.3","75","85","","make-not-in-db"
"5 X 115","CHEVROLET/GMC","VENTURE","1997 >","1997","2027","5 X 115","12 X 1.5","70.3","75","85","","make-not-in-db"
"5 X 115","CHEVROLET/GMC","VENTURE","1997-05","1997","2005","5 X 115","12 X 1.5","70.3","75","85","","make-not-in-db"
"5 X 115","OLDSMOBILE","CIERA H.D., CRUISER (FWD)","1983-96","1983","1996","5 X 115","12 X 1.5","70.3","75","85","","model-not-matched"
"5 X 115","OLDSMOBILE","CIERA H.D., CRUSIER (FWD)","1983-96","1983","1996","5 X 115","12 X 1.5","70.3","75","85","","model-not-matched"
"5 X 115","OLDSMOBILE","LSS","1997 >","1997","2027","5 X 115","12 X 1.5","70.3","75","85","","model-not-matched"
"5 X 115","OLDSMOBILE","REGENCY","1997 >","1997","2027","5 X 115","12 X 1.5","70.3","75","85","","model-not-matched"
"5 X 115","OLDSMOBILE","TORONADO","1986-88","1986","1988","5 X 115","12 X 1.5","70.3","75","85","","model-not-matched"
"5 X 115","OLDSMOBILE","TORONADO TROFEO","1986-92","1986","1992","5 X 115","12 X 1.5","70.3","75","85","","model-not-matched"
"5 X 115","OLDSMOBILE","TORONADO TROFEO","1990-92","1990","1992","5 X 115","12 X 1.5","70.3","75","85","","model-not-matched"
"5 X 115","PONTIAC","6000","1983-91","1983","1991","5 X 115","12 X 1.5","70.3","75","85","","model-not-matched"
"5 X 115","PONTIAC","AZTEC","2001 >","2001","2027","5 X 115","12 X 1.5","70.3","75","85","","model-not-matched"
"5 X 115","PONTIAC","AZTEK","2000 >","2000","2027","5 X 115","12 X 1.5","70.3","75","85","","model-not-matched"
"5 X 115","PONTIAC","AZTEK","2001-05","2001","2005","5 X 115","12 X 1.5","70.3","75","85","","model-not-matched"
"5 X 115","PONTIAC","MONTANA","1999 >","1999","2027","5 X 115","12 X 1.5","70.3","75","85","","model-not-matched"
"5 X 115","PONTIAC","MONTANA","1999-05","1999","2005","5 X 115","12 X 1.5","70.3","75","85","","model-not-matched"
"5 X 115","PONTIAC","PRESTIGE","2008","2008","2008","5 X 115","12 X 1.5","70.3","75","85","","model-not-matched"
"5 X 115","PONTIAC","TORRENT FWD, AWD","2006-08","2006","2008","5 X 115","12 X 1.5","70.3","75","85","","model-not-matched"
"5 X 115","PONTIAC","TRANS SPORT","1990-97","1990","1997","5 X 115","12 X 1.5","70.3","75","85","","model-not-matched"
"5 X 115","SATURN","RELAY","2005-07","2005","2007","5 X 115","12 X 1.5","70.3","75","85","","model-not-matched"
"5 X 120","BENTLEY","ARNAGE","1999 >","1999","2027","5 X 120","12 X 1.5b","72.5","75","85","","model-not-matched"
"5 X 120","BMW","I-SERIES","2008","2008","2008","5 X 120","12 X 1.5b","72.5","75","85","","model-not-matched"
"5 X 120","LAND ROVER","DISCOVERY","1999 >","1999","2027","5 X 120","14 X 1.5","72.5","85","95","","make-not-in-db"
"5 X 120","LAND ROVER","DISCOVERY, DISCOVERY II","1999-04","1999","2004","5 X 120","14 X 1.5","72.5","85","95","","make-not-in-db"
"5 X 120","LAND ROVER","LR3 SE, HSE","2005-08","2005","2008","5 X 120","14 X 1.5","72.5","85","95","","make-not-in-db"
"5 X 120","LAND ROVER","RANGE ROVER","1992 >","1992","2027","5 X 120","14 X 1.5","72.5","85","95","","make-not-in-db"
"5 X 120","LAND ROVER","RANGE ROVER","1996-02","1996","2002","5 X 120","14 X 1.5","72.5","85","95","","make-not-in-db"
"5 X 120","LAND ROVER","RANGE ROVER","1999-02","1999","2002","5 X 120","14 X 1.5","72.5","85","95","","make-not-in-db"
"5 X 120","LAND ROVER","RANGE ROVER HSE, SUPERCHARGED","2003-08","2003","2008","5 X 120","14 X 1.5","72.5","85","95","","make-not-in-db"
"5 X 120","LAND ROVER","RANGE ROVER SPORT MODEL, HSE, S/C","2006-08","2006","2008","5 X 120","14 X 1.5","72.5","85","95","","make-not-in-db"
"5 X 4.75","BUICK","ALL MID-SIZE RWD","1964-88","1964","1988","5 X 4.75","7/16-RH","70.3","70","80","","model-not-matched"
"5 X 4.75","BUICK","LE SABRE CSM","1977-85","1977","1985","5 X 4.75","7/16-RH","70.3","70","80","","model-not-matched"
"5 X 4.75","CHEVROLET","ALL MID AND FULL SIZE RWD","1955-88","1955","1988","5 X 4.75","7/16-RH","70.3","70","80","","model-not-matched"
"5 X 4.75","CHEVROLET","BEL AIR","1960","1960","1960","5 X 4.75","","","","","","model-not-matched"
"5 X 4.75","CHEVROLET","BEL AIR","1960","1960","1960","5 X 4.75","","","","","","model-not-matched"
"5 X 4.75","CHEVROLET","BEL AIR","1961","1961","1961","5 X 4.75","","","","","","model-not-matched"
"5 X 4.75","CHEVROLET","BEL AIR","1961","1961","1961","5 X 4.75","","","","","","model-not-matched"
"5 X 4.75","CHEVROLET","BEL AIR","1962","1962","1962","5 X 4.75","","","","","","model-not-matched"
"5 X 4.75","CHEVROLET","BEL AIR","1962","1962","1962","5 X 4.75","","","","","","model-not-matched"
"5 X 4.75","CHEVROLET","BEL AIR","1963","1963","1963","5 X 4.75","","","","","","model-not-matched"
"5 X 4.75","CHEVROLET","BEL AIR","1963","1963","1963","5 X 4.75","","","","","","model-not-matched"
"5 X 4.75","CHEVROLET","BEL AIR","1964","1964","1964","5 X 4.75","","","","","","model-not-matched"
"5 X 4.75","CHEVROLET","BEL AIR","1964","1964","1964","5 X 4.75","","","","","","model-not-matched"
"5 X 4.75","CHEVROLET","BEL AIR","1965","1965","1965","5 X 4.75","","","","","","model-not-matched"
"5 X 4.75","CHEVROLET","BEL AIR","1965","1965","1965","5 X 4.75","","","","","","model-not-matched"
"5 X 4.75","CHEVROLET","BEL AIR","1966","1966","1966","5 X 4.75","","","","","","model-not-matched"
"5 X 4.75","CHEVROLET","BEL AIR","1966","1966","1966","5 X 4.75","","","","","","model-not-matched"
"5 X 4.75","CHEVROLET","BEL AIR","1967","1967","1967","5 X 4.75","","","","","","model-not-matched"
"5 X 4.75","CHEVROLET","BEL AIR","1967","1967","1967","5 X 4.75","","","","","","model-not-matched"
"5 X 4.75","CHEVROLET","BEL AIR","1968","1968","1968","5 X 4.75","","","","","","model-not-matched"
"5 X 4.75","CHEVROLET","BEL AIR","1968","1968","1968","5 X 4.75","","","","","","model-not-matched"
"5 X 4.75","CHEVROLET","BEL AIR","1969","1969","1969","5 X 4.75","","","","","","model-not-matched"
"5 X 4.75","CHEVROLET","BEL AIR","1969","1969","1969","5 X 4.75","","","","","","model-not-matched"
"5 X 4.75","CHEVROLET","BISCAYNE","1960","1960","1960","5 X 4.75","","","","","","model-not-matched"
"5 X 4.75","CHEVROLET","BISCAYNE","1960","1960","1960","5 X 4.75","","","","","","model-not-matched"
"5 X 4.75","CHEVROLET","BISCAYNE","1961","1961","1961","5 X 4.75","","","","","","model-not-matched"
"5 X 4.75","CHEVROLET","BISCAYNE","1961","1961","1961","5 X 4.75","","","","","","model-not-matched"
"5 X 4.75","CHEVROLET","BISCAYNE","1962","1962","1962","5 X 4.75","","","","","","model-not-matched"
"5 X 4.75","CHEVROLET","BISCAYNE","1962","1962","1962","5 X 4.75","","","","","","model-not-matched"
"5 X 4.75","CHEVROLET","BISCAYNE","1963","1963","1963","5 X 4.75","","","","","","model-not-matched"
"5 X 4.75","CHEVROLET","BISCAYNE","1963","1963","1963","5 X 4.75","","","","","","model-not-matched"
"5 X 4.75","CHEVROLET","BISCAYNE","1964","1964","1964","5 X 4.75","","","","","","model-not-matched"
"5 X 4.75","CHEVROLET","BISCAYNE","1964","1964","1964","5 X 4.75","","","","","","model-not-matched"
"5 X 4.75","CHEVROLET","BISCAYNE","1965","1965","1965","5 X 4.75","","","","","","model-not-matched"
"5 X 4.75","CHEVROLET","BISCAYNE","1965","1965","1965","5 X 4.75","","","","","","model-not-matched"
"5 X 4.75","CHEVROLET","BISCAYNE","1966","1966","1966","5 X 4.75","","","","","","model-not-matched"
"5 X 4.75","CHEVROLET","BISCAYNE","1966","1966","1966","5 X 4.75","","","","","","model-not-matched"
"5 X 4.75","CHEVROLET","BISCAYNE","1967","1967","1967","5 X 4.75","","","","","","model-not-matched"
"5 X 4.75","CHEVROLET","BISCAYNE","1967","1967","1967","5 X 4.75","","","","","","model-not-matched"
"5 X 4.75","CHEVROLET","BISCAYNE","1968","1968","1968","5 X 4.75","","","","","","model-not-matched"
"5 X 4.75","CHEVROLET","BISCAYNE","1968","1968","1968","5 X 4.75","","","","","","model-not-matched"
"5 X 4.75","CHEVROLET","BISCAYNE","1969","1969","1969","5 X 4.75","","","","","","model-not-matched"
"5 X 4.75","CHEVROLET","BISCAYNE","1969","1969","1969","5 X 4.75","","","","","","model-not-matched"
"5 X 4.75","CHEVROLET","CHEVELLE 300","1964","1964","1964","5 X 4.75","","","","","","model-not-matched"
"5 X 4.75","CHEVROLET","CHEVELLE 300","1964","1964","1964","5 X 4.75","","","","","","model-not-matched"
"5 X 4.75","CHEVROLET","CHEVELLE 300","1965","1965","1965","5 X 4.75","","","","","","model-not-matched"
"5 X 4.75","CHEVROLET","CHEVELLE 300","1965","1965","1965","5 X 4.75","","","","","","model-not-matched"
"5 X 4.75","CHEVROLET","CHEVELLE 300","1966","1966","1966","5 X 4.75","","","","","","model-not-matched"
"5 X 4.75","CHEVROLET","CHEVELLE 300","1967","1967","1967","5 X 4.75","","","","","","model-not-matched"
"5 X 4.75","CHEVROLET","CHEVELLE 300","1968","1968","1968","5 X 4.75","","","","","","model-not-matched"
"5 X 4.75","CHEVROLET","CHEVELLE 300","1968","1968","1968","5 X 4.75","","","","","","model-not-matched"
"5 X 4.75","CHEVROLET","CHEVELLE 300 DELUXE","1965","1965","1965","5 X 4.75","","","","","","model-not-matched"
"5 X 4.75","CHEVROLET","CHEVELLE 300 DELUXE","1965","1965","1965","5 X 4.75","","","","","","model-not-matched"
"5 X 4.75","CHEVROLET","CHEVELLE 300 DELUXE","1966","1966","1966","5 X 4.75","","","","","","model-not-matched"
"5 X 4.75","CHEVROLET","CHEVELLE 300 DELUXE","1966","1966","1966","5 X 4.75","","","","","","model-not-matched"
"5 X 4.75","CHEVROLET","CHEVELLE 300 DELUXE","1967","1967","1967","5 X 4.75","","","","","","model-not-matched"
"5 X 4.75","CHEVROLET","CHEVELLE 300 DELUXE","1967","1967","1967","5 X 4.75","","","","","","model-not-matched"
"5 X 4.75","CHEVROLET","CHEVELLE 300 DELUXE","1968","1968","1968","5 X 4.75","","","","","","model-not-matched"
"5 X 4.75","CHEVROLET","CHEVELLE 300 DELUXE","1968","1968","1968","5 X 4.75","","","","","","model-not-matched"
"5 X 4.75","CHEVROLET","CHEVELLE 300 DELUXE","1969","1969","1969","5 X 4.75","","","","","","model-not-matched"
"5 X 4.75","CHEVROLET","CHEVELLE 300 DELUXE","1969","1969","1969","5 X 4.75","","","","","","model-not-matched"
"5 X 4.75","CHEVROLET","CHEVELLE CONCOURS","1967","1967","1967","5 X 4.75","","","","","","model-not-matched"
"5 X 4.75","CHEVROLET","CHEVELLE CONCOURS","1968","1968","1968","5 X 4.75","","","","","","model-not-matched"
"5 X 4.75","CHEVROLET","CHEVELLE MALIBU","1964","1964","1964","5 X 4.75","","","","","","model-not-matched"
"5 X 4.75","CHEVROLET","CHEVELLE MALIBU","1964","1964","1964","5 X 4.75","","","","","","model-not-matched"
"5 X 4.75","CHEVROLET","CHEVELLE MALIBU","1965","1965","1965","5 X 4.75","","","","","","model-not-matched"
"5 X 4.75","CHEVROLET","CHEVELLE MALIBU","1965","1965","1965","5 X 4.75","","","","","","model-not-matched"
"5 X 4.75","CHEVROLET","CHEVELLE MALIBU","1966","1966","1966","5 X 4.75","","","","","","model-not-matched"
"5 X 4.75","CHEVROLET","CHEVELLE MALIBU","1966","1966","1966","5 X 4.75","","","","","","model-not-matched"
"5 X 4.75","CHEVROLET","CHEVELLE MALIBU","1967","1967","1967","5 X 4.75","","","","","","model-not-matched"
"5 X 4.75","CHEVROLET","CHEVELLE MALIBU","1967","1967","1967","5 X 4.75","","","","","","model-not-matched"
"5 X 4.75","CHEVROLET","CHEVELLE MALIBU","1968","1968","1968","5 X 4.75","","","","","","model-not-matched"
"5 X 4.75","CHEVROLET","CHEVELLE MALIBU","1968","1968","1968","5 X 4.75","","","","","","model-not-matched"
"5 X 4.75","CHEVROLET","CHEVELLE MALIBU","1969","1969","1969","5 X 4.75","","","","","","model-not-matched"
"5 X 4.75","CHEVROLET","CHEVELLE MALIBU","1969","1969","1969","5 X 4.75","","","","","","model-not-matched"
"5 X 4.75","CHEVROLET","CHEVELLE SS","1965","1965","1965","5 X 4.75","","","","","","model-not-matched"
"5 X 4.75","CHEVROLET","CHEVELLE SS 396","1965","1965","1965","5 X 4.75","","","","","","model-not-matched"
"5 X 4.75","CHEVROLET","CHEVELLE SS 396","1966","1966","1966","5 X 4.75","","","","","","model-not-matched"
"5 X 4.75","CHEVROLET","CHEVELLE SS 396","1967","1967","1967","5 X 4.75","","","","","","model-not-matched"
"5 X 4.75","CHEVROLET","CHEVELLE SS 396","1968","1968","1968","5 X 4.75","","","","","","model-not-matched"
"5 X 4.75","CHEVROLET","CHEVELLE SS 396","1969","1969","1969","5 X 4.75","","","","","","model-not-matched"
"5 X 4.75","CHEVROLET","CHEVY II","1966","1966","1966","5 X 4.75","","","","","","model-not-matched"
"5 X 4.75","CHEVROLET","CHEVY II","1966","1966","1966","5 X 4.75","","","","","","model-not-matched"
"5 X 4.75","CHEVROLET","CHEVY II","1967","1967","1967","5 X 4.75","","","","","","model-not-matched"
"5 X 4.75","CHEVROLET","CHEVY II","1967","1967","1967","5 X 4.75","","","","","","model-not-matched"
"5 X 4.75","CHEVROLET","CHEVY II 100","1965","1965","1965","5 X 4.75","","","","","","model-not-matched"
"5 X 4.75","CHEVROLET","CHEVY II 100","1965","1965","1965","5 X 4.75","","","","","","model-not-matched"
"5 X 4.75","CHEVROLET","CHEVY II NOVA","1966","1966","1966","5 X 4.75","","","","","","model-not-matched"
"5 X 4.75","CHEVROLET","CHEVY II NOVA","1966","1966","1966","5 X 4.75","","","","","","model-not-matched"
"5 X 4.75","CHEVROLET","CHEVY II NOVA","1967","1967","1967","5 X 4.75","","","","","","model-not-matched"
"5 X 4.75","CHEVROLET","CHEVY II NOVA","1967","1967","1967","5 X 4.75","","","","","","model-not-matched"
"5 X 4.75","CHEVROLET","CHEVY II NOVA","1968","1968","1968","5 X 4.75","","","","","","model-not-matched"
"5 X 4.75","CHEVROLET","CHEVY II NOVA","1968","1968","1968","5 X 4.75","","","","","","model-not-matched"
"5 X 4.75","CHEVROLET","CHEVY II NOVA 400","1964","1964","1964","5 X 4.75","","","","","","model-not-matched"
"5 X 4.75","CHEVROLET","CHEVY II NOVA 400","1964","1964","1964","5 X 4.75","","","","","","model-not-matched"
"5 X 4.75","CHEVROLET","CHEVY II NOVA 400","1965","1965","1965","5 X 4.75","","","","","","model-not-matched"
"5 X 4.75","CHEVROLET","CHEVY II NOVA 400","1965","1965","1965","5 X 4.75","","","","","","model-not-matched"
"5 X 4.75","CHEVROLET","CHEVY II NOVA SS","1964","1964","1964","5 X 4.75","","","","","","model-not-matched"
"5 X 4.75","CHEVROLET","CHEVY II NOVA SS","1965","1965","1965","5 X 4.75","","","","","","model-not-matched"
"5 X 4.75","CHEVROLET","EL CAMINO","1960","1960","1960","5 X 4.75","","","","","","model-not-matched"
"5 X 4.75","CHEVROLET","EL CAMINO","1964","1964","1964","5 X 4.75","","","","","","model-not-matched"
"5 X 4.75","CHEVROLET","EL CAMINO","1965","1965","1965","5 X 4.75","","","","","","model-not-matched"
"5 X 4.75","CHEVROLET","EL CAMINO","1966","1966","1966","5 X 4.75","","","","","","model-not-matched"
"5 X 4.75","CHEVROLET","EL CAMINO","1967","1967","1967","5 X 4.75","","","","","","model-not-matched"
"5 X 4.75","CHEVROLET","EL CAMINO","1968","1968","1968","5 X 4.75","","","","","","model-not-matched"
"5 X 4.75","CHEVROLET","EL CAMINO","1969","1969","1969","5 X 4.75","","","","","","model-not-matched"
"5 X 4.75","CHEVROLET","EL CAMINO SS 396","1968","1968","1968","5 X 4.75","","","","","","model-not-matched"
"5 X 4.75","CHEVROLET","NOVA","1969","1969","1969","5 X 4.75","","","","","","model-not-matched"
"5 X 4.75","CHEVROLET","NOVA SS","1966","1966","1966","5 X 4.75","","","","","","model-not-matched"
"5 X 4.75","CHEVROLET","NOVA SS","1967","1967","1967","5 X 4.75","","","","","","model-not-matched"
"5 X 4.75","CHEVROLET","SEDAN DELIVERY","1960","1960","1960","5 X 4.75","","","","","","model-not-matched"
"5 X 4.75","CHEVROLET/GMC","ALL MID AND FULL SIZE RWD","1955-88","1955","1988","5 X 4.75","7/16-RH","70.3","70","80","","make-not-in-db"
"5 X 4.75","CHEVROLET/GMC","BELAIR/ BISCAYNE","1977-87","1977","1987","5 X 4.75","7/16-RH","70.3","70","80","","make-not-in-db"
"5 X 4.75","CHEVROLET/GMC","CAMARO","1982-92","1982","1992","5 X 4.75","12 X 1.5","70.3","75","85","","make-not-in-db"
"5 X 4.75","CHEVROLET/GMC","CAMARO","1993 >","1993","2027","5 X 4.75","12 X 1.5","70.3","75","85","","make-not-in-db"
"5 X 4.75","CHEVROLET/GMC","CAMARO, IROC Z","1985-92","1985","1992","5 X 4.75","12 X 1.5","70.3","75","85","","make-not-in-db"
"5 X 4.75","CHEVROLET/GMC","CORVETTE","1968-82","1968","1982","5 X 4.75","7/16-RH","70.3","70","80","","make-not-in-db"
"5 X 4.75","CHEVROLET/GMC","CORVETTE","1984-89","1984","1989","5 X 4.75","12 X 1.5","70.3","75","85","","make-not-in-db"
"5 X 4.75","CHEVROLET/GMC","CORVETTE","1990 >","1990","2027","5 X 4.75","12 X 1.5","70.3","75","85","","make-not-in-db"
"5 X 4.75","CHEVROLET/GMC","EL CAMINO, CABALLERO","1964-81","1964","1981","5 X 4.75","7/16-RH","70.3","70","80","","make-not-in-db"
"5 X 4.75","CHEVROLET/GMC","EL CAMINO, CABALLERO","1982-87","1982","1987","5 X 4.75","12 X 1.5","70.3","75","85","","make-not-in-db"
"5 X 4.75","CHEVROLET/GMC","IMPALA/ CAPRICE","1977-87","1977","1987","5 X 4.75","7/16-RH","70.3","70","80","","make-not-in-db"
"5 X 4.75","CHEVROLET/GMC","JIMMY 2WD, 4WD","1995-02","1995","2002","5 X 4.75","12 X 1.5","70.3","75","85","","make-not-in-db"
"5 X 4.75","CHEVROLET/GMC","S-10, S-15 BLAZER, JIMMY, SONOMA 2X4 MID SIZE","1982 >","1982","2027","5 X 4.75","12 X 1.5","70.3","75","85","","make-not-in-db"
"5 X 4.75","CHEVROLET/GMC","S-10, S-15 BLAZER, JIMMY, SONOMA 2X4 MID SIZE","1982-04","1982","2004","5 X 4.75","12 X 1.5","70.3","75","85","","make-not-in-db"
"5 X 4.75","CHEVROLET/GMC","S-10, S-15 BLAZER, JIMMY, SONOMA 4X4 MID SIZE","1983 >","1983","2027","5 X 4.75","12 X 1.5","70.3","75","85","","make-not-in-db"
"5 X 4.75","ISUZU","HOMBRE","1996-01","1996","2001","5 X 4.75","12 X 1.5","70.3","75","85","","model-not-matched"
"5 X 4.75","JAGUAR","XKR","2000-06","2000","2006","5 X 4.75","1/2-RH","74.1","75","85","","model-not-matched"
"5 X 4.75","OLDSMOBILE","ALL FULL SIZE 88, 89, RWD (W/O 403 ENG.)","1977-85","1977","1985","5 X 4.75","7/16-RH","70.3","70","80","","model-not-matched"
"5 X 4.75","OLDSMOBILE","ALL MID-SIZE RWD (CUTLASS, F85, 442, ETC.)","1965-87","1965","1987","5 X 4.75","7/16-RH or 12 X 1.5","70.3","","","","model-not-matched"
"5 X 4.75","OLDSMOBILE","TORONADO FWD","1979-85","1979","1985","5 X 4.75","12 X 1.5","70.3","75","85","","model-not-matched"
"5 X 4.75","PONTIAC","ALL FULL SIZE RWD (W/O 403 ENG.)","1977-86","1977","1986","5 X 4.75","7/16-RH","70.3","70","80","","model-not-matched"
"5 X 4.75","PONTIAC","PHOENIX","1980-85","1980","1985","5 X 4.75","12 X 1.5","70.3","75","85","","model-not-matched"
"5 X 127","CHEVROLET","WAGONS & HD MODELS","1955-95","1955","1995","5 X 127","1/2-RH","78.3","75","85","","model-not-matched"
"5 X 127","CHEVROLET/GMC","1/2 TON BLAZER, JIMMY, SUBURBAN FULL SIZE 2X4","1971-91","1971","1991","5 X 127","1/2-RH","78.1","75","85","","make-not-in-db"
"5 X 127","CHEVROLET/GMC","1/2 TON BLAZER/ JIMMY","1971-91","1971","1991","5 X 127","1/2-RH","78.3","75","85","","make-not-in-db"
"5 X 127","CHEVROLET/GMC","1/2 TON TRUCK ALL MODELS 2X4","1967-87","1967","1987","5 X 127","1/2-RH","78.3","75","85","","make-not-in-db"
"5 X 127","CHEVROLET/GMC","1/2 TON TRUCK ALL MODELS 2X4","1988-98","1988","1998","5 X 127","14 X 1.5","78.3","85","95","","make-not-in-db"
"5 X 127","CHEVROLET/GMC","1/2 TON TRUCKS ALL MODELS 2X4","1967-87","1967","1987","5 X 127","1/2-RH","78.3","75","85","","make-not-in-db"
"5 X 127","CHEVROLET/GMC","1/2 TON TRUCKS ALL MODELS 2X4","1988-98","1988","1998","5 X 127","14 X 1.5","78.3","85","95","","make-not-in-db"
"5 X 127","CHEVROLET/GMC","ASTRO/SAFARI","1985-02","1985","2002","5 X 127","1/2-RH","78.3","75","85","","make-not-in-db"
"5 X 127","CHEVROLET/GMC","ASTRO/SAFARI","1985-92","1985","1992","5 X 127","1/2-RH","78.3","75","85","","make-not-in-db"
"5 X 127","CHEVROLET/GMC","C-1500 PICKUP 2WD","1988-98","1988","1998","5 X 127","14 X 1.5","78.1","85","95","","make-not-in-db"
"5 X 127","CHEVROLET/GMC","CAPRICE CLASSIC","1990-97","1990","1997","5 X 127","12 X 1.5","78.3","75","85","","make-not-in-db"
"5 X 127","CHEVROLET/GMC","IMPALA SS","1994-97","1994","1997","5 X 127","12 X 1.5","78.3","75","85","","make-not-in-db"
"5 X 127","CHEVROLET/GMC","SAFARI","1995-02","1995","2002","5 X 127","1/2-RH","77.8","75","85","","make-not-in-db"
"5 X 127","CHEVROLET/GMC","SAVANA 1500","2001 >","2001","2027","5 X 127","14 X 1.5","78.3","85","95","","make-not-in-db"
"5 X 127","CHEVROLET/GMC","SUBURBAN/ FULL SIZE 2X4","1971-91","1971","1991","5 X 127","1/2-RH","78.3","75","85","","make-not-in-db"
"5 X 127","CHEVROLET/GMC","TAHOE, YUKON 2X4","1992-99","1992","1999","5 X 127","14 X 1.5","78.1","85","95","","make-not-in-db"
"5 X 127","CHEVROLET/GMC","TAHOE/ YUKON 2X4","1992-99","1992","1999","5 X 127","14 X 1.5","78.3","85","95","","make-not-in-db"
"5 X 127","CHEVROLET/GMC","VAN EXPRESS VAN 1500","1997-02","1997","2002","5 X 127","14 X 1.5","78.3","85","95","","make-not-in-db"
"5 X 127","CHEVROLET/GMC","VAN G-SERIES 1/2 TON","1971-02","1971","2002","5 X 127","1/2-RH","78.3","75","85","","make-not-in-db"
"5 X 127","CHEVROLET/GMC","VAN G-SERIES 1/2 TON","1971-96","1971","1996","5 X 127","1/2-RH","78.3","75","85","","make-not-in-db"
"5 X 127","CHEVROLET/GMC","WAGONS AND HD MODELS","1955-95","1955","1995","5 X 127","1/2-RH","78.3","75","85","","make-not-in-db"
"5 X 127","CHEVROLET/GMC","YUKON 2WD","1992-99","1992","1999","5 X 127","14 X 1.5","78.1","85","95","","make-not-in-db"
"5 X 127","FORD","FULL SIZE (CUSTOM, GALAXIE,T-BIRD)","1973-78","1973","1978","5 X 127","1/2-RH","","75","85","","model-not-matched"
"5 X 127","FORD","FULL SIZE CUSTOM","1973-78","1973","1978","5 X 127","1/2-RH","","75","85","","model-not-matched"
"5 X 127","JEEP","COMMANDER 2WD, 4WD","2006-08","2006","2008","5 X 127","1/2-RH","71.5","75","85","","model-not-matched"
"5 X 127","LINCOLN","MARK III","1973-79","1973","1979","5 X 127","1/2-RH","","75","85","","model-not-matched"
"5 X 127","MERCURY","MARQUIS, METEOR","1973-78","1973","1978","5 X 127","1/2-RH","","75","85","","model-not-matched"
"5 X 127","OLDSMOBILE","ALL FULL SIZE 88, 89, RWD (W/ 403 ENG.)","1964-92","1964","1992","5 X 127","1/2-RH","","75","85","","model-not-matched"
"5 X 127","PONTIAC","ALL FULL SIZE RWD (W/ 403 ENG.)","1971-90","1971","1990","5 X 127","1/2-RH","70.3","75","85","","model-not-matched"
"5 X 5","CHEVROLET","WAGONS & HD MODELS","1955-95","1955","1995","5 X 127","1/2-RH","78.3","75","85","","model-not-matched"
"5 X 5","CHEVROLET/GMC","1/2 TON BLAZER, JIMMY, SUBURBAN FULL SIZE 2X4","1971-91","1971","1991","5 X 127","1/2-RH","78.1","75","85","","make-not-in-db"
"5 X 5","CHEVROLET/GMC","1/2 TON BLAZER/ JIMMY","1971-91","1971","1991","5 X 127","1/2-RH","78.3","75","85","","make-not-in-db"
"5 X 5","CHEVROLET/GMC","1/2 TON TRUCK ALL MODELS 2X4","1967-87","1967","1987","5 X 127","1/2-RH","78.3","75","85","","make-not-in-db"
"5 X 5","CHEVROLET/GMC","1/2 TON TRUCK ALL MODELS 2X4","1988-98","1988","1998","5 X 127","14 X 1.5","78.3","85","95","","make-not-in-db"
"5 X 5","CHEVROLET/GMC","1/2 TON TRUCKS ALL MODELS 2X4","1967-87","1967","1987","5 X 127","1/2-RH","78.3","75","85","","make-not-in-db"
"5 X 5","CHEVROLET/GMC","1/2 TON TRUCKS ALL MODELS 2X4","1988-98","1988","1998","5 X 127","14 X 1.5","78.3","85","95","","make-not-in-db"
"5 X 5","CHEVROLET/GMC","ASTRO/SAFARI","1985-02","1985","2002","5 X 127","1/2-RH","78.3","75","85","","make-not-in-db"
"5 X 5","CHEVROLET/GMC","ASTRO/SAFARI","1985-92","1985","1992","5 X 127","1/2-RH","78.3","75","85","","make-not-in-db"
"5 X 5","CHEVROLET/GMC","C-1500 PICKUP 2WD","1988-98","1988","1998","5 X 127","14 X 1.5","78.1","85","95","","make-not-in-db"
"5 X 5","CHEVROLET/GMC","CAPRICE CLASSIC","1990-97","1990","1997","5 X 127","12 X 1.5","78.3","75","85","","make-not-in-db"
"5 X 5","CHEVROLET/GMC","IMPALA SS","1994-97","1994","1997","5 X 127","12 X 1.5","78.3","75","85","","make-not-in-db"
"5 X 5","CHEVROLET/GMC","SAFARI","1995-02","1995","2002","5 X 127","1/2-RH","77.8","75","85","","make-not-in-db"
"5 X 5","CHEVROLET/GMC","SAVANA 1500","2001 >","2001","2027","5 X 127","14 X 1.5","78.3","85","95","","make-not-in-db"
"5 X 5","CHEVROLET/GMC","SUBURBAN/ FULL SIZE 2X4","1971-91","1971","1991","5 X 127","1/2-RH","78.3","75","85","","make-not-in-db"
"5 X 5","CHEVROLET/GMC","TAHOE, YUKON 2X4","1992-99","1992","1999","5 X 127","14 X 1.5","78.1","85","95","","make-not-in-db"
"5 X 5","CHEVROLET/GMC","TAHOE/ YUKON 2X4","1992-99","1992","1999","5 X 127","14 X 1.5","78.3","85","95","","make-not-in-db"
"5 X 5","CHEVROLET/GMC","VAN EXPRESS VAN 1500","1997-02","1997","2002","5 X 127","14 X 1.5","78.3","85","95","","make-not-in-db"
"5 X 5","CHEVROLET/GMC","VAN G-SERIES 1/2 TON","1971-02","1971","2002","5 X 127","1/2-RH","78.3","75","85","","make-not-in-db"
"5 X 5","CHEVROLET/GMC","VAN G-SERIES 1/2 TON","1971-96","1971","1996","5 X 127","1/2-RH","78.3","75","85","","make-not-in-db"
"5 X 5","CHEVROLET/GMC","WAGONS AND HD MODELS","1955-95","1955","1995","5 X 127","1/2-RH","78.3","75","85","","make-not-in-db"
"5 X 5","CHEVROLET/GMC","YUKON 2WD","1992-99","1992","1999","5 X 127","14 X 1.5","78.1","85","95","","make-not-in-db"
"5 X 5","FORD","FULL SIZE (CUSTOM, GALAXIE,T-BIRD)","1973-78","1973","1978","5 X 127","1/2-RH","","75","85","","model-not-matched"
"5 X 5","FORD","FULL SIZE CUSTOM","1973-78","1973","1978","5 X 127","1/2-RH","","75","85","","model-not-matched"
"5 X 5","JEEP","COMMANDER 2WD, 4WD","2006-08","2006","2008","5 X 127","1/2-RH","71.5","75","85","","model-not-matched"
"5 X 5","LINCOLN","MARK III","1973-79","1973","1979","5 X 127","1/2-RH","","75","85","","model-not-matched"
"5 X 5","MERCURY","MARQUIS, METEOR","1973-78","1973","1978","5 X 127","1/2-RH","","75","85","","model-not-matched"
"5 X 5","OLDSMOBILE","ALL FULL SIZE 88, 89, RWD (W/ 403 ENG.)","1964-92","1964","1992","5 X 127","1/2-RH","","75","85","","model-not-matched"
"5 X 5","PONTIAC","ALL FULL SIZE RWD (W/ 403 ENG.)","1971-90","1971","1990","5 X 127","1/2-RH","70.3","75","85","","model-not-matched"
"5 X 130","Porsche","912","1964-89","1964","1989","5 X 130","","","","","","model-not-matched"
"5 X 135","FORD","F150 TRUCK","1997-00","1997","2000","5 X 135","12 X 1.75 OR 14 X 2","87","75","85","","model-not-matched"
"5 X 135","FORD","F150 TRUCK & 04 HERITAGE","2001-04","2001","2004","5 X 135","14 X 2.0","87","85","95","","model-not-matched"
"5 X 135","FORD","F150 TRUCK & 04 HERITAGE, LIGHTNING","1999-04","1999","2004","5 X 135","14 X 2.0","87","85","95","","model-not-matched"
"5 X 135","FORD","F150 TRUCK 2WD","2001-03","2001","2003","5 X 135","14 X 2.0","87","85","95","","model-not-matched"
"5 X 135","FORD","F150 TRUCK 4WD","1997-00","1997","2000","5 X 135","12 X 1.75","87","75","85","","model-not-matched"
"5 X 135","FORD","F150 TRUCK 4WD","2001-03","2001","2003","5 X 135","14 X 2.0","87","85","95","","model-not-matched"
"5 X 135","LINCOLN","BLACKWOOD","2002","2002","2002","5 X 135","14 X 2.0","87","85","95","","model-not-matched"
"5 X 5.5","CHEVROLET/GMC","TRACKER","1998 >","1998","2027","5 X 5.5","12 X 1.25","108","75","85","","make-not-in-db"
"5 X 5.5","CHRYSLER","ASPEN LIMITED 2WD 4WD","2007-08","2007","2008","5 X 5.5","9/16-RH","77.8","105","115","","model-not-matched"
"5 X 5.5","DAIHATSU","ROCKY 4WD","1989 >","1989","2027","5 X 5.5","12 X 1.5","108","75","85","","make-not-in-db"
"5 X 5.5","DAIHATSU","ROCKY-4WD","1989 >","1989","2027","5 X 5.5","12 X 1.5","108","75","85","","make-not-in-db"
"5 X 5.5","DODGE","1/2 & 3/4 TON TRUCK","1979-93","1979","1993","5 X 5.5","1/2-RH","77.8","75","85","","model-not-matched"
"5 X 5.5","DODGE","RAM 1/2 TON TRUCK 2 & 4WD","1994-01","1994","2001","5 X 5.5","1/2-RH","77.8","75","85","","model-not-matched"
"5 X 5.5","DODGE","RAM 1/2 TON TRUCK 2 & 4WD","2002 >","2002","2027","5 X 5.5","9/16-RH","77.8","105","115","","model-not-matched"
"5 X 5.5","DODGE","RAM 1/2 TON TRUCK 2WD, 4WD","1994-01","1994","2001","5 X 5.5","1/2-RH","77.8","75","85","","model-not-matched"
"5 X 5.5","DODGE","RAM 1/2 TON TRUCK 2WD, 4WD","2002 >","2002","2027","5 X 5.5","9/16-RH","77.8","105","115","","model-not-matched"
"5 X 5.5","DODGE","RAMCHARGER","1979-83","1979","1983","5 X 5.5","1/2-RH","77.8","75","85","","model-not-matched"
"5 X 5.5","FORD","1/2 TON E-100, 150 VAN","1970-96","1970","1996","5 X 5.5","1/2-RH","86.7","75","85","","model-not-matched"
"5 X 5.5","FORD","ECONOLINE E-150 VAN","2002-08","2002","2008","5 X 5.5","1/2-RH","87","75","85","","model-not-matched"
"5 X 5.5","FORD","F1/2 TON F-100, 150 TRUCK","1954-96","1954","1996","5 X 5.5","1/2-RH","86.7","75","85","","model-not-matched"
"5 X 5.5","FORD","F1/2 TON F-100, 150 TRUCK 2WD, 4WD","1954-96","1954","1996","5 X 5.5","1/2-RH","87","75","85","","model-not-matched"
"5 X 5.5","GEO","TRACKER 2&4 DOOR","1989 >","1989","2027","5 X 5.5","12 X 1.25","108","75","85","","model-not-matched"
"5 X 5.5","JEEP","ALL JEEP, CJ","1946-85","1946","1985","5 X 5.5","1/2-RH","108","75","85","","model-not-matched"
"5 X 5.5","MITSUBISHI","RAIDER LS, 2WD, RWD, DUROCROSS","2006-08","2006","2008","5 X 5.5","43359","77.8","105","115","","model-not-matched"
"5 X 150","TOYOTA","LANDCRUISER","1998 >","1998","2027","5 X 150","14 X 1.5","110","85","95","","model-not-matched"
"5 X 150","TOYOTA","LANDCRUISER","1998-08","1998","2008","5 X 150","14 X 1.5","110","85","95","","model-not-matched"
"6 X 115","CHEVROLET/GMC","UPLANDER","2006-08","2006","2008","6 X 115","12 X 1.5","70.3","75","85","","make-not-in-db"
"6 X 115","PONTIAC","MONTANA SV6","2006","2006","2006","6 X 115","12 X 1.5","70.3","75","85","","model-not-matched"
"6 X 127","CHEVROLET/GMC","ENVOY & XL & XUV","2002 >","2002","2027","6 X 127","12 X 1.5","78.3","75","85","","make-not-in-db"
"6 X 127","CHEVROLET/GMC","ENVOY & XL & XUV DENALI 05-08","2002-08","2002","2008","6 X 127","12 X 1.5","78.3","75","85","","make-not-in-db"
"6 X 127","CHEVROLET/GMC","SAVANA 1500 01-ON","2001 >","2001","2027","6 X 127","14 X 1.5","78.3","85","95","","make-not-in-db"
"6 X 127","CHEVROLET/GMC","SSR","2004 >","2004","2027","6 X 127","12 X 1.5","78.3","75","85","","make-not-in-db"
"6 X 127","CHEVROLET/GMC","TRAILBLAZER & EXT","2002 >","2002","2027","6 X 127","12 X 1.5","78.3","75","85","","make-not-in-db"
"6 X 127","ISUZU","ASCENDER","2003 >","2003","2027","6 X 127","12 X 1.5","78.3","75","85","","model-not-matched"
"6 X 127","ISUZU","ASCENDER","2003-08","2003","2008","6 X 127","12 X 1.5","78.3","75","85","","model-not-matched"
"6 X 127","SAAB","9 7X","2005-08","2005","2008","6 X 127","12 X 1.5","78.3","75","85","","model-not-matched"
"6 X 132","CHEVROLET/GMC","ACADIA SLE, SLT","2008","2008","2008","6 X 132","14 X 1.5","74.5","85","95","","make-not-in-db"
"6 X 132","SATURN","OUTLOOK","2007-08","2007","2008","6 X 132","14 X 1.5","74.5","85","95","","model-not-matched"
"6 X 135","FORD","F150 HARLEY 2WD, 4WD","2006-08","2006","2008","6 X 135","14 X 2.0","87","85","95","","model-not-matched"
"6 X 135","FORD","F150 TRUCK","2004 >","2004","2027","6 X 135","14 X 2.0","87","85","95","","model-not-matched"
"6 X 135","FORD","F150 TRUCK 4WD, XLT FX4 LARIAT 2&4WD","2004-08","2004","2008","6 X 135","14 X 2.0","87","85","95","","model-not-matched"
"6 X 135","LINCOLN","MARK LT 2WD, 4WD","2006-08","2006","2008","6 X 135","14 X 2.0","87","85","95","","model-not-matched"
"6 X 5.5","ACURA","SLX","1996-99","1996","1999","6 X 5.5","12 X 1.5","108","75","85","","model-not-matched"
"6 X 5.5","CHEVROLET/GMC","1/2 TON BLAZER, JIMMY, SUBURBAN FULL SIZE 4X4","1971-91","1971","1991","6 X 5.5","7/16-RH","108","70","80","","make-not-in-db"
"6 X 5.5","CHEVROLET/GMC","1/2 TON BLAZER, JIMMY, SUBURBAN, TAHOE, YUKON 2X4","2000 >","2000","2027","6 X 5.5","14 X 1.5","78.1","85","95","","make-not-in-db"
"6 X 5.5","CHEVROLET/GMC","1/2 TON BLAZER, JIMMY, SUBURBAN, TAHOE, YUKON, DENALI FULL SIZE 4X4","1992 >","1992","2027","6 X 5.5","14 X 1.5","78.1","85","95","","make-not-in-db"
"6 X 5.5","CHEVROLET/GMC","1/2 TON BLAZER/ JIMMY","1971-91","1971","1991","6 X 5.5","7/16-RH","78.3","70","80","","make-not-in-db"
"6 X 5.5","CHEVROLET/GMC","1/2 TON BLAZER/ JIMMY","2000 >","2000","2027","6 X 5.5","14 X 1.5","78.3","85","95","","make-not-in-db"
"6 X 5.5","CHEVROLET/GMC","1/2 TON TRUCK ALL MODELS 4X4","1967-87","1967","1987","6 X 5.5","7/16-RH","108","70","80","","make-not-in-db"
"6 X 5.5","CHEVROLET/GMC","1/2 TON TRUCK ALL MODELS 4X4","1988-98","1988","1998","6 X 5.5","14 X 1.5","78.3","85","95","","make-not-in-db"
"6 X 5.5","CHEVROLET/GMC","1/2 TON TRUCKS 2X4 & 4X4","1999 >","1999","2027","6 X 5.5","14 X 1.5","78.3","85","95","","make-not-in-db"
"6 X 5.5","CHEVROLET/GMC","1/2 TON TRUCKS ALL MODELS 2X4, 4X4","1999 >","1999","2027","6 X 5.5","14 X 1.5","78.3","85","95","","make-not-in-db"
"6 X 5.5","CHEVROLET/GMC","1/2 TON TRUCKS ALL MODELS 4X4","1967-87","1967","1987","6 X 5.5","1/2-RH","78.3","75","85","","make-not-in-db"
"6 X 5.5","CHEVROLET/GMC","1/2 TON TRUCKS ALL MODELS 4X4","1988-98","1988","1998","6 X 5.5","14 X 1.5","78.3","85","95","","make-not-in-db"
"6 X 5.5","CHEVROLET/GMC","3/4 TON TRUCK 2X4 4X4 2500 K SERIES","1988-00","1988","2000","6 X 5.5","14 X 1.5","100","85","95","","make-not-in-db"
"6 X 5.5","CHEVROLET/GMC","3/4 TON TRUCKS ALL MODELS 2X4/4X4","1976 >","1976","2027","6 X 5.5","1/2 OR 14","78.3","75","85","","make-not-in-db"
"6 X 5.5","CHEVROLET/GMC","ASTRO/SAFARI","1993 >","1993","2027","6 X 5.5","14 X 1.5","78.3","85","95","","make-not-in-db"
"6 X 5.5","CHEVROLET/GMC","ASTRO/SAFARI","2003-05","2003","2005","6 X 5.5","14 X 1.5","78.3","85","95","","make-not-in-db"
"6 X 5.5","CHEVROLET/GMC","AVALANCHE","2002 >","2002","2027","6 X 5.5","14 X 1.5","78.3","85","95","","make-not-in-db"
"6 X 5.5","CHEVROLET/GMC","AVALANCHE 1500, 2WD, 4WD","2002-06","2002","2006","6 X 5.5","14 X 1.5","78.3","85","95","","make-not-in-db"
"6 X 5.5","CHEVROLET/GMC","C-2500 PICKUP 2WD","1988-00","1988","2000","6 X 5.5","14 X 1.5","78.1","85","95","","make-not-in-db"
"6 X 5.5","CHEVROLET/GMC","CANYON SL, SLE, SLT 2WD, 4WD, ZQ8","2004-08","2004","2008","6 X 5.5","12 X 1.5","108","75","85","","make-not-in-db"
"6 X 5.5","CHEVROLET/GMC","CENSOR SLE","2008","2008","2008","6 X 5.5","12 X 1.5","108","75","85","","make-not-in-db"
"6 X 5.5","CHEVROLET/GMC","COLORADO/CANYON","2004 >","2004","2027","6 X 5.5","12 X 1.5","100","75","85","","make-not-in-db"
"6 X 5.5","CHEVROLET/GMC","DENALI/ FULL SIZE 4X4","1992 >","1992","2027","6 X 5.5","14 X 1.5","78.3","85","95","","make-not-in-db"
"6 X 5.5","CHEVROLET/GMC","K-1500 4WD","1988-98","1988","1998","6 X 5.5","14 X 1.5","78.1","85","95","","make-not-in-db"
"6 X 5.5","CHEVROLET/GMC","K-2500 4WD 6LUG","1988-00","1988","2000","6 X 5.5","14 X 1.5","78.1","85","95","","make-not-in-db"
"6 X 5.5","CHEVROLET/GMC","SAFARI RWD, AWD","2003-05","2003","2005","6 X 5.5","14 X 1.5","78.1","85","95","","make-not-in-db"
"6 X 5.5","CHEVROLET/GMC","SIERRA 1500 2WD, 4WD DENALI","1999-08","1999","2008","6 X 5.5","14 X 1.5","78.1","85","95","","make-not-in-db"
"6 X 5.5","CHEVROLET/GMC","SUBURBAN 1500 HD 2WD 4WD","2000-08","2000","2008","6 X 5.5","14 X 1.5","78.3","85","95","","make-not-in-db"
"6 X 5.5","CHEVROLET/GMC","SUBURBAN/ FULL SIZE 4X4","1971-91","1971","1991","6 X 5.5","7/16-RH","78.3","70","80","","make-not-in-db"
"6 X 5.5","CHEVROLET/GMC","SUBURBAN/ TAHOE /YUKON 2X4","2000 >","2000","2027","6 X 5.5","14 X 1.5","78.3","85","95","","make-not-in-db"
"6 X 5.5","CHEVROLET/GMC","TAHOE/ YUKON","1992 >","1992","2027","6 X 5.5","14 X 1.5","78.3","85","95","","make-not-in-db"
"6 X 5.5","CHEVROLET/GMC","VAN EXPRESS VAN 1500 SAVANA","2003-08","2003","2008","6 X 5.5","14 X 1.5","78.3","85","95","","make-not-in-db"
"6 X 5.5","CHEVROLET/GMC","VAN G-SERIES, 3/4 TON","1996-97","1996","1997","6 X 5.5","14 X 1.5","78.3","85","95","","make-not-in-db"
"6 X 5.5","CHEVROLET/GMC","YUKON 1500 2WD, 4WD HYBRID 2008","2000-08","2000","2008","6 X 5.5","14 X 1.5","78.1","85","95","","make-not-in-db"
"6 X 5.5","CHEVROLET/GMC","YUKON-DENALI 2WD, 4WD 1500 2WD 4WD","1992-08","1992","2008","6 X 5.5","14 X 1.5","78.1","85","95","","make-not-in-db"
"6 X 5.5","DODGE","D-50 & RAM-50, TURBO DIESEL","1979-93","1979","1993","6 X 5.5","12 X 1.5","108","75","85","","model-not-matched"
"6 X 5.5","DODGE","RAIDER 4WD","1986-89","1986","1989","6 X 5.5","12 X 1.5","108","75","85","","model-not-matched"
"6 X 5.5","FORD","COURIER PICKUP","1977-84","1977","1984","6 X 5.5","12 X 1.5","108","75","85","","model-not-matched"
"6 X 5.5","HYUNDAI","ENTOURAGE","2007-08","2007","2008","6 X 5.5","12 X 1.5","95.3","75","85","","model-not-matched"
"6 X 5.5","INFINITI","QX56","2004 >","2004","2027","6 X 5.5","12 X 1.25","77.8","75","85","","model-not-matched"
"6 X 5.5","INFINITI","QX56","2004-08","2004","2008","6 X 5.5","12 X 1.25","77.8","75","85","","model-not-matched"
"6 X 5.5","ISUZU","I-280, I-290, I-350, I-370 2&4WD","2006-08","2006","2008","6 X 5.5","12 X 1.5","100","75","85","","model-not-matched"
"6 X 5.5","ISUZU","PICKUP","1980-96","1980","1996","6 X 5.5","12 X 1.5","108","75","85","","model-not-matched"
"6 X 5.5","MAZDA","2600 PICKUP","1977-93","1977","1993","6 X 5.5","12 X 1.5","108","75","85","","model-not-matched"
"6 X 5.5","MAZDA","B-2000, 2200, 2300","1977-93","1977","1993","6 X 5.5","12 X 1.5","108","75","85","","model-not-matched"
"6 X 5.5","MAZDA","B-2000, 2200, 2300, 2600 PICKUP","1977-93","1977","1993","6 X 5.5","12 X 1.5","108","75","85","","model-not-matched"
"6 X 5.5","MAZDA","SE-5 OPT.15","1977-93","1977","1993","6 X 5.5","12 X 1.5","108","75","85","","model-not-matched"
"6 X 5.5","MITSUBISHI","PICKUP","1983-96","1983","1996","6 X 5.5","12 X 1.5","108","75","85","","model-not-matched"
"6 X 5.5","PLYMOUTH","ARROW P/U","1979-82","1979","1982","6 X 5.5","12 X 1.5","","75","85","","model-not-matched"
"6 X 5.5","TOYOTA","4-RUNNER","1986-02","1986","2002","6 X 5.5","12 X 1.5","106","75","85","","model-not-matched"
"6 X 5.5","TOYOTA","4-RUNNER","2000 >","2000","2027","6 X 5.5","12 X 1.5","106","75","85","","model-not-matched"
"6 X 5.5","TOYOTA","4-RUNNER V-6 & V-8","2003 >","2003","2027","6 X 5.5","12 X 1.5","106","75","85","","model-not-matched"
"6 X 5.5","TOYOTA","4-RUNNER V-6 & V-8","2003-08","2003","2008","6 X 5.5","12 X 1.5","106","75","85","","model-not-matched"
"6 X 5.5","TOYOTA","LANDCRUISER","1969-92","1969","1992","6 X 5.5","12 X 1.5","106","75","85","","model-not-matched"
"6 X 5.5","TOYOTA","LANDCRUISER","1993-97","1993","1997","6 X 5.5","12 X 1.5","106","75","85","","model-not-matched"
"6 X 5.5","TOYOTA","PICKUP 4WD, 4 RUNNER","1980-95","1980","1995","6 X 5.5","12 X 1.5","106","75","85","","model-not-matched"
"6 X 5.5","TOYOTA","T-100","1993-96","1993","1996","6 X 5.5","12 X 1.5","106","75","85","","model-not-matched"
"6 X 8.75","Dodge","M600 Motor home Chassis","1976-80","1976","1980","6 X 8.75","","","","","","model-not-matched"
"7 X 150","FORD","F150 XL HEAVY 1/2 2WD, 4WD","2004-07","2004","2007","7 X 150","14 X 2.0","87","85","95","","model-not-matched"
"7 X 150","FORD","F150 XL HEAVY DUTY","2004 >","2004","2027","7 X 150","14 X 2.0","87","85","95","","model-not-matched"
"8 X 6.5","CHEVROLET/GMC","AVALANCHE 2500, 4WD","2002-08","2002","2008","8 X 6.5","14 X 1.5","125","85","95","","make-not-in-db"
"8 X 6.5","CHEVROLET/GMC","C-2500 PICKUP 2WD HD 8 LUG","1988-00","1988","2000","8 X 6.5","14 X 1.5","116","85","95","","make-not-in-db"
"8 X 6.5","CHEVROLET/GMC","C-3500 2WD","1988-00","1988","2000","8 X 6.5","14 X 1.5","116","85","95","","make-not-in-db"
"8 X 6.5","CHEVROLET/GMC","C-3500/C-30","1988 >","1988","2027","8 X 6.5","","","","","","make-not-in-db"
"8 X 6.5","CHEVROLET/GMC","C-3500HD","2002 >","2002","2027","8 X 6.5","","","","","","make-not-in-db"
"8 X 6.5","CHEVROLET/GMC","C30 & Crew Cab","1988-90","1988","1990","8 X 6.5","","","","","","make-not-in-db"
"8 X 6.5","CHEVROLET/GMC","CK 2500 3500 DUALLY 2WD 4WD","1988-08","1988","2008","8 X 6.5","14 X 1.5","116","85","95","","make-not-in-db"
"8 X 6.5","CHEVROLET/GMC","Class C Motor home","1975-87","1975","1987","8 X 6.5","","","","","","make-not-in-db"
"8 X 6.5","CHEVROLET/GMC","Class C Motor home","1976 >","1976","2027","8 X 6.5","","","","","","make-not-in-db"
"8 X 6.5","CHEVROLET/GMC","GMC Motor home","1972-78","1972","1978","8 X 6.5","","","","","","make-not-in-db"
"8 X 6.5","CHEVROLET/GMC","K-2500 4WD 8LUG","1988-00","1988","2000","8 X 6.5","14 X 1.5","116","85","95","","make-not-in-db"
"8 X 6.5","CHEVROLET/GMC","K-3500 4WD","1988-00","1988","2000","8 X 6.5","14 X 1.5","116","85","95","","make-not-in-db"
"8 X 6.5","CHEVROLET/GMC","K3500/C30","1976 >","1976","2027","8 X 6.5","","","","","","make-not-in-db"
"8 X 6.5","CHEVROLET/GMC","K3500/C30","1976-87","1976","1987","8 X 6.5","","","","","","make-not-in-db"
"8 X 6.5","CHEVROLET/GMC","K3500/C30 4WD","1976-97","1976","1997","8 X 6.5","","","","","","make-not-in-db"
"8 X 6.5","CHEVROLET/GMC","SIERRA 2500 2WD, 4WD","1999-08","1999","2008","8 X 6.5","14 X 1.5","116","85","95","","make-not-in-db"
"8 X 6.5","CHEVROLET/GMC","SIERRA 3500 2WD, 4WD","1999-08","1999","2008","8 X 6.5","14 X 1.5","116","85","95","","make-not-in-db"
"8 X 6.5","CHEVROLET/GMC","SUBURBAN K2500 4WD","1988-99","1988","1999","8 X 6.5","14 X 1.5","117","85","95","","make-not-in-db"
"8 X 6.5","CHEVROLET/GMC","VAN EXPRESS VAN 2500, 3500 SAVANA","1997-08","1997","2008","8 X 6.5","14 X 1.5","117","85","95","","make-not-in-db"
"8 X 6.5","CHEVROLET/GMC","YUKON XL 2500 3/4 TON 2WD, 4WD","2000-06","2000","2006","8 X 6.5","14 X 1.5","116","85","95","","make-not-in-db"
"8 X 6.5","Dodge","D2/D3/D7","1973-84","1973","1984","8 X 6.5","","","","","","model-not-matched"
"8 X 6.5","Dodge","D2/D3/D7","1982 >","1982","2027","8 X 6.5","","","","","","model-not-matched"
"8 X 6.5","Dodge","D2/D3/D7","1988 >","1988","2027","8 X 6.5","","","","","","model-not-matched"
"8 X 6.5","Dodge","D2/D3/D7 4WD","1982 >","1982","2027","8 X 6.5","","","","","","model-not-matched"
"8 X 6.5","DODGE","RAM 3/4 TON TRUCK 2 & 4WD","1994 >","1994","2027","8 X 6.5","9/16-RH","122","105","115","","model-not-matched"
"8 X 6.5","DODGE","RAM 3/4 TON TRUCK 2WD, 4WD","1994 >","1994","2027","8 X 6.5","9/16-RH","122","105","115","","model-not-matched"
"8 X 6.5","Ford","E350 (8 Vent Hole)","1992 >","1992","2027","8 X 6.5","","","","","","model-not-matched"
"8 X 6.5","FORD","ECONOLINE E-250, E350 VAN","1992-08","1992","2008","8 X 6.5","9/16 OR 1/2-RH","124","","","","model-not-matched"
"8 X 6.5","FORD","F250 & F350 2WD, 4WD","1988-97","1988","1997","8 X 6.5","9/16 OR 1/2-RH","124","","","","model-not-matched"
"8 X 6.5","FORD","F250 & F350 DUALLY 2WD, 4WD","1988-98","1988","1998","8 X 6.5","43359","124","105","115","","model-not-matched"
"8 X 6.5","Ford","F350 (4 Vent Hole)","1992 >","1992","2027","8 X 6.5","","","","","","model-not-matched"
"8 X 6.5","Ford","F350 (4 Vent Hole)","1992-98","1992","1998","8 X 6.5","","","","","","model-not-matched"
"8 X 170","FORD","F250 & F350","1999-04","1999","2004","8 X 170","14 X 2.0","124","85","95","","model-not-matched"
"8 X 170","FORD","F250 & F350 2WD, 4WD","1999-04","1999","2004","8 X 170","14 X 2.0","124","85","95","","model-not-matched"
"8 X 170","FORD","F250 & F350 2WD, 4WD, SUPER DUTY","2005-08","2005","2008","8 X 170","14 X 1.5","124","85","95","","model-not-matched"
"8 X 170","FORD","F250 & F350 DUALLY 2WD, 4WD","1999-07","1999","2007","8 X 170","14 X 2.0","124","85","95","","model-not-matched"
"8 X 170","FORD","F250 & F350 SUPER DUTY","2004 >","2004","2027","8 X 170","14 X 1.5","124","85","95","","model-not-matched"
"8 X 170","Ford","F350 (course thread stud)","1999 >","1999","2027","8 X 170","","","","","","model-not-matched"
"8 X 170","Ford","F350 (fine thread stud)","2003-04","2003","2004","8 X 170","","","","","","model-not-matched"
"8 X 170","FORD","F350 HARLEY DAVISON","2005-08","2005","2008","8 X 170","14 X 1.5","124","85","95","","model-not-matched"
"8 X 200","FORD","F250 & F350 DUALLY 2WD, 4WD","2006-08","2006","2008","8 X 200","14 X 2.0","160","85","95","","model-not-matched"
"8 X 275","CHEVROLET/GMC","GM Low Pro","1990 >","1990","2027","8 X 275","","","","","","make-not-in-db"
"8 X 275","Ford","F600/F700","1990 >","1990","2027","8 X 275","","","","","","model-not-matched"
"10 X 7.25","CHEVROLET/GMC","C-3500HD","1992 >","1992","2027","10 X 7.25","","","","","","make-not-in-db"
"10 X 7.25","CHEVROLET/GMC","P30 Class A Motor Home","1977 >","1977","2027","10 X 7.25","","","","","","make-not-in-db"