id,year,make,model,trim,source,range,our_bolt,rk_bolt,bolt,our_bore,rk_bore,bore,our_stud,rk_stud,stud,rk_ref
"e64759b7-043a-4b5a-bf42-2501de884b3c","2000","daewoo","leganza","Base","api_import","tight","5x114.3","4x100|5x114.3","agree","67.1","56.1","disagree","M12x1.5","M12x1.5","agree","DAEWOO LEGANZA, PRINCE 1997 >"
"596190fa-600d-4024-841c-8bfb0a765744","2001","daewoo","leganza","Base","api_import","tight","5x114.3","4x100|5x114.3","agree","67.1","56.1","disagree","M12x1.5","M12x1.5","agree","DAEWOO LEGANZA, PRINCE 1997 >"
"b344cf7c-33c4-4460-b779-6de9ea2f0306","2002","daewoo","leganza","Base","api_import","tight","5x114.3","4x100|5x114.3","agree","67.1","56.1","disagree","M12x1.5","M12x1.5","agree","DAEWOO LEGANZA, PRINCE 1997 >"
"e2572eee-b3e8-45e2-83b9-38c48ca30faa","1999","daewoo","nubira","Base","90s-research-batch","tight","4x114.3","4x100","disagree","56.6","56.1","disagree","M12x1.5","M12x1.5","agree","DAEWOO LANOS, NUBIRA 1997 >"
"5d396227-43cc-4c93-ba07-28d6fba11d3b","1991","chevrolet","caprice","Base","generation_template","tight","5x127","5x127","agree","78.3","78.1","disagree","M12x1.5","M12x1.5","agree","CHEVROLET CAPRICE CLASSIC 1991-97"
"104d191f-df3b-4a35-8026-8b324a657056","1992","chevrolet","caprice","Base","generation_template","tight","5x127","5x127","agree","78.3","78.1","disagree","M12x1.5","M12x1.5","agree","CHEVROLET CAPRICE CLASSIC 1991-97"
"f39620e2-9abd-4ba2-ba5d-4474d2725836","1993","chevrolet","caprice","Base","generation_template","tight","5x127","5x127","agree","78.3","78.1","disagree","M12x1.5","M12x1.5","agree","CHEVROLET CAPRICE CLASSIC 1991-97"
"477ee60c-8389-4b35-a08f-3f96b15cff60","1994","chevrolet","caprice","Base","generation_template","tight","5x127","5x127","agree","78.3","78.1","disagree","M12x1.5","M12x1.5","agree","CHEVROLET CAPRICE CLASSIC 1991-97"
"6da6ac8e-2a17-44e8-adf0-40101e359d03","1996","chevrolet","caprice","Base","generation_template","tight","5x127","5x127","agree","78.3","78.1","disagree","M12x1.5","M12x1.5","agree","CHEVROLET CAPRICE CLASSIC 1991-97"
"f82c29bb-e3bc-4396-9212-5a639b34033f","2003","audi","s8","Base","trim-research","tight","5x112","5x112","agree","66.5","57.1","disagree","M14x1.5","M14x1.5","agree","AUDI S8 (LARGER CALIPERS) 2001 > ; AUDI S8 (LARGER CALIPERS) 2001-07"
"cfb79059-8959-46a2-b9eb-a2341d52113c","2006","hummer","h3","Base","generation_template","tight","6x139.7","6x139.7","agree","108","100","disagree","M14x1.5","M12x1.5","disagree","HUMMER H3, H3X, H3 ALPHA, BASE, LUXURY 2006-08"
"96ff45df-1b52-4e60-863e-0f3675a33f3c","2007","hummer","h3","Base","generation_template","tight","6x139.7","6x139.7","agree","108","100","disagree","M14x1.5","M12x1.5","disagree","HUMMER H3, H3X, H3 ALPHA, BASE, LUXURY 2006-08"
"3969b3a0-3759-491d-b37c-7608e285a60e","2006","cadillac","escalade","Base","wheelsize [expanded]","tight","6x139.7","6x139.7","agree","78.1","78.3","disagree","M14x1.5","M14x1.5","agree","CADILLAC ESCALADE, EXT & ESV 1998 >"
"c7c5b24b-8945-4955-afc9-f5d67ade53c1","2009","acura","mdx","Advance","trim-research","tight","5x120","5x114.3","disagree","64.1","64.1","agree","M14x1.5","M12x1.5","disagree","ACURA MDX 2001 >"
"3b1174dd-37bd-41cb-b85a-5f14ae8de687","2007","bmw","m5","M5","generation_inherit","tight","5x120","5x120","agree","72.6","74.1","disagree","M14x1.25","M12x1.5","disagree","BMW M5 2001 > ; BMW M5 (E60) 2001-07"
"2b2ab5e7-1a03-4f63-8ec9-1bc67a151a4e","2008","bmw","m5","M5","generation_inherit","tight","5x120","5x120","agree","72.6","74.1","disagree","M14x1.25","M12x1.5","disagree","BMW M5 2001 >"
"bec2c08b-c4d7-456b-8b41-814cefabc51a","2009","bmw","m5","Base","cache-import","tight","5x120","5x120","agree","72.6","74.1","disagree","M12x1.5","M12x1.5","agree","BMW M5 2001 >"
"13877db5-7875-48be-8cf6-8483ce6e2f97","2007","audi","a6","45 TFSI","generation_inherit","tight","5x112","5x112","agree","66.5","57.1","disagree","M14x1.5","M14x1.5","agree","AUDI A6 2.7T, 4.2 (LARGER CALIPERS) 1995-08 ; AUDI A6, 6.8, 3.0, 3.2 1995-08"
"434ddded-b972-4626-bc5f-3981768b2f14","2009","ford","e-350-econoline","Base","google-ai-overview","tight","8x165.1","8x170","disagree","124.1","","rk-missing","M14x2.0","","rk-missing","Ford E350/450 (4 Vent Hole) 2008 >"
"458f716d-a1f1-4aec-b717-a9feb524a95b","1994","ford","mustang","Cobra R","generation_inherit","tight","4x108","5x114.3","disagree","63.4","70.3","disagree","M12x1.5","1/2","disagree","FORD MUSTANG / GT 1994 > ; FORD MUSTANG / GT 1994-08"
"7f7919da-95ef-416d-853e-96edd9910ce7","1999","ford","mustang","Cobra","generation_inherit","tight","4x108","5x114.3","disagree","63.4","70.3","disagree","M12x1.5","1/2","disagree","FORD MUSTANG / GT 1994 > ; FORD MUSTANG / GT 1994-08 ; FORD MUSTANG GT (OPT.), COBRA 1997 > ; FORD MUSTANG GT (OPT.), COBRA 1997-08"
"68614d17-f401-449f-aaab-60a41c6070ce","2008","ford","mustang","GT","trim-research","tight","5x114.3","5x114.3","agree","70.5","70.3","disagree","M14x1.5","1/2","disagree","FORD MUSTANG / GT 1994-08 ; FORD MUSTANG GT (OPT.), COBRA 1997-08"
"7fe32944-59df-46cf-88b3-6c64964bf11e","2004","cadillac","cts","Base","generation_template [expanded]","tight","5x120","5x115|6x115","disagree","67.1","70.3|78.3","disagree","M14x1.5","M12x1.5","disagree","CADILLAC CTS 2003 > ; CADILLAC CTS 2003-07 ; CADILLAC CTS TYPE-V 2004 > ; CADILLAC CTS TYPE-V 2004-07"
"ebebdc54-4931-4929-a99e-887eceaa67a8","2003","cadillac","escalade","Luxury","generation_template [filled from 2002  [expanded]","tight","6x139.7","6x139.7","agree","78.1","78.3","disagree","M14x1.5","M14x1.5","agree","CADILLAC ESCALADE, EXT & ESV 1998 >"
"dd8b5fb3-33a0-4b8c-8ce6-daa4f5a60b65","2005","cadillac","escalade","Base","generation_template [filled from 2006  [expanded]","tight","6x139.7","6x139.7","agree","78.1","78.3","disagree","M14x1.5","M14x1.5","agree","CADILLAC ESCALADE, EXT & ESV 1998 >"
"09328957-910b-4793-bd8c-fc4f94ecd8e2","1997","infiniti","qx4","Base","90s-research-batch","tight","6x139.7","6x139.7","agree","100.1","108","disagree","M12x1.5","M12x1.25","disagree","INFINITI QX4 1996 > ; INFINITI QX4 1996-03"
"77d8e68c-fcda-4c22-b1e3-d2024e311fc5","1998","infiniti","qx4","Base","90s-research-batch","tight","6x139.7","6x139.7","agree","100.1","108","disagree","M12x1.5","M12x1.25","disagree","INFINITI QX4 1996 > ; INFINITI QX4 1996-03"
"818f0c29-66b9-4151-911d-a9c39156b45e","1999","infiniti","qx4","Base","90s-research-batch","tight","6x139.7","6x139.7","agree","100.1","108","disagree","M12x1.5","M12x1.25","disagree","INFINITI QX4 1996 > ; INFINITI QX4 1996-03"
"5f650ad4-efc9-4322-aa03-a55eb8f8fd7d","1997","ford","ranger","4WD","audit-2026-09-pass3-research","tight","5x114.3","5x114.3","agree","70.6","70.3","disagree","1/2-20","1/2","disagree","FORD RANGER 2WD 1981-08 ; FORD RANGER 4WD 1983-08"
"78b43527-34a3-4787-928e-12037f8e0dc7","1997","ford","ranger","Splash 2WD","audit-2026-09-pass3-research","tight","5x114.3","5x114.3","agree","70.6","70.3","disagree","1/2-20","1/2","disagree","FORD RANGER 2WD 1981-08 ; FORD RANGER 4WD 1983-08"
"06bbe6ad-3da8-4c1f-8750-a9eb8cd5d101","1999","ford","ranger","2WD","audit-2026-09-pass3-research","tight","5x114.3","5x114.3","agree","70.6","70.3","disagree","1/2-20","1/2","disagree","FORD RANGER 2WD 1981-08 ; FORD RANGER 4WD 1983-08"
"3ede747c-ac82-4c3e-9b92-34fadb12eb36","1999","ford","ranger","4WD","audit-2026-09-pass3-research","tight","5x114.3","5x114.3","agree","70.6","70.3","disagree","1/2-20","1/2","disagree","FORD RANGER 2WD 1981-08 ; FORD RANGER 4WD 1983-08"
"fa8f869d-87a3-4b10-9df5-c86bb2629218","2000","ford","ranger","XLT","cache-import [expanded]","tight","5x114.3","5x114.3","agree","70.6","70.3","disagree","M12x1.75","1/2","disagree","FORD RANGER 2WD 1981-08 ; FORD RANGER 4WD 1983-08"
"aa9d53da-300d-480e-8430-8b7b5542ed7b","2004","ford","ranger","XLT","cache-import [expanded]","tight","5x114.3","5x114.3","agree","70.6","70.3","disagree","M12x1.75","1/2","disagree","FORD RANGER 2WD 1981-08 ; FORD RANGER 4WD 1983-08"
"febb3904-d532-4d47-a708-aa96710fb346","2005","ford","ranger","XL, XLT, Lariat, Tremor, Raptor","cache-import","tight","5x114.3","5x114.3","agree","70.5","70.3","disagree","M12x1.75","1/2","disagree","FORD RANGER 2WD 1981-08 ; FORD RANGER 4WD 1983-08"
"0d05a808-b8a0-48f7-9f35-c52d1a194cbc","1995","buick","century","Base","90s-research-batch","tight","5x100","5x115","disagree","57.1","70.3","disagree","M12x1.5","M12x1.5","agree","BUICK CENTURY 1990-05"
"6f79cd16-7c9d-427d-9531-6ddc179dbbbd","2005","ford","ranger","XLT","cache-import [expanded]","tight","5x114.3","5x114.3","agree","70.6","70.3","disagree","M12x1.75","1/2","disagree","FORD RANGER 2WD 1981-08 ; FORD RANGER 4WD 1983-08"
"8759f755-b14a-40e6-8600-6f78b787f9d1","2008","buick","enclave","CX","google-ai-overview","tight","6x120","6x132","disagree","67.1","74.5","disagree","M14x1.5","M14x1.5","agree","BUICK ENCLAVE CX, CXL 2008"
"8dd7d9b3-4805-4f2a-b726-f2abb3f0bfa2","2008","buick","enclave","Leather","google-ai-overview","tight","6x120","6x132","disagree","67.1","74.5","disagree","M14x1.5","M14x1.5","agree","BUICK ENCLAVE CX, CXL 2008"
"9a102972-a215-4366-bc02-f2239ed2a653","2008","buick","enclave","Premium","google-ai-overview","tight","6x120","6x132","disagree","67.1","74.5","disagree","M14x1.5","M14x1.5","agree","BUICK ENCLAVE CX, CXL 2008"
"e979da7f-749f-4aa6-b2d1-753214b69b3d","2003","audi","a4","1.8T","generation_inherit","tight","5x112","5x112","agree","66.5","57.1","disagree","M14x1.5","M14x1.5","agree","AUDI A4 1996 > ; AUDI A4 1996-08"
"cd88e3e0-481f-49d9-90e9-08d1127f8a19","2008","audi","s8","Base","trim-research","tight","5x112","5x112","agree","66.5","57.1","disagree","M14x1.5","M14x1.5","agree","AUDI S8 (LARGER CALIPERS) 2001 >"
"aa8f02ed-ee6d-462d-a5f2-d4d785cad0b2","2007","audi","tt","Base","catalog-gap-fill","tight","5x112","5x100","disagree","57.1","57.1","agree","M14x1.5","M14x1.5","agree","AUDI TT 1999 > ; AUDI TT TURBO (LARGER CALIPERS) 1999 >"
"2df60157-e247-4218-82ca-adf1143135fb","1990","isuzu","amigo","Base","90s-research-batch","tight","6x139.7","6x139.7","agree","100.5","108","disagree","M12x1.5","M12x1.5","agree","ISUZU AMIGO 1989-00"
"f036bc4f-aaaf-4d53-ae1a-b97e71d20c51","1991","isuzu","amigo","Base","90s-research-batch","tight","6x139.7","6x139.7","agree","100.5","108","disagree","M12x1.5","M12x1.5","agree","ISUZU AMIGO 1989-00"
"63d12ae3-f448-4c80-bd11-cbcfca3d5f66","1992","isuzu","amigo","Base","90s-research-batch","tight","6x139.7","6x139.7","agree","100.5","108","disagree","M12x1.5","M12x1.5","agree","ISUZU AMIGO 1989-00"
"fb8659bc-3114-4822-92fa-7b963103e89d","1993","isuzu","amigo","Base","90s-research-batch","tight","6x139.7","6x139.7","agree","100.5","108","disagree","M12x1.5","M12x1.5","agree","ISUZU AMIGO 1989-00"
"c0c9482a-92dd-445a-bf8f-a8c9b8db32e2","1994","isuzu","amigo","Base","90s-research-batch","tight","6x139.7","6x139.7","agree","100.5","108","disagree","M12x1.5","M12x1.5","agree","ISUZU AMIGO 1989-00"
"c4c6d25f-aef8-4941-a5fc-39624cc7e9eb","1998","isuzu","amigo","Base","90s-research-batch","tight","6x139.7","6x139.7","agree","100.5","108","disagree","M12x1.5","M12x1.5","agree","ISUZU AMIGO 1989-00"
"8d063d91-bdef-41e8-ba03-8b9d52c78a18","1999","isuzu","amigo","Base","90s-research-batch","tight","6x139.7","6x139.7","agree","100.5","108","disagree","M12x1.5","M12x1.5","agree","ISUZU AMIGO 1989-00"
"67da14a1-5173-45f5-ad25-9e0d3f7f7403","2002","isuzu","axiom","Base","api_import","tight","5x114.3","6x139.7","disagree","71.5","108","disagree","M12x1.5","M12x1.5","agree","ISUZU AXIOM 2002 >"
"8e8aa57d-f5b2-4a7d-9aa9-73420be4b460","2003","isuzu","axiom","Base","api_import","tight","5x114.3","6x139.7","disagree","71.5","108","disagree","M12x1.5","M12x1.5","agree","ISUZU AXIOM 2002 >"
"ddd6db83-b65a-4407-af7e-37824df5b793","2004","isuzu","axiom","Base","api_import","tight","5x114.3","6x139.7","disagree","71.5","108","disagree","M12x1.5","M12x1.5","agree","ISUZU AXIOM 2002 >"
"a41d0f2f-6f88-4384-a7cd-c5ff545ed7bd","1997","isuzu","oasis","Base","90s-research-batch","tight","5x114.3","5x114.3","agree","64.1","70.3","disagree","M12x1.5","M12x1.5","agree","ISUZU OASIS 1997-02"
"81e6e8ec-e39d-4b00-9568-40d3744d0938","1998","isuzu","oasis","Base","90s-research-batch","tight","5x114.3","5x114.3","agree","64.1","70.3","disagree","M12x1.5","M12x1.5","agree","ISUZU OASIS 1997-02"
"784f63cb-ff4c-414f-99c0-d260c66623e7","1999","isuzu","oasis","Base","90s-research-batch","tight","5x114.3","5x114.3","agree","64.1","70.3","disagree","M12x1.5","M12x1.5","agree","ISUZU OASIS 1997-02"
"eb76b223-f681-474a-b55a-93acc3796e47","1991","isuzu","rodeo","Base","90s-research-batch","tight","6x139.7","6x139.7","agree","100.5","108","disagree","M12x1.5","M12x1.5","agree","ISUZU RODEO, RODEO SPORT 1991 > ; ISUZU RODEO, RODEO SPORT 1991-04"
"7760aea3-4313-44d7-a778-3348401b99f6","1993","isuzu","rodeo","Base","90s-research-batch","tight","6x139.7","6x139.7","agree","100.5","108","disagree","M12x1.5","M12x1.5","agree","ISUZU RODEO, RODEO SPORT 1991 > ; ISUZU RODEO, RODEO SPORT 1991-04"
"d9a81b02-84db-4074-9139-3716c109e655","1994","isuzu","rodeo","Base","90s-research-batch","tight","6x139.7","6x139.7","agree","100.5","108","disagree","M12x1.5","M12x1.5","agree","ISUZU RODEO, RODEO SPORT 1991 > ; ISUZU RODEO, RODEO SPORT 1991-04"
"90196891-71da-4ce6-8377-f235a79ae14f","1996","isuzu","rodeo","Base","90s-research-batch","tight","6x139.7","6x139.7","agree","100.5","108","disagree","M12x1.5","M12x1.5","agree","ISUZU RODEO, RODEO SPORT 1991 > ; ISUZU RODEO, RODEO SPORT 1991-04"
"73d3f416-ea07-4d92-ba89-0b8a98e44b3e","1998","isuzu","rodeo","Base","90s-research-batch","tight","6x139.7","6x139.7","agree","100.5","108","disagree","M12x1.5","M12x1.5","agree","ISUZU RODEO, RODEO SPORT 1991 > ; ISUZU RODEO, RODEO SPORT 1991-04"
"997e512d-eec9-4574-a115-63539a212ce9","1999","isuzu","rodeo","Base","90s-research-batch","tight","6x139.7","6x139.7","agree","100.5","108","disagree","M12x1.5","M12x1.5","agree","ISUZU RODEO, RODEO SPORT 1991 > ; ISUZU RODEO, RODEO SPORT 1991-04"
"f771b224-af48-48a7-b023-85628f46b463","2001","isuzu","rodeo","Base","api_import","tight","6x139.7","6x139.7","agree","106","108","disagree","M12x1.5","M12x1.5","agree","ISUZU RODEO, RODEO SPORT 1991-04"
"0a2d1cdb-6eb8-467b-b14b-e86ca0b27c62","2003","isuzu","rodeo","Base","api_import","tight","6x139.7","6x139.7","agree","106","108","disagree","M12x1.5","M12x1.5","agree","ISUZU RODEO, RODEO SPORT 1991-04"
"d1881953-f116-453e-be76-76aef46725ae","2004","isuzu","rodeo","Base","api_import","tight","6x139.7","6x139.7","agree","106","108","disagree","M12x1.5","M12x1.5","agree","ISUZU RODEO, RODEO SPORT 1991-04"
"401dbc4c-c28a-4c6a-ac92-26c205c9d005","1991","isuzu","trooper","Base","90s-research-batch","tight","6x139.7","6x139.7","agree","100.5","108","disagree","M12x1.5","M12x1.5","agree","ISUZU TROOPER II 1984-91"
"d47a2853-57c0-4879-9ca9-59c93c13ebb3","1992","isuzu","trooper","Base","90s-research-batch","tight","6x139.7","6x139.7","agree","100.5","108","disagree","M12x1.5","M12x1.5","agree","ISUZU TROOPER 1992-03 ; ISUZU TROOPER 1992-96"
"2b348c0f-ff05-41d6-b29e-b9c1dda81830","1993","isuzu","trooper","Base","90s-research-batch","tight","6x139.7","6x139.7","agree","100.5","108","disagree","M12x1.5","M12x1.5","agree","ISUZU TROOPER 1992-03 ; ISUZU TROOPER 1992-96"
"fe0f90cb-aee4-4230-bd9f-bc3b2eec153d","1994","isuzu","trooper","Base","90s-research-batch","tight","6x139.7","6x139.7","agree","100.5","108","disagree","M12x1.5","M12x1.5","agree","ISUZU TROOPER 1992-03 ; ISUZU TROOPER 1992-96"
"a20a0038-b38e-4970-bb2d-66f36f37a690","1995","isuzu","trooper","Base","90s-research-batch","tight","6x139.7","6x139.7","agree","100.5","108","disagree","M12x1.5","M12x1.5","agree","ISUZU TROOPER 1992-03 ; ISUZU TROOPER 1992-96"
"38da22c2-d55c-4464-8cb7-fad4631220bf","1996","isuzu","trooper","Base","90s-research-batch","tight","6x139.7","6x139.7","agree","100.5","108","disagree","M12x1.5","M12x1.5","agree","ISUZU TROOPER 1992-03 ; ISUZU TROOPER 1992-96"
"985cac7b-13f8-436d-989e-c6c08315349a","1997","isuzu","trooper","Base","90s-research-batch","tight","6x139.7","6x139.7","agree","100.5","108","disagree","M12x1.5","M12x1.5","agree","ISUZU TROOPER 1992-03"
"7dfd9140-60d5-4c35-a043-ad166979584f","1998","isuzu","trooper","Base","90s-research-batch","tight","6x139.7","6x139.7","agree","100.5","108","disagree","M12x1.5","M12x1.5","agree","ISUZU TROOPER 1992-03"
"de3c46d2-6f8e-46d2-95ea-2115a18032b3","1999","isuzu","trooper","Base","90s-research-batch","tight","6x139.7","6x139.7","agree","100.5","108","disagree","M12x1.5","M12x1.5","agree","ISUZU TROOPER 1992-03"
"7efeec50-860d-4532-ba27-db615b4c27f4","2000","isuzu","trooper","Base","api_import","tight","6x139.7","6x139.7","agree","106","108","disagree","M12x1.5","M12x1.5","agree","ISUZU TROOPER 1992-03"
"b6b9ab7a-94d3-4c5a-b406-572a35d2c823","2001","isuzu","trooper","Base","api_import","tight","6x139.7","6x139.7","agree","106","108","disagree","M12x1.5","M12x1.5","agree","ISUZU TROOPER 1992-03"
"478e4435-39b3-49b2-a38f-62a0d1b8eebb","2002","isuzu","trooper","Base","api_import","tight","6x139.7","6x139.7","agree","106","108","disagree","M12x1.5","M12x1.5","agree","ISUZU TROOPER 1992-03"
"2fe89410-79aa-4303-af5b-2a32ca4940c7","1991","geo","metro","Base","generation_template","tight","4x100","4x114.3","disagree","54","59.6","disagree","M12x1.25","M10x1.25|M12x1.25","agree","GEO METRO 1989-94 ; GEO METRO 1989-97 ; GEO METRO CONV. 1990-93 ; GEO METRO CONV. 1991-93"
"21d2b16b-2018-404f-b422-0192c2b75279","2011","bmw","6-series","Base","verified-research [sizes-inherited]","tight","5x120","5x120","agree","72.6","74.1","disagree","","M12x1.5","ours-missing","BMW 6 SERIES 2004 >"
"3d06acec-a118-4dc5-9f0f-dd34b95d51db","1997","acura","cl","Base","90s-research-batch","tight","5x114.3","4x114.3","disagree","64.1","64.1","agree","M12x1.5","M12x1.5","agree","ACURA 2.2, 3.0 CL 1995 >"
"5d0f4337-e7c8-4a5b-98b3-828ecb1c9e1c","2000","jaguar","xj","Base","google-ai-overview","tight","5x120","5x120.7","disagree","72.6","74.1","disagree","M12x1.5","1/2","disagree","JAGUAR XJ, XJ8, XJ8L, VANDAN PLAS 1991-03 ; JAGUAR XJ, XK ALL MODELS 1963-03 ; JAGUAR XJ, XK ALL MODELS 2 1969-03"
"93974df1-721c-4d05-90b6-541ee229fd33","2002","jaguar","xj","Base","google-ai-overview","tight","5x120","5x120.7","disagree","72.6","74.1","disagree","M12x1.5","1/2","disagree","JAGUAR XJ, XJ8, XJ8L, VANDAN PLAS 1991-03 ; JAGUAR XJ, XK ALL MODELS 1963-03 ; JAGUAR XJ, XK ALL MODELS 2 1969-03"
"72134ac5-446a-4882-bdaa-449c39438e57","2003","jaguar","xj","Base","google-ai-overview","tight","5x120","5x120.7","disagree","72.6","74.1","disagree","M12x1.5","1/2","disagree","JAGUAR XJ, XJ8, XJ8L, VANDAN PLAS 1991-03 ; JAGUAR XJ, XK ALL MODELS 1963-03 ; JAGUAR XJ, XK ALL MODELS 2 1969-03"
"02b877a3-4d23-49e6-9414-51edf85b053a","2004","jaguar","xj","Supersport","google-ai-overview","tight","5x108","5x108","agree","63.4","74.1|63.8","disagree","M12x1.5","M12x1.5","agree","JAGUAR XJ 2004 > ; JAGUAR XJ, XJ8, XJ8L, VANDAN PLAS 2004-08"
"325a7c82-869e-4882-8148-022cac40eb4b","2004","jaguar","xj","Vanden Plas","google-ai-overview","tight","5x108","5x108","agree","63.4","74.1|63.8","disagree","M14x1.5","M12x1.5","disagree","JAGUAR XJ 2004 > ; JAGUAR XJ, XJ8, XJ8L, VANDAN PLAS 2004-08"
"336d0a1a-118f-4fd4-8f3c-928d30dc5285","2004","jaguar","xj","XJ, XJL, XJR, Supersport","google-ai-overview","tight","5x108","5x108","agree","63.4","74.1|63.8","disagree","M12x1.5","M12x1.5","agree","JAGUAR XJ 2004 > ; JAGUAR XJ, XJ8, XJ8L, VANDAN PLAS 2004-08"
"ed87c90d-5934-442e-a5ab-7f0dac6fac19","2004","jaguar","xj","XJ8","google-ai-overview","tight","5x108","5x108","agree","63.4","74.1|63.8","disagree","M14x1.5","M12x1.5","disagree","JAGUAR XJ 2004 > ; JAGUAR XJ, XJ8, XJ8L, VANDAN PLAS 2004-08"
"d73b5ae4-35a2-4526-9352-ad739217676f","2004","jaguar","xj","XJL","google-ai-overview","tight","5x108","5x108","agree","63.4","74.1|63.8","disagree","M12x1.5","M12x1.5","agree","JAGUAR XJ 2004 > ; JAGUAR XJ, XJ8, XJ8L, VANDAN PLAS 2004-08"
"88e5ed4f-8142-4858-aa1d-09bd125cc032","2004","jaguar","xj","XJR","google-ai-overview","tight","5x108","5x108","agree","63.4","74.1|63.8","disagree","M12x1.5","M12x1.5","agree","JAGUAR XJ 2004 > ; JAGUAR XJ, XJ8, XJ8L, VANDAN PLAS 2004-08"
"6ed2f0d7-193b-4a16-9478-f23ca876c298","2005","jaguar","xj","Super V8","google-ai-overview","tight","5x108","5x108","agree","63.4","74.1|63.8","disagree","M14x1.5","M12x1.5","disagree","JAGUAR XJ 2004 > ; JAGUAR XJ, XJ8, XJ8L, VANDAN PLAS 2004-08"
"32205f2f-40d2-4f37-875a-7ba43ec52815","2005","jaguar","xj","Supersport","google-ai-overview","tight","5x108","5x108","agree","63.4","74.1|63.8","disagree","M12x1.5","M12x1.5","agree","JAGUAR XJ 2004 > ; JAGUAR XJ, XJ8, XJ8L, VANDAN PLAS 2004-08"
"4dccee8c-ef1c-47da-8f8a-ac167f309535","2005","jaguar","xj","Vanden Plas","google-ai-overview","tight","5x108","5x108","agree","63.4","74.1|63.8","disagree","M14x1.5","M12x1.5","disagree","JAGUAR XJ 2004 > ; JAGUAR XJ, XJ8, XJ8L, VANDAN PLAS 2004-08"
"cc53d052-fb22-4f47-ae3b-7f88535d8969","2005","jaguar","xj","XJ","google-ai-overview","tight","5x108","5x108","agree","63.4","74.1|63.8","disagree","M12x1.5","M12x1.5","agree","JAGUAR XJ 2004 > ; JAGUAR XJ, XJ8, XJ8L, VANDAN PLAS 2004-08"
"2aa4960a-30ee-4dbb-901d-ceaee608874d","2005","jaguar","xj","XJ, XJL, XJR, Supersport","google-ai-overview","tight","5x108","5x108","agree","63.4","74.1|63.8","disagree","M12x1.5","M12x1.5","agree","JAGUAR XJ 2004 > ; JAGUAR XJ, XJ8, XJ8L, VANDAN PLAS 2004-08"
"ee6ec132-3ab0-4f34-8718-02ffabc70be2","2005","jaguar","xj","XJ8","google-ai-overview","tight","5x108","5x108","agree","63.4","74.1|63.8","disagree","M14x1.5","M12x1.5","disagree","JAGUAR XJ 2004 > ; JAGUAR XJ, XJ8, XJ8L, VANDAN PLAS 2004-08"
"fffe8595-a6c5-4cdd-acec-375f6f09dc2d","2005","jaguar","xj","XJL","google-ai-overview","tight","5x108","5x108","agree","63.4","74.1|63.8","disagree","M12x1.5","M12x1.5","agree","JAGUAR XJ 2004 > ; JAGUAR XJ, XJ8, XJ8L, VANDAN PLAS 2004-08"
"b1120c9f-882a-483e-a749-1bc5e95c8ce2","2005","jaguar","xj","XJR","google-ai-overview","tight","5x108","5x108","agree","63.4","74.1|63.8","disagree","M12x1.5","M12x1.5","agree","JAGUAR XJ 2004 > ; JAGUAR XJ, XJ8, XJ8L, VANDAN PLAS 2004-08"
"87940e3a-bf13-427f-84bc-d30a53ef2953","2006","jaguar","xj","Super V8","google-ai-overview","tight","5x108","5x108","agree","63.4","74.1|63.8","disagree","M14x1.5","M12x1.5","disagree","JAGUAR XJ 2004 > ; JAGUAR XJ, XJ8, XJ8L, VANDAN PLAS 2004-08"
"f96ac789-305c-42e3-9e6f-a36daddf3a40","2006","jaguar","xj","Super V8 Portfolio","tiresize.com","tight","5x108","5x108","agree","63.4","74.1|63.8","disagree","M14x1.5","M12x1.5","disagree","JAGUAR XJ 2004 > ; JAGUAR XJ, XJ8, XJ8L, VANDAN PLAS 2004-08"
"23802b3e-2103-4ff8-9120-1b64e2ebe3a9","2006","jaguar","xj","Supersport","google-ai-overview","tight","5x108","5x108","agree","63.4","74.1|63.8","disagree","M12x1.5","M12x1.5","agree","JAGUAR XJ 2004 > ; JAGUAR XJ, XJ8, XJ8L, VANDAN PLAS 2004-08"
"dc825946-768a-4aba-abbd-1006f056b77f","2006","jaguar","xj","Vanden Plas","google-ai-overview","tight","5x108","5x108","agree","63.4","74.1|63.8","disagree","M14x1.5","M12x1.5","disagree","JAGUAR XJ 2004 > ; JAGUAR XJ, XJ8, XJ8L, VANDAN PLAS 2004-08"
"dd975b81-ab69-4ade-b68e-5e54b4bc4bad","2006","jaguar","xj","XJ","google-ai-overview","tight","5x108","5x108","agree","63.4","74.1|63.8","disagree","M12x1.5","M12x1.5","agree","JAGUAR XJ 2004 > ; JAGUAR XJ, XJ8, XJ8L, VANDAN PLAS 2004-08"
"bec96955-b973-4dec-a513-2eee4951d1be","2006","jaguar","xj","XJ, XJL, XJR, Supersport","google-ai-overview","tight","5x108","5x108","agree","63.4","74.1|63.8","disagree","M12x1.5","M12x1.5","agree","JAGUAR XJ 2004 > ; JAGUAR XJ, XJ8, XJ8L, VANDAN PLAS 2004-08"
"0f819eb5-f796-455b-aaee-71b0571b2392","2006","jaguar","xj","XJ8","google-ai-overview","tight","5x108","5x108","agree","63.4","74.1|63.8","disagree","M14x1.5","M12x1.5","disagree","JAGUAR XJ 2004 > ; JAGUAR XJ, XJ8, XJ8L, VANDAN PLAS 2004-08"
"fa89b1a2-097c-4ff4-bee3-9b0901e0e9ec","2006","jaguar","xj","XJ8 L","tiresize.com","tight","5x108","5x108","agree","63.4","74.1|63.8","disagree","M14x1.5","M12x1.5","disagree","JAGUAR XJ 2004 > ; JAGUAR XJ, XJ8, XJ8L, VANDAN PLAS 2004-08"
"60655ba5-97f0-447b-99cd-4142840f2cc5","2006","jaguar","xj","XJL","google-ai-overview","tight","5x108","5x108","agree","63.4","74.1|63.8","disagree","M12x1.5","M12x1.5","agree","JAGUAR XJ 2004 > ; JAGUAR XJ, XJ8, XJ8L, VANDAN PLAS 2004-08"
"46260d69-5fd5-499b-94c0-549ecd22e2fa","2006","jaguar","xj","XJR","google-ai-overview","tight","5x108","5x108","agree","63.4","74.1|63.8","disagree","M12x1.5","M12x1.5","agree","JAGUAR XJ 2004 > ; JAGUAR XJ, XJ8, XJ8L, VANDAN PLAS 2004-08"
"5b85ac2d-ea54-41d7-ab22-81c0c927dae6","2007","jaguar","xj","Super V8","google-ai-overview","tight","5x108","5x108","agree","63.4","74.1|63.8","disagree","M14x1.5","M12x1.5","disagree","JAGUAR XJ 2004 > ; JAGUAR XJ, XJ8, XJ8L, VANDAN PLAS 2004-08"
"8c5ed23b-6103-487d-b4b0-453ab3e37471","2007","jaguar","xj","Supersport","google-ai-overview","tight","5x108","5x108","agree","63.4","74.1|63.8","disagree","M12x1.5","M12x1.5","agree","JAGUAR XJ 2004 > ; JAGUAR XJ, XJ8, XJ8L, VANDAN PLAS 2004-08"
"b7ecf55f-822a-4abb-bf77-5c034bba708d","2007","jaguar","xj","Vanden Plas","google-ai-overview","tight","5x108","5x108","agree","63.4","74.1|63.8","disagree","M14x1.5","M12x1.5","disagree","JAGUAR XJ 2004 > ; JAGUAR XJ, XJ8, XJ8L, VANDAN PLAS 2004-08"
"6007154d-f34c-42ee-bc54-ca909d1c5521","2007","jaguar","xj","XJ","google-ai-overview","tight","5x108","5x108","agree","63.4","74.1|63.8","disagree","M12x1.5","M12x1.5","agree","JAGUAR XJ 2004 > ; JAGUAR XJ, XJ8, XJ8L, VANDAN PLAS 2004-08"
"d2b4ff75-a717-431d-8c6b-1d464d201801","2007","jaguar","xj","XJ, XJL, XJR, Supersport","google-ai-overview","tight","5x108","5x108","agree","63.4","74.1|63.8","disagree","M12x1.5","M12x1.5","agree","JAGUAR XJ 2004 > ; JAGUAR XJ, XJ8, XJ8L, VANDAN PLAS 2004-08"
"f2302ae7-0d8f-42d4-9e54-9f697a25853d","2007","jaguar","xj","XJ8","google-ai-overview","tight","5x108","5x108","agree","63.4","74.1|63.8","disagree","M14x1.5","M12x1.5","disagree","JAGUAR XJ 2004 > ; JAGUAR XJ, XJ8, XJ8L, VANDAN PLAS 2004-08"
"19b6caf2-9d2a-4038-9b01-379f3b057ad5","2007","jaguar","xj","XJ8 L","tiresize.com","tight","5x108","5x108","agree","63.4","74.1|63.8","disagree","M14x1.5","M12x1.5","disagree","JAGUAR XJ 2004 > ; JAGUAR XJ, XJ8, XJ8L, VANDAN PLAS 2004-08"
"951a7f49-4c55-42fa-954d-0920e54caf66","2007","jaguar","xj","XJL","google-ai-overview","tight","5x108","5x108","agree","63.4","74.1|63.8","disagree","M12x1.5","M12x1.5","agree","JAGUAR XJ 2004 > ; JAGUAR XJ, XJ8, XJ8L, VANDAN PLAS 2004-08"
"29863f34-a3dc-4aa8-b48d-0553380472ac","2007","jaguar","xj","XJR","google-ai-overview","tight","5x108","5x108","agree","63.4","74.1|63.8","disagree","M12x1.5","M12x1.5","agree","JAGUAR XJ 2004 > ; JAGUAR XJ, XJ8, XJ8L, VANDAN PLAS 2004-08"
"1e0d0b2c-fa6a-482c-8468-d1e13f61b1f8","2008","jaguar","xj","Super V8","google-ai-overview","tight","5x108","5x108","agree","63.4","74.1|63.8","disagree","M14x1.5","M12x1.5","disagree","JAGUAR XJ 2004 > ; JAGUAR XJ, XJ8, XJ8L, VANDAN PLAS 2004-08"
"2d1136ec-b566-47a7-9929-f9bbdb6f6828","2008","jaguar","xj","Super V8 Portfolio","tiresize.com","tight","5x108","5x108","agree","63.4","74.1|63.8","disagree","M14x1.5","M12x1.5","disagree","JAGUAR XJ 2004 > ; JAGUAR XJ, XJ8, XJ8L, VANDAN PLAS 2004-08"
"428585b6-0d12-4003-86d8-bfe64b9a7976","2008","jaguar","xj","Supersport","google-ai-overview","tight","5x108","5x108","agree","63.4","74.1|63.8","disagree","M12x1.5","M12x1.5","agree","JAGUAR XJ 2004 > ; JAGUAR XJ, XJ8, XJ8L, VANDAN PLAS 2004-08"
"41002617-5ef6-4b5e-91ea-857cd766c2f5","2008","jaguar","xj","Vanden Plas","google-ai-overview","tight","5x108","5x108","agree","63.4","74.1|63.8","disagree","M14x1.5","M12x1.5","disagree","JAGUAR XJ 2004 > ; JAGUAR XJ, XJ8, XJ8L, VANDAN PLAS 2004-08"
"e140a7d3-c0f3-4cf5-8fda-59e6e88118e3","2008","jaguar","xj","XJ","google-ai-overview","tight","5x108","5x108","agree","63.4","74.1|63.8","disagree","M12x1.5","M12x1.5","agree","JAGUAR XJ 2004 > ; JAGUAR XJ, XJ8, XJ8L, VANDAN PLAS 2004-08"
"11902449-7cdf-45b4-8c1f-4e40d8093796","2008","jaguar","xj","XJ, XJL, XJR, Supersport","google-ai-overview","tight","5x108","5x108","agree","63.4","74.1|63.8","disagree","M12x1.5","M12x1.5","agree","JAGUAR XJ 2004 > ; JAGUAR XJ, XJ8, XJ8L, VANDAN PLAS 2004-08"
"e7258aea-b2f7-4882-9275-509cf4106ad4","2008","jaguar","xj","XJ8","tiresize.com","tight","5x108","5x108","agree","63.4","74.1|63.8","disagree","M14x1.5","M12x1.5","disagree","JAGUAR XJ 2004 > ; JAGUAR XJ, XJ8, XJ8L, VANDAN PLAS 2004-08"
"31c6f8e7-a95b-46a4-9ab7-1128c7cbabec","2008","jaguar","xj","XJ8 L","google-ai-overview","tight","5x108","5x108","agree","63.4","74.1|63.8","disagree","M14x1.5","M12x1.5","disagree","JAGUAR XJ 2004 > ; JAGUAR XJ, XJ8, XJ8L, VANDAN PLAS 2004-08"
"0b25616c-5ba6-41ec-8030-23600d5b62b7","2008","jaguar","xj","XJL","google-ai-overview","tight","5x108","5x108","agree","63.4","74.1|63.8","disagree","M12x1.5","M12x1.5","agree","JAGUAR XJ 2004 > ; JAGUAR XJ, XJ8, XJ8L, VANDAN PLAS 2004-08"
"e010af09-8c54-48ef-b01d-e856fb1da578","2009","jaguar","xj","Super V8","google-ai-overview","tight","5x108","5x108","agree","63.4","74.1","disagree","M14x1.5","M12x1.5","disagree","JAGUAR XJ 2004 >"
"b5a2f979-21e5-4a92-a906-e74f6b494904","2009","jaguar","xj","Super V8 Portfolio","tiresize.com","tight","5x108","5x108","agree","63.4","74.1","disagree","M14x1.5","M12x1.5","disagree","JAGUAR XJ 2004 >"
"48df830c-9f22-47eb-bdb6-02a6a86d32ef","2009","jaguar","xj","Vanden Plas","google-ai-overview","tight","5x108","5x108","agree","63.4","74.1","disagree","M14x1.5","M12x1.5","disagree","JAGUAR XJ 2004 >"
"0eb64cb5-12e8-47ab-8b3c-b8c94e223c38","2009","jaguar","xj","XJ","google-ai-overview","tight","5x108","5x108","agree","63.4","74.1","disagree","M12x1.5","M12x1.5","agree","JAGUAR XJ 2004 >"
"11ea13cf-53e8-4e97-8344-73ff8b28adbd","2009","jaguar","xj","XJ, XJL, XJR, Supersport","google-ai-overview","tight","5x108","5x108","agree","63.4","74.1","disagree","M12x1.5","M12x1.5","agree","JAGUAR XJ 2004 >"
"0158b7aa-0702-4200-96a5-f3dddc066328","2009","jaguar","xj","XJ8","google-ai-overview","tight","5x108","5x108","agree","63.4","74.1","disagree","M14x1.5","M12x1.5","disagree","JAGUAR XJ 2004 >"
"c40ed247-4ea3-43f6-be89-8979dd427be8","2009","jaguar","xj","XJ8 L","tiresize.com","tight","5x108","5x108","agree","63.4","74.1","disagree","M14x1.5","M12x1.5","disagree","JAGUAR XJ 2004 >"
"d5b6e26e-36a2-4b76-bd6b-c029848b9527","2009","jaguar","xj","XJL","google-ai-overview","tight","5x108","5x108","agree","63.4","74.1","disagree","M12x1.5","M12x1.5","agree","JAGUAR XJ 2004 >"
"2109448f-951f-4924-bd61-314b82e1b3b2","2011","jaguar","xj","AWD","tiresize.com","tight","5x108","5x108","agree","63.4","74.1","disagree","M14x1.5","M12x1.5","disagree","JAGUAR XJ 2004 >"
"24e7f6db-b812-4e5d-8685-05098c5ecfb3","2011","jaguar","xj","Base","google-ai-overview","tight","5x108","5x108","agree","63.4","74.1","disagree","M14x1.5","M12x1.5","disagree","JAGUAR XJ 2004 >"
"7ece90fa-89b0-47b2-9d30-de05d13b6386","2011","jaguar","xj","Portfolio","google-ai-overview","tight","5x108","5x108","agree","63.4","74.1","disagree","M14x1.5","M12x1.5","disagree","JAGUAR XJ 2004 >"
"3a3b7177-c9f0-43e9-8324-1e2707a0d7e5","2011","jaguar","xj","Supercharged","google-ai-overview","tight","5x108","5x108","agree","63.4","74.1","disagree","M14x1.5","M12x1.5","disagree","JAGUAR XJ 2004 >"
"3f838fc8-a5f2-4381-bcbf-6e5c8fb0dcf9","2011","jaguar","xj","XJ","google-ai-overview","tight","5x108","5x108","agree","63.4","74.1","disagree","M12x1.5","M12x1.5","agree","JAGUAR XJ 2004 >"
"a3dbfe5f-c934-4924-a676-331741d6ee0b","2011","jaguar","xj","XJ, XJL, XJR, Supersport","google-ai-overview","tight","5x108","5x108","agree","63.4","74.1","disagree","M12x1.5","M12x1.5","agree","JAGUAR XJ 2004 >"
"779ebe41-7574-470a-8bc2-58a0ab8940ba","2011","jaguar","xj","XJL","google-ai-overview","tight","5x108","5x108","agree","63.4","74.1","disagree","M12x1.5","M12x1.5","agree","JAGUAR XJ 2004 >"
"75c01e4a-1f0e-49da-b08d-becf3a089b44","2011","jaguar","xj","XJR","google-ai-overview","tight","5x108","5x108","agree","63.4","74.1","disagree","M12x1.5","M12x1.5","agree","JAGUAR XJ 2004 >"
"7cddd47a-426d-4a0d-b052-ab08adc68394","2012","jaguar","xj","AWD","tiresize.com","tight","5x108","5x108","agree","63.4","74.1","disagree","M14x1.5","M12x1.5","disagree","JAGUAR XJ 2004 >"
"5823551c-2b87-495d-bdec-45498c7c593f","2012","jaguar","xj","Base","google-ai-overview","tight","5x108","5x108","agree","63.4","74.1","disagree","M14x1.5","M12x1.5","disagree","JAGUAR XJ 2004 >"
"5cdeb024-b71a-438c-83cb-6b500b424449","2012","jaguar","xj","Portfolio","google-ai-overview","tight","5x108","5x108","agree","63.4","74.1","disagree","M14x1.5","M12x1.5","disagree","JAGUAR XJ 2004 >"
"ec3f225c-7659-40a7-b057-6f37d0abbb3d","2012","jaguar","xj","Supercharged","google-ai-overview","tight","5x108","5x108","agree","63.4","74.1","disagree","M14x1.5","M12x1.5","disagree","JAGUAR XJ 2004 >"
"69bdabd1-3875-47d4-9348-930386a3d436","2012","jaguar","xj","Supersport","google-ai-overview","tight","5x108","5x108","agree","63.4","74.1","disagree","M12x1.5","M12x1.5","agree","JAGUAR XJ 2004 >"
"600b6c0a-48d1-4679-af96-9f4b720d104d","2012","jaguar","xj","XJ","google-ai-overview","tight","5x108","5x108","agree","63.4","74.1","disagree","M12x1.5","M12x1.5","agree","JAGUAR XJ 2004 >"
"10f367e9-417b-4594-bb9f-a329fbf6af97","2012","jaguar","xj","XJ, XJL, XJR, Supersport","google-ai-overview","tight","5x108","5x108","agree","63.4","74.1","disagree","M12x1.5","M12x1.5","agree","JAGUAR XJ 2004 >"
"fb5ea6ba-1e23-456e-b399-2fa6b68bee3c","2012","jaguar","xj","XJL","google-ai-overview","tight","5x108","5x108","agree","63.4","74.1","disagree","M12x1.5","M12x1.5","agree","JAGUAR XJ 2004 >"
"4cfd5a05-7fee-4045-9be7-0924b987612b","2012","jaguar","xj","XJR","google-ai-overview","tight","5x108","5x108","agree","63.4","74.1","disagree","M12x1.5","M12x1.5","agree","JAGUAR XJ 2004 >"
"7b8f9e8b-16c6-4eb0-89ba-88cbb0e10b08","1998","jaguar","xj8","Base","90s-research-batch","tight","5x120.7","5x120.7","agree","73.8","74.1","disagree","","1/2","ours-missing","JAGUAR XJ, XJ8, XJ8L, VANDAN PLAS 1991-03"
"ba18b871-47c9-4149-9a05-cbef151c6e68","2004","bmw","m5","Base","trim-research","tight","5x112","5x120","disagree","66.6","74.1","disagree","M14x1.25","M12x1.5","disagree","BMW M5 2001 > ; BMW M5 (E60) 2001-07"
"e8de1324-3174-4a23-80d2-76391cacd294","2005","bmw","m5","Base","cache-import","tight","5x120","5x120","agree","72.6","74.1","disagree","M12x1.5","M12x1.5","agree","BMW M5 2001 > ; BMW M5 (E60) 2001-07"
"c9bfcb8e-90be-49e8-abca-d56e0107cb95","2008","jaguar","xk","Base","google-ai-overview","tight","5x108","5x108","agree","63.4","63.8","disagree","M12x1.5","M12x1.5","agree","JAGUAR XK 2007-08"
"bfaf549e-3217-46c2-80a5-6e4b9f0c87fd","1998","jaguar","xk8","Base","90s-research-batch","tight","5x120.7","5x108","disagree","73.8","74.1","disagree","","1/2","ours-missing","JAGUAR XK8 1997-06"
"8d9b5e65-b888-4800-b541-e40e6cfa8961","1999","jaguar","xk8","Base","90s-research-batch","tight","5x120.7","5x108","disagree","73.8","74.1","disagree","","1/2","ours-missing","JAGUAR XK8 1997-06"
"a2001e82-b633-4144-b519-91840683dfc9","2005","bmw","5-series","M5","generation_inherit","tight","5x120","5x120","agree","72.6","74.1","disagree","M14x1.25","M12x1.5","disagree","BMW 5 SERIES 1997 > ; BMW 5 SERIES 1997-08"
"5f4f098b-8c79-49e8-b191-a4ec6faeeb97","2011","bmw","6-series","Base","catalog-gap-fill [web_research]","tight","5x120","5x120","agree","72.6","74.1","disagree","M12x1.5","M12x1.5","agree","BMW 6 SERIES 2004 >"
"bc015614-f6dd-4ae6-acf7-c9bfbd3d04af","2004","buick","rainier","Base","verified-research","tight","6x127","6x127","agree","78.1","78.3","disagree","M12x1.5","M12x1.5","agree","BUICK RAINIER 2004 > ; BUICK RAINIER CX, CXL, 2WD, AWD 2004-07"
"ed55b6bd-8944-416a-b2a3-8324349be6c6","2007","buick","rainier","Base","verified-research","tight","6x127","6x127","agree","78.1","78.3","disagree","M12x1.5","M12x1.5","agree","BUICK RAINIER 2004 > ; BUICK RAINIER CX, CXL, 2WD, AWD 2004-07"
"bd4da819-b8a4-47de-a8b7-8453a366cac8","1990","cadillac","brougham","Base","90s-research-batch","tight","5x127","5x115","disagree","78.3","70.3","disagree","M12x1.5","M12x1.5","agree","CADILLAC BROUGHAM FWD 1985 >"
"f2e55f31-4041-4631-a9b2-5b69fa907cbc","2003","cadillac","cts","Base, Luxury, Premium Luxury, V-Sport, V","generation_template","tight","5x115","5x115","agree","67.1","70.3","disagree","M14x1.5","M12x1.5","disagree","CADILLAC CTS 2003 > ; CADILLAC CTS 2003-07"
"eaf9ce4d-dd23-42a0-8ee5-ebd07b551521","2004","cadillac","cts","Luxury","generation_template [expanded]","tight","5x120","5x115|6x115","disagree","67.1","70.3|78.3","disagree","M14x1.5","M12x1.5","disagree","CADILLAC CTS 2003 > ; CADILLAC CTS 2003-07 ; CADILLAC CTS TYPE-V 2004 > ; CADILLAC CTS TYPE-V 2004-07"
"ae1438d9-f54d-4074-ac00-d352fb8d095f","2006","cadillac","cts","Base","generation_template [expanded]","tight","5x120","5x115|6x115","disagree","67.1","70.3|78.3","disagree","M14x1.5","M12x1.5","disagree","CADILLAC CTS 2003 > ; CADILLAC CTS 2003-07 ; CADILLAC CTS TYPE-V 2004 > ; CADILLAC CTS TYPE-V 2004-07"
"3a336d05-e880-4b16-92d1-158a9b6c43ac","2009","cadillac","cts","Luxury","generation_template [expanded]","tight","5x120","5x115|6x115","disagree","67.1","70.3|78.3","disagree","M14x1.5","M12x1.5","disagree","CADILLAC CTS 2003 > ; CADILLAC CTS TYPE-V 2004 >"
"ec1573f0-4b8c-4ff8-b32f-4794c85141f0","2010","cadillac","cts","Base","generation_template [web_research] [expanded]","tight","5x120","5x115|6x115","disagree","67.1","70.3|78.3","disagree","M14x1.5","M12x1.5","disagree","CADILLAC CTS 2003 > ; CADILLAC CTS TYPE-V 2004 >"
"1e0f03ab-aa5a-434d-9614-f080b71c207d","2010","cadillac","cts","Luxury","generation_template [web_research] [expanded]","tight","5x120","5x115|6x115","disagree","66.9","70.3|78.3","disagree","M14x1.5","M12x1.5","disagree","CADILLAC CTS 2003 > ; CADILLAC CTS TYPE-V 2004 >"
"205c46a7-10b1-466f-b603-08e255f57661","2011","cadillac","cts","Base, Luxury, Premium Luxury, V-Sport, V","generation_template [web_research]","tight","5x120","5x115|6x115","disagree","66.9","70.3|78.3","disagree","M14x1.5","M12x1.5","disagree","CADILLAC CTS 2003 > ; CADILLAC CTS TYPE-V 2004 >"
"93f9f0af-0dcf-4172-b142-69ff02973012","2012","cadillac","cts","Luxury","generation_template [web_research] [expanded]","tight","5x120","6x115","disagree","66.9","78.3","disagree","M14x1.5","M12x1.5","disagree","CADILLAC CTS TYPE-V 2004 >"
"cc0e7774-d848-4660-9ba0-842dec5403a6","2007","acura","mdx","Advance","trim-research","tight","5x120","5x114.3","disagree","64.1","64.1","agree","M14x1.5","M12x1.5","disagree","ACURA MDX 2001 >"
"8ec9341a-7aed-4da1-8362-509076b070e1","2006","cadillac","cts","Base","generation_template [expanded]","tight","5x120","5x115|6x115","disagree","67.1","70.3|78.3","disagree","M14x1.5","M12x1.5","disagree","CADILLAC CTS 2003 > ; CADILLAC CTS 2003-07 ; CADILLAC CTS TYPE-V 2004 > ; CADILLAC CTS TYPE-V 2004-07"
"fd7a419c-1c3c-4aa7-80d2-01044340d337","2003","cadillac","escalade","Base","generation_template [filled from 2002  [expanded]","tight","6x139.7","6x139.7","agree","78.1","78.3","disagree","M14x1.5","M14x1.5","agree","CADILLAC ESCALADE, EXT & ESV 1998 >"
"b65fa183-9130-4222-ae03-bd1dbb755408","2003","cadillac","escalade","Luxury, Premium Luxury, Sport, Platinum, V","generation_template [filled from 2002 escalade]","tight","6x139.7","6x139.7","agree","78.1","78.3","disagree","M14x1.5","M14x1.5","agree","CADILLAC ESCALADE, EXT & ESV 1998 >"
"b38a3c86-1ca1-4d0d-bade-9c28c0989b50","2006","audi","a6","45 TFSI","generation_inherit","tight","5x112","5x112","agree","66.5","57.1","disagree","M14x1.5","M14x1.5","agree","AUDI A6 2.7T, 4.2 (LARGER CALIPERS) 1995-08 ; AUDI A6, 6.8, 3.0, 3.2 1995-08"
"a5972bb7-d4a6-4c53-89b7-df07c68419cd","2007","audi","a6","45 TFSI","generation_inherit","tight","5x112","5x112","agree","66.5","57.1","disagree","M14x1.5","M14x1.5","agree","AUDI A6 2.7T, 4.2 (LARGER CALIPERS) 1995-08 ; AUDI A6, 6.8, 3.0, 3.2 1995-08"
"fcf3f594-47d8-4a0a-8474-add125e507da","1991","ford","explorer","XLT","cache-import [expanded]","tight","5x114.3","5x114.3","agree","70.6","70.3","disagree","M12x1.5","1/2","disagree","FORD EXPLORER & SPORT TRAC 7 1990-01"
"644688fd-1277-44bf-b394-1f0adf2dc274","1994","ford","explorer","Base, XLT, Limited, ST, Platinum, King Ranch, Timberline","cache-import","tight","5x114.3","5x114.3","agree","70.5","70.3","disagree","M12x1.5","1/2","disagree","FORD EXPLORER & SPORT TRAC 7 1990-01"
"04e5ccac-3bd2-4caf-b213-7f7231208376","1998","ford","explorer","XLT","trim-research","tight","5x114.3","5x114.3","agree","70.6","70.3","disagree","M12x1.5","1/2","disagree","FORD EXPLORER & SPORT TRAC 7 1990-01"
"381b2a7a-d5fc-4d57-8476-91f7c3f6c949","2006","buick","terraza","Base","verified-research","tight","6x115","5x115","disagree","70.3","70.3","agree","M12x1.5","M12x1.5","agree","BUICK TERRAZA CX, CXL, AWD 2005-07"
"b51b153c-7a8e-4a87-8412-5874cb18baeb","2011","cadillac","cts","Base","generation_template [web_research] [expanded]","tight","5x120","5x115|6x115","disagree","67.1","70.3|78.3","disagree","M14x1.5","M12x1.5","disagree","CADILLAC CTS 2003 > ; CADILLAC CTS TYPE-V 2004 >"
"8765cadf-7ee2-4d5b-8d9a-81558a2b44f6","2001","kia","optima","EX","batch2v2-trim-groups","tight","5x114.3","4x114.3","disagree","67.1","67.1","agree","M12x1.5","M12x1.5","agree","KIA OPTIMA 2001 > ; KIA OPTIMA LE, EX 2001-06"
"42d31b9d-cebd-489b-a57a-f31c7eb85fb1","2004","cadillac","cts","Base","generation_template [expanded]","tight","5x120","5x115|6x115","disagree","67.1","70.3|78.3","disagree","M14x1.5","M12x1.5","disagree","CADILLAC CTS 2003 > ; CADILLAC CTS 2003-07 ; CADILLAC CTS TYPE-V 2004 > ; CADILLAC CTS TYPE-V 2004-07"
"525429a5-fa12-4b26-a911-760e4145736f","2001","kia","optima","LX","batch2v2-trim-groups","tight","5x114.3","4x114.3","disagree","67.1","67.1","agree","M12x1.5","M12x1.5","agree","KIA OPTIMA 2001 > ; KIA OPTIMA LE, EX 2001-06"
"7cc055d8-cd11-4325-bd9c-f5a88a086fd6","2002","kia","optima","EX","batch2v2-trim-groups","tight","5x114.3","4x114.3","disagree","67.1","67.1","agree","M12x1.5","M12x1.5","agree","KIA OPTIMA 2001 > ; KIA OPTIMA LE, EX 2001-06"
"d1baa20c-b9cc-49d8-bb84-b1d2b0bc975d","2002","kia","optima","LX","batch2v2-trim-groups","tight","5x114.3","4x114.3","disagree","67.1","67.1","agree","M12x1.5","M12x1.5","agree","KIA OPTIMA 2001 > ; KIA OPTIMA LE, EX 2001-06"
"8907314e-cd8a-47a2-bd17-ad29ff8a4868","2005","cadillac","cts","Base","generation_template [expanded]","tight","5x120","5x115|6x115","disagree","67.1","70.3|78.3","disagree","M14x1.5","M12x1.5","disagree","CADILLAC CTS 2003 > ; CADILLAC CTS 2003-07 ; CADILLAC CTS TYPE-V 2004 > ; CADILLAC CTS TYPE-V 2004-07"
"7c8e6be8-a888-4cd9-8483-27330889732a","2003","kia","optima","EX","batch2v2-trim-groups","tight","5x114.3","4x114.3","disagree","67.1","67.1","agree","M12x1.5","M12x1.5","agree","KIA OPTIMA 2001 > ; KIA OPTIMA LE, EX 2001-06"
"f781e810-1806-4bb0-8e91-07e7391dd334","2003","kia","optima","LX","batch2v2-trim-groups","tight","5x114.3","4x114.3","disagree","67.1","67.1","agree","M12x1.5","M12x1.5","agree","KIA OPTIMA 2001 > ; KIA OPTIMA LE, EX 2001-06"
"084b9799-5519-4aa2-9d39-cc758165ecc7","2004","kia","optima","EX","batch2v2-trim-groups","tight","5x114.3","4x114.3","disagree","67.1","67.1","agree","M12x1.5","M12x1.5","agree","KIA OPTIMA 2001 > ; KIA OPTIMA LE, EX 2001-06"
"56f16d14-abed-4216-8efc-3c62184088ca","2006","cadillac","cts","Base","generation_template [expanded]","tight","5x120","5x115|6x115","disagree","67.1","70.3|78.3","disagree","M14x1.5","M12x1.5","disagree","CADILLAC CTS 2003 > ; CADILLAC CTS 2003-07 ; CADILLAC CTS TYPE-V 2004 > ; CADILLAC CTS TYPE-V 2004-07"
"9f97aea4-a384-4ffb-836a-927652abddd3","2004","kia","optima","LX","batch2v2-trim-groups","tight","5x114.3","4x114.3","disagree","67.1","67.1","agree","M12x1.5","M12x1.5","agree","KIA OPTIMA 2001 > ; KIA OPTIMA LE, EX 2001-06"
"5440f70f-aa97-478e-b675-a126c8b21a16","2005","kia","optima","EX","batch2v2-trim-groups","tight","5x114.3","4x114.3","disagree","67.1","67.1","agree","M12x1.5","M12x1.5","agree","KIA OPTIMA 2001 > ; KIA OPTIMA LE, EX 2001-06"
"c2f1826c-ceba-4fe7-a995-3a43e4c750e7","2005","kia","optima","LX","batch2v2-trim-groups","tight","5x114.3","4x114.3","disagree","67.1","67.1","agree","M12x1.5","M12x1.5","agree","KIA OPTIMA 2001 > ; KIA OPTIMA LE, EX 2001-06"
"852f0000-194f-40fc-9982-f7e236b91c28","2006","kia","optima","EX","batch2v2-trim-groups","tight","5x114.3","4x114.3","disagree","67.1","67.1","agree","M12x1.5","M12x1.5","agree","KIA OPTIMA 2001 > ; KIA OPTIMA LE, EX 2001-06"
"4af99823-a0b8-4305-bb1e-4ddfa35c47df","2006","kia","optima","LX","batch2v2-trim-groups","tight","5x114.3","4x114.3","disagree","67.1","67.1","agree","M12x1.5","M12x1.5","agree","KIA OPTIMA 2001 > ; KIA OPTIMA LE, EX 2001-06"
"7b201982-3d6d-4c52-ab1d-0fd9dbd902e3","2009","kia","optima","EX/SX","batch2v2-trim-groups","tight","5x114.3","4x114.3","disagree","67.1","67.1","agree","M12x1.5","M12x1.5","agree","KIA OPTIMA 2001 >"
"d30b2441-b52b-4ee1-a6ea-212f5271fd2e","2009","kia","optima","LX","batch2v2-trim-groups","tight","5x114.3","4x114.3","disagree","67.1","67.1","agree","M12x1.5","M12x1.5","agree","KIA OPTIMA 2001 >"
"761f82c4-da7d-45bf-ba0a-cf5496ccd2be","2012","cadillac","cts","Base","generation_template [web_research] [expanded]","tight","5x120","6x115","disagree","67.1","78.3","disagree","M14x1.5","M12x1.5","disagree","CADILLAC CTS TYPE-V 2004 >"
"7539b3d8-5b46-4af9-ab0c-db6628b27db1","2009","kia","sedona","EX/SX","verified-research","tight","6x139.7","5x114.3","disagree","92.3","67.1","disagree","M12x1.5","M12x1.5","agree","KIA SEDONA 2002 >"
"3b8900a7-0fc8-48c9-99f3-c306f48f6d19","2009","kia","sedona","LX","verified-research","tight","6x139.7","5x114.3","disagree","92.3","67.1","disagree","M12x1.5","M12x1.5","agree","KIA SEDONA 2002 >"
"dc437ed8-088f-48a0-807c-f3f74fef7970","2010","kia","sedona","EX/SX","verified-research","tight","6x139.7","5x114.3","disagree","92.3","67.1","disagree","M12x1.5","M12x1.5","agree","KIA SEDONA 2002 >"
"efb0aaa1-cebc-423c-a2da-15625553bdba","2010","kia","sedona","LX","verified-research","tight","6x139.7","5x114.3","disagree","92.3","67.1","disagree","M12x1.5","M12x1.5","agree","KIA SEDONA 2002 >"
"18a3e065-9bcb-4758-b376-38a650aea653","1999","cadillac","escalade","Base","generation_template [expanded]","tight","6x139.7","6x139.7","agree","78.1","78.3","disagree","M14x1.5","M14x1.5","agree","CADILLAC ESCALADE, EXT & ESV 1998 >"
"49e56baa-e541-4825-b6b6-f1cb876d09e1","2001","cadillac","escalade","Base","final-gap-fill [expanded]","tight","6x139.7","6x139.7","agree","78.1","78.3","disagree","M14x1.5","M14x1.5","agree","CADILLAC ESCALADE, EXT & ESV 1998 >"
"2bda3fdf-50de-4dea-8395-51701c56cee4","2001","cadillac","escalade","Base","final-gap-fill [expanded]","tight","6x139.7","6x139.7","agree","78.1","78.3","disagree","M14x1.5","M14x1.5","agree","CADILLAC ESCALADE, EXT & ESV 1998 >"
"4aa4d5eb-dd74-4d57-a171-34110b8a237d","2001","cadillac","escalade","Base","final-gap-fill [expanded]","tight","6x139.7","6x139.7","agree","78.1","78.3","disagree","M14x1.5","M14x1.5","agree","CADILLAC ESCALADE, EXT & ESV 1998 >"
"2f30d1ea-ad9a-4502-8406-dfa060dbd636","2001","cadillac","escalade","Luxury, Premium Luxury, Sport, Platinum, V","final-gap-fill","tight","6x139.7","6x139.7","agree","78.1","78.3","disagree","M14x1.5","M14x1.5","agree","CADILLAC ESCALADE, EXT & ESV 1998 >"
"db5694e6-f4ad-4cec-9843-b9764f61343d","2001","cadillac","escalade","Luxury","final-gap-fill [expanded]","tight","6x139.7","6x139.7","agree","78.1","78.3","disagree","M14x1.5","M14x1.5","agree","CADILLAC ESCALADE, EXT & ESV 1998 >"
"6fb9d41c-10b0-421f-9c08-05db1e680c07","2011","kia","sorento","EX","cache-import [expanded]","tight","5x114.3","5x139.7","disagree","67.1","95.3","disagree","M12x1.5","M12x1.5","agree","KIA SORENTO 2003 >"
"d26e7a2b-b87f-45ba-9ca2-1699bf61adfe","2011","kia","sorento","LX","cache-import [expanded]","tight","5x114.3","5x139.7","disagree","67.1","95.3","disagree","M12x1.5","M12x1.5","agree","KIA SORENTO 2003 >"
"19b569a8-02a8-4390-9b69-220ad585adac","2011","kia","sorento","LX, S, EX, SX, SX Prestige, X-Line","cache-import","tight","5x114.3","5x139.7","disagree","67.1","95.3","disagree","M12x1.5","M12x1.5","agree","KIA SORENTO 2003 >"
"db53153a-eccb-43b4-a2c2-1dd64fda07b4","2011","kia","sorento","S","cache-import [expanded]","tight","5x114.3","5x139.7","disagree","67.1","95.3","disagree","M12x1.5","M12x1.5","agree","KIA SORENTO 2003 >"
"50a190d0-eac9-4234-b26e-9f75bfd7a443","2011","kia","sorento","SX","cache-import [expanded]","tight","5x114.3","5x139.7","disagree","67.1","95.3","disagree","M12x1.5","M12x1.5","agree","KIA SORENTO 2003 >"
"2bdb5f2f-22e8-40a9-b3fd-fbf673b81975","2011","kia","sorento","SX Prestige","cache-import [expanded]","tight","5x114.3","5x139.7","disagree","67.1","95.3","disagree","M12x1.5","M12x1.5","agree","KIA SORENTO 2003 >"
"c616be82-e1dc-46ac-9433-78b8737292f4","2011","kia","sorento","X-Line","cache-import [expanded]","tight","5x114.3","5x139.7","disagree","67.1","95.3","disagree","M12x1.5","M12x1.5","agree","KIA SORENTO 2003 >"
"a12b47e8-0892-4814-896c-0ec07256d26c","1990","honda","accord","Base","trim-research","tight","5x114.3","4x114.3","disagree","64.1","64.1","agree","M12x1.5","M12x1.5","agree","HONDA ACCORD 1990-96 ; HONDA ACCORD EX, LX, WAGON 1990-97"
"2b49b7bd-88cd-4e9b-bc98-9e6098304e64","1991","honda","accord","Base","trim-research","tight","5x114.3","4x114.3","disagree","64.1","64.1","agree","M12x1.5","M12x1.5","agree","HONDA ACCORD 1990-96 ; HONDA ACCORD EX, LX, WAGON 1990-97"
"6fc215ef-033c-4ac2-a84b-a4bd8f8ed271","1993","honda","accord","Base","trim-research","tight","5x114.3","4x114.3","disagree","64.1","64.1","agree","M12x1.5","M12x1.5","agree","HONDA ACCORD 1990-96 ; HONDA ACCORD EX, LX, WAGON 1990-97"
"6226706e-397a-422d-b6f6-04ea563fba76","2001","ford","explorer","XLT","cache-import [expanded]","tight","5x114.3","5x114.3","agree","70.6","70.3","disagree","M12x1.5","1/2","disagree","FORD EXPLORER & SPORT TRAC 7 1990-01"
"7aab86e5-bc78-4347-8050-6999e805a211","2001","ford","ranger","XLT","cache-import [expanded]","tight","5x114.3","5x114.3","agree","70.6","70.3","disagree","M12x1.75","1/2","disagree","FORD RANGER 2WD 1981-08 ; FORD RANGER 4WD 1983-08"
"2cb895e1-6d98-4103-9e59-44e620ccf51a","2009","honda","civic","DX","trim-research","tight","5x114.3","4x100","disagree","64.1","56.1","disagree","M12x1.5","M12x1.5","agree","HONDA CIVIC HYBRID 2003 > ; HONDA CIVIC SI HATCHBACK 2002 >"
"0d18ede4-757f-49fb-85e1-58e13ebdfa2d","2009","honda","civic","LX","trim-research","tight","5x114.3","4x100","disagree","64.1","56.1","disagree","M12x1.5","M12x1.5","agree","HONDA CIVIC HYBRID 2003 > ; HONDA CIVIC SI HATCHBACK 2002 >"
"8cd027e7-69f0-4202-bbcd-654f3e93c78d","2010","honda","civic","Touring","cache-import [expanded]","tight","5x114.3","4x100","disagree","64.1","56.1","disagree","M12x1.5","M12x1.5","agree","HONDA CIVIC HYBRID 2003 > ; HONDA CIVIC SI HATCHBACK 2002 >"
"00a6bc46-4953-457b-a1a2-5565fbb6c7b1","2011","honda","civic","EX-L","trim-research","tight","5x114.3","4x100","disagree","64.1","56.1","disagree","M12x1.5","M12x1.5","agree","HONDA CIVIC HYBRID 2003 >"
"9496fede-3578-45a7-b356-da713c57cf7a","1995","honda","odyssey","Base","trim-research","tight","5x114.3","5x114.3","agree","64.1","70.3","disagree","M12x1.5","M12x1.5","agree","HONDA ODYSSEY 1995 > ; HONDA ODYSSEY 1995-04"
"aa5871f4-5b16-4a0f-ba08-5c9360361a58","1996","honda","odyssey","Base","trim-research","tight","5x114.3","5x114.3","agree","64.1","70.3","disagree","M12x1.5","M12x1.5","agree","HONDA ODYSSEY 1995 > ; HONDA ODYSSEY 1995-04"
"502e7182-ecda-4455-9d82-60fd89d34f20","1998","honda","odyssey","Base","trim-research","tight","5x114.3","5x114.3","agree","64.1","70.3","disagree","M12x1.5","M12x1.5","agree","HONDA ODYSSEY 1995 > ; HONDA ODYSSEY 1995-04"
"8306b8d3-fd7d-470d-9ded-02c1f7247d4a","2000","honda","odyssey","LX","trim-research","tight","5x114.3","5x114.3","agree","64.1","70.3","disagree","M12x1.5","M12x1.5","agree","HONDA ODYSSEY 1995 > ; HONDA ODYSSEY 1995-04"
"ba8539b1-bd89-4585-9a7b-d38e319ab018","2002","honda","odyssey","EX","trim-research","tight","5x114.3","5x114.3","agree","64.1","70.3","disagree","M12x1.5","M12x1.5","agree","HONDA ODYSSEY 1995 > ; HONDA ODYSSEY 1995-04"
"e7379c77-c266-428d-8264-ebb8a230e0bb","2002","honda","odyssey","LX","trim-research","tight","5x114.3","5x114.3","agree","64.1","70.3","disagree","M12x1.5","M12x1.5","agree","HONDA ODYSSEY 1995 > ; HONDA ODYSSEY 1995-04"
"44b81859-b1ca-46c2-a813-81c2a7a41941","2004","honda","odyssey","EX","trim-research","tight","5x114.3","5x114.3","agree","64.1","70.3","disagree","M12x1.5","M12x1.5","agree","HONDA ODYSSEY 1995-04"
"00aaa403-13ce-46ab-99c7-b4497dc06e7a","1995","chevrolet","caprice","Base","generation_template","tight","5x127","5x127","agree","78.3","78.1","disagree","M12x1.5","M12x1.5","agree","CHEVROLET CAPRICE CLASSIC 1991-97"
"fec9363e-1e45-400e-a787-b834830589d4","1994","honda","passport","Base","90s-research-batch","tight","6x139.7","6x139.7","agree","107","108","disagree","M12x1.5","M12x1.5","agree","HONDA PASSPORT 1994-02 ; HONDA PASSPORT 1994-03"
"8ac84800-a982-4ac2-984a-0ae0b22776af","1995","honda","passport","Base","90s-research-batch","tight","6x139.7","6x139.7","agree","107","108","disagree","M12x1.5","M12x1.5","agree","HONDA PASSPORT 1994-02 ; HONDA PASSPORT 1994-03"
"35137e57-330b-4cf9-af43-64f3627dbfdc","1996","honda","passport","Base","90s-research-batch","tight","6x139.7","6x139.7","agree","107","108","disagree","M12x1.5","M12x1.5","agree","HONDA PASSPORT 1994-02 ; HONDA PASSPORT 1994-03"
"cf003922-84ac-48b7-bab0-4d460fa49338","2005","cadillac","escalade","Base","generation_template [filled from 2006  [expanded]","tight","6x139.7","6x139.7","agree","78.1","78.3","disagree","M14x1.5","M14x1.5","agree","CADILLAC ESCALADE, EXT & ESV 1998 >"
"169fd93d-a575-45e5-8a85-c4535ab3878a","2005","cadillac","escalade","Luxury","generation_template [filled from 2006  [expanded]","tight","6x139.7","6x139.7","agree","78.1","78.3","disagree","M14x1.5","M14x1.5","agree","CADILLAC ESCALADE, EXT & ESV 1998 >"
"0daace4d-9652-4d47-b071-4058fd9f6fb0","2003","honda","pilot","TrailSport","cache-import [expanded]","tight","5x120","5x114.3","disagree","64.1","64.1","agree","M12x1.5","M12x1.5","agree","HONDA PILOT 2003 > ; HONDA PILOT 2003-08"
"13464f2f-95e6-4bf9-a6a2-097c69915521","2004","cadillac","escalade","Luxury","generation_template [filled from 2003  [expanded]","tight","6x139.7","6x139.7","agree","78.1","78.3","disagree","M14x1.5","M14x1.5","agree","CADILLAC ESCALADE, EXT & ESV 1998 >"
"53a6a924-307f-4082-b3cf-2284e77ae089","2006","honda","pilot","Elite","cache-import [expanded]","tight","5x120","5x114.3","disagree","64.1","64.1","agree","M12x1.5","M12x1.5","agree","HONDA PILOT 2003 > ; HONDA PILOT 2003-08"
"cb2eeb08-98a5-473c-9e9f-4ed5fecd4952","2009","honda","pilot","EX-L","trim-research","tight","5x120","5x114.3","disagree","64.1","64.1","agree","M12x1.5","M12x1.5","agree","HONDA PILOT 2003 >"
"8a7dbc8d-6c08-4775-b1fe-e661a519b99e","2009","honda","pilot","LX","trim-research","tight","5x120","5x114.3","disagree","64.1","64.1","agree","M12x1.5","M12x1.5","agree","HONDA PILOT 2003 >"
"fba4ccc1-f33d-4e52-8e17-509fc57309b3","2010","honda","pilot","LX","trim-research","tight","5x120","5x114.3","disagree","64.1","64.1","agree","M12x1.5","M12x1.5","agree","HONDA PILOT 2003 >"
"43786276-1378-4a33-a93a-58dd38e6cca2","2010","honda","pilot","LX, EX, EX-L, Touring, Elite, TrailSport","trim-research","tight","5x120","5x114.3","disagree","64.1","64.1","agree","M12x1.5","M12x1.5","agree","HONDA PILOT 2003 >"
"c803a179-bf0b-4a77-bc09-83fe4710de0b","2011","honda","pilot","EX","trim-research","tight","5x120","5x114.3","disagree","64.1","64.1","agree","M12x1.5","M12x1.5","agree","HONDA PILOT 2003 >"
"70776737-2c18-4b04-9f0c-82a0d861f1fc","2011","honda","pilot","Elite","cache-import [expanded]","tight","5x120","5x114.3","disagree","64.1","64.1","agree","M12x1.5","M12x1.5","agree","HONDA PILOT 2003 >"
"6fbaa009-efb3-4c5b-9cdd-ab0d0bfa0300","2011","honda","pilot","Touring","trim-research","tight","5x120","5x114.3","disagree","64.1","64.1","agree","M12x1.5","M12x1.5","agree","HONDA PILOT 2003 >"
"9994ab9b-94e4-4d66-93e9-df19a677c0e5","2001","chrysler","pt-cruiser","Base","catalog-gap-fill","tight","5x115","5x100","disagree","71.5","57.1","disagree","M12x1.5","M12x1.5","agree","CHRYSLER PT CRUISER, TURBO & CONVERTIBLE 2000 > ; CHRYSLER PT CRUISER, TURBO & CONVERTIBLE 2001-08"
"ca217e86-6ab5-4d69-a795-84d196b43d08","2002","chrysler","pt-cruiser","Base","catalog-gap-fill","tight","5x115","5x100","disagree","71.5","57.1","disagree","M12x1.5","M12x1.5","agree","CHRYSLER PT CRUISER, TURBO & CONVERTIBLE 2000 > ; CHRYSLER PT CRUISER, TURBO & CONVERTIBLE 2001-08"
"504b0482-9ee7-4757-b1cd-1168aa566dfb","2003","chrysler","pt-cruiser","Base","catalog-gap-fill","tight","5x115","5x100","disagree","71.5","57.1","disagree","M12x1.5","M12x1.5","agree","CHRYSLER PT CRUISER, TURBO & CONVERTIBLE 2000 > ; CHRYSLER PT CRUISER, TURBO & CONVERTIBLE 2001-08"
"8d70fa4d-5d24-4144-9585-9b373db254be","2004","chrysler","pt-cruiser","Base","catalog-gap-fill","tight","5x115","5x100","disagree","71.5","57.1","disagree","M12x1.5","M12x1.5","agree","CHRYSLER PT CRUISER, TURBO & CONVERTIBLE 2000 > ; CHRYSLER PT CRUISER, TURBO & CONVERTIBLE 2001-08"
"e727792e-e7ac-435d-83ed-13ebc8c216b2","2005","chrysler","pt-cruiser","Base","catalog-gap-fill","tight","5x115","5x100","disagree","71.5","57.1","disagree","M12x1.5","M12x1.5","agree","CHRYSLER PT CRUISER, TURBO & CONVERTIBLE 2000 > ; CHRYSLER PT CRUISER, TURBO & CONVERTIBLE 2001-08"
"a6b3d19e-5f7c-43a3-afe7-a326d714c9e5","2006","chrysler","pt-cruiser","Base","catalog-gap-fill","tight","5x115","5x100","disagree","71.5","57.1","disagree","M12x1.5","M12x1.5","agree","CHRYSLER PT CRUISER, TURBO & CONVERTIBLE 2000 > ; CHRYSLER PT CRUISER, TURBO & CONVERTIBLE 2001-08"
"13017783-9a4a-4f7c-a0e5-bff6e8063d91","2007","chrysler","pt-cruiser","Base","catalog-gap-fill","tight","5x115","5x100","disagree","71.5","57.1","disagree","M12x1.5","M12x1.5","agree","CHRYSLER PT CRUISER, TURBO & CONVERTIBLE 2000 > ; CHRYSLER PT CRUISER, TURBO & CONVERTIBLE 2001-08"
"7c971866-11d6-42e3-a064-20c0c258a79d","2008","chrysler","pt-cruiser","Base","catalog-gap-fill","tight","5x115","5x100","disagree","71.5","57.1","disagree","M12x1.5","M12x1.5","agree","CHRYSLER PT CRUISER, TURBO & CONVERTIBLE 2000 > ; CHRYSLER PT CRUISER, TURBO & CONVERTIBLE 2001-08"
"6dc90955-ffd5-4372-9543-9ea36c4bf56e","1995","chrysler","sebring","Base","90s-research-batch","tight","5x100","5x114.3","disagree","57.1","67.1","disagree","M12x1.5","M12x1.5","agree","CHRYSLER SEBRING LXI 1995 >"
"b713a2b0-fc58-407f-a71d-2f549f9fa64c","2008","hummer","h3","Base","generation_template","tight","6x139.7","6x139.7","agree","108","100","disagree","M14x1.5","M12x1.5","disagree","HUMMER H3, H3X, H3 ALPHA, BASE, LUXURY 2006-08"
"43eba104-7247-47d4-8c7d-2ed7d787c7fc","2005","cadillac","cts","Luxury","generation_template [expanded]","tight","5x120","5x115|6x115","disagree","67.1","70.3|78.3","disagree","M14x1.5","M12x1.5","disagree","CADILLAC CTS 2003 > ; CADILLAC CTS 2003-07 ; CADILLAC CTS TYPE-V 2004 > ; CADILLAC CTS TYPE-V 2004-07"
"64b5c3d6-2fd8-4a1b-852d-7b4280129347","2005","cadillac","cts","Base","generation_template [expanded]","tight","5x120","5x115|6x115","disagree","67.1","70.3|78.3","disagree","M14x1.5","M12x1.5","disagree","CADILLAC CTS 2003 > ; CADILLAC CTS 2003-07 ; CADILLAC CTS TYPE-V 2004 > ; CADILLAC CTS TYPE-V 2004-07"
"95daaf8e-b3f8-4f35-8355-1f9ac9abfbfa","1990","mercury","cougar","Base","generation-baseline","tight","5x114.3","5x108","disagree","70.6","63.4","disagree","M12x1.75","M12x1.5","disagree","MERCURY COUGAR 1989-97"
"d15f1008-b6f8-4202-a447-f0ee203fd546","2000","mercury","cougar","Base","generation-baseline","tight","5x108","4x108","disagree","63.4","63.4","agree","M12x1.75","M12x1.5","disagree","MERCURY COUGAR 1999 > ; MERCURY COUGAR 1999-02"
"669ab59f-9688-474e-a9b9-838394556936","2001","mercury","cougar","Base","generation-baseline","tight","5x108","4x108","disagree","63.4","63.4","agree","M12x1.75","M12x1.5","disagree","MERCURY COUGAR 1999 > ; MERCURY COUGAR 1999-02"
"89308f0b-75d2-49d0-897d-057611817e9e","2002","mercury","cougar","Base","generation-baseline","tight","5x108","4x108","disagree","63.4","63.4","agree","M12x1.75","M12x1.5","disagree","MERCURY COUGAR 1999 > ; MERCURY COUGAR 1999-02"
"93b84730-8014-4041-bb14-624d168afb4e","1997","mercury","mountaineer","Base","generation-baseline","tight","5x114.3","5x114.3","agree","70.6","70.3","disagree","M12x1.75","1/2","disagree","MERCURY MOUNTAINEER 1996-01"
"28d37b18-336e-4135-987e-ed5aae76d089","1998","mercury","mountaineer","Base","generation-baseline","tight","5x114.3","5x114.3","agree","70.6","70.3","disagree","M12x1.75","1/2","disagree","MERCURY MOUNTAINEER 1996-01"
"49f76e80-6920-4a37-bd02-3c0e4f9b40ec","1999","mercury","mountaineer","Base","generation-baseline","tight","5x114.3","5x114.3","agree","70.6","70.3","disagree","M12x1.75","1/2","disagree","MERCURY MOUNTAINEER 1996-01"
"464050d4-3fb3-4270-a790-3a33e230a850","2000","mercury","mountaineer","Base","generation-baseline","tight","5x114.3","5x114.3","agree","70.6","70.3","disagree","M12x1.75","1/2","disagree","MERCURY MOUNTAINEER 1996-01"
"1977dee1-9a0a-4bdc-960d-ca89e55d32c8","2001","mercury","mountaineer","Base","generation-baseline","tight","5x114.3","5x114.3","agree","70.6","70.3","disagree","M12x1.75","1/2","disagree","MERCURY MOUNTAINEER 1996-01"
"e214ae41-5f49-4c8a-a2bd-14dcdd4b89bb","2002","mercury","mountaineer","Base","generation-baseline","tight","5x114.3","5x114.3","agree","70.6","70.3","disagree","M14x2.0","1/2","disagree","MERCURY MOUNTAINEER 2002 > ; MERCURY MOUNTAINEER 2002-08"
"cebc2700-0dd2-4327-8e37-b68525c3f5e4","2003","mercury","mountaineer","Base","generation-baseline","tight","5x114.3","5x114.3","agree","70.6","70.3","disagree","M14x2.0","1/2","disagree","MERCURY MOUNTAINEER 2002 > ; MERCURY MOUNTAINEER 2002-08"
"d9ec400b-6ccb-4534-ba2f-a9a3c1d003d7","2004","mercury","mountaineer","Base","generation-baseline","tight","5x114.3","5x114.3","agree","70.6","70.3","disagree","M14x2.0","1/2","disagree","MERCURY MOUNTAINEER 2002 > ; MERCURY MOUNTAINEER 2002-08"
"fd433a2f-b21e-450a-abbb-aeb441fc0e28","2005","mercury","mountaineer","Base","generation-baseline","tight","5x114.3","5x114.3","agree","70.6","70.3","disagree","M14x2.0","1/2","disagree","MERCURY MOUNTAINEER 2002 > ; MERCURY MOUNTAINEER 2002-08"
"07b248be-9c6a-4300-a647-c636a822f4e8","2006","mercury","mountaineer","Base","generation-baseline","tight","5x114.3","5x114.3","agree","70.6","70.3","disagree","M14x2.0","1/2","disagree","MERCURY MOUNTAINEER 2002 > ; MERCURY MOUNTAINEER 2002-08"
"e95d049f-1ea7-4131-9627-c816ced92d9f","2007","mercury","mountaineer","Base","generation-baseline","tight","5x114.3","5x114.3","agree","70.6","70.3","disagree","M14x2.0","1/2","disagree","MERCURY MOUNTAINEER 2002 > ; MERCURY MOUNTAINEER 2002-08"
"bdce8958-ccc8-4b1b-b92a-7381aa31a821","2008","mercury","mountaineer","Base","generation-baseline","tight","5x114.3","5x114.3","agree","70.6","70.3","disagree","M14x2.0","1/2","disagree","MERCURY MOUNTAINEER 2002 > ; MERCURY MOUNTAINEER 2002-08"
"e1660d73-c194-4234-bc77-c247f109d7e7","2009","mercury","mountaineer","Base","generation-baseline","tight","5x114.3","5x114.3","agree","70.6","70.3","disagree","M14x2.0","1/2","disagree","MERCURY MOUNTAINEER 2002 >"
"c4fc2af8-5ffb-40e3-b687-ab99e4a337b2","2010","mercury","mountaineer","Base","generation-baseline","tight","5x114.3","5x114.3","agree","70.6","70.3","disagree","M14x2.0","1/2","disagree","MERCURY MOUNTAINEER 2002 >"
"dcb3eb67-2780-4f2f-966d-5fe06cc90f4e","1995","ford","mustang","Cobra","generation_inherit","tight","4x108","5x114.3","disagree","63.4","70.3","disagree","M12x1.5","1/2","disagree","FORD MUSTANG / GT 1994 > ; FORD MUSTANG / GT 1994-08"
"beac1982-198f-4527-b63d-83a035899e06","2008","mercury","sable","Base","generation-baseline","tight","5x114.3","5x114.3","agree","67.1","63.3","disagree","M12x1.5","M12x1.5","agree","MERCURY SABLE 2008"
"e505e19a-f262-4c3c-a3fd-38a66aee2607","1996","ford","mustang","Cobra","generation_inherit","tight","4x108","5x114.3","disagree","63.4","70.3","disagree","M12x1.5","1/2","disagree","FORD MUSTANG / GT 1994 > ; FORD MUSTANG / GT 1994-08"
"e3e40c95-a329-492f-94dc-4c968793e8eb","1992","isuzu","rodeo","Base","90s-research-batch","tight","6x139.7","6x139.7","agree","100.5","108","disagree","M12x1.5","M12x1.5","agree","ISUZU RODEO, RODEO SPORT 1991 > ; ISUZU RODEO, RODEO SPORT 1991-04"
"6bf690c1-617e-44e1-90d8-caf80ea2ee84","1995","isuzu","rodeo","Base","90s-research-batch","tight","6x139.7","6x139.7","agree","100.5","108","disagree","M12x1.5","M12x1.5","agree","ISUZU RODEO, RODEO SPORT 1991 > ; ISUZU RODEO, RODEO SPORT 1991-04"
"8f313b6f-3cbf-4c06-910e-ddaa74359d56","1990","lexus","es","ES 250","cache-import [expanded]","tight","5x114.3","5x100","disagree","60.1","54.1","disagree","M12x1.5","M12x1.5","agree","LEXUS ES 250 1990-91"
"dc250ff6-5e68-44f7-95ee-49f45ee52652","1990","lexus","es","ES 250, ES 300h, ES 350, F Sport","cache-import","tight","5x114.3","5x100","disagree","60.1","54.1","disagree","M12x1.5","M12x1.5","agree","LEXUS ES 250 1990-91"
"f29e7327-d2fe-43df-b712-3f210085d843","1997","isuzu","rodeo","Base","90s-research-batch","tight","6x139.7","6x139.7","agree","100.5","108","disagree","M12x1.5","M12x1.5","agree","ISUZU RODEO, RODEO SPORT 1991 > ; ISUZU RODEO, RODEO SPORT 1991-04"
"45308b3f-7cc5-4972-af89-f01f3fda006b","1990","lexus","es","ES 300","cache-import [expanded]","tight","5x114.3","5x100","disagree","60.1","54.1","disagree","M12x1.5","M12x1.5","agree","LEXUS ES 250 1990-91"
"182030ec-d0e4-4ce7-9d9d-e05dae3d0224","2000","isuzu","rodeo","Base","api_import","tight","6x139.7","6x139.7","agree","106","108","disagree","M12x1.5","M12x1.5","agree","ISUZU RODEO, RODEO SPORT 1991-04"
"7293dac1-01c8-41d7-8630-a1dc9c4af9c8","1990","lexus","es","ES 350","cache-import [expanded]","tight","5x114.3","5x100","disagree","60.1","54.1","disagree","M12x1.5","M12x1.5","agree","LEXUS ES 250 1990-91"
"eed4fa60-cedd-41eb-8636-e650feb76821","2002","isuzu","rodeo","Base","api_import","tight","6x139.7","6x139.7","agree","106","108","disagree","M12x1.5","M12x1.5","agree","ISUZU RODEO, RODEO SPORT 1991-04"
"1739c144-1bdb-4921-8924-61065e4d5cb5","1990","isuzu","trooper","Base","90s-research-batch","tight","6x139.7","6x139.7","agree","100.5","108","disagree","M12x1.5","M12x1.5","agree","ISUZU TROOPER II 1984-91"
"e5bca2cc-850c-493a-8f17-f0e38f53511b","1999","isuzu","vehicross","Base","90s-research-batch","tight","6x139.7","6x139.7","agree","110","108","disagree","M12x1.5","M12x1.5","agree","ISUZU VEHICROSS 1999 >"
"af076f28-0608-4806-8101-49ce1c7822db","1991","lexus","es","ES 250","cache-import [expanded]","tight","5x114.3","5x100","disagree","60.1","54.1","disagree","M12x1.5","M12x1.5","agree","LEXUS ES 250 1990-91"
"81c52409-0170-4a41-b3e5-cb7e0355a35d","1991","lexus","es","ES 300h","cache-import [expanded]","tight","5x114.3","5x100","disagree","60.1","54.1","disagree","M12x1.5","M12x1.5","agree","LEXUS ES 250 1990-91"
"b2d49753-aa03-4a5a-89f4-ff0f0011e0f4","1991","lexus","es","ES 350","cache-import [expanded]","tight","5x114.3","5x100","disagree","60.1","54.1","disagree","M12x1.5","M12x1.5","agree","LEXUS ES 250 1990-91"
"395680c7-9352-4be7-957a-e1854c1ca323","2001","jaguar","xj","Base","google-ai-overview","tight","5x120","5x120.7","disagree","72.6","74.1","disagree","M12x1.5","1/2","disagree","JAGUAR XJ, XJ8, XJ8L, VANDAN PLAS 1991-03 ; JAGUAR XJ, XK ALL MODELS 1963-03 ; JAGUAR XJ, XK ALL MODELS 2 1969-03"
"8cb8e13a-365a-4347-98ee-c183f5f2d6cb","2004","jaguar","xj","Super V8","google-ai-overview","tight","5x108","5x108","agree","63.4","74.1|63.8","disagree","M14x1.5","M12x1.5","disagree","JAGUAR XJ 2004 > ; JAGUAR XJ, XJ8, XJ8L, VANDAN PLAS 2004-08"
"706a13b4-8c29-45ad-8b75-b7d7b642ebd0","2004","jaguar","xj","XJ","google-ai-overview","tight","5x108","5x108","agree","63.4","74.1|63.8","disagree","M12x1.5","M12x1.5","agree","JAGUAR XJ 2004 > ; JAGUAR XJ, XJ8, XJ8L, VANDAN PLAS 2004-08"
"75679901-9774-4f49-b791-6b9cdb1a79bd","2007","jaguar","xj","Super V8 Portfolio","tiresize.com","tight","5x108","5x108","agree","63.4","74.1|63.8","disagree","M14x1.5","M12x1.5","disagree","JAGUAR XJ 2004 > ; JAGUAR XJ, XJ8, XJ8L, VANDAN PLAS 2004-08"
"839bb38c-e238-463e-bc2d-27f520086d65","2008","jaguar","xj","XJR","google-ai-overview","tight","5x108","5x108","agree","63.4","74.1|63.8","disagree","M12x1.5","M12x1.5","agree","JAGUAR XJ 2004 > ; JAGUAR XJ, XJ8, XJ8L, VANDAN PLAS 2004-08"
"03cbe861-eb52-49fb-83f1-c12c4f3126c6","2009","jaguar","xj","Supersport","google-ai-overview","tight","5x108","5x108","agree","63.4","74.1","disagree","M12x1.5","M12x1.5","agree","JAGUAR XJ 2004 >"
"4eb619df-2c17-4400-8eb3-52f5c2806c32","2009","jaguar","xj","XJR","google-ai-overview","tight","5x108","5x108","agree","63.4","74.1","disagree","M12x1.5","M12x1.5","agree","JAGUAR XJ 2004 >"
"debdff1f-7ae5-40b4-b9eb-ecce4534925f","2004","ford","ranger","XLT","cache-import [expanded]","tight","5x114.3","5x114.3","agree","70.6","70.3","disagree","M12x1.75","1/2","disagree","FORD RANGER 2WD 1981-08 ; FORD RANGER 4WD 1983-08"
"4e3869d8-0de5-4fc3-b3f4-d46518ee022c","2011","jaguar","xj","Supersport","google-ai-overview","tight","5x108","5x108","agree","63.4","74.1","disagree","M12x1.5","M12x1.5","agree","JAGUAR XJ 2004 >"
"02d00a14-d95d-4bd2-9e1a-00176cfdb4fb","2000","chrysler","pt-cruiser","Base","catalog-gap-fill","tight","5x115","5x100","disagree","71.5","57.1","disagree","M12x1.5","M12x1.5","agree","CHRYSLER PT CRUISER, TURBO & CONVERTIBLE 2000 >"
"f0160f4d-8106-452f-b6bb-188a5ed55951","1999","jaguar","xj8","Base","90s-research-batch","tight","5x120.7","5x120.7","agree","73.8","74.1","disagree","","1/2","ours-missing","JAGUAR XJ, XJ8, XJ8L, VANDAN PLAS 1991-03"
"bf9234d6-251c-4b6e-9ed0-fb848d5284fe","2009","mitsubishi","lancer","DE","api_import [expanded]","tight","5x114.3","4x100|4x114.3","disagree","67.1","67.1","agree","M12x1.5","M12x1.5","agree","MITSUBISHI LANCER LS 14&quot; 2002 > ; MITSUBISHI LANCER LS 15&quot; 2002 >"
"f8d8e1bd-cf9c-4458-a051-edfbd6d14ad3","2009","mitsubishi","lancer","DE, ES, SE, GT, GTS, Ralliart","api_import","tight","5x114.3","4x100|4x114.3","disagree","67.1","67.1","agree","M12x1.5","M12x1.5","agree","MITSUBISHI LANCER LS 14&quot; 2002 > ; MITSUBISHI LANCER LS 15&quot; 2002 >"
"102900d7-8a55-4fc1-8488-a1f50997f5ee","2007","jaguar","xk","Base","google-ai-overview","tight","5x108","5x108","agree","63.4","63.8","disagree","M12x1.5","M12x1.5","agree","JAGUAR XK 2007-08"
"c5a29d6b-6541-4ca7-af06-e8b7c9c3df33","2009","mitsubishi","lancer","ES","api_import [expanded]","tight","5x114.3","4x100|4x114.3","disagree","67.1","67.1","agree","M12x1.5","M12x1.5","agree","MITSUBISHI LANCER LS 14&quot; 2002 > ; MITSUBISHI LANCER LS 15&quot; 2002 >"
"8711d304-351c-45b6-9118-1547e45d4fbf","2009","mitsubishi","lancer","GT","api_import [expanded]","tight","5x114.3","4x100|4x114.3","disagree","67.1","67.1","agree","M12x1.5","M12x1.5","agree","MITSUBISHI LANCER LS 14&quot; 2002 > ; MITSUBISHI LANCER LS 15&quot; 2002 >"
"2e68e6a8-edf1-432c-8e45-c7d2ab3494e5","2009","mitsubishi","lancer","GTS","api_import [expanded]","tight","5x114.3","4x100|4x114.3","disagree","67.1","67.1","agree","M12x1.5","M12x1.5","agree","MITSUBISHI LANCER LS 14&quot; 2002 > ; MITSUBISHI LANCER LS 15&quot; 2002 >"
"7424209c-e029-4639-b4d6-a7f685c8bc32","2009","mitsubishi","lancer","Ralliart","api_import [expanded]","tight","5x114.3","4x100|4x114.3","disagree","67.1","67.1","agree","M12x1.5","M12x1.5","agree","MITSUBISHI LANCER LS 14&quot; 2002 > ; MITSUBISHI LANCER LS 15&quot; 2002 >"
"14d06d95-e873-4911-bf2e-dde04fdcee46","2009","mitsubishi","lancer","SE","api_import [expanded]","tight","5x114.3","4x100|4x114.3","disagree","67.1","67.1","agree","M12x1.5","M12x1.5","agree","MITSUBISHI LANCER LS 14&quot; 2002 > ; MITSUBISHI LANCER LS 15&quot; 2002 >"
"fd3c8575-423a-4c8a-a994-6dceb7de03ed","2010","mitsubishi","lancer","DE","api_import [expanded]","tight","5x114.3","4x100|4x114.3","disagree","67.1","67.1","agree","M12x1.5","M12x1.5","agree","MITSUBISHI LANCER LS 14&quot; 2002 > ; MITSUBISHI LANCER LS 15&quot; 2002 >"
"eff38d0e-e0ea-437f-9db7-63b4aff8a9e9","2010","mitsubishi","lancer","DE, ES, SE, GT, GTS, Ralliart","api_import","tight","5x114.3","4x100|4x114.3","disagree","67.1","67.1","agree","M12x1.5","M12x1.5","agree","MITSUBISHI LANCER LS 14&quot; 2002 > ; MITSUBISHI LANCER LS 15&quot; 2002 >"
"d918d507-28a8-421c-8084-99eed8353062","1997","jaguar","xk8","Base","90s-research-batch","tight","5x120.7","5x108","disagree","73.8","74.1","disagree","","1/2","ours-missing","JAGUAR XK8 1997-06"
"7cfd521a-c1c4-420f-ac2e-ec80b2f03a40","2010","mitsubishi","lancer","ES","api_import [expanded]","tight","5x114.3","4x100|4x114.3","disagree","67.1","67.1","agree","M12x1.5","M12x1.5","agree","MITSUBISHI LANCER LS 14&quot; 2002 > ; MITSUBISHI LANCER LS 15&quot; 2002 >"
"bebd2506-a345-431f-8f37-cce5b52b7953","2010","mitsubishi","lancer","GT","api_import [expanded]","tight","5x114.3","4x100|4x114.3","disagree","67.1","67.1","agree","M12x1.5","M12x1.5","agree","MITSUBISHI LANCER LS 14&quot; 2002 > ; MITSUBISHI LANCER LS 15&quot; 2002 >"
"2726ba3a-8546-4885-9a19-21700e62704b","2010","mitsubishi","lancer","GTS","api_import [expanded]","tight","5x114.3","4x100|4x114.3","disagree","67.1","67.1","agree","M12x1.5","M12x1.5","agree","MITSUBISHI LANCER LS 14&quot; 2002 > ; MITSUBISHI LANCER LS 15&quot; 2002 >"
"a22628a2-26d4-4d72-92e3-a893501b6c8e","2010","mitsubishi","lancer","Ralliart","api_import [expanded]","tight","5x114.3","4x100|4x114.3","disagree","67.1","67.1","agree","M12x1.5","M12x1.5","agree","MITSUBISHI LANCER LS 14&quot; 2002 > ; MITSUBISHI LANCER LS 15&quot; 2002 >"
"428de66b-2a48-48b4-bfbf-850005be0ebd","2010","mitsubishi","lancer","SE","api_import [expanded]","tight","5x114.3","4x100|4x114.3","disagree","67.1","67.1","agree","M12x1.5","M12x1.5","agree","MITSUBISHI LANCER LS 14&quot; 2002 > ; MITSUBISHI LANCER LS 15&quot; 2002 >"
"9c2a1be0-6c1c-450a-a4b0-04558bf76e11","1990","chrysler","voyager","Base","90s-research-batch","tight","5x100","5x114.3","disagree","57.1","71.5","disagree","M12x1.5","M12x1.5","agree","CHRYSLER TOWN & COUNTRY VAN / VOYAGER 1988-07 ; CHRYSLER TOWN & COUNTRY VAN/ VOYAGER 1988 >"
"fe1000aa-825c-47a0-85a2-debb3a1a73ed","1994","chrysler","voyager","Base","90s-research-batch","tight","5x100","5x114.3","disagree","57.1","71.5","disagree","M12x1.5","M12x1.5","agree","CHRYSLER TOWN & COUNTRY VAN / VOYAGER 1988-07 ; CHRYSLER TOWN & COUNTRY VAN/ VOYAGER 1988 >"
"2e89b648-8312-46ea-ad2f-5a09d4ec25d1","1995","chrysler","voyager","Base","90s-research-batch","tight","5x100","5x114.3","disagree","57.1","71.5","disagree","M12x1.5","M12x1.5","agree","CHRYSLER TOWN & COUNTRY VAN / VOYAGER 1988-07 ; CHRYSLER TOWN & COUNTRY VAN/ VOYAGER 1988 >"
"f19d91c4-0742-4b19-b2f9-d06e6e661914","2000","mitsubishi","mirage","Base","catalog-gap-fill","tight","5x114.3","4x100","disagree","67.1","56.1","disagree","M12x1.5","M12x1.5","agree","MITSUBISHI MIRAGE 1993 > ; MITSUBISHI MIRAGE 1993-02"
"9b11e448-1344-4aa2-9132-fe4e1db5a722","2001","mitsubishi","mirage","Base","catalog-gap-fill","tight","5x114.3","4x100","disagree","67.1","56.1","disagree","M12x1.5","M12x1.5","agree","MITSUBISHI MIRAGE 1993 > ; MITSUBISHI MIRAGE 1993-02"
"aeea4f20-0d17-4b08-bea5-a7648345a9a1","2000","mitsubishi","montero","Base","catalog-gap-fill","tight","5x114.3","6x139.7","disagree","67.1","108","disagree","M12x1.5","M12x1.5","agree","MITSUBISHI MONTERO 1983-00 ; MITSUBISHI MONTERO 1992-06 ; MITSUBISHI MONTERO SPORT 1992 > ; MITSUBISHI MONTERO SPORT 1992-04"
"a31e21f9-6bbf-4bf5-ac97-70ae3bf6f6e8","2001","mitsubishi","montero","Base","api_import","tight","6x139.7","6x139.7","agree","106","108|67.1","disagree","M12x1.5","M12x1.5","agree","MITSUBISHI MONTERO 1992-06 ; MITSUBISHI MONTERO 2001 > ; MITSUBISHI MONTERO SPORT 1992-04"
"ca685e7c-c194-44eb-b774-b022f7a53f55","2002","mitsubishi","montero","Base","api_import","tight","6x139.7","6x139.7","agree","106","108|67.1","disagree","M12x1.5","M12x1.5","agree","MITSUBISHI MONTERO 1992-06 ; MITSUBISHI MONTERO 2001 > ; MITSUBISHI MONTERO SPORT 1992-04"
"1e7b64ff-0661-41b3-8209-971cc1fce372","2003","mitsubishi","montero","Base","api_import","tight","6x139.7","6x139.7","agree","106","108|67.1","disagree","M12x1.5","M12x1.5","agree","MITSUBISHI MONTERO 1992-06 ; MITSUBISHI MONTERO 2001 > ; MITSUBISHI MONTERO SPORT 1992-04"
"03aa3098-1f79-4728-bcc9-bc0098d479d4","2004","mitsubishi","montero","Base","api_import","tight","6x139.7","6x139.7","agree","106","108|67.1","disagree","M12x1.5","M12x1.5","agree","MITSUBISHI MONTERO 1992-06 ; MITSUBISHI MONTERO 2001 > ; MITSUBISHI MONTERO SPORT 1992-04"
"c99e4f7f-23a2-409d-bd11-4878f628ddde","2005","mitsubishi","montero","Base","api_import","tight","6x139.7","6x139.7","agree","106","108|67.1","disagree","M12x1.5","M12x1.5","agree","MITSUBISHI MONTERO 1992-06 ; MITSUBISHI MONTERO 2001 >"
"df3ea740-3517-4416-8f52-427c538181c6","2006","mitsubishi","montero","Base","api_import","tight","6x139.7","6x139.7","agree","106","108|67.1","disagree","M12x1.5","M12x1.5","agree","MITSUBISHI MONTERO 1992-06 ; MITSUBISHI MONTERO 2001 >"
"edec2e64-87eb-4670-8771-f89871ca48db","2000","nissan","altima","Platinum","cache-import [expanded]","tight","5x114.3","4x114.3","disagree","66.1","66.1","agree","M12x1.25","M12x1.25","agree","NISSAN ALTIMA 1993-01"
"73499823-94d9-4734-bb1a-d34ab5fee68c","2000","nissan","altima","S","cache-import [expanded]","tight","5x114.3","4x114.3","disagree","66.1","66.1","agree","M12x1.25","M12x1.25","agree","NISSAN ALTIMA 1993-01"
"fe87a3a4-7a70-43d0-ba95-2a12d40b6703","2000","nissan","altima","S, SV, SL, SR, Platinum","cache-import","tight","5x114.3","4x114.3","disagree","66.1","66.1","agree","M12x1.25","M12x1.25","agree","NISSAN ALTIMA 1993-01"
"bcf82c81-9c34-46cf-a7e6-45dfe3af1ddc","2000","nissan","altima","SL","cache-import [expanded]","tight","5x114.3","4x114.3","disagree","66.1","66.1","agree","M12x1.25","M12x1.25","agree","NISSAN ALTIMA 1993-01"
"5982a7d2-fbd7-4931-b995-9fe4942e541b","2000","nissan","altima","SR","cache-import [expanded]","tight","5x114.3","4x114.3","disagree","66.1","66.1","agree","M12x1.25","M12x1.25","agree","NISSAN ALTIMA 1993-01"
"24a12e5c-4aa7-40aa-b168-fa0d1f946fe7","2000","nissan","altima","SV","cache-import [expanded]","tight","5x114.3","4x114.3","disagree","66.1","66.1","agree","M12x1.25","M12x1.25","agree","NISSAN ALTIMA 1993-01"
"4af28a2f-0cb6-4b00-aa9a-256c034ded56","2001","nissan","altima","Platinum","cache-import [expanded]","tight","5x114.3","4x114.3","disagree","66.1","66.1","agree","M12x1.25","M12x1.25","agree","NISSAN ALTIMA 1993-01"
"2614bca7-ec94-45f0-a5fd-d17da1fcd055","2001","nissan","altima","S","cache-import [expanded]","tight","5x114.3","4x114.3","disagree","66.1","66.1","agree","M12x1.25","M12x1.25","agree","NISSAN ALTIMA 1993-01"
"349ba0b5-ec60-4e09-961e-1268206b6534","2001","nissan","altima","S, SV, SL, SR, Platinum","cache-import","tight","5x114.3","4x114.3","disagree","66.1","66.1","agree","M12x1.25","M12x1.25","agree","NISSAN ALTIMA 1993-01"
"739ddfee-5314-44cf-8537-d79899f1a7f0","2001","nissan","altima","SL","cache-import [expanded]","tight","5x114.3","4x114.3","disagree","66.1","66.1","agree","M12x1.25","M12x1.25","agree","NISSAN ALTIMA 1993-01"
"a943606f-e222-4a4e-948d-2274e3b06ad6","2001","nissan","altima","SR","cache-import [expanded]","tight","5x114.3","4x114.3","disagree","66.1","66.1","agree","M12x1.25","M12x1.25","agree","NISSAN ALTIMA 1993-01"
"d2387d91-5f37-4a28-a251-e7c3a5d4b08e","2001","nissan","altima","SV","cache-import [expanded]","tight","5x114.3","4x114.3","disagree","66.1","66.1","agree","M12x1.25","M12x1.25","agree","NISSAN ALTIMA 1993-01"
"38120203-aa6c-49fb-9c78-8bded1f2adfd","1991","chrysler","voyager","Base","90s-research-batch","tight","5x100","5x114.3","disagree","57.1","71.5","disagree","M12x1.5","M12x1.5","agree","CHRYSLER TOWN & COUNTRY VAN / VOYAGER 1988-07 ; CHRYSLER TOWN & COUNTRY VAN/ VOYAGER 1988 >"
"cea1d949-f88c-4ac1-bbff-f4eefc8e3f57","1992","chrysler","voyager","Base","90s-research-batch","tight","5x100","5x114.3","disagree","57.1","71.5","disagree","M12x1.5","M12x1.5","agree","CHRYSLER TOWN & COUNTRY VAN / VOYAGER 1988-07 ; CHRYSLER TOWN & COUNTRY VAN/ VOYAGER 1988 >"
"873b960e-e2bc-4c31-9802-634dfd633212","1993","chrysler","voyager","Base","90s-research-batch","tight","5x100","5x114.3","disagree","57.1","71.5","disagree","M12x1.5","M12x1.5","agree","CHRYSLER TOWN & COUNTRY VAN / VOYAGER 1988-07 ; CHRYSLER TOWN & COUNTRY VAN/ VOYAGER 1988 >"
"a68651bd-1bbc-4127-8abf-e0427e71aadf","2010","dodge","durango","SXT/Crew/R/T","batch6-minivans-evs","tight","5x127","5x139.7","disagree","71.5","77.8","disagree","M14x1.5","9/16","disagree","DODGE DURANGO 2004 >"
"ad6584e1-0459-4308-be62-3d3c86a89f72","2003","lexus","gx","GX 460","cache-import [expanded]","tight","6x139.7","6x139.7","agree","106.1","108","disagree","M12x1.5","M12x1.5","agree","LEXUS GX 470 2003 > ; LEXUS GX 470 2003-08"
"1b556d8a-eb5d-4a6e-9d27-c152d27f390b","2003","lexus","gx","GX 550","cache-import [expanded]","tight","6x139.7","6x139.7","agree","106.1","108","disagree","M12x1.5","M12x1.5","agree","LEXUS GX 470 2003 > ; LEXUS GX 470 2003-08"
"50a7329d-6866-4e00-8be0-efa6fcc1ce5f","2003","lexus","gx","Luxury","cache-import [expanded]","tight","6x139.7","6x139.7","agree","106.1","108","disagree","M12x1.5","M12x1.5","agree","LEXUS GX 470 2003 > ; LEXUS GX 470 2003-08"
"acdfa722-4e41-4e26-a261-fc7516cae26c","2003","lexus","gx","Overtrail","cache-import [expanded]","tight","6x139.7","6x139.7","agree","106.1","108","disagree","M12x1.5","M12x1.5","agree","LEXUS GX 470 2003 > ; LEXUS GX 470 2003-08"
"cd013b4a-d52f-40f6-a324-24a15f65e7a5","2003","lexus","gx","Premium","cache-import [expanded]","tight","6x139.7","6x139.7","agree","106.1","108","disagree","M12x1.5","M12x1.5","agree","LEXUS GX 470 2003 > ; LEXUS GX 470 2003-08"
"89aefa63-d921-4e41-b925-eac727731885","2004","lexus","gx","GX 460","cache-import [expanded]","tight","6x139.7","6x139.7","agree","106.1","108","disagree","M12x1.5","M12x1.5","agree","LEXUS GX 470 2003 > ; LEXUS GX 470 2003-08"
"a6ee4f62-f5d0-4f89-93d2-26b0a94ef21c","2004","lexus","gx","GX 460, GX 550, Premium, Luxury, Overtrail","cache-import","tight","6x139.7","6x139.7","agree","106.1","108","disagree","M12x1.5","M12x1.5","agree","LEXUS GX 470 2003 > ; LEXUS GX 470 2003-08"
"f247bf4b-f4ca-43dc-b3be-8469b34e8f83","2004","lexus","gx","GX 550","cache-import [expanded]","tight","6x139.7","6x139.7","agree","106.1","108","disagree","M12x1.5","M12x1.5","agree","LEXUS GX 470 2003 > ; LEXUS GX 470 2003-08"
"2f5701fa-8b1e-4e0b-9d15-74295c206ac0","2004","lexus","gx","Luxury","cache-import [expanded]","tight","6x139.7","6x139.7","agree","106.1","108","disagree","M12x1.5","M12x1.5","agree","LEXUS GX 470 2003 > ; LEXUS GX 470 2003-08"
"31bb25c9-5e6d-41f5-a88f-f05778add17a","2004","lexus","gx","Overtrail","cache-import [expanded]","tight","6x139.7","6x139.7","agree","106.1","108","disagree","M12x1.5","M12x1.5","agree","LEXUS GX 470 2003 > ; LEXUS GX 470 2003-08"
"7b4b7641-f776-4c4d-b793-7591d2b94407","2004","lexus","gx","Premium","cache-import [expanded]","tight","6x139.7","6x139.7","agree","106.1","108","disagree","M12x1.5","M12x1.5","agree","LEXUS GX 470 2003 > ; LEXUS GX 470 2003-08"
"ce83d30a-6257-4d68-a0c7-778edd97fc6d","2005","lexus","gx","GX 460","cache-import [expanded]","tight","6x139.7","6x139.7","agree","106.1","108","disagree","M12x1.5","M12x1.5","agree","LEXUS GX 470 2003 > ; LEXUS GX 470 2003-08"
"71820524-6252-4428-8544-6b45ac1eb47e","2005","lexus","gx","GX 460, GX 550, Premium, Luxury, Overtrail","cache-import","tight","6x139.7","6x139.7","agree","106.1","108","disagree","M12x1.5","M12x1.5","agree","LEXUS GX 470 2003 > ; LEXUS GX 470 2003-08"
"949f81f9-3459-4c8f-8c5d-92f2e485008b","2005","lexus","gx","GX 550","cache-import [expanded]","tight","6x139.7","6x139.7","agree","106.1","108","disagree","M12x1.5","M12x1.5","agree","LEXUS GX 470 2003 > ; LEXUS GX 470 2003-08"
"962c788e-b1ae-4de1-9c17-bec8fcd63ad0","2005","lexus","gx","Luxury","cache-import [expanded]","tight","6x139.7","6x139.7","agree","106.1","108","disagree","M12x1.5","M12x1.5","agree","LEXUS GX 470 2003 > ; LEXUS GX 470 2003-08"
"6a09dc6b-a6e2-465b-a510-21e7838c1121","2005","lexus","gx","Overtrail","cache-import [expanded]","tight","6x139.7","6x139.7","agree","106.1","108","disagree","M12x1.5","M12x1.5","agree","LEXUS GX 470 2003 > ; LEXUS GX 470 2003-08"
"211c926f-9efd-433b-9cc0-ed9d53fc81fa","2005","lexus","gx","Premium","cache-import [expanded]","tight","6x139.7","6x139.7","agree","106.1","108","disagree","M12x1.5","M12x1.5","agree","LEXUS GX 470 2003 > ; LEXUS GX 470 2003-08"
"c6641ada-1701-4d69-80b0-5a1e8b3a3280","2006","lexus","gx","GX 460","cache-import [expanded]","tight","6x139.7","6x139.7","agree","106.1","108","disagree","M12x1.5","M12x1.5","agree","LEXUS GX 470 2003 > ; LEXUS GX 470 2003-08"
"f79973c2-aea7-4343-b75b-120cce9586a7","2006","lexus","gx","GX 460, GX 550, Premium, Luxury, Overtrail","cache-import","tight","6x139.7","6x139.7","agree","106.1","108","disagree","M12x1.5","M12x1.5","agree","LEXUS GX 470 2003 > ; LEXUS GX 470 2003-08"
"3f3d917a-6808-47da-8ed3-188962447e75","2009","nissan","armada","Platinum","cache-import [expanded]","tight","6x139.7","6x139.7","agree","77.8","78","disagree","M14x1.5","M12x1.25","disagree","NISSAN ARMADA 2004 >"
"ab1fa4f5-33b8-49fb-9ff8-13e885f93bf2","2009","nissan","armada","S","cache-import [expanded]","tight","6x139.7","6x139.7","agree","77.8","78","disagree","M14x1.5","M12x1.25","disagree","NISSAN ARMADA 2004 >"
"963b837b-1150-4edc-8f17-6b830ad8fb97","2009","nissan","armada","S, SV, SL, Platinum","cache-import","tight","6x139.7","6x139.7","agree","77.8","78","disagree","M14x1.5","M12x1.25","disagree","NISSAN ARMADA 2004 >"
"3cc31405-3806-4957-a9de-36dcc6580346","2009","nissan","armada","SL","cache-import [expanded]","tight","6x139.7","6x139.7","agree","77.8","78","disagree","M14x1.5","M12x1.25","disagree","NISSAN ARMADA 2004 >"
"c73ba04a-2869-45b7-b13a-68646502f108","2009","nissan","armada","SV","cache-import [expanded]","tight","6x139.7","6x139.7","agree","77.8","78","disagree","M14x1.5","M12x1.25","disagree","NISSAN ARMADA 2004 >"
"9c7ef06b-7b39-4fe2-8644-9b5aead6c353","2010","nissan","armada","Platinum","cache-import [expanded]","tight","6x139.7","6x139.7","agree","77.8","78","disagree","M14x1.5","M12x1.25","disagree","NISSAN ARMADA 2004 >"
"531f1b42-f63f-48a4-a5e5-236e82333ef1","2010","nissan","armada","S","cache-import [expanded]","tight","6x139.7","6x139.7","agree","77.8","78","disagree","M14x1.5","M12x1.25","disagree","NISSAN ARMADA 2004 >"
"8d54663a-20de-4b81-90a7-a503ad277f32","2010","nissan","armada","S, SV, SL, Platinum","cache-import","tight","6x139.7","6x139.7","agree","77.8","78","disagree","M14x1.5","M12x1.25","disagree","NISSAN ARMADA 2004 >"
"90ca0171-25b1-46cc-922a-3702a412408b","2010","nissan","armada","SL","cache-import [expanded]","tight","6x139.7","6x139.7","agree","77.8","78","disagree","M14x1.5","M12x1.25","disagree","NISSAN ARMADA 2004 >"
"22199f83-acd4-44b0-8e6f-d9428a4a86e6","2010","nissan","armada","SV","cache-import [expanded]","tight","6x139.7","6x139.7","agree","77.8","78","disagree","M14x1.5","M12x1.25","disagree","NISSAN ARMADA 2004 >"
"8141f0ba-23d1-4e6e-9ced-837bab489021","2011","nissan","armada","Platinum","cache-import [expanded]","tight","6x139.7","6x139.7","agree","77.8","78","disagree","M14x1.5","M12x1.25","disagree","NISSAN ARMADA 2004 >"
"e8862f4b-df67-463b-8ad5-4f57bae0670a","2011","nissan","armada","S","cache-import [expanded]","tight","6x139.7","6x139.7","agree","77.8","78","disagree","M14x1.5","M12x1.25","disagree","NISSAN ARMADA 2004 >"
"c2c9295e-1a74-41d5-b305-d67393d592cc","2011","nissan","armada","S, SV, SL, Platinum","cache-import","tight","6x139.7","6x139.7","agree","77.8","78","disagree","M14x1.5","M12x1.25","disagree","NISSAN ARMADA 2004 >"
"046e196d-ac17-41c7-b220-a999d8b09d76","2011","nissan","armada","SL","cache-import [expanded]","tight","6x139.7","6x139.7","agree","77.8","78","disagree","M14x1.5","M12x1.25","disagree","NISSAN ARMADA 2004 >"
"c1b7a635-cd24-43d2-a321-d916dd61fc2c","2011","nissan","armada","SV","cache-import [expanded]","tight","6x139.7","6x139.7","agree","77.8","78","disagree","M14x1.5","M12x1.25","disagree","NISSAN ARMADA 2004 >"
"c347e558-f0d0-422b-9d6e-a22306bb98c6","2012","nissan","armada","Platinum","cache-import [expanded]","tight","6x139.7","6x139.7","agree","77.8","78","disagree","M14x1.5","M12x1.25","disagree","NISSAN ARMADA 2004 >"
"5ad0af14-1725-484b-9aae-1ed4d74ce5b3","2012","nissan","armada","S","cache-import [expanded]","tight","6x139.7","6x139.7","agree","77.8","78","disagree","M14x1.5","M12x1.25","disagree","NISSAN ARMADA 2004 >"
"87a9d332-8258-48c4-a90d-3f1ecd432e58","2012","nissan","armada","S, SV, SL, Platinum","cache-import","tight","6x139.7","6x139.7","agree","77.8","78","disagree","M14x1.5","M12x1.25","disagree","NISSAN ARMADA 2004 >"
"e1c70699-db2e-4604-84da-8488675a0b24","2012","nissan","armada","SL","cache-import [expanded]","tight","6x139.7","6x139.7","agree","77.8","78","disagree","M14x1.5","M12x1.25","disagree","NISSAN ARMADA 2004 >"
"aa9a064a-110b-40bc-bd8c-965ae58e3b9c","2012","nissan","armada","SV","cache-import [expanded]","tight","6x139.7","6x139.7","agree","77.8","78","disagree","M14x1.5","M12x1.25","disagree","NISSAN ARMADA 2004 >"
"a2355574-9f7b-46f8-bfbd-fe4d9ea1fc40","1998","nissan","frontier","Base","90s-research-batch","tight","6x139.7","6x139.7","agree","100.3","100","disagree","M12x1.5","M12x1.25","disagree","NISSAN FRONTIER 1998 > ; NISSAN FRONTIER 2WD, 4WD, SC, SE, SVE, XE 1998-04"
"a73085c0-9617-47bb-8370-7285dff92899","1999","nissan","frontier","Base","90s-research-batch","tight","6x139.7","6x139.7","agree","100.3","100","disagree","M12x1.5","M12x1.25","disagree","NISSAN FRONTIER 1998 > ; NISSAN FRONTIER 2WD, 4WD, SC, SE, SVE, XE 1998-04"
"89b3fb8a-cd06-4dd0-a6eb-a44c5665477e","2000","honda","passport","Base","google-ai-overview","tight","6x139.7","6x139.7","agree","100.1","108","disagree","M12x1.5","M12x1.5","agree","HONDA PASSPORT 1994-02 ; HONDA PASSPORT 1994-03"
"311c1734-1e86-4f81-914d-2e3b5df4afdf","2001","honda","passport","Base","google-ai-overview","tight","6x139.7","6x139.7","agree","100.1","108","disagree","M12x1.5","M12x1.5","agree","HONDA PASSPORT 1994-02 ; HONDA PASSPORT 1994-03"
"38ecc17d-307a-4928-81dc-0093887bf7d3","2006","lexus","gx","GX 550","cache-import [expanded]","tight","6x139.7","6x139.7","agree","106.1","108","disagree","M12x1.5","M12x1.5","agree","LEXUS GX 470 2003 > ; LEXUS GX 470 2003-08"
"7c7f2c4c-a5f0-45a4-b5e1-1e2625486ce9","2006","lexus","gx","Luxury","cache-import [expanded]","tight","6x139.7","6x139.7","agree","106.1","108","disagree","M12x1.5","M12x1.5","agree","LEXUS GX 470 2003 > ; LEXUS GX 470 2003-08"
"38770116-460b-4207-ad25-747631574085","2006","lexus","gx","Overtrail","cache-import [expanded]","tight","6x139.7","6x139.7","agree","106.1","108","disagree","M12x1.5","M12x1.5","agree","LEXUS GX 470 2003 > ; LEXUS GX 470 2003-08"
"944705a7-c5ba-440b-901a-e61fe8e0633d","2006","lexus","gx","Premium","cache-import [expanded]","tight","6x139.7","6x139.7","agree","106.1","108","disagree","M12x1.5","M12x1.5","agree","LEXUS GX 470 2003 > ; LEXUS GX 470 2003-08"
"4d0dcfce-a6a2-492c-9167-738c83ac3264","2007","lexus","gx","GX 460","cache-import [expanded]","tight","6x139.7","6x139.7","agree","106.1","108","disagree","M12x1.5","M12x1.5","agree","LEXUS GX 470 2003 > ; LEXUS GX 470 2003-08"
"5ba2cd7b-1fe9-4a59-8bde-57974364c250","2007","lexus","gx","GX 460, GX 550, Premium, Luxury, Overtrail","cache-import","tight","6x139.7","6x139.7","agree","106.1","108","disagree","M12x1.5","M12x1.5","agree","LEXUS GX 470 2003 > ; LEXUS GX 470 2003-08"
"fd2de32d-ec27-4222-90f9-4c34a606657e","1994","dodge","ram-van-b1500","Base","90s-research-batch","tight","5x139.7","5x139.7","agree","108","77.8","disagree","M14x1.5","1/2","disagree","DODGE RAM VAN 1985-03 ; DODGE RAM VAN 1985-96"
"4c315b5d-5ff3-4f3b-8232-cdc54bdc5c46","1998","dodge","ram-van-b1500","Base","90s-research-batch","tight","5x139.7","5x139.7","agree","108","77.8","disagree","M14x1.5","1/2","disagree","DODGE RAM VAN 1985-03"
"29e22b12-746b-44ce-ab7e-aeee0611ef90","1994","dodge","ram-van-b2500","Base","90s-research-batch","tight","5x139.7","5x139.7","agree","108","77.8","disagree","M14x1.5","1/2","disagree","DODGE RAM VAN 1985-03 ; DODGE RAM VAN 1985-96"
"1933ea19-cdd0-47f3-9438-1b62a6a81a9a","1994","dodge","ram-van-b3500","Base","90s-research-batch","tight","8x165.1","5x139.7","disagree","121","77.8","disagree","M14x1.5","1/2","disagree","DODGE RAM VAN 1985-03 ; DODGE RAM VAN 1985-96"
"3145d68e-50b1-4c5f-b5f0-077a370d4b4f","2007","lexus","gx","GX 550","cache-import [expanded]","tight","6x139.7","6x139.7","agree","106.1","108","disagree","M12x1.5","M12x1.5","agree","LEXUS GX 470 2003 > ; LEXUS GX 470 2003-08"
"be630164-424d-4b3f-a3c9-c7fcd3d6c2ec","2007","lexus","gx","Luxury","cache-import [expanded]","tight","6x139.7","6x139.7","agree","106.1","108","disagree","M12x1.5","M12x1.5","agree","LEXUS GX 470 2003 > ; LEXUS GX 470 2003-08"
"9c04ac71-3272-416c-b085-8f9e52ba76cc","2007","lexus","gx","Overtrail","cache-import [expanded]","tight","6x139.7","6x139.7","agree","106.1","108","disagree","M12x1.5","M12x1.5","agree","LEXUS GX 470 2003 > ; LEXUS GX 470 2003-08"
"4cac7177-e2b5-4d7f-9b73-abab619955d8","2007","lexus","gx","Premium","cache-import [expanded]","tight","6x139.7","6x139.7","agree","106.1","108","disagree","M12x1.5","M12x1.5","agree","LEXUS GX 470 2003 > ; LEXUS GX 470 2003-08"
"b778940b-fe7e-4990-8c3a-32fa2b9c8b56","2008","lexus","gx","GX 460","cache-import [expanded]","tight","6x139.7","6x139.7","agree","106.1","108","disagree","M12x1.5","M12x1.5","agree","LEXUS GX 470 2003 > ; LEXUS GX 470 2003-08"
"0e135aa7-5144-4786-82d7-8c04ad730399","2008","lexus","gx","GX 460, GX 550, Premium, Luxury, Overtrail","cache-import","tight","6x139.7","6x139.7","agree","106.1","108","disagree","M12x1.5","M12x1.5","agree","LEXUS GX 470 2003 > ; LEXUS GX 470 2003-08"
"419d51ce-1c69-4865-a35d-8818ef84e2fd","2008","lexus","gx","GX 550","cache-import [expanded]","tight","6x139.7","6x139.7","agree","106.1","108","disagree","M12x1.5","M12x1.5","agree","LEXUS GX 470 2003 > ; LEXUS GX 470 2003-08"
"ce8e7497-0e4a-4ae5-a4c4-c00906a5f742","2008","lexus","gx","Luxury","cache-import [expanded]","tight","6x139.7","6x139.7","agree","106.1","108","disagree","M12x1.5","M12x1.5","agree","LEXUS GX 470 2003 > ; LEXUS GX 470 2003-08"
"7a8f5a0f-6db6-4afe-9161-e1a7af677cfa","2008","lexus","gx","Overtrail","cache-import [expanded]","tight","6x139.7","6x139.7","agree","106.1","108","disagree","M12x1.5","M12x1.5","agree","LEXUS GX 470 2003 > ; LEXUS GX 470 2003-08"
"f87f47cd-e3a5-4824-b2ec-1087c1f18b40","2008","lexus","gx","Premium","cache-import [expanded]","tight","6x139.7","6x139.7","agree","106.1","108","disagree","M12x1.5","M12x1.5","agree","LEXUS GX 470 2003 > ; LEXUS GX 470 2003-08"
"e9d4a966-c3c9-43a5-8ebf-213c63818a5e","2009","lexus","gx","GX 460","cache-import [expanded]","tight","6x139.7","6x139.7","agree","106.1","108","disagree","M12x1.5","M12x1.5","agree","LEXUS GX 470 2003 >"
"097a9224-4328-4320-b231-8fe6cc948f4f","2009","lexus","gx","GX 550","cache-import [expanded]","tight","6x139.7","6x139.7","agree","106.1","108","disagree","M12x1.5","M12x1.5","agree","LEXUS GX 470 2003 >"
"0040f402-59d3-4cdc-a8cb-5d63aa27b864","2009","lexus","gx","Luxury","cache-import [expanded]","tight","6x139.7","6x139.7","agree","106.1","108","disagree","M12x1.5","M12x1.5","agree","LEXUS GX 470 2003 >"
"cf781f49-10a8-4b9c-8e28-d904f62389c6","2009","lexus","gx","Premium","cache-import [expanded]","tight","6x139.7","6x139.7","agree","106.1","108","disagree","M12x1.5","M12x1.5","agree","LEXUS GX 470 2003 >"
"46f31c61-9b8d-42d1-b9ac-655b24dfff57","2010","lexus","gx","GX 460","cache-import [expanded]","tight","6x139.7","6x139.7","agree","106.1","108","disagree","M12x1.5","M12x1.5","agree","LEXUS GX 470 2003 >"
"4111eeb5-b72d-42ba-a447-363f9c4f2112","2010","lexus","gx","GX 460, GX 550, Premium, Luxury, Overtrail","cache-import","tight","6x139.7","6x139.7","agree","106.1","108","disagree","M12x1.5","M12x1.5","agree","LEXUS GX 470 2003 >"
"b63e056c-1664-434a-b92c-abf469c1cb98","2010","lexus","gx","GX 550","cache-import [expanded]","tight","6x139.7","6x139.7","agree","106.1","108","disagree","M12x1.5","M12x1.5","agree","LEXUS GX 470 2003 >"
"8f0463ea-7444-47ab-8408-b47e311bef52","2010","lexus","gx","Luxury","cache-import [expanded]","tight","6x139.7","6x139.7","agree","106.1","108","disagree","M12x1.5","M12x1.5","agree","LEXUS GX 470 2003 >"
"d6ab7dfe-3fdf-4cd4-8111-a27cfb58bf4b","2010","lexus","gx","Overtrail","cache-import [expanded]","tight","6x139.7","6x139.7","agree","106.1","108","disagree","M12x1.5","M12x1.5","agree","LEXUS GX 470 2003 >"
"a489521d-b2ea-4c9a-af4e-0392d5046ccd","2010","lexus","gx","Premium","cache-import [expanded]","tight","6x139.7","6x139.7","agree","106.1","108","disagree","M12x1.5","M12x1.5","agree","LEXUS GX 470 2003 >"
"c246e806-6787-4b6f-a102-d509432c244c","2011","lexus","gx","GX 460","cache-import [expanded]","tight","6x139.7","6x139.7","agree","106.1","108","disagree","M12x1.5","M12x1.5","agree","LEXUS GX 470 2003 >"
"2ee7f4b6-f880-47fb-a323-0763b1751900","2011","lexus","gx","GX 460, GX 550, Premium, Luxury, Overtrail","cache-import","tight","6x139.7","6x139.7","agree","106.1","108","disagree","M12x1.5","M12x1.5","agree","LEXUS GX 470 2003 >"
"8252f5fa-1438-4f6c-97dd-97aa31fa5be2","2011","lexus","gx","GX 550","cache-import [expanded]","tight","6x139.7","6x139.7","agree","106.1","108","disagree","M12x1.5","M12x1.5","agree","LEXUS GX 470 2003 >"
"06a57988-fc76-445a-b69c-1ce9ef36617c","2011","lexus","gx","Luxury","cache-import [expanded]","tight","6x139.7","6x139.7","agree","106.1","108","disagree","M12x1.5","M12x1.5","agree","LEXUS GX 470 2003 >"
"3a7d8082-e567-455d-a36a-552cc9e97e57","2011","lexus","gx","Overtrail","cache-import [expanded]","tight","6x139.7","6x139.7","agree","106.1","108","disagree","M12x1.5","M12x1.5","agree","LEXUS GX 470 2003 >"
"fef0db29-ba43-4802-9a4b-ae8691760790","1990","lexus","es","ES 300h","cache-import [expanded]","tight","5x114.3","5x100","disagree","60.1","54.1","disagree","M12x1.5","M12x1.5","agree","LEXUS ES 250 1990-91"
"2297e0a9-00ec-49df-b1b3-a613631b97e2","1991","lexus","es","ES 300","cache-import [expanded]","tight","5x114.3","5x100","disagree","60.1","54.1","disagree","M12x1.5","M12x1.5","agree","LEXUS ES 250 1990-91"
"34a5cb30-1f7c-4bf0-889f-3081d474656c","1990","nissan","pathfinder","Base","90s-research-batch","tight","6x139.7","6x139.7","agree","100.3","100","disagree","M12x1.5","M12x1.25","disagree","NISSAN PATHFINDER 1987-04 ; NISSAN PATHFINDER 2WD & 4WD 1987-04"
"74591099-50ff-41e0-9eee-ea0c08e6fd41","1991","nissan","pathfinder","Base","90s-research-batch","tight","6x139.7","6x139.7","agree","100.3","100","disagree","M12x1.5","M12x1.25","disagree","NISSAN PATHFINDER 1987-04 ; NISSAN PATHFINDER 2WD & 4WD 1987-04"
"7a2d288c-b065-41bd-9aaa-37f8bea6d719","1992","nissan","pathfinder","Base","90s-research-batch","tight","6x139.7","6x139.7","agree","100.3","100","disagree","M12x1.5","M12x1.25","disagree","NISSAN PATHFINDER 1987-04 ; NISSAN PATHFINDER 2WD & 4WD 1987-04"
"25563462-9594-461c-adf3-f29aac195e71","1993","nissan","pathfinder","Base","90s-research-batch","tight","6x139.7","6x139.7","agree","100.3","100","disagree","M12x1.5","M12x1.25","disagree","NISSAN PATHFINDER 1987-04 ; NISSAN PATHFINDER 2WD & 4WD 1987-04"
"5653c00b-88bf-4d3b-a6e6-84d688a661ba","1994","nissan","pathfinder","Base","90s-research-batch","tight","6x139.7","6x139.7","agree","100.3","100","disagree","M12x1.5","M12x1.25","disagree","NISSAN PATHFINDER 1987-04 ; NISSAN PATHFINDER 2WD & 4WD 1987-04"
"77ab9a9c-152b-4542-9276-4cf850e6c0a9","1995","nissan","pathfinder","Base","90s-research-batch","tight","6x139.7","6x139.7","agree","100.3","100","disagree","M12x1.5","M12x1.25","disagree","NISSAN PATHFINDER 1987-04 ; NISSAN PATHFINDER 2WD & 4WD 1987-04"
"95e12e04-fcac-4e64-844a-61e7fceb5d79","2000","nissan","pathfinder","Platinum","cache-import [expanded]","tight","6x139.7","6x139.7","agree","108","100","disagree","M12x1.25","M12x1.25","agree","NISSAN PATHFINDER 1987-04 ; NISSAN PATHFINDER 2WD & 4WD 1987-04"
"8a8cd4f0-095f-4181-9355-74b9facfeb59","2000","nissan","pathfinder","S","cache-import [expanded]","tight","6x139.7","6x139.7","agree","108","100","disagree","M12x1.25","M12x1.25","agree","NISSAN PATHFINDER 1987-04 ; NISSAN PATHFINDER 2WD & 4WD 1987-04"
"ca1bd47c-518c-4ef4-af3d-f0353bee9d7e","2000","nissan","pathfinder","S, SV, SL, Platinum","cache-import","tight","6x139.7","6x139.7","agree","108","100","disagree","M12x1.25","M12x1.25","agree","NISSAN PATHFINDER 1987-04 ; NISSAN PATHFINDER 2WD & 4WD 1987-04"
"483fa199-b8db-44f7-9fcc-00874eb1f2c5","2000","nissan","pathfinder","SL","cache-import [expanded]","tight","6x139.7","6x139.7","agree","108","100","disagree","M12x1.25","M12x1.25","agree","NISSAN PATHFINDER 1987-04 ; NISSAN PATHFINDER 2WD & 4WD 1987-04"
"df66c37b-1b33-4b34-8442-c55a55573c36","2000","nissan","pathfinder","SV","cache-import [expanded]","tight","6x139.7","6x139.7","agree","108","100","disagree","M12x1.25","M12x1.25","agree","NISSAN PATHFINDER 1987-04 ; NISSAN PATHFINDER 2WD & 4WD 1987-04"
"045b2f12-70d1-4ffb-a549-fa344b46adfa","2001","nissan","pathfinder","Platinum","cache-import [expanded]","tight","6x139.7","6x139.7","agree","108","100","disagree","M12x1.25","M12x1.25","agree","NISSAN PATHFINDER 1987-04 ; NISSAN PATHFINDER 2WD & 4WD 1987-04"
"17be3a8f-d412-4c9b-8a2e-3d8614f3d8ac","2001","nissan","pathfinder","S","cache-import [expanded]","tight","6x139.7","6x139.7","agree","108","100","disagree","M12x1.25","M12x1.25","agree","NISSAN PATHFINDER 1987-04 ; NISSAN PATHFINDER 2WD & 4WD 1987-04"
"c0de643d-7331-431d-9d5d-0a56711a10b4","2001","nissan","pathfinder","S, SV, SL, Platinum","cache-import","tight","6x139.7","6x139.7","agree","108","100","disagree","M12x1.25","M12x1.25","agree","NISSAN PATHFINDER 1987-04 ; NISSAN PATHFINDER 2WD & 4WD 1987-04"
"036baa04-a95f-4d31-b48a-6474e07c9927","2001","nissan","pathfinder","SL","cache-import [expanded]","tight","6x139.7","6x139.7","agree","108","100","disagree","M12x1.25","M12x1.25","agree","NISSAN PATHFINDER 1987-04 ; NISSAN PATHFINDER 2WD & 4WD 1987-04"
"cd12bc91-db70-479b-8dbc-bad4cdfd25d7","2001","nissan","pathfinder","SV","cache-import [expanded]","tight","6x139.7","6x139.7","agree","108","100","disagree","M12x1.25","M12x1.25","agree","NISSAN PATHFINDER 1987-04 ; NISSAN PATHFINDER 2WD & 4WD 1987-04"
"2b68b3ac-a2a6-48f7-b7c2-5587747d436e","2002","nissan","pathfinder","Platinum","cache-import [expanded]","tight","6x139.7","6x139.7","agree","108","100","disagree","M12x1.25","M12x1.25","agree","NISSAN PATHFINDER 1987-04 ; NISSAN PATHFINDER 2WD & 4WD 1987-04"
"b4c1a8bc-16c3-480a-8014-616ce1e731ce","2002","nissan","pathfinder","S","cache-import [expanded]","tight","6x139.7","6x139.7","agree","108","100","disagree","M12x1.25","M12x1.25","agree","NISSAN PATHFINDER 1987-04 ; NISSAN PATHFINDER 2WD & 4WD 1987-04"
"74238a6d-06fb-4d3b-9edc-272c2e8277ef","2002","nissan","pathfinder","S, SV, SL, Platinum","cache-import","tight","6x139.7","6x139.7","agree","108","100","disagree","M12x1.25","M12x1.25","agree","NISSAN PATHFINDER 1987-04 ; NISSAN PATHFINDER 2WD & 4WD 1987-04"
"7a2dc864-7785-44c0-bf24-8572f963e1ff","2002","nissan","pathfinder","SL","cache-import [expanded]","tight","6x139.7","6x139.7","agree","108","100","disagree","M12x1.25","M12x1.25","agree","NISSAN PATHFINDER 1987-04 ; NISSAN PATHFINDER 2WD & 4WD 1987-04"
"00b24e71-83f1-4c59-a0be-301a15aa0513","2002","nissan","pathfinder","SV","cache-import [expanded]","tight","6x139.7","6x139.7","agree","108","100","disagree","M12x1.25","M12x1.25","agree","NISSAN PATHFINDER 1987-04 ; NISSAN PATHFINDER 2WD & 4WD 1987-04"
"035a0925-a659-4f91-b97b-9b4f29d85912","2003","nissan","pathfinder","Platinum","cache-import [expanded]","tight","6x139.7","6x139.7","agree","108","100","disagree","M12x1.25","M12x1.25","agree","NISSAN PATHFINDER 1987-04 ; NISSAN PATHFINDER 2WD & 4WD 1987-04"
"4843bc32-85e2-4156-b7cd-8480d0dc99c2","2003","nissan","pathfinder","S","cache-import [expanded]","tight","6x139.7","6x139.7","agree","108","100","disagree","M12x1.25","M12x1.25","agree","NISSAN PATHFINDER 1987-04 ; NISSAN PATHFINDER 2WD & 4WD 1987-04"
"1d0669e8-bed9-4e46-99f8-5044c35e1818","2003","nissan","pathfinder","S, SV, SL, Platinum","cache-import","tight","6x139.7","6x139.7","agree","108","100","disagree","M12x1.25","M12x1.25","agree","NISSAN PATHFINDER 1987-04 ; NISSAN PATHFINDER 2WD & 4WD 1987-04"
"c2971abc-fde6-46c2-b943-ab3da0c66ee7","2003","nissan","pathfinder","SL","cache-import [expanded]","tight","6x139.7","6x139.7","agree","108","100","disagree","M12x1.25","M12x1.25","agree","NISSAN PATHFINDER 1987-04 ; NISSAN PATHFINDER 2WD & 4WD 1987-04"
"49385123-d7cf-4606-904e-266a90ae9c8d","2003","nissan","pathfinder","SV","cache-import [expanded]","tight","6x139.7","6x139.7","agree","108","100","disagree","M12x1.25","M12x1.25","agree","NISSAN PATHFINDER 1987-04 ; NISSAN PATHFINDER 2WD & 4WD 1987-04"
"67f561fe-a8c7-47ca-8c23-b8108d09f004","2004","nissan","pathfinder","Platinum","cache-import [expanded]","tight","6x139.7","6x139.7","agree","108","100","disagree","M12x1.25","M12x1.25","agree","NISSAN PATHFINDER 1987-04 ; NISSAN PATHFINDER 2WD & 4WD 1987-04 ; NISSAN PATHFINDER ARMADA 2004 >"
"ba245db4-755e-4c70-81e6-f7ee02632bac","2004","nissan","pathfinder","S","cache-import [expanded]","tight","6x139.7","6x139.7","agree","108","100","disagree","M12x1.25","M12x1.25","agree","NISSAN PATHFINDER 1987-04 ; NISSAN PATHFINDER 2WD & 4WD 1987-04 ; NISSAN PATHFINDER ARMADA 2004 >"
"ee71f706-ae51-4d0b-b5a3-8af86e9061bf","2004","nissan","pathfinder","S, SV, SL, Platinum","cache-import","tight","6x139.7","6x139.7","agree","108","100","disagree","M12x1.25","M12x1.25","agree","NISSAN PATHFINDER 1987-04 ; NISSAN PATHFINDER 2WD & 4WD 1987-04 ; NISSAN PATHFINDER ARMADA 2004 >"
"4993320c-8dea-461c-a099-b41835372550","2004","nissan","pathfinder","SL","cache-import [expanded]","tight","6x139.7","6x139.7","agree","108","100","disagree","M12x1.25","M12x1.25","agree","NISSAN PATHFINDER 1987-04 ; NISSAN PATHFINDER 2WD & 4WD 1987-04 ; NISSAN PATHFINDER ARMADA 2004 >"
"344933a4-fb43-416f-a007-12c10c9a3863","2004","nissan","pathfinder","SV","cache-import [expanded]","tight","6x139.7","6x139.7","agree","108","100","disagree","M12x1.25","M12x1.25","agree","NISSAN PATHFINDER 1987-04 ; NISSAN PATHFINDER 2WD & 4WD 1987-04 ; NISSAN PATHFINDER ARMADA 2004 >"
"6686a30f-f47b-480d-8483-5752fea0bbb9","2013","nissan","pathfinder","Platinum","cache-import [expanded]","tight","5x114.3","6x114.3","disagree","66.1","66.1","agree","M12x1.25","M12x1.25","agree","NISSAN PATHFINDER 2005 >"
"84d699fe-b07a-425a-8cc7-b1e92a5bfa37","2013","nissan","pathfinder","S","cache-import [expanded]","tight","5x114.3","6x114.3","disagree","66.1","66.1","agree","M12x1.25","M12x1.25","agree","NISSAN PATHFINDER 2005 >"
"c755f594-0f82-4b36-b194-8002bd826e9e","2013","nissan","pathfinder","S, SV, SL, Platinum","cache-import","tight","5x114.3","6x114.3","disagree","66.1","66.1","agree","M12x1.25","M12x1.25","agree","NISSAN PATHFINDER 2005 >"
"899bc025-79e0-4792-88fa-dabad57acc98","2013","nissan","pathfinder","SL","cache-import [expanded]","tight","5x114.3","6x114.3","disagree","66.1","66.1","agree","M12x1.25","M12x1.25","agree","NISSAN PATHFINDER 2005 >"
"96ac94dc-594d-4bb6-8297-bf3b34047acb","2013","nissan","pathfinder","SV","cache-import [expanded]","tight","5x114.3","6x114.3","disagree","66.1","66.1","agree","M12x1.25","M12x1.25","agree","NISSAN PATHFINDER 2005 >"
"ff18351f-340f-48c5-9852-749f548c0274","1990","nissan","pickup","Base","90s-research-batch","tight","6x139.7","6x139.7","agree","100.3","100","disagree","M12x1.5","M12x1.25","disagree","NISSAN 2WD PICKUP FRONTIER 1987-96 ; NISSAN 4WD PICKUP FRONTIER 1987-96"
"3f2acdfc-c9b3-4ea2-ba79-bdc54c05922a","1991","nissan","pickup","Base","90s-research-batch","tight","6x139.7","6x139.7","agree","100.3","100","disagree","M12x1.5","M12x1.25","disagree","NISSAN 2WD PICKUP FRONTIER 1987-96 ; NISSAN 4WD PICKUP FRONTIER 1987-96"
"8369da8d-16ec-4a68-96f2-52adb072dd6e","1992","nissan","pickup","Base","90s-research-batch","tight","6x139.7","6x139.7","agree","100.3","100","disagree","M12x1.5","M12x1.25","disagree","NISSAN 2WD PICKUP FRONTIER 1987-96 ; NISSAN 4WD PICKUP FRONTIER 1987-96"
"8c4bef50-3ada-48c5-9568-ff4664d56028","1993","nissan","pickup","Base","90s-research-batch","tight","6x139.7","6x139.7","agree","100.3","100","disagree","M12x1.5","M12x1.25","disagree","NISSAN 2WD PICKUP FRONTIER 1987-96 ; NISSAN 4WD PICKUP FRONTIER 1987-96"
"74c0b8ca-5b4b-4095-be56-acbf24294a8a","1994","nissan","pickup","Base","90s-research-batch","tight","6x139.7","6x139.7","agree","100.3","100","disagree","M12x1.5","M12x1.25","disagree","NISSAN 2WD PICKUP FRONTIER 1987-96 ; NISSAN 4WD PICKUP FRONTIER 1987-96"
"d01b7cc1-d7fa-4174-9fe7-d7222248213d","1995","nissan","pickup","Base","90s-research-batch","tight","6x139.7","6x139.7","agree","100.3","100","disagree","M12x1.5","M12x1.25","disagree","NISSAN 2WD PICKUP FRONTIER 1987-96 ; NISSAN 4WD PICKUP FRONTIER 1987-96"
"65ad132a-7a7d-431a-9b17-5a8856140373","1996","nissan","pickup","Base","90s-research-batch","tight","6x139.7","6x139.7","agree","100.3","100","disagree","M12x1.5","M12x1.25","disagree","NISSAN 2WD PICKUP FRONTIER 1987-96 ; NISSAN 4WD PICKUP FRONTIER 1987-96"
"c3893966-fd4f-421f-86ee-48da697a8723","2003","lexus","gx","GX 460, GX 550, Premium, Luxury, Overtrail","cache-import","tight","6x139.7","6x139.7","agree","106.1","108","disagree","M12x1.5","M12x1.5","agree","LEXUS GX 470 2003 > ; LEXUS GX 470 2003-08"
"af6ccfb2-8839-48d6-8043-cbd3d4ed0bae","2009","lexus","gx","GX 460, GX 550, Premium, Luxury, Overtrail","cache-import","tight","6x139.7","6x139.7","agree","106.1","108","disagree","M12x1.5","M12x1.5","agree","LEXUS GX 470 2003 >"
"ea34e1ae-a19c-43ba-982e-b0a46973143d","2009","lexus","gx","Overtrail","cache-import [expanded]","tight","6x139.7","6x139.7","agree","106.1","108","disagree","M12x1.5","M12x1.5","agree","LEXUS GX 470 2003 >"
"18192087-4bea-497c-abf0-84bf76632f1c","2011","lexus","gx","Premium","cache-import [expanded]","tight","6x139.7","6x139.7","agree","106.1","108","disagree","M12x1.5","M12x1.5","agree","LEXUS GX 470 2003 >"
"32ec16d2-1f5e-48b1-91ba-a257a007d5d4","1996","lexus","lx","LX 450","cache-import [expanded]","tight","5x150","6x139.7","disagree","108","108","agree","M12x1.5","M12x1.5","agree","LEXUS LX 450 1996-97"
"4d88719b-133c-4d92-a345-fa6b157ac9cb","1996","lexus","lx","LX 450","cache-import","tight","5x150","6x139.7","disagree","108","108","agree","M12x1.5","M12x1.5","agree","LEXUS LX 450 1996-97"
"8a5c956a-f62b-4154-9268-47ccc2558a21","1996","lexus","lx","LX 450","cache-import [expanded]","tight","5x150","6x139.7","disagree","108","108","agree","M12x1.5","M12x1.5","agree","LEXUS LX 450 1996-97"
"d5ecf65b-82e0-40b6-bdec-cadf9c2a6bfc","1996","lexus","lx","LX 450","cache-import [expanded]","tight","5x150","6x139.7","disagree","108","108","agree","M12x1.5","M12x1.5","agree","LEXUS LX 450 1996-97"
"829803b6-eaf1-4a4c-886b-3087344a2337","2003","lincoln","aviator","Grand Touring","generation-baseline [expanded]","tight","5x114.3","5x114.3","agree","70.6","70.3","disagree","M14x2.0","1/2","disagree","LINCOLN AVIATOR 2003 > ; LINCOLN AVIATOR 2003-05"
"01e6c5e8-36df-4515-b1d0-57ce45c2a824","2003","lincoln","aviator","Reserve","generation-baseline [expanded]","tight","5x114.3","5x114.3","agree","70.6","70.3","disagree","M14x2.0","1/2","disagree","LINCOLN AVIATOR 2003 > ; LINCOLN AVIATOR 2003-05"
"fdbcf7c1-c894-4b73-bb52-0ee40584f371","2003","lincoln","aviator","Standard, Reserve, Grand Touring, Black Label","generation-baseline","tight","5x114.3","5x114.3","agree","70.6","70.3","disagree","M14x2.0","1/2","disagree","LINCOLN AVIATOR 2003 > ; LINCOLN AVIATOR 2003-05"
"35a5b063-8668-4087-8c1d-05c4eb2c987d","2004","lincoln","aviator","Standard","generation-baseline [expanded]","tight","5x114.3","5x114.3","agree","70.6","70.3","disagree","M14x2.0","1/2","disagree","LINCOLN AVIATOR 2003 > ; LINCOLN AVIATOR 2003-05"
"1827c314-0de6-44c5-a2de-bf6e3d927819","2004","lincoln","aviator","Standard, Reserve, Grand Touring, Black Label","generation-baseline","tight","5x114.3","5x114.3","agree","70.6","70.3","disagree","M14x2.0","1/2","disagree","LINCOLN AVIATOR 2003 > ; LINCOLN AVIATOR 2003-05"
"5019c057-5eab-4c5b-b3e4-e965e045f387","2005","lincoln","aviator","Black Label","generation-baseline [expanded]","tight","5x114.3","5x114.3","agree","70.6","70.3","disagree","M14x2.0","1/2","disagree","LINCOLN AVIATOR 2003 > ; LINCOLN AVIATOR 2003-05"
"c61c2f98-9e28-47a6-abce-5dcecce47378","2005","lincoln","aviator","Reserve","generation-baseline [expanded]","tight","5x114.3","5x114.3","agree","70.6","70.3","disagree","M14x2.0","1/2","disagree","LINCOLN AVIATOR 2003 > ; LINCOLN AVIATOR 2003-05"
"74f85d0c-d96e-439c-a582-18fe32051c7d","2005","lincoln","aviator","Standard","generation-baseline [expanded]","tight","5x114.3","5x114.3","agree","70.6","70.3","disagree","M14x2.0","1/2","disagree","LINCOLN AVIATOR 2003 > ; LINCOLN AVIATOR 2003-05"
"25a0b1ea-e82c-4b05-86cb-bf489ff2a951","2005","lincoln","aviator","Standard, Reserve, Grand Touring, Black Label","generation-baseline","tight","5x114.3","5x114.3","agree","70.6","70.3","disagree","M14x2.0","1/2","disagree","LINCOLN AVIATOR 2003 > ; LINCOLN AVIATOR 2003-05"
"c0fae5bb-61c9-4f83-af86-d2a7090b0221","2000","lincoln","ls","Base","generation-baseline","tight","5x114.3","5x108","disagree","63.4","63.4","agree","M12x1.5","M12x1.5","agree","LINCOLN LS 1999 > ; LINCOLN LS 1999-06"
"501df674-b723-4e5e-85cc-00e37c530260","2001","lincoln","ls","Base","generation-baseline","tight","5x114.3","5x108","disagree","63.4","63.4","agree","M12x1.5","M12x1.5","agree","LINCOLN LS 1999 > ; LINCOLN LS 1999-06"
"4a0033a3-478e-48ae-b81a-f936a481b468","2002","lincoln","ls","Base","generation-baseline","tight","5x114.3","5x108","disagree","63.4","63.4","agree","M12x1.5","M12x1.5","agree","LINCOLN LS 1999 > ; LINCOLN LS 1999-06"
"ac17624f-4014-4500-b3a1-aa191179f83c","2003","lincoln","ls","Base","generation-baseline","tight","5x114.3","5x108","disagree","63.4","63.4","agree","M12x1.5","M12x1.5","agree","LINCOLN LS 1999 > ; LINCOLN LS 1999-06"
"cec6f1c4-3391-4845-8736-98629bb9be68","2004","lincoln","ls","Base","generation-baseline","tight","5x114.3","5x108","disagree","63.4","63.4","agree","M12x1.5","M12x1.5","agree","LINCOLN LS 1999 > ; LINCOLN LS 1999-06"
"8ae5d54d-4fe4-4ef4-9d48-dbfba9f52d90","2005","lincoln","ls","Base","generation-baseline","tight","5x114.3","5x108","disagree","63.4","63.4","agree","M12x1.5","M12x1.5","agree","LINCOLN LS 1999 > ; LINCOLN LS 1999-06"
"855fa3db-b52c-409b-96c6-d640c677bc17","2006","lincoln","ls","Base","generation-baseline","tight","5x114.3","5x108","disagree","63.4","63.4","agree","M12x1.5","M12x1.5","agree","LINCOLN LS 1999 > ; LINCOLN LS 1999-06"
"dcc8c700-0e7b-43f2-b89a-3c80b5ad71b6","2000","cadillac","escalade","Base","final-gap-fill [expanded]","tight","6x139.7","6x139.7","agree","78.1","78.3","disagree","M14x1.5","M14x1.5","agree","CADILLAC ESCALADE, EXT & ESV 1998 >"
"c1e33605-9e07-4dd5-b346-52d5956e34f9","2007","lincoln","mkx","Black Label","generation-baseline [expanded]","tight","5x114.3","5x114.3","agree","67.1","70.5","disagree","M12x1.5","1/2","disagree","LINCOLN MKX 2007-08"
"ad971683-811d-4946-98b1-0d57119adb6a","2007","lincoln","mkx","Premiere","generation-baseline [expanded]","tight","5x114.3","5x114.3","agree","67.1","70.5","disagree","M12x1.5","1/2","disagree","LINCOLN MKX 2007-08"
"6c7db6c5-5549-4ed8-9345-064f63ab50ca","2007","lincoln","mkx","Premiere, Select, Reserve, Black Label","generation-baseline","tight","5x114.3","5x114.3","agree","67.1","70.5","disagree","M12x1.5","1/2","disagree","LINCOLN MKX 2007-08"
"acfbf2e4-25a7-4f5b-abe2-2ee9d3484524","2007","lincoln","mkx","Reserve","generation-baseline [expanded]","tight","5x114.3","5x114.3","agree","67.1","70.5","disagree","M12x1.5","1/2","disagree","LINCOLN MKX 2007-08"
"c545fa12-1dd0-40e6-bf67-a1293d806f0d","2007","lincoln","mkx","Select","generation-baseline [expanded]","tight","5x114.3","5x114.3","agree","67.1","70.5","disagree","M12x1.5","1/2","disagree","LINCOLN MKX 2007-08"
"bfbea683-f619-41c6-9b59-494cef54139b","2008","lincoln","mkx","Black Label","generation-baseline [expanded]","tight","5x114.3","5x114.3","agree","67.1","70.5","disagree","M12x1.5","1/2","disagree","LINCOLN MKX 2007-08"
"1b37017e-2dab-4020-85d2-7ee03dd46e3c","2008","lincoln","mkx","Premiere, Select, Reserve, Black Label","generation-baseline","tight","5x114.3","5x114.3","agree","67.1","70.5","disagree","M12x1.5","1/2","disagree","LINCOLN MKX 2007-08"
"e0b1e6bd-a7be-409f-b0de-ef863edeadde","2008","lincoln","mkx","Reserve","generation-baseline [expanded]","tight","5x114.3","5x114.3","agree","67.1","70.5","disagree","M12x1.5","1/2","disagree","LINCOLN MKX 2007-08"
"0fecfafb-1319-4e6b-aa48-6ecd15c90e20","2008","lincoln","mkx","Select","generation-baseline [expanded]","tight","5x114.3","5x114.3","agree","67.1","70.5","disagree","M12x1.5","1/2","disagree","LINCOLN MKX 2007-08"
"5ce35b56-4a33-431d-99e8-852d02f69560","1990","lincoln","town-car","Cartier","generation-baseline [expanded]","tight","5x114.3","5x114.3","agree","70.6","70.3","disagree","M12x1.75","1/2","disagree","LINCOLN TOWN CAR 1982-97 ; LINCOLN TOWN CAR (LOW OFFSET) 1982-02"
"42588b47-6fbf-4cea-90ed-2fe15951e600","1990","lincoln","town-car","Executive","generation-baseline [expanded]","tight","5x114.3","5x114.3","agree","70.6","70.3","disagree","M12x1.75","1/2","disagree","LINCOLN TOWN CAR 1982-97 ; LINCOLN TOWN CAR (LOW OFFSET) 1982-02"
"d8220063-084c-4fa5-bd41-320c7c02533a","1990","lincoln","town-car","Signature","generation-baseline [expanded]","tight","5x114.3","5x114.3","agree","70.6","70.3","disagree","M12x1.75","1/2","disagree","LINCOLN TOWN CAR 1982-97 ; LINCOLN TOWN CAR (LOW OFFSET) 1982-02"
"b392c580-cebe-4561-9c7d-f1e328dd1a2f","1990","lincoln","town-car","Signature Limited","generation-baseline [expanded]","tight","5x114.3","5x114.3","agree","70.6","70.3","disagree","M12x1.75","1/2","disagree","LINCOLN TOWN CAR 1982-97 ; LINCOLN TOWN CAR (LOW OFFSET) 1982-02"
"1cf444a4-5d01-42a9-89d2-1946d3302d06","1991","lincoln","town-car","Cartier","generation-baseline [expanded]","tight","5x114.3","5x114.3","agree","70.6","70.3","disagree","M12x1.75","1/2","disagree","LINCOLN TOWN CAR 1982-97 ; LINCOLN TOWN CAR (LOW OFFSET) 1982-02"
"c48bb549-8fa0-46c1-83db-b24cbd148501","1991","lincoln","town-car","Executive","generation-baseline [expanded]","tight","5x114.3","5x114.3","agree","70.6","70.3","disagree","M12x1.75","1/2","disagree","LINCOLN TOWN CAR 1982-97 ; LINCOLN TOWN CAR (LOW OFFSET) 1982-02"
"922a51be-6b18-4966-9003-747b157235d1","1991","lincoln","town-car","Executive, Signature, Signature Limited, Cartier","generation-baseline","tight","5x114.3","5x114.3","agree","70.6","70.3","disagree","M12x1.75","1/2","disagree","LINCOLN TOWN CAR 1982-97 ; LINCOLN TOWN CAR (LOW OFFSET) 1982-02"
"32e0f574-2f57-46a5-8a3a-10a686cec106","1991","lincoln","town-car","Signature","generation-baseline [expanded]","tight","5x114.3","5x114.3","agree","70.6","70.3","disagree","M12x1.75","1/2","disagree","LINCOLN TOWN CAR 1982-97 ; LINCOLN TOWN CAR (LOW OFFSET) 1982-02"
"cfb40501-fa33-4669-af24-11be1c650ea8","1991","lincoln","town-car","Signature Limited","generation-baseline [expanded]","tight","5x114.3","5x114.3","agree","70.6","70.3","disagree","M12x1.75","1/2","disagree","LINCOLN TOWN CAR 1982-97 ; LINCOLN TOWN CAR (LOW OFFSET) 1982-02"
"734551ed-b675-41c2-b3ca-3fc6ddac16cb","1992","lincoln","town-car","Cartier","generation-baseline [expanded]","tight","5x114.3","5x114.3","agree","70.6","70.3","disagree","M12x1.75","1/2","disagree","LINCOLN TOWN CAR 1982-97 ; LINCOLN TOWN CAR (LOW OFFSET) 1982-02"
"0e8c5461-2555-4bf0-911c-502312f95772","1992","lincoln","town-car","Executive","generation-baseline [expanded]","tight","5x114.3","5x114.3","agree","70.6","70.3","disagree","M12x1.75","1/2","disagree","LINCOLN TOWN CAR 1982-97 ; LINCOLN TOWN CAR (LOW OFFSET) 1982-02"
"d3f9b32a-c9b1-46f0-8593-5032fea241cd","1992","lincoln","town-car","Executive, Signature, Signature Limited, Cartier","generation-baseline","tight","5x114.3","5x114.3","agree","70.6","70.3","disagree","M12x1.75","1/2","disagree","LINCOLN TOWN CAR 1982-97 ; LINCOLN TOWN CAR (LOW OFFSET) 1982-02"
"9289b54c-8e82-4141-a44f-3480f05c6b50","1992","lincoln","town-car","Signature","generation-baseline [expanded]","tight","5x114.3","5x114.3","agree","70.6","70.3","disagree","M12x1.75","1/2","disagree","LINCOLN TOWN CAR 1982-97 ; LINCOLN TOWN CAR (LOW OFFSET) 1982-02"
"12ab77e7-ab24-4254-9596-211cb84aacab","1992","lincoln","town-car","Signature Limited","generation-baseline [expanded]","tight","5x114.3","5x114.3","agree","70.6","70.3","disagree","M12x1.75","1/2","disagree","LINCOLN TOWN CAR 1982-97 ; LINCOLN TOWN CAR (LOW OFFSET) 1982-02"
"aceb2ffe-e32c-41c4-a392-74288c82a086","1993","lincoln","town-car","Cartier","generation-baseline [expanded]","tight","5x114.3","5x114.3","agree","70.6","70.3","disagree","M12x1.75","1/2","disagree","LINCOLN TOWN CAR 1982-97 ; LINCOLN TOWN CAR (LOW OFFSET) 1982-02"
"f53306e8-1908-4245-8477-1e3c1a2cb097","1993","lincoln","town-car","Executive","generation-baseline [expanded]","tight","5x114.3","5x114.3","agree","70.6","70.3","disagree","M12x1.75","1/2","disagree","LINCOLN TOWN CAR 1982-97 ; LINCOLN TOWN CAR (LOW OFFSET) 1982-02"
"681dc69d-bd08-4f8e-a5c8-3bf252a06db4","1993","lincoln","town-car","Executive, Signature, Signature Limited, Cartier","generation-baseline","tight","5x114.3","5x114.3","agree","70.6","70.3","disagree","M12x1.75","1/2","disagree","LINCOLN TOWN CAR 1982-97 ; LINCOLN TOWN CAR (LOW OFFSET) 1982-02"
"8292cb8b-9f66-409f-b005-4e90dd1b3901","1993","lincoln","town-car","Signature","generation-baseline [expanded]","tight","5x114.3","5x114.3","agree","70.6","70.3","disagree","M12x1.75","1/2","disagree","LINCOLN TOWN CAR 1982-97 ; LINCOLN TOWN CAR (LOW OFFSET) 1982-02"
"fa36f2f1-535a-45cc-96bc-f389aeb7b73d","1993","lincoln","town-car","Signature Limited","generation-baseline [expanded]","tight","5x114.3","5x114.3","agree","70.6","70.3","disagree","M12x1.75","1/2","disagree","LINCOLN TOWN CAR 1982-97 ; LINCOLN TOWN CAR (LOW OFFSET) 1982-02"
"022c82b9-2fc6-4cf7-bb26-31ae0dd36914","1994","lincoln","town-car","Cartier","generation-baseline [expanded]","tight","5x114.3","5x114.3","agree","70.6","70.3","disagree","M12x1.75","1/2","disagree","LINCOLN TOWN CAR 1982-97 ; LINCOLN TOWN CAR (LOW OFFSET) 1982-02"
"ec22a469-d100-435d-b25f-d0072ad95e37","1994","lincoln","town-car","Executive","generation-baseline [expanded]","tight","5x114.3","5x114.3","agree","70.6","70.3","disagree","M12x1.75","1/2","disagree","LINCOLN TOWN CAR 1982-97 ; LINCOLN TOWN CAR (LOW OFFSET) 1982-02"
"2417457f-02ec-41fe-b3b6-3577112b6500","1994","lincoln","town-car","Executive, Signature, Signature Limited, Cartier","generation-baseline","tight","5x114.3","5x114.3","agree","70.6","70.3","disagree","M12x1.75","1/2","disagree","LINCOLN TOWN CAR 1982-97 ; LINCOLN TOWN CAR (LOW OFFSET) 1982-02"
"0d4d298b-3e0a-4806-9d48-fb3639e230c9","1994","lincoln","town-car","Signature","generation-baseline [expanded]","tight","5x114.3","5x114.3","agree","70.6","70.3","disagree","M12x1.75","1/2","disagree","LINCOLN TOWN CAR 1982-97 ; LINCOLN TOWN CAR (LOW OFFSET) 1982-02"
"dce2936d-fac3-4cbd-8455-326a5fa7b71d","1994","lincoln","town-car","Signature Limited","generation-baseline [expanded]","tight","5x114.3","5x114.3","agree","70.6","70.3","disagree","M12x1.75","1/2","disagree","LINCOLN TOWN CAR 1982-97 ; LINCOLN TOWN CAR (LOW OFFSET) 1982-02"
"e184ec0d-3d13-44b3-b135-51412276a790","1995","lincoln","town-car","Cartier","generation-baseline [expanded]","tight","5x114.3","5x114.3","agree","70.6","70.3","disagree","M12x1.75","1/2","disagree","LINCOLN TOWN CAR 1982-97 ; LINCOLN TOWN CAR (LOW OFFSET) 1982-02"
"44192897-e3db-4ef4-a273-9e43ba8ab2b0","1995","lincoln","town-car","Executive","generation-baseline [expanded]","tight","5x114.3","5x114.3","agree","70.6","70.3","disagree","M12x1.75","1/2","disagree","LINCOLN TOWN CAR 1982-97 ; LINCOLN TOWN CAR (LOW OFFSET) 1982-02"
"c01571a1-8eca-4257-b546-9033fb606bff","1995","lincoln","town-car","Executive, Signature, Signature Limited, Cartier","generation-baseline","tight","5x114.3","5x114.3","agree","70.6","70.3","disagree","M12x1.75","1/2","disagree","LINCOLN TOWN CAR 1982-97 ; LINCOLN TOWN CAR (LOW OFFSET) 1982-02"
"c1112b81-64f4-482e-8bd8-893469296850","1995","lincoln","town-car","Signature","generation-baseline [expanded]","tight","5x114.3","5x114.3","agree","70.6","70.3","disagree","M12x1.75","1/2","disagree","LINCOLN TOWN CAR 1982-97 ; LINCOLN TOWN CAR (LOW OFFSET) 1982-02"
"ecce3b93-755a-4de0-ba8a-8db5dac0da1b","1995","lincoln","town-car","Signature Limited","generation-baseline [expanded]","tight","5x114.3","5x114.3","agree","70.6","70.3","disagree","M12x1.75","1/2","disagree","LINCOLN TOWN CAR 1982-97 ; LINCOLN TOWN CAR (LOW OFFSET) 1982-02"
"0e50352b-32ee-477e-adbf-d07e14a77c71","1996","lincoln","town-car","Cartier","generation-baseline [expanded]","tight","5x114.3","5x114.3","agree","70.6","70.3","disagree","M12x1.75","1/2","disagree","LINCOLN TOWN CAR 1982-97 ; LINCOLN TOWN CAR (LOW OFFSET) 1982-02"
"552088f6-a539-4773-93bf-f85c5eed09aa","1996","lincoln","town-car","Executive","generation-baseline [expanded]","tight","5x114.3","5x114.3","agree","70.6","70.3","disagree","M12x1.75","1/2","disagree","LINCOLN TOWN CAR 1982-97 ; LINCOLN TOWN CAR (LOW OFFSET) 1982-02"
"3380c9bb-a534-4044-a601-36e381c7ff03","1996","lincoln","town-car","Executive, Signature, Signature Limited, Cartier","generation-baseline","tight","5x114.3","5x114.3","agree","70.6","70.3","disagree","M12x1.75","1/2","disagree","LINCOLN TOWN CAR 1982-97 ; LINCOLN TOWN CAR (LOW OFFSET) 1982-02"
"e1aacf4e-4696-40ca-a498-2dcdd0949958","1996","lincoln","town-car","Signature","generation-baseline [expanded]","tight","5x114.3","5x114.3","agree","70.6","70.3","disagree","M12x1.75","1/2","disagree","LINCOLN TOWN CAR 1982-97 ; LINCOLN TOWN CAR (LOW OFFSET) 1982-02"
"8c5b0280-34ae-4f4c-8a6d-acecd8d88ff9","1996","lincoln","town-car","Signature Limited","generation-baseline [expanded]","tight","5x114.3","5x114.3","agree","70.6","70.3","disagree","M12x1.75","1/2","disagree","LINCOLN TOWN CAR 1982-97 ; LINCOLN TOWN CAR (LOW OFFSET) 1982-02"
"37b5507f-1f73-4d48-95a3-2749fe222ef0","1997","lincoln","town-car","Cartier","generation-baseline [expanded]","tight","5x114.3","5x114.3","agree","70.6","70.3","disagree","M12x1.75","1/2","disagree","LINCOLN TOWN CAR 1982-97 ; LINCOLN TOWN CAR (LOW OFFSET) 1982-02"
"4fdbef31-6356-4fb2-94f9-3f65152ccfa1","1997","lincoln","town-car","Executive","generation-baseline [expanded]","tight","5x114.3","5x114.3","agree","70.6","70.3","disagree","M12x1.75","1/2","disagree","LINCOLN TOWN CAR 1982-97 ; LINCOLN TOWN CAR (LOW OFFSET) 1982-02"
"0d1f40a1-4c63-49e3-8e14-ef556003bd9f","1997","lincoln","town-car","Executive, Signature, Signature Limited, Cartier","generation-baseline","tight","5x114.3","5x114.3","agree","70.6","70.3","disagree","M12x1.75","1/2","disagree","LINCOLN TOWN CAR 1982-97 ; LINCOLN TOWN CAR (LOW OFFSET) 1982-02"
"18a0a6cc-7827-4246-bff5-1d2019416aee","1997","lincoln","town-car","Signature","generation-baseline [expanded]","tight","5x114.3","5x114.3","agree","70.6","70.3","disagree","M12x1.75","1/2","disagree","LINCOLN TOWN CAR 1982-97 ; LINCOLN TOWN CAR (LOW OFFSET) 1982-02"
"3cd8c3ad-1687-4fa0-b3fc-cb94712afd9a","1997","lincoln","town-car","Signature Limited","generation-baseline [expanded]","tight","5x114.3","5x114.3","agree","70.6","70.3","disagree","M12x1.75","1/2","disagree","LINCOLN TOWN CAR 1982-97 ; LINCOLN TOWN CAR (LOW OFFSET) 1982-02"
"726430f9-7524-4650-8d75-7a00f330f1b9","1998","lincoln","town-car","Cartier","generation-baseline [expanded]","tight","5x114.3","5x114.3","agree","70.6","70.3","disagree","M14x2.0","1/2","disagree","LINCOLN TOWN CAR 1998 > ; LINCOLN TOWN CAR (LOW OFFSET) 1982-02"
"f7967e55-81ed-4202-9713-a6becad4a040","1998","lincoln","town-car","Executive","generation-baseline [expanded]","tight","5x114.3","5x114.3","agree","70.6","70.3","disagree","M14x2.0","1/2","disagree","LINCOLN TOWN CAR 1998 > ; LINCOLN TOWN CAR (LOW OFFSET) 1982-02"
"94c6e382-fab3-4f12-ba30-ba00401f1179","1998","lincoln","town-car","Executive, Signature, Signature Limited, Cartier","generation-baseline","tight","5x114.3","5x114.3","agree","70.6","70.3","disagree","M14x2.0","1/2","disagree","LINCOLN TOWN CAR 1998 > ; LINCOLN TOWN CAR (LOW OFFSET) 1982-02"
"8dd48ffc-f394-47af-bf2b-b7e9e7cfc823","1998","lincoln","town-car","Signature","generation-baseline [expanded]","tight","5x114.3","5x114.3","agree","70.6","70.3","disagree","M14x2.0","1/2","disagree","LINCOLN TOWN CAR 1998 > ; LINCOLN TOWN CAR (LOW OFFSET) 1982-02"
"6b1f3579-c6ee-48d0-8abc-e674a533f135","1998","lincoln","town-car","Signature Limited","generation-baseline [expanded]","tight","5x114.3","5x114.3","agree","70.6","70.3","disagree","M14x2.0","1/2","disagree","LINCOLN TOWN CAR 1998 > ; LINCOLN TOWN CAR (LOW OFFSET) 1982-02"
"cec95d24-0d97-49e6-b160-5da0fe9bf223","1999","lincoln","town-car","Cartier","generation-baseline [expanded]","tight","5x114.3","5x114.3","agree","70.6","70.3","disagree","M14x2.0","1/2","disagree","LINCOLN TOWN CAR 1998 > ; LINCOLN TOWN CAR (LOW OFFSET) 1982-02"
"500f3834-e381-464a-9eb6-fa51d9d8cd62","1999","lincoln","town-car","Executive","generation-baseline [expanded]","tight","5x114.3","5x114.3","agree","70.6","70.3","disagree","M14x2.0","1/2","disagree","LINCOLN TOWN CAR 1998 > ; LINCOLN TOWN CAR (LOW OFFSET) 1982-02"
"687d1b29-6bfd-42b4-b899-d7466e6c32cc","1999","lincoln","town-car","Executive, Signature, Signature Limited, Cartier","generation-baseline","tight","5x114.3","5x114.3","agree","70.6","70.3","disagree","M14x2.0","1/2","disagree","LINCOLN TOWN CAR 1998 > ; LINCOLN TOWN CAR (LOW OFFSET) 1982-02"
"2ef87912-3932-4689-a0c4-54a569db896f","1999","lincoln","town-car","Signature","generation-baseline [expanded]","tight","5x114.3","5x114.3","agree","70.6","70.3","disagree","M14x2.0","1/2","disagree","LINCOLN TOWN CAR 1998 > ; LINCOLN TOWN CAR (LOW OFFSET) 1982-02"
"51f03e25-968d-42b7-850b-bbf54b605150","1999","lincoln","town-car","Signature Limited","generation-baseline [expanded]","tight","5x114.3","5x114.3","agree","70.6","70.3","disagree","M14x2.0","1/2","disagree","LINCOLN TOWN CAR 1998 > ; LINCOLN TOWN CAR (LOW OFFSET) 1982-02"
"fa2c04ee-4453-4ecf-9754-24d0714dd51c","2000","lincoln","town-car","Cartier","manual-research","tight","5x114.3","5x114.3","agree","70.5","70.3","disagree","M12x1.5","1/2","disagree","LINCOLN TOWN CAR 1998 > ; LINCOLN TOWN CAR (LOW OFFSET) 1982-02"
"7af3a560-8e81-492e-9644-ed52a5ecbf18","2000","lincoln","town-car","Executive","manual-research","tight","5x114.3","5x114.3","agree","70.5","70.3","disagree","M12x1.5","1/2","disagree","LINCOLN TOWN CAR 1998 > ; LINCOLN TOWN CAR (LOW OFFSET) 1982-02"
"9e97fa9f-027e-4f47-8365-ad737ec38f9d","2000","lincoln","town-car","Signature","manual-research","tight","5x114.3","5x114.3","agree","70.5","70.3","disagree","M12x1.5","1/2","disagree","LINCOLN TOWN CAR 1998 > ; LINCOLN TOWN CAR (LOW OFFSET) 1982-02"
"84c07d41-963e-4b1c-ba61-92f83ad38c10","2001","lincoln","town-car","Cartier","manual-research","tight","5x114.3","5x114.3","agree","70.5","70.3","disagree","M12x1.5","1/2","disagree","LINCOLN TOWN CAR 1998 > ; LINCOLN TOWN CAR (LOW OFFSET) 1982-02"
"73e42ea4-1047-4379-a905-611e45282531","2001","lincoln","town-car","Executive","manual-research","tight","5x114.3","5x114.3","agree","70.5","70.3","disagree","M12x1.5","1/2","disagree","LINCOLN TOWN CAR 1998 > ; LINCOLN TOWN CAR (LOW OFFSET) 1982-02"
"a1f1a7d6-0607-43b6-a7be-88edb3530ae5","2001","lincoln","town-car","Signature","manual-research","tight","5x114.3","5x114.3","agree","70.5","70.3","disagree","M12x1.5","1/2","disagree","LINCOLN TOWN CAR 1998 > ; LINCOLN TOWN CAR (LOW OFFSET) 1982-02"
"5b966ff4-0b31-41fb-b77d-311cb1acb9b3","2002","lincoln","town-car","Cartier","manual-research","tight","5x114.3","5x114.3","agree","70.5","70.3","disagree","M12x1.5","1/2","disagree","LINCOLN TOWN CAR 1998 > ; LINCOLN TOWN CAR (LOW OFFSET) 1982-02"
"32414cd0-04cf-4a53-ad1b-54e4d3518f70","2002","lincoln","town-car","Executive","manual-research","tight","5x114.3","5x114.3","agree","70.5","70.3","disagree","M12x1.5","1/2","disagree","LINCOLN TOWN CAR 1998 > ; LINCOLN TOWN CAR (LOW OFFSET) 1982-02"
"0e6ae4f8-7e1b-4ee3-bc83-e1dc63494142","2002","lincoln","town-car","Signature","manual-research","tight","5x114.3","5x114.3","agree","70.5","70.3","disagree","M12x1.5","1/2","disagree","LINCOLN TOWN CAR 1998 > ; LINCOLN TOWN CAR (LOW OFFSET) 1982-02"
"56c960af-d0b3-4faf-a589-1af2c454f33c","2003","lincoln","town-car","Cartier","manual-research","tight","5x114.3","5x114.3","agree","70.5","70.3","disagree","M12x1.5","1/2","disagree","LINCOLN TOWN CAR 1998 > ; LINCOLN TOWN CAR (HIGH OFFSET) 2003-08"
"5df4d1a8-b65d-4d3f-8632-56556f5f5b3f","2003","lincoln","town-car","Executive","manual-research","tight","5x114.3","5x114.3","agree","70.5","70.3","disagree","M12x1.5","1/2","disagree","LINCOLN TOWN CAR 1998 > ; LINCOLN TOWN CAR (HIGH OFFSET) 2003-08"
"05e5b9ad-19cc-4d1d-a874-35ec329d7ab5","2003","lincoln","town-car","Signature","manual-research","tight","5x114.3","5x114.3","agree","70.5","70.3","disagree","M12x1.5","1/2","disagree","LINCOLN TOWN CAR 1998 > ; LINCOLN TOWN CAR (HIGH OFFSET) 2003-08"
"5f762c84-5aee-40a6-a111-14a2a55b0f46","2003","lincoln","town-car","Signature Limited","manual-research","tight","5x114.3","5x114.3","agree","70.5","70.3","disagree","M12x1.5","1/2","disagree","LINCOLN TOWN CAR 1998 > ; LINCOLN TOWN CAR (HIGH OFFSET) 2003-08"
"bc787976-fc85-4275-a06d-7c736fef3bb4","2003","lincoln","town-car","Ultimate","manual-research","tight","5x114.3","5x114.3","agree","70.5","70.3","disagree","M12x1.5","1/2","disagree","LINCOLN TOWN CAR 1998 > ; LINCOLN TOWN CAR (HIGH OFFSET) 2003-08"
"0e82bfab-b75c-4375-a905-0e12d57e9f13","2004","lincoln","town-car","Cartier","manual-research","tight","5x114.3","5x114.3","agree","70.5","70.3","disagree","M12x1.5","1/2","disagree","LINCOLN TOWN CAR 1998 > ; LINCOLN TOWN CAR (HIGH OFFSET) 2003-08"
"d0e1cc58-2f38-4078-b589-d399bf3ab204","2004","lincoln","town-car","Executive","manual-research","tight","5x114.3","5x114.3","agree","70.5","70.3","disagree","M12x1.5","1/2","disagree","LINCOLN TOWN CAR 1998 > ; LINCOLN TOWN CAR (HIGH OFFSET) 2003-08"
"6ddc51be-5bff-457c-bd08-8fca3257c850","2004","lincoln","town-car","Signature","manual-research","tight","5x114.3","5x114.3","agree","70.5","70.3","disagree","M12x1.5","1/2","disagree","LINCOLN TOWN CAR 1998 > ; LINCOLN TOWN CAR (HIGH OFFSET) 2003-08"
"391f9cef-9e67-4f92-869b-72bd6149cfb8","2004","lincoln","town-car","Signature Limited","manual-research","tight","5x114.3","5x114.3","agree","70.5","70.3","disagree","M12x1.5","1/2","disagree","LINCOLN TOWN CAR 1998 > ; LINCOLN TOWN CAR (HIGH OFFSET) 2003-08"
"e7ef7386-094d-48e9-904f-64f339fddd33","2004","lincoln","town-car","Ultimate","manual-research","tight","5x114.3","5x114.3","agree","70.5","70.3","disagree","M12x1.5","1/2","disagree","LINCOLN TOWN CAR 1998 > ; LINCOLN TOWN CAR (HIGH OFFSET) 2003-08"
"83c81abf-099e-485b-b635-ed200e701b94","2005","lincoln","town-car","Cartier","manual-research","tight","5x114.3","5x114.3","agree","70.5","70.3","disagree","M12x1.5","1/2","disagree","LINCOLN TOWN CAR 1998 > ; LINCOLN TOWN CAR (HIGH OFFSET) 2003-08"
"7f8bf709-7f68-47ce-aa34-ef8868a9a84b","2005","lincoln","town-car","Executive","manual-research","tight","5x114.3","5x114.3","agree","70.5","70.3","disagree","M12x1.5","1/2","disagree","LINCOLN TOWN CAR 1998 > ; LINCOLN TOWN CAR (HIGH OFFSET) 2003-08"
"b3a36ddd-3996-41dc-9b04-c359eef758e5","2005","lincoln","town-car","Signature","manual-research","tight","5x114.3","5x114.3","agree","70.5","70.3","disagree","M12x1.5","1/2","disagree","LINCOLN TOWN CAR 1998 > ; LINCOLN TOWN CAR (HIGH OFFSET) 2003-08"
"7421ffd7-f861-4a97-859c-da136b3a4380","2005","lincoln","town-car","Signature Limited","manual-research","tight","5x114.3","5x114.3","agree","70.5","70.3","disagree","M12x1.5","1/2","disagree","LINCOLN TOWN CAR 1998 > ; LINCOLN TOWN CAR (HIGH OFFSET) 2003-08"
"9a6e58ec-a5b2-483c-a665-89dd00fea9d5","2005","lincoln","town-car","Ultimate","manual-research","tight","5x114.3","5x114.3","agree","70.5","70.3","disagree","M12x1.5","1/2","disagree","LINCOLN TOWN CAR 1998 > ; LINCOLN TOWN CAR (HIGH OFFSET) 2003-08"
"1c077334-bd22-4c94-9cff-25444405adc7","2006","lincoln","town-car","Cartier","manual-research","tight","5x114.3","5x114.3","agree","70.5","70.3","disagree","M12x1.5","1/2","disagree","LINCOLN TOWN CAR 1998 > ; LINCOLN TOWN CAR (HIGH OFFSET) 2003-08"
"cbdc405e-dd98-4ced-97c7-29609a3eef56","2006","lincoln","town-car","Executive","manual-research","tight","5x114.3","5x114.3","agree","70.5","70.3","disagree","M12x1.5","1/2","disagree","LINCOLN TOWN CAR 1998 > ; LINCOLN TOWN CAR (HIGH OFFSET) 2003-08"
"11e9753c-0775-4d37-ac60-b15034ebe067","2006","lincoln","town-car","Signature","manual-research","tight","5x114.3","5x114.3","agree","70.5","70.3","disagree","M12x1.5","1/2","disagree","LINCOLN TOWN CAR 1998 > ; LINCOLN TOWN CAR (HIGH OFFSET) 2003-08"
"20a17870-e455-4a6a-a788-ecf2a46b44d8","2006","lincoln","town-car","Signature Limited","manual-research","tight","5x114.3","5x114.3","agree","70.5","70.3","disagree","M12x1.5","1/2","disagree","LINCOLN TOWN CAR 1998 > ; LINCOLN TOWN CAR (HIGH OFFSET) 2003-08"
"6b012153-454b-4e70-8d99-dee1a54097f7","2006","lincoln","town-car","Ultimate","manual-research","tight","5x114.3","5x114.3","agree","70.5","70.3","disagree","M12x1.5","1/2","disagree","LINCOLN TOWN CAR 1998 > ; LINCOLN TOWN CAR (HIGH OFFSET) 2003-08"
"b21412c7-1748-41c1-9193-e7c1d6c32381","2007","lincoln","town-car","Cartier","manual-research","tight","5x114.3","5x114.3","agree","70.5","70.3","disagree","M12x1.5","1/2","disagree","LINCOLN TOWN CAR (HIGH OFFSET) 2003-08"
"bcc53b4f-9a5b-4872-ad77-9207ce378523","2007","lincoln","town-car","Executive","manual-research","tight","5x114.3","5x114.3","agree","70.5","70.3","disagree","M12x1.5","1/2","disagree","LINCOLN TOWN CAR (HIGH OFFSET) 2003-08"
"decac6a4-2ea1-40c0-8017-ed141468f618","2007","lincoln","town-car","Signature","manual-research","tight","5x114.3","5x114.3","agree","70.5","70.3","disagree","M12x1.5","1/2","disagree","LINCOLN TOWN CAR (HIGH OFFSET) 2003-08"
"7874eabb-b750-41b0-b1c5-88f6c956d356","2007","lincoln","town-car","Signature Limited","manual-research","tight","5x114.3","5x114.3","agree","70.5","70.3","disagree","M12x1.5","1/2","disagree","LINCOLN TOWN CAR (HIGH OFFSET) 2003-08"
"ccf9ed05-7786-4d9c-9e1a-82bf6d76e872","2007","lincoln","town-car","Ultimate","manual-research","tight","5x114.3","5x114.3","agree","70.5","70.3","disagree","M12x1.5","1/2","disagree","LINCOLN TOWN CAR (HIGH OFFSET) 2003-08"
"487783ec-9719-4027-b298-73f201afeed1","2008","lincoln","town-car","Cartier","manual-research","tight","5x114.3","5x114.3","agree","70.5","70.3","disagree","M12x1.5","1/2","disagree","LINCOLN TOWN CAR (HIGH OFFSET) 2003-08"
"88ab1bfe-b876-40ca-a02b-d414a75baade","2008","lincoln","town-car","Executive","manual-research","tight","5x114.3","5x114.3","agree","70.5","70.3","disagree","M12x1.5","1/2","disagree","LINCOLN TOWN CAR (HIGH OFFSET) 2003-08"
"3f39a075-83b8-4b32-b85d-08c7fc017367","2008","lincoln","town-car","Signature","manual-research","tight","5x114.3","5x114.3","agree","70.5","70.3","disagree","M12x1.5","1/2","disagree","LINCOLN TOWN CAR (HIGH OFFSET) 2003-08"
"fbbbb68d-2acb-458d-b90f-207993c302a2","2008","lincoln","town-car","Signature Limited","manual-research","tight","5x114.3","5x114.3","agree","70.5","70.3","disagree","M12x1.5","1/2","disagree","LINCOLN TOWN CAR (HIGH OFFSET) 2003-08"
"204018c1-7226-4a35-a450-42d39e56b82b","2008","lincoln","town-car","Ultimate","manual-research","tight","5x114.3","5x114.3","agree","70.5","70.3","disagree","M12x1.5","1/2","disagree","LINCOLN TOWN CAR (HIGH OFFSET) 2003-08"
"70d8dde5-48bd-45d8-b15c-b554752673ce","1993","mazda","mx-6","Base","90s-research-batch","tight","5x114.3","5x114.3","agree","67.1","59.6","disagree","M12x1.5","M12x1.5","agree","MAZDA MX-6 1988-97"
"3dfbb757-b3a3-4f68-bab1-67fa927be5b4","1994","mazda","mx-6","Base","90s-research-batch","tight","5x114.3","5x114.3","agree","67.1","59.6","disagree","M12x1.5","M12x1.5","agree","MAZDA MX-6 1988-97"
"7fdd1cff-6183-4c83-8a19-d4a0de063eb9","1996","mazda","mx-6","Base","90s-research-batch","tight","5x114.3","5x114.3","agree","67.1","59.6","disagree","M12x1.5","M12x1.5","agree","MAZDA MX-6 1988-97"
"ed54847a-d93b-4b69-bebf-661aa2bb0013","1997","mazda","mx-6","Base","90s-research-batch","tight","5x114.3","5x114.3","agree","67.1","59.6","disagree","M12x1.5","M12x1.5","agree","MAZDA MX-6 1988-97"
"88356a06-7086-488a-9320-63890bbcfdba","1999","daewoo","leganza","Base","90s-research-batch","tight","5x114.3","4x100|5x114.3","agree","56.6","56.1","disagree","M12x1.5","M12x1.5","agree","DAEWOO LEGANZA, PRINCE 1997 >"
"950fe4cc-7e24-479b-ba1b-96e05dc96489","2005","ford","escape","ST-Line","trim-research","tight","5x114.3","5x114.3","agree","63.4","67.1","disagree","M12x1.5","M12x1.5","agree","FORD ESCAPE 2001 > ; FORD ESCAPE XLS, XLT, LIMITED, HYBRID 2001-08"
"be4d6fab-334b-422f-9159-66b1bd0d9f0f","1997","ford","explorer","XLT","trim-research","tight","5x114.3","5x114.3","agree","70.6","70.3","disagree","M12x1.5","1/2","disagree","FORD EXPLORER & SPORT TRAC 7 1990-01"
"51218bd5-c647-4b87-8b90-edc30e8e34d6","2000","nissan","xterra","Off-Road","cache-import [expanded]","tight","6x114.3","6x139.7","disagree","66.1","100","disagree","M12x1.25","M12x1.25","agree","NISSAN XTERRA 2000 > ; NISSAN XTERRA 2WD, 4WD 2000-04"
"8414a352-44b0-45cd-819b-b378149ef4de","2000","nissan","xterra","PRO-4X","cache-import [expanded]","tight","6x114.3","6x139.7","disagree","66.1","100","disagree","M12x1.25","M12x1.25","agree","NISSAN XTERRA 2000 > ; NISSAN XTERRA 2WD, 4WD 2000-04"
"456c1a68-4a2d-4031-aaab-291a0da86bd5","2000","nissan","xterra","S","cache-import [expanded]","tight","6x114.3","6x139.7","disagree","66.1","100","disagree","M12x1.25","M12x1.25","agree","NISSAN XTERRA 2000 > ; NISSAN XTERRA 2WD, 4WD 2000-04"
"7a476314-77a9-40d1-9f1c-1f47b14a9431","2000","nissan","xterra","SE","cache-import [expanded]","tight","6x114.3","6x139.7","disagree","66.1","100","disagree","M12x1.25","M12x1.25","agree","NISSAN XTERRA 2000 > ; NISSAN XTERRA 2WD, 4WD 2000-04"
"f1944ba8-a54c-4e16-bc00-7d4974968e62","2000","nissan","xterra","X","cache-import [expanded]","tight","6x114.3","6x139.7","disagree","66.1","100","disagree","M12x1.25","M12x1.25","agree","NISSAN XTERRA 2000 > ; NISSAN XTERRA 2WD, 4WD 2000-04"
"cc92595d-1017-4289-8448-6398ea52bf6e","2003","ford","excursion","Base","google-ai-overview","tight","8x170","8x170","agree","124.9","124","disagree","M14x1.5","M14x1.5","agree","FORD EXCURSION 2000 > ; FORD EXCURSION 2003-05"
"ec1a11fe-e7be-4faa-8dfa-dd169ac2a9ca","2000","nissan","xterra","X, S, SE, Off-Road, PRO-4X","cache-import","tight","6x114.3","6x139.7","disagree","66.1","100","disagree","M12x1.25","M12x1.25","agree","NISSAN XTERRA 2000 > ; NISSAN XTERRA 2WD, 4WD 2000-04"
"cb3bf736-4cc0-46e2-9a68-d1054b60315f","2001","nissan","xterra","Off-Road","cache-import [expanded]","tight","6x114.3","6x139.7","disagree","66.1","100","disagree","M12x1.25","M12x1.25","agree","NISSAN XTERRA 2000 > ; NISSAN XTERRA 2WD, 4WD 2000-04"
"8a5ec3d3-28f0-4963-8eb7-aefe5467b907","2001","nissan","xterra","PRO-4X","cache-import [expanded]","tight","6x114.3","6x139.7","disagree","66.1","100","disagree","M12x1.25","M12x1.25","agree","NISSAN XTERRA 2000 > ; NISSAN XTERRA 2WD, 4WD 2000-04"
"5e0a2215-19f7-4b1b-8546-3d59732f848b","2001","nissan","xterra","S","cache-import [expanded]","tight","6x114.3","6x139.7","disagree","66.1","100","disagree","M12x1.25","M12x1.25","agree","NISSAN XTERRA 2000 > ; NISSAN XTERRA 2WD, 4WD 2000-04"
"c9f68a7b-6b18-4957-b2b6-f31064ee29a6","2001","nissan","xterra","SE","cache-import [expanded]","tight","6x114.3","6x139.7","disagree","66.1","100","disagree","M12x1.25","M12x1.25","agree","NISSAN XTERRA 2000 > ; NISSAN XTERRA 2WD, 4WD 2000-04"
"31d653fc-42da-42c5-a28a-4f1386c94a22","2001","nissan","xterra","X","cache-import [expanded]","tight","6x114.3","6x139.7","disagree","66.1","100","disagree","M12x1.25","M12x1.25","agree","NISSAN XTERRA 2000 > ; NISSAN XTERRA 2WD, 4WD 2000-04"
"59e97648-9f72-4ee3-ad29-15b5a549066d","2001","nissan","xterra","X, S, SE, Off-Road, PRO-4X","cache-import","tight","6x114.3","6x139.7","disagree","66.1","100","disagree","M12x1.25","M12x1.25","agree","NISSAN XTERRA 2000 > ; NISSAN XTERRA 2WD, 4WD 2000-04"
"df1b6aba-a221-4dee-ad1a-9c54218aabdc","2002","nissan","xterra","Off-Road","cache-import [expanded]","tight","6x114.3","6x139.7","disagree","66.1","100","disagree","M12x1.25","M12x1.25","agree","NISSAN XTERRA 2000 > ; NISSAN XTERRA 2WD, 4WD 2000-04"
"4ef12f99-4170-4be8-94fe-b2b4cd359e32","2002","nissan","xterra","PRO-4X","cache-import [expanded]","tight","6x114.3","6x139.7","disagree","66.1","100","disagree","M12x1.25","M12x1.25","agree","NISSAN XTERRA 2000 > ; NISSAN XTERRA 2WD, 4WD 2000-04"
"7a7fc0cd-d285-4496-b7af-703d0895df32","2002","nissan","xterra","S","cache-import [expanded]","tight","6x114.3","6x139.7","disagree","66.1","100","disagree","M12x1.25","M12x1.25","agree","NISSAN XTERRA 2000 > ; NISSAN XTERRA 2WD, 4WD 2000-04"
"8644b758-8fed-4d70-bd75-364c8f61182d","2002","nissan","xterra","SE","cache-import [expanded]","tight","6x114.3","6x139.7","disagree","66.1","100","disagree","M12x1.25","M12x1.25","agree","NISSAN XTERRA 2000 > ; NISSAN XTERRA 2WD, 4WD 2000-04"
"6dd09bf3-fb8a-4ca0-9e8b-cb1af7d7f7e8","2002","nissan","xterra","X","cache-import [expanded]","tight","6x114.3","6x139.7","disagree","66.1","100","disagree","M12x1.25","M12x1.25","agree","NISSAN XTERRA 2000 > ; NISSAN XTERRA 2WD, 4WD 2000-04"
"34bb0634-7176-4b61-8aa8-0cab823b3e83","2002","nissan","xterra","X, S, SE, Off-Road, PRO-4X","cache-import","tight","6x114.3","6x139.7","disagree","66.1","100","disagree","M12x1.25","M12x1.25","agree","NISSAN XTERRA 2000 > ; NISSAN XTERRA 2WD, 4WD 2000-04"
"3d73630d-ae2e-4dcd-9cbd-0168937e9eaa","2003","nissan","xterra","Off-Road","cache-import [expanded]","tight","6x114.3","6x139.7","disagree","66.1","100","disagree","M12x1.25","M12x1.25","agree","NISSAN XTERRA 2000 > ; NISSAN XTERRA 2WD, 4WD 2000-04"
"3d4d388e-0720-41e1-8d6f-178902b4d814","2003","nissan","xterra","PRO-4X","cache-import [expanded]","tight","6x114.3","6x139.7","disagree","66.1","100","disagree","M12x1.25","M12x1.25","agree","NISSAN XTERRA 2000 > ; NISSAN XTERRA 2WD, 4WD 2000-04"
"e4c3ef07-f16e-47c0-ad69-37270ebd8944","2003","nissan","xterra","S","cache-import [expanded]","tight","6x114.3","6x139.7","disagree","66.1","100","disagree","M12x1.25","M12x1.25","agree","NISSAN XTERRA 2000 > ; NISSAN XTERRA 2WD, 4WD 2000-04"
"b8c80b17-6db4-41bf-beb9-e97c75630b9b","2003","nissan","xterra","SE","cache-import [expanded]","tight","6x114.3","6x139.7","disagree","66.1","100","disagree","M12x1.25","M12x1.25","agree","NISSAN XTERRA 2000 > ; NISSAN XTERRA 2WD, 4WD 2000-04"
"f1bebd61-11c8-405c-92c1-7a14bff021e2","2003","nissan","xterra","X","cache-import [expanded]","tight","6x114.3","6x139.7","disagree","66.1","100","disagree","M12x1.25","M12x1.25","agree","NISSAN XTERRA 2000 > ; NISSAN XTERRA 2WD, 4WD 2000-04"
"e83ec7f8-8f4c-4f9b-bd55-00f18d766760","2003","nissan","xterra","X, S, SE, Off-Road, PRO-4X","cache-import","tight","6x114.3","6x139.7","disagree","66.1","100","disagree","M12x1.25","M12x1.25","agree","NISSAN XTERRA 2000 > ; NISSAN XTERRA 2WD, 4WD 2000-04"
"97fda02f-0b03-4aa1-afa3-e5305c6ebc71","2004","nissan","xterra","Off-Road","cache-import [expanded]","tight","6x114.3","6x139.7","disagree","66.1","100","disagree","M12x1.25","M12x1.25","agree","NISSAN XTERRA 2000 > ; NISSAN XTERRA 2WD, 4WD 2000-04"
"9a964c45-ecd7-49bb-b695-aa781af0c1a5","2004","nissan","xterra","PRO-4X","cache-import [expanded]","tight","6x114.3","6x139.7","disagree","66.1","100","disagree","M12x1.25","M12x1.25","agree","NISSAN XTERRA 2000 > ; NISSAN XTERRA 2WD, 4WD 2000-04"
"9ad5bdc5-b831-49e8-92d1-03a0595dbdff","2004","nissan","xterra","S","cache-import [expanded]","tight","6x114.3","6x139.7","disagree","66.1","100","disagree","M12x1.25","M12x1.25","agree","NISSAN XTERRA 2000 > ; NISSAN XTERRA 2WD, 4WD 2000-04"
"44028e0d-6bbf-4a65-9071-5362924b60ae","2004","nissan","xterra","SE","cache-import [expanded]","tight","6x114.3","6x139.7","disagree","66.1","100","disagree","M12x1.25","M12x1.25","agree","NISSAN XTERRA 2000 > ; NISSAN XTERRA 2WD, 4WD 2000-04"
"9946a3bc-4192-410c-8277-fad0cb104438","2004","nissan","xterra","X","cache-import [expanded]","tight","6x114.3","6x139.7","disagree","66.1","100","disagree","M12x1.25","M12x1.25","agree","NISSAN XTERRA 2000 > ; NISSAN XTERRA 2WD, 4WD 2000-04"
"966a1d66-024a-4e69-ae58-5f8d6a527afe","2004","nissan","xterra","X, S, SE, Off-Road, PRO-4X","cache-import","tight","6x114.3","6x139.7","disagree","66.1","100","disagree","M12x1.25","M12x1.25","agree","NISSAN XTERRA 2000 > ; NISSAN XTERRA 2WD, 4WD 2000-04"
"7ab421ae-f88f-4163-bcc3-0b4ddebf9083","2000","ford","explorer","XLT","trim-research","tight","5x114.3","5x114.3","agree","70.6","70.3","disagree","M12x1.5","1/2","disagree","FORD EXPLORER & SPORT TRAC 7 1990-01"
"dbce1f6b-0e5c-4690-a18a-1f8ea2201d23","2002","oldsmobile","bravada","Base","generation_template","tight","6x127","6x127","agree","78.1","78.3","disagree","M14x1.5","M12x1.5","disagree","OLDSMOBILE BRAVADA 2002 > ; OLDSMOBILE BRAVADA 2002-04"
"9f2df411-c36f-4481-a720-d7bd06c7db05","2003","oldsmobile","bravada","Base","generation_template","tight","6x127","6x127","agree","78.1","78.3","disagree","M14x1.5","M12x1.5","disagree","OLDSMOBILE BRAVADA 2002 > ; OLDSMOBILE BRAVADA 2002-04"
"0d7c7b48-8c74-471b-b794-2bcfe88f1006","2004","oldsmobile","bravada","Base","generation_template","tight","6x127","6x127","agree","78.1","78.3","disagree","M14x1.5","M12x1.5","disagree","OLDSMOBILE BRAVADA 2002 > ; OLDSMOBILE BRAVADA 2002-04"
"5b6fe4e5-7be2-40d6-bcc3-4fd4efdc0261","1990","plymouth","grand-voyager","Base","90s-research-batch","tight","5x100","5x114.3","disagree","57.1","71.5","disagree","M12x1.5","M12x1.5","agree","PLYMOUTH GRAND VOYAGER 1988 >"
"f3ca5469-89ac-4c20-83b6-2e2502cb2513","1991","plymouth","grand-voyager","Base","90s-research-batch","tight","5x100","5x114.3","disagree","57.1","71.5","disagree","M12x1.5","M12x1.5","agree","PLYMOUTH GRAND VOYAGER 1988 >"
"01c90adc-db30-4b36-af61-c1e99950d18c","1992","plymouth","grand-voyager","Base","90s-research-batch","tight","5x100","5x114.3","disagree","57.1","71.5","disagree","M12x1.5","M12x1.5","agree","PLYMOUTH GRAND VOYAGER 1988 >"
"8a98df3a-4cd5-4a38-bdfb-4a5aa3b95ae9","1993","plymouth","grand-voyager","Base","90s-research-batch","tight","5x100","5x114.3","disagree","57.1","71.5","disagree","M12x1.5","M12x1.5","agree","PLYMOUTH GRAND VOYAGER 1988 >"
"b7c4e59e-7edf-4fd4-8c89-b4555e8d78a7","1994","plymouth","grand-voyager","Base","90s-research-batch","tight","5x100","5x114.3","disagree","57.1","71.5","disagree","M12x1.5","M12x1.5","agree","PLYMOUTH GRAND VOYAGER 1988 >"
"038df7f4-acc4-4236-9515-928955281b5b","1995","plymouth","grand-voyager","Base","90s-research-batch","tight","5x100","5x114.3","disagree","57.1","71.5","disagree","M12x1.5","M12x1.5","agree","PLYMOUTH GRAND VOYAGER 1988 >"
"ba44952a-5f47-4ab8-83c5-72364d48ae9e","1996","plymouth","voyager","Base","90s-research-batch","tight","5x114.3","5x100","disagree","71.5","57.1","disagree","M12x1.5","M12x1.5","agree","PLYMOUTH VOYAGER 1986-96"
"4058a9c4-fabf-4a31-870e-7cadc578b75f","2008","pontiac","g8","Base","generation_template","tight","5x120","5x120.7","disagree","67.1","69.5","disagree","M14x1.5","M12x1.5","disagree","PONTIAC G8 2008"
"3a58a3c1-6eb2-4a46-b3b6-67902ce022f6","2004","pontiac","gto","Base","generation_template [web_research]","tight","5x120","5x120|5x120.7","agree","69.6","70.3","disagree","M14x1.5","M12x1.5","disagree","PONTIAC GTO 2004-06 ; PONTIAC GTO 2004 >"
"af64f39c-493b-4cfd-9575-5c0921c231f2","2005","pontiac","gto","Base","generation_template [web_research]","tight","5x120","5x120|5x120.7","agree","69.6","70.3","disagree","M14x1.5","M12x1.5","disagree","PONTIAC GTO 2004-06 ; PONTIAC GTO 2004 >"
"d090bd78-06f7-440f-ad9b-8dd808cfd5d8","2006","pontiac","gto","Base","generation_template [web_research]","tight","5x120","5x120|5x120.7","agree","69.6","70.3","disagree","M14x1.5","M12x1.5","disagree","PONTIAC GTO 2004-06 ; PONTIAC GTO 2004 >"
"a6faf80e-fe0d-4142-96ba-85b565aa07e6","2009","porsche","boxster","Base","cache-import [expanded]","tight","5x130","5x108","disagree","71.6","","rk-missing","M14x1.5","M12x1.5","disagree","PORSCHE BOXSTER 2002 >"
"267011bc-05c2-4dc5-88f2-c91a3466d8b9","2009","porsche","boxster","Base, S, GTS, Spyder","cache-import","tight","5x130","5x108","disagree","71.6","","rk-missing","M14x1.5","M12x1.5","disagree","PORSCHE BOXSTER 2002 >"
"01273ed2-839c-4ba8-9a63-3be8b9f682b6","2009","porsche","boxster","GTS","cache-import [expanded]","tight","5x130","5x108","disagree","71.6","","rk-missing","M14x1.5","M12x1.5","disagree","PORSCHE BOXSTER 2002 >"
"1cf303b0-d947-423c-97e0-5e95abf2893f","2009","porsche","boxster","S","cache-import [expanded]","tight","5x130","5x108","disagree","71.6","","rk-missing","M14x1.5","M12x1.5","disagree","PORSCHE BOXSTER 2002 >"
"47536e7a-30a3-4be5-bde4-471e0bfb7bab","2009","porsche","boxster","Spyder","cache-import [expanded]","tight","5x130","5x108","disagree","71.6","","rk-missing","M14x1.5","M12x1.5","disagree","PORSCHE BOXSTER 2002 >"
"fccfef7b-6176-4804-8a9e-d5a66ed10b43","2010","porsche","boxster","Base","cache-import [expanded]","tight","5x130","5x108","disagree","71.6","","rk-missing","M14x1.5","M12x1.5","disagree","PORSCHE BOXSTER 2002 >"
"1de9c387-2d58-4d5d-96e2-78abb2130a43","2010","porsche","boxster","Base, S, GTS, Spyder","cache-import","tight","5x130","5x108","disagree","71.6","","rk-missing","M14x1.5","M12x1.5","disagree","PORSCHE BOXSTER 2002 >"
"e0fce5ec-61e2-4029-9d20-86c29ff90e7a","2010","porsche","boxster","GTS","cache-import [expanded]","tight","5x130","5x108","disagree","71.6","","rk-missing","M14x1.5","M12x1.5","disagree","PORSCHE BOXSTER 2002 >"
"1d0bab82-7e0f-4227-ad3d-1a908db03a0d","2010","porsche","boxster","S","cache-import [expanded]","tight","5x130","5x108","disagree","71.6","","rk-missing","M14x1.5","M12x1.5","disagree","PORSCHE BOXSTER 2002 >"
"2f64c131-26f7-444c-8c5e-a46a8ebd67f0","2010","porsche","boxster","Spyder","cache-import [expanded]","tight","5x130","5x108","disagree","71.6","","rk-missing","M14x1.5","M12x1.5","disagree","PORSCHE BOXSTER 2002 >"
"0a0df9a8-9fcc-4df5-97e0-b8b8d733bafe","1991","dodge","caravan","Base","90s-research-batch","tight","5x114.3","5x100","disagree","71.6","57.1","disagree","M12x1.5","M12x1.5","agree","DODGE CARAVAN 1986-96"
"68440bfb-712d-4f21-bf2e-ac99230f67aa","1992","dodge","caravan","Base","90s-research-batch","tight","5x114.3","5x100","disagree","71.6","57.1","disagree","M12x1.5","M12x1.5","agree","DODGE CARAVAN 1986-96"
"ab730ec0-9c17-4a5a-a443-9ea5cbea8140","1993","dodge","caravan","Base","90s-research-batch","tight","5x114.3","5x100","disagree","71.6","57.1","disagree","M12x1.5","M12x1.5","agree","DODGE CARAVAN 1986-96"
"6ed8b30f-ee04-42da-8ac6-4c11cd27c2b6","1994","dodge","caravan","Base","90s-research-batch","tight","5x114.3","5x100","disagree","71.6","57.1","disagree","M12x1.5","M12x1.5","agree","DODGE CARAVAN 1986-96"
"8b4e1d9b-1e67-40fa-933b-d6acb1a69072","1995","dodge","caravan","Base","90s-research-batch","tight","5x114.3","5x100","disagree","71.6","57.1","disagree","M12x1.5","M12x1.5","agree","DODGE CARAVAN 1986-96"
"a2046927-8693-4916-a2f8-adf450942532","1992","ford","explorer","Base, XLT, Limited, ST, Platinum, King Ranch, Timberline","cache-import","tight","5x114.3","5x114.3","agree","70.5","70.3","disagree","M12x1.5","1/2","disagree","FORD EXPLORER & SPORT TRAC 7 1990-01"
"b7130f94-e6b5-4e5d-89ce-a0a0e783a9af","1992","ford","explorer","Base","trim-research","tight","5x114.3","5x114.3","agree","63.4","70.3","disagree","M12x1.5","1/2","disagree","FORD EXPLORER & SPORT TRAC 7 1990-01"
"a12f3ef5-79b9-4e75-b9e3-df2129604c87","1993","ford","explorer","Limited","cache-import [expanded]","tight","5x114.3","5x114.3","agree","70.5","70.3","disagree","M12x1.5","1/2","disagree","FORD EXPLORER & SPORT TRAC 7 1990-01"
"071e7955-5f91-4464-b821-82bf20c6c859","1993","ford","explorer","XLT","trim-research","tight","5x114.3","5x114.3","agree","63.4","70.3","disagree","M12x1.5","1/2","disagree","FORD EXPLORER & SPORT TRAC 7 1990-01"
"6a9226d4-862e-4e6c-a0f9-29730ce18708","2003","cadillac","escalade","Base","generation_template [filled from 2002  [expanded]","tight","6x139.7","6x139.7","agree","78.1","78.3","disagree","M14x1.5","M14x1.5","agree","CADILLAC ESCALADE, EXT & ESV 1998 >"
"1b3cb5e4-a916-4496-886c-8381a61c0858","2012","cadillac","cts","Base","generation_template [web_research] [expanded]","tight","5x120","6x115","disagree","67.1","78.3","disagree","M14x1.5","M12x1.5","disagree","CADILLAC CTS TYPE-V 2004 >"
"d83fe93a-65ce-4fe1-924d-e2fe015e578c","1994","ford","explorer","XLT","cache-import [expanded]","tight","5x114.3","5x114.3","agree","70.6","70.3","disagree","M12x1.5","1/2","disagree","FORD EXPLORER & SPORT TRAC 7 1990-01"
"8642e541-f08e-4924-a8b8-93a95e9c94e6","2001","cadillac","escalade","Base","final-gap-fill [expanded]","tight","6x139.7","6x139.7","agree","78.1","78.3","disagree","M14x1.5","M14x1.5","agree","CADILLAC ESCALADE, EXT & ESV 1998 >"
"409a92c6-5b8b-452e-a1e8-849af4961c79","2008","lincoln","mkx","Premiere","generation-baseline [expanded]","tight","5x114.3","5x114.3","agree","67.1","70.5","disagree","M12x1.5","1/2","disagree","LINCOLN MKX 2007-08"
"6c897f2d-cf41-4a48-9d4d-4ba8c3068558","1995","ford","explorer","XLT","cache-import [expanded]","tight","5x114.3","5x114.3","agree","70.6","70.3","disagree","M12x1.5","1/2","disagree","FORD EXPLORER & SPORT TRAC 7 1990-01"
"d3bc39a0-a8e7-4f64-b0ef-1271802597b9","2005","saturn","ion","Base","generation_template","tight","5x115","4x100|5x110","disagree","70.3","57.1|65.1","disagree","M12x1.5","M12x1.5","agree","SATURN ION 2003 > ; SATURN ION 2003-07 ; SATURN ION REDLINE 2005-07"
"f52910b0-027e-48a3-b9bc-358f09862193","2006","saturn","ion","Base","generation_template","tight","5x115","4x100|5x110","disagree","70.3","57.1|65.1","disagree","M12x1.5","M12x1.5","agree","SATURN ION 2003 > ; SATURN ION 2003-07 ; SATURN ION REDLINE 2005-07"
"788753a7-4e0b-418c-a827-fbcd56c779e8","2007","saturn","ion","Base","generation_template","tight","5x115","4x100|5x110","disagree","70.3","57.1|65.1","disagree","M12x1.5","M12x1.5","agree","SATURN ION 2003 > ; SATURN ION 2003-07 ; SATURN ION REDLINE 2005-07"
"5f5b70da-da26-4fea-a0e1-f3bb8b165061","2005","scion","tc","Base","api_import [expanded]","tight","5x114.3","5x100","disagree","60.1","54.1","disagree","M12x1.5","M12x1.5","agree","SCION TC 2005 > ; SCION TC 2005-08"
"6efa6acf-bebc-4a64-a532-b6d976b0e473","2005","scion","tc","Base, Release Series","api_import","tight","5x114.3","5x100","disagree","60.1","54.1","disagree","M12x1.5","M12x1.5","agree","SCION TC 2005 > ; SCION TC 2005-08"
"7d68425d-43d2-4ea0-b9ac-c9f93440e401","2005","scion","tc","Release Series","api_import [expanded]","tight","5x114.3","5x100","disagree","60.1","54.1","disagree","M12x1.5","M12x1.5","agree","SCION TC 2005 > ; SCION TC 2005-08"
"fdb07193-d99d-4b19-a83e-4e6e343063d3","2006","scion","tc","Base","api_import [expanded]","tight","5x114.3","5x100","disagree","60.1","54.1","disagree","M12x1.5","M12x1.5","agree","SCION TC 2005 > ; SCION TC 2005-08"
"254ce229-4a01-4a81-a564-8eaa1e2fb953","2006","scion","tc","Base, Release Series","api_import","tight","5x114.3","5x100","disagree","60.1","54.1","disagree","M12x1.5","M12x1.5","agree","SCION TC 2005 > ; SCION TC 2005-08"
"e4662179-4a47-4ff6-ada0-c758b3d43652","2006","scion","tc","Release Series","api_import [expanded]","tight","5x114.3","5x100","disagree","60.1","54.1","disagree","M12x1.5","M12x1.5","agree","SCION TC 2005 > ; SCION TC 2005-08"
"f98598e9-d025-4ec8-b6f8-40af26ac5358","2007","scion","tc","Base","api_import [expanded]","tight","5x114.3","5x100","disagree","60.1","54.1","disagree","M12x1.5","M12x1.5","agree","SCION TC 2005 > ; SCION TC 2005-08"
"330c9bd1-0fb5-4a90-8d93-cbfa93a1632b","2007","scion","tc","Base, Release Series","api_import","tight","5x114.3","5x100","disagree","60.1","54.1","disagree","M12x1.5","M12x1.5","agree","SCION TC 2005 > ; SCION TC 2005-08"
"1d0b8632-6ada-4313-a600-0388146f54f5","1990","lincoln","town-car","Executive, Signature, Signature Limited, Cartier","generation-baseline","tight","5x114.3","5x114.3","agree","70.6","70.3","disagree","M12x1.75","1/2","disagree","LINCOLN TOWN CAR 1982-97 ; LINCOLN TOWN CAR (LOW OFFSET) 1982-02"
"a9f8e84f-2bea-40ec-9c38-e96709f48a4c","2007","scion","tc","Release Series","api_import [expanded]","tight","5x114.3","5x100","disagree","60.1","54.1","disagree","M12x1.5","M12x1.5","agree","SCION TC 2005 > ; SCION TC 2005-08"
"a22e08ec-8822-41a8-9588-c7adb30f0f33","2008","scion","tc","Base","api_import [expanded]","tight","5x114.3","5x100","disagree","60.1","54.1","disagree","M12x1.5","M12x1.5","agree","SCION TC 2005 > ; SCION TC 2005-08"
"08f1ce82-9010-4a98-b65b-47b12e1fc7c1","2008","scion","tc","Base, Release Series","api_import","tight","5x114.3","5x100","disagree","60.1","54.1","disagree","M12x1.5","M12x1.5","agree","SCION TC 2005 > ; SCION TC 2005-08"
"db17f951-3e25-410a-b258-75eda4f4e9de","2008","scion","tc","Release Series","api_import [expanded]","tight","5x114.3","5x100","disagree","60.1","54.1","disagree","M12x1.5","M12x1.5","agree","SCION TC 2005 > ; SCION TC 2005-08"
"9dfa3a0b-ddfa-42dc-8246-dcd762de280b","2009","scion","tc","Base","api_import [expanded]","tight","5x114.3","5x100","disagree","60.1","54.1","disagree","M12x1.5","M12x1.5","agree","SCION TC 2005 >"
"e9ee14ea-3070-4d2a-9e2e-2d4be63909da","2009","scion","tc","Base, Release Series","api_import","tight","5x114.3","5x100","disagree","60.1","54.1","disagree","M12x1.5","M12x1.5","agree","SCION TC 2005 >"
"459f1bab-90d0-4257-81ea-74d9dd1c68f3","2009","scion","tc","Release Series","api_import [expanded]","tight","5x114.3","5x100","disagree","60.1","54.1","disagree","M12x1.5","M12x1.5","agree","SCION TC 2005 >"
"17d6d5c6-9f8a-4bb3-b585-20c4358143e0","2010","scion","tc","Base","api_import [expanded]","tight","5x114.3","5x100","disagree","60.1","54.1","disagree","M12x1.5","M12x1.5","agree","SCION TC 2005 >"
"52dc4b5a-ff81-45f3-9354-bb7c9b90b31d","2010","scion","tc","Base, Release Series","api_import","tight","5x114.3","5x100","disagree","60.1","54.1","disagree","M12x1.5","M12x1.5","agree","SCION TC 2005 >"
"6f56d3aa-9bf3-475d-ad02-76b15c01912f","2010","scion","tc","Release Series","api_import [expanded]","tight","5x114.3","5x100","disagree","60.1","54.1","disagree","M12x1.5","M12x1.5","agree","SCION TC 2005 >"
"fba617eb-d5b2-41b5-b000-293295c3011b","2011","scion","tc","Base","api_import [expanded]","tight","5x114.3","5x100","disagree","60.1","54.1","disagree","M12x1.5","M12x1.5","agree","SCION TC 2005 >"
"cb5a9447-fed6-4a4b-aae7-d9cfacda2d98","2011","scion","tc","Base, Release Series","api_import","tight","5x114.3","5x100","disagree","60.1","54.1","disagree","M12x1.5","M12x1.5","agree","SCION TC 2005 >"
"88d51952-154b-447e-9061-aa448093f3e8","2011","scion","tc","Release Series","api_import [expanded]","tight","5x114.3","5x100","disagree","60.1","54.1","disagree","M12x1.5","M12x1.5","agree","SCION TC 2005 >"
"1bc8f0de-2b61-47f5-ba14-c4fe12fb6a3b","2012","scion","tc","Base","api_import [expanded]","tight","5x114.3","5x100","disagree","60.1","54.1","disagree","M12x1.5","M12x1.5","agree","SCION TC 2005 >"
"6dc86d77-456c-43f8-8494-e6e38846bcbe","2012","scion","tc","Base, Release Series","api_import","tight","5x114.3","5x100","disagree","60.1","54.1","disagree","M12x1.5","M12x1.5","agree","SCION TC 2005 >"
"8813207f-e44c-47d6-9a6a-4037f34d116b","2012","scion","tc","Release Series","api_import [expanded]","tight","5x114.3","5x100","disagree","60.1","54.1","disagree","M12x1.5","M12x1.5","agree","SCION TC 2005 >"
"5d0a0c1f-03cf-4e33-918f-298907cc20ff","2013","scion","tc","Base","api_import [expanded]","tight","5x114.3","5x100","disagree","60.1","54.1","disagree","M12x1.5","M12x1.5","agree","SCION TC 2005 >"
"ba784908-a868-4916-9a72-68ad822b9e61","2013","scion","tc","Base, Release Series","api_import","tight","5x114.3","5x100","disagree","60.1","54.1","disagree","M12x1.5","M12x1.5","agree","SCION TC 2005 >"
"ff4be71d-0675-4c45-aeee-e4f2299473f6","2013","scion","tc","Release Series","api_import [expanded]","tight","5x114.3","5x100","disagree","60.1","54.1","disagree","M12x1.5","M12x1.5","agree","SCION TC 2005 >"
"60de62c2-22d3-4d7d-8517-0927224c133b","2009","scion","xb","Base","api_import [expanded]","tight","5x114.3","4x100","disagree","60.1","54.1","disagree","M12x1.5","M12x1.5","agree","SCION XB 2004 >"
"743695da-da75-4f4f-a3f8-0b10d05fba0b","2009","scion","xb","Base, Release Series","api_import","tight","5x114.3","4x100","disagree","60.1","54.1","disagree","M12x1.5","M12x1.5","agree","SCION XB 2004 >"
"9e056010-f085-43b4-881b-fa96b06bd92f","2009","scion","xb","Release Series","api_import [expanded]","tight","5x114.3","4x100","disagree","60.1","54.1","disagree","M12x1.5","M12x1.5","agree","SCION XB 2004 >"
"e1ddbda3-472c-42f7-91dc-56ba5b4ebe63","2010","scion","xb","Base","api_import [expanded]","tight","5x114.3","4x100","disagree","60.1","54.1","disagree","M12x1.5","M12x1.5","agree","SCION XB 2004 >"
"b1519c51-7027-4d7a-a7f4-b55d2fe4f260","2010","scion","xb","Base, Release Series","api_import","tight","5x114.3","4x100","disagree","60.1","54.1","disagree","M12x1.5","M12x1.5","agree","SCION XB 2004 >"
"a982828a-27ab-4b05-b4c5-407b01983fc8","2010","scion","xb","Release Series","api_import [expanded]","tight","5x114.3","4x100","disagree","60.1","54.1","disagree","M12x1.5","M12x1.5","agree","SCION XB 2004 >"
"a07f8520-02d3-491b-b546-3b9dc1c02125","2011","scion","xb","Base","api_import [expanded]","tight","5x114.3","4x100","disagree","60.1","54.1","disagree","M12x1.5","M12x1.5","agree","SCION XB 2004 >"
"14825fbd-f1f1-46c8-bf30-f01e2166e393","2011","scion","xb","Base, Release Series","api_import","tight","5x114.3","4x100","disagree","60.1","54.1","disagree","M12x1.5","M12x1.5","agree","SCION XB 2004 >"
"c9cc8154-ae32-47f3-a7c6-9c42297d8f74","2011","scion","xb","Release Series","api_import [expanded]","tight","5x114.3","4x100","disagree","60.1","54.1","disagree","M12x1.5","M12x1.5","agree","SCION XB 2004 >"
"d60f1bf4-a1af-4aa2-af86-f33af0da9325","2012","scion","xb","Base","api_import [expanded]","tight","5x114.3","4x100","disagree","60.1","54.1","disagree","M12x1.5","M12x1.5","agree","SCION XB 2004 >"
"05044aad-30fc-4147-a823-00cd7fde7a25","2012","scion","xb","Base, Release Series","api_import","tight","5x114.3","4x100","disagree","60.1","54.1","disagree","M12x1.5","M12x1.5","agree","SCION XB 2004 >"
"52636697-d062-44bf-80db-fdb2cb761d16","2012","scion","xb","Release Series","api_import [expanded]","tight","5x114.3","4x100","disagree","60.1","54.1","disagree","M12x1.5","M12x1.5","agree","SCION XB 2004 >"
"60fd5e49-36e0-41b5-81f9-2f5506d11a11","1995","ford","explorer","Limited","trim-research","tight","5x114.3","5x114.3","agree","63.4","70.3","disagree","M12x1.5","1/2","disagree","FORD EXPLORER & SPORT TRAC 7 1990-01"
"84d91d0c-98ee-428f-b519-63a7fc8adf93","1995","ford","explorer","XLT","trim-research","tight","5x114.3","5x114.3","agree","70.6","70.3","disagree","M12x1.5","1/2","disagree","FORD EXPLORER & SPORT TRAC 7 1990-01"
"f0a2073f-814f-4854-b434-e39ea878ef4c","2000","bmw","m3","Base","trim-research","tight","5x112","5x120","disagree","66.6","72.5","disagree","M12x1.5","M12x1.5","agree","BMW M3 1994 > ; BMW M3 1994-06"
"ff9f6946-bebb-414d-85a1-63faf1896d9d","1997","ford","explorer","XLT","cache-import [expanded]","tight","5x114.3","5x114.3","agree","70.6","70.3","disagree","M12x1.5","1/2","disagree","FORD EXPLORER & SPORT TRAC 7 1990-01"
"66473907-8939-490f-9dad-7716cbaaec48","2000","subaru","impreza","Base","manual_seed_spec [expanded]","tight","5x114.3","5x100","disagree","56.1","56.1","agree","M12x1.25","M12x1.25","agree","SUBARU IMPREZA 1993 > ; SUBARU IMPREZA BASE 1993-04"
"fa49e40f-c335-408f-a416-ca29e9fb276c","2000","subaru","impreza","Base, Premium, Sport, Limited","manual_seed_spec","tight","5x114.3","5x100","disagree","56.1","56.1","agree","M12x1.25","M12x1.25","agree","SUBARU IMPREZA 1993 > ; SUBARU IMPREZA BASE 1993-04"
"ae5d838d-e640-4414-ab41-c1d2001a3986","2000","subaru","impreza","Limited","manual_seed_spec [expanded]","tight","5x114.3","5x100","disagree","56.1","56.1","agree","M12x1.25","M12x1.25","agree","SUBARU IMPREZA 1993 > ; SUBARU IMPREZA BASE 1993-04"
"fdfacd8e-f05a-4143-a830-91f852acbd67","2000","subaru","impreza","Premium","manual_seed_spec [expanded]","tight","5x114.3","5x100","disagree","56.1","56.1","agree","M12x1.25","M12x1.25","agree","SUBARU IMPREZA 1993 > ; SUBARU IMPREZA BASE 1993-04"
"adae2f77-c0ec-4ea2-84e4-779eca791f31","2000","subaru","impreza","Sport","manual_seed_spec [expanded]","tight","5x114.3","5x100","disagree","56.1","56.1","agree","M12x1.25","M12x1.25","agree","SUBARU IMPREZA 1993 > ; SUBARU IMPREZA BASE 1993-04"
"7fc7267c-b00a-414d-86fc-4a7d6645b22c","2001","subaru","impreza","Base","manual_seed_spec [expanded]","tight","5x114.3","5x100","disagree","56.1","56.1","agree","M12x1.25","M12x1.25","agree","SUBARU IMPREZA 1993 > ; SUBARU IMPREZA BASE 1993-04"
"669b8120-8245-4090-9b07-0afae0fdbc22","2001","subaru","impreza","Base, Premium, Sport, Limited","manual_seed_spec","tight","5x114.3","5x100","disagree","56.1","56.1","agree","M12x1.25","M12x1.25","agree","SUBARU IMPREZA 1993 > ; SUBARU IMPREZA BASE 1993-04"
"4899add5-0423-41ee-84fc-272f02549988","2001","subaru","impreza","Limited","manual_seed_spec [expanded]","tight","5x114.3","5x100","disagree","56.1","56.1","agree","M12x1.25","M12x1.25","agree","SUBARU IMPREZA 1993 > ; SUBARU IMPREZA BASE 1993-04"
"93b78fd6-8bbe-40a6-b61f-73071197c1e9","2001","subaru","impreza","Premium","manual_seed_spec [expanded]","tight","5x114.3","5x100","disagree","56.1","56.1","agree","M12x1.25","M12x1.25","agree","SUBARU IMPREZA 1993 > ; SUBARU IMPREZA BASE 1993-04"
"8f019cc2-aedb-471f-b830-3c354b02d484","2001","subaru","impreza","Sport","manual_seed_spec [expanded]","tight","5x114.3","5x100","disagree","56.1","56.1","agree","M12x1.25","M12x1.25","agree","SUBARU IMPREZA 1993 > ; SUBARU IMPREZA BASE 1993-04"
"f286338c-0a8b-4200-ad1a-3c745846e66d","2002","subaru","impreza","Base","manual_seed_spec [expanded]","tight","5x114.3","5x100","disagree","56.1","56.1","agree","M12x1.25","M12x1.25","agree","SUBARU IMPREZA BASE 1993-04 ; SUBARU IMPREZA WRX 2002 > ; SUBARU IMPREZA WRX SPT WAGON, TR SEDAN 2002-07"
"50087241-1a2d-468b-82e1-c1a541911d9f","2002","subaru","impreza","Base, Premium, Sport, Limited","manual_seed_spec","tight","5x114.3","5x100","disagree","56.1","56.1","agree","M12x1.25","M12x1.25","agree","SUBARU IMPREZA BASE 1993-04 ; SUBARU IMPREZA WRX 2002 > ; SUBARU IMPREZA WRX SPT WAGON, TR SEDAN 2002-07"
"0bbf8c5b-66bd-4506-b583-6cab2c097545","2002","subaru","impreza","Limited","manual_seed_spec [expanded]","tight","5x114.3","5x100","disagree","56.1","56.1","agree","M12x1.25","M12x1.25","agree","SUBARU IMPREZA BASE 1993-04 ; SUBARU IMPREZA WRX 2002 > ; SUBARU IMPREZA WRX SPT WAGON, TR SEDAN 2002-07"
"8bf49054-a1a1-43a3-a8eb-eafdbac685f7","2002","subaru","impreza","Premium","manual_seed_spec [expanded]","tight","5x114.3","5x100","disagree","56.1","56.1","agree","M12x1.25","M12x1.25","agree","SUBARU IMPREZA BASE 1993-04 ; SUBARU IMPREZA WRX 2002 > ; SUBARU IMPREZA WRX SPT WAGON, TR SEDAN 2002-07"
"3457a4b3-cf31-47bf-a506-66f7586cca72","2002","subaru","impreza","Sport","manual_seed_spec [expanded]","tight","5x114.3","5x100","disagree","56.1","56.1","agree","M12x1.25","M12x1.25","agree","SUBARU IMPREZA BASE 1993-04 ; SUBARU IMPREZA WRX 2002 > ; SUBARU IMPREZA WRX SPT WAGON, TR SEDAN 2002-07"
"09819342-a1ff-4d90-bebb-ab2ed1dbdcfd","2003","subaru","impreza","Base","manual_seed_spec [expanded]","tight","5x114.3","5x100","disagree","56.1","56.1","agree","M12x1.25","M12x1.25","agree","SUBARU IMPREZA BASE 1993-04 ; SUBARU IMPREZA WRX 2002 > ; SUBARU IMPREZA WRX SPT WAGON, TR SEDAN 2002-07"
"50e12e12-96cf-4a7e-97cf-ab341a510614","2003","subaru","impreza","Base, Premium, Sport, Limited","manual_seed_spec","tight","5x114.3","5x100","disagree","56.1","56.1","agree","M12x1.25","M12x1.25","agree","SUBARU IMPREZA BASE 1993-04 ; SUBARU IMPREZA WRX 2002 > ; SUBARU IMPREZA WRX SPT WAGON, TR SEDAN 2002-07"
"67d63d28-e303-40f6-a3aa-3dbe03be87c6","2003","subaru","impreza","Limited","manual_seed_spec [expanded]","tight","5x114.3","5x100","disagree","56.1","56.1","agree","M12x1.25","M12x1.25","agree","SUBARU IMPREZA BASE 1993-04 ; SUBARU IMPREZA WRX 2002 > ; SUBARU IMPREZA WRX SPT WAGON, TR SEDAN 2002-07"
"7e66df44-4a3b-445d-a79e-e4203cb2d402","2003","subaru","impreza","Premium","manual_seed_spec [expanded]","tight","5x114.3","5x100","disagree","56.1","56.1","agree","M12x1.25","M12x1.25","agree","SUBARU IMPREZA BASE 1993-04 ; SUBARU IMPREZA WRX 2002 > ; SUBARU IMPREZA WRX SPT WAGON, TR SEDAN 2002-07"
"eedc1163-0a5e-46d1-8059-4e3f34885e4e","2003","subaru","impreza","Sport","manual_seed_spec [expanded]","tight","5x114.3","5x100","disagree","56.1","56.1","agree","M12x1.25","M12x1.25","agree","SUBARU IMPREZA BASE 1993-04 ; SUBARU IMPREZA WRX 2002 > ; SUBARU IMPREZA WRX SPT WAGON, TR SEDAN 2002-07"
"79c29cae-9aa0-490a-95a4-403886c4515b","2004","subaru","impreza","Base","manual_seed_spec [expanded]","tight","5x114.3","5x100","disagree","56.1","56.1","agree","M12x1.25","M12x1.25","agree","SUBARU IMPREZA BASE 1993-04 ; SUBARU IMPREZA WRX 2002 > ; SUBARU IMPREZA WRX SPT WAGON, TR SEDAN 2002-07"
"42d9bef3-9335-49ab-b8b5-10f62fe4c1d3","2004","subaru","impreza","Base, Premium, Sport, Limited","manual_seed_spec","tight","5x114.3","5x100","disagree","56.1","56.1","agree","M12x1.25","M12x1.25","agree","SUBARU IMPREZA BASE 1993-04 ; SUBARU IMPREZA WRX 2002 > ; SUBARU IMPREZA WRX SPT WAGON, TR SEDAN 2002-07"
"4fde997c-f15b-4da6-be6c-773bf74fda78","2004","subaru","impreza","Limited","manual_seed_spec [expanded]","tight","5x114.3","5x100","disagree","56.1","56.1","agree","M12x1.25","M12x1.25","agree","SUBARU IMPREZA BASE 1993-04 ; SUBARU IMPREZA WRX 2002 > ; SUBARU IMPREZA WRX SPT WAGON, TR SEDAN 2002-07"
"642b55e3-7ed5-433c-b2ce-f73bd06682af","2004","subaru","impreza","Premium","manual_seed_spec [expanded]","tight","5x114.3","5x100","disagree","56.1","56.1","agree","M12x1.25","M12x1.25","agree","SUBARU IMPREZA BASE 1993-04 ; SUBARU IMPREZA WRX 2002 > ; SUBARU IMPREZA WRX SPT WAGON, TR SEDAN 2002-07"
"608069b2-58db-4298-92a1-c96f5b757815","2004","subaru","impreza","Sport","manual_seed_spec [expanded]","tight","5x114.3","5x100","disagree","56.1","56.1","agree","M12x1.25","M12x1.25","agree","SUBARU IMPREZA BASE 1993-04 ; SUBARU IMPREZA WRX 2002 > ; SUBARU IMPREZA WRX SPT WAGON, TR SEDAN 2002-07"
"811e46a2-a21a-4b2d-b439-ebbfbf9e037b","2005","bmw","m5","M5","generation_inherit","tight","5x120","5x120","agree","72.6","74.1","disagree","M14x1.25","M12x1.5","disagree","BMW M5 2001 > ; BMW M5 (E60) 2001-07"
"902edce3-ca36-4605-ac0e-3f543a177e57","2004","cadillac","escalade","Base","generation_template [filled from 2003  [expanded]","tight","6x139.7","6x139.7","agree","78.1","78.3","disagree","M14x1.5","M14x1.5","agree","CADILLAC ESCALADE, EXT & ESV 1998 >"
"f8f57723-48f7-4dd2-9fd4-b318de8a0053","2004","cadillac","escalade","Base","generation_template [filled from 2003  [expanded]","tight","6x139.7","6x139.7","agree","78.1","78.3","disagree","M14x1.5","M14x1.5","agree","CADILLAC ESCALADE, EXT & ESV 1998 >"
"1be81b68-8de0-4a00-a733-9cb184a29203","1990","mazda","mx-6","Base","90s-research-batch","tight","5x114.3","5x114.3","agree","67.1","59.6","disagree","M12x1.5","M12x1.5","agree","MAZDA MX-6 1988-97"
"2a7018bd-1ed3-44a2-83c2-16a47e206087","1991","mazda","mx-6","Base","90s-research-batch","tight","5x114.3","5x114.3","agree","67.1","59.6","disagree","M12x1.5","M12x1.5","agree","MAZDA MX-6 1988-97"
"a1e553a9-30af-48de-9d15-56eb86ffa578","1992","mazda","mx-6","Base","90s-research-batch","tight","5x114.3","5x114.3","agree","67.1","59.6","disagree","M12x1.5","M12x1.5","agree","MAZDA MX-6 1988-97"
"cf720ac0-4e75-4827-aa62-982b2785cd79","1995","mazda","mx-6","Base","90s-research-batch","tight","5x114.3","5x114.3","agree","67.1","59.6","disagree","M12x1.5","M12x1.5","agree","MAZDA MX-6 1988-97"
"e3f484b3-9c62-4256-87ba-791782a1fd16","1992","subaru","svx","Base","90s-research-batch","tight","5x114.3","5x114.3","agree","56.1","57.1","disagree","M12x1.5","M12x1.25","disagree","SUBARU SVX 1992-97"
"0f8259eb-6232-4a93-ba37-288d9b179bc1","1993","subaru","svx","Base","90s-research-batch","tight","5x114.3","5x114.3","agree","56.1","57.1","disagree","M12x1.5","M12x1.25","disagree","SUBARU SVX 1992-97"
"fd7a8987-76d8-4948-a503-868f17ddfbc6","1994","subaru","svx","Base","90s-research-batch","tight","5x114.3","5x114.3","agree","56.1","57.1","disagree","M12x1.5","M12x1.25","disagree","SUBARU SVX 1992-97"
"7b4699b7-c44a-47ab-addf-54b97c4301f4","1995","subaru","svx","Base","90s-research-batch","tight","5x114.3","5x114.3","agree","56.1","57.1","disagree","M12x1.5","M12x1.25","disagree","SUBARU SVX 1992-97"
"284300db-7676-4ce2-af83-925e0165070d","1996","subaru","svx","Base","90s-research-batch","tight","5x114.3","5x114.3","agree","56.1","57.1","disagree","M12x1.5","M12x1.25","disagree","SUBARU SVX 1992-97"
"c4d66f2a-4c31-4fce-96fd-6218643963ba","1997","subaru","svx","Base","90s-research-batch","tight","5x114.3","5x114.3","agree","56.1","57.1","disagree","M12x1.5","M12x1.25","disagree","SUBARU SVX 1992-97"
"adad7200-1892-4610-928e-542b012f9bf5","2008","subaru","wrx","WRX","generation_inherit","tight","5x114.3","5x100","disagree","56.1","56.1","agree","M12x1.25","M12x1.25","agree","SUBARU IMPREZA 2.5I, OUTBACK SPORT, WRX 2008"
"f960b12d-3f70-4042-8065-c41434d43d38","2008","subaru","wrx","WRX Limited","generation_inherit","tight","5x114.3","5x100","disagree","56.1","56.1","agree","M12x1.25","M12x1.25","agree","SUBARU IMPREZA 2.5I, OUTBACK SPORT, WRX 2008"
"47a5e50c-28b8-459b-8b09-8d6cb037aeca","2008","subaru","wrx","WRX Premium","generation_inherit","tight","5x114.3","5x100","disagree","56.1","56.1","agree","M12x1.25","M12x1.25","agree","SUBARU IMPREZA 2.5I, OUTBACK SPORT, WRX 2008"
"08856d22-8073-42d0-a627-ba2bb6f8c36e","2008","subaru","wrx","WRX STI","generation_inherit","tight","5x114.3","5x100","disagree","56.1","56.1","agree","M12x1.25","M12x1.25","agree","SUBARU IMPREZA 2.5I, OUTBACK SPORT, WRX 2008"
"a2aa3a35-342a-4c11-9cc5-dd0b96901dd6","2008","subaru","wrx","WRX STI Limited","generation_inherit","tight","5x114.3","5x100","disagree","56.1","56.1","agree","M12x1.25","M12x1.25","agree","SUBARU IMPREZA 2.5I, OUTBACK SPORT, WRX 2008"
"e43a17d7-e5d7-418f-af82-da9960dfff92","1996","lexus","lx","LX 450","cache-import [expanded]","tight","5x150","6x139.7","disagree","108","108","agree","M12x1.5","M12x1.5","agree","LEXUS LX 450 1996-97"
"ee02dff1-eae2-4290-9d93-4c35b44564e9","2003","lincoln","aviator","Standard","generation-baseline [expanded]","tight","5x114.3","5x114.3","agree","70.6","70.3","disagree","M14x2.0","1/2","disagree","LINCOLN AVIATOR 2003 > ; LINCOLN AVIATOR 2003-05"
"d8e46ce8-f8c2-4586-8bf8-c898f10cb990","2004","lincoln","aviator","Grand Touring","generation-baseline [expanded]","tight","5x114.3","5x114.3","agree","70.6","70.3","disagree","M14x2.0","1/2","disagree","LINCOLN AVIATOR 2003 > ; LINCOLN AVIATOR 2003-05"
"59b68554-cd5e-431a-8519-6fa7c4305476","1999","cadillac","escalade","Base","generation_template [expanded]","tight","6x139.7","6x139.7","agree","78.1","78.3","disagree","M14x1.5","M14x1.5","agree","CADILLAC ESCALADE, EXT & ESV 1998 >"
"813723ba-7365-4c42-9e1d-8d7dc1c3e2aa","1990","toyota","camry","Base","trim-research","tight","5x114.3","5x100","disagree","60.1","54.1","disagree","M12x1.5","M12x1.5","agree","TOYOTA CAMRY 1983-91"
"866dc7df-6ae2-4271-a066-d6ab79103aa1","1991","toyota","camry","Base","trim-research","tight","5x114.3","5x100","disagree","60.1","54.1","disagree","M12x1.5","M12x1.5","agree","TOYOTA CAMRY 1983-91"
"2ae786be-9e53-4e34-809b-11eef52c7ba3","1998","toyota","corolla","Base","trim-research","tight","5x100","4x100","disagree","54.1","54.1","agree","M12x1.5","M12x1.5","agree","TOYOTA COROLLA 1988-02"
"80fee0be-d87b-4ad5-84ac-3222a1b53539","1999","toyota","corolla","Base","trim-research","tight","5x100","4x100","disagree","54.1","54.1","agree","M12x1.5","M12x1.5","agree","TOYOTA COROLLA 1988-02"
"091459ec-74a7-40de-8f80-9076a9cedcda","2000","toyota","corolla","L","trim-research","tight","5x100","4x100","disagree","54.1","54.1","agree","M12x1.5","M12x1.5","agree","TOYOTA COROLLA 1988-02"
"c1d60b82-1f2e-49c2-ac38-eb434aafc1ab","2000","toyota","corolla","L, LE, SE, XLE, XSE","trim-research","tight","5x100","4x100","disagree","54.1","54.1","agree","M12x1.5","M12x1.5","agree","TOYOTA COROLLA 1988-02"
"416c68fc-521f-4d46-907f-af001b129993","2000","toyota","corolla","LE","trim-research","tight","5x100","4x100","disagree","54.1","54.1","agree","M12x1.5","M12x1.5","agree","TOYOTA COROLLA 1988-02"
"4fe07480-2cbb-49fd-89e8-777f84dfa0fd","2000","toyota","corolla","SE","trim-research","tight","5x100","4x100","disagree","54.1","54.1","agree","M12x1.5","M12x1.5","agree","TOYOTA COROLLA 1988-02"
"3e93d8ad-4654-4dee-aa66-a3752e451b6a","2000","toyota","corolla","XLE","trim-research","tight","5x100","4x100","disagree","54.1","54.1","agree","M12x1.5","M12x1.5","agree","TOYOTA COROLLA 1988-02"
"ff600c6a-715b-461f-81cb-424f0c6ca5f2","2000","toyota","corolla","XSE","trim-research","tight","5x100","4x100","disagree","54.1","54.1","agree","M12x1.5","M12x1.5","agree","TOYOTA COROLLA 1988-02"
"bb70ec65-5f10-4b30-a213-682201e729c4","2001","toyota","corolla","L","trim-research","tight","5x100","4x100","disagree","54.1","54.1","agree","M12x1.5","M12x1.5","agree","TOYOTA COROLLA 1988-02"
"b05da5ba-73de-42e1-9e00-c3c8898ec28c","2001","toyota","corolla","L, LE, SE, XLE, XSE","trim-research","tight","5x100","4x100","disagree","54.1","54.1","agree","M12x1.5","M12x1.5","agree","TOYOTA COROLLA 1988-02"
"26ade3cc-3ff8-4bda-89b9-6e3fb044983f","2001","toyota","corolla","LE","trim-research","tight","5x100","4x100","disagree","54.1","54.1","agree","M12x1.5","M12x1.5","agree","TOYOTA COROLLA 1988-02"
"4dbf99b6-7778-4137-8bf8-1b1de025ac19","2001","toyota","corolla","SE","trim-research","tight","5x100","4x100","disagree","54.1","54.1","agree","M12x1.5","M12x1.5","agree","TOYOTA COROLLA 1988-02"
"18bd055f-2076-4e52-a6b9-72302018a695","2001","toyota","corolla","XLE","trim-research","tight","5x100","4x100","disagree","54.1","54.1","agree","M12x1.5","M12x1.5","agree","TOYOTA COROLLA 1988-02"
"03f4b090-60ba-43a1-b5d0-4d0d61afe93d","2001","toyota","corolla","XSE","trim-research","tight","5x100","4x100","disagree","54.1","54.1","agree","M12x1.5","M12x1.5","agree","TOYOTA COROLLA 1988-02"
"2c887331-0f35-4db3-8455-2a1dcfad7a6b","2002","toyota","corolla","L","trim-research","tight","5x100","4x100","disagree","54.1","54.1","agree","M12x1.5","M12x1.5","agree","TOYOTA COROLLA 1988-02"
"d3954755-5b4e-4c0a-89bd-f951e8fb85a5","2002","toyota","corolla","L, LE, SE, XLE, XSE","trim-research","tight","5x100","4x100","disagree","54.1","54.1","agree","M12x1.5","M12x1.5","agree","TOYOTA COROLLA 1988-02"
"34ff76fe-bdd5-476a-ade6-e3944d66cb0f","2002","toyota","corolla","LE","trim-research","tight","5x100","4x100","disagree","54.1","54.1","agree","M12x1.5","M12x1.5","agree","TOYOTA COROLLA 1988-02"
"79fdf58f-586a-45db-a016-d6547394b7ac","2002","toyota","corolla","SE","trim-research","tight","5x100","4x100","disagree","54.1","54.1","agree","M12x1.5","M12x1.5","agree","TOYOTA COROLLA 1988-02"
"4d197f3d-d0b5-4088-8f26-019b578ad966","2002","toyota","corolla","XLE","trim-research","tight","5x100","4x100","disagree","54.1","54.1","agree","M12x1.5","M12x1.5","agree","TOYOTA COROLLA 1988-02"
"51159f95-c731-41d0-9027-36f892092675","2002","toyota","corolla","XSE","trim-research","tight","5x100","4x100","disagree","54.1","54.1","agree","M12x1.5","M12x1.5","agree","TOYOTA COROLLA 1988-02"
"649fba05-2b65-4ed9-bd1b-b09d15a8ef8f","1991","lexus","es","ES 250, ES 300h, ES 350, F Sport","cache-import","tight","5x114.3","5x100","disagree","60.1","54.1","disagree","M12x1.5","M12x1.5","agree","LEXUS ES 250 1990-91"
"0e182c0e-0a0a-44f7-8767-f79b13d2a3ec","2002","ford","ranger","XL, XLT, Lariat, Tremor, Raptor","cache-import","tight","5x114.3","5x114.3","agree","70.5","70.3","disagree","M12x1.75","1/2","disagree","FORD RANGER 2WD 1981-08 ; FORD RANGER 4WD 1983-08"
"a6785a02-1eb5-4505-8ccd-9d0d7d5a085c","2002","ford","ranger","XLT","cache-import [expanded]","tight","5x114.3","5x114.3","agree","70.6","70.3","disagree","M12x1.75","1/2","disagree","FORD RANGER 2WD 1981-08 ; FORD RANGER 4WD 1983-08"
"f8e8a7b4-bcac-4368-a928-66386678a72d","2007","toyota","fj-cruiser","Base","final-gap-fill [web_research]","tight","6x139.7","6x139.7","agree","106.1","108","disagree","M12x1.5","M12x1.5","agree","TOYOTA FJ CRUISER 2007-08"
"367707e9-0760-438e-830d-4187ceac96f6","2007","toyota","fj-cruiser","Base","trim-research","tight","6x139.7","6x139.7","agree","106.1","108","disagree","M12x1.5","M12x1.5","agree","TOYOTA FJ CRUISER 2007-08"
"172323b6-4db1-4679-bd33-2bfef70b89b6","2008","toyota","fj-cruiser","Base","final-gap-fill [web_research]","tight","6x139.7","6x139.7","agree","106.1","108","disagree","M12x1.5","M12x1.5","agree","TOYOTA FJ CRUISER 2007-08"
"9c969a72-613a-4048-8bda-8ed8d165dd6c","2008","toyota","fj-cruiser","Base","trim-research","tight","6x139.7","6x139.7","agree","106.1","108","disagree","M12x1.5","M12x1.5","agree","TOYOTA FJ CRUISER 2007-08"
"410d7756-e4ac-4454-8942-653bdd28753d","2008","ford","ranger","XLT","cache-import [expanded]","tight","5x114.3","5x114.3","agree","70.6","70.3","disagree","M12x1.75","1/2","disagree","FORD RANGER 2WD 1981-08 ; FORD RANGER 4WD 1983-08"
"9b1a40bc-2a64-4454-a40a-384c1f6ee5af","2008","ford","ranger","XLT","cache-import [expanded]","tight","5x114.3","5x114.3","agree","70.6","70.3","disagree","M12x1.75","1/2","disagree","FORD RANGER 2WD 1981-08 ; FORD RANGER 4WD 1983-08"
"8b4344e2-4341-4a9b-9cf7-11525e365f97","2004","volkswagen","touareg","Base","catalog-gap-fill","tight","5x112","5x130","disagree","57.1","71.5","disagree","M14x1.5","M14x1.5","agree","VOLKSWAGEN TOUAREG 2003 > ; VOLKSWAGEN TOUAREG 2003-08"
"d68a7a3c-d116-46f3-a7b3-aed20e974f7c","2005","volkswagen","touareg","Base","catalog-gap-fill","tight","5x112","5x130","disagree","57.1","71.5","disagree","M14x1.5","M14x1.5","agree","VOLKSWAGEN TOUAREG 2003 > ; VOLKSWAGEN TOUAREG 2003-08"
"8ff8ad73-6fff-4691-9090-7ff80eb4b236","2006","volkswagen","touareg","Base","catalog-gap-fill","tight","5x112","5x130","disagree","57.1","71.5","disagree","M14x1.5","M14x1.5","agree","VOLKSWAGEN TOUAREG 2003 > ; VOLKSWAGEN TOUAREG 2003-08"
"4cc21aa7-0aee-4637-9df2-2f1140bb1bd8","1993","volvo","850","Base","90s-research-batch","tight","5x108","4x108","disagree","65.1","65.1","agree","","M12x1.5","ours-missing","VOLVO 850 1992-93"
"5485de56-90c2-4023-bb4e-5fc461149602","2005","volvo","v50","Base","google-ai-overview","tight","5x108","5x108","agree","63.3","65.1","disagree","M14x1.5","M12x1.5","disagree","VOLVO V50 2005-08"
"cc60c044-cfc0-4686-88ee-1226950cb16a","2006","volvo","v50","Base","google-ai-overview","tight","5x108","5x108","agree","63.3","65.1","disagree","M14x1.5","M12x1.5","disagree","VOLVO V50 2005-08"
"e5db53d1-8798-4525-b35e-b92020c3889b","2007","volvo","v50","Base","google-ai-overview","tight","5x108","5x108","agree","63.3","65.1","disagree","M14x1.5","M12x1.5","disagree","VOLVO V50 2005-08"
"72a392a5-4ee2-4b13-aa8f-88029af05ea9","2008","volvo","v50","Base","google-ai-overview","tight","5x108","5x108","agree","63.3","65.1","disagree","M14x1.5","M12x1.5","disagree","VOLVO V50 2005-08"
"9633e5c8-e8d1-4dfc-9239-fcf3617fb43b","2003","volvo","xc90","Inscription","api_import [expanded]","tight","5x108","5x108","agree","63.4","65.1","disagree","M12x1.5","M14x1.5","disagree","VOLVO XC90 2003 > ; VOLVO XC90 2003-08"
"d3574e40-e8fb-4e7b-a99b-73beb2d8deea","2003","volvo","xc90","Momentum","api_import [expanded]","tight","5x108","5x108","agree","63.4","65.1","disagree","M12x1.5","M14x1.5","disagree","VOLVO XC90 2003 > ; VOLVO XC90 2003-08"
"a868feea-79b0-4598-ad29-8852dddca95d","2003","volvo","xc90","Momentum, R-Design, Inscription, Polestar Engineered","api_import","tight","5x108","5x108","agree","63.4","65.1","disagree","M12x1.5","M14x1.5","disagree","VOLVO XC90 2003 > ; VOLVO XC90 2003-08"
"0f5fe9b3-da32-44de-b415-a3cb2fc276f5","2003","volvo","xc90","R-Design","api_import [expanded]","tight","5x108","5x108","agree","63.4","65.1","disagree","M12x1.5","M14x1.5","disagree","VOLVO XC90 2003 > ; VOLVO XC90 2003-08"
"44b02837-c4c7-452b-b7a1-4594f032ff72","2005","volvo","xc90","Inscription","api_import [expanded]","tight","5x108","5x108","agree","63.4","65.1","disagree","M12x1.5","M14x1.5","disagree","VOLVO XC90 2003 > ; VOLVO XC90 2003-08"
"cbf3ba95-126b-4a79-a507-d227708d3aff","2005","volvo","xc90","Momentum","api_import [expanded]","tight","5x108","5x108","agree","63.4","65.1","disagree","M12x1.5","M14x1.5","disagree","VOLVO XC90 2003 > ; VOLVO XC90 2003-08"
"5e7e123e-d782-48ef-8c9d-747740072572","2005","volvo","xc90","Momentum, R-Design, Inscription, Polestar Engineered","api_import","tight","5x108","5x108","agree","63.4","65.1","disagree","M12x1.5","M14x1.5","disagree","VOLVO XC90 2003 > ; VOLVO XC90 2003-08"
"a45f5707-0f5c-47ca-a0e5-bb3342693ea5","2005","volvo","xc90","Polestar Engineered","api_import [expanded]","tight","5x108","5x108","agree","63.4","65.1","disagree","M12x1.5","M14x1.5","disagree","VOLVO XC90 2003 > ; VOLVO XC90 2003-08"
"6740610b-dc5c-4311-ba53-35dec1a84708","2005","volvo","xc90","R-Design","api_import [expanded]","tight","5x108","5x108","agree","63.4","65.1","disagree","M12x1.5","M14x1.5","disagree","VOLVO XC90 2003 > ; VOLVO XC90 2003-08"
"a3cca2fd-b5a7-41d1-ad6b-f5b6b83de317","2006","volvo","xc90","Inscription","api_import [expanded]","tight","5x108","5x108","agree","63.4","65.1","disagree","M12x1.5","M14x1.5","disagree","VOLVO XC90 2003 > ; VOLVO XC90 2003-08"
"93b22742-536b-425d-9a3f-19f1e8fefa4d","2006","volvo","xc90","Momentum","api_import [expanded]","tight","5x108","5x108","agree","63.4","65.1","disagree","M12x1.5","M14x1.5","disagree","VOLVO XC90 2003 > ; VOLVO XC90 2003-08"
"4aeea939-97d4-445f-87e3-3f9c9dd36c3b","2006","volvo","xc90","Momentum, R-Design, Inscription, Polestar Engineered","api_import","tight","5x108","5x108","agree","63.4","65.1","disagree","M12x1.5","M14x1.5","disagree","VOLVO XC90 2003 > ; VOLVO XC90 2003-08"
"4684f05a-a749-4910-ac0d-d3687ffc4341","2006","volvo","xc90","Polestar Engineered","api_import [expanded]","tight","5x108","5x108","agree","63.4","65.1","disagree","M12x1.5","M14x1.5","disagree","VOLVO XC90 2003 > ; VOLVO XC90 2003-08"
"2b82fd9b-8c9a-477c-b79a-331c673224a7","2006","volvo","xc90","R-Design","api_import [expanded]","tight","5x108","5x108","agree","63.4","65.1","disagree","M12x1.5","M14x1.5","disagree","VOLVO XC90 2003 > ; VOLVO XC90 2003-08"
"3c139c5e-e455-4dff-99da-b5aeda0421e7","2007","volvo","xc90","Inscription","api_import [expanded]","tight","5x108","5x108","agree","63.4","65.1","disagree","M12x1.5","M14x1.5","disagree","VOLVO XC90 2003 > ; VOLVO XC90 2003-08"
"8343657b-0064-4629-b266-dd140ceebc3c","2007","volvo","xc90","Momentum","api_import [expanded]","tight","5x108","5x108","agree","63.4","65.1","disagree","M12x1.5","M14x1.5","disagree","VOLVO XC90 2003 > ; VOLVO XC90 2003-08"
"53322d02-eeee-4b41-bf40-1531d0c54cfa","2007","volvo","xc90","Momentum, R-Design, Inscription, Polestar Engineered","api_import","tight","5x108","5x108","agree","63.4","65.1","disagree","M12x1.5","M14x1.5","disagree","VOLVO XC90 2003 > ; VOLVO XC90 2003-08"
"a147e6dc-3bec-4509-b9c4-b8253d6b0dda","2007","volvo","xc90","Polestar Engineered","api_import [expanded]","tight","5x108","5x108","agree","63.4","65.1","disagree","M12x1.5","M14x1.5","disagree","VOLVO XC90 2003 > ; VOLVO XC90 2003-08"
"a71ec73d-ff4c-426e-82f8-a7d68a3eb245","2007","volvo","xc90","R-Design","api_import [expanded]","tight","5x108","5x108","agree","63.4","65.1","disagree","M12x1.5","M14x1.5","disagree","VOLVO XC90 2003 > ; VOLVO XC90 2003-08"
"a45ed3b3-26ba-428d-90b8-554dbce01af6","2008","volvo","xc90","Inscription","api_import [expanded]","tight","5x108","5x108","agree","63.4","65.1","disagree","M12x1.5","M14x1.5","disagree","VOLVO XC90 2003 > ; VOLVO XC90 2003-08"
"1c4eae4a-8edd-4cee-9be9-3de0f3521a0a","2008","volvo","xc90","Momentum","api_import [expanded]","tight","5x108","5x108","agree","63.4","65.1","disagree","M12x1.5","M14x1.5","disagree","VOLVO XC90 2003 > ; VOLVO XC90 2003-08"
"9a38ad8a-287f-48fd-868d-9c03e30406c8","2008","volvo","xc90","Momentum, R-Design, Inscription, Polestar Engineered","api_import","tight","5x108","5x108","agree","63.4","65.1","disagree","M12x1.5","M14x1.5","disagree","VOLVO XC90 2003 > ; VOLVO XC90 2003-08"
"f5d43f21-4ce8-4231-958f-2b2d995224d8","2008","volvo","xc90","Polestar Engineered","api_import [expanded]","tight","5x108","5x108","agree","63.4","65.1","disagree","M12x1.5","M14x1.5","disagree","VOLVO XC90 2003 > ; VOLVO XC90 2003-08"
"e0a4a22d-2e5c-4844-b941-1f6151d9eabc","2008","volvo","xc90","R-Design","api_import [expanded]","tight","5x108","5x108","agree","63.4","65.1","disagree","M12x1.5","M14x1.5","disagree","VOLVO XC90 2003 > ; VOLVO XC90 2003-08"
"f74394c1-f2a9-4ae8-812f-fd982b30636c","2009","volvo","xc90","Inscription","api_import [expanded]","tight","5x108","5x108","agree","63.4","65.1","disagree","M12x1.5","M14x1.5","disagree","VOLVO XC90 2003 >"
"c09f1d63-fade-462d-a049-daf608e60255","2009","volvo","xc90","Momentum","api_import [expanded]","tight","5x108","5x108","agree","63.4","65.1","disagree","M12x1.5","M14x1.5","disagree","VOLVO XC90 2003 >"
"9d366165-7b84-4221-9896-11da431125e8","2009","volvo","xc90","Momentum, R-Design, Inscription, Polestar Engineered","api_import","tight","5x108","5x108","agree","63.4","65.1","disagree","M12x1.5","M14x1.5","disagree","VOLVO XC90 2003 >"
"2fbd8956-b580-4bbe-a2b6-446f560372af","2009","volvo","xc90","Polestar Engineered","api_import [expanded]","tight","5x108","5x108","agree","63.4","65.1","disagree","M12x1.5","M14x1.5","disagree","VOLVO XC90 2003 >"
"290ae146-e480-4fbd-80f7-67cce4ff8cf6","2009","volvo","xc90","R-Design","api_import [expanded]","tight","5x108","5x108","agree","63.4","65.1","disagree","M12x1.5","M14x1.5","disagree","VOLVO XC90 2003 >"
"bf915d55-bef1-4069-98ef-6552043db86c","2010","volvo","xc90","Inscription","api_import [expanded]","tight","5x108","5x108","agree","63.4","65.1","disagree","M12x1.5","M14x1.5","disagree","VOLVO XC90 2003 >"
"c8cb3a9b-dfc5-42aa-b725-604d3726fb6f","2010","volvo","xc90","Momentum","api_import [expanded]","tight","5x108","5x108","agree","63.4","65.1","disagree","M12x1.5","M14x1.5","disagree","VOLVO XC90 2003 >"
"b94a97d7-2015-48f3-b99f-e060010ff816","2010","volvo","xc90","Momentum, R-Design, Inscription, Polestar Engineered","api_import","tight","5x108","5x108","agree","63.4","65.1","disagree","M12x1.5","M14x1.5","disagree","VOLVO XC90 2003 >"
"ca735595-d04c-4667-89e3-28787f4bb823","2010","volvo","xc90","Polestar Engineered","api_import [expanded]","tight","5x108","5x108","agree","63.4","65.1","disagree","M12x1.5","M14x1.5","disagree","VOLVO XC90 2003 >"
"9d49a300-caf1-4e7a-857a-d659db8b12a1","2010","volvo","xc90","R-Design","api_import [expanded]","tight","5x108","5x108","agree","63.4","65.1","disagree","M12x1.5","M14x1.5","disagree","VOLVO XC90 2003 >"
"22cd1bc6-e42b-407f-9933-270663556a61","2011","volvo","xc90","Inscription","api_import [expanded]","tight","5x108","5x108","agree","63.4","65.1","disagree","M12x1.5","M14x1.5","disagree","VOLVO XC90 2003 >"
"7c00ebb6-e532-4e5a-b276-13ca81fbe4a8","2011","volvo","xc90","Momentum","api_import [expanded]","tight","5x108","5x108","agree","63.4","65.1","disagree","M12x1.5","M14x1.5","disagree","VOLVO XC90 2003 >"
"89041641-bdd1-4ac9-9b88-292c205cb5f1","2011","volvo","xc90","Momentum, R-Design, Inscription, Polestar Engineered","api_import","tight","5x108","5x108","agree","63.4","65.1","disagree","M12x1.5","M14x1.5","disagree","VOLVO XC90 2003 >"
"7ee9d077-37b4-45b3-9e5c-7744b037a5d1","2011","volvo","xc90","Polestar Engineered","api_import [expanded]","tight","5x108","5x108","agree","63.4","65.1","disagree","M12x1.5","M14x1.5","disagree","VOLVO XC90 2003 >"
"dadf3716-e624-49ec-8e35-96e5b38f5bd2","2011","volvo","xc90","R-Design","api_import [expanded]","tight","5x108","5x108","agree","63.4","65.1","disagree","M12x1.5","M14x1.5","disagree","VOLVO XC90 2003 >"
"78660bda-d6b4-4be5-a578-b80d18e2a4a6","2000","ford","f-450-super-duty","Base","google-ai-overview","tight","8x170","8x225","disagree","124.9","","rk-missing","M14x2.0","","rk-missing","Ford F450/F550 1998 > ; Ford F450/F550 1999 >"
"57d4221d-64ab-4754-bbbd-f9122f99a6d5","2000","ford","f-450-super-duty","Base","catalog-gap-fill","tight","5x114.3","8x225","disagree","67.1","","rk-missing","M12x1.5","","rk-missing","Ford F450/F550 1998 > ; Ford F450/F550 1999 >"
"039ed732-c156-40cf-9e7a-aedfcc9e2534","2001","ford","f-450-super-duty","Base","google-ai-overview","tight","8x170","8x225","disagree","124.9","","rk-missing","M14x2.0","","rk-missing","Ford F450/F550 1998 > ; Ford F450/F550 1999 >"
"4aa8d96b-42ef-481a-bfd4-346ee61935ee","2001","ford","f-450-super-duty","Base","catalog-gap-fill","tight","5x114.3","8x225","disagree","67.1","","rk-missing","M12x1.5","","rk-missing","Ford F450/F550 1998 > ; Ford F450/F550 1999 >"
"41323a39-287f-42cd-840f-2f7a64825368","2002","ford","f-450-super-duty","Base","catalog-gap-fill","tight","5x114.3","8x225","disagree","67.1","","rk-missing","M12x1.5","","rk-missing","Ford F450/F550 1998 > ; Ford F450/F550 1999 >"
"994f1440-a464-4cf5-8409-7a4bced662b3","2002","ford","f-450-super-duty","Base","google-ai-overview","tight","8x170","8x225","disagree","124.9","","rk-missing","M14x2.0","","rk-missing","Ford F450/F550 1998 > ; Ford F450/F550 1999 >"
"4a64c828-ec0a-454f-ac55-b180e86edd3d","2003","ford","f-450-super-duty","Base","google-ai-overview","tight","8x170","8x225","disagree","124.9","","rk-missing","M14x2.0","","rk-missing","Ford F450/F550 1998 > ; Ford F450/F550 1999 >"
"43196d4c-15fa-4fd9-8462-06b9f3371c70","2003","ford","f-450-super-duty","Base","catalog-gap-fill","tight","5x114.3","8x225","disagree","67.1","","rk-missing","M12x1.5","","rk-missing","Ford F450/F550 1998 > ; Ford F450/F550 1999 >"
"61991808-2f2f-4da9-ae13-f2d79f4928da","2004","ford","f-450-super-duty","Base","catalog-gap-fill","tight","5x114.3","8x225","disagree","67.1","","rk-missing","M12x1.5","","rk-missing","Ford F450/F550 1998 > ; Ford F450/F550 1999 >"
"d0adf04a-c2a2-46cb-905c-9d60b82baf40","2004","ford","f-450-super-duty","Base","google-ai-overview","tight","8x170","8x225","disagree","124.9","","rk-missing","M14x2.0","","rk-missing","Ford F450/F550 1998 > ; Ford F450/F550 1999 >"
"ad7a6ad3-6313-4d40-aad3-add04444d2ba","2005","ford","f-450-super-duty","Base","catalog-gap-fill","tight","5x114.3","8x225|10x225","disagree","67.1","","rk-missing","M12x1.5","","rk-missing","Ford F450/F550 1998 > ; Ford F450/F550 1999 > ; Ford F450/F550 2005 >"
"14a5a643-e7c0-4f02-83ce-bbc6da5b7310","2005","ford","f-450-super-duty","Base","google-ai-overview","tight","8x170","8x225|10x225","disagree","124.9","","rk-missing","M14x2.0","","rk-missing","Ford F450/F550 1998 > ; Ford F450/F550 1999 > ; Ford F450/F550 2005 >"
"15092c66-3ed4-42a5-baa3-e89268dabe72","2006","ford","f-450-super-duty","Base","catalog-gap-fill","tight","5x114.3","8x225|10x225","disagree","67.1","","rk-missing","M12x1.5","","rk-missing","Ford F450/F550 1998 > ; Ford F450/F550 1999 > ; Ford F450/F550 2005 >"
"14bc928b-a74e-40fc-bf6e-76ebc796015f","2006","ford","f-450-super-duty","Base","google-ai-overview","tight","8x170","8x225|10x225","disagree","124.9","","rk-missing","M14x2.0","","rk-missing","Ford F450/F550 1998 > ; Ford F450/F550 1999 > ; Ford F450/F550 2005 >"
"e068a5ed-1f0e-46b7-9573-520d16338bd2","2007","ford","f-450-super-duty","Base","google-ai-overview","tight","8x170","8x225|10x225","disagree","124.9","","rk-missing","M14x2.0","","rk-missing","Ford F450/F550 1999 > ; Ford F450/F550 2005 >"
"2544290f-cb1e-427b-8e4b-85df0ff63e1b","2007","ford","f-450-super-duty","Base","catalog-gap-fill","tight","5x114.3","8x225|10x225","disagree","67.1","","rk-missing","M12x1.5","","rk-missing","Ford F450/F550 1999 > ; Ford F450/F550 2005 >"
"81ea9a79-cffb-41e8-8455-25c27cbceede","2008","ford","f-450-super-duty","DRW","google-ai-overview","tight","8x200","10x225","disagree","142","","rk-missing","M14x2.0","","rk-missing","Ford F450/F550 2005 >"
"e2bb8c76-d185-47a7-a42a-54d2076330a3","2008","ford","f-450-super-duty","Base","google-ai-overview","tight","8x170","10x225","disagree","124.9","","rk-missing","M14x2.0","","rk-missing","Ford F450/F550 2005 >"
"7a0c725f-fa8d-46ae-a2f0-598034c08c45","2008","ford","f-450-super-duty","Base","catalog-gap-fill","tight","5x114.3","10x225","disagree","67.1","","rk-missing","M12x1.5","","rk-missing","Ford F450/F550 2005 >"
"f8e6079b-fd26-4663-ac4d-21a501e8d54b","2009","ford","f-450-super-duty","DRW","google-ai-overview","tight","8x200","10x225","disagree","142","","rk-missing","M14x2.0","","rk-missing","Ford F450/F550 2005 >"
"0dbdf60b-aeb7-4466-b93c-b901aa10798b","2009","ford","f-450-super-duty","Base","google-ai-overview","tight","8x170","10x225","disagree","124.9","","rk-missing","M14x2.0","","rk-missing","Ford F450/F550 2005 >"
"4e00d573-067a-46da-8e3d-8f81f2fd6f71","2009","ford","f-450-super-duty","Base","catalog-gap-fill","tight","5x114.3","10x225","disagree","67.1","","rk-missing","M12x1.5","","rk-missing","Ford F450/F550 2005 >"
"a1c6bd93-6344-4c6a-bb71-35cfd1f4d3ec","2010","ford","f-450-super-duty","Base","catalog-gap-fill","tight","5x114.3","10x225","disagree","67.1","","rk-missing","M12x1.5","","rk-missing","Ford F450/F550 2005 >"
"f9fffe7b-153b-475e-86df-bb493e0bff29","2010","ford","f-450-super-duty","DRW","google-ai-overview","tight","8x200","10x225","disagree","142","","rk-missing","M14x2.0","","rk-missing","Ford F450/F550 2005 >"
"862560c1-8bb6-48af-84ce-1f84af4ec4b6","2010","ford","f-450-super-duty","Base","google-ai-overview","tight","8x170","10x225","disagree","124.9","","rk-missing","M14x2.0","","rk-missing","Ford F450/F550 2005 >"
"86b56c40-9bbf-444e-97a7-924c9c1ed1e0","2011","ford","f-450-super-duty","Base","google-ai-overview","tight","8x170","10x225","disagree","124.9","","rk-missing","M14x2.0","","rk-missing","Ford F450/F550 2005 >"
"ac4f965f-a970-4f98-838b-2c5c40db03a4","2011","ford","f-450-super-duty","DRW","google-ai-overview","tight","8x200","10x225","disagree","142","","rk-missing","M14x2.0","","rk-missing","Ford F450/F550 2005 >"
"d8c7a119-cb4b-4295-a8fa-81175a479a2b","2011","ford","f-450-super-duty","Base","catalog-gap-fill","tight","5x114.3","10x225","disagree","67.1","","rk-missing","M12x1.5","","rk-missing","Ford F450/F550 2005 >"
"70907cd4-3e37-44a5-bc17-d082a5721662","2012","ford","f-450-super-duty","Base","catalog-gap-fill","tight","5x114.3","10x225","disagree","67.1","","rk-missing","M12x1.5","","rk-missing","Ford F450/F550 2005 >"
"9f44f519-816d-4c0f-a333-f73ee4230f70","2012","ford","f-450-super-duty","DRW","google-ai-overview","tight","8x200","10x225","disagree","142","","rk-missing","M14x2.0","","rk-missing","Ford F450/F550 2005 >"
"0cb932af-8215-475f-9801-2644d861489e","2012","ford","f-450-super-duty","Base","google-ai-overview","tight","8x170","10x225","disagree","124.9","","rk-missing","M14x2.0","","rk-missing","Ford F450/F550 2005 >"
"8d2327c1-9723-45af-99ff-878cfe12a14e","2013","ford","f-450-super-duty","DRW","google-ai-overview","tight","8x200","10x225","disagree","142","","rk-missing","M14x2.0","","rk-missing","Ford F450/F550 2005 >"
"f886fcc2-daa6-4372-829d-4ed348b033df","2013","ford","f-450-super-duty","Base","google-ai-overview","tight","8x170","10x225","disagree","124.9","","rk-missing","M14x2.0","","rk-missing","Ford F450/F550 2005 >"
"29655f64-c9cf-463a-8ce1-ae4148605de1","2013","ford","f-450-super-duty","Base","catalog-gap-fill","tight","5x114.3","10x225","disagree","67.1","","rk-missing","M12x1.5","","rk-missing","Ford F450/F550 2005 >"
"83c0d21b-0e6e-4ec7-828f-51a7f20b2590","2003","ford","ranger","XLT","cache-import [expanded]","tight","5x114.3","5x114.3","agree","70.6","70.3","disagree","M12x1.75","1/2","disagree","FORD RANGER 2WD 1981-08 ; FORD RANGER 4WD 1983-08"
"0f4e0f21-7288-45b3-b22e-1790d37d2e75","2004","ford","ranger","XL, XLT, Lariat, Tremor, Raptor","cache-import","tight","5x114.3","5x114.3","agree","70.5","70.3","disagree","M12x1.75","1/2","disagree","FORD RANGER 2WD 1981-08 ; FORD RANGER 4WD 1983-08"
"a0cedf15-5aba-4e8a-9f5f-772d113e9d34","1990","geo","metro","Base","generation_template","tight","4x100","4x114.3","disagree","54","59.6","disagree","M12x1.25","M10x1.25|M12x1.25","agree","GEO METRO 1989-94 ; GEO METRO 1989-97 ; GEO METRO CONV. 1990-93"
"1fb92b91-e536-4296-9b7e-e239cb1ac5db","1990","dodge","colt","Base","90s-research-batch","tight","4x100","4x114.3","disagree","56.1","57.1","disagree","M12x1.5","M12x1.5","agree","DODGE COLT 1979-92"
"4f40bfe5-4b1c-4244-a54c-976ec8463bd1","1991","dodge","colt","Base","90s-research-batch","tight","4x100","4x114.3","disagree","56.1","57.1","disagree","M12x1.5","M12x1.5","agree","DODGE COLT 1979-92"
"5f5d6ccf-d60f-47b6-926b-94abfdae9bdb","1992","dodge","colt","Base","90s-research-batch","tight","4x100","4x114.3","disagree","56.1","57.1","disagree","M12x1.5","M12x1.5","agree","DODGE COLT 1979-92"
"fa6acd13-3875-454c-9152-bd7eea603318","1991","acura","legend","Base","90s-research-batch","tight","5x114.3","5x114.3","agree","64.1","70.3","disagree","M12x1.5","M12x1.5","agree","ACURA LEGEND 1991 > ; ACURA LEGEND 1991-05"
"19379044-8f5a-40fd-b55b-4babdaf3cb18","1992","acura","legend","Base","90s-research-batch","tight","5x114.3","5x114.3","agree","64.1","70.3","disagree","M12x1.5","M12x1.5","agree","ACURA LEGEND 1991 > ; ACURA LEGEND 1991-05"
"3f893a4f-1c6c-419f-93c4-6756ee24bb08","1993","acura","legend","Base","90s-research-batch","tight","5x114.3","5x114.3","agree","64.1","70.3","disagree","M12x1.5","M12x1.5","agree","ACURA LEGEND 1991 > ; ACURA LEGEND 1991-05"
"1fd6b7c6-f4c6-4593-861c-b2780088e341","1994","acura","legend","Base","90s-research-batch","tight","5x114.3","5x114.3","agree","64.1","70.3","disagree","M12x1.5","M12x1.5","agree","ACURA LEGEND 1991 > ; ACURA LEGEND 1991-05"
"6da38497-f8e8-459b-9105-ae24c2cb11d7","1995","acura","legend","Base","90s-research-batch","tight","5x114.3","5x114.3","agree","64.1","70.3","disagree","M12x1.5","M12x1.5","agree","ACURA LEGEND 1991 > ; ACURA LEGEND 1991-05"
"d5399507-c50a-4d23-a360-3c830958b0af","2007","acura","mdx","A-Spec","cache-import [expanded]","tight","5x120","5x114.3","disagree","64.1","64.1","agree","M14x1.5","M12x1.5","disagree","ACURA MDX 2001 >"
"5f5a9b3c-2ed7-4171-9924-cdfcd17214b5","2007","acura","mdx","Base","trim-research","tight","5x120","5x114.3","disagree","64.1","64.1","agree","M14x1.5","M12x1.5","disagree","ACURA MDX 2001 >"
"54705c48-29db-4e03-9041-38385a786d7e","2007","acura","mdx","Base, Technology, A-Spec, Advance, Type S","trim-research","tight","5x120","5x114.3","disagree","64.1","64.1","agree","M14x1.5","M12x1.5","disagree","ACURA MDX 2001 >"
"e47e1a1e-f4d7-464a-b2c4-8ab7c357f838","2007","acura","mdx","Technology","trim-research","tight","5x120","5x114.3","disagree","64.1","64.1","agree","M14x1.5","M12x1.5","disagree","ACURA MDX 2001 >"
"3aeb7feb-500f-4c86-8ed2-633a27bf25c6","2007","acura","mdx","Type S","cache-import [expanded]","tight","5x120","5x114.3","disagree","64.1","64.1","agree","M14x1.5","M12x1.5","disagree","ACURA MDX 2001 >"
"c7739cb3-45d3-4e84-9626-eec0d1f1f9f8","2008","acura","mdx","A-Spec","cache-import [expanded]","tight","5x120","5x114.3","disagree","64.1","64.1","agree","M14x1.5","M12x1.5","disagree","ACURA MDX 2001 >"
"6c0dc2e5-7517-4acd-bc34-e48ddee55194","2008","acura","mdx","Advance","trim-research","tight","5x120","5x114.3","disagree","64.1","64.1","agree","M14x1.5","M12x1.5","disagree","ACURA MDX 2001 >"
"d964f490-d39c-4be7-96f7-7b62accebf0c","2008","acura","mdx","Base","trim-research","tight","5x120","5x114.3","disagree","64.1","64.1","agree","M14x1.5","M12x1.5","disagree","ACURA MDX 2001 >"
"e4a79640-a88c-4d73-afef-f4e5e895e292","2008","acura","mdx","Base, Technology, A-Spec, Advance, Type S","trim-research","tight","5x120","5x114.3","disagree","64.1","64.1","agree","M14x1.5","M12x1.5","disagree","ACURA MDX 2001 >"
"cfa6528e-62b9-4967-bf96-279778c92e78","2008","acura","mdx","Technology","trim-research","tight","5x120","5x114.3","disagree","64.1","64.1","agree","M14x1.5","M12x1.5","disagree","ACURA MDX 2001 >"
"c6e4f35d-6392-4e8b-bb08-3364c48b8913","2008","acura","mdx","Type S","cache-import [expanded]","tight","5x120","5x114.3","disagree","64.1","64.1","agree","M14x1.5","M12x1.5","disagree","ACURA MDX 2001 >"
"60dfc838-01c9-47d6-ac24-4a221880ffc7","2009","acura","mdx","A-Spec","cache-import [expanded]","tight","5x120","5x114.3","disagree","64.1","64.1","agree","M14x1.5","M12x1.5","disagree","ACURA MDX 2001 >"
"9f521394-0e87-4a4d-9cb1-1d2717787d31","2009","acura","mdx","Base","trim-research","tight","5x120","5x114.3","disagree","64.1","64.1","agree","M14x1.5","M12x1.5","disagree","ACURA MDX 2001 >"
"c910d071-1eb5-4a2c-b754-a5b179036118","2009","acura","mdx","Base, Technology, A-Spec, Advance, Type S","trim-research","tight","5x120","5x114.3","disagree","64.1","64.1","agree","M14x1.5","M12x1.5","disagree","ACURA MDX 2001 >"
"11590120-0c65-4aa6-a939-7d8298264884","2009","acura","mdx","Technology","trim-research","tight","5x120","5x114.3","disagree","64.1","64.1","agree","M14x1.5","M12x1.5","disagree","ACURA MDX 2001 >"
"6a7212d0-16ec-417e-ab4b-1e474c321ebb","2009","acura","mdx","Type S","cache-import [expanded]","tight","5x120","5x114.3","disagree","64.1","64.1","agree","M14x1.5","M12x1.5","disagree","ACURA MDX 2001 >"
"71f1b0eb-08b8-4f1e-8771-b85eff6b0149","1993","dodge","colt","Base","90s-research-batch","tight","4x100","4x100","agree","56.1","57.1","disagree","M12x1.5","M12x1.5","agree","DODGE COLT 1993-94"
"9235cb2a-0b0b-4485-ba1e-f84b0d795ab1","1994","dodge","colt","Base","90s-research-batch","tight","4x100","4x100","agree","56.1","57.1","disagree","M12x1.5","M12x1.5","agree","DODGE COLT 1993-94"
"2a41ea47-5a48-43e2-8675-274eb4e83c8f","2000","acura","rl","Base","google-ai-overview","tight","5x120","5x114.3","disagree","64.1","64.1","agree","M14x1.5","M12x1.5","disagree","ACURA RL 3.5 1996-04"
"ef826ac3-85b5-4e83-b1ea-32b8a4a6787c","2001","acura","rl","Base","google-ai-overview","tight","5x120","5x114.3","disagree","64.1","64.1","agree","M14x1.5","M12x1.5","disagree","ACURA RL 3.5 1996-04"
"784b623c-738d-436e-a637-07dfb6694d1e","2002","acura","rl","Base","google-ai-overview","tight","5x120","5x114.3","disagree","64.1","64.1","agree","M14x1.5","M12x1.5","disagree","ACURA RL 3.5 1996-04"
"a481a4a8-ca6b-4513-a415-94c34493eed6","2003","acura","rl","Base","google-ai-overview","tight","5x120","5x114.3","disagree","64.1","64.1","agree","M14x1.5","M12x1.5","disagree","ACURA RL 3.5 1996-04"
"8601288f-7cc4-4b98-a4b2-cc393cd5fe7c","2004","acura","rl","Base","google-ai-overview","tight","5x120","5x114.3","disagree","64.1","64.1","agree","M14x1.5","M12x1.5","disagree","ACURA RL 3.5 1996-04"
"35f1fede-dc76-40b1-ba4e-bbcc25037204","2004","acura","tl","Advance","cache-import [expanded]","tight","5x120","5x114.3","disagree","64.1","64.1","agree","M12x1.5","M12x1.5","agree","ACURA TL 2004-08"
"1ad4800d-a094-4d2f-afe0-9b3397d3d5ba","2004","acura","tl","Base","google-ai-overview","tight","5x120","5x114.3","disagree","64.1","64.1","agree","M12x1.5","M12x1.5","agree","ACURA TL 2004-08"
"09a91821-dc76-4b90-a6e4-0b0569575546","2004","acura","tl","Base, Technology, SH-AWD, Advance","cache-import","tight","5x120","5x114.3","disagree","64.1","64.1","agree","M12x1.5","M12x1.5","agree","ACURA TL 2004-08"
"6a4b039b-4732-4d85-8363-80bbf736984e","2004","acura","tl","SH-AWD","cache-import [expanded]","tight","5x120","5x114.3","disagree","64.1","64.1","agree","M12x1.5","M12x1.5","agree","ACURA TL 2004-08"
"358a2a97-071f-4c00-9c70-4b19b72007a2","2004","acura","tl","Technology","cache-import [expanded]","tight","5x120","5x114.3","disagree","64.1","64.1","agree","M12x1.5","M12x1.5","agree","ACURA TL 2004-08"
"20c7ac6e-482d-40bc-9fe8-19a25a52a59b","2005","acura","tl","Advance","cache-import [expanded]","tight","5x120","5x114.3","disagree","64.1","64.1","agree","M12x1.5","M12x1.5","agree","ACURA TL 2004-08"
"60e2270c-0e0b-4060-87fd-533712deac83","2005","acura","tl","Base","google-ai-overview","tight","5x120","5x114.3","disagree","64.1","64.1","agree","M12x1.5","M12x1.5","agree","ACURA TL 2004-08"
"371bcf1d-e912-45da-a4f4-3a8a762ae407","2005","acura","tl","Base, Technology, SH-AWD, Advance","cache-import","tight","5x120","5x114.3","disagree","64.1","64.1","agree","M12x1.5","M12x1.5","agree","ACURA TL 2004-08"
"5953a9a3-5cc7-4fd2-b4f8-2e15532bb9f7","2005","acura","tl","SH-AWD","cache-import [expanded]","tight","5x120","5x114.3","disagree","64.1","64.1","agree","M12x1.5","M12x1.5","agree","ACURA TL 2004-08"
"8c75c714-641a-4ca6-8468-0b59bded78b7","2005","acura","tl","Technology","cache-import [expanded]","tight","5x120","5x114.3","disagree","64.1","64.1","agree","M12x1.5","M12x1.5","agree","ACURA TL 2004-08"
"bbc2079b-7eda-4308-b0e1-a0dbed587f7d","2006","acura","tl","Advance","cache-import [expanded]","tight","5x120","5x114.3","disagree","64.1","64.1","agree","M12x1.5","M12x1.5","agree","ACURA TL 2004-08"
"b176eab4-e91c-41b0-a5c9-d8ebe32ac4b1","2006","acura","tl","Base","google-ai-overview","tight","5x120","5x114.3","disagree","64.1","64.1","agree","M12x1.5","M12x1.5","agree","ACURA TL 2004-08"
"e50c10da-be62-4800-827f-3a2881d2770d","2006","acura","tl","Base, Technology, SH-AWD, Advance","cache-import","tight","5x120","5x114.3","disagree","64.1","64.1","agree","M12x1.5","M12x1.5","agree","ACURA TL 2004-08"
"f4255424-f22b-4e16-aa0e-fa45b6a8f578","2006","acura","tl","SH-AWD","cache-import [expanded]","tight","5x120","5x114.3","disagree","64.1","64.1","agree","M12x1.5","M12x1.5","agree","ACURA TL 2004-08"
"bc0a9dbb-78d0-4d0d-a120-7a370ee782fb","2006","acura","tl","Technology","cache-import [expanded]","tight","5x120","5x114.3","disagree","64.1","64.1","agree","M12x1.5","M12x1.5","agree","ACURA TL 2004-08"
"fcfa4dcc-7608-4348-a3fa-0472208b3fc7","2007","acura","tl","Advance","cache-import [expanded]","tight","5x120","5x114.3","disagree","64.1","64.1","agree","M12x1.5","M12x1.5","agree","ACURA TL 2004-08"
"405bea5a-a6d7-4ff6-94f8-d8b31950da8f","2007","acura","tl","Base","google-ai-overview","tight","5x120","5x114.3","disagree","64.1","64.1","agree","M12x1.5","M12x1.5","agree","ACURA TL 2004-08"
"9e117cec-57fa-4ccd-b198-f61324857d40","2007","acura","tl","Base, Technology, SH-AWD, Advance","cache-import","tight","5x120","5x114.3","disagree","64.1","64.1","agree","M12x1.5","M12x1.5","agree","ACURA TL 2004-08"
"a8c9f6f7-98a0-4813-878e-95813aade445","2007","acura","tl","SH-AWD","cache-import [expanded]","tight","5x120","5x114.3","disagree","64.1","64.1","agree","M12x1.5","M12x1.5","agree","ACURA TL 2004-08"
"65fef41d-432a-48e0-aaa6-4daccdb61dbe","2007","acura","tl","Technology","cache-import [expanded]","tight","5x120","5x114.3","disagree","64.1","64.1","agree","M12x1.5","M12x1.5","agree","ACURA TL 2004-08"
"71cd5573-a96e-4d7a-9870-42d10242507f","2008","acura","tl","Advance","cache-import [expanded]","tight","5x120","5x114.3","disagree","64.1","64.1","agree","M12x1.5","M12x1.5","agree","ACURA TL 2004-08"
"79854f76-e358-4a4a-9f8e-985fd454a797","2008","acura","tl","Base","google-ai-overview","tight","5x120","5x114.3","disagree","64.1","64.1","agree","M12x1.5","M12x1.5","agree","ACURA TL 2004-08"
"8775388f-3e26-433b-ba1d-05f3c19808f8","2008","acura","tl","Base, Technology, SH-AWD, Advance","cache-import","tight","5x120","5x114.3","disagree","64.1","64.1","agree","M12x1.5","M12x1.5","agree","ACURA TL 2004-08"
"e1dd52e3-d46f-4d87-8293-f21b4680298e","2008","acura","tl","SH-AWD","cache-import [expanded]","tight","5x120","5x114.3","disagree","64.1","64.1","agree","M12x1.5","M12x1.5","agree","ACURA TL 2004-08"
"2306ca12-6f72-4335-82f4-aae9879c8d0f","2008","acura","tl","Technology","cache-import [expanded]","tight","5x120","5x114.3","disagree","64.1","64.1","agree","M12x1.5","M12x1.5","agree","ACURA TL 2004-08"
"478ecfdb-7816-415d-8df8-32c9f78488f4","1991","audi","100","C4","90s-research-batch","tight","5x112","4x108","disagree","57.1","57.1","agree","","M14x1.5","ours-missing","AUDI 90/ 100 1989-91"
"123f0853-5ca9-4711-aa1a-2d386bc05f1c","1996","audi","a4","1.8T","generation_inherit","tight","5x112","5x112","agree","66.5","57.1","disagree","M14x1.5","M14x1.5","agree","AUDI A4 1996 > ; AUDI A4 1996-08"
"90d6454b-31f1-456d-9263-42059fd4f93e","1996","audi","a4","2.0T","generation_inherit","tight","5x112","5x112","agree","66.5","57.1","disagree","M14x1.5","M14x1.5","agree","AUDI A4 1996 > ; AUDI A4 1996-08"
"6b14ef29-4215-469b-91f0-d8629e4583ae","1997","audi","a4","2.0T","generation_inherit","tight","5x112","5x112","agree","66.5","57.1","disagree","M14x1.5","M14x1.5","agree","AUDI A4 1996 > ; AUDI A4 1996-08"
"ab157df5-1086-4254-a761-b95c5562f3a7","1998","audi","a4","1.8T","generation_inherit","tight","5x112","5x112","agree","66.5","57.1","disagree","M14x1.5","M14x1.5","agree","AUDI A4 1996 > ; AUDI A4 1996-08"
"12d42b82-1e8f-446e-9e32-9b175fc90b1d","1998","audi","a4","2.0T","generation_inherit","tight","5x112","5x112","agree","66.5","57.1","disagree","M14x1.5","M14x1.5","agree","AUDI A4 1996 > ; AUDI A4 1996-08"
"06ca611d-6139-44ca-8b07-4115c0012817","1999","audi","a4","2.0T","generation_inherit","tight","5x112","5x112","agree","66.5","57.1","disagree","M14x1.5","M14x1.5","agree","AUDI A4 1996 > ; AUDI A4 1996-08"
"c365e3bf-10dd-4909-b7e6-1e8087c8f4e5","2000","audi","a4","1.8T","generation_inherit","tight","5x112","5x112","agree","66.5","57.1","disagree","M14x1.5","M14x1.5","agree","AUDI A4 1996 > ; AUDI A4 1996-08"
"8950334b-2941-402d-b4f2-957aeac83cda","2000","audi","a4","2.0T","generation_inherit","tight","5x112","5x112","agree","66.5","57.1","disagree","M14x1.5","M14x1.5","agree","AUDI A4 1996 > ; AUDI A4 1996-08"
"5b0d6a7d-7677-4a0c-a15f-4cc6d5963c15","2001","audi","a4","1.8T","generation_inherit","tight","5x112","5x112","agree","66.5","57.1","disagree","M14x1.5","M14x1.5","agree","AUDI A4 1996 > ; AUDI A4 1996-08"
"da681d60-668d-4e55-b6d5-c02e4ded5411","2001","audi","a4","2.0T","generation_inherit","tight","5x112","5x112","agree","66.5","57.1","disagree","M14x1.5","M14x1.5","agree","AUDI A4 1996 > ; AUDI A4 1996-08"
"a358f003-a4ad-43ba-b8ae-f59105ac13e9","2002","audi","a4","1.8T","generation_inherit","tight","5x112","5x112","agree","66.5","57.1","disagree","M14x1.5","M14x1.5","agree","AUDI A4 1996 > ; AUDI A4 1996-08"
"017631a2-9f40-461a-8bea-cf6af033a68b","2002","audi","a4","2.0T","generation_inherit","tight","5x112","5x112","agree","66.5","57.1","disagree","M14x1.5","M14x1.5","agree","AUDI A4 1996 > ; AUDI A4 1996-08"
"52566a33-c92b-429e-bfa3-bd2cede6c85f","2003","audi","a4","2.0T","generation_inherit","tight","5x112","5x112","agree","66.5","57.1","disagree","M14x1.5","M14x1.5","agree","AUDI A4 1996 > ; AUDI A4 1996-08"
"88c9d8e5-b3d7-430b-a00b-af76a249afd9","2004","audi","a4","1.8T","generation_inherit","tight","5x112","5x112","agree","66.5","57.1","disagree","M14x1.5","M14x1.5","agree","AUDI A4 1996 > ; AUDI A4 1996-08"
"9a680c05-ec2e-4261-8714-551aba0c3356","2004","audi","a4","2.0T","generation_inherit","tight","5x112","5x112","agree","66.5","57.1","disagree","M14x1.5","M14x1.5","agree","AUDI A4 1996 > ; AUDI A4 1996-08"
"b56f8c2c-7c55-43d1-883d-be5a654a4b7a","2005","audi","a4","1.8T","generation_inherit","tight","5x112","5x112","agree","66.5","57.1","disagree","M14x1.5","M14x1.5","agree","AUDI A4 1996-08"
"e7c05b39-c038-48bb-9e80-2f86728809f6","2005","audi","a4","2.0T","generation_inherit","tight","5x112","5x112","agree","66.5","57.1","disagree","M14x1.5","M14x1.5","agree","AUDI A4 1996-08"
"e5906e81-94c2-4b9b-b15b-3d7d795c0adb","2006","audi","a4","2.0T","generation_inherit","tight","5x112","5x112","agree","66.5","57.1","disagree","M14x1.5","M14x1.5","agree","AUDI A4 1996-08"
"73b04989-5832-4031-ac5e-6a81f684b737","2006","audi","a4","2.0T","generation_inherit","tight","5x112","5x112","agree","66.5","57.1","disagree","M14x1.5","M14x1.5","agree","AUDI A4 1996-08"
"7fb59957-a1b3-4c1f-86e5-a86c2ecd1c38","2007","audi","a4","2.0T","generation_inherit","tight","5x112","5x112","agree","66.5","57.1","disagree","M14x1.5","M14x1.5","agree","AUDI A4 1996-08"
"fbc6d12d-b9ea-4bb2-8ae9-ae8f575192bd","2007","audi","a4","2.0T","generation_inherit","tight","5x112","5x112","agree","66.5","57.1","disagree","M14x1.5","M14x1.5","agree","AUDI A4 1996-08"
"61b0b321-cdb0-4f4a-b6b7-4f258ea9e05d","2008","audi","a4","2.0T","generation_inherit","tight","5x112","5x112","agree","66.5","57.1","disagree","M14x1.5","M14x1.5","agree","AUDI A4 1996-08"
"d56a240b-b9ec-40ce-b4e2-edfd2df91a6c","2008","audi","a4","2.0T","generation_inherit","tight","5x112","5x112","agree","66.5","57.1","disagree","M14x1.5","M14x1.5","agree","AUDI A4 1996-08"
"58cba93b-f7b8-45e4-8f8a-9f5f8db16af9","2000","audi","a6","2.7T","generation_inherit","tight","5x112","5x112","agree","66.5","57.1","disagree","M14x1.5","M14x1.5","agree","AUDI A6 1995 > ; AUDI A6 1.8T (LARGER CALIPERS) 1995 > ; AUDI A6 2.7T, 4.2 (LARGER CALIPERS) 1995 > ; AUDI A6 2.7T, 4.2 (LARGER CALIPERS) 1995-08 ; AUDI A6, 6.8, 3.0, 3.2 1995-08"
"4ed0703c-9159-43f6-b3be-06b463178f4c","2000","audi","a6","45 TFSI","generation_inherit","tight","5x112","5x112","agree","66.5","57.1","disagree","M14x1.5","M14x1.5","agree","AUDI A6 1995 > ; AUDI A6 1.8T (LARGER CALIPERS) 1995 > ; AUDI A6 2.7T, 4.2 (LARGER CALIPERS) 1995 > ; AUDI A6 2.7T, 4.2 (LARGER CALIPERS) 1995-08 ; AUDI A6, 6.8, 3.0, 3.2 1995-08"
"05459d4b-ddd7-47e2-9d62-dd87190324a6","2000","audi","a6","45 TFSI","generation_inherit","tight","5x112","5x112","agree","66.5","57.1","disagree","M14x1.5","M14x1.5","agree","AUDI A6 1995 > ; AUDI A6 1.8T (LARGER CALIPERS) 1995 > ; AUDI A6 2.7T, 4.2 (LARGER CALIPERS) 1995 > ; AUDI A6 2.7T, 4.2 (LARGER CALIPERS) 1995-08 ; AUDI A6, 6.8, 3.0, 3.2 1995-08"
"7533deff-138e-4209-afd0-fa671fbbfc67","2001","audi","a6","2.7T","generation_inherit","tight","5x112","5x112","agree","66.5","57.1","disagree","M14x1.5","M14x1.5","agree","AUDI A6 1995 > ; AUDI A6 1.8T (LARGER CALIPERS) 1995 > ; AUDI A6 2.7T, 4.2 (LARGER CALIPERS) 1995 > ; AUDI A6 2.7T, 4.2 (LARGER CALIPERS) 1995-08 ; AUDI A6, 6.8, 3.0, 3.2 1995-08"
"ef446d70-0989-462f-bbcf-123d57d7aeba","2001","audi","a6","45 TFSI","generation_inherit","tight","5x112","5x112","agree","66.5","57.1","disagree","M14x1.5","M14x1.5","agree","AUDI A6 1995 > ; AUDI A6 1.8T (LARGER CALIPERS) 1995 > ; AUDI A6 2.7T, 4.2 (LARGER CALIPERS) 1995 > ; AUDI A6 2.7T, 4.2 (LARGER CALIPERS) 1995-08 ; AUDI A6, 6.8, 3.0, 3.2 1995-08"
"9127d731-f9b6-4366-bad3-3c49376d1401","2001","audi","a6","45 TFSI","generation_inherit","tight","5x112","5x112","agree","66.5","57.1","disagree","M14x1.5","M14x1.5","agree","AUDI A6 1995 > ; AUDI A6 1.8T (LARGER CALIPERS) 1995 > ; AUDI A6 2.7T, 4.2 (LARGER CALIPERS) 1995 > ; AUDI A6 2.7T, 4.2 (LARGER CALIPERS) 1995-08 ; AUDI A6, 6.8, 3.0, 3.2 1995-08"
"3deba7a1-274b-42cf-8d55-cb249719e0ed","2002","audi","a6","2.7T","generation_inherit","tight","5x112","5x112","agree","66.5","57.1","disagree","M14x1.5","M14x1.5","agree","AUDI A6 1995 > ; AUDI A6 1.8T (LARGER CALIPERS) 1995 > ; AUDI A6 2.7T, 4.2 (LARGER CALIPERS) 1995 > ; AUDI A6 2.7T, 4.2 (LARGER CALIPERS) 1995-08 ; AUDI A6, 6.8, 3.0, 3.2 1995-08"
"5c53e70c-d322-47b4-9e56-c2b7056f04c6","2002","audi","a6","45 TFSI","generation_inherit","tight","5x112","5x112","agree","66.5","57.1","disagree","M14x1.5","M14x1.5","agree","AUDI A6 1995 > ; AUDI A6 1.8T (LARGER CALIPERS) 1995 > ; AUDI A6 2.7T, 4.2 (LARGER CALIPERS) 1995 > ; AUDI A6 2.7T, 4.2 (LARGER CALIPERS) 1995-08 ; AUDI A6, 6.8, 3.0, 3.2 1995-08"
"eec6c7db-cbfd-4dff-8e29-6a7034d87512","2002","audi","a6","45 TFSI","generation_inherit","tight","5x112","5x112","agree","66.5","57.1","disagree","M14x1.5","M14x1.5","agree","AUDI A6 1995 > ; AUDI A6 1.8T (LARGER CALIPERS) 1995 > ; AUDI A6 2.7T, 4.2 (LARGER CALIPERS) 1995 > ; AUDI A6 2.7T, 4.2 (LARGER CALIPERS) 1995-08 ; AUDI A6, 6.8, 3.0, 3.2 1995-08"
"1af31cc4-20f5-4aad-b7fd-4875c7d9413a","2003","audi","a6","2.7T","generation_inherit","tight","5x112","5x112","agree","66.5","57.1","disagree","M14x1.5","M14x1.5","agree","AUDI A6 1995 > ; AUDI A6 1.8T (LARGER CALIPERS) 1995 > ; AUDI A6 2.7T, 4.2 (LARGER CALIPERS) 1995 > ; AUDI A6 2.7T, 4.2 (LARGER CALIPERS) 1995-08 ; AUDI A6, 6.8, 3.0, 3.2 1995-08"
"d50f4161-82e6-46af-868d-bf91297dd72f","2003","audi","a6","45 TFSI","generation_inherit","tight","5x112","5x112","agree","66.5","57.1","disagree","M14x1.5","M14x1.5","agree","AUDI A6 1995 > ; AUDI A6 1.8T (LARGER CALIPERS) 1995 > ; AUDI A6 2.7T, 4.2 (LARGER CALIPERS) 1995 > ; AUDI A6 2.7T, 4.2 (LARGER CALIPERS) 1995-08 ; AUDI A6, 6.8, 3.0, 3.2 1995-08"
"47113a44-ee48-428e-9b6c-9f15af1b76d4","2003","audi","a6","45 TFSI","generation_inherit","tight","5x112","5x112","agree","66.5","57.1","disagree","M14x1.5","M14x1.5","agree","AUDI A6 1995 > ; AUDI A6 1.8T (LARGER CALIPERS) 1995 > ; AUDI A6 2.7T, 4.2 (LARGER CALIPERS) 1995 > ; AUDI A6 2.7T, 4.2 (LARGER CALIPERS) 1995-08 ; AUDI A6, 6.8, 3.0, 3.2 1995-08"
"3dd3b609-4e03-4429-84f4-ca91ad136362","2004","audi","a6","2.7T","generation_inherit","tight","5x112","5x112","agree","66.5","57.1","disagree","M14x1.5","M14x1.5","agree","AUDI A6 2.7T, 4.2 (LARGER CALIPERS) 1995-08 ; AUDI A6, 6.8, 3.0, 3.2 1995-08"
"3eda353e-416d-4a5b-82c1-46fcfc8b8233","2004","audi","a6","45 TFSI","generation_inherit","tight","5x112","5x112","agree","66.5","57.1","disagree","M14x1.5","M14x1.5","agree","AUDI A6 2.7T, 4.2 (LARGER CALIPERS) 1995-08 ; AUDI A6, 6.8, 3.0, 3.2 1995-08"
"be46b1f9-49b4-4a25-8724-5af0510b9f66","2004","audi","a6","45 TFSI","generation_inherit","tight","5x112","5x112","agree","66.5","57.1","disagree","M14x1.5","M14x1.5","agree","AUDI A6 2.7T, 4.2 (LARGER CALIPERS) 1995-08 ; AUDI A6, 6.8, 3.0, 3.2 1995-08"
"553b4efb-4087-48af-bff6-db7c86ac8be1","2005","audi","a6","45 TFSI","generation_inherit","tight","5x112","5x112","agree","66.5","57.1","disagree","M14x1.5","M14x1.5","agree","AUDI A6 2.7T, 4.2 (LARGER CALIPERS) 1995-08 ; AUDI A6, 6.8, 3.0, 3.2 1995-08"
"79515010-6eac-47fe-b2b0-83c075f29fab","2005","audi","a6","45 TFSI","generation_inherit","tight","5x112","5x112","agree","66.5","57.1","disagree","M14x1.5","M14x1.5","agree","AUDI A6 2.7T, 4.2 (LARGER CALIPERS) 1995-08 ; AUDI A6, 6.8, 3.0, 3.2 1995-08"
"5b9cd8e2-7f9d-4082-aad6-dc04c1215ad5","2006","audi","a6","45 TFSI","generation_inherit","tight","5x112","5x112","agree","66.5","57.1","disagree","M14x1.5","M14x1.5","agree","AUDI A6 2.7T, 4.2 (LARGER CALIPERS) 1995-08 ; AUDI A6, 6.8, 3.0, 3.2 1995-08"
"a1cb0df8-7b40-46f9-9d66-3ce96ec13fdd","2008","audi","a6","45 TFSI","generation_inherit","tight","5x112","5x112","agree","66.5","57.1","disagree","M14x1.5","M14x1.5","agree","AUDI A6 2.7T, 4.2 (LARGER CALIPERS) 1995-08 ; AUDI A6, 6.8, 3.0, 3.2 1995-08"
"c3ece2b3-e820-4d71-a039-b3a53fe7b32b","2008","audi","a6","45 TFSI","generation_inherit","tight","5x112","5x112","agree","66.5","57.1","disagree","M14x1.5","M14x1.5","agree","AUDI A6 2.7T, 4.2 (LARGER CALIPERS) 1995-08 ; AUDI A6, 6.8, 3.0, 3.2 1995-08"
"e14ca1c7-0473-437d-a18f-9e4f449bca51","1997","audi","a8","D2","90s-research-batch","tight","5x112","5x112","agree","66.6","57.1","disagree","","M14x1.5","ours-missing","AUDI A8 & A8L 1997 > ; AUDI A8, A8 4.2, A8 6.0 & A8L 1997-08"
"36c65887-b611-42de-8e62-b6138108a335","1998","audi","a8","D2","90s-research-batch","tight","5x112","5x112","agree","66.6","57.1","disagree","","M14x1.5","ours-missing","AUDI A8 & A8L 1997 > ; AUDI A8, A8 4.2, A8 6.0 & A8L 1997-08"
"9bcac78d-86f1-4230-9f3d-4b12a1c52f8d","1999","audi","a8","D2","90s-research-batch","tight","5x112","5x112","agree","66.6","57.1","disagree","","M14x1.5","ours-missing","AUDI A8 & A8L 1997 > ; AUDI A8, A8 4.2, A8 6.0 & A8L 1997-08"
"f66d2582-88b7-4611-9736-4b193f09ab19","2001","audi","a8","Base","trim-research","tight","5x112","5x112","agree","66.5","57.1","disagree","M14x1.5","M14x1.5","agree","AUDI A8 & A8L 1997 > ; AUDI A8, A8 4.2, A8 6.0 & A8L 1997-08"
"b619dee9-8b89-401b-8fce-98e05ee4a12b","2002","audi","a8","Base","trim-research","tight","5x112","5x112","agree","66.5","57.1","disagree","M14x1.5","M14x1.5","agree","AUDI A8 & A8L 1997 > ; AUDI A8, A8 4.2, A8 6.0 & A8L 1997-08"
"870f88a3-20dc-4d19-b704-099b76fd91d1","2003","audi","a8","Base","catalog-gap-fill [web_research]","tight","5x112","5x112","agree","66.6","57.1","disagree","M14x1.5","M14x1.5","agree","AUDI A8 & A8L 1997 > ; AUDI A8, A8 4.2, A8 6.0 & A8L 1997-08"
"86dca7e4-fef6-427c-ad7c-74f17a588b0b","2004","audi","a8","Base","trim-research","tight","5x112","5x112","agree","66.5","57.1","disagree","M14x1.5","M14x1.5","agree","AUDI A8 & A8L 1997 > ; AUDI A8, A8 4.2, A8 6.0 & A8L 1997-08"
"fe35ba7e-1c45-4801-8192-6c3796036649","2005","audi","a8","Base","trim-research","tight","5x112","5x112","agree","66.5","57.1","disagree","M14x1.5","M14x1.5","agree","AUDI A8 & A8L 1997 > ; AUDI A8, A8 4.2, A8 6.0 & A8L 1997-08"
"1d6c30c5-4947-42c9-bd58-6c1eb48f175a","2008","audi","a8","Base","trim-research","tight","5x112","5x112","agree","66.5","57.1","disagree","M14x1.5","M14x1.5","agree","AUDI A8, A8 4.2, A8 6.0 & A8L 1997-08"
"5360f52c-7169-4eb4-86bf-5cf4566bffd3","2007","audi","q7","Premium","cache-import [expanded]","tight","5x130","5x130","agree","71.6","71.3","disagree","M14x1.5","M14x1.5","agree","AUDI Q7 2007-08"
"f96344dc-ffda-49f4-af10-1d5a7463d2fa","2007","audi","q7","Premium Plus","cache-import [expanded]","tight","5x130","5x130","agree","71.6","71.3","disagree","M14x1.5","M14x1.5","agree","AUDI Q7 2007-08"
"8b7ddbe8-f26e-4c21-9cf0-c5edcb80de27","2007","audi","q7","Premium, Premium Plus, Prestige, SQ7","cache-import","tight","5x130","5x130","agree","71.6","71.3","disagree","M14x1.5","M14x1.5","agree","AUDI Q7 2007-08"
"ba23d57d-23c2-4540-8e43-c96c0bc42d06","2007","audi","q7","Prestige","cache-import [expanded]","tight","5x130","5x130","agree","71.6","71.3","disagree","M14x1.5","M14x1.5","agree","AUDI Q7 2007-08"
"d6d87b43-7a7b-47ea-a39f-5f19ca6d2cd0","2007","audi","q7","SQ7","cache-import [expanded]","tight","5x130","5x130","agree","71.6","71.3","disagree","M14x1.5","M14x1.5","agree","AUDI Q7 2007-08"
"222d43d1-f4b0-4df7-b3a2-372ab3885e41","2008","audi","q7","Premium","cache-import [expanded]","tight","5x130","5x130","agree","71.6","71.3","disagree","M14x1.5","M14x1.5","agree","AUDI Q7 2007-08"
"342cd64c-0dba-4128-837f-d84b703c1197","2008","audi","q7","Premium Plus","cache-import [expanded]","tight","5x130","5x130","agree","71.6","71.3","disagree","M14x1.5","M14x1.5","agree","AUDI Q7 2007-08"
"e868ecb3-045b-425e-8f6d-4089e2bed252","2008","audi","q7","Premium, Premium Plus, Prestige, SQ7","cache-import","tight","5x130","5x130","agree","71.6","71.3","disagree","M14x1.5","M14x1.5","agree","AUDI Q7 2007-08"
"e60813fb-3c2e-402e-a316-031f61b3d79d","2008","audi","q7","Prestige","cache-import [expanded]","tight","5x130","5x130","agree","71.6","71.3","disagree","M14x1.5","M14x1.5","agree","AUDI Q7 2007-08"
"110ddcf8-580c-4a95-b102-d635acfca3c7","2008","audi","q7","SQ7","cache-import [expanded]","tight","5x130","5x130","agree","71.6","71.3","disagree","M14x1.5","M14x1.5","agree","AUDI Q7 2007-08"
"adb41686-9465-43b1-8b86-dcb4925ce67b","2004","audi","s4","S4","generation_inherit","tight","5x112","5x112","agree","66.5","57.1","disagree","M14x1.5","M14x1.5","agree","AUDI S4 (LARGER CALIPERS) 1993-08 ; AUDI S4 (LARGER CALIPERS) 2000 >"
"8a7b94a1-0ac5-40c5-b816-d617557d4032","2005","audi","s4","S4","generation_inherit","tight","5x112","5x112","agree","66.5","57.1","disagree","M14x1.5","M14x1.5","agree","AUDI S4 (LARGER CALIPERS) 1993-08 ; AUDI S4 (LARGER CALIPERS) 2000 >"
"37285c45-fea6-4138-96de-4c38cd3a1273","2006","audi","s4","S4","generation_inherit","tight","5x112","5x112","agree","66.5","57.1","disagree","M14x1.5","M14x1.5","agree","AUDI S4 (LARGER CALIPERS) 1993-08 ; AUDI S4 (LARGER CALIPERS) 2000 >"
"90301727-dc69-4ef0-9092-a51fc7ffa897","2007","audi","s4","S4","generation_inherit","tight","5x112","5x112","agree","66.5","57.1","disagree","M14x1.5","M14x1.5","agree","AUDI S4 (LARGER CALIPERS) 1993-08 ; AUDI S4 (LARGER CALIPERS) 2000 >"
"adcb78bb-ab18-4c75-8b20-f23888c75e75","2008","audi","s4","S4","generation_inherit","tight","5x112","5x112","agree","66.5","57.1","disagree","M14x1.5","M14x1.5","agree","AUDI S4 (LARGER CALIPERS) 1993-08 ; AUDI S4 (LARGER CALIPERS) 2000 >"
"74ff1af9-147d-426d-9be2-1f25269b55ed","2007","audi","s6","Base","trim-research","tight","5x112","5x112","agree","66.5","57.1","disagree","M14x1.5","M14x1.5","agree","AUDI S6 (LARGER CALIPERS) 2001 > ; AUDI S6 (LARGER CALIPERS) 2001-08"
"e32ebfc8-1814-493e-9960-1fba098d8e6e","2008","audi","s6","Base","trim-research","tight","5x112","5x112","agree","66.5","57.1","disagree","M14x1.5","M14x1.5","agree","AUDI S6 (LARGER CALIPERS) 2001 > ; AUDI S6 (LARGER CALIPERS) 2001-08"
"34e2b12c-289b-4524-a811-504614b9ce1e","2009","audi","s6","Base","google-ai-overview","tight","5x112","5x112","agree","66.5","57.1","disagree","M14x1.5","M14x1.5","agree","AUDI S6 (LARGER CALIPERS) 2001 >"
"ba4db3db-0e04-424c-8a49-6a3b7f5bf1d4","2001","audi","s8","Base","trim-research","tight","5x112","5x112","agree","66.5","57.1","disagree","M14x1.5","M14x1.5","agree","AUDI S8 (LARGER CALIPERS) 2001 > ; AUDI S8 (LARGER CALIPERS) 2001-07"
"b5665629-b662-4162-a2e4-c85eb594e116","2002","audi","s8","Base","trim-research","tight","5x112","5x112","agree","66.5","57.1","disagree","M14x1.5","M14x1.5","agree","AUDI S8 (LARGER CALIPERS) 2001 > ; AUDI S8 (LARGER CALIPERS) 2001-07"
"539487a7-f207-496d-a339-5fcd580f2b81","2007","audi","s8","Base","trim-research","tight","5x112","5x112","agree","66.5","57.1","disagree","M14x1.5","M14x1.5","agree","AUDI S8 (LARGER CALIPERS) 2001 > ; AUDI S8 (LARGER CALIPERS) 2001-07"
"b983fc60-534a-436b-8de2-f7733264c958","2009","audi","s8","Base","trim-research","tight","5x112","5x112","agree","66.5","57.1","disagree","M14x1.5","M14x1.5","agree","AUDI S8 (LARGER CALIPERS) 2001 >"
"788b888f-a0cc-4363-9e8f-b17263800ac8","2005","audi","tt","Base","catalog-gap-fill","tight","5x112","5x100","disagree","57.1","57.1","agree","M14x1.5","M14x1.5","agree","AUDI TT 1999 > ; AUDI TT 1999-06 ; AUDI TT TURBO (LARGER CALIPERS) 1999 >"
"9ae8b1e2-9cb8-40d7-be85-5a1f831d9477","2006","audi","tt","Base","catalog-gap-fill","tight","5x112","5x100","disagree","57.1","57.1","agree","M14x1.5","M14x1.5","agree","AUDI TT 1999 > ; AUDI TT 1999-06 ; AUDI TT TURBO (LARGER CALIPERS) 1999 >"
"64b43de9-2511-45c0-85f2-addec46c6dff","1990","bmw","3-series","Base","cache-import","tight","5x120","4x100","disagree","72.6","57.1","disagree","M12x1.5","M12x1.5","agree","BMW 318/ 325 1984-91"
"f20f1b78-be2a-474c-bbf6-c88d6958af50","1991","bmw","3-series","Base","cache-import","tight","5x120","4x100","disagree","72.6","57.1","disagree","M12x1.5","M12x1.5","agree","BMW 318/ 325 1984-91"
"e5c12957-f82e-4408-9d17-b84984b6551f","2004","dodge","durango","Base","generation_template","tight","5x127","5x139.7","disagree","71.5","77.8","disagree","M14x1.5","9/16","disagree","DODGE DURANGO 2004 > ; DODGE DURANGO 2WD 4WD 2004-08"
"4a93b170-64da-4bbc-9d26-eb0f8c160eba","2005","dodge","durango","Base","generation_template","tight","5x127","5x139.7","disagree","71.5","77.8","disagree","M14x1.5","9/16","disagree","DODGE DURANGO 2004 > ; DODGE DURANGO 2WD 4WD 2004-08"
"83455501-08e4-4173-b5b4-62787f98fc1f","2006","dodge","durango","Base","generation_template","tight","5x127","5x139.7","disagree","71.5","77.8","disagree","M14x1.5","9/16","disagree","DODGE DURANGO 2004 > ; DODGE DURANGO 2WD 4WD 2004-08"
"1bd8a368-9d3d-4e96-b524-fe403333890e","2007","dodge","durango","Base","generation_template","tight","5x127","5x139.7","disagree","71.5","77.8","disagree","M14x1.5","9/16","disagree","DODGE DURANGO 2004 > ; DODGE DURANGO 2WD 4WD 2004-08"
"07841c4c-b7e5-4468-aa22-75eec0004e8b","2008","dodge","durango","Base","generation_template","tight","5x127","5x139.7","disagree","71.5","77.8","disagree","M14x1.5","9/16","disagree","DODGE DURANGO 2004 > ; DODGE DURANGO 2WD 4WD 2004-08"
"aa7c50e4-655b-43d3-a551-706b41dc10a5","2009","dodge","durango","Base","generation_template","tight","5x127","5x139.7","disagree","71.5","77.8","disagree","M14x1.5","9/16","disagree","DODGE DURANGO 2004 >"
"2423f8f6-790d-4ad4-a9f1-e524a06394cb","1997","bmw","5-series","Base","cache-import","tight","5x120","5x120","agree","72.6","74.1","disagree","M12x1.5","M12x1.5","agree","BMW 5 SERIES 1997 > ; BMW 5 SERIES 1997-08"
"646e24c6-e451-41a0-9c70-403d1774f0f3","1997","bmw","5-series","M5","generation_inherit","tight","5x120","5x120","agree","72.6","74.1","disagree","M14x1.25","M12x1.5","disagree","BMW 5 SERIES 1997 > ; BMW 5 SERIES 1997-08"
"e037be36-dcd4-46e2-8108-fe530d3fb1a6","1997","bmw","5-series","M5","generation_inherit","tight","5x120","5x120","agree","72.6","74.1","disagree","M14x1.25","M12x1.5","disagree","BMW 5 SERIES 1997 > ; BMW 5 SERIES 1997-08"
"5dfdbced-6d6d-4ac3-83d6-8011c93af7ba","1998","bmw","5-series","Base","cache-import","tight","5x120","5x120","agree","72.6","74.1","disagree","M12x1.5","M12x1.5","agree","BMW 5 SERIES 1997 > ; BMW 5 SERIES 1997-08"
"5d4bf521-04a0-44a6-9421-40ec06629c8a","1998","bmw","5-series","M5","generation_inherit","tight","5x120","5x120","agree","72.6","74.1","disagree","M14x1.25","M12x1.5","disagree","BMW 5 SERIES 1997 > ; BMW 5 SERIES 1997-08"
"c4b92019-7a81-4f8a-a78d-dbc3ce58deb3","1998","bmw","5-series","M5","generation_inherit","tight","5x120","5x120","agree","72.6","74.1","disagree","M14x1.25","M12x1.5","disagree","BMW 5 SERIES 1997 > ; BMW 5 SERIES 1997-08"
"4ef5a00e-231e-4a54-82cd-a721d58446db","1999","bmw","5-series","Base","cache-import","tight","5x120","5x120","agree","72.6","74.1","disagree","M12x1.5","M12x1.5","agree","BMW 5 SERIES 1997 > ; BMW 5 SERIES 1997-08"
"0e21c86f-4eb0-4e75-8b88-47767578ef8b","1999","bmw","5-series","M5","generation_inherit","tight","5x120","5x120","agree","72.6","74.1","disagree","M14x1.25","M12x1.5","disagree","BMW 5 SERIES 1997 > ; BMW 5 SERIES 1997-08"
"cedad2e8-f5b2-4e33-8390-39c4d3004520","1999","bmw","5-series","M5","generation_inherit","tight","5x120","5x120","agree","72.6","74.1","disagree","M14x1.25","M12x1.5","disagree","BMW 5 SERIES 1997 > ; BMW 5 SERIES 1997-08"
"c358d694-7f60-4ac0-83ea-816fb29baf39","2000","bmw","5-series","Base","cache-import","tight","5x120","5x120","agree","72.6","74.1","disagree","M12x1.5","M12x1.5","agree","BMW 5 SERIES 1997 > ; BMW 5 SERIES 1997-08"
"ac695832-ed32-44ba-9942-0133ed00f83c","2000","bmw","5-series","M5","generation_inherit","tight","5x120","5x120","agree","72.6","74.1","disagree","M14x1.25","M12x1.5","disagree","BMW 5 SERIES 1997 > ; BMW 5 SERIES 1997-08"
"52bf883c-6380-4328-a1fc-80d28b112c9e","2000","bmw","5-series","M5","generation_inherit","tight","5x120","5x120","agree","72.6","74.1","disagree","M14x1.25","M12x1.5","disagree","BMW 5 SERIES 1997 > ; BMW 5 SERIES 1997-08"
"d3483f84-921a-4262-b8f7-996c0173281e","2001","bmw","5-series","Base","cache-import","tight","5x120","5x120","agree","72.6","74.1","disagree","M12x1.5","M12x1.5","agree","BMW 5 SERIES 1997 > ; BMW 5 SERIES 1997-08"
"5b5e4957-b18b-4d02-8159-ddc00ea81949","2011","dodge","durango","Base","generation_template","tight","5x127","5x139.7","disagree","71.6","77.8","disagree","M14x1.5","9/16","disagree","DODGE DURANGO 2004 >"
"5e50b8b0-ccd9-431a-9703-9416a9bedd4d","2001","bmw","5-series","M5","generation_inherit","tight","5x120","5x120","agree","72.6","74.1","disagree","M14x1.25","M12x1.5","disagree","BMW 5 SERIES 1997 > ; BMW 5 SERIES 1997-08"
"622e4235-24b3-4863-9104-50ad742b6b4e","2001","bmw","5-series","M5","generation_inherit","tight","5x120","5x120","agree","72.6","74.1","disagree","M14x1.25","M12x1.5","disagree","BMW 5 SERIES 1997 > ; BMW 5 SERIES 1997-08"
"a0c8bd4e-b36e-4a47-8bf8-34c9f231c0d4","2002","bmw","5-series","Base","cache-import","tight","5x120","5x120","agree","72.6","74.1","disagree","M12x1.5","M12x1.5","agree","BMW 5 SERIES 1997 > ; BMW 5 SERIES 1997-08"
"bda77ee8-7c24-4c11-b9a2-4c139ee00864","2012","dodge","durango","Base","generation_template","tight","5x127","5x139.7","disagree","71.6","77.8","disagree","M14x1.5","9/16","disagree","DODGE DURANGO 2004 >"
"c52bf40f-4d5f-4259-94b2-71a913d0844e","2002","bmw","5-series","M5","generation_inherit","tight","5x120","5x120","agree","72.6","74.1","disagree","M14x1.25","M12x1.5","disagree","BMW 5 SERIES 1997 > ; BMW 5 SERIES 1997-08"
"aed197db-a866-4d2c-baf4-6052b31d0639","2002","bmw","5-series","M5","generation_inherit","tight","5x120","5x120","agree","72.6","74.1","disagree","M14x1.25","M12x1.5","disagree","BMW 5 SERIES 1997 > ; BMW 5 SERIES 1997-08"
"4df0e420-d751-4761-b507-b09458a44e80","2003","bmw","5-series","Base","cache-import","tight","5x120","5x120","agree","72.6","74.1","disagree","M12x1.5","M12x1.5","agree","BMW 5 SERIES 1997 > ; BMW 5 SERIES 1997-08"
"56278fc4-9cb3-4ea1-b97d-467fa4c904a0","2003","bmw","5-series","M5","generation_inherit","tight","5x120","5x120","agree","72.6","74.1","disagree","M14x1.25","M12x1.5","disagree","BMW 5 SERIES 1997 > ; BMW 5 SERIES 1997-08"
"d4af3013-d8a2-41b9-b258-dba118c195f3","2003","bmw","5-series","M5","generation_inherit","tight","5x120","5x120","agree","72.6","74.1","disagree","M14x1.25","M12x1.5","disagree","BMW 5 SERIES 1997 > ; BMW 5 SERIES 1997-08"
"5429b463-1932-4a87-ae7f-1fe3743ef076","2004","bmw","5-series","Base","cache-import","tight","5x120","5x120","agree","72.6","74.1","disagree","M12x1.5","M12x1.5","agree","BMW 5 SERIES 1997 > ; BMW 5 SERIES 1997-08"
"d370cf1b-6584-445c-aee0-d639a15d3b56","2004","bmw","5-series","M5","generation_inherit","tight","5x120","5x120","agree","72.6","74.1","disagree","M14x1.25","M12x1.5","disagree","BMW 5 SERIES 1997 > ; BMW 5 SERIES 1997-08"
"2c74374f-7324-4fed-bec0-ee280e9cb056","2004","bmw","5-series","M5","generation_inherit","tight","5x120","5x120","agree","72.6","74.1","disagree","M14x1.25","M12x1.5","disagree","BMW 5 SERIES 1997 > ; BMW 5 SERIES 1997-08"
"755d9be1-58a9-4f8d-9579-bbfe62c3c81e","2004","bmw","5-series","M5","generation_inherit","tight","5x120","5x120","agree","72.6","74.1","disagree","M14x1.25","M12x1.5","disagree","BMW 5 SERIES 1997 > ; BMW 5 SERIES 1997-08"
"803607ba-9e35-40d1-b1ac-7c6e98f9714f","2004","bmw","5-series","M5","generation_inherit","tight","5x120","5x120","agree","72.6","74.1","disagree","M14x1.25","M12x1.5","disagree","BMW 5 SERIES 1997 > ; BMW 5 SERIES 1997-08"
"e68ffcc1-7747-4e9d-9558-4810a8ead1aa","2005","bmw","5-series","Base","cache-import","tight","5x120","5x120","agree","72.6","74.1","disagree","M12x1.5","M12x1.5","agree","BMW 5 SERIES 1997 > ; BMW 5 SERIES 1997-08"
"01faca85-8cea-485f-8931-dec11892ccea","2005","bmw","5-series","M5","generation_inherit","tight","5x120","5x120","agree","72.6","74.1","disagree","M14x1.25","M12x1.5","disagree","BMW 5 SERIES 1997 > ; BMW 5 SERIES 1997-08"
"15eb1c14-72c5-4fde-8c16-44d1db886038","2005","bmw","5-series","M5","generation_inherit","tight","5x120","5x120","agree","72.6","74.1","disagree","M14x1.25","M12x1.5","disagree","BMW 5 SERIES 1997 > ; BMW 5 SERIES 1997-08"
"5e45e810-739d-412b-9140-c9840284aa36","2005","bmw","5-series","M5","generation_inherit","tight","5x120","5x120","agree","72.6","74.1","disagree","M14x1.25","M12x1.5","disagree","BMW 5 SERIES 1997 > ; BMW 5 SERIES 1997-08"
"8f2714b8-27ab-449d-b7fc-7a8c050b5621","2006","bmw","5-series","Base","cache-import","tight","5x120","5x120","agree","72.6","74.1","disagree","M12x1.5","M12x1.5","agree","BMW 5 SERIES 1997-08"
"b1d78e63-0f2f-4126-9e11-5385c1cb7d99","2006","bmw","5-series","M5","generation_inherit","tight","5x120","5x120","agree","72.6","74.1","disagree","M14x1.25","M12x1.5","disagree","BMW 5 SERIES 1997-08"
"3e41333b-cd1a-47a4-8a9d-25a4fab48c19","2006","bmw","5-series","M5","generation_inherit","tight","5x120","5x120","agree","72.6","74.1","disagree","M14x1.25","M12x1.5","disagree","BMW 5 SERIES 1997-08"
"8b6d7272-7de2-4c9a-9964-d0b30642fee4","2006","bmw","5-series","M5","generation_inherit","tight","5x120","5x120","agree","72.6","74.1","disagree","M14x1.25","M12x1.5","disagree","BMW 5 SERIES 1997-08"
"9553e04f-1084-4151-bfc8-5acf38a9722b","2006","bmw","5-series","M5","generation_inherit","tight","5x120","5x120","agree","72.6","74.1","disagree","M14x1.25","M12x1.5","disagree","BMW 5 SERIES 1997-08"
"79a5380d-443d-4629-9bf3-4493c145e816","2007","bmw","5-series","Base","cache-import","tight","5x120","5x120","agree","72.6","74.1","disagree","M12x1.5","M12x1.5","agree","BMW 5 SERIES 1997-08"
"1d8837e4-1dc0-41c8-8a3a-5c6c7e264c2e","2007","bmw","5-series","M5","generation_inherit","tight","5x120","5x120","agree","72.6","74.1","disagree","M14x1.25","M12x1.5","disagree","BMW 5 SERIES 1997-08"
"0ab0005e-5328-45b5-ad80-8ef71b89bdd0","2007","bmw","5-series","M5","generation_inherit","tight","5x120","5x120","agree","72.6","74.1","disagree","M14x1.25","M12x1.5","disagree","BMW 5 SERIES 1997-08"
"1303c17d-c0ea-4eb1-8026-b7d897cd19a2","2007","bmw","5-series","M5","generation_inherit","tight","5x120","5x120","agree","72.6","74.1","disagree","M14x1.25","M12x1.5","disagree","BMW 5 SERIES 1997-08"
"604d8259-7f2c-4344-abf2-be3ce9dbe5d2","2007","bmw","5-series","M5","generation_inherit","tight","5x120","5x120","agree","72.6","74.1","disagree","M14x1.25","M12x1.5","disagree","BMW 5 SERIES 1997-08"
"9c1e7fe8-18d5-437c-8304-2630461c3968","2008","bmw","5-series","Base","cache-import","tight","5x120","5x120","agree","72.6","74.1","disagree","M12x1.5","M12x1.5","agree","BMW 5 SERIES 1997-08"
"66f577a0-e4c7-4b25-86f6-a49db20a1d90","2008","bmw","5-series","M5","generation_inherit","tight","5x120","5x120","agree","72.6","74.1","disagree","M14x1.25","M12x1.5","disagree","BMW 5 SERIES 1997-08"
"72d506c4-d637-47bf-a937-8715f20dff9a","2008","bmw","5-series","M5","generation_inherit","tight","5x120","5x120","agree","72.6","74.1","disagree","M14x1.25","M12x1.5","disagree","BMW 5 SERIES 1997-08"
"f6512f17-84f0-4b0c-9a0d-0609a0a8b747","2008","bmw","5-series","M5","generation_inherit","tight","5x120","5x120","agree","72.6","74.1","disagree","M14x1.25","M12x1.5","disagree","BMW 5 SERIES 1997-08"
"09309929-f589-4524-9804-d1de7807703b","2008","bmw","5-series","M5","generation_inherit","tight","5x120","5x120","agree","72.6","74.1","disagree","M14x1.25","M12x1.5","disagree","BMW 5 SERIES 1997-08"
"291a0b4b-49d8-449f-817b-8564b1b00cae","2009","bmw","6-series","Base","catalog-gap-fill [web_research]","tight","5x120","5x120","agree","72.6","74.1","disagree","M12x1.5","M12x1.5","agree","BMW 6 SERIES 2004 >"
"a6ba6ad3-4027-4e18-855b-09cf0bfbf931","2009","bmw","6-series","Base","trim-research","tight","5x120","5x120","agree","72.5","74.1","disagree","","M12x1.5","ours-missing","BMW 6 SERIES 2004 >"
"5a103240-2476-4263-ba50-e291d1454c91","2010","bmw","6-series","Base","trim-research","tight","5x120","5x120","agree","72.5","74.1","disagree","","M12x1.5","ours-missing","BMW 6 SERIES 2004 >"
"c0861c9e-834b-4937-8ade-f51e08558a27","2010","bmw","6-series","Base","catalog-gap-fill [web_research]","tight","5x120","5x120","agree","72.6","74.1","disagree","M12x1.5","M12x1.5","agree","BMW 6 SERIES 2004 >"
"1889b2ea-ee54-431f-b929-0eb216f9706c","2012","bmw","6-series","Base","trim-research","tight","5x120","5x120","agree","72.5","74.1","disagree","","M12x1.5","ours-missing","BMW 6 SERIES 2004 >"
"78877ad6-6249-4f3c-b3a8-ee65367f6a5d","2012","bmw","6-series","Base","catalog-gap-fill [web_research]","tight","5x120","5x120","agree","72.6","74.1","disagree","M12x1.5","M12x1.5","agree","BMW 6 SERIES 2004 >"
"3cfe9b54-39c0-4624-ba19-bc0ef25549a2","2000","bmw","7-series","Base","trim-research","tight","5x112","5x120","disagree","66.6","72.5","disagree","","M12x1.5","ours-missing","BMW 740, 750 1989-01 ; BMW 740, 750 1995-02"
"befaf9c0-cdc8-4dfc-ad7e-5a650d88fedb","2001","bmw","7-series","Base","trim-research","tight","5x112","5x120","disagree","66.6","72.5","disagree","","M12x1.5","ours-missing","BMW 740, 750 1989-01 ; BMW 740, 750 1995-02"
"07ead44e-a4bf-43ec-bef3-20e4f3988c80","2001","bmw","m5","Base","cache-import","tight","5x120","5x120","agree","72.6","74.1","disagree","M12x1.5","M12x1.5","agree","BMW M5 2001 > ; BMW M5 (E60) 2001-07"
"d0556eb4-68cb-4beb-a4aa-3c8f47912a61","2002","bmw","m5","Base","cache-import","tight","5x120","5x120","agree","72.6","74.1","disagree","M12x1.5","M12x1.5","agree","BMW M5 2001 > ; BMW M5 (E60) 2001-07"
"2259c48a-0ca9-43ff-8881-174955b9d91c","2003","bmw","m5","Base","cache-import","tight","5x120","5x120","agree","72.6","74.1","disagree","M12x1.5","M12x1.5","agree","BMW M5 2001 > ; BMW M5 (E60) 2001-07"
"7be7da19-bcf8-464d-8698-6ca6ad379c02","2006","bmw","m5","Base","cache-import","tight","5x120","5x120","agree","72.6","74.1","disagree","M12x1.5","M12x1.5","agree","BMW M5 2001 > ; BMW M5 (E60) 2001-07"
"f550c1dd-ce40-4be3-ac41-f7e2bb1a0fbe","2006","bmw","m5","M5","generation_inherit","tight","5x120","5x120","agree","72.6","74.1","disagree","M14x1.25","M12x1.5","disagree","BMW M5 2001 > ; BMW M5 (E60) 2001-07"
"4dc211bb-e4a1-4354-baf7-ebcc176877e7","2007","bmw","m5","Base","cache-import","tight","5x120","5x120","agree","72.6","74.1","disagree","M12x1.5","M12x1.5","agree","BMW M5 2001 > ; BMW M5 (E60) 2001-07"
"e44f682d-9753-4254-aca5-3b2afac82f1a","2008","bmw","m5","Base","cache-import","tight","5x120","5x120","agree","72.6","74.1","disagree","M12x1.5","M12x1.5","agree","BMW M5 2001 >"
"3bf7b561-0041-431d-bf10-d283bdf8a16c","2009","bmw","m5","M5","generation_inherit","tight","5x120","5x120","agree","72.6","74.1","disagree","M14x1.25","M12x1.5","disagree","BMW M5 2001 >"
"62201dd4-62dc-4938-be06-4b7cce1c593b","1990","buick","century","Base","90s-research-batch","tight","5x100","5x115","disagree","57.1","70.3","disagree","M12x1.5","M12x1.5","agree","BUICK CENTURY 1990-05"
"317f8603-d0dd-4edf-abf7-d37837e4fbf0","1991","buick","century","Base","90s-research-batch","tight","5x100","5x115","disagree","57.1","70.3","disagree","M12x1.5","M12x1.5","agree","BUICK CENTURY 1990-05"
"8b5426c1-5ba5-4c11-9c2c-9c869311eab7","1992","buick","century","Base","90s-research-batch","tight","5x100","5x115","disagree","57.1","70.3","disagree","M12x1.5","M12x1.5","agree","BUICK CENTURY 1990-05"
"b9d92c62-6c07-4405-9df4-bbafe147ebfa","1993","buick","century","Base","90s-research-batch","tight","5x100","5x115","disagree","57.1","70.3","disagree","M12x1.5","M12x1.5","agree","BUICK CENTURY 1990-05"
"df7d970d-1114-4389-8e87-5648605dc42a","1994","buick","century","Base","90s-research-batch","tight","5x100","5x115","disagree","57.1","70.3","disagree","M12x1.5","M12x1.5","agree","BUICK CENTURY 1990-05"
"77339a3d-f1af-4db8-9c1e-d4055613688e","1996","buick","century","Base","90s-research-batch","tight","5x100","5x115","disagree","57.1","70.3","disagree","M12x1.5","M12x1.5","agree","BUICK CENTURY 1990-05"
"0cd6249a-ff24-4402-9fec-169e34b313c9","2008","buick","enclave","CXL","google-ai-overview","tight","6x120","6x132","disagree","67.1","74.5","disagree","M14x1.5","M14x1.5","agree","BUICK ENCLAVE CX, CXL 2008"
"f003e448-ee11-4c58-a535-af75898d439b","2005","buick","rainier","Base","verified-research","tight","6x127","6x127","agree","78.1","78.3","disagree","M12x1.5","M12x1.5","agree","BUICK RAINIER 2004 > ; BUICK RAINIER CX, CXL, 2WD, AWD 2004-07"
"039fed96-502b-4abe-b91d-0acaea15f650","2006","buick","rainier","Base","verified-research","tight","6x127","6x127","agree","78.1","78.3","disagree","M12x1.5","M12x1.5","agree","BUICK RAINIER 2004 > ; BUICK RAINIER CX, CXL, 2WD, AWD 2004-07"
"5f639ca2-2d37-4607-80fb-52892273074c","2007","buick","terraza","Base","verified-research","tight","6x115","5x115","disagree","70.3","70.3","agree","M12x1.5","M12x1.5","agree","BUICK TERRAZA CX, CXL, AWD 2005-07"
"c11e414a-d6b5-432e-8b1a-cc9ec47e7ae2","1991","cadillac","brougham","Base","90s-research-batch","tight","5x127","5x115","disagree","78.3","70.3","disagree","M12x1.5","M12x1.5","agree","CADILLAC BROUGHAM FWD 1985 >"
"8875cf4f-ac82-4235-ba7f-1e251ca0aaa7","1992","cadillac","brougham","Base","90s-research-batch","tight","5x127","5x115","disagree","78.3","70.3","disagree","M12x1.5","M12x1.5","agree","CADILLAC BROUGHAM FWD 1985 >"
"81f8bef5-41a7-4f82-a101-22e5afa4aece","2003","cadillac","cts","Base","generation_template [expanded]","tight","5x120","5x115","disagree","67.1","70.3","disagree","M14x1.5","M12x1.5","disagree","CADILLAC CTS 2003 > ; CADILLAC CTS 2003-07"
"ba2b920a-7e89-4ab5-aa3a-a87b7563fb1f","2003","cadillac","cts","Base","generation_template [expanded]","tight","5x120","5x115","disagree","67.1","70.3","disagree","M14x1.5","M12x1.5","disagree","CADILLAC CTS 2003 > ; CADILLAC CTS 2003-07"
"627593b4-3b8f-40c3-b047-d100ef776d81","2003","cadillac","cts","Base","generation_template [expanded]","tight","5x120","5x115","disagree","67.1","70.3","disagree","M14x1.5","M12x1.5","disagree","CADILLAC CTS 2003 > ; CADILLAC CTS 2003-07"
"67dca83f-af69-4726-99dc-b603e98ed982","2003","cadillac","cts","Base","generation_template [expanded]","tight","5x120","5x115","disagree","67.1","70.3","disagree","M14x1.5","M12x1.5","disagree","CADILLAC CTS 2003 > ; CADILLAC CTS 2003-07"
"4890b896-9994-4e6a-8893-c8ef56ca5d17","2003","cadillac","cts","Luxury","generation_template [expanded]","tight","5x120","5x115","disagree","67.1","70.3","disagree","M14x1.5","M12x1.5","disagree","CADILLAC CTS 2003 > ; CADILLAC CTS 2003-07"
"17160c65-ad47-452e-b75a-7e9f688e6c94","2004","cadillac","cts","Base","generation_template [expanded]","tight","5x120","5x115|6x115","disagree","67.1","70.3|78.3","disagree","M14x1.5","M12x1.5","disagree","CADILLAC CTS 2003 > ; CADILLAC CTS 2003-07 ; CADILLAC CTS TYPE-V 2004 > ; CADILLAC CTS TYPE-V 2004-07"
"41e69346-fdda-4f33-9a93-1c009422d79b","2004","cadillac","cts","Base","generation_template [expanded]","tight","5x120","5x115|6x115","disagree","67.1","70.3|78.3","disagree","M14x1.5","M12x1.5","disagree","CADILLAC CTS 2003 > ; CADILLAC CTS 2003-07 ; CADILLAC CTS TYPE-V 2004 > ; CADILLAC CTS TYPE-V 2004-07"
"d6ffddc8-8c94-444b-bcb1-b4c6297ecd6a","2004","cadillac","cts","Base, Luxury, Premium Luxury, V-Sport, V","generation_template","tight","5x115","5x115|6x115","agree","67.1","70.3|78.3","disagree","M14x1.5","M12x1.5","disagree","CADILLAC CTS 2003 > ; CADILLAC CTS 2003-07 ; CADILLAC CTS TYPE-V 2004 > ; CADILLAC CTS TYPE-V 2004-07"
"6c8e90fb-dd61-49c7-a86c-77255f2d4ba9","2005","cadillac","cts","Base","generation_template [expanded]","tight","5x120","5x115|6x115","disagree","67.1","70.3|78.3","disagree","M14x1.5","M12x1.5","disagree","CADILLAC CTS 2003 > ; CADILLAC CTS 2003-07 ; CADILLAC CTS TYPE-V 2004 > ; CADILLAC CTS TYPE-V 2004-07"
"c130c25f-d218-451d-ac4a-024a0f655d87","2005","cadillac","cts","Base","generation_template [expanded]","tight","5x120","5x115|6x115","disagree","67.1","70.3|78.3","disagree","M14x1.5","M12x1.5","disagree","CADILLAC CTS 2003 > ; CADILLAC CTS 2003-07 ; CADILLAC CTS TYPE-V 2004 > ; CADILLAC CTS TYPE-V 2004-07"
"2bfb49f4-eb0b-4760-b6ce-33307d53ade8","2005","cadillac","cts","Base, Luxury, Premium Luxury, V-Sport, V","generation_template","tight","5x115","5x115|6x115","agree","67.1","70.3|78.3","disagree","M14x1.5","M12x1.5","disagree","CADILLAC CTS 2003 > ; CADILLAC CTS 2003-07 ; CADILLAC CTS TYPE-V 2004 > ; CADILLAC CTS TYPE-V 2004-07"
"9f2bb45e-0785-4be7-9fe6-1c5437f24f90","2006","cadillac","cts","Base","generation_template [expanded]","tight","5x120","5x115|6x115","disagree","67.1","70.3|78.3","disagree","M14x1.5","M12x1.5","disagree","CADILLAC CTS 2003 > ; CADILLAC CTS 2003-07 ; CADILLAC CTS TYPE-V 2004 > ; CADILLAC CTS TYPE-V 2004-07"
"da49ffec-ed71-46c4-a715-0e654587472d","2006","cadillac","cts","Base, Luxury, Premium Luxury, V-Sport, V","generation_template","tight","5x115","5x115|6x115","agree","67.1","70.3|78.3","disagree","M14x1.5","M12x1.5","disagree","CADILLAC CTS 2003 > ; CADILLAC CTS 2003-07 ; CADILLAC CTS TYPE-V 2004 > ; CADILLAC CTS TYPE-V 2004-07"
"afa55630-7a53-4f4f-99bd-b24ff873ddc6","2006","cadillac","cts","Luxury","generation_template [expanded]","tight","5x120","5x115|6x115","disagree","67.1","70.3|78.3","disagree","M14x1.5","M12x1.5","disagree","CADILLAC CTS 2003 > ; CADILLAC CTS 2003-07 ; CADILLAC CTS TYPE-V 2004 > ; CADILLAC CTS TYPE-V 2004-07"
"9295eff7-7d36-454d-80cf-76730ef2d9ea","2007","cadillac","cts","Base","generation_template [expanded]","tight","5x120","5x115|6x115","disagree","67.1","70.3|78.3","disagree","M14x1.5","M12x1.5","disagree","CADILLAC CTS 2003 > ; CADILLAC CTS 2003-07 ; CADILLAC CTS TYPE-V 2004 > ; CADILLAC CTS TYPE-V 2004-07"
"26a5d797-7976-4120-a488-4d3405a91c11","2007","cadillac","cts","Base","generation_template [expanded]","tight","5x120","5x115|6x115","disagree","67.1","70.3|78.3","disagree","M14x1.5","M12x1.5","disagree","CADILLAC CTS 2003 > ; CADILLAC CTS 2003-07 ; CADILLAC CTS TYPE-V 2004 > ; CADILLAC CTS TYPE-V 2004-07"
"bb22c125-c5f5-4296-9c03-84b032c80c41","2007","cadillac","cts","Base","generation_template [expanded]","tight","5x120","5x115|6x115","disagree","67.1","70.3|78.3","disagree","M14x1.5","M12x1.5","disagree","CADILLAC CTS 2003 > ; CADILLAC CTS 2003-07 ; CADILLAC CTS TYPE-V 2004 > ; CADILLAC CTS TYPE-V 2004-07"
"f8d0f858-c8b8-4564-ae5d-ba588957401b","2007","cadillac","cts","Base","generation_template [expanded]","tight","5x120","5x115|6x115","disagree","67.1","70.3|78.3","disagree","M14x1.5","M12x1.5","disagree","CADILLAC CTS 2003 > ; CADILLAC CTS 2003-07 ; CADILLAC CTS TYPE-V 2004 > ; CADILLAC CTS TYPE-V 2004-07"
"0667cb33-9458-472f-9bc9-46b5da129006","2007","cadillac","cts","Base, Luxury, Premium Luxury, V-Sport, V","generation_template","tight","5x115","5x115|6x115","agree","67.1","70.3|78.3","disagree","M14x1.5","M12x1.5","disagree","CADILLAC CTS 2003 > ; CADILLAC CTS 2003-07 ; CADILLAC CTS TYPE-V 2004 > ; CADILLAC CTS TYPE-V 2004-07"
"c87ed1a0-f346-4d13-8e90-d28d1db4f09c","2007","cadillac","cts","Luxury","generation_template [expanded]","tight","5x120","5x115|6x115","disagree","67.1","70.3|78.3","disagree","M14x1.5","M12x1.5","disagree","CADILLAC CTS 2003 > ; CADILLAC CTS 2003-07 ; CADILLAC CTS TYPE-V 2004 > ; CADILLAC CTS TYPE-V 2004-07"
"ab67dec8-0a00-456e-a685-a1f595a4597a","2009","cadillac","cts","Base","generation_template [expanded]","tight","5x120","5x115|6x115","disagree","67.1","70.3|78.3","disagree","M14x1.5","M12x1.5","disagree","CADILLAC CTS 2003 > ; CADILLAC CTS TYPE-V 2004 >"
"3b5a22d5-7ade-4daf-b6fd-848660cc862b","2009","cadillac","cts","Base","generation_template [expanded]","tight","5x120","5x115|6x115","disagree","67.1","70.3|78.3","disagree","M14x1.5","M12x1.5","disagree","CADILLAC CTS 2003 > ; CADILLAC CTS TYPE-V 2004 >"
"1ea1d396-3f9f-4972-b27c-6a6a6ab78d82","2009","cadillac","cts","Base","generation_template [expanded]","tight","5x120","5x115|6x115","disagree","67.1","70.3|78.3","disagree","M14x1.5","M12x1.5","disagree","CADILLAC CTS 2003 > ; CADILLAC CTS TYPE-V 2004 >"
"f27b5541-d030-4e22-b700-957ee8ed00c5","2009","cadillac","cts","Base","generation_template [expanded]","tight","5x120","5x115|6x115","disagree","67.1","70.3|78.3","disagree","M14x1.5","M12x1.5","disagree","CADILLAC CTS 2003 > ; CADILLAC CTS TYPE-V 2004 >"
"0bad55ee-a33d-4b73-adb1-fcfbc24dc59f","2009","cadillac","cts","Base, Luxury, Premium Luxury, V-Sport, V","generation_template","tight","5x120","5x115|6x115","disagree","67.1","70.3|78.3","disagree","M14x1.5","M12x1.5","disagree","CADILLAC CTS 2003 > ; CADILLAC CTS TYPE-V 2004 >"
"0218bbdb-ed27-44e3-975a-5093e0f6a6a2","2010","cadillac","cts","Base","generation_template [web_research] [expanded]","tight","5x120","5x115|6x115","disagree","66.9","70.3|78.3","disagree","M14x1.5","M12x1.5","disagree","CADILLAC CTS 2003 > ; CADILLAC CTS TYPE-V 2004 >"
"a93848bc-c846-4ad9-9d56-5c4d084dbfcb","2010","cadillac","cts","Base","generation_template [web_research] [expanded]","tight","5x120","5x115|6x115","disagree","67.1","70.3|78.3","disagree","M14x1.5","M12x1.5","disagree","CADILLAC CTS 2003 > ; CADILLAC CTS TYPE-V 2004 >"
"8435cd58-4bf8-4f74-8fdc-40b7e1b2f810","2010","cadillac","cts","Base","generation_template [web_research] [expanded]","tight","5x120","5x115|6x115","disagree","67.1","70.3|78.3","disagree","M14x1.5","M12x1.5","disagree","CADILLAC CTS 2003 > ; CADILLAC CTS TYPE-V 2004 >"
"e438aee5-729e-44d5-bb34-8da251fe582b","2010","cadillac","cts","Base, Luxury, Premium Luxury, V-Sport, V","generation_template [web_research]","tight","5x120","5x115|6x115","disagree","66.9","70.3|78.3","disagree","M14x1.5","M12x1.5","disagree","CADILLAC CTS 2003 > ; CADILLAC CTS TYPE-V 2004 >"
"0c3ab928-be2e-4f7f-926b-e842eb910c10","2011","cadillac","cts","Base","generation_template [web_research] [expanded]","tight","5x120","5x115|6x115","disagree","66.9","70.3|78.3","disagree","M14x1.5","M12x1.5","disagree","CADILLAC CTS 2003 > ; CADILLAC CTS TYPE-V 2004 >"
"1c41c32b-50e6-498f-b7bb-cf33dcb2aeda","2011","cadillac","cts","Base","generation_template [web_research] [expanded]","tight","5x120","5x115|6x115","disagree","67.1","70.3|78.3","disagree","M14x1.5","M12x1.5","disagree","CADILLAC CTS 2003 > ; CADILLAC CTS TYPE-V 2004 >"
"7da71251-b01a-430c-bc14-a8274f76e2b0","2011","cadillac","cts","Base","generation_template [web_research] [expanded]","tight","5x120","5x115|6x115","disagree","67.1","70.3|78.3","disagree","M14x1.5","M12x1.5","disagree","CADILLAC CTS 2003 > ; CADILLAC CTS TYPE-V 2004 >"
"cd6a2f0c-ce2e-4277-969d-f69796cd6537","2011","cadillac","cts","Luxury","generation_template [web_research] [expanded]","tight","5x120","5x115|6x115","disagree","66.9","70.3|78.3","disagree","M14x1.5","M12x1.5","disagree","CADILLAC CTS 2003 > ; CADILLAC CTS TYPE-V 2004 >"
"da0d1714-84f4-4fd0-b96f-43c4738639b2","2012","cadillac","cts","Base","generation_template [web_research] [expanded]","tight","5x120","6x115","disagree","67.1","78.3","disagree","M14x1.5","M12x1.5","disagree","CADILLAC CTS TYPE-V 2004 >"
"ede822c7-7f41-4303-85fa-afa20bc9b484","2012","cadillac","cts","Base","generation_template [web_research] [expanded]","tight","5x120","6x115","disagree","66.9","78.3","disagree","M14x1.5","M12x1.5","disagree","CADILLAC CTS TYPE-V 2004 >"
"5fc1270a-f80f-42d6-a5a0-bf9a477c9a47","2012","cadillac","cts","Base, Luxury, Premium Luxury, V-Sport, V","generation_template [web_research]","tight","5x120","6x115","disagree","66.9","78.3","disagree","M14x1.5","M12x1.5","disagree","CADILLAC CTS TYPE-V 2004 >"
"cf9583ef-cbd7-47c8-b911-e2c719b2f9b2","1999","cadillac","escalade","Base","generation_template [expanded]","tight","6x139.7","6x139.7","agree","78.1","78.3","disagree","M14x1.5","M14x1.5","agree","CADILLAC ESCALADE, EXT & ESV 1998 >"
"c693a7d9-2bb9-43af-a7f9-6cab32eed863","1999","cadillac","escalade","Base","generation_template [expanded]","tight","6x139.7","6x139.7","agree","78.1","78.3","disagree","M14x1.5","M14x1.5","agree","CADILLAC ESCALADE, EXT & ESV 1998 >"
"576595b3-af8f-46ea-93f6-3774d3656ef3","1999","cadillac","escalade","Luxury","generation_template [expanded]","tight","6x139.7","6x139.7","agree","78.1","78.3","disagree","M14x1.5","M14x1.5","agree","CADILLAC ESCALADE, EXT & ESV 1998 >"
"1396d2bb-0104-42ca-98fa-0d382b4f3701","1999","cadillac","escalade","Luxury, Premium Luxury, Sport, Platinum, V","generation_template","tight","6x139.7","6x139.7","agree","78.1","78.3","disagree","M14x1.5","M14x1.5","agree","CADILLAC ESCALADE, EXT & ESV 1998 >"
"a9390e6f-507a-4b82-b268-e835e716492d","2000","cadillac","escalade","Base","final-gap-fill [expanded]","tight","6x139.7","6x139.7","agree","78.1","78.3","disagree","M14x1.5","M14x1.5","agree","CADILLAC ESCALADE, EXT & ESV 1998 >"
"5613bedb-e53b-4e62-a272-5d17aa9b1e8e","2000","cadillac","escalade","Base","final-gap-fill [expanded]","tight","6x139.7","6x139.7","agree","78.1","78.3","disagree","M14x1.5","M14x1.5","agree","CADILLAC ESCALADE, EXT & ESV 1998 >"
"7404427d-990b-495d-a89b-874e5daf5c66","2000","cadillac","escalade","Base","final-gap-fill [expanded]","tight","6x139.7","6x139.7","agree","78.1","78.3","disagree","M14x1.5","M14x1.5","agree","CADILLAC ESCALADE, EXT & ESV 1998 >"
"618dcb86-66dc-4ee8-9a02-9b86b608f660","2000","cadillac","escalade","Luxury","final-gap-fill [expanded]","tight","6x139.7","6x139.7","agree","78.1","78.3","disagree","M14x1.5","M14x1.5","agree","CADILLAC ESCALADE, EXT & ESV 1998 >"
"ec17d473-a1dc-4016-bdc0-fbd4a5c4160d","2000","cadillac","escalade","Luxury, Premium Luxury, Sport, Platinum, V","final-gap-fill","tight","6x139.7","6x139.7","agree","78.1","78.3","disagree","M14x1.5","M14x1.5","agree","CADILLAC ESCALADE, EXT & ESV 1998 >"
"fccc9047-de38-4e19-aa18-b342ae6a1c58","2002","cadillac","escalade","Base","wheelsize [expanded]","tight","6x139.7","6x139.7","agree","78.1","78.3","disagree","M14x1.5","M14x1.5","agree","CADILLAC ESCALADE, EXT & ESV 1998 >"
"74dd05f0-66df-439f-a056-a2e7a1c94f5d","2002","cadillac","escalade","Base","wheelsize","tight","6x139.7","6x139.7","agree","78.1","78.3","disagree","M14x1.5","M14x1.5","agree","CADILLAC ESCALADE, EXT & ESV 1998 >"
"867e3a3e-ec70-420d-be90-6ddcbcc369ff","2002","cadillac","escalade","Base","wheelsize [expanded]","tight","6x139.7","6x139.7","agree","78.1","78.3","disagree","M14x1.5","M14x1.5","agree","CADILLAC ESCALADE, EXT & ESV 1998 >"
"8ad5eb68-f497-4fcc-a22b-55df75b39aa5","2002","cadillac","escalade","Base","wheelsize [expanded]","tight","6x139.7","6x139.7","agree","78.1","78.3","disagree","M14x1.5","M14x1.5","agree","CADILLAC ESCALADE, EXT & ESV 1998 >"
"98b1afc2-a69e-48db-8639-b6c47c211114","2002","cadillac","escalade","Base","wheelsize [expanded]","tight","6x139.7","6x139.7","agree","78.1","78.3","disagree","M14x1.5","M14x1.5","agree","CADILLAC ESCALADE, EXT & ESV 1998 >"
"eb37333b-ac6b-4849-9fae-1d388786a3aa","2002","cadillac","escalade","Luxury","wheelsize [expanded]","tight","6x139.7","6x139.7","agree","78.1","78.3","disagree","M14x1.5","M14x1.5","agree","CADILLAC ESCALADE, EXT & ESV 1998 >"
"583718ba-cc32-499a-a25d-b9efa8672ba0","2003","cadillac","escalade","Base","generation_template [filled from 2002  [expanded]","tight","6x139.7","6x139.7","agree","78.1","78.3","disagree","M14x1.5","M14x1.5","agree","CADILLAC ESCALADE, EXT & ESV 1998 >"
"c2a9689a-7dee-4224-bba9-f9803f1989ee","2003","cadillac","escalade","Base","generation_template [filled from 2002  [expanded]","tight","6x139.7","6x139.7","agree","78.1","78.3","disagree","M14x1.5","M14x1.5","agree","CADILLAC ESCALADE, EXT & ESV 1998 >"
"642ab89e-7585-48b0-80c8-9e3a2cc356a0","2004","cadillac","escalade","Base","generation_template [filled from 2003  [expanded]","tight","6x139.7","6x139.7","agree","78.1","78.3","disagree","M14x1.5","M14x1.5","agree","CADILLAC ESCALADE, EXT & ESV 1998 >"
"2126ed8b-30c2-47ca-acdc-20f926708fbd","2004","cadillac","escalade","Base","generation_template [filled from 2003  [expanded]","tight","6x139.7","6x139.7","agree","78.1","78.3","disagree","M14x1.5","M14x1.5","agree","CADILLAC ESCALADE, EXT & ESV 1998 >"
"ae75d0a6-f020-4066-810a-ff98b28dd795","2004","cadillac","escalade","Luxury, Premium Luxury, Sport, Platinum, V","generation_template [filled from 2003 escalade]","tight","6x139.7","6x139.7","agree","78.1","78.3","disagree","M14x1.5","M14x1.5","agree","CADILLAC ESCALADE, EXT & ESV 1998 >"
"b607fcbb-7d57-4e4b-a708-fac5a6cc4924","2005","cadillac","escalade","Base","generation_template [filled from 2006  [expanded]","tight","6x139.7","6x139.7","agree","78.1","78.3","disagree","M14x1.5","M14x1.5","agree","CADILLAC ESCALADE, EXT & ESV 1998 >"
"2bf11e79-8ccd-4667-8563-d9f563a4f3dc","2005","cadillac","escalade","Base","generation_template [filled from 2006  [expanded]","tight","6x139.7","6x139.7","agree","78.1","78.3","disagree","M14x1.5","M14x1.5","agree","CADILLAC ESCALADE, EXT & ESV 1998 >"
"550f7e80-129b-4a0b-af21-f80a04cab2f3","2005","cadillac","escalade","Luxury, Premium Luxury, Sport, Platinum, V","generation_template [filled from 2006 escalade]","tight","6x139.7","6x139.7","agree","78.1","78.3","disagree","M14x1.5","M14x1.5","agree","CADILLAC ESCALADE, EXT & ESV 1998 >"
"31fe610e-86fc-47ad-9fce-1afa8cefcbdd","2006","cadillac","escalade","Base","wheelsize","tight","6x139.7","6x139.7","agree","78.1","78.3","disagree","M14x1.5","M14x1.5","agree","CADILLAC ESCALADE, EXT & ESV 1998 >"
"48425e5d-acc1-4f72-abf3-66193fc2399e","2006","cadillac","escalade","Base","wheelsize [expanded]","tight","6x139.7","6x139.7","agree","78.1","78.3","disagree","M14x1.5","M14x1.5","agree","CADILLAC ESCALADE, EXT & ESV 1998 >"
"8bc34909-5178-4677-ac8c-58068f739310","2006","cadillac","escalade","Base","wheelsize [expanded]","tight","6x139.7","6x139.7","agree","78.1","78.3","disagree","M14x1.5","M14x1.5","agree","CADILLAC ESCALADE, EXT & ESV 1998 >"
"e60141ae-463f-4b05-9476-f2c2b9beb962","2006","cadillac","escalade","Base","wheelsize [expanded]","tight","6x139.7","6x139.7","agree","78.1","78.3","disagree","M14x1.5","M14x1.5","agree","CADILLAC ESCALADE, EXT & ESV 1998 >"
"92ea27aa-342c-44d3-93e7-1b7efe9e13ca","2006","cadillac","escalade","Luxury","wheelsize [expanded]","tight","6x139.7","6x139.7","agree","78.1","78.3","disagree","M14x1.5","M14x1.5","agree","CADILLAC ESCALADE, EXT & ESV 1998 >"
"705f6cc5-45cc-468e-945c-304252513132","1990","dodge","grand-caravan","Base","generation_template","tight","5x100","5x114.3","disagree","57.1","71.5","disagree","M12x1.5","M12x1.5","agree","DODGE GRAND CARAVAN, CARAVAN LE 1987 >"
"e8be8a91-d239-4433-9f70-60ce9671a19d","1991","dodge","grand-caravan","Base","generation_template","tight","5x100","5x114.3","disagree","57.1","71.5","disagree","M12x1.5","M12x1.5","agree","DODGE GRAND CARAVAN, CARAVAN LE 1987 >"
"66c19ce6-8467-4a7f-bcad-f611e9b4f179","1992","dodge","grand-caravan","Base","generation_template","tight","5x100","5x114.3","disagree","57.1","71.5","disagree","M12x1.5","M12x1.5","agree","DODGE GRAND CARAVAN, CARAVAN LE 1987 >"
"76230f2b-f4bf-4b91-8932-4c901ea6231f","1993","dodge","grand-caravan","Base","generation_template","tight","5x100","5x114.3","disagree","57.1","71.5","disagree","M12x1.5","M12x1.5","agree","DODGE GRAND CARAVAN, CARAVAN LE 1987 >"
"94f04e27-74dd-418a-8694-f5d99d6ecd85","1994","dodge","grand-caravan","Base","generation_template","tight","5x100","5x114.3","disagree","57.1","71.5","disagree","M12x1.5","M12x1.5","agree","DODGE GRAND CARAVAN, CARAVAN LE 1987 >"
"9dd9cdd0-678f-4d70-b87a-ffbb3eb35c93","1995","dodge","grand-caravan","Base","generation_template","tight","5x100","5x114.3","disagree","57.1","71.5","disagree","M12x1.5","M12x1.5","agree","DODGE GRAND CARAVAN, CARAVAN LE 1987 >"
"d43f0122-8ba8-40a3-ad07-93254d6d75a9","2010","jaguar","xj","XJ, XJL, XJR, Supersport","google-ai-overview","tight","5x108","5x108","agree","63.4","74.1","disagree","M12x1.5","M12x1.5","agree","JAGUAR XJ 2004 >"
"5cc75411-899d-415a-b13f-3e740a8a2ff2","2010","jaguar","xj","XJ","google-ai-overview","tight","5x108","5x108","agree","63.4","74.1","disagree","M12x1.5","M12x1.5","agree","JAGUAR XJ 2004 >"
"a707d2e0-92a3-4659-95eb-8339167de256","2010","jaguar","xj","Supersport","google-ai-overview","tight","5x108","5x108","agree","63.4","74.1","disagree","M12x1.5","M12x1.5","agree","JAGUAR XJ 2004 >"
"328e1277-cd93-494c-9973-45338cdcf553","2010","jaguar","xj","Base","google-ai-overview","tight","5x108","5x108","agree","63.4","74.1","disagree","M14x1.5","M12x1.5","disagree","JAGUAR XJ 2004 >"
"1bcab539-5461-4058-a39f-d0e31afc9e26","2010","jaguar","xj","XJL","google-ai-overview","tight","5x108","5x108","agree","63.4","74.1","disagree","M12x1.5","M12x1.5","agree","JAGUAR XJ 2004 >"
"0b3e30c4-9b02-4806-8dc3-05019de503ed","2010","jaguar","xj","Supercharged","google-ai-overview","tight","5x108","5x108","agree","63.4","74.1","disagree","M14x1.5","M12x1.5","disagree","JAGUAR XJ 2004 >"
"9a84ef1c-6927-415f-97af-f86728ae97c2","2010","jaguar","xj","Portfolio","google-ai-overview","tight","5x108","5x108","agree","63.4","74.1","disagree","M14x1.5","M12x1.5","disagree","JAGUAR XJ 2004 >"
"1d9617cd-402c-42ec-a008-e1cf06dfa601","2010","jaguar","xj","XJR","google-ai-overview","tight","5x108","5x108","agree","63.4","74.1","disagree","M12x1.5","M12x1.5","agree","JAGUAR XJ 2004 >"
"e1516ef7-5147-4f3e-a03f-36336f55db29","2010","jaguar","xj","AWD","tiresize.com","tight","5x108","5x108","agree","63.4","74.1","disagree","M14x1.5","M12x1.5","disagree","JAGUAR XJ 2004 >"
"87898088-88ad-4287-bb4a-0e430a0a8f26","2004","lincoln","aviator","Black Label","generation-baseline [expanded]","tight","5x114.3","5x114.3","agree","70.6","70.3","disagree","M14x2.0","1/2","disagree","LINCOLN AVIATOR 2003 > ; LINCOLN AVIATOR 2003-05"
"8d333cea-5698-4d52-87b6-0624a715f11d","2004","lincoln","aviator","Reserve","generation-baseline [expanded]","tight","5x114.3","5x114.3","agree","70.6","70.3","disagree","M14x2.0","1/2","disagree","LINCOLN AVIATOR 2003 > ; LINCOLN AVIATOR 2003-05"
"377c1dc2-a85f-49cd-b454-0d213fdb18f1","2005","lincoln","aviator","Grand Touring","generation-baseline [expanded]","tight","5x114.3","5x114.3","agree","70.6","70.3","disagree","M14x2.0","1/2","disagree","LINCOLN AVIATOR 2003 > ; LINCOLN AVIATOR 2003-05"
"978d60cf-8b1f-4921-8649-3641432c5f0b","1990","dodge","ram-van-b150","Base","90s-research-batch","tight","5x139.7","5x139.7","agree","108","77.8","disagree","1/2-20","1/2","disagree","DODGE RAM VAN 1985-03 ; DODGE RAM VAN 1985-96"
"a5c851e5-9b6c-4a80-b7c6-2c5d3953e123","1995","dodge","ram-van-b1500","Base","90s-research-batch","tight","5x139.7","5x139.7","agree","108","77.8","disagree","M14x1.5","1/2","disagree","DODGE RAM VAN 1985-03 ; DODGE RAM VAN 1985-96"
"f7d43662-a7c6-4c90-95f4-c388d16e622d","1996","dodge","ram-van-b1500","Base","90s-research-batch","tight","5x139.7","5x139.7","agree","108","77.8","disagree","M14x1.5","1/2","disagree","DODGE RAM VAN 1985-03 ; DODGE RAM VAN 1985-96"
"fb649527-213d-4a30-a46f-5f63c7089c8a","1997","dodge","ram-van-b1500","Base","90s-research-batch","tight","5x139.7","5x139.7","agree","108","77.8","disagree","M14x1.5","1/2","disagree","DODGE RAM VAN 1985-03"
"c70b013a-5cd1-4417-aca5-436c8cf24087","1999","dodge","ram-van-b1500","Base","90s-research-batch","tight","5x139.7","5x139.7","agree","108","77.8","disagree","M14x1.5","1/2","disagree","DODGE RAM VAN 1985-03"
"baf34c83-e7ff-4fd1-a1db-e39ae9c16588","1990","dodge","ram-van-b250","Base","90s-research-batch","tight","5x139.7","5x139.7","agree","108","77.8","disagree","1/2-20","1/2","disagree","DODGE RAM VAN 1985-03 ; DODGE RAM VAN 1985-96"
"d1181c28-262d-41c8-9528-295a20edfb91","1991","dodge","ram-van-b250","Base","90s-research-batch","tight","5x139.7","5x139.7","agree","108","77.8","disagree","1/2-20","1/2","disagree","DODGE RAM VAN 1985-03 ; DODGE RAM VAN 1985-96"
"c93ed799-e1fa-4774-bfd4-5440b1d0cd0b","1992","dodge","ram-van-b250","Base","90s-research-batch","tight","5x139.7","5x139.7","agree","108","77.8","disagree","1/2-20","1/2","disagree","DODGE RAM VAN 1985-03 ; DODGE RAM VAN 1985-96"
"e0d32543-1632-4423-bd87-00048d177edc","1993","dodge","ram-van-b250","Base","90s-research-batch","tight","5x139.7","5x139.7","agree","108","77.8","disagree","1/2-20","1/2","disagree","DODGE RAM VAN 1985-03 ; DODGE RAM VAN 1985-96"
"35861eb3-e7de-43ea-9a9c-bdf6f878e3df","1995","dodge","ram-van-b2500","Base","90s-research-batch","tight","5x139.7","5x139.7","agree","108","77.8","disagree","M14x1.5","1/2","disagree","DODGE RAM VAN 1985-03 ; DODGE RAM VAN 1985-96"
"f371f1c7-1dd7-47ed-a3a7-72e3c2e9be28","1990","dodge","ram-van-b350","Base","90s-research-batch","tight","5x139.7","5x139.7","agree","108","77.8","disagree","1/2-20","1/2","disagree","DODGE RAM VAN 1985-03 ; DODGE RAM VAN 1985-96"
"8194becf-b4bd-43a3-be8f-b1f619917c08","1995","dodge","ram-van-b3500","Base","90s-research-batch","tight","8x165.1","5x139.7","disagree","121","77.8","disagree","M14x1.5","1/2","disagree","DODGE RAM VAN 1985-03 ; DODGE RAM VAN 1985-96"
"6be4bfee-3388-4f39-83a5-05c8a53f7a92","1999","dodge","ram-van-b3500","Base","90s-research-batch","tight","8x165.1","5x139.7","disagree","121","77.8","disagree","M14x1.5","1/2","disagree","DODGE RAM VAN 1985-03"
"11440626-dbca-4f52-acf1-26d0f868c1f0","1990","ford","aerostar","Base","90s-research-batch","tight","5x114.3","5x114.3","agree","70.6","70.3","disagree","M12x1.5","1/2","disagree","FORD AEROSTAR 1985-97"
"61328147-412b-4092-84fc-f118d725080d","1991","ford","aerostar","Base","90s-research-batch","tight","5x114.3","5x114.3","agree","70.6","70.3","disagree","M12x1.5","1/2","disagree","FORD AEROSTAR 1985-97"
"e56ddb8f-84c5-49e2-9266-192493bb080c","1992","ford","aerostar","Base","90s-research-batch","tight","5x114.3","5x114.3","agree","70.6","70.3","disagree","M12x1.5","1/2","disagree","FORD AEROSTAR 1985-97"
"091d3e15-4f60-4240-9c3c-0ece9fd7b51b","1993","ford","aerostar","Base","90s-research-batch","tight","5x114.3","5x114.3","agree","70.6","70.3","disagree","M12x1.5","1/2","disagree","FORD AEROSTAR 1985-97"
"7a0ebd31-4abc-4016-a1fd-faaeeff37d5b","1994","ford","aerostar","Base","90s-research-batch","tight","5x114.3","5x114.3","agree","70.6","70.3","disagree","M12x1.5","1/2","disagree","FORD AEROSTAR 1985-97"
"49e6123d-64df-436d-bf02-1cf5fcc55e73","1995","ford","aerostar","Base","90s-research-batch","tight","5x114.3","5x114.3","agree","70.6","70.3","disagree","M12x1.5","1/2","disagree","FORD AEROSTAR 1985-97"
"c3b6f712-7225-4226-aa64-e40d2efebb6d","1996","ford","aerostar","Base","90s-research-batch","tight","5x114.3","5x114.3","agree","70.6","70.3","disagree","M12x1.5","1/2","disagree","FORD AEROSTAR 1985-97"
"3c96a271-a9df-4e0c-9533-fc3120f0bdbe","1997","ford","aerostar","Base","90s-research-batch","tight","5x114.3","5x114.3","agree","70.6","70.3","disagree","M12x1.5","1/2","disagree","FORD AEROSTAR 1985-97"
"a49f7d2e-eaab-496e-908b-dbb07547eb34","1990","ford","bronco","Base","90s-research-batch","tight","5x139.7","5x114.3","disagree","87.1","70.3","disagree","1/2-20","1/2","disagree","FORD BRONCO II 1982-90 ; FORD BRONCO II 7 1982-90"
"7769deed-112a-4b7f-bd3f-6b91a2dd676e","2002","ford","crown-victoria","Base","google-ai-overview","tight","5x114.3","5x114.3","agree","73.1","70.3|70.5","disagree","M12x1.5","1/2","disagree","FORD CROWN VICTORIA 1991-02 ; FORD CROWN VICTORIA 1991-07"
"6196637f-8c07-49b9-a19c-13e4bfdfaaf0","2003","ford","crown-victoria","Base","google-ai-overview","tight","5x114.3","5x114.3","agree","73.1","70.5|70.3","disagree","M12x1.5","1/2","disagree","FORD CROWN VICTORIA 1991-07 ; FORD CROWN VICTORIA 2003 >"
"7ad9e283-978e-4ce0-aa90-44333c4c210d","2004","ford","crown-victoria","Base","google-ai-overview","tight","5x114.3","5x114.3","agree","73.1","70.5|70.3","disagree","M12x1.5","1/2","disagree","FORD CROWN VICTORIA 1991-07 ; FORD CROWN VICTORIA 2003 >"
"57f498d1-76c9-45c8-8b49-c229362e853c","2005","ford","crown-victoria","Base","google-ai-overview","tight","5x114.3","5x114.3","agree","73.1","70.5|70.3","disagree","M12x1.5","1/2","disagree","FORD CROWN VICTORIA 1991-07 ; FORD CROWN VICTORIA 2003 >"
"6f1276c5-f8ba-4667-9828-2bece7d1c969","2006","ford","crown-victoria","Base","google-ai-overview","tight","5x114.3","5x114.3","agree","73.1","70.5|70.3","disagree","M12x1.5","1/2","disagree","FORD CROWN VICTORIA 1991-07 ; FORD CROWN VICTORIA 2003 >"
"a6835b0d-75b1-44f9-beb9-5e175317bd61","2007","ford","crown-victoria","Base","google-ai-overview","tight","5x114.3","5x114.3","agree","73.1","70.5|70.3","disagree","M12x1.5","1/2","disagree","FORD CROWN VICTORIA 1991-07 ; FORD CROWN VICTORIA 2003 >"
"8cbe4ef5-6db5-4c23-bbd4-01f67b18f3bf","2010","ford","e-350-econoline","Base","google-ai-overview","tight","8x165.1","8x170","disagree","124.1","","rk-missing","M14x2.0","","rk-missing","Ford E350/450 (4 Vent Hole) 2008 >"
"e9c9afb0-ca21-413f-8cba-9c72fbefc9fb","2011","ford","e-350-econoline","Base","google-ai-overview","tight","8x165.1","8x170","disagree","124.1","","rk-missing","M14x2.0","","rk-missing","Ford E350/450 (4 Vent Hole) 2008 >"
"7f12ffe0-f761-4340-9ceb-a4f3e6919071","2012","ford","e-350-econoline","Base","google-ai-overview","tight","8x165.1","8x170","disagree","124.1","","rk-missing","M14x2.0","","rk-missing","Ford E350/450 (4 Vent Hole) 2008 >"
"439abe99-ba63-46c7-870b-099e6f678638","2013","ford","e-350-econoline","Base","google-ai-overview","tight","8x165.1","8x170","disagree","124.1","","rk-missing","M14x2.0","","rk-missing","Ford E350/450 (4 Vent Hole) 2008 >"
"00066da4-a41b-4e29-833a-f2a0420f43fe","2014","ford","e-350-econoline","Base","google-ai-overview","tight","8x165.1","8x170","disagree","124.1","","rk-missing","M14x2.0","","rk-missing","Ford E350/450 (4 Vent Hole) 2008 >"
"cff2812f-99ab-4da2-a4bd-c103dc26ed1b","2007","ford","edge","Limited","manual-research","tight","5x114.3","5x114.3","agree","63.4","70.5","disagree","M12x1.5","1/2","disagree","FORD EDGE SE, SEL, LIMITED 2007-08"
"dcc1e4bd-503e-40ce-807c-4013f7ce481b","2007","ford","edge","SE","manual-research","tight","5x114.3","5x114.3","agree","63.4","70.5","disagree","M12x1.5","1/2","disagree","FORD EDGE SE, SEL, LIMITED 2007-08"
"757e5bc8-ba86-43f4-82b7-24148dec4476","2007","ford","edge","SEL","manual-research","tight","5x114.3","5x114.3","agree","63.4","70.5","disagree","M12x1.5","1/2","disagree","FORD EDGE SE, SEL, LIMITED 2007-08"
"f9a80734-c087-4c67-8038-9f64bd4cad89","2008","ford","edge","Limited","manual-research","tight","5x114.3","5x114.3","agree","63.4","70.5","disagree","M12x1.5","1/2","disagree","FORD EDGE SE, SEL, LIMITED 2007-08"
"e506ae6c-6ee3-42af-821e-3d93bed28eff","2008","ford","edge","SE","manual-research","tight","5x114.3","5x114.3","agree","63.4","70.5","disagree","M12x1.5","1/2","disagree","FORD EDGE SE, SEL, LIMITED 2007-08"
"b8444442-5540-49df-b76e-c04b4f85601f","2008","ford","edge","SEL","manual-research","tight","5x114.3","5x114.3","agree","63.4","70.5","disagree","M12x1.5","1/2","disagree","FORD EDGE SE, SEL, LIMITED 2007-08"
"41780d7e-0def-49c2-a78a-d1acbd205467","2001","ford","escape","Plug-In Hybrid","trim-research","tight","5x114.3","5x114.3","agree","63.4","67.1","disagree","M12x1.5","M12x1.5","agree","FORD ESCAPE 2001 > ; FORD ESCAPE XLS, XLT, LIMITED, HYBRID 2001-08"
"9ecd6d0e-adb8-455c-aa50-b1c7299c58a8","2001","ford","escape","S","trim-research","tight","5x114.3","5x114.3","agree","63.4","67.1","disagree","M12x1.5","M12x1.5","agree","FORD ESCAPE 2001 > ; FORD ESCAPE XLS, XLT, LIMITED, HYBRID 2001-08"
"a905d60c-51cb-4b65-b1a0-d5124b7475c0","2001","ford","escape","ST-Line","trim-research","tight","5x114.3","5x114.3","agree","63.4","67.1","disagree","M12x1.5","M12x1.5","agree","FORD ESCAPE 2001 > ; FORD ESCAPE XLS, XLT, LIMITED, HYBRID 2001-08"
"0237a087-069c-4f22-aca3-2c084230f32b","2001","ford","escape","XLS/XLT","trim-research","tight","5x114.3","5x114.3","agree","63.4","67.1","disagree","M12x1.5","M12x1.5","agree","FORD ESCAPE 2001 > ; FORD ESCAPE XLS, XLT, LIMITED, HYBRID 2001-08"
"dd4962ad-f7fb-4078-b3aa-a51443e7fcb1","2001","ford","escape","XLT V6","trim-research","tight","5x114.3","5x114.3","agree","63.4","67.1","disagree","M12x1.5","M12x1.5","agree","FORD ESCAPE 2001 > ; FORD ESCAPE XLS, XLT, LIMITED, HYBRID 2001-08"
"e5dde43b-8af5-44b8-bc12-bcd235a5b5ed","2002","ford","escape","Plug-In Hybrid","trim-research","tight","5x114.3","5x114.3","agree","63.4","67.1","disagree","M12x1.5","M12x1.5","agree","FORD ESCAPE 2001 > ; FORD ESCAPE XLS, XLT, LIMITED, HYBRID 2001-08"
"107d7eef-cbcd-4b4c-b741-e2ea22269b85","2002","ford","escape","S","trim-research","tight","5x114.3","5x114.3","agree","63.4","67.1","disagree","M12x1.5","M12x1.5","agree","FORD ESCAPE 2001 > ; FORD ESCAPE XLS, XLT, LIMITED, HYBRID 2001-08"
"1b5f5cd1-88fa-434b-b67f-9ba0fc0153db","2002","ford","escape","ST-Line","trim-research","tight","5x114.3","5x114.3","agree","63.4","67.1","disagree","M12x1.5","M12x1.5","agree","FORD ESCAPE 2001 > ; FORD ESCAPE XLS, XLT, LIMITED, HYBRID 2001-08"
"a5f7f902-ae9a-4396-af55-02931e83d08b","2003","ford","escape","Plug-In Hybrid","trim-research","tight","5x114.3","5x114.3","agree","63.4","67.1","disagree","M12x1.5","M12x1.5","agree","FORD ESCAPE 2001 > ; FORD ESCAPE XLS, XLT, LIMITED, HYBRID 2001-08"
"235f2c5a-6494-46b1-b90d-7edee06b9336","2003","ford","escape","S","trim-research","tight","5x114.3","5x114.3","agree","63.4","67.1","disagree","M12x1.5","M12x1.5","agree","FORD ESCAPE 2001 > ; FORD ESCAPE XLS, XLT, LIMITED, HYBRID 2001-08"
"1388851b-cd22-4650-84c4-15545919b5db","2003","ford","escape","ST-Line","trim-research","tight","5x114.3","5x114.3","agree","63.4","67.1","disagree","M12x1.5","M12x1.5","agree","FORD ESCAPE 2001 > ; FORD ESCAPE XLS, XLT, LIMITED, HYBRID 2001-08"
"edaeefec-2f7c-4d45-a668-370c1740807f","2004","ford","escape","Plug-In Hybrid","trim-research","tight","5x114.3","5x114.3","agree","63.4","67.1","disagree","M12x1.5","M12x1.5","agree","FORD ESCAPE 2001 > ; FORD ESCAPE XLS, XLT, LIMITED, HYBRID 2001-08"
"0eac9866-bd3b-47a1-a0b5-a44fd3fa01d6","2004","ford","escape","S","trim-research","tight","5x114.3","5x114.3","agree","63.4","67.1","disagree","M12x1.5","M12x1.5","agree","FORD ESCAPE 2001 > ; FORD ESCAPE XLS, XLT, LIMITED, HYBRID 2001-08"
"48d5038e-01e0-466d-ad1d-6116e870e9c5","2004","ford","escape","ST-Line","trim-research","tight","5x114.3","5x114.3","agree","63.4","67.1","disagree","M12x1.5","M12x1.5","agree","FORD ESCAPE 2001 > ; FORD ESCAPE XLS, XLT, LIMITED, HYBRID 2001-08"
"dad7cf9c-965f-4b18-be8f-e059501b0468","2005","ford","escape","Plug-In Hybrid","trim-research","tight","5x114.3","5x114.3","agree","63.4","67.1","disagree","M12x1.5","M12x1.5","agree","FORD ESCAPE 2001 > ; FORD ESCAPE XLS, XLT, LIMITED, HYBRID 2001-08"
"8ba1f8ec-f3ba-44da-8cdf-ef0df641c327","2005","ford","escape","S","trim-research","tight","5x114.3","5x114.3","agree","63.4","67.1","disagree","M12x1.5","M12x1.5","agree","FORD ESCAPE 2001 > ; FORD ESCAPE XLS, XLT, LIMITED, HYBRID 2001-08"
"63aaa149-f893-4d31-b5da-90d25ab2f3a8","2006","ford","escape","Plug-In Hybrid","trim-research","tight","5x114.3","5x114.3","agree","63.4","67.1","disagree","M12x1.5","M12x1.5","agree","FORD ESCAPE 2001 > ; FORD ESCAPE XLS, XLT, LIMITED, HYBRID 2001-08"
"77670d7c-f8be-46af-ac26-58cad674ea38","2006","ford","escape","S","trim-research","tight","5x114.3","5x114.3","agree","63.4","67.1","disagree","M12x1.5","M12x1.5","agree","FORD ESCAPE 2001 > ; FORD ESCAPE XLS, XLT, LIMITED, HYBRID 2001-08"
"dd38d5cf-6225-46d5-90ce-a91b69aaa83e","2006","ford","escape","ST-Line","trim-research","tight","5x114.3","5x114.3","agree","63.4","67.1","disagree","M12x1.5","M12x1.5","agree","FORD ESCAPE 2001 > ; FORD ESCAPE XLS, XLT, LIMITED, HYBRID 2001-08"
"8ad17512-deb3-4d3b-ba2a-a1b203cb70c8","2007","ford","escape","Plug-In Hybrid","trim-research","tight","5x114.3","5x114.3","agree","63.4","67.1","disagree","M12x1.5","M12x1.5","agree","FORD ESCAPE 2001 > ; FORD ESCAPE XLS, XLT, LIMITED, HYBRID 2001-08"
"aee4982f-ff10-439d-b9e0-a313e1f1e35f","2007","ford","escape","S","trim-research","tight","5x114.3","5x114.3","agree","63.4","67.1","disagree","M12x1.5","M12x1.5","agree","FORD ESCAPE 2001 > ; FORD ESCAPE XLS, XLT, LIMITED, HYBRID 2001-08"
"0de69ed5-9af3-4ace-97ca-c0c68e454433","2007","ford","escape","ST-Line","trim-research","tight","5x114.3","5x114.3","agree","63.4","67.1","disagree","M12x1.5","M12x1.5","agree","FORD ESCAPE 2001 > ; FORD ESCAPE XLS, XLT, LIMITED, HYBRID 2001-08"
"315a9b27-b302-4f8c-aff5-fa8df559fed3","2008","ford","escape","Plug-In Hybrid","trim-research","tight","5x114.3","5x114.3","agree","63.4","67.1","disagree","M12x1.5","M12x1.5","agree","FORD ESCAPE 2001 > ; FORD ESCAPE XLS, XLT, LIMITED, HYBRID 2001-08"
"b5cc6a58-9a2f-4f81-8edf-51a11b207b47","2008","ford","escape","S","trim-research","tight","5x114.3","5x114.3","agree","63.4","67.1","disagree","M12x1.5","M12x1.5","agree","FORD ESCAPE 2001 > ; FORD ESCAPE XLS, XLT, LIMITED, HYBRID 2001-08"
"92c90524-717a-433b-bc0d-7b08f5f951f0","2008","ford","escape","ST-Line","trim-research","tight","5x114.3","5x114.3","agree","63.4","67.1","disagree","M12x1.5","M12x1.5","agree","FORD ESCAPE 2001 > ; FORD ESCAPE XLS, XLT, LIMITED, HYBRID 2001-08"
"5cb58d52-c1e2-45c9-a378-c231bb043997","2009","ford","escape","Plug-In Hybrid","trim-research","tight","5x114.3","5x114.3","agree","63.4","67.1","disagree","M12x1.5","M12x1.5","agree","FORD ESCAPE 2001 >"
"b885b4aa-b1cc-4de7-8c01-72f4ac1c2238","2009","ford","escape","S","trim-research","tight","5x114.3","5x114.3","agree","63.4","67.1","disagree","M12x1.5","M12x1.5","agree","FORD ESCAPE 2001 >"
"966abaa5-6f6f-4bd1-8529-c3ac42e41907","2009","ford","escape","ST-Line","trim-research","tight","5x114.3","5x114.3","agree","63.4","67.1","disagree","M12x1.5","M12x1.5","agree","FORD ESCAPE 2001 >"
"5656fb5c-d9e2-4cd2-9e42-58c6f9670d80","1990","ford","escort","Base","90s-research-batch","tight","4x108","4x108","agree","63.6","63.4","disagree","M12x1.5","M12x1.5","agree","FORD ESCORT 1981-90"
"6c1905ee-5a34-4dfb-a739-48675de1c27f","2000","ford","excursion","Base","google-ai-overview","tight","8x170","8x170","agree","124.9","124","disagree","M14x1.5","M14x1.5|M14x2.0","agree","FORD EXCURSION 2000 > ; FORD EXCURSION 2000-02"
"6b821bbc-6a03-4662-bd7c-4d551aa362be","2001","ford","excursion","Base","google-ai-overview","tight","8x170","8x170","agree","124.9","124","disagree","M14x1.5","M14x1.5|M14x2.0","agree","FORD EXCURSION 2000 > ; FORD EXCURSION 2000-02"
"d4bf2c53-135d-4bff-84e8-ea35181f831d","2002","ford","excursion","Base","google-ai-overview","tight","8x170","8x170","agree","124.9","124","disagree","M14x1.5","M14x1.5|M14x2.0","agree","FORD EXCURSION 2000 > ; FORD EXCURSION 2000-02"
"272ea447-595a-46c1-b5a6-d2ba4a03c6ae","2004","ford","excursion","Base","google-ai-overview","tight","8x170","8x170","agree","124.9","124","disagree","M14x1.5","M14x1.5","agree","FORD EXCURSION 2000 > ; FORD EXCURSION 2003-05"
"15d0a8ff-b982-4948-9498-3f140ea6aa98","2005","ford","excursion","Base","google-ai-overview","tight","8x170","8x170","agree","124.9","124","disagree","M14x1.5","M14x1.5","agree","FORD EXCURSION 2000 > ; FORD EXCURSION 2003-05"
"4630021e-1dc0-41f2-a4ff-4ef2133464a4","1991","ford","explorer","Base","trim-research","tight","5x114.3","5x114.3","agree","63.4","70.3","disagree","M12x1.5","1/2","disagree","FORD EXPLORER & SPORT TRAC 7 1990-01"
"6638c44e-3bc3-4a3d-87c7-2b7e0b8ce82e","1991","ford","explorer","Base, XLT, Limited, ST, Platinum, King Ranch, Timberline","cache-import","tight","5x114.3","5x114.3","agree","70.5","70.3","disagree","M12x1.5","1/2","disagree","FORD EXPLORER & SPORT TRAC 7 1990-01"
"bf6599b7-9238-4234-b26b-343d7cbc367a","1991","ford","explorer","Limited","cache-import [expanded]","tight","5x114.3","5x114.3","agree","70.5","70.3","disagree","M12x1.5","1/2","disagree","FORD EXPLORER & SPORT TRAC 7 1990-01"
"a68ab05a-03fe-4593-b9f5-1545e1994286","1991","ford","explorer","ST","trim-research","tight","5x114.3","5x114.3","agree","63.4","70.3","disagree","M12x1.5","1/2","disagree","FORD EXPLORER & SPORT TRAC 7 1990-01"
"4f8ad195-f64a-4b8f-a0d5-80cedb1120bb","1991","ford","explorer","Timberline","cache-import [expanded]","tight","5x114.3","5x114.3","agree","70.5","70.3","disagree","M12x1.5","1/2","disagree","FORD EXPLORER & SPORT TRAC 7 1990-01"
"485572a8-59ca-463d-bd8c-76c207d1b253","1991","ford","explorer","XLT","cache-import [expanded]","tight","5x114.3","5x114.3","agree","70.6","70.3","disagree","M12x1.5","1/2","disagree","FORD EXPLORER & SPORT TRAC 7 1990-01"
"fc53c9cc-845a-43b6-aecb-abc572baba49","1991","ford","explorer","XLT","trim-research","tight","5x114.3","5x114.3","agree","63.4","70.3","disagree","M12x1.5","1/2","disagree","FORD EXPLORER & SPORT TRAC 7 1990-01"
"ec03f615-704b-437b-85fa-09f280c56d60","1992","ford","explorer","Limited","cache-import [expanded]","tight","5x114.3","5x114.3","agree","70.5","70.3","disagree","M12x1.5","1/2","disagree","FORD EXPLORER & SPORT TRAC 7 1990-01"
"ee15bdfb-4d36-43d6-91d8-a333eb272b92","1992","ford","explorer","ST","trim-research","tight","5x114.3","5x114.3","agree","63.4","70.3","disagree","M12x1.5","1/2","disagree","FORD EXPLORER & SPORT TRAC 7 1990-01"
"47c2415f-0dc8-4cec-b8ea-c49a6217ec6c","1992","ford","explorer","Timberline","cache-import [expanded]","tight","5x114.3","5x114.3","agree","70.5","70.3","disagree","M12x1.5","1/2","disagree","FORD EXPLORER & SPORT TRAC 7 1990-01"
"d26687a9-3dd2-4c44-a83c-6eb2b2074037","1992","ford","explorer","XLT","trim-research","tight","5x114.3","5x114.3","agree","63.4","70.3","disagree","M12x1.5","1/2","disagree","FORD EXPLORER & SPORT TRAC 7 1990-01"
"3b16d0e0-126b-4042-868d-545305448540","1992","ford","explorer","XLT","cache-import [expanded]","tight","5x114.3","5x114.3","agree","70.6","70.3","disagree","M12x1.5","1/2","disagree","FORD EXPLORER & SPORT TRAC 7 1990-01"
"625cfd3d-269f-47c2-a267-a64be4d0d93f","1992","ford","explorer","XLT","cache-import [expanded]","tight","5x114.3","5x114.3","agree","70.6","70.3","disagree","M12x1.5","1/2","disagree","FORD EXPLORER & SPORT TRAC 7 1990-01"
"dcf13a53-2db3-42d0-bc34-820bbe3ad35c","1993","ford","explorer","Base","trim-research","tight","5x114.3","5x114.3","agree","63.4","70.3","disagree","M12x1.5","1/2","disagree","FORD EXPLORER & SPORT TRAC 7 1990-01"
"24767d1b-ebd2-4dc4-8462-5c085d423696","1993","ford","explorer","Base, XLT, Limited, ST, Platinum, King Ranch, Timberline","cache-import","tight","5x114.3","5x114.3","agree","70.5","70.3","disagree","M12x1.5","1/2","disagree","FORD EXPLORER & SPORT TRAC 7 1990-01"
"2ac555d4-8bf1-4715-a95b-4d8715d79999","1993","ford","explorer","ST","trim-research","tight","5x114.3","5x114.3","agree","63.4","70.3","disagree","M12x1.5","1/2","disagree","FORD EXPLORER & SPORT TRAC 7 1990-01"
"616e9e57-f60f-4ef7-a912-1e48684ab627","1993","ford","explorer","Timberline","cache-import [expanded]","tight","5x114.3","5x114.3","agree","70.5","70.3","disagree","M12x1.5","1/2","disagree","FORD EXPLORER & SPORT TRAC 7 1990-01"
"5e69652c-2446-41c3-a532-e7d800966a57","1993","ford","explorer","XLT","cache-import [expanded]","tight","5x114.3","5x114.3","agree","70.6","70.3","disagree","M12x1.5","1/2","disagree","FORD EXPLORER & SPORT TRAC 7 1990-01"
"1051ac8a-3778-4260-ba64-9f3a5798464a","1993","ford","explorer","XLT","cache-import [expanded]","tight","5x114.3","5x114.3","agree","70.6","70.3","disagree","M12x1.5","1/2","disagree","FORD EXPLORER & SPORT TRAC 7 1990-01"
"f8520c59-f6ce-4f5a-9fc1-adc99cc786e5","1994","ford","explorer","Base","trim-research","tight","5x114.3","5x114.3","agree","63.4","70.3","disagree","M12x1.5","1/2","disagree","FORD EXPLORER & SPORT TRAC 7 1990-01"
"e5a3eb3b-14d9-4ca4-bc21-a02d36aa037a","1994","ford","explorer","Limited","cache-import [expanded]","tight","5x114.3","5x114.3","agree","70.5","70.3","disagree","M12x1.5","1/2","disagree","FORD EXPLORER & SPORT TRAC 7 1990-01"
"e0170dbc-0cac-4540-b2df-5be068237975","1994","ford","explorer","ST","trim-research","tight","5x114.3","5x114.3","agree","63.4","70.3","disagree","M12x1.5","1/2","disagree","FORD EXPLORER & SPORT TRAC 7 1990-01"
"100abaf2-1359-4de6-8e6a-66e30c5106eb","1994","ford","explorer","Timberline","cache-import [expanded]","tight","5x114.3","5x114.3","agree","70.5","70.3","disagree","M12x1.5","1/2","disagree","FORD EXPLORER & SPORT TRAC 7 1990-01"
"a9b43848-5b17-40d2-8fbe-9bfb7e559bf7","1994","ford","explorer","XLT","trim-research","tight","5x114.3","5x114.3","agree","63.4","70.3","disagree","M12x1.5","1/2","disagree","FORD EXPLORER & SPORT TRAC 7 1990-01"
"2d2677f4-7dee-4cf1-af6b-541f0e6d5e40","1994","ford","explorer","XLT","cache-import [expanded]","tight","5x114.3","5x114.3","agree","70.6","70.3","disagree","M12x1.5","1/2","disagree","FORD EXPLORER & SPORT TRAC 7 1990-01"
"ea6a225f-28f4-4e50-a262-d54941c6e402","1995","ford","explorer","Base","trim-research","tight","5x114.3","5x114.3","agree","63.4","70.3","disagree","M12x1.5","1/2","disagree","FORD EXPLORER & SPORT TRAC 7 1990-01"
"1a1e7ebc-6e38-4ea4-a30a-bbfadb1485f0","1995","ford","explorer","Base, XLT, Limited, ST, Platinum, King Ranch, Timberline","cache-import","tight","5x114.3","5x114.3","agree","70.5","70.3","disagree","M12x1.5","1/2","disagree","FORD EXPLORER & SPORT TRAC 7 1990-01"
"176cc0c6-1304-4143-a65c-aeab8f253b75","1995","ford","explorer","ST","trim-research","tight","5x114.3","5x114.3","agree","63.4","70.3","disagree","M12x1.5","1/2","disagree","FORD EXPLORER & SPORT TRAC 7 1990-01"
"1bc7e719-fbc7-46d5-86cc-349663c9951c","1995","ford","explorer","Timberline","cache-import [expanded]","tight","5x114.3","5x114.3","agree","70.5","70.3","disagree","M12x1.5","1/2","disagree","FORD EXPLORER & SPORT TRAC 7 1990-01"
"0474d670-eaee-41a3-b001-06f96ef07c20","1995","ford","explorer","XLT","trim-research","tight","5x114.3","5x114.3","agree","63.4","70.3","disagree","M12x1.5","1/2","disagree","FORD EXPLORER & SPORT TRAC 7 1990-01"
"70c480fc-2f6e-4c37-b879-da90f9e5676e","1996","ford","explorer","Base","trim-research","tight","5x114.3","5x114.3","agree","63.4","70.3","disagree","M12x1.5","1/2","disagree","FORD EXPLORER & SPORT TRAC 7 1990-01"
"b6a8ba19-c12f-44fe-8c39-938af5aa525a","1996","ford","explorer","Base, XLT, Limited, ST, Platinum, King Ranch, Timberline","cache-import","tight","5x114.3","5x114.3","agree","70.5","70.3","disagree","M12x1.5","1/2","disagree","FORD EXPLORER & SPORT TRAC 7 1990-01"
"11a9a94b-00e0-4316-9534-e4d041db4c63","1996","ford","explorer","Limited","trim-research","tight","5x114.3","5x114.3","agree","63.4","70.3","disagree","M12x1.5","1/2","disagree","FORD EXPLORER & SPORT TRAC 7 1990-01"
"8dcb5855-5431-41eb-81b5-d6bb271aab97","1996","ford","explorer","ST","trim-research","tight","5x114.3","5x114.3","agree","63.4","70.3","disagree","M12x1.5","1/2","disagree","FORD EXPLORER & SPORT TRAC 7 1990-01"
"ab760cac-7434-46b5-9513-40eac1c62eb9","1996","ford","explorer","Timberline","cache-import [expanded]","tight","5x114.3","5x114.3","agree","70.5","70.3","disagree","M12x1.5","1/2","disagree","FORD EXPLORER & SPORT TRAC 7 1990-01"
"32179a06-1117-41a6-bf16-73e6492f6fe6","1996","ford","explorer","XLT","trim-research","tight","5x114.3","5x114.3","agree","63.4","70.3","disagree","M12x1.5","1/2","disagree","FORD EXPLORER & SPORT TRAC 7 1990-01"
"6b0ff4b2-5444-4097-a554-a67ad719aadd","1996","ford","explorer","XLT","trim-research","tight","5x114.3","5x114.3","agree","70.6","70.3","disagree","M12x1.5","1/2","disagree","FORD EXPLORER & SPORT TRAC 7 1990-01"
"b108f4ab-07c6-4ea7-b8d7-73a68225d226","1996","ford","explorer","XLT","cache-import [expanded]","tight","5x114.3","5x114.3","agree","70.6","70.3","disagree","M12x1.5","1/2","disagree","FORD EXPLORER & SPORT TRAC 7 1990-01"
"748a0970-de44-4054-b444-26a44d908741","1997","ford","explorer","Base","trim-research","tight","5x114.3","5x114.3","agree","63.4","70.3","disagree","M12x1.5","1/2","disagree","FORD EXPLORER & SPORT TRAC 7 1990-01"
"fff56324-a181-46a6-b409-be5a235c5b37","1997","ford","explorer","Base, XLT, Limited, ST, Platinum, King Ranch, Timberline","cache-import","tight","5x114.3","5x114.3","agree","70.5","70.3","disagree","M12x1.5","1/2","disagree","FORD EXPLORER & SPORT TRAC 7 1990-01"
"f2ea31ad-7bf3-4d5a-ae3d-79f28e4d7f60","1997","ford","explorer","Limited","trim-research","tight","5x114.3","5x114.3","agree","63.4","70.3","disagree","M12x1.5","1/2","disagree","FORD EXPLORER & SPORT TRAC 7 1990-01"
"1ee5110a-bc5d-404d-a1f1-ea2d57e49d27","1997","ford","explorer","ST","trim-research","tight","5x114.3","5x114.3","agree","63.4","70.3","disagree","M12x1.5","1/2","disagree","FORD EXPLORER & SPORT TRAC 7 1990-01"
"f4226f7c-ec03-48a3-a66a-45facaf72098","1997","ford","explorer","Timberline","cache-import [expanded]","tight","5x114.3","5x114.3","agree","70.5","70.3","disagree","M12x1.5","1/2","disagree","FORD EXPLORER & SPORT TRAC 7 1990-01"
"a359a29d-8a90-46fc-ac3d-4b89ed59db16","1997","ford","explorer","XLT","trim-research","tight","5x114.3","5x114.3","agree","63.4","70.3","disagree","M12x1.5","1/2","disagree","FORD EXPLORER & SPORT TRAC 7 1990-01"
"0693e132-8437-4dc1-9c93-cab7ea094fc2","1998","ford","explorer","Base","trim-research","tight","5x114.3","5x114.3","agree","63.4","70.3","disagree","M12x1.5","1/2","disagree","FORD EXPLORER & SPORT TRAC 7 1990-01"
"df3a86f0-1d59-40f0-88b0-9c3f602528bb","1998","ford","explorer","Base, XLT, Limited, ST, Platinum, King Ranch, Timberline","cache-import","tight","5x114.3","5x114.3","agree","70.5","70.3","disagree","M12x1.5","1/2","disagree","FORD EXPLORER & SPORT TRAC 7 1990-01"
"7225ba33-96c8-4e82-9e9b-35050486e8ff","1998","ford","explorer","Limited","trim-research","tight","5x114.3","5x114.3","agree","63.4","70.3","disagree","M12x1.5","1/2","disagree","FORD EXPLORER & SPORT TRAC 7 1990-01"
"16b9cfe3-7070-4ebd-a76a-fe45cb7a0d66","1998","ford","explorer","ST","trim-research","tight","5x114.3","5x114.3","agree","63.4","70.3","disagree","M12x1.5","1/2","disagree","FORD EXPLORER & SPORT TRAC 7 1990-01"
"cabcfb2d-8f10-43f2-82e5-34fde2621b50","1998","ford","explorer","Timberline","cache-import [expanded]","tight","5x114.3","5x114.3","agree","70.5","70.3","disagree","M12x1.5","1/2","disagree","FORD EXPLORER & SPORT TRAC 7 1990-01"
"b29273a1-84ff-49c1-8c62-85a43e11c07d","1998","ford","explorer","XLT","cache-import [expanded]","tight","5x114.3","5x114.3","agree","70.6","70.3","disagree","M12x1.5","1/2","disagree","FORD EXPLORER & SPORT TRAC 7 1990-01"
"023bc5f8-21d3-4a9f-a5a1-f6b7ea944ff5","1998","ford","explorer","XLT","trim-research","tight","5x114.3","5x114.3","agree","63.4","70.3","disagree","M12x1.5","1/2","disagree","FORD EXPLORER & SPORT TRAC 7 1990-01"
"b03def45-26c1-4dfc-9d42-169d9e2defba","1999","ford","explorer","Base","trim-research","tight","5x114.3","5x114.3","agree","63.4","70.3","disagree","M12x1.5","1/2","disagree","FORD EXPLORER & SPORT TRAC 7 1990-01"
"8b3b7df2-0040-4189-9e56-0e92812e1ddb","1999","ford","explorer","Base, XLT, Limited, ST, Platinum, King Ranch, Timberline","cache-import","tight","5x114.3","5x114.3","agree","70.5","70.3","disagree","M12x1.5","1/2","disagree","FORD EXPLORER & SPORT TRAC 7 1990-01"
"e52dd59f-edf1-420b-91ac-8785d039fec1","1999","ford","explorer","Limited","trim-research","tight","5x114.3","5x114.3","agree","63.4","70.3","disagree","M12x1.5","1/2","disagree","FORD EXPLORER & SPORT TRAC 7 1990-01"
"217a4e26-dd32-46dd-9c82-5ece9fa0ae94","1999","ford","explorer","ST","trim-research","tight","5x114.3","5x114.3","agree","63.4","70.3","disagree","M12x1.5","1/2","disagree","FORD EXPLORER & SPORT TRAC 7 1990-01"
"eedbb394-3e97-43f2-b758-12ee61eaedc3","1999","ford","explorer","Timberline","cache-import [expanded]","tight","5x114.3","5x114.3","agree","70.5","70.3","disagree","M12x1.5","1/2","disagree","FORD EXPLORER & SPORT TRAC 7 1990-01"
"559f788d-5ccb-47ec-a6bb-cffa5665ad3e","1999","ford","explorer","XLT","trim-research","tight","5x114.3","5x114.3","agree","70.6","70.3","disagree","M12x1.5","1/2","disagree","FORD EXPLORER & SPORT TRAC 7 1990-01"
"eb007397-2371-441f-8560-7a13d42aa6de","1999","ford","explorer","XLT","trim-research","tight","5x114.3","5x114.3","agree","63.4","70.3","disagree","M12x1.5","1/2","disagree","FORD EXPLORER & SPORT TRAC 7 1990-01"
"72829a8a-09d5-4e66-b1e1-1ae5cbb6438b","1999","ford","explorer","XLT","cache-import [expanded]","tight","5x114.3","5x114.3","agree","70.6","70.3","disagree","M12x1.5","1/2","disagree","FORD EXPLORER & SPORT TRAC 7 1990-01"
"a38e6d11-6436-4920-a32c-06d1bd22d307","2000","ford","explorer","Base","trim-research","tight","5x114.3","5x114.3","agree","63.4","70.3","disagree","M12x1.5","1/2","disagree","FORD EXPLORER & SPORT TRAC 7 1990-01"
"b2436ddb-4051-4f89-9cec-f636997bff85","2000","ford","explorer","Base, XLT, Limited, ST, Platinum, King Ranch, Timberline","cache-import","tight","5x114.3","5x114.3","agree","70.5","70.3","disagree","M12x1.5","1/2","disagree","FORD EXPLORER & SPORT TRAC 7 1990-01"
"148591d8-9b8d-4bae-a4e3-ecb2b1581c68","2000","ford","explorer","Limited","trim-research","tight","5x114.3","5x114.3","agree","63.4","70.3","disagree","M12x1.5","1/2","disagree","FORD EXPLORER & SPORT TRAC 7 1990-01"
"32c487a6-ac06-4314-8383-6f22f725c5e8","2000","ford","explorer","ST","trim-research","tight","5x114.3","5x114.3","agree","63.4","70.3","disagree","M12x1.5","1/2","disagree","FORD EXPLORER & SPORT TRAC 7 1990-01"
"48c6852e-5c9a-44f0-a9a7-ee49b18b2ffb","2000","ford","explorer","Timberline","cache-import [expanded]","tight","5x114.3","5x114.3","agree","70.5","70.3","disagree","M12x1.5","1/2","disagree","FORD EXPLORER & SPORT TRAC 7 1990-01"
"8bf34c4e-a335-43a2-bd36-02083c83572d","2000","ford","explorer","XLT","trim-research","tight","5x114.3","5x114.3","agree","63.4","70.3","disagree","M12x1.5","1/2","disagree","FORD EXPLORER & SPORT TRAC 7 1990-01"
"1a7b0b5e-f386-442b-9520-b8775ee3d529","2000","ford","explorer","XLT","cache-import [expanded]","tight","5x114.3","5x114.3","agree","70.6","70.3","disagree","M12x1.5","1/2","disagree","FORD EXPLORER & SPORT TRAC 7 1990-01"
"a45f526f-3818-413e-8a5f-f8422a6e7969","2001","ford","explorer","Base","trim-research","tight","5x114.3","5x114.3","agree","63.4","70.3","disagree","M12x1.5","1/2","disagree","FORD EXPLORER & SPORT TRAC 7 1990-01"
"6bf9ea1e-9547-4415-9dea-ca38d8e1c7ba","2001","ford","explorer","Base, XLT, Limited, ST, Platinum, King Ranch, Timberline","cache-import","tight","5x114.3","5x114.3","agree","70.5","70.3","disagree","M12x1.5","1/2","disagree","FORD EXPLORER & SPORT TRAC 7 1990-01"
"51d39095-9213-4878-b7a1-c874295da56d","2001","ford","explorer","King Ranch","trim-research","tight","5x114.3","5x114.3","agree","63.4","70.3","disagree","M12x1.5","1/2","disagree","FORD EXPLORER & SPORT TRAC 7 1990-01"
"7cc67493-5543-4e9f-a256-6f8bdb4f97ac","2001","ford","explorer","Limited","trim-research","tight","5x114.3","5x114.3","agree","63.4","70.3","disagree","M12x1.5","1/2","disagree","FORD EXPLORER & SPORT TRAC 7 1990-01"
"4b80e9dc-60b2-44c3-8614-47b4b7154d51","2001","ford","explorer","ST","trim-research","tight","5x114.3","5x114.3","agree","63.4","70.3","disagree","M12x1.5","1/2","disagree","FORD EXPLORER & SPORT TRAC 7 1990-01"
"4982a7d6-fd34-4078-a4c2-21c1167a8edb","2001","ford","explorer","Timberline","cache-import [expanded]","tight","5x114.3","5x114.3","agree","70.5","70.3","disagree","M12x1.5","1/2","disagree","FORD EXPLORER & SPORT TRAC 7 1990-01"
"62167abd-b51a-4629-846f-16c2fd0a5fa6","2001","ford","explorer","XLT","trim-research","tight","5x114.3","5x114.3","agree","63.4","70.3","disagree","M12x1.5","1/2","disagree","FORD EXPLORER & SPORT TRAC 7 1990-01"
"785d989d-f27e-4331-8450-f3f8db1996e4","2010","kia","sorento","LX","cache-import [expanded]","tight","5x114.3","5x139.7","disagree","67.1","95.3","disagree","M12x1.5","M12x1.5","agree","KIA SORENTO 2003 >"
"49e79638-467b-404c-9b3f-f37f20763d0d","2010","kia","sorento","SX","cache-import [expanded]","tight","5x114.3","5x139.7","disagree","67.1","95.3","disagree","M12x1.5","M12x1.5","agree","KIA SORENTO 2003 >"
"edb77ee3-f8b0-4095-99ea-96c79320a7d4","2010","kia","sorento","S","cache-import [expanded]","tight","5x114.3","5x139.7","disagree","67.1","95.3","disagree","M12x1.5","M12x1.5","agree","KIA SORENTO 2003 >"
"46e4ecee-4870-43ad-a7cb-18bfc5d98c48","2010","kia","sorento","EX","cache-import [expanded]","tight","5x114.3","5x139.7","disagree","67.1","95.3","disagree","M12x1.5","M12x1.5","agree","KIA SORENTO 2003 >"
"553141b5-ff91-4ea4-b0a4-1996b3e1ef5a","2010","kia","sorento","SX Prestige","cache-import [expanded]","tight","5x114.3","5x139.7","disagree","67.1","95.3","disagree","M12x1.5","M12x1.5","agree","KIA SORENTO 2003 >"
"f10f64ae-64ac-48f3-860a-2fd67c6e22c6","2010","kia","sorento","X-Line","cache-import [expanded]","tight","5x114.3","5x139.7","disagree","67.1","95.3","disagree","M12x1.5","M12x1.5","agree","KIA SORENTO 2003 >"
"2c341f6c-2b47-40cd-ba3a-32e357e87850","2010","kia","sorento","LX, S, EX, SX, SX Prestige, X-Line","cache-import","tight","5x114.3","5x139.7","disagree","67.1","95.3","disagree","M12x1.5","M12x1.5","agree","KIA SORENTO 2003 >"
"7c6ccc24-3a68-477f-ac00-7354870d4981","2001","ford","explorer-sport-trac","Base","google-ai-overview","tight","5x114.3","5x114.3","agree","70.6","70.3","disagree","M12x1.75","1/2","disagree","FORD EXPLORER & SPORT TRAC 1990-01 ; FORD EXPLORER & SPORT TRAC 7 1990-01"
"39dddada-28a5-4bad-bdbc-ec0388971a49","2001","ford","explorer-sport-trac","Base","catalog-gap-fill [web_research]","tight","5x114.3","5x114.3","agree","70.5","70.3","disagree","M12x1.5","1/2","disagree","FORD EXPLORER & SPORT TRAC 1990-01 ; FORD EXPLORER & SPORT TRAC 7 1990-01"
"e7d1b7b5-5a1f-4f56-b644-d51921a476bb","2002","ford","explorer-sport-trac","Base","google-ai-overview","tight","5x114.3","5x114.3","agree","70.6","70.3","disagree","M12x1.75","1/2","disagree","FORD EXPLORER & SPORT TRAC 2002 > ; FORD EXPLORER & SPORT TRAC 2WD, 4WD 2002-08"
"5fc81fa5-f94f-47cf-8680-213c76dcfa18","2002","ford","explorer-sport-trac","Base","catalog-gap-fill [web_research]","tight","5x114.3","5x114.3","agree","70.5","70.3","disagree","M12x1.5","1/2","disagree","FORD EXPLORER & SPORT TRAC 2002 > ; FORD EXPLORER & SPORT TRAC 2WD, 4WD 2002-08"
"9ea31b82-199f-4fff-b62d-ceac9a149d8b","2003","ford","explorer-sport-trac","Base","catalog-gap-fill [web_research]","tight","5x114.3","5x114.3","agree","70.5","70.3","disagree","M12x1.5","1/2","disagree","FORD EXPLORER & SPORT TRAC 2002 > ; FORD EXPLORER & SPORT TRAC 2WD, 4WD 2002-08"
"d3fdd181-0e2d-4abc-a4b6-383f2720623d","2003","ford","explorer-sport-trac","Base","google-ai-overview","tight","5x114.3","5x114.3","agree","70.6","70.3","disagree","M12x1.75","1/2","disagree","FORD EXPLORER & SPORT TRAC 2002 > ; FORD EXPLORER & SPORT TRAC 2WD, 4WD 2002-08"
"a19d37c7-1cec-425a-8feb-26f46f7c736c","2004","ford","explorer-sport-trac","Base","catalog-gap-fill [web_research]","tight","5x114.3","5x114.3","agree","70.5","70.3","disagree","M12x1.5","1/2","disagree","FORD EXPLORER & SPORT TRAC 2002 > ; FORD EXPLORER & SPORT TRAC 2WD, 4WD 2002-08"
"cc7a919c-e04a-492b-b194-3d7bd9600db6","2004","ford","explorer-sport-trac","Base","google-ai-overview","tight","5x114.3","5x114.3","agree","70.6","70.3","disagree","M12x1.75","1/2","disagree","FORD EXPLORER & SPORT TRAC 2002 > ; FORD EXPLORER & SPORT TRAC 2WD, 4WD 2002-08"
"be26ee85-d147-43a0-9cf1-6a5205231d72","2005","ford","explorer-sport-trac","Base","google-ai-overview","tight","5x114.3","5x114.3","agree","70.6","70.3","disagree","M12x1.75","1/2","disagree","FORD EXPLORER & SPORT TRAC 2002 > ; FORD EXPLORER & SPORT TRAC 2WD, 4WD 2002-08"
"1eece810-c101-4608-874a-1e3c521c89c3","2005","ford","explorer-sport-trac","Base","catalog-gap-fill [web_research]","tight","5x114.3","5x114.3","agree","70.5","70.3","disagree","M12x1.5","1/2","disagree","FORD EXPLORER & SPORT TRAC 2002 > ; FORD EXPLORER & SPORT TRAC 2WD, 4WD 2002-08"
"d585d512-ccf2-4e26-a010-b3acfe0400dd","2007","ford","explorer-sport-trac","Base","catalog-gap-fill [web_research]","tight","5x114.3","5x114.3","agree","70.5","70.3","disagree","M12x1.5","1/2","disagree","FORD EXPLORER & SPORT TRAC 2002 > ; FORD EXPLORER & SPORT TRAC 2WD, 4WD 2002-08"
"1a7b6c0c-2f19-4f48-b0b0-be5085add8dd","2007","ford","explorer-sport-trac","Base","google-ai-overview","tight","5x114.3","5x114.3","agree","70.6","70.3","disagree","M14x2.0","1/2","disagree","FORD EXPLORER & SPORT TRAC 2002 > ; FORD EXPLORER & SPORT TRAC 2WD, 4WD 2002-08"
"421270e9-197c-4814-92b8-0dd6936e0561","2008","ford","explorer-sport-trac","Base","google-ai-overview","tight","5x114.3","5x114.3","agree","70.6","70.3","disagree","M14x2.0","1/2","disagree","FORD EXPLORER & SPORT TRAC 2002 > ; FORD EXPLORER & SPORT TRAC 2WD, 4WD 2002-08"
"c796ad8c-f514-4afd-90a5-f154336a485d","2008","ford","explorer-sport-trac","Base","catalog-gap-fill [web_research]","tight","5x114.3","5x114.3","agree","70.5","70.3","disagree","M12x1.5","1/2","disagree","FORD EXPLORER & SPORT TRAC 2002 > ; FORD EXPLORER & SPORT TRAC 2WD, 4WD 2002-08"
"3e06baf3-a003-454e-b285-663495d7fa37","2009","ford","explorer-sport-trac","Base","google-ai-overview","tight","5x114.3","5x114.3","agree","70.6","70.3","disagree","M14x2.0","1/2","disagree","FORD EXPLORER & SPORT TRAC 2002 >"
"4ae6521b-47dc-4587-96ed-1cdf01f586cd","2009","ford","explorer-sport-trac","Base","catalog-gap-fill [web_research]","tight","5x114.3","5x114.3","agree","70.5","70.3","disagree","M12x1.5","1/2","disagree","FORD EXPLORER & SPORT TRAC 2002 >"
"5ba3cad6-07b2-4dc6-affc-84b4870c8ac2","2010","ford","explorer-sport-trac","Base","catalog-gap-fill [web_research]","tight","5x114.3","5x114.3","agree","70.5","70.3","disagree","M12x1.5","1/2","disagree","FORD EXPLORER & SPORT TRAC 2002 >"
"ccc8e7c3-9bec-4b8e-a661-d82e389245aa","2010","ford","explorer-sport-trac","Base","google-ai-overview","tight","5x114.3","5x114.3","agree","70.6","70.3","disagree","M14x2.0","1/2","disagree","FORD EXPLORER & SPORT TRAC 2002 >"
"e9da9cb6-735a-4526-8709-dba260af41b2","1999","ford","f-350","Super Duty DRW","audit-2026-09-pass3-research","tight","8x170","8x165.1","disagree","124.9","","rk-missing","M14x2.0","","rk-missing","Ford F350 4WD 1992 >"
"5783c994-4de4-4b51-9575-396c575dd37a","1999","ford","f-350","Super Duty SRW","audit-2026-09-pass3-research","tight","8x170","8x165.1","disagree","124.9","","rk-missing","M14x2.0","","rk-missing","Ford F350 4WD 1992 >"
"c73dd573-4572-4abb-95ff-95a4a4842ddf","2000","ford","f-350","Lariat","generation_inherit","tight","8x170","8x165.1","disagree","124.9","","rk-missing","M14x2.0","","rk-missing","Ford F350 4WD 1992 >"
"8dd13829-bd17-44e2-bdd1-75c2eec1a16c","2000","ford","f-350","XL","generation_inherit","tight","8x170","8x165.1","disagree","124.9","","rk-missing","M14x2.0","","rk-missing","Ford F350 4WD 1992 >"
"08d79501-0747-4049-a45e-6457361b09bf","2000","ford","f-350","XLT","generation_inherit","tight","8x170","8x165.1","disagree","124.9","","rk-missing","M14x2.0","","rk-missing","Ford F350 4WD 1992 >"
"a862ae66-b365-46e9-84a7-9c83a86cf995","2005","ford","gt","Base","google-ai-overview","tight","5x114.3","5x114.3","agree","63.5","70.3","disagree","M14x1.5","1/2","disagree","FORD MUSTANG / GT 1994-08"
"c7a96ae7-de72-4d11-bc7e-4a1169db0e65","2006","ford","gt","Base","google-ai-overview","tight","5x114.3","5x114.3","agree","63.5","70.3","disagree","M14x1.5","1/2","disagree","FORD MUSTANG / GT 1994-08"
"cf8e20f4-986c-4ff4-871c-907dd3f7478f","1994","ford","mustang","Cobra","generation_inherit","tight","4x108","5x114.3","disagree","63.4","70.3","disagree","M12x1.5","1/2","disagree","FORD MUSTANG / GT 1994 > ; FORD MUSTANG / GT 1994-08"
"70e643e1-23f2-43cf-8b8b-9da47a7345e5","1995","ford","mustang","Cobra R","generation_inherit","tight","4x108","5x114.3","disagree","63.4","70.3","disagree","M12x1.5","1/2","disagree","FORD MUSTANG / GT 1994 > ; FORD MUSTANG / GT 1994-08"
"e2419ea5-3572-4481-a724-d7a3f5cc859d","1996","ford","mustang","Cobra R","generation_inherit","tight","4x108","5x114.3","disagree","63.4","70.3","disagree","M12x1.5","1/2","disagree","FORD MUSTANG / GT 1994 > ; FORD MUSTANG / GT 1994-08"
"b0f91ad6-b223-4998-89ce-f7df6407d18a","1997","ford","mustang","Cobra","generation_inherit","tight","4x108","5x114.3","disagree","63.4","70.3","disagree","M12x1.5","1/2","disagree","FORD MUSTANG / GT 1994 > ; FORD MUSTANG / GT 1994-08 ; FORD MUSTANG GT (OPT.), COBRA 1997 > ; FORD MUSTANG GT (OPT.), COBRA 1997-08"
"92bbda75-09d9-4fdd-8512-14ab1d9326e5","1997","ford","mustang","Cobra R","generation_inherit","tight","4x108","5x114.3","disagree","63.4","70.3","disagree","M12x1.5","1/2","disagree","FORD MUSTANG / GT 1994 > ; FORD MUSTANG / GT 1994-08 ; FORD MUSTANG GT (OPT.), COBRA 1997 > ; FORD MUSTANG GT (OPT.), COBRA 1997-08"
"feae7447-0952-4aad-b410-aec20339cae4","1998","ford","mustang","Cobra","generation_inherit","tight","4x108","5x114.3","disagree","63.4","70.3","disagree","M12x1.5","1/2","disagree","FORD MUSTANG / GT 1994 > ; FORD MUSTANG / GT 1994-08 ; FORD MUSTANG GT (OPT.), COBRA 1997 > ; FORD MUSTANG GT (OPT.), COBRA 1997-08"
"4934752c-dfb4-4fa9-872a-e98bea2187e1","1998","ford","mustang","Cobra R","generation_inherit","tight","4x108","5x114.3","disagree","63.4","70.3","disagree","M12x1.5","1/2","disagree","FORD MUSTANG / GT 1994 > ; FORD MUSTANG / GT 1994-08 ; FORD MUSTANG GT (OPT.), COBRA 1997 > ; FORD MUSTANG GT (OPT.), COBRA 1997-08"
"8855f94b-50a4-4e7a-b773-72611b92819d","1999","ford","mustang","Cobra R","generation_inherit","tight","4x108","5x114.3","disagree","63.4","70.3","disagree","M12x1.5","1/2","disagree","FORD MUSTANG / GT 1994 > ; FORD MUSTANG / GT 1994-08 ; FORD MUSTANG GT (OPT.), COBRA 1997 > ; FORD MUSTANG GT (OPT.), COBRA 1997-08"
"2f35ea9f-83bb-449d-a4a6-105d0737a43d","2000","ford","mustang","Base/V6","google-ai-overview","tight","5x114.3","5x114.3","agree","70.5","70.3","disagree","1/2-20","1/2","disagree","FORD MUSTANG / GT 1994 > ; FORD MUSTANG / GT 1994-08 ; FORD MUSTANG GT (OPT.), COBRA 1997 > ; FORD MUSTANG GT (OPT.), COBRA 1997-08"
"6c1e0e07-6db6-4b7a-a7c4-0b510ca109a5","2000","ford","mustang","GT","google-ai-overview","tight","5x114.3","5x114.3","agree","70.5","70.3","disagree","1/2-20","1/2","disagree","FORD MUSTANG / GT 1994 > ; FORD MUSTANG / GT 1994-08 ; FORD MUSTANG GT (OPT.), COBRA 1997 > ; FORD MUSTANG GT (OPT.), COBRA 1997-08"
"e251d994-4713-4ce8-9b97-1c4fca58c18d","2001","ford","mustang","Base/V6","google-ai-overview","tight","5x114.3","5x114.3","agree","70.5","70.3","disagree","1/2-20","1/2","disagree","FORD MUSTANG / GT 1994 > ; FORD MUSTANG / GT 1994-08 ; FORD MUSTANG GT (OPT.), COBRA 1997 > ; FORD MUSTANG GT (OPT.), COBRA 1997-08"
"c57c4428-5d18-4091-9cde-e84bd2354816","2001","ford","mustang","Cobra","google-ai-overview","tight","5x114.3","5x114.3","agree","70.5","70.3","disagree","1/2-20","1/2","disagree","FORD MUSTANG / GT 1994 > ; FORD MUSTANG / GT 1994-08 ; FORD MUSTANG GT (OPT.), COBRA 1997 > ; FORD MUSTANG GT (OPT.), COBRA 1997-08"
"31a3500b-6aea-4883-ae93-4f030636988a","2001","ford","mustang","GT","google-ai-overview","tight","5x114.3","5x114.3","agree","70.5","70.3","disagree","1/2-20","1/2","disagree","FORD MUSTANG / GT 1994 > ; FORD MUSTANG / GT 1994-08 ; FORD MUSTANG GT (OPT.), COBRA 1997 > ; FORD MUSTANG GT (OPT.), COBRA 1997-08"
"573a7f56-2741-4d12-bd35-a149e4c14b7d","2002","ford","mustang","Base/V6","google-ai-overview","tight","5x114.3","5x114.3","agree","70.5","70.3","disagree","1/2-20","1/2","disagree","FORD MUSTANG / GT 1994 > ; FORD MUSTANG / GT 1994-08 ; FORD MUSTANG GT (OPT.), COBRA 1997 > ; FORD MUSTANG GT (OPT.), COBRA 1997-08"
"8b56bc6c-200f-4525-8021-149ff1d146ad","2002","ford","mustang","GT","google-ai-overview","tight","5x114.3","5x114.3","agree","70.5","70.3","disagree","1/2-20","1/2","disagree","FORD MUSTANG / GT 1994 > ; FORD MUSTANG / GT 1994-08 ; FORD MUSTANG GT (OPT.), COBRA 1997 > ; FORD MUSTANG GT (OPT.), COBRA 1997-08"
"b29bb21f-a722-4293-9547-4d6fd97520b3","2003","ford","mustang","Base/V6","google-ai-overview","tight","5x114.3","5x114.3","agree","70.5","70.3","disagree","1/2-20","1/2","disagree","FORD MUSTANG / GT 1994-08 ; FORD MUSTANG GT (OPT.), COBRA 1997 > ; FORD MUSTANG GT (OPT.), COBRA 1997-08"
"9b79135d-cd67-4639-8a4e-42b7396abba5","2003","ford","mustang","Cobra","google-ai-overview","tight","5x114.3","5x114.3","agree","70.5","70.3","disagree","1/2-20","1/2","disagree","FORD MUSTANG / GT 1994-08 ; FORD MUSTANG GT (OPT.), COBRA 1997 > ; FORD MUSTANG GT (OPT.), COBRA 1997-08"
"94b22ef7-463d-4dd3-bf6a-b948002bf4a3","2003","ford","mustang","GT","google-ai-overview","tight","5x114.3","5x114.3","agree","70.5","70.3","disagree","1/2-20","1/2","disagree","FORD MUSTANG / GT 1994-08 ; FORD MUSTANG GT (OPT.), COBRA 1997 > ; FORD MUSTANG GT (OPT.), COBRA 1997-08"
"93300a13-d584-4762-8ed2-157a7b0d109c","2004","ford","mustang","Base/V6","google-ai-overview","tight","5x114.3","5x114.3","agree","70.5","70.3","disagree","1/2-20","1/2","disagree","FORD MUSTANG / GT 1994-08 ; FORD MUSTANG GT (OPT.), COBRA 1997 > ; FORD MUSTANG GT (OPT.), COBRA 1997-08"
"f6bf4f25-a0c8-473a-8c85-e5dd9eef98c8","2004","ford","mustang","Cobra","google-ai-overview","tight","5x114.3","5x114.3","agree","70.5","70.3","disagree","1/2-20","1/2","disagree","FORD MUSTANG / GT 1994-08 ; FORD MUSTANG GT (OPT.), COBRA 1997 > ; FORD MUSTANG GT (OPT.), COBRA 1997-08"
"9f7bcfbe-60e2-4e77-a7cb-5ca5ef292ad5","2004","ford","mustang","GT","google-ai-overview","tight","5x114.3","5x114.3","agree","70.5","70.3","disagree","1/2-20","1/2","disagree","FORD MUSTANG / GT 1994-08 ; FORD MUSTANG GT (OPT.), COBRA 1997 > ; FORD MUSTANG GT (OPT.), COBRA 1997-08"
"95456f1e-f776-405a-9bb5-51210350d58a","2005","ford","mustang","Base","trim-research","tight","5x114.3","5x114.3","agree","70.5","70.3","disagree","M14x1.5","1/2","disagree","FORD MUSTANG / GT 1994-08 ; FORD MUSTANG GT (OPT.), COBRA 1997 > ; FORD MUSTANG GT (OPT.), COBRA 1997-08"
"0665eb04-717c-4488-a676-a4920e10e9f5","2005","ford","mustang","GT","trim-research","tight","5x114.3","5x114.3","agree","70.5","70.3","disagree","M14x1.5","1/2","disagree","FORD MUSTANG / GT 1994-08 ; FORD MUSTANG GT (OPT.), COBRA 1997 > ; FORD MUSTANG GT (OPT.), COBRA 1997-08"
"be240cb6-b803-49aa-9a5e-30800de44080","2005","ford","mustang","V6","trim-research","tight","5x114.3","5x114.3","agree","70.5","70.3","disagree","M14x1.5","1/2","disagree","FORD MUSTANG / GT 1994-08 ; FORD MUSTANG GT (OPT.), COBRA 1997 > ; FORD MUSTANG GT (OPT.), COBRA 1997-08"
"9a9cacc8-8a61-4fef-af7d-124bd3085ba6","2006","ford","mustang","Base","trim-research","tight","5x114.3","5x114.3","agree","70.5","70.3","disagree","M14x1.5","1/2","disagree","FORD MUSTANG / GT 1994-08 ; FORD MUSTANG GT (OPT.), COBRA 1997-08"
"adb3420f-65c7-4fae-ba81-ebe04c5fd70c","2006","ford","mustang","GT","trim-research","tight","5x114.3","5x114.3","agree","70.5","70.3","disagree","M14x1.5","1/2","disagree","FORD MUSTANG / GT 1994-08 ; FORD MUSTANG GT (OPT.), COBRA 1997-08"
"92d3a7e6-8990-4f6f-b3ed-097b2483c42a","2006","ford","mustang","V6","trim-research","tight","5x114.3","5x114.3","agree","70.5","70.3","disagree","M14x1.5","1/2","disagree","FORD MUSTANG / GT 1994-08 ; FORD MUSTANG GT (OPT.), COBRA 1997-08"
"cc4fa8d4-b426-45e5-a687-54053e0fff32","2007","ford","mustang","Base","trim-research","tight","5x114.3","5x114.3","agree","70.5","70.3","disagree","M14x1.5","1/2","disagree","FORD MUSTANG / GT 1994-08 ; FORD MUSTANG GT (OPT.), COBRA 1997-08"
"70f9fcc8-8d02-4b8d-8ba1-d426d38add17","2007","ford","mustang","GT","trim-research","tight","5x114.3","5x114.3","agree","70.5","70.3","disagree","M14x1.5","1/2","disagree","FORD MUSTANG / GT 1994-08 ; FORD MUSTANG GT (OPT.), COBRA 1997-08"
"5cd3fb92-73e3-48a6-a507-3e246f051bda","2007","ford","mustang","Shelby GT500","trim-research","tight","5x114.3","5x114.3","agree","70.5","70.3","disagree","M14x1.5","1/2","disagree","FORD MUSTANG / GT 1994-08 ; FORD MUSTANG GT (OPT.), COBRA 1997-08"
"d234c0a5-f8f2-4544-a4cb-2be3858d9a0b","2007","ford","mustang","V6","trim-research","tight","5x114.3","5x114.3","agree","70.5","70.3","disagree","M14x1.5","1/2","disagree","FORD MUSTANG / GT 1994-08 ; FORD MUSTANG GT (OPT.), COBRA 1997-08"
"ca38e8a9-51a2-4422-8ff3-ea56b18cbf13","2008","ford","mustang","Base","trim-research","tight","5x114.3","5x114.3","agree","70.5","70.3","disagree","M14x1.5","1/2","disagree","FORD MUSTANG / GT 1994-08 ; FORD MUSTANG GT (OPT.), COBRA 1997-08"
"a5f21c80-86d0-4edb-be57-292e60f228c6","2008","ford","mustang","Shelby GT500","trim-research","tight","5x114.3","5x114.3","agree","70.5","70.3","disagree","M14x1.5","1/2","disagree","FORD MUSTANG / GT 1994-08 ; FORD MUSTANG GT (OPT.), COBRA 1997-08"
"91f367d4-6da9-4a96-81f4-892c2bd3c082","2008","ford","mustang","V6","trim-research","tight","5x114.3","5x114.3","agree","70.5","70.3","disagree","M14x1.5","1/2","disagree","FORD MUSTANG / GT 1994-08 ; FORD MUSTANG GT (OPT.), COBRA 1997-08"
"d55a6940-60a1-4df6-a1de-f7527527fcc0","1990","ford","probe","Base","90s-research-batch","tight","5x114.3","5x114.3","agree","67.1","59.6","disagree","M12x1.5","M12x1.5","agree","FORD PROBE 1988-92 ; FORD PROBE GT 1988-97"
"c8c2b500-f377-4a55-bf1a-576577d62502","1991","ford","probe","Base","90s-research-batch","tight","5x114.3","5x114.3","agree","67.1","59.6","disagree","M12x1.5","M12x1.5","agree","FORD PROBE 1988-92 ; FORD PROBE GT 1988-97"
"4bab261b-bb5c-4e08-a814-e8fd8c0bbd2f","1992","ford","probe","Base","90s-research-batch","tight","5x114.3","5x114.3","agree","67.1","59.6","disagree","M12x1.5","M12x1.5","agree","FORD PROBE 1988-92 ; FORD PROBE GT 1988-97"
"c180f67c-a245-4e94-8789-16dd7f13d73c","1990","ford","ranger","Base","90s-research-batch","tight","5x114.3","5x114.3","agree","70.6","70.3","disagree","M12x1.5","1/2","disagree","FORD RANGER 2WD 1981-08 ; FORD RANGER 4WD 1983-08"
"c86cc7f5-5a4a-4bd1-b30a-b97f0e658c6a","1991","ford","ranger","Base","90s-research-batch","tight","5x114.3","5x114.3","agree","70.6","70.3","disagree","M12x1.5","1/2","disagree","FORD RANGER 2WD 1981-08 ; FORD RANGER 4WD 1983-08"
"eae1932f-8e61-4e36-9576-aef44cba69f2","1992","ford","ranger","Base","90s-research-batch","tight","5x114.3","5x114.3","agree","70.6","70.3","disagree","M12x1.5","1/2","disagree","FORD RANGER 2WD 1981-08 ; FORD RANGER 4WD 1983-08"
"67b33d6b-5e7a-4982-9493-d8956e5198e6","1993","ford","ranger","2WD","audit-2026-09-pass3-research","tight","5x114.3","5x114.3","agree","70.6","70.3","disagree","1/2-20","1/2","disagree","FORD RANGER 2WD 1981-08 ; FORD RANGER 4WD 1983-08"
"4711d4d8-45e5-4027-82a0-a51f47822c4e","1993","ford","ranger","4WD","audit-2026-09-pass3-research","tight","5x114.3","5x114.3","agree","70.6","70.3","disagree","1/2-20","1/2","disagree","FORD RANGER 2WD 1981-08 ; FORD RANGER 4WD 1983-08"
"bce62db1-584c-43ea-bbfa-f88038bcec79","1994","ford","ranger","2WD","audit-2026-09-pass3-research","tight","5x114.3","5x114.3","agree","70.6","70.3","disagree","1/2-20","1/2","disagree","FORD RANGER 2WD 1981-08 ; FORD RANGER 4WD 1983-08"
"3ea845e7-1a45-48dc-a76e-62b3e7878e9d","1994","ford","ranger","4WD","audit-2026-09-pass3-research","tight","5x114.3","5x114.3","agree","70.6","70.3","disagree","1/2-20","1/2","disagree","FORD RANGER 2WD 1981-08 ; FORD RANGER 4WD 1983-08"
"763c1381-84a4-4a5d-a82f-646ae2eaf9a6","1995","ford","ranger","2WD","audit-2026-09-pass3-research","tight","5x114.3","5x114.3","agree","70.6","70.3","disagree","1/2-20","1/2","disagree","FORD RANGER 2WD 1981-08 ; FORD RANGER 4WD 1983-08"
"6466efee-8d0e-42a9-a3ce-cc6027c73e52","1995","ford","ranger","4WD","audit-2026-09-pass3-research","tight","5x114.3","5x114.3","agree","70.6","70.3","disagree","1/2-20","1/2","disagree","FORD RANGER 2WD 1981-08 ; FORD RANGER 4WD 1983-08"
"e0f8216a-079a-4e23-94ab-63eaaba0e63c","1995","ford","ranger","Splash 2WD","audit-2026-09-pass3-research","tight","5x114.3","5x114.3","agree","70.6","70.3","disagree","1/2-20","1/2","disagree","FORD RANGER 2WD 1981-08 ; FORD RANGER 4WD 1983-08"
"b2dd9602-553b-4ec7-bf1a-b8be98a97114","1996","ford","ranger","2WD","audit-2026-09-pass3-research","tight","5x114.3","5x114.3","agree","70.6","70.3","disagree","1/2-20","1/2","disagree","FORD RANGER 2WD 1981-08 ; FORD RANGER 4WD 1983-08"
"328dc012-fc3f-489a-aa64-cc41e32e26dc","1996","ford","ranger","4WD","audit-2026-09-pass3-research","tight","5x114.3","5x114.3","agree","70.6","70.3","disagree","1/2-20","1/2","disagree","FORD RANGER 2WD 1981-08 ; FORD RANGER 4WD 1983-08"
"1271755b-cf71-4e62-8206-c996bc82937b","1996","ford","ranger","Splash 2WD","audit-2026-09-pass3-research","tight","5x114.3","5x114.3","agree","70.6","70.3","disagree","1/2-20","1/2","disagree","FORD RANGER 2WD 1981-08 ; FORD RANGER 4WD 1983-08"
"a77f6fc4-1491-45e5-85e8-3b3379479fa8","1997","ford","ranger","2WD","audit-2026-09-pass3-research","tight","5x114.3","5x114.3","agree","70.6","70.3","disagree","1/2-20","1/2","disagree","FORD RANGER 2WD 1981-08 ; FORD RANGER 4WD 1983-08"
"157ae498-f4f2-4fc9-b815-9cbed5c0dd2f","1998","ford","ranger","2WD","tire-guide-pro","tight","5x114.3","5x114.3","agree","70.6","70.3","disagree","1/2-20","1/2","disagree","FORD RANGER 2WD 1981-08 ; FORD RANGER 4WD 1983-08"
"4daac9ba-f6eb-421c-8d40-3a75e982247c","1998","ford","ranger","4WD","tire-guide-pro","tight","5x114.3","5x114.3","agree","70.6","70.3","disagree","1/2-20","1/2","disagree","FORD RANGER 2WD 1981-08 ; FORD RANGER 4WD 1983-08"
"f37322e1-93db-4967-ac50-4e16b7cd47e9","1998","ford","ranger","Splash 2WD","tire-guide-pro","tight","5x114.3","5x114.3","agree","70.6","70.3","disagree","1/2-20","1/2","disagree","FORD RANGER 2WD 1981-08 ; FORD RANGER 4WD 1983-08"
"03da19b0-4637-41e8-8acf-6b3afca9b6ce","1998","ford","ranger","Splash 4WD","tire-guide-pro","tight","5x114.3","5x114.3","agree","70.6","70.3","disagree","1/2-20","1/2","disagree","FORD RANGER 2WD 1981-08 ; FORD RANGER 4WD 1983-08"
"608517b4-c8c0-4c87-8cea-dcecdf8b7dbd","2000","ford","ranger","Lariat","cache-import [expanded]","tight","5x114.3","5x114.3","agree","70.5","70.3","disagree","M12x1.75","1/2","disagree","FORD RANGER 2WD 1981-08 ; FORD RANGER 4WD 1983-08"
"3d27971d-1374-4f70-a72e-b954cb8d25a1","2000","ford","ranger","XL","cache-import [expanded]","tight","5x114.3","5x114.3","agree","70.5","70.3","disagree","M12x1.75","1/2","disagree","FORD RANGER 2WD 1981-08 ; FORD RANGER 4WD 1983-08"
"5b58a535-c8c4-438b-bd0a-f7450fc59940","2000","ford","ranger","XL, XLT, Lariat, Tremor, Raptor","cache-import","tight","5x114.3","5x114.3","agree","70.5","70.3","disagree","M12x1.75","1/2","disagree","FORD RANGER 2WD 1981-08 ; FORD RANGER 4WD 1983-08"
"ca1a1117-70bf-403c-a04e-d08cd3f7dfb1","2000","ford","ranger","XLT","cache-import [expanded]","tight","5x114.3","5x114.3","agree","70.5","70.3","disagree","M12x1.75","1/2","disagree","FORD RANGER 2WD 1981-08 ; FORD RANGER 4WD 1983-08"
"23b1d1d4-b310-4f59-9cec-e6fcb8c05ef6","2000","ford","ranger","XLT","cache-import [expanded]","tight","5x114.3","5x114.3","agree","70.6","70.3","disagree","M12x1.75","1/2","disagree","FORD RANGER 2WD 1981-08 ; FORD RANGER 4WD 1983-08"
"76e54041-5aa0-4936-847d-e7bb94c59875","2001","ford","ranger","Lariat","cache-import [expanded]","tight","5x114.3","5x114.3","agree","70.5","70.3","disagree","M12x1.75","1/2","disagree","FORD RANGER 2WD 1981-08 ; FORD RANGER 4WD 1983-08"
"696459f2-871f-4b23-b8b2-669f969dba01","2001","ford","ranger","XL","cache-import [expanded]","tight","5x114.3","5x114.3","agree","70.5","70.3","disagree","M12x1.75","1/2","disagree","FORD RANGER 2WD 1981-08 ; FORD RANGER 4WD 1983-08"
"9bdc7dbb-e1bc-4652-965b-226f4377b968","2001","ford","ranger","XL, XLT, Lariat, Tremor, Raptor","cache-import","tight","5x114.3","5x114.3","agree","70.5","70.3","disagree","M12x1.75","1/2","disagree","FORD RANGER 2WD 1981-08 ; FORD RANGER 4WD 1983-08"
"52a9aa09-5529-4262-baed-1a40c1132ea2","2001","ford","ranger","XLT","cache-import [expanded]","tight","5x114.3","5x114.3","agree","70.6","70.3","disagree","M12x1.75","1/2","disagree","FORD RANGER 2WD 1981-08 ; FORD RANGER 4WD 1983-08"
"1b6f3535-9961-4fb7-b0a2-4a63025bfc06","2001","ford","ranger","XLT","cache-import [expanded]","tight","5x114.3","5x114.3","agree","70.5","70.3","disagree","M12x1.75","1/2","disagree","FORD RANGER 2WD 1981-08 ; FORD RANGER 4WD 1983-08"
"8d86cb2c-326a-42eb-95e5-d36a374f513e","2002","ford","ranger","Lariat","cache-import [expanded]","tight","5x114.3","5x114.3","agree","70.5","70.3","disagree","M12x1.75","1/2","disagree","FORD RANGER 2WD 1981-08 ; FORD RANGER 4WD 1983-08"
"2327e8b6-15b1-4638-8d13-cfeea978dc5e","2002","ford","ranger","XL","cache-import [expanded]","tight","5x114.3","5x114.3","agree","70.5","70.3","disagree","M12x1.75","1/2","disagree","FORD RANGER 2WD 1981-08 ; FORD RANGER 4WD 1983-08"
"1ba633e7-8928-4024-90d9-730bffb7809e","2002","ford","ranger","XLT","cache-import [expanded]","tight","5x114.3","5x114.3","agree","70.6","70.3","disagree","M12x1.75","1/2","disagree","FORD RANGER 2WD 1981-08 ; FORD RANGER 4WD 1983-08"
"99bfee0b-5f25-4df7-9bce-284fe1d0a778","2002","ford","ranger","XLT","cache-import [expanded]","tight","5x114.3","5x114.3","agree","70.5","70.3","disagree","M12x1.75","1/2","disagree","FORD RANGER 2WD 1981-08 ; FORD RANGER 4WD 1983-08"
"e3654ee7-0c72-4117-b0fa-553e6b21d199","2003","ford","ranger","Lariat","cache-import [expanded]","tight","5x114.3","5x114.3","agree","70.5","70.3","disagree","M12x1.75","1/2","disagree","FORD RANGER 2WD 1981-08 ; FORD RANGER 4WD 1983-08"
"9b596f5b-d4aa-4c67-92d3-dfd778df3d87","2003","ford","ranger","XL","cache-import [expanded]","tight","5x114.3","5x114.3","agree","70.5","70.3","disagree","M12x1.75","1/2","disagree","FORD RANGER 2WD 1981-08 ; FORD RANGER 4WD 1983-08"
"08717d35-1e81-4a53-8b20-098673c9a659","2003","ford","ranger","XL, XLT, Lariat, Tremor, Raptor","cache-import","tight","5x114.3","5x114.3","agree","70.5","70.3","disagree","M12x1.75","1/2","disagree","FORD RANGER 2WD 1981-08 ; FORD RANGER 4WD 1983-08"
"fa568ad1-6149-41d4-bbc7-9fa97c8618f9","2003","ford","ranger","XLT","cache-import [expanded]","tight","5x114.3","5x114.3","agree","70.6","70.3","disagree","M12x1.75","1/2","disagree","FORD RANGER 2WD 1981-08 ; FORD RANGER 4WD 1983-08"
"386f0bce-b5fb-408a-b54e-32c878c618d8","2003","ford","ranger","XLT","cache-import [expanded]","tight","5x114.3","5x114.3","agree","70.5","70.3","disagree","M12x1.75","1/2","disagree","FORD RANGER 2WD 1981-08 ; FORD RANGER 4WD 1983-08"
"2114a39c-7f23-430e-8bce-a7d6f9d16b5c","2004","ford","ranger","Lariat","cache-import [expanded]","tight","5x114.3","5x114.3","agree","70.5","70.3","disagree","M12x1.75","1/2","disagree","FORD RANGER 2WD 1981-08 ; FORD RANGER 4WD 1983-08"
"bea67b78-a439-4700-a92c-c18132027709","2004","ford","ranger","XL","cache-import [expanded]","tight","5x114.3","5x114.3","agree","70.5","70.3","disagree","M12x1.75","1/2","disagree","FORD RANGER 2WD 1981-08 ; FORD RANGER 4WD 1983-08"
"672e58c0-14a9-4bdb-b6a6-ff9791bbcb34","2004","ford","ranger","XLT","cache-import [expanded]","tight","5x114.3","5x114.3","agree","70.5","70.3","disagree","M12x1.75","1/2","disagree","FORD RANGER 2WD 1981-08 ; FORD RANGER 4WD 1983-08"
"76694fae-4971-451b-9781-cadbf2c7be2b","2005","ford","ranger","Lariat","cache-import [expanded]","tight","5x114.3","5x114.3","agree","70.5","70.3","disagree","M12x1.75","1/2","disagree","FORD RANGER 2WD 1981-08 ; FORD RANGER 4WD 1983-08"
"877e6eb2-a7b0-4f30-b16e-33f5538690f4","2005","ford","ranger","XL","cache-import [expanded]","tight","5x114.3","5x114.3","agree","70.5","70.3","disagree","M12x1.75","1/2","disagree","FORD RANGER 2WD 1981-08 ; FORD RANGER 4WD 1983-08"
"345b7110-c842-4dbb-9cd8-e9fd131b7828","2005","ford","ranger","XLT","cache-import [expanded]","tight","5x114.3","5x114.3","agree","70.5","70.3","disagree","M12x1.75","1/2","disagree","FORD RANGER 2WD 1981-08 ; FORD RANGER 4WD 1983-08"
"8bca0bbb-3842-4bb7-b879-b494085a7cd4","2005","ford","ranger","XLT","cache-import [expanded]","tight","5x114.3","5x114.3","agree","70.6","70.3","disagree","M12x1.75","1/2","disagree","FORD RANGER 2WD 1981-08 ; FORD RANGER 4WD 1983-08"
"05f6d5aa-6958-463d-8b68-d0ca17214a97","2006","ford","ranger","Lariat","cache-import [expanded]","tight","5x114.3","5x114.3","agree","70.5","70.3","disagree","M12x1.75","1/2","disagree","FORD RANGER 2WD 1981-08 ; FORD RANGER 4WD 1983-08"
"35cc9295-7b15-4350-b738-05d1a5e19067","2006","ford","ranger","XL","cache-import [expanded]","tight","5x114.3","5x114.3","agree","70.5","70.3","disagree","M12x1.75","1/2","disagree","FORD RANGER 2WD 1981-08 ; FORD RANGER 4WD 1983-08"
"070df771-2732-489b-bf0a-7bd7ecfe68ac","2006","ford","ranger","XL, XLT, Lariat, Tremor, Raptor","cache-import","tight","5x114.3","5x114.3","agree","70.5","70.3","disagree","M12x1.75","1/2","disagree","FORD RANGER 2WD 1981-08 ; FORD RANGER 4WD 1983-08"
"97ef6ee7-a1d2-4608-9eb8-2a5a73f068f6","2006","ford","ranger","XLT","cache-import [expanded]","tight","5x114.3","5x114.3","agree","70.5","70.3","disagree","M12x1.75","1/2","disagree","FORD RANGER 2WD 1981-08 ; FORD RANGER 4WD 1983-08"
"552188f2-d643-4181-bced-215682fff5b4","2006","ford","ranger","XLT","cache-import [expanded]","tight","5x114.3","5x114.3","agree","70.6","70.3","disagree","M12x1.75","1/2","disagree","FORD RANGER 2WD 1981-08 ; FORD RANGER 4WD 1983-08"
"1ca623d1-b1dc-4d7e-852d-7d6176aa019c","2006","ford","ranger","XLT","cache-import [expanded]","tight","5x114.3","5x114.3","agree","70.6","70.3","disagree","M12x1.75","1/2","disagree","FORD RANGER 2WD 1981-08 ; FORD RANGER 4WD 1983-08"
"d7518c9d-e353-44b0-b23e-42129db4141f","2007","ford","ranger","Lariat","cache-import [expanded]","tight","5x114.3","5x114.3","agree","70.5","70.3","disagree","M12x1.75","1/2","disagree","FORD RANGER 2WD 1981-08 ; FORD RANGER 4WD 1983-08"
"11689539-a275-4822-b9e3-53fa38def6bd","2007","ford","ranger","XL","cache-import [expanded]","tight","5x114.3","5x114.3","agree","70.5","70.3","disagree","M12x1.75","1/2","disagree","FORD RANGER 2WD 1981-08 ; FORD RANGER 4WD 1983-08"
"8159a5eb-3c07-4785-a834-3f5055761add","2007","ford","ranger","XL, XLT, Lariat, Tremor, Raptor","cache-import","tight","5x114.3","5x114.3","agree","70.5","70.3","disagree","M12x1.75","1/2","disagree","FORD RANGER 2WD 1981-08 ; FORD RANGER 4WD 1983-08"
"feaca07c-f136-4275-aa21-33d222035a79","2007","ford","ranger","XLT","cache-import [expanded]","tight","5x114.3","5x114.3","agree","70.6","70.3","disagree","M12x1.75","1/2","disagree","FORD RANGER 2WD 1981-08 ; FORD RANGER 4WD 1983-08"
"010ed559-ffd4-4cfa-9f36-64e9571b274a","2007","ford","ranger","XLT","cache-import [expanded]","tight","5x114.3","5x114.3","agree","70.5","70.3","disagree","M12x1.75","1/2","disagree","FORD RANGER 2WD 1981-08 ; FORD RANGER 4WD 1983-08"
"396026a7-719e-4e3f-a9be-5a1ea636c25f","2007","ford","ranger","XLT","cache-import [expanded]","tight","5x114.3","5x114.3","agree","70.6","70.3","disagree","M12x1.75","1/2","disagree","FORD RANGER 2WD 1981-08 ; FORD RANGER 4WD 1983-08"
"9b06e0d7-5fdf-48c9-9780-c37f7efa6563","2008","ford","ranger","Lariat","cache-import [expanded]","tight","5x114.3","5x114.3","agree","70.5","70.3","disagree","M12x1.75","1/2","disagree","FORD RANGER 2WD 1981-08 ; FORD RANGER 4WD 1983-08"
"65661284-aea1-4b88-b8fc-7c7af7031e6f","2008","ford","ranger","XL","cache-import [expanded]","tight","5x114.3","5x114.3","agree","70.5","70.3","disagree","M12x1.75","1/2","disagree","FORD RANGER 2WD 1981-08 ; FORD RANGER 4WD 1983-08"
"913dec80-6053-4c1a-8ff5-0db1228b7910","2008","ford","ranger","XL, XLT, Lariat, Tremor, Raptor","cache-import","tight","5x114.3","5x114.3","agree","70.5","70.3","disagree","M12x1.75","1/2","disagree","FORD RANGER 2WD 1981-08 ; FORD RANGER 4WD 1983-08"
"3d9535ac-945e-4206-b0ad-e7a49fcab1a0","2008","ford","ranger","XLT","cache-import [expanded]","tight","5x114.3","5x114.3","agree","70.5","70.3","disagree","M12x1.75","1/2","disagree","FORD RANGER 2WD 1981-08 ; FORD RANGER 4WD 1983-08"
"cb58bb79-51dd-445c-80f1-0567ef24c774","2006","ford","taurus","Base","google-ai-overview","tight","5x114.3","5x108","disagree","63.4","63.4","agree","M12x1.5","M12x1.5","agree","FORD TAURUS 1986-06"
"12336d26-ca3e-4cd4-b149-8c81e2846992","1995","ford","windstar","Base","90s-research-batch","tight","5x108","5x108","agree","67.1","63.4","disagree","M12x1.5","M12x1.5","agree","FORD WINDSTAR 1994-03"
"96c55f67-1b1d-4c0b-9ffa-296bf5671cff","1996","ford","windstar","Base","90s-research-batch","tight","5x108","5x108","agree","67.1","63.4","disagree","M12x1.5","M12x1.5","agree","FORD WINDSTAR 1994-03"
"c6b91453-360b-4208-9037-3164f9e125d0","1997","ford","windstar","Base","90s-research-batch","tight","5x108","5x108","agree","67.1","63.4","disagree","M12x1.5","M12x1.5","agree","FORD WINDSTAR 1994-03"
"1dd23dad-88d7-4551-8670-70f4a9e40dc9","1998","ford","windstar","Base","90s-research-batch","tight","5x108","5x108","agree","67.1","63.4","disagree","M12x1.5","M12x1.5","agree","FORD WINDSTAR 1994-03"
"bb8e0399-c242-448b-b3ad-be48c67d26b2","1999","ford","windstar","Base","90s-research-batch","tight","5x108","5x108","agree","67.1","63.4","disagree","M12x1.5","M12x1.5","agree","FORD WINDSTAR 1994-03"
"41aa3d4d-83a7-443c-9bdf-e671c2399f78","1992","geo","metro","Base","generation_template","tight","4x100","4x114.3","disagree","54","59.6","disagree","M12x1.25","M10x1.25|M12x1.25","agree","GEO METRO 1989-94 ; GEO METRO 1989-97 ; GEO METRO CONV. 1990-93 ; GEO METRO CONV. 1991-93"
"9e6b150c-714b-41f7-94d4-c0bcbc6e8032","1993","geo","metro","Base","generation_template","tight","4x100","4x114.3","disagree","54","59.6","disagree","M12x1.25","M10x1.25|M12x1.25","agree","GEO METRO 1989-94 ; GEO METRO 1989-97 ; GEO METRO CONV. 1990-93 ; GEO METRO CONV. 1991-93"
"4ddba2bf-0eb2-4d64-a442-a42c0f283861","1994","geo","metro","Base","generation_template","tight","4x100","4x114.3","disagree","54","59.6","disagree","M12x1.25","M10x1.25","disagree","GEO METRO 1989-94 ; GEO METRO 1989-97"
"9c22a190-0928-4e04-ae56-6f95b1b66e94","1995","geo","metro","Base","generation_template","tight","4x100","4x114.3","disagree","54","59.6","disagree","M12x1.25","M10x1.25|M12x1.25","agree","GEO METRO 1989-97 ; GEO METRO 1995-97"
"5cc0765d-8a7b-49da-b45c-8887cd223314","1996","geo","metro","Base","generation_template","tight","4x100","4x114.3","disagree","54","59.6","disagree","M12x1.25","M10x1.25|M12x1.25","agree","GEO METRO 1989-97 ; GEO METRO 1995-97"
"81d2d555-75ce-4ac1-920b-513efdf16237","1997","geo","metro","Base","generation_template","tight","4x100","4x114.3","disagree","54","59.6","disagree","M12x1.25","M10x1.25|M12x1.25","agree","GEO METRO 1989-97 ; GEO METRO 1995-97"
"4ce3835f-bd19-434c-a4ea-4923606bcd1a","1990","geo","storm","Base","generation_template","tight","4x100","4x100","agree","56.1","57.1","disagree","M12x1.5","M12x1.5","agree","GEO STORM 1990-93"
"0e311849-933f-4944-9375-6ff80adc9e16","1991","geo","storm","Base","generation_template","tight","4x100","4x100","agree","56.1","57.1","disagree","M12x1.5","M12x1.5|M10x1.25","agree","GEO STORM 1990-93 ; GEO STORM GSI 1991-93"
"f8ea37ef-b73a-426b-b75b-9dd78b62a79a","1992","geo","storm","Base","generation_template","tight","4x100","4x100","agree","56.1","57.1","disagree","M12x1.5","M12x1.5|M10x1.25","agree","GEO STORM 1990-93 ; GEO STORM GSI 1991-93"
"a355e222-9135-4a66-bfb8-f911509924dc","1993","geo","storm","Base","generation_template","tight","4x100","4x100","agree","56.1","57.1","disagree","M12x1.5","M12x1.5|M10x1.25","agree","GEO STORM 1990-93 ; GEO STORM GSI 1991-93"
"97ea87fe-639c-4463-aefc-d2fefa8e9070","2003","lincoln","aviator","Black Label","generation-baseline [expanded]","tight","5x114.3","5x114.3","agree","70.6","70.3","disagree","M14x2.0","1/2","disagree","LINCOLN AVIATOR 2003 > ; LINCOLN AVIATOR 2003-05"
"d9d64e7c-17f6-4931-a537-a25c431c8c49","1992","honda","accord","Base","trim-research","tight","5x114.3","4x114.3","disagree","64.1","64.1","agree","M12x1.5","M12x1.5","agree","HONDA ACCORD 1990-96 ; HONDA ACCORD EX, LX, WAGON 1990-97"
"4e7274d7-8550-4c3a-b0bf-29df6aed2db6","2009","honda","civic","EX","trim-research","tight","5x114.3","4x100","disagree","64.1","56.1","disagree","M12x1.5","M12x1.5","agree","HONDA CIVIC HYBRID 2003 > ; HONDA CIVIC SI HATCHBACK 2002 >"
"532bd1da-cce1-4549-adf1-5b634d6f7af8","2009","honda","civic","EX-L","trim-research","tight","5x114.3","4x100","disagree","64.1","56.1","disagree","M12x1.5","M12x1.5","agree","HONDA CIVIC HYBRID 2003 > ; HONDA CIVIC SI HATCHBACK 2002 >"
"761e3c64-9afe-45e8-bdbb-3f5d2cbf7b44","2009","honda","civic","LX, Sport, EX, EX-L, Touring, Si","trim-research","tight","5x114.3","4x100","disagree","64.1","56.1","disagree","M12x1.5","M12x1.5","agree","HONDA CIVIC HYBRID 2003 > ; HONDA CIVIC SI HATCHBACK 2002 >"
"57db373a-2a9a-437c-8935-c83e580bce55","2009","honda","civic","Si","trim-research","tight","5x114.3","4x100","disagree","64.1","56.1","disagree","M12x1.5","M12x1.5","agree","HONDA CIVIC HYBRID 2003 > ; HONDA CIVIC SI HATCHBACK 2002 >"
"0297a76c-cf59-4023-9266-cb68fe6e5c47","2009","honda","civic","Sport","cache-import [expanded]","tight","5x114.3","4x100","disagree","64.1","56.1","disagree","M12x1.5","M12x1.5","agree","HONDA CIVIC HYBRID 2003 > ; HONDA CIVIC SI HATCHBACK 2002 >"
"eccd9354-6a1e-43d9-9dca-02e52add6b30","2009","honda","civic","Touring","cache-import [expanded]","tight","5x114.3","4x100","disagree","64.1","56.1","disagree","M12x1.5","M12x1.5","agree","HONDA CIVIC HYBRID 2003 > ; HONDA CIVIC SI HATCHBACK 2002 >"
"afb64d21-cc08-414e-8cda-43a983f82685","2010","honda","civic","DX","trim-research","tight","5x114.3","4x100","disagree","64.1","56.1","disagree","M12x1.5","M12x1.5","agree","HONDA CIVIC HYBRID 2003 > ; HONDA CIVIC SI HATCHBACK 2002 >"
"f71cedbf-a9e4-4ee0-8011-3294b5905285","2010","honda","civic","EX","trim-research","tight","5x114.3","4x100","disagree","64.1","56.1","disagree","M12x1.5","M12x1.5","agree","HONDA CIVIC HYBRID 2003 > ; HONDA CIVIC SI HATCHBACK 2002 >"
"f5b143d8-7406-4c1b-a81f-6e9659c580d4","2010","honda","civic","EX-L","trim-research","tight","5x114.3","4x100","disagree","64.1","56.1","disagree","M12x1.5","M12x1.5","agree","HONDA CIVIC HYBRID 2003 > ; HONDA CIVIC SI HATCHBACK 2002 >"
"54b2ae56-4dc1-4afa-97e0-6c629833c8c6","2010","honda","civic","LX","trim-research","tight","5x114.3","4x100","disagree","64.1","56.1","disagree","M12x1.5","M12x1.5","agree","HONDA CIVIC HYBRID 2003 > ; HONDA CIVIC SI HATCHBACK 2002 >"
"81cc045f-5058-4021-9076-1188765cbd2e","2010","honda","civic","LX, Sport, EX, EX-L, Touring, Si","trim-research","tight","5x114.3","4x100","disagree","64.1","56.1","disagree","M12x1.5","M12x1.5","agree","HONDA CIVIC HYBRID 2003 > ; HONDA CIVIC SI HATCHBACK 2002 >"
"adeb6a19-c41f-476d-9057-faf4a11b229e","2010","honda","civic","Si","trim-research","tight","5x114.3","4x100","disagree","64.1","56.1","disagree","M12x1.5","M12x1.5","agree","HONDA CIVIC HYBRID 2003 > ; HONDA CIVIC SI HATCHBACK 2002 >"
"fba3d736-6977-4e05-a29d-d459ff2b76db","2010","honda","civic","Sport","cache-import [expanded]","tight","5x114.3","4x100","disagree","64.1","56.1","disagree","M12x1.5","M12x1.5","agree","HONDA CIVIC HYBRID 2003 > ; HONDA CIVIC SI HATCHBACK 2002 >"
"744145ff-ef2c-4da2-823f-e2c6cb5b992e","2011","honda","civic","DX","trim-research","tight","5x114.3","4x100","disagree","64.1","56.1","disagree","M12x1.5","M12x1.5","agree","HONDA CIVIC HYBRID 2003 >"
"58e3e432-f2e6-4b9f-96fc-d426892b0a36","2011","honda","civic","EX","trim-research","tight","5x114.3","4x100","disagree","64.1","56.1","disagree","M12x1.5","M12x1.5","agree","HONDA CIVIC HYBRID 2003 >"
"55c03f20-e260-4644-b7ac-ce157baf2bd4","2011","honda","civic","LX","trim-research","tight","5x114.3","4x100","disagree","64.1","56.1","disagree","M12x1.5","M12x1.5","agree","HONDA CIVIC HYBRID 2003 >"
"dd912852-2209-4b3a-b90f-a33a34f98e5f","2011","honda","civic","LX, Sport, EX, EX-L, Touring, Si","trim-research","tight","5x114.3","4x100","disagree","64.1","56.1","disagree","M12x1.5","M12x1.5","agree","HONDA CIVIC HYBRID 2003 >"
"5df45611-65d7-4fda-8ed5-ee86669baa2c","2011","honda","civic","Si","trim-research","tight","5x114.3","4x100","disagree","64.1","56.1","disagree","M12x1.5","M12x1.5","agree","HONDA CIVIC HYBRID 2003 >"
"5eb81383-7921-41ab-b7fd-ae918a784036","2011","honda","civic","Sport","cache-import [expanded]","tight","5x114.3","4x100","disagree","64.1","56.1","disagree","M12x1.5","M12x1.5","agree","HONDA CIVIC HYBRID 2003 >"
"89bb93ed-bbab-41f7-9242-e6761d643e13","2011","honda","civic","Touring","cache-import [expanded]","tight","5x114.3","4x100","disagree","64.1","56.1","disagree","M12x1.5","M12x1.5","agree","HONDA CIVIC HYBRID 2003 >"
"50619d7f-8e0b-4cfa-aa2d-2ba5849c1fb2","1997","honda","odyssey","Base","trim-research","tight","5x114.3","5x114.3","agree","64.1","70.3","disagree","M12x1.5","M12x1.5","agree","HONDA ODYSSEY 1995 > ; HONDA ODYSSEY 1995-04"
"787043ed-6adf-4a37-8d5f-a7910068ba75","1999","honda","odyssey","Base","trim-research","tight","5x114.3","5x114.3","agree","64.1","70.3","disagree","M12x1.5","M12x1.5","agree","HONDA ODYSSEY 1995 > ; HONDA ODYSSEY 1995-04"
"04b036a6-88b1-4cc0-8d41-de04cf7a0be8","2000","honda","odyssey","EX","trim-research","tight","5x114.3","5x114.3","agree","64.1","70.3","disagree","M12x1.5","M12x1.5","agree","HONDA ODYSSEY 1995 > ; HONDA ODYSSEY 1995-04"
"ddd585ee-636f-46b8-b0b1-5815908cfce6","2000","honda","odyssey","EX-L","trim-research","tight","5x114.3","5x114.3","agree","64.1","70.3","disagree","M12x1.5","M12x1.5","agree","HONDA ODYSSEY 1995 > ; HONDA ODYSSEY 1995-04"
"e4a2227f-3051-407a-8c3d-14928af686da","2001","honda","odyssey","EX","trim-research","tight","5x114.3","5x114.3","agree","64.1","70.3","disagree","M12x1.5","M12x1.5","agree","HONDA ODYSSEY 1995 > ; HONDA ODYSSEY 1995-04"
"f773d4e3-9c68-4bea-b86f-ed969c6ff693","2001","honda","odyssey","EX-L","trim-research","tight","5x114.3","5x114.3","agree","64.1","70.3","disagree","M12x1.5","M12x1.5","agree","HONDA ODYSSEY 1995 > ; HONDA ODYSSEY 1995-04"
"e02bb110-1203-4561-ba8b-9fba315a23c8","2001","honda","odyssey","LX","trim-research","tight","5x114.3","5x114.3","agree","64.1","70.3","disagree","M12x1.5","M12x1.5","agree","HONDA ODYSSEY 1995 > ; HONDA ODYSSEY 1995-04"
"034c3351-5776-4274-b4e3-bc422634666d","2002","honda","odyssey","EX-L","trim-research","tight","5x114.3","5x114.3","agree","64.1","70.3","disagree","M12x1.5","M12x1.5","agree","HONDA ODYSSEY 1995 > ; HONDA ODYSSEY 1995-04"
"3d4c6549-b6fa-491a-8fea-352a530cce9c","2003","honda","odyssey","EX","trim-research","tight","5x114.3","5x114.3","agree","64.1","70.3","disagree","M12x1.5","M12x1.5","agree","HONDA ODYSSEY 1995 > ; HONDA ODYSSEY 1995-04"
"35a4ceff-11a5-475f-8c01-61250ba6de31","2003","honda","odyssey","EX-L","trim-research","tight","5x114.3","5x114.3","agree","64.1","70.3","disagree","M12x1.5","M12x1.5","agree","HONDA ODYSSEY 1995 > ; HONDA ODYSSEY 1995-04"
"efc51e68-ed93-4ebb-bcc3-ae210199c943","2003","honda","odyssey","LX","trim-research","tight","5x114.3","5x114.3","agree","64.1","70.3","disagree","M12x1.5","M12x1.5","agree","HONDA ODYSSEY 1995 > ; HONDA ODYSSEY 1995-04"
"bb3d1cf6-3fdf-41c0-a3ec-58f8807ba821","2004","honda","odyssey","EX-L","trim-research","tight","5x114.3","5x114.3","agree","64.1","70.3","disagree","M12x1.5","M12x1.5","agree","HONDA ODYSSEY 1995-04"
"edbc1b86-d36d-41ff-869f-a28b68226d54","2004","honda","odyssey","LX","trim-research","tight","5x114.3","5x114.3","agree","64.1","70.3","disagree","M12x1.5","M12x1.5","agree","HONDA ODYSSEY 1995-04"
"46acfb2b-1acf-4dda-af4a-24a54f367151","1997","honda","passport","Base","90s-research-batch","tight","6x139.7","6x139.7","agree","107","108","disagree","M12x1.5","M12x1.5","agree","HONDA PASSPORT 1994-02 ; HONDA PASSPORT 1994-03"
"9661fc74-d310-4f49-94be-8458f34f10da","1998","honda","passport","Base","90s-research-batch","tight","6x139.7","6x139.7","agree","107","108","disagree","M12x1.5","M12x1.5","agree","HONDA PASSPORT 1994-02 ; HONDA PASSPORT 1994-03"
"40d0c507-a431-4196-a8ca-5439faea016e","1999","honda","passport","Base","90s-research-batch","tight","6x139.7","6x139.7","agree","107","108","disagree","M12x1.5","M12x1.5","agree","HONDA PASSPORT 1994-02 ; HONDA PASSPORT 1994-03"
"eaea6a5d-2af7-4cec-ac4f-14bcebe79871","2002","honda","passport","Base","google-ai-overview","tight","6x139.7","6x139.7","agree","100.1","108","disagree","M12x1.5","M12x1.5","agree","HONDA PASSPORT 1994-02 ; HONDA PASSPORT 1994-03"
"5989f692-6cc7-4379-8c10-a8d262235ae8","2003","honda","pilot","Elite","cache-import [expanded]","tight","5x120","5x114.3","disagree","64.1","64.1","agree","M12x1.5","M12x1.5","agree","HONDA PILOT 2003 > ; HONDA PILOT 2003-08"
"3e303bcb-ac5c-4252-8cd8-6263b495561e","2003","honda","pilot","Touring","cache-import [expanded]","tight","5x120","5x114.3","disagree","64.1","64.1","agree","M12x1.5","M12x1.5","agree","HONDA PILOT 2003 > ; HONDA PILOT 2003-08"
"567ce698-0882-4300-9cf1-922dc8990a38","2004","honda","pilot","Elite","cache-import [expanded]","tight","5x120","5x114.3","disagree","64.1","64.1","agree","M12x1.5","M12x1.5","agree","HONDA PILOT 2003 > ; HONDA PILOT 2003-08"
"870743e5-680c-473a-b6e2-4ca623fd4b2d","2004","honda","pilot","Touring","cache-import [expanded]","tight","5x120","5x114.3","disagree","64.1","64.1","agree","M12x1.5","M12x1.5","agree","HONDA PILOT 2003 > ; HONDA PILOT 2003-08"
"96a50409-5d0e-496a-850b-6173ed839454","2004","honda","pilot","TrailSport","cache-import [expanded]","tight","5x120","5x114.3","disagree","64.1","64.1","agree","M12x1.5","M12x1.5","agree","HONDA PILOT 2003 > ; HONDA PILOT 2003-08"
"1f184053-20bc-420a-82ee-d00cd017b642","2005","honda","pilot","Elite","cache-import [expanded]","tight","5x120","5x114.3","disagree","64.1","64.1","agree","M12x1.5","M12x1.5","agree","HONDA PILOT 2003 > ; HONDA PILOT 2003-08"
"241ebae9-f0c0-46b5-9efe-38c5eb2cc8e3","2005","honda","pilot","Touring","cache-import [expanded]","tight","5x120","5x114.3","disagree","64.1","64.1","agree","M12x1.5","M12x1.5","agree","HONDA PILOT 2003 > ; HONDA PILOT 2003-08"
"b88319c3-feab-42d5-850b-d33e1d925413","2005","honda","pilot","TrailSport","cache-import [expanded]","tight","5x120","5x114.3","disagree","64.1","64.1","agree","M12x1.5","M12x1.5","agree","HONDA PILOT 2003 > ; HONDA PILOT 2003-08"
"fb128b6a-d328-4a07-979f-870d2006205b","2006","honda","pilot","TrailSport","cache-import [expanded]","tight","5x120","5x114.3","disagree","64.1","64.1","agree","M12x1.5","M12x1.5","agree","HONDA PILOT 2003 > ; HONDA PILOT 2003-08"
"93c26f29-0ce8-477f-9484-34bbf7643a62","2007","honda","pilot","Elite","cache-import [expanded]","tight","5x120","5x114.3","disagree","64.1","64.1","agree","M12x1.5","M12x1.5","agree","HONDA PILOT 2003 > ; HONDA PILOT 2003-08"
"d3b447d1-4c23-4458-82b3-3694a523edc9","2007","honda","pilot","TrailSport","cache-import [expanded]","tight","5x120","5x114.3","disagree","64.1","64.1","agree","M12x1.5","M12x1.5","agree","HONDA PILOT 2003 > ; HONDA PILOT 2003-08"
"02b98477-6f89-4e2b-9768-40c987ff3e50","2008","honda","pilot","Elite","cache-import [expanded]","tight","5x120","5x114.3","disagree","64.1","64.1","agree","M12x1.5","M12x1.5","agree","HONDA PILOT 2003 > ; HONDA PILOT 2003-08"
"ca23a20a-d4dd-4417-9e12-80a43f3699d7","2008","honda","pilot","TrailSport","cache-import [expanded]","tight","5x120","5x114.3","disagree","64.1","64.1","agree","M12x1.5","M12x1.5","agree","HONDA PILOT 2003 > ; HONDA PILOT 2003-08"
"776ae045-c9c6-4fe5-8e47-7b0503774291","2009","honda","pilot","EX","trim-research","tight","5x120","5x114.3","disagree","64.1","64.1","agree","M12x1.5","M12x1.5","agree","HONDA PILOT 2003 >"
"c186c3b5-81bd-4042-b598-8908d165e0e1","2009","honda","pilot","Elite","cache-import [expanded]","tight","5x120","5x114.3","disagree","64.1","64.1","agree","M12x1.5","M12x1.5","agree","HONDA PILOT 2003 >"
"0c7555cd-1f07-4f2b-bf83-459a96151330","2009","honda","pilot","LX, EX, EX-L, Touring, Elite, TrailSport","trim-research","tight","5x120","5x114.3","disagree","64.1","64.1","agree","M12x1.5","M12x1.5","agree","HONDA PILOT 2003 >"
"de6c80ca-3e24-42eb-9020-041790b3ce2b","2009","honda","pilot","Touring","trim-research","tight","5x120","5x114.3","disagree","64.1","64.1","agree","M12x1.5","M12x1.5","agree","HONDA PILOT 2003 >"
"347d3d10-e412-43fb-a8c5-bc24aca55522","2009","honda","pilot","TrailSport","cache-import [expanded]","tight","5x120","5x114.3","disagree","64.1","64.1","agree","M12x1.5","M12x1.5","agree","HONDA PILOT 2003 >"
"4a15b16d-e92e-4afd-a680-62e1f5be17c2","2010","honda","pilot","EX","trim-research","tight","5x120","5x114.3","disagree","64.1","64.1","agree","M12x1.5","M12x1.5","agree","HONDA PILOT 2003 >"
"eb799ae2-815d-47a7-b6fb-ad00f9e6322d","2010","honda","pilot","EX-L","trim-research","tight","5x120","5x114.3","disagree","64.1","64.1","agree","M12x1.5","M12x1.5","agree","HONDA PILOT 2003 >"
"40536be3-86b3-4a17-9e81-41d41acb0ad6","2010","honda","pilot","Elite","cache-import [expanded]","tight","5x120","5x114.3","disagree","64.1","64.1","agree","M12x1.5","M12x1.5","agree","HONDA PILOT 2003 >"
"83108516-5788-450f-9cb2-202d104e1016","2010","honda","pilot","Touring","trim-research","tight","5x120","5x114.3","disagree","64.1","64.1","agree","M12x1.5","M12x1.5","agree","HONDA PILOT 2003 >"
"9e08f53f-1e65-4480-9660-d4e24bacd058","2010","honda","pilot","TrailSport","cache-import [expanded]","tight","5x120","5x114.3","disagree","64.1","64.1","agree","M12x1.5","M12x1.5","agree","HONDA PILOT 2003 >"
"3ff5d0ff-5d62-41a3-8b66-c8c955870cb3","2011","honda","pilot","EX-L","trim-research","tight","5x120","5x114.3","disagree","64.1","64.1","agree","M12x1.5","M12x1.5","agree","HONDA PILOT 2003 >"
"5f54c86c-8bf4-4aa8-ac4d-04290d4c00a4","2011","honda","pilot","LX","trim-research","tight","5x120","5x114.3","disagree","64.1","64.1","agree","M12x1.5","M12x1.5","agree","HONDA PILOT 2003 >"
"2e40059b-74c1-4cd0-a171-e178c9a28c99","2011","honda","pilot","LX, EX, EX-L, Touring, Elite, TrailSport","trim-research","tight","5x120","5x114.3","disagree","64.1","64.1","agree","M12x1.5","M12x1.5","agree","HONDA PILOT 2003 >"
"fcec8174-376b-4a7f-bd9d-b39803d1d18e","2011","honda","pilot","TrailSport","cache-import [expanded]","tight","5x120","5x114.3","disagree","64.1","64.1","agree","M12x1.5","M12x1.5","agree","HONDA PILOT 2003 >"
"167527be-c978-4a38-8d25-2fd68131d356","2003","toyota","prius","L Eco","trim-research","tight","5x100","4x100","disagree","54.1","54.1","agree","M12x1.5","M12x1.5","agree","TOYOTA PRIUS 2001-03"
"b703e11d-9dbe-414f-99aa-e1f1a7cda6dc","2003","toyota","prius","L Eco, LE, XLE, Limited","trim-research","tight","5x100","4x100","disagree","54.1","54.1","agree","M12x1.5","M12x1.5","agree","TOYOTA PRIUS 2001-03"
"9ec314c6-7622-4d72-a6aa-741ef37a5784","2003","toyota","prius","LE","trim-research","tight","5x100","4x100","disagree","54.1","54.1","agree","M12x1.5","M12x1.5","agree","TOYOTA PRIUS 2001-03"
"76d159e3-e944-4b96-a7de-041a623a4827","2003","toyota","prius","Limited","trim-research","tight","5x100","4x100","disagree","54.1","54.1","agree","M12x1.5","M12x1.5","agree","TOYOTA PRIUS 2001-03"
"3de1891a-6a2d-4ec9-85f2-017e7119e0ae","2003","toyota","prius","XLE","trim-research","tight","5x100","4x100","disagree","54.1","54.1","agree","M12x1.5","M12x1.5","agree","TOYOTA PRIUS 2001-03"
"15b42d63-d774-4b00-9c4d-472ff14c7243","2004","toyota","prius","L Eco","manual_seed_spec [expanded]","tight","5x114.3","4x100|5x100","disagree","60.1","54.1","disagree","M12x1.5","M12x1.5","agree","TOYOTA PRIUS 2004 > ; TOYOTA PRIUS 2004-08"
"dd988d1b-194d-4b3a-8fc4-a8923525d69c","2004","toyota","prius","L Eco, LE, XLE, Limited","manual_seed_spec","tight","5x114.3","4x100|5x100","disagree","60.1","54.1","disagree","M12x1.5","M12x1.5","agree","TOYOTA PRIUS 2004 > ; TOYOTA PRIUS 2004-08"
"36b1f123-6cbb-4f7b-93de-70a305ff8cbf","2004","toyota","prius","LE","manual_seed_spec [expanded]","tight","5x114.3","4x100|5x100","disagree","60.1","54.1","disagree","M12x1.5","M12x1.5","agree","TOYOTA PRIUS 2004 > ; TOYOTA PRIUS 2004-08"
"c733daf3-0c2f-4f79-a852-d97ca19fa1fa","2004","toyota","prius","Limited","manual_seed_spec [expanded]","tight","5x114.3","4x100|5x100","disagree","60.1","54.1","disagree","M12x1.5","M12x1.5","agree","TOYOTA PRIUS 2004 > ; TOYOTA PRIUS 2004-08"
"00a477f4-b9b4-4917-b711-851789abaccc","2004","toyota","prius","XLE","manual_seed_spec [expanded]","tight","5x114.3","4x100|5x100","disagree","60.1","54.1","disagree","M12x1.5","M12x1.5","agree","TOYOTA PRIUS 2004 > ; TOYOTA PRIUS 2004-08"
"03e48562-1203-45fb-ab86-053fb5ea4eba","2005","toyota","prius","L Eco","manual_seed_spec [expanded]","tight","5x114.3","4x100|5x100","disagree","60.1","54.1","disagree","M12x1.5","M12x1.5","agree","TOYOTA PRIUS 2004 > ; TOYOTA PRIUS 2004-08"
"eca3bf7a-3a13-418d-9061-efcc67d5c076","2005","toyota","prius","L Eco, LE, XLE, Limited","manual_seed_spec","tight","5x114.3","4x100|5x100","disagree","60.1","54.1","disagree","M12x1.5","M12x1.5","agree","TOYOTA PRIUS 2004 > ; TOYOTA PRIUS 2004-08"
"1db447b9-f7f1-4b14-b8f8-a6069705cf3f","2005","toyota","prius","LE","manual_seed_spec [expanded]","tight","5x114.3","4x100|5x100","disagree","60.1","54.1","disagree","M12x1.5","M12x1.5","agree","TOYOTA PRIUS 2004 > ; TOYOTA PRIUS 2004-08"
"471f7fa8-a918-4600-a75e-36333220abfc","2005","toyota","prius","Limited","manual_seed_spec [expanded]","tight","5x114.3","4x100|5x100","disagree","60.1","54.1","disagree","M12x1.5","M12x1.5","agree","TOYOTA PRIUS 2004 > ; TOYOTA PRIUS 2004-08"
"6225f253-198b-47eb-90a1-15e7e3443c1b","2005","toyota","prius","XLE","manual_seed_spec [expanded]","tight","5x114.3","4x100|5x100","disagree","60.1","54.1","disagree","M12x1.5","M12x1.5","agree","TOYOTA PRIUS 2004 > ; TOYOTA PRIUS 2004-08"
"05bf384e-0451-4b63-bc41-a271955489cf","2006","toyota","prius","L Eco","manual_seed_spec [expanded]","tight","5x114.3","4x100|5x100","disagree","60.1","54.1","disagree","M12x1.5","M12x1.5","agree","TOYOTA PRIUS 2004 > ; TOYOTA PRIUS 2004-08"
"d90b505e-9f2d-42ee-9d1f-b001244b21c2","2006","toyota","prius","L Eco, LE, XLE, Limited","manual_seed_spec","tight","5x114.3","4x100|5x100","disagree","60.1","54.1","disagree","M12x1.5","M12x1.5","agree","TOYOTA PRIUS 2004 > ; TOYOTA PRIUS 2004-08"
"acc7d889-c4a9-421d-a028-78e5b832d122","2006","toyota","prius","LE","manual_seed_spec [expanded]","tight","5x114.3","4x100|5x100","disagree","60.1","54.1","disagree","M12x1.5","M12x1.5","agree","TOYOTA PRIUS 2004 > ; TOYOTA PRIUS 2004-08"
"59ad4db6-8da9-45cf-95bb-32941112aacd","2006","toyota","prius","Limited","manual_seed_spec [expanded]","tight","5x114.3","4x100|5x100","disagree","60.1","54.1","disagree","M12x1.5","M12x1.5","agree","TOYOTA PRIUS 2004 > ; TOYOTA PRIUS 2004-08"
"b280e861-3388-45a5-9e15-52789b336f58","2006","toyota","prius","XLE","manual_seed_spec [expanded]","tight","5x114.3","4x100|5x100","disagree","60.1","54.1","disagree","M12x1.5","M12x1.5","agree","TOYOTA PRIUS 2004 > ; TOYOTA PRIUS 2004-08"
"63fb0305-9dcb-46ae-8928-f24707d25cb5","2007","toyota","prius","L Eco","manual_seed_spec [expanded]","tight","5x114.3","4x100|5x100","disagree","60.1","54.1","disagree","M12x1.5","M12x1.5","agree","TOYOTA PRIUS 2004 > ; TOYOTA PRIUS 2004-08"
"654f7da9-c13a-4e8f-80b5-de73203ce585","2007","toyota","prius","L Eco, LE, XLE, Limited","manual_seed_spec","tight","5x114.3","4x100|5x100","disagree","60.1","54.1","disagree","M12x1.5","M12x1.5","agree","TOYOTA PRIUS 2004 > ; TOYOTA PRIUS 2004-08"
"5b14c469-9a59-4170-9012-ad5de4a08214","2007","toyota","prius","LE","manual_seed_spec [expanded]","tight","5x114.3","4x100|5x100","disagree","60.1","54.1","disagree","M12x1.5","M12x1.5","agree","TOYOTA PRIUS 2004 > ; TOYOTA PRIUS 2004-08"
"1a49eb77-0b43-422f-ad8a-b40d2e136ccc","2007","toyota","prius","Limited","manual_seed_spec [expanded]","tight","5x114.3","4x100|5x100","disagree","60.1","54.1","disagree","M12x1.5","M12x1.5","agree","TOYOTA PRIUS 2004 > ; TOYOTA PRIUS 2004-08"
"d2ffb975-4e2c-4454-a1cb-ebc69b2c9168","2007","toyota","prius","XLE","manual_seed_spec [expanded]","tight","5x114.3","4x100|5x100","disagree","60.1","54.1","disagree","M12x1.5","M12x1.5","agree","TOYOTA PRIUS 2004 > ; TOYOTA PRIUS 2004-08"
"3c148ec7-fbbf-4bab-92d0-86ac5a8ffd56","2008","toyota","prius","L Eco","manual_seed_spec [expanded]","tight","5x114.3","4x100|5x100","disagree","60.1","54.1","disagree","M12x1.5","M12x1.5","agree","TOYOTA PRIUS 2004 > ; TOYOTA PRIUS 2004-08"
"90c232e5-cf93-4f61-888a-c28bfda0dc57","2008","toyota","prius","L Eco, LE, XLE, Limited","manual_seed_spec","tight","5x114.3","4x100|5x100","disagree","60.1","54.1","disagree","M12x1.5","M12x1.5","agree","TOYOTA PRIUS 2004 > ; TOYOTA PRIUS 2004-08"
"3a38e89c-0b55-47e4-8e52-4d57760946b4","2008","toyota","prius","LE","manual_seed_spec [expanded]","tight","5x114.3","4x100|5x100","disagree","60.1","54.1","disagree","M12x1.5","M12x1.5","agree","TOYOTA PRIUS 2004 > ; TOYOTA PRIUS 2004-08"
"94953a15-823d-45a5-afbf-dc18b0958cc9","2008","toyota","prius","Limited","manual_seed_spec [expanded]","tight","5x114.3","4x100|5x100","disagree","60.1","54.1","disagree","M12x1.5","M12x1.5","agree","TOYOTA PRIUS 2004 > ; TOYOTA PRIUS 2004-08"
"ded0e19d-8b63-4ecc-b05e-01c4f6def00a","2008","toyota","prius","XLE","manual_seed_spec [expanded]","tight","5x114.3","4x100|5x100","disagree","60.1","54.1","disagree","M12x1.5","M12x1.5","agree","TOYOTA PRIUS 2004 > ; TOYOTA PRIUS 2004-08"
"9d7ac273-4509-46d9-b49f-450128c0b9b7","2009","toyota","prius","L Eco","manual_seed_spec [expanded]","tight","5x114.3","4x100","disagree","60.1","54.1","disagree","M12x1.5","M12x1.5","agree","TOYOTA PRIUS 2004 >"
"e9f70e04-bc87-4524-96ea-1daf40bc50da","2009","toyota","prius","L Eco, LE, XLE, Limited","manual_seed_spec","tight","5x114.3","4x100","disagree","60.1","54.1","disagree","M12x1.5","M12x1.5","agree","TOYOTA PRIUS 2004 >"
"73d613da-1e56-4c9c-98c1-59decb092f7b","2009","toyota","prius","LE","manual_seed_spec [expanded]","tight","5x114.3","4x100","disagree","60.1","54.1","disagree","M12x1.5","M12x1.5","agree","TOYOTA PRIUS 2004 >"
"4420730a-e2f2-4580-8451-0a982b13e6ab","2009","toyota","prius","Limited","manual_seed_spec [expanded]","tight","5x114.3","4x100","disagree","60.1","54.1","disagree","M12x1.5","M12x1.5","agree","TOYOTA PRIUS 2004 >"
"ec2cc1ae-c46b-4a36-ba69-1c5ab3cbfe88","2009","toyota","prius","XLE","manual_seed_spec [expanded]","tight","5x114.3","4x100","disagree","60.1","54.1","disagree","M12x1.5","M12x1.5","agree","TOYOTA PRIUS 2004 >"
"e0ddb3d1-b276-447c-9630-06682ebafd5b","2010","toyota","prius","L Eco","manual_seed_spec [expanded]","tight","5x114.3","4x100","disagree","60.1","54.1","disagree","M12x1.5","M12x1.5","agree","TOYOTA PRIUS 2004 >"
"bc1ba5d2-8016-45fb-a308-235a9f371559","2010","toyota","prius","L Eco, LE, XLE, Limited","manual_seed_spec","tight","5x114.3","4x100","disagree","60.1","54.1","disagree","M12x1.5","M12x1.5","agree","TOYOTA PRIUS 2004 >"
"fdd35127-c5c0-44a7-89e9-4ba2e4d6b084","2010","toyota","prius","LE","manual_seed_spec [expanded]","tight","5x114.3","4x100","disagree","60.1","54.1","disagree","M12x1.5","M12x1.5","agree","TOYOTA PRIUS 2004 >"
"972020db-2fb0-496d-bec8-a336db83249f","2010","toyota","prius","Limited","manual_seed_spec [expanded]","tight","5x114.3","4x100","disagree","60.1","54.1","disagree","M12x1.5","M12x1.5","agree","TOYOTA PRIUS 2004 >"
"0b3fc95b-b3a2-4b24-b6e6-1985f00cc620","2010","toyota","prius","XLE","manual_seed_spec [expanded]","tight","5x114.3","4x100","disagree","60.1","54.1","disagree","M12x1.5","M12x1.5","agree","TOYOTA PRIUS 2004 >"
"6b49dd20-00cc-4052-a3a5-f86378874f68","2011","toyota","prius","L Eco","manual_seed_spec [expanded]","tight","5x114.3","4x100","disagree","60.1","54.1","disagree","M12x1.5","M12x1.5","agree","TOYOTA PRIUS 2004 >"
"e21e1ff9-e579-40b0-b34f-d7637680a66c","2011","toyota","prius","L Eco, LE, XLE, Limited","manual_seed_spec","tight","5x114.3","4x100","disagree","60.1","54.1","disagree","M12x1.5","M12x1.5","agree","TOYOTA PRIUS 2004 >"
"d6cf2126-c177-4fd3-8905-ea189db676a5","2011","toyota","prius","LE","manual_seed_spec [expanded]","tight","5x114.3","4x100","disagree","60.1","54.1","disagree","M12x1.5","M12x1.5","agree","TOYOTA PRIUS 2004 >"
"00171f27-39a0-44cd-b755-3e9cfb9ece67","2011","toyota","prius","Limited","manual_seed_spec [expanded]","tight","5x114.3","4x100","disagree","60.1","54.1","disagree","M12x1.5","M12x1.5","agree","TOYOTA PRIUS 2004 >"
"c7a21b04-43a9-4a8a-b6a9-f9513ecfa988","2011","toyota","prius","XLE","manual_seed_spec [expanded]","tight","5x114.3","4x100","disagree","60.1","54.1","disagree","M12x1.5","M12x1.5","agree","TOYOTA PRIUS 2004 >"
"6a2f2aab-7817-4130-8382-a4fc659f0e95","2012","toyota","prius","L Eco","manual_seed_spec [expanded]","tight","5x114.3","4x100","disagree","60.1","54.1","disagree","M12x1.5","M12x1.5","agree","TOYOTA PRIUS 2004 >"
"38053a3c-cb20-43ca-9446-3411a5a5d828","2012","toyota","prius","L Eco, LE, XLE, Limited","manual_seed_spec","tight","5x114.3","4x100","disagree","60.1","54.1","disagree","M12x1.5","M12x1.5","agree","TOYOTA PRIUS 2004 >"
"8f925ca3-6251-48fd-81aa-ff27adaef072","2012","toyota","prius","LE","manual_seed_spec [expanded]","tight","5x114.3","4x100","disagree","60.1","54.1","disagree","M12x1.5","M12x1.5","agree","TOYOTA PRIUS 2004 >"
"c3f74212-c137-48b0-9c55-6ddf4fe046e1","2012","toyota","prius","Limited","manual_seed_spec [expanded]","tight","5x114.3","4x100","disagree","60.1","54.1","disagree","M12x1.5","M12x1.5","agree","TOYOTA PRIUS 2004 >"
"6b00200d-b513-4035-b2c3-ef134a19fd9c","2012","toyota","prius","XLE","manual_seed_spec [expanded]","tight","5x114.3","4x100","disagree","60.1","54.1","disagree","M12x1.5","M12x1.5","agree","TOYOTA PRIUS 2004 >"
"352dedf6-18d6-4e5e-bacc-bf8977943265","1996","toyota","rav4","Base","trim-research","tight","5x100","5x114.3","disagree","60.1","67.1|60.1","agree","M12x1.5","M12x1.5","agree","TOYOTA RAV4 1996 > ; TOYOTA RAV4 1996-08"
"ef6d3632-36c9-4d2a-86c2-a1460ee5553c","1996","toyota","rav4","L","trim-research","tight","5x100","5x114.3","disagree","60.1","67.1|60.1","agree","M12x1.5","M12x1.5","agree","TOYOTA RAV4 1996 > ; TOYOTA RAV4 1996-08"
"4fd27ec9-5d7a-4002-b32e-34c3077feabb","1996","toyota","rav4","LE","trim-research","tight","5x100","5x114.3","disagree","60.1","67.1|60.1","agree","M12x1.5","M12x1.5","agree","TOYOTA RAV4 1996 > ; TOYOTA RAV4 1996-08"
"d1944a6e-b8bd-4dd5-9ee4-2d299edec471","1997","toyota","rav4","Base","trim-research","tight","5x100","5x114.3","disagree","60.1","67.1|60.1","agree","M12x1.5","M12x1.5","agree","TOYOTA RAV4 1996 > ; TOYOTA RAV4 1996-08"
"79386a6c-03dd-4c3c-a518-8aaf9b11f0a6","1997","toyota","rav4","L","trim-research","tight","5x100","5x114.3","disagree","60.1","67.1|60.1","agree","M12x1.5","M12x1.5","agree","TOYOTA RAV4 1996 > ; TOYOTA RAV4 1996-08"
"373d1984-ccca-47d3-b5a3-f8b9175cbe44","1997","toyota","rav4","LE","trim-research","tight","5x100","5x114.3","disagree","60.1","67.1|60.1","agree","M12x1.5","M12x1.5","agree","TOYOTA RAV4 1996 > ; TOYOTA RAV4 1996-08"
"adadd927-6a2f-41f7-bfb6-f31c83f540b1","1998","toyota","rav4","Base","trim-research","tight","5x100","5x114.3","disagree","60.1","67.1|60.1","agree","M12x1.5","M12x1.5","agree","TOYOTA RAV4 1996 > ; TOYOTA RAV4 1996-08"
"6c931fc8-fc4d-439f-ba27-bb6e4e0bbc7f","1998","toyota","rav4","L","trim-research","tight","5x100","5x114.3","disagree","60.1","67.1|60.1","agree","M12x1.5","M12x1.5","agree","TOYOTA RAV4 1996 > ; TOYOTA RAV4 1996-08"
"8f244f5b-9c1b-4f27-9247-a74eae606e2d","1998","toyota","rav4","LE","trim-research","tight","5x100","5x114.3","disagree","60.1","67.1|60.1","agree","M12x1.5","M12x1.5","agree","TOYOTA RAV4 1996 > ; TOYOTA RAV4 1996-08"
"f0577d9d-5f9e-4c4b-915e-cfb556b4af53","1999","toyota","rav4","Base","trim-research","tight","5x100","5x114.3","disagree","60.1","67.1|60.1","agree","M12x1.5","M12x1.5","agree","TOYOTA RAV4 1996 > ; TOYOTA RAV4 1996-08"
"bebb2745-6de0-40fa-8c52-5ee275e101b3","1999","toyota","rav4","L","trim-research","tight","5x100","5x114.3","disagree","60.1","67.1|60.1","agree","M12x1.5","M12x1.5","agree","TOYOTA RAV4 1996 > ; TOYOTA RAV4 1996-08"
"53476e46-b54f-4114-817b-2f9e51e928a9","1999","toyota","rav4","LE","trim-research","tight","5x100","5x114.3","disagree","60.1","67.1|60.1","agree","M12x1.5","M12x1.5","agree","TOYOTA RAV4 1996 > ; TOYOTA RAV4 1996-08"
"536c61d2-77d3-4612-906b-77641001d654","2001","toyota","sequoia","Limited","trim-research","tight","5x150","6x139.7","disagree","110.1","106|108","disagree","M12x1.5","M12x1.5","agree","TOYOTA SEQUOIA 2001 > ; TOYOTA SEQUOIA 2WD, 4WD 2001-07"
"ca0c61b4-85c4-42de-9b7d-75dc9f105618","2001","toyota","sequoia","SR5","trim-research","tight","5x150","6x139.7","disagree","110.1","106|108","disagree","M12x1.5","M12x1.5","agree","TOYOTA SEQUOIA 2001 > ; TOYOTA SEQUOIA 2WD, 4WD 2001-07"
"e37c30f5-07c1-464a-9220-33a993016ab1","2002","toyota","sequoia","Limited","trim-research","tight","5x150","6x139.7","disagree","110.1","106|108","disagree","M12x1.5","M12x1.5","agree","TOYOTA SEQUOIA 2001 > ; TOYOTA SEQUOIA 2WD, 4WD 2001-07"
"c55cae72-e57f-4e3f-9b1b-e04bb0aa0727","2002","toyota","sequoia","SR5","trim-research","tight","5x150","6x139.7","disagree","110.1","106|108","disagree","M12x1.5","M12x1.5","agree","TOYOTA SEQUOIA 2001 > ; TOYOTA SEQUOIA 2WD, 4WD 2001-07"
"ee078169-068a-48b0-b386-00ac41fbab3c","2003","toyota","sequoia","Limited","trim-research","tight","5x150","6x139.7","disagree","110.1","106|108","disagree","M12x1.5","M12x1.5","agree","TOYOTA SEQUOIA 2001 > ; TOYOTA SEQUOIA 2WD, 4WD 2001-07"
"2ecbd0ea-96ff-40a3-b6df-38bc05ec648c","2003","toyota","sequoia","SR5","trim-research","tight","5x150","6x139.7","disagree","110.1","106|108","disagree","M12x1.5","M12x1.5","agree","TOYOTA SEQUOIA 2001 > ; TOYOTA SEQUOIA 2WD, 4WD 2001-07"
"16edcd53-2813-461d-b769-d40369b9123b","2004","toyota","sequoia","Limited","trim-research","tight","5x150","6x139.7","disagree","110.1","106|108","disagree","M12x1.5","M12x1.5","agree","TOYOTA SEQUOIA 2001 > ; TOYOTA SEQUOIA 2WD, 4WD 2001-07"
"317a246a-dc09-46fb-9e27-dc9ecde096ca","2004","toyota","sequoia","SR5","trim-research","tight","5x150","6x139.7","disagree","110.1","106|108","disagree","M12x1.5","M12x1.5","agree","TOYOTA SEQUOIA 2001 > ; TOYOTA SEQUOIA 2WD, 4WD 2001-07"
"d589f674-a3fe-4980-b12e-77d2d7c1979c","2005","toyota","sequoia","Limited","trim-research","tight","5x150","6x139.7","disagree","110.1","106|108","disagree","M12x1.5","M12x1.5","agree","TOYOTA SEQUOIA 2001 > ; TOYOTA SEQUOIA 2WD, 4WD 2001-07"
"e595b6c6-0be6-40df-9d80-a480a31f0d97","2005","toyota","sequoia","SR5","trim-research","tight","5x150","6x139.7","disagree","110.1","106|108","disagree","M12x1.5","M12x1.5","agree","TOYOTA SEQUOIA 2001 > ; TOYOTA SEQUOIA 2WD, 4WD 2001-07"
"30bc3256-c5b6-4b4e-94d7-03a145d43727","2006","toyota","sequoia","Limited","trim-research","tight","5x150","6x139.7","disagree","110.1","106|108","disagree","M12x1.5","M12x1.5","agree","TOYOTA SEQUOIA 2001 > ; TOYOTA SEQUOIA 2WD, 4WD 2001-07"
"74c95a20-b6de-4d79-8caa-e70f3c11d07b","2006","toyota","sequoia","SR5","trim-research","tight","5x150","6x139.7","disagree","110.1","106|108","disagree","M12x1.5","M12x1.5","agree","TOYOTA SEQUOIA 2001 > ; TOYOTA SEQUOIA 2WD, 4WD 2001-07"
"6084d07d-df3c-4408-9e64-281c94778abd","2007","toyota","sequoia","Limited","trim-research","tight","5x150","6x139.7","disagree","110.1","106|108","disagree","M12x1.5","M12x1.5","agree","TOYOTA SEQUOIA 2001 > ; TOYOTA SEQUOIA 2WD, 4WD 2001-07"
"2b47e9c2-0a61-4eec-a6d8-5de633b85607","2007","toyota","sequoia","SR5","trim-research","tight","5x150","6x139.7","disagree","110.1","106|108","disagree","M12x1.5","M12x1.5","agree","TOYOTA SEQUOIA 2001 > ; TOYOTA SEQUOIA 2WD, 4WD 2001-07"
"ac761b52-3bcd-469e-81a0-849e64688ff0","2009","toyota","sequoia","Limited","trim-research","tight","5x150","6x139.7","disagree","110.1","106","disagree","M14x1.5","M12x1.5","disagree","TOYOTA SEQUOIA 2001 >"
"e030d757-7192-4b85-a62f-2f9164a3fdd4","2009","toyota","sequoia","Platinum","trim-research","tight","5x150","6x139.7","disagree","110.1","106","disagree","M14x1.5","M12x1.5","disagree","TOYOTA SEQUOIA 2001 >"
"45c3cf03-55b2-4df8-99e6-e8f503ffbc67","2009","toyota","sequoia","SR5","trim-research","tight","5x150","6x139.7","disagree","110.1","106","disagree","M14x1.5","M12x1.5","disagree","TOYOTA SEQUOIA 2001 >"
"145346e9-fcf3-4821-acef-f23f19e29d2e","2009","toyota","sequoia","SR5","trim-research","tight","5x150","6x139.7","disagree","110.1","106","disagree","M14x1.5","M12x1.5","disagree","TOYOTA SEQUOIA 2001 >"
"f19780fb-8ebe-4ca5-a04d-76d0585cea6b","2009","toyota","sequoia","SR5","trim-research","tight","5x150","6x139.7","disagree","110.1","106","disagree","M14x1.5","M12x1.5","disagree","TOYOTA SEQUOIA 2001 >"
"ef28ec6a-080b-4089-a389-0bf4c58cd337","2000","volkswagen","beetle","Base","catalog-gap-fill","tight","5x112","5x100","disagree","57.1","57.1","agree","M14x1.5","M14x1.5","agree","VOLKSWAGEN BEETLE COUPE, CONVERT 1998-08 ; VOLKSWAGEN BEETLE NEW 1998 > ; VOLKSWAGEN BEETLE TURBO (LARGER CALIPERS) 1998 > ; VOLKSWAGEN BEETLE TURBO (LARGER CALIPERS) & CABRIO 1998 >"
"7e6aa08f-471b-481d-9a0c-ad57740a17c2","2001","volkswagen","beetle","Base","catalog-gap-fill","tight","5x112","5x100","disagree","57.1","57.1","agree","M14x1.5","M14x1.5","agree","VOLKSWAGEN BEETLE COUPE, CONVERT 1998-08 ; VOLKSWAGEN BEETLE NEW 1998 > ; VOLKSWAGEN BEETLE TURBO (LARGER CALIPERS) 1998 > ; VOLKSWAGEN BEETLE TURBO (LARGER CALIPERS) & CABRIO 1998 >"
"aa1283a6-3231-41ed-9d0c-3e04fb8c2753","2002","volkswagen","beetle","Base","catalog-gap-fill","tight","5x112","5x100","disagree","57.1","57.1","agree","M14x1.5","M14x1.5","agree","VOLKSWAGEN BEETLE COUPE, CONVERT 1998-08 ; VOLKSWAGEN BEETLE NEW 1998 > ; VOLKSWAGEN BEETLE TURBO (LARGER CALIPERS) 1998 > ; VOLKSWAGEN BEETLE TURBO (LARGER CALIPERS) & CABRIO 1998 >"
"e07c2309-48ba-4e91-97cf-99618449a791","2003","volkswagen","beetle","Base","catalog-gap-fill","tight","5x112","5x100","disagree","57.1","57.1","agree","M14x1.5","M14x1.5","agree","VOLKSWAGEN BEETLE COUPE, CONVERT 1998-08 ; VOLKSWAGEN BEETLE NEW 1998 > ; VOLKSWAGEN BEETLE TURBO (LARGER CALIPERS) 1998 > ; VOLKSWAGEN BEETLE TURBO (LARGER CALIPERS) & CABRIO 1998 >"
"da239cf4-5f09-42fb-a77f-acb0a3066aac","2004","volkswagen","beetle","Base","catalog-gap-fill","tight","5x112","5x100","disagree","57.1","57.1","agree","M14x1.5","M14x1.5","agree","VOLKSWAGEN BEETLE COUPE, CONVERT 1998-08 ; VOLKSWAGEN BEETLE NEW 1998 > ; VOLKSWAGEN BEETLE TURBO (LARGER CALIPERS) 1998 > ; VOLKSWAGEN BEETLE TURBO (LARGER CALIPERS) & CABRIO 1998 >"
"d2bd6c3d-2856-416b-89f1-7a93fb1baf39","2005","volkswagen","beetle","Base","catalog-gap-fill","tight","5x112","5x100","disagree","57.1","57.1","agree","M14x1.5","M14x1.5","agree","VOLKSWAGEN BEETLE COUPE, CONVERT 1998-08 ; VOLKSWAGEN BEETLE NEW 1998 > ; VOLKSWAGEN BEETLE TURBO (LARGER CALIPERS) 1998 > ; VOLKSWAGEN BEETLE TURBO (LARGER CALIPERS) & CABRIO 1998 >"
"31c04b7c-85da-48e4-a79b-851bc53f73dc","2006","volkswagen","beetle","Base","catalog-gap-fill","tight","5x112","5x100","disagree","57.1","57.1","agree","M14x1.5","M14x1.5","agree","VOLKSWAGEN BEETLE COUPE, CONVERT 1998-08 ; VOLKSWAGEN BEETLE NEW 1998 > ; VOLKSWAGEN BEETLE TURBO (LARGER CALIPERS) 1998 > ; VOLKSWAGEN BEETLE TURBO (LARGER CALIPERS) & CABRIO 1998 >"
"d8c7c603-fb33-49bf-96cb-c6b655e89d99","2007","volkswagen","beetle","Base","catalog-gap-fill","tight","5x112","5x100","disagree","57.1","57.1","agree","M14x1.5","M14x1.5","agree","VOLKSWAGEN BEETLE COUPE, CONVERT 1998-08"
"8611d6cb-0b11-4828-b655-e8ad3d91d87a","2008","volkswagen","beetle","Base","catalog-gap-fill","tight","5x112","5x100","disagree","57.1","57.1","agree","M14x1.5","M14x1.5","agree","VOLKSWAGEN BEETLE COUPE, CONVERT 1998-08"
"e4930639-0669-422c-83c5-3b60d2165e95","2006","volkswagen","golf","S","cache-import [expanded]","tight","5x112","5x100","disagree","57.1","57.1","agree","M14x1.5","M14x1.5","agree","VOLKSWAGEN GOLF & GTI 1999 > ; VOLKSWAGEN GOLF GL, GLS 1999-06"
"9d9b79d3-db5a-4f32-b61a-709366c39c74","2006","volkswagen","golf","S, SE, SEL","cache-import","tight","5x112","5x100","disagree","57.1","57.1","agree","M14x1.5","M14x1.5","agree","VOLKSWAGEN GOLF & GTI 1999 > ; VOLKSWAGEN GOLF GL, GLS 1999-06"
"526fe87f-66c0-407d-b804-e32d67e6eff8","2006","volkswagen","golf","SE","cache-import [expanded]","tight","5x112","5x100","disagree","57.1","57.1","agree","M14x1.5","M14x1.5","agree","VOLKSWAGEN GOLF & GTI 1999 > ; VOLKSWAGEN GOLF GL, GLS 1999-06"
"0f412b0e-315d-4620-9955-8308faa42ddc","2006","volkswagen","golf","SEL","cache-import [expanded]","tight","5x112","5x100","disagree","57.1","57.1","agree","M14x1.5","M14x1.5","agree","VOLKSWAGEN GOLF & GTI 1999 > ; VOLKSWAGEN GOLF GL, GLS 1999-06"
"2bac6135-4774-4ab4-b519-75350538a804","2006","volkswagen","jetta","GLI","cache-import [expanded]","tight","5x112","5x100","disagree","57.1","57.1","agree","M14x1.5","M14x1.5","agree","VOLKSWAGEN JETTA 1999 >"
"9b993a6e-58df-4086-9c1b-4489a0c44d77","2006","volkswagen","jetta","S","cache-import [expanded]","tight","5x112","5x100","disagree","57.1","57.1","agree","M14x1.5","M14x1.5","agree","VOLKSWAGEN JETTA 1999 >"
"317eb3fe-cfcb-4c42-8682-bc4c5c9a5441","2006","volkswagen","jetta","S, Sport, SE, SEL, GLI","cache-import","tight","5x112","5x100","disagree","57.1","57.1","agree","M14x1.5","M14x1.5","agree","VOLKSWAGEN JETTA 1999 >"
"a482cff4-2e0f-47c9-98d2-054873a27962","2006","volkswagen","jetta","SE","cache-import [expanded]","tight","5x112","5x100","disagree","57.1","57.1","agree","M14x1.5","M14x1.5","agree","VOLKSWAGEN JETTA 1999 >"
"b94d5ce3-50f7-4d90-841b-3370634c4f2d","2006","volkswagen","jetta","SEL","cache-import [expanded]","tight","5x112","5x100","disagree","57.1","57.1","agree","M14x1.5","M14x1.5","agree","VOLKSWAGEN JETTA 1999 >"
"3cd2c07f-1b94-47a7-816f-3f66718e1214","2006","volkswagen","jetta","Sport","cache-import [expanded]","tight","5x112","5x100","disagree","57.1","57.1","agree","M14x1.5","M14x1.5","agree","VOLKSWAGEN JETTA 1999 >"
"4e04b787-2b9c-4f9f-9c37-7e0e02632a79","2007","volkswagen","jetta","GLI","cache-import [expanded]","tight","5x112","5x100","disagree","57.1","57.1","agree","M14x1.5","M14x1.5","agree","VOLKSWAGEN JETTA 1999 >"
"2e912df7-c196-430d-95dd-d831145efac7","2007","volkswagen","jetta","S","cache-import [expanded]","tight","5x112","5x100","disagree","57.1","57.1","agree","M14x1.5","M14x1.5","agree","VOLKSWAGEN JETTA 1999 >"
"da06b281-0188-49a8-8c92-423da1a565dc","2007","volkswagen","jetta","S, Sport, SE, SEL, GLI","cache-import","tight","5x112","5x100","disagree","57.1","57.1","agree","M14x1.5","M14x1.5","agree","VOLKSWAGEN JETTA 1999 >"
"ca4469fc-17a1-4c7e-82b0-eced22805842","2007","volkswagen","jetta","SE","cache-import [expanded]","tight","5x112","5x100","disagree","57.1","57.1","agree","M14x1.5","M14x1.5","agree","VOLKSWAGEN JETTA 1999 >"
"0b9b2cde-31a3-4701-ba20-cc4bdc6af2ac","2007","volkswagen","jetta","SEL","cache-import [expanded]","tight","5x112","5x100","disagree","57.1","57.1","agree","M14x1.5","M14x1.5","agree","VOLKSWAGEN JETTA 1999 >"
"2ac3f431-b25b-41f0-a5d8-d1632cc56976","2007","volkswagen","jetta","Sport","cache-import [expanded]","tight","5x112","5x100","disagree","57.1","57.1","agree","M14x1.5","M14x1.5","agree","VOLKSWAGEN JETTA 1999 >"
"1970991e-5559-40e1-97e5-86b85d7c2e5a","2007","mitsubishi","montero","Base","catalog-gap-fill","tight","5x114.3","6x139.7","disagree","67.1","67.1","agree","M12x1.5","M12x1.5","agree","MITSUBISHI MONTERO 2001 >"
"b895fc22-6378-408d-b584-261df70a07a3","2008","mitsubishi","montero","Base","catalog-gap-fill","tight","5x114.3","6x139.7","disagree","67.1","67.1","agree","M12x1.5","M12x1.5","agree","MITSUBISHI MONTERO 2001 >"
"38c2ab1c-1f2e-405c-8ef2-7a444910c882","2009","mitsubishi","montero","Base","catalog-gap-fill","tight","5x114.3","6x139.7","disagree","67.1","67.1","agree","M12x1.5","M12x1.5","agree","MITSUBISHI MONTERO 2001 >"
"a928c8c1-fd41-4233-bb9b-661cef4fe7e3","1990","oldsmobile","cutlass","Base","generation_template","tight","5x115","5x100","disagree","70.3","57.1","disagree","M12x1.5","M12x1.5","agree","OLDSMOBILE CIERA, CUTLASS 1982-91 ; OLDSMOBILE CUTLASS, CALAIS, CIERA 1982-91"
"0efb77c8-09b4-4ce9-831d-9f1675152a9f","1991","oldsmobile","cutlass","Base","generation_template","tight","5x115","5x100","disagree","70.3","57.1","disagree","M12x1.5","M12x1.5","agree","OLDSMOBILE CIERA, CUTLASS 1982-91 ; OLDSMOBILE CUTLASS, CALAIS, CIERA 1982-91"
"2b3e58a3-48f6-4093-baf7-b59f6df1a544","2003","volvo","xc90","Polestar Engineered","api_import [expanded]","tight","5x108","5x108","agree","63.4","65.1","disagree","M12x1.5","M14x1.5","disagree","VOLVO XC90 2003 > ; VOLVO XC90 2003-08"
"58ba36cd-7e3e-4b60-80ff-455a177189cf","2004","volvo","xc90","Momentum","api_import [expanded]","tight","5x108","5x108","agree","63.4","65.1","disagree","M12x1.5","M14x1.5","disagree","VOLVO XC90 2003 > ; VOLVO XC90 2003-08"
"29622939-ef01-407b-8e10-7841ef68bf1f","2004","volvo","xc90","Inscription","api_import [expanded]","tight","5x108","5x108","agree","63.4","65.1","disagree","M12x1.5","M14x1.5","disagree","VOLVO XC90 2003 > ; VOLVO XC90 2003-08"
"f012418c-0870-4c15-ab0c-3bd8cd263178","2004","volvo","xc90","Momentum, R-Design, Inscription, Polestar Engineered","api_import","tight","5x108","5x108","agree","63.4","65.1","disagree","M12x1.5","M14x1.5","disagree","VOLVO XC90 2003 > ; VOLVO XC90 2003-08"
"0add86a8-8a7e-40b6-b4f7-466467e41495","2004","volvo","xc90","R-Design","api_import [expanded]","tight","5x108","5x108","agree","63.4","65.1","disagree","M12x1.5","M14x1.5","disagree","VOLVO XC90 2003 > ; VOLVO XC90 2003-08"
"6ea75202-0167-463b-b8eb-b3760eec1eef","2004","volvo","xc90","Polestar Engineered","api_import [expanded]","tight","5x108","5x108","agree","63.4","65.1","disagree","M12x1.5","M14x1.5","disagree","VOLVO XC90 2003 > ; VOLVO XC90 2003-08"
"ddc5667c-f64b-4bd3-b1af-26e1a1dcf623","2003","saturn","ion","Base","generation_template","tight","5x115","4x100","disagree","70.3","57.1","disagree","M12x1.5","M12x1.5","agree","SATURN ION 2003 > ; SATURN ION 2003-07"
"3f37d8ea-1d84-48ad-a75b-598acbb5a6c8","2004","saturn","ion","Base","generation_template","tight","5x115","4x100","disagree","70.3","57.1","disagree","M12x1.5","M12x1.5","agree","SATURN ION 2003 > ; SATURN ION 2003-07"
"de155e71-83a4-46b6-a047-7acaded338df","2007","subaru","baja","Base","catalog-gap-fill","tight","5x114.3","5x100","disagree","56.1","56.1","agree","M12x1.25","M12x1.25","agree","SUBARU BAJA 2003 >"
"78ced013-8910-422b-901c-1e37553ae244","2007","volkswagen","golf","S","cache-import [expanded]","tight","5x112","5x100","disagree","57.1","57.1","agree","M14x1.5","M14x1.5","agree","VOLKSWAGEN GOLF & GTI 1999 >"
"1f6eb1ae-4b73-4fb7-aa50-a5a80826418d","2007","volkswagen","golf","SEL","cache-import [expanded]","tight","5x112","5x100","disagree","57.1","57.1","agree","M14x1.5","M14x1.5","agree","VOLKSWAGEN GOLF & GTI 1999 >"
"ceedd0fa-59e3-4c1b-ab64-24451b003fb9","2007","volkswagen","golf","S, SE, SEL","cache-import","tight","5x112","5x100","disagree","57.1","57.1","agree","M14x1.5","M14x1.5","agree","VOLKSWAGEN GOLF & GTI 1999 >"
"44c5cda4-4855-44b2-8348-3a42e65dcdc8","2007","volkswagen","golf","SE","cache-import [expanded]","tight","5x112","5x100","disagree","57.1","57.1","agree","M14x1.5","M14x1.5","agree","VOLKSWAGEN GOLF & GTI 1999 >"