year,make_slug,make,model,n_rows,match_level,nhtsa_match,nhtsa_type,epa_match,cross_make,gov_years_for_model,make_active_in_year
2003,chevrolet,chevrolet,express-2500,4,exact,Express,MPV,Express 1500/2500 2WD,,1996-2026,true
2007,chevrolet,chevrolet,express-2500,4,exact,Express,MPV,Express 1500/2500 2WD,,1996-2026,true
2000,ford,ford,f-450-super-duty,2,exact,F-250,MPV,,,1990-2026,true
2001,ford,ford,f-450-super-duty,2,exact,F-250,MPV,,,1990-2026,true
2023,ford,ford,mustang-shelby-gt500,2,exact,Mustang,Passenger Car,Mustang,,1990-2026,true
2002,chevrolet,chevrolet,express-3500,5,exact,Express,MPV,Express 1500/2500 2WD,,1996-2026,true
2010,chevrolet,chevrolet,express-3500,5,exact,Express,Truck,Express 1500 2WD Cargo,,1996-2026,true
2012,chevrolet,chevrolet,express-2500,4,exact,Express,MPV,Express 1500 2WD Cargo,,1996-2026,true
2006,mini,mini,cooper,6,exact,Cooper,Passenger Car,Cooper,,2002-2026,true
2022,porsche,porsche,cayenne,7,exact,Cayenne,MPV,Cayenne/Coupe E-Hybrid,,2003-2026,true
2022,nissan,nissan,armada,5,exact,Armada,MPV,Armada 2WD,,2002-2015 2017-2026,true
2020,nissan,nissan,armada,5,exact,Armada,MPV,Armada 2WD,,2002-2015 2017-2026,true
2020,chevrolet,chevrolet,express-2500,4,exact,Express,MPV,,,1996-2026,true
2010,ford,ford,f-450-super-duty,3,exact,F-250,Truck,,,1990-2026,true
2024,porsche,porsche,cayenne,7,exact,Cayenne,MPV,Cayenne,,2003-2026,true
1991,porsche,porsche,928,1,exact,928,Passenger Car,928 S4,,1990-1995,true
2005,gmc,gmc,savana-3500,5,exact,Savana,MPV,Savana 15/25 2WD Conversion (cargo),,1996-2026,true
2006,gmc,gmc,savana-1500,4,exact,Savana,MPV,Savana 15/25 2WD Conversion (cargo),,1996-2026,true
2018,bmw,bmw,640i-xdrive,2,family,640i,Passenger Car,640i Convertible,,2004-2010 2012-2019,true
2005,chevrolet,chevrolet,express-2500,4,exact,Express,MPV,Express 1500/2500 2WD,,1996-2026,true
2016,gmc,gmc,sierra-2500hd,5,exact,Sierra,Truck,Sierra C15 Cab Chassis 2WD,,1990-2026,true
2026,lexus,lexus,ls,4,exact,LS,Passenger Car,LS 500 AWD,,1990-2026,true
1992,porsche,porsche,928,1,exact,928,Passenger Car,,,1990-1995,true
2017,gmc,gmc,sierra-2500hd,5,exact,Sierra,Truck,Sierra 15 Hybrid 2WD,,1990-2026,true
2004,chevrolet,chevrolet,express-2500,4,exact,Express,MPV,Express 1500/2500 2WD,,1996-2026,true
2019,gmc,gmc,sierra-3500hd,4,exact,Sierra,Truck,Sierra LTD C15 2WD,,1990-2026,true
2020,gmc,gmc,sierra-3500hd,5,exact,Sierra,Truck,Sierra 2WD,,1990-2026,true
1993,porsche,porsche,928,1,exact,928,Passenger Car,928 GTS,,1990-1995,true
2022,gmc,gmc,sierra-3500hd,6,exact,Sierra,Truck,Sierra 2WD,,1990-2026,true
2012,acura,acura,tsx,4,exact,TSX,Passenger Car,TSX,,2004-2014,true
2013,acura,acura,tsx,4,exact,TSX,Passenger Car,TSX,,2004-2014,true
2014,acura,acura,tsx,4,exact,TSX,Passenger Car,TSX,,2004-2014,true
2010,acura,acura,rdx,5,exact,RDX,MPV,RDX 2WD,,2007-2026,true
2004,chevrolet,chevrolet,express-3500,5,exact,Express,MPV,Express 1500/2500 2WD,,1996-2026,true
2011,dodge,dodge,grand-caravan,5,exact,Grand Caravan,MPV,Grand Caravan,,1990-2023,true
2026,lexus,lexus,nx,6,exact,NX,MPV,NX 350h,,2015-2026,true
1994,porsche,porsche,928,1,exact,928,Passenger Car,928 GTS,,1990-1995,true
1995,porsche,porsche,928,1,exact,,,928 GTS,,1990-1995,true
2020,chevrolet,chevrolet,silverado-2500hd,6,exact,Silverado,Truck,Silverado 2WD,,1990-1993 1999-2026,true
2022,chevrolet,chevrolet,silverado-2500hd,8,exact,Silverado,Truck,Silverado 2WD,,1990-1993 1999-2026,true
2024,chevrolet,chevrolet,silverado-2500hd,8,exact,Silverado,Truck,Silverado 2WD,,1990-1993 1999-2026,true
2007,ford,ford,f-150,6,exact,F-150,Truck,F150 Pickup 2WD,,1990-2026,true
2003,chevrolet,chevrolet,silverado-3500hd,1,exact,Silverado,Truck,Silverado 1500 2WD,,1999-2026,true
2021,nissan,nissan,armada,5,exact,Armada,MPV,Armada 2WD,,2002-2015 2017-2026,true
2026,lincoln,lincoln,aviator,5,exact,Aviator,MPV,Aviator RWD,,2003-2005 2020-2026,true
1990,porsche,porsche,944,1,exact,944,Passenger Car,944 S2,,1990-1991,true
2000,acura,acura,nsx,1,exact,NSX,Passenger Car,NSX,,1990-2005 2016-2022,true
2017,volkswagen,volkswagen,passat,5,exact,Passat,Passenger Car,Passat,,1990-2022,true
1990,pontiac,pontiac,grand-am,3,exact,Grand AM,Passenger Car,Grand Am,,1990-2005,true
1991,pontiac,pontiac,grand-am,1,exact,Grand AM,Passenger Car,Grand Am,,1990-2005,true
1992,pontiac,pontiac,grand-am,1,exact,Grand AM,Passenger Car,Grand Am,,1990-2005,true
1999,pontiac,pontiac,grand-am,1,exact,Grand AM,Passenger Car,Grand Am,,1990-2005,true
2001,pontiac,pontiac,grand-am,1,exact,Grand AM,Passenger Car,Grand Am,,1990-2005,true
2009,gmc,gmc,savana-1500,4,exact,Savana,MPV,Savana 1500 2WD (cargo),,1996-2026,true
2025,infiniti,infiniti,q50,5,none,,,,,2014-2024,true
2011,ford,ford,f-250,6,exact,F-250,Truck,,,1990-2026,true
2016,subaru,subaru,outback,7,exact,Outback,MPV,Legacy AWD,,1990-2026,true
2009,gmc,gmc,savana-2500,4,exact,Savana,MPV,Savana 1500 2WD (cargo),,1996-2026,true
2001,chevrolet,chevrolet,express-3500,5,exact,Express,MPV,Express 1500/2500 2WD,,1996-2026,true
2009,ford,ford,e-250-econoline,1,exact,E-150,MPV,,,1990-2014,true
2026,buick,buick,encore-gx,5,exact,Encore GX,MPV,Encore GX FWD FFV,,2020-2026,true
2011,jeep,jeep,grand-cherokee,13,exact,Grand Cherokee,MPV,Grand Cherokee 2WD,,1993-2026,true
2023,buick,buick,encore-gx,6,exact,Encore GX,MPV,Encore GX FWD,,2020-2026,true
1994,porsche,porsche,968,1,exact,968,Passenger Car,968,,1992-1995,true
2024,porsche,porsche,taycan,1,exact,Taycan,Passenger Car,Taycan 4S Performance Battery Plus,,2020-2026,true
2023,kia,kia,sorento,7,exact,Sorento,MPV,Sorento Hybrid FWD,,2001-2009 2011-2026,true
2013,audi,audi,a6,5,exact,A6,Passenger Car,A6 quattro,,1995-2026,true
2017,ford,ford,f-450-super-duty,3,exact,F-250,Truck,,,1990-2026,true
1994,dodge,dodge,ram-2500,4,exact,Ram Van,MPV,Ram 1500 Pickup 2WD,,1990-2012,true
1996,dodge,dodge,ram-2500,4,exact,Ram,MPV,Ram 1500 Pickup 2WD,,1990-2012,true
2017,bmw,bmw,5-series,9,exact,535i,Passenger Car,550i xDrive Gran Turismo,,1990-1995 1997-2026,true
2005,jeep,jeep,grand-cherokee,11,exact,Grand Cherokee,MPV,Grand Cherokee 2WD,,1993-2026,true
2017,toyota,toyota,land-cruiser,3,exact,Land Cruiser,MPV,Land Cruiser Wagon 4WD,,1990-2021 2024-2026,true
2020,bmw,bmw,5-series,9,exact,530i,Passenger Car,530i,,1990-1995 1997-2026,true
2014,audi,audi,a6,5,exact,A6,Passenger Car,A6 quattro,,1995-2026,true
2008,gmc,gmc,envoy,3,exact,Envoy,MPV,Envoy 2WD,,2002-2009,true
2023,bmw,bmw,5-series,9,exact,530i,Passenger Car,530i Sedan,,1990-1995 1997-2026,true
2020,toyota,toyota,tacoma,6,exact,Tacoma,Truck,Tacoma 2WD,,1995-2026,true
2015,subaru,subaru,forester,7,exact,Forester,MPV,Forester AWD,,1998-2026,true
2012,jeep,jeep,grand-cherokee,14,exact,Grand Cherokee,MPV,Grand Cherokee 2WD,,1993-2026,true
2009,gmc,gmc,envoy,3,exact,Envoy,MPV,Envoy 2WD,,2002-2009,true
2024,nissan,nissan,armada,5,exact,Armada,MPV,Armada 2WD,,2002-2015 2017-2026,true
2013,jeep,jeep,grand-cherokee,14,exact,Grand Cherokee,MPV,Grand Cherokee 2WD,,1993-2026,true
2007,bmw,bmw,3-series,5,exact,328i,Passenger Car,328ci,,1990-2026,true
2013,chevrolet,chevrolet,silverado-2500hd,5,exact,Silverado,Truck,Silverado C15 2WD,,1990-1993 1999-2026,true
2015,jeep,jeep,grand-cherokee,14,exact,Grand Cherokee,MPV,Grand Cherokee 2WD,,1993-2026,true
2015,subaru,subaru,impreza,5,exact,Impreza,Passenger Car,WRX,,1993-2026,true
2016,audi,audi,s4,3,exact,S4,Passenger Car,S4,,1992-1994 2000-2002 2004-2016 2018-2025,true
1997,dodge,dodge,ram-2500,4,exact,Ram,MPV,Ram 1500 Pickup 2WD,,1990-2012,true
2022,buick,buick,encore-gx,4,exact,Encore GX,MPV,Encore GX FWD,,2020-2026,true
2022,jeep,jeep,grand-cherokee,16,exact,Grand Cherokee,MPV,Grand Cherokee 4WD,,1993-2026,true
2016,jeep,jeep,grand-cherokee,14,exact,Grand Cherokee,MPV,Grand Cherokee 2WD,,1993-2026,true
2024,jeep,jeep,grand-cherokee,16,exact,Grand Cherokee,MPV,Grand Cherokee 2WD,,1993-2026,true
2021,buick,buick,encore-gx,6,exact,Encore GX,MPV,Encore GX FWD,,2020-2026,true
2020,buick,buick,encore-gx,6,exact,Encore GX,MPV,Encore GX FWD,,2020-2026,true
2014,chevrolet,chevrolet,express-3500,5,exact,Express,MPV,Express 1500 2WD Cargo,,1996-2026,true
1992,chevrolet,chevrolet,lumina-apv,1,exact,Lumina,Passenger Car,Lumina,,1990-2001,true
2026,audi,audi,s4,4,none,,,,,1992-1994 2000-2002 2004-2016 2018-2025,true
1995,chevrolet,chevrolet,lumina-apv,1,exact,Lumina,MPV,Lumina/Monte Carlo,,1990-2001,true
1996,chevrolet,chevrolet,lumina-apv,1,exact,Lumina,Passenger Car,Lumina/Monte Carlo,,1990-2001,true
2019,jeep,jeep,grand-cherokee,16,exact,Grand Cherokee,MPV,Grand Cherokee 2WD,,1993-2026,true
1996,dodge,dodge,ram-3500,4,exact,Ram,MPV,Ram 1500 Pickup 2WD,,1990-2012,true
2014,gmc,gmc,savana-1500,4,exact,Savana,Truck,Savana 1500 2WD (cargo),,1996-2026,true
1994,lincoln,lincoln,town-car,5,exact,Town Car,Passenger Car,Town Car,,1990-2011,true
2026,acura,acura,mdx,6,exact,MDX,MPV,MDX FWD,,2001-2026,true
2025,land rover,landrover,range-rover,6,exact,Range Rover,MPV,Range Rover Velar,,1990-2026,true
2019,nissan,nissan,armada,5,exact,Armada,MPV,Armada 2WD,,2002-2015 2017-2026,true
2014,nissan,nissan,armada,5,exact,Armada,MPV,Armada 2WD,,2002-2015 2017-2026,true
2016,cadillac,cadillac,cts,6,exact,CTS,Passenger Car,CTS Sedan AWD,,2003-2019,true
2026,chevrolet,chevrolet,express-3500,5,exact,Express,Truck,,,1996-2026,true
2021,porsche,porsche,panamera,7,exact,Panamera,Passenger Car,Panamera,,2010-2026,true
2022,chevrolet,chevrolet,express-3500,5,exact,Express,Truck,,,1996-2026,true
2000,chevrolet,chevrolet,express-1500,6,exact,Express,MPV,Express 1500/2500 2WD,,1996-2026,true
2002,chevrolet,chevrolet,express-1500,6,exact,Express,MPV,Express 1500/2500 2WD,,1996-2026,true
2026,jeep,jeep,grand-cherokee,15,exact,Grand Cherokee,MPV,Grand Cherokee L 2WD,,1993-2026,true
2019,chevrolet,chevrolet,camaro,11,exact,Camaro,Passenger Car,Camaro,,1990-2002 2010-2024,true
2000,gmc,gmc,savana-1500,4,exact,Savana,MPV,Savana 1500/2500 2WD (cargo),,1996-2026,true
1996,buick,buick,park-avenue,1,exact,Park Avenue,Passenger Car,Park Avenue,,1990-2005,true
2002,dodge,dodge,ram-1500,5,exact,Ram,Passenger Car,Ram 1500 Pickup 2WD,,1990-2012,true
2026,toyota,toyota,gr86,3,exact,GR86,Passenger Car,,,2017-2020 2022-2026,true
2003,dodge,dodge,ram-1500,5,exact,Ram,Truck,Ram 1500 Pickup 2WD,,1990-2012,true
2008,dodge,dodge,ram-2500,4,exact,Ram,Truck,Ram 1500 Pickup 2WD,,1990-2012,true
2018,bmw,bmw,230i-xdrive,4,family,228i,Passenger Car,230i Coupe,,2014-2026,true
1997,ford,ford,club-wagon-e-150,1,exact,E-150,MPV,E150 Econoline 2WD,,1990-2014,true
2018,bmw,bmw,m240i-xdrive,4,family,228i,Passenger Car,230i Coupe,,2014-2026,true
1997,ford,ford,crown-victoria,1,exact,Crown Victoria,Passenger Car,Crown Victoria CNG,,1990-2011,true
2009,dodge,dodge,ram-3500,4,exact,Ram,Truck,Ram 1500 Pickup 2WD,,1990-2012,true
1994,ford,ford,e-250-econoline,1,exact,E-150,Truck,E150 Econoline 2WD,,1990-2014,true
1994,ford,ford,e-350-econoline,1,exact,E-150,Truck,E150 Econoline 2WD,,1990-2014,true
2000,dodge,dodge,grand-caravan,4,exact,Caravan/Grand Caravan,Truck,Caravan/Grand Caravan 2WD,,1990-2023,true
2016,dodge,dodge,grand-caravan,5,exact,Grand Caravan,MPV,Grand Caravan,,1990-2023,true
2020,ford,ford,f-450-super-duty,3,exact,F-250,Truck,,,1990-2026,true
2007,ford,ford,explorer-sport-trac,2,exact,Explorer,MPV,Explorer Sport Trac 2WD,,1991-2026,true
2026,subaru,subaru,outback,9,exact,Outback,MPV,Outback AWD,,1990-2026,true
2026,acura,acura,rdx,5,exact,RDX,MPV,RDX AWD,,2007-2026,true
1997,buick,buick,park-avenue,1,exact,Park Avenue,Passenger Car,Park Avenue,,1990-2005,true
1995,gmc,gmc,sierra-1500,4,exact,Sierra,Truck,Sierra 1500 2WD,,1990-2026,true
2025,land rover,landrover,range-rover-sport,4,exact,Range Rover Sport,MPV,Range Rover Sport MHEV,,2006-2026,true
2012,nissan,nissan,armada,5,exact,Armada,MPV,Armada 2WD,,2002-2015 2017-2026,true
1991,chevrolet,chevrolet,s10-blazer,1,exact,S-10 Pickup,MPV,S10 Pickup 2WD,,1990-2005 2019-2026,true
1992,bmw,bmw,3-series,3,exact,325i,Passenger Car,318i/318iS,,1990-2026,true
2020,buick,buick,regal-sportback,5,exact,Regal,Passenger Car,Regal,,1990-2004 2011-2020,true
2023,chevrolet,chevrolet,bolt-euv,2,exact,Bolt EV,Passenger Car,Bolt EUV,,2017-2023,true
2005,chrysler,chrysler,town-&-country,3,exact,Town and Country,MPV,Voyager/Town and Country 2WD,,1990-2016,true
2023,chevrolet,chevrolet,express-2500,4,exact,Express,Truck,,,1996-2026,true
2016,ford,ford,mustang-shelby-gt350,3,exact,Mustang,Passenger Car,Mustang,,1990-2026,true
2000,chevrolet,chevrolet,suburban-2500,2,exact,Suburban,MPV,Suburban 1500 2WD,,1990-2026,true
2023,subaru,subaru,crosstrek,6,exact,Crosstrek,MPV,Crosstrek AWD,,2012-2026,true
2023,chevrolet,chevrolet,express-3500,5,exact,Express,Truck,,,1996-2026,true
2022,toyota,toyota,tundra,8,exact,Tundra,Truck,Tundra 2WD,,1995-2026,true
2008,ford,ford,f-150,6,exact,F-150,Truck,F150 Pickup 2WD,,1990-2026,true
2026,ford,ford,explorer,8,exact,Explorer,MPV,Explorer RWD,,1991-2026,true
2021,land rover,landrover,range-rover-sport,10,exact,Range Rover Sport,MPV,Range Rover Sport,,2006-2026,true
2014,subaru,subaru,impreza-wrx-sti,3,exact,Impreza,Passenger Car,Impreza AWD,,1993-2026,true
2007,dodge,dodge,ram-1500,5,exact,Ram,Truck,Ram 1500 Pickup 2WD,,1990-2012,true
2022,land rover,landrover,range-rover-sport,10,exact,Range Rover Sport,MPV,Range Rover Sport,,2006-2026,true
1992,chrysler,chrysler,new-yorker,1,exact,New Yorker,Passenger Car,New Yorker,,1990-1997,true
2004,subaru,subaru,impreza,5,exact,Impreza,Passenger Car,Impreza AWD,,1993-2026,true
1998,chevrolet,chevrolet,express-1500,3,exact,Express,MPV,Express 1500/2500 2WD,,1996-2026,true
2006,chevrolet,chevrolet,express-1500,6,exact,Express,MPV,Express 1500/2500 2WD,,1996-2026,true
2026,acura,acura,tlx,6,none,,,,,2015-2025,true
2015,nissan,nissan,armada,5,exact,Armada,MPV,Armada 2WD,,2002-2015 2017-2026,true
2007,chevrolet,chevrolet,express-1500,6,exact,Express,MPV,Express 1500/2500 2WD,,1996-2026,true
2011,chevrolet,chevrolet,express-1500,6,exact,Express,MPV,Express 1500 2WD Cargo,,1996-2026,true
2003,chevrolet,chevrolet,express-1500,6,exact,Express,MPV,Express 1500/2500 2WD,,1996-2026,true
2012,chevrolet,chevrolet,express-1500,6,exact,Express,MPV,Express 1500 2WD Cargo,,1996-2026,true
2020,ford,ford,fusion,3,exact,Fusion,Passenger Car,Fusion FWD,,2006-2020,true
2015,buick,buick,enclave,8,exact,Enclave,MPV,Enclave FWD,,2007-2026,true
2012,buick,buick,enclave,8,exact,Enclave,MPV,Enclave FWD,,2007-2026,true
2023,tesla,tesla,model-s,3,exact,Model S,Passenger Car,Model S,,2012-2026,true
2025,kia,kia,ev6,6,exact,EV6,MPV,EV6 AWD GT,,2022-2026,true
2017,volkswagen,volkswagen,tiguan,6,exact,Tiguan,MPV,Tiguan,,2009-2026,true
2013,chevrolet,chevrolet,express-1500,6,exact,Express,MPV,Express 1500 2WD Cargo,,1996-2026,true
2008,mercedes-benz,mercedesbenz,e-class-amg,2,exact,E-Class,Passenger Car,E320 Bluetec,,1990-2026,true
2009,chevrolet,chevrolet,express-1500,6,exact,Express,MPV,Express 1500 2WD Passenger,,1996-2026,true
2010,chevrolet,chevrolet,express-1500,6,exact,Express,Truck,Express 1500 2WD Cargo,,1996-2026,true
1997,chevrolet,chevrolet,express-3500,1,exact,Express,MPV,Express 1500/2500 2WD,,1996-2026,true
2019,hyundai,hyundai,santa-fe,8,exact,Santa Fe,MPV,Santa Fe XL FWD,,2001-2026,true
1998,chevrolet,chevrolet,express-3500,1,exact,Express,MPV,Express 1500/2500 2WD,,1996-2026,true
2011,buick,buick,lacrosse,10,exact,LaCrosse,Passenger Car,LaCrosse,,2005-2019,true
2006,mercedes,mercedesbenz,c-class,15,exact,C-Class,Passenger Car,C230,,1994-2026,true
2022,acura,acura,rdx,5,exact,RDX,MPV,RDX FWD,,2007-2026,true
1995,chevrolet,chevrolet,g10-van,1,exact,G-Series,MPV,G10/20 Van 2WD,,1990-1996,true
2014,bmw,bmw,x6-m,2,exact,X6,MPV,X6 xDrive35i,,2008-2026,true
1990,chevrolet,chevrolet,g20-van,1,exact,G-Series,Truck,G30 Van 2WD,,1990-1996,true
1991,chevrolet,chevrolet,g20-van,1,exact,G-Series,MPV,G30 Van 2WD,,1990-1996,true
1992,chevrolet,chevrolet,g20-van,1,exact,G-Series,Truck,G30 Van 2WD,,1990-1996,true
1993,chevrolet,chevrolet,g20-van,1,exact,G-Series,Truck,G30 Van 2WD,,1990-1996,true
2024,ram,ram,1500-classic,2,exact,1500,Truck,1500 2WD,,2013-2026,true
1995,chevrolet,chevrolet,g20-van,1,exact,G-Series,MPV,G30 Van 2WD,,1990-1996,true
1994,chevrolet,chevrolet,g30-van,1,exact,G-Series,MPV,G30 Van 2WD,,1990-1996,true
1995,chevrolet,chevrolet,g30-van,1,exact,G-Series,MPV,G30 Van 2WD,,1990-1996,true
2014,buick,buick,lacrosse,10,exact,LaCrosse,Passenger Car,LaCrosse,,2005-2019,true
2013,nissan,nissan,armada,5,exact,Armada,MPV,Armada 2WD,,2002-2015 2017-2026,true
2017,jeep,jeep,cherokee,1,exact,Cherokee,MPV,Cherokee FWD,,1990-2011 2014-2023 2026,true
1995,chevrolet,chevrolet,s10-blazer,1,exact,Blazer,MPV,S10 Pickup 2WD,,1990-2005 2019-2026,true
1996,chevrolet,chevrolet,s10-blazer,1,exact,Blazer,MPV,S10 Pickup 2WD,,1990-2005 2019-2026,true
1997,chevrolet,chevrolet,s10-blazer,1,exact,Blazer,MPV,S10 Pickup 2WD,,1990-2005 2019-2026,true
1998,chevrolet,chevrolet,s10-blazer,1,exact,Blazer,MPV,S10 Pickup 2WD,,1990-2005 2019-2026,true
2022,chevrolet,chevrolet,silverado-1500,13,exact,Silverado,Truck,Silverado 2WD,,1990-2026,true
2021,chevrolet,chevrolet,silverado-1500,9,exact,Silverado,Truck,Silverado 2WD,,1990-2026,true
2025,chevrolet,chevrolet,silverado-1500,11,exact,Silverado,Truck,Silverado 2WD,,1990-2026,true
2024,ford,ford,ranger,6,exact,Ranger,Truck,Ranger 2WD,,1990-2011 2019-2026,true
2002,chevrolet,chevrolet,silverado-1500,3,exact,Silverado,Truck,Silverado 1500 2WD,,1990-2026,true
2023,chevrolet,chevrolet,silverado-1500,11,exact,Silverado,Truck,Silverado 2WD,,1990-2026,true
2024,chevrolet,chevrolet,silverado-1500,11,exact,Silverado,Truck,Silverado 2WD,,1990-2026,true
2004,chevrolet,chevrolet,avalanche-1500,1,exact,Avalanche,MPV,Avalanche 1500 2WD,,2002-2013,true
2003,bmw,bmw,6-series,2,none,,,,,2004-2010 2012-2019,true
2024,gmc,gmc,canyon,5,exact,Canyon,Truck,Canyon 4WD,,2004-2026,true
2012,ford,ford,fusion,4,exact,Fusion,Passenger Car,Fusion FWD,,2006-2020,true
2008,chevrolet,chevrolet,suburban-1500,5,exact,Suburban,MPV,Suburban 1500 2WD,,1990-2026,true
2009,chevrolet,chevrolet,suburban-1500,5,exact,Suburban,MPV,Suburban 1500 2WD,,1990-2026,true
2014,chevrolet,chevrolet,suburban-1500,5,exact,Suburban,MPV,Suburban C10 2WD,,1990-2026,true
2012,audi,audi,tt-s,1,exact,TT,Passenger Car,TT Roadster quattro,,2000-2006 2008-2023,true
2015,audi,audi,tt-s,1,exact,TT,Passenger Car,TT Roadster quattro,,2000-2006 2008-2023,true
2008,buick,buick,enclave,8,exact,Enclave,MPV,Enclave FWD,,2007-2026,true
2018,nissan,nissan,armada,4,exact,Armada,MPV,Armada 2WD,,2002-2015 2017-2026,true
2023,nissan,nissan,z,4,exact,,,Z,,2023-2026,true
2024,chevrolet,chevrolet,camaro,12,exact,Camaro,Passenger Car,Camaro,,1990-2002 2010-2024,true
2012,jaguar,jaguar,f-type,4,none,,,,,2014-2024,true
2007,chevrolet,chevrolet,suburban-1500,5,exact,Suburban,MPV,Suburban 1500 2WD,,1990-2026,true
2001,chevrolet,chevrolet,suburban-2500,2,exact,Suburban,MPV,Suburban 1500 2WD,,1990-2026,true
2006,chevrolet,chevrolet,suburban-2500,2,exact,Suburban,MPV,Suburban 1500 4WD,,1990-2026,true
2024,gmc,gmc,sierra-1500,9,exact,Sierra,Truck,Sierra 2WD,,1990-2026,true
2022,gmc,gmc,sierra-1500,15,exact,Sierra,Truck,Sierra 2WD,,1990-2026,true
2015,gmc,gmc,sierra-1500,10,exact,Sierra,Truck,Sierra C15 2WD,,1990-2026,true
2025,subaru,subaru,crosstrek,6,exact,Crosstrek,MPV,Crosstrek AWD,,2012-2026,true
2021,acura,acura,ilx,5,exact,ILX,Passenger Car,ILX,,2013-2022,true
2024,jeep,jeep,compass,7,exact,Compass,MPV,Compass 4WD,,2006-2026,true
2025,bmw,bmw,m5,4,exact,M5,Passenger Car,M5 Sedan,,1991-1993 2000-2003 2006-2010 2013-2023 2025-2026,true
2019,jeep,jeep,compass,6,exact,Compass,MPV,Compass FWD,,2006-2026,true
2003,chrysler,chrysler,town-&-country,4,exact,Town and Country,MPV,Town and Country/Voyager/Grand Voy. 2WD,,1990-2016,true
2010,mercedes-benz,mercedesbenz,cls-class-amg,2,exact,CLS-Class,Passenger Car,CLS550,,2005-2023,true
2001,chevrolet,chevrolet,express-1500,6,exact,Express,MPV,Express 1500/2500 2WD,,1996-2026,true
2022,bmw,bmw,m5,4,exact,M5,Passenger Car,M5 Sedan,,1991-1993 2000-2003 2006-2010 2013-2023 2025-2026,true
2005,mercedes-benz,mercedesbenz,slk-class-amg,2,exact,SLK-Class,Passenger Car,SLK350,,1998-2016,true
2001,bmw,bmw,5-series,3,exact,525i,Passenger Car,525i,,1990-1995 1997-2026,true
1994,oldsmobile,oldsmobile,cutlass-ciera,1,exact,Cutlass Supreme,Passenger Car,Cutlass Ciera,,1990-1999,true
1995,oldsmobile,oldsmobile,cutlass-ciera,1,exact,Cutlass Supreme,Passenger Car,Cutlass Ciera,,1990-1999,true
1990,oldsmobile,oldsmobile,cutlass-ciera,1,exact,Cutlass Supreme,Passenger Car,Cutlass Ciera,,1990-1999,true
1991,oldsmobile,oldsmobile,cutlass-supreme,1,exact,Cutlass Supreme,Passenger Car,Cutlass Ciera,,1990-1999,true
1992,oldsmobile,oldsmobile,cutlass-supreme,1,exact,Cutlass Supreme,Passenger Car,Cutlass Ciera,,1990-1999,true
2024,bmw,bmw,m5,4,none,,,,,1991-1993 2000-2003 2006-2010 2013-2023 2025-2026,true
2024,kia,kia,ev6,6,exact,EV6,MPV,EV6 Long Range RWD,,2022-2026,true
2024,kia,kia,forte,5,exact,Forte,Passenger Car,Forte,,2010-2024,true
2003,audi,audi,a8,1,exact,A8,Passenger Car,A8,,1997-2026,true
1994,chevrolet,chevrolet,blazer,1,exact,Blazer,MPV,S10 Pickup 2WD,,1990-2005 2019-2026,true
2008,mercedes-benz,mercedesbenz,e-class,15,exact,E-Class,Passenger Car,E320 Bluetec,,1990-2026,true
1990,chevrolet,chevrolet,cavalier,1,exact,Cavalier,Passenger Car,Cavalier,,1990-2005,true
1991,chevrolet,chevrolet,suburban,3,exact,Suburban,MPV,R1500 Suburban 2WD,,1990-2026,true
2011,ford,ford,edge,4,exact,Edge,MPV,Edge FWD,,2007-2024,true
1997,chevrolet,chevrolet,express-1500,3,exact,Express,MPV,Express 1500/2500 2WD,,1996-2026,true
1993,oldsmobile,oldsmobile,cutlass-supreme,1,exact,Cutlass Supreme,Passenger Car,Cutlass Ciera,,1990-1999,true
2002,ford,ford,f-250,4,exact,F-250,Truck,,,1990-2026,true
2026,bmw,bmw,m5,4,exact,M5,Passenger Car,M5 Sedan,,1991-1993 2000-2003 2006-2010 2013-2023 2025-2026,true
2021,chevrolet,chevrolet,camaro,11,exact,Camaro,Passenger Car,Camaro,,1990-2002 2010-2024,true
2021,land rover,landrover,range-rover,6,exact,Range Rover,MPV,Range Rover,,1990-2026,true
1998,chevrolet,chevrolet,k3500,1,exact,GMT-400,Truck,,,1990-2026,true
2015,toyota,toyota,highlander,11,exact,Highlander,MPV,Highlander 2WD,,2001-2026,true
1992,chevrolet,chevrolet,c3500,1,exact,GMT-400,Truck,,,1990-2026,true
1993,chevrolet,chevrolet,c3500,1,exact,GMT-400,Truck,,,1990-2026,true
2002,oldsmobile,oldsmobile,bravada,1,exact,Bravada,MPV,Bravada 2WD,,1991-2004,true
1996,ram,ram,3500,8,crossmake,Ram,MPV,,dodge,1990-2026,false
2019,subaru,subaru,legacy,6,exact,Legacy,Passenger Car,Legacy AWD,,1990-2026,true
1995,oldsmobile,oldsmobile,cutlass-supreme,1,exact,Cutlass Supreme,Passenger Car,Cutlass Ciera,,1990-1999,true
1997,oldsmobile,oldsmobile,cutlass-supreme,1,exact,Cutlass,Passenger Car,Cutlass,,1990-1999,true
2026,honda,honda,accord,11,exact,Accord,Passenger Car,Accord SE,,1990-2026,true
2024,kia,kia,telluride,8,exact,Telluride,MPV,Telluride FWD,,2020-2026,true
2010,chevrolet,chevrolet,suburban-1500,5,exact,Suburban,MPV,Suburban 1500 2WD,,1990-2026,true
2024,kia,kia,sportage,7,exact,Sportage,MPV,Sportage FWD,,1995-2026,true
2012,chevrolet,chevrolet,suburban-1500,5,exact,Suburban,MPV,Suburban 1500 2WD,,1990-2026,true
2000,jeep,jeep,grand-cherokee,8,exact,Grand Cherokee,MPV,Grand Cherokee 2WD,,1993-2026,true
2024,land rover,landrover,range-rover-sport,5,exact,Range Rover Sport,MPV,Range Rover Sport MHEV,,2006-2026,true
2017,land rover,landrover,range-rover-sport,9,exact,Range Rover Sport,MPV,Range Rover Sport,,2006-2026,true
2026,land rover,landrover,range-rover-sport,4,exact,Range Rover Sport,MPV,Range Rover Sport MHEV,,2006-2026,true
2024,toyota,toyota,prius,5,exact,Prius,Passenger Car,Prius,,2001-2026,true
2024,volkswagen,volkswagen,gti,4,exact,Golf GTI,Passenger Car,GTI,,1990-2026,true
2019,mercedes,mercedesbenz,a-class-amg,2,exact,A-Class,Passenger Car,A220,,2019-2022,true
2024,nissan,nissan,pathfinder,5,exact,Pathfinder,MPV,Pathfinder 2WD,,1990-2026,true
2015,toyota,toyota,tundra,8,exact,Tundra,Truck,Tundra 2WD,,1995-2026,true
2009,mazda,mazda,mazda5,3,exact,Mazda5,Passenger Car,5,,2003-2026,true
2023,ford,ford,f-450-super-duty,3,exact,F-250,Truck,,,1990-2026,true
2008,volkswagen,volkswagen,gli,1,exact,Jetta,Passenger Car,Jetta,,1990-2026,true
2019,land rover,landrover,range-rover-sport,10,exact,Range Rover Sport,MPV,Range Rover Sport,,2006-2026,true
2015,land rover,landrover,range-rover-sport,9,exact,Range Rover Sport,MPV,Range Rover Sport,,2006-2026,true
2015,subaru,subaru,wrx-sti,4,exact,WRX,Passenger Car,WRX,,1993-2026,true
2024,cadillac,cadillac,ct5,1,exact,CT5,Passenger Car,CT5,,2020-2026,true
2024,toyota,toyota,tacoma,8,exact,Tacoma,Truck,Tacoma SR5/Sport/PreRunner 2WD,,1995-2026,true
2008,audi,audi,q5,1,none,,,,,2009-2026,true
2017,subaru,subaru,wrx-sti,4,exact,WRX,Passenger Car,WRX,,1993-2026,true
2020,subaru,subaru,outback,10,exact,Outback,MPV,Outback AWD,,1990-2026,true
1991,oldsmobile,oldsmobile,cutlass-ciera,1,exact,Cutlass Supreme,Passenger Car,Cutlass Ciera,,1990-1999,true
1996,chrysler,chrysler,grand-voyager,1,exact,Voyager,MPV,,,1995-2005 2007-2009 2020-2026,true
1990,gmc,gmc,sierra-1500,4,exact,Sierra,MPV,Sierra 1500 2WD,,1990-2026,true
2006,bmw,bmw,5-series,5,exact,550i,MPV,525i,,1990-1995 1997-2026,true
2016,mercedes-benz,mercedesbenz,e-class-coupe,2,exact,E-Class,Passenger Car,E400 Coupe,,1990-2026,true
2021,mercedes,mercedesbenz,a-class-amg,2,exact,A-Class,Passenger Car,A220 4matic,,2019-2022,true
2025,mercedes-benz,mercedesbenz,e-class-amg,2,exact,E-Class,Passenger Car,E450 4matic,,1990-2026,true
2024,volkswagen,volkswagen,atlas,7,exact,Atlas,MPV,Atlas,,2018-2026,true
2026,toyota,toyota,tacoma,8,exact,Tacoma,Truck,Tacoma SR5/Sport/PreRunner 2WD,,1995-2026,true
1999,bmw,bmw,5-series,4,exact,528i,Passenger Car,528i,,1990-1995 1997-2026,true
2011,mercedes-benz,mercedesbenz,sl-class-amg,2,exact,SL-Class,Passenger Car,SL550,,1990-2009 2011-2026,true
2020,bmw,bmw,8-series,2,exact,840i,Passenger Car,840i Coupe,,1990-1997 2019-2026,true
2002,chrysler,chrysler,pt-cruiser,2,exact,PT Cruiser,MPV,PT Cruiser,,1995-2010,true
2003,chrysler,chrysler,pt-cruiser,2,exact,PT Cruiser,MPV,PT Cruiser,,1995-2010,true
2005,chrysler,chrysler,pt-cruiser,2,exact,PT Cruiser,Passenger Car,PT Cruiser,,1995-2010,true
2007,chrysler,chrysler,pt-cruiser,2,exact,PT Cruiser,Passenger Car,PT Cruiser Convertible,,1995-2010,true
2008,chrysler,chrysler,town-&-country,4,exact,Town and Country,MPV,Town and Country/Voyager/Grand Voy. 2WD,,1990-2016,true
2001,chrysler,chrysler,town-&-country,4,exact,Town and Country,MPV,Town and Country/Voyager/Grand Voy. 2WD,,1990-2016,true
2002,chrysler,chrysler,town-&-country,4,exact,Town and Country,MPV,Town and Country/Voyager/Grand Voy. 2WD,,1990-2016,true
2022,honda,honda,pilot,9,exact,Pilot,MPV,Pilot FWD,,2003-2026,true
2020,honda,honda,civic,15,exact,Civic,Passenger Car,Civic 5Dr,,1990-2026,true
2017,chevrolet,chevrolet,camaro,11,exact,Camaro,Passenger Car,Camaro,,1990-2002 2010-2024,true
1997,jeep,jeep,grand-cherokee,6,exact,Grand Cherokee,MPV,Grand Cherokee 2WD,,1993-2026,true
2001,gmc,gmc,savana-1500,4,exact,Savana,MPV,Savana 1500/2500 2WD (cargo),,1996-2026,true
2024,nissan,nissan,altima,6,exact,Altima,Passenger Car,Altima,,1993-2026,true
2012,kia,kia,forte,5,exact,Forte,Passenger Car,Forte Koup,,2010-2024,true
2016,acura,acura,ilx,5,exact,ILX,Passenger Car,ILX,,2013-2022,true
2020,ford,ford,f-250,8,exact,F-250,Truck,,,1990-2026,true
2023,ford,ford,f-250,8,exact,F-250,Truck,,,1990-2026,true
2020,infiniti,infiniti,qx60,5,exact,QX60,MPV,QX60 FWD,,2013-2026,true
2005,subaru,subaru,forester,7,exact,Forester,Passenger Car,Forester AWD,,1998-2026,true
2022,chrysler,chrysler,300,10,exact,300,Passenger Car,300,,1999-2023,true
2012,chrysler,chrysler,town-&-country,4,exact,Town and Country,MPV,Town and Country,,1990-2016,true
2011,chrysler,chrysler,town-&-country,4,exact,Town and Country,MPV,Town and Country,,1990-2016,true
1995,dodge,dodge,ram-1500,5,exact,Ram,MPV,Ram 1500 Pickup 2WD,,1990-2012,true
2009,chrysler,chrysler,town-&-country,4,exact,Town and Country,MPV,Town and Country,,1990-2016,true
2015,chrysler,chrysler,town-&-country,4,exact,Town and Country,Truck,Town and Country,,1990-2016,true
2006,chrysler,chrysler,300,3,exact,300,Passenger Car,300C AWD,,1999-2023,true
2015,buick,buick,encore,1,exact,Encore,MPV,Encore,,2013-2026,true
2019,chrysler,chrysler,300,10,exact,300,Passenger Car,300,,1999-2023,true
2005,chrysler,chrysler,300c,4,exact,300,Passenger Car,300C AWD,,1999-2023,true
2006,chrysler,chrysler,300c,4,exact,300,Passenger Car,300C AWD,,1999-2023,true
2009,chrysler,chrysler,300,3,exact,300,Passenger Car,300 AWD,,1999-2023,true
2004,chrysler,chrysler,town-&-country,4,exact,Town and Country,MPV,Town and Country/Voyager/Grand Voy. 2WD,,1990-2016,true
2009,ford,ford,f-250,4,exact,F-250,Truck,,,1990-2026,true
1997,chrysler,chrysler,town-&-country,1,exact,Town and Country,MPV,Town and Country 2WD,,1990-2016,true
1997,acura,acura,nsx,1,exact,NSX,Passenger Car,,,1990-2005 2016-2022,true
1998,chrysler,chrysler,town-&-country,1,exact,Town and Country,MPV,Town and Country 2WD,,1990-2016,true
2011,chevrolet,chevrolet,silverado-3500hd,4,exact,Silverado,Truck,Silverado C15 2WD,,1999-2026,true
2012,chevrolet,chevrolet,silverado-3500hd,4,exact,Silverado,Truck,Silverado C15 2WD,,1999-2026,true
2013,chevrolet,chevrolet,silverado-3500hd,4,exact,Silverado,Truck,Silverado C15 2WD,,1999-2026,true
2014,chevrolet,chevrolet,silverado-3500hd,4,exact,Silverado,Truck,Silverado C15 2WD,,1999-2026,true
1994,subaru,subaru,impreza,1,exact,Impreza,Passenger Car,Impreza,,1993-2026,true
2010,kia,kia,sorento,7,none,,,,,2001-2009 2011-2026,true
2019,gmc,gmc,sierra-2500hd,5,exact,Sierra,Truck,Sierra LTD C15 2WD,,1990-2026,true
2016,chrysler,chrysler,town-&-country,4,exact,Town and Country,MPV,Town and Country,,1990-2016,true
2006,jeep,jeep,wrangler,5,exact,Wrangler,MPV,Wrangler/TJ 4WD,,1990-2026,true
2012,kia,kia,sorento,7,exact,Sorento,MPV,Sorento 2WD,,2001-2009 2011-2026,true
2012,bmw,bmw,3-series,5,exact,328i,Passenger Car,328i Coupe,,1990-2026,true
2020,bmw,bmw,2-series,1,exact,228i,Passenger Car,230i Coupe,,2014-2026,true
2023,hyundai,hyundai,santa-fe,7,exact,Santa Fe,MPV,Santa Fe Hybrid,,2001-2026,true
1996,acura,acura,nsx,1,exact,NSX,Passenger Car,NSX,,1990-2005 2016-2022,true
2025,acura,acura,mdx,6,exact,MDX,MPV,MDX FWD,,2001-2026,true
2017,dodge,dodge,durango,1,exact,Durango,MPV,Durango RWD,,1995-2009 2011-2026,true
2022,lexus,lexus,gx,6,exact,GX,MPV,GX 460,,2003-2026,true
2009,chevrolet,chevrolet,silverado-3500hd,4,exact,Silverado,Truck,Silverado C15 2WD,,1999-2026,true
2019,honda,honda,cr-v,5,exact,CR-V,MPV,CR-V FWD,,1997-2026,true
1998,toyota,toyota,land-cruiser,1,exact,Land Cruiser,MPV,Land Cruiser Wagon 4WD,,1990-2021 2024-2026,true
2019,gmc,gmc,sierra-1500,13,exact,Sierra,Truck,Sierra LTD C15 2WD,,1990-2026,true
2004,gmc,gmc,sierra-1500,2,exact,Sierra,Truck,Sierra 15 Hybrid 2WD,,1990-2026,true
1996,dodge,dodge,ram-1500,5,exact,Ram,MPV,Ram 1500 Pickup 2WD,,1990-2012,true
2025,ford,ford,bronco,7,exact,Bronco,MPV,Bronco Raptor 4WD,,1990-1996 2021-2026,true
2023,chevrolet,chevrolet,camaro,12,exact,Camaro,Passenger Car,Camaro,,1990-2002 2010-2024,true
1997,dodge,dodge,ram-1500,5,exact,Ram,MPV,Ram 1500 Pickup 2WD,,1990-2012,true
1998,dodge,dodge,ram-1500,5,exact,Ram,MPV,Ram 1500 Pickup 2WD,,1990-2012,true
1995,dodge,dodge,ram-2500,4,exact,Ram,MPV,Ram 1500 Pickup 2WD,,1990-2012,true
1998,dodge,dodge,ram-3500,4,exact,Ram,MPV,Ram 1500 Pickup 2WD,,1990-2012,true
1999,dodge,dodge,ram-3500,4,exact,Ram,MPV,Ram 1500 Pickup 2WD,,1990-2012,true
2025,nissan,nissan,pathfinder,5,exact,Pathfinder,MPV,Pathfinder 2WD,,1990-2026,true
1991,dodge,dodge,ram-van-b250,1,exact,Ram Van,MPV,B150/B250 Van 2WD,,1990-2012,true
2015,land rover,landrover,discovery-sport,2,exact,Discovery Sport,MPV,Discovery Sport,,2015-2026,true
2022,audi,audi,e-tron-s,1,exact,e-tron,MPV,e-tron S (20in wheels),,2019-2025,true
2011,dodge,dodge,challenger,6,exact,Challenger,Passenger Car,Challenger,,2008-2023,true
1990,bmw,bmw,5-series,2,exact,535i,Passenger Car,525i,,1990-1995 1997-2026,true
2023,jeep,jeep,grand-wagoneer,2,exact,Grand Wagoneer,MPV,Grand Wagoneer 4WD,,1990-1993 2022-2026,true
2024,land rover,landrover,range-rover-velar,2,exact,Range Rover Velar,MPV,Range Rover Velar,,2018-2026,true
2025,toyota,toyota,tacoma,8,exact,Tacoma,Truck,Tacoma SR5/Sport/PreRunner 2WD,,1995-2026,true
2013,kia,kia,sorento,7,exact,Sorento,MPV,Sorento 2WD,,2001-2009 2011-2026,true
2025,volkswagen,volkswagen,atlas,7,exact,Atlas,MPV,Atlas 4motion Peak Edition,,2018-2026,true
1993,ford,ford,club-wagon-e-150,1,exact,E-150,MPV,E150 Econoline 2WD,,1990-2014,true
1994,ford,ford,club-wagon-e-150,1,exact,E-150,Truck,E150 Econoline 2WD,,1990-2014,true
1995,ford,ford,club-wagon-e-150,1,exact,E-150,MPV,E150 Econoline 2WD,,1990-2014,true
1996,ford,ford,club-wagon-e-150,1,exact,E-150,MPV,E150 Econoline 2WD,,1990-2014,true
1998,ford,ford,club-wagon-e-150,1,exact,E-150,MPV,E150 Econoline 2WD,,1990-2014,true
2022,bmw,bmw,x3-m,2,exact,X3,MPV,X3 sDrive30i,,2004-2026,true
2010,bmw,bmw,x5-m,2,exact,X5,MPV,X5 xDriveM,,2000-2026,true
2000,ford,ford,crown-victoria,2,exact,Crown Victoria,Passenger Car,Crown Victoria,,1990-2011,true
1995,ford,ford,crown-victoria,1,exact,Crown Victoria,Passenger Car,Crown Victoria,,1990-2011,true
2021,audi,audi,e-tron-s,1,exact,e-tron,MPV,e-tron,,2019-2025,true
1996,ford,ford,crown-victoria,1,exact,Crown Victoria,Passenger Car,Crown Victoria,,1990-2011,true
1992,subaru,subaru,svx,1,exact,SVX,Passenger Car,SVX,,1992-1997,true
2009,chevrolet,chevrolet,silverado-1500,5,exact,Silverado,Truck,Silverado C15 2WD,,1990-2026,true
2005,ford,ford,crown-victoria,2,exact,Crown Victoria,Passenger Car,Crown Victoria,,1990-2011,true
2000,dodge,dodge,ram-2500,3,exact,Ram,Truck,Ram 1500 Pickup 2WD,,1990-2012,true
2003,dodge,dodge,ram-2500,3,exact,Ram,Truck,Ram 1500 Pickup 2WD,,1990-2012,true
2006,dodge,dodge,ram-2500,4,exact,Ram,Truck,Ram 1500 Pickup 2WD,,1990-2012,true
2006,ford,ford,crown-victoria,2,exact,Crown Victoria,Passenger Car,Crown Victoria,,1990-2011,true
2007,ford,ford,crown-victoria,2,exact,Crown Victoria,Passenger Car,Crown Victoria,,1990-2011,true
1996,ford,ford,e-150-econoline,1,exact,E-150,MPV,E150 Econoline 2WD,,1990-2014,true
1997,ford,ford,e-150-econoline,1,exact,E-150,MPV,E150 Econoline 2WD,,1990-2014,true
2023,dodge,dodge,challenger,13,exact,Challenger,Passenger Car,Challenger,,2008-2023,true
1998,ford,ford,e-150-econoline,1,exact,E-150,MPV,E150 Econoline 2WD,,1990-2014,true
2006,ford,ford,e-150-econoline,1,exact,E-150,MPV,E150 Econoline 2WD,,1990-2014,true
2008,gmc,gmc,sierra-3500hd,3,exact,Sierra,Truck,Sierra C15 2WD,,1990-2026,true
2006,ford,ford,e-250-econoline,1,exact,E-150,MPV,E150 Econoline 2WD,,1990-2014,true
1995,ford,ford,e-250-econoline,1,exact,E-150,MPV,E150 Econoline 2WD,,1990-2014,true
2022,subaru,subaru,crosstrek,6,exact,Crosstrek,MPV,Crosstrek AWD,,2012-2026,true
2025,volkswagen,volkswagen,tiguan,6,exact,Tiguan,MPV,Tiguan,,2009-2026,true
1996,ford,ford,e-250-econoline,1,exact,E-150,MPV,E150 Econoline 2WD,,1990-2014,true
1997,ford,ford,e-250-econoline,1,exact,E-150,MPV,E150 Econoline 2WD,,1990-2014,true
1998,ford,ford,e-250-econoline,1,exact,E-150,MPV,E150 Econoline 2WD,,1990-2014,true
1999,ford,ford,e-250-econoline,1,exact,E-150,MPV,E150 Econoline 2WD,,1990-2014,true
1995,ford,ford,e-350-econoline,1,exact,E-150,MPV,E150 Econoline 2WD,,1990-2014,true
1996,ford,ford,e-350-econoline,1,exact,E-150,MPV,E150 Econoline 2WD,,1990-2014,true
2023,bmw,bmw,3-series,8,exact,330i,Passenger Car,M340i xDrive Sedan,,1990-2026,true
2024,bmw,bmw,3-series,9,exact,330i,Passenger Car,330i Sedan,,1990-2026,true
2020,toyota,toyota,land-cruiser,3,exact,Land Cruiser,MPV,Land Cruiser Wagon 4WD,,1990-2021 2024-2026,true
2004,ford,ford,explorer-sport-trac,2,exact,Explorer,MPV,Explorer 2WD,,1991-2026,true
2021,bmw,bmw,m3,3,exact,M3,Passenger Car,M3,,1990-1991 1995-1999 2001-2006 2008-2013 2015-2018 2020-2026,true
2008,ford,ford,explorer-sport-trac,2,exact,Explorer,MPV,Explorer Sport Trac 2WD,,1991-2026,true
1994,honda,honda,del-sol,1,exact,Civic,Passenger Car,Civic Del Sol,,1990-2026,true
1995,honda,honda,del-sol,1,exact,Civic,Passenger Car,Civic Del Sol,,1990-2026,true
2009,ford,ford,explorer-sport-trac,2,exact,Explorer,MPV,Explorer Sport Trac 2WD,,1991-2026,true
2002,gmc,gmc,envoy,3,exact,Envoy,MPV,Envoy 2WD,,2002-2009,true
2010,gmc,gmc,savana-2500,4,exact,Savana,MPV,Savana 1500 2WD (cargo),,1996-2026,true
1998,chevrolet,chevrolet,express-2500,1,exact,Express,MPV,Express 1500/2500 2WD,,1996-2026,true
2013,chevrolet,chevrolet,suburban-1500,5,exact,Suburban,MPV,Suburban 1500 2WD,,1990-2026,true
2021,ford,ford,f-450-super-duty,3,exact,F-250,Truck,,,1990-2026,true
2022,ford,ford,f-450-super-duty,3,exact,F-250,Truck,,,1990-2026,true
2004,ford,ford,f-450-super-duty,2,exact,F-250,Truck,,,1990-2026,true
2006,ford,ford,f-450-super-duty,2,exact,F-250,Truck,,,1990-2026,true
2007,ford,ford,f-450-super-duty,2,exact,F-250,Truck,,,1990-2026,true
2012,chevrolet,chevrolet,silverado-2500hd,5,exact,Silverado,Truck,Silverado C15 2WD,,1990-1993 1999-2026,true
2026,volkswagen,volkswagen,atlas,7,exact,Atlas,MPV,Atlas,,2018-2026,true
2008,chevrolet,chevrolet,suburban-2500,2,exact,Suburban,MPV,Suburban 1500 2WD,,1990-2026,true
2020,dodge,dodge,challenger,18,exact,Challenger,Passenger Car,Challenger SRT,,2008-2023,true
2022,dodge,dodge,challenger,13,exact,Challenger,Passenger Car,Challenger,,2008-2023,true
2025,bmw,bmw,m3,3,exact,M3,Passenger Car,M3 Sedan,,1990-1991 1995-1999 2001-2006 2008-2013 2015-2018 2020-2026,true
2009,ford,ford,f-450-super-duty,3,exact,F-250,Truck,,,1990-2026,true
2020,mercedes,mercedesbenz,a-class-amg,2,exact,A-Class,Passenger Car,A220 4matic,,2019-2022,true
2016,ford,ford,f-450-super-duty,3,exact,F-250,Truck,,,1990-2026,true
2019,ford,ford,f-450-super-duty,3,exact,F-250,Truck,,,1990-2026,true
2004,ford,ford,e-150-econoline,1,exact,E-150,Truck,E150 Econoline 2WD,,1990-2014,true
2011,chevrolet,chevrolet,suburban-1500,5,exact,Suburban,MPV,Suburban 1500 2WD,,1990-2026,true
2023,dodge,dodge,charger,10,exact,Charger,Passenger Car,Charger,,2006-2026,true
2017,dodge,dodge,charger,7,exact,Charger,Passenger Car,Charger,,2006-2026,true
2021,dodge,dodge,charger,10,exact,Charger,Passenger Car,Charger,,2006-2026,true
2025,kia,kia,sorento,7,exact,Sorento,MPV,Sorento Hybrid FWD,,2001-2009 2011-2026,true
2003,ford,ford,escort-zx2,2,exact,ZX2,Passenger Car,Escort ZX2,,1990-2003,true
2003,chevrolet,chevrolet,silverado-1500,3,exact,Silverado,Truck,Silverado 1500 2WD,,1990-2026,true
1993,lincoln,lincoln,town-car,5,exact,Town Car,Passenger Car,Town Car,,1990-2011,true
2007,chevrolet,chevrolet,silverado-2500hd,5,exact,Silverado,Truck,Silverado Classic 1500 2WD,,1990-1993 1999-2026,true
2020,ford,ford,mustang-shelby-gt350,2,exact,Mustang,Passenger Car,Mustang,,1990-2026,true
2009,ford,ford,mustang-shelby-gt500,2,exact,Mustang,Passenger Car,Mustang,,1990-2026,true
1995,jeep,jeep,grand-cherokee,6,exact,Grand Cherokee,Truck,Grand Cherokee 2WD,,1993-2026,true
2009,bmw,bmw,m3,3,exact,M3,Passenger Car,M3 Convertible,,1990-1991 1995-1999 2001-2006 2008-2013 2015-2018 2020-2026,true
2012,mercedes-benz,mercedesbenz,e-class-cabriolet,2,exact,E-Class,Passenger Car,E350 Coupe,,1990-2026,true
2010,chevrolet,chevrolet,silverado-2500hd,5,exact,Silverado,Truck,Silverado C15 2WD,,1990-1993 1999-2026,true
1997,ford,ford,taurus-sho,1,exact,Taurus,Passenger Car,Taurus,,1990-2019,true
1998,ford,ford,taurus-sho,1,exact,Taurus,Passenger Car,Taurus,,1990-2019,true
1999,ford,ford,taurus-sho,1,exact,Taurus,Passenger Car,Taurus,,1990-2019,true
2014,lexus,lexus,gx,6,exact,GX,MPV,GX 460,,2003-2026,true
2022,acura,acura,mdx,6,exact,MDX,MPV,MDX FWD,,2001-2026,true
2009,gmc,gmc,savana-3500,5,exact,Savana,MPV,Savana 1500 2WD (cargo),,1996-2026,true
2014,jeep,jeep,grand-cherokee,14,exact,Grand Cherokee,MPV,Grand Cherokee SRT8,,1993-2026,true
2010,jeep,jeep,grand-cherokee,12,exact,Grand Cherokee,MPV,Grand Cherokee 2WD,,1993-2026,true
2002,ford,ford,taurus,1,exact,Taurus,Passenger Car,Taurus,,1990-2019,true
2020,buick,buick,enclave,5,exact,Enclave,MPV,Enclave FWD,,2007-2026,true
2016,dodge,dodge,charger,7,exact,Charger,Passenger Car,Charger,,2006-2026,true
2011,chevrolet,chevrolet,silverado-2500hd,5,exact,Silverado,Truck,Silverado C15 2WD,,1990-1993 1999-2026,true
2017,jeep,jeep,grand-cherokee,15,exact,Grand Cherokee,MPV,Grand Cherokee 2WD,,1993-2026,true
2020,dodge,dodge,charger,9,exact,Charger,Passenger Car,Charger SRT Widebody,,2006-2026,true
2024,chevrolet,chevrolet,express-2500,4,exact,Express,Truck,,,1996-2026,true
2026,chevrolet,chevrolet,silverado-2500hd,7,exact,Silverado,Truck,Silverado (with Sport Mode) 2WD,,1990-1993 1999-2026,true
1999,dodge,dodge,ram-1500,5,exact,Ram,MPV,Ram 1500 Pickup 2WD,,1990-2012,true
2023,jeep,jeep,grand-cherokee,15,exact,Grand Cherokee,MPV,Grand Cherokee L 2WD,,1993-2026,true
1996,chevrolet,chevrolet,monte-carlo,2,exact,Monte Carlo,Passenger Car,Lumina/Monte Carlo,,1995-2007,true
2003,hyundai,hyundai,santa-fe,2,exact,Santa Fe,MPV,Santa Fe 2WD,,2001-2026,true
1992,chevrolet,chevrolet,g30-van,1,exact,G-Series,Truck,G30 Van 2WD,,1990-1996,true
1991,lincoln,lincoln,mark-vii,1,exact,Mark,Passenger Car,Mark VII,,1990-1998,true
1992,lincoln,lincoln,mark-vii,1,exact,Mark,Passenger Car,Mark VII,,1990-1998,true
2025,toyota,toyota,4runner,9,exact,4Runner,MPV,4Runner 2WD,,1990-2026,true
2016,kia,kia,soul,6,exact,Soul,MPV,Soul ECO dynamics,,2010-2025,true
2014,toyota,toyota,land-cruiser,3,exact,Land Cruiser,MPV,Land Cruiser Wagon 4WD,,1990-2021 2024-2026,true
2002,dodge,dodge,ram-3500,3,exact,Ram,Passenger Car,Ram 1500 Pickup 2WD,,1990-2012,true
1995,lincoln,lincoln,mark-viii,1,exact,Mark,Passenger Car,Mark VIII,,1990-1998,true
2023,chevrolet,chevrolet,silverado-2500hd,8,exact,Silverado,Truck,Silverado 2WD,,1990-1993 1999-2026,true
1995,dodge,dodge,stratus,1,exact,Stratus,Passenger Car,Stratus,,1995-2006,true
2019,dodge,dodge,durango,1,exact,Durango,MPV,Durango RWD,,1995-2009 2011-2026,true
1994,pontiac,pontiac,grand-am,1,exact,Grand AM,Passenger Car,Grand Am,,1990-2005,true
2000,mercury,mercury,grand-marquis,3,exact,Grand Marquis,Passenger Car,Grand Marquis,,1990-2011,true
2008,gmc,gmc,sierra-2500hd,6,exact,Sierra,Truck,Sierra C15 2WD,,1990-2026,true
1997,honda,honda,del-sol,1,exact,Civic,Passenger Car,Del Sol,,1990-2026,true
2016,hyundai,hyundai,santa-fe,8,exact,Santa Fe,MPV,Santa Fe Sport FWD,,2001-2026,true
2024,cadillac,cadillac,ct4-v,1,exact,CT4,Passenger Car,CT4,,2020-2026,true
2023,cadillac,cadillac,ct4-v,1,exact,CT4,Passenger Car,CT4,,2020-2026,true
2003,gmc,gmc,envoy,3,exact,Envoy,MPV,Envoy 2WD,,2002-2009,true
2020,buick,buick,envision,5,exact,Envision,MPV,Envision FWD,,2016-2026,true
2019,dodge,dodge,challenger,10,exact,Challenger,Passenger Car,Challenger,,2008-2023,true
2023,bmw,bmw,7-series,5,exact,740i,Passenger Car,740i Sedan,,1990-2026,true
2008,bmw,bmw,7-series,2,exact,750i,Passenger Car,750i,,1990-2026,true
2017,mazda,mazda,mazda3,6,exact,Mazda3,Passenger Car,3 4-Door,,2003-2026,true
2021,dodge,dodge,challenger,18,exact,Challenger,Passenger Car,Challenger,,2008-2023,true
2013,mercedes,mercedesbenz,c-class-amg,2,exact,C-Class,Passenger Car,C250 Coupe,,1994-2026,true
2007,mercedes-benz,mercedesbenz,cls-class-amg,2,exact,CLS-Class,Passenger Car,CLS550,,2005-2023,true
2020,bmw,bmw,x6-m,3,exact,X6,MPV,X6 M50i,,2008-2026,true
1996,jeep,jeep,grand-cherokee,6,exact,Grand Cherokee,MPV,Grand Cherokee 2WD,,1993-2026,true
2007,gmc,gmc,sierra-2500hd,5,exact,Sierra,Truck,Sierra Classic 1500 2WD,,1990-2026,true
2022,mercedes-benz,mercedesbenz,e-class-cabriolet,2,exact,E-Class,Passenger Car,E450 4matic,,1990-2026,true
2026,jeep,jeep,compass,6,exact,Compass,MPV,Compass 4WD,,2006-2026,true
2010,gmc,gmc,savana-1500,4,exact,Savana,MPV,Savana 1500 2WD (cargo),,1996-2026,true
2021,gmc,gmc,sierra-2500hd,6,exact,Sierra,Truck,Sierra 2WD,,1990-2026,true
1999,chevrolet,chevrolet,s10-blazer,1,exact,Blazer,MPV,S10 Pickup 2WD,,1990-2005 2019-2026,true
2024,chevrolet,chevrolet,express-3500,5,exact,Express,Truck,,,1996-2026,true
2018,ram,ram,ram-3500,18,exact,3500,MPV,,,2012-2026,true
1994,jeep,jeep,grand-cherokee,6,exact,Grand Cherokee,MPV,Grand Cherokee 2WD,,1993-2026,true
2013,land rover,landrover,range-rover-sport,7,exact,Range Rover Sport,MPV,Range Rover Sport,,2006-2026,true
2023,rivian,rivian,r1t,1,exact,R1T,Truck,R1T (20 inch wheels),,2022-2026,true
2026,subaru,subaru,forester,7,exact,Forester,MPV,Forester AWD,,1998-2026,true
1992,infiniti,infiniti,g20,1,exact,G20,Passenger Car,G20,,1991-1996 1999-2002,true
2022,ford,ford,f-150,11,exact,F-150,Truck,F150 Pickup 2WD,,1990-2026,true
2026,gmc,gmc,sierra-1500,8,exact,Sierra,Truck,Sierra 2WD with Sport Mode,,1990-2026,true
2022,bmw,bmw,5-series,9,exact,530i,Passenger Car,530i Sedan,,1990-1995 1997-2026,true
2002,chevrolet,chevrolet,avalanche-1500,2,exact,Avalanche,MPV,Avalanche 1500 2WD,,2002-2013,true
2011,bmw,bmw,x6-m,2,exact,X6,MPV,X6 xDrive35i,,2008-2026,true
2026,subaru,subaru,impreza,5,exact,Impreza,Passenger Car,Impreza,,1993-2026,true
2012,dodge,dodge,charger,5,exact,Charger,Passenger Car,Charger,,2006-2026,true
2023,chevrolet,chevrolet,trailblazer,7,exact,Trailblazer,MPV,Trailblazer FWD,,2002-2009 2021-2026,true
2019,dodge,dodge,charger,7,exact,Charger,Passenger Car,Charger,,2006-2026,true
2024,bmw,bmw,2-series,1,exact,228i,Passenger Car,230i Coupe,,2014-2026,true
2025,bmw,bmw,2-series,1,exact,228i,Passenger Car,230i Coupe,,2014-2026,true
2022,hyundai,hyundai,santa-fe,8,exact,Santa Fe,MPV,Santa Fe FWD,,2001-2026,true
2004,bmw,bmw,3-series,5,exact,325Ci,Passenger Car,325ci Convertible,,1990-2026,true
2010,bmw,bmw,3-series,4,exact,328i,MPV,335ci xDrive,,1990-2026,true
2017,kia,kia,sportage,7,exact,Sportage,MPV,Sportage FWD,,1995-2026,true
2005,gmc,gmc,envoy,3,exact,Envoy,MPV,Envoy 2WD,,2002-2009,true
1995,pontiac,pontiac,grand-am,1,exact,Grand AM,Passenger Car,Grand Am,,1990-2005,true
2019,bmw,bmw,3-series,10,exact,330i,Passenger Car,330i xDrive Gran Turismo,,1990-2026,true
2017,hyundai,hyundai,santa-fe,8,exact,Santa Fe,MPV,Santa Fe Sport FWD,,2001-2026,true
2023,toyota,toyota,land-cruiser,1,none,,,,,1990-2021 2024-2026,true
2022,audi,audi,tt-s,1,exact,TT,Passenger Car,TT Roadster quattro,,2000-2006 2008-2023,true
2010,dodge,dodge,challenger,6,exact,Challenger,Passenger Car,Challenger,,2008-2023,true
2020,bmw,bmw,3-series,9,exact,330i,Passenger Car,330i,,1990-2026,true
2026,bmw,bmw,3-series,4,exact,330i,Passenger Car,330i Sedan,,1990-2026,true
2006,bmw,bmw,3-series,7,exact,325Ci,MPV,325ci Convertible,,1990-2026,true
2016,mercedes-benz,mercedesbenz,cls-class-amg,2,exact,CLS-Class,Passenger Car,CLS550,,2005-2023,true
2020,chevrolet,chevrolet,silverado-1500,9,exact,Silverado,Truck,Silverado 2WD,,1990-2026,true
2021,bmw,bmw,5-series,9,exact,530i,Passenger Car,530i,,1990-1995 1997-2026,true
2013,dodge,dodge,charger,5,exact,Charger,Passenger Car,Charger AWD,,2006-2026,true
2004,gmc,gmc,envoy,3,exact,Envoy,MPV,Envoy 2WD,,2002-2009,true
2005,buick,buick,rainier,1,exact,Rainier,MPV,Rainier 2WD,,2004-2007,true
2000,pontiac,pontiac,grand-am,1,exact,Grand AM,Passenger Car,Grand Am,,1990-2005,true
1995,gmc,gmc,sierra-3500hd,1,exact,Sierra,Truck,Sierra 1500 2WD,,1990-2026,true
2002,pontiac,pontiac,grand-am,1,exact,Grand AM,Passenger Car,Grand Am,,1990-2005,true
2021,subaru,subaru,wrx-sti,4,exact,WRX,Passenger Car,WRX,,1993-2026,true
2012,bmw,bmw,5-series,5,exact,528i,Passenger Car,550i,,1990-1995 1997-2026,true
2013,ford,ford,f-250,6,exact,F-250,Truck,,,1990-2026,true
2023,bmw,bmw,m5,4,exact,M5,Passenger Car,M5 Sedan,,1991-1993 2000-2003 2006-2010 2013-2023 2025-2026,true
2011,ford,ford,e-350-econoline,1,exact,E-150,MPV,E350 Van,,1990-2014,true
1993,infiniti,infiniti,j30,1,exact,J30,Passenger Car,J30,,1993-1997,true
1999,infiniti,infiniti,q45,1,exact,Q45,Passenger Car,Q45,,1990-2007,true
2007,gmc,gmc,envoy,3,exact,Envoy,MPV,Envoy 2WD,,2002-2009,true
2026,bmw,bmw,5-series,4,exact,530i,Passenger Car,530i Sedan,,1990-1995 1997-2026,true
2002,bmw,bmw,5-series,3,exact,525i,Passenger Car,525i,,1990-1995 1997-2026,true
2003,bmw,bmw,5-series,3,exact,525i,Passenger Car,525i,,1990-1995 1997-2026,true
2005,dodge,dodge,ram-1500,5,exact,Ram,Truck,Ram 1500 Pickup 2WD,,1990-2012,true
1990,mercedes-benz,mercedesbenz,e-class,2,family,,,300CE,,1990-2026,true
1995,audi,audi,s6,1,exact,S6,Passenger Car,S6,,1995-1997 2002-2003 2007-2011 2013-2018 2020-2025,true
2009,bmw,bmw,5-series,5,exact,528i,Passenger Car,528i,,1990-1995 1997-2026,true
2008,bmw,bmw,5-series,5,exact,528i,Passenger Car,528i,,1990-1995 1997-2026,true
2016,bmw,bmw,5-series,5,exact,528i,Passenger Car,535i,,1990-1995 1997-2026,true
2019,bmw,bmw,5-series,9,exact,530i,Passenger Car,530i,,1990-1995 1997-2026,true
1999,suzuki,suzuki,grand-vitara,1,exact,Vitara,MPV,Grand Vitara 4Door 2WD,,1999-2013,true
2011,gmc,gmc,sierra-2500hd,5,exact,Sierra,Truck,Sierra C15 2WD,,1990-2026,true
2005,bmw,bmw,6-series,2,exact,645Ci,Passenger Car,645ci,,2004-2010 2012-2019,true
2017,bmw,bmw,6-series,2,exact,640i,Passenger Car,640i Coupe,,2004-2010 2012-2019,true
2016,bmw,bmw,6-series,2,exact,640i,Passenger Car,640i Coupe,,2004-2010 2012-2019,true
2013,gmc,gmc,sierra-2500hd,5,exact,Sierra,Truck,Sierra C15 2WD,,1990-2026,true
2014,bmw,bmw,6-series,2,exact,640i,Passenger Car,640i Coupe,,2004-2010 2012-2019,true
1996,isuzu,isuzu,oasis,1,exact,Oasis,MPV,Oasis,,1996-1999,true
1991,dodge,dodge,caravan,1,exact,Caravan,MPV,Caravan/Grand Caravan 2WD,,1990-2023,true
2013,bmw,bmw,6-series,2,exact,640i,Passenger Car,640i Gran Coupe,,2004-2010 2012-2019,true
2008,bmw,bmw,6-series,2,exact,650i,Passenger Car,650ci,,2004-2010 2012-2019,true
2006,bmw,bmw,6-series,2,exact,650i,MPV,650ci,,2004-2010 2012-2019,true
2019,bmw,bmw,6-series,2,exact,640i,Passenger Car,640i Gran Coupe,,2004-2010 2012-2019,true
2009,bmw,bmw,6-series,2,exact,650i,Passenger Car,650ci,,2004-2010 2012-2019,true
2018,bmw,bmw,440i-xdrive,4,family,430i,Passenger Car,430i Convertible,,2014-2026,true
2006,bmw,bmw,7-series,2,exact,750i,MPV,750i,,1990-2026,true
2009,mercedes-benz,mercedesbenz,e-class-amg,2,exact,E-Class,Passenger Car,E320 Bluetec,,1990-2026,true
2015,mercedes-benz,mercedesbenz,e-class-coupe,2,exact,E-Class,Passenger Car,E350 Coupe,,1990-2026,true
2023,mercedes-benz,mercedesbenz,e-class-amg,2,exact,E-Class,Passenger Car,E350,,1990-2026,true
2022,ferrari,ferrari,portofino,1,exact,Portofino M,Passenger Car,Portofino M,,2019-2023,true
2014,gmc,gmc,sierra-2500hd,5,exact,Sierra,Truck,Sierra C15 2WD,,1990-2026,true
1990,ford,ford,club-wagon-e-150,1,exact,E-150,MPV,E250 Econoline 2WD,,1990-2014,true
2026,chevrolet,chevrolet,express-2500,4,exact,Express,Truck,,,1996-2026,true
2014,mercedes-benz,mercedesbenz,slk-class-amg,2,exact,SLK-Class,Passenger Car,SLK55 AMG,,1998-2016,true
2006,mercedes-benz,mercedesbenz,slk-class-amg,2,exact,SLK-Class,Passenger Car,SLK280,,1998-2016,true
2016,bmw,bmw,7-series,5,exact,740i,Passenger Car,740i,,1990-2026,true
2018,porsche,porsche,718-cayman,3,exact,718 Boxster,Passenger Car,Boxster,,1997-2025,true
2015,bmw,bmw,7-series,5,exact,740i,Passenger Car,740Ld xDrive,,1990-2026,true
2020,ferrari,ferrari,f8,1,exact,F8,Passenger Car,F8 Tributo,,2020-2023,true
2021,ferrari,ferrari,portofino,1,exact,Portofino,Passenger Car,Portofino,,2019-2023,true
2023,ferrari,ferrari,portofino,1,exact,Portofino M,Passenger Car,Portofino M,,2019-2023,true
2021,ferrari,ferrari,roma,1,exact,Roma,Passenger Car,Roma,,2021-2026,true
2004,bmw,bmw,7-series,2,exact,760Li,Passenger Car,745i,,1990-2026,true
2019,fiat,fiat,500,1,exact,500,Passenger Car,500 L,,2012-2026,true
2001,bmw,bmw,7-series,2,exact,740i,Passenger Car,740i,,1990-2026,true
2024,bmw,bmw,5-series,9,exact,530i,Passenger Car,530i Sedan,,1990-1995 1997-2026,true
2003,bmw,bmw,z8,1,exact,Z8,Passenger Car,Z8,,2000-2003,true
2025,subaru,subaru,legacy,6,exact,Legacy,Passenger Car,Legacy AWD,,1990-2026,true
2010,bmw,bmw,5-series,6,exact,528i,MPV,528i,,1990-1995 1997-2026,true
2025,toyota,toyota,gr-supra,2,exact,Supra,Passenger Car,GR Supra,,1990-1998 2020-2026,true
2012,bmw,bmw,7-series,5,exact,740i,Passenger Car,740i,,1990-2026,true
2007,dodge,dodge,ram-2500,4,exact,Ram,Truck,Ram 1500 Pickup 2WD,,1990-2012,true
2021,ford,ford,mustang-shelby-gt500,3,exact,Mustang,Passenger Car,Mustang Mach 1,,1990-2026,true
2001,bmw,bmw,z3,1,exact,Z3,Passenger Car,M Coupe,,1996-2002,true
2025,ford,ford,mustang,3,exact,Mustang,Passenger Car,Mustang Dark Horse,,1990-2026,true
2011,ford,ford,fusion,4,exact,Fusion,Passenger Car,Fusion FWD,,2006-2020,true
2015,dodge,dodge,charger,7,exact,Charger,Passenger Car,Charger,,2006-2026,true
1992,bmw,bmw,5-series,2,exact,535i,Passenger Car,525i,,1990-1995 1997-2026,true
2020,jeep,jeep,grand-cherokee,22,exact,Grand Cherokee,MPV,Grand Cherokee 2WD,,1993-2026,true
2005,mercedes-benz,mercedesbenz,s-class-amg,2,exact,S-Class,Passenger Car,S430,,1990-2026,true
2024,mercedes-benz,mercedesbenz,s-class-amg,2,exact,S-Class,Passenger Car,S580 4matic Maybach,,1990-2026,true
2014,mercedes-benz,mercedesbenz,sl-class-amg,2,exact,SL-Class,Passenger Car,SL550,,1990-2009 2011-2026,true
2023,toyota,toyota,gr-supra,2,exact,Supra,Passenger Car,GR Supra,,1990-1998 2020-2026,true
2004,dodge,dodge,ram-1500,5,exact,Ram,Truck,Ram 1500 Pickup 2WD,,1990-2012,true
2007,toyota,toyota,land-cruiser,2,exact,Land Cruiser,MPV,Land Cruiser Wagon 4WD,,1990-2021 2024-2026,true
2026,cadillac,cadillac,escalade,6,exact,Escalade,MPV,Escalade V AWD,,1999-2026,true
2005,ford,ford,explorer-sport-trac,2,exact,Explorer,MPV,Explorer 2WD,,1991-2026,true
1991,bmw,bmw,7-series,1,exact,750iL,Passenger Car,735i,,1990-2026,true
2008,chevrolet,chevrolet,express-1500,6,exact,Express,MPV,Express 1500/2500 2WD,,1996-2026,true
2001,chevrolet,chevrolet,silverado-1500,3,exact,Silverado,MPV,Silverado 1500 2WD,,1990-2026,true
2022,dodge,dodge,charger,10,exact,Charger,Passenger Car,Charger,,2006-2026,true
2013,gmc,gmc,sierra-1500,2,exact,Sierra,Truck,Sierra C15 2WD,,1990-2026,true
2017,gmc,gmc,sierra-1500,6,exact,Sierra,Truck,Sierra 15 Hybrid 2WD,,1990-2026,true
2012,gmc,gmc,sierra-2500hd,5,exact,Sierra,Truck,Sierra C15 XFE 2WD,,1990-2026,true
2025,subaru,subaru,wrx,9,exact,Impreza,Passenger Car,Impreza,,1993-2026,true
2012,ford,ford,f-250,6,exact,F-250,Truck,,,1990-2026,true
1995,bmw,bmw,7-series,1,exact,740i,Passenger Car,740i,,1990-2026,true
2012,hyundai,hyundai,santa-fe,7,exact,Santa Fe,MPV,Santa Fe 4WD,,2001-2026,true
2012,bmw,bmw,6-series,2,exact,640i,Passenger Car,650i Convertible,,2004-2010 2012-2019,true
1997,bmw,bmw,5-series,4,exact,528i,Passenger Car,528i,,1990-1995 1997-2026,true
2000,bmw,bmw,m-roadster,2,exact,Z3,Passenger Car,M Coupe,,1996-2016 2019-2026,true
1996,bmw,bmw,7-series,1,exact,740iL,Passenger Car,740il,,1990-2026,true
2021,bmw,bmw,x4-m,2,exact,X4,MPV,X4 M,,2015-2025,true
2025,hyundai,hyundai,santa-fe,8,exact,Santa Fe,MPV,Santa Fe Hybrid FWD,,2001-2026,true
2002,bmw,bmw,m-roadster,2,exact,Z3,Passenger Car,Z3 Coupe,,1996-2016 2019-2026,true
1998,bmw,bmw,5-series,4,exact,528i,Passenger Car,528i,,1990-1995 1997-2026,true
2024,bmw,bmw,x4-m,2,exact,X4,MPV,X4 xDrive30i,,2015-2025,true
2015,ford,ford,f-450-super-duty,3,exact,F-250,Truck,,,1990-2026,true
1991,buick,buick,century,1,exact,Century,Passenger Car,Century,,1990-2005,true
1997,buick,buick,century,1,exact,Century,Passenger Car,Regal/Century,,1990-2005,true
1999,bmw,bmw,m3,1,exact,M3,Passenger Car,M3 Convertible,,1990-1991 1995-1999 2001-2006 2008-2013 2015-2018 2020-2026,true
2000,jeep,jeep,wrangler,4,exact,Wrangler,MPV,Wrangler 4WD,,1990-2026,true
2025,buick,buick,encore-gx,5,exact,Encore GX,MPV,Encore GX FWD,,2020-2026,true
2004,gmc,gmc,sierra-2500hd,3,exact,Sierra,Truck,Sierra 15 Hybrid 2WD,,1990-2026,true
2000,chevrolet,chevrolet,suburban-1500,2,exact,Suburban,MPV,Suburban 1500 2WD,,1990-2026,true
2006,chevrolet,chevrolet,silverado-3500hd,1,exact,Silverado,Truck,Silverado 15 Hybrid 2WD,,1999-2026,true
2021,bmw,bmw,x5-m,2,exact,X5,MPV,X5 xDrive45e,,2000-2026,true
2022,bmw,bmw,x5-m,2,exact,X5,MPV,X5 sDrive40i,,2000-2026,true
2010,bmw,bmw,x6-m,2,exact,X6,MPV,X6 xDriveM,,2008-2026,true
2000,gmc,gmc,sierra-2500hd,3,exact,Sierra,Truck,Sierra 1500 2WD,,1990-2026,true
2011,ford,ford,f-150,10,exact,F-150,Truck,F150 Pickup 2WD FFV,,1990-2026,true
2021,bmw,bmw,3-series,9,exact,330i,Passenger Car,330e,,1990-2026,true
2026,bmw,bmw,x5-m,2,exact,X5,MPV,X5 sDrive40i,,2000-2026,true
2021,bmw,bmw,7-series,5,exact,740i,Passenger Car,750i xDrive,,1990-2026,true
2020,bmw,bmw,x4-m,2,exact,X4,MPV,X4 M,,2015-2025,true
2005,chevrolet,chevrolet,silverado-2500hd,2,exact,Silverado,Truck,Silverado 15 Hybrid 2WD,,1990-1993 1999-2026,true
2016,chevrolet,chevrolet,silverado-1500,12,exact,Silverado,Truck,Silverado C15 Cab Chassis 2WD,,1990-2026,true
2008,ford,ford,escape,7,exact,Escape,MPV,Escape FWD,,2001-2026,true
2018,ram,ram,ram-1500,12,exact,1500,MPV,1500 2WD,,2013-2026,true
2008,ford,ford,f-250,4,exact,F-250,Truck,,,1990-2026,true
2010,chevrolet,chevrolet,silverado-3500hd,4,exact,Silverado,Truck,Silverado C15 2WD,,1999-2026,true
1999,jeep,jeep,grand-cherokee,7,exact,Grand Cherokee,Truck,Grand Cherokee 2WD,,1993-2026,true
2009,hyundai,hyundai,santa-fe,6,exact,Santa Fe,MPV,Santa Fe 4WD,,2001-2026,true
2000,bmw,bmw,3-series,5,exact,328i,Passenger Car,323i Convertible,,1990-2026,true
2000,dodge,dodge,ram-3500,3,exact,Ram,Truck,Ram 1500 Pickup 2WD,,1990-2012,true
2000,bmw,bmw,5-series,3,exact,528i,Passenger Car,528i,,1990-1995 1997-2026,true
2016,ford,ford,f-250,6,exact,F-250,Truck,,,1990-2026,true
2017,ford,ford,f-250,8,exact,F-250,Truck,,,1990-2026,true
2015,bmw,bmw,5-series,5,exact,528i,Passenger Car,528i,,1990-1995 1997-2026,true
1992,bmw,bmw,m3,1,none,,,,,1990-1991 1995-1999 2001-2006 2008-2013 2015-2018 2020-2026,true
2024,subaru,subaru,crosstrek,6,exact,Crosstrek,MPV,Crosstrek AWD,,2012-2026,true
2024,hyundai,hyundai,santa-fe,8,exact,Santa Fe,MPV,Santa Fe FWD,,2001-2026,true
2000,gmc,gmc,sierra-1500,2,exact,Sierra,Truck,Sierra 1500 2WD,,1990-2026,true
2026,chevrolet,chevrolet,equinox,5,exact,Equinox,MPV,Equinox FWD,,2005-2026,true
2004,ford,ford,f-350,4,exact,F-250,Truck,,,1990-2026,true
2016,ford,ford,fusion,3,exact,Fusion,Passenger Car,Fusion FWD,,2006-2020,true
2014,nissan,nissan,370z,3,exact,370Z,Passenger Car,370Z,,2009-2022,true
2016,bmw,bmw,3-series,5,exact,328i,Passenger Car,328i,,1990-2026,true
2000,dodge,dodge,ram-1500,4,exact,Ram,Truck,Ram 1500 Pickup 2WD,,1990-2012,true
2015,bmw,bmw,3-series,5,exact,328i,Passenger Car,320i,,1990-2026,true
2016,chevrolet,chevrolet,silverado-2500hd,7,exact,Silverado,Truck,Silverado C15 Cab Chassis 2WD,,1990-1993 1999-2026,true
2017,chevrolet,chevrolet,silverado-2500hd,7,exact,Silverado,Truck,Silverado 15 Hybrid 2WD,,1990-1993 1999-2026,true
2018,chevrolet,chevrolet,silverado-2500hd,9,exact,Silverado,Truck,Silverado 15 Hybrid 2WD,,1990-1993 1999-2026,true
2013,subaru,subaru,wrx,10,exact,Impreza,Passenger Car,Impreza AWD,,1993-2026,true
2014,subaru,subaru,outback,7,exact,Outback,MPV,Legacy AWD,,1990-2026,true
2019,chevrolet,chevrolet,silverado-2500hd,7,exact,Silverado,Truck,Silverado LD C15 2WD,,1990-1993 1999-2026,true
2016,chevrolet,chevrolet,silverado-3500hd,6,exact,Silverado,Truck,Silverado C15 Cab Chassis 2WD,,1999-2026,true
2017,chevrolet,chevrolet,silverado-3500hd,6,exact,Silverado,Truck,Silverado 15 Hybrid 2WD,,1999-2026,true
2021,chevrolet,chevrolet,silverado-3500hd,6,exact,Silverado,Truck,Silverado 2WD,,1999-2026,true
2022,chevrolet,chevrolet,silverado-3500hd,6,exact,Silverado,Truck,Silverado 2WD,,1999-2026,true
2023,chevrolet,chevrolet,silverado-3500hd,6,exact,Silverado,Truck,Silverado 2WD,,1999-2026,true
2024,chevrolet,chevrolet,silverado-3500hd,5,exact,Silverado,Truck,Silverado 2WD,,1999-2026,true
2025,chevrolet,chevrolet,silverado-3500hd,5,exact,Silverado,Truck,Silverado 2WD,,1999-2026,true
2010,gmc,gmc,sierra-2500hd,5,exact,Sierra,Truck,Sierra C15 2WD,,1990-2026,true
2009,ford,ford,f-350,4,exact,F-250,Truck,,,1990-2026,true
2016,ford,ford,f-350,6,exact,F-250,Truck,,,1990-2026,true
2017,ford,ford,f-350,7,exact,F-250,Truck,,,1990-2026,true
2014,buick,buick,enclave,8,exact,Enclave,MPV,Enclave FWD,,2007-2026,true
2020,gmc,gmc,sierra-2500hd,6,exact,Sierra,Truck,Sierra 2WD,,1990-2026,true
2022,gmc,gmc,sierra-2500hd,7,exact,Sierra,Truck,Sierra 2WD,,1990-2026,true
2023,gmc,gmc,sierra-2500hd,7,exact,Sierra,Truck,Sierra 2WD,,1990-2026,true
2024,gmc,gmc,sierra-2500hd,7,exact,Sierra,Truck,Sierra 2WD,,1990-2026,true
2025,gmc,gmc,sierra-2500hd,7,exact,Sierra,Truck,Sierra 2WD,,1990-2026,true
2018,toyota,toyota,corolla-im,1,exact,Corolla,Passenger Car,Corolla,,1990-2026,true
2010,gmc,gmc,sierra-3500hd,3,exact,Sierra,Truck,Sierra C15 2WD,,1990-2026,true
2011,gmc,gmc,sierra-3500hd,4,exact,Sierra,Truck,Sierra C15 2WD,,1990-2026,true
2012,gmc,gmc,sierra-3500hd,4,exact,Sierra,Truck,Sierra C15 XFE 2WD,,1990-2026,true
2020,chevrolet,chevrolet,silverado-3500hd,6,exact,Silverado,Truck,Silverado 2WD,,1999-2026,true
2012,toyota,toyota,fj-cruiser,2,exact,FJ Cruiser,MPV,FJ Cruiser 2WD,,2007-2014,true
2019,acura,acura,ilx,5,exact,ILX,Passenger Car,ILX,,2013-2022,true
2019,ford,ford,f-350,7,exact,F-250,Truck,,,1990-2026,true
2020,ford,ford,f-350,7,exact,F-250,Truck,,,1990-2026,true
2001,toyota,toyota,mr2-spyder,2,exact,MR2,Passenger Car,MR2,,1991-1995 2000-2007,true
2013,gmc,gmc,sierra-3500hd,4,exact,Sierra,Truck,Sierra C15 2WD,,1990-2026,true
2014,gmc,gmc,sierra-3500hd,4,exact,Sierra,Truck,Sierra C15 2WD,,1990-2026,true
2021,chevrolet,chevrolet,bolt-euv,2,exact,Bolt EV,Passenger Car,Bolt EV,,2017-2023,true
2022,chevrolet,chevrolet,bolt-euv,2,exact,Bolt EV,Passenger Car,Bolt EUV,,2017-2023,true
2017,gmc,gmc,sierra-3500hd,4,exact,Sierra,Truck,Sierra 15 Hybrid 2WD,,1990-2026,true
2018,gmc,gmc,sierra-3500hd,13,exact,Sierra,Truck,Sierra 15 Hybrid 2WD,,1990-2026,true
2021,gmc,gmc,sierra-3500hd,5,exact,Sierra,Truck,Sierra 2WD,,1990-2026,true
2023,gmc,gmc,sierra-3500hd,6,exact,Sierra,Truck,Sierra 2WD,,1990-2026,true
2024,gmc,gmc,sierra-3500hd,6,exact,Sierra,Truck,Sierra 2WD,,1990-2026,true
2025,gmc,gmc,sierra-3500hd,6,exact,Sierra,Truck,Sierra 2WD,,1990-2026,true
2010,hyundai,hyundai,santa-fe,7,exact,Santa Fe,MPV,Santa Fe 2WD,,2001-2026,true
2011,hyundai,hyundai,santa-fe,7,exact,Santa Fe,MPV,Santa Fe 2WD,,2001-2026,true
2013,hyundai,hyundai,santa-fe,8,exact,Santa Fe,MPV,Santa Fe Sport 2WD,,2001-2026,true
2014,hyundai,hyundai,santa-fe,8,exact,Santa Fe,MPV,Santa Fe 2WD,,2001-2026,true
2024,ford,ford,f-350,6,exact,F-250,Truck,,,1990-2026,true
2015,hyundai,hyundai,santa-fe,8,exact,Santa Fe,MPV,Santa Fe FWD,,2001-2026,true
2020,hyundai,hyundai,santa-fe,7,exact,Santa Fe,MPV,Santa Fe FWD,,2001-2026,true
2021,hyundai,hyundai,santa-fe,7,exact,Santa Fe,MPV,Santa Fe FWD,,2001-2026,true
1997,gmc,gmc,yukon,6,exact,Yukon,MPV,Suburban 1500 2WD,,1990-2026,true
2010,gmc,gmc,sierra-1500,1,exact,Sierra,Truck,Sierra C15 2WD,,1990-2026,true
2011,gmc,gmc,sierra-1500,2,exact,Sierra,Truck,Sierra C15 2WD,,1990-2026,true
2016,buick,buick,enclave,8,exact,Enclave,MPV,Enclave FWD,,2007-2026,true
2003,mercedes,mercedesbenz,c-class,15,exact,C-Class,Passenger Car,C230 Kompressor,,1994-2026,true
2012,gmc,gmc,sierra-1500,2,exact,Sierra,Truck,Sierra C15 XFE 2WD,,1990-2026,true
2021,gmc,gmc,sierra-1500,7,exact,Sierra,Truck,Sierra 2WD,,1990-2026,true
2023,gmc,gmc,sierra-1500,9,exact,Sierra,Truck,Sierra 2WD,,1990-2026,true
2025,gmc,gmc,sierra-1500,8,exact,Sierra,Truck,Sierra 2WD,,1990-2026,true
2010,chevrolet,chevrolet,silverado-1500,2,exact,Silverado,Truck,Silverado C15 2WD,,1990-2026,true
2011,chevrolet,chevrolet,silverado-1500,2,exact,Silverado,Truck,Silverado C15 2WD,,1990-2026,true
2018,audi,audi,s5-sportback,2,exact,S5,Passenger Car,S5,,2008-2026,true
2001,bmw,bmw,3-series,5,exact,325Ci,Passenger Car,325ci Convertible,,1990-2026,true
2004,hyundai,hyundai,santa-fe,2,exact,Santa Fe,Passenger Car,Santa Fe 2WD,,2001-2026,true
2001,chevrolet,chevrolet,silverado-2500,2,exact,Silverado,MPV,Silverado 1500 2WD,,1999-2026,true
2003,chevrolet,chevrolet,silverado-2500,2,exact,Silverado,Truck,Silverado 1500 2WD,,1999-2026,true
2005,chevrolet,chevrolet,silverado-2500,2,exact,Silverado,Truck,Silverado 15 Hybrid 2WD,,1999-2026,true
2007,gmc,gmc,sierra-1500,1,exact,Sierra,Truck,Sierra Classic 1500 2WD,,1990-2026,true
2025,bmw,bmw,4-series-gran-coupe,2,exact,430i,Passenger Car,430i Coupe,,2014-2026,true
1993,pontiac,pontiac,grand-am,1,exact,Grand AM,Passenger Car,Grand Am,,1990-2005,true
2008,chevrolet,chevrolet,silverado-3500hd,5,exact,Silverado,Truck,Silverado C15 2WD,,1999-2026,true
2009,chevrolet,chevrolet,suburban-2500,2,exact,Suburban,MPV,Suburban 1500 2WD,,1990-2026,true
2003,ford,ford,f-450-super-duty,2,exact,F-250,Truck,,,1990-2026,true
2014,ford,ford,f-450-super-duty,3,exact,F-250,Truck,,,1990-2026,true
2021,ford,ford,mustang-mach-1,3,exact,Mustang,Passenger Car,Mustang Mach 1,,1990-2026,true
1999,dodge,dodge,ram-2500,4,exact,Ram,MPV,Ram 1500 Pickup 2WD,,1990-2012,true
2007,toyota,toyota,fj-cruiser,2,exact,FJ Cruiser,MPV,FJ Cruiser 2WD,,2007-2014,true
2000,toyota,toyota,mr2-spyder,2,exact,MR2,Passenger Car,MR2,,1991-1995 2000-2007,true
1995,dodge,dodge,ram-3500,4,exact,Ram,MPV,Ram 1500 Pickup 2WD,,1990-2012,true
1997,chevrolet,chevrolet,monte-carlo,2,exact,Monte Carlo,Passenger Car,Lumina/Monte Carlo,,1995-2007,true
2007,jeep,jeep,grand-cherokee,12,exact,Grand Cherokee,MPV,Grand Cherokee 2WD,,1993-2026,true
2011,ford,ford,mustang-shelby-gt500,2,exact,Mustang,Passenger Car,Mustang,,1990-2026,true
2025,jeep,jeep,grand-wagoneer,2,exact,Grand Wagoneer,MPV,Grand Wagoneer 4WD,,1990-1993 2022-2026,true
2001,ford,ford,e-250-econoline,1,exact,E-150,MPV,E150 Econoline 2WD,,1990-2014,true
2025,bmw,bmw,m4,3,exact,M4,Passenger Car,M4 Coupe,,2015-2026,true
2001,ford,ford,e-350-econoline,1,exact,E-150,MPV,E150 Econoline 2WD,,1990-2014,true
2008,ford,ford,e-350-econoline,1,exact,E-150,Truck,,,1990-2014,true
2026,chevrolet,chevrolet,silverado-1500,9,exact,Silverado,Truck,Silverado (with Sport Mode) 2WD,,1990-2026,true
2015,bmw,bmw,m3,3,exact,M3,Passenger Car,M3,,1990-1991 1995-1999 2001-2006 2008-2013 2015-2018 2020-2026,true
2013,bmw,bmw,5-series,5,exact,528i,Passenger Car,528i,,1990-1995 1997-2026,true
2014,bmw,bmw,5-series,5,exact,528i,Passenger Car,528i,,1990-1995 1997-2026,true
2018,buick,buick,regal-sportback,5,exact,Regal,Passenger Car,Regal,,1990-2004 2011-2020,true
2006,dodge,dodge,ram-1500,5,exact,Ram,Truck,Ram 1500 Pickup 2WD,,1990-2012,true
2008,dodge,dodge,ram-1500,5,exact,Ram,Truck,Ram 1500 Pickup 2WD,,1990-2012,true
1998,gmc,gmc,sierra-2500hd,2,exact,Sierra,Truck,Sierra 1500 2WD,,1990-2026,true
2023,ram,ram,1500-trx,1,exact,1500,MPV,1500 2WD,,2013-2026,true
2012,ford,ford,f-150,10,exact,F-150,Truck,F150 Pickup 2WD,,1990-2026,true
2010,ford,ford,fusion,3,exact,Fusion,Passenger Car,Fusion AWD,,2006-2020,true
2020,bmw,bmw,4-series,1,exact,430i,Passenger Car,430i Convertible,,2014-2026,true
2022,ram,ram,1500-trx,1,exact,1500,MPV,1500 2WD,,2013-2026,true
2021,ram,ram,1500-trx,1,exact,1500,MPV,1500 2WD,,2013-2026,true
2002,audi,audi,a8,1,exact,A8,Passenger Car,A8 quattro,,1997-2026,true
2026,ford,ford,escape,7,exact,Escape,MPV,Escape FWD PHEV,,2001-2026,true
2025,kia,kia,telluride,8,exact,Telluride,MPV,Telluride FWD,,2020-2026,true
2009,buick,buick,enclave,8,exact,Enclave,MPV,Enclave FWD,,2007-2026,true
2005,chevrolet,chevrolet,silverado-1500,3,exact,Silverado,Truck,Silverado 15 Hybrid 2WD,,1990-2026,true
2018,gmc,gmc,yukon-xl,3,exact,Yukon,MPV,Yukon C1500 2WD,,1990-2026,true
2023,infiniti,infiniti,qx80,4,exact,QX80,MPV,QX80 2WD,,2003-2026,true
2001,dodge,dodge,ram-3500,3,exact,Ram,MPV,Ram 1500 Pickup 2WD,,1990-2012,true
2014,bmw,bmw,x5-m,1,exact,X5,MPV,X5 xDrive35i,,2000-2026,true
2019,land rover,landrover,discovery-sport,2,exact,Discovery Sport,MPV,Discovery Sport,,2015-2026,true
2024,subaru,subaru,legacy,6,exact,Legacy,Passenger Car,Legacy AWD,,1990-2026,true
2021,bmw,bmw,m5,4,exact,M5,Passenger Car,M5,,1991-1993 2000-2003 2006-2010 2013-2023 2025-2026,true
2003,ford,ford,f-150,6,exact,F-150,Truck,F150 Pickup 2WD,,1990-2026,true
2023,bmw,bmw,4-series-gran-coupe,1,exact,430i,Passenger Car,430i xDrive Gran Coupe,,2014-2026,true
2019,bmw,bmw,4-series-gran-coupe,1,exact,430i,Passenger Car,430i Convertible,,2014-2026,true
2018,ram,ram,ram-2500,7,exact,2500,MPV,,,2013-2026,true
2024,bmw,bmw,4-series-gran-coupe,2,exact,430i,Passenger Car,430i Coupe,,2014-2026,true
2025,ram,ram,1500-classic,1,exact,1500,Truck,1500 2WD,,2013-2026,true
2017,bmw,bmw,4-series-gran-coupe,1,exact,430i,Passenger Car,430i Convertible,,2014-2026,true
2023,subaru,subaru,wrx,9,exact,Impreza,Passenger Car,Impreza 4-Door,,1993-2026,true
2013,chevrolet,chevrolet,silverado-1500,5,exact,Silverado,Truck,Silverado C15 2WD,,1990-2026,true
2005,bmw,bmw,m3,2,exact,M3,Passenger Car,M3 Convertible,,1990-1991 1995-1999 2001-2006 2008-2013 2015-2018 2020-2026,true
2023,nissan,nissan,titan,12,exact,Titan,Truck,Titan 2WD,,2002-2024,true
2004,toyota,toyota,mr2-spyder,2,exact,MR2,Passenger Car,MR2,,1991-1995 2000-2007,true
2012,dodge,dodge,challenger,6,exact,Challenger,Passenger Car,Challenger SRT8,,2008-2023,true
2021,audi,audi,q3,4,exact,Q3,MPV,Q3 S-line quattro,,2015-2026,true
2002,ford,ford,e-250-econoline,1,exact,E-150,Truck,E150 Econoline 2WD,,1990-2014,true
2004,ford,ford,e-250-econoline,1,exact,E-150,Truck,E150 Econoline 2WD,,1990-2014,true
2013,ford,ford,e-350-econoline,1,exact,E-150,MPV,E150 Van FFV,,1990-2014,true
2000,ford,ford,escort-zx2,2,exact,Escort,Passenger Car,Escort ZX2,,1990-2003,true
2003,jeep,jeep,grand-cherokee,9,exact,Grand Cherokee,MPV,Grand Cherokee 2WD,,1993-2026,true
2025,ram,ram,promaster-1500,1,exact,ProMaster 1500,Truck,,,2014-2026,true
2014,bmw,bmw,3-series,5,exact,328i,Passenger Car,328i xDrive Sports Wagon,,1990-2026,true
1999,toyota,toyota,land-cruiser,1,exact,Land Cruiser,MPV,Land Cruiser Wagon 4WD,,1990-2021 2024-2026,true
2024,bmw,bmw,x3-m,2,exact,X3,MPV,X3 sDrive30i,,2004-2026,true
2024,subaru,subaru,impreza,5,exact,Impreza,Passenger Car,Impreza,,1993-2026,true
2025,toyota,toyota,camry,16,exact,Camry,Passenger Car,Camry HEV AWD SE/XLE,,1990-2026,true
2019,honda,honda,accord,6,exact,Accord,Passenger Car,Accord 2.0T Sport/Touring,,1990-2026,true
2017,lexus,lexus,rc-f,2,exact,RC,Passenger Car,RC 300 AWD,,2015-2025,true
2019,chevrolet,chevrolet,silverado-1500,9,exact,Silverado,Truck,Silverado LD C15 2WD,,1990-2026,true
2000,ford,ford,e-350-econoline,1,exact,E-150,MPV,E150 Econoline 2WD,,1990-2014,true
2019,ford,ford,edge,4,exact,Edge,MPV,Edge FWD,,2007-2024,true
2004,ford,ford,f-150,6,exact,F-150,Truck,F150 Pickup 2WD,,1990-2026,true
2008,chevrolet,chevrolet,silverado-1500,2,exact,Silverado,Truck,Silverado C15 2WD,,1990-2026,true
2003,ford,ford,e-250-econoline,1,exact,E-150,MPV,E150 Econoline 2WD,,1990-2014,true
2025,chevrolet,chevrolet,silverado-2500hd,7,exact,Silverado,Truck,Silverado 2WD,,1990-1993 1999-2026,true
2008,chevrolet,chevrolet,silverado-2500hd,6,exact,Silverado,Truck,Silverado C15 2WD,,1990-1993 1999-2026,true
2020,land rover,landrover,range-rover-sport,10,exact,Range Rover Sport,MPV,Range Rover Sport,,2006-2026,true
2009,chevrolet,chevrolet,silverado-2500hd,5,exact,Silverado,Truck,Silverado C15 2WD,,1990-1993 1999-2026,true
2003,bmw,bmw,7-series,2,exact,760Li,Passenger Car,745i,,1990-2026,true
2001,chevrolet,chevrolet,silverado-2500hd,2,exact,Silverado,MPV,Silverado 1500 2WD,,1990-1993 1999-2026,true
2006,chrysler,chrysler,town-&-country,3,exact,Town and Country,MPV,Town and Country 2WD,,1990-2016,true
2016,mini,mini,cooper,6,exact,Cooper Convertible,Passenger Car,Cooper S Hardtop 2 door,,2002-2026,true
2023,ford,ford,mustang,9,exact,Mustang,Passenger Car,Mustang,,1990-2026,true
2004,bmw,bmw,5-series,5,exact,525i,Passenger Car,525i,,1990-1995 1997-2026,true
2015,chevrolet,chevrolet,silverado-2500hd,6,exact,Silverado,Truck,Silverado C15 2WD,,1990-1993 1999-2026,true
2004,chevrolet,chevrolet,silverado-2500hd,2,exact,Silverado,Truck,Silverado 15 Hybrid 2WD,,1990-1993 1999-2026,true
2025,toyota,toyota,rav4-hybrid,4,exact,RAV4,MPV,RAV4,,1996-2026,true
2008,toyota,toyota,tacoma,12,exact,Tacoma,Truck,Tacoma 2WD,,1995-2026,true
2022,mini,mini,cooper,6,exact,Cooper Convertible,Passenger Car,Cooper SE Hardtop 2 door,,2002-2026,true
1992,gmc,gmc,sierra-1500,4,exact,Sierra,MPV,Sierra 1500 2WD,,1990-2026,true
2012,lexus,lexus,es,5,exact,ES,Passenger Car,ES 350,,1990-2026,true
2017,mini,mini,cooper,6,exact,Cooper Convertible,Passenger Car,John Cooper Works Convertible,,2002-2026,true
2019,honda,honda,civic,9,exact,Civic,Passenger Car,Civic 2Dr,,1990-2026,true
2019,volvo,volvo,s90,4,exact,S90,Passenger Car,S90 AWD,,1997-1998 2017-2026,true
2026,chevrolet,chevrolet,silverado-3500hd,5,exact,Silverado,Truck,Silverado (with Sport Mode) 2WD,,1999-2026,true
2001,chevrolet,chevrolet,silverado-3500hd,1,exact,Silverado,MPV,Silverado 1500 2WD,,1999-2026,true
2007,chevrolet,chevrolet,silverado-3500hd,4,exact,Silverado,Truck,Silverado Classic 1500 2WD,,1999-2026,true
2015,chevrolet,chevrolet,silverado-3500hd,5,exact,Silverado,Truck,Silverado C15 2WD,,1999-2026,true
2004,chevrolet,chevrolet,silverado-3500hd,1,exact,Silverado,Truck,Silverado 15 Hybrid 2WD,,1999-2026,true
2025,ford,ford,f-250,7,exact,F-250,Truck,,,1990-2026,true
2025,honda,honda,ridgeline,6,exact,Ridgeline,Truck,Ridgeline AWD,,2006-2026,true
2025,hyundai,hyundai,palisade,6,exact,Palisade,MPV,Palisade FWD,,2020-2026,true
2005,chevrolet,chevrolet,silverado-3500hd,1,exact,Silverado,Truck,Silverado 15 Hybrid 2WD,,1999-2026,true
2008,toyota,toyota,land-cruiser,3,exact,Land Cruiser,MPV,Land Cruiser Wagon 4WD,,1990-2021 2024-2026,true
2002,dodge,dodge,ram-2500,3,exact,Ram,Passenger Car,Ram 1500 Pickup 2WD,,1990-2012,true
2026,honda,honda,civic,16,exact,Civic,Passenger Car,Civic 4Dr,,1990-2026,true
2026,ford,ford,f-250,8,exact,F-250,Truck,,,1990-2026,true
2026,honda,honda,cr-v,8,exact,CR-V,MPV,CR-V FWD,,1997-2026,true
1994,chevrolet,chevrolet,astro,2,exact,Astro Van,MPV,Astro AWD (cargo),,1990-2005,true
1992,gmc,gmc,sierra,1,exact,Sierra,MPV,Sierra 1500 2WD,,1990-2026,true
1997,toyota,toyota,land-cruiser,1,exact,Land Cruiser,MPV,Land Cruiser Wagon 4WD,,1990-2021 2024-2026,true
2017,bmw,bmw,3-series,5,exact,335i,Passenger Car,320i,,1990-2026,true
2020,mini,mini,cooper,6,exact,Cooper Convertible,Passenger Car,Cooper Convertible,,2002-2026,true
2014,toyota,toyota,sequoia,5,exact,Sequoia,MPV,Sequoia 2WD,,2000-2026,true
2018,chevrolet,chevrolet,silverado-3500hd,17,exact,Silverado,Truck,Silverado 15 Hybrid 2WD,,1999-2026,true
2021,mini,mini,cooper,6,exact,Cooper Convertible,Passenger Car,Cooper Convertible,,2002-2026,true
2020,gmc,gmc,sierra-1500,13,exact,Sierra,Truck,Sierra 2WD,,1990-2026,true
2025,jeep,jeep,grand-cherokee,16,exact,Grand Cherokee,MPV,Grand Cherokee L 2WD,,1993-2026,true
2014,gmc,gmc,sierra-1500,10,exact,Sierra,Truck,Sierra C15 2WD,,1990-2026,true
2024,mini,mini,cooper,6,exact,Cooper Convertible,Passenger Car,Cooper SE Hardtop 2 door,,2002-2026,true
2011,mercedes-benz,mercedesbenz,e-class-amg,2,exact,E-Class,Passenger Car,E350 Convertible,,1990-2026,true
2025,kia,kia,forte,5,none,,,,,2010-2024,true
2019,kia,kia,sportage,7,exact,Sportage,MPV,Sportage FWD,,1995-2026,true
1990,mercury,mercury,grand-marquis,2,exact,Grand Marquis,Passenger Car,Grand Marquis,,1990-2011,true
2023,mercedes-benz,mercedesbenz,e-class-cabriolet,2,exact,E-Class,Passenger Car,E350,,1990-2026,true
2023,mazda,mazda,cx-5,8,exact,CX-5,MPV,CX-5 4WD,,2013-2026,true
2023,toyota,toyota,tundra,8,exact,Tundra,Truck,Tundra 2WD,,1995-2026,true
2002,gmc,gmc,sierra-1500,2,exact,Sierra,Truck,Sierra 1500 2WD,,1990-2026,true
2013,mercedes-benz,mercedesbenz,e-class-coupe,2,exact,E-Class,Passenger Car,E350 4matic Coupe,,1990-2026,true
2002,mercedes-benz,mercedesbenz,g-class-amg,2,exact,G-Class,MPV,G500,,1999 2002-2026,true
2026,ford,ford,expedition,7,exact,Expedition,MPV,Expedition 2WD,,1997-2026,true
2021,lexus,lexus,rx,6,exact,RX,MPV,RX 350 L,,1999-2026,true
2005,mercedes-benz,mercedesbenz,g-class-amg,2,exact,G-Class,MPV,G500,,1999 2002-2026,true
2022,bmw,bmw,3-series,9,exact,330i,Passenger Car,330i Sedan,,1990-2026,true
2015,volvo,volvo,s60,5,exact,S60,Passenger Car,S60 AWD,,2001-2009 2011-2025,true
1997,lincoln,lincoln,town-car,5,exact,Town Car,Passenger Car,Town Car,,1990-2011,true
2013,bmw,bmw,3-series,5,exact,328i,Passenger Car,335i Coupe,,1990-2026,true
2001,ford,ford,f-350,4,exact,F-250,MPV,,,1990-2026,true
2016,gmc,gmc,sierra-1500,6,exact,Sierra,Truck,Sierra C15 Cab Chassis 2WD,,1990-2026,true
2010,ford,ford,f-350,5,exact,F-250,Truck,,,1990-2026,true
2002,honda,honda,cr-v,5,exact,CR-V,MPV,CR-V 2WD,,1997-2026,true
2014,ford,ford,focus,5,exact,Focus,Passenger Car,Focus FWD,,2000-2018,true
2014,chevrolet,chevrolet,tahoe,7,exact,Tahoe,MPV,Tahoe C10 2WD,,1995-2026,true
2022,subaru,subaru,forester,7,exact,Forester,MPV,Forester AWD,,1998-2026,true
2012,audi,audi,a6,5,exact,A6,Passenger Car,A6,,1995-2026,true
2022,bmw,bmw,m4,3,exact,M4,Passenger Car,M4 Coupe,,2015-2026,true
2021,mercedes-benz,mercedesbenz,s-class-amg,2,exact,S-Class,Passenger Car,S560 Convertible,,1990-2026,true
2017,mercedes-benz,mercedesbenz,s-class-coupe,2,exact,S-Class,Passenger Car,AMG S63 4matic Convertible,,1990-2026,true
2015,gmc,gmc,sierra-2500hd,5,exact,Sierra,Truck,Sierra C15 2WD,,1990-2026,true
2005,mercedes-benz,mercedesbenz,m-class-amg,2,exact,M-Class,MPV,ML350,,1995-2019,true
2020,mercedes-benz,mercedesbenz,s-class-coupe,2,exact,S-Class,Passenger Car,S450,,1990-2026,true
2026,chevrolet,chevrolet,corvette,15,exact,Corvette,Passenger Car,Corvette,,1990-2026,true
2011,mercedes-benz,mercedesbenz,slk-class-amg,2,exact,SLK-Class,Passenger Car,SLK350,,1998-2016,true
2020,porsche,porsche,macan,5,exact,Macan,MPV,Macan,,2015-2026,true
2026,toyota,toyota,sequoia,8,exact,Sequoia,MPV,Sequoia 2WD,,2000-2026,true
2008,lexus,lexus,is,5,exact,IS,Passenger Car,IS 250,,2001-2026,true
2006,gmc,gmc,sierra-2500hd,3,exact,Sierra,Truck,Sierra 15 Hybrid 2WD,,1990-2026,true
2011,ford,ford,f-350,6,exact,F-250,Truck,,,1990-2026,true
2026,gmc,gmc,sierra-2500hd,7,exact,Sierra,Truck,Sierra 2WD with Sport Mode,,1990-2026,true
2018,chevrolet,chevrolet,silverado-1500,10,exact,Silverado,Truck,Silverado 15 Hybrid 2WD,,1990-2026,true
2013,mini,mini,cooper,6,exact,Cooper Convertible,Passenger Car,Cooper Roadster,,2002-2026,true
2000,dodge,dodge,intrepid,3,exact,Intrepid,Passenger Car,Intrepid,,1993-2004,true
2003,lexus,lexus,rx,6,exact,RX,MPV,RX 300,,1999-2026,true
2001,gmc,gmc,sierra-2500hd,3,exact,Sierra,Truck,Sierra 1500 2WD,,1990-2026,true
1993,bmw,bmw,3-series,3,exact,325i,Passenger Car,318i/318is,,1990-2026,true
2026,honda,honda,pilot,9,exact,Pilot,MPV,Pilot FWD,,2003-2026,true
2014,lexus,lexus,rx,6,exact,RX,MPV,RX 350,,1999-2026,true
2021,chevrolet,chevrolet,silverado-2500hd,6,exact,Silverado,Truck,Silverado 2WD,,1990-1993 1999-2026,true
2007,gmc,gmc,sierra-3500hd,3,exact,Sierra,Truck,Sierra Classic 1500 2WD,,1990-2026,true
2021,lincoln,lincoln,navigator,4,exact,Navigator,MPV,Navigator 2WD,,1998-2026,true
2016,gmc,gmc,sierra-3500hd,4,exact,Sierra,Truck,Sierra C15 Cab Chassis 2WD,,1990-2026,true
2009,ford,ford,e-350-econoline,1,exact,E-150,MPV,,,1990-2014,true
2019,lincoln,lincoln,navigator,4,exact,Navigator,MPV,Navigator 2WD,,1998-2026,true
2015,gmc,gmc,savana-2500,4,exact,Savana,Truck,Savana 2500 2WD Conversion (cargo),,1996-2026,true
2018,gmc,gmc,savana-2500,7,exact,Savana,MPV,,,1996-2026,true
1999,chevrolet,chevrolet,silverado-1500,5,exact,Silverado,Truck,Silverado 1500 2WD,,1990-2026,true
2015,gmc,gmc,sierra-3500hd,4,exact,Sierra,Truck,Sierra C15 2WD,,1990-2026,true
2003,chevrolet,chevrolet,avalanche-2500,2,exact,Avalanche,MPV,Avalanche 1500 2WD,,2002-2013,true
2003,gmc,gmc,sierra-3500hd,3,exact,Sierra,Truck,Sierra 1500 2WD,,1990-2026,true
1992,gmc,gmc,sierra-2500hd,2,exact,Sierra,MPV,Sierra 1500 2WD,,1990-2026,true
2012,toyota,toyota,4runner,8,exact,4Runner,MPV,4Runner 2WD,,1990-2026,true
2025,lincoln,lincoln,aviator,5,exact,Aviator,MPV,Aviator RWD,,2003-2005 2020-2026,true
2020,lincoln,lincoln,navigator,4,exact,Navigator,MPV,Navigator 2WD,,1998-2026,true
2003,bmw,bmw,m-coupe,1,family,Z4,Passenger Car,Z4 Roadster,,1996-2016 2019-2026,true
2010,ford,ford,explorer-sport-trac,2,exact,Explorer,MPV,Explorer Sport Trac 2WD,,1991-2026,true
1991,gmc,gmc,sierra-2500hd,2,exact,Sierra,MPV,Sierra 1500 4WD,,1990-2026,true
1991,ford,ford,crown-victoria,1,exact,Crown Victoria,Passenger Car,LTD Crown Victoria,,1990-2011,true
1998,jeep,jeep,grand-cherokee,8,exact,Grand Cherokee,MPV,Grand Cherokee 2WD,,1993-2026,true
2006,gmc,gmc,sierra-1500,2,exact,Sierra,Truck,Sierra 15 Hybrid 2WD,,1990-2026,true
1990,lincoln,lincoln,town-car,5,exact,Town Car,Passenger Car,Town Car,,1990-2011,true
2022,ford,ford,f-350,7,exact,F-250,Truck,,,1990-2026,true
2013,toyota,toyota,tacoma,12,exact,Tacoma,Truck,Tacoma 2WD,,1995-2026,true
2019,lincoln,lincoln,continental,5,exact,Continental,Passenger Car,Continental  AWD,,1990-2002 2017-2020,true
1993,chevrolet,chevrolet,lumina-apv,1,exact,Lumina APV,Truck,Lumina,,1990-2001,true
1994,chevrolet,chevrolet,lumina-apv,1,exact,Lumina,Passenger Car,Lumina,,1990-2001,true
2008,hyundai,hyundai,santa-fe,6,exact,Santa Fe,MPV,Santa Fe 2WD,,2001-2026,true
1991,lincoln,lincoln,town-car,5,exact,Town Car,Passenger Car,Town Car,,1990-2011,true
1995,lincoln,lincoln,town-car,5,exact,Town Car,Passenger Car,Town Car,,1990-2011,true
2021,lincoln,lincoln,aviator,5,exact,Aviator,MPV,Aviator PHEV AWD,,2003-2005 2020-2026,true
2026,gmc,gmc,sierra-3500hd,6,exact,Sierra,Truck,Sierra 2WD with Sport Mode,,1990-2026,true
2004,chevrolet,chevrolet,suburban-1500,2,exact,Suburban,MPV,Suburban 1500 2WD,,1990-2026,true
2002,toyota,toyota,tacoma,11,exact,Tacoma,Truck,Tacoma 2WD,,1995-2026,true
2023,bmw,bmw,4-series,2,exact,430i,Passenger Car,430i xDrive Gran Coupe,,2014-2026,true
2020,land rover,landrover,range-rover-velar,2,exact,Range Rover Velar,MPV,Range Rover Velar,,2018-2026,true
2006,hyundai,hyundai,santa-fe,2,exact,Santa Fe,MPV,Santa Fe 2WD,,2001-2026,true
2007,hyundai,hyundai,santa-fe-classic,2,exact,Santa Fe,MPV,Santa Fe 2WD,,2001-2026,true
2026,ford,ford,f-350,7,exact,F-250,Truck,,,1990-2026,true
1995,toyota,toyota,tacoma,11,exact,Tacoma,Truck,Tacoma 2WD,,1995-2026,true
2008,chrysler,chrysler,town-and-country,2,exact,Town and Country,MPV,Town and Country/Voyager/Grand Voy. 2WD,,1990-2016,true
2001,hyundai,hyundai,santa-fe,2,exact,Santa Fe,Passenger Car,Santa Fe 2WD,,2001-2026,true
2012,toyota,toyota,tacoma,12,exact,Tacoma,Truck,Tacoma 2WD,,1995-2026,true
2015,toyota,toyota,prius-plug-in,2,exact,Prius,Passenger Car,Prius,,2001-2026,true
2013,hyundai,hyundai,santa-fe-sport,2,exact,Santa Fe,MPV,Santa Fe Sport 2WD,,2001-2026,true
2002,hyundai,hyundai,santa-fe,2,exact,Santa Fe,MPV,Santa Fe 2WD,,2001-2026,true
1990,bmw,bmw,7-series,1,exact,750iL,Passenger Car,735i,,1990-2026,true
2014,toyota,toyota,prius-plug-in,2,exact,Prius,Passenger Car,Prius v,,2001-2026,true
2007,hyundai,hyundai,santa-fe,6,exact,Santa Fe,MPV,Santa Fe 2WD,,2001-2026,true
2013,toyota,toyota,prius-v,2,exact,Prius,Passenger Car,Prius c,,2001-2026,true
2005,dodge,dodge,ram-3500,4,exact,Ram,Truck,Ram 1500 Pickup 2WD,,1990-2012,true
2006,dodge,dodge,ram-3500,4,exact,Ram,Truck,Ram 1500 Pickup 2WD,,1990-2012,true
1991,mercury,mercury,grand-marquis,1,exact,Grand Marquis,Passenger Car,Grand Marquis,,1990-2011,true
1992,mercury,mercury,grand-marquis,2,exact,Grand Marquis,Passenger Car,Grand Marquis,,1990-2011,true
1993,mercury,mercury,grand-marquis,2,exact,Grand Marquis,Passenger Car,Grand Marquis,,1990-2011,true
1994,mercury,mercury,grand-marquis,2,exact,Grand Marquis,Passenger Car,Grand Marquis,,1990-2011,true
2020,bmw,bmw,7-series,5,exact,740i,Passenger Car,740i,,1990-2026,true
2022,toyota,toyota,bz4x,1,none,,,,,2023-2026,true
1995,mercury,mercury,grand-marquis,2,exact,Grand Marquis,Passenger Car,Grand Marquis,,1990-2011,true
1996,mercury,mercury,grand-marquis,2,exact,Grand Marquis,Passenger Car,Grand Marquis,,1990-2011,true
1993,ford,ford,e-150-econoline,1,exact,E-150,MPV,E150 Econoline 2WD,,1990-2014,true
1994,ford,ford,e-150-econoline,1,exact,E-150,Truck,E150 Econoline 2WD,,1990-2014,true
1997,mercury,mercury,grand-marquis,2,exact,Grand Marquis,Passenger Car,Grand Marquis,,1990-2011,true
1998,mercury,mercury,grand-marquis,2,exact,Grand Marquis,Passenger Car,Grand Marquis,,1990-2011,true
2026,maserati,maserati,granturismo,1,exact,Granturismo,Passenger Car,Granturismo Trofeo,,2008-2026,true
1999,mercury,mercury,grand-marquis,2,exact,Grand Marquis,Passenger Car,Grand Marquis,,1990-2011,true
2001,mercury,mercury,grand-marquis,3,exact,Grand Marquis,Passenger Car,Grand Marquis,,1990-2011,true
2002,mercury,mercury,grand-marquis,3,exact,Grand Marquis,Passenger Car,Grand Marquis,,1990-2011,true
2003,mercury,mercury,grand-marquis,3,exact,Grand Marquis,Passenger Car,Grand Marquis,,1990-2011,true
2005,mercury,mercury,grand-marquis,3,exact,Grand Marquis,Passenger Car,Grand Marquis,,1990-2011,true
2006,mercury,mercury,grand-marquis,3,exact,Grand Marquis,Passenger Car,Grand Marquis,,1990-2011,true
2007,mercury,mercury,grand-marquis,3,exact,Grand Marquis,Passenger Car,Grand Marquis,,1990-2011,true
2010,mercury,mercury,grand-marquis,3,exact,Grand Marquis,Passenger Car,Grand Marquis FFV,,1990-2011,true
2021,porsche,porsche,macan,5,exact,Macan,MPV,Macan GTS,,2015-2026,true
2011,mercury,mercury,grand-marquis,3,exact,Grand Marquis,Passenger Car,Grand Marquis FFV,,1990-2011,true
2025,audi,audi,sq6-e-tron,2,exact,SQ6,MPV,SQ6 e-tron,,2025-2026,true
1996,bmw,bmw,3-series,3,exact,328i,Passenger Car,318i Convertible,,1990-2026,true
1998,bmw,bmw,3-series,3,exact,328i,Passenger Car,323i Convertible,,1990-2026,true
1999,bmw,bmw,3-series,8,exact,328i,Passenger Car,323i Convertible,,1990-2026,true
2026,bmw,bmw,4-series-gran-coupe,2,exact,430i,Passenger Car,430i Coupe,,2014-2026,true
1995,bmw,bmw,5-series,2,exact,525i,Passenger Car,525i,,1990-1995 1997-2026,true
1996,bmw,bmw,5-series,2,none,,,,,1990-1995 1997-2026,true
2026,gmc,gmc,terrain,6,exact,Terrain,MPV,Terrain FWD,,2009-2026,true
1997,mazda,mazda,626,1,exact,626,Passenger Car,626,,1990-2002,true
2015,bmw,bmw,6-series,2,exact,640i,Passenger Car,640i Coupe,,2004-2010 2012-2019,true
1992,bmw,bmw,7-series,1,exact,750iL,Passenger Car,735i,,1990-2026,true
1991,ford,ford,e-250-econoline,1,exact,E-150,MPV,E150 Econoline 2WD,,1990-2014,true
2018,ford,ford,f-350-super-duty,27,exact,F-250,Truck,,,1990-2026,true
1994,bmw,bmw,7-series,1,exact,740i,Passenger Car,740i,,1990-2026,true
1997,bmw,bmw,7-series,1,exact,740i,Passenger Car,740il,,1990-2026,true
2017,bmw,bmw,7-series,5,exact,740i,Passenger Car,740i xDrive,,1990-2026,true
2022,bmw,bmw,7-series,5,exact,740Li,Passenger Car,750i xDrive Sedan,,1990-2026,true
2007,bmw,bmw,7-series,2,exact,750i,Passenger Car,750i,,1990-2026,true
2009,bmw,bmw,7-series,2,exact,750i,MPV,750i,,1990-2026,true
2008,ford,ford,f-450-super-duty,3,exact,F-250,Truck,,,1990-2026,true
1992,ford,ford,taurus-sho,1,exact,Taurus,Passenger Car,Taurus,,1990-2019,true
1993,ford,ford,taurus-sho,1,exact,Taurus,Passenger Car,Taurus,,1990-2019,true
2016,ford,ford,escape,7,exact,Escape,MPV,Escape FWD,,2001-2026,true
1994,ford,ford,taurus-sho,1,exact,Taurus,Passenger Car,Taurus,,1990-2019,true
1995,ford,ford,taurus-sho,1,exact,Taurus,Passenger Car,Taurus,,1990-2019,true
2002,ford,ford,escort-zx2,2,exact,Escort,Passenger Car,Escort ZX2,,1990-2003,true
2026,bmw,bmw,7-series,2,exact,740i,Passenger Car,740i Sedan,,1990-2026,true
2010,bmw,bmw,7-series,2,exact,750i,MPV,750i,,1990-2026,true
1994,dodge,dodge,ram-van-b2500,1,exact,Ram Van,MPV,Ram 1500 Pickup 2WD,,1990-2012,true
1994,dodge,dodge,ram-van-b3500,1,exact,Ram Van,MPV,Ram 1500 Pickup 2WD,,1990-2012,true
1995,dodge,dodge,ram-van-b3500,1,exact,Ram Van,MPV,B3500 Van 2WD,,1990-2012,true
2019,mazda,mazda,cx-9,5,exact,CX-9,MPV,CX-9 2WD,,2007-2023,true
2020,subaru,subaru,forester,7,exact,Forester,MPV,Forester AWD,,1998-2026,true
2003,honda,honda,cr-v,5,exact,CR-V,MPV,CR-V 2WD,,1997-2026,true
2010,ford,ford,explorer,8,exact,Explorer,MPV,Explorer Sport Trac 2WD,,1991-2026,true
2019,mazda,mazda,mx-5-miata,5,exact,MX-5,Passenger Car,MX-5,,1990-1997 1999-2026,true
2025,audi,audi,rs7,1,exact,RS 7,Passenger Car,RS 7,,2014-2018 2021-2026,true
1995,dodge,dodge,ram-van-b2500,1,exact,Ram Van,MPV,B1500/B2500 Van 2WD,,1990-2012,true
1996,dodge,dodge,ram-van-b1500,1,exact,Ram Van,MPV,B1500/B2500 Van 2WD,,1990-2012,true
2024,bmw,bmw,8-series,2,exact,840i,Passenger Car,840i Coupe,,1990-1997 2019-2026,true
2025,bmw,bmw,8-series,2,exact,840i,Passenger Car,840i Coupe,,1990-1997 2019-2026,true
2026,bmw,bmw,8-series,2,exact,840i,Passenger Car,840i Coupe,,1990-1997 2019-2026,true
2002,bmw,bmw,m-coupe,2,exact,Z3,Passenger Car,Z3 Coupe,,1996-2016 2019-2026,true
2021,subaru,subaru,crosstrek,6,exact,Crosstrek,MPV,Crosstrek AWD,,2012-2026,true
2013,mazda,mazda,mazda5,3,exact,Mazda5,Passenger Car,5,,2003-2026,true
2023,mazda,mazda,cx-30,1,exact,CX-30,MPV,CX-30 4WD,,2020-2026,true
2013,mazda,mazda,cx-5,3,exact,CX-5,MPV,CX-5 4WD,,2013-2026,true
1999,gmc,gmc,sierra-1500,2,exact,Sierra,Truck,Sierra 1500 2WD,,1990-2026,true
2000,bmw,bmw,m-coupe,2,exact,Z3,Passenger Car,M Coupe,,1996-2016 2019-2026,true
2022,bmw,bmw,x4-m,2,exact,X4,MPV,X4 xDrive30i,,2015-2025,true
2013,bmw,bmw,m5,3,exact,M5,Passenger Car,M5,,1991-1993 2000-2003 2006-2010 2013-2023 2025-2026,true
2012,bmw,bmw,x5-m,2,exact,X5,MPV,X5 xDrive35i,,2000-2026,true
2023,land rover,landrover,range-rover-sport,5,exact,Range Rover Sport,MPV,,,2006-2026,true
2017,bmw,bmw,x5-m,2,exact,X5,MPV,X5 sDrive35i,,2000-2026,true
2024,bmw,bmw,x5-m,2,exact,X5,MPV,X5 sDrive40i,,2000-2026,true
2016,bmw,bmw,x6-m,2,exact,X6,MPV,X6 sDrive35i,,2008-2026,true
2012,bmw,bmw,x6-m,2,exact,X6,MPV,X6 xDrive35i,,2008-2026,true
2015,bmw,bmw,x6-m,2,exact,X6,MPV,X6 sDrive35i,,2008-2026,true
2019,bmw,bmw,x6-m,2,exact,X6,MPV,X6 sDrive35i,,2008-2026,true
2017,chevrolet,chevrolet,silverado-1500,11,exact,Silverado,Truck,Silverado 15 Hybrid 2WD,,1990-2026,true
1990,oldsmobile,oldsmobile,cutlass-supreme,1,exact,Cutlass Supreme,Passenger Car,Cutlass Ciera,,1990-1999,true
1994,oldsmobile,oldsmobile,cutlass-supreme,1,exact,Cutlass Supreme,Passenger Car,Cutlass Ciera,,1990-1999,true
2015,mercedes-benz,mercedesbenz,e-class,14,exact,E-Class,Passenger Car,E350 Coupe,,1990-2026,true
2014,bmw,bmw,7-series,4,exact,740i,Passenger Car,740i,,1990-2026,true
2026,mazda,mazda,cx-5,8,exact,CX-5,MPV,CX-5 4WD,,2013-2026,true
2006,acura,acura,tl,6,exact,TL,Passenger Car,TL,,1990-2014,true
2002,chevrolet,chevrolet,silverado-2500hd,2,exact,Silverado,Truck,Silverado 1500 2WD,,1990-1993 1999-2026,true
2022,land rover,landrover,discovery-sport,2,exact,Discovery Sport,MPV,Discovery Sport,,2015-2026,true
2014,land rover,landrover,range-rover-sport,9,exact,Range Rover Sport,MPV,Range Rover Sport,,2006-2026,true
2010,land rover,landrover,range-rover-sport,7,exact,Range Rover Sport,MPV,Range Rover Sport,,2006-2026,true
2012,land rover,landrover,range-rover-sport,7,exact,Range Rover Sport,MPV,Range Rover Sport,,2006-2026,true
2021,subaru,subaru,forester,7,exact,Forester,MPV,Forester AWD,,1998-2026,true
2020,mazda,mazda,cx-9,5,exact,CX-9,MPV,CX-9 2WD,,2007-2023,true
2025,toyota,toyota,tundra,8,exact,Tundra,Truck,Tundra 2WD,,1995-2026,true
2011,lotus,lotus,elise,1,exact,Elise,Passenger Car,Elise/Exige,,2005-2012,true
2021,mercedes-benz,mercedesbenz,g-class-amg,2,exact,G-Class,MPV,AMG G63,,1999 2002-2026,true
2009,land rover,landrover,range-rover-sport,4,exact,Range Rover Sport,MPV,Range Rover Sport,,2006-2026,true
2021,subaru,subaru,impreza,5,exact,Impreza,Passenger Car,Impreza 4-Door,,1993-2026,true
2008,mazda,mazda,mazda5,3,exact,Mazda5,Passenger Car,5,,2003-2026,true
2002,dodge,dodge,intrepid,4,exact,Intrepid,Passenger Car,Intrepid,,1993-2004,true
1990,land rover,landrover,range-rover,1,exact,Range Rover,MPV,Range Rover,,1990-2026,true
2011,land rover,landrover,range-rover-sport,7,exact,Range Rover Sport,MPV,Range Rover Sport,,2006-2026,true
2005,buick,buick,lacrosse,9,exact,LaCrosse,Passenger Car,Lacrosse/Allure,,2005-2019,true
2020,mazda,mazda,mx-5-miata,5,exact,MX-5,Passenger Car,MX-5,,1990-1997 1999-2026,true
2023,mazda,mazda,mx-5-miata,5,exact,MX-5,Passenger Car,MX-5,,1990-1997 1999-2026,true
2026,mazda,mazda,mx-5-miata,5,exact,MX-5,Passenger Car,MX-5,,1990-1997 1999-2026,true
2011,mercedes,mercedesbenz,c-class-amg,2,exact,C-Class,Passenger Car,C350,,1994-2026,true
2012,mercedes,mercedesbenz,c-class-amg,2,exact,C-Class,Passenger Car,C63 AMG Coupe,,1994-2026,true
2014,mercedes,mercedesbenz,c-class-amg,2,exact,C-Class,Passenger Car,C350,,1994-2026,true
2017,mazda,mazda,cx-5,8,exact,CX-5,MPV,CX-5 2WD,,2013-2026,true
2016,bmw,bmw,m3,3,exact,M3,Passenger Car,M3,,1990-1991 1995-1999 2001-2006 2008-2013 2015-2018 2020-2026,true
2006,gmc,gmc,sierra-3500hd,3,exact,Sierra,Truck,Sierra 15 Hybrid 2WD,,1990-2026,true
1990,plymouth,plymouth,grand-voyager,1,exact,Voyager,MPV,Voyager/Grand Voyager 2WD,,1990-2005 2007-2009 2020-2026,true
1994,plymouth,plymouth,grand-voyager,1,exact,Voyager,MPV,Voyager/Grand Voyager 2WD,,1990-2005 2007-2009 2020-2026,true
2010,buick,buick,lacrosse,10,exact,LaCrosse,Passenger Car,Lacrosse/Allure,,2005-2019,true
2021,mazda,mazda,mx-30,1,none,,,,,2022-2023,true
2013,mazda,mazda,mx-5,1,exact,MX-5,Passenger Car,MX-5,,1990-1997 1999-2026,true
2014,mazda,mazda,mx-5,1,exact,MX-5,Passenger Car,MX-5,,1990-1997 1999-2026,true
2015,mazda,mazda,mx-5,1,exact,MX-5,Passenger Car,MX-5,,1990-1997 1999-2026,true
2016,mazda,mazda,mx-5,1,exact,MX-5,Passenger Car,MX-5,,1990-1997 1999-2026,true
2017,mazda,mazda,mx-5,1,exact,MX-5,Passenger Car,MX-5,,1990-1997 1999-2026,true
1991,saturn,saturn,s-series,1,exact,SL1,Passenger Car,SC,,1991-2002,true
1992,saturn,saturn,s-series,1,exact,SL1,Passenger Car,SC,,1991-2002,true
2024,ford,ford,bronco-sport,4,exact,Bronco Sport,MPV,Bronco Sport 4WD,,2021-2026,true
2023,porsche,porsche,macan,5,exact,Macan,MPV,Macan,,2015-2026,true
2025,mclaren,mclaren,gt,1,none,,,,,2017-2023,true
2022,mercedes,mercedesbenz,s-class,14,exact,S-Class,Passenger Car,S500 4matic,,1990-2026,true
2020,mercedes,mercedesbenz,s-class,15,exact,S-Class,Passenger Car,S450,,1990-2026,true
2023,mercedes,mercedesbenz,c-class,15,exact,C-Class,Passenger Car,C300 Coupe,,1994-2026,true
2006,toyota,toyota,rav4,9,exact,RAV4,MPV,RAV4 2WD,,1996-2026,true
2007,chevrolet,chevrolet,silverado-1500,1,exact,Silverado,Truck,Silverado Classic 1500 2WD,,1990-2026,true
2004,ford,ford,ranger,6,exact,Ranger,Truck,Ranger Pickup 2WD,,1990-2011 2019-2026,true
2019,bmw,bmw,m4,4,exact,M4,Passenger Car,M4 Convertible,,2015-2026,true
2015,bmw,bmw,m5,3,exact,M5,Passenger Car,M5,,1991-1993 2000-2003 2006-2010 2013-2023 2025-2026,true
2014,bmw,bmw,m5,3,exact,M5,Passenger Car,M5,,1991-1993 2000-2003 2006-2010 2013-2023 2025-2026,true
2017,mercedes,mercedesbenz,e-class,16,exact,E-Class,Passenger Car,E300,,1990-2026,true
2006,lexus,lexus,rx,6,exact,RX,MPV,RX 330 2WD,,1999-2026,true
2016,bmw,bmw,4-series,1,exact,428i,Passenger Car,435i Convertible,,2014-2026,true
2019,ford,ford,mustang-shelby-gt350,2,exact,Mustang,Passenger Car,Mustang,,1990-2026,true
2020,mercedes,mercedesbenz,glc,14,exact,GLC-Class,MPV,GLC300,,2016-2026,true
2026,mercedes,mercedesbenz,e-class,15,exact,E-Class,Passenger Car,E350,,1990-2026,true
2003,dodge,dodge,intrepid,3,exact,Intrepid,Passenger Car,Intrepid,,1993-2004,true
2017,mercedes-benz,mercedesbenz,cls-class-amg,2,exact,CLS-Class,Passenger Car,AMG CLS63 S 4matic,,2005-2023,true
2019,mercedes-benz,mercedesbenz,cls-class-amg,2,exact,CLS-Class,Passenger Car,AMG CLS53 4matic Plus,,2005-2023,true
2024,toyota,toyota,4runner,8,exact,4Runner,MPV,4Runner 2WD,,1990-2026,true
2023,mercedes-benz,mercedesbenz,cls-class-amg,2,exact,CLS-Class,Passenger Car,CLS450 4matic,,2005-2023,true
2024,mercedes,mercedesbenz,gls,8,exact,GLS-Class,MPV,AMG GLS63 4matic Plus,,2006-2026,true
2020,audi,audi,a8,3,exact,A8,Passenger Car,A8 L,,1997-2026,true
2005,mercedes-benz,mercedesbenz,e-class-amg,2,exact,E-Class,Passenger Car,E320,,1990-2026,true
2014,mercedes-benz,mercedesbenz,e-class-amg,2,exact,E-Class,Passenger Car,E400 Hybrid,,1990-2026,true
2021,mercedes-benz,mercedesbenz,e-class-amg,2,exact,E-Class,Passenger Car,E350,,1990-2026,true
2024,mercedes-benz,mercedesbenz,e-class-amg,2,exact,E-Class,Passenger Car,E450 4matic,,1990-2026,true
2006,mercedes-benz,mercedesbenz,e-class-amg,2,exact,E-Class,Passenger Car,E320 Cdi,,1990-2026,true
2010,mercedes-benz,mercedesbenz,e-class-amg,2,exact,E-Class,Passenger Car,E550 Coupe,,1990-2026,true
2012,mercedes-benz,mercedesbenz,e-class-amg,2,exact,E-Class,Passenger Car,E350 Coupe,,1990-2026,true
2013,toyota,toyota,yaris,1,exact,Yaris,Passenger Car,Yaris,,2007-2020,true
2015,ford,ford,fusion,3,exact,Fusion,Passenger Car,Fusion AWD,,2006-2020,true
2013,ford,ford,fusion,3,exact,Fusion,Passenger Car,Fusion Hybrid FWD,,2006-2020,true
2005,mazda,mazda,mx-5-miata,2,exact,MX-5,Passenger Car,MX-5 Miata,,1990-1997 1999-2026,true
2013,mercedes-benz,mercedesbenz,e-class-amg,2,exact,E-Class,Passenger Car,E350 4matic Coupe,,1990-2026,true
2020,mercedes-benz,mercedesbenz,e-class-amg,2,exact,E-Class,Passenger Car,AMG E53 4matic Plus Coupe,,1990-2026,true
2020,mercedes-benz,mercedesbenz,e-class-cabriolet,2,exact,E-Class,Passenger Car,AMG E53 4matic Plus Coupe,,1990-2026,true
2011,mercedes-benz,mercedesbenz,e-class-cabriolet,2,exact,E-Class,Passenger Car,E350 Convertible,,1990-2026,true
2016,mercedes-benz,mercedesbenz,e-class-cabriolet,2,exact,E-Class,Passenger Car,E400 Coupe,,1990-2026,true
2019,mercedes-benz,mercedesbenz,e-class-cabriolet,2,exact,E-Class,Passenger Car,E300,,1990-2026,true
2021,mercedes-benz,mercedesbenz,e-class-cabriolet,2,exact,E-Class,Passenger Car,E350,,1990-2026,true
2013,mercedes-benz,mercedesbenz,e-class-cabriolet,2,exact,E-Class,Passenger Car,E350 4matic Coupe,,1990-2026,true
2019,mercedes-benz,mercedesbenz,e-class-coupe,2,exact,E-Class,Passenger Car,E300,,1990-2026,true
2016,ford,ford,flex,1,exact,Flex,MPV,Flex FWD,,2009-2019,true
2016,honda,honda,cr-v,5,exact,CR-V,MPV,CR-V 2WD,,1997-2026,true
2022,mercedes-benz,mercedesbenz,e-class-coupe,2,exact,E-Class,Passenger Car,E450 4matic,,1990-2026,true
2010,mercedes-benz,mercedesbenz,e-class-coupe,2,exact,E-Class,Passenger Car,E550 Coupe,,1990-2026,true
2005,bmw,bmw,5-series,5,exact,525i,Passenger Car,525i,,1990-1995 1997-2026,true
2019,ford,ford,flex,1,exact,Flex,MPV,Flex FWD,,2009-2019,true
2003,bmw,bmw,3-series,5,exact,325Ci,Passenger Car,325ci Convertible,,1990-2026,true
2022,porsche,porsche,panamera,7,exact,Panamera,Passenger Car,Panamera,,2010-2026,true
2002,bmw,bmw,3-series,5,exact,325Ci,Passenger Car,325ci Convertible,,1990-2026,true
2013,bmw,bmw,7-series,4,exact,740i,Passenger Car,740i,,1990-2026,true
2008,bmw,bmw,3-series,3,exact,328i,Passenger Car,328ci,,1990-2026,true
2025,bmw,bmw,3-series,8,exact,330i,Passenger Car,330i Sedan,,1990-2026,true
2026,chevrolet,chevrolet,trailblazer,7,exact,Trailblazer,MPV,Trailblazer FWD FFV,,2002-2009 2021-2026,true
2023,mercedes,mercedesbenz,cla,12,exact,CLA-Class,Passenger Car,CLA250 4matic,,2014-2026,true
2008,mercedes-benz,mercedesbenz,g-class-amg,2,exact,G-Class,MPV,G500,,1999 2002-2026,true
2009,mercedes-benz,mercedesbenz,g-class-amg,2,exact,G-Class,MPV,G55 AMG,,1999 2002-2026,true
2012,mercedes-benz,mercedesbenz,g-class-amg,2,exact,G-Class,MPV,G550,,1999 2002-2026,true
2011,bmw,bmw,7-series,4,exact,740i,Passenger Car,ActiveHybrid 7i,,1990-2026,true
2015,mercedes-benz,mercedesbenz,g-class-amg,2,exact,G-Class,MPV,G63 AMG,,1999 2002-2026,true
2018,audi,audi,a3-quattro,6,exact,A3,Passenger Car,A3,,2006-2013 2015-2020 2022-2026,true
2003,mercedes-benz,mercedesbenz,g-class-amg,2,exact,G-Class,MPV,G500,,1999 2002-2026,true
2004,mercedes-benz,mercedesbenz,g-class-amg,2,exact,G-Class,MPV,G500,,1999 2002-2026,true
2006,mercedes-benz,mercedesbenz,g-class-amg,2,exact,G-Class,MPV,G500,,1999 2002-2026,true
2017,cadillac,cadillac,ct6,1,exact,CT6,Passenger Car,CT6 AWD,,2016-2020,true
2020,mercedes-benz,mercedesbenz,g-class-amg,2,exact,G-Class,MPV,AMG G63,,1999 2002-2026,true
2022,mercedes-benz,mercedesbenz,g-class-amg,2,exact,G-Class,MPV,G550,,1999 2002-2026,true
2004,gmc,gmc,sierra-3500hd,3,exact,Sierra,Truck,Sierra 15 Hybrid 2WD,,1990-2026,true
2021,jeep,jeep,grand-cherokee,22,exact,Grand Cherokee,MPV,Grand Cherokee 2WD,,1993-2026,true
2017,lincoln,lincoln,mkt,1,exact,MKT,MPV,MKT Livery AWD,,2010-2019,true
2014,lincoln,lincoln,mkz,5,exact,MKZ,Passenger Car,MKZ AWD,,2007-2020,true
2017,mercedes,mercedesbenz,glc,14,exact,GLC-Class,MPV,GLC300,,2016-2026,true
2026,mitsubishi,mitsubishi,outlander,5,exact,Outlander,MPV,Outlander 2WD,,2003-2026,true
2005,bmw,bmw,3-series,5,exact,325Ci,Passenger Car,325ci Convertible,,1990-2026,true
2012,mercedes-benz,mercedesbenz,m-class-amg,2,family,ML-Class,MPV,ML350 4matic,,1995-2019,true
2015,mercedes-benz,mercedesbenz,m-class-amg,2,family,ML-Class,MPV,ML350 4matic,,1995-2019,true
2026,nissan,nissan,leaf,4,exact,Leaf,Passenger Car,LEAF 75kWh (18 inch alloy Wheels),,2011-2026,true
2026,nissan,nissan,armada,5,exact,Armada,MPV,Armada 2WD,,2002-2015 2017-2026,true
1998,geo,geo,metro,1,crossmake,Metro,Passenger Car,Metro,chevrolet,1990-2001,false
2010,mercedes-benz,mercedesbenz,m-class-amg,2,exact,M-Class,MPV,ML350,,1995-2019,true
2025,mercedes-benz,mercedesbenz,s-class-amg,2,exact,S-Class,Passenger Car,S500 4matic,,1990-2026,true
2006,mercedes-benz,mercedesbenz,s-class-amg,2,exact,S-Class,Passenger Car,S350,,1990-2026,true
2007,mercedes-benz,mercedesbenz,s-class-amg,2,exact,S-Class,Passenger Car,S550,,1990-2026,true
2009,mercedes-benz,mercedesbenz,s-class-amg,2,exact,S-Class,Passenger Car,S600,,1990-2026,true
2011,mercedes-benz,mercedesbenz,s-class-amg,2,exact,S-Class,Passenger Car,S550,,1990-2026,true
2020,mercedes-benz,mercedesbenz,s-class-amg,2,exact,S-Class,Passenger Car,S450,,1990-2026,true
2023,mercedes-benz,mercedesbenz,s-class-amg,2,exact,S-Class,Passenger Car,S500 4matic,,1990-2026,true
2019,mercedes-benz,mercedesbenz,s-class-coupe,2,exact,S-Class,Passenger Car,S450,,1990-2026,true
2021,mercedes-benz,mercedesbenz,s-class-coupe,2,exact,S-Class,Passenger Car,S560 Convertible,,1990-2026,true
2018,audi,audi,a4-quattro,3,exact,A4,Passenger Car,A4 quattro,,1996-2025,true
2018,audi,audi,a5-sportback,3,exact,A5,Passenger Car,A5 Cabriolet quattro,,2008-2026,true
2009,bmw,bmw,3-series,3,exact,328i,Passenger Car,328ci,,1990-2026,true
2026,nissan,nissan,rogue,7,exact,Rogue,MPV,Rogue FWD,,2008-2026,true
2015,mercedes-benz,mercedesbenz,sl-class-amg,2,exact,SL-Class,Passenger Car,SL550,,1990-2009 2011-2026,true
2006,mercedes-benz,mercedesbenz,sl-class-amg,2,exact,SL-Class,Passenger Car,SL500,,1990-2009 2011-2026,true
2013,mercedes-benz,mercedesbenz,sl-class-amg,2,exact,SL-Class,Passenger Car,SL550,,1990-2009 2011-2026,true
2016,mercedes-benz,mercedesbenz,sl-class-amg,2,exact,SL-Class,Passenger Car,SL400,,1990-2009 2011-2026,true
2017,mercedes-benz,mercedesbenz,sl-class-amg,2,exact,SL-Class,Passenger Car,SL550,,1990-2009 2011-2026,true
2006,chevrolet,chevrolet,avalanche-2500,2,exact,Avalanche,MPV,Avalanche 1500 2WD,,2002-2013,true
2002,mercedes-benz,mercedesbenz,slk-class-amg,2,exact,SLK-Class,Passenger Car,SLK230 Kompressor,,1998-2016,true
2008,mercedes-benz,mercedesbenz,slk-class-amg,2,exact,SLK-Class,Passenger Car,SLK280,,1998-2016,true
2004,chrysler,chrysler,pt-cruiser,2,exact,PT Cruiser,MPV,PT Cruiser,,1995-2010,true
2010,mercedes-benz,mercedesbenz,slk-class-amg,2,exact,SLK-Class,Passenger Car,SLK300,,1998-2016,true
2013,mercedes-benz,mercedesbenz,slk-class-amg,2,exact,SLK-Class,Passenger Car,SLK250,,1998-2016,true
2015,mercedes-benz,mercedesbenz,slk-class-amg,2,exact,SLK-Class,Passenger Car,SLK250,,1998-2016,true
2018,porsche,porsche,718-boxster,3,exact,718 Boxster,Passenger Car,Boxster,,1997-2025,true
2007,land rover,landrover,range-rover-sport,4,exact,Range Rover Sport,MPV,Range Rover Sport,,2006-2026,true
2018,tesla,tesla,model-3,3,exact,Model 3,Passenger Car,Model 3 Long Range,,2017-2026,true
2018,volvo,volvo,v90-cross-country,3,exact,V90,Passenger Car,V90 FWD,,1997-1998 2017-2026,true
2021,land rover,landrover,range-rover-velar,2,exact,Range Rover Velar,MPV,Range Rover Velar,,2018-2026,true
1994,land rover,landrover,range-rover,1,exact,Range Rover,MPV,Range Rover County,,1990-2026,true
2026,hyundai,hyundai,santa-cruz,4,exact,Santa Cruz,Truck,Santa Cruz FWD,,2022-2026,true
2011,hyundai,hyundai,santa-fe-classic,2,exact,Santa Fe,MPV,Santa Fe 2WD,,2001-2026,true
2012,hyundai,hyundai,santa-fe-classic,2,exact,Santa Fe,MPV,Santa Fe 4WD,,2001-2026,true
2000,hyundai,hyundai,tiburon-turbulence,2,exact,Tiburon,Passenger Car,Tiburon,,1997-2008,true
2015,lexus,lexus,rc-f,2,exact,RC,Passenger Car,RC 350 AWD,,2015-2025,true
2016,lexus,lexus,rc-f,2,exact,RC,Passenger Car,RC 200t,,2015-2025,true
2023,lexus,lexus,rc-f,2,exact,RC,Passenger Car,RC 300 AWD,,2015-2025,true
2024,lexus,lexus,rc-f,2,exact,RC,Passenger Car,RC 300 AWD,,2015-2025,true
2004,bmw,bmw,6-series,2,exact,645Ci,Passenger Car,645ci,,2004-2010 2012-2019,true
2007,bmw,bmw,6-series,2,exact,650i,Passenger Car,650ci,,2004-2010 2012-2019,true
2025,porsche,porsche,panamera,7,exact,Panamera,Passenger Car,Panamera,,2010-2026,true
2022,mercedes,mercedesbenz,amg-gt,7,exact,AMG GT,Passenger Car,AMG GT 53 4matic Plus,,2016-2026,true
2024,mercedes,mercedesbenz,amg-gt,7,exact,AMG GT,Passenger Car,AMG GT 43 4matic Plus,,2016-2026,true
2008,hyundai,hyundai,veracruz,1,exact,Veracruz,MPV,Veracruz 2WD,,2007-2013,true
1996,toyota,toyota,land-cruiser,1,exact,Land Cruiser,MPV,Land Cruiser Wagon 4WD,,1990-2021 2024-2026,true
1991,toyota,toyota,land-cruiser,1,exact,Land Cruiser,MPV,Land Cruiser Wagon 4WD,,1990-2021 2024-2026,true
2015,toyota,toyota,land-cruiser,3,exact,Land Cruiser,MPV,Land Cruiser Wagon 4WD,,1990-2021 2024-2026,true
2013,toyota,toyota,land-cruiser,3,exact,Land Cruiser,MPV,Land Cruiser Wagon 4WD,,1990-2021 2024-2026,true
2006,toyota,toyota,land-cruiser,2,exact,Land Cruiser,MPV,Land Cruiser Wagon 4WD,,1990-2021 2024-2026,true
2009,toyota,toyota,land-cruiser,3,exact,Land Cruiser,MPV,Land Cruiser Wagon 4WD,,1990-2021 2024-2026,true
2024,toyota,toyota,prius-prime,2,exact,Prius,Passenger Car,Prius,,2001-2026,true
2014,toyota,toyota,fj-cruiser,4,exact,FJ Cruiser,MPV,FJ Cruiser 2WD,,2007-2014,true
2019,porsche,porsche,panamera,7,exact,Panamera,Passenger Car,Panamera GTS,,2010-2026,true
2019,toyota,toyota,4runner,8,exact,4Runner,MPV,4Runner 2WD,,1990-2026,true
2023,chevrolet,chevrolet,equinox,5,exact,Equinox,MPV,Equinox FWD,,2005-2026,true
2025,bmw,bmw,x5-m,2,exact,X5,MPV,X5 sDrive40i,,2000-2026,true
1997,bmw,bmw,3-series,5,exact,328i,Passenger Car,318i Convertible,,1990-2026,true
2019,subaru,subaru,crosstrek,6,exact,Crosstrek,MPV,Crosstrek AWD,,2012-2026,true
2021,mercedes-benz,mercedesbenz,gla,8,exact,GLA-Class,MPV,GLA250,,2015-2026,true
2024,bmw,bmw,7-series,1,exact,740i,Passenger Car,740i Sedan,,1990-2026,true
2020,gmc,gmc,terrain,6,exact,Terrain,MPV,Terrain FWD,,2009-2026,true
2020,bmw,bmw,x3-m,2,exact,X3,MPV,X3 M,,2004-2026,true
2002,mercedes,mercedesbenz,c-class,15,exact,C-Class,Passenger Car,C230 Kompressor,,1994-2026,true
2008,ford,ford,focus,3,exact,Focus,Passenger Car,Focus,,2000-2018,true
2016,land rover,landrover,range-rover-sport,9,exact,Range Rover Sport,MPV,Range Rover Sport,,2006-2026,true
2004,dodge,dodge,intrepid,3,exact,Intrepid,Passenger Car,Intrepid,,1993-2004,true
2022,ford,ford,mustang-mach-1,3,exact,Mustang,Passenger Car,Mustang HO Coupe,,1990-2026,true
2015,ford,ford,mustang-shelby-gt350,2,exact,Mustang,Passenger Car,Mustang,,1990-2026,true
2017,ford,ford,mustang-shelby-gt350,3,exact,Mustang,Passenger Car,Shelby GT350 Mustang,,1990-2026,true
2023,bmw,bmw,x3-m,2,exact,X3,MPV,X3 sDrive30i,,2004-2026,true
2021,bmw,bmw,x3-m,2,exact,X3,MPV,X3 M,,2004-2026,true
2019,bmw,bmw,x3-m,1,exact,X3,MPV,X3 sDrive30i,,2004-2026,true
1991,buick,buick,park-avenue,1,exact,Park Avenue,Passenger Car,Park Avenue,,1990-2005,true
1992,buick,buick,park-avenue,1,exact,Park Avenue,Passenger Car,Park Avenue,,1990-2005,true
1993,buick,buick,park-avenue,1,exact,Park Avenue,Passenger Car,Park Avenue,,1990-2005,true
2026,toyota,toyota,corolla,6,exact,Corolla,Passenger Car,Corolla Hybrid SE,,1990-2026,true
2016,mercedes,mercedesbenz,e-class,14,exact,E-Class,Passenger Car,E400 Coupe,,1990-2026,true
2016,bmw,bmw,4-series-gran-coupe,1,exact,428i,Passenger Car,435i Convertible,,2014-2026,true
2009,mercedes,mercedesbenz,s-class,12,exact,S-Class,Passenger Car,S600,,1990-2026,true
2010,mercedes,mercedesbenz,s-class,12,exact,S-Class,Passenger Car,S550 4matic,,1990-2026,true
2019,mercedes,mercedesbenz,s-class-amg,2,exact,S-Class,Passenger Car,S450,,1990-2026,true
1999,chevrolet,chevrolet,express-3500,1,exact,Express,MPV,Express 1500/2500 2WD,,1996-2026,true
2019,subaru,subaru,wrx,8,exact,Impreza,Passenger Car,WRX,,1993-2026,true
1990,chevrolet,chevrolet,g10-van,1,exact,G-Series,Truck,G10/20 Van 2WD,,1990-1996,true
1991,chevrolet,chevrolet,g10-van,1,exact,G-Series,MPV,G10/20 Van 2WD,,1990-1996,true
2017,mercedes,mercedesbenz,c-class,17,exact,C-Class,MPV,C300 4matic Coupe,,1994-2026,true
2002,mazda,mazda,mx-5-miata,1,exact,MX-5,Passenger Car,MX-5 Miata,,1990-1997 1999-2026,true
2017,honda,honda,hr-v,5,exact,HR-V,MPV,HR-V FWD,,2016-2026,true
1999,bmw,bmw,m5,1,none,,,,,1991-1993 2000-2003 2006-2010 2013-2023 2025-2026,true
2009,mercedes,mercedesbenz,e-class,15,exact,E-Class,Passenger Car,E320 Bluetec,,1990-2026,true
1996,chevrolet,chevrolet,express-2500,1,exact,,,Express 1500/2500 2WD,,1996-2026,true
2000,bmw,bmw,m5,1,exact,M5,Passenger Car,M5,,1991-1993 2000-2003 2006-2010 2013-2023 2025-2026,true
1999,chevrolet,chevrolet,express-1500,3,exact,Express,MPV,Express 1500/2500 2WD,,1996-2026,true
1997,chevrolet,chevrolet,express-2500,1,exact,Express,MPV,Express 1500/2500 2WD,,1996-2026,true
1996,chevrolet,chevrolet,express-3500,1,exact,,,Express 1500/2500 2WD,,1996-2026,true
1992,chevrolet,chevrolet,g10-van,1,exact,G-Series,Truck,G10/20 Van 2WD,,1990-1996,true
1993,chevrolet,chevrolet,g10-van,1,exact,G-Series,Truck,G10/20 Van 2WD,,1990-1996,true
1994,chevrolet,chevrolet,g10-van,1,exact,G-Series,MPV,G10/20 Van 2WD,,1990-1996,true
2004,mazda,mazda,mazda3,2,exact,Mazda3,Passenger Car,3,,2003-2026,true
1990,chevrolet,chevrolet,g30-van,1,exact,G-Series,Truck,G30 Van 2WD,,1990-1996,true
1991,chevrolet,chevrolet,g30-van,1,exact,G-Series,MPV,G30 Van 2WD,,1990-1996,true
1993,chevrolet,chevrolet,g30-van,1,exact,G-Series,Truck,G30 Van 2WD,,1990-1996,true
1990,chevrolet,chevrolet,lumina-apv,1,exact,Lumina,Passenger Car,Lumina,,1990-2001,true
1992,ford,ford,e-350-econoline,1,exact,E-150,MPV,E150 Econoline 2WD,,1990-2014,true
2015,buick,buick,lacrosse,10,exact,LaCrosse,Passenger Car,LaCrosse,,2005-2019,true
2026,subaru,subaru,wrx,9,exact,Impreza,Passenger Car,Impreza,,1993-2026,true
2004,mercedes,mercedesbenz,s-class,7,exact,S-Class,Passenger Car,S430,,1990-2026,true
1990,pontiac,pontiac,trans-am,2,exact,Firebird,Passenger Car,Firebird/Trans Am,,1990-2002,true
2018,volkswagen,volkswagen,golf-sportwagen,4,exact,Golf,Passenger Car,Golf R,,1990-2026,true
2022,mercedes-benz,mercedesbenz,g-class,4,exact,G-Class,MPV,G550,,1999 2002-2026,true
2016,bmw,bmw,m5,3,exact,M5,Passenger Car,M5,,1991-1993 2000-2003 2006-2010 2013-2023 2025-2026,true
2014,mercedes,mercedesbenz,s-class,15,exact,S-Class,Passenger Car,S550,,1990-2026,true
2024,ram,ram,1500-trx,1,exact,1500,Truck,1500 2WD,,2013-2026,true
2019,chevrolet,chevrolet,silverado-3500hd,6,exact,Silverado,Truck,Silverado LD C15 2WD,,1999-2026,true
2013,mercedes,mercedesbenz,s-class,12,exact,S-Class,Passenger Car,S550,,1990-2026,true
1994,buick,buick,park-avenue,1,exact,Park Avenue,Passenger Car,Park Avenue,,1990-2005,true
2017,hyundai,hyundai,santa-fe-sport,2,exact,Santa Fe,MPV,Santa Fe Sport FWD,,2001-2026,true
1995,buick,buick,park-avenue,1,exact,Park Avenue,Passenger Car,Park Avenue,,1990-2005,true
2015,chevrolet,chevrolet,silverado-1500,6,exact,Silverado,Truck,Silverado C15 2WD,,1990-2026,true
2018,volkswagen,volkswagen,golf-alltrack,3,exact,Golf,Passenger Car,Golf R,,1990-2026,true
2010,mercedes,mercedesbenz,cl-class-amg,1,exact,CL-Class,Passenger Car,CL550 4matic,,1998-2014,true
2011,mercedes,mercedesbenz,cl-class-amg,1,exact,CL-Class,Passenger Car,CL550 4matic,,1998-2014,true
1999,buick,buick,park-avenue,1,exact,Park Avenue,Passenger Car,Park Avenue,,1990-2005,true
2016,buick,buick,regal,4,exact,Regal,Passenger Car,Regal AWD,,1990-2004 2011-2020,true
2024,mercedes,mercedesbenz,gle-class-coupe,1,exact,GLE-Class,MPV,GLE350,,2016-2026,true
2016,mercedes,mercedesbenz,glc-class-coupe,1,exact,GLC-Class,MPV,GLC300,,2016-2026,true
2017,mercedes,mercedesbenz,glc-class-coupe,1,exact,GLC-Class,MPV,GLC300,,2016-2026,true
2003,ford,ford,e-350-econoline,1,exact,E-150,MPV,E150 Econoline 2WD,,1990-2014,true
2025,mercedes,mercedesbenz,glc-class-coupe,1,exact,GLC-Class,MPV,AMG GLC43 4matic,,2016-2026,true
2026,mercedes,mercedesbenz,glc-class-coupe,1,exact,GLC-Class,MPV,AMG GLC43 4matic,,2016-2026,true
2001,pontiac,pontiac,grand-prix,1,exact,Grand Prix,Passenger Car,Grand Prix,,1990-2008,true
2012,ford,ford,f-450-super-duty,3,exact,F-250,Truck,,,1990-2026,true
2007,ford,ford,e-250-econoline,1,exact,E-150,MPV,,,1990-2014,true
2011,ford,ford,e-250-econoline,1,exact,E-150,MPV,E250 Van FFV,,1990-2014,true
2002,toyota,toyota,land-cruiser,2,exact,Land Cruiser,MPV,Land Cruiser Wagon 4WD,,1990-2021 2024-2026,true
2017,mercedes,mercedesbenz,e-class-coupe,2,exact,E-Class,Passenger Car,E300,,1990-2026,true
2014,porsche,porsche,boxster,5,exact,Boxster,Passenger Car,Boxster,,1997-2025,true
2019,toyota,toyota,land-cruiser,3,exact,Land Cruiser,MPV,Land Cruiser Wagon 4WD,,1990-2021 2024-2026,true
1993,ford,ford,e-350-econoline,1,exact,E-150,MPV,E150 Econoline 2WD,,1990-2014,true
2024,toyota,toyota,land-cruiser,3,exact,Land Cruiser,MPV,Land Cruiser,,1990-2021 2024-2026,true
2011,buick,buick,verano,1,none,,,,,2012-2017,true
2014,chevrolet,chevrolet,silverado-1500,7,exact,Silverado,Truck,Silverado C15 2WD,,1990-2026,true
2015,mercedes,mercedesbenz,cla-class-amg,1,exact,CLA-Class,Passenger Car,CLA250 4matic,,2014-2026,true
2017,mercedes,mercedesbenz,cla-class-amg,1,exact,CLA-Class,Passenger Car,AMG CLA45 4matic,,2014-2026,true
2020,mercedes,mercedesbenz,cla-class-amg,1,exact,CLA-Class,Passenger Car,CLA250 4matic,,2014-2026,true
2022,mercedes,mercedesbenz,cla-class-amg,1,exact,CLA-Class,Passenger Car,CLA250 4matic,,2014-2026,true
1996,chevrolet,chevrolet,express-1500,3,exact,,,Express 1500/2500 2WD,,1996-2026,true
2010,ford,ford,e-350-econoline,1,exact,E-150,Truck,,,1990-2014,true
2007,chrysler,chrysler,town-&-country,3,exact,Town and Country,MPV,Town and Country/Voyager/Grand Voy. 2WD,,1990-2016,true
2013,chevrolet,chevrolet,suburban-2500,2,exact,Suburban,MPV,Suburban 1500 2WD,,1990-2026,true
2002,chevrolet,chevrolet,suburban-2500,2,exact,Suburban,MPV,Suburban 1500 2WD,,1990-2026,true
2005,chevrolet,chevrolet,suburban-2500,2,exact,Suburban,MPV,Suburban 1500 4WD,,1990-2026,true
2011,chevrolet,chevrolet,suburban-2500,2,exact,Suburban,MPV,Suburban 1500 2WD,,1990-2026,true
2002,ford,ford,crown-victoria,2,exact,Crown Victoria,Passenger Car,Crown Victoria,,1990-2011,true
2001,ford,ford,escort-zx2,2,exact,Escort,Passenger Car,Escort ZX2,,1990-2003,true
2002,ford,ford,e-150-econoline,1,exact,E-150,Truck,E150 Econoline 2WD,,1990-2014,true
2001,ford,ford,explorer-sport-trac,2,exact,Explorer,MPV,Explorer Sport Trac 2WD,,1991-2026,true
2025,subaru,subaru,ascent,6,exact,Ascent,MPV,Ascent,,2019-2026,true
2013,porsche,porsche,boxster,5,exact,Boxster,Passenger Car,Boxster,,1997-2025,true
2003,ford,ford,explorer-sport-trac,2,exact,Explorer,MPV,Explorer Sport Trac 2WD,,1991-2026,true
2005,ford,ford,e-150-econoline,1,exact,E-150,MPV,E150 Econoline 2WD,,1990-2014,true
1999,lincoln,lincoln,town-car,5,exact,Town Car,Passenger Car,Town Car,,1990-2011,true
2013,ford,ford,f-450-super-duty,3,exact,F-250,Truck,,,1990-2026,true
1998,lincoln,lincoln,town-car,5,exact,Town Car,Passenger Car,Town Car,,1990-2011,true
2022,bmw,bmw,m3,3,exact,M3,Passenger Car,M3 Sedan,,1990-1991 1995-1999 2001-2006 2008-2013 2015-2018 2020-2026,true
2017,mercedes,mercedesbenz,cls-class,1,exact,CLS-Class,Passenger Car,AMG CLS63 S 4matic,,2005-2023,true
2011,mercedes,mercedesbenz,cls-class-amg,2,exact,CLS-Class,Passenger Car,CLS63 AMG,,2005-2023,true
2014,chevrolet,chevrolet,silverado-2500hd,5,exact,Silverado,Truck,Silverado C15 2WD,,1990-1993 1999-2026,true
1996,lincoln,lincoln,town-car,5,exact,Town Car,Passenger Car,Town Car,,1990-2011,true
2026,volkswagen,volkswagen,id.4,6,exact,ID.4,MPV,ID.4,,2021-2026,true
2019,subaru,subaru,outback,7,exact,Outback,MPV,Outback AWD,,1990-2026,true
2017,lexus,lexus,rx,6,exact,RX,MPV,RX 350,,1999-2026,true
1992,lincoln,lincoln,town-car,5,exact,Town Car,Passenger Car,Town Car,,1990-2011,true
2015,ram,ram,promaster-1500,1,exact,ProMaster 1500,Truck,,,2014-2026,true
2019,ram,ram,promaster-1500,1,exact,ProMaster 1500,MPV,,,2014-2026,true
2014,ram,ram,promaster-1500,1,exact,ProMaster 1500,Truck,,,2014-2026,true
2017,ram,ram,promaster-1500,1,exact,ProMaster 1500,Truck,,,2014-2026,true
2023,ram,ram,promaster-1500,1,exact,ProMaster 1500,MPV,,,2014-2026,true
2012,chevrolet,chevrolet,silverado-1500,2,exact,Silverado,Truck,Silverado C15 2WD,,1990-2026,true
2023,subaru,subaru,brz,4,exact,BRZ,Passenger Car,BRZ,,2013-2026,true
2025,subaru,subaru,brz,4,exact,BRZ,Passenger Car,BRZ,,2013-2026,true
2023,mercedes,mercedesbenz,gla-class-amg,1,exact,GLA-Class,MPV,GLA250,,2015-2026,true
2009,dodge,dodge,ram-1500,5,exact,Ram,Truck,Ram 1500 Pickup 2WD,,1990-2012,true
2010,dodge,dodge,ram-1500,5,exact,Ram,Truck,Ram 1500 Pickup 2WD,,1990-2012,true
2026,subaru,subaru,brz,4,exact,BRZ,Passenger Car,BRZ,,2013-2026,true
2010,subaru,subaru,wrx,10,exact,Impreza,Passenger Car,Impreza AWD,,1993-2026,true
2012,subaru,subaru,wrx,10,exact,Impreza,Passenger Car,Impreza AWD,,1993-2026,true
2026,mercedes,mercedesbenz,gle-class-coupe,1,exact,GLE-Class,MPV,GLE350,,2016-2026,true
2000,gmc,gmc,sierra-3500hd,3,exact,Sierra,Truck,Sierra 1500 2WD,,1990-2026,true
2002,gmc,gmc,sierra-2500hd,3,exact,Sierra,Truck,Sierra 1500 2WD,,1990-2026,true
2004,dodge,dodge,ram-2500,3,exact,Ram,Truck,Ram 1500 Pickup 2WD,,1990-2012,true
2005,dodge,dodge,ram-2500,4,exact,Ram,Truck,Ram 1500 Pickup 2WD,,1990-2012,true
2007,dodge,dodge,ram-3500,4,exact,Ram,Truck,Ram 1500 Pickup 2WD,,1990-2012,true
2008,dodge,dodge,ram-3500,4,exact,Ram,Truck,Ram 1500 Pickup 2WD,,1990-2012,true
2003,dodge,dodge,ram-3500,3,exact,Ram,Truck,Ram 1500 Pickup 2WD,,1990-2012,true
2024,toyota,toyota,gr86,4,exact,GR86,Passenger Car,GR 86,,2017-2020 2022-2026,true
2006,chevrolet,chevrolet,avalanche-1500,2,exact,Avalanche,MPV,Avalanche 1500 2WD,,2002-2013,true
2005,chevrolet,chevrolet,avalanche-1500,2,exact,Avalanche,MPV,Avalanche 1500 2WD,,2002-2013,true
2005,chevrolet,chevrolet,express-1500,6,exact,Express,MPV,Express 1500/2500 2WD,,1996-2026,true
2005,chevrolet,chevrolet,avalanche-2500,2,exact,Avalanche,MPV,Avalanche 1500 2WD,,2002-2013,true
2005,kia,kia,sportage,7,exact,Sportage,Passenger Car,Sportage 2WD,,1995-2026,true
2004,mercedes,mercedesbenz,sl-class-amg,2,exact,SL-Class,Passenger Car,SL500,,1990-2009 2011-2026,true
2007,mercedes,mercedesbenz,sl-class-amg,2,exact,SL-Class,Passenger Car,SL55 AMG,,1990-2009 2011-2026,true
2010,mercedes,mercedesbenz,sl-class-amg,2,none,,,,,1990-2009 2011-2026,true
2004,chevrolet,chevrolet,silverado-2500,2,exact,Silverado,Truck,Silverado 15 Hybrid 2WD,,1999-2026,true
2006,chevrolet,chevrolet,silverado-2500,2,exact,Silverado,Truck,Silverado 15 Hybrid 2WD,,1999-2026,true
2013,chevrolet,chevrolet,silverado-2500,1,exact,Silverado,Truck,Silverado C15 2WD,,1999-2026,true
2026,hyundai,hyundai,santa-fe,6,exact,Santa Fe,MPV,Santa Fe Hybrid FWD,,2001-2026,true
2012,buick,buick,regal,4,exact,Regal,Passenger Car,Regal,,1990-2004 2011-2020,true
2015,chevrolet,chevrolet,silverado-2500,1,exact,Silverado,Truck,Silverado C15 2WD,,1999-2026,true
2017,chevrolet,chevrolet,silverado-2500,1,exact,Silverado,Truck,Silverado 15 Hybrid 2WD,,1999-2026,true
2009,chevrolet,chevrolet,silverado-2500,1,exact,Silverado,Truck,Silverado C15 2WD,,1999-2026,true
2012,chevrolet,chevrolet,silverado-2500,1,exact,Silverado,Truck,Silverado C15 2WD,,1999-2026,true
2022,ford,ford,bronco-sport,4,exact,Bronco Sport,MPV,Bronco Sport 4WD,,2021-2026,true
2014,subaru,subaru,wrx,10,exact,Impreza,Passenger Car,Impreza AWD,,1993-2026,true
2002,chevrolet,chevrolet,suburban-1500,2,exact,Suburban,MPV,Suburban 1500 2WD,,1990-2026,true
2013,subaru,subaru,outback,7,exact,Outback,MPV,Legacy AWD,,1990-2026,true
2017,lincoln,lincoln,mkz,5,exact,MKZ,Passenger Car,MKZ Hybrid FWD,,2007-2020,true
2005,chevrolet,chevrolet,suburban-1500,2,exact,Suburban,MPV,Suburban 1500 4WD,,1990-2026,true
1990,chrysler,chrysler,town-&-country,1,exact,Town and Country,MPV,Town and Country 2WD,,1990-2016,true
1991,chrysler,chrysler,town-&-country,1,exact,Town and Country,MPV,Town and Country 2WD,,1990-2016,true
2009,subaru,subaru,outback,7,exact,Outback,MPV,Legacy AWD,,1990-2026,true
2012,gmc,gmc,terrain,6,exact,Terrain,MPV,Terrain FWD,,2009-2026,true
2015,mini,mini,clubman,4,none,,,,,2008-2014 2016-2024,true
2023,bmw,bmw,m3,3,exact,M3,Passenger Car,M3 Sedan,,1990-1991 1995-1999 2001-2006 2008-2013 2015-2018 2020-2026,true
2005,lincoln,lincoln,navigator,4,exact,Navigator,MPV,Navigator 2WD,,1998-2026,true
1991,chevrolet,chevrolet,s-10,1,exact,S-10 Pickup,MPV,S10 Pickup 2WD,,1990-2005 2019-2026,true
1992,chrysler,chrysler,town-&-country,1,exact,Town and Country,MPV,Town and Country 2WD,,1990-2016,true
2014,bmw,bmw,4-series,1,exact,428i,Passenger Car,428i Coupe,,2014-2026,true
2024,buick,buick,encore-gx,5,exact,Encore GX,MPV,Encore GX FWD,,2020-2026,true
2001,toyota,toyota,land-cruiser,2,exact,Land Cruiser,MPV,Land Cruiser Wagon 4WD,,1990-2021 2024-2026,true
1994,chrysler,chrysler,town-&-country,1,exact,Town and Country,MPV,Town and Country 2WD,,1990-2016,true
2008,lincoln,lincoln,navigator,4,exact,Navigator,MPV,Navigator 2WD,,1998-2026,true
2013,buick,buick,regal,4,exact,Regal,Passenger Car,Regal eAssist,,1990-2004 2011-2020,true
2013,mercedes-benz,mercedesbenz,g-class,4,exact,G-Class,MPV,G550,,1999 2002-2026,true
2026,mercedes-benz,mercedesbenz,g-class,2,exact,G-Class,MPV,G 580 with EQ Technology,,1999 2002-2026,true
1995,chrysler,chrysler,town-&-country,1,exact,Town and Country,MPV,Town and Country 2WD,,1990-2016,true
1999,chrysler,chrysler,town-&-country,1,exact,Town and Country,MPV,Town and Country 2WD,,1990-2016,true
2021,ford,ford,bronco-sport,4,exact,Bronco Sport,MPV,Bronco Sport 4WD,,2021-2026,true
1991,ford,ford,taurus-sho,1,exact,Taurus,Passenger Car,Taurus,,1990-2019,true
1996,chrysler,chrysler,new-yorker,1,exact,New Yorker,Passenger Car,New Yorker/LHS,,1990-1997,true
2007,mazda,mazda,mx-5-miata,2,exact,MX-5,Passenger Car,MX-5,,1990-1997 1999-2026,true
2009,nissan,nissan,370z,3,exact,370Z,Passenger Car,370z,,2009-2022,true
2010,nissan,nissan,370z,3,exact,370Z,Passenger Car,370Z Roadster,,2009-2022,true
2007,saturn,saturn,ion,1,exact,Ion,Passenger Car,Ion,,2003-2007,true
1992,chrysler,chrysler,fifth-avenue,1,exact,,,Imperial/New Yorker Fifth Avenue,,1990-1993,true
2019,bmw,bmw,4-series,1,exact,430i,Passenger Car,430i Convertible,,2014-2026,true
1990,chrysler,chrysler,grand-voyager,1,none,,,,,1995-2005 2007-2009 2020-2026,true
2015,mercedes-benz,mercedesbenz,g-class,4,exact,G-Class,MPV,G63 AMG,,1999 2002-2026,true
2021,bmw,bmw,4-series,1,exact,430i,Passenger Car,430i Coupe,,2014-2026,true
2026,bmw,bmw,4-series,1,exact,430i,Passenger Car,430i Coupe,,2014-2026,true
2003,dodge,dodge,grand-caravan,4,exact,Caravan/Grand Caravan,MPV,Caravan/Grand Caravan 2WD,,1990-2023,true
2004,dodge,dodge,grand-caravan,4,exact,Caravan,MPV,Caravan/Grand Caravan 2WD,,1990-2023,true
2000,chrysler,chrysler,town-&-country,1,exact,Town and Country,MPV,Town and Country/Voyager/Grand Voy. 2WD,,1990-2016,true
2001,dodge,dodge,grand-caravan,4,exact,Caravan/Grand Caravan,MPV,Caravan/Grand Caravan 2WD,,1990-2023,true
1998,chrysler,chrysler,grand-voyager,1,exact,Voyager,MPV,,,1995-2005 2007-2009 2020-2026,true
2002,dodge,dodge,grand-caravan,4,exact,Caravan,Truck,Caravan/Grand Caravan 2WD,,1990-2023,true
2011,porsche,porsche,911,8,exact,911,Passenger Car,911 GT3,,1990-2026,true
2014,buick,buick,regal,4,exact,Regal,Passenger Car,Regal eAssist,,1990-2004 2011-2020,true
2015,buick,buick,regal,4,exact,Regal,Passenger Car,Regal AWD,,1990-2004 2011-2020,true
2006,dodge,dodge,grand-caravan,4,exact,Caravan/Grand Caravan,MPV,Caravan/Grand Caravan 2WD,,1990-2023,true
2017,dodge,dodge,grand-caravan,5,exact,Grand Caravan,Truck,Grand Caravan,,1990-2023,true
2026,mitsubishi,mitsubishi,destinator,1,none,,,,,,true
2025,mitsubishi,mitsubishi,destinator,1,none,,,,,,true
2020,mitsubishi,mitsubishi,eclipse-cross,1,exact,Eclipse Cross,MPV,Eclipse Cross 2WD,,2018-2026,true
2022,mitsubishi,mitsubishi,eclipse-cross,1,exact,Eclipse Cross,MPV,Eclipse Cross 2WD,,2018-2026,true
2003,hyundai,hyundai,sonata,7,exact,Sonata,Passenger Car,Sonata,,1990-2026,true
2024,mitsubishi,mitsubishi,eclipse-cross,1,exact,Eclipse Cross,MPV,Eclipse Cross 2WD,,2018-2026,true
2003,chevrolet,chevrolet,avalanche-1500,1,exact,Avalanche,MPV,Avalanche 1500 2WD,,2002-2013,true
2005,dodge,dodge,grand-caravan,4,exact,Caravan/Grand Caravan,MPV,Caravan/Grand Caravan 2WD,,1990-2023,true
2019,bmw,bmw,2-series,1,exact,230i,Passenger Car,230i Coupe,,2014-2026,true
2007,dodge,dodge,grand-caravan,4,exact,Caravan/Grand Caravan,MPV,Caravan/Grand Caravan 2WD,,1990-2023,true
2011,buick,buick,regal,4,exact,Regal,Passenger Car,Regal,,1990-2004 2011-2020,true
1990,pontiac,pontiac,bonneville,1,exact,Bonneville,Passenger Car,Bonneville,,1990-2005,true
2008,dodge,dodge,grand-caravan,5,exact,Caravan/Grand Caravan,MPV,Caravan/Grand Caravan 2WD,,1990-2023,true
2009,dodge,dodge,grand-caravan,5,exact,Grand Caravan,MPV,Caravan/Grand Caravan FWD,,1990-2023,true
2026,audi,audi,a6,4,exact,A6,Passenger Car,A6 Allroad quattro,,1995-2026,true
2011,bmw,bmw,m3,3,exact,M3,Passenger Car,M3 Convertible,,1990-1991 1995-1999 2001-2006 2008-2013 2015-2018 2020-2026,true
2001,bmw,bmw,m3,2,exact,M3,Passenger Car,M3 Convertible,,1990-1991 1995-1999 2001-2006 2008-2013 2015-2018 2020-2026,true
2017,buick,buick,regal,4,exact,Regal,Passenger Car,Regal,,1990-2004 2011-2020,true
2003,mitsubishi,mitsubishi,galant,7,exact,Galant,Passenger Car,Galant,,1990-2012,true
2017,bmw,bmw,m3,3,exact,M3,Passenger Car,M3,,1990-1991 1995-1999 2001-2006 2008-2013 2015-2018 2020-2026,true
1994,gmc,gmc,sierra-1500,4,exact,Sierra,MPV,Sierra 1500 2WD,,1990-2026,true
2010,dodge,dodge,grand-caravan,5,exact,Grand Caravan,MPV,Grand Caravan,,1990-2023,true
2012,dodge,dodge,grand-caravan,5,exact,Grand Caravan,MPV,Grand Caravan,,1990-2023,true
2006,mitsubishi,mitsubishi,lancer-evolution,4,exact,Lancer,Passenger Car,Lancer,,2002-2017,true
2013,dodge,dodge,grand-caravan,5,exact,Grand Caravan,MPV,Grand Caravan,,1990-2023,true
1993,gmc,gmc,sierra,1,exact,Sierra,Truck,Sierra 1500 2WD,,1990-2026,true
2017,chevrolet,chevrolet,traverse,6,exact,Traverse,MPV,Traverse FWD,,2009-2026,true
2015,dodge,dodge,grand-caravan,5,exact,Grand Caravan,Truck,Grand Caravan,,1990-2023,true
2002,chevrolet,chevrolet,express-2500,4,exact,Express,MPV,Express 1500/2500 2WD,,1996-2026,true
2014,dodge,dodge,grand-caravan,5,exact,Grand Caravan,MPV,Grand Caravan,,1990-2023,true
2001,dodge,dodge,ram-2500,3,exact,Ram,MPV,Ram 1500 Pickup 2WD,,1990-2012,true
2011,ford,ford,e-150-econoline,1,exact,E-150,MPV,E150 Van FFV,,1990-2014,true
2021,subaru,subaru,outback,9,exact,Outback,MPV,Outback AWD,,1990-2026,true
2023,toyota,toyota,gr86,4,exact,GR86,Passenger Car,GR 86,,2017-2020 2022-2026,true
2013,ford,ford,e-150-econoline,1,exact,E-150,MPV,E150 Van FFV,,1990-2014,true
2014,ford,ford,e-250-econoline,1,exact,E-150,MPV,E150 Van FFV,,1990-2014,true
2018,dodge,dodge,grand-caravan,9,exact,Grand Caravan,Truck,Grand Caravan,,1990-2023,true
2001,ford,ford,mustang,3,exact,Mustang,Passenger Car,Mustang,,1990-2026,true
2026,mitsubishi,mitsubishi,eclipse-cross,1,exact,Eclipse Cross,MPV,Eclipse Cross 4WD,,2018-2026,true
2023,porsche,porsche,718,1,exact,718 Boxster,Passenger Car,718 GT4 RS,,1997-2025,true
2022,ford,ford,mustang-shelby-gt500,3,exact,Mustang,Passenger Car,Mustang HO Coupe,,1990-2026,true
2022,gmc,gmc,hummer-ev-suv,1,exact,Hummer EV Pickup,Truck,,,2022-2026,true
2023,gmc,gmc,hummer-ev-suv,3,exact,Hummer EV Pickup,Truck,,,2022-2026,true
2010,porsche,porsche,911,8,exact,911,Passenger Car,911 Carrera,,1990-2026,true
1996,gmc,gmc,suburban,1,exact,Yukon,MPV,Suburban 1500 2WD,,1990-2026,true
2012,ford,ford,edge,4,exact,Edge,MPV,Edge FWD,,2007-2024,true
2022,jeep,jeep,cherokee,6,exact,Cherokee,MPV,Cherokee FWD,,1990-2011 2014-2023 2026,true
2019,dodge,dodge,grand-caravan,5,exact,Grand Caravan,MPV,Grand Caravan,,1990-2023,true
2011,nissan,nissan,armada,5,exact,Armada,MPV,Armada 2WD,,2002-2015 2017-2026,true
2020,dodge,dodge,grand-caravan,5,exact,Grand Caravan,MPV,Grand Caravan,,1990-2023,true
2019,kia,kia,sedona,2,exact,Sedona,MPV,Sedona,,2001-2026,true
2023,ford,ford,mustang-mach-1,3,exact,Mustang,Passenger Car,Mustang,,1990-2026,true
2012,nissan,nissan,gt-r,6,exact,GT-R,Passenger Car,GT-R,,2009-2024,true
2014,nissan,nissan,gt-r,6,exact,GT-R,Passenger Car,GT-R,,2009-2024,true
2015,nissan,nissan,gt-r,6,exact,GT-R,Passenger Car,GT-R,,2009-2024,true
2019,buick,buick,regal-sportback,5,exact,Regal,Passenger Car,Regal AWD,,1990-2004 2011-2020,true
2008,porsche,porsche,911,8,exact,911,Passenger Car,911 GT3,,1990-2026,true
2018,mini,mini,cooper-countryman,6,exact,Countryman,MPV,JCW Countryman All4,,2011-2026,true
2005,ford,ford,f-450-super-duty,2,exact,F-250,Truck,,,1990-2026,true
2022,chevrolet,chevrolet,express-2500,4,exact,Express,Truck,,,1996-2026,true
2003,ford,ford,mustang-mach-1,2,exact,Mustang,Passenger Car,Mustang,,1990-2026,true
2004,ford,ford,mustang-mach-1,2,exact,Mustang,Passenger Car,Mustang,,1990-2026,true
2009,jeep,jeep,grand-cherokee,12,exact,Grand Cherokee,MPV,Grand Cherokee 4WD,,1993-2026,true
2000,chevrolet,chevrolet,express-2500,4,exact,Express,MPV,Express 1500/2500 2WD,,1996-2026,true
1990,buick,buick,riviera,1,exact,Riviera,Passenger Car,Riviera,,1990-1993 1995-1999,true
2008,jeep,jeep,grand-cherokee,12,exact,Grand Cherokee,MPV,Grand Cherokee 2WD,,1993-2026,true
1990,oldsmobile,oldsmobile,88,1,exact,Eighty Eight (88),Passenger Car,Eighty-Eight,,1990-1999,true
2007,porsche,porsche,911,8,exact,911,Passenger Car,911 GT3,,1990-2026,true
2000,chevrolet,chevrolet,express-3500,5,exact,Express,MPV,Express 1500/2500 2WD,,1996-2026,true
2001,chevrolet,chevrolet,express-2500,4,exact,Express,MPV,Express 1500/2500 2WD,,1996-2026,true
2006,chevrolet,chevrolet,silverado-1500,3,exact,Silverado,Truck,Silverado 15 Hybrid 2WD,,1990-2026,true
2006,chevrolet,chevrolet,express-2500,4,exact,Express,MPV,Express 1500/2500 2WD,,1996-2026,true
2008,chevrolet,chevrolet,express-2500,4,exact,Express,MPV,Express 1500/2500 2WD,,1996-2026,true
2009,chevrolet,chevrolet,express-2500,4,exact,Express,MPV,Express 1500 2WD Passenger,,1996-2026,true
2025,ford,ford,escape,7,exact,Escape,MPV,Escape FWD HEV,,2001-2026,true
1993,oldsmobile,oldsmobile,98,1,exact,Ninety Eight (98),Passenger Car,Ninety-Eight,,1990-1999,true
1991,buick,buick,riviera,1,exact,Riviera,Passenger Car,Riviera,,1990-1993 1995-1999,true
2003,chevrolet,chevrolet,express-3500,5,exact,Express,MPV,Express 1500/2500 2WD,,1996-2026,true
2022,jeep,jeep,grand-wagoneer,2,exact,Grand Wagoneer,MPV,Grand Wagoneer 2WD,,1990-1993 2022-2026,true
2009,chevrolet,chevrolet,express-3500,5,exact,Express,MPV,Express 1500 2WD Passenger,,1996-2026,true
2000,gmc,gmc,savana-2500,4,exact,Savana,MPV,Savana 1500/2500 2WD (cargo),,1996-2026,true
2016,gmc,gmc,savana-3500,5,exact,Savana,Truck,Savana 2500 2WD (Passenger),,1996-2026,true
2005,chevrolet,chevrolet,express-3500,5,exact,Express,MPV,Express 1500/2500 2WD,,1996-2026,true
2013,mercedes-benz,mercedesbenz,sl-class,6,exact,SL-Class,Passenger Car,SL550,,1990-2009 2011-2026,true
2006,chevrolet,chevrolet,express-3500,5,exact,Express,MPV,Express 1500/2500 2WD,,1996-2026,true
2007,chevrolet,chevrolet,express-3500,5,exact,Express,MPV,Express 1500/2500 2WD,,1996-2026,true
1992,buick,buick,riviera,1,exact,Riviera,Passenger Car,Riviera,,1990-1993 1995-1999,true
2025,nissan,nissan,armada,5,exact,Armada,MPV,Armada 2WD,,2002-2015 2017-2026,true
2022,nissan,nissan,gt-r,6,exact,GT-R,Passenger Car,,,2009-2024,true
1996,oldsmobile,oldsmobile,cutlass-ciera,1,exact,Cutlass Supreme,Passenger Car,Ciera SL,,1990-1999,true
2018,mini,mini,cooper-clubman,5,exact,Clubman,Passenger Car,Cooper Clubman,,2008-2014 2016-2024,true
2019,ford,ford,explorer,8,exact,Explorer,MPV,Explorer FWD,,1991-2026,true
2019,nissan,nissan,gt-r,6,exact,GT-R,Passenger Car,GT-R,,2009-2024,true
2020,nissan,nissan,gt-r,6,exact,GT-R,Passenger Car,GT-R,,2009-2024,true
2021,nissan,nissan,gt-r,6,exact,GT-R,Passenger Car,GT-R,,2009-2024,true
2007,ford,ford,e-150,4,exact,E-150,MPV,,,1990-2014,true
2018,audi,audi,a3,6,exact,A3,Passenger Car,A3,,2006-2013 2015-2020 2022-2026,true
2013,chevrolet,chevrolet,express-2500,4,exact,Express,MPV,Express 1500 2WD Cargo,,1996-2026,true
2008,chevrolet,chevrolet,express-3500,5,exact,Express,MPV,Express 1500/2500 2WD,,1996-2026,true
2014,mercedes-benz,mercedesbenz,sl-class,6,exact,SL-Class,Passenger Car,SL550,,1990-2009 2011-2026,true
2022,ford,ford,mustang,7,exact,Mustang,Passenger Car,Mustang HO Coupe,,1990-2026,true
2018,bmw,bmw,530i-xdrive,2,exact,ActiveHybrid 5,Passenger Car,530i xDrive,,1990-1995 1997-2026,true
2022,subaru,subaru,outback,10,exact,Outback,MPV,Outback AWD,,1990-2026,true
2021,chevrolet,chevrolet,express-3500,5,exact,Express,Truck,,,1996-2026,true
2007,gmc,gmc,savana-3500,5,exact,Savana,MPV,Savana 1500/2500 2WD (cargo),,1996-2026,true
2021,toyota,toyota,land-cruiser,3,exact,Land Cruiser,MPV,Land Cruiser Wagon 4WD,,1990-2021 2024-2026,true
2011,chevrolet,chevrolet,express-3500,5,exact,Express,MPV,Express 1500 2WD Cargo,,1996-2026,true
2012,chevrolet,chevrolet,express-3500,5,exact,Express,MPV,Express 1500 2WD Cargo,,1996-2026,true
2022,maserati,maserati,ghibli,1,exact,Ghibli,Passenger Car,Ghibli Trofeo,,2014-2024,true
2007,kia,kia,sorento,2,exact,Sorento,MPV,Sorento 2WD,,2001-2009 2011-2026,true
1993,chrysler,chrysler,new-yorker,1,exact,New Yorker,Passenger Car,New Yorker,,1990-1997,true
1994,chrysler,chrysler,new-yorker,1,exact,New Yorker,Passenger Car,New Yorker/LHS,,1990-1997,true
1995,chrysler,chrysler,new-yorker,1,exact,New Yorker,Passenger Car,New Yorker/LHS,,1990-1997,true
2012,bmw,bmw,x3,5,exact,X3,MPV,X3 xDrive28i,,2004-2026,true
1996,oldsmobile,oldsmobile,silhouette,1,exact,Silhouette,MPV,Silhouette 2WD,,1990-2004,true
2013,ford,ford,edge,4,exact,Edge,MPV,Edge FWD,,2007-2024,true
1992,oldsmobile,oldsmobile,98,1,exact,Ninety Eight (98),Passenger Car,Ninety-Eight,,1990-1999,true
2012,mitsubishi,mitsubishi,mirage,1,none,,,,,1990-2002 2014-2024,true
2013,chevrolet,chevrolet,express-3500,5,exact,Express,MPV,Express 1500 2WD Cargo,,1996-2026,true
2004,porsche,porsche,911,8,exact,911,Passenger Car,,,1990-2026,true
2014,chevrolet,chevrolet,express-2500,4,exact,Express,MPV,Express 1500 2WD Cargo,,1996-2026,true
2006,gmc,gmc,envoy,3,exact,Envoy,MPV,Envoy 2WD,,2002-2009,true
2006,nissan,nissan,altima,6,exact,Altima,Passenger Car,Altima,,1993-2026,true
1998,dodge,dodge,ram-2500,4,exact,Ram,MPV,Ram 1500 Pickup 2WD,,1990-2012,true
2016,porsche,porsche,cayman,1,exact,Boxster,Passenger Car,Boxster S,,1997-2025,true
2015,chevrolet,chevrolet,express-2500,4,exact,Express,MPV,Express 2500 2WD Conversion Cargo,,1996-2026,true
2026,genesis,genesis,gv70,5,exact,GV70,MPV,GV70 AWD (5 Mode),,2022-2026,true
1997,dodge,dodge,ram-3500,4,exact,Ram,MPV,Ram 1500 Pickup 2WD,,1990-2012,true
1994,dodge,dodge,ram-3500,4,exact,Ram Van,MPV,Ram 1500 Pickup 2WD,,1990-2012,true
2015,chevrolet,chevrolet,express-3500,5,exact,Express,MPV,Express 2500 2WD Conversion Cargo,,1996-2026,true
2020,ford,ford,mustang-mach-1,1,exact,Mustang,Passenger Car,Mustang,,1990-2026,true
2016,chevrolet,chevrolet,express-2500,4,exact,Express,MPV,Express 2500 2WD Passenger,,1996-2026,true
1998,dodge,dodge,ram-van-b1500,1,exact,Ram Van,MPV,B1500 Van 2WD,,1990-2012,true
2020,chevrolet,chevrolet,express-3500,5,exact,Express,MPV,,,1996-2026,true
1999,dodge,dodge,ram-van-b3500,1,exact,Ram Van,MPV,Ram 1500 Pickup 2WD,,1990-2012,true
2024,bmw,bmw,m3,3,exact,M3,Passenger Car,M3 Sedan,,1990-1991 1995-1999 2001-2006 2008-2013 2015-2018 2020-2026,true
2025,chevrolet,chevrolet,express-3500,5,exact,Express,Truck,,,1996-2026,true
2015,mercedes-benz,mercedesbenz,sl-class,6,exact,SL-Class,Passenger Car,SL550,,1990-2009 2011-2026,true
2016,chevrolet,chevrolet,express-3500,5,exact,Express,MPV,Express 2500 2WD Passenger,,1996-2026,true
2019,bmw,bmw,x3,7,exact,X3,MPV,X3 sDrive30i,,2004-2026,true
2020,bmw,bmw,x3,7,exact,X3,MPV,X3 M,,2004-2026,true
1990,dodge,dodge,ram-van-b350,1,exact,Ram Van,MPV,B350 Van 2WD,,1990-2012,true
1990,dodge,dodge,ram-van-b250,1,exact,Ram Van,MPV,B150/B250 Van 2WD,,1990-2012,true
2017,chevrolet,chevrolet,express-2500,4,exact,Express,MPV,Express 2500 2WD Passenger,,1996-2026,true
1992,dodge,dodge,ram-van-b250,1,exact,Ram Van,Truck,B150/B250 Van 2WD,,1990-2012,true
1993,dodge,dodge,ram-van-b250,1,exact,Ram Van,MPV,B150/B250 Van 2WD,,1990-2012,true
1994,dodge,dodge,ram-van-b1500,1,exact,Ram Van,MPV,Ram 1500 Pickup 2WD,,1990-2012,true
1997,dodge,dodge,ram-van-b1500,1,exact,Ram Van,MPV,B1500/B2500 Van 2WD,,1990-2012,true
2017,chevrolet,chevrolet,express-3500,5,exact,Express,MPV,Express 2500 2WD Passenger,,1996-2026,true
2018,chevrolet,chevrolet,express-2500,7,exact,Express,MPV,,,1996-2026,true
2018,chevrolet,chevrolet,express-3500,8,exact,Express,MPV,,,1996-2026,true
2017,mitsubishi,mitsubishi,outlander,5,exact,Outlander,MPV,Outlander 2WD,,2003-2026,true
2024,bmw,bmw,x1,4,exact,X1,MPV,X1 M35i,,2012-2026,true
2018,bmw,bmw,740i-xdrive,2,exact,740i,Passenger Car,740i xDrive,,1990-2026,true
1994,oldsmobile,oldsmobile,98,1,exact,Ninety Eight (98),Passenger Car,Ninety-Eight,,1990-1999,true
1995,oldsmobile,oldsmobile,98,1,exact,Ninety Eight (98),Passenger Car,Ninety-Eight,,1990-1999,true
2019,chevrolet,chevrolet,express-2500,4,exact,Express,MPV,,,1996-2026,true
2019,chevrolet,chevrolet,express-3500,5,exact,Express,MPV,,,1996-2026,true
2021,chevrolet,chevrolet,express-2500,4,exact,Express,Truck,,,1996-2026,true
2025,bmw,bmw,x5,8,exact,X5,MPV,X5 sDrive40i,,2000-2026,true
2024,chevrolet,chevrolet,colorado,6,exact,Colorado,Truck,Colorado 2WD,,2004-2012 2015-2026,true
2006,gmc,gmc,savana-3500,5,exact,Savana,MPV,Savana 15/25 2WD Conversion (cargo),,1996-2026,true
2014,gmc,gmc,savana-2500,4,exact,Savana,Truck,Savana 1500 2WD (cargo),,1996-2026,true
2018,bmw,bmw,m760i-xdrive,2,exact,740i,Passenger Car,M760i xDrive,,1990-2026,true
2023,volkswagen,volkswagen,id.4,6,exact,ID.4,MPV,ID.4,,2021-2026,true
2022,buick,buick,envision,4,exact,Envision,MPV,Envision FWD,,2016-2026,true
2017,jaguar,jaguar,xj,11,exact,XJ,Passenger Car,XJ,,1990-2019,true
2013,mercedes,mercedesbenz,g-class-amg,2,exact,G-Class,MPV,G550,,1999 2002-2026,true
2018,audi,audi,a5-quattro,6,exact,A5,Passenger Car,A5 Cabriolet quattro,,2008-2026,true
2008,nissan,nissan,armada,5,exact,Armada,MPV,Armada 2WD,,2002-2015 2017-2026,true
2025,chevrolet,chevrolet,express-2500,4,exact,Express,Truck,,,1996-2026,true
2021,bmw,bmw,x3,7,exact,X3,MPV,X3 M,,2004-2026,true
2010,nissan,nissan,titan,11,exact,Titan,Truck,Titan 2WD,,2002-2024,true
2018,subaru,subaru,wrx-sti,3,exact,WRX,Passenger Car,WRX,,1993-2026,true
2019,ford,ford,f-150,8,exact,F-150,Truck,F150 Pickup 2WD,,1990-2026,true
2020,ford,ford,transit,1,exact,Transit,MPV,,,2015-2026,true
2001,gmc,gmc,savana-2500,4,exact,Savana,MPV,Savana 1500/2500 2WD (cargo),,1996-2026,true
2018,hyundai,hyundai,elantra-gt,2,exact,Elantra,Passenger Car,Elantra GT,,1992-2026,true
2018,toyota,toyota,yaris-ia,1,exact,Yaris,Passenger Car,Yaris,,2007-2020,true
2018,mercedes-benz,mercedesbenz,cla45-amg,1,family,CLA-Class,Passenger Car,CLA250 4matic,,2014-2026,true
2000,gmc,gmc,savana-3500,5,exact,Savana,MPV,Savana 1500/2500 2WD (cargo),,1996-2026,true
2024,bmw,bmw,x5,8,exact,X5,MPV,X5 sDrive40i,,2000-2026,true
2017,acura,acura,ilx,5,exact,ILX,Passenger Car,ILX,,2013-2022,true
2022,nissan,nissan,altima,6,exact,Altima,Passenger Car,Altima,,1993-2026,true
2003,chrysler,chrysler,sebring,1,exact,Sebring,Passenger Car,Sebring,,1995-2010,true
2003,gmc,gmc,savana-1500,4,exact,Savana,MPV,Savana 15/25 2WD Conversion (cargo),,1996-2026,true
2003,gmc,gmc,savana-2500,4,exact,Savana,MPV,Savana 15/25 2WD Conversion (cargo),,1996-2026,true
2005,gmc,gmc,savana-1500,4,exact,Savana,MPV,Savana 15/25 2WD Conversion (cargo),,1996-2026,true
2003,gmc,gmc,savana-3500,5,exact,Savana,MPV,Savana 15/25 2WD Conversion (cargo),,1996-2026,true
2006,gmc,gmc,savana-2500,4,exact,Savana,MPV,Savana 15/25 2WD Conversion (cargo),,1996-2026,true
2023,subaru,subaru,outback,10,exact,Outback,MPV,Outback AWD,,1990-2026,true
2009,nissan,nissan,titan,11,exact,Titan,Truck,Titan 2WD,,2002-2024,true
2007,gmc,gmc,savana-2500,4,exact,Savana,MPV,Savana 1500/2500 2WD (cargo),,1996-2026,true
2004,gmc,gmc,savana-1500,4,exact,Savana,MPV,Savana 15/25 2WD Conversion (cargo),,1996-2026,true
2018,bmw,bmw,430i-xdrive-gran-coupe,2,exact,430i,Passenger Car,430i xDrive Gran Coupe,,2014-2026,true
2004,gmc,gmc,savana-2500,4,exact,Savana,MPV,Savana 15/25 2WD Conversion (cargo),,1996-2026,true
2004,gmc,gmc,savana-3500,5,exact,Savana,MPV,Savana 15/25 2WD Conversion (cargo),,1996-2026,true
2024,subaru,subaru,outback,10,exact,Outback,MPV,Outback AWD,,1990-2026,true
2005,gmc,gmc,savana-2500,4,exact,Savana,MPV,Savana 15/25 2WD Conversion (cargo),,1996-2026,true
2025,subaru,subaru,outback,10,exact,Outback,MPV,Outback AWD,,1990-2026,true
1991,oldsmobile,oldsmobile,88,1,exact,Eighty Eight (88),Passenger Car,Eighty-Eight,,1990-1999,true
2023,genesis,genesis,gv70,5,exact,GV70,MPV,GV70 AWD,,2022-2026,true
1992,oldsmobile,oldsmobile,88,1,exact,Eighty Eight (88),Passenger Car,Eighty-Eight,,1990-1999,true
2018,bmw,bmw,alpina-b6-xdrive-gran-coupe,2,exact,640i,Passenger Car,640i Convertible,,2004-2025,true
2023,genesis,genesis,gv80,3,exact,GV80,MPV,GV80 AWD,,2021-2026,true
2012,chrysler,chrysler,200,4,exact,200,Passenger Car,200 Convertible,,2011-2017,true
2018,bmw,bmw,650i-xdrive-gran-coupe,3,exact,640i,Passenger Car,650i xDrive Gran Coupe,,2004-2010 2012-2019,true
2018,bmw,bmw,650i-xdrive,2,family,640i,Passenger Car,640i Convertible,,2004-2010 2012-2019,true
2018,bmw,bmw,650i-gran-coupe,2,exact,640i,Passenger Car,650i Gran Coupe,,2004-2010 2012-2019,true
2007,gmc,gmc,savana-1500,4,exact,Savana,MPV,Savana 1500/2500 2WD (cargo),,1996-2026,true
2014,subaru,subaru,forester,7,exact,Forester,MPV,Forester AWD,,1998-2026,true
2008,gmc,gmc,savana-1500,4,exact,Savana,Truck,Savana 15/25 2WD Conversion (cargo),,1996-2026,true
2008,gmc,gmc,savana-2500,4,exact,Savana,Truck,Savana 15/25 2WD Conversion (cargo),,1996-2026,true
2023,honda,honda,accord,10,exact,Accord,Passenger Car,Accord Hybrid Sport/Touring,,1990-2026,true
2001,dodge,dodge,ram-1500,4,exact,Ram,MPV,Ram 1500 Pickup 2WD,,1990-2012,true
2012,gmc,gmc,savana-3500,5,exact,Savana,Truck,Savana 1500 2WD (cargo),,1996-2026,true
2022,bmw,bmw,x3,7,exact,X3,MPV,X3 sDrive30i,,2004-2026,true
2023,honda,honda,civic,17,exact,Civic,Passenger Car,Civic 4Dr,,1990-2026,true
2010,gmc,gmc,savana-3500,5,exact,Savana,MPV,Savana 1500 2WD (cargo),,1996-2026,true
2012,gmc,gmc,savana-2500,4,exact,Savana,Truck,Savana 1500 2WD (cargo),,1996-2026,true
2018,bmw,bmw,440i-gran-coupe,2,exact,430i,Passenger Car,440i Gran Coupe,,2014-2026,true
2018,bmw,bmw,440i-xdrive-gran-coupe,2,exact,430i,Passenger Car,440i xDrive Gran Coupe,,2014-2026,true
2011,gmc,gmc,savana-1500,4,exact,Savana,MPV,Savana 1500 2WD (cargo),,1996-2026,true
2016,subaru,subaru,forester,7,exact,Forester,MPV,Forester AWD,,1998-2026,true
2016,chevrolet,chevrolet,camaro,11,exact,Camaro,Passenger Car,Camaro,,1990-2002 2010-2024,true
2011,gmc,gmc,savana-2500,4,exact,Savana,MPV,Savana 1500 2WD (cargo),,1996-2026,true
2011,gmc,gmc,savana-3500,5,exact,Savana,MPV,Savana 1500 2WD (cargo),,1996-2026,true
2018,bentley,bentley,flying-spur,4,exact,Flying Spur,Passenger Car,Flying Spur,,1990-2026,true
2018,buick,buick,regal-tourx,3,exact,Regal,Passenger Car,Regal,,1990-2004 2011-2020,true
2019,nissan,nissan,titan,12,exact,Titan,Truck,Titan 2WD,,2002-2024,true
1994,buick,buick,skylark,1,exact,Skylark,Passenger Car,Skylark,,1990-1998,true
1995,buick,buick,skylark,1,exact,Skylark,Passenger Car,Skylark,,1990-1998,true
2012,bmw,bmw,m5,3,none,,,,,1991-1993 2000-2003 2006-2010 2013-2023 2025-2026,true
2018,nissan,nissan,versa-note,3,exact,Versa,Passenger Car,Versa,,2007-2025,true
1992,ford,ford,crown-victoria,1,exact,Crown Victoria,Passenger Car,LTD Crown Victoria,,1990-2011,true
2012,gmc,gmc,savana-1500,4,exact,Savana,Truck,Savana 1500 2WD (cargo),,1996-2026,true
1993,ford,ford,crown-victoria,1,exact,Crown Victoria,Passenger Car,LTD Crown Victoria,,1990-2011,true
1990,porsche,porsche,928,1,exact,928,Passenger Car,928 S4,,1990-1995,true
1995,porsche,porsche,968,1,exact,,,968,,1992-1995,true
1998,porsche,porsche,911,1,exact,911,Passenger Car,911 Carrera 4/2,,1990-2026,true
2017,lincoln,lincoln,navigator,4,exact,Navigator,MPV,Navigator 2WD,,1998-2026,true
2023,gmc,gmc,savana-3500,5,exact,Savana,Truck,,,1996-2026,true
2017,gmc,gmc,savana-3500,5,exact,Savana,MPV,Savana 2500 2WD (Passenger),,1996-2026,true
1994,ford,ford,crown-victoria,1,exact,Crown Victoria,Passenger Car,Crown Victoria Police,,1990-2011,true
2013,gmc,gmc,savana-1500,4,exact,Savana,MPV,Savana 1500 2WD (cargo),,1996-2026,true
2023,toyota,toyota,sequoia,8,exact,Sequoia,MPV,Sequoia 2WD,,2000-2026,true
2018,fiat,fiat,124-spider,4,exact,124 Spider,Passenger Car,124 Spider,,2017-2020,true
2013,gmc,gmc,savana-2500,4,exact,Savana,MPV,Savana 1500 2WD (cargo),,1996-2026,true
2018,bmw,bmw,320i-xdrive,2,exact,320i,Passenger Car,320i xDrive,,1990-2026,true
2013,gmc,gmc,savana-3500,5,exact,Savana,MPV,Savana 1500 2WD (cargo),,1996-2026,true
2016,subaru,subaru,brz,4,exact,BRZ,Passenger Car,BRZ,,2013-2026,true
2017,subaru,subaru,impreza,5,exact,Impreza,Passenger Car,WRX,,1993-2026,true
2018,bmw,bmw,328d-xdrive,4,exact,320i,Passenger Car,328d xDrive,,1990-2026,true
2002,toyota,toyota,celica,1,exact,Celica,Passenger Car,Celica,,1990-2006,true
2016,lincoln,lincoln,mkz,5,exact,MKZ,Passenger Car,MKZ Hybrid FWD,,2007-2020,true
2019,gmc,gmc,savana-2500,4,exact,Savana,Truck,,,1996-2026,true
2018,bmw,bmw,330i-gt-xdrive,2,family,320i,Passenger Car,330i,,1990-2026,true
2017,subaru,subaru,legacy,6,exact,Legacy,Passenger Car,Legacy AWD,,1990-2026,true
1991,ford,ford,club-wagon-e-150,1,exact,E-150,MPV,E150 Econoline 2WD,,1990-2014,true
2019,gmc,gmc,savana-3500,5,exact,Savana,Truck,,,1996-2026,true
1992,ford,ford,club-wagon-e-150,1,exact,E-150,MPV,E150 Econoline 2WD,,1990-2014,true
2018,bmw,bmw,330i-xdrive,4,exact,320i,Passenger Car,330i xDrive,,1990-2026,true
2014,gmc,gmc,savana-3500,5,exact,Savana,Truck,Savana 1500 2WD (cargo),,1996-2026,true
2004,ford,ford,mustang,3,exact,Mustang,Passenger Car,Mustang,,1990-2026,true
2016,buick,buick,envision,6,exact,Envision,MPV,Envision AWD,,2016-2026,true
2024,chevrolet,chevrolet,trailblazer,7,exact,Trailblazer,MPV,Trailblazer FWD,,2002-2009 2021-2026,true
2015,gmc,gmc,savana-3500,5,exact,Savana,Truck,Savana 2500 2WD Conversion (cargo),,1996-2026,true
1990,ford,ford,taurus-sho,1,exact,Taurus,Passenger Car,Taurus,,1990-2019,true
2000,ford,ford,f-250,3,exact,F-250,MPV,,,1990-2026,true
2019,porsche,porsche,macan,5,exact,Macan,MPV,Macan S,,2015-2026,true
2022,subaru,subaru,wrx,9,exact,Impreza,Passenger Car,Impreza 4-Door,,1993-2026,true
2016,mitsubishi,mitsubishi,lancer,7,exact,Lancer,Passenger Car,Lancer,,2002-2017,true
2018,toyota,toyota,yaris,3,exact,Yaris,Passenger Car,Yaris,,2007-2020,true
2018,bmw,bmw,340i-gt-xdrive,2,family,320i,Passenger Car,330i,,1990-2026,true
2023,audi,audi,s4,4,exact,S4,Passenger Car,S4,,1992-1994 2000-2002 2004-2016 2018-2025,true
2026,porsche,porsche,panamera,7,exact,Panamera,Passenger Car,Panamera,,2010-2026,true
2016,subaru,subaru,crosstrek,6,exact,Crosstrek,MPV,XV Crosstrek AWD,,2012-2026,true
2025,alfa romeo,alfaromeo,giulia,6,exact,Giulia (952),Passenger Car,Giulia,,2016-2026,true
2025,jeep,jeep,compass,6,exact,Compass,MPV,Compass 4WD,,2006-2026,true
2018,toyota,toyota,camry,8,exact,Camry,Passenger Car,Camry LE/SE,,1990-2026,true
2018,toyota,toyota,avalon,8,exact,Avalon,Passenger Car,Avalon Hybrid,,1995-2022,true
2016,gmc,gmc,savana-2500,4,exact,Savana,Truck,Savana 2500 2WD (Passenger),,1996-2026,true
2007,lincoln,lincoln,town-car,5,exact,Town Car,Passenger Car,Town Car,,1990-2011,true
2017,chevrolet,chevrolet,tahoe,8,exact,Tahoe,MPV,Tahoe C1500 2WD,,1995-2026,true
2018,bmw,bmw,340i-xdrive,2,exact,320i,Passenger Car,340i xDrive,,1990-2026,true
2008,lincoln,lincoln,town-car,5,exact,Town Car,Passenger Car,Town Car,,1990-2011,true
2017,porsche,porsche,panamera,7,exact,Panamera,Passenger Car,Panamera,,2010-2026,true
2005,subaru,subaru,wrx,6,exact,Impreza,Passenger Car,Impreza AWD,,1993-2026,true
2016,subaru,subaru,legacy,6,exact,Legacy,Passenger Car,Legacy AWD,,1990-2026,true
2024,ram,ram,1500,15,exact,1500,Truck,1500 2WD,,2013-2026,true
2001,ford,ford,crown-victoria,2,exact,Crown Victoria,Passenger Car,Crown Victoria,,1990-2011,true
2000,ford,ford,e-150-econoline,1,exact,E-150,MPV,E150 Econoline 2WD,,1990-2014,true
2000,ford,ford,e-250-econoline,1,exact,E-150,MPV,E150 Econoline 2WD,,1990-2014,true
2017,gmc,gmc,savana-2500,4,exact,Savana,MPV,Savana 2500 2WD (Passenger),,1996-2026,true
2005,ford,ford,f-350,4,exact,F-250,Truck,,,1990-2026,true
2016,chevrolet,chevrolet,tahoe,8,exact,Tahoe,MPV,Tahoe C1500 2WD,,1995-2026,true
2019,mercedes,mercedesbenz,s-class,15,exact,S-Class,Passenger Car,S450,,1990-2026,true
2012,mercedes,mercedesbenz,c-class,11,exact,C-Class,Passenger Car,C63 AMG Coupe,,1994-2026,true
2006,lincoln,lincoln,mkz,5,none,,,,,2007-2020,true
2004,nissan,nissan,titan,11,exact,Titan,Truck,Titan 2WD,,2002-2024,true
2024,lamborghini,lamborghini,urus,1,exact,URUS,MPV,Urus Performante,,2019-2026,true
2005,ram,ram,3500,9,crossmake,Ram,Truck,,dodge,1990-2026,false
2018,gmc,gmc,savana-3500,8,exact,Savana,MPV,,,1996-2026,true
2020,gmc,gmc,savana-2500,4,exact,Savana,Truck,,,1996-2026,true
2002,audi,audi,a4,3,exact,A4,Passenger Car,A4,,1996-2025,true
2013,mercedes,mercedesbenz,c-class,11,exact,C-Class,Passenger Car,C250 Coupe,,1994-2026,true
2007,acura,acura,rdx,5,exact,RDX,MPV,RDX 4WD,,2007-2026,true
2018,bmw,bmw,530e-xdrive,2,exact,ActiveHybrid 5,Passenger Car,530e xDrive,,1990-1995 1997-2026,true
2018,bmw,bmw,540d-xdrive,2,exact,ActiveHybrid 5,Passenger Car,540d xDrive,,1990-1995 1997-2026,true
2020,gmc,gmc,savana-3500,5,exact,Savana,Truck,,,1996-2026,true
2017,nissan,nissan,titan,12,exact,Titan,Truck,Titan 2WD,,2002-2024,true
2015,mercedes,mercedesbenz,c-class-amg,1,exact,C-Class,Passenger Car,C250 Coupe,,1994-2026,true
2018,bmw,bmw,540i-xdrive,2,exact,ActiveHybrid 5,Passenger Car,540i xDrive,,1990-1995 1997-2026,true
2021,gmc,gmc,savana-2500,4,exact,Savana,Truck,,,1996-2026,true
2021,gmc,gmc,savana-3500,5,exact,Savana,Truck,,,1996-2026,true
2023,gmc,gmc,savana-2500,4,exact,Savana,Truck,,,1996-2026,true
2026,gmc,gmc,savana-3500,5,exact,Savana,Truck,,,1996-2026,true
2017,subaru,subaru,brz,4,exact,BRZ,Passenger Car,BRZ,,2013-2026,true
2000,lincoln,lincoln,town-car,3,exact,Town Car,Passenger Car,Town Car,,1990-2011,true
2002,porsche,porsche,911,8,exact,911,Passenger Car,911 GT2,,1990-2026,true
2017,ram,ram,1500,8,exact,1500,Truck,1500 2WD,,2013-2026,true
2018,volvo,volvo,s60-cross-country,1,exact,S60,Passenger Car,S60 Polestar AWD,,2001-2009 2011-2025,true
2022,gmc,gmc,savana-2500,4,exact,Savana,Truck,,,1996-2026,true
2018,volvo,volvo,v60-cross-country,2,exact,V60,Passenger Car,V60 Polestar AWD,,2015-2026,true
2022,gmc,gmc,savana-3500,5,exact,Savana,Truck,,,1996-2026,true
2006,lincoln,lincoln,town-car,5,exact,Town Car,Passenger Car,Town Car,,1990-2011,true
2023,lincoln,lincoln,navigator,4,exact,Navigator,MPV,Navigator 2WD,,1998-2026,true
2018,toyota,toyota,prius-prime,3,exact,Prius,Passenger Car,Prius c,,2001-2026,true
2024,gmc,gmc,savana-2500,4,exact,Savana,Truck,,,1996-2026,true
2024,gmc,gmc,savana-3500,5,exact,Savana,Truck,,,1996-2026,true
2018,chevrolet,chevrolet,bolt-ev,2,exact,Bolt EV,Passenger Car,Bolt EV,,2017-2023,true
2004,toyota,toyota,sienna,4,exact,Sienna,MPV,Sienna 2WD,,1995-2026,true
2025,lincoln,lincoln,navigator,4,exact,Navigator,MPV,Navigator 4WD,,1998-2026,true
2009,porsche,porsche,911,8,exact,911,Passenger Car,911 GT2,,1990-2026,true
2004,nissan,nissan,xterra,6,exact,Xterra,Truck,Xterra 2WD,,2000-2015,true
2001,acura,acura,nsx,1,exact,NSX,Passenger Car,NSX,,1990-2005 2016-2022,true
2025,gmc,gmc,savana-2500,4,exact,Savana,Truck,,,1996-2026,true
2000,chevrolet,chevrolet,silverado-2500hd,4,exact,Silverado,Truck,Silverado 1500 2WD,,1990-1993 1999-2026,true
2025,gmc,gmc,savana-3500,5,exact,Savana,Truck,,,1996-2026,true
2005,ford,ford,explorer,8,exact,Explorer,MPV,Explorer 2WD,,1991-2026,true
2013,volkswagen,volkswagen,jetta,6,exact,Jetta,Passenger Car,Jetta,,1990-2026,true
2013,honda,honda,civic,7,exact,Civic,Passenger Car,Civic,,1990-2026,true
2005,volvo,volvo,xc90,5,exact,XC90,Passenger Car,XC90 FWD,,2003-2014 2016-2026,true
2018,cadillac,cadillac,ats,9,exact,ATS,Passenger Car,ATS AWD,,2013-2019,true
2026,gmc,gmc,savana-2500,4,exact,Savana,Truck,,,1996-2026,true
2001,lincoln,lincoln,town-car,3,exact,Town Car,Passenger Car,Town Car,,1990-2011,true
2003,lincoln,lincoln,town-car,5,exact,Town Car,Passenger Car,Town Car,,1990-2011,true
2004,lincoln,lincoln,town-car,5,exact,Town Car,Passenger Car,Town Car,,1990-2011,true
2002,acura,acura,nsx,1,exact,NSX,Passenger Car,NSX,,1990-2005 2016-2022,true
2003,acura,acura,nsx,1,exact,NSX,Passenger Car,NSX,,1990-2005 2016-2022,true
2009,porsche,porsche,cayenne,7,exact,Cayenne,MPV,Cayenne,,2003-2026,true
2008,toyota,toyota,prius,5,exact,Prius,Passenger Car,Prius,,2001-2026,true
2004,porsche,porsche,cayenne,7,exact,Cayenne,Passenger Car,Cayenne,,2003-2026,true
2002,lincoln,lincoln,town-car,3,exact,Town Car,Passenger Car,Town Car,,1990-2011,true
2005,lincoln,lincoln,town-car,5,exact,Town Car,Passenger Car,Town Car,,1990-2011,true
2016,chevrolet,chevrolet,silverado,1,exact,Silverado,Truck,Silverado C15 Cab Chassis 2WD,,1990-2026,true
2011,porsche,porsche,cayenne,7,exact,Cayenne,MPV,Cayenne S,,2003-2026,true
2023,honda,honda,ridgeline,6,exact,Ridgeline,Truck,Ridgeline AWD,,2006-2026,true
2000,chevrolet,chevrolet,silverado-2500,2,exact,Silverado,Truck,Silverado 1500 2WD,,1999-2026,true
2011,lincoln,lincoln,town-car,5,exact,Town Car,Passenger Car,Town Car FFV,,1990-2011,true
2015,volkswagen,volkswagen,tiguan,6,exact,Tiguan,MPV,Tiguan,,2009-2026,true
2014,acura,acura,ilx,5,exact,ILX,Passenger Car,ILX,,2013-2022,true
2009,land rover,landrover,discovery,6,exact,LR3,MPV,LR3,,1994-2026,true
2007,chevrolet,chevrolet,silverado-2500,1,exact,Silverado,Truck,Silverado Classic 1500 2WD,,1999-2026,true
2010,chevrolet,chevrolet,silverado-2500,1,exact,Silverado,Truck,Silverado C15 2WD,,1999-2026,true
2011,chevrolet,chevrolet,silverado-2500,1,exact,Silverado,Truck,Silverado C15 2WD,,1999-2026,true
2009,lincoln,lincoln,town-car,5,exact,Town Car,Passenger Car,Town Car FFV,,1990-2011,true
2002,toyota,toyota,camry,3,exact,Camry,MPV,Camry Solara Convertible,,1990-2026,true
2011,ram,ram,2500,6,crossmake,Ram,Truck,,dodge,1990-2026,true
2010,lincoln,lincoln,town-car,5,exact,Town Car,Passenger Car,Town Car FFV,,1990-2011,true
2020,audi,audi,s4,4,exact,S4,Passenger Car,S4,,1992-1994 2000-2002 2004-2016 2018-2025,true
2022,mercedes-benz,mercedesbenz,gls,8,exact,GLS-Class,MPV,GLS450 4matic,,2006-2026,true
2003,chevrolet,chevrolet,suburban-2500,2,exact,Suburban,MPV,Suburban 1500 2WD,,1990-2026,true
2018,kia,kia,soul-ev,3,exact,Soul,MPV,Soul,,2010-2025,true
2018,mazda,mazda,mx-5-miata,5,exact,MX-5,Passenger Car,MX-5,,1990-1997 1999-2026,true
1992,cadillac,cadillac,allante,1,exact,Allante,Passenger Car,Allante,,1990-1993,true
2025,ford,ford,ranger,6,exact,Ranger,Truck,Ranger 2WD,,1990-2011 2019-2026,true
2018,audi,audi,a3-sportback-e-tron,3,exact,A3,Passenger Car,A3,,2006-2013 2015-2020 2022-2026,true
2018,audi,audi,a6-quattro,7,exact,A6,Passenger Car,A6 quattro,,1995-2026,true
2018,audi,audi,a7-quattro,2,exact,A7,Passenger Car,A7 quattro,,2012-2025,true
2015,infiniti,infiniti,qx60,5,exact,QX60,MPV,QX60 FWD,,2013-2026,true
2023,hyundai,hyundai,sonata,6,exact,Sonata,Passenger Car,Sonata,,1990-2026,true
2011,land rover,landrover,discovery,6,exact,LR4,MPV,LR4,,1994-2026,true
2014,subaru,subaru,brz,4,exact,BRZ,Passenger Car,BRZ,,2013-2026,true
2018,audi,audi,a8-quattro,2,exact,A8,Passenger Car,A8 L,,1997-2026,true
1999,pontiac,pontiac,trans-am,2,exact,Firebird,Passenger Car,Firebird/Trans Am,,1990-2002,true
2023,kia,kia,ev6,6,exact,EV6,MPV,EV6 AWD GT,,2022-2026,true
1991,pontiac,pontiac,grand-prix,2,exact,Grand Prix,Passenger Car,Grand Prix,,1990-2008,true
1992,pontiac,pontiac,grand-prix,2,exact,Grand Prix,Passenger Car,Grand Prix,,1990-2008,true
1997,gmc,gmc,c/k-1500,4,exact,Sierra,Truck,Sierra 1500 2WD,,1990-2026,true
2002,ford,ford,excursion,1,exact,Excursion,Truck,,,2000-2005,true
1998,gmc,gmc,c/k-1500,4,exact,Sierra,Truck,Sierra 1500 2WD,,1990-2026,true
1998,pontiac,pontiac,trans-am,2,exact,Firebird,Passenger Car,Firebird/Formula,,1990-2002,true
2008,audi,audi,s4,2,exact,S4,Passenger Car,S4 Cabriolet,,1992-1994 2000-2002 2004-2016 2018-2025,true
1993,pontiac,pontiac,grand-prix,2,exact,Grand Prix,Passenger Car,Grand Prix,,1990-2008,true
2004,chevrolet,chevrolet,suburban-2500,2,exact,Suburban,MPV,Suburban 1500 2WD,,1990-2026,true
2010,chevrolet,chevrolet,suburban-2500,2,exact,Suburban,MPV,Suburban 1500 2WD,,1990-2026,true
2007,chevrolet,chevrolet,suburban-2500,2,exact,Suburban,MPV,Suburban 1500 2WD,,1990-2026,true
2008,toyota,toyota,camry,4,exact,Camry,Passenger Car,Camry Solara,,1990-2026,true
2003,toyota,toyota,camry,3,exact,Camry,Passenger Car,Camry Solara Convertible,,1990-2026,true
2001,toyota,toyota,camry,3,exact,Camry,Passenger Car,Camry Solara Convertible,,1990-2026,true
2000,toyota,toyota,camry,3,exact,Camry,Passenger Car,Camry Solara Convertible,,1990-2026,true
2012,chevrolet,chevrolet,suburban-2500,2,exact,Suburban,MPV,Suburban 1500 2WD,,1990-2026,true
2008,ford,ford,e-150-econoline,1,exact,E-150,Truck,,,1990-2014,true
2010,ford,ford,e-150-econoline,1,exact,E-150,Truck,,,1990-2014,true
2012,ford,ford,e-150-econoline,1,exact,E-150,MPV,E150 Van FFV,,1990-2014,true
2014,ford,ford,e-150-econoline,1,exact,E-150,MPV,E150 Van FFV,,1990-2014,true
2018,tesla,tesla,model-s,6,exact,Model S,Passenger Car,Model S 75kWh,,2012-2026,true
2002,chevrolet,chevrolet,silverado-2500,2,exact,Silverado,Truck,Silverado 1500 2WD,,1999-2026,true
2008,lincoln,lincoln,mkz,5,exact,MKZ,Passenger Car,MKZ AWD,,2007-2020,true
2016,chevrolet,chevrolet,silverado-2500,1,exact,Silverado,Truck,Silverado C15 Cab Chassis 2WD,,1999-2026,true
2011,toyota,toyota,fj-cruiser,2,exact,FJ Cruiser,MPV,FJ Cruiser 2WD,,2007-2014,true
2013,toyota,toyota,fj-cruiser,2,exact,FJ Cruiser,MPV,FJ Cruiser 2WD,,2007-2014,true
2023,kia,kia,forte,5,exact,Forte,Passenger Car,Forte,,2010-2024,true
1993,cadillac,cadillac,allante,1,exact,Allante,Passenger Car,Allante,,1990-1993,true
2025,audi,audi,q8-e-tron,1,exact,Q8,MPV,Q8 e-tron quattro (20 inch wheels),,2019-2026,true
2024,audi,audi,q8-e-tron,1,exact,Q8,MPV,Q8 e-tron quattro,,2019-2026,true
2002,toyota,toyota,mr2-spyder,2,exact,MR2,Passenger Car,MR2,,1991-1995 2000-2007,true
2005,toyota,toyota,mr2-spyder,2,exact,MR2,Passenger Car,MR2,,1991-1995 2000-2007,true
2001,chevrolet,chevrolet,suburban-1500,2,exact,Suburban,MPV,Suburban 1500 2WD,,1990-2026,true
2018,nissan,nissan,titan-xd,5,exact,Titan,Truck,Titan 2WD,,2002-2024,true
2019,subaru,subaru,forester,7,exact,Forester,MPV,Forester AWD,,1998-2026,true
2003,chevrolet,chevrolet,suburban-1500,2,exact,Suburban,MPV,Suburban 1500 2WD,,1990-2026,true
2006,chevrolet,chevrolet,suburban-1500,2,exact,Suburban,MPV,Suburban 1500 4WD,,1990-2026,true
2004,chevrolet,chevrolet,express-1500,6,exact,Express,MPV,Express 1500/2500 2WD,,1996-2026,true
2018,gmc,gmc,sierra-1500,5,exact,Sierra,Truck,Sierra 15 Hybrid 2WD,,1990-2026,true
2014,subaru,subaru,crosstrek,6,exact,XV CrossTrek,MPV,XV Crosstrek AWD,,2012-2026,true
2023,kia,kia,sportage,7,exact,Sportage,MPV,Sportage FWD,,1995-2026,true
2010,toyota,toyota,tundra,8,exact,Tundra,Truck,Tundra 2WD,,1995-2026,true
2018,gmc,gmc,sierra-2500hd,4,exact,Sierra,Truck,Sierra 15 Hybrid 2WD,,1990-2026,true
2018,ford,ford,f-250-super-duty,13,exact,F-250,Truck,,,1990-2026,true
2007,subaru,subaru,impreza,5,exact,Impreza,Passenger Car,Impreza AWD,,1993-2026,true
1998,cadillac,cadillac,catera,1,exact,Catera,Passenger Car,Catera,,1997-2001,true
2018,toyota,toyota,land-cruiser,1,exact,Land Cruiser,MPV,Land Cruiser Wagon 4WD,,1990-2021 2024-2026,true
2018,mercedes-benz,mercedesbenz,gla45-amg,1,family,GLA-Class,MPV,GLA250,,2015-2026,true
2018,mercedes-benz,mercedesbenz,gls63-amg,1,family,GLS-Class,MPV,GLS450 4matic,,2006-2026,true
2018,jeep,jeep,grand-cherokee,16,exact,Grand Cherokee,MPV,Grand Cherokee 2WD,,1993-2026,true
2007,toyota,toyota,tundra,8,exact,Tundra,Truck,Tundra 2WD,,1995-2026,true
2026,audi,audi,s8l,1,exact,S8,Passenger Car,S8,,2001-2003 2007-2009 2013-2018 2020-2026,true
2018,land rover,landrover,range-rover-velar,6,exact,Range Rover Velar,MPV,Range Rover Velar,,2018-2026,true
2018,mitsubishi,mitsubishi,outlander-sport,4,exact,Outlander Sport,MPV,Outlander Sport 2WD,,2011-2026,true
2018,cadillac,cadillac,escalade-esv,4,exact,Escalade,MPV,Escalade 2WD,,1999-2026,true
2018,hyundai,hyundai,santa-fe,3,exact,Santa Fe,MPV,Santa Fe Sport FWD,,2001-2026,true
2018,hyundai,hyundai,santa-fe-sport,3,exact,Santa Fe,MPV,Santa Fe Sport FWD,,2001-2026,true
2018,mitsubishi,mitsubishi,outlander-phev,2,exact,Outlander,MPV,Outlander 2WD,,2003-2026,true
2003,toyota,toyota,yaris,1,none,,,,,2007-2020,true
2018,mercedes-benz,mercedesbenz,g63-amg,1,family,G-Class,MPV,AMG G63,,1999 2002-2026,true
2024,audi,audi,sq7,1,exact,SQ7,MPV,SQ7,,2020-2026,true
2018,mercedes-benz,mercedesbenz,g65-amg,1,family,G-Class,MPV,AMG G63,,1999 2002-2026,true
2018,jeep,jeep,wrangler-jk,20,exact,Wrangler,MPV,Wrangler 4WD,,1990-2026,true
2023,kia,kia,telluride,8,exact,Telluride,MPV,Telluride FWD,,2020-2026,true
2024,land rover,landrover,discovery-sport,2,exact,Discovery Sport,MPV,Discovery Sport,,2015-2026,true
2003,toyota,toyota,tacoma,11,exact,Tacoma,Truck,Tacoma 2WD,,1995-2026,true
2004,toyota,toyota,tacoma,11,exact,Tacoma,Truck,Tacoma 2WD,,1995-2026,true
2023,bmw,bmw,x3,7,exact,X3,MPV,X3 sDrive30i,,2004-2026,true
2026,toyota,toyota,tundra,8,exact,Tundra,Truck,Tundra 2WD,,1995-2026,true
2026,toyota,toyota,4runner,7,exact,4Runner,MPV,4Runner 2WD,,1990-2026,true
2014,chevrolet,chevrolet,express-1500,6,exact,Express,MPV,Express 1500 2WD Cargo,,1996-2026,true
2008,subaru,subaru,impreza,5,exact,Impreza,Passenger Car,Impreza AWD,,1993-2026,true
2024,toyota,toyota,tundra,8,exact,Tundra,Truck,Tundra 2WD,,1995-2026,true
2018,toyota,toyota,prius-c,4,exact,Prius,Passenger Car,Prius c,,2001-2026,true
2001,gmc,gmc,savana-3500,5,exact,Savana,MPV,Savana 1500/2500 2WD (cargo),,1996-2026,true
2008,ford,ford,sportka,1,none,,,,,,true
2004,dodge,dodge,ram-3500,3,exact,Ram,Truck,Ram 1500 Pickup 2WD,,1990-2012,true
2003,audi,audi,a6,4,exact,A6,Passenger Car,A6,,1995-2026,true
2018,land rover,landrover,range-rover,6,exact,Range Rover,MPV,Range Rover Velar,,1990-2026,true
1992,cadillac,cadillac,deville,1,exact,Deville,Passenger Car,Fleetwood/DeVille,,1990-2005,true
2018,land rover,landrover,range-rover-sport,7,exact,Range Rover Sport,MPV,Range Rover Sport,,2006-2026,true
2018,land rover,landrover,range-rover-evoque,8,exact,Range Rover Evoque,MPV,Range Rover Evoque Convertible,,2012-2026,true
2014,toyota,toyota,camry,7,exact,Camry,Passenger Car,Camry,,1990-2026,true
2018,land rover,landrover,discovery-sport,6,exact,Discovery Sport,MPV,Discovery Sport,,2015-2026,true
2012,toyota,toyota,camry,7,exact,Camry,Passenger Car,Camry,,1990-2026,true
2016,buick,buick,cascada,1,exact,Cascada,Passenger Car,Cascada,,2016-2019,true
2018,mercedes-benz,mercedesbenz,gle43-amg,2,family,GLE-Class,MPV,AMG GLE43 4matic,,2016-2026,true
2010,kia,kia,soul,6,exact,Soul,MPV,Soul,,2010-2025,true
2018,mercedes-benz,mercedesbenz,gle63-amg-s,2,family,GLE-Class,MPV,AMG GLE43 4matic,,2016-2026,true
2018,chrysler minivans,chrysler,pacifica-minivan,9,exact,Pacifica,MPV,Pacifica,,2004-2009 2017-2026,true
2018,volkswagen,volkswagen,tiguan-limited,2,exact,Tiguan,MPV,Tiguan,,2009-2026,true
2009,mercury,mercury,mountaineer,1,exact,Mountaineer,MPV,Mountaineer 2WD,,1997-2010,true
2024,buick,buick,electra-e5,1,none,,,,,1990,true
2023,buick,buick,electra-e5,1,none,,,,,1990,true
2018,ford minivans,ford,transit-connect,9,exact,Transit Connect,Truck,Transit Connect Van FFV,,2010-2023,true
2006,hyundai,hyundai,sonata,6,exact,Sonata,Passenger Car,Sonata,,1990-2026,true
1991,honda,honda,accord,1,exact,Accord,Passenger Car,Accord,,1990-2026,true
2021,maserati,maserati,levante,1,exact,Levante,MPV,Levante S,,2017-2024,true
2019,porsche,porsche,boxster,5,exact,718 Boxster,Passenger Car,Boxster,,1997-2025,true
2018,chevrolet minivans,chevrolet,city-express,2,exact,City Express,Truck,City Express Cargo Van,,2015-2018,true
2014,chrysler,chrysler,town-&-country,4,exact,Town and Country,MPV,Town and Country,,1990-2016,true
2018,ram minivans,ram,promaster-city,6,exact,Promaster City,MPV,Promaster City,,2015-2022,true
2012,nissan,nissan,leaf,4,exact,Leaf,Passenger Car,Leaf,,2011-2026,true
2006,ford,ford,sportka,1,none,,,,,,true
2026,buick,buick,envision-s,1,exact,Envision,MPV,Envision AWD,,2016-2026,true
2013,chrysler,chrysler,town-&-country,4,exact,Town and Country,MPV,Town and Country,,1990-2016,true
2018,ford vans,ford,transit-350-hd,3,exact,Transit,MPV,,,2015-2026,true
2000,mitsubishi,mitsubishi,mirage,1,exact,Mirage,Passenger Car,Mirage,,1990-2002 2014-2024,true
2018,ram vans,ram,promaster-1500,3,exact,ProMaster 1500,MPV,,,2014-2026,true
2018,ram vans,ram,promaster-2500,1,exact,ProMaster 1500,MPV,,,2014-2026,true
2018,ram vans,ram,promaster-3500,1,exact,ProMaster 1500,MPV,,,2014-2026,true
2026,audi,audi,q3,1,exact,Q3,MPV,Q3,,2015-2026,true
2008,mercury,mercury,sable,1,exact,Sable,Passenger Car,Sable AWD,,1990-2005 2008-2009,true
2018,mercedes-benz vans,mercedesbenz,sprinter-2500,2,exact,Sprinter,MPV,,,2010-2026,true
2019,ford,ford,mustang,5,exact,Mustang,Passenger Car,Mustang,,1990-2026,true
2018,mercedes-benz vans,mercedesbenz,sprinter-3500,1,exact,Sprinter,MPV,,,2010-2026,true
2014,audi,audi,a4,2,exact,A4,Passenger Car,A4 quattro,,1996-2025,true
2016,ford,ford,mustang,5,exact,Mustang,Passenger Car,Mustang,,1990-2026,true
2018,mercedes-benz vans,mercedesbenz,sprinter-3500xd,2,exact,Sprinter,MPV,,,2010-2026,true
2018,mitsubishi,mitsubishi,eclipse-cross,4,exact,Eclipse Cross,MPV,Eclipse Cross 2WD,,2018-2026,true
1991,gmc,gmc,sierra-1500,4,exact,Sierra,MPV,Sierra 1500 4WD,,1990-2026,true
2009,land rover,landrover,range-rover,6,exact,Range Rover,MPV,Range Rover,,1990-2026,true
1996,gmc,gmc,sierra-1500,4,exact,Sierra,Truck,Sierra 1500 2WD,,1990-2026,true
1997,gmc,gmc,sierra-1500,4,exact,Sierra,Truck,Sierra 1500 2WD,,1990-2026,true
1998,gmc,gmc,sierra-1500,4,exact,Sierra,Truck,Sierra 1500 2WD,,1990-2026,true
2025,toyota,toyota,land-cruiser,3,exact,Land Cruiser,MPV,Land Cruiser,,1990-2021 2024-2026,true
1996,gmc,gmc,sierra-2500hd,2,exact,Sierra,Truck,Sierra 1500 2WD,,1990-2026,true
1997,gmc,gmc,sierra-2500hd,2,exact,Sierra,Truck,Sierra 1500 2WD,,1990-2026,true
2000,porsche,porsche,911,8,exact,911,Passenger Car,911 Carrera,,1990-2026,true
2005,ford,ford,sportka,1,none,,,,,,true
2020,buick,buick,lacrosse,1,none,,,,,2005-2019,true
2022,buick,buick,lacrosse,1,none,,,,,2005-2019,true
2019,jaguar,jaguar,e-pace,5,exact,E-PACE,MPV,E-Pace P250,,2018-2024,true
2024,bmw,bmw,x3,7,exact,X3,MPV,X3 sDrive30i,,2004-2026,true
1999,gmc,gmc,sierra-3500hd,3,exact,Sierra,Truck,Sierra 1500 2WD,,1990-2026,true
2012,porsche,porsche,boxster,5,exact,Boxster,Passenger Car,Boxster,,1997-2025,true
1990,chevrolet,chevrolet,c/k-1500,4,exact,GMT-400,Truck,C1500 Pickup 2WD,,1990-2026,true
2002,toyota,toyota,rav4,9,exact,RAV4,MPV,RAV4 2WD,,1996-2026,true
2002,gmc,gmc,sierra-3500hd,3,exact,Sierra,Truck,Sierra 1500 2WD,,1990-2026,true
1993,cadillac,cadillac,deville,1,exact,Deville,Passenger Car,DeVille/60 Special,,1990-2005,true
2005,toyota,toyota,camry,3,exact,Camry,Passenger Car,Camry Solara,,1990-2026,true
1993,chevrolet,chevrolet,c/k-1500,4,exact,GMT-400,Truck,C1500 Pickup 2WD,,1990-2026,true
1994,chevrolet,chevrolet,c/k-1500,4,exact,GMT-400,MPV,C1500 Pickup 2WD,,1990-2026,true
2023,lexus,lexus,ls,4,exact,LS,Passenger Car,LS 500h AWD,,1990-2026,true
2010,porsche,porsche,boxster,5,exact,Boxster,Passenger Car,Boxster,,1997-2025,true
1992,gmc,gmc,yukon,6,exact,Yukon,MPV,Suburban 1500 2WD,,1990-2026,true
2026,toyota,toyota,land-cruiser,3,exact,Land Cruiser,MPV,Land Cruiser,,1990-2021 2024-2026,true
2023,lexus,lexus,nx,6,exact,NX,MPV,NX 250,,2015-2026,true
2020,cadillac,cadillac,ct6-v,1,exact,CT6,Passenger Car,CT6 AWD,,2016-2020,true
1995,gmc,gmc,c/k-1500,4,exact,Sierra,Truck,Sierra 1500 2WD,,1990-2026,true
2001,gmc,gmc,sierra-3500hd,3,exact,Sierra,Truck,Sierra 1500 2WD,,1990-2026,true
2005,gmc,gmc,sierra-3500hd,3,exact,Sierra,Truck,Sierra 15 Hybrid 2WD,,1990-2026,true
2013,porsche,porsche,cayenne,7,exact,Cayenne,MPV,Cayenne S,,2003-2026,true
2004,ford,ford,streetka,1,none,,,,,,true
2004,ram,ram,1500,4,crossmake,Ram,Truck,Ram 1500 Pickup 2WD,dodge,1990-2026,false
1999,cadillac,cadillac,deville,1,exact,Deville,Passenger Car,DeVille,,1990-2005,true
2009,ram,ram,2500,11,crossmake,Ram,Truck,,dodge,1990-2026,false
1991,chevrolet,chevrolet,c/k-1500,4,exact,GMT-400,MPV,K1500 Pickup 4WD,,1990-2026,true
1992,chevrolet,chevrolet,c/k-1500,4,exact,GMT-400,Truck,C1500 Pickup 2WD,,1990-2026,true
2009,gmc,gmc,sierra-3500hd,3,exact,Sierra,Truck,Sierra C15 2WD,,1990-2026,true
1995,chevrolet,chevrolet,c/k-1500,4,exact,GMT-400,Truck,C1500 Pickup 2WD,,1990-2026,true
2020,ram,ram,2500,16,exact,2500,MPV,,,2013-2026,true
2014,mercedes-benz,mercedesbenz,cls,3,exact,CLS-Class,Passenger Car,CLS550,,2005-2023,true
1996,chevrolet,chevrolet,c/k-1500,4,exact,GMT-400,Truck,C1500 Pickup 2WD,,1990-2026,true
1997,chevrolet,chevrolet,c/k-1500,4,exact,GMT-400,Truck,C1500 Pickup 2WD,,1990-2026,true
1998,chevrolet,chevrolet,c/k-1500,4,exact,GMT-400,Truck,C1500 Pickup 2WD,,1990-2026,true
1990,gmc,gmc,c/k-1500,4,exact,Sierra,MPV,Sierra 1500 2WD,,1990-2026,true
1996,gmc,gmc,c/k-1500,4,exact,Sierra,Truck,Sierra 1500 2WD,,1990-2026,true
1999,pontiac,pontiac,grand-prix,3,exact,Grand Prix,Passenger Car,Grand Prix,,1990-2008,true
2025,mazda,mazda,cx-30,1,exact,CX-30,MPV,CX-30 4WD,,2020-2026,true
2011,hyundai,hyundai,sonata,6,exact,Sonata,Passenger Car,Sonata,,1990-2026,true
1991,gmc,gmc,c/k-1500,4,exact,Sierra,MPV,Sierra 1500 4WD,,1990-2026,true
1992,gmc,gmc,c/k-1500,4,exact,Sierra,MPV,Sierra 1500 2WD,,1990-2026,true
1993,gmc,gmc,c/k-1500,4,exact,Sierra,Truck,Sierra 1500 2WD,,1990-2026,true
1994,gmc,gmc,c/k-1500,4,exact,Sierra,MPV,Sierra 1500 2WD,,1990-2026,true
2026,mazda,mazda,cx-70,1,exact,CX-70,MPV,CX-70 Hybrid Boost Low Power 4WD,,2025-2026,true
1995,pontiac,pontiac,grand-prix,2,exact,Grand Prix,Passenger Car,Grand Prix,,1990-2008,true
1991,pontiac,pontiac,trans-am,2,exact,Firebird,Passenger Car,Firebird/Trans Am,,1990-2002,true
1992,pontiac,pontiac,trans-am,2,exact,Firebird,Passenger Car,Firebird/Trans Am,,1990-2002,true
1993,pontiac,pontiac,trans-am,1,exact,Firebird,Passenger Car,Firebird/Formula,,1990-2002,true
2006,jeep,jeep,grand-cherokee,12,exact,Grand Cherokee,MPV,Grand Cherokee 2WD,,1993-2026,true
1994,pontiac,pontiac,trans-am,1,exact,Firebird,Passenger Car,Firebird/Formula,,1990-2002,true
1995,pontiac,pontiac,trans-am,1,exact,Firebird,Passenger Car,Firebird/Formula,,1990-2002,true
1996,pontiac,pontiac,trans-am,2,exact,Firebird,Passenger Car,Firebird/Formula,,1990-2002,true
1997,pontiac,pontiac,trans-am,2,exact,Firebird,Passenger Car,Firebird/Formula,,1990-2002,true
1994,pontiac,pontiac,grand-prix,2,exact,Grand Prix,Passenger Car,Grand Prix,,1990-2008,true
1996,pontiac,pontiac,grand-prix,2,exact,Grand Prix,Passenger Car,Grand Prix,,1990-2008,true
2026,volvo,volvo,ex30,1,exact,EX30,MPV,EX30 Single motor extended range,,2025-2026,true
1997,pontiac,pontiac,grand-prix,3,exact,Grand Prix,Passenger Car,Grand Prix,,1990-2008,true
2002,ford,ford,e-350-econoline,1,exact,E-150,Truck,E150 Econoline 2WD,,1990-2014,true
1998,pontiac,pontiac,grand-prix,3,exact,Grand Prix,Passenger Car,Grand Prix,,1990-2008,true
2025,ford,ford,expedition,7,exact,Expedition,MPV,Expedition 2WD,,1997-2026,true
1994,gmc,gmc,sierra-2500hd,2,exact,Sierra,MPV,Sierra 1500 2WD,,1990-2026,true
1995,gmc,gmc,sierra-2500hd,2,exact,Sierra,Truck,Sierra 1500 2WD,,1990-2026,true
2023,toyota,toyota,rav4,16,exact,RAV4,MPV,RAV4,,1996-2026,true
1998,ford,ford,crown-victoria,1,exact,Crown Victoria,Passenger Car,Crown Victoria,,1990-2011,true
1999,ford,ford,crown-victoria,1,exact,Crown Victoria,Passenger Car,Crown Victoria CNG,,1990-2011,true
2009,gmc,gmc,sierra-2500hd,5,exact,Sierra,Truck,Sierra C15 2WD,,1990-2026,true
2002,chevrolet,chevrolet,avalanche-2500,2,exact,Avalanche,MPV,Avalanche 1500 2WD,,2002-2013,true
2021,land rover,landrover,discovery-sport,2,exact,Discovery Sport,MPV,Discovery Sport,,2015-2026,true
2020,land rover,landrover,discovery-sport,2,exact,Discovery Sport,MPV,Discovery Sport,,2015-2026,true
2017,land rover,landrover,discovery-sport,2,exact,Discovery Sport,MPV,Discovery Sport,,2015-2026,true
2023,land rover,landrover,discovery-sport,2,exact,Discovery Sport,MPV,Discovery Sport,,2015-2026,true
2001,gmc,gmc,sierra-1500,2,exact,Sierra,Truck,Sierra 1500 2WD,,1990-2026,true
2022,chevrolet,chevrolet,tahoe,8,exact,Tahoe,MPV,Tahoe 2WD,,1995-2026,true
2024,toyota,toyota,rav4,16,exact,RAV4,MPV,RAV4,,1996-2026,true
2019,lexus,lexus,rc-f,2,exact,RC,Passenger Car,RC F,,2015-2025,true
2020,jeep,jeep,wrangler,9,exact,Wrangler,MPV,Wrangler 4WD,,1990-2026,true
1990,ford,ford,e-250-econoline,1,exact,E-150,MPV,E250 Econoline 2WD,,1990-2014,true
2021,lexus,lexus,rc-f,2,exact,RC,Passenger Car,RC 300 AWD,,2015-2025,true
2019,mazda,mazda,cx-30,1,none,,,,,2020-2026,true
2009,acura,acura,mdx,6,exact,MDX,MPV,MDX 4WD,,2001-2026,true
2023,nissan,nissan,armada,5,exact,Armada,MPV,Armada 2WD,,2002-2015 2017-2026,true
2024,volkswagen,volkswagen,id.4,6,exact,ID.4,MPV,ID.4 Pro,,2021-2026,true
2023,nissan,nissan,altima,6,exact,Altima,Passenger Car,Altima,,1993-2026,true
2023,mitsubishi,mitsubishi,outlander,5,exact,Outlander,MPV,Outlander 2WD,,2003-2026,true
1992,ford,ford,e-250-econoline,1,exact,E-150,MPV,E150 Econoline 2WD,,1990-2014,true
1993,ford,ford,e-250-econoline,1,exact,E-150,MPV,E150 Econoline 2WD,,1990-2014,true
1996,honda,honda,del-sol,1,exact,Civic,Passenger Car,Del Sol,,1990-2026,true
2021,bmw,bmw,x6-m,3,exact,X6,MPV,X6 sDrive40i,,2008-2026,true
2023,mini,mini,countryman,6,exact,Countryman,MPV,Cooper Countryman,,2011-2026,true
2020,mazda,mazda,cx-5,8,exact,CX-5,MPV,CX-5 2WD,,2013-2026,true
2022,bmw,bmw,x6-m,3,exact,X6,MPV,X6 xDrive40i,,2008-2026,true
2023,bmw,bmw,x6-m,3,exact,X6,MPV,X6 xDrive40i,,2008-2026,true
2025,bmw,bmw,x6-m,3,exact,X6,MPV,X6 xDrive40i,,2008-2026,true
2006,kia,kia,sportage,7,exact,Sportage,Passenger Car,Sportage 2WD,,1995-2026,true
2021,mazda,mazda,cx-5,8,exact,CX-5,MPV,CX-5 2WD,,2013-2026,true
2025,toyota,toyota,corolla,6,exact,Corolla,Passenger Car,Corolla Hatchback,,1990-2026,true
2026,mini,mini,countryman,6,exact,Countryman,MPV,Countryman S All4,,2011-2026,true
2003,chevrolet,chevrolet,silverado-3500,2,exact,Silverado,Truck,Silverado 1500 2WD,,1999-2026,true
2004,chevrolet,chevrolet,silverado-3500,2,exact,Silverado,Truck,Silverado 15 Hybrid 2WD,,1999-2026,true
2021,volvo,volvo,v90,5,exact,V90,Passenger Car,V90 FWD,,1997-1998 2017-2026,true
2025,chevrolet,chevrolet,silverado,1,exact,Silverado,Truck,Silverado 2WD,,1990-2026,true
2024,chevrolet,chevrolet,silverado,1,exact,Silverado,Truck,Silverado 2WD,,1990-2026,true
2001,chevrolet,chevrolet,silverado-3500,2,exact,Silverado,MPV,Silverado 1500 2WD,,1999-2026,true
2025,ford,ford,bronco-sport,2,exact,Bronco Sport,MPV,Bronco Sport 4WD,,2021-2026,true
2020,subaru,subaru,wrx-sti,4,exact,WRX,Passenger Car,WRX,,1993-2026,true
2000,subaru,subaru,impreza,5,exact,Impreza,Passenger Car,Impreza AWD,,1993-2026,true
2017,toyota,toyota,camry,7,exact,Camry,Passenger Car,Camry,,1990-2026,true
2001,acura,acura,cl-type-s,2,exact,CL,Passenger Car,3.2CL,,1990-1999 2001-2003,true
2002,acura,acura,cl-type-s,2,exact,CL,Passenger Car,3.2CL,,1990-1999 2001-2003,true
2019,subaru,subaru,impreza,5,exact,Impreza,Passenger Car,WRX,,1993-2026,true
2010,mercedes,mercedesbenz,c-class-amg,2,exact,C-Class,Passenger Car,C300,,1994-2026,true
2020,mercedes-benz,mercedesbenz,cls-class-amg,2,exact,CLS-Class,Passenger Car,AMG CLS53 4matic Plus,,2005-2023,true
2020,subaru,subaru,impreza,5,exact,Impreza,Passenger Car,WRX,,1993-2026,true
1993,jeep,jeep,grand-cherokee,6,exact,Grand Cherokee,MPV,Grand Cherokee 4WD,,1993-2026,true
2006,mercedes-benz,mercedesbenz,cls-class-amg,2,exact,CLS-Class,Passenger Car,CLS500,,2005-2023,true
1999,ram,ram,2500,9,crossmake,Ram,MPV,,dodge,1990-2026,false
2022,mercedes-benz,mercedesbenz,cls-class-amg,2,exact,CLS-Class,Passenger Car,CLS450 4matic,,2005-2023,true
2003,mercedes-benz,mercedesbenz,e-class-amg,2,exact,E-Class,Passenger Car,E320,,1990-2026,true
2017,jeep,jeep,wrangler,6,exact,Wrangler,MPV,Wrangler 4WD,,1990-2026,true
2004,mercedes-benz,mercedesbenz,e-class-amg,2,exact,E-Class,Passenger Car,E320,,1990-2026,true
2016,mercedes-benz,mercedesbenz,e-class-amg,2,exact,E-Class,Passenger Car,E400 Coupe,,1990-2026,true
2017,mercedes-benz,mercedesbenz,e-class-amg,2,exact,E-Class,Passenger Car,E300,,1990-2026,true
2019,mercedes-benz,mercedesbenz,e-class-amg,2,exact,E-Class,Passenger Car,E300,,1990-2026,true
2022,mercedes-benz,mercedesbenz,e-class-amg,2,exact,E-Class,Passenger Car,E450 4matic,,1990-2026,true
2014,mercedes-benz,mercedesbenz,e-class-cabriolet,2,exact,E-Class,Passenger Car,E400 Hybrid,,1990-2026,true
2012,mercedes-benz,mercedesbenz,e-class-coupe,2,exact,E-Class,Passenger Car,E350 Coupe,,1990-2026,true
2014,mercedes-benz,mercedesbenz,e-class-coupe,2,exact,E-Class,Passenger Car,E400 Hybrid,,1990-2026,true
2010,mercedes-benz,mercedesbenz,g-class-amg,2,exact,G-Class,MPV,G550,,1999 2002-2026,true
2014,mercedes-benz,mercedesbenz,g-class-amg,2,exact,G-Class,MPV,G550,,1999 2002-2026,true
2017,mercedes-benz,mercedesbenz,g-class-amg,2,exact,G-Class,MPV,AMG G63,,1999 2002-2026,true
2016,volvo,volvo,s80,1,exact,S80,Passenger Car,S80 FWD,,1999-2016,true
2000,mercedes-benz,mercedesbenz,m-class-amg,2,exact,M-Class,MPV,ML320,,1995-2019,true
2014,mercedes-benz,mercedesbenz,s-class-amg,2,exact,S-Class,Passenger Car,S550,,1990-2026,true
2015,mercedes-benz,mercedesbenz,s-class-amg,2,exact,S-Class,Passenger Car,S550,,1990-2026,true
2000,mercedes-benz,mercedesbenz,s-class-amg,2,exact,S-Class,Passenger Car,S430,,1990-2026,true
2001,mercedes-benz,mercedesbenz,s-class-amg,2,exact,S-Class,Passenger Car,S430,,1990-2026,true
2004,mercedes-benz,mercedesbenz,s-class-amg,2,exact,S-Class,Passenger Car,S430,,1990-2026,true
2012,mercedes-benz,mercedesbenz,s-class-amg,2,exact,S-Class,Passenger Car,S550,,1990-2026,true
2010,mercedes-benz,mercedesbenz,s-class-amg,2,exact,S-Class,Passenger Car,S550 4matic,,1990-2026,true
2020,toyota,toyota,prius-plug-in,1,exact,Prius,Passenger Car,Prius Prime,,2001-2026,true
2026,toyota,toyota,camry,10,exact,Camry,Passenger Car,Camry HEV AWD SE/XLE,,1990-2026,true
2015,mercedes-benz,mercedesbenz,s-class-coupe,2,exact,S-Class,Passenger Car,S550,,1990-2026,true
2016,mercedes-benz,mercedesbenz,s-class-coupe,2,exact,S-Class,Passenger Car,S550 4matic Coupe,,1990-2026,true
2003,mercedes-benz,mercedesbenz,sl-class-amg,2,exact,SL-Class,Passenger Car,SL500,,1990-2009 2011-2026,true
2009,mercedes-benz,mercedesbenz,sl-class-amg,2,exact,SL-Class,Passenger Car,SL550,,1990-2009 2011-2026,true
2012,mercedes-benz,mercedesbenz,sl-class-amg,2,exact,SL-Class,Passenger Car,SL550,,1990-2009 2011-2026,true
2019,mercedes-benz,mercedesbenz,sl-class-amg,2,exact,SL-Class,Passenger Car,SL450,,1990-2009 2011-2026,true
2022,mercedes-benz,mercedesbenz,sl-class-amg,2,exact,SL-Class,Passenger Car,AMG SL63 4matic Plus,,1990-2009 2011-2026,true
2024,mercedes-benz,mercedesbenz,sl-class-amg,2,exact,SL-Class,Passenger Car,AMG SL43,,1990-2009 2011-2026,true
2025,mercedes-benz,mercedesbenz,sl-class-amg,2,exact,SL-Class,Passenger Car,AMG SL43,,1990-2009 2011-2026,true
2003,mercedes-benz,mercedesbenz,slk-class-amg,2,exact,SLK-Class,Passenger Car,SLK230 Kompressor,,1998-2016,true
2013,bmw,bmw,m3,3,exact,M3,Passenger Car,M3 Coupe,,1990-1991 1995-1999 2001-2006 2008-2013 2015-2018 2020-2026,true
2004,mercedes-benz,mercedesbenz,slk-class-amg,2,exact,SLK-Class,Passenger Car,SLK230,,1998-2016,true
2009,mercedes-benz,mercedesbenz,slk-class-amg,2,exact,SLK-Class,Passenger Car,SLK300,,1998-2016,true
2025,subaru,subaru,impreza,5,exact,Impreza,Passenger Car,Impreza,,1993-2026,true
2007,bmw,bmw,5-series,5,exact,550i,Passenger Car,525i,,1990-1995 1997-2026,true
2011,bmw,bmw,5-series,5,exact,528i,Passenger Car,528i,,1990-1995 1997-2026,true
2021,toyota,toyota,prius-plug-in,1,exact,Prius,Passenger Car,Prius,,2001-2026,true
2022,mercedes-benz,mercedesbenz,sl-class,3,exact,SL-Class,Passenger Car,AMG SL63 4matic Plus,,1990-2009 2011-2026,true
2003,toyota,toyota,rav4,9,exact,RAV4,MPV,RAV4 2WD,,1996-2026,true
2004,toyota,toyota,rav4,9,exact,RAV4,MPV,RAV4 2WD,,1996-2026,true
2016,toyota,toyota,tacoma,6,exact,Tacoma,Truck,Tacoma 2WD,,1995-2026,true
2017,toyota,toyota,tacoma,6,exact,Tacoma,Truck,Tacoma 2WD,,1995-2026,true
2024,mazda,mazda,cx-5,8,exact,CX-5,MPV,CX-5 4WD,,2013-2026,true
2011,bmw,bmw,6-series,2,none,,,,,2004-2010 2012-2019,true
2002,mercedes-benz,mercedesbenz,e-class,9,exact,E-Class,Passenger Car,E320,,1990-2026,true
2025,bmw,bmw,5-series,8,exact,530i,Passenger Car,530i Sedan,,1990-1995 1997-2026,true
2025,bmw,bmw,7-series,1,exact,740i,Passenger Car,740i Sedan,,1990-2026,true
2005,ford,ford,ranger,6,exact,Ranger,Truck,Ranger Pickup 2WD,,1990-2011 2019-2026,true
2014,jeep,jeep,wrangler,2,exact,Wrangler,MPV,Wrangler 4WD,,1990-2026,true
2019,bmw,bmw,8-series,2,exact,850i,Passenger Car,M850i xDrive Coupe,,1990-1997 2019-2026,true
2002,chevrolet,chevrolet,tahoe,7,exact,Tahoe,MPV,Tahoe 1500 2WD,,1995-2026,true
1992,toyota,toyota,land-cruiser,1,exact,Land Cruiser,MPV,Land Cruiser Wagon 4WD,,1990-2021 2024-2026,true
2022,mazda,mazda,mazda3,1,exact,Mazda3,Passenger Car,3 4-Door 2WD,,2003-2026,true
2024,honda,honda,accord,10,exact,Accord,Passenger Car,Accord Hybrid Sport/Touring,,1990-2026,true
2024,mazda,mazda,cx-9,5,none,,,,,2007-2023,true
2013,ford,ford,mustang-shelby-gt500,2,exact,Mustang,Passenger Car,Mustang,,1990-2026,true
2005,ford,ford,e-250-econoline,1,exact,E-150,MPV,E150 Econoline 2WD,,1990-2014,true
2025,mazda,mazda,cx-5,8,exact,CX-5,MPV,CX-5 4WD,,2013-2026,true
2002,ford,ford,f-450-super-duty,2,exact,F-250,Truck,,,1990-2026,true
2015,toyota,toyota,rav4,5,exact,RAV4,MPV,RAV4,,1996-2026,true
2016,toyota,toyota,rav4,5,exact,RAV4,MPV,RAV4,,1996-2026,true
2011,ford,ford,f-450-super-duty,3,exact,F-250,Truck,,,1990-2026,true
2021,ram,ram,1500-classic,2,exact,1500,MPV,1500 2WD,,2013-2026,true
2002,mercedes-benz,mercedesbenz,m-class-amg,2,exact,M-Class,MPV,ML320,,1995-2019,true
2026,bmw,bmw,x4-m,1,none,,,,,2015-2025,true
2011,subaru,subaru,legacy,6,exact,Legacy,Passenger Car,Legacy AWD,,1990-2026,true
2009,toyota,toyota,sequoia,5,exact,Sequoia,MPV,Sequoia 2WD,,2000-2026,true
2026,honda,honda,hr-v,5,exact,HR-V,MPV,HR-V AWD,,2016-2026,true
2025,bmw,bmw,x4-m,1,exact,X4,MPV,X4 xDrive30i,,2015-2025,true
2023,bmw,bmw,x4-m,2,exact,X4,MPV,X4 xDrive30i,,2015-2025,true
2019,ram,ram,1500-classic,2,exact,1500,MPV,1500 2WD,,2013-2026,true
2020,ram,ram,1500-classic,2,exact,1500,MPV,1500 2WD,,2013-2026,true
2022,bmw,bmw,4-series,1,exact,430i,Passenger Car,430i xDrive Coupe,,2014-2026,true
2020,toyota,toyota,rav4,16,exact,RAV4,MPV,RAV4,,1996-2026,true
2021,toyota,toyota,rav4,16,exact,RAV4,MPV,RAV4 Prime 4WD,,1996-2026,true
2024,bmw,bmw,4-series,1,exact,430i,Passenger Car,430i Coupe,,2014-2026,true
2025,bmw,bmw,4-series,1,exact,430i,Passenger Car,430i Coupe,,2014-2026,true
2003,gmc,gmc,sierra-2500hd,3,exact,Sierra,Truck,Sierra 1500 2WD,,1990-2026,true
1992,land rover,landrover,range-rover,1,exact,Range Rover,MPV,Range Rover,,1990-2026,true
1993,land rover,landrover,range-rover,1,exact,Range Rover,MPV,Range Rover County,,1990-2026,true
1993,land rover,landrover,defender-90,1,exact,Defender,MPV,Defender 110,,1993-1995 1997 2020-2026,true
1994,land rover,landrover,defender-90,1,exact,Defender,MPV,Defender 90,,1993-1995 1997 2020-2026,true
1995,land rover,landrover,defender-90,1,exact,Defender,MPV,Defender 90,,1993-1995 1997 2020-2026,true
1995,land rover,landrover,range-rover,1,exact,Range Rover,MPV,Range Rover,,1990-2026,true
2003,kia,kia,optima,2,exact,Optima,Passenger Car,Optima,,2001-2020,true
2009,lexus,lexus,ls,4,exact,LS,Passenger Car,LS 460,,1990-2026,true
1997,honda,honda,prelude,1,exact,Prelude,Passenger Car,,,1990-2001 2026,true
2012,jeep,jeep,wrangler,2,exact,Wrangler,MPV,Wrangler 4WD,,1990-2026,true
2024,hyundai,hyundai,palisade,6,exact,Palisade,MPV,Palisade FWD,,2020-2026,true
2021,bmw,bmw,x5,8,exact,X5,MPV,X5 xDrive45e,,2000-2026,true
1999,audi,audi,a4,3,exact,A4,Passenger Car,A4,,1996-2025,true
2023,volkswagen,volkswagen,jetta-gli,1,exact,Jetta,Passenger Car,Jetta,,1990-2026,true
1995,nissan,nissan,300zx,1,exact,300ZX,Passenger Car,300ZX,,1990-1996,true
2015,mercedes,mercedesbenz,amg-gt,7,none,,,,,2016-2026,true
2006,chevrolet,chevrolet,equinox,5,exact,Equinox,MPV,Equinox FWD,,2005-2026,true
1995,cadillac,cadillac,fleetwood,1,exact,Fleetwood,Passenger Car,Fleetwood,,1990-1996,true
2016,mazda,mazda,cx-5,3,exact,CX-5,MPV,CX-5 2WD,,2013-2026,true
2002,honda,honda,accord,6,exact,Accord,Passenger Car,Accord,,1990-2026,true
2018,bmw,bmw,430i-gran-coupe,2,exact,430i,Passenger Car,430i Gran Coupe,,2014-2026,true
2018,bmw,bmw,430i-xdrive,4,family,430i,Passenger Car,430i Convertible,,2014-2026,true
2018,bmw,bmw,640i-gran-coupe,2,exact,640i,Passenger Car,640i Gran Coupe,,2004-2010 2012-2019,true
2024,hyundai,hyundai,sonata,6,exact,Sonata,Passenger Car,Sonata AWD,,1990-2026,true
2025,toyota,toyota,rav4,16,exact,RAV4,MPV,RAV4,,1996-2026,true
2018,bmw,bmw,640i-xdrive-gran-coupe,2,exact,640i,Passenger Car,640i xDrive Gran Coupe,,2004-2010 2012-2019,true
2018,bmw,bmw,640i-xdrive-gran-turismo,2,exact,640i,Passenger Car,640i xDrive Gran Turismo,,2004-2010 2012-2019,true
2018,bmw,bmw,740e-xdrive,2,exact,740i,Passenger Car,740e xDrive,,1990-2026,true
2018,bmw,bmw,750i-xdrive,2,exact,740i,Passenger Car,750i xDrive,,1990-2026,true
2018,bmw,bmw,alpina-b7,2,exact,740i,Passenger Car,740i,,1990-2026,true
2018,bmw,bmw,m550i-xdrive,2,exact,ActiveHybrid 5,Passenger Car,M550i xDrive,,1990-1995 1997-2026,true
2018,bmw,bmw,m6-gran-coupe,1,exact,,,M6 Gran Coupe,,2013-2019,true
1996,lincoln,lincoln,mark-viii,1,exact,Mark,Passenger Car,Mark VIII,,1990-1998,true
1997,lincoln,lincoln,mark-viii,1,exact,Mark,Passenger Car,Mark VIII,,1990-1998,true
1998,lincoln,lincoln,mark-viii,1,exact,Mark,Passenger Car,Mark VIII,,1990-1998,true
2018,ferrari,ferrari,california-t,1,exact,California T,Passenger Car,California T,,2009-2018,true
2018,ferrari,ferrari,gtc4lusso-t,2,exact,GTC4Lusso,Passenger Car,GTC4Lusso,,2017-2020,true
2018,lexus,lexus,gs-f,1,exact,GS,Passenger Car,GS 350 F Sport,,1993-2020,true
2018,lexus,lexus,rc-f,1,exact,RC,Passenger Car,RC F,,2015-2025,true
2018,mercedes-benz,mercedesbenz,amg-gt,1,exact,AMG GT,Passenger Car,AMG GT S Coupe,,2016-2026,true
2018,mercedes-benz,mercedesbenz,amg-gt-c,1,exact,AMG GT,Passenger Car,AMG GT S Coupe,,2016-2026,true
2015,bmw,bmw,4-series,1,exact,428i,Passenger Car,428i Convertible,,2014-2026,true
2023,porsche,porsche,panamera,7,exact,Panamera,Passenger Car,Panamera,,2010-2026,true
2013,bmw,bmw,4-series,1,none,,,,,2014-2026,true
2018,mercedes-benz,mercedesbenz,amg-gt-r,1,exact,AMG GT,Passenger Car,AMG GT S Coupe,,2016-2026,true
2018,mercedes-benz,mercedesbenz,amg-gt-s,1,exact,AMG GT,Passenger Car,AMG GT S Coupe,,2016-2026,true
2018,mercedes-benz,mercedesbenz,c43-amg,2,family,C-Class,MPV,C300 Coupe,,1994-2026,true
2018,mercedes-benz,mercedesbenz,c63-amg,3,family,C-Class,MPV,C300 Coupe,,1994-2026,true
2018,mercedes-benz,mercedesbenz,c63-amg-s,3,family,C-Class,MPV,C300 Coupe,,1994-2026,true
2001,mercedes,mercedesbenz,c-class,15,exact,C-Class,Passenger Car,C240,,1994-2026,true
2018,mercedes-benz,mercedesbenz,cls63-amg-s,1,family,CLS-Class,Passenger Car,CLS550,,2005-2023,true
2018,mercedes-benz,mercedesbenz,e43-amg,1,family,E-Class,Passenger Car,E400 Coupe,,1990-2026,true
2018,mercedes-benz,mercedesbenz,glc43-amg,1,family,GLC-Class,MPV,GLC300,,2016-2026,true
2018,mercedes-benz,mercedesbenz,glc63-amg,1,family,GLC-Class,MPV,GLC300,,2016-2026,true
2018,mercedes-benz,mercedesbenz,glc63-amg-s,1,family,GLC-Class,MPV,GLC300,,2016-2026,true
1992,ford,ford,mustang,2,exact,Mustang,Passenger Car,Mustang,,1990-2026,true
2002,chrysler,chrysler,sebring,1,exact,Sebring,Passenger Car,Sebring,,1995-2010,true
1994,ford,ford,mustang,2,exact,Mustang,Passenger Car,Mustang,,1990-2026,true
2015,gmc,gmc,yukon,7,exact,Yukon,MPV,Yukon C1500 2WD,,1990-2026,true
2018,mercedes-benz,mercedesbenz,gle63-amg,1,family,GLE-Class,MPV,AMG GLE43 4matic,,2016-2026,true
2018,mercedes-benz,mercedesbenz,maybach-s560,1,exact,S-Class,Passenger Car,AMG S63 4matic,,1990-2026,true
2018,mercedes-benz,mercedesbenz,maybach-s650,1,exact,S-Class,Passenger Car,AMG S63 4matic,,1990-2026,true
2018,mercedes-benz,mercedesbenz,s63-amg,2,family,S-Class,Passenger Car,AMG S63 4matic,,1990-2026,true
2018,mercedes-benz,mercedesbenz,s65-amg,1,family,S-Class,Passenger Car,AMG S63 4matic,,1990-2026,true
2018,mercedes-benz,mercedesbenz,sl63-amg,1,family,SL-Class,Passenger Car,SL550,,1990-2009 2011-2026,true
2018,mercedes-benz,mercedesbenz,sl65-amg,1,family,SL-Class,Passenger Car,SL550,,1990-2009 2011-2026,true
2018,mercedes-benz,mercedesbenz,slc43-amg,1,family,SLC-Class,Passenger Car,SLC300,,2017-2020,true
2021,mazda,mazda,cx-9,5,exact,CX-9,MPV,CX-9 2WD,,2007-2023,true
2020,toyota,toyota,4runner,8,exact,4Runner,MPV,4Runner 2WD,,1990-2026,true
2024,ford,ford,f-450-super-duty,3,exact,F-250,Truck,,,1990-2026,true
2025,ford,ford,f-450-super-duty,3,exact,F-250,Truck,,,1990-2026,true
2026,ford,ford,f-450-super-duty,3,exact,F-250,Truck,,,1990-2026,true
2022,mazda,mazda,cx-9,5,exact,CX-9,MPV,CX-9 4WD,,2007-2023,true
2021,cadillac,cadillac,ct4,5,exact,CT4,Passenger Car,CT4,,2020-2026,true
2026,toyota,toyota,supra,8,exact,Supra,Passenger Car,GR Supra,,1990-1998 2020-2026,true
2022,ram,ram,3500,19,exact,3500,MPV,,,2012-2026,true
2018,tesla,tesla,model-x,3,exact,Model X,Passenger Car,Model X 75D,,2016-2026,true
2024,ford,ford,f-150,11,exact,F-150,Truck,F150 Pickup 2WD,,1990-2026,true
2000,bmw,bmw,7-series,2,exact,740i,Passenger Car,740i/740i Sport,,1990-2026,true
2020,subaru,subaru,legacy,6,exact,Legacy,Passenger Car,Legacy AWD,,1990-2026,true
2023,ram,ram,3500,19,exact,3500,MPV,,,2012-2026,true
2013,subaru,subaru,legacy,6,exact,Legacy,Passenger Car,Legacy AWD,,1990-2026,true
2024,ram,ram,3500,19,exact,3500,Truck,,,2012-2026,true
2006,land rover,landrover,range-rover-sport,4,exact,Range Rover Sport,MPV,Range Rover Sport,,2006-2026,true
2008,land rover,landrover,range-rover-sport,4,exact,Range Rover Sport,MPV,Range Rover Sport,,2006-2026,true
2016,hyundai,hyundai,santa-fe-sport,2,exact,Santa Fe,MPV,Santa Fe Sport FWD,,2001-2026,true
2025,ram,ram,3500,19,exact,3500,Truck,,,2012-2026,true
2001,chrysler,chrysler,town-country,1,exact,Town and Country,MPV,Town and Country/Voyager/Grand Voy. 2WD,,1990-2016,true
2000,mercedes,mercedesbenz,cl-class,1,exact,CL-Class,Passenger Car,CL500,,1998-2014,true
2016,subaru,subaru,wrx-sti,4,exact,WRX,Passenger Car,WRX,,1993-2026,true
2025,ram,ram,1500-trx,1,exact,1500,Truck,1500 2WD,,2013-2026,true
2022,ford,ford,ranger,6,exact,Ranger,Truck,Ranger 2WD,,1990-2011 2019-2026,true
2015,hyundai,hyundai,santa-fe-sport,2,exact,Santa Fe,MPV,Santa Fe FWD,,2001-2026,true
2005,hyundai,hyundai,santa-fe,2,exact,Santa Fe,MPV,Santa Fe 2WD,,2001-2026,true
2008,hyundai,hyundai,santa-fe-classic,2,exact,Santa Fe,MPV,Santa Fe 2WD,,2001-2026,true
2005,pontiac,pontiac,grand-am,1,exact,Grand AM,Passenger Car,Grand Am,,1990-2005,true
2023,subaru,subaru,legacy,6,exact,Legacy,Passenger Car,Legacy AWD,,1990-2026,true
2016,land rover,landrover,discovery-sport,2,exact,Discovery Sport,MPV,Discovery Sport,,2015-2026,true
2002,mercedes-benz,mercedesbenz,e-class-amg,2,exact,E-Class,Passenger Car,E320,,1990-2026,true
2002,mercedes-benz,mercedesbenz,s-class-amg,2,exact,S-Class,Passenger Car,S430,,1990-2026,true
2024,mercedes,mercedesbenz,c-class,15,exact,C-Class,Passenger Car,C300,,1994-2026,true
2010,volvo,volvo,v50,1,exact,V50,Passenger Car,V50 AWD,,2005-2011,true
2012,mercedes-benz,mercedesbenz,cls-class-amg,2,exact,CLS-Class,Passenger Car,CLS550,,2005-2023,true
2017,mercedes-benz,mercedesbenz,e-class-cabriolet,2,exact,E-Class,Passenger Car,E300,,1990-2026,true
2013,mercedes-benz,mercedesbenz,s-class-amg,2,exact,S-Class,Passenger Car,S550,,1990-2026,true
2020,ford,ford,mustang-shelby-gt500,3,exact,Mustang,Passenger Car,Mustang,,1990-2026,true
1999,chevrolet,chevrolet,astro,2,exact,Astro Van,MPV,Astro 2WD (cargo),,1990-2005,true
2003,mercedes,mercedesbenz,cl-class-amg,1,exact,CL-Class,Passenger Car,CL500,,1998-2014,true
2010,toyota,toyota,rav4,9,exact,RAV4,MPV,RAV4 2WD,,1996-2026,true
2024,bmw,bmw,x6-m,3,exact,X6,MPV,X6 xDrive40i,,2008-2026,true
1990,pontiac,pontiac,grand-prix,1,exact,Grand Prix,Passenger Car,Grand Prix Ste Turbo,,1990-2008,true
1999,chevrolet,chevrolet,silverado-2500hd,2,exact,Silverado,Truck,Silverado 1500 2WD,,1990-1993 1999-2026,true
2011,toyota,toyota,rav4,9,exact,RAV4,MPV,RAV4 2WD,,1996-2026,true
2024,lexus,lexus,gx,6,exact,GX,MPV,GX 550,,2003-2026,true
2026,bmw,bmw,2-series,1,exact,230i,Passenger Car,230i Coupe,,2014-2026,true
2019,ram,ram,3500,3,exact,3500,MPV,,,2012-2026,true
2020,kia,kia,telluride,1,exact,Telluride,MPV,Telluride FWD,,2020-2026,true
2015,toyota,toyota,corolla,6,exact,Corolla,Passenger Car,Corolla,,1990-2026,true
2021,mercedes,mercedesbenz,cla,12,exact,CLA-Class,Passenger Car,AMG CLA35 4matic,,2014-2026,true
2011,toyota,toyota,tacoma,12,exact,Tacoma,Truck,Tacoma 2WD,,1995-2026,true
2021,chrysler,chrysler,300,10,exact,300,Passenger Car,300,,1999-2023,true
1993,gmc,gmc,sierra-1500,4,exact,Sierra,Truck,Sierra 1500 2WD,,1990-2026,true
2016,toyota,toyota,mirai,1,exact,Mirai,Passenger Car,Mirai,,2016-2026,true
2009,chrysler,chrysler,town-country,1,exact,Town and Country,MPV,Town and Country,,1990-2016,true
2019,mercedes,mercedesbenz,cla-class-amg,1,exact,CLA-Class,Passenger Car,CLA250 4matic,,2014-2026,true
2014,mercedes,mercedesbenz,cls-class-amg,2,exact,CLS-Class,Passenger Car,CLS550,,2005-2023,true
2011,jaguar,jaguar,xj,9,exact,XJ,Passenger Car,XJ LWB,,1990-2019,true
2004,toyota,toyota,sequoia,2,exact,Sequoia,MPV,Sequoia 2WD,,2000-2026,true
2026,cadillac,cadillac,ct5,1,exact,CT5,Passenger Car,CT5,,2020-2026,true
2011,lexus,lexus,gx,6,exact,GX,MPV,GX 460,,2003-2026,true
2026,toyota,toyota,gr-supra,2,exact,Supra,Passenger Car,GR Supra,,1990-1998 2020-2026,true
2023,toyota,toyota,gr-corolla,2,exact,Corolla,Passenger Car,Corolla Hatchback,,1990-2026,true
2017,land rover,landrover,range-rover-velar,2,none,,,,,2018-2026,true
2019,land rover,landrover,range-rover-velar,2,exact,Range Rover Velar,MPV,Range Rover Velar,,2018-2026,true
2022,land rover,landrover,range-rover-velar,2,exact,Range Rover Velar,MPV,Range Rover Velar,,2018-2026,true
2007,mercedes-benz,mercedesbenz,m-class-amg,2,exact,M-Class,MPV,ML350 4matic,,1995-2019,true
1991,chevrolet,chevrolet,astro,2,exact,Astro Van,MPV,Astro AWD (cargo),,1990-2005,true
2019,toyota,toyota,tundra,8,exact,Tundra,Truck,Tundra 2WD,,1995-2026,true
2003,mercedes-benz,mercedesbenz,m-class-amg,2,exact,M-Class,MPV,ML320,,1995-2019,true
2022,ram,ram,promaster-1500,1,exact,ProMaster 1500,MPV,,,2014-2026,true
2013,cadillac,cadillac,xts,1,exact,XTS,Passenger Car,XTS,,2013-2019,true
2012,ford,ford,taurus,1,exact,Taurus,Passenger Car,Taurus AWD,,1990-2019,true
2022,acura,acura,ilx,5,exact,ILX,Passenger Car,ILX,,2013-2022,true
2025,toyota,toyota,gr-corolla,2,exact,Corolla,Passenger Car,Corolla Hatchback,,1990-2026,true
2022,subaru,subaru,legacy,6,exact,Legacy,Passenger Car,Legacy AWD,,1990-2026,true
2026,toyota,toyota,grand-highlander,2,exact,Grand Highlander,MPV,Grand Highlander Hybrid,,2024-2026,true
2006,mercedes-benz,mercedesbenz,m-class-amg,2,exact,M-Class,MPV,ML350,,1995-2019,true
2011,mercedes-benz,mercedesbenz,m-class-amg,2,exact,M-Class,MPV,ML350,,1995-2019,true
2013,mercedes-benz,mercedesbenz,m-class-amg,2,family,ML-Class,MPV,ML350 4matic,,1995-2019,true
2014,mercedes-benz,mercedesbenz,m-class-amg,2,family,ML-Class,MPV,ML350 4matic,,1995-2019,true
2014,subaru,subaru,wrx-sti,2,family,Impreza,Passenger Car,Impreza AWD,,1993-2026,true
2017,toyota,toyota,tundra,8,exact,Tundra,Truck,Tundra 2WD,,1995-2026,true
2016,toyota,toyota,tundra,8,exact,Tundra,Truck,Tundra 2WD FFV,,1995-2026,true
2016,bmw,bmw,x5,7,exact,X5,MPV,X5 sDrive35i,,2000-2026,true
2017,toyota,toyota,prius-prime,2,exact,Prius,Passenger Car,Prius v,,2001-2026,true
2004,jeep,jeep,grand-cherokee,9,exact,Grand Cherokee,MPV,Grand Cherokee 2WD,,1993-2026,true
2021,subaru,subaru,legacy,6,exact,Legacy,Passenger Car,Legacy AWD,,1990-2026,true
2022,acura,acura,tlx,6,exact,TLX,Passenger Car,TLX AWD,,2015-2025,true
2020,mercedes,mercedesbenz,e-class,20,exact,E-Class,Passenger Car,AMG E53 4matic Plus Coupe,,1990-2026,true
2024,audi,audi,a4,4,exact,A4,Passenger Car,A4 quattro,,1996-2025,true
2021,mercedes,mercedesbenz,e-class,19,exact,E-Class,Passenger Car,E350,,1990-2026,true
2024,subaru,subaru,ascent,6,exact,Ascent,MPV,Ascent,,2019-2026,true
2026,subaru,subaru,ascent,6,exact,Ascent,MPV,Ascent,,2019-2026,true
2004,toyota,toyota,camry,3,exact,Camry,Passenger Car,Camry Solara Convertible,,1990-2026,true
2022,mercedes,mercedesbenz,eqs,5,exact,EQS-Class Sedan,Passenger Car,EQS 450 Plus,,2022-2026,true
2015,bmw,bmw,m4,4,exact,M4,Passenger Car,M4 Convertible,,2015-2026,true
2017,mercedes,mercedesbenz,gls,7,exact,GLS-Class,MPV,GLS450 4matic,,2006-2026,true
2015,bmw,bmw,x5,7,exact,X5,MPV,X5 sDrive35i,,2000-2026,true
2006,cadillac,cadillac,escalade,6,exact,Escalade,MPV,Escalade 2WD,,1999-2026,true
1995,chevrolet,chevrolet,beretta,1,exact,Beretta,MPV,Beretta,,1990-1996,true
2019,mercedes-benz,mercedesbenz,c-class,25,exact,C-Class,Passenger Car,C300 Coupe,,1994-2026,true
2011,buick,buick,enclave,8,exact,Enclave,MPV,Enclave FWD,,2007-2026,true
2026,audi,audi,a4,4,none,,,,,1996-2025,true
1995,chevrolet,chevrolet,blazer,1,exact,Blazer,MPV,S10 Pickup 2WD,,1990-2005 2019-2026,true
1998,chevrolet,chevrolet,blazer,1,exact,Blazer,MPV,S10 Pickup 2WD,,1990-2005 2019-2026,true
2015,tesla,tesla,model-x,2,none,,,,,2016-2026,true
2022,chevrolet,chevrolet,equinox,5,exact,Equinox,MPV,Equinox FWD,,2005-2026,true
2022,ford,ford,escape,7,exact,Escape,MPV,Escape FWD,,2001-2026,true
2026,honda,honda,ridgeline,6,exact,Ridgeline,Truck,Ridgeline AWD,,2006-2026,true
2015,subaru,subaru,wrx,8,exact,Impreza,Passenger Car,WRX,,1993-2026,true
2011,mercedes,mercedesbenz,g-class,2,exact,G-Class,MPV,G550,,1999 2002-2026,true
1994,lexus,lexus,sc300,1,exact,SC,Passenger Car,SC 300/SC 400,,1992-2010,true
1995,lexus,lexus,sc300,1,exact,SC,Passenger Car,SC 300/SC 400,,1992-2010,true
2019,lincoln,lincoln,mkz,5,exact,MKZ,Passenger Car,MKZ AWD,,2007-2020,true
1996,lexus,lexus,sc300,1,exact,SC,Passenger Car,SC 300/SC 400,,1992-2010,true
2020,subaru,subaru,wrx,8,exact,Impreza,Passenger Car,WRX,,1993-2026,true
1997,lexus,lexus,sc300,1,exact,SC,Passenger Car,SC 300/SC 400,,1992-2010,true
2015,toyota,toyota,avalon,2,exact,Avalon,Passenger Car,Avalon Hybrid,,1995-2022,true
1990,toyota,toyota,corolla,1,exact,Corolla,Passenger Car,Corolla,,1990-2026,true
2017,porsche,porsche,911,8,exact,911,Passenger Car,911 Turbo,,1990-2026,true
1998,lexus,lexus,sc300,1,exact,SC,Passenger Car,SC 300/SC 400,,1992-2010,true
2016,mercedes,mercedesbenz,g-class,4,exact,G-Class,MPV,AMG G63,,1999 2002-2026,true
1999,lexus,lexus,sc300,1,exact,SC,Passenger Car,SC,,1992-2010,true
1995,lexus,lexus,sc400,1,exact,SC,Passenger Car,SC 300/SC 400,,1992-2010,true
1996,lexus,lexus,sc400,1,exact,SC,Passenger Car,SC 300/SC 400,,1992-2010,true
1997,lexus,lexus,sc400,1,exact,SC,Passenger Car,SC 300/SC 400,,1992-2010,true
1995,lexus,lexus,ls,4,exact,LS,Passenger Car,LS 400,,1990-2026,true
2024,mercedes,mercedesbenz,g-class,4,exact,G-Class,MPV,G550,,1999 2002-2026,true
2005,chevrolet,chevrolet,tahoe,7,exact,Tahoe,MPV,Tahoe 1500 2WD,,1995-2026,true
2022,ford,ford,expedition,7,exact,Expedition,MPV,Expedition 2WD,,1997-2026,true
2014,mercedes,mercedesbenz,gla-class,1,none,,,,,2015-2026,true
2019,mercedes,mercedesbenz,gla-class,1,exact,GLA-Class,Passenger Car,GLA250 4matic,,2015-2026,true
2023,mercedes,mercedesbenz,gla-class,1,exact,GLA-Class,MPV,GLA250,,2015-2026,true
2000,lexus,lexus,gs,5,exact,GS,Passenger Car,GS 300/GS 400,,1993-2020,true
2016,mercedes,mercedesbenz,glc,14,exact,GLC-Class,MPV,GLC300,,2016-2026,true
1998,hummer,hummer,h1,1,exact,H1,MPV,,,1992-2006,true
2019,toyota,toyota,corolla,6,exact,Corolla,Passenger Car,Corolla,,1990-2026,true
2014,mercedes,mercedesbenz,m-class,2,family,ML-Class,MPV,ML350 4matic,,1995-2019,true
2001,mercedes,mercedesbenz,m-class-amg,2,exact,M-Class,MPV,ML320,,1995-2019,true
2023,volkswagen,volkswagen,golf,4,exact,Golf R,Passenger Car,Golf-R,,1990-2026,true
2026,mercedes,mercedesbenz,c-class,14,exact,C-Class,Passenger Car,C300,,1994-2026,true
2002,jeep,jeep,wrangler,4,exact,Wrangler,MPV,Wrangler 4WD,,1990-2026,true
2002,toyota,toyota,echo,1,exact,Echo,Passenger Car,Echo,,2000-2005,true
2024,mini,mini,countryman,6,exact,Countryman,MPV,Cooper Countryman,,2011-2026,true
2006,ford,ford,expedition,7,exact,Expedition,MPV,Expedition 2WD,,1997-2026,true
2003,bmw,bmw,z4,5,exact,Z4,Passenger Car,Z4 Roadster,,1998-2001 2003-2016 2019-2026,true
2022,toyota,toyota,prius-plug-in,1,exact,Prius,Passenger Car,Prius,,2001-2026,true
1993,lincoln,lincoln,mark-viii,1,exact,Mark,Passenger Car,Mark VIII,,1990-1998,true
1994,lincoln,lincoln,mark-viii,1,exact,Mark,Passenger Car,Mark VIII,,1990-1998,true
2014,ram,ram,2500,5,exact,2500,Truck,,,2013-2026,true
2012,toyota,toyota,yaris,1,exact,Yaris,Passenger Car,Yaris,,2007-2020,true
2008,subaru,subaru,wrx,10,exact,Impreza,Passenger Car,Impreza AWD,,1993-2026,true
2023,toyota,toyota,prius-plug-in,1,exact,Prius,Passenger Car,Prius,,2001-2026,true
2022,genesis,genesis,gv70,5,exact,GV70,MPV,GV70 AWD,,2022-2026,true
2009,subaru,subaru,wrx,10,exact,Impreza,Passenger Car,Impreza AWD,,1993-2026,true
2017,acura,acura,nsx,1,exact,NSX,Passenger Car,NSX Hybrid,,1990-2005 2016-2022,true
2016,buick,buick,lacrosse,10,exact,LaCrosse,Passenger Car,LaCrosse AWD,,2005-2019,true
2001,honda,honda,prelude,1,exact,Prelude,Passenger Car,Prelude,,1990-2001 2026,true
2020,acura,acura,nsx,1,exact,NSX,Passenger Car,NSX Hybrid,,1990-2005 2016-2022,true
2022,honda,honda,accord,9,exact,Accord,Passenger Car,Accord,,1990-2026,true
2024,ram,ram,2500,16,exact,2500,Truck,,,2013-2026,true
2011,lincoln,lincoln,mkz,5,exact,MKZ,Passenger Car,MKZ AWD,,2007-2020,true
1996,acura,acura,rl,1,exact,RL,Passenger Car,3.5RL,,1990-2012,true
2025,volkswagen,volkswagen,atlas-cross-sport,1,exact,Atlas,MPV,Atlas 4motion Peak Edition,,2018-2026,true
2011,toyota,toyota,tundra,8,exact,Tundra,Truck,Tundra 2WD,,1995-2026,true
2019,toyota,toyota,vios-fs,1,none,,,,,,true
2024,subaru,subaru,wrx,10,exact,Impreza,Passenger Car,Impreza,,1993-2026,true
1996,oldsmobile,oldsmobile,98,1,exact,Ninety Eight (98),Passenger Car,Ninety-Eight,,1990-1999,true
2004,mini,mini,cooper,6,exact,Cooper,Passenger Car,Cooper,,2002-2026,true
2023,mercedes,mercedesbenz,glc,13,exact,GLC-Class,MPV,GLC300 4matic Coupe,,2016-2026,true
2007,lexus,lexus,gs,3,exact,GS,Passenger Car,GS 450h,,1993-2020,true
2019,mini,mini,cooper,6,exact,Cooper Convertible,Passenger Car,Cooper Convertible,,2002-2026,true
2022,mazda,mazda,cx-30,1,exact,CX-30,MPV,CX-30 4WD,,2020-2026,true
2012,toyota,toyota,tundra,8,exact,Tundra,Truck,Tundra 2WD,,1995-2026,true
2015,lexus,lexus,gs,4,exact,GS,Passenger Car,GS 350 AWD,,1993-2020,true
2024,volvo,volvo,s90,4,exact,S90,Passenger Car,S90 B6 AWD,,1997-1998 2017-2026,true
2014,lexus,lexus,gs,4,exact,GS,Passenger Car,GS 350 AWD,,1993-2020,true
2008,mercedes-benz,mercedesbenz,s-class,12,exact,S-Class,Passenger Car,S63 AMG,,1990-2026,true
1998,mazda,mazda,miata,1,none,,,,,1990-1997 1999-2026,true
2013,lexus,lexus,gs,4,exact,GS,Passenger Car,GS 350,,1993-2020,true
2012,lexus,lexus,gs,4,exact,GS,Passenger Car,,,1993-2020,true
1990,mazda,mazda,rx-7,1,exact,RX-7,Passenger Car,RX-7,,1990-1996,true
2020,nissan,nissan,maxima,6,exact,Maxima,Passenger Car,Maxima,,1990-2014 2016-2023,true
2005,ford,ford,escape,7,exact,Escape,MPV,Escape 2WD,,2001-2026,true
1992,volvo,volvo,960,1,exact,,,960 Wagon,,1992-1997,true
2011,lexus,lexus,gs,3,exact,GS,Passenger Car,GS 450h,,1993-2020,true
2011,mini,mini,cooper,6,exact,Cooper Convertible,Passenger Car,Cooper,,2002-2026,true
2012,mini,mini,cooper,6,exact,Cooper Convertible,Passenger Car,Cooper Coupe,,2002-2026,true
1993,mazda,mazda,rx-7,1,exact,RX-7,Passenger Car,RX-7,,1990-1996,true
2010,lexus,lexus,gs,3,exact,GS,Passenger Car,GS 450h,,1993-2020,true
2008,lexus,lexus,gs,3,exact,GS,Passenger Car,GS 450h,,1993-2020,true
2006,lexus,lexus,gs,4,exact,GS,Passenger Car,GS 300 4WD,,1993-2020,true
2016,nissan,nissan,titan-xd,4,exact,Titan,Truck,,,2002-2024,true
1994,mazda,mazda,rx-7,1,exact,RX-7,Passenger Car,RX-7,,1990-1996,true
2009,lexus,lexus,gs,3,exact,GS,Passenger Car,GS 450h,,1993-2020,true
2019,toyota,toyota,highlander,11,exact,Highlander,MPV,Highlander,,2001-2026,true
2005,chevrolet,chevrolet,astro,1,exact,Astro Van,MPV,Astro 2WD (cargo),,1990-2005,true
2015,mini,mini,cooper,6,exact,Cooper Convertible,Passenger Car,Cooper Roadster,,2002-2026,true
2026,hyundai,hyundai,sonata,6,exact,Sonata,Passenger Car,Sonata AWD,,1990-2026,true
2004,chevrolet,chevrolet,astro,1,exact,Astro Van,MPV,Astro 2WD (cargo),,1990-2005,true
1992,chevrolet,chevrolet,astro,2,exact,Astro Van,Truck,Astro AWD (cargo),,1990-2005,true
1993,chevrolet,chevrolet,astro,2,exact,Astro Van,Truck,Astro AWD (cargo),,1990-2005,true
1990,chevrolet,chevrolet,astro,2,exact,Astro Van,Truck,Astro AWD (cargo),,1990-2005,true
1996,chevrolet,chevrolet,astro,2,exact,Astro Van,MPV,Astro AWD (cargo),,1990-2005,true
1997,chevrolet,chevrolet,astro,2,exact,Astro Van,MPV,Astro AWD (cargo),,1990-2005,true
1998,chevrolet,chevrolet,astro,2,exact,Astro Van,MPV,Astro 2WD (cargo),,1990-2005,true
1995,chevrolet,chevrolet,astro,2,exact,Astro Van,MPV,Astro AWD (cargo),,1990-2005,true
2001,chevrolet,chevrolet,astro,2,exact,Astro Van,MPV,Astro 2WD (cargo),,1990-2005,true
2002,chevrolet,chevrolet,astro,2,exact,Astro Van,MPV,Astro 2WD (cargo),,1990-2005,true
2000,chevrolet,chevrolet,astro,2,exact,Astro Van,MPV,Astro 2WD (cargo),,1990-2005,true
1990,mazda,mazda,mpv,1,exact,MPV,MPV,MPV,,1990-2006,true
1991,mazda,mazda,mpv,1,exact,MPV,MPV,MPV,,1990-2006,true
1992,mazda,mazda,mpv,1,exact,MPV,MPV,MPV,,1990-2006,true
2005,gmc,gmc,safari,1,exact,Safari,MPV,Safari 2WD (cargo),,1990-2005,true
2004,gmc,gmc,safari,1,exact,Safari,MPV,Safari 2WD (cargo),,1990-2005,true
2001,gmc,gmc,safari,2,exact,Safari,MPV,Safari 2WD (cargo),,1990-2005,true
2002,gmc,gmc,safari,2,exact,Safari,Truck,Safari 2WD (cargo),,1990-2005,true
2000,gmc,gmc,safari,2,exact,Safari,MPV,Safari 2WD (cargo),,1990-2005,true
1990,mazda,mazda,protege,1,exact,Protege,Passenger Car,,,1990-2003,true
2003,gmc,gmc,safari,1,exact,Safari,MPV,Safari 2WD (cargo),,1990-2005,true
1990,gmc,gmc,safari,4,exact,Safari,MPV,Safari 2WD (passenger),,1990-2005,true
1991,gmc,gmc,safari,4,exact,Safari,MPV,Safari AWD (cargo),,1990-2005,true
1992,gmc,gmc,safari,4,exact,Safari,MPV,Safari AWD (cargo),,1990-2005,true
2022,hyundai,hyundai,kona,5,exact,Kona,MPV,Kona FWD,,2018-2026,true
1993,gmc,gmc,safari,4,exact,Safari,Truck,Safari AWD (cargo),,1990-2005,true
1994,gmc,gmc,safari,4,exact,Safari,MPV,Safari AWD (cargo),,1990-2005,true
1995,gmc,gmc,safari,4,exact,Safari,MPV,Safari AWD (cargo),,1990-2005,true
1996,gmc,gmc,safari,4,exact,Safari,MPV,Safari AWD (cargo),,1990-2005,true
1997,gmc,gmc,safari,4,exact,Safari,MPV,Safari AWD (cargo),,1990-2005,true
1998,gmc,gmc,safari,4,exact,Safari,MPV,Safari 2WD (cargo),,1990-2005,true
1999,gmc,gmc,safari,4,exact,Safari,MPV,Safari 2WD (cargo),,1990-2005,true
2018,ford,ford,mustang,8,exact,Mustang,Passenger Car,Mustang,,1990-2026,true
2019,toyota,toyota,prius-prime,2,exact,Prius,Passenger Car,Prius c,,2001-2026,true
2021,toyota,toyota,prius-prime,2,exact,Prius,Passenger Car,Prius,,2001-2026,true
2016,audi,audi,a4,4,exact,A4,Passenger Car,A4 quattro,,1996-2025,true
2017,ford,ford,mustang,5,exact,Mustang,Passenger Car,Shelby GT350 Mustang,,1990-2026,true
2021,ford,ford,mustang,7,exact,Mustang,Passenger Car,Mustang Mach 1,,1990-2026,true
2015,ford,ford,mustang,4,exact,Mustang,Passenger Car,Mustang,,1990-2026,true
2020,ford,ford,mustang,8,exact,Mustang,Passenger Car,Mustang,,1990-2026,true
2022,mercedes,mercedesbenz,gle,19,exact,GLE-Class,MPV,GLE350,,2016-2026,true
2022,hyundai,hyundai,palisade,6,exact,Palisade,MPV,Palisade FWD,,2020-2026,true
2008,toyota,toyota,tundra,8,exact,Tundra,Truck,Tundra 2WD,,1995-2026,true
2001,honda,honda,cr-v,5,exact,CR-V,MPV,CR-V 2WD,,1997-2026,true
2022,hyundai,hyundai,tucson,7,exact,Tucson,MPV,Tucson FWD,,2005-2026,true
2025,acura,acura,tlx,6,exact,TLX,Passenger Car,TLX FWD,,2015-2025,true
2024,mercedes,mercedesbenz,gle,19,exact,GLE-Class,MPV,GLE350,,2016-2026,true
2006,subaru,subaru,outback,7,exact,Outback,MPV,Legacy AWD,,1990-2026,true
2023,chrysler,chrysler,300,10,exact,300,Passenger Car,300 AWD,,1999-2023,true
2013,chrysler,chrysler,300,11,exact,300,Passenger Car,300 AWD,,1999-2023,true
2012,toyota,toyota,corolla,6,exact,Corolla,Passenger Car,Corolla,,1990-2026,true
2017,chrysler,chrysler,300,10,exact,300,Passenger Car,300,,1999-2023,true
2008,chrysler,chrysler,town-country,1,exact,Town and Country,MPV,Town and Country/Voyager/Grand Voy. 2WD,,1990-2016,true
2014,mercedes,mercedesbenz,cls-class,1,exact,CLS-Class,Passenger Car,CLS550,,2005-2023,true
2021,acura,acura,mdx,6,exact,MDX,MPV,,,2001-2026,true
2020,jaguar,jaguar,f-pace,6,exact,F-PACE,MPV,F-Pace,,2017-2026,true
2014,ford,ford,edge,4,exact,Edge,MPV,Edge FWD,,2007-2024,true
2019,mercedes-benz,mercedesbenz,gle,10,exact,GLE-Class,MPV,GLE400 4matic,,2016-2026,true
2007,honda,honda,cr-v,5,exact,CR-V,MPV,CR-V 2WD,,1997-2026,true
1999,honda,honda,passport,1,exact,Passport,MPV,Passport 2WD,,1994-2002 2019-2026,true
2003,mitsubishi,mitsubishi,montero,1,exact,Montero,MPV,Montero,,1990-2006,true
2024,toyota,toyota,highlander,14,exact,Highlander,MPV,Highlander Hybrid,,2001-2026,true
2024,subaru,subaru,forester,7,exact,Forester,MPV,Forester AWD,,1998-2026,true
2023,mercedes-benz,mercedesbenz,sl-class,3,exact,SL-Class,Passenger Car,AMG SL63 4matic Plus,,1990-2009 2011-2026,true
2014,land rover,landrover,discovery,5,exact,LR4,MPV,LR4,,1994-2026,true
2024,mercedes,mercedesbenz,eqs,5,exact,EQS-Class SUV,MPV,AMG EQS 4matic Plus,,2022-2026,true
2026,toyota,toyota,rav4,16,exact,RAV4,MPV,RAV4 AWD Limited & XSE,,1996-2026,true
2009,nissan,nissan,murano,5,exact,Murano,MPV,Murano FWD,,2002-2007 2009-2026,true
2025,toyota,toyota,sienna,13,exact,Sienna,MPV,Sienna 2WD,,1995-2026,true
2021,toyota,toyota,sienna,9,exact,Sienna,MPV,Sienna Hybrid 2WD,,1995-2026,true
2026,jeep,jeep,wrangler,12,exact,Wrangler,MPV,Wrangler 2dr 4WD,,1990-2026,true
2022,audi,audi,q7,5,exact,Q7,MPV,Q7 quattro,,2007-2015 2017-2026,true
2022,chevrolet,chevrolet,blazer,8,exact,Blazer,MPV,Blazer FWD,,1990-2005 2019-2026,true
2022,toyota,toyota,sienna,9,exact,Sienna,MPV,Sienna 2WD,,1995-2026,true
2013,land rover,landrover,discovery,5,exact,LR4,MPV,LR4,,1994-2026,true
2016,jaguar,jaguar,f-pace,1,none,,,,,2017-2026,true
1999,acura,acura,integra,1,exact,Integra,Passenger Car,Integra,,1990-2001 2023-2026,true
2024,mercedes-benz,mercedesbenz,sl-class,3,exact,SL-Class,Passenger Car,AMG SL43,,1990-2009 2011-2026,true
2022,toyota,toyota,vios-fs,1,none,,,,,,true
2005,honda,honda,accord,6,exact,Accord,Passenger Car,Accord,,1990-2026,true
2019,toyota,toyota,prius,5,exact,Prius,Passenger Car,Prius c,,2001-2026,true
2020,toyota,toyota,vios-fs,1,none,,,,,,true
2000,toyota,toyota,tundra,2,exact,Tundra,Truck,Tundra 2WD,,1995-2026,true
2015,ram,ram,1500,8,exact,1500,Truck,1500 2WD,,2013-2026,true
2014,hyundai,hyundai,santa-fe-sport,2,exact,Santa Fe,MPV,Santa Fe 2WD,,2001-2026,true
2019,toyota,toyota,rav4,16,exact,RAV4,MPV,RAV4,,1996-2026,true
2017,lexus,lexus,nx,6,exact,NX,MPV,NX 200t,,2015-2026,true
2022,chevrolet,chevrolet,camaro,11,exact,Camaro,Passenger Car,Camaro,,1990-2002 2010-2024,true
2010,mercedes,mercedesbenz,glk-class,1,exact,GLK-Class,MPV,GLK350 4matic,,2010-2020,true
2018,chevrolet,chevrolet,camaro,8,exact,Camaro,Passenger Car,Camaro,,1990-2002 2010-2024,true
1990,geo,geo,storm,1,exact,Storm,Passenger Car,Storm,,1990-1993,true
2011,cadillac,cadillac,cts,6,exact,CTS,Passenger Car,CTS,,2003-2019,true
2016,chevrolet,chevrolet,corvette,5,exact,Corvette,Passenger Car,Corvette,,1990-2026,true
2003,mercedes,mercedesbenz,sl-class,2,exact,SL-Class,Passenger Car,SL500,,1990-2009 2011-2026,true
2005,honda,honda,cr-v,5,exact,CR-V,MPV,CR-V 2WD,,1997-2026,true
2021,chevrolet,chevrolet,corvette,6,exact,Corvette,Passenger Car,Corvette,,1990-2026,true
2025,volkswagen,volkswagen,arteon-sr,1,none,,,,,2019-2024,true
2016,ram,ram,1500,8,exact,1500,MPV,1500 HFE 2WD,,2013-2026,true
1994,ram,ram,3500,8,crossmake,Ram Van,MPV,,dodge,1990-2026,false
2013,toyota,toyota,tundra,8,exact,Tundra,Truck,Tundra 2WD,,1995-2026,true
2004,ram,ram,3500,9,crossmake,Ram,Truck,,dodge,1990-2026,false
1996,chevrolet,chevrolet,cavalier,1,exact,Cavalier,Passenger Car,Cavalier,,1990-2005,true
2020,ford,ford,taurus,1,none,,,,,1990-2019,true
1997,chevrolet,chevrolet,cavalier,1,exact,Cavalier,Passenger Car,Cavalier,,1990-2005,true
1995,ram,ram,3500,8,crossmake,Ram,MPV,,dodge,1990-2026,false
1995,chevrolet,chevrolet,cavalier,1,exact,Cavalier,MPV,Cavalier,,1990-2005,true
2019,volkswagen,volkswagen,atlas,7,exact,Atlas,MPV,Atlas,,2018-2026,true
2026,genesis,genesis,g70,4,exact,G70,Passenger Car,G70 AWD,,2019-2026,true
2010,ram,ram,3500,14,crossmake,Ram,Truck,,dodge,1990-2026,false
2025,chevrolet,chevrolet,corvette,15,exact,Corvette,Passenger Car,Corvette,,1990-2026,true
2005,lexus,lexus,gs,5,exact,GS,Passenger Car,GS 300/GS 430,,1993-2020,true
2001,jeep,jeep,grand-cherokee,8,exact,Grand Cherokee,Truck,Grand Cherokee 2WD,,1993-2026,true
2022,kia,kia,ev6,6,exact,EV6,MPV,EV6 AWD (Long Range),,2022-2026,true
2023,rivian,rivian,r1s,1,exact,R1S,MPV,R1S (20 inch wheels),,2022-2026,true
2023,mini,mini,cooper,6,exact,Cooper Convertible,Passenger Car,Cooper Convertible,,2002-2026,true
2012,chrysler,chrysler,300,11,exact,300,Passenger Car,300,,1999-2023,true
2022,toyota,toyota,tacoma,7,exact,Tacoma,Truck,Tacoma 2WD,,1995-2026,true
2006,hyundai,hyundai,tiburon,1,exact,Tiburon,Passenger Car,Tiburon,,1997-2008,true
2011,kia,kia,sedona,2,exact,Sedona,MPV,Sedona,,2001-2026,true
2019,jaguar,jaguar,i-pace,1,exact,I-PACE,MPV,I-Pace,,2019-2024,true
2017,audi,audi,a4,4,exact,A4 allroad,MPV,A4,,1996-2025,true
2024,toyota,toyota,prius-plug-in,1,exact,Prius,Passenger Car,Prius,,2001-2026,true
2002,chevrolet,chevrolet,monte-carlo,1,exact,Monte Carlo,Passenger Car,Monte Carlo,,1995-2007,true
2012,toyota,toyota,rav4,9,exact,RAV4,MPV,RAV4 2WD,,1996-2026,true
2013,toyota,toyota,rav4,5,exact,RAV4,MPV,RAV4 EV,,1996-2026,true
2022,chevrolet,chevrolet,corvette,6,exact,Corvette,Passenger Car,Corvette,,1990-2026,true
2023,mazda,mazda,mazda3,1,exact,Mazda3,Passenger Car,3 5-Door 2WD,,2003-2026,true
2010,toyota,toyota,camry,4,exact,Camry,Passenger Car,Camry,,1990-2026,true
2011,toyota,toyota,camry,4,exact,Camry,Passenger Car,Camry,,1990-2026,true
2023,chevrolet,chevrolet,corvette,9,exact,Corvette,Passenger Car,Corvette,,1990-2026,true
2004,pontiac,pontiac,grand-prix,1,exact,Grand Prix,Passenger Car,Grand Prix,,1990-2008,true
2006,acura,acura,tsx,4,exact,TSX,Passenger Car,TSX,,2004-2014,true
2022,lincoln,lincoln,aviator,5,exact,Aviator,MPV,Aviator RWD,,2003-2005 2020-2026,true
2015,acura,acura,tlx,6,exact,TLX,Passenger Car,TLX,,2015-2025,true
2023,toyota,toyota,camry,11,exact,Camry,Passenger Car,Camry,,1990-2026,true
2022,mini,mini,countryman,6,exact,Countryman,MPV,Cooper Countryman,,2011-2026,true
2012,gmc,gmc,canyon,5,exact,Canyon,Truck,Canyon 2WD,,2004-2026,true
2015,audi,audi,a6,4,exact,A6,Passenger Car,A6 quattro,,1995-2026,true
2002,gmc,gmc,savana-1500,4,exact,Savana,Truck,Savana 1500/2500 2WD (cargo),,1996-2026,true
2023,alfa romeo,alfaromeo,giulia,6,exact,Giulia (952),Passenger Car,Giulia,,2016-2026,true
2018,mitsubishi,mitsubishi,mirage-g4,2,exact,Mirage,Passenger Car,Mirage,,1990-2002 2014-2024,true
2018,mitsubishi,mitsubishi,mirage,3,exact,Mirage,Passenger Car,Mirage,,1990-2002 2014-2024,true
2022,mitsubishi,mitsubishi,outlander,5,exact,Outlander,MPV,Outlander 2WD,,2003-2026,true
2014,ford,ford,f-250,6,exact,F-250,Truck,,,1990-2026,true
2018,nissan,nissan,versa,4,exact,Versa,Passenger Car,Versa,,2007-2025,true
2019,alfa romeo,alfaromeo,giulia,6,exact,Giulia (952),Passenger Car,Giulia,,2016-2026,true
2020,chevrolet,chevrolet,impala,4,exact,Impala,Passenger Car,Impala,,1994-1996 2000-2020,true
2014,ram,ram,1500,8,exact,1500,Truck,1500 2WD,,2013-2026,true
2011,gmc,gmc,terrain,6,exact,Terrain,MPV,Terrain FWD,,2009-2026,true
2020,acura,acura,tlx,6,exact,TLX,Passenger Car,TLX FWD,,2015-2025,true
2026,kia,kia,telluride,8,exact,Telluride,MPV,,,2020-2026,true
2014,mazda,mazda,mazda3,6,exact,Mazda3,Passenger Car,3 5-Door,,2003-2026,true
2005,saturn,saturn,ion,1,exact,Ion,Passenger Car,Ion,,2003-2007,true
2025,toyota,toyota,prius-plug-in,1,exact,Prius,Passenger Car,Prius AWD,,2001-2026,true
2019,buick,buick,envision,6,exact,Envision,MPV,Envision AWD,,2016-2026,true
2026,infiniti,infiniti,qx50,6,none,,,,,2008-2017 2019-2025,true
2026,infiniti,infiniti,qx60,5,exact,QX60,MPV,QX60 FWD,,2013-2026,true
2019,chevrolet,chevrolet,tahoe,8,exact,Tahoe,MPV,Tahoe C1500 2WD,,1995-2026,true
2023,audi,audi,a6,4,exact,A6,Passenger Car,A6 quattro,,1995-2026,true
2026,infiniti,infiniti,qx80,4,exact,QX80,MPV,QX80 2WD,,2003-2026,true
2016,acura,acura,tlx,6,exact,TLX,Passenger Car,TLX 2WD,,2015-2025,true
2005,toyota,toyota,tacoma,12,exact,Tacoma,Truck,Tacoma 2WD,,1995-2026,true
2023,cadillac,cadillac,ct4,5,exact,CT4,Passenger Car,CT4,,2020-2026,true
2023,porsche,porsche,cayenne,7,exact,Cayenne,MPV,Cayenne,,2003-2026,true
2015,honda,honda,pilot,7,exact,Pilot,MPV,Pilot 2WD,,2003-2026,true
2026,kia,kia,ev6,6,exact,EV6,MPV,EV6 AWD GT,,2022-2026,true
2003,honda,honda,accord,6,exact,Accord,MPV,Accord,,1990-2026,true
2020,volkswagen,volkswagen,passat,5,exact,Passat,Passenger Car,Passat,,1990-2022,true
2024,porsche,porsche,panamera,7,exact,Panamera,Passenger Car,Panamera 4,,2010-2026,true
2000,chevrolet,chevrolet,impala,4,exact,Impala,Passenger Car,Impala,,1994-1996 2000-2020,true
2019,hyundai,hyundai,veloster,1,exact,Veloster,Passenger Car,Veloster,,2012-2022,true
2000,hyundai,hyundai,sonata,7,exact,Sonata,Passenger Car,Sonata,,1990-2026,true
2020,toyota,toyota,corolla,6,exact,Corolla,Passenger Car,Corolla,,1990-2026,true
2006,mitsubishi,mitsubishi,eclipse,5,exact,Eclipse,Passenger Car,Eclipse,,1990-2012,true
1997,mercedes,mercedesbenz,c-class,4,exact,C-Class,Passenger Car,C230,,1994-2026,true
2019,audi,audi,tt-s,1,exact,TT,Passenger Car,TT Roadster quattro,,2000-2006 2008-2023,true
1990,mercedes,mercedesbenz,s-class,4,family,,,420SE,,1990-2026,true
2023,jeep,jeep,wrangler,10,exact,Wrangler,MPV,Wrangler 4dr EcoDiesel 4WD,,1990-2026,true
2001,toyota,toyota,tacoma,11,exact,Tacoma,Truck,Tacoma 2WD,,1995-2026,true
2004,jaguar,jaguar,xj,8,exact,XJ,Passenger Car,XJ8 4.2 Litre,,1990-2019,true
2001,jaguar,jaguar,xj,1,exact,XJR,Passenger Car,XJ8,,1990-2019,true
2021,ford,ford,bronco,7,exact,Bronco,MPV,Bronco 4WD,,1990-1996 2021-2026,true
2006,jaguar,jaguar,xj,10,exact,XJ,Passenger Car,XJ8,,1990-2019,true
2019,ferrari,ferrari,f8,1,none,,,,,2020-2023,true
2003,ford,ford,f-250,4,exact,F-250,Truck,,,1990-2026,true
2020,audi,audi,e-tron,1,exact,Q8,MPV,e-tron Sportback,,2019-2026,true
2021,buick,buick,envision,4,exact,Envision,MPV,Envision AWD,,2016-2026,true
2014,ford,ford,mustang,2,exact,Mustang,Passenger Car,Mustang,,1990-2026,true
2005,ford,ford,f-150,6,exact,F-150,Truck,F150 Pickup 2WD,,1990-2026,true
2024,genesis,genesis,g90,4,exact,G90,Passenger Car,G90 AWD,,2017-2026,true
2022,ford,ford,bronco,7,exact,Bronco,MPV,Bronco Sasquatch 4WD,,1990-1996 2021-2026,true
2021,ford,ford,escape,7,exact,Escape,MPV,Escape FWD HEV,,2001-2026,true
1999,saturn,saturn,sc,1,exact,SL,Passenger Car,SC,,1991-2002,true
2021,ford,ford,explorer,8,exact,Explorer,MPV,Explorer RWD,,1991-2026,true
2017,honda,honda,odyssey,1,exact,Odyssey,MPV,Odyssey,,1995-2026,true
2006,toyota,toyota,yaris,1,none,,,,,2007-2020,true
2009,toyota,toyota,tacoma,12,exact,Tacoma,Truck,Tacoma 2WD,,1995-2026,true
2025,chevrolet,chevrolet,colorado,7,exact,Colorado,Truck,Colorado 2WD,,2004-2012 2015-2026,true
2001,ford,ford,escape,5,exact,Escape,MPV,Escape 2WD,,2001-2026,true
2008,ford,ford,mustang,4,exact,Mustang,Passenger Car,Mustang,,1990-2026,true
2026,mercedes-benz,mercedesbenz,s-class,14,exact,S-Class,Passenger Car,S500 4matic,,1990-2026,true
2021,honda,honda,accord,9,exact,Accord,Passenger Car,Accord,,1990-2026,true
2021,honda,honda,hr-v,5,exact,HR-V,MPV,HR-V FWD,,2016-2026,true
2017,gmc,gmc,acadia,6,exact,Acadia,MPV,Acadia FWD,,2007-2026,true
2021,honda,honda,pilot,9,exact,Pilot,MPV,Pilot FWD,,2003-2026,true
1994,chevrolet,chevrolet,g20-van,1,exact,G-Series,MPV,G30 Van 2WD,,1990-1996,true
2016,bmw,bmw,x4,5,exact,X4,MPV,X4 xDrive28i,,2015-2025,true
1993,chevrolet,chevrolet,k3500,1,exact,GMT-400,Truck,,,1990-2026,true
2024,toyota,toyota,corolla,6,exact,Corolla,Passenger Car,GR Corolla,,1990-2026,true
1991,chevrolet,chevrolet,lumina-apv,1,exact,Lumina,Passenger Car,Lumina,,1990-2001,true
1995,mercedes-benz,mercedesbenz,g-class,1,none,,,,,1999 2002-2026,true
1998,mercedes-benz,mercedesbenz,s-class,4,exact,S-Class,Passenger Car,S320,,1990-2026,true
1995,mercedes-benz,mercedesbenz,e-class,2,exact,E-Class,Passenger Car,E320 Convertible,,1990-2026,true
1990,chevrolet,chevrolet,s10,2,exact,S-10 Pickup,Truck,S10 Pickup 2WD,,1990-2005 2019-2026,true
1993,chevrolet,chevrolet,s10-blazer,1,exact,S-10 Pickup,Truck,S10 Pickup 2WD,,1990-2005 2019-2026,true
2023,subaru,subaru,ascent,6,exact,Ascent,MPV,Ascent,,2019-2026,true
2013,honda,honda,pilot,7,exact,Pilot,MPV,Pilot 2WD,,2003-2026,true
2025,genesis,genesis,g80,5,exact,G80,Passenger Car,G80 AWD,,2017-2026,true
2021,kia,kia,sorento,7,exact,Sorento,MPV,Sorento Hybrid,,2001-2009 2011-2026,true
2021,kia,kia,sportage,7,exact,Sportage,MPV,Sportage FWD,,1995-2026,true
2023,subaru,subaru,forester,7,exact,Forester,MPV,Forester AWD,,1998-2026,true
1991,gmc,gmc,sierra,1,exact,Sierra,MPV,Sierra 1500 4WD,,1990-2026,true
1994,gmc,gmc,sierra,1,exact,Sierra,MPV,Sierra 1500 2WD,,1990-2026,true
1992,gmc,gmc,sonoma,1,exact,Sonoma,MPV,Sonoma 2WD,,1990-2004,true
1993,gmc,gmc,sonoma,1,exact,Sonoma,Truck,Sonoma 2WD,,1990-2004,true
2026,ford,ford,maverick,1,exact,Maverick,Truck,Maverick FWD,,2022-2026,true
2001,lexus,lexus,is,5,exact,IS,Passenger Car,IS 300,,2001-2026,true
1999,gmc,gmc,sonoma,1,exact,Sonoma,Truck,Sonoma 2WD,,1990-2004,true
1991,gmc,gmc,suburban,1,exact,Suburban,MPV,R1500 Suburban 2WD,,1990-2026,true
2008,audi,audi,a5,1,exact,A5,Passenger Car,A5 quattro,,2008-2026,true
1999,nissan,nissan,quest,1,exact,Quest,MPV,Quest,,1993-2009 2011-2017,true
2023,subaru,subaru,impreza,5,exact,Impreza,Passenger Car,Impreza 4-Door,,1993-2026,true
2016,mitsubishi,mitsubishi,outlander,5,exact,Outlander,MPV,Outlander 2WD,,2003-2026,true
2013,nissan,nissan,altima,6,exact,Altima,Passenger Car,Altima,,1993-2026,true
2023,mercedes-benz,mercedesbenz,gla,8,exact,GLA-Class,MPV,GLA250,,2015-2026,true
2022,mercedes,mercedesbenz,e-class,19,exact,E-Class,Passenger Car,E450 4matic,,1990-2026,true
1994,infiniti,infiniti,j30,1,exact,J30,Passenger Car,J30,,1993-1997,true
2020,toyota,toyota,highlander,14,exact,Highlander,MPV,Highlander,,2001-2026,true
2020,ferrari,ferrari,portofino,1,exact,Portofino,Passenger Car,Portofino,,2019-2023,true
2007,toyota,toyota,tacoma,12,exact,Tacoma,Truck,Tacoma 2WD,,1995-2026,true
1997,oldsmobile,oldsmobile,silhouette,1,exact,Silhouette,MPV,Silhouette 2WD,,1990-2004,true
2017,mercedes-benz,mercedesbenz,cls,3,exact,CLS-Class,Passenger Car,AMG CLS63 S 4matic,,2005-2023,true
2025,mercedes-benz,mercedesbenz,eqs,5,exact,EQS-Class Sedan,Passenger Car,AMG EQS 4matic Plus,,2022-2026,true
2021,lexus,lexus,gx,6,exact,GX,MPV,GX 460,,2003-2026,true
2026,kia,kia,soul,6,none,,,,,2010-2025,true
2023,mercedes-benz,mercedesbenz,s-class,14,exact,S-Class,Passenger Car,S500 4matic,,1990-2026,true
2021,volkswagen,volkswagen,id.4,6,exact,ID.4,MPV,ID.4 1st,,2021-2026,true
2007,audi,audi,s6,1,exact,S6,Passenger Car,S6,,1995-1997 2002-2003 2007-2011 2013-2018 2020-2025,true
2025,chrysler,chrysler,pacifica,2,exact,Pacifica,MPV,Pacifica,,2004-2009 2017-2026,true
2009,ford,ford,mustang,4,exact,Mustang,Passenger Car,Mustang,,1990-2026,true
2019,audi,audi,s3,1,exact,S3,Passenger Car,S3,,2015-2020 2022-2026,true
2004,mercedes-benz,mercedesbenz,e-class,15,exact,E-Class,Passenger Car,E320,,1990-2026,true
2014,bmw,bmw,x5,7,exact,X5,MPV,X5 xDrive35i,,2000-2026,true
2023,bmw,bmw,x5,8,exact,X5,MPV,X5 sDrive40i,,2000-2026,true
2013,buick,buick,enclave,8,exact,Enclave,MPV,Enclave FWD,,2007-2026,true
2012,toyota,toyota,prius,5,exact,Prius,Passenger Car,Prius,,2001-2026,true
2016,mercedes-benz,mercedesbenz,gla,6,exact,GLA-Class,Passenger Car,GLA250 4matic,,2015-2026,true
1992,oldsmobile,oldsmobile,cutlass-ciera,1,exact,Cutlass Supreme,Passenger Car,Cutlass Ciera,,1990-1999,true
1993,oldsmobile,oldsmobile,cutlass-ciera,1,exact,Cutlass Supreme,Passenger Car,Cutlass Ciera,,1990-1999,true
1996,oldsmobile,oldsmobile,cutlass-supreme,1,exact,Cutlass Supreme,Passenger Car,Cutlass Supreme,,1990-1999,true
2026,porsche,porsche,cayenne,7,exact,Cayenne,MPV,Cayenne,,2003-2026,true
1999,saturn,saturn,sw,1,exact,SL,Passenger Car,SC,,1991-2002,true
2003,toyota,toyota,highlander,7,exact,Highlander,MPV,Highlander 2WD,,2001-2026,true
2020,honda,honda,pilot,8,exact,Pilot,MPV,Pilot FWD,,2003-2026,true
2009,kia,kia,sportage,7,exact,Sportage,Passenger Car,Sportage 2WD,,1995-2026,true
2019,gmc,gmc,acadia,6,exact,Acadia,MPV,Acadia FWD,,2007-2026,true
1997,toyota,toyota,rav4,3,exact,RAV4,MPV,RAV4 2WD,,1996-2026,true
2013,acura,acura,mdx,6,exact,MDX,MPV,MDX 4WD,,2001-2026,true
1993,plymouth,plymouth,voyager,1,exact,Voyager,MPV,Voyager/Grand Voyager 2WD,,1990-2005 2007-2009 2020-2026,true
1999,plymouth,plymouth,prowler,1,exact,Prowler,Passenger Car,Prowler,,1997 1999-2002,true
2026,kia,kia,sportage,7,exact,Sportage,MPV,Sportage FWD,,1995-2026,true
1997,chrysler,chrysler,grand-voyager,1,exact,Voyager,MPV,,,1995-2005 2007-2009 2020-2026,true
1999,chrysler,chrysler,grand-voyager,1,exact,Voyager,MPV,,,1995-2005 2007-2009 2020-2026,true
2016,mercedes-benz,mercedesbenz,c-class,23,exact,C-Class,Passenger Car,AMG C63,,1994-2026,true
2019,mercedes-benz,mercedesbenz,cla,9,exact,CLA-Class,Passenger Car,CLA250 4matic,,2014-2026,true
2015,mercedes-benz,mercedesbenz,c-class,23,exact,C-Class,Passenger Car,C250 Coupe,,1994-2026,true
2019,toyota,toyota,c-hr,1,exact,C-HR,Passenger Car,C-HR,,2018-2022 2026,true
2022,subaru,subaru,ascent,6,exact,Ascent,MPV,Ascent,,2019-2026,true
2011,audi,audi,a8,1,exact,A8,Passenger Car,A8,,1997-2026,true
2013,toyota,toyota,86,1,none,,,,,2017-2020 2022-2026,true
2001,chrysler,chrysler,pt-cruiser,2,exact,PT Cruiser,MPV,PT Cruiser,,1995-2010,true
2005,infiniti,infiniti,qx80,4,family,QX56,MPV,QX56 2WD,,2003-2026,true
2007,ford,ford,mustang-shelby-gt500,2,exact,Mustang,Passenger Car,Mustang,,1990-2026,true
2004,dodge,dodge,viper,3,exact,Viper,Passenger Car,Viper Convertible,,1992-2006 2008-2010 2013-2017,true
2005,dodge,dodge,viper,3,exact,Viper,Passenger Car,Viper Convertible,,1992-2006 2008-2010 2013-2017,true
2010,chrysler,chrysler,town-&-country,4,exact,Town and Country,MPV,Town and Country,,1990-2016,true
2020,toyota,toyota,gt-86,1,exact,86,Passenger Car,86,,2017-2020 2022-2026,true
2010,ram,ram,1500,6,crossmake,Ram,Truck,Ram 1500 Pickup 2WD,dodge,1990-2026,false
1999,toyota,toyota,rav4,3,exact,RAV4,MPV,RAV4 2WD,,1996-2026,true
2013,audi,audi,a4,2,exact,A4,Passenger Car,A4 quattro,,1996-2025,true
2020,honda,honda,accord,10,exact,Accord,Passenger Car,Accord 2.0T Sport/Touring,,1990-2026,true
2023,ram,ram,2500,16,exact,2500,MPV,,,2013-2026,true
2026,lexus,lexus,es,5,exact,ES,Passenger Car,ES 350h,,1990-2026,true
2023,acura,acura,tlx,6,exact,TLX,Passenger Car,TLX AWD,,2015-2025,true
2019,ram,ram,1500,8,exact,1500,MPV,1500 2WD,,2013-2026,true
2020,ram,ram,1500,17,exact,1500,MPV,1500 2WD,,2013-2026,true
2020,honda,honda,hr-v,6,exact,HR-V,MPV,HR-V FWD,,2016-2026,true
1997,ford,ford,mustang,2,exact,Mustang,Passenger Car,Mustang,,1990-2026,true
2010,ram,ram,2500,6,crossmake,Ram,Truck,,dodge,1990-2026,false
2016,buick,buick,encore,1,exact,Encore,MPV,Encore,,2013-2026,true
2013,ram,ram,2500,5,exact,2500,MPV,,,2013-2026,true
1999,mercedes,mercedesbenz,c-class,4,exact,C-Class,Passenger Car,C230 Kompressor,,1994-2026,true
2025,lexus,lexus,is,5,exact,IS,Passenger Car,IS 300 AWD,,2001-2026,true
2022,chevrolet,chevrolet,colorado,6,exact,Colorado,Truck,Colorado 2WD,,2004-2012 2015-2026,true
2016,ram,ram,2500,4,exact,2500,MPV,,,2013-2026,true
2024,honda,honda,passport,6,exact,Passport,MPV,Passport AWD,,1994-2002 2019-2026,true
1996,chrysler,chrysler,town-&-country,1,exact,Town and Country,MPV,Town and Country 2WD,,1990-2016,true
2006,nissan,nissan,sentra,4,exact,Sentra,Passenger Car,Sentra,,1990-2026,true
1993,chevrolet,chevrolet,caprice,1,exact,Caprice,Passenger Car,Caprice,,1990-1996 2011-2017,true
1994,chevrolet,chevrolet,caprice,1,exact,Caprice,Passenger Car,Caprice/Impala,,1990-1996 2011-2017,true
2020,hyundai,hyundai,elantra,5,exact,Elantra,Passenger Car,Elantra,,1992-2026,true
2023,genesis,genesis,g70,4,exact,G70,Passenger Car,G70 AWD,,2019-2026,true
2018,jaguar,jaguar,f-pace,15,exact,F-PACE,MPV,F-Pace,,2017-2026,true
2020,hyundai,hyundai,kona,5,exact,Kona,MPV,Kona AWD,,2018-2026,true
2020,hyundai,hyundai,palisade,6,exact,Palisade,MPV,Palisade AWD,,2020-2026,true
2006,chrysler,chrysler,crossfire,1,exact,Crossfire,Passenger Car,Crossfire Coupe,,2004-2008,true
2014,audi,audi,a8,3,exact,A8,Passenger Car,A8,,1997-2026,true
2021,bmw,bmw,x1,3,exact,X1,MPV,X1 xDrive28i,,2012-2026,true
2026,bmw,bmw,m3,3,exact,M3,Passenger Car,M3 Sedan,,1990-1991 1995-1999 2001-2006 2008-2013 2015-2018 2020-2026,true
2015,toyota,toyota,86,1,none,,,,,2017-2020 2022-2026,true
2026,ford,ford,bronco-sport,1,exact,Bronco Sport,MPV,Bronco Sport 4WD,,2021-2026,true
2020,hyundai,hyundai,sonata,6,exact,Sonata,Passenger Car,Sonata,,1990-2026,true
1994,chevrolet,chevrolet,lumina,1,exact,Lumina,Passenger Car,Lumina,,1990-2001,true
2021,acura,acura,rdx,5,exact,RDX,MPV,RDX FWD,,2007-2026,true
2020,hyundai,hyundai,tucson,6,exact,Tucson,MPV,Tucson FWD,,2005-2026,true
2017,bmw,bmw,x1,3,exact,X1,MPV,X1 xDrive28i,,2012-2026,true
2017,bmw,bmw,x4,4,exact,X4,MPV,X4 M40i,,2015-2025,true
2026,lexus,lexus,gx,6,exact,,,GX 550,,2003-2026,true
2007,land rover,landrover,range-rover,6,exact,Range Rover,MPV,Range Rover,,1990-2026,true
2011,chevrolet,chevrolet,tahoe,7,exact,Tahoe,MPV,Tahoe 1500 2WD,,1995-2026,true
2020,toyota,toyota,prius,5,exact,Prius,Passenger Car,Prius Prime,,2001-2026,true
2025,lexus,lexus,nx,6,exact,NX,MPV,NX 250,,2015-2026,true
2009,lexus,lexus,gx,6,exact,GX,MPV,GX 470,,2003-2026,true
2019,toyota,toyota,sequoia,5,exact,Sequoia,MPV,Sequoia 2WD,,2000-2026,true
1994,chevrolet,chevrolet,impala,4,exact,,,Caprice/Impala,,1994-1996 2000-2020,true
1993,dodge,dodge,caravan,1,exact,Caravan,MPV,Caravan C/V/Grand Caravan 2WD,,1990-2023,true
2018,lincoln,lincoln,mkc,4,exact,MKC,MPV,MKC FWD,,2015-2019,true
2016,maserati,maserati,ghibli,1,exact,Ghibli,Passenger Car,Ghibli V6 SQ4,,2014-2024,true
2023,mercedes-benz,mercedesbenz,e-class,19,exact,E-Class,Passenger Car,E350,,1990-2026,true
2020,kia,kia,niro,5,exact,Niro,MPV,Niro,,2017-2026,true
2013,maserati,maserati,quattroporte,1,exact,Quattroporte,Passenger Car,Quattroporte,,1990-1991 2005-2024,true
2003,ford,ford,ranger,6,exact,Ranger,Truck,Ranger Pickup 2WD,,1990-2011 2019-2026,true
2002,mazda,mazda,mx-5,1,exact,MX-5,Passenger Car,MX-5 Miata,,1990-1997 1999-2026,true
2011,chrysler,chrysler,300,10,exact,300,Passenger Car,300,,1999-2023,true
2014,toyota,toyota,tundra,8,exact,Tundra,Truck,Tundra 2WD,,1995-2026,true
2023,nissan,nissan,maxima,6,exact,Maxima,Passenger Car,Maxima,,1990-2014 2016-2023,true
1996,toyota,toyota,tacoma,11,exact,Tacoma,Truck,Tacoma 2WD,,1995-2026,true
2006,buick,buick,terraza,1,exact,Terraza,MPV,Terraza FWD,,2005-2008,true
2000,ram,ram,1500,4,crossmake,Ram,Truck,Ram 1500 Pickup 2WD,dodge,1990-2026,false
2008,infiniti,infiniti,qx80,4,family,QX56,MPV,QX56 2WD,,2003-2026,true
1990,ford,ford,bronco,1,exact,Bronco,MPV,Bronco 4WD,,1990-1996 2021-2026,true
2024,mazda,mazda,mx-5,1,exact,MX-5,Passenger Car,MX-5,,1990-1997 1999-2026,true
2017,lincoln,lincoln,continental,5,exact,Continental,Passenger Car,Continental  AWD,,1990-2002 2017-2020,true
2021,honda,honda,civic,17,exact,Civic,Passenger Car,Civic 5Dr,,1990-2026,true
2014,ford,ford,explorer,8,exact,Explorer,MPV,Explorer FWD,,1991-2026,true
2020,toyota,toyota,camry,10,exact,Camry,Passenger Car,Camry,,1990-2026,true
2006,acura,acura,mdx,7,exact,MDX,MPV,MDX 4WD,,2001-2026,true
1994,dodge,dodge,dakota,1,exact,Dakota,Truck,Dakota Pickup 2WD,,1990-2012,true
2020,mercedes,mercedesbenz,gle,19,exact,GLE-Class,MPV,GLE350 4matic,,2016-2026,true
1990,toyota,toyota,supra,1,exact,Supra,Passenger Car,Supra,,1990-1998 2020-2026,true
2026,hyundai,hyundai,palisade,6,exact,Palisade,MPV,Palisade FWD,,2020-2026,true
1996,dodge,dodge,dakota,1,exact,Dakota,MPV,Dakota Pickup 2WD,,1990-2012,true
1997,dodge,dodge,dakota,1,exact,Dakota,MPV,Dakota Pickup 2WD,,1990-2012,true
1992,ford,ford,explorer,8,exact,Explorer,MPV,Explorer 2WD,,1991-2026,true
2011,acura,acura,tsx,4,exact,TSX,Passenger Car,TSX,,2004-2014,true
1996,dodge,dodge,intrepid,1,exact,Intrepid,Passenger Car,Intrepid,,1993-2004,true
1997,dodge,dodge,intrepid,1,exact,Intrepid,Passenger Car,Intrepid,,1993-2004,true
1998,dodge,dodge,intrepid,1,exact,Intrepid,Passenger Car,Intrepid,,1993-2004,true
1992,dodge,dodge,monaco,1,exact,Monaco,Passenger Car,Monaco,,1990-1992,true
1995,dodge,dodge,neon,1,exact,Neon,Passenger Car,Neon,,1994-2005,true
2011,ram,ram,1500,8,crossmake,Ram,Truck,Ram 1500 Pickup 2WD,dodge,1990-2026,true
2020,porsche,porsche,boxster,5,exact,718 Boxster,Passenger Car,718 Spyder,,1997-2025,true
2026,hyundai,hyundai,kona,5,exact,Kona,MPV,Kona FWD SX2 1.6T 8AT FWD,,2018-2026,true
2018,lincoln,lincoln,mkx,4,exact,MKX,MPV,MKX FWD,,2007-2018,true
2018,hyundai,hyundai,tucson,6,exact,Tucson,MPV,Tucson AWD,,2005-2026,true
1992,honda,honda,accord,1,exact,Accord,Passenger Car,Accord,,1990-2026,true
1998,ram,ram,2500,9,crossmake,Ram,MPV,,dodge,1990-2026,false
2024,acura,acura,rdx,5,exact,RDX,MPV,RDX AWD,,2007-2026,true
2017,dodge,dodge,viper,8,exact,Viper,Passenger Car,Viper,,1992-2006 2008-2010 2013-2017,true
2014,dodge,dodge,viper,6,exact,Viper,Passenger Car,,,1992-2006 2008-2010 2013-2017,true
2012,ram,ram,2500,6,crossmake,Ram,MPV,,dodge,1990-2026,true
1995,ram,ram,2500,9,crossmake,Ram,MPV,Ram 2500 Pickup 2WD,dodge,1990-2026,false
2016,dodge,dodge,viper,11,exact,Viper,Passenger Car,Viper SRT,,1992-2006 2008-2010 2013-2017,true
1992,ford,ford,aerostar,1,exact,Aerostar,MPV,Aerostar Van,,1990-1997,true
2021,mercedes,mercedesbenz,eqs,1,none,,,,,2022-2026,true
1996,toyota,toyota,tercel,1,exact,Tercel,Passenger Car,Tercel,,1990-1999,true
2019,acura,acura,mdx,6,exact,MDX,MPV,MDX FWD,,2001-2026,true
2019,acura,acura,rdx,5,exact,RDX,MPV,RDX FWD,,2007-2026,true
2019,acura,acura,tlx,6,exact,TLX,Passenger Car,TLX FWD A-SPEC,,2015-2025,true
2013,jaguar,jaguar,xk,1,exact,XK,Passenger Car,XK Convertible,,1997-2015,true
2012,toyota,toyota,sequoia,5,exact,Sequoia,MPV,Sequoia 2WD,,2000-2026,true
2004,ford,ford,crown-victoria,2,exact,Crown Victoria,Passenger Car,Crown Victoria,,1990-2011,true
2004,ram,ram,2500,11,crossmake,Ram,Truck,,dodge,1990-2026,false
2019,buick,buick,enclave,5,exact,Enclave,MPV,Enclave FWD,,2007-2026,true
2007,chrysler,chrysler,town-and-country,2,exact,Town and Country,MPV,Town and Country/Voyager/Grand Voy. 2WD,,1990-2016,true
2023,kia,kia,seltos,1,exact,Seltos,MPV,Seltos FWD,,2021-2026,true
1995,ford,ford,e-150-econoline,1,exact,E-150,MPV,E150 Econoline 2WD,,1990-2014,true
2026,genesis,genesis,g90,4,exact,G90,Passenger Car,G90 AWD,,2017-2026,true
2019,ford,ford,escape,7,exact,Escape,MPV,Escape FWD FFV,,2001-2026,true
2004,audi,audi,a8,1,exact,A8,Passenger Car,A8 L,,1997-2026,true
1999,ford,ford,e-150-econoline,1,exact,E-150,MPV,E150 Econoline 2WD,,1990-2014,true
1990,ford,ford,e-150-econoline,1,exact,E-150,MPV,E250 Econoline 2WD,,1990-2014,true
1991,ford,ford,e-150-econoline,1,exact,E-150,MPV,E150 Econoline 2WD,,1990-2014,true
2023,ford,ford,ranger,6,exact,Ranger,Truck,Ranger 2WD,,1990-2011 2019-2026,true
1992,ford,ford,e-150-econoline,1,exact,E-150,MPV,E150 Econoline 2WD,,1990-2014,true
2003,ford,ford,e-150-econoline,1,exact,E-150,MPV,E150 Econoline 2WD,,1990-2014,true
2013,acura,acura,zdx,1,exact,ZDX,MPV,ZDX 4WD,,2010-2013 2024-2026,true
2007,ford,ford,e-150-econoline,1,exact,E-150,MPV,,,1990-2014,true
2009,ford,ford,e-150-econoline,1,exact,E-150,MPV,,,1990-2014,true
2025,acura,acura,zdx,1,exact,ZDX,MPV,,,2010-2013 2024-2026,true
2001,ram,ram,3500,6,crossmake,Ram,MPV,,dodge,1990-2026,false
2002,volvo,volvo,s80,1,exact,S80,Passenger Car,S80/S80 Executive,,1999-2016,true
2008,ford,ford,e-250-econoline,1,exact,E-150,Truck,,,1990-2014,true
2010,ford,ford,e-250-econoline,1,exact,E-150,Truck,,,1990-2014,true
2013,ford,ford,e-250-econoline,1,exact,E-150,MPV,E150 Van FFV,,1990-2014,true
2012,ford,ford,e-250-econoline,1,exact,E-150,MPV,E150 Van FFV,,1990-2014,true
2022,toyota,toyota,avalon,2,exact,Avalon,Passenger Car,Avalon XLE,,1995-2022,true
1997,ford,ford,e-350-econoline,1,exact,E-150,MPV,E150 Econoline 2WD,,1990-2014,true
1998,ford,ford,e-350-econoline,1,exact,E-150,MPV,E150 Econoline 2WD,,1990-2014,true
1999,ford,ford,e-350-econoline,1,exact,E-150,MPV,E150 Econoline 2WD,,1990-2014,true
2019,toyota,toyota,avalon,2,exact,Avalon,Passenger Car,Avalon,,1995-2022,true
2026,chevrolet,chevrolet,traverse,6,exact,Traverse,MPV,Traverse FWD,,2009-2026,true
2017,toyota,toyota,avalon,2,exact,Avalon,Passenger Car,Avalon,,1995-2022,true
1993,ford,ford,escort,1,exact,Escort,Passenger Car,Escort Wagon,,1990-2003,true
2017,ford,ford,fusion,3,exact,Fusion,Passenger Car,Fusion AWD,,2006-2020,true
2015,mercedes,mercedesbenz,cls-class,1,exact,CLS-Class,Passenger Car,CLS63 AMG S 4matic,,2005-2023,true
1991,gmc,gmc,sonoma,1,exact,Sonoma,MPV,Sonoma 2WD,,1990-2004,true
2026,hyundai,hyundai,tucson,7,exact,Tucson,MPV,Tucson FWD,,2005-2026,true
2024,lexus,lexus,rc,1,exact,RC,Passenger Car,RC 300 AWD,,2015-2025,true
2008,toyota,toyota,yaris,1,exact,Yaris,Passenger Car,Yaris,,2007-2020,true
2009,ram,ram,3500,7,crossmake,Ram,Truck,,dodge,1990-2026,false
2011,mercedes,mercedesbenz,s-class,12,exact,S-Class,Passenger Car,S550,,1990-2026,true
2025,chevrolet,chevrolet,tahoe,7,exact,Tahoe,MPV,Tahoe 2WD,,1995-2026,true
2007,ram,ram,3500,7,crossmake,Ram,Truck,,dodge,1990-2026,false
2019,mazda,mazda,mazda6,5,exact,Mazda6,Passenger Car,6,,2003-2026,true
1991,ford,ford,f-150,1,exact,F-150,MPV,F150 Pickup 2WD,,1990-2026,true
2006,toyota,toyota,tacoma,12,exact,Tacoma,Truck,Tacoma 2WD,,1995-2026,true
1993,honda,honda,civic,1,exact,Civic,Passenger Car,Civic Del Sol,,1990-2026,true
2010,mazda,mazda,mazda5,3,exact,Mazda5,Passenger Car,5,,2003-2026,true
2004,mercedes,mercedesbenz,c-class,15,exact,C-Class,Passenger Car,C240,,1994-2026,true
2000,mitsubishi,mitsubishi,3000-gt,1,none,,,,,1991-1999,true
2003,mercedes-benz,mercedesbenz,e-class,15,exact,E-Class,Passenger Car,E320,,1990-2026,true
2001,toyota,toyota,corolla,6,exact,Corolla,Passenger Car,Corolla,,1990-2026,true
2023,ford,ford,explorer,8,exact,Explorer,MPV,Explorer RWD,,1991-2026,true
2024,chevrolet,chevrolet,trax,6,exact,Trax,MPV,Trax,,2013-2026,true
2023,buick,buick,enclave,5,exact,Enclave,MPV,Enclave FWD,,2007-2026,true
2019,toyota,toyota,fj-cruiser,1,none,,,,,2007-2014,true
2020,alfa romeo,alfaromeo,stelvio,6,exact,Stelvio,MPV,Stelvio AWD,,2018-2026,true
2023,chevrolet,chevrolet,traverse,6,exact,Traverse,MPV,Traverse FWD,,2009-2026,true
2009,mercedes,mercedesbenz,c-class-amg,2,exact,C-Class,Passenger Car,C350,,1994-2026,true
2013,chevrolet,chevrolet,equinox,5,exact,Equinox,MPV,Equinox AWD,,2005-2026,true
2026,mercedes,mercedesbenz,eqs,5,exact,EQS-Class Sedan,Passenger Car,EQS 450 Plus,,2022-2026,true
2004,subaru,subaru,forester,7,exact,Forester,Passenger Car,Forester AWD,,1998-2026,true
2022,infiniti,infiniti,qx80,4,exact,QX80,MPV,QX80 2WD,,2003-2026,true
2025,ford,ford,f-150,11,exact,F-150,Truck,F-150 Lightning 4WD ER1,,1990-2026,true
1995,honda,honda,prelude,1,exact,Prelude,Passenger Car,Prelude,,1990-2001 2026,true
2026,genesis,genesis,gv80,3,exact,GV80,MPV,GV80 RWD,,2021-2026,true
2023,gmc,gmc,yukon,6,exact,Yukon,MPV,Yukon 2WD,,1990-2026,true
2005,toyota,toyota,sequoia,2,exact,Sequoia,MPV,Sequoia 2WD,,2000-2026,true
2005,toyota,toyota,rav4,9,exact,RAV4,MPV,RAV4 2WD,,1996-2026,true
2001,ford,ford,f-150,6,exact,F-150,MPV,F150 Pickup 2WD,,1990-2026,true
2020,ford,ford,expedition,7,exact,Expedition,MPV,Expedition 2WD,,1997-2026,true
2007,toyota,toyota,rav4,9,exact,RAV4,MPV,RAV4 2WD,,1996-2026,true
2004,toyota,toyota,tundra,2,exact,Tundra,Truck,Tundra 2WD,,1995-2026,true
2020,chevrolet,chevrolet,corvette,6,exact,Corvette,Passenger Car,Corvette,,1990-2026,true
2024,volkswagen,volkswagen,jetta,6,exact,Jetta,Passenger Car,Jetta,,1990-2026,true
2004,ford,ford,f-250,4,exact,F-250,Truck,,,1990-2026,true
2024,chevrolet,chevrolet,corvette,12,exact,Corvette,Passenger Car,Corvette Z06,,1990-2026,true
2005,toyota,toyota,yaris,1,none,,,,,2007-2020,true
2019,jaguar,jaguar,xj,11,exact,XJ,Passenger Car,XJ,,1990-2019,true
2006,ford,ford,f-250,4,exact,F-250,Truck,,,1990-2026,true
2007,ford,ford,f-250,4,exact,F-250,Truck,,,1990-2026,true
2009,toyota,toyota,highlander,10,exact,Highlander,MPV,Highlander 2WD,,2001-2026,true
2005,mitsubishi,mitsubishi,lancer,7,exact,Lancer,Passenger Car,Lancer,,2002-2017,true
2002,toyota,toyota,highlander,7,exact,Highlander,MPV,Highlander 2WD,,2001-2026,true
2007,toyota,toyota,camry,4,exact,Camry,Passenger Car,Camry,,1990-2026,true
2024,lucid,lucid,gravity,2,none,,,,,2025-2026,true
2022,land rover,landrover,defender,8,exact,Defender,MPV,Defender 110,,1993-1995 1997 2020-2026,true
2007,nissan,nissan,armada,5,exact,Armada,MPV,Armada 2WD,,2002-2015 2017-2026,true
2011,nissan,nissan,gt-r,6,exact,GT-R,Passenger Car,GT-R,,2009-2024,true
2020,rolls-royce,rollsroyce,cullinan,1,exact,Cullinan,MPV,Cullinan,,2019-2026,true
2022,chevrolet,chevrolet,traverse,6,exact,Traverse,MPV,Traverse FWD,,2009-2026,true
2011,gmc,gmc,yukon,6,exact,Yukon,MPV,Yukon 1500 2WD,,1990-2026,true
2016,honda,honda,accord,6,exact,Accord,Passenger Car,Accord,,1990-2026,true
2006,honda,honda,civic,8,exact,Civic,Passenger Car,Civic,,1990-2026,true
1995,chevrolet,chevrolet,lumina,1,exact,Lumina,MPV,Lumina/Monte Carlo,,1990-2001,true
2020,alfa romeo,alfaromeo,giulia,6,exact,Giulia (952),Passenger Car,Giulia,,2016-2026,true
2007,mini,mini,cooper,6,exact,Cooper,Passenger Car,Cooper,,2002-2026,true
2009,honda,honda,cr-v,5,exact,CR-V,MPV,CR-V 2WD,,1997-2026,true
2022,infiniti,infiniti,qx55,4,exact,QX55,MPV,QX55 AWD,,2022-2025,true
2009,volkswagen,volkswagen,gli,1,exact,Jetta,Passenger Car,Jetta,,1990-2026,true
2019,mini,mini,countryman,6,exact,Countryman,MPV,Cooper Countryman,,2011-2026,true
2020,mini,mini,countryman,6,exact,Countryman,MPV,Cooper Countryman,,2011-2026,true
2012,mazda,mazda,mazda5,3,exact,Mazda5,Passenger Car,5,,2003-2026,true
2005,acura,acura,rsx,1,exact,RSX,Passenger Car,RSX,,2002-2006,true
2022,land rover,landrover,discovery,5,exact,Discovery,MPV,Discovery,,1994-2026,true
2018,dodge,dodge,challenger,16,exact,Challenger,Passenger Car,Challenger,,2008-2023,true
2008,volkswagen,volkswagen,golf,4,exact,Rabbit,Passenger Car,GTI,,1990-2026,true
2009,acura,acura,rdx,5,exact,RDX,MPV,RDX 4WD,,2007-2026,true
2011,acura,acura,rdx,5,exact,RDX,MPV,RDX 2WD,,2007-2026,true
2015,acura,acura,rdx,5,exact,RDX,MPV,RDX 2WD,,2007-2026,true
2015,mazda,mazda,mazda5,3,exact,Mazda5,Passenger Car,5,,2003-2026,true
2022,lexus,lexus,ux,3,exact,UX,Passenger Car,UX 250h,,2019-2026,true
2001,acura,acura,tl,5,exact,TL,Passenger Car,3.2TL,,1990-2014,true
2024,ford,ford,mustang,9,exact,Mustang,Passenger Car,Mustang Performance Package,,1990-2026,true
2022,land rover,landrover,range-rover,6,exact,Range Rover,MPV,Range Rover Sport,,1990-2026,true
2013,hyundai,hyundai,tucson,6,exact,Tucson,MPV,Tucson 2WD,,2005-2026,true
2005,audi,audi,a4,3,exact,A4,MPV,A4 Cabriolet,,1996-2025,true
2012,chevrolet,chevrolet,suburban,1,exact,Suburban,MPV,Suburban 1500 2WD,,1990-2026,true
2007,audi,audi,a4,3,exact,A4,Passenger Car,A4 Cabriolet,,1996-2025,true
2008,audi,audi,a4,3,exact,A4,Passenger Car,A4 Cabriolet,,1996-2025,true
2008,volkswagen,volkswagen,passat,5,exact,Passat,MPV,Passat,,1990-2022,true
2021,chevrolet,chevrolet,tahoe,7,exact,Tahoe,MPV,Tahoe 2WD,,1995-2026,true
2003,cadillac,cadillac,cts,6,exact,CTS,Passenger Car,CTS,,2003-2019,true
2021,alfa romeo,alfaromeo,giulia,6,exact,Giulia (952),Passenger Car,Giulia,,2016-2026,true
2021,chevrolet,chevrolet,traverse,6,exact,Traverse,MPV,Traverse FWD,,2009-2026,true
2005,bmw,bmw,7-series,2,exact,760Li,Passenger Car,745i,,1990-2026,true
2011,honda,honda,cr-v,5,exact,CR-V,MPV,CR-V 2WD,,1997-2026,true
2025,acura,acura,rdx,5,exact,RDX,MPV,RDX AWD,,2007-2026,true
2001,acura,acura,mdx,7,exact,MDX,MPV,MDX,,2001-2026,true
2020,mercedes,mercedesbenz,cls-class,1,exact,CLS-Class,Passenger Car,AMG CLS53 4matic Plus,,2005-2023,true
2021,honda,honda,insight,4,exact,Insight,Passenger Car,Insight Touring,,2000-2014 2019-2022,true
2016,mazda,mazda,mazda3,6,exact,Mazda3,Passenger Car,3 4-Door,,2003-2026,true
2004,cadillac,cadillac,cts,6,exact,CTS,Passenger Car,CTS,,2003-2019,true
2023,mercedes,mercedesbenz,cls-class,2,exact,CLS-Class,Passenger Car,CLS450 4matic,,2005-2023,true
2004,audi,audi,a4,3,exact,A4,Passenger Car,A4 Cabriolet,,1996-2025,true
2022,ford,ford,f-250,8,exact,F-250,Truck,,,1990-2026,true
2024,ford,ford,f-250,7,exact,F-250,Truck,,,1990-2026,true
2026,volvo,volvo,ex40,1,exact,XC40,MPV,XC40 B4,,2019-2026,true
2010,toyota,toyota,avalon,2,exact,Avalon,Passenger Car,Avalon,,1995-2022,true
2024,kia,kia,niro,5,exact,Niro,MPV,Niro Electric,,2017-2026,true
2009,toyota,toyota,avalon,2,exact,Avalon,Passenger Car,Avalon,,1995-2022,true
2026,kia,kia,niro,5,exact,Niro,MPV,Niro,,2017-2026,true
2022,ram,ram,promaster,3,exact,ProMaster 1500,MPV,,,2014-2026,true
2015,mercedes,mercedesbenz,cls-class-amg,2,exact,CLS-Class,Passenger Car,CLS63 AMG S 4matic,,2005-2023,true
2019,honda,honda,clarity,1,exact,Clarity,Passenger Car,Clarity Plug-in Hybrid,,2014 2017-2021,true
2023,ram,ram,promaster,3,exact,ProMaster 1500,MPV,,,2014-2026,true
2001,honda,honda,odyssey,3,exact,Odyssey,MPV,Odyssey,,1995-2026,true
2024,ram,ram,promaster,3,exact,ProMaster 1500,MPV,,,2014-2026,true
2003,acura,acura,mdx,7,exact,MDX,MPV,MDX 4WD,,2001-2026,true
1995,isuzu,isuzu,trooper,1,exact,Trooper,Truck,Trooper,,1990-2002,true
2012,bmw,bmw,m3,3,exact,M3,Passenger Car,M3 Coupe,,1990-1991 1995-1999 2001-2006 2008-2013 2015-2018 2020-2026,true
2005,acura,acura,mdx,7,exact,MDX,MPV,MDX 4WD,,2001-2026,true
2007,acura,acura,mdx,6,exact,MDX,MPV,MDX 4WD,,2001-2026,true
2017,acura,acura,mdx,6,exact,MDX,MPV,MDX FWD,,2001-2026,true
2024,genesis,genesis,gv70,5,exact,GV70,MPV,GV70 AWD,,2022-2026,true
2006,cadillac,cadillac,cts,6,exact,CTS,Passenger Car,CTS,,2003-2019,true
2001,isuzu,isuzu,trooper,1,exact,Trooper,MPV,Trooper 2WD,,1990-2002,true
2020,chevrolet,chevrolet,traverse,6,exact,Traverse,MPV,Traverse FWD,,2009-2026,true
2003,chevrolet,chevrolet,silverado-2500hd,2,exact,Silverado,Truck,Silverado 1500 2WD,,1990-1993 1999-2026,true
2020,nissan,nissan,titan,12,exact,Titan,Truck,Titan 2WD,,2002-2024,true
2020,mercedes,mercedesbenz,e-class-coupe,2,exact,E-Class,Passenger Car,AMG E53 4matic Plus Coupe,,1990-2026,true
2014,mercedes,mercedesbenz,e-class,14,exact,E-Class,Passenger Car,E400 Hybrid,,1990-2026,true
2017,rolls-royce,rollsroyce,phantom,1,exact,Phantom,Passenger Car,Phantom Drophead Coupe,,2004-2026,true
2008,cadillac,cadillac,cts,6,exact,CTS,Passenger Car,CTS,,2003-2019,true
2011,ford,ford,mustang-shelby-gt350,1,exact,Mustang,Passenger Car,Mustang,,1990-2026,true
2024,mercedes,mercedesbenz,g-class-amg,1,exact,G-Class,MPV,G550,,1999 2002-2026,true
2006,mazda,mazda,mazda6,4,exact,Mazda6,Passenger Car,6,,2003-2026,true
2011,mazda,mazda,mazda5,3,exact,Mazda5,Passenger Car,3,,2003-2026,true
2024,acura,acura,mdx,6,exact,MDX,MPV,MDX FWD,,2001-2026,true
2004,kia,kia,sedona,2,exact,Sedona,Passenger Car,Sedona,,2001-2026,true
2003,gmc,gmc,sierra-1500,2,exact,Sierra,Truck,Sierra 1500 2WD,,1990-2026,true
2019,bmw,bmw,x4,4,exact,X4,MPV,X4 M40i,,2015-2025,true
2023,infiniti,infiniti,qx50,6,exact,QX50,MPV,QX50,,2008-2017 2019-2025,true
2009,cadillac,cadillac,cts,6,exact,CTS,Passenger Car,CTS,,2003-2019,true
2008,honda,honda,fit,1,exact,Fit,Passenger Car,Fit,,2007-2020,true
2021,hyundai,hyundai,veloster,1,exact,Veloster,Passenger Car,Veloster,,2012-2022,true
2010,acura,acura,mdx,6,exact,MDX,MPV,MDX 4WD,,2001-2026,true
2000,toyota,toyota,yaris,1,none,,,,,2007-2020,true
2025,honda,honda,odyssey,5,exact,Odyssey,MPV,Odyssey,,1995-2026,true
2004,lexus,lexus,gs,5,exact,GS,Passenger Car,GS 300/GS 430,,1993-2020,true
2009,volvo,volvo,xc90,5,exact,XC90,Passenger Car,XC90 FWD,,2003-2014 2016-2026,true
2001,lexus,lexus,rx,6,exact,RX,MPV,RX 300 4WD,,1999-2026,true
2019,honda,honda,hr-v,5,exact,HR-V,MPV,HR-V FWD,,2016-2026,true
2021,ford,ford,f-350,7,exact,F-250,Truck,,,1990-2026,true
2011,suzuki,suzuki,kizashi,1,exact,Kizashi,Passenger Car,Kizashi S,,2010-2013,true
2019,honda,honda,pilot,7,exact,Pilot,MPV,Pilot FWD,,2003-2026,true
2019,honda,honda,ridgeline,6,exact,Ridgeline,Truck,Ridgeline FWD,,2006-2026,true
2019,hyundai,hyundai,elantra,5,exact,Elantra,Passenger Car,Elantra SE,,1992-2026,true
2025,ford,ford,f-350,6,exact,F-250,Truck,,,1990-2026,true
2019,hyundai,hyundai,kona,5,exact,Kona,MPV,Kona FWD,,2018-2026,true
2024,chevrolet,chevrolet,suburban,1,exact,Suburban,MPV,Suburban 2WD,,1990-2026,true
1996,toyota,toyota,rav4,3,exact,RAV4,MPV,RAV4 2WD,,1996-2026,true
2002,ford,ford,explorer,8,exact,Explorer,Truck,Explorer Sport Trac 2WD,,1991-2026,true
2014,ford,ford,mustang-shelby-gt500,2,exact,Mustang,Passenger Car,Mustang,,1990-2026,true
2019,infiniti,infiniti,qx50,6,exact,QX50,MPV,QX50,,2008-2017 2019-2025,true
2007,nissan,nissan,maxima,6,exact,Maxima,Passenger Car,Maxima,,1990-2014 2016-2023,true
2010,ford,ford,mustang-shelby-gt500,2,exact,Mustang,Passenger Car,Mustang,,1990-2026,true
2011,nissan,nissan,titan,11,exact,Titan,Truck,Titan 2WD,,2002-2024,true
1994,dodge,dodge,viper,1,exact,Viper,Passenger Car,Viper,,1992-2006 2008-2010 2013-2017,true
2013,cadillac,cadillac,cts,6,exact,CTS,Passenger Car,CTS,,2003-2019,true
2014,cadillac,cadillac,cts,6,exact,CTS,Passenger Car,CTS Sedan AWD,,2003-2019,true
1990,lexus,lexus,ls,4,exact,LS,Passenger Car,LS 400,,1990-2026,true
1990,lexus,lexus,es,5,exact,ES,Passenger Car,ES 250,,1990-2026,true
1990,mitsubishi,mitsubishi,eclipse,5,exact,Eclipse,Passenger Car,Eclipse,,1990-2012,true
2012,ford,ford,mustang-shelby-gt500,2,exact,Mustang,Passenger Car,Mustang,,1990-2026,true
2012,nissan,nissan,titan,11,exact,Titan,Truck,Titan 2WD,,2002-2024,true
2013,nissan,nissan,titan,11,exact,Titan,Truck,Titan 2WD,,2002-2024,true
2007,nissan,nissan,altima,6,exact,Altima,Passenger Car,Altima,,1993-2026,true
2014,mazda,mazda,mazda5,3,exact,Mazda5,Passenger Car,5,,2003-2026,true
2008,ford,ford,mustang-shelby-gt500,2,exact,Mustang,Passenger Car,Mustang,,1990-2026,true
1994,volvo,volvo,850,1,exact,,,850,,1993-1997,true
2023,kia,kia,soul,6,exact,Soul,MPV,Soul,,2010-2025,true
1993,ford,ford,probe,1,exact,Probe,Passenger Car,Probe,,1990-1997,true
2022,toyota,toyota,gr86,3,exact,GR86,Passenger Car,GR 86,,2017-2020 2022-2026,true
2017,bmw,bmw,x6,3,exact,X6,MPV,X6 sDrive35i,,2008-2026,true
1997,ford,ford,probe,1,exact,Probe,Passenger Car,Probe,,1990-1997,true
1991,ford,ford,probe,1,exact,Probe,Passenger Car,Probe,,1990-1997,true
2013,chevrolet,chevrolet,camaro,6,exact,Camaro,Passenger Car,Camaro,,1990-2002 2010-2024,true
2015,nissan,nissan,titan,11,exact,Titan,Truck,Titan 2WD,,2002-2024,true
2004,ford,ford,focus,3,exact,Focus,Passenger Car,Focus,,2000-2018,true
2011,subaru,subaru,wrx,10,exact,Impreza,Passenger Car,Impreza AWD,,1993-2026,true
1992,ford,ford,probe,1,exact,Probe,Passenger Car,Probe,,1990-1997,true
2015,cadillac,cadillac,cts,6,exact,CTS,Passenger Car,CTS Sedan AWD,,2003-2019,true
1995,honda,honda,odyssey,1,exact,Odyssey,Passenger Car,Odyssey,,1995-2026,true
2021,subaru,subaru,wrx,8,exact,Impreza,Passenger Car,Impreza 4-Door,,1993-2026,true
1990,lincoln,lincoln,continental,5,exact,Continental,Passenger Car,Continental,,1990-2002 2017-2020,true
2019,lexus,lexus,gs,5,exact,GS,Passenger Car,GS F,,1993-2020,true
2019,lexus,lexus,is,5,exact,IS,Passenger Car,IS 300 AWD,,2001-2026,true
2016,nissan,nissan,titan,12,exact,Titan,Truck,,,2002-2024,true
2023,honda,honda,hr-v,5,exact,HR-V,MPV,HR-V AWD,,2016-2026,true
2019,lexus,lexus,ls,4,exact,LS,Passenger Car,LS 500h,,1990-2026,true
1992,ford,ford,ranger,1,exact,Ranger,MPV,Ranger Pickup 2WD,,1990-2011 2019-2026,true
2019,lexus,lexus,ux,3,exact,UX,Passenger Car,UX 200,,2019-2026,true
2004,audi,audi,a6,4,exact,A6,Passenger Car,A6,,1995-2026,true
2005,hyundai,hyundai,tucson,6,exact,Tucson,MPV,Tucson 2WD,,2005-2026,true
2021,toyota,toyota,corolla,6,exact,Corolla,Passenger Car,Corolla,,1990-2026,true
2011,ford,ford,escape,7,exact,Escape,MPV,Escape FWD,,2001-2026,true
2023,honda,honda,pilot,8,exact,Pilot,MPV,Pilot FWD,,2003-2026,true
1991,ford,ford,taurus,1,exact,Taurus,Passenger Car,Taurus,,1990-2019,true
1996,ford,ford,taurus,1,exact,Taurus,Passenger Car,Taurus,,1990-2019,true
1997,ford,ford,taurus,1,exact,Taurus,Passenger Car,Taurus,,1990-2019,true
1990,ford,ford,taurus,1,exact,Taurus,Passenger Car,Taurus,,1990-2019,true
1996,ford,ford,taurus-sho,1,exact,Taurus,Passenger Car,Taurus,,1990-2019,true
2019,cadillac,cadillac,cts,6,exact,CTS,Passenger Car,CTS,,2003-2019,true
2023,chrysler,chrysler,pacifica,2,exact,Pacifica,MPV,Pacifica Hybrid,,2004-2009 2017-2026,true
2019,nissan,nissan,altima,6,exact,Altima,Passenger Car,Altima,,1993-2026,true
2026,lexus,lexus,rx,6,exact,RX,MPV,RX 350,,1999-2026,true
1990,volkswagen,volkswagen,gti,1,exact,,,Golf/GTI,,1990-2026,true
2024,alfa romeo,alfaromeo,stelvio,6,exact,Stelvio,MPV,Stelvio,,2018-2026,true
2026,lincoln,lincoln,navigator,4,exact,Navigator,MPV,Navigator 4WD,,1998-2026,true
2019,nissan,nissan,leaf,4,exact,Leaf,Passenger Car,Leaf (40 kW-hr battery pack),,2011-2026,true
2003,cadillac,cadillac,escalade,6,exact,Escalade,MPV,Escalade 2WD,,1999-2026,true
1996,honda,honda,odyssey,1,exact,Odyssey,Passenger Car,Odyssey,,1995-2026,true
2026,chrysler,chrysler,pacifica,2,exact,Pacifica,MPV,Pacifica,,2004-2009 2017-2026,true
2003,mercedes,mercedesbenz,slk-class,2,exact,SLK-Class,Passenger Car,SLK230 Kompressor,,1998-2016,true
2003,mercedes,mercedesbenz,g-class,2,exact,G-Class,MPV,G500,,1999 2002-2026,true
2003,chrysler,chrysler,town-and-country,2,exact,Town and Country,MPV,Town and Country/Voyager/Grand Voy. 2WD,,1990-2016,true
2004,chrysler,chrysler,town-and-country,2,exact,Town and Country,MPV,Town and Country/Voyager/Grand Voy. 2WD,,1990-2016,true
1997,honda,honda,odyssey,1,exact,Odyssey,Passenger Car,Odyssey,,1995-2026,true
2009,chrysler,chrysler,town-and-country,2,exact,Town and Country,MPV,Town and Country,,1990-2016,true
2010,chrysler,chrysler,town-and-country,2,exact,Town and Country,MPV,Town and Country,,1990-2016,true
2011,chrysler,chrysler,town-and-country,2,exact,Town and Country,MPV,Town and Country,,1990-2016,true
2021,audi,audi,q7,5,exact,Q7,MPV,Q7,,2007-2015 2017-2026,true
1998,honda,honda,odyssey,1,exact,Odyssey,Passenger Car,Odyssey,,1995-2026,true
2025,bmw,bmw,ix,1,exact,iX,MPV,iX M60 (21 inch Wheels),,2022-2026,true
1993,volvo,volvo,850,1,exact,,,850,,1993-1997,true
2010,ford,ford,focus,3,exact,Focus,Passenger Car,Focus FWD,,2000-2018,true
2023,toyota,toyota,fj-cruiser,1,none,,,,,2007-2014,true
2023,hyundai,hyundai,kona,5,exact,Kona,MPV,Kona FWD,,2018-2026,true
1995,volkswagen,volkswagen,gti,1,exact,GTI,Passenger Car,Golf III,,1990-2026,true
2024,chevrolet,chevrolet,tahoe,7,exact,Tahoe,MPV,Tahoe 2WD,,1995-2026,true
2008,dodge,dodge,challenger,6,exact,Challenger,Passenger Car,Challenger,,2008-2023,true
2005,buick,buick,terraza,1,exact,Terraza,MPV,Terraza FWD,,2005-2008,true
1997,volvo,volvo,850,1,exact,,,850,,1993-1997,true
2005,cadillac,cadillac,escalade,6,exact,Escalade,MPV,Escalade 2WD,,1999-2026,true
2026,mini,mini,cooper,6,exact,Cooper Convertible,Passenger Car,Cooper C Convertible,,2002-2026,true
1993,ford,ford,thunderbird,1,exact,Thunderbird,Passenger Car,Thunderbird,,1990-1997 2002-2005,true
2020,chevrolet,chevrolet,trailblazer,1,none,,,,,2002-2009 2021-2026,true
2022,lexus,lexus,is,5,exact,IS,Passenger Car,IS 300 AWD,,2001-2026,true
2022,lexus,lexus,ls,4,exact,LS,Passenger Car,LS 500h AWD,,1990-2026,true
2019,gmc,gmc,terrain,6,exact,Terrain,MPV,Terrain FWD,,2009-2026,true
1991,volvo,volvo,940,1,exact,,,940 GLE 16-Valve,,1991-1995,true
2012,volvo,volvo,v50,1,none,,,,,2005-2011,true
2015,acura,acura,mdx,6,exact,MDX,MPV,MDX 2WD,,2001-2026,true
2021,gmc,gmc,terrain,6,exact,Terrain,MPV,Terrain FWD,,2009-2026,true
1996,hyundai,hyundai,sonata,1,exact,Sonata,Passenger Car,Sonata,,1990-2026,true
2007,toyota,toyota,highlander,9,exact,Highlander,MPV,Highlander 2WD,,2001-2026,true
2016,acura,acura,mdx,6,exact,MDX,MPV,MDX 2WD,,2001-2026,true
2022,lexus,lexus,rx,6,exact,RX,MPV,RX 350 L,,1999-2026,true
2021,kia,kia,sedona,2,exact,Sedona,MPV,Sedona,,2001-2026,true
2020,kia,kia,optima,2,exact,Optima,Passenger Car,Optima Hybrid,,2001-2020,true
1994,ford,ford,thunderbird,1,exact,Thunderbird,Passenger Car,Thunderbird,,1990-1997 2002-2005,true
2021,ford,ford,fiesta,1,none,,,,,2011-2019,true
2016,audi,audi,q3,4,exact,Q3,MPV,Q3,,2015-2026,true
2007,porsche,porsche,cayman,1,exact,Boxster,Passenger Car,Boxster,,1997-2025,true
1995,ford,ford,thunderbird,1,exact,Thunderbird,Passenger Car,Thunderbird,,1990-1997 2002-2005,true
2015,audi,audi,s3,1,exact,S3,Passenger Car,S3,,2015-2020 2022-2026,true
2009,audi,audi,s6,1,exact,S6,Passenger Car,S6,,1995-1997 2002-2003 2007-2011 2013-2018 2020-2025,true
2023,dodge,dodge,durango,1,exact,Durango,MPV,Durango RWD,,1995-2009 2011-2026,true
2001,volvo,volvo,s40,1,exact,S40,Passenger Car,S40 FWD,,1999-2011,true
2004,ford,ford,explorer,8,exact,Explorer,MPV,Explorer 2WD,,1991-2026,true
1998,buick,buick,park-avenue,1,exact,Park Avenue,Passenger Car,Park Avenue,,1990-2005,true
2022,ram,ram,1500,17,exact,1500,MPV,1500 2WD,,2013-2026,true
1997,ford,ford,thunderbird,1,exact,Thunderbird,Passenger Car,Thunderbird,,1990-1997 2002-2005,true
2009,dodge,dodge,challenger,6,exact,Challenger,Passenger Car,Challenger,,2008-2023,true
2013,buick,buick,verano,1,exact,Verano,Passenger Car,Verano,,2012-2017,true
2010,mazda,mazda,mx-5-miata,2,exact,MX-5,Passenger Car,MX-5,,1990-1997 1999-2026,true
1999,ford,ford,windstar,1,exact,Windstar,MPV,Windstar FWD Van,,1995-2003,true
2009,mazda,mazda,mazda3,2,exact,Mazda3,Passenger Car,3,,2003-2026,true
2019,ford,ford,fiesta,6,exact,Fiesta,Passenger Car,Fiesta FWD,,2011-2019,true
2019,subaru,subaru,ascent,6,exact,Ascent,MPV,Ascent,,2019-2026,true
2009,acura,acura,rl,1,exact,RL,Passenger Car,RL,,1990-2012,true
2004,acura,acura,rsx,1,exact,RSX,Passenger Car,RSX,,2002-2006,true
2012,acura,acura,zdx,1,exact,ZDX,MPV,ZDX 4WD,,2010-2013 2024-2026,true
2023,lexus,lexus,rc,1,exact,RC,Passenger Car,RC 300 AWD,,2015-2025,true
2015,toyota,toyota,sequoia,5,exact,Sequoia,MPV,Sequoia 2WD,,2000-2026,true
2016,toyota,toyota,sequoia,5,exact,Sequoia,MPV,Sequoia 2WD,,2000-2026,true
2017,toyota,toyota,sequoia,5,exact,Sequoia,MPV,Sequoia 4WD FFV,,2000-2026,true
2005,toyota,toyota,solara,1,exact,Camry,Passenger Car,Camry Solara,,1990-2026,true
2022,subaru,subaru,impreza,5,exact,Impreza,Passenger Car,Impreza 4-Door,,1993-2026,true
2014,audi,audi,allroad,1,exact,A4 allroad,MPV,allroad quattro,,1995-2026,true
2022,audi,audi,e-tron,1,exact,e-tron,MPV,e-tron S (20in wheels),,2019-2026,true
2002,audi,audi,allroad,1,exact,allroad,Passenger Car,Allroad,,1995-2026,true
2001,toyota,toyota,tundra,2,exact,Tundra,Truck,Tundra 2WD,,1995-2026,true
2012,ford,ford,expedition,7,exact,Expedition,MPV,Expedition 2WD FFV,,1997-2026,true
2006,saturn,saturn,vue,1,exact,Vue,MPV,Vue FWD,,2002-2010,true
2007,honda,honda,s2000,1,exact,S2000,Passenger Car,S2000,,2000-2009,true
2009,cadillac,cadillac,escalade,6,exact,Escalade,MPV,Escalade Hybrid 2WD,,1999-2026,true
2012,lexus,lexus,lx,5,exact,LX,MPV,,,1996-2026,true
2011,toyota,toyota,land-cruiser,3,exact,Land Cruiser,MPV,Land Cruiser Wagon 4WD,,1990-2021 2024-2026,true
1991,isuzu,isuzu,trooper,1,exact,Trooper,MPV,Trooper,,1990-2002,true
2021,acura,acura,tlx,6,exact,TLX,Passenger Car,TLX AWD A-SPEC,,2015-2025,true
2015,mazda,mazda,mx-5-miata,2,exact,MX-5,Passenger Car,MX-5,,1990-1997 1999-2026,true
2017,kia,kia,optima,2,exact,Optima,Passenger Car,Optima Hybrid,,2001-2020,true
2010,cadillac,cadillac,escalade,6,exact,Escalade,MPV,Escalade 2WD,,1999-2026,true
2003,acura,acura,cl-type-s,2,exact,CL,Passenger Car,3.2CL,,1990-1999 2001-2003,true
2002,jeep,jeep,grand-cherokee,11,exact,Grand Cherokee,MPV,Grand Cherokee 2WD,,1993-2026,true
2007,ford,ford,mustang,4,exact,Mustang,Passenger Car,Mustang,,1990-2026,true
1998,toyota,toyota,tacoma,11,exact,Tacoma,Truck,Tacoma 2WD,,1995-2026,true
1993,nissan,nissan,altima,1,exact,Altima,Passenger Car,Altima / Stanza,,1993-2026,true
2018,jeep,jeep,renegade,5,exact,Renegade,MPV,Renegade 2WD,,2015-2023,true
2005,gmc,gmc,sierra-1500,2,exact,Sierra,Truck,Sierra 15 Hybrid 2WD,,1990-2026,true
2026,mercedes,mercedesbenz,gls,8,exact,GLS-Class,MPV,AMG GLS63 4matic Plus,,2006-2026,true
2021,ford,ford,ranger,6,exact,Ranger,Truck,Ranger 4WD,,1990-2011 2019-2026,true
2014,mercedes,mercedesbenz,slk-class,2,exact,SLK-Class,Passenger Car,SLK55 AMG,,1998-2016,true
2017,porsche,porsche,boxster,5,exact,718 Boxster,Passenger Car,Boxster,,1997-2025,true
2009,gmc,gmc,sierra-1500,1,exact,Sierra,Truck,Sierra C15 2WD,,1990-2026,true
2004,honda,honda,s2000,1,exact,S2000,Passenger Car,S2000,,2000-2009,true
2015,toyota,toyota,4runner,8,exact,4Runner,MPV,4Runner 2WD,,1990-2026,true
2009,jeep,jeep,cherokee,1,exact,Cherokee,MPV,,,1990-2011 2014-2023 2026,true
2016,toyota,toyota,4runner,8,exact,4Runner,MPV,4Runner 2WD,,1990-2026,true
2021,toyota,toyota,4runner,8,exact,4Runner,MPV,4Runner 2WD,,1990-2026,true
2022,toyota,toyota,4runner,8,exact,4Runner,MPV,4Runner 2WD,,1990-2026,true
2016,cadillac,cadillac,escalade,6,exact,Escalade,MPV,Escalade 2WD,,1999-2026,true
2021,toyota,toyota,tundra,8,exact,Tundra,Truck,Tundra 2WD,,1995-2026,true
2021,infiniti,infiniti,qx60,5,exact,QX60,MPV,,,2013-2026,true
2013,jeep,jeep,wrangler,2,exact,Wrangler,MPV,Wrangler 4WD,,1990-2026,true
2021,chevrolet,chevrolet,colorado,6,exact,Colorado,Truck,Colorado 2WD,,2004-2012 2015-2026,true
2007,ford,ford,ranger,6,exact,Ranger,Truck,Ranger Pickup 2WD,,1990-2011 2019-2026,true
2011,mitsubishi,mitsubishi,eclipse,5,exact,Eclipse,Passenger Car,Eclipse Spyder,,1990-2012,true
2003,nissan,nissan,altima,6,exact,Altima,Passenger Car,Altima,,1993-2026,true
2008,hyundai,hyundai,elantra,5,exact,Elantra,Passenger Car,Elantra,,1992-2026,true
2003,jeep,jeep,wrangler,5,exact,Wrangler,MPV,Wrangler/TJ 4WD,,1990-2026,true
2009,nissan,nissan,altima,6,exact,Altima,Passenger Car,Altima Coupe,,1993-2026,true
2001,jeep,jeep,wrangler,4,exact,Wrangler,Truck,Wrangler 4WD,,1990-2026,true
2015,kia,kia,sportage,7,exact,Sportage,MPV,Sportage FWD,,1995-2026,true
2014,kia,kia,soul,6,exact,Soul,MPV,Soul,,2010-2025,true
2015,mazda,mazda,mazda3,6,exact,Mazda3,Passenger Car,3 4-Door,,2003-2026,true
2021,aston martin,astonmartin,dbx,1,exact,DBX,Passenger Car,,,2021-2026,true
2019,genesis,genesis,g70,4,exact,G70,Passenger Car,G70 AWD,,2019-2026,true
2004,nissan,nissan,armada,5,exact,Armada,Truck,,,2002-2015 2017-2026,true
2024,aston martin,astonmartin,dbx,1,exact,DBX,MPV,,,2021-2026,true
2010,nissan,nissan,gt-r,6,exact,GT-R,Passenger Car,GT-R,,2009-2024,true
2004,buick,buick,rendezvous,1,exact,Rendezvous,MPV,Rendezvous FWD,,2001-2007,true
2026,mercedes,mercedesbenz,amg-gt,7,exact,AMG GT,Passenger Car,AMG GT 55 4matic Plus (coupe),,2016-2026,true
2006,cadillac,cadillac,escalade-esv,6,exact,Escalade,MPV,Escalade 2WD,,1999-2026,true
2023,chevrolet,chevrolet,silverado,1,exact,Silverado,Truck,Silverado 2WD,,1990-2026,true
2021,genesis,genesis,g70,4,exact,G70,Passenger Car,G70 AWD,,2019-2026,true
2022,chevrolet,chevrolet,silverado,1,exact,Silverado,Truck,Silverado 2WD,,1990-2026,true
2021,chevrolet,chevrolet,silverado,1,exact,Silverado,Truck,Silverado 2WD,,1990-2026,true
2020,chevrolet,chevrolet,silverado,1,exact,Silverado,Truck,Silverado 2WD,,1990-2026,true
2008,cadillac,cadillac,escalade-esv,6,exact,Escalade,MPV,Escalade 2WD,,1999-2026,true
2015,chevrolet,chevrolet,silverado,1,exact,Silverado,Truck,Silverado C15 2WD,,1990-2026,true
2012,hyundai,hyundai,elantra,5,exact,Elantra,Passenger Car,Elantra,,1992-2026,true
2021,genesis,genesis,g80,5,exact,G80,Passenger Car,G80 AWD,,2017-2026,true
2021,genesis,genesis,gv80,3,exact,GV80,MPV,GV80 RWD,,2021-2026,true
1993,volkswagen,volkswagen,passat,1,exact,Passat,Passenger Car,Passat,,1990-2022,true
2004,land rover,landrover,defender,1,none,,,,,1993-1995 1997 2020-2026,true
2020,mercedes,mercedesbenz,c-class,24,exact,C-Class,Passenger Car,C300 4matic,,1994-2026,true
2021,mercedes,mercedesbenz,c-class,24,exact,C-Class,Passenger Car,C300 Coupe,,1994-2026,true
1999,chevrolet,chevrolet,camaro,3,exact,Camaro,Passenger Car,Camaro,,1990-2002 2010-2024,true
2007,land rover,landrover,defender,1,none,,,,,1993-1995 1997 2020-2026,true
2009,land rover,landrover,defender,1,none,,,,,1993-1995 1997 2020-2026,true
2009,cadillac,cadillac,escalade-esv,6,exact,Escalade,MPV,Escalade Hybrid 2WD,,1999-2026,true
2012,kia,kia,optima,2,exact,Optima,Passenger Car,Optima,,2001-2020,true
2019,chrysler,chrysler,pacifica,2,exact,Pacifica,MPV,Pacifica,,2004-2009 2017-2026,true
2024,nissan,nissan,titan-xd,4,exact,Titan,Truck,Titan 2WD,,2002-2024,true
2023,mercedes,mercedesbenz,eqs,5,exact,EQS-Class Sedan,Passenger Car,EQS 450 4matic,,2022-2026,true
2016,mercedes,mercedesbenz,cla,9,exact,CLA-Class,Passenger Car,CLA250 4matic,,2014-2026,true
2020,chrysler,chrysler,pacifica,3,exact,Pacifica,MPV,Pacifica,,2004-2009 2017-2026,true
2002,audi,audi,a6,4,exact,A6,Passenger Car,A6,,1995-2026,true
2021,porsche,porsche,cayenne,7,exact,Cayenne,MPV,Cayenne,,2003-2026,true
2007,nissan,nissan,murano,5,exact,Murano,MPV,Murano FWD,,2002-2007 2009-2026,true
2021,jeep,jeep,compass,9,exact,Compass,MPV,Compass FWD,,2006-2026,true
2015,toyota,toyota,e-z,1,none,,,,,,true
2021,mini,mini,clubman,6,exact,Clubman,Passenger Car,Cooper S Clubman,,2008-2014 2016-2024,true
2007,acura,acura,tl,6,exact,TL,Passenger Car,TL,,1990-2014,true
2010,acura,acura,tl,5,exact,TL,Passenger Car,TL 2WD,,1990-2014,true
2021,land rover,landrover,defender,8,exact,Defender,MPV,Defender 110 MHEV,,1993-1995 1997 2020-2026,true
1993,honda,honda,del-sol,1,exact,Civic,Passenger Car,Civic Del Sol,,1990-2026,true
2012,acura,acura,tl,5,exact,TL,Passenger Car,TL 2WD,,1990-2014,true
2023,mini,mini,clubman,6,exact,Clubman,Passenger Car,Cooper S Clubman,,2008-2014 2016-2024,true
2014,ford,ford,fusion,3,exact,Fusion,Passenger Car,Fusion FWD,,2006-2020,true
2021,land rover,landrover,discovery,5,exact,Discovery,MPV,Discovery,,1994-2026,true
2013,dodge,dodge,challenger,6,exact,Challenger,Passenger Car,Challenger SRT8,,2008-2023,true
2005,chevrolet,chevrolet,colorado,6,exact,Colorado,Truck,Colorado 2WD,,2004-2012 2015-2026,true
2026,nissan,nissan,murano,5,exact,Murano,MPV,Murano AWD,,2002-2007 2009-2026,true
2011,mercedes,mercedesbenz,c-class,11,exact,C-Class,Passenger Car,C350,,1994-2026,true
2010,chevrolet,chevrolet,colorado,6,exact,Colorado,Truck,Colorado 2WD,,2004-2012 2015-2026,true
2007,land rover,landrover,discovery,6,exact,LR3,MPV,LR3,,1994-2026,true
2021,nissan,nissan,altima,6,exact,Altima,Passenger Car,Altima,,1993-2026,true
2014,mercedes,mercedesbenz,c-class,11,exact,C-Class,Passenger Car,C350,,1994-2026,true
2000,chevrolet,chevrolet,tahoe,7,exact,Tahoe,MPV,Tahoe 1500 2WD,,1995-2026,true
2003,chevrolet,chevrolet,tahoe,7,exact,Tahoe,MPV,Tahoe 1500 2WD,,1995-2026,true
2016,toyota,toyota,highlander,11,exact,Highlander,MPV,Highlander 2WD,,2001-2026,true
2025,mini,mini,cooper,6,exact,Cooper Convertible,Passenger Car,Cooper S Hardtop 2 door,,2002-2026,true
2008,chevrolet,chevrolet,tahoe,7,exact,Tahoe,MPV,Tahoe 1500 2WD,,1995-2026,true
1993,geo,geo,storm,1,exact,Storm,Passenger Car,Storm,,1990-1993,true
1990,gmc,gmc,sierra-3500hd,1,exact,Sierra,MPV,Sierra 1500 2WD,,1990-2026,true
2007,chevrolet,chevrolet,tahoe,7,exact,Tahoe,MPV,Tahoe 1500 2WD,,1995-2026,true
2015,chevrolet,chevrolet,tahoe,8,exact,Tahoe,MPV,Tahoe C1500 2WD,,1995-2026,true
2019,toyota,toyota,tacoma,6,exact,Tacoma,Truck,Tacoma 2WD,,1995-2026,true
2004,jeep,jeep,liberty,4,exact,Liberty,MPV,Liberty/Cherokee 2WD,,1993-2013,true
2013,acura,acura,rdx,5,exact,RDX,MPV,RDX 2WD,,2007-2026,true
2003,audi,audi,a4,3,exact,A4,Passenger Car,A4 Cabriolet,,1996-2025,true
2026,chevrolet,chevrolet,colorado,6,exact,Colorado,Truck,Colorado 2WD,,2004-2012 2015-2026,true
2019,mitsubishi,mitsubishi,mirage,1,exact,Mirage,Passenger Car,Mirage,,1990-2002 2014-2024,true
2013,toyota,toyota,sienna,8,exact,Sienna,MPV,Sienna 2WD,,1995-2026,true
2015,subaru,subaru,brz,4,exact,BRZ,Passenger Car,BRZ,,2013-2026,true
2011,mini,mini,countryman,6,exact,Countryman,Passenger Car,Cooper Countryman,,2011-2026,true
2005,chevrolet,chevrolet,malibu,5,exact,Malibu,Passenger Car,Malibu,,1997-2025,true
2021,subaru,subaru,ascent,6,exact,Ascent,MPV,Ascent,,2019-2026,true
2013,hyundai,hyundai,elantra,5,exact,Elantra,Passenger Car,Elantra,,1992-2026,true
2015,mini,mini,countryman,6,exact,Countryman,Passenger Car,Cooper Countryman,,2011-2026,true
2011,mini,mini,clubman,6,exact,Clubman,Passenger Car,Clubman,,2008-2014 2016-2024,true
2019,aston martin,astonmartin,vantage,1,exact,Vantage,Passenger Car,Vantage V8,,2006-2026,true
2021,toyota,toyota,tacoma,6,exact,Tacoma,Truck,Tacoma 2WD,,1995-2026,true
2014,mini,mini,clubman,6,exact,Clubman,Passenger Car,Cooper Clubman,,2008-2014 2016-2024,true
2026,mini,mini,clubman,6,none,,,,,2008-2014 2016-2024,true
1995,chevrolet,chevrolet,monte-carlo,2,exact,Monte Carlo,MPV,Lumina/Monte Carlo,,1995-2007,true
2023,jaguar,jaguar,xf,5,exact,XF,Passenger Car,XF P250,,2009-2024,true
2003,mitsubishi,mitsubishi,diamante,1,exact,Diamante,Passenger Car,Diamante Sedan,,1992-2005,true
2000,volvo,volvo,s70,1,exact,S70,Passenger Car,S70,,1998-2000,true
2006,volvo,volvo,s80,1,exact,S80,MPV,S80 AWD,,1999-2016,true
2001,jeep,jeep,cherokee,3,exact,Cherokee,Truck,Cherokee 2WD,,1990-2011 2014-2023 2026,true
2022,mercedes,mercedesbenz,eqe,1,none,,,,,2023-2026,true
2026,nissan,nissan,kicks,1,exact,,,Kicks,,2018-2026,true
2023,mercedes,mercedesbenz,eqe,5,family,EQE-Class Sedan,Passenger Car,,,2023-2026,true
2001,toyota,toyota,solara,1,exact,Camry,Passenger Car,Camry Solara Convertible,,1990-2026,true
2013,nissan,nissan,xterra,6,exact,Xterra,MPV,Xterra 2WD,,2000-2015,true
2015,nissan,nissan,xterra,6,exact,Xterra,MPV,Xterra 2WD,,2000-2015,true
2013,nissan,nissan,rogue,5,exact,Rogue,MPV,Rogue FWD,,2008-2026,true
1992,chevrolet,chevrolet,s10-blazer,1,exact,S-10 Pickup,Truck,S10 Pickup 2WD,,1990-2005 2019-2026,true
2021,gmc,gmc,yukon,6,exact,Yukon,MPV,Yukon 2WD,,1990-2026,true
2023,mazda,mazda,mx-30,1,exact,MX-30,Passenger Car,MX-30,,2022-2023,true
1995,pontiac,pontiac,firebird,1,exact,Firebird,Passenger Car,Firebird/Formula,,1990-2002,true
2009,hyundai,hyundai,santa-fe-classic,2,exact,Santa Fe,MPV,Santa Fe 4WD,,2001-2026,true
2023,toyota,toyota,tacoma,6,exact,Tacoma,Truck,Tacoma 2WD,,1995-2026,true
2019,nissan,nissan,kicks,1,exact,Kicks,Passenger Car,Kicks,,2018-2026,true
2015,hyundai,hyundai,elantra,5,exact,Elantra,Passenger Car,Elantra,,1992-2026,true
2018,mazda,mazda,cx-5,3,exact,CX-5,MPV,CX-5 2WD,,2013-2026,true
2004,nissan,nissan,sentra,4,exact,Sentra,Passenger Car,Sentra,,1990-2026,true
2003,nissan,nissan,maxima,6,exact,Maxima,Passenger Car,Maxima,,1990-2014 2016-2023,true
1998,volvo,volvo,s70,1,exact,S70,Passenger Car,S70,,1998-2000,true
2020,aston martin,astonmartin,db11,1,exact,DB11,Passenger Car,DB11 V12,,2017-2024,true
2010,nissan,nissan,rogue,5,exact,Rogue,MPV,Rogue FWD,,2008-2026,true
2026,aston martin,astonmartin,dbx,1,exact,DBX,MPV,,,2021-2026,true
2000,nissan,nissan,pathfinder,5,exact,Pathfinder,Truck,Pathfinder 2WD,,1990-2026,true
2002,nissan,nissan,pathfinder,5,exact,Pathfinder,MPV,Pathfinder 2WD,,1990-2026,true
2012,nissan,nissan,pathfinder,5,exact,Pathfinder,MPV,Pathfinder 2WD,,1990-2026,true
2023,audi,audi,q3,4,exact,Q3,MPV,Q3 S-Line,,2015-2026,true
2002,toyota,toyota,prius,5,exact,Prius,Passenger Car,Prius,,2001-2026,true
2017,acura,acura,tlx,6,exact,TLX,Passenger Car,TLX FWD,,2015-2025,true
2018,nissan,nissan,rogue-sport,3,exact,Rogue Sport,Passenger Car,Rogue Sport FWD,,2008-2026,true
1990,chevrolet,chevrolet,k3500,1,exact,GMT-400,Truck,,,1990-2026,true
2022,mazda,mazda,mx-5-miata,6,exact,MX-5,Passenger Car,MX-5,,1990-1997 1999-2026,true
2007,mercedes-benz,mercedesbenz,c-class,15,exact,C-Class,Passenger Car,C280,,1994-2026,true
1995,saturn,saturn,s-series,1,exact,SL,Passenger Car,SC,,1991-2002,true
1993,ford,ford,aerostar,1,exact,Aerostar,MPV,Aerostar Van,,1990-1997,true
2012,buick,buick,verano,1,exact,Verano,Passenger Car,Verano,,2012-2017,true
2012,chevrolet,chevrolet,impala,4,exact,Impala,Passenger Car,Impala,,1994-1996 2000-2020,true
2026,ram,ram,2500,17,exact,2500,Truck,,,2013-2026,true
2020,lexus,lexus,lc,1,exact,LC,Passenger Car,LC 500,,2018-2026,true
2022,lucid,lucid,air,1,exact,Air,Passenger Car,Air Dream P AWD w/19 inch wheels,,2022-2026,true
2022,toyota,toyota,sequoia,6,exact,Sequoia,MPV,Sequoia 2WD,,2000-2026,true
1997,toyota,toyota,tacoma,11,exact,Tacoma,Truck,Tacoma 2WD,,1995-2026,true
2026,mercedes,mercedesbenz,eqb,2,none,,,,,2022-2025,true
2015,audi,audi,sq5,1,exact,SQ5,MPV,SQ5,,2014-2026,true
1992,volkswagen,volkswagen,passat,1,exact,Passat,Passenger Car,Passat Wagon,,1990-2022,true
2021,tesla,tesla,model-x,2,exact,Model X,Passenger Car,Model X Long Range Plus,,2016-2026,true
2009,mercedes,mercedesbenz,slk-class,2,exact,SLK-Class,Passenger Car,SLK300,,1998-2016,true
1990,plymouth,plymouth,acclaim,1,exact,Acclaim,Passenger Car,Acclaim,,1990-1995,true
2003,toyota,toyota,4runner,3,exact,4Runner,MPV,4Runner 2WD,,1990-2026,true
2004,toyota,toyota,4runner,3,exact,4Runner,MPV,4Runner 2WD,,1990-2026,true
2017,audi,audi,sq5,1,exact,SQ5,MPV,SQ5,,2014-2026,true
2025,audi,audi,rs5,1,exact,RS 5,Passenger Car,RS 5 Sportback,,2013-2015 2018-2019 2021-2025,true
2024,audi,audi,rs5,1,exact,RS 5,Passenger Car,RS 5 Coupe,,2013-2015 2018-2019 2021-2025,true
2021,lexus,lexus,lc,1,exact,LC,Passenger Car,LC 500h,,2018-2026,true
2002,ram,ram,2500,10,crossmake,Ram,Passenger Car,Ram Van 2500 2WD,dodge,1990-2026,false
2021,audi,audi,rs5,1,exact,RS 5,Passenger Car,RS 5,,2013-2015 2018-2019 2021-2025,true
2019,audi,audi,rs5,1,exact,RS 5,Passenger Car,RS 5,,2013-2015 2018-2019 2021-2025,true
2002,ram,ram,3500,9,crossmake,Ram,Passenger Car,,dodge,1990-2026,false
1998,volkswagen,volkswagen,gti,1,exact,GTI,Passenger Car,Golf/GTI,,1990-2026,true
1994,volkswagen,volkswagen,golf,1,exact,,,Golf III,,1990-2026,true
1995,volkswagen,volkswagen,golf,1,exact,,,Golf III,,1990-2026,true
2021,lexus,lexus,ux,1,exact,UX,Passenger Car,UX 250h,,2019-2026,true
1996,volkswagen,volkswagen,golf,1,exact,Golf,Passenger Car,Golf/GTI,,1990-2026,true
1997,volkswagen,volkswagen,golf,1,exact,Golf,Passenger Car,Golf/GTI,,1990-2026,true
2019,audi,audi,q3,4,exact,Q3,MPV,Q3 quattro,,2015-2026,true
2020,jaguar,jaguar,xe,5,exact,XE,Passenger Car,XE,,2017-2021,true
2007,toyota,toyota,4runner,3,exact,4Runner,MPV,4Runner 2WD,,1990-2026,true
2008,toyota,toyota,4runner,3,exact,4Runner,MPV,4Runner 2WD,,1990-2026,true
2020,jeep,jeep,renegade,8,exact,Renegade,MPV,Renegade 2WD,,2015-2023,true
2009,toyota,toyota,4runner,3,exact,4Runner,MPV,4Runner 2WD,,1990-2026,true
1991,bmw,bmw,3-series,2,exact,325i,Passenger Car,318is,,1990-2026,true
2011,toyota,toyota,4runner,8,exact,4Runner,MPV,4Runner 2WD,,1990-2026,true
2009,ford,ford,escape,7,exact,Escape,MPV,Escape FWD,,2001-2026,true
2014,toyota,toyota,4runner,8,exact,4Runner,MPV,4Runner 2WD,,1990-2026,true
1991,toyota,toyota,camry,1,exact,Camry,Passenger Car,Camry,,1990-2026,true
2018,mercedes-benz,mercedesbenz,glc300,4,exact,GLC-Class,MPV,GLC300,,2016-2026,true
1995,volkswagen,volkswagen,cabrio,1,exact,Cabrio,Passenger Car,Cabrio,,1990-1993 1995-2002,true
2023,toyota,toyota,4runner,8,exact,4Runner,MPV,4Runner 2WD,,1990-2026,true
2002,subaru,subaru,outback,7,exact,Legacy,Passenger Car,Legacy AWD,,1990-2026,true
2006,bmw,bmw,z4,5,exact,Z4,Passenger Car,Z4 3.0si Coupe,,1998-2001 2003-2016 2019-2026,true
1999,ford,ford,club-wagon-e-150,1,exact,E-150,MPV,E150 Econoline 2WD,,1990-2014,true
2018,audi,audi,q7,5,exact,Q7,MPV,Q7,,2007-2015 2017-2026,true
1991,plymouth,plymouth,grand-voyager,1,exact,Voyager,MPV,Voyager/Grand Voyager 2WD,,1990-2005 2007-2009 2020-2026,true
1992,plymouth,plymouth,grand-voyager,1,exact,Voyager,MPV,Voyager/Grand Voyager 2WD,,1990-2005 2007-2009 2020-2026,true
2021,toyota,toyota,camry,10,exact,Camry,Passenger Car,Camry,,1990-2026,true
1993,plymouth,plymouth,grand-voyager,1,exact,Voyager,MPV,Voyager/Grand Voyager 2WD,,1990-2005 2007-2009 2020-2026,true
1995,plymouth,plymouth,grand-voyager,1,exact,Voyager,MPV,Voyager/Grand Voyager 2WD,,1990-2005 2007-2009 2020-2026,true
2011,subaru,subaru,impreza,5,exact,Impreza,Passenger Car,Impreza AWD,,1993-2026,true
2019,nissan,nissan,versa,4,exact,Versa,Passenger Car,Versa,,2007-2025,true
2007,mercedes-benz,mercedesbenz,e-class-amg,2,exact,E-Class,Passenger Car,E350,,1990-2026,true
1994,volkswagen,volkswagen,passat,1,exact,Passat,Passenger Car,Passat,,1990-2022,true
2013,subaru,subaru,impreza,5,exact,Impreza,Passenger Car,Impreza AWD,,1993-2026,true
2020,porsche,porsche,cayenne,7,exact,Cayenne,MPV,Cayenne Turbo,,2003-2026,true
1996,plymouth,plymouth,grand-voyager,1,exact,Voyager,MPV,Voyager/Grand Voyager 2WD,,1990-2005 2007-2009 2020-2026,true
2009,subaru,subaru,legacy,6,exact,Legacy,Passenger Car,Legacy AWD,,1990-2026,true
2006,hyundai,hyundai,tucson,6,exact,Tucson,MPV,Tucson 2WD,,2005-2026,true
2020,nissan,nissan,altima,6,exact,Altima,Passenger Car,Altima,,1993-2026,true
2013,bmw,bmw,x6-m,2,exact,X6,MPV,X6 xDrive50i,,2008-2026,true
2008,toyota,toyota,corolla,6,exact,Corolla,Passenger Car,Corolla,,1990-2026,true
2008,suzuki,suzuki,sx4,1,exact,SX4,Passenger Car,SX4 Sedan,,2007-2013,true
2010,suzuki,suzuki,sx4,1,exact,SX4,Passenger Car,SX4 Sedan,,2007-2013,true
2017,toyota,toyota,rav4,5,exact,RAV4,MPV,RAV4,,1996-2026,true
2013,mercedes-benz,mercedesbenz,e-class,14,exact,E-Class,Passenger Car,E350 4matic Coupe,,1990-2026,true
2001,acura,acura,cl,1,exact,CL,Passenger Car,3.2CL,,1990-1999 2001-2003,true
2003,acura,acura,cl,1,exact,CL,Passenger Car,3.2CL,,1990-1999 2001-2003,true
1997,plymouth,plymouth,grand-voyager,1,exact,Voyager,MPV,Voyager/Grand Voyager 2WD,,1990-2005 2007-2009 2020-2026,true
2023,audi,audi,a5,1,exact,A5,Passenger Car,A5 Coupe quattro,,2008-2026,true
1998,plymouth,plymouth,grand-voyager,1,exact,Voyager,MPV,Voyager/Grand Voyager 2WD,,1990-2005 2007-2009 2020-2026,true
2001,toyota,toyota,soluna,1,none,,,,,,true
2020,audi,audi,a5,1,exact,A5,Passenger Car,A5 quattro,,2008-2026,true
1999,plymouth,plymouth,grand-voyager,1,exact,Voyager,MPV,Voyager/Grand Voyager 2WD,,1990-2005 2007-2009 2020-2026,true
2002,gmc,gmc,savana-2500,4,exact,Savana,Truck,Savana 1500/2500 2WD (cargo),,1996-2026,true
2023,hyundai,hyundai,elantra,5,exact,Elantra,Passenger Car,Elantra,,1992-2026,true
2017,alfa romeo,alfaromeo,4c,3,exact,4C,Passenger Car,4C,,2015-2020,true
2021,nissan,nissan,titan,12,exact,Titan,Truck,Titan 2WD,,2002-2024,true
1995,audi,audi,90,1,exact,90,Passenger Car,90,,1990-1995,true
2011,mercedes-benz,mercedesbenz,e-class-coupe,2,exact,E-Class,Passenger Car,E350 Convertible,,1990-2026,true
1990,cadillac,cadillac,seville,1,exact,Seville,Passenger Car,Seville,,1990-2004,true
2017,audi,audi,s4,3,none,,,,,1992-1994 2000-2002 2004-2016 2018-2025,true
2010,ford,ford,escape,7,exact,Escape,MPV,Escape FWD,,2001-2026,true
1993,plymouth,plymouth,laser,1,exact,Laser,Passenger Car,Laser,,1990-1994,true
1996,hummer,hummer,h1,1,exact,H1,MPV,,,1992-2006,true
1994,plymouth,plymouth,laser,1,exact,Laser,Passenger Car,Laser,,1990-1994,true
1999,gmc,gmc,sierra-2500hd,3,exact,Sierra,Truck,Sierra 1500 2WD,,1990-2026,true
1999,hummer,hummer,h1,1,exact,H1,MPV,,,1992-2006,true
1991,plymouth,plymouth,sundance,1,exact,Sundance,Passenger Car,Sundance,,1990-1994,true
2011,gmc,gmc,acadia,6,exact,Acadia,MPV,Acadia FWD,,2007-2026,true
2017,bmw,bmw,x6-m,2,exact,X6,MPV,X6 sDrive35i,,2008-2026,true
1992,plymouth,plymouth,sundance,1,exact,Sundance,Passenger Car,Sundance/Duster,,1990-1994,true
2020,porsche,porsche,panamera,7,exact,Panamera,Passenger Car,Panamera,,2010-2026,true
2017,cadillac,cadillac,cts,6,exact,CTS,Passenger Car,CTS,,2003-2019,true
2006,mercedes-benz,mercedesbenz,s-class,11,exact,S-Class,Passenger Car,S350,,1990-2026,true
2017,chevrolet,chevrolet,equinox,5,exact,Equinox,MPV,Equinox AWD,,2005-2026,true
2026,nissan,nissan,titan,12,none,,,,,2002-2024,true
2020,subaru,subaru,ascent,6,exact,Ascent,MPV,Ascent,,2019-2026,true
1990,lincoln,lincoln,mark-vii,1,exact,Mark,Passenger Car,Mark VII,,1990-1998,true
2017,ford,ford,explorer,8,exact,Explorer,MPV,Explorer FWD,,1991-2026,true
2026,nissan,nissan,z,4,exact,,,Z,,2023-2026,true
1993,plymouth,plymouth,sundance,1,exact,Sundance,Passenger Car,Sundance/Duster,,1990-1994,true
1994,plymouth,plymouth,sundance,1,exact,Sundance,Passenger Car,Sundance/Duster,,1990-1994,true
2006,ford,ford,focus,3,exact,Focus,Passenger Car,Focus,,2000-2018,true
2023,lexus,lexus,gx,6,exact,GX,MPV,GX 460,,2003-2026,true
2007,toyota,toyota,avalon,2,exact,Avalon,Passenger Car,Avalon,,1995-2022,true
2019,toyota,toyota,gt-86,1,exact,86,Passenger Car,86,,2017-2020 2022-2026,true
2005,mercedes,mercedesbenz,e-class,15,exact,E-Class,Passenger Car,E320,,1990-2026,true
2017,honda,honda,civic,8,exact,Civic,Passenger Car,Civic 2Dr,,1990-2026,true
2002,subaru,subaru,impreza,5,exact,Impreza,Passenger Car,Impreza AWD,,1993-2026,true
2003,subaru,subaru,impreza,5,exact,Impreza,Passenger Car,Impreza AWD,,1993-2026,true
2017,hyundai,hyundai,elantra,5,exact,Elantra,Passenger Car,Elantra SE,,1992-2026,true
2021,toyota,toyota,vios-fs,1,none,,,,,,true
2021,subaru,subaru,brz,1,exact,BRZ,Passenger Car,,,2013-2026,true
2006,mercedes,mercedesbenz,e-class,15,exact,E-Class,Passenger Car,E320 Cdi,,1990-2026,true
2017,subaru,subaru,outback,7,exact,Outback,MPV,Legacy AWD,,1990-2026,true
2019,porsche,porsche,cayenne,7,exact,Cayenne,MPV,Cayenne,,2003-2026,true
2017,infiniti,infiniti,qx80,4,exact,QX80,MPV,QX80 2WD,,2003-2026,true
2007,gmc,gmc,canyon,5,exact,Canyon,Truck,Canyon 2WD,,2004-2026,true
2021,hyundai,hyundai,ioniq-5,1,exact,Ioniq,Passenger Car,Ioniq,,2017-2026,true
2013,honda,honda,odyssey,1,exact,Odyssey,MPV,Odyssey,,1995-2026,true
2014,toyota,toyota,tacoma,12,exact,Tacoma,Truck,Tacoma 2WD,,1995-2026,true
2016,mini,mini,countryman,6,exact,Countryman,Passenger Car,Cooper Countryman,,2011-2026,true
2012,toyota,toyota,sienna,8,exact,Sienna,MPV,Sienna 2WD,,1995-2026,true
1996,jaguar,jaguar,xj6,1,exact,XJ6,Passenger Car,XJ6,,1990-2019,true
2016,mercedes-benz,mercedesbenz,slk-class-amg,2,exact,SLK-Class,Passenger Car,AMG SLK55,,1998-2016,true
2017,mercedes,mercedesbenz,s-class,15,exact,S-Class,Passenger Car,AMG S63 4matic Convertible,,1990-2026,true
2020,mazda,mazda,cx-30,1,exact,CX-30,MPV,CX-30 2WD,,2020-2026,true
2026,porsche,porsche,boxster,5,none,,,,,1997-2025,true
2017,lincoln,lincoln,mkx,5,exact,MKX,MPV,MKX FWD,,2007-2018,true
1993,hummer,hummer,h1,1,exact,H1,MPV,,,1992-2006,true
2009,jeep,jeep,liberty,6,exact,Liberty,MPV,Liberty 2WD,,1993-2013,true
1992,mercedes-benz,mercedesbenz,190e,1,exact,190,Passenger Car,190E 2.3,,1990-1993,true
2012,toyota,toyota,prius-v,2,exact,Prius,Passenger Car,Prius,,2001-2026,true
2017,mini,mini,countryman,6,exact,Countryman,MPV,Cooper Countryman All4,,2011-2026,true
2001,mitsubishi,mitsubishi,3000-gt,1,none,,,,,1991-1999,true
2020,gmc,gmc,canyon,5,exact,Canyon,Truck,Canyon 2WD,,2004-2026,true
2001,kia,kia,optima,2,exact,Optima,Passenger Car,Optima,,2001-2020,true
2015,porsche,porsche,cayenne,7,exact,Cayenne,MPV,Cayenne Diesel,,2003-2026,true
2017,nissan,nissan,armada,5,exact,Armada,MPV,Armada 2WD,,2002-2015 2017-2026,true
2016,toyota,toyota,camry,7,exact,Camry,Passenger Car,Camry,,1990-2026,true
2026,subaru,subaru,crosstrek,6,exact,Crosstrek,MPV,Crosstrek AWD,,2012-2026,true
2008,mercedes,mercedesbenz,c-class,11,exact,C-Class,Passenger Car,C300,,1994-2026,true
2006,ford,ford,escape,7,exact,Escape,MPV,Escape FWD,,2001-2026,true
2021,gmc,gmc,canyon,5,exact,Canyon,Truck,Canyon 2WD,,2004-2026,true
2018,chevrolet,chevrolet,impala,3,exact,Impala,Passenger Car,Impala,,1994-1996 2000-2020,true
2018,buick,buick,lacrosse,5,exact,LaCrosse,Passenger Car,LaCrosse AWD,,2005-2019,true
2017,subaru,subaru,crosstrek,6,exact,Crosstrek,MPV,Crosstrek AWD,,2012-2026,true
2021,tesla,tesla,model-s,3,exact,Model S,Passenger Car,Model S Performance (19in Wheels),,2012-2026,true
2008,ford,ford,ranger,6,exact,Ranger,Truck,Ranger Pickup 2WD,,1990-2011 2019-2026,true
2025,infiniti,infiniti,qx50,6,exact,QX50,MPV,QX50,,2008-2017 2019-2025,true
2017,toyota,toyota,corolla,6,exact,Corolla,Passenger Car,Corolla iM,,1990-2026,true
2025,infiniti,infiniti,qx60,5,exact,QX60,MPV,QX60 FWD,,2013-2026,true
2000,mercedes,mercedesbenz,e-class,9,exact,E-Class,Passenger Car,E320,,1990-2026,true
2023,hyundai,hyundai,palisade,6,exact,Palisade,MPV,Palisade FWD,,2020-2026,true
2025,ram,ram,1500,8,exact,1500,Truck,1500 2WD,,2013-2026,true
2017,gmc,gmc,terrain,6,exact,Terrain,MPV,Terrain AWD,,2009-2026,true
1991,audi,audi,200,1,exact,200,Passenger Car,200,,1990-1991,true
2012,dodge,dodge,caliber,1,exact,Caliber,Passenger Car,Caliber,,2006-2012,true
2006,chevrolet,chevrolet,tahoe,7,exact,Tahoe,MPV,Tahoe 1500 2WD,,1995-2026,true
2005,gmc,gmc,sierra-3500,3,exact,Sierra,Truck,Sierra 15 Hybrid 2WD,,1990-2026,true
2016,bmw,bmw,x5-m,2,exact,X5,MPV,X5 sDrive35i,,2000-2026,true
2019,bmw,bmw,x4-m,1,exact,X4,MPV,X4 M40i,,2015-2025,true
1997,acura,acura,cl,1,exact,CL,Passenger Car,2.2CL/3.0CL,,1990-1999 2001-2003,true
1998,acura,acura,cl,1,exact,CL,Passenger Car,2.3CL/3.0CL,,1990-1999 2001-2003,true
1999,acura,acura,cl,1,exact,CL,Passenger Car,2.3CL/3.0CL,,1990-1999 2001-2003,true
1997,acura,acura,rl,1,exact,RL,Passenger Car,3.5RL,,1990-2012,true
1995,volkswagen,volkswagen,passat,1,exact,Passat,Passenger Car,Passat,,1990-2022,true
2013,jaguar,jaguar,xf,5,exact,XF,Passenger Car,XF,,2009-2024,true
2009,bmw,bmw,x5-m,1,exact,X5,MPV,X5 xDrive30i,,2000-2026,true
2009,bmw,bmw,x6-m,1,exact,X6,MPV,X6 xDrive35i,,2008-2026,true
1992,plymouth,plymouth,acclaim,1,exact,Acclaim,Passenger Car,Acclaim,,1990-1995,true
1990,plymouth,plymouth,laser,1,exact,Laser,Passenger Car,Laser,,1990-1994,true
2000,volkswagen,volkswagen,passat,5,exact,Passat,MPV,Passat,,1990-2022,true
2026,porsche,porsche,macan,5,exact,Macan,MPV,Macan,,2015-2026,true
2001,bmw,bmw,m-coupe,2,exact,Z3,Passenger Car,M Coupe,,1996-2016 2019-2026,true
1992,saab,saab,900,1,exact,900,Passenger Car,900 Convertible,,1990-1998,true
1990,saab,saab,9000,1,exact,9000,Passenger Car,9000,,1990-1998,true
2021,bmw,bmw,4-series-gran-coupe,1,exact,430i,Passenger Car,430i Coupe,,2014-2026,true
1999,acura,acura,rl,1,exact,RL,Passenger Car,3.5RL,,1990-2012,true
2022,bmw,bmw,4-series-gran-coupe,1,exact,430i,Passenger Car,430i xDrive Coupe,,2014-2026,true
2004,volkswagen,volkswagen,passat,5,exact,Passat,MPV,Passat 4motion,,1990-2022,true
2024,mazda,mazda,mazda3,1,exact,Mazda3,Passenger Car,3 5-Door 2WD,,2003-2026,true
1991,suzuki,suzuki,sidekick,1,exact,Sidekick,Truck,Sidekick 2WD,,1990-1998,true
2022,toyota,toyota,corolla,6,exact,Corolla,Passenger Car,Corolla,,1990-2026,true
1991,dodge,dodge,grand-caravan,1,exact,Caravan,MPV,Caravan/Grand Caravan 2WD,,1990-2023,true
1993,dodge,dodge,grand-caravan,1,exact,Caravan,MPV,Caravan C/V/Grand Caravan 2WD,,1990-2023,true
1994,dodge,dodge,grand-caravan,1,exact,Caravan,MPV,Caravan C/V/Grand Caravan 2WD,,1990-2023,true
1996,dodge,dodge,grand-caravan,1,exact,Caravan/Grand Caravan,MPV,Caravan/Grand Caravan 2WD,,1990-2023,true
1997,pontiac,pontiac,grand-am,1,exact,Grand AM,Passenger Car,Grand Am,,1990-2005,true
2009,volkswagen,volkswagen,routan,1,exact,Routan,MPV,Routan FWD,,2009-2014,true
2013,volkswagen,volkswagen,beetle,1,exact,Beetle,Passenger Car,Beetle,,1998-2010 2012-2019,true
2003,volkswagen,volkswagen,eurovan,1,exact,EuroVan,Passenger Car,Eurovan,,1992-2003,true
2017,audi,audi,rs5,1,none,,,,,2013-2015 2018-2019 2021-2025,true
2016,audi,audi,rs5,1,none,,,,,2013-2015 2018-2019 2021-2025,true
2015,audi,audi,rs5,1,exact,RS 5,Passenger Car,RS 5,,2013-2015 2018-2019 2021-2025,true
2014,audi,audi,rs5,1,exact,RS 5,Passenger Car,RS 5,,2013-2015 2018-2019 2021-2025,true
2012,audi,audi,rs5,1,none,,,,,2013-2015 2018-2019 2021-2025,true
2011,audi,audi,rs5,1,none,,,,,2013-2015 2018-2019 2021-2025,true
2010,audi,audi,rs5,1,none,,,,,2013-2015 2018-2019 2021-2025,true
2024,audi,audi,s8l,1,exact,S8,Passenger Car,S8,,2001-2003 2007-2009 2013-2018 2020-2026,true
2023,audi,audi,s8l,1,exact,S8,Passenger Car,S8,,2001-2003 2007-2009 2013-2018 2020-2026,true
2023,genesis,genesis,g90,4,exact,G90,Passenger Car,G90 AWD,,2017-2026,true
2020,audi,audi,sq5,1,exact,SQ5,MPV,SQ5,,2014-2026,true
2021,audi,audi,sq5,1,exact,SQ5,MPV,SQ5,,2014-2026,true
2016,chevrolet,chevrolet,suburban,2,exact,Suburban,MPV,Suburban C1500 2WD,,1990-2026,true
2022,audi,audi,sq5,1,exact,SQ5,MPV,SQ5,,2014-2026,true
1993,acura,acura,integra,1,exact,Integra,Passenger Car,Integra,,1990-2001 2023-2026,true
2024,nissan,nissan,rogue,5,exact,Rogue,MPV,Rogue FWD,,2008-2026,true
2017,nissan,nissan,rogue,5,exact,Rogue,MPV,Rogue FWD,,2008-2026,true
2022,nissan,nissan,rogue,5,exact,Rogue,MPV,Rogue FWD,,2008-2026,true
2005,nissan,nissan,maxima,6,exact,Maxima,Passenger Car,Maxima,,1990-2014 2016-2023,true
1995,acura,acura,integra,1,exact,Integra,Passenger Car,Integra,,1990-2001 2023-2026,true
2022,tesla,tesla,model-3,3,exact,Model 3,Passenger Car,Model 3 Long Range AWD,,2017-2026,true
2023,bmw,bmw,2-series,1,exact,228i,Passenger Car,230i Coupe,,2014-2026,true
2009,ram,ram,1500,5,crossmake,Ram,Truck,Ram 1500 Pickup 2WD,dodge,1990-2026,false
2022,bmw,bmw,2-series,1,exact,228i,Passenger Car,228i xDrive Gran Coupe,,2014-2026,true
1997,ram,ram,3500,8,crossmake,Ram,MPV,,dodge,1990-2026,false
2012,volkswagen,volkswagen,passat,5,exact,Passat,Passenger Car,Passat,,1990-2022,true
2007,volkswagen,volkswagen,passat,5,exact,Passat,Passenger Car,Passat,,1990-2022,true
2023,tesla,tesla,model-y,2,exact,Model Y,MPV,Model Y AWD,,2020-2026,true
2023,nissan,nissan,sentra,4,exact,Sentra,Passenger Car,Sentra,,1990-2026,true
2001,ford,ford,expedition,7,exact,Expedition,MPV,Expedition 2WD,,1997-2026,true
2026,volkswagen,volkswagen,gti,4,exact,Golf GTI,Passenger Car,Golf R,,1990-2026,true
2014,audi,audi,sq5,1,exact,SQ5,MPV,SQ5,,2014-2026,true
2019,nissan,nissan,titan-xd,4,exact,Titan,Truck,Titan 2WD,,2002-2024,true
2002,gmc,gmc,savana-3500,5,exact,Savana,Truck,Savana 1500/2500 2WD (cargo),,1996-2026,true
2003,volkswagen,volkswagen,golf,4,exact,Golf,Passenger Car,Golf,,1990-2026,true
2004,volkswagen,volkswagen,golf,4,exact,Golf,MPV,Golf,,1990-2026,true
2005,volkswagen,volkswagen,golf,4,exact,Golf,Passenger Car,Golf,,1990-2026,true
2003,ram,ram,1500,4,crossmake,Ram,Truck,Ram 1500 Pickup 2WD,dodge,1990-2026,false
2017,ram,ram,3500,5,exact,3500,Truck,,,2012-2026,true
2018,honda,honda,fit,4,exact,Fit,Passenger Car,Fit,,2007-2020,true
2016,mercedes-benz,mercedesbenz,gle,10,exact,GLE-Class,MPV,GLE350 4matic,,2016-2026,true
1992,chevrolet,chevrolet,corvette,1,exact,Corvette,Passenger Car,Corvette,,1990-2026,true
1998,pontiac,pontiac,grand-am,1,exact,Grand AM,Passenger Car,Grand Am,,1990-2005,true
1990,chrysler,chrysler,voyager,1,none,,,,,1995-2005 2007-2009 2020-2026,true
2014,chevrolet,chevrolet,traverse,6,exact,Traverse,MPV,Traverse FWD,,2009-2026,true
2008,land rover,landrover,defender,1,none,,,,,1993-1995 1997 2020-2026,true
2010,land rover,landrover,defender,1,none,,,,,1993-1995 1997 2020-2026,true
2023,audi,audi,sq5,1,exact,SQ5,MPV,SQ5,,2014-2026,true
2000,mercedes-benz,mercedesbenz,c-class,10,exact,C-Class,Passenger Car,C230 Kompressor,,1994-2026,true
2026,toyota,toyota,sienna,9,exact,Sienna,MPV,Sienna 2WD,,1995-2026,true
2024,audi,audi,sq5,1,exact,SQ5,MPV,SQ5,,2014-2026,true
2016,audi,audi,a7,1,exact,A7,Passenger Car,A7 quattro,,2012-2025,true
2019,audi,audi,a7,1,exact,A7,Passenger Car,A7 quattro,,2012-2025,true
2021,audi,audi,sq7,1,exact,SQ7,MPV,SQ7,,2020-2026,true
2022,audi,audi,sq7,1,exact,SQ7,MPV,SQ7,,2020-2026,true
2023,audi,audi,sq7,1,exact,SQ7,MPV,SQ7,,2020-2026,true
2015,mercedes-benz,mercedesbenz,cla,9,exact,CLA-Class,Passenger Car,CLA250 4matic,,2014-2026,true
2021,mercedes-benz,mercedesbenz,cls,3,exact,CLS-Class,Passenger Car,CLS450,,2005-2023,true
2012,chevrolet,chevrolet,tahoe,7,exact,Tahoe,MPV,Tahoe 1500 2WD,,1995-2026,true
2020,audi,audi,s5,1,exact,S5,Passenger Car,S5,,2008-2026,true
2004,mitsubishi,mitsubishi,outlander,5,exact,Outlander,MPV,Outlander 2WD,,2003-2026,true
2016,chevrolet,chevrolet,equinox,5,exact,Equinox,MPV,Equinox AWD,,2005-2026,true
2017,bmw,bmw,2-series,1,exact,228i,Passenger Car,230i Coupe,,2014-2026,true
2025,ram,ram,2500,16,exact,2500,Truck,,,2013-2026,true
2015,mercedes-benz,mercedesbenz,cls,3,exact,CLS-Class,Passenger Car,CLS63 AMG S 4matic,,2005-2023,true
2016,subaru,subaru,wrx,8,exact,Impreza,Passenger Car,WRX,,1993-2026,true
2000,chevrolet,chevrolet,silverado-1500,3,exact,Silverado,Truck,Silverado 1500 2WD,,1990-2026,true
2019,audi,audi,q7,5,exact,Q7,MPV,Q7,,2007-2015 2017-2026,true
2015,audi,audi,a8,1,exact,A8,Passenger Car,A8,,1997-2026,true
2016,chevrolet,chevrolet,traverse,6,exact,Traverse,MPV,Traverse FWD,,2009-2026,true
2026,chevrolet,chevrolet,malibu,5,none,,,,,1997-2025,true
2019,mercedes-benz,mercedesbenz,cls,3,exact,CLS-Class,Passenger Car,AMG CLS53 4matic Plus,,2005-2023,true
2021,volkswagen,volkswagen,golf,4,exact,Golf,Passenger Car,GTI,,1990-2026,true
2016,ford,ford,explorer,8,exact,Explorer,MPV,Explorer 2WD FFV,,1991-2026,true
2007,mercedes-benz,mercedesbenz,e-class,15,exact,E-Class,Passenger Car,E350,,1990-2026,true
2005,mitsubishi,mitsubishi,outlander,5,exact,Outlander,MPV,Outlander 2WD,,2003-2026,true
2019,toyota,toyota,camry,10,exact,Camry,Passenger Car,Camry LE/SE,,1990-2026,true
2026,toyota,toyota,highlander,14,exact,Highlander,MPV,Highlander AWD,,2001-2026,true
2024,toyota,toyota,camry,11,exact,Camry,Passenger Car,Camry,,1990-2026,true
2024,mercedes-benz,mercedesbenz,e-class,13,exact,E-Class,Passenger Car,E450 4matic,,1990-2026,true
2026,gmc,gmc,yukon,6,exact,Yukon,MPV,Yukon 2WD,,1990-2026,true
2019,nissan,nissan,maxima,6,exact,Maxima,Passenger Car,Maxima,,1990-2014 2016-2023,true
2009,ford,ford,f-150,9,exact,F-150,Truck,F150 Pickup 2WD,,1990-2026,true
2026,toyota,toyota,prius,5,exact,Prius,Passenger Car,Prius AWD,,2001-2026,true
2023,land rover,landrover,discovery,5,exact,Discovery,MPV,Discovery,,1994-2026,true
2019,nissan,nissan,pathfinder,5,exact,Pathfinder,MPV,Pathfinder 2WD,,1990-2026,true
2016,honda,honda,civic,8,exact,Civic,Passenger Car,Civic 4Dr,,1990-2026,true
2008,volkswagen,volkswagen,jetta,6,exact,Jetta,Passenger Car,Jetta,,1990-2026,true
2016,infiniti,infiniti,q50,5,exact,Q50,Passenger Car,Q50 Hybrid,,2014-2024,true
2016,infiniti,infiniti,qx60,5,exact,QX60,MPV,QX60 FWD,,2013-2026,true
2005,land rover,landrover,range-rover-sport,1,none,,,,,2006-2026,true
2016,infiniti,infiniti,qx80,4,exact,QX80,MPV,QX80 2WD,,2003-2026,true
2016,jeep,jeep,compass,6,exact,Compass,MPV,Compass FWD,,2006-2026,true
2007,porsche,porsche,cayenne,7,exact,Cayenne,MPV,Cayenne,,2003-2026,true
2025,gmc,gmc,yukon,6,exact,Yukon,MPV,Yukon 2WD,,1990-2026,true
2016,jaguar,jaguar,xj,11,exact,XJ,Passenger Car,XJ,,1990-2019,true
2007,mitsubishi,mitsubishi,eclipse,5,exact,Eclipse,Passenger Car,Eclipse Spyder,,1990-2012,true
2012,suzuki,suzuki,sx4,1,exact,SX4,Passenger Car,SX4 Sedan,,2007-2013,true
2016,kia,kia,forte,5,exact,Forte,Passenger Car,Forte Koup,,2010-2024,true
2015,mercedes-benz,mercedesbenz,e-class-cabriolet,2,exact,E-Class,Passenger Car,E350 Coupe,,1990-2026,true
2010,mercedes,mercedesbenz,e-class-cabriolet,1,exact,E-Class,Passenger Car,E550 Coupe,,1990-2026,true
2021,mercedes-benz,mercedesbenz,e-class-coupe,2,exact,E-Class,Passenger Car,E350,,1990-2026,true
2016,kia,kia,sorento,7,exact,Sorento,MPV,Sorento FE AWD,,2001-2009 2011-2026,true
2023,mercedes-benz,mercedesbenz,e-class-coupe,2,exact,E-Class,Passenger Car,E350,,1990-2026,true
2016,volkswagen,volkswagen,tiguan,6,exact,Tiguan,MPV,Tiguan,,2009-2026,true
2013,land rover,landrover,defender,1,none,,,,,1993-1995 1997 2020-2026,true
2009,mini,mini,cooper,6,exact,Cooper,Passenger Car,John Cooper Works,,2002-2026,true
2012,subaru,subaru,brz,4,none,,,,,2013-2026,true
2022,porsche,porsche,taycan,1,exact,Taycan,Passenger Car,Taycan 4S Perf Battery,,2020-2026,true
2017,audi,audi,a8,1,exact,A8,Passenger Car,A8 L,,1997-2026,true
2009,audi,audi,a4,2,exact,A4,Passenger Car,A4 quattro,,1996-2025,true
2001,volkswagen,volkswagen,beetle,1,exact,Beetle,Passenger Car,New Beetle,,1998-2010 2012-2019,true
2003,volkswagen,volkswagen,beetle,1,exact,Beetle,Passenger Car,New Beetle Convertible,,1998-2010 2012-2019,true
2004,volkswagen,volkswagen,beetle,1,exact,Beetle,MPV,New Beetle Convertible,,1998-2010 2012-2019,true
2017,ford,ford,expedition,7,exact,Expedition,MPV,Expedition 2WD,,1997-2026,true
2026,ram,ram,1500,8,exact,1500,Truck,1500 2WD,,2013-2026,true
2001,hyundai,hyundai,tiburon,1,exact,Tiburon,Passenger Car,Tiburon,,1997-2008,true
2016,lexus,lexus,es,5,exact,ES,Passenger Car,ES 300h,,1990-2026,true
2009,mitsubishi,mitsubishi,galant,7,exact,Galant,Passenger Car,Galant,,1990-2012,true
2017,nissan,nissan,maxima,6,exact,Maxima,Passenger Car,Maxima,,1990-2014 2016-2023,true
2024,cadillac,cadillac,escalade,6,exact,Escalade,MPV,Escalade V AWD,,1999-2026,true
2008,volkswagen,volkswagen,beetle,1,exact,Beetle,MPV,New Beetle Convertible,,1998-2010 2012-2019,true
1999,dodge,dodge,ram-van-b1500,1,exact,Ram Van,MPV,B1500 Van 2WD,,1990-2012,true
2016,lexus,lexus,gx,6,exact,GX,MPV,GX 460,,2003-2026,true
2020,ram,ram,3500,21,exact,3500,MPV,,,2012-2026,true
1992,dodge,dodge,dynasty,1,exact,Dynasty,Passenger Car,Dynasty,,1990-1993,true
2012,volkswagen,volkswagen,beetle,1,exact,Beetle,Passenger Car,Beetle,,1998-2010 2012-2019,true
2014,audi,audi,q5,6,exact,Q5,MPV,Q5 Hybrid,,2009-2026,true
2015,audi,audi,a5,1,exact,A5,Passenger Car,A5 quattro,,2008-2026,true
2007,honda,honda,accord,6,exact,Accord,Passenger Car,Accord,,1990-2026,true
2025,audi,audi,a4,4,exact,A4 allroad,MPV,A4 S line quattro,,1996-2025,true
2014,ford,ford,expedition,7,exact,Expedition,MPV,Expedition 2WD FFV,,1997-2026,true
2016,lexus,lexus,rx,6,exact,RX,MPV,RX 450h,,1999-2026,true
2001,mercedes,mercedesbenz,slk-class,2,exact,SLK-Class,Passenger Car,SLK230 Kompressor,,1998-2016,true
2024,gmc,gmc,yukon,11,exact,Yukon,MPV,Yukon 2WD,,1990-2026,true
2026,volkswagen,volkswagen,golf,4,exact,Golf R,Passenger Car,Golf R,,1990-2026,true
1991,acura,acura,nsx,1,exact,NSX,Passenger Car,NSX,,1990-2005 2016-2022,true
2007,gmc,gmc,yukon,6,exact,Yukon,MPV,Yukon XL 1500 2WD,,1990-2026,true
2024,audi,audi,a6,4,exact,A6,Passenger Car,A6 quattro,,1995-2026,true
2020,audi,audi,a4,5,exact,A4,Passenger Car,A4,,1996-2025,true
2009,dodge,dodge,ram-2500,4,exact,Ram,Truck,Ram 1500 Pickup 2WD,,1990-2012,true
2021,audi,audi,a6,4,exact,A6,Passenger Car,A6 quattro,,1995-2026,true
2020,audi,audi,a6,4,exact,A6,Passenger Car,A6 quattro,,1995-2026,true
2014,mercedes-benz,mercedesbenz,cla,9,exact,CLA-Class,Passenger Car,CLA250,,2014-2026,true
2007,honda,honda,pilot,7,exact,Pilot,MPV,Pilot 2WD,,2003-2026,true
1993,acura,acura,nsx,1,exact,NSX,Passenger Car,NSX,,1990-2005 2016-2022,true
2022,kia,kia,niro,5,exact,Niro,MPV,Niro,,2017-2026,true
2020,lotus,lotus,elise,1,none,,,,,2005-2012,true
2006,mitsubishi,mitsubishi,eclipse-spider,1,exact,Eclipse,Passenger Car,Eclipse,,1990-2012,true
2022,kia,kia,soul,6,exact,Soul,MPV,Soul,,2010-2025,true
2022,alfa romeo,alfaromeo,stelvio,6,exact,Stelvio,MPV,Stelvio AWD,,2018-2026,true
2016,nissan,nissan,altima,6,exact,Altima,Passenger Car,Altima SR,,1993-2026,true
2022,mini,mini,clubman,6,exact,Clubman,Passenger Car,Cooper S Clubman,,2008-2014 2016-2024,true
2007,hyundai,hyundai,sonata,6,exact,Sonata,MPV,Sonata,,1990-2026,true
2008,hyundai,hyundai,sonata,6,exact,Sonata,Passenger Car,Sonata,,1990-2026,true
2002,bmw,bmw,7-series,2,exact,745i,Passenger Car,745i,,1990-2026,true
2014,hyundai,hyundai,sonata,6,exact,Sonata,Passenger Car,Sonata,,1990-2026,true
2000,ford,ford,fiesta,1,none,,,,,2011-2019,true
1998,chevrolet,chevrolet,cavalier,1,exact,Cavalier,Passenger Car,Cavalier,,1990-2005,true
1992,gmc,gmc,sierra-3500hd,1,exact,Sierra,MPV,Sierra 1500 2WD,,1990-2026,true
2014,nissan,nissan,titan,11,exact,Titan,Truck,Titan 2WD,,2002-2024,true
2009,ford,ford,focus,3,exact,Focus,Passenger Car,Focus FWD,,2000-2018,true
2023,infiniti,infiniti,qx55,4,exact,QX55,MPV,QX55 AWD,,2022-2025,true
1995,acura,acura,nsx,1,exact,NSX,Passenger Car,NSX,,1990-2005 2016-2022,true
2015,hyundai,hyundai,sonata,6,exact,Sonata,Passenger Car,Sonata,,1990-2026,true
2022,porsche,porsche,macan,5,exact,Macan,MPV,Macan,,2015-2026,true
2012,ford,ford,focus,3,exact,Focus,Passenger Car,Focus FWD,,2000-2018,true
1999,acura,acura,nsx,1,exact,NSX,Passenger Car,NSX,,1990-2005 2016-2022,true
2023,ram,ram,1500-classic,2,exact,1500,MPV,1500 2WD,,2013-2026,true
2018,honda,honda,clarity,4,exact,Clarity,Passenger Car,Clarity Plug-in Hybrid,,2014 2017-2021,true
2001,ford,ford,focus,3,exact,Focus,Passenger Car,Focus,,2000-2018,true
2009,ford,ford,fiesta,1,none,,,,,2011-2019,true
2021,bmw,bmw,8-series,2,exact,840i,Passenger Car,840i Coupe,,1990-1997 2019-2026,true
2026,land rover,landrover,defender,1,exact,Defender,MPV,Defender 110,,1993-1995 1997 2020-2026,true
2017,ford,ford,focus,4,exact,Focus,Passenger Car,Focus RS AWD,,2000-2018,true
1993,gmc,gmc,sierra-3500hd,1,exact,Sierra,Truck,Sierra 1500 2WD,,1990-2026,true
2016,hyundai,hyundai,sonata,6,exact,Sonata,Passenger Car,Sonata Hybrid,,1990-2026,true
2022,mercedes-benz,mercedesbenz,cla,12,exact,CLA-Class,Passenger Car,CLA250 4matic,,2014-2026,true
2019,audi,audi,a6,4,exact,A6,Passenger Car,A6 quattro,,1995-2026,true
2022,audi,audi,a6,4,exact,A6,Passenger Car,A6 quattro,,1995-2026,true
1999,chevrolet,chevrolet,cavalier,1,exact,Cavalier,Passenger Car,Cavalier,,1990-2005,true
2025,alfa romeo,alfaromeo,stelvio,6,exact,Stelvio,MPV,Stelvio AWD,,2018-2026,true
2017,hyundai,hyundai,sonata,6,exact,Sonata,Passenger Car,Sonata Limited,,1990-2026,true
2009,audi,audi,q5,6,exact,Q5,MPV,Q5,,2009-2026,true
2000,chevrolet,chevrolet,camaro,3,exact,Camaro,Passenger Car,Camaro,,1990-2002 2010-2024,true
2002,mitsubishi,mitsubishi,eclipse,5,exact,Eclipse,Passenger Car,Eclipse Spyder,,1990-2012,true
1994,gmc,gmc,sierra-3500hd,1,exact,Sierra,MPV,Sierra 1500 2WD,,1990-2026,true
2017,hyundai,hyundai,tucson,6,exact,Tucson,MPV,Tucson FWD,,2005-2026,true
2007,mercury,mercury,mariner,1,exact,Mariner,MPV,Mariner FWD,,2005-2011,true
2005,mercury,mercury,mariner,1,exact,Mariner,MPV,Mariner 2WD,,2005-2011,true
2012,mazda,mazda,mazda3,2,exact,Mazda3,Passenger Car,3,,2003-2026,true
2021,mercedes-benz,mercedesbenz,glb,3,exact,GLB-Class,MPV,GLB250,,2020-2026,true
2007,hyundai,hyundai,tucson,6,exact,Tucson,MPV,Tucson 2WD,,2005-2026,true
2000,mercury,mercury,sable,1,exact,Sable,Passenger Car,Sable,,1990-2005 2008-2009,true
2005,mercury,mercury,sable,1,exact,Sable,Passenger Car,Sable,,1990-2005 2008-2009,true
2015,acura,acura,ilx,5,exact,ILX,Passenger Car,ILX,,2013-2022,true
2008,mercedes-benz,mercedesbenz,cls-class-amg,2,exact,CLS-Class,Passenger Car,CLS550,,2005-2023,true
2025,mercedes-benz,mercedesbenz,cla,12,exact,CLA-Class,Passenger Car,AMG CLA35 4matic,,2014-2026,true
2026,volkswagen,volkswagen,jetta,6,exact,Jetta,Passenger Car,GLI,,1990-2026,true
1990,geo,geo,prizm,1,exact,Prizm,Passenger Car,Prizm,,1990-2002,true
1991,geo,geo,prizm,1,exact,Prizm,Passenger Car,Prizm,,1990-2002,true
1992,geo,geo,prizm,1,exact,Prizm,Passenger Car,Prizm,,1990-2002,true
2015,audi,audi,q5,6,exact,Q5,MPV,Q5,,2009-2026,true
2026,volkswagen,volkswagen,tiguan,6,exact,Tiguan,MPV,Tiguan,,2009-2026,true
2025,hyundai,hyundai,elantra,5,exact,Elantra,Passenger Car,Elantra,,1992-2026,true
2026,hyundai,hyundai,elantra,5,exact,Elantra,Passenger Car,Elantra non-ISG,,1992-2026,true
2026,mercedes-benz,mercedesbenz,glc,9,exact,GLC-Class,MPV,AMG GLC43 4matic,,2016-2026,true
2019,chevrolet,chevrolet,bolt-ev,1,exact,Bolt EV,Passenger Car,Bolt EV,,2017-2023,true
2020,chevrolet,chevrolet,bolt-ev,1,exact,Bolt EV,Passenger Car,Bolt EV,,2017-2023,true
2010,hyundai,hyundai,elantra,5,exact,Elantra,Passenger Car,Elantra Touring,,1992-2026,true
2025,buick,buick,envision,4,exact,Envision,MPV,Envision AWD,,2016-2026,true
2005,ram,ram,1500,4,crossmake,Ram,Truck,Ram 1500 Pickup 2WD,dodge,1990-2026,false
2024,audi,audi,s4,4,exact,S4,Passenger Car,S4,,1992-1994 2000-2002 2004-2016 2018-2025,true
2012,mitsubishi,mitsubishi,galant,7,exact,Galant,Passenger Car,Galant,,1990-2012,true
2008,mitsubishi,mitsubishi,lancer,7,exact,Lancer,Passenger Car,Lancer,,2002-2017,true
2004,cadillac,cadillac,srx,1,exact,SRX,MPV,SRX 2WD,,2004-2016,true
2015,bmw,bmw,x4,4,exact,X4,MPV,X4 xDrive28i,,2015-2025,true
2016,ford,ford,edge,3,exact,Edge,MPV,Edge FWD,,2007-2024,true
2017,infiniti,infiniti,q60,5,exact,Q60,Passenger Car,Q60,,2014-2015 2017-2022,true
2020,gmc,gmc,acadia,6,exact,Acadia,MPV,Acadia FWD,,2007-2026,true
2019,mercedes-benz,mercedesbenz,gla,6,exact,GLA-Class,Passenger Car,GLA250 4matic,,2015-2026,true
1993,chevrolet,chevrolet,s10,1,exact,S-10 Pickup,Truck,S10 Pickup 2WD,,1990-2005 2019-2026,true
1994,chevrolet,chevrolet,s10,1,exact,Blazer,MPV,S10 Pickup 2WD,,1990-2005 2019-2026,true
1995,chevrolet,chevrolet,s10,1,exact,Blazer,MPV,S10 Pickup 2WD,,1990-2005 2019-2026,true
1996,chevrolet,chevrolet,s10,1,exact,Blazer,MPV,S10 Pickup 2WD,,1990-2005 2019-2026,true
2022,mercedes,mercedesbenz,glc,14,exact,GLC-Class,MPV,GLC300,,2016-2026,true
2025,mercedes,mercedesbenz,glc,13,exact,GLC-Class,MPV,AMG GLC43 4matic,,2016-2026,true
2019,genesis,genesis,g80,5,exact,G80,Passenger Car,G80 AWD,,2017-2026,true
1996,lexus,lexus,ls,4,exact,LS,Passenger Car,LS 400,,1990-2026,true
2018,porsche,porsche,cayenne,8,exact,Cayenne,MPV,Cayenne S,,2003-2026,true
2017,mercedes,mercedesbenz,gle,10,exact,GLE-Class,MPV,GLE350,,2016-2026,true
2008,mercedes-benz,mercedesbenz,m-class-amg,2,exact,M-Class,MPV,ML320 CDI 4matic,,1995-2019,true
2025,chevrolet,chevrolet,equinox,6,exact,Equinox,MPV,Equinox FWD,,2005-2026,true
2015,chevrolet,chevrolet,traverse,6,exact,Traverse,MPV,Traverse FWD,,2009-2026,true
2025,gmc,gmc,acadia,6,exact,Acadia,MPV,Acadia FWD,,2007-2026,true
2021,mercedes-benz,mercedesbenz,cls-class-amg,2,exact,CLS-Class,Passenger Car,CLS450,,2005-2023,true
2015,ford,ford,escape,7,exact,Escape,MPV,Escape FWD,,2001-2026,true
2008,gmc,gmc,yukon,6,exact,Yukon,MPV,Yukon 1500 2WD,,1990-2026,true
2019,genesis,genesis,g90,4,exact,G90,Passenger Car,G90 AWD,,2017-2026,true
2006,ram,ram,1500,4,crossmake,Ram,Truck,Ram 1500 Pickup 2WD,dodge,1990-2026,false
2015,ford,ford,explorer,8,exact,Explorer,MPV,Explorer FWD,,1991-2026,true
2025,volvo,volvo,xc40,1,exact,XC40,MPV,XC40 B5 AWD,,2019-2026,true
2018,mercedes-benz,mercedesbenz,g550-4x4,1,exact,G-Class,MPV,AMG G63,,1999 2002-2026,true
2025,chevrolet,chevrolet,trailblazer,8,exact,Trailblazer,MPV,Trailblazer FWD,,2002-2009 2021-2026,true
2018,alfa romeo,alfaromeo,stelvio,5,exact,Stelvio,MPV,Stelvio AWD,,2018-2026,true
1997,chevrolet,chevrolet,s10,1,exact,Blazer,MPV,S10 Pickup 2WD,,1990-2005 2019-2026,true
2025,mercedes,mercedesbenz,s-class,14,exact,S-Class,Passenger Car,S500 4matic,,1990-2026,true
2015,honda,honda,accord,6,exact,Accord,Passenger Car,Accord,,1990-2026,true
1990,acura,acura,legend,1,exact,Legend,Passenger Car,Legend,,1990-1995,true
2013,subaru,subaru,crosstrek,6,exact,XV CrossTrek,MPV,XV Crosstrek AWD,,2012-2026,true
2007,ram,ram,1500,4,crossmake,Ram,Truck,Ram 1500 Pickup 2WD,dodge,1990-2026,false
2022,ram,ram,2500,15,exact,2500,MPV,,,2013-2026,true
1991,acura,acura,legend,1,exact,Legend,Passenger Car,Legend,,1990-1995,true
2020,audi,audi,sq8,1,exact,SQ8,MPV,SQ8,,2020-2026,true
2016,mazda,mazda,3,6,exact,Mazda3,Passenger Car,3 4-Door,,2003-2026,true
1993,acura,acura,legend,1,exact,Legend,Passenger Car,Legend,,1990-1995,true
2004,acura,acura,tl,6,exact,TL,Passenger Car,TL,,1990-2014,true
2022,audi,audi,s3,1,exact,S3,Passenger Car,S3,,2015-2020 2022-2026,true
2026,audi,audi,rs3,1,exact,RS 3,Passenger Car,RS 3,,2017-2020 2022-2026,true
2018,mitsubishi,mitsubishi,outlander,5,exact,Outlander,MPV,Outlander 2WD,,2003-2026,true
2023,audi,audi,rs7,1,exact,RS 7,Passenger Car,RS 7,,2014-2018 2021-2026,true
2014,volkswagen,volkswagen,jetta,6,exact,Jetta,Passenger Car,Jetta,,1990-2026,true
1996,mitsubishi,mitsubishi,eclipse,5,exact,Eclipse,Passenger Car,Eclipse Convertible,,1990-2012,true
2024,lincoln,lincoln,navigator,9,exact,Navigator,MPV,Navigator 4WD,,1998-2026,true
2012,gmc,gmc,yukon,6,exact,Yukon,MPV,Yukon 1500 2WD,,1990-2026,true
2014,gmc,gmc,yukon,6,exact,Yukon,MPV,Yukon C10 2WD,,1990-2026,true
1990,chevrolet,chevrolet,s10-blazer,1,exact,S-10 Pickup,Truck,S10 Pickup 2WD,,1990-2005 2019-2026,true
2017,mercedes-benz,mercedesbenz,sl-class,6,exact,SL-Class,Passenger Car,SL550,,1990-2009 2011-2026,true
2008,honda,honda,pilot,7,exact,Pilot,MPV,Pilot 2WD,,2003-2026,true
2009,mercury,mercury,mariner,1,exact,Mariner,MPV,Mariner 4WD,,2005-2011,true
2023,hyundai,hyundai,tucson,7,exact,Tucson,MPV,Tucson Hybrid,,2005-2026,true
2019,audi,audi,rs-models,1,exact,RS 5,Passenger Car,RS 5,,2003-2004 2013-2026,true
2020,audi,audi,rs-models,1,exact,RS 3,Passenger Car,RS3,,2003-2004 2013-2026,true
2021,audi,audi,rs-models,1,exact,RS 5,Passenger Car,RS 5,,2003-2004 2013-2026,true
2022,audi,audi,rs-models,1,exact,RS Q8,MPV,RS 5 Coupe,,2003-2004 2013-2026,true
2000,audi,audi,s4,1,exact,S4,Passenger Car,S4,,1992-1994 2000-2002 2004-2016 2018-2025,true
2005,audi,audi,a6,3,exact,A6,Passenger Car,A6 quattro,,1995-2026,true
2010,bmw,bmw,6-series,2,exact,650i,MPV,650ci,,2004-2010 2012-2019,true
2019,mercedes-benz,mercedesbenz,e-class,19,exact,E-Class,Passenger Car,E300,,1990-2026,true
1991,chevrolet,chevrolet,k1500,1,exact,GMT-400,MPV,K1500 Pickup 4WD,,1990-2026,true
1992,toyota,toyota,celica,1,exact,Celica,Passenger Car,Celica Convertible,,1990-2006,true
1997,chevrolet,chevrolet,k1500,1,exact,GMT-400,Truck,C1500 Pickup 2WD,,1990-2026,true
2004,mercedes-benz,mercedesbenz,g-class,2,exact,G-Class,MPV,G500,,1999 2002-2026,true
1993,toyota,toyota,land-cruiser,1,exact,Land Cruiser,MPV,Land Cruiser Wagon 4WD,,1990-2021 2024-2026,true
2016,mercedes-benz,mercedesbenz,g-class-amg,2,exact,G-Class,MPV,AMG G63,,1999 2002-2026,true
1991,ford,ford,bronco,1,exact,Bronco,MPV,Bronco 4WD,,1990-1996 2021-2026,true
2023,mercedes-benz,mercedesbenz,g-class-amg,2,exact,G-Class,MPV,G550,,1999 2002-2026,true
1994,toyota,toyota,land-cruiser,1,exact,Land Cruiser,MPV,Land Cruiser Wagon 4WD,,1990-2021 2024-2026,true
2007,kia,kia,sportage,7,exact,Sportage,MPV,Sportage 2WD,,1995-2026,true
2001,lexus,lexus,es,5,exact,ES,Passenger Car,ES 300,,1990-2026,true
2015,kia,kia,sorento,7,exact,Sorento,MPV,Sorento FWD,,2001-2009 2011-2026,true
1995,toyota,toyota,land-cruiser,1,exact,Land Cruiser,MPV,Land Cruiser Wagon 4WD,,1990-2021 2024-2026,true
2006,nissan,nissan,murano,5,exact,Murano,MPV,Murano FWD,,2002-2007 2009-2026,true
2024,mercedes-benz,mercedesbenz,glc,13,exact,GLC-Class,MPV,GLC300,,2016-2026,true
2017,mercedes-benz,mercedesbenz,gla,6,exact,GLA-Class,MPV,AMG GLA45 4matic,,2015-2026,true
2000,toyota,toyota,mr2,1,exact,MR2,Passenger Car,MR2,,1991-1995 2000-2007,true
2007,toyota,toyota,mr2-roadster,1,exact,MR2,Passenger Car,,,1991-1995 2000-2007,true
2016,lexus,lexus,ls,4,exact,LS,Passenger Car,LS 460,,1990-2026,true
2015,honda,honda,fit,1,exact,Fit,Passenger Car,Fit,,2007-2020,true
2014,chrysler,chrysler,300,11,exact,300,Passenger Car,300,,1999-2023,true
2022,mercedes-benz,mercedesbenz,gla,8,exact,GLA-Class,MPV,AMG GLA35 4matic,,2015-2026,true
2020,subaru,subaru,crosstrek,6,exact,Crosstrek,MPV,Crosstrek AWD,,2012-2026,true
2015,lincoln,lincoln,mkx,5,exact,MKX,MPV,MKX FWD,,2007-2018,true
2013,subaru,subaru,brz,4,exact,BRZ,Passenger Car,BRZ,,2013-2026,true
2015,lincoln,lincoln,navigator,4,exact,Navigator,MPV,Navigator 2WD,,1998-2026,true
2024,chevrolet,chevrolet,equinox-ev,4,exact,Equinox,MPV,Equinox FWD,,2005-2026,true
2024,chevrolet,chevrolet,blazer-ev,3,exact,Blazer,MPV,Blazer FWD,,1990-2005 2019-2026,true
2020,gmc,gmc,yukon,7,exact,Yukon,MPV,Yukon C1500 2WD,,1990-2026,true
2016,nissan,nissan,pathfinder,5,exact,Pathfinder,MPV,Pathfinder 2WD,,1990-2026,true
1992,porsche,porsche,911,1,exact,911,Passenger Car,911 Carrera 4/2,,1990-2026,true
2018,toyota minivans,toyota,sienna,13,exact,Sienna,MPV,Sienna 2WD,,1995-2026,true
2021,ram,ram,3500,19,exact,3500,MPV,,,2012-2026,true
2017,lexus,lexus,gx,6,exact,GX,MPV,GX 460,,2003-2026,true
2003,bmw,bmw,m3,2,exact,M3,Passenger Car,M3 Convertible,,1990-1991 1995-1999 2001-2006 2008-2013 2015-2018 2020-2026,true
2008,jeep,jeep,cherokee,1,exact,Cherokee,MPV,,,1990-2011 2014-2023 2026,true
2008,mercury,mercury,milan,1,exact,Milan,Passenger Car,Milan,,2006-2011,true
2009,mercury,mercury,milan,1,exact,Milan,Passenger Car,Milan AWD,,2006-2011,true
2020,lexus,lexus,gx,6,exact,GX,MPV,GX 460,,2003-2026,true
2020,kia,kia,soul,6,exact,Soul,MPV,Soul,,2010-2025,true
2012,lotus,lotus,elise,1,exact,Elise,Passenger Car,,,2005-2012,true
2013,lotus,lotus,elise,1,none,,,,,2005-2012,true
2018,nissan minivans,nissan,nv200,3,exact,NV200,Truck,NV200 Cargo Van,,2013-2024,true
2015,toyota,toyota,tacoma,12,exact,Tacoma,Truck,Tacoma 2WD,,1995-2026,true
1994,saab,saab,900,1,exact,900,Passenger Car,900,,1990-1998,true
1992,saab,saab,9000,1,exact,9000,Passenger Car,9000,,1990-1998,true
1993,saab,saab,9000,1,exact,9000,Passenger Car,9000,,1990-1998,true
1994,saab,saab,9000,1,exact,9000,Passenger Car,9000,,1990-1998,true
2019,land rover,landrover,discovery,5,exact,Discovery,MPV,Discovery,,1994-2026,true
1993,volkswagen,volkswagen,jetta,1,exact,Jetta,Passenger Car,Jetta III,,1990-2026,true
2007,audi,audi,a3,1,exact,A3,Passenger Car,A3,,2006-2013 2015-2020 2022-2026,true
2018,mercedes-benz minivans,mercedesbenz,metris,2,exact,Metris,MPV,Metris (Passenger Van),,2016-2023,true
2019,land rover,landrover,range-rover,6,exact,Range Rover,MPV,Range Rover Velar,,1990-2026,true
2000,ram,ram,3500,6,crossmake,Ram,Truck,,dodge,1990-2026,false
2005,hummer,hummer,h2,1,exact,H2,MPV,,,2003-2010,true
2005,chevrolet,chevrolet,monte-carlo,1,exact,Monte Carlo,Passenger Car,Monte Carlo,,1995-2007,true
2023,tesla,tesla,model-x,2,exact,Model X,MPV,Model X,,2016-2026,true
2017,porsche,porsche,macan,5,exact,Macan,MPV,Macan S,,2015-2026,true
2010,lotus,lotus,elise,1,exact,Elise,Passenger Car,Elise/Exige,,2005-2012,true
2007,mazda,mazda,cx-9,1,exact,CX-9,MPV,CX-9 2WD,,2007-2023,true
2017,chevrolet,chevrolet,impala,4,exact,Impala,Passenger Car,Impala,,1994-1996 2000-2020,true
2025,hyundai,hyundai,kona,5,exact,Kona,MPV,Kona FWD,,2018-2026,true
2025,genesis,genesis,gv70,5,exact,GV70,MPV,GV70 AWD,,2022-2026,true
2005,ford,ford,expedition,7,exact,Expedition,MPV,Expedition 2WD,,1997-2026,true
2017,audi,audi,rs7,1,exact,RS 7,Passenger Car,RS 7,,2014-2018 2021-2026,true
2014,chevrolet,chevrolet,equinox,5,exact,Equinox,MPV,Equinox FWD,,2005-2026,true
2014,honda,honda,cr-v,5,exact,CR-V,MPV,CR-V 2WD,,1997-2026,true
2022,gmc,gmc,terrain,6,exact,Terrain,MPV,Terrain FWD,,2009-2026,true
2014,audi,audi,s4,3,exact,S4,Passenger Car,S4,,1992-1994 2000-2002 2004-2016 2018-2025,true
2015,audi,audi,s4,3,exact,S4,Passenger Car,S4,,1992-1994 2000-2002 2004-2016 2018-2025,true
2014,honda,honda,accord,6,exact,Accord,Passenger Car,Accord Plug-in Hybrid,,1990-2026,true
2014,honda,honda,civic,7,exact,Civic,Passenger Car,Civic Hybrid,,1990-2026,true
1995,plymouth,plymouth,voyager,1,exact,Voyager,MPV,Voyager/Grand Voyager 2WD,,1990-2005 2007-2009 2020-2026,true
2007,gmc,gmc,acadia,6,exact,Acadia,MPV,Acadia FWD,,2007-2026,true
2010,chrysler,chrysler,sebring,1,exact,Sebring,Passenger Car,Sebring Convertible,,1995-2010,true
1996,mitsubishi,mitsubishi,3000gt,1,exact,3000GT,Passenger Car,3000 GT,,1991-1999,true
2002,mercury,mercury,mountaineer,1,exact,Mountaineer,MPV,Mountaineer 2WD,,1997-2010,true
2001,mercury,mercury,mountaineer,1,exact,Mountaineer,MPV,Mountaineer 2WD,,1997-2010,true
2025,genesis,genesis,gv80,3,exact,GV80,MPV,GV80 AWD,,2021-2026,true
2009,mercedes,mercedesbenz,c-class,11,exact,C-Class,Passenger Car,C350,,1994-2026,true
2019,infiniti,infiniti,q50,5,exact,Q50,Passenger Car,Q50,,2014-2024,true
2001,pontiac,pontiac,bonneville,1,exact,Bonneville,Passenger Car,Bonneville,,1990-2005,true
2006,ford,ford,ranger,6,exact,Ranger,Truck,Ranger Pickup 2WD,,1990-2011 2019-2026,true
2007,volkswagen,volkswagen,jetta,6,exact,Jetta,Passenger Car,Jetta,,1990-2026,true
1998,mazda,mazda,626,1,exact,626,Passenger Car,626,,1990-2002,true
2010,mercedes,mercedesbenz,c-class,11,exact,C-Class,Passenger Car,C300,,1994-2026,true
2010,saab,saab,9-3,1,exact,9-3,Passenger Car,9-3 Convertible,,1999-2012,true
2025,honda,honda,accord,11,exact,Accord,Passenger Car,Accord Hybrid Sport/Touring,,1990-2026,true
2014,infiniti,infiniti,qx50,6,exact,QX50,Passenger Car,QX50,,2008-2017 2019-2025,true
2007,saturn,saturn,sky,1,exact,Sky,Passenger Car,SKY,,2007-2010,true
2001,saturn,saturn,l-series,1,exact,LS,Passenger Car,L100/200,,2000-2005,true
2006,mercury,mercury,mariner,1,exact,Mariner,MPV,Mariner FWD,,2005-2011,true
2021,infiniti,infiniti,q50,5,exact,Q50,Passenger Car,Q50,,2014-2024,true
2004,saturn,saturn,l-series,1,exact,L300,Passenger Car,L300,,2000-2005,true
2020,chevrolet,chevrolet,tahoe,8,exact,Tahoe,MPV,Tahoe C1500 2WD,,1995-2026,true
2005,saturn,saturn,l-series,1,exact,L300,Passenger Car,L300,,2000-2005,true
2021,audi,audi,q5,6,exact,Q5,MPV,Q5,,2009-2026,true
2014,infiniti,infiniti,qx60,5,exact,QX60,MPV,QX60 FWD,,2013-2026,true
2025,honda,honda,civic,16,exact,Civic,Passenger Car,Civic 4Dr,,1990-2026,true
2017,subaru,subaru,forester,7,exact,Forester,MPV,Forester AWD,,1998-2026,true
2000,mercury,mercury,cougar,1,exact,Cougar,Passenger Car,Cougar,,1990-1997 1999-2002,true
1997,plymouth,plymouth,voyager,1,exact,Voyager,MPV,Voyager/Grand Voyager 2WD,,1990-2005 2007-2009 2020-2026,true
1990,chevrolet,chevrolet,lumina,1,exact,Lumina,Passenger Car,Lumina,,1990-2001,true
1999,chevrolet,chevrolet,s10,1,exact,Blazer,MPV,S10 Pickup 2WD,,1990-2005 2019-2026,true
1991,chevrolet,chevrolet,camaro,1,exact,Camaro,Passenger Car,Camaro,,1990-2002 2010-2024,true
2025,honda,honda,cr-v,9,exact,CR-V,MPV,CR-V FWD,,1997-2026,true
2014,kia,kia,sorento,7,exact,Sorento,MPV,Sorento 2WD,,2001-2009 2011-2026,true
2007,mitsubishi,mitsubishi,galant,7,exact,Galant,Passenger Car,Galant,,1990-2012,true
2025,honda,honda,hr-v,5,exact,HR-V,MPV,HR-V AWD,,2016-2026,true
2015,mercedes-benz,mercedesbenz,s-class,15,exact,S-Class,Passenger Car,S550,,1990-2026,true
2000,nissan,nissan,xterra,6,exact,Xterra,MPV,Xterra 2WD,,2000-2015,true
2008,mazda,mazda,mx-5-miata,2,exact,MX-5,Passenger Car,MX-5,,1990-1997 1999-2026,true
2009,mazda,mazda,mx-5-miata,2,exact,MX-5,Passenger Car,MX-5,,1990-1997 1999-2026,true
2023,infiniti,infiniti,q50,5,exact,Q50,Passenger Car,Q50,,2014-2024,true
2014,lexus,lexus,es,5,exact,ES,Passenger Car,ES 300h,,1990-2026,true
2025,honda,honda,pilot,9,exact,Pilot,MPV,Pilot FWD,,2003-2026,true
2021,honda,honda,ridgeline,6,exact,Ridgeline,Truck,Ridgeline AWD,,2006-2026,true
2014,lexus,lexus,is,5,exact,IS,Passenger Car,IS 350,,2001-2026,true
2008,kia,kia,sportage,7,exact,Sportage,Passenger Car,Sportage 2WD,,1995-2026,true
2026,infiniti,infiniti,q50,5,none,,,,,2014-2024,true
2007,porsche,porsche,boxster,5,exact,Boxster,Passenger Car,Boxster,,1997-2025,true
2023,land rover,landrover,range-rover,6,exact,Range Rover,MPV,Range Rover Velar P340 MHEV,,1990-2026,true
2002,land rover,landrover,range-rover,6,exact,Range Rover,MPV,Range Rover,,1990-2026,true
2007,mitsubishi,mitsubishi,lancer,7,exact,Lancer,Passenger Car,Lancer,,2002-2017,true
2003,mercedes-benz,mercedesbenz,s-class-amg,2,exact,S-Class,Passenger Car,S430,,1990-2026,true
2001,volkswagen,volkswagen,gti,4,exact,GTI,Passenger Car,Golf,,1990-2026,true
2005,mercedes-benz,mercedesbenz,sl-class,2,exact,SL-Class,Passenger Car,SL500,,1990-2009 2011-2026,true
2016,mini,mini,clubman,6,exact,Clubman,Passenger Car,Cooper S Clubman,,2008-2014 2016-2024,true
2019,mini,mini,clubman,6,exact,Clubman,Passenger Car,Cooper Clubman,,2008-2014 2016-2024,true
2017,mercedes-benz,mercedesbenz,s-class-amg,2,exact,S-Class,Passenger Car,AMG S63 4matic Convertible,,1990-2026,true
2024,toyota,toyota,gr-supra,2,exact,Supra,Passenger Car,GR Supra,,1990-1998 2020-2026,true
2025,hyundai,hyundai,sonata,6,exact,Sonata,Passenger Car,Sonata AWD,,1990-2026,true
2019,infiniti,infiniti,qx80,4,exact,QX80,MPV,QX80 2WD,,2003-2026,true
2015,audi,audi,rs7,1,exact,RS 7,Passenger Car,RS 7,,2014-2018 2021-2026,true
1991,geo,geo,storm,1,exact,Storm,Passenger Car,Storm,,1990-1993,true
2025,nissan,nissan,titan,12,none,,,,,2002-2024,true
2022,bmw,bmw,x5,8,exact,X5,MPV,X5 sDrive40i,,2000-2026,true
1998,mitsubishi,mitsubishi,eclipse,5,exact,Eclipse,Passenger Car,Eclipse Convertible,,1990-2012,true
1999,mitsubishi,mitsubishi,eclipse,5,exact,Eclipse,Passenger Car,Eclipse Convertible,,1990-2012,true
1997,toyota,toyota,avalon,1,exact,Avalon,Passenger Car,Avalon,,1995-2022,true
2020,cadillac,cadillac,ct4-v,1,exact,CT4,Passenger Car,CT4,,2020-2026,true
2019,cadillac,cadillac,escalade-esv,6,exact,Escalade,MPV,Escalade 4WD,,1999-2026,true
2019,mitsubishi,mitsubishi,outlander,5,exact,Outlander,MPV,Outlander 2WD,,2003-2026,true
2006,audi,audi,a3,1,exact,A3,Passenger Car,A3,,2006-2013 2015-2020 2022-2026,true
2025,hyundai,hyundai,tucson,6,exact,Tucson,MPV,Tucson FWD,,2005-2026,true
2014,scion,scion,fr-s,3,exact,,,FR-S,,2013-2016,true
2008,audi,audi,a3,1,exact,A3,Passenger Car,A3,,2006-2013 2015-2020 2022-2026,true
1994,saturn,saturn,s-series,1,exact,SL,Passenger Car,SC,,1991-2002,true
1999,plymouth,plymouth,voyager,1,exact,Voyager,MPV,Voyager/Grand Voyager 2WD,,1990-2005 2007-2009 2020-2026,true
2013,volkswagen,volkswagen,tiguan,6,exact,Tiguan,MPV,Tiguan,,2009-2026,true
2003,land rover,landrover,range-rover,6,exact,Range Rover,MPV,Range Rover,,1990-2026,true
2007,chevrolet,chevrolet,trailblazer,1,exact,Trailblazer,MPV,TrailBlazer 2WD,,2002-2009 2021-2026,true
2022,gmc,gmc,yukon,6,exact,Yukon,MPV,Yukon 2WD,,1990-2026,true
2000,audi,audi,tt,1,exact,TT,Passenger Car,TT Coupe,,2000-2006 2008-2023,true
2016,nissan,nissan,rogue,5,exact,Rogue,MPV,Rogue FWD,,2008-2026,true
2025,kia,kia,soul,6,exact,Soul,MPV,Soul,,2010-2025,true
2019,volkswagen,volkswagen,passat,5,exact,Passat,Passenger Car,Passat,,1990-2022,true
2010,toyota,toyota,land-cruiser,3,exact,Land Cruiser,MPV,Land Cruiser Wagon 4WD,,1990-2021 2024-2026,true
2013,infiniti,infiniti,qx60,5,family,JX35,MPV,JX35 FWD,,2013-2026,true
2010,nissan,nissan,xterra,6,exact,Xterra,MPV,Xterra 2WD,,2000-2015,true
2011,saab,saab,9-3,1,exact,9-3,Passenger Car,9-3 Sport Sedan,,1999-2012,true
2006,saab,saab,9-5,1,exact,9-5,Passenger Car,9-5,,1999-2012,true
2004,land rover,landrover,range-rover,6,exact,Range Rover,MPV,Range Rover,,1990-2026,true
2017,audi,audi,q5,6,exact,Q5,MPV,Q5,,2009-2026,true
2024,kia,kia,stinger,1,none,,,,,2018-2023,true
1994,geo,geo,metro,1,exact,Metro,Passenger Car,Metro,,1990-2001,true
1995,geo,geo,metro,1,exact,Metro,Passenger Car,Metro,,1990-2001,true
2020,honda,honda,insight,4,exact,Insight,Passenger Car,Insight,,2000-2014 2019-2022,true
2024,jaguar,jaguar,xf,5,exact,XF,Passenger Car,XF P250,,2009-2024,true
2011,suzuki,suzuki,grand-vitara,1,exact,Grand Vitara,MPV,Grand Vitara,,1999-2013,true
2024,audi,audi,s5,1,exact,S5,Passenger Car,S5 Coupe,,2008-2026,true
2017,subaru,subaru,wrx,8,exact,Impreza,Passenger Car,WRX,,1993-2026,true
2013,chevrolet,chevrolet,traverse,6,exact,Traverse,MPV,Traverse FWD,,2009-2026,true
2008,mercedes-benz,mercedesbenz,slk-class,2,exact,SLK-Class,Passenger Car,SLK280,,1998-2016,true
2013,ford,ford,explorer,8,exact,Explorer,MPV,Explorer FWD,,1991-2026,true
2024,mercedes,mercedesbenz,s-class,14,exact,S-Class,Passenger Car,S580 4matic Maybach,,1990-2026,true
2020,jeep,jeep,cherokee,13,exact,Cherokee,MPV,Cherokee FWD,,1990-2011 2014-2023 2026,true
2007,audi,audi,q7,5,exact,Q7,Passenger Car,Q7,,2007-2015 2017-2026,true
2026,nissan,nissan,gt-r,6,none,,,,,2009-2024,true
2013,hyundai,hyundai,sonata,6,exact,Sonata,Passenger Car,Sonata,,1990-2026,true
2007,acura,acura,tsx,4,exact,TSX,Passenger Car,TSX,,2004-2014,true
2000,toyota,toyota,sienna,3,exact,Sienna,MPV,Sienna 2WD,,1995-2026,true
2007,nissan,nissan,versa,4,exact,Versa,Passenger Car,Versa,,2007-2025,true
1994,ram,ram,2500,9,crossmake,Ram Van,MPV,Ram 2500 Pickup 2WD,dodge,1990-2026,false
2007,nissan,nissan,xterra,6,exact,Xterra,MPV,Xterra 2WD,,2000-2015,true
1991,chrysler,chrysler,fifth-avenue,1,exact,,,New Yorker Fifth Avenue/Imperial,,1990-1993,true
2006,ram,ram,2500,11,crossmake,Ram,Truck,,dodge,1990-2026,false
2020,ford,ford,explorer,8,exact,Explorer,MPV,Explorer RWD,,1991-2026,true
2024,toyota,toyota,sienna,9,exact,Sienna,MPV,Sienna 2WD,,1995-2026,true
2007,ram,ram,2500,11,crossmake,Ram,Truck,,dodge,1990-2026,false
2017,kia,kia,soul,6,exact,Soul,MPV,Soul,,2010-2025,true
2008,ram,ram,2500,11,crossmake,Ram,Truck,,dodge,1990-2026,false
1997,audi,audi,a4,3,exact,A4,Passenger Car,A4,,1996-2025,true
1998,audi,audi,a4,3,exact,A4,Passenger Car,A4,,1996-2025,true
2016,porsche,porsche,macan,5,exact,Macan,MPV,Macan S,,2015-2026,true
2006,audi,audi,a6,3,exact,A6,Passenger Car,A6,,1995-2026,true
1999,chevrolet,chevrolet,tahoe,7,exact,Tahoe,MPV,Tahoe 1500 2WD,,1995-2026,true
2013,mitsubishi,mitsubishi,lancer-evolution,4,exact,Lancer,Passenger Car,Lancer,,2002-2017,true
2016,alfa romeo,alfaromeo,4c,3,exact,4C,Passenger Car,4C,,2015-2020,true
2007,audi,audi,a6,3,exact,A6,Passenger Car,A6,,1995-2026,true
2008,audi,audi,a6,3,exact,A6,Passenger Car,A6,,1995-2026,true
2009,audi,audi,a6,3,exact,A6,Passenger Car,A6 quattro,,1995-2026,true
2010,audi,audi,a6,3,exact,A6,Passenger Car,A6 quattro,,1995-2026,true
2011,audi,audi,a6,3,exact,A6,Passenger Car,A6 quattro,,1995-2026,true
2022,audi,audi,a4,5,exact,A4 allroad,MPV,A4 quattro,,1996-2025,true
2025,jeep,jeep,renegade,5,none,,,,,2015-2023,true
2005,land rover,landrover,discovery,6,exact,LR3,MPV,LR3,,1994-2026,true
2013,nissan,nissan,leaf,4,exact,Leaf,Passenger Car,Leaf,,2011-2026,true
2017,nissan,nissan,leaf,4,exact,Leaf,Passenger Car,Leaf,,2011-2026,true
2020,bmw,bmw,x5,8,exact,X5,MPV,X5 xDrive50i,,2000-2026,true
2021,nissan,nissan,sentra,4,exact,Sentra,Passenger Car,Sentra,,1990-2026,true
2022,audi,audi,a3,1,exact,A3,Passenger Car,A3 quattro,,2006-2013 2015-2020 2022-2026,true
2015,audi,audi,q7,5,exact,Q7,MPV,Q7,,2007-2015 2017-2026,true
2023,audi,audi,rs-models,1,exact,RS 5,Passenger Car,RS 5 Coupe,,2003-2004 2013-2026,true
2025,audi,audi,rs-models,1,exact,RS Q8,MPV,RS 5 Sportback,,2003-2004 2013-2026,true
2016,cadillac,cadillac,escalade-esv,6,exact,Escalade,MPV,Escalade 2WD,,1999-2026,true
2016,chevrolet,chevrolet,malibu,5,exact,Malibu,Passenger Car,Malibu Limited,,1997-2025,true
2016,subaru,subaru,impreza,5,exact,Impreza,Passenger Car,WRX,,1993-2026,true
2012,nissan,nissan,versa,4,exact,Versa,Passenger Car,Versa,,2007-2025,true
2025,bmw,bmw,x3,7,exact,X3,MPV,X3 xDrive30i,,2004-2026,true
2012,infiniti,infiniti,qx80,4,family,QX56,MPV,QX56 2WD,,2003-2026,true
2012,ford,ford,explorer,8,exact,Explorer,MPV,Explorer FWD,,1991-2026,true
2012,scion,scion,tc,3,exact,,,tC,,2005-2016,true
2013,audi,audi,s4,3,exact,S4,Passenger Car,S4,,1992-1994 2000-2002 2004-2016 2018-2025,true
2015,cadillac,cadillac,escalade-esv,6,exact,Escalade,MPV,Escalade 2WD,,1999-2026,true
2006,subaru,subaru,wrx,6,exact,Impreza,Passenger Car,Impreza AWD,,1993-2026,true
1995,oldsmobile,oldsmobile,cutlass,1,exact,Cutlass Supreme,Passenger Car,Cutlass Ciera,,1990-1999,true
2017,audi,audi,a6,4,exact,A6,Passenger Car,A6 quattro,,1995-2026,true
2007,audi,audi,s4,2,exact,S4,Passenger Car,S4 Cabriolet,,1992-1994 2000-2002 2004-2016 2018-2025,true
2020,subaru,subaru,brz,4,exact,BRZ,Passenger Car,BRZ,,2013-2026,true
2007,toyota,toyota,sienna,4,exact,Sienna,MPV,Sienna 2WD,,1995-2026,true
1992,oldsmobile,oldsmobile,cutlass,1,exact,Cutlass Supreme,Passenger Car,Cutlass Ciera,,1990-1999,true
1998,chevrolet,chevrolet,malibu,5,exact,Malibu,Passenger Car,Malibu,,1997-2025,true
2019,fiat,fiat,124-spider,1,exact,124 Spider,Passenger Car,124 Spider,,2017-2020,true
2015,subaru,subaru,legacy,6,exact,Legacy,Passenger Car,Outback AWD,,1990-2026,true
2019,audi,audi,s6,1,none,,,,,1995-1997 2002-2003 2007-2011 2013-2018 2020-2025,true
2024,chevrolet,chevrolet,traverse,6,exact,Traverse,MPV,Traverse Limited FWD,,2009-2026,true
2021,mercedes-benz,mercedesbenz,s-class,14,exact,S-Class,Passenger Car,S560 Convertible,,1990-2026,true
2015,audi,audi,s8,1,exact,S8,Passenger Car,S8,,2001-2003 2007-2009 2013-2018 2020-2026,true
2015,subaru,subaru,crosstrek,6,exact,XV CrossTrek,MPV,XV Crosstrek AWD,,2012-2026,true
2012,mercedes-benz,mercedesbenz,e-class,14,exact,E-Class,Passenger Car,E350 Coupe,,1990-2026,true
1994,isuzu,isuzu,rodeo,1,exact,Rodeo,MPV,Rodeo 2WD,,1990-2004,true
2024,audi,audi,rs6,1,exact,RS 6 Avant,Passenger Car,RS 6 Avant,,2003-2004 2021-2026,true
2021,audi,audi,rs7,1,exact,RS 7,Passenger Car,RS 7,,2014-2018 2021-2026,true
2024,audi,audi,rs7,1,exact,RS 7,Passenger Car,RS 7,,2014-2018 2021-2026,true
2020,audi,audi,rs6,1,none,,,,,2003-2004 2021-2026,true
2010,mercury,mercury,mariner,1,exact,Mariner,MPV,Mariner FWD,,2005-2011,true
2023,audi,audi,s3,1,exact,S3,Passenger Car,S3,,2015-2020 2022-2026,true
2008,chrysler,chrysler,300c,3,exact,300,Passenger Car,300 AWD,,1999-2023,true
2025,audi,audi,s8,1,exact,S8,Passenger Car,S8,,2001-2003 2007-2009 2013-2018 2020-2026,true
2014,subaru,subaru,impreza,5,exact,Impreza,Passenger Car,Impreza AWD,,1993-2026,true
2014,subaru,subaru,legacy,6,exact,Legacy,Passenger Car,Legacy AWD,,1990-2026,true
2017,audi,audi,s8,1,exact,S8,Passenger Car,S8,,2001-2003 2007-2009 2013-2018 2020-2026,true
2019,ram,ram,2500,4,exact,2500,MPV,,,2013-2026,true
2009,audi,audi,tt-rs,1,exact,TT,Passenger Car,TT Roadster quattro,,2000-2006 2008-2023,true
2019,audi,audi,tt-rs,1,exact,TT,Passenger Car,TT Roadster quattro,,2000-2006 2008-2023,true
2021,audi,audi,tt-rs,1,exact,TT,Passenger Car,TT Roadster quattro,,2000-2006 2008-2023,true
2022,audi,audi,tt-rs,1,exact,TT,Passenger Car,TT Roadster quattro,,2000-2006 2008-2023,true
2017,honda,honda,pilot,7,exact,Pilot,MPV,Pilot FWD,,2003-2026,true
2007,subaru,subaru,forester,7,exact,Forester,Passenger Car,Forester AWD,,1998-2026,true
2021,ram,ram,2500,15,exact,2500,MPV,,,2013-2026,true
2011,volkswagen,volkswagen,tiguan,6,exact,Tiguan,MPV,Tiguan,,2009-2026,true
2016,audi,audi,tt-rs,1,exact,TT,Passenger Car,TT Roadster quattro,,2000-2006 2008-2023,true
2007,subaru,subaru,legacy,6,exact,Legacy,Passenger Car,Legacy AWD,,1990-2026,true
2020,audi,audi,tt-rs,1,exact,TT,Passenger Car,TT Roadster quattro,,2000-2006 2008-2023,true
2007,subaru,subaru,outback,7,exact,Outback,MPV,Legacy AWD,,1990-2026,true
2026,bentley,bentley,flying-spur,1,exact,Flying Spur,Passenger Car,Continental GT,,1990-2026,true
2020,bentley,bentley,continental-gt,1,exact,Continental,Passenger Car,Continental GT Convertible,,1990-2026,true
2021,bentley,bentley,continental-gt,1,exact,Continental,Passenger Car,Continental GT Convertible,,1990-2026,true
2023,bentley,bentley,continental-gt,1,exact,Continental,Passenger Car,Continental GT Convertible,,1990-2026,true
2014,ford,ford,fiesta,6,exact,Fiesta,Passenger Car,Fiesta FWD,,2011-2019,true
2014,honda,honda,insight,3,exact,Insight,Passenger Car,Insight,,2000-2014 2019-2022,true
2026,ram,ram,3500,18,exact,3500,Truck,,,2012-2026,true
2023,ford,ford,edge,4,exact,Edge,MPV,Edge AWD,,2007-2024,true
2020,chevrolet,chevrolet,camaro,11,exact,Camaro,Passenger Car,Camaro,,1990-2002 2010-2024,true
2025,bentley,bentley,continental-gt,1,exact,Continental,Passenger Car,Continental GT,,1990-2026,true
2019,bentley,bentley,continental-gt,1,exact,Continental,Passenger Car,,,1990-2026,true
2020,mitsubishi,mitsubishi,outlander,5,exact,Outlander,MPV,Outlander 2WD,,2003-2026,true
2009,nissan,nissan,gt-r,6,exact,GT-R,Passenger Car,GT-R,,2009-2024,true
2025,toyota,toyota,gr86,3,exact,GR86,Passenger Car,GR 86,,2017-2020 2022-2026,true
2014,nissan,nissan,leaf,4,exact,Leaf,Passenger Car,Leaf,,2011-2026,true
2014,mini,mini,countryman,6,exact,Countryman,Passenger Car,Cooper Countryman,,2011-2026,true
2007,subaru,subaru,wrx,6,exact,Impreza,Passenger Car,Impreza AWD,,1993-2026,true
2014,chevrolet,chevrolet,trax,1,exact,Trax,MPV,,,2013-2026,true
2025,land rover,landrover,defender,8,exact,Defender,MPV,Defender 110,,1993-1995 1997 2020-2026,true
2019,ford,ford,fusion,3,exact,Fusion,Passenger Car,Fusion FWD,,2006-2020,true
2025,genesis,genesis,g90,4,exact,G90,Passenger Car,G90 AWD,,2017-2026,true
2025,nissan,nissan,gt-r,6,none,,,,,2009-2024,true
1991,ford,ford,explorer,8,exact,Explorer,MPV,Explorer 2WD,,1991-2026,true
2014,nissan,nissan,versa,4,exact,Versa,Passenger Car,Versa,,2007-2025,true
2013,bmw,bmw,4-series-gran-coupe,1,none,,,,,2014-2026,true
2020,bmw,bmw,m3,3,family,M340i,Passenger Car,M340i xDrive,,1990-1991 1995-1999 2001-2006 2008-2013 2015-2018 2020-2026,true
2009,audi,audi,a3,1,exact,A3,Passenger Car,A3,,2006-2013 2015-2020 2022-2026,true
2014,chevrolet,chevrolet,impala,4,exact,Impala,Passenger Car,Impala eAssist,,1994-1996 2000-2020,true
1994,ford,ford,explorer,8,exact,Explorer,Truck,Explorer 2WD,,1991-2026,true
2013,bmw,bmw,x6,3,exact,X6,MPV,X6 xDrive50i,,2008-2026,true
2014,bmw,bmw,x6,3,exact,X6,MPV,X6 xDrive35i,,2008-2026,true
2021,ram,ram,1500,16,exact,1500,MPV,1500 2WD,,2013-2026,true
2004,chevrolet,chevrolet,impala,4,exact,Impala,Passenger Car,Impala,,1994-1996 2000-2020,true
2005,chevrolet,chevrolet,impala,4,exact,Impala,Passenger Car,Impala,,1994-1996 2000-2020,true
2019,chevrolet,chevrolet,impala,4,exact,Impala,Passenger Car,Impala,,1994-1996 2000-2020,true
2015,audi,audi,a3,1,exact,A3,Passenger Car,A3 quattro,,2006-2013 2015-2020 2022-2026,true
2017,bmw,bmw,x5,7,exact,X5,MPV,X5 sDrive35i,,2000-2026,true
2004,subaru,subaru,legacy,6,exact,Legacy,Passenger Car,Legacy/Outback AWD,,1990-2026,true
1998,ford,ford,explorer,8,exact,Explorer,MPV,Explorer 2WD,,1991-2026,true
2011,bmw,bmw,m5,1,none,,,,,1991-1993 2000-2003 2006-2010 2013-2023 2025-2026,true
2008,volvo,volvo,xc90,5,exact,XC90,MPV,XC90 FWD,,2003-2014 2016-2026,true
1999,ford,ford,explorer,8,exact,Explorer,MPV,Explorer 2WD,,1991-2026,true
2014,land rover,landrover,range-rover,6,exact,Range Rover,MPV,Range Rover,,1990-2026,true
2023,cadillac,cadillac,escalade,6,exact,Escalade,MPV,Escalade 2WD,,1999-2026,true
2017,volkswagen,volkswagen,gti,4,exact,Golf GTI,Passenger Car,Golf R,,1990-2026,true
2008,scion,scion,xb,3,exact,,,xB,,2004-2015,true
2020,lexus,lexus,is,5,exact,IS,Passenger Car,IS 300 AWD,,2001-2026,true
2001,suzuki,suzuki,grand-vitara,1,exact,Vitara,MPV,Grand Vitara,,1999-2013,true
2012,suzuki,suzuki,grand-vitara,1,exact,Grand Vitara,MPV,Grand Vitara,,1999-2013,true
2016,nissan,nissan,sentra,4,exact,Sentra,Passenger Car,Sentra,,1990-2026,true
2006,scion,scion,xb,3,exact,,,xB,,2004-2015,true
2019,bmw,bmw,m3,4,none,,,,,1990-1991 1995-1999 2001-2006 2008-2013 2015-2018 2020-2026,true
2014,volkswagen,volkswagen,passat,5,exact,Passat,Passenger Car,Passat,,1990-2022,true
2006,chevrolet,chevrolet,malibu,5,exact,Malibu,Passenger Car,Malibu,,1997-2025,true
2005,hyundai,hyundai,elantra,1,exact,Elantra,MPV,Elantra,,1992-2026,true
2006,buick,buick,lacrosse,9,exact,LaCrosse,Passenger Car,Lacrosse/Allure,,2005-2019,true
1995,gmc,gmc,yukon,6,exact,Yukon,MPV,Yukon 1500 2WD,,1990-2026,true
2006,land rover,landrover,range-rover,6,exact,Range Rover,MPV,Range Rover,,1990-2026,true
2014,volkswagen,volkswagen,tiguan,6,exact,Tiguan,MPV,Tiguan,,2009-2026,true
2011,ford,ford,explorer,8,exact,Explorer,MPV,Explorer FWD,,1991-2026,true
2013,acura,acura,ilx,5,exact,ILX,Passenger Car,ILX,,2013-2022,true
2017,jaguar,jaguar,xf,5,exact,XF,Passenger Car,XF,,2009-2024,true
1990,nissan,nissan,maxima,1,exact,Maxima,Passenger Car,Maxima,,1990-2014 2016-2023,true
2026,ford,ford,bronco,7,exact,Bronco,MPV,Bronco 4WD,,1990-1996 2021-2026,true
2011,honda,honda,civic,8,exact,Civic,Passenger Car,Civic CNG,,1990-2026,true
2017,audi,audi,a3,1,exact,A3,Passenger Car,A3 quattro,,2006-2013 2015-2020 2022-2026,true
2014,audi,audi,a3,1,none,,,,,2006-2013 2015-2020 2022-2026,true
2011,infiniti,infiniti,qx80,4,family,QX56,MPV,QX56 2WD,,2003-2026,true
2020,audi,audi,a3,1,exact,A3,Passenger Car,A3 quattro,,2006-2013 2015-2020 2022-2026,true
2025,lexus,lexus,es,5,exact,ES,Passenger Car,ES 350,,1990-2026,true
2001,audi,audi,a4,3,exact,A4,Passenger Car,A4,,1996-2025,true
2011,infiniti,infiniti,qx50,6,family,EX35,Passenger Car,EX35,,2008-2017 2019-2025,true
2013,kia,kia,soul,6,exact,Soul,MPV,Soul Eco,,2010-2025,true
2025,jaguar,jaguar,f-pace,6,exact,F-PACE,MPV,F-Pace,,2017-2026,true
2011,kia,kia,forte,5,exact,Forte,Passenger Car,Forte,,2010-2024,true
2003,ram,ram,3500,9,crossmake,Ram,Truck,,dodge,1990-2026,false
1996,isuzu,isuzu,rodeo,1,exact,Rodeo,MPV,Rodeo 2WD,,1990-2004,true
2011,lexus,lexus,rx,6,exact,RX,MPV,RX 350 2WD,,1999-2026,true
2011,lincoln,lincoln,mkx,5,exact,MKX,MPV,MKX FWD,,2007-2018,true
2020,lincoln,lincoln,corsair,1,exact,Corsair,MPV,Corsair FWD,,2020-2026,true
2010,bmw,bmw,m3,3,exact,M3,Passenger Car,M3 Convertible,,1990-1991 1995-1999 2001-2006 2008-2013 2015-2018 2020-2026,true
1990,lexus,lexus,ls400,1,exact,LS,Passenger Car,LS 400,,1990-2026,true
2019,ford,ford,mustang-mach-1,1,exact,Mustang,Passenger Car,Mustang,,1990-2026,true
2025,lexus,lexus,rx,6,exact,RX,MPV,RX 350,,1999-2026,true
1994,acura,acura,legend,1,exact,Legend,Passenger Car,Legend,,1990-1995,true
1992,nissan,nissan,maxima,1,exact,Maxima,Passenger Car,Maxima,,1990-2014 2016-2023,true
2019,bmw,bmw,i8,1,exact,i8,Passenger Car,I8 Coupe,,2014-2017 2019-2020,true
2010,honda,honda,accord,6,exact,Accord,Passenger Car,Accord Coupe,,1990-2026,true
2007,volkswagen,volkswagen,golf,4,exact,Rabbit,Passenger Car,GTI,,1990-2026,true
2011,nissan,nissan,altima,6,exact,Altima,Passenger Car,Altima Coupe,,1993-2026,true
2013,subaru,subaru,forester,7,exact,Forester,MPV,Forester AWD,,1998-2026,true
2025,mercedes,mercedesbenz,glb-class,1,exact,GLB-Class,MPV,AMG GLB35 4matic,,2020-2026,true
2020,buick,buick,encore,1,exact,Encore,MPV,Encore FWD,,2013-2026,true
2021,mazda,mazda,mazda6,5,exact,Mazda6,Passenger Car,6,,2003-2026,true
1993,mercury,mercury,sable,1,exact,Sable,Passenger Car,Sable,,1990-2005 2008-2009,true
2011,nissan,nissan,maxima,6,exact,Maxima,Passenger Car,Maxima,,1990-2014 2016-2023,true
2025,mitsubishi,mitsubishi,outlander,5,exact,Outlander,MPV,Outlander PHEV,,2003-2026,true
2024,volvo,volvo,s60,5,exact,S60,Passenger Car,S60 B5,,2001-2009 2011-2025,true
2011,mercury,mercury,mariner,1,exact,Mariner,MPV,Mariner FWD FFV,,2005-2011,true
2012,acura,acura,mdx,6,exact,MDX,MPV,MDX 4WD,,2001-2026,true
2002,ford,ford,f-150,6,exact,F-150,Truck,F150 Pickup 2WD,,1990-2026,true
2011,ram,ram,3500,14,crossmake,Ram,Truck,,dodge,1990-2026,true
2012,subaru,subaru,impreza,5,exact,Impreza,Passenger Car,Impreza AWD,,1993-2026,true
2005,ford,ford,excursion,1,exact,Excursion,MPV,,,2000-2005,true
2012,subaru,subaru,legacy,6,exact,Legacy,Passenger Car,Legacy AWD,,1990-2026,true
2012,subaru,subaru,outback,7,exact,Outback,MPV,Legacy AWD,,1990-2026,true
2010,honda,honda,cr-v,5,exact,CR-V,MPV,CR-V 2WD,,1997-2026,true
2025,mercedes-benz,mercedesbenz,e-class,13,exact,E-Class,Passenger Car,E450 4matic,,1990-2026,true
2012,mini,mini,countryman,6,exact,Countryman,Passenger Car,Cooper Countryman,,2011-2026,true
2014,mitsubishi,mitsubishi,lancer,7,exact,Lancer,Passenger Car,Lancer,,2002-2017,true
2002,acura,acura,mdx,7,exact,MDX,MPV,MDX,,2001-2026,true
2004,ford,ford,fusion,1,none,,,,,2006-2020,true
2020,fiat,fiat,124-spider,1,exact,124 Spider,Passenger Car,124 Spider,,2017-2020,true
2025,nissan,nissan,altima,6,exact,Altima,Passenger Car,Altima,,1993-2026,true
2016,volkswagen,volkswagen,gti,4,exact,Golf GTI,Passenger Car,Golf R,,1990-2026,true
2005,ford,ford,fusion,1,none,,,,,2006-2020,true
2001,mitsubishi,mitsubishi,eclipse,5,exact,Eclipse,Passenger Car,Eclipse Spyder,,1990-2012,true
2012,mitsubishi,mitsubishi,outlander,5,exact,Outlander,MPV,Outlander 2WD,,2003-2026,true
2017,acura,acura,rdx,5,exact,RDX,MPV,RDX FWD,,2007-2026,true
2025,cadillac,cadillac,ct6,1,none,,,,,2016-2020,true
2015,lincoln,lincoln,mkt,1,exact,MKT,MPV,MKT Livery FWD,,2010-2019,true
2020,lincoln,lincoln,mkz,5,exact,MKZ,Passenger Car,MKZ AWD,,2007-2020,true
2012,nissan,nissan,xterra,6,exact,Xterra,MPV,Xterra 2WD,,2000-2015,true
2012,subaru,subaru,forester,7,exact,Forester,MPV,Forester AWD,,1998-2026,true
2010,acura,acura,tsx,4,exact,TSX,Passenger Car,TSX,,2004-2014,true
2022,mercedes,mercedesbenz,glc-class-coupe,1,exact,GLC-Class,MPV,GLC300,,2016-2026,true
2010,buick,buick,enclave,8,exact,Enclave,MPV,Enclave FWD,,2007-2026,true
2017,nissan,nissan,gt-r,6,exact,GT-R,Passenger Car,GT-R,,2009-2024,true
2007,nissan,nissan,titan,11,exact,Titan,Truck,Titan 2WD,,2002-2024,true
2011,subaru,subaru,outback,7,exact,Outback,MPV,Legacy AWD,,1990-2026,true
2019,ford,ford,taurus,1,exact,Taurus,Passenger Car,Taurus AWD,,1990-2019,true
2010,chevrolet,chevrolet,traverse,6,exact,Traverse,MPV,Traverse FWD,,2009-2026,true
2022,mercedes,mercedesbenz,c-class,19,exact,C-Class,Passenger Car,C300 4matic Coupe,,1994-2026,true
2004,chrysler,chrysler,300,1,exact,300,Passenger Car,300 M,,1999-2023,true
2012,volkswagen,volkswagen,jetta,6,exact,Jetta,Passenger Car,Jetta,,1990-2026,true
2011,acura,acura,mdx,6,exact,MDX,MPV,MDX 4WD,,2001-2026,true
2015,scion,scion,xb,3,exact,,,xB,,2004-2015,true
2011,audi,audi,tt-s,1,exact,TT,Passenger Car,TT Roadster quattro,,2000-2006 2008-2023,true
2016,audi,audi,tt-s,1,exact,TT,Passenger Car,TT Roadster quattro,,2000-2006 2008-2023,true
2017,mazda,mazda,mazda6,5,exact,Mazda6,Passenger Car,6,,2003-2026,true
2020,lexus,lexus,ls,4,exact,LS,Passenger Car,LS 500h,,1990-2026,true
2021,lexus,lexus,ls,4,exact,LS,Passenger Car,LS 500,,1990-2026,true
1997,lexus,lexus,lx,5,exact,LX,MPV,LX 450,,1996-2026,true
2014,audi,audi,s6,1,exact,S6,Passenger Car,S6,,1995-1997 2002-2003 2007-2011 2013-2018 2020-2025,true
2013,audi,audi,s6,1,exact,S6,Passenger Car,S6,,1995-1997 2002-2003 2007-2011 2013-2018 2020-2025,true
2010,honda,honda,civic,8,exact,Civic,Passenger Car,Civic,,1990-2026,true
2023,audi,audi,a3,1,exact,A3,Passenger Car,A3,,2006-2013 2015-2020 2022-2026,true
2026,audi,audi,a3,1,exact,A3,Passenger Car,A3 quattro,,2006-2013 2015-2020 2022-2026,true
2010,mini,mini,cooper,6,exact,Cooper,Passenger Car,Cooper Convertible,,2002-2026,true
2005,jeep,jeep,wrangler,5,exact,Wrangler,MPV,Wrangler/TJ 4WD,,1990-2026,true
2024,jaguar,jaguar,f-pace,6,exact,F-PACE,MPV,F-Pace SVR,,2017-2026,true
2010,kia,kia,forte,5,exact,Forte,Passenger Car,Forte,,2010-2024,true
2000,audi,audi,a4,3,exact,A4,Passenger Car,A4,,1996-2025,true
2011,hyundai,hyundai,tucson,6,exact,Tucson,MPV,Tucson 2WD,,2005-2026,true
2006,subaru,subaru,impreza,5,exact,Impreza,Passenger Car,Impreza AWD,,1993-2026,true
2026,acura,acura,integra,1,exact,Integra,Passenger Car,Integra,,1990-2001 2023-2026,true
2012,audi,audi,r8,1,exact,R8,Passenger Car,R8,,2008-2012 2014-2018 2020-2023,true
2001,subaru,subaru,impreza,5,exact,Impreza,Passenger Car,Impreza AWD,,1993-2026,true
2012,buick,buick,encore,1,none,,,,,2013-2026,true
2023,buick,buick,encore,1,exact,,,Encore GX FWD,,2013-2026,true
2025,toyota,toyota,prius,7,exact,Prius,Passenger Car,Prius AWD,,2001-2026,true
2010,lincoln,lincoln,mkx,5,exact,MKX,MPV,MKX FWD,,2007-2018,true
2009,mitsubishi,mitsubishi,lancer,7,exact,Lancer,Passenger Car,Lancer,,2002-2017,true
2009,mitsubishi,mitsubishi,outlander,5,exact,Outlander,MPV,Outlander 4WD,,2003-2026,true
2002,kia,kia,sorento,1,exact,Sorento,MPV,,,2001-2009 2011-2026,true
2017,mitsubishi,mitsubishi,lancer,7,exact,Lancer,Passenger Car,Lancer,,2002-2017,true
2008,mitsubishi,mitsubishi,eclipse,5,exact,Eclipse,Passenger Car,Eclipse Spyder,,1990-2012,true
2014,acura,acura,tl,5,exact,TL,Passenger Car,TL 2WD,,1990-2014,true
2013,jeep,jeep,cherokee,1,none,,,,,1990-2011 2014-2023 2026,true
2023,acura,acura,rdx,5,exact,RDX,MPV,RDX FWD,,2007-2026,true
2024,chevrolet,chevrolet,equinox,5,exact,Equinox,MPV,Equinox FWD,,2005-2026,true
2009,hyundai,hyundai,sonata,6,exact,Sonata,Passenger Car,Sonata,,1990-2026,true
2007,bmw,bmw,m5,2,exact,M5,Passenger Car,M5,,1991-1993 2000-2003 2006-2010 2013-2023 2025-2026,true
2008,bmw,bmw,m5,2,exact,M5,Passenger Car,M5,,1991-1993 2000-2003 2006-2010 2013-2023 2025-2026,true
2005,toyota,toyota,highlander,9,exact,Highlander,MPV,Highlander 2WD,,2001-2026,true
2008,jeep,jeep,compass,6,exact,Compass,MPV,Compass 2WD,,2006-2026,true
2005,mitsubishi,mitsubishi,maven,1,none,,,,,,true
2016,honda,honda,hr-v,5,exact,HR-V,MPV,HR-V 2WD,,2016-2026,true
2024,chevrolet,chevrolet,blazer,9,exact,Blazer,MPV,Blazer FWD,,1990-2005 2019-2026,true
2024,buick,buick,envision,4,exact,Envision,MPV,Envision AWD,,2016-2026,true
2024,ford,ford,escape,7,exact,Escape,MPV,Escape FWD,,2001-2026,true
2007,mazda,mazda,mazda6,4,exact,Mazda6,Passenger Car,6,,2003-2026,true
2016,chevrolet,chevrolet,impala,4,exact,Impala,Passenger Car,Impala Limited,,1994-1996 2000-2020,true
2021,honda,honda,passport,5,exact,Passport,MPV,Passport FWD,,1994-2002 2019-2026,true
2016,kia,kia,sportage,7,exact,Sportage,MPV,Sportage FWD,,1995-2026,true
2023,ford,ford,f-150,11,exact,F-150,Truck,F150 Pickup 2WD,,1990-2026,true
2009,mazda,mazda,cx-9,1,exact,CX-9,MPV,CX-9 4WD,,2007-2023,true
2021,cadillac,cadillac,escalade,6,exact,Escalade,MPV,Escalade 2WD,,1999-2026,true
2009,bmw,bmw,m5,2,exact,M5,Passenger Car,M5,,1991-1993 2000-2003 2006-2010 2013-2023 2025-2026,true
2010,audi,audi,tt-s,1,exact,TT,Passenger Car,TT Roadster quattro,,2000-2006 2008-2023,true
2020,toyota,toyota,tundra,8,exact,Tundra,Truck,Tundra 2WD,,1995-2026,true
2008,mazda,mazda,mx-5,1,exact,MX-5,Passenger Car,MX-5,,1990-1997 1999-2026,true
2024,honda,honda,civic,17,exact,Civic,Passenger Car,Civic 4Dr,,1990-2026,true
2017,audi,audi,tt-s,1,exact,TT,Passenger Car,TTS Coupe,,2000-2006 2008-2023,true
2011,honda,honda,insight,3,exact,Insight,Passenger Car,Insight,,2000-2014 2019-2022,true
2010,mitsubishi,mitsubishi,galant,7,exact,Galant,Passenger Car,Galant,,1990-2012,true
2024,honda,honda,cr-v,8,exact,CR-V,MPV,CR-V FWD,,1997-2026,true
2009,audi,audi,s4,3,exact,S4,Passenger Car,S4 Cabriolet,,1992-1994 2000-2002 2004-2016 2018-2025,true
2024,honda,honda,hr-v,5,exact,HR-V,MPV,HR-V AWD,,2016-2026,true
2024,acura,acura,tlx,6,exact,TLX,Passenger Car,TLX FWD,,2015-2025,true
2024,honda,honda,pilot,8,exact,Pilot,MPV,Pilot FWD,,2003-2026,true
2024,honda,honda,ridgeline,6,exact,Ridgeline,Truck,Ridgeline AWD,,2006-2026,true
1990,mazda,mazda,mx-5,1,exact,MX-5,Passenger Car,MX-5 Miata,,1990-1997 1999-2026,true
2024,hyundai,hyundai,elantra,5,exact,Elantra,Passenger Car,Elantra,,1992-2026,true
2024,hyundai,hyundai,kona,5,exact,Kona,MPV,Kona FWD,,2018-2026,true
2012,mitsubishi,mitsubishi,i,1,exact,i-MiEV,Passenger Car,i-MiEV,,2012-2018,true
2009,honda,honda,civic,8,exact,Civic,Passenger Car,Civic CNG,,1990-2026,true
2009,gmc,gmc,acadia,6,exact,Acadia,MPV,Acadia FWD,,2007-2026,true
2009,honda,honda,accord,6,exact,Accord,Passenger Car,Accord Coupe,,1990-2026,true
2026,ram,ram,promaster,3,exact,ProMaster 1500,Truck,,,2014-2026,true
2000,mitsubishi,mitsubishi,galant,7,exact,Galant,Passenger Car,Galant,,1990-2012,true
2002,honda,honda,passport,1,exact,Passport,MPV,Passport 2WD,,1994-2002 2019-2026,true
2009,hyundai,hyundai,elantra,5,exact,Elantra,Passenger Car,Elantra,,1992-2026,true
2005,acura,acura,tsx,4,exact,TSX,Passenger Car,TSX,,2004-2014,true
2010,subaru,subaru,legacy,6,exact,Legacy,Passenger Car,Legacy AWD,,1990-2026,true
2009,jeep,jeep,compass,6,exact,Compass,MPV,Compass 2WD,,2006-2026,true
2010,volkswagen,volkswagen,golf,4,exact,Golf,Passenger Car,Golf,,1990-2026,true
2002,chevrolet,chevrolet,silverado-3500,2,exact,Silverado,Truck,Silverado 1500 2WD,,1999-2026,true
2008,gmc,gmc,sierra-1500,1,exact,Sierra,Truck,Sierra C15 2WD,,1990-2026,true
2011,mitsubishi,mitsubishi,i,1,none,,,,,2012-2018,true
2024,infiniti,infiniti,qx80,4,exact,QX80,MPV,QX80 2WD,,2003-2026,true
2002,chevrolet,chevrolet,suburban,1,exact,Suburban,MPV,Suburban 1500 2WD,,1990-2026,true
2008,mitsubishi,mitsubishi,i,1,none,,,,,2012-2018,true
2010,volkswagen,volkswagen,tiguan,6,exact,Tiguan,MPV,Tiguan,,2009-2026,true
2022,bmw,bmw,x4,1,exact,X4,MPV,X4 xDrive30i,,2015-2025,true
2003,lexus,lexus,gx,6,exact,GX,MPV,GX 470,,2003-2026,true
2023,bmw,bmw,ix,1,exact,iX,MPV,iX M60 (21 inch wheels),,2022-2026,true
2009,ford,ford,ranger,6,exact,Ranger,Truck,Ranger Pickup 2WD,,1990-2011 2019-2026,true
2009,chevrolet,chevrolet,equinox,5,exact,Equinox,MPV,Equinox FWD,,2005-2026,true
2020,land rover,landrover,range-rover-evoque,5,exact,Range Rover Evoque,MPV,Evoque,,2012-2026,true
2004,chevrolet,chevrolet,blazer,1,exact,Blazer,MPV,S10 Pickup 4WD,,1990-2005 2019-2026,true
2006,buick,buick,lucerne,1,exact,Lucerne,Passenger Car,Lucerne,,2006-2011,true
2006,buick,buick,rendezvous,1,exact,Rendezvous,MPV,Rendezvous FWD,,2001-2007,true
2005,nissan,nissan,quest,1,exact,Quest,MPV,Quest,,1993-2009 2011-2017,true
2007,mitsubishi,mitsubishi,i,1,none,,,,,2012-2018,true
1995,subaru,subaru,svx,1,exact,SVX,Passenger Car,SVX,,1992-1997,true
2003,mercedes-benz,mercedesbenz,s-class,7,exact,S-Class,Passenger Car,S430,,1990-2026,true
2009,lincoln,lincoln,mkx,5,exact,MKX,MPV,MKX FWD,,2007-2018,true
2003,chrysler,chrysler,town-country,1,exact,Town and Country,MPV,Town and Country/Voyager/Grand Voy. 2WD,,1990-2016,true
2013,nissan,nissan,quest,1,exact,Quest,MPV,Quest,,1993-2009 2011-2017,true
2007,nissan,nissan,quest,1,exact,Quest,MPV,Quest,,1993-2009 2011-2017,true
2003,chrysler,chrysler,crossfire,1,none,,,,,2004-2008,true
2011,porsche,porsche,panamera,7,exact,Panamera,Passenger Car,Panamera,,2010-2026,true
2023,nissan,nissan,gt-r,6,exact,GT-R,Passenger Car,GT-R,,2009-2024,true
2024,nissan,nissan,gt-r,6,exact,GT-R,Passenger Car,GT-R,,2009-2024,true
2004,chevrolet,chevrolet,trailblazer,1,exact,Trailblazer,MPV,TrailBlazer 2WD,,2002-2009 2021-2026,true
2006,chevrolet,chevrolet,trailblazer,1,exact,Trailblazer,MPV,TrailBlazer 2WD,,2002-2009 2021-2026,true
2009,chevrolet,chevrolet,trailblazer,1,exact,Trailblazer,MPV,TrailBlazer 2WD,,2002-2009 2021-2026,true
1991,ford,ford,ranger,1,exact,Ranger,MPV,Ranger Pickup 2WD,,1990-2011 2019-2026,true
2024,jeep,jeep,renegade,5,none,,,,,2015-2023,true
1999,chevrolet,chevrolet,corvette,2,exact,Corvette,Passenger Car,Corvette,,1990-2026,true
2007,bmw,bmw,x3,1,exact,X3,MPV,X3 3.0i,,2004-2026,true
2001,mercedes-benz,mercedesbenz,e-class,9,exact,E-Class,Passenger Car,E320,,1990-2026,true
1999,ford,ford,escort,1,exact,Escort,Passenger Car,Escort ZX2,,1990-2003,true
2024,kia,kia,sorento,7,exact,Sorento,MPV,Sorento Hybrid FWD,,2001-2009 2011-2026,true
2010,cadillac,cadillac,escalade-esv,6,exact,Escalade,MPV,Escalade 2WD,,1999-2026,true
1996,pontiac,pontiac,grand-am,1,exact,Grand AM,Passenger Car,Grand Am,,1990-2005,true
1995,hummer,hummer,h1,1,exact,H1,MPV,,,1992-2006,true
2001,hummer,hummer,h1,1,exact,H1,MPV,,,1992-2006,true
1998,mercury,mercury,mountaineer,1,exact,Mountaineer,MPV,Mountaineer 2WD,,1997-2010,true
2001,ford,ford,e-150-econoline,1,exact,E-150,MPV,E150 Econoline 2WD,,1990-2014,true
2024,mercedes-benz,mercedesbenz,gla,8,exact,GLA-Class,MPV,AMG GLA35 4matic,,2015-2026,true
2009,mini,mini,clubman,6,exact,Clubman,Passenger Car,John Cooper Works Clubman,,2008-2014 2016-2024,true
2007,hyundai,hyundai,tiburon,1,exact,Tiburon,MPV,Tiburon,,1997-2008,true
2015,mercedes-benz,mercedesbenz,e-class-amg,2,exact,E-Class,Passenger Car,E350 Coupe,,1990-2026,true
2002,mercedes-benz,mercedesbenz,g-class,2,exact,G-Class,MPV,G500,,1999 2002-2026,true
1993,jeep,jeep,cherokee,1,exact,Cherokee,MPV,Cherokee 2WD,,1990-2011 2014-2023 2026,true
1994,jeep,jeep,cherokee,1,exact,Cherokee,MPV,Cherokee 2WD,,1990-2011 2014-2023 2026,true
2009,nissan,nissan,xterra,6,exact,Xterra,MPV,Xterra 2WD,,2000-2015,true
2024,land rover,landrover,range-rover,6,exact,Range Rover,MPV,Range Rover Evoque,,1990-2026,true
2026,mercedes-benz,mercedesbenz,gla,8,exact,GLA-Class,MPV,AMG GLA35 4matic,,2015-2026,true
1996,chevrolet,chevrolet,tahoe,7,exact,Tahoe,MPV,Tahoe 1500 2WD,,1995-2026,true
1998,toyota,toyota,rav4,3,exact,RAV4,MPV,RAV4 2WD,,1996-2026,true
2024,lexus,lexus,es,5,exact,ES,Passenger Car,ES 350,,1990-2026,true
2016,lexus,lexus,lx,5,exact,LX,MPV,LX 570,,1996-2026,true
2015,toyota,toyota,sienna,8,exact,Sienna,MPV,Sienna 2WD,,1995-2026,true
1996,jeep,jeep,wrangler,1,exact,Wrangler,MPV,,,1990-2026,true
2009,volkswagen,volkswagen,tiguan,6,exact,Tiguan,MPV,Tiguan,,2009-2026,true
1990,jeep,jeep,cherokee,1,exact,Cherokee,MPV,Cherokee 2WD,,1990-2011 2014-2023 2026,true
1995,buick,buick,riviera,1,exact,Riviera,Passenger Car,Riviera,,1990-1993 1995-1999,true
2022,gmc,gmc,canyon,5,exact,Canyon,Truck,Canyon 2WD,,2004-2026,true
2008,ford,ford,explorer,8,exact,Explorer,MPV,Explorer Sport Trac 2WD,,1991-2026,true
1994,mercury,mercury,sable,1,exact,Sable,Passenger Car,Sable,,1990-2005 2008-2009,true
1997,buick,buick,skylark,1,exact,Skylark,Passenger Car,Skylark,,1990-1998,true
2022,buick,buick,envision-s,1,exact,Envision,MPV,Envision FWD,,2016-2026,true
2024,buick,buick,envista,1,exact,Envista,MPV,Envista,,2024-2026,true
2025,buick,buick,lacrosse,1,none,,,,,2005-2019,true
2025,buick,buick,envista,1,exact,Envista,MPV,Envista,,2024-2026,true
2024,lexus,lexus,is,5,exact,IS,Passenger Car,IS 300 AWD,,2001-2026,true
1999,mercury,mercury,sable,1,exact,Sable,Passenger Car,Sable,,1990-2005 2008-2009,true
2021,jeep,jeep,cherokee,16,exact,Cherokee,MPV,Cherokee FWD,,1990-2011 2014-2023 2026,true
2020,jeep,jeep,compass,8,exact,Compass,MPV,Compass FWD,,2006-2026,true
2008,acura,acura,tsx,4,exact,TSX,Passenger Car,TSX,,2004-2014,true
2008,hyundai,hyundai,tucson,6,exact,Tucson,MPV,Tucson 2WD,,2005-2026,true
2020,lexus,lexus,lx,5,exact,LX,MPV,LX 570,,1996-2026,true
2026,buick,buick,encore,1,exact,,,Encore GX FWD FFV,,2013-2026,true
2008,chevrolet,chevrolet,equinox,5,exact,Equinox,MPV,Equinox FWD,,2005-2026,true
2015,buick,buick,envision,1,none,,,,,2016-2026,true
2023,buick,buick,lacrosse,1,none,,,,,2005-2019,true
2024,buick,buick,lacrosse,1,none,,,,,2005-2019,true
2026,buick,buick,lacrosse,1,none,,,,,2005-2019,true
1990,chevrolet,chevrolet,corvette,1,exact,Corvette,Passenger Car,Twin-Turbo Corvette,,1990-2026,true
2012,mercedes-benz,mercedesbenz,s-class,12,exact,S-Class,Passenger Car,S550,,1990-2026,true
2022,honda,honda,insight,4,exact,Insight,Passenger Car,Insight Touring,,2000-2014 2019-2022,true
2025,chevrolet,chevrolet,malibu,6,exact,Malibu,Passenger Car,Malibu,,1997-2025,true
2025,lexus,lexus,lx,5,exact,LX,MPV,LX 600,,1996-2026,true
2008,gmc,gmc,acadia,6,exact,Acadia,MPV,Acadia FWD,,2007-2026,true
2008,mini,mini,cooper,6,exact,Cooper,Passenger Car,Cooper Convertible,,2002-2026,true
1996,jeep,jeep,cherokee,1,exact,Cherokee,MPV,Cherokee 2WD,,1990-2011 2014-2023 2026,true
2026,cadillac,cadillac,ct5-v,1,exact,CT5,Passenger Car,CT5,,2020-2026,true
2022,cadillac,cadillac,ct5-v,1,exact,CT5,Passenger Car,CT5 V,,2020-2026,true
2024,cadillac,cadillac,xt5,1,exact,XT5,MPV,XT5 Hearse FWD,,2017-2026,true
2021,cadillac,cadillac,xt6,1,exact,XT6,MPV,XT6 FWD,,2020-2025,true
2022,cadillac,cadillac,xt6,1,exact,XT6,MPV,XT6 FWD,,2020-2025,true
2014,ram,ram,3500,6,exact,3500,Truck,,,2012-2026,true
2016,porsche,porsche,boxster,5,exact,Boxster,Passenger Car,Boxster S,,1997-2025,true
1997,cadillac,cadillac,seville,1,exact,Seville,Passenger Car,Seville,,1990-2004,true
2020,mercedes-benz,mercedesbenz,amg-gt,8,exact,AMG GT,Passenger Car,AMG GT Coupe,,2016-2026,true
2025,cadillac,cadillac,ct4-v,1,exact,CT4,Passenger Car,CT4,,2020-2026,true
2025,volvo,volvo,s90,4,exact,S90,Passenger Car,S90 B6 AWD,,1997-1998 2017-2026,true
2019,jeep,jeep,gladiator,1,none,,,,,2020-2026,true
2025,cadillac,cadillac,ct5,1,exact,CT5,Passenger Car,CT5 V,,2020-2026,true
2023,cadillac,cadillac,ct5,1,exact,CT5,Passenger Car,CT5 AWD,,2020-2026,true
2024,cadillac,cadillac,xt6,1,exact,XT6,MPV,XT6 FWD,,2020-2025,true
2008,nissan,nissan,rogue,5,exact,Rogue,MPV,Rogue FWD,,2008-2026,true
2021,jeep,jeep,wrangler,13,exact,Wrangler,MPV,Wrangler 2dr 4WD,,1990-2026,true
2007,cadillac,cadillac,sts-v,1,exact,STS,Passenger Car,STS,,2005-2011,true
2025,cadillac,cadillac,vistiq,1,none,,,,,2026,true
2006,cadillac,cadillac,xlr-v,1,exact,XLR,Passenger Car,XLR,,2003-2009,true
2026,cadillac,cadillac,xt5,1,exact,XT5,MPV,XT5 FWD,,2017-2026,true
2008,nissan,nissan,xterra,6,exact,Xterra,MPV,Xterra 2WD,,2000-2015,true
2026,gmc,gmc,canyon,5,exact,Canyon,Truck,Canyon AT4X AEV 4WD,,2004-2026,true
2023,cadillac,cadillac,xt5,1,exact,XT5,MPV,XT5 Hearse FWD,,2017-2026,true
2016,ford,ford,fiesta,6,exact,Fiesta,Passenger Car,Fiesta FWD,,2011-2019,true
2025,nissan,nissan,maxima,6,none,,,,,1990-2014 2016-2023,true
2003,acura,acura,rl,1,exact,RL,Passenger Car,3.5RL,,1990-2012,true
2002,hyundai,hyundai,elantra,1,exact,Elantra,Passenger Car,Elantra,,1992-2026,true
2003,hyundai,hyundai,elantra,1,exact,Elantra,Passenger Car,Elantra,,1992-2026,true
2023,bmw,bmw,x6,5,exact,X6,MPV,X6 xDrive40i,,2008-2026,true
2008,lincoln,lincoln,mkx,5,exact,MKX,MPV,MKX FWD,,2007-2018,true
2008,mitsubishi,mitsubishi,lancer-evolution,4,exact,Lancer,Passenger Car,Lancer,,2002-2017,true
2005,mazda,mazda,mazda3,2,exact,Mazda3,Passenger Car,3,,2003-2026,true
2006,mazda,mazda,mazda3,2,exact,Mazda3,Passenger Car,3,,2003-2026,true
2007,mazda,mazda,mazda3,2,exact,Mazda3,Passenger Car,3,,2003-2026,true
2008,subaru,subaru,legacy,6,exact,Legacy,Passenger Car,Legacy AWD,,1990-2026,true
2023,cadillac,cadillac,ct6,1,none,,,,,2016-2020,true
2005,ford,ford,mustang,3,exact,Mustang,Passenger Car,Mustang,,1990-2026,true
2008,subaru,subaru,outback,7,exact,Outback,MPV,Legacy AWD,,1990-2026,true
2024,buick,buick,regal,1,none,,,,,1990-2004 2011-2020,true
2016,ram,ram,3500,5,exact,3500,MPV,,,2012-2026,true
2017,chrysler,chrysler,pacifica,2,exact,Pacifica,MPV,Pacifica,,2004-2009 2017-2026,true
1995,gmc,gmc,sonoma,1,exact,Sonoma,Truck,Sonoma 2WD,,1990-2004,true
2000,chrysler,chrysler,town-and-country,2,exact,Town and Country,MPV,Town and Country/Voyager/Grand Voy. 2WD,,1990-2016,true
2001,chrysler,chrysler,town-and-country,2,exact,Town and Country,MPV,Town and Country/Voyager/Grand Voy. 2WD,,1990-2016,true
2015,mitsubishi,mitsubishi,mirage,1,exact,Mirage,Passenger Car,Mirage,,1990-2002 2014-2024,true
2016,mitsubishi,mitsubishi,mirage,1,exact,Mirage,Passenger Car,,,1990-2002 2014-2024,true
2017,mitsubishi,mitsubishi,mirage,1,exact,Mirage,Passenger Car,Mirage,,1990-2002 2014-2024,true
2008,nissan,nissan,altima,6,exact,Altima,Passenger Car,Altima Coupe,,1993-2026,true
2025,nissan,nissan,rogue,6,exact,Rogue,MPV,Rogue FWD,,2008-2026,true
2011,suzuki,suzuki,sx4,1,exact,SX4,Passenger Car,SX4 Sedan,,2007-2013,true
2008,dodge,dodge,charger,5,exact,Charger,Passenger Car,Charger,,2006-2026,true
2006,nissan,nissan,xterra,6,exact,Xterra,MPV,Xterra 2WD,,2000-2015,true
2023,ford,ford,bronco-sport,4,exact,Bronco Sport,MPV,Bronco Sport 4WD,,2021-2026,true
1992,chevrolet,chevrolet,s-10,1,exact,S-10 Pickup,Truck,S10 Pickup 2WD,,1990-2005 2019-2026,true
2024,audi,audi,q3,4,exact,Q3,MPV,Q3 S line quattro,,2015-2026,true
2022,audi,audi,q3,4,exact,Q3,MPV,Q3 S line quattro,,2015-2026,true
2020,audi,audi,q3,4,exact,Q3,MPV,Q3 quattro,,2015-2026,true
2006,subaru,subaru,legacy,6,exact,Legacy,Passenger Car,Legacy AWD,,1990-2026,true
2022,hyundai,hyundai,ioniq,5,exact,Ioniq,Passenger Car,Ioniq,,2017-2026,true
2006,toyota,toyota,highlander,9,exact,Highlander,MPV,Highlander 2WD,,2001-2026,true
2024,lexus,lexus,rx,6,exact,RX,MPV,RX 350,,1999-2026,true
2006,volkswagen,volkswagen,jetta,6,exact,Jetta,Passenger Car,Jetta,,1990-2026,true
2004,cadillac,cadillac,escalade-esv,6,exact,Escalade,MPV,Escalade 2WD,,1999-2026,true
1998,chevrolet,chevrolet,monte-carlo,2,exact,Monte Carlo,Passenger Car,Lumina/Monte Carlo,,1995-2007,true
2007,saab,saab,9-3,1,exact,9-3,Passenger Car,9-3 Convertible,,1999-2012,true
2024,lincoln,lincoln,aviator,5,exact,Aviator,MPV,Aviator RWD,,2003-2005 2020-2026,true
2006,volkswagen,volkswagen,passat,5,exact,Passat,Passenger Car,Passat,,1990-2022,true
2009,pontiac,pontiac,g8,1,exact,G8,Passenger Car,G8,,2008-2010,true
1992,chevrolet,chevrolet,s10,1,exact,S-10 Pickup,Truck,S10 Pickup 2WD,,1990-2005 2019-2026,true
2005,honda,honda,civic,7,exact,Civic,Passenger Car,Civic,,1990-2026,true
2014,acura,acura,mdx,6,exact,MDX,MPV,MDX 2WD,,2001-2026,true
2022,jaguar,jaguar,xf,5,exact,XF,Passenger Car,XF P250,,2009-2024,true
2013,buick,buick,encore,1,exact,Encore,MPV,Encore,,2013-2026,true
2005,honda,honda,pilot,7,exact,Pilot,MPV,Pilot 4WD,,2003-2026,true
2023,acura,acura,mdx,6,exact,MDX,MPV,MDX AWD Type-S,,2001-2026,true
2002,mercedes,mercedesbenz,m-class,1,exact,M-Class,MPV,ML320,,1995-2019,true
2004,mercedes,mercedesbenz,m-class,1,exact,M-Class,MPV,ML350,,1995-2019,true
2021,chevrolet,chevrolet,malibu,5,exact,Malibu,Passenger Car,Malibu,,1997-2025,true
2006,chevrolet,chevrolet,impala,4,exact,Impala,Passenger Car,Impala,,1994-1996 2000-2020,true
2007,chevrolet,chevrolet,impala,4,exact,Impala,Passenger Car,Impala,,1994-1996 2000-2020,true
2009,chevrolet,chevrolet,impala,4,exact,Impala,Passenger Car,Impala,,1994-1996 2000-2020,true
2005,lexus,lexus,es,5,exact,ES,Passenger Car,ES 330,,1990-2026,true
2006,lexus,lexus,is,5,exact,IS,Passenger Car,IS 250,,2001-2026,true
1999,chevrolet,chevrolet,c2500,1,exact,Silverado,Truck,Silverado 1500 2WD,,1990-2026,true
1997,gmc,gmc,suburban,1,exact,Yukon,MPV,Suburban 1500 2WD,,1990-2026,true
2006,nissan,nissan,maxima,6,exact,Maxima,Passenger Car,Maxima,,1990-2014 2016-2023,true
2005,mini,mini,cooper,6,exact,Cooper,Passenger Car,Cooper,,2002-2026,true
2006,nissan,nissan,armada,5,exact,Armada,MPV,Armada 2WD,,2002-2015 2017-2026,true
2013,bmw,bmw,x5-m,2,exact,X5,MPV,X5 xDrive50i,,2000-2026,true
2019,subaru,subaru,brz,4,exact,BRZ,Passenger Car,BRZ,,2013-2026,true
2022,bmw,bmw,x6,5,exact,X6,MPV,X6 xDrive40i,,2008-2026,true
2005,mitsubishi,mitsubishi,eclipse,5,exact,Eclipse,Passenger Car,Eclipse Spyder,,1990-2012,true
2015,bmw,bmw,x5-m,2,exact,X5,MPV,X5 sDrive35i,,2000-2026,true
2023,honda,honda,cr-v,7,exact,CR-V,MPV,CR-V FWD,,1997-2026,true
2005,mitsubishi,mitsubishi,galant,7,exact,Galant,Passenger Car,Galant,,1990-2012,true
2011,bmw,bmw,x5-m,2,exact,X5,MPV,X5 xDrive35d,,2000-2026,true
2005,nissan,nissan,pathfinder,5,exact,Pathfinder,MPV,Pathfinder 2WD,,1990-2026,true
2005,subaru,subaru,legacy,6,exact,Legacy,Passenger Car,Legacy AWD,,1990-2026,true
2005,subaru,subaru,outback,7,exact,Outback,MPV,Legacy AWD,,1990-2026,true
2004,ford,ford,escape,7,exact,Escape,MPV,Escape 2WD,,2001-2026,true
2005,volkswagen,volkswagen,jetta,6,exact,Jetta,Passenger Car,Jetta,,1990-2026,true
2005,volkswagen,volkswagen,passat,5,exact,Passat,Passenger Car,Passat 4motion,,1990-2022,true
2004,chevrolet,chevrolet,tahoe,7,exact,Tahoe,MPV,Tahoe 1500 2WD,,1995-2026,true
2004,honda,honda,pilot,7,exact,Pilot,MPV,Pilot 4WD,,2003-2026,true
2016,bmw,bmw,2-series,1,exact,228i,Passenger Car,M235i Convertible,,2014-2026,true
2008,jaguar,jaguar,x-type,1,exact,X-Type,Passenger Car,X-Type,,2002-2008,true
2020,chevrolet,chevrolet,malibu,5,exact,Malibu,Passenger Car,Malibu,,1997-2025,true
2007,mitsubishi,mitsubishi,outlander,5,exact,Outlander,MPV,Outlander 2WD,,2003-2026,true
2005,chevrolet,chevrolet,silverado-3500,3,exact,Silverado,Truck,Silverado 15 Hybrid 2WD,,1999-2026,true
2025,nissan,nissan,sentra,4,exact,Sentra,Passenger Car,Sentra,,1990-2026,true
2004,honda,honda,civic,7,exact,Civic,Passenger Car,Civic,,1990-2026,true
2007,buick,buick,lacrosse,9,exact,LaCrosse,Passenger Car,Lacrosse/Allure,,2005-2019,true
1990,chevrolet,chevrolet,corsica,1,exact,Corsica,Passenger Car,Corsica,,1990-1996,true
2006,volvo,volvo,xc90,5,exact,XC90,MPV,XC90 FWD,,2003-2014 2016-2026,true
1996,chevrolet,chevrolet,corsica,1,exact,Corsica,Passenger Car,Corsica,,1990-1996,true
1993,chrysler,chrysler,town-&-country,1,exact,Town and Country,MPV,Town and Country 2WD,,1990-2016,true
2008,lexus,lexus,rx,6,exact,RX,MPV,RX 350 2WD,,1999-2026,true
2009,lexus,lexus,rx,6,exact,RX,MPV,RX 350 2WD,,1999-2026,true
2010,lexus,lexus,rx,6,exact,RX,MPV,RX 350 2WD,,1999-2026,true
2017,volvo,volvo,s60,5,exact,S60,MPV,S60 Inscription FWD,,2001-2009 2011-2025,true
2004,mitsubishi,mitsubishi,eclipse,5,exact,Eclipse,Passenger Car,Eclipse Spyder,,1990-2012,true
2012,lexus,lexus,rx,6,exact,RX,MPV,RX 450h,,1999-2026,true
2022,jeep,jeep,gladiator,11,exact,Gladiator,Truck,Gladiator 4WD,,2020-2026,true
2005,lincoln,lincoln,aviator,5,exact,Aviator,MPV,Aviator 2WD,,2003-2005 2020-2026,true
2023,jeep,jeep,gladiator,11,exact,Gladiator,Truck,Gladiator EcoDiesel 4WD,,2020-2026,true
2005,nissan,nissan,armada,5,exact,Armada,MPV,Armada 2WD,,2002-2015 2017-2026,true
2025,nissan,nissan,murano,5,exact,Murano,MPV,Murano FWD,,2002-2007 2009-2026,true
2004,nissan,nissan,pathfinder,5,exact,Pathfinder,Truck,Pathfinder 2WD,,1990-2026,true
2002,pontiac,pontiac,grand-prix,1,exact,Grand Prix,Passenger Car,Grand Prix,,1990-2008,true
2019,chevrolet,chevrolet,malibu,5,exact,Malibu,Passenger Car,Malibu,,1997-2025,true
2024,mini,mini,clubman,6,exact,Clubman,Passenger Car,Cooper S Clubman,,2008-2014 2016-2024,true
2003,ford,ford,escape,7,exact,Escape,MPV,Escape 2WD,,2001-2026,true
2004,subaru,subaru,outback,7,exact,Legacy,Passenger Car,Legacy/Outback AWD,,1990-2026,true
2010,mitsubishi,mitsubishi,montero,1,none,,,,,1990-2006,true
2004,subaru,subaru,wrx,6,exact,Impreza,Passenger Car,Impreza AWD,,1993-2026,true
2004,toyota,toyota,highlander,9,exact,Highlander,MPV,Highlander 2WD,,2001-2026,true
2022,mazda,mazda,cx-5,8,exact,CX-5,MPV,CX-5 4WD,,2013-2026,true
2004,volkswagen,volkswagen,jetta,6,exact,Jetta,MPV,Jetta,,1990-2026,true
2003,acura,acura,tl,5,exact,TL,Passenger Car,3.2TL,,1990-2014,true
2003,lexus,lexus,es,5,exact,ES,Passenger Car,ES 300,,1990-2026,true
2000,toyota,toyota,corolla,6,exact,Corolla,Passenger Car,Corolla,,1990-2026,true
1996,gmc,gmc,sonoma,1,exact,Sonoma,Truck,Sonoma 2WD,,1990-2004,true
2018,subaru,subaru,crosstrek,3,exact,Crosstrek,MPV,Crosstrek AWD,,2012-2026,true
2018,cadillac,cadillac,xt5,4,exact,XT5,MPV,XT5,,2017-2026,true
2018,honda,honda,hr-v,3,exact,HR-V,MPV,HR-V FWD,,2016-2026,true
2018,nissan,nissan,kicks,3,exact,Kicks,Passenger Car,Kicks,,2018-2026,true
2018,hyundai,hyundai,kona,4,exact,Kona,MPV,Kona FWD,,2018-2026,true
2018,fiat,fiat,500x,8,exact,500X,MPV,500 X,,2016-2023,true
2011,mitsubishi,mitsubishi,montero,1,none,,,,,1990-2006,true
2023,jaguar,jaguar,xe,5,none,,,,,2017-2021,true
2022,honda,honda,civic,16,exact,Civic,Passenger Car,Civic 4Dr,,1990-2026,true
2020,honda,honda,cr-v,13,exact,CR-V,MPV,CR-V FWD,,1997-2026,true
1997,chrysler,chrysler,sebring,1,exact,Sebring,Passenger Car,Sebring,,1995-2010,true
2021,honda,honda,cr-v,9,exact,CR-V,MPV,CR-V FWD,,1997-2026,true
2003,subaru,subaru,forester,7,exact,Forester,Passenger Car,Forester AWD,,1998-2026,true
2003,subaru,subaru,wrx,6,exact,Impreza,Passenger Car,Impreza AWD,,1993-2026,true
2011,cadillac,cadillac,escalade-esv,6,exact,Escalade,Truck,Escalade Hybrid 2WD,,1999-2026,true
2016,audi,audi,q7,5,none,,,,,2007-2015 2017-2026,true
2003,volkswagen,volkswagen,jetta,6,exact,Jetta,Passenger Car,Jetta,,1990-2026,true
2000,nissan,nissan,altima,6,exact,Altima,Passenger Car,Altima,,1993-2026,true
2014,audi,audi,q7,5,exact,Q7,MPV,Q7,,2007-2015 2017-2026,true
1992,porsche,porsche,968,1,exact,968,Passenger Car,968,,1992-1995,true
2016,nissan,nissan,leaf,4,exact,Leaf,Passenger Car,Leaf (24 kW-hr battery pack),,2011-2026,true
2011,chevrolet,chevrolet,corvette,5,exact,Corvette,Passenger Car,Corvette,,1990-2026,true
2006,nissan,nissan,titan,11,exact,Titan,Truck,Titan 2WD,,2002-2024,true
2002,acura,acura,tl,5,exact,TL,Passenger Car,3.2TL,,1990-2014,true
2002,ford,ford,expedition,7,exact,Expedition,Truck,Expedition 2WD,,1997-2026,true
2002,ford,ford,ranger,6,exact,Ranger,Truck,Ranger Pickup 2WD,,1990-2011 2019-2026,true
2016,nissan,nissan,versa,4,exact,Versa,Passenger Car,Versa,,2007-2025,true
2013,toyota,toyota,corolla,6,exact,Corolla,Passenger Car,Corolla,,1990-2026,true
2014,infiniti,infiniti,q60,5,exact,Q60,Passenger Car,Q60 AWD Coupe,,2014-2015 2017-2022,true
2014,bmw,bmw,2-series,1,exact,228i,Passenger Car,228i,,2014-2026,true
2014,mitsubishi,mitsubishi,montero,1,none,,,,,1990-2006,true
2019,mitsubishi,mitsubishi,montero,1,none,,,,,1990-2006,true
2024,mitsubishi,mitsubishi,mirage,1,exact,Mirage,Passenger Car,Mirage,,1990-2002 2014-2024,true
2002,mitsubishi,mitsubishi,lancer,7,exact,Lancer,Passenger Car,Lancer,,2002-2017,true
2023,jeep,jeep,compass,9,exact,Compass,MPV,Compass 4WD,,2006-2026,true
2001,ford,ford,excursion,1,exact,Excursion,MPV,,,2000-2005,true
2002,nissan,nissan,xterra,6,exact,Xterra,MPV,Xterra 2WD,,2000-2015,true
2025,nissan,nissan,versa,4,exact,Versa,Passenger Car,Versa,,2007-2025,true
2002,nissan,nissan,sentra,4,exact,Sentra,Passenger Car,Sentra,,1990-2026,true
2012,acura,acura,rdx,5,exact,RDX,MPV,RDX 2WD,,2007-2026,true
2012,chevrolet,chevrolet,malibu,5,exact,Malibu,Passenger Car,Malibu,,1997-2025,true
2022,chevrolet,chevrolet,malibu,5,exact,Malibu,Passenger Car,Malibu,,1997-2025,true
2002,hummer,hummer,h1,1,exact,H1,MPV,,,1992-2006,true
1998,acura,acura,nsx,1,exact,NSX,Passenger Car,NSX,,1990-2005 2016-2022,true
2001,lexus,lexus,gs,5,exact,GS,Passenger Car,GS 300/GS 430,,1993-2020,true
2002,subaru,subaru,forester,7,exact,Forester,Passenger Car,Forester AWD,,1998-2026,true
2015,chevrolet,chevrolet,corvette,5,exact,Corvette,Passenger Car,Corvette,,1990-2026,true
2000,honda,honda,passport,1,exact,Passport,MPV,Passport 2WD,,1994-2002 2019-2026,true
2020,bmw,bmw,4-series-gran-coupe,1,exact,430i,Passenger Car,430i Convertible,,2014-2026,true
2014,chevrolet,chevrolet,camaro,7,exact,Camaro,Passenger Car,Camaro,,1990-2002 2010-2024,true
2019,land rover,landrover,range-rover-evoque,5,exact,Range Rover Evoque,MPV,Range Rover Evoque Cabriolet,,2012-2026,true
2014,chevrolet,chevrolet,corvette,5,exact,Corvette,Passenger Car,Corvette,,1990-2026,true
2020,lexus,lexus,rx,6,exact,RX,MPV,RX 350 L,,1999-2026,true
2007,honda,honda,civic,8,exact,Civic,Passenger Car,Civic,,1990-2026,true
2002,toyota,toyota,corolla,6,exact,Corolla,Passenger Car,Corolla,,1990-2026,true
2025,porsche,porsche,911,8,exact,911,Passenger Car,911 Carrera,,1990-2026,true
2002,volkswagen,volkswagen,jetta,6,exact,Jetta,MPV,Jetta,,1990-2026,true
2001,ford,ford,explorer,8,exact,Explorer,MPV,Explorer Sport Trac 2WD,,1991-2026,true
2007,mazda,mazda,mazda5,3,exact,Mazda5,Passenger Car,5,,2003-2026,true
2021,kia,kia,soul,6,exact,Soul,MPV,Soul,,2010-2025,true
2001,ford,ford,ranger,6,exact,Ranger,MPV,Ranger Pickup 2WD,,1990-2011 2019-2026,true
2024,subaru,subaru,brz,4,exact,BRZ,Passenger Car,BRZ,,2013-2026,true
2001,honda,honda,accord,6,exact,Accord,Passenger Car,Accord,,1990-2026,true
2001,honda,honda,civic,7,exact,Civic,Passenger Car,Civic HX,,1990-2026,true
2003,lincoln,lincoln,navigator,4,exact,Navigator,MPV,Navigator 2WD,,1998-2026,true
2021,land rover,landrover,range-rover-evoque,5,exact,Range Rover Evoque,MPV,Evoque,,2012-2026,true
2003,mitsubishi,mitsubishi,lancer-evolution,4,exact,Lancer,Passenger Car,Lancer,,2002-2017,true
2003,mitsubishi,mitsubishi,outlander,5,exact,Outlander,MPV,Outlander 2WD,,2003-2026,true
2003,nissan,nissan,murano,5,exact,Murano,MPV,Murano 2WD,,2002-2007 2009-2026,true
2001,nissan,nissan,altima,6,exact,Altima,Passenger Car,Altima,,1993-2026,true
2001,nissan,nissan,pathfinder,5,exact,Pathfinder,MPV,Pathfinder 2WD,,1990-2026,true
2001,nissan,nissan,xterra,6,exact,Xterra,MPV,Xterra 2WD,,2000-2015,true
2007,ford,ford,escape,7,exact,Escape,MPV,Escape FWD,,2001-2026,true
2001,subaru,subaru,forester,7,exact,Forester,Passenger Car,Forester AWD,,1998-2026,true
2008,chevrolet,chevrolet,impala,4,exact,Impala,Passenger Car,Impala,,1994-1996 2000-2020,true
2017,toyota,toyota,highlander,11,exact,Highlander,MPV,Highlander,,2001-2026,true
2000,ford,ford,expedition,7,exact,Expedition,MPV,Expedition 2WD,,1997-2026,true
2001,volkswagen,volkswagen,passat,5,exact,Passat,Passenger Car,Passat 4motion,,1990-2022,true
2015,lexus,lexus,nx,6,exact,NX,MPV,NX 300h,,2015-2026,true
2000,ford,ford,explorer,8,exact,Explorer,MPV,Explorer 2WD,,1991-2026,true
2002,chevrolet,chevrolet,impala,4,exact,Impala,Passenger Car,Impala,,1994-1996 2000-2020,true
2000,honda,honda,cr-v,5,exact,CR-V,MPV,CR-V 2WD,,1997-2026,true
1994,chevrolet,chevrolet,camaro,2,exact,Camaro,Passenger Car,Camaro,,1990-2002 2010-2024,true
2004,chevrolet,chevrolet,silverado-1500,3,exact,Silverado,Truck,Silverado 15 Hybrid 2WD,,1990-2026,true
2007,chevrolet,chevrolet,corvette,3,exact,Corvette,Passenger Car,Corvette,,1990-2026,true
2000,subaru,subaru,forester,7,exact,Forester,Passenger Car,Forester AWD,,1998-2026,true
2002,nissan,nissan,altima,6,exact,Altima,Passenger Car,Altima,,1993-2026,true
2000,subaru,subaru,outback,7,exact,Legacy,Passenger Car,Legacy AWD,,1990-2026,true
2015,dodge,dodge,dart,1,exact,Dart,Passenger Car,Dart,,2013-2016,true
2012,ford,ford,fiesta,5,exact,Fiesta,Passenger Car,Fiesta FWD,,2011-2019,true
2013,mini,mini,clubman,6,exact,Clubman,Passenger Car,Cooper Clubman,,2008-2014 2016-2024,true
2017,chevrolet,chevrolet,malibu,5,exact,Malibu,Passenger Car,Malibu,,1997-2025,true
2002,ford,ford,thunderbird,1,exact,Thunderbird,Passenger Car,Thunderbird,,1990-1997 2002-2005,true
2025,porsche,porsche,macan,5,exact,Macan,MPV,Macan,,2015-2026,true
2023,ram,ram,1500,17,exact,1500,MPV,1500 2WD,,2013-2026,true
1992,isuzu,isuzu,rodeo,1,exact,Rodeo,MPV,Rodeo 2WD,,1990-2004,true
1997,isuzu,isuzu,rodeo,1,exact,Rodeo,MPV,Rodeo 2WD,,1990-2004,true
2004,jeep,jeep,cherokee,1,exact,Cherokee,MPV,Liberty/Cherokee 2WD,,1990-2011 2014-2023 2026,true
2005,dodge,dodge,durango,1,exact,Durango,MPV,Durango 2WD,,1995-2009 2011-2026,true
2025,audi,audi,a6,4,exact,A6,Passenger Car,A6 quattro,,1995-2026,true
2006,jeep,jeep,cherokee,1,exact,Cherokee,MPV,Liberty/Cherokee 2WD,,1990-2011 2014-2023 2026,true
2001,chevrolet,chevrolet,suburban,1,exact,Suburban,MPV,Suburban 1500 2WD,,1990-2026,true
2006,bmw,bmw,m3,2,exact,M3,Passenger Car,M3 Convertible,,1990-1991 1995-1999 2001-2006 2008-2013 2015-2018 2020-2026,true
2014,ford,ford,e-350-econoline,1,exact,E-150,MPV,E150 Van FFV,,1990-2014,true
2021,lexus,lexus,nx,6,exact,NX,MPV,NX 300,,2015-2026,true
2004,volvo,volvo,s60,5,exact,S60,Passenger Car,S60 AWD,,2001-2009 2011-2025,true
2026,mercedes-benz,mercedesbenz,gle,12,exact,GLE-Class,MPV,GLE350,,2016-2026,true
2020,mini,mini,clubman,6,exact,Clubman,Passenger Car,Cooper S Clubman,,2008-2014 2016-2024,true
2000,gmc,gmc,yukon,6,exact,Yukon,MPV,Yukon 1500 2WD,,1990-2026,true
2000,lexus,lexus,ls,4,exact,LS,Passenger Car,LS 400,,1990-2026,true
2025,subaru,subaru,forester,7,exact,Forester,MPV,Forester AWD,,1998-2026,true
2013,cadillac,cadillac,escalade-esv,6,exact,Escalade,MPV,Escalade 2WD,,1999-2026,true
2015,chevrolet,chevrolet,camaro,7,exact,Camaro,Passenger Car,Camaro,,1990-2002 2010-2024,true
2021,chevrolet,chevrolet,trax,1,exact,Trax,MPV,Trax FWD,,2013-2026,true
2000,ram,ram,2500,7,crossmake,Ram,Truck,,dodge,1990-2026,false
2017,ford,ford,transit,1,exact,Transit,Truck,,,2015-2026,true
2023,jeep,jeep,renegade,6,exact,Renegade,MPV,Renegade 4WD,,2015-2023,true
2023,jeep,jeep,wagoneer,1,exact,Wagoneer,MPV,Wagoneer 2WD,,1990 2022-2026,true
2005,ram,ram,2500,11,crossmake,Ram,Truck,,dodge,1990-2026,false
1998,audi,audi,a3,1,none,,,,,2006-2013 2015-2020 2022-2026,true
1999,chevrolet,chevrolet,malibu,5,exact,Malibu,Passenger Car,Malibu,,1997-2025,true
2022,jeep,jeep,wrangler,9,exact,Wrangler,MPV,Wrangler 4dr EcoDiesel 4WD,,1990-2026,true
1994,acura,acura,integra,1,exact,Integra,Passenger Car,Integra,,1990-2001 2023-2026,true
1993,mercedes,mercedesbenz,e-class,2,family,,,300CE,,1990-2026,true
1995,jeep,jeep,cherokee,1,exact,Cherokee,MPV,Cherokee 2WD,,1990-2011 2014-2023 2026,true
2009,toyota,toyota,fj-cruiser,2,exact,FJ Cruiser,MPV,FJ Cruiser 2WD,,2007-2014,true
1996,mazda,mazda,mpv,1,exact,MPV,MPV,MPV,,1990-2006,true
1993,lexus,lexus,ls400,1,exact,LS,Passenger Car,LS 400,,1990-2026,true
2021,chevrolet,chevrolet,bolt-ev,2,exact,Bolt EV,Passenger Car,Bolt EV,,2017-2023,true
2022,nissan,nissan,leaf,4,exact,Leaf,Passenger Car,Leaf (40 kW-hr battery pack),,2011-2026,true
2016,gmc,gmc,canyon,5,exact,Canyon,Truck,Canyon 2WD,,2004-2026,true
2010,chevrolet,chevrolet,camaro,6,exact,Camaro,Passenger Car,Camaro,,1990-2002 2010-2024,true
2022,bmw,bmw,8-series,2,exact,840i,Passenger Car,M850i xDrive Coupe,,1990-1997 2019-2026,true
2026,nissan,nissan,sentra,4,exact,Sentra,Passenger Car,Sentra (3-mode),,1990-2026,true
2024,chevrolet,chevrolet,malibu,5,exact,Malibu,Passenger Car,Malibu,,1997-2025,true
2024,mitsubishi,mitsubishi,outlander,5,exact,Outlander,MPV,Outlander 2WD,,2003-2026,true
1990,volkswagen,volkswagen,golf,1,exact,Golf,Passenger Car,Golf/GTI,,1990-2026,true
2016,volkswagen,volkswagen,golf,4,exact,Golf,Passenger Car,Golf R,,1990-2026,true
1997,infiniti,infiniti,qx4,1,exact,QX4,MPV,QX4 4WD,,1997-2003,true
2024,nissan,nissan,leaf,4,exact,Leaf,Passenger Car,LEAF,,2011-2026,true
2025,nissan,nissan,leaf,4,exact,Leaf,Passenger Car,LEAF,,2011-2026,true
2023,nissan,nissan,leaf,4,exact,Leaf,Passenger Car,LEAF,,2011-2026,true
1998,honda,honda,cr-v,5,exact,CR-V,MPV,CR-V 2WD,,1997-2026,true
2004,audi,audi,s4,2,exact,S4,Passenger Car,S4 Cabriolet,,1992-1994 2000-2002 2004-2016 2018-2025,true
2016,volkswagen,volkswagen,jetta,6,exact,Jetta,Passenger Car,Jetta,,1990-2026,true
1996,ram,ram,2500,9,crossmake,Ram,MPV,Ram 2500 Pickup 2WD,dodge,1990-2026,false
2015,ram,ram,2500,5,exact,2500,Truck,,,2013-2026,true
1997,ram,ram,2500,9,crossmake,Ram,MPV,,dodge,1990-2026,false
2008,mercedes-benz,mercedesbenz,s-class-amg,2,exact,S-Class,Passenger Car,S63 AMG,,1990-2026,true
2012,mercedes-benz,mercedesbenz,m-class,2,family,ML-Class,MPV,ML350 4matic,,1995-2019,true
1996,lexus,lexus,gs,5,exact,GS,Passenger Car,GS 300,,1993-2020,true
2015,chevrolet,chevrolet,impala,4,exact,Impala,Passenger Car,Impala,,1994-1996 2000-2020,true
1998,ram,ram,3500,8,crossmake,Ram,MPV,,dodge,1990-2026,false
1994,volkswagen,volkswagen,gti,1,exact,GTI,Passenger Car,Golf III,,1990-2026,true
1996,volkswagen,volkswagen,gti,1,exact,GTI,Passenger Car,Golf/GTI,,1990-2026,true
2019,chevrolet,chevrolet,traverse,6,exact,Traverse,MPV,Traverse FWD,,2009-2026,true
1999,volvo,volvo,v70,1,exact,V70,Passenger Car,V70 FWD,,1998-2010,true
1999,volvo,volvo,s80,1,exact,S80,Passenger Car,S80,,1999-2016,true
1998,volvo,volvo,v70,1,exact,V70,Passenger Car,V70 FWD,,1998-2010,true
2016,infiniti,infiniti,qx50,6,exact,QX50,Passenger Car,QX50,,2008-2017 2019-2025,true
2005,audi,audi,s4,2,exact,S4,Passenger Car,S4 Cabriolet,,1992-1994 2000-2002 2004-2016 2018-2025,true
2012,cadillac,cadillac,cts,6,exact,CTS,Passenger Car,CTS,,2003-2019,true
2004,scion,scion,xb,3,exact,,,xB,,2004-2015,true
2011,audi,audi,s4,3,exact,S4,Passenger Car,S4,,1992-1994 2000-2002 2004-2016 2018-2025,true
2021,mercedes-benz,mercedesbenz,glc-class,1,exact,GLC-Class,MPV,GLC300,,2016-2026,true
2006,dodge,dodge,durango,1,exact,Durango,MPV,Durango 2WD,,1995-2009 2011-2026,true
2014,chevrolet,chevrolet,malibu,5,exact,Malibu,Passenger Car,Malibu,,1997-2025,true
2012,ram,ram,3500,14,exact,3500,MPV,,,1990-2026,true
2025,chevrolet,chevrolet,trax,5,exact,Trax,MPV,Trax,,2013-2026,true
2015,ram,ram,3500,6,exact,3500,Truck,,,2012-2026,true
2004,cadillac,cadillac,escalade,6,exact,Escalade,MPV,Escalade 2WD,,1999-2026,true
2014,jaguar,jaguar,xf,5,exact,XF,Passenger Car,XF,,2009-2024,true
2013,audi,audi,a8,3,exact,A8,Passenger Car,A8,,1997-2026,true
2023,mercedes-benz,mercedesbenz,gle,19,exact,GLE-Class,MPV,GLE450 4matic,,2016-2026,true
2014,land rover,landrover,range-rover-evoque,5,exact,Range Rover Evoque,MPV,Range Rover Evoque,,2012-2026,true
2013,cadillac,cadillac,escalade,6,exact,Escalade,MPV,Escalade 2WD,,1999-2026,true
2021,toyota,toyota,c-hr,1,exact,C-HR,Passenger Car,C-HR,,2018-2022 2026,true
2011,chevrolet,chevrolet,camaro,6,exact,Camaro,Passenger Car,Camaro,,1990-2002 2010-2024,true
2005,gmc,gmc,sierra-2500hd,3,exact,Sierra,Truck,Sierra 15 Hybrid 2WD,,1990-2026,true
2007,mercedes-benz,mercedesbenz,slk-class,2,exact,SLK-Class,Passenger Car,SLK280,,1998-2016,true
1993,gmc,gmc,yukon,6,exact,Suburban,Truck,Suburban 1500 2WD,,1990-2026,true
2008,acura,acura,mdx,6,exact,MDX,MPV,MDX 4WD,,2001-2026,true
1994,nissan,nissan,altima,1,exact,Altima,Passenger Car,Altima / Stanza,,1993-2026,true
2017,toyota,toyota,c-hr,1,none,,,,,2018-2022 2026,true
2013,chevrolet,chevrolet,tahoe,7,exact,Tahoe,MPV,Tahoe 1500 2WD,,1995-2026,true
2013,gmc,gmc,acadia,6,exact,Acadia,MPV,Acadia FWD,,2007-2026,true
1995,bmw,bmw,3-series,3,exact,325i,Passenger Car,318i/318is,,1990-2026,true
2017,bmw,bmw,m5,3,exact,M5,Passenger Car,,,1991-1993 2000-2003 2006-2010 2013-2023 2025-2026,true
2007,chevrolet,chevrolet,spark,1,none,,,,,2008 2011-2022,true
2008,chevrolet,chevrolet,spark,1,exact,Spark,Passenger Car,,,2008 2011-2022,true
2007,jaguar,jaguar,xf,1,none,,,,,2009-2024,true
2023,chevrolet,chevrolet,spark,1,none,,,,,2008 2011-2022,true
2013,gmc,gmc,yukon,6,exact,Yukon,MPV,Yukon 1500 2WD,,1990-2026,true
2010,dodge,dodge,nitro,1,exact,Nitro,MPV,Nitro 2WD,,2007-2012,true
1993,chrysler,chrysler,fifth-avenue,1,exact,,,Fifth Avenue/Imperial,,1990-1993,true
2010,nissan,nissan,murano,5,exact,Murano,MPV,Murano FWD,,2002-2007 2009-2026,true
2021,honda,honda,odyssey,5,exact,Odyssey,MPV,Odyssey,,1995-2026,true
2012,chevrolet,chevrolet,cruze,4,exact,Cruze,Passenger Car,Cruze Eco,,2010-2019,true
1999,chrysler,chrysler,sebring,1,exact,Sebring,Passenger Car,Sebring,,1995-2010,true
2025,volkswagen,volkswagen,golf,4,exact,Golf R,Passenger Car,Golf R,,1990-2026,true
2014,kia,kia,forte,5,exact,Forte,Passenger Car,Forte,,2010-2024,true
2025,volkswagen,volkswagen,gti,4,exact,GTI,Passenger Car,Golf R,,1990-2026,true
2006,toyota,toyota,avalon,2,exact,Avalon,Passenger Car,Avalon,,1995-2022,true
2025,volkswagen,volkswagen,jetta,6,exact,Jetta,Passenger Car,GLI,,1990-2026,true
2025,volkswagen,volkswagen,id.4,6,exact,ID.4,MPV,ID.4 AWD Pro,,2021-2026,true
2024,buick,buick,enclave,5,exact,Enclave,MPV,Enclave FWD,,2007-2026,true
2012,cadillac,cadillac,escalade,6,exact,Escalade,MPV,Escalade 2WD,,1999-2026,true
2022,honda,honda,cr-v,9,exact,CR-V,MPV,CR-V FWD,,1997-2026,true
2011,chevrolet,chevrolet,cruze,4,exact,Cruze,Passenger Car,Cruze,,2010-2019,true
2015,land rover,landrover,range-rover,6,exact,Range Rover,MPV,Range Rover Sport,,1990-2026,true
2023,infiniti,infiniti,qx60,5,exact,QX60,MPV,QX60 FWD,,2013-2026,true
2012,cadillac,cadillac,escalade-esv,6,exact,Escalade,MPV,Escalade 2WD,,1999-2026,true
2003,honda,honda,odyssey,3,exact,Odyssey,MPV,Odyssey,,1995-2026,true
2022,honda,honda,hr-v,5,exact,HR-V,MPV,HR-V AWD,,2016-2026,true
2020,honda,honda,ridgeline,6,exact,Ridgeline,Truck,Ridgeline FWD,,2006-2026,true
2009,honda,honda,insight,1,exact,Insight,Passenger Car,,,2000-2014 2019-2022,true
2012,honda,honda,insight,3,exact,Insight,Passenger Car,Insight,,2000-2014 2019-2022,true
2017,chevrolet,chevrolet,cruze,4,exact,Cruze,Passenger Car,Cruze,,2010-2019,true
2001,honda,honda,passport,1,exact,Passport,MPV,Passport 2WD,,1994-2002 2019-2026,true
2002,acura,acura,cl,1,exact,CL,Passenger Car,3.2CL,,1990-1999 2001-2003,true
2004,mazda,mazda,mx-5,1,exact,MX-5,Passenger Car,MX-5 Miata,,1990-1997 1999-2026,true
2002,acura,acura,rsx,1,exact,RSX,Passenger Car,RSX,,2002-2006,true
2014,mini,mini,roadster,1,exact,Cooper Convertible,Passenger Car,Cooper Clubvan,,2002-2026,true
1995,chevrolet,chevrolet,tahoe,7,exact,Tahoe,MPV,Tahoe 1500 2WD,,1995-2026,true
1990,chrysler,chrysler,new-yorker,1,exact,New Yorker,Passenger Car,New Yorker,,1990-1997,true
2003,subaru,subaru,baja,1,exact,Baja,MPV,Baja AWD,,2003-2006,true
2000,nissan,nissan,quest,1,exact,Quest,MPV,Quest,,1993-2009 2011-2017,true
2012,chevrolet,chevrolet,colorado,6,exact,Colorado,Truck,Colorado 2WD,,2004-2012 2015-2026,true
2016,mercedes-benz,mercedesbenz,sl-class,6,exact,SL-Class,Passenger Car,SL400,,1990-2009 2011-2026,true
1991,chrysler,chrysler,new-yorker,1,exact,New Yorker,Passenger Car,New Yorker,,1990-1997,true
2022,jeep,jeep,compass,9,exact,Compass,MPV,Compass FWD,,2006-2026,true
1990,chrysler,chrysler,dynasty,1,exact,Dynasty,Passenger Car,,,1990-1993,true
2007,dodge,dodge,caravan,3,exact,Caravan/Grand Caravan,MPV,Caravan/Grand Caravan 2WD,,1990-2023,true
1990,chrysler,chrysler,fifth-avenue,1,exact,,,New Yorker Fifth Avenue/Imperial,,1990-1993,true
2002,toyota,toyota,sienna,3,exact,Sienna,MPV,Sienna 2WD,,1995-2026,true
2022,nissan,nissan,titan,12,exact,Titan,Truck,Titan 2WD,,2002-2024,true
2003,toyota,toyota,sienna,3,exact,Sienna,MPV,Sienna 2WD,,1995-2026,true
2005,toyota,toyota,sienna,4,exact,Sienna,MPV,Sienna 2WD,,1995-2026,true
2000,honda,honda,accord,6,exact,Accord,Passenger Car,Accord,,1990-2026,true
2026,kia,kia,forte,5,none,,,,,2010-2024,true
2004,honda,honda,accord,6,exact,Accord,Passenger Car,Accord,,1990-2026,true
2013,honda,honda,accord,6,exact,Accord,Passenger Car,Accord,,1990-2026,true
2000,toyota,toyota,tacoma,11,exact,Tacoma,Truck,Tacoma 2WD,,1995-2026,true
2006,honda,honda,accord,6,exact,Accord,Passenger Car,Accord,,1990-2026,true
2025,volvo,volvo,s60,5,exact,S60,Passenger Car,S60 B5,,2001-2009 2011-2025,true
2015,kia,kia,forte,5,exact,Forte,Passenger Car,Forte Koup,,2010-2024,true
2006,honda,honda,cr-v,5,exact,CR-V,MPV,CR-V 2WD,,1997-2026,true
2019,kia,kia,forte,5,exact,Forte,Passenger Car,Forte FE,,2010-2024,true
2016,chrysler,chrysler,300,10,exact,300,Passenger Car,300,,1999-2023,true
2010,chrysler,chrysler,300,3,exact,300,Passenger Car,300 AWD,,1999-2023,true
2015,chrysler,chrysler,300,10,exact,300,Passenger Car,300,,1999-2023,true
2020,chrysler,chrysler,300,10,exact,300,Passenger Car,300,,1999-2023,true
2020,kia,kia,forte,5,exact,Forte,Passenger Car,Forte,,2010-2024,true
2025,volvo,volvo,xc60,5,exact,XC60,MPV,XC60 B5 AWD,,2009-2026,true
1999,toyota,toyota,tacoma,11,exact,Tacoma,Truck,Tacoma 2WD,,1995-2026,true
2016,chevrolet,chevrolet,trax,1,exact,Trax,MPV,Trax,,2013-2026,true
2015,chevrolet,chevrolet,trax,1,exact,Trax,MPV,Trax AWD,,2013-2026,true
2005,chrysler,chrysler,town-and-country,3,exact,Town and Country,MPV,Voyager/Town and Country 2WD,,1990-2016,true
2023,audi,audi,q7,5,exact,Q7,MPV,Q7,,2007-2015 2017-2026,true
2006,dodge,dodge,caliber,1,exact,Caliber,Passenger Car,,,2006-2012,true
2024,chrysler,chrysler,300,5,none,,,,,1999-2023,true
2025,chrysler,chrysler,300,5,none,,,,,1999-2023,true
2015,lexus,lexus,ls,4,exact,LS,Passenger Car,LS 460,,1990-2026,true
2026,chrysler,chrysler,300,5,none,,,,,1999-2023,true
2000,honda,honda,civic,7,exact,Civic,Passenger Car,Civic,,1990-2026,true
2020,fiat,fiat,500x,1,exact,500X,MPV,500X AWD,,2016-2023,true
2021,fiat,fiat,500x,1,exact,500X,MPV,500X AWD,,2016-2023,true
2002,honda,honda,civic,7,exact,Civic,Passenger Car,Civic HX,,1990-2026,true
2019,buick,buick,cascada,1,exact,Cascada,Passenger Car,Cascada,,2016-2019,true
2017,buick,buick,cascada,1,exact,Cascada,Passenger Car,Cascada,,2016-2019,true
2007,chrysler,chrysler,300c,4,exact,300,Passenger Car,300 AWD,,1999-2023,true
2021,jeep,jeep,renegade,9,exact,Renegade,MPV,Renegade 2WD,,2015-2023,true
2010,gmc,gmc,terrain,6,exact,Terrain,MPV,Terrain FWD,,2009-2026,true
2009,chrysler,chrysler,300c,4,exact,300,Passenger Car,300 AWD,,1999-2023,true
2000,ford,ford,excursion,1,exact,Excursion,MPV,,,2000-2005,true
2012,acura,acura,ilx,1,none,,,,,2013-2022,true
2019,chevrolet,chevrolet,colorado,6,exact,Colorado,Truck,Colorado 2WD,,2004-2012 2015-2026,true
2010,gmc,gmc,yukon,6,exact,Yukon,MPV,Yukon 1500 2WD,,1990-2026,true
2004,mercury,mercury,mountaineer,1,exact,Mountaineer,MPV,Mountaineer 2WD,,1997-2010,true
2010,toyota,toyota,sequoia,5,exact,Sequoia,MPV,Sequoia 2WD,,2000-2026,true
2025,mitsubishi,mitsubishi,mirage,1,none,,,,,1990-2002 2014-2024,true
2004,mitsubishi,mitsubishi,diamante,1,exact,Diamante,Passenger Car,Diamante Sedan,,1992-2005,true
2012,toyota,toyota,avalon,2,exact,Avalon,Passenger Car,Avalon,,1995-2022,true
2010,jaguar,jaguar,xf,5,exact,XF,Passenger Car,XF,,2009-2024,true
2010,land rover,landrover,discovery,6,exact,LR4,MPV,LR4,,1994-2026,true
2012,chevrolet,chevrolet,camaro,6,exact,Camaro,Passenger Car,Camaro,,1990-2002 2010-2024,true
2000,ford,ford,mustang,2,exact,Mustang,Passenger Car,Mustang,,1990-2026,true
2002,ford,ford,mustang,2,exact,Mustang,Passenger Car,Mustang,,1990-2026,true
2003,ford,ford,mustang,3,exact,Mustang,Passenger Car,Mustang,,1990-2026,true
2006,mitsubishi,mitsubishi,galant,7,exact,Galant,Passenger Car,Galant,,1990-2012,true
2005,chrysler,chrysler,300,3,exact,300,Passenger Car,300C AWD,,1999-2023,true
2010,chrysler,chrysler,town-country,1,exact,Town and Country,MPV,Town and Country,,1990-2016,true
2006,ford,ford,mustang,3,exact,Mustang,Passenger Car,Mustang,,1990-2026,true
2002,mercury,mercury,cougar,1,exact,Cougar,Passenger Car,Cougar,,1990-1997 1999-2002,true
2008,chrysler,chrysler,pacifica,1,exact,Pacifica,MPV,Pacifica FWD,,2004-2009 2017-2026,true
2009,buick,buick,lacrosse,9,exact,LaCrosse,Passenger Car,Lacrosse/Allure,,2005-2019,true
2000,mitsubishi,mitsubishi,diamante,1,exact,Diamante,Passenger Car,Diamante,,1992-2005,true
2017,buick,buick,lacrosse,6,exact,LaCrosse,Passenger Car,LaCrosse,,2005-2019,true
2012,ram,ram,1500,8,crossmake,Ram,MPV,Ram 1500 Pickup 2WD,dodge,1990-2026,true
2008,toyota,toyota,avalon,2,exact,Avalon,Passenger Car,Avalon,,1995-2022,true
2010,jeep,jeep,liberty,6,exact,Liberty,MPV,Liberty 2WD,,1993-2013,true
2025,cadillac,cadillac,escalade,6,exact,Escalade,MPV,Escalade V AWD,,1999-2026,true
2004,lexus,lexus,es,5,exact,ES,Passenger Car,ES 330,,1990-2026,true
2011,toyota,toyota,sequoia,5,exact,Sequoia,MPV,Sequoia 2WD,,2000-2026,true
2003,ford,ford,taurus,1,exact,Taurus,Passenger Car,Taurus,,1990-2019,true
2015,ford,ford,taurus,1,exact,Taurus,Passenger Car,Taurus FWD FFV,,1990-2019,true
2016,ford,ford,taurus,1,exact,Taurus,Passenger Car,Taurus FWD,,1990-2019,true
2007,buick,buick,terraza,1,exact,Terraza,MPV,Terraza FWD,,2005-2008,true
2012,porsche,porsche,911,8,exact,911,Passenger Car,911 Speedster,,1990-2026,true
2023,chevrolet,chevrolet,blazer,8,exact,Blazer,MPV,Blazer FWD,,1990-2005 2019-2026,true
2009,chevrolet,chevrolet,avalanche,1,exact,Avalanche,MPV,Avalanche 1500 2WD,,2002-2013,true
2021,chevrolet,chevrolet,blazer,8,exact,Blazer,MPV,Blazer FWD,,1990-2005 2019-2026,true
2001,toyota,toyota,yaris,1,none,,,,,2007-2020,true
2008,porsche,porsche,boxster,5,exact,Boxster,Passenger Car,Boxster,,1997-2025,true
2024,gmc,gmc,acadia,6,exact,Acadia,MPV,Acadia FWD,,2007-2026,true
2008,jeep,jeep,liberty,6,exact,Liberty,MPV,Liberty 2WD,,1993-2013,true
2025,gmc,gmc,canyon,5,exact,Canyon,Truck,Canyon 2WD,,2004-2026,true
2005,porsche,porsche,cayenne,7,exact,Cayenne,Passenger Car,Cayenne,,2003-2026,true
2025,chevrolet,chevrolet,blazer,5,exact,Blazer,MPV,Blazer FWD,,1990-2005 2019-2026,true
2025,jaguar,jaguar,xf,5,none,,,,,2009-2024,true
2009,chevrolet,chevrolet,traverse,6,exact,Traverse,MPV,Traverse FWD,,2009-2026,true
2012,jeep,jeep,liberty,7,exact,Liberty,MPV,Liberty 2WD,,1993-2013,true
2002,hyundai,hyundai,sonata,7,exact,Sonata,Passenger Car,Sonata,,1990-2026,true
2025,jeep,jeep,wagoneer,1,exact,Wagoneer,MPV,Wagoneer 2WD,,1990 2022-2026,true
2000,lexus,lexus,es,5,exact,ES,Passenger Car,ES 300,,1990-2026,true
2012,audi,audi,a5,1,exact,A5,Passenger Car,A5 Cabriolet,,2008-2026,true
2009,gmc,gmc,yukon,6,exact,Yukon,MPV,Yukon 1500 2WD,,1990-2026,true
2009,gmc,gmc,canyon,5,exact,Canyon,Truck,Canyon 2WD,,2004-2026,true
1997,ford,ford,explorer,8,exact,Explorer,MPV,Explorer 2WD,,1991-2026,true
2009,jaguar,jaguar,xf,5,exact,XF,Passenger Car,XF,,2009-2024,true
2003,oldsmobile,oldsmobile,bravada,1,exact,Bravada,MPV,Bravada 2WD,,1991-2004,true
2003,lexus,lexus,is,5,exact,IS,Passenger Car,IS 300,,2001-2026,true
2004,oldsmobile,oldsmobile,bravada,1,exact,Bravada,MPV,Bravada 2WD,,1991-2004,true
2005,lexus,lexus,ls,4,exact,LS,Passenger Car,LS 430,,1990-2026,true
2014,audi,audi,a5,1,exact,A5,Passenger Car,A5 quattro,,2008-2026,true
2007,lexus,lexus,ls,4,exact,LS,Passenger Car,LS 460,,1990-2026,true
2011,lexus,lexus,ls,4,exact,LS,Passenger Car,LS 460,,1990-2026,true
2015,porsche,porsche,911,8,exact,911,Passenger Car,911 GT3,,1990-2026,true
2013,lexus,lexus,ls,4,exact,LS,Passenger Car,LS 460,,1990-2026,true
2014,lexus,lexus,ls,4,exact,LS,Passenger Car,LS 460,,1990-2026,true
2012,lexus,lexus,ls,4,exact,LS,Passenger Car,LS 460,,1990-2026,true
2015,porsche,porsche,boxster,5,exact,Boxster,Passenger Car,Boxster,,1997-2025,true
2006,saturn,saturn,ion,1,exact,Ion,Passenger Car,Ion,,2003-2007,true
2002,saturn,saturn,vue,1,exact,Vue,MPV,Vue FWD,,2002-2010,true
2003,lexus,lexus,gs,5,exact,GS,Passenger Car,GS 300/GS 430,,1993-2020,true
2007,lexus,lexus,rx,6,exact,RX,MPV,RX 350 2WD,,1999-2026,true
2023,gmc,gmc,canyon,5,exact,Canyon,Truck,Canyon 2WD,,2004-2026,true
1990,dodge,dodge,dynasty,1,exact,Dynasty,Passenger Car,Dynasty,,1990-1993,true
2011,scion,scion,tc,3,exact,,,tC,,2005-2016,true
2023,lexus,lexus,rx,6,exact,RX,MPV,RX 350,,1999-2026,true
2011,toyota,toyota,avalon,2,exact,Avalon,Passenger Car,Avalon,,1995-2022,true
2014,audi,audi,a7,1,exact,A7,Passenger Car,A7 quattro,,2012-2025,true
2009,dodge,dodge,charger,5,exact,Charger,Passenger Car,Charger,,2006-2026,true
2014,nissan,nissan,maxima,6,exact,Maxima,Passenger Car,Maxima,,1990-2014 2016-2023,true
1996,audi,audi,coupe,1,none,,,,,1990-1991,true
2008,buick,buick,lacrosse,9,exact,LaCrosse,Passenger Car,Lacrosse/Allure,,2005-2019,true
2026,dodge,dodge,hornet,1,none,,,,,2023-2025,true
2018,fiat,fiat,500,10,exact,500,Passenger Car,500,,2012-2026,true
2018,bmw,bmw,740i,2,exact,740i,Passenger Car,740i,,1990-2026,true
2014,dodge,dodge,challenger,6,exact,Challenger,Passenger Car,Challenger,,2008-2023,true
2007,dodge,dodge,charger,5,exact,Charger,Passenger Car,Charger,,2006-2026,true
2018,bmw,bmw,750i,2,exact,750i,Passenger Car,750i,,1990-2026,true
2010,dodge,dodge,charger,5,exact,Charger,Passenger Car,Charger,,2006-2026,true
2018,audi,audi,s5,4,exact,S5,Passenger Car,S5,,2008-2026,true
2024,infiniti,infiniti,qx55,1,exact,QX55,MPV,QX55 AWD,,2022-2025,true
2018,bmw,bmw,230i,4,exact,230i,Passenger Car,230i Coupe,,2014-2026,true
1990,ford,ford,mustang,2,exact,Mustang,Passenger Car,Mustang,,1990-2026,true
2014,mazda,mazda,mazda6,5,exact,Mazda6,Passenger Car,6,,2003-2026,true
1991,ford,ford,mustang,2,exact,Mustang,Passenger Car,Mustang,,1990-2026,true
2018,acura,acura,tlx,4,exact,TLX,Passenger Car,TLX FWD,,2015-2025,true
1994,chevrolet,chevrolet,s10-blazer,1,exact,Blazer,MPV,S10 Pickup 2WD,,1990-2005 2019-2026,true
1990,mercury,mercury,cougar,1,exact,Cougar,Passenger Car,Cougar,,1990-1997 1999-2002,true
2011,bmw,bmw,x3,5,exact,X3,MPV,X3 xDrive28i,,2004-2026,true
1994,mercedes,mercedesbenz,c-class,4,exact,C-Class,Passenger Car,C220,,1994-2026,true
1995,mercedes,mercedesbenz,s-class,4,exact,S-Class,Passenger Car,S500 Coupe,,1990-2026,true
2009,kia,kia,optima,2,exact,Optima,Passenger Car,Optima,,2001-2020,true
2015,kia,kia,optima,2,exact,Optima,Passenger Car,Optima,,2001-2020,true
2020,kia,kia,sedona,2,exact,Sedona,MPV,Sedona,,2001-2026,true
2024,lexus,lexus,lx,5,exact,LX,MPV,LX 600,,1996-2026,true
2026,bmw,bmw,x6-m,3,exact,X6,MPV,X6 xDrive40i,,2008-2026,true
1996,ford,ford,mustang,2,exact,Mustang,Passenger Car,Mustang,,1990-2026,true
2011,bmw,bmw,x6,3,exact,X6,MPV,X6 xDrive35i,,2008-2026,true
2017,kia,kia,sorento,7,exact,Sorento,MPV,Sorento FWD,,2001-2009 2011-2026,true
2018,subaru,subaru,brz,4,exact,BRZ,Passenger Car,BRZ,,2013-2026,true
2016,dodge,dodge,challenger,6,exact,Challenger,Passenger Car,Challenger,,2008-2023,true
2010,saab,saab,9-5,1,exact,9-5,Passenger Car,9-5 Sedan AWD,,1999-2012,true
2010,chevrolet,chevrolet,express-2500,4,exact,Express,Truck,Express 1500 2WD Cargo,,1996-2026,true
2005,buick,buick,lesabre,3,exact,LeSabre,Passenger Car,LeSabre,,1990-2005,true
2018,subaru,subaru,outback,6,exact,Outback,MPV,Outback AWD,,1990-2026,true
2018,subaru,subaru,legacy,5,exact,Legacy,Passenger Car,Legacy AWD,,1990-2026,true
2002,toyota,toyota,sequoia,2,exact,Sequoia,MPV,Sequoia 2WD,,2000-2026,true
2008,toyota,toyota,sequoia,5,exact,Sequoia,MPV,Sequoia 2WD,,2000-2026,true
2001,toyota,toyota,sequoia,2,exact,Sequoia,MPV,Sequoia 2WD,,2000-2026,true
2003,toyota,toyota,sequoia,2,exact,Sequoia,MPV,Sequoia 2WD,,2000-2026,true
2015,audi,audi,a7,1,exact,A7,Passenger Car,A7 quattro,,2012-2025,true
2006,toyota,toyota,sequoia,2,exact,Sequoia,MPV,Sequoia 2WD,,2000-2026,true
2020,nissan,nissan,pathfinder,5,exact,Pathfinder,MPV,Pathfinder 2WD,,1990-2026,true
2018,mazda,mazda,3,3,exact,Mazda3,Passenger Car,3 4-Door,,2003-2026,true
2005,cadillac,cadillac,escalade-esv,6,exact,Escalade,MPV,Escalade 2WD,,1999-2026,true
2017,toyota,toyota,yaris,1,exact,Yaris,Passenger Car,Yaris iA,,2007-2020,true
2018,bmw,bmw,430i,4,exact,430i,Passenger Car,430i Convertible,,2014-2026,true
2018,audi,audi,tt-rs-quattro,1,exact,TT,Passenger Car,TTS Coupe,,2000-2006 2008-2023,true
2018,bmw,bmw,650i,2,exact,650i,Passenger Car,650i Convertible,,2004-2010 2012-2019,true
2018,bmw,bmw,640i,2,exact,640i,Passenger Car,640i Convertible,,2004-2010 2012-2019,true
2011,chevrolet,chevrolet,express-2500,4,exact,Express,MPV,Express 1500 2WD Cargo,,1996-2026,true
2024,jeep,jeep,grand-wagoneer,2,exact,Grand Wagoneer,MPV,Grand Wagoneer 4WD,,1990-1993 2022-2026,true
2018,bmw,bmw,530e,2,exact,530e,Passenger Car,530e,,1990-1995 1997-2026,true
1997,ford,ford,expedition,7,exact,Expedition,MPV,Expedition 2WD,,1997-2026,true
1999,ford,ford,expedition,7,exact,Expedition,MPV,Expedition 2WD,,1997-2026,true
2026,bmw,bmw,m4,3,exact,M4,Passenger Car,M4 Coupe,,2015-2026,true
1999,dodge,dodge,durango,1,exact,Durango,MPV,Durango 2WD,,1995-2009 2011-2026,true
2024,dodge,dodge,challenger,9,none,,,,,2008-2023,true
2014,dodge,dodge,charger,5,exact,Charger,Passenger Car,Charger,,2006-2026,true
2000,audi,audi,a8,1,exact,A8,Passenger Car,A8 quattro,,1997-2026,true
2018,jaguar,jaguar,xf,8,exact,XF,Passenger Car,XF,,2009-2024,true
2018,bmw,bmw,440i,4,exact,440i,Passenger Car,440i Convertible,,2014-2026,true
2018,mercedes-benz,mercedesbenz,s450,4,exact,S-Class,Passenger Car,S450,,1990-2026,true
2004,chevrolet,chevrolet,malibu,5,exact,Malibu,Passenger Car,Malibu,,1997-2025,true
2022,ferrari,ferrari,f8,1,exact,F8,Passenger Car,F8 Spider,,2020-2023,true
2018,infiniti,infiniti,q60,6,exact,Q60,Passenger Car,Q60,,2014-2015 2017-2022,true
2018,mazda,mazda,6,5,exact,Mazda6,Passenger Car,6,,2003-2026,true
2018,nissan,nissan,maxima,5,exact,Maxima,Passenger Car,Maxima,,1990-2014 2016-2023,true
2013,toyota,toyota,sequoia,5,exact,Sequoia,MPV,Sequoia 2WD,,2000-2026,true
2015,nissan,nissan,quest,1,exact,Quest,MPV,Quest,,1993-2009 2011-2017,true
2020,lexus,lexus,nx,6,exact,NX,MPV,NX 300,,2015-2026,true
2023,honda,honda,passport,6,exact,Passport,MPV,Passport AWD,,1994-2002 2019-2026,true
2016,nissan,nissan,quest,1,exact,Quest,MPV,Quest,,1993-2009 2011-2017,true
2018,toyota,toyota,86,2,exact,86,Passenger Car,86,,2017-2020 2022-2026,true
2018,chrysler,chrysler,300,9,exact,300,Passenger Car,300,,1999-2023,true
1990,ford,ford,e-350-econoline,1,exact,E-150,MPV,E250 Econoline 2WD,,1990-2014,true
2018,bmw,bmw,328d,2,exact,328d,Passenger Car,328d,,1990-2026,true
2018,bmw,bmw,330e,2,exact,330e,Passenger Car,330e,,1990-2026,true
2018,bmw,bmw,330i,2,exact,330i,Passenger Car,330i,,1990-2026,true
2024,toyota,toyota,sequoia,8,exact,Sequoia,MPV,Sequoia 2WD,,2000-2026,true
2025,toyota,toyota,sequoia,8,exact,Sequoia,MPV,Sequoia 2WD,,2000-2026,true
2017,toyota,toyota,vios-fs,1,none,,,,,,true
2017,nissan,nissan,quest,1,exact,Quest,MPV,Quest,,1993-2009 2011-2017,true
2005,toyota,toyota,xa,1,exact,Scion xA,Passenger Car,,,2004-2006,true
2022,volkswagen,volkswagen,arteon,1,exact,Arteon,Passenger Car,Arteon,,2019-2024,true
2023,volkswagen,volkswagen,arteon,1,exact,Arteon,Passenger Car,Arteon,,2019-2024,true
2018,bmw,bmw,340i,2,exact,340i,Passenger Car,340i,,1990-2026,true
2024,volkswagen,volkswagen,arteon,1,exact,,,Arteon 4motion,,2019-2024,true
2000,acura,acura,tl,5,exact,TL,Passenger Car,3.2TL,,1990-2014,true
2023,chevrolet,chevrolet,trax,1,exact,Trax,MPV,,,2013-2026,true
2025,volkswagen,volkswagen,arteon,1,none,,,,,2019-2024,true
2020,audi,audi,a7,1,exact,A7,Passenger Car,A7 quattro,,2012-2025,true
2018,hyundai,hyundai,ioniq,7,exact,Ioniq,Passenger Car,Ioniq Blue,,2017-2026,true
2025,cadillac,cadillac,escalade-esv,6,exact,Escalade,MPV,Escalade V AWD,,1999-2026,true
2000,chevrolet,chevrolet,corvette,2,exact,Corvette,Passenger Car,Corvette,,1990-2026,true
2018,mini,mini,cooper,8,exact,Cooper Convertible,Passenger Car,Cooper Convertible,,2002-2026,true
2018,bmw,bmw,530i,2,exact,530i,Passenger Car,530i,,1990-1995 1997-2026,true
1993,chevrolet,chevrolet,camaro,2,exact,Camaro,Passenger Car,Camaro,,1990-2002 2010-2024,true
1997,chevrolet,chevrolet,camaro,2,exact,Camaro,Passenger Car,Camaro,,1990-2002 2010-2024,true
2020,cadillac,cadillac,escalade,6,exact,Escalade,MPV,Escalade 2WD,,1999-2026,true
2024,lincoln,lincoln,nautilus,4,exact,Nautilus,MPV,Nautilus AWD,,2019-2026,true
2014,land rover,landrover,discovery-sport,1,none,,,,,2015-2026,true
2017,volvo,volvo,v90,1,exact,V90,MPV,V90 CC AWD,,1997-1998 2017-2026,true
1999,chevrolet,chevrolet,express-2500,1,exact,Express,MPV,Express 1500/2500 2WD,,1996-2026,true
2021,lexus,lexus,lx,5,exact,LX,MPV,LX 570,,1996-2026,true
2012,honda,honda,civic,7,exact,Civic,Passenger Car,Civic,,1990-2026,true
2001,chevrolet,chevrolet,camaro,3,exact,Camaro,Passenger Car,Camaro,,1990-2002 2010-2024,true
2002,chevrolet,chevrolet,camaro,3,exact,Camaro,Passenger Car,Camaro,,1990-2002 2010-2024,true
2001,chevrolet,chevrolet,corvette,3,exact,Corvette,Passenger Car,Corvette,,1990-2026,true
2018,bmw,bmw,i3,3,exact,i3,Passenger Car,i3 (94Ah) with Range Extender,,2014-2021,true
2019,cadillac,cadillac,escalade,6,exact,Escalade,MPV,Escalade 4WD,,1999-2026,true
2009,chevrolet,chevrolet,corvette,4,exact,Corvette,Passenger Car,Corvette,,1990-2026,true
2002,chevrolet,chevrolet,corvette,3,exact,Corvette,Passenger Car,Corvette,,1990-2026,true
2008,ford,ford,fiesta,1,none,,,,,2011-2019,true
2022,ford,ford,focus,1,none,,,,,2000-2018,true
2024,ford,ford,focus,1,none,,,,,2000-2018,true
2006,volvo,volvo,v50,1,exact,V50,MPV,V50 AWD,,2005-2011,true
2023,ford,ford,bronco,7,exact,Bronco,MPV,Bronco 4WD,,1990-1996 2021-2026,true
2006,ford,ford,f-150,6,exact,F-150,Truck,F150 Pickup 2WD,,1990-2026,true
2004,chevrolet,chevrolet,corvette,3,exact,Corvette,Passenger Car,Corvette,,1990-2026,true
2010,chevrolet,chevrolet,corvette,5,exact,Corvette,Passenger Car,Corvette,,1990-2026,true
2013,chevrolet,chevrolet,corvette,5,exact,Corvette,Passenger Car,Corvette,,1990-2026,true
2010,ford,ford,f-150,10,exact,F-150,Truck,F150 Pickup 2WD FFV,,1990-2026,true
2014,infiniti,infiniti,qx70,1,exact,QX70,MPV,QX70 RWD,,2003-2018,true
2019,honda,honda,insight,4,exact,Insight,Passenger Car,Insight,,2000-2014 2019-2022,true
2016,infiniti,infiniti,q70,1,exact,Q70,Passenger Car,Q70,,2003-2004 2006-2022,true
2016,lincoln,lincoln,mkc,1,exact,MKC,MPV,MKC FWD,,2015-2019,true
2017,lincoln,lincoln,mkc,1,exact,MKC,MPV,MKC FWD,,2015-2019,true
2013,ford,ford,f-150,10,exact,F-150,Truck,F150 Pickup 2WD FFV,,1990-2026,true
2018,ford,ford,fiesta,4,exact,Fiesta,Passenger Car,Fiesta FWD,,2011-2019,true
2015,ford,ford,f-150,8,exact,F-150,Truck,F150 Pickup 2WD,,1990-2026,true
2014,ford,ford,f-150,11,exact,F-150,Truck,F150 Pickup 2WD,,1990-2026,true
2019,kia,kia,soul,6,exact,Soul,MPV,Soul,,2010-2025,true
2016,ford,ford,f-150,8,exact,F-150,Truck,F150 Pickup 2WD,,1990-2026,true
2017,ford,ford,f-150,8,exact,F-150,Truck,F150 4WD BASE PAYLOAD LT TIRE,,1990-2026,true
2010,chevrolet,chevrolet,silverado-3500,1,exact,Silverado,Truck,Silverado C15 2WD,,1999-2026,true
2013,chevrolet,chevrolet,silverado-3500,1,exact,Silverado,Truck,Silverado C15 2WD,,1999-2026,true
2014,chevrolet,chevrolet,silverado-3500,1,exact,Silverado,Truck,Silverado C15 2WD,,1999-2026,true
2007,chevrolet,chevrolet,silverado-3500,1,exact,Silverado,Truck,Silverado Classic 1500 2WD,,1999-2026,true
2022,kia,kia,sportage,7,exact,Sportage,MPV,Sportage FWD,,1995-2026,true
2005,chevrolet,chevrolet,corvette,3,exact,Corvette,Passenger Car,Corvette,,1990-2026,true
2006,honda,honda,ridgeline,6,exact,Ridgeline,Truck,Ridgeline Truck 4WD,,2006-2026,true
2008,honda,honda,ridgeline,6,exact,Ridgeline,Truck,Ridgeline Truck 4WD,,2006-2026,true
2011,honda,honda,ridgeline,6,exact,Ridgeline,Truck,Ridgeline Truck 4WD,,2006-2026,true
2013,honda,honda,ridgeline,6,exact,Ridgeline,Truck,Ridgeline Truck 4WD,,2006-2026,true
2022,audi,audi,a7,1,exact,A7,Passenger Car,A7 quattro,,2012-2025,true
2006,gmc,gmc,yukon,6,exact,Yukon,MPV,Yukon 1500 2WD,,1990-2026,true
2018,kia,kia,stinger,11,exact,Stinger,Passenger Car,Stinger AWD,,2018-2023,true
2021,ford,ford,f-150,9,exact,F-150,Truck,F150 Pickup 2WD FFV,,1990-2026,true
2020,ford,ford,f-150,9,exact,F-150,Truck,F150 Pickup 2WD FFV,,1990-2026,true
2009,ford,ford,e-150,4,exact,E-150,MPV,,,1990-2014,true
2018,chevrolet,chevrolet,corvette,3,exact,Corvette,Passenger Car,Corvette,,1990-2026,true
2026,ford,ford,f-150,11,exact,F-150,Truck,F150 Pickup 2WD,,1990-2026,true
2011,land rover,landrover,range-rover,6,exact,Range Rover,MPV,Range Rover,,1990-2026,true
2003,audi,audi,allroad,1,exact,allroad,Passenger Car,Allroad quattro,,1995-2026,true
1998,mercedes,mercedesbenz,c-class,4,exact,C-Class,Passenger Car,C230,,1994-2026,true
2004,audi,audi,allroad,1,exact,allroad,Passenger Car,Allroad quattro,,1995-2026,true
2007,audi,audi,a8,1,exact,A8,Passenger Car,A8,,1997-2026,true
2005,ford,ford,f-250,4,exact,F-250,Truck,,,1990-2026,true
1995,mercedes,mercedesbenz,c-class,4,exact,C-Class,Passenger Car,C220,,1994-2026,true
1996,mercedes,mercedesbenz,c-class,4,exact,C-Class,Passenger Car,C220,,1994-2026,true
2018,ferrari,ferrari,488-gtb,1,exact,488,Passenger Car,488 GTB,,2016-2020,true
2010,jaguar,jaguar,xj,9,exact,XJ,Passenger Car,XJ,,1990-2019,true
2024,ford,ford,expedition,7,exact,Expedition,MPV,Expedition 2WD,,1997-2026,true
2016,ford,ford,focus,4,exact,Focus,Passenger Car,Focus Electric,,2000-2018,true
2019,chevrolet,chevrolet,blazer,8,exact,Blazer,MPV,Blazer FWD,,1990-2005 2019-2026,true
2020,honda,honda,odyssey,6,exact,Odyssey,MPV,Odyssey,,1995-2026,true
2025,kia,kia,sportage,7,exact,Sportage,MPV,Sportage FWD,,1995-2026,true
2019,ford,ford,f-250,8,exact,F-250,Truck,,,1990-2026,true
2002,subaru,subaru,wrx,6,exact,Impreza,Passenger Car,Impreza AWD,,1993-2026,true
2021,ford,ford,f-250,8,exact,F-250,Truck,,,1990-2026,true
2024,nissan,nissan,murano,5,exact,Murano,MPV,Murano FWD,,2002-2007 2009-2026,true
2000,ford,ford,f-350,3,exact,F-250,MPV,,,1990-2026,true
2003,gmc,gmc,yukon,6,exact,Yukon,MPV,Yukon 1500 2WD,,1990-2026,true
2002,ford,ford,f-350,4,exact,F-250,Truck,,,1990-2026,true
2003,ford,ford,f-350,4,exact,F-250,Truck,,,1990-2026,true
2007,ford,ford,f-350,4,exact,F-250,Truck,,,1990-2026,true
2008,ford,ford,f-350,4,exact,F-250,Truck,,,1990-2026,true
2023,honda,honda,odyssey,6,exact,Odyssey,MPV,Odyssey,,1995-2026,true
1997,chrysler,chrysler,concorde,1,exact,Concorde,Passenger Car,Concorde,,1993-2004,true
1998,chrysler,chrysler,concorde,1,exact,Concorde,Passenger Car,Concorde,,1993-2004,true
2016,chevrolet,chevrolet,cruze,4,exact,Cruze,Passenger Car,Cruze Limited,,2010-2019,true
1999,chrysler,chrysler,concorde,1,exact,Concorde,Passenger Car,Concorde,,1993-2004,true
1994,chrysler,chrysler,lhs,1,exact,LHS,Passenger Car,New Yorker/LHS,,1994-1997 1999-2001 2003-2004,true
2014,chevrolet,chevrolet,cruze,4,exact,Cruze,Passenger Car,Cruze,,2010-2019,true
2015,chevrolet,chevrolet,cruze,4,exact,Cruze,Passenger Car,Cruze,,2010-2019,true
1995,ford,ford,explorer,8,exact,Explorer,MPV,Explorer 2WD,,1991-2026,true
1995,chrysler,chrysler,lhs,1,exact,LHS,Passenger Car,New Yorker/LHS,,1994-1997 1999-2001 2003-2004,true
2026,honda,honda,passport,4,exact,Passport,MPV,Passport AWD,,1994-2002 2019-2026,true
1999,chrysler,chrysler,300m,1,exact,,,300 M,,1999-2004,true
2007,nissan,nissan,pathfinder,5,exact,Pathfinder,MPV,Pathfinder 2WD,,1990-2026,true
2013,mini,mini,roadster,1,exact,Cooper Convertible,Passenger Car,Cooper Roadster,,2002-2026,true
2022,jaguar,jaguar,xe,5,none,,,,,2017-2021,true
2009,chevrolet,chevrolet,silverado-3500,1,exact,Silverado,Truck,Silverado C15 2WD,,1999-2026,true
2008,honda,honda,cr-v,5,exact,CR-V,MPV,CR-V 2WD,,1997-2026,true
2021,audi,audi,rs6,1,exact,RS 6 Avant,Passenger Car,RS 6 Avant,,2003-2004 2021-2026,true
1996,chrysler,chrysler,lhs,1,exact,LHS,Passenger Car,New Yorker/LHS,,1994-1997 1999-2001 2003-2004,true
2024,chrysler,chrysler,pacifica,2,exact,Pacifica,MPV,Pacifica,,2004-2009 2017-2026,true
2020,toyota,toyota,fj-cruiser,1,none,,,,,2007-2014,true
1999,honda,honda,cr-v,5,exact,CR-V,MPV,CR-V 2WD,,1997-2026,true
2018,gmc,gmc,canyon,6,exact,Canyon,Truck,Canyon 2WD,,2004-2026,true
2017,chevrolet,chevrolet,colorado,6,exact,Colorado,Truck,Colorado 2WD,,2004-2012 2015-2026,true
2019,chevrolet,chevrolet,cruze,4,exact,Cruze,Passenger Car,Cruze Hatchback,,2010-2019,true
2003,ford,ford,crown-victoria,2,exact,Crown Victoria,Passenger Car,Crown Victoria,,1990-2011,true
1993,chrysler,chrysler,lebaron,1,exact,LeBaron,Passenger Car,LeBaron Convertible,,1990-1995,true
2007,ford,ford,edge,3,exact,Edge,MPV,Edge FWD,,2007-2024,true
2007,ford,ford,fusion,3,exact,Fusion,Passenger Car,Fusion,,2006-2020,true
2013,ford,ford,f-350,6,exact,F-250,Truck,,,1990-2026,true
2017,ford,ford,ranger,1,none,,,,,1990-2011 2019-2026,true
2002,gmc,gmc,yukon,6,exact,Yukon XL,Truck,Yukon 1500 2WD,,1990-2026,true
2002,chevrolet,chevrolet,malibu,5,exact,Malibu,Passenger Car,Malibu,,1997-2025,true
2013,ford,ford,ranger,1,none,,,,,1990-2011 2019-2026,true
2016,ford,ford,ranger,1,none,,,,,1990-2011 2019-2026,true
1996,chevrolet,chevrolet,caprice,1,exact,Caprice,Passenger Car,Caprice/Impala,,1990-1996 2011-2017,true
1993,gmc,gmc,sierra-2500hd,2,exact,Sierra,Truck,Sierra 1500 2WD,,1990-2026,true
1999,ram,ram,3500,8,crossmake,Ram,MPV,,dodge,1990-2026,false
2009,chrysler,chrysler,pt-cruiser,2,exact,PT Cruiser,MPV,PT Cruiser,,1995-2010,true
2012,ford,ford,f-350,6,exact,F-250,Truck,,,1990-2026,true
2018,honda,honda,pilot,5,exact,Pilot,MPV,Pilot FWD,,2003-2026,true
2020,tesla,tesla,model-s,3,exact,Model S,Passenger Car,Model S Long Range,,2012-2026,true
2025,ford,ford,explorer,8,exact,Explorer,MPV,Explorer AWD,,1991-2026,true
2019,lamborghini,lamborghini,aventador,1,exact,Aventador,Passenger Car,Aventador Coupe,,2011-2022,true
2015,mercedes,mercedesbenz,cla-class,1,exact,CLA-Class,Passenger Car,CLA250 4matic,,2014-2026,true
2001,toyota,toyota,highlander,7,exact,Highlander,MPV,Highlander 2WD,,2001-2026,true
1990,gmc,gmc,sierra-2500hd,2,exact,Sierra,MPV,Sierra 1500 2WD,,1990-2026,true
1999,subaru,subaru,outback,7,exact,Legacy,Passenger Car,Legacy AWD,,1990-2026,true
2022,ford,ford,explorer,8,exact,Explorer,MPV,Explorer RWD,,1991-2026,true
2024,ford,ford,explorer,8,exact,Explorer,MPV,Explorer RWD,,1991-2026,true
2016,land rover,landrover,defender,1,none,,,,,1993-1995 1997 2020-2026,true
2023,land rover,landrover,defender,8,exact,Defender,MPV,Defender 90,,1993-1995 1997 2020-2026,true
2012,land rover,landrover,discovery,5,exact,LR4,MPV,LR4,,1994-2026,true
2018,ford,ford,focus,9,exact,Focus,Passenger Car,Focus RS AWD,,2000-2018,true
2018,volvo,volvo,v90,4,exact,V90,Passenger Car,V90 FWD,,1997-1998 2017-2026,true
2018,maserati,maserati,levante,6,exact,Levante,MPV,Levante S,,2017-2024,true
2015,land rover,landrover,discovery,5,exact,LR4,MPV,LR4,,1994-2026,true
2018,honda,honda,accord,9,exact,Accord,Passenger Car,Accord,,1990-2026,true
2017,ford,ford,escape,7,exact,Escape,MPV,Escape FWD,,2001-2026,true
2020,ford,ford,escape,7,exact,Escape,MPV,Escape FWD,,2001-2026,true
2023,ford,ford,escape,7,exact,Escape,MPV,Escape FWD,,2001-2026,true
2016,land rover,landrover,discovery,5,exact,LR4,MPV,LR4,,1994-2026,true
2006,chevrolet,chevrolet,silverado-2500hd,2,exact,Silverado,Truck,Silverado 15 Hybrid 2WD,,1990-1993 1999-2026,true
2018,bmw,bmw,x5,11,exact,X5,MPV,X5 sDrive35i,,2000-2026,true
1993,chevrolet,chevrolet,beretta,1,exact,Beretta,Passenger Car,Beretta,,1990-1996,true
2001,buick,buick,lesabre,3,exact,LeSabre,Passenger Car,LeSabre,,1990-2005,true
2018,bmw,bmw,x6,7,exact,X6,MPV,X6 sDrive35i,,2008-2026,true
2000,chevrolet,chevrolet,silverado-3500hd,1,exact,Silverado,Truck,Silverado 1500 2WD,,1999-2026,true
2002,ford,ford,explorer-sport-trac,2,exact,Explorer,Truck,Explorer Sport Trac 2WD,,1991-2026,true
2001,chevrolet,chevrolet,malibu,5,exact,Malibu,Passenger Car,Malibu,,1997-2025,true
2001,gmc,gmc,yukon,6,exact,Yukon,MPV,Yukon 1500 2WD,,1990-2026,true
2018,lexus,lexus,nx300,2,exact,NX,MPV,NX 300,,2015-2026,true
2018,audi,audi,a4-allroad,3,exact,A4,Passenger Car,A4 quattro,,1996-2025,true
2018,jeep,jeep,cherokee,9,exact,Cherokee,MPV,Cherokee FWD,,1990-2011 2014-2023 2026,true
2019,volkswagen,volkswagen,arteon,1,exact,Arteon,Passenger Car,Arteon,,2019-2024,true
1999,chevrolet,chevrolet,silverado-3500hd,1,exact,Silverado,Truck,Silverado 1500 2WD,,1999-2026,true
2019,tesla,tesla,model-3,2,exact,Model 3,Passenger Car,Model 3 Mid Range,,2017-2026,true
2005,nissan,nissan,xterra,6,exact,Xterra,MPV,Xterra 2WD,,2000-2015,true
2015,ford,ford,f-250,6,exact,F-250,Truck,,,1990-2026,true
2017,land rover,landrover,range-rover-evoque,5,exact,Range Rover Evoque,MPV,Range Rover Evoque,,2012-2026,true
2025,land rover,landrover,discovery,5,exact,Discovery,MPV,Discovery Sport,,1994-2026,true
2001,ford,ford,f-250,4,exact,F-250,MPV,,,1990-2026,true
2014,ford,ford,f-350,6,exact,F-250,Truck,,,1990-2026,true
2019,chevrolet,chevrolet,trailblazer,1,none,,,,,2002-2009 2021-2026,true
2015,ford,ford,f-350,6,exact,F-250,Truck,,,1990-2026,true
2018,ford,ford,edge,6,exact,Edge,MPV,Edge FWD,,2007-2024,true
2023,ford,ford,f-350,7,exact,F-250,Truck,,,1990-2026,true
2001,mercedes-benz,mercedesbenz,s-class,7,exact,S-Class,Passenger Car,S430,,1990-2026,true
2006,mercedes,mercedesbenz,m-class,1,exact,M-Class,MPV,ML350,,1995-2019,true
2009,mercedes,mercedesbenz,m-class,2,exact,M-Class,MPV,ML550 4matic,,1995-2019,true
1990,dodge,dodge,ram-van-b150,1,exact,Ram Van,MPV,B150/B250 Van 2WD,,1990-2012,true
2009,toyota,toyota,rav4,9,exact,RAV4,MPV,RAV4 2WD,,1996-2026,true
2014,audi,audi,rs7,1,exact,RS 7,Passenger Car,RS 7,,2014-2018 2021-2026,true
2016,audi,audi,rs7,1,exact,RS 7,Passenger Car,RS 7,,2014-2018 2021-2026,true
2004,ford,ford,e-350-econoline,1,exact,E-150,Truck,E150 Econoline 2WD,,1990-2014,true
2006,ford,ford,e-350-econoline,1,exact,E-150,MPV,E150 Econoline 2WD,,1990-2014,true
1996,gmc,gmc,sierra-3500hd,1,exact,Sierra,Truck,Sierra 1500 2WD,,1990-2026,true
2013,lexus,lexus,es,5,exact,ES,Passenger Car,ES 350,,1990-2026,true
2024,genesis,genesis,gv80,3,exact,GV80,MPV,GV80 AWD,,2021-2026,true
2018,nissan vans,nissan,nv1500,2,exact,NV,Truck,,,2012-2021,true
2005,mercedes-benz,mercedesbenz,s-class,7,exact,S-Class,Passenger Car,S430,,1990-2026,true
2022,chevrolet,chevrolet,bolt-ev,2,exact,Bolt EV,Passenger Car,Bolt EUV,,2017-2023,true
2021,nissan,nissan,pathfinder,5,exact,Pathfinder,MPV,,,1990-2026,true
2018,audi,audi,tt-quattro,1,exact,TT,Passenger Car,TTS Coupe,,2000-2006 2008-2023,true
2018,audi,audi,tts-quattro,1,exact,TT,Passenger Car,TTS Coupe,,2000-2006 2008-2023,true
2024,genesis,genesis,g80,5,exact,G80,Passenger Car,G80 AWD,,2017-2026,true
2017,audi,audi,s3,1,exact,S3,Passenger Car,S3,,2015-2020 2022-2026,true
2018,dodge,dodge,charger,12,exact,Charger,Passenger Car,Charger,,2006-2026,true
2018,alfa romeo,alfaromeo,giulia,4,exact,Giulia (952),Passenger Car,Giulia,,2016-2026,true
2020,genesis,genesis,g90,4,exact,G90,Passenger Car,G90 AWD,,2017-2026,true
2016,ram,ram,promaster-1500,1,exact,ProMaster 1500,MPV,,,2014-2026,true
2008,chevrolet,chevrolet,trailblazer,1,exact,Trailblazer,MPV,TrailBlazer 2WD,,2002-2009 2021-2026,true
2012,audi,audi,s5,1,exact,S5,Passenger Car,S5,,2008-2026,true
2021,nissan,nissan,maxima,6,exact,Maxima,Passenger Car,Maxima,,1990-2014 2016-2023,true
2021,nissan,nissan,murano,5,exact,Murano,MPV,Murano FWD,,2002-2007 2009-2026,true
2011,jeep,jeep,liberty,6,exact,Liberty,MPV,Liberty 2WD,,1993-2013,true
2024,nissan,nissan,sentra,4,exact,Sentra,Passenger Car,Sentra,,1990-2026,true
1994,oldsmobile,oldsmobile,cutlass,1,exact,Cutlass Supreme,Passenger Car,Cutlass Ciera,,1990-1999,true
2013,chrysler,chrysler,town-country,1,exact,Town and Country,MPV,Town and Country,,1990-2016,true
2018,toyota,toyota,c-hr,2,exact,C-HR,Passenger Car,C-HR,,2018-2022 2026,true
2017,lexus,lexus,es,5,exact,ES,Passenger Car,ES 350,,1990-2026,true
2016,chrysler,chrysler,town-country,1,exact,Town and Country,MPV,Town and Country,,1990-2016,true
2008,chrysler,chrysler,pt-cruiser,2,exact,PT Cruiser,MPV,PT Cruiser Convertible,,1995-2010,true
2024,nissan,nissan,titan,12,exact,Titan,Truck,Titan 2WD,,2002-2024,true
2021,toyota,toyota,sequoia,6,exact,Sequoia,MPV,Sequoia 2WD,,2000-2026,true
2016,toyota,toyota,fj-cruiser,1,none,,,,,2007-2014,true
2002,honda,honda,s2000,1,exact,S2000,Passenger Car,S2000,,2000-2009,true
2000,honda,honda,s2000,1,exact,S2000,Passenger Car,S2000,,2000-2009,true
2015,cadillac,cadillac,escalade,6,exact,Escalade,MPV,Escalade 2WD,,1999-2026,true
2023,jaguar,jaguar,f-pace,6,exact,F-PACE,MPV,F-Pace,,2017-2026,true
2013,kia,kia,optima,2,exact,Optima,Passenger Car,Optima,,2001-2020,true
2016,gmc,gmc,yukon,7,exact,Yukon,MPV,Yukon C1500 2WD,,1990-2026,true
2009,acura,acura,tl,5,exact,TL,Passenger Car,TL 2WD,,1990-2014,true
2015,chevrolet,chevrolet,colorado,6,exact,Colorado,Truck,Colorado 2WD,,2004-2012 2015-2026,true
2020,lexus,lexus,es,5,exact,ES,Passenger Car,ES 350,,1990-2026,true
2024,nissan,nissan,versa,4,exact,Versa,Passenger Car,Versa,,2007-2025,true
2013,audi,audi,s5,1,exact,S5,Passenger Car,S5,,2008-2026,true
2014,audi,audi,s5,1,exact,S5,Passenger Car,S5,,2008-2026,true
2017,kia,kia,niro,5,exact,Niro,MPV,Niro,,2017-2026,true
2024,porsche,porsche,911,8,exact,911,Passenger Car,911 Carrera T,,1990-2026,true
2015,gmc,gmc,acadia,6,exact,Acadia,MPV,Acadia FWD,,2007-2026,true
1996,chevrolet,chevrolet,lumina,1,exact,Lumina,Passenger Car,Lumina/Monte Carlo,,1990-2001,true
2025,kia,kia,niro,5,exact,Niro,MPV,Niro,,2017-2026,true
2000,jeep,jeep,cherokee,3,exact,Cherokee,MPV,Cherokee 2WD,,1990-2011 2014-2023 2026,true
1993,ford,ford,explorer,8,exact,Explorer,MPV,Explorer 2WD,,1991-2026,true
2015,jaguar,jaguar,xj,9,exact,XJ,Passenger Car,XJ,,1990-2019,true
2024,dodge,dodge,charger,3,exact,Charger,Passenger Car,Charger 2-Dr Daytona R/T AWD 18in,,2006-2026,true
2004,dodge,dodge,durango,1,exact,Durango,MPV,Durango 2WD,,1995-2009 2011-2026,true
2017,hyundai,hyundai,ioniq,5,exact,Ioniq,Passenger Car,Ioniq Electric,,2017-2026,true
1996,ford,ford,explorer,8,exact,Explorer,MPV,Explorer 2WD,,1991-2026,true
2010,hyundai,hyundai,veracruz,1,exact,Veracruz,MPV,Veracruz 2WD,,2007-2013,true
2026,cadillac,cadillac,escalade-esv,6,exact,Escalade,MPV,Escalade V AWD,,1999-2026,true
2023,buick,buick,envision,4,exact,Envision,MPV,Envision FWD,,2016-2026,true
2000,plymouth,plymouth,prowler,1,exact,Prowler,Passenger Car,Prowler,,1997 1999-2002,true
2015,land rover,landrover,range-rover-evoque,5,exact,Range Rover Evoque,MPV,Range Rover Evoque,,2012-2026,true
2010,kia,kia,sedona,2,exact,Sedona,MPV,Sedona,,2001-2026,true
2022,chevrolet,chevrolet,trailblazer,7,exact,Trailblazer,MPV,Trailblazer FWD,,2002-2009 2021-2026,true
2007,ford,ford,focus,3,exact,Focus,Passenger Car,Focus,,2000-2018,true
2015,toyota,toyota,gt-86,1,none,,,,,2017-2020 2022-2026,true
2017,audi,audi,s5,1,exact,S5,Passenger Car,S5,,2008-2026,true
2014,cadillac,cadillac,escalade-esv,6,exact,Escalade,MPV,Escalade 2WD,,1999-2026,true
2013,toyota,toyota,gt-86,1,none,,,,,2017-2020 2022-2026,true
2021,audi,audi,s5,1,exact,S5,Passenger Car,S5,,2008-2026,true
2003,toyota,toyota,mr2-spyder,2,exact,MR2,Passenger Car,MR2,,1991-1995 2000-2007,true
2000,audi,audi,s6,1,none,,,,,1995-1997 2002-2003 2007-2011 2013-2018 2020-2025,true
1998,ford,ford,mustang,2,exact,Mustang,Passenger Car,Mustang,,1990-2026,true
2021,rolls-royce,rollsroyce,cullinan,1,exact,Cullinan,MPV,Cullinan,,2019-2026,true
2008,dodge,dodge,viper,3,exact,Viper,Passenger Car,Viper Convertible,,1992-2006 2008-2010 2013-2017,true
2002,audi,audi,s6,1,exact,S6,Passenger Car,S6 Avant,,1995-1997 2002-2003 2007-2011 2013-2018 2020-2025,true
2017,nissan,nissan,titan-xd,4,exact,Titan,Truck,Titan 2WD,,2002-2024,true
2017,alfa romeo,alfaromeo,giulia,6,exact,Giulia (952),Passenger Car,Giulia,,2016-2026,true
2024,jeep,jeep,gladiator,12,exact,Gladiator,Truck,Gladiator 4WD,,2020-2026,true
2016,audi,audi,s6,1,exact,S6,Passenger Car,S6,,1995-1997 2002-2003 2007-2011 2013-2018 2020-2025,true
2014,buick,buick,verano,1,exact,Verano,Passenger Car,Verano,,2012-2017,true
2011,ford,ford,focus,3,exact,Focus,Passenger Car,Focus FWD,,2000-2018,true
2025,jeep,jeep,gladiator,10,exact,Gladiator,Truck,Gladiator 4WD,,2020-2026,true
2025,mercedes,mercedesbenz,gle,19,exact,GLE-Class,MPV,GLE350 4matic,,2016-2026,true
2001,mitsubishi,mitsubishi,chariot-grandis,1,none,,,,,,true
2005,lexus,lexus,is,5,exact,IS,Passenger Car,IS 300,,2001-2026,true
2008,gmc,gmc,savana-3500,5,exact,Savana,Truck,Savana 15/25 2WD Conversion (cargo),,1996-2026,true
1996,audi,audi,a4,3,exact,A4,Passenger Car,A4,,1996-2025,true
2007,mercedes,mercedesbenz,cl-class-amg,1,exact,CL-Class,Passenger Car,CL550,,1998-2014,true
2009,mercedes,mercedesbenz,cl-class-amg,1,exact,CL-Class,Passenger Car,CL550 4matic,,1998-2014,true
2012,mercedes,mercedesbenz,cl-class-amg,1,exact,CL-Class,Passenger Car,CL550 4matic,,1998-2014,true
2013,mercedes,mercedesbenz,cla-class-amg,1,none,,,,,2014-2026,true
2016,mercedes,mercedesbenz,cla-class-amg,1,exact,CLA-Class,Passenger Car,CLA250 4matic,,2014-2026,true
2009,toyota,toyota,camry,4,exact,Camry,Passenger Car,Camry,,1990-2026,true
2024,porsche,porsche,boxster,5,exact,718 Boxster,Passenger Car,718 Boxster,,1997-2025,true
2002,plymouth,plymouth,prowler,1,crossmake,Prowler,Passenger Car,Prowler,chrysler,1997 1999-2002,false
2018,cadillac,cadillac,xts,5,exact,XTS,Passenger Car,XTS AWD,,2013-2019,true
2006,land rover,landrover,discovery,6,exact,LR3,MPV,LR3,,1994-2026,true
2021,porsche,porsche,911,8,exact,911,Passenger Car,911 Turbo,,1990-2026,true
2021,nissan,nissan,rogue,5,exact,Rogue,MPV,Rogue FWD,,2008-2026,true
2025,buick,buick,enclave,5,exact,Enclave,MPV,Enclave FWD,,2007-2026,true
2009,honda,honda,pilot,7,exact,Pilot,MPV,Pilot 2WD,,2003-2026,true
2010,dodge,dodge,journey,1,exact,Journey,MPV,Journey  2WD,,2009-2023,true
2012,dodge,dodge,journey,1,exact,Journey,MPV,Journey FWD,,2009-2023,true
2020,dodge,dodge,journey,1,exact,Journey,MPV,Journey,,2009-2023,true
2019,bmw,bmw,x1,4,exact,X1,MPV,X1 xDrive28i,,2012-2026,true
2019,buick,buick,lacrosse,6,exact,LaCrosse,Passenger Car,LaCrosse eAssist,,2005-2019,true
2006,gmc,gmc,sierra-3500,3,exact,Sierra,Truck,Sierra 15 Hybrid 2WD,,1990-2026,true
2021,mercedes,mercedesbenz,cla-class-amg,1,exact,CLA-Class,Passenger Car,AMG CLA35 4matic,,2014-2026,true
1990,ford,ford,crown-victoria,1,exact,Crown Victoria,Passenger Car,LTD Crown Victoria,,1990-2011,true
2023,nissan,nissan,pathfinder,5,exact,Pathfinder,MPV,Pathfinder 4WD Rock Creek,,1990-2026,true
2002,mini,mini,cooper,6,exact,Cooper,Passenger Car,Cooper,,2002-2026,true
2021,buick,buick,enclave,5,exact,Enclave,MPV,Enclave FWD,,2007-2026,true
2013,gmc,gmc,terrain,6,exact,Terrain,MPV,Terrain AWD,,2009-2026,true
2022,buick,buick,enclave,5,exact,Enclave,MPV,Enclave FWD,,2007-2026,true
2026,buick,buick,enclave,5,exact,Enclave,MPV,Enclave FWD,,2007-2026,true
2021,lexus,lexus,es,5,exact,ES,Passenger Car,ES 350,,1990-2026,true
2017,buick,buick,envision,6,exact,Envision,MPV,Envision AWD,,2016-2026,true
2020,buick,buick,envision-s,1,exact,Envision,MPV,Envision FWD,,2016-2026,true
2013,land rover,landrover,range-rover-evoque,5,exact,Range Rover Evoque,MPV,Range Rover Evoque,,2012-2026,true
2026,buick,buick,envision,4,exact,Envision,MPV,Envision AWD,,2016-2026,true
2017,chevrolet,chevrolet,bolt-ev,1,exact,Bolt EV,Passenger Car,Bolt EV,,2017-2023,true
2008,bmw,bmw,m3,3,exact,M3,Passenger Car,M3 Coupe,,1990-1991 1995-1999 2001-2006 2008-2013 2015-2018 2020-2026,true
2025,land rover,landrover,discovery-sport,1,exact,Discovery Sport,MPV,Discovery Sport,,2015-2026,true
2012,jaguar,jaguar,xj,9,exact,XJ,Passenger Car,XJ,,1990-2019,true
2013,jaguar,jaguar,xj,9,exact,XJ,Passenger Car,XJ,,1990-2019,true
2014,jaguar,jaguar,xj,9,exact,XJ,Passenger Car,XJ AWD,,1990-2019,true
1990,dodge,dodge,grand-caravan,1,exact,Caravan,MPV,Caravan/Grand Caravan/Ram Van 2WD,,1990-2023,true
1994,dodge,dodge,ram-1500,5,exact,Ram Van,MPV,Ram 1500 Pickup 2WD,,1990-2012,true
1998,gmc,gmc,yukon,6,exact,Yukon,MPV,Suburban 1500 2WD,,1990-2026,true
2012,honda,honda,accord,6,exact,Accord,Passenger Car,Accord Coupe,,1990-2026,true
2019,alfa romeo,alfaromeo,stelvio,6,exact,Stelvio,MPV,Stelvio,,2018-2026,true
2003,ram,ram,2500,11,crossmake,Ram,Truck,Ram Van 2500 2WD,dodge,1990-2026,false
2026,honda,honda,odyssey,5,exact,Odyssey,MPV,Odyssey,,1995-2026,true
2003,jeep,jeep,liberty,4,exact,Liberty,MPV,Liberty/Cherokee 2WD,,1993-2013,true
2012,land rover,landrover,range-rover-evoque,5,exact,Range Rover Evoque,MPV,Range Rover Evoque,,2012-2026,true
2013,audi,audi,a3,1,exact,A3,Passenger Car,A3,,2006-2013 2015-2020 2022-2026,true
2011,jaguar,jaguar,xf,5,exact,XF,Passenger Car,XF,,2009-2024,true
2012,fiat,fiat,500,1,exact,500,Passenger Car,500,,2012-2026,true
2000,hyundai,hyundai,santa-fe,1,none,,,,,2001-2026,true
2022,lexus,lexus,rc,1,exact,RC,Passenger Car,RC F,,2015-2025,true
2017,buick,buick,enclave,8,exact,Enclave,MPV,Enclave FWD,,2007-2026,true
2000,lexus,lexus,is,5,none,,,,,2001-2026,true
2002,lexus,lexus,is,5,exact,IS,Passenger Car,IS 300,,2001-2026,true
2010,cadillac,cadillac,cts,6,exact,CTS,Passenger Car,CTS,,2003-2019,true
2005,bmw,bmw,m6,1,none,,,,,2006-2010 2012-2019,true
2010,chevrolet,chevrolet,malibu,5,exact,Malibu,Passenger Car,Malibu,,1997-2025,true
2021,bmw,bmw,m8,1,exact,M8,Passenger Car,M8 Gran Coupe,,2019-2026,true
2004,lexus,lexus,is,5,exact,IS,Passenger Car,IS 300,,2001-2026,true
2010,hyundai,hyundai,santa-fe-classic,2,exact,Santa Fe,MPV,Santa Fe 2WD,,2001-2026,true
2013,bmw,bmw,x3,5,exact,X3,MPV,X3 xDrive28i,,2004-2026,true
2019,subaru,subaru,wrx-sti,4,exact,WRX,Passenger Car,WRX,,1993-2026,true
2024,toyota,toyota,gr-corolla,2,exact,Corolla,Passenger Car,GR Corolla,,1990-2026,true
1996,chevrolet,chevrolet,blazer,1,exact,Blazer,MPV,S10 Pickup 2WD,,1990-2005 2019-2026,true
2025,bmw,bmw,i4,1,exact,i4,Passenger Car,i4 eDrive35 Gran Coupe (18 inch Wheels),,2022-2026,true
1999,infiniti,infiniti,i30,1,exact,I30,Passenger Car,I30,,1996-2001,true
2024,bmw,bmw,i4,1,exact,i4,Passenger Car,i4 M50 Gran Coupe (19 inch wheels),,2022-2026,true
2026,bmw,bmw,i4,1,exact,i4,Passenger Car,i4 eDrive35 Gran Coupe (19 inch Wheels),,2022-2026,true
1992,volkswagen,volkswagen,gti,1,exact,,,Golf/GTI,,1990-2026,true
2026,toyota,toyota,gr-corolla,2,exact,Corolla,Passenger Car,Corolla Hybrid SE,,1990-2026,true
2010,toyota,toyota,fj-cruiser,2,exact,FJ Cruiser,MPV,FJ Cruiser 2WD,,2007-2014,true
2010,gmc,gmc,acadia,6,exact,Acadia,MPV,Acadia FWD,,2007-2026,true
2025,toyota,toyota,grand-highlander,2,exact,Grand Highlander,MPV,Grand Highlander Hybrid,,2024-2026,true
2026,audi,audi,s6-e-tron,2,none,,,,,1995-1997 2002-2003 2007-2011 2013-2018 2020-2025,true
2019,honda,honda,odyssey,1,exact,Odyssey,MPV,Odyssey,,1995-2026,true
2022,honda,honda,odyssey,5,exact,Odyssey,MPV,Odyssey,,1995-2026,true
2024,honda,honda,odyssey,6,exact,Odyssey,MPV,Odyssey,,1995-2026,true
2017,bmw,bmw,x3,5,exact,X3,MPV,X3 sDrive28i,,2004-2026,true
2012,chevrolet,chevrolet,equinox,5,exact,Equinox,MPV,Equinox FWD,,2005-2026,true
2010,bmw,bmw,x3,1,exact,X3,MPV,X3 xDrive30i,,2004-2026,true
2015,toyota,toyota,prius-v,2,exact,Prius,Passenger Car,Prius,,2001-2026,true
2009,mercedes-benz,mercedesbenz,m-class-amg,2,exact,M-Class,MPV,ML550 4matic,,1995-2019,true
1995,chevrolet,chevrolet,c2500,1,exact,GMT-400,Truck,,,1990-2026,true
1992,chevrolet,chevrolet,k3500,1,exact,GMT-400,Truck,,,1990-2026,true
1991,chevrolet,chevrolet,c3500,1,exact,GMT-400,MPV,,,1990-2026,true
2004,mercury,mercury,grand-marquis,3,exact,Grand Marquis,Passenger Car,Grand Marquis,,1990-2011,true
1995,chevrolet,chevrolet,impala,4,exact,,,Caprice/Impala,,1994-1996 2000-2020,true
1992,chevrolet,chevrolet,tahoe,7,none,,,,,1995-2026,true
2024,volkswagen,volkswagen,golf,4,exact,Golf R,Passenger Car,GTI,,1990-2026,true
2008,mercury,mercury,grand-marquis,3,exact,Grand Marquis,Passenger Car,Grand Marquis FFV,,1990-2011,true
2009,mercury,mercury,grand-marquis,3,exact,Grand Marquis,Passenger Car,Grand Marquis FFV,,1990-2011,true
2018,mercedes-benz,mercedesbenz,c300,6,exact,C-Class,MPV,C300 Coupe,,1994-2026,true
1997,audi,audi,cabriolet,1,exact,Cabriolet,Passenger Car,Cabriolet,,1992-1998,true
1993,audi,audi,coupe,1,none,,,,,1990-1991,true
2025,audi,audi,s6-e-tron,2,exact,S6,Passenger Car,S6,,1995-1997 2002-2003 2007-2011 2013-2018 2020-2025,true
2008,honda,honda,accord,6,exact,Accord,Passenger Car,Accord Coupe,,1990-2026,true
2016,toyota,toyota,sienna,7,exact,Sienna,MPV,Sienna 2WD,,1995-2026,true
1997,audi,audi,s6,1,exact,S6,Passenger Car,,,1995-1997 2002-2003 2007-2011 2013-2018 2020-2025,true
1999,audi,audi,s6,1,none,,,,,1995-1997 2002-2003 2007-2011 2013-2018 2020-2025,true
1994,bmw,bmw,5-series,2,exact,525i,Passenger Car,525i,,1990-1995 1997-2026,true
1993,bmw,bmw,7-series,1,exact,740i,Passenger Car,740i,,1990-2026,true
2020,chevrolet,chevrolet,spark,1,exact,Spark,Passenger Car,Spark,,2008 2011-2022,true
2009,audi,audi,tt-s,1,exact,TT,Passenger Car,TT Roadster quattro,,2000-2006 2008-2023,true
2007,lexus,lexus,is,5,exact,IS,Passenger Car,IS 250,,2001-2026,true
2003,ford,ford,thunderbird,1,exact,Thunderbird,Passenger Car,Thunderbird,,1990-1997 2002-2005,true
1995,dodge,dodge,ram-van-b1500,1,exact,Ram Van,MPV,B1500/B2500 Van 2WD,,1990-2012,true
2023,bmw,bmw,8-series,2,exact,840i,Passenger Car,M850i xDrive Coupe,,1990-1997 2019-2026,true
2003,honda,honda,civic,7,exact,Civic,Passenger Car,Civic,,1990-2026,true
2017,bmw,bmw,m4,4,exact,M4,Passenger Car,M4 Convertible,,2015-2026,true
2008,honda,honda,civic,8,exact,Civic,Passenger Car,Civic Hybrid,,1990-2026,true
1995,chrysler,chrysler,voyager,1,exact,Voyager,MPV,,,1995-2005 2007-2009 2020-2026,true
2008,chevrolet,chevrolet,malibu,5,exact,Malibu,Passenger Car,Malibu,,1997-2025,true
2015,toyota,toyota,camry,7,exact,Camry,Passenger Car,Camry,,1990-2026,true
2025,bmw,bmw,x1,4,exact,X1,MPV,X1 xDrive28i,,2012-2026,true
2005,toyota,toyota,celica,1,exact,Celica,Passenger Car,Celica,,1990-2006,true
2003,ford,ford,streetka,1,none,,,,,,true
1997,cadillac,cadillac,deville,1,exact,Deville,Passenger Car,DeVille,,1990-2005,true
2008,gmc,gmc,canyon,5,exact,Canyon,Truck,Canyon 2WD,,2004-2026,true
1998,cadillac,cadillac,deville,1,exact,Deville,Passenger Car,DeVille,,1990-2005,true
2008,land rover,landrover,discovery,6,exact,LR3,MPV,LR3,,1994-2026,true
2006,mazda,mazda,mx-5-miata,2,exact,MX-5,Passenger Car,MX-5,,1990-1997 1999-2026,true
2016,kia,kia,sedona,2,exact,Sedona,MPV,Sedona,,2001-2026,true
2013,nissan,nissan,370z,3,exact,370Z,Passenger Car,370Z,,2009-2022,true
2013,honda,honda,cr-v,5,exact,CR-V,MPV,CR-V 2WD,,1997-2026,true
2015,honda,honda,cr-v,5,exact,CR-V,MPV,CR-V 2WD,,1997-2026,true
1997,cadillac,cadillac,catera,1,exact,Catera,Passenger Car,Catera,,1997-2001,true
2017,honda,honda,cr-v,5,exact,CR-V,MPV,CR-V FWD,,1997-2026,true
2008,toyota,toyota,rav4,9,exact,RAV4,MPV,RAV4 2WD,,1996-2026,true
2002,toyota,toyota,tundra,2,exact,Tundra,Truck,Tundra 2WD,,1995-2026,true
2005,toyota,toyota,tundra,2,exact,Tundra,Truck,Tundra 2WD,,1995-2026,true
2006,toyota,toyota,tundra,2,exact,Tundra,Truck,Tundra 2WD,,1995-2026,true
2023,toyota,toyota,mirai,1,exact,Mirai,Passenger Car,Mirai LE,,2016-2026,true
1996,bmw,bmw,z3,1,exact,Z3,Passenger Car,Z3 Roadster,,1996-2002,true
2020,toyota,toyota,mirai,1,exact,Mirai,Passenger Car,Mirai,,2016-2026,true
2022,toyota,toyota,mirai,1,exact,Mirai,Passenger Car,Mirai LE,,2016-2026,true
2021,toyota,toyota,mirai,1,exact,Mirai,Passenger Car,Mirai Limited,,2016-2026,true
2024,jeep,jeep,wrangler,11,exact,Wrangler,MPV,Wrangler 4dr 4WD,,1990-2026,true
2020,nissan,nissan,frontier,1,exact,Frontier,Truck,Frontier 2WD,,1998-2026,true
2021,kia,kia,k5,1,exact,K5,Passenger Car,K5,,2021-2026,true
2021,nissan,nissan,frontier,1,exact,Frontier,Truck,Frontier 2WD,,1998-2026,true
2021,gmc,gmc,yukon-xl,1,exact,Yukon,MPV,Yukon 2WD,,1990-2026,true
2022,nissan,nissan,frontier,1,exact,Frontier,Truck,Frontier 2WD,,1998-2026,true
2023,nissan,nissan,frontier,1,exact,Frontier,Truck,Frontier 2WD,,1998-2026,true
2016,volkswagen,volkswagen,passat,5,exact,Passat,Passenger Car,Passat,,1990-2022,true
2021,audi,audi,s4,4,exact,S4,Passenger Car,S4,,1992-1994 2000-2002 2004-2016 2018-2025,true
2013,bmw,bmw,z4,4,exact,Z4,Passenger Car,Z4 sDrive28i,,1998-2001 2003-2016 2019-2026,true
2012,bmw,bmw,z4,4,exact,Z4,Passenger Car,Z4 sDrive28i,,1998-2001 2003-2016 2019-2026,true
2010,toyota,toyota,highlander,10,exact,Highlander,MPV,Highlander 2WD,,2001-2026,true
2004,bmw,bmw,z4,5,exact,Z4,Passenger Car,Z4 Roadster,,1998-2001 2003-2016 2019-2026,true
2007,bmw,bmw,z4,5,exact,Z4,Passenger Car,Z4 3.0i,,1998-2001 2003-2016 2019-2026,true
2008,bmw,bmw,z4,5,exact,Z4,Passenger Car,Z4 3.0i,,1998-2001 2003-2016 2019-2026,true
2005,honda,honda,s2000,1,exact,S2000,Passenger Car,S2000,,2000-2009,true
2006,honda,honda,s2000,1,exact,S2000,Passenger Car,S2000,,2000-2009,true
2008,honda,honda,s2000,1,exact,S2000,Passenger Car,S2000,,2000-2009,true
2009,honda,honda,s2000,1,exact,S2000,Passenger Car,S2000,,2000-2009,true
2006,chevrolet,chevrolet,colorado,6,exact,Colorado,Truck,Colorado 2WD,,2004-2012 2015-2026,true
2001,ram,ram,2500,7,crossmake,Ram,MPV,Ram Van 2500 2WD,dodge,1990-2026,false
2026,honda,honda,prologue,1,exact,Prologue,MPV,Prologue AWD Touring,,2024-2026,true
2025,mazda,mazda,cx-70,1,exact,CX-70,MPV,CX-70 4WD,,2025-2026,true
2016,acura,acura,nsx,1,exact,NSX,Passenger Car,,,1990-2005 2016-2022,true
2018,jaguar,jaguar,e-pace,7,exact,E-PACE,MPV,E-Pace (296 Hp),,2018-2024,true
2001,acura,acura,rl,1,exact,RL,Passenger Car,3.5RL,,1990-2012,true
2007,honda,honda,ridgeline,6,exact,Ridgeline,Truck,Ridgeline Truck 4WD,,2006-2026,true
2026,lexus,lexus,is,5,exact,IS,Passenger Car,IS 350,,2001-2026,true
2005,cadillac,cadillac,cts,6,exact,CTS,Passenger Car,CTS,,2003-2019,true
2024,acura,acura,zdx,1,exact,ZDX,MPV,ZDX AWD,,2010-2013 2024-2026,true
1998,ford,ford,expedition,7,exact,Expedition,MPV,Expedition 2WD,,1997-2026,true
2023,volvo,volvo,s90,4,exact,S90,Passenger Car,S90 B6 AWD,,1997-1998 2017-2026,true
2025,toyota,toyota,corolla-cross,1,exact,Corolla Cross,MPV,Corolla Cross,,1990-2026,true
2023,volvo,volvo,xc60,5,exact,XC60,MPV,XC60 B5,,2009-2026,true
2024,lexus,lexus,nx,6,exact,NX,MPV,NX 250,,2015-2026,true
2014,chevrolet,chevrolet,colorado,6,none,,,,,2004-2012 2015-2026,true
1996,acura,acura,integra,1,exact,Integra,Passenger Car,Integra,,1990-2001 2023-2026,true
2005,jaguar,jaguar,xj,8,exact,XJ,Passenger Car,XJ8 4.2 Litre,,1990-2019,true
2009,nissan,nissan,quest,1,exact,Quest,MPV,Quest,,1993-2009 2011-2017,true
2023,volvo,volvo,xc90,5,exact,XC90,MPV,XC90 B5 AWD,,2003-2014 2016-2026,true
2009,jaguar,jaguar,xj,10,exact,XJ,Passenger Car,XJ,,1990-2019,true
2011,nissan,nissan,quest,1,exact,Quest,MPV,Quest,,1993-2009 2011-2017,true
1997,mercedes,mercedesbenz,s-class,4,exact,S-Class,Passenger Car,S500 Coupe,,1990-2026,true
2022,ram,ram,1500-classic,2,exact,1500,MPV,1500 2WD,,2013-2026,true
2018,jaguar,jaguar,xj,4,exact,XJ,Passenger Car,XJ,,1990-2019,true
1999,pontiac,pontiac,firebird,1,exact,Firebird,Passenger Car,Firebird/Trans Am,,1990-2002,true
1997,jaguar,jaguar,xj6,1,exact,XJ6,Passenger Car,XJ6,,1990-2019,true
1993,jaguar,jaguar,xjs,1,exact,XJS,Passenger Car,XJS Convertible,,1990-2019,true
1994,jaguar,jaguar,xjs,1,exact,XJS,Passenger Car,XJS Convertible,,1990-2019,true
2005,kia,kia,spectra5,1,exact,Spectra,Passenger Car,Spectra,,2000-2009,true
2016,gmc,gmc,terrain,6,exact,Terrain,MPV,Terrain AWD,,2009-2026,true
2001,mercedes,mercedesbenz,cl-class,1,exact,CL-Class,Passenger Car,CL500,,1998-2014,true
2002,mercedes,mercedesbenz,cl-class,1,exact,CL-Class,Passenger Car,CL500,,1998-2014,true
2020,mercedes,mercedesbenz,glb-class,1,exact,GLB-Class,MPV,GLB250,,2020-2026,true
2005,mercedes,mercedesbenz,cl-class-amg,1,exact,CL-Class,Passenger Car,CL500,,1998-2014,true
2019,bmw,bmw,7-series,1,exact,740i,Passenger Car,740i,,1990-2026,true
2010,bmw,bmw,x5,1,exact,X5,MPV,X5 xDriveM,,2000-2026,true
1996,land rover,landrover,defender-90,1,none,,,,,1993-1995 1997 2020-2026,true
1997,land rover,landrover,defender-90,1,exact,Defender,MPV,Defender 90,,1993-1995 1997 2020-2026,true
1996,land rover,landrover,range-rover,1,exact,Range Rover,MPV,Range Rover 4.0,,1990-2026,true
1997,land rover,landrover,range-rover,1,exact,Range Rover,MPV,Range Rover,,1990-2026,true
1998,land rover,landrover,range-rover,1,exact,Range Rover,MPV,Range Rover,,1990-2026,true
1999,land rover,landrover,discovery,1,exact,Discovery,MPV,Discovery,,1994-2026,true
1990,mercedes-benz,mercedesbenz,190e,1,exact,190,Passenger Car,190E 2.6,,1990-1993,true
1999,land rover,landrover,range-rover,1,exact,Range Rover,MPV,Range Rover,,1990-2026,true
2003,volvo,volvo,xc90,5,exact,XC90,Passenger Car,XC90 FWD,,2003-2014 2016-2026,true
2020,lexus,lexus,rc,1,exact,RC,Passenger Car,RC F,,2015-2025,true
1993,mercedes-benz,mercedesbenz,190e,1,exact,190,Passenger Car,190E 2.3,,1990-1993,true
2019,mazda,mazda,mazda3,1,exact,Mazda3,Passenger Car,3 4-Door 2WD,,2003-2026,true
2010,hyundai,hyundai,tucson,6,exact,Tucson,MPV,Tucson 2WD,,2005-2026,true
2012,acura,acura,rl,1,exact,RL,Passenger Car,RL,,1990-2012,true
1991,pontiac,pontiac,firebird,2,exact,Firebird,Passenger Car,Firebird/Trans Am,,1990-2002,true
2003,cadillac,cadillac,escalade-esv,6,exact,Escalade,MPV,Escalade 2WD,,1999-2026,true
2005,chevrolet,chevrolet,equinox,5,exact,Equinox,MPV,Equinox FWD,,2005-2026,true
1991,land rover,landrover,range-rover,1,exact,Range Rover,MPV,Range Rover,,1990-2026,true
2021,hyundai,hyundai,kona,5,exact,Kona,MPV,Kona FWD,,2018-2026,true
2023,land rover,landrover,range-rover-velar,2,exact,Range Rover Velar,MPV,Range Rover Velar,,2018-2026,true
1999,mercedes-benz,mercedesbenz,g-class,1,exact,G-Class,Passenger Car,,,1999 2002-2026,true
2004,buick,buick,lesabre,3,exact,LeSabre,Passenger Car,LeSabre,,1990-2005,true
2004,kia,kia,sorento,2,exact,Sorento,Passenger Car,Sorento 2WD,,2001-2009 2011-2026,true
2018,maserati,maserati,ghibli,3,exact,Ghibli,Passenger Car,Ghibli V6 SQ4 AWD,,2014-2024,true
1991,infiniti,infiniti,q45,1,exact,Q45,Passenger Car,Q45,,1990-2007,true
2022,volvo,volvo,s60,5,exact,S60,Passenger Car,S60 B5,,2001-2009 2011-2025,true
2022,volvo,volvo,s90,4,exact,S90,Passenger Car,S90 B6 AWD,,1997-1998 2017-2026,true
2018,maserati,maserati,quattroporte,3,exact,Quattroporte,Passenger Car,Quattroporte V8,,1990-1991 2005-2024,true
2008,mercedes,mercedesbenz,c-class-amg,2,exact,C-Class,Passenger Car,C300,,1994-2026,true
2022,infiniti,infiniti,q60,5,exact,Q60,Passenger Car,Q60,,2014-2015 2017-2022,true
2018,mclaren,mclaren,570s,2,exact,570S,Passenger Car,570S Coupe,,2011-2021,true
2020,infiniti,infiniti,q60,5,exact,Q60,Passenger Car,Q60,,2014-2015 2017-2022,true
2022,volvo,volvo,xc60,5,exact,XC60,Passenger Car,XC60 B5 AWD,,2009-2026,true
2024,infiniti,infiniti,qx50,6,exact,QX50,MPV,QX50,,2008-2017 2019-2025,true
2022,polestar,polestar,polestar-2,1,exact,Polestar 2,Passenger Car,2 Dual Motor,,2020-2026,true
2020,honda,honda,clarity,1,exact,Clarity,Passenger Car,Clarity Plug-in Hybrid,,2014 2017-2021,true
1995,audi,audi,a6,1,exact,A6,Passenger Car,A6,,1995-2026,true
2008,ford,ford,edge,3,exact,Edge,MPV,Edge FWD,,2007-2024,true
2020,audi,audi,rs5,1,none,,,,,2013-2015 2018-2019 2021-2025,true
2025,mercedes-benz,mercedesbenz,c-class,15,exact,C-Class,Passenger Car,C300,,1994-2026,true
1999,audi,audi,a8,1,exact,A8,Passenger Car,A8,,1997-2026,true
2021,infiniti,infiniti,qx50,6,exact,QX50,MPV,QX50,,2008-2017 2019-2025,true
2003,buick,buick,lesabre,3,exact,LeSabre,Passenger Car,LeSabre,,1990-2005,true
2019,audi,audi,s4,4,exact,S4,Passenger Car,S4,,1992-1994 2000-2002 2004-2016 2018-2025,true
2012,chevrolet,chevrolet,traverse,6,exact,Traverse,MPV,Traverse FWD,,2009-2026,true
2013,infiniti,infiniti,qx80,4,family,QX56,MPV,QX56 2WD,,2003-2026,true
2020,mazda,mazda,mazda6,5,exact,Mazda6,Passenger Car,6,,2003-2026,true
2010,toyota,toyota,tacoma,12,exact,Tacoma,Truck,Tacoma 2WD,,1995-2026,true
1994,isuzu,isuzu,amigo,1,exact,Amigo,MPV,Amigo 2WD,,1990-1994 1998-2000,true
1999,suzuki,suzuki,vitara,1,exact,Vitara,MPV,Grand Vitara 4Door 2WD,,1999-2013,true
2019,bmw,bmw,x5,8,exact,X5,MPV,X5 xDrive40i,,2000-2026,true
1990,audi,audi,v8,1,exact,,,V8,,1990-1994,true
1991,audi,audi,v8,1,exact,V8,Passenger Car,V8,,1990-1994,true
1999,daewoo,daewoo,lanos,1,exact,LANOS,Passenger Car,Lanos,,1998-2003,true
2021,jaguar,jaguar,xe,5,exact,XE,Passenger Car,XE P250,,2017-2021,true
2010,mitsubishi,mitsubishi,i,1,none,,,,,2012-2018,true
2024,gmc,gmc,hummer-ev-suv,2,exact,Hummer EV SUV,MPV,Hummer EV Pickup,,2022-2026,true
2007,ford,ford,expedition,7,exact,Expedition,MPV,Expedition 2WD,,1997-2026,true
2000,buick,buick,lesabre,3,exact,LeSabre,Passenger Car,LeSabre,,1990-2005,true
2003,toyota,toyota,prius,5,exact,Prius,Passenger Car,Prius,,2001-2026,true
2024,mercedes-benz,mercedesbenz,cla,12,exact,CLA-Class,Passenger Car,AMG CLA35 4matic,,2014-2026,true
2014,chevrolet,chevrolet,silverado,1,exact,Silverado,Truck,Silverado C15 2WD,,1990-2026,true
2020,land rover,landrover,range-rover,6,exact,Range Rover,MPV,Range Rover Velar,,1990-2026,true
2022,cadillac,cadillac,ct4,5,exact,CT4,Passenger Car,CT4 V,,2020-2026,true
2013,mercedes-benz,mercedesbenz,cls,3,exact,CLS-Class,Passenger Car,CLS550,,2005-2023,true
2016,mercedes-benz,mercedesbenz,cls,3,exact,CLS-Class,Passenger Car,CLS550,,2005-2023,true
2013,mercedes-benz,mercedesbenz,cls-class-amg,2,exact,CLS-Class,Passenger Car,CLS550,,2005-2023,true
2009,mercedes-benz,mercedesbenz,cls-class-amg,2,exact,CLS-Class,Passenger Car,CLS550,,2005-2023,true
2026,audi,audi,s8,1,exact,S8,Passenger Car,S8,,2001-2003 2007-2009 2013-2018 2020-2026,true
2024,audi,audi,sq8,1,exact,SQ8,MPV,SQ8,,2020-2026,true
2003,audi,audi,tt,1,exact,TT,Passenger Car,TT Roadster,,2000-2006 2008-2023,true
2021,audi,audi,a4,5,exact,A4,Passenger Car,A4 S line quattro,,1996-2025,true
2010,infiniti,infiniti,qx80,4,family,QX56,MPV,QX56 2WD,,2003-2026,true
2025,audi,audi,q7,5,exact,Q7,MPV,Q7,,2007-2015 2017-2026,true
2020,audi,audi,q7,5,exact,Q7,MPV,Q7,,2007-2015 2017-2026,true
2024,cadillac,cadillac,escalade-esv,6,exact,Escalade,MPV,Escalade V AWD,,1999-2026,true
2006,mitsubishi,mitsubishi,i,1,none,,,,,2012-2018,true
2009,jeep,jeep,wrangler,2,exact,Wrangler,MPV,Wrangler 2WD,,1990-2026,true
2012,honda,honda,cr-v,5,exact,CR-V,MPV,CR-V 2WD,,1997-2026,true
2011,mercedes-benz,mercedesbenz,e-class,14,exact,E-Class,Passenger Car,E350 Convertible,,1990-2026,true
2001,honda,honda,s2000,1,exact,S2000,Passenger Car,S2000,,2000-2009,true
2019,mercedes,mercedesbenz,cla-class,1,exact,CLA-Class,Passenger Car,CLA250 4matic,,2014-2026,true
2008,honda,honda,element,1,exact,Element,MPV,Element 2WD,,2003-2011,true
2019,jeep,jeep,wrangler,6,exact,Wrangler,MPV,Wrangler 4WD,,1990-2026,true
2016,audi,audi,s5,1,exact,S5,Passenger Car,S5,,2008-2026,true
2011,bmw,bmw,3-series,3,exact,328i,Passenger Car,328ci,,1990-2026,true
2015,hyundai,hyundai,tucson,6,exact,Tucson,MPV,Tucson 2WD,,2005-2026,true
2014,scion,scion,tc,3,exact,,,tC,,2005-2016,true
2016,scion,scion,tc,3,exact,,,tC,,2005-2016,true
2025,mercedes-benz,mercedesbenz,g-class,4,exact,G-Class,MPV,G550,,1999 2002-2026,true
2020,volvo,volvo,s90,4,exact,S90,Passenger Car,S90 AWD,,1997-1998 2017-2026,true
2015,scion,scion,fr-s,3,exact,,,FR-S,,2013-2016,true
2020,volkswagen,volkswagen,tiguan,6,exact,Tiguan,MPV,Tiguan,,2009-2026,true
2005,gmc,gmc,yukon,6,exact,Yukon,MPV,Yukon 1500 2WD,,1990-2026,true
2014,mercedes-benz,mercedesbenz,g-class,4,exact,G-Class,MPV,G550,,1999 2002-2026,true
2016,bmw,bmw,x1,3,exact,X1,MPV,X1 xDrive28i,,2012-2026,true
2019,volvo,volvo,s60,5,exact,S60,Passenger Car,S60 FWD,,2001-2009 2011-2025,true
2019,volvo,volvo,xc60,5,exact,XC60,Passenger Car,XC60 FWD,,2009-2026,true
2019,volvo,volvo,xc90,5,exact,XC90,MPV,XC90 FWD,,2003-2014 2016-2026,true
2023,mercedes-benz,mercedesbenz,g-class,4,exact,G-Class,MPV,G550,,1999 2002-2026,true
2015,dodge,dodge,challenger,6,exact,Challenger,Passenger Car,Challenger,,2008-2023,true
2004,hyundai,hyundai,sonata,7,exact,Sonata,Passenger Car,Sonata,,1990-2026,true
2017,cadillac,cadillac,escalade-esv,6,exact,Escalade,MPV,Escalade 2WD,,1999-2026,true
2012,buick,buick,lacrosse,10,exact,LaCrosse,Passenger Car,LaCrosse,,2005-2019,true
2025,jeep,jeep,wrangler,10,exact,Wrangler,MPV,Wrangler 2dr 4WD,,1990-2026,true
2017,genesis,genesis,g90,4,exact,G90,Passenger Car,G90 AWD,,2017-2026,true
2018,cadillac,cadillac,cts,6,exact,CTS,Passenger Car,CTS AWD,,2003-2019,true
2015,bmw,bmw,2-series,1,exact,228i,Passenger Car,228i,,2014-2026,true
2021,chevrolet,chevrolet,trailblazer,7,exact,Trailblazer,MPV,Trailblazer AWD,,2002-2009 2021-2026,true
2017,dodge,dodge,challenger,6,exact,Challenger,Passenger Car,Challenger,,2008-2023,true
2018,ferrari,ferrari,488-spider,1,exact,488,Passenger Car,488 GTB,,2016-2020,true
2018,bmw,bmw,m3,1,exact,M3,Passenger Car,M3,,1990-1991 1995-1999 2001-2006 2008-2013 2015-2018 2020-2026,true
2022,jaguar,jaguar,i-pace,1,exact,I-PACE,MPV,,,2019-2024,true
2021,bmw,bmw,i4,1,none,,,,,2022-2026,true
2021,buick,buick,envision-s,1,exact,Envision,MPV,Envision AWD,,2016-2026,true
2021,buick,buick,lacrosse,1,none,,,,,2005-2019,true
2019,toyota,toyota,sienna,7,exact,Sienna,MPV,Sienna 2WD,,1995-2026,true
2021,cadillac,cadillac,ct4-v,1,exact,CT4,Passenger Car,CT4,,2020-2026,true
2020,cadillac,cadillac,ct6,1,exact,CT6,Passenger Car,CT6 AWD,,2016-2020,true
2020,toyota,toyota,sienna,7,exact,Sienna,MPV,Sienna 2WD,,1995-2026,true
2004,chrysler,chrysler,crossfire,1,exact,Crossfire,Passenger Car,Crossfire,,2004-2008,true
2007,mercedes-benz,mercedesbenz,g-class-amg,2,exact,G-Class,MPV,G500,,1999 2002-2026,true
2011,mercedes-benz,mercedesbenz,g-class-amg,2,exact,G-Class,MPV,G550,,1999 2002-2026,true
2019,mercedes-benz,mercedesbenz,g-class-amg,2,exact,G-Class,MPV,G550,,1999 2002-2026,true
2024,acura,acura,integra,1,exact,Integra,Passenger Car,Integra,,1990-2001 2023-2026,true
2019,lexus,lexus,nx,6,exact,NX,MPV,NX 300,,2015-2026,true
2023,bmw,bmw,xm,1,exact,XM,MPV,XM,,2023-2026,true
2020,mercedes-benz,mercedesbenz,glb,3,exact,GLB-Class,MPV,GLB250,,2020-2026,true
2007,jeep,jeep,compass,6,exact,Compass,MPV,Compass 2WD,,2006-2026,true
2003,acura,acura,tsx,1,none,,,,,2004-2014,true
2009,acura,acura,zdx,1,none,,,,,2010-2013 2024-2026,true
2022,mercedes-benz,mercedesbenz,glb,3,exact,GLB-Class,MPV,AMG GLB35 4matic,,2020-2026,true
2022,tesla,tesla,model-x,3,exact,Model X,MPV,Model X,,2016-2026,true
2020,lexus,lexus,rc-f,2,exact,RC,Passenger Car,RC F,,2015-2025,true
2010,mercedes-benz,mercedesbenz,m-class,2,exact,M-Class,MPV,ML350,,1995-2019,true
2004,mercedes-benz,mercedesbenz,m-class-amg,2,exact,M-Class,MPV,ML350,,1995-2019,true
2013,ram,ram,1500,8,exact,1500,MPV,1500 2WD,,2013-2026,true
1993,mercedes-benz,mercedesbenz,s-class,4,family,,,300SD,,1990-2026,true
2006,scion,scion,tc,3,exact,,,tC,,2005-2016,true
2007,ford,ford,explorer,8,exact,Explorer,MPV,Explorer Sport Trac 2WD,,1991-2026,true
2026,jeep,jeep,renegade,5,none,,,,,2015-2023,true
1998,chevrolet,chevrolet,tahoe,7,exact,Tahoe,MPV,Tahoe 1500 2WD,,1995-2026,true
2013,bmw,bmw,x1,3,exact,X1,Passenger Car,X1 xDrive28i,,2012-2026,true
2026,mercedes-benz,mercedesbenz,sl-class,3,exact,SL-Class,Passenger Car,AMG SL43,,1990-2009 2011-2026,true
2024,tesla,tesla,model-y,3,exact,Model Y,MPV,Model Y Long Range AWD,,2020-2026,true
2010,mercedes-benz,mercedesbenz,sl-class,2,none,,,,,1990-2009 2011-2026,true
2023,mercedes-benz,mercedesbenz,sl-class-amg,2,exact,SL-Class,Passenger Car,AMG SL63 4matic Plus,,1990-2009 2011-2026,true
2017,land rover,landrover,range-rover,6,exact,Range Rover,MPV,Range Rover Evoque,,1990-2026,true
2016,mercedes-benz,mercedesbenz,slc-class,2,none,,,,,2017-2020,true
2012,toyota,toyota,prius-plug-in,2,exact,Prius,Passenger Car,Prius,,2001-2026,true
2023,porsche,porsche,boxster,5,exact,718 Boxster,Passenger Car,718 GT4 RS,,1997-2025,true
2020,kia,kia,sorento,7,exact,Sorento,MPV,Sorento FWD,,2001-2009 2011-2026,true
2012,mercedes-benz,mercedesbenz,slk-class-amg,2,exact,SLK-Class,Passenger Car,SLK350,,1998-2016,true
2023,volkswagen,volkswagen,gti,4,exact,Golf GTI,Passenger Car,Golf-R,,1990-2026,true
2010,kia,kia,sportage,7,exact,Sportage,MPV,Sportage 2WD,,1995-2026,true
2018,porsche,porsche,panamera,16,exact,Panamera,Passenger Car,Panamera Turbo,,2010-2026,true
2012,volvo,volvo,s60,5,exact,S60,Passenger Car,S60 AWD,,2001-2009 2011-2025,true
1995,volkswagen,volkswagen,jetta,1,exact,Jetta,Passenger Car,Jetta III,,1990-2026,true
2004,acura,acura,mdx,7,exact,MDX,MPV,MDX 4WD,,2001-2026,true
1997,acura,acura,tl,1,exact,TL,Passenger Car,2.5TL/3.2TL,,1990-2014,true
2014,bmw,bmw,m3,3,none,,,,,1990-1991 1995-1999 2001-2006 2008-2013 2015-2018 2020-2026,true
1990,acura,acura,integra,1,exact,Integra,Passenger Car,Integra,,1990-2001 2023-2026,true
2005,acura,acura,tl,6,exact,TL,Passenger Car,TL,,1990-2014,true
1990,honda,honda,accord,1,exact,Accord,Passenger Car,Accord,,1990-2026,true
2011,volvo,volvo,s60,5,exact,S60,Passenger Car,S60 AWD,,2001-2009 2011-2025,true
1994,honda,honda,passport,1,exact,Passport,MPV,Passport 2WD,,1994-2002 2019-2026,true
1996,honda,honda,prelude,1,exact,Prelude,Passenger Car,Prelude,,1990-2001 2026,true
1994,honda,honda,prelude,1,exact,Prelude,Passenger Car,Prelude,,1990-2001 2026,true
2010,land rover,landrover,range-rover,6,exact,Range Rover,MPV,Range Rover,,1990-2026,true
2014,land rover,landrover,defender,1,none,,,,,1993-1995 1997 2020-2026,true
2019,land rover,landrover,defender,1,none,,,,,1993-1995 1997 2020-2026,true
2001,hyundai,hyundai,tiburon-turbulence,2,exact,Tiburon,Passenger Car,Tiburon,,1997-2008,true
2006,porsche,porsche,cayman,1,exact,Boxster,Passenger Car,Boxster,,1997-2025,true
2011,volkswagen,volkswagen,touareg,1,exact,Touareg,MPV,Touareg,,2004-2018,true
2009,volkswagen,volkswagen,touareg,1,exact,Touareg,MPV,Touareg,,2004-2018,true
1998,infiniti,infiniti,i30,1,exact,I30,Passenger Car,I30,,1996-2001,true
2009,toyota,toyota,tundra,8,exact,Tundra,Truck,Tundra 2WD,,1995-2026,true
1996,infiniti,infiniti,q45,1,exact,Q45,Passenger Car,Q45,,1990-2007,true
1990,infiniti,infiniti,q45,1,exact,Q45,Passenger Car,Q45,,1990-2007,true
2009,volvo,volvo,s60,5,exact,S60,Passenger Car,S60 AWD,,2001-2009 2011-2025,true
1995,lexus,lexus,es300,1,exact,ES,Passenger Car,ES 300,,1990-2026,true
1996,lexus,lexus,es300,1,exact,ES,Passenger Car,ES 300,,1990-2026,true
1994,lexus,lexus,gs300,1,exact,GS,Passenger Car,GS 300,,1993-2020,true
1995,lexus,lexus,gs300,1,exact,GS,Passenger Car,GS 300,,1993-2020,true
1996,lexus,lexus,gs300,1,exact,GS,Passenger Car,GS 300,,1993-2020,true
1997,lexus,lexus,gs300,1,exact,GS,Passenger Car,GS 300,,1993-2020,true
1998,lexus,lexus,gs300,1,exact,GS,Passenger Car,GS 300/GS 400,,1993-2020,true
2008,ram,ram,3500,7,crossmake,Ram,Truck,,dodge,1990-2026,false
1997,lexus,lexus,lx450,1,exact,LX,MPV,LX 450,,1996-2026,true
2025,lexus,lexus,rc-f,2,exact,RC,Passenger Car,RC 300 AWD,,2015-2025,true
2022,lexus,lexus,rc-f,2,exact,RC,Passenger Car,RC F,,2015-2025,true
2026,audi,audi,sq6-e-tron,2,exact,SQ6,MPV,,,2025-2026,true
2015,lexus,lexus,is,5,exact,IS,Passenger Car,IS 350 AWD,,2001-2026,true
2014,volkswagen,volkswagen,gti,4,exact,GTI,Passenger Car,Golf,,1990-2026,true
2020,volkswagen,volkswagen,atlas,7,exact,Atlas,MPV,Atlas Cross Sport,,2018-2026,true
1996,mazda,mazda,b2300,1,exact,B-Series,Truck,B2300/B3000/B4000 Pickup 2WD,,1990-2010,true
2005,lexus,lexus,rx,6,exact,RX,MPV,RX 330 2WD,,1999-2026,true
2003,lexus,lexus,ls,4,exact,LS,Passenger Car,LS 430,,1990-2026,true
2007,hummer,hummer,h2,1,exact,H2,MPV,,,2003-2010,true
1994,mazda,mazda,b4000,1,exact,B-Series,Truck,B2300/B3000/B4000 Pickup 2WD,,1990-2010,true
1992,mazda,mazda,mx-6,1,exact,MX-6,Passenger Car,626/MX-6,,1990-1997,true
2009,hummer,hummer,h2,1,exact,H2,MPV,,,2003-2010,true
2006,hummer,hummer,h3,1,exact,H3,MPV,H3 4WD,,2006-2010,true
2018,acura,acura,nsx,1,exact,NSX,Passenger Car,NSX Hybrid,,1990-2005 2016-2022,true
2020,bmw,bmw,x5-m,2,exact,X5,MPV,X5 xDrive50i,,2000-2026,true
2023,bmw,bmw,x5-m,2,exact,X5,MPV,X5 sDrive40i,,2000-2026,true
2007,hummer,hummer,h3,1,exact,H3,MPV,H3 4WD,,2006-2010,true
2018,bmw,bmw,320i,2,exact,320i,Passenger Car,320i,,1990-2026,true
2012,volkswagen,volkswagen,jetta-gli,1,exact,Jetta,Passenger Car,Jetta,,1990-2026,true
2013,volkswagen,volkswagen,jetta-gli,1,exact,Jetta,Passenger Car,Jetta,,1990-2026,true
2014,volkswagen,volkswagen,jetta-gli,1,exact,Jetta,Passenger Car,Jetta,,1990-2026,true
2015,volkswagen,volkswagen,jetta-gli,1,exact,Jetta,Passenger Car,Jetta,,1990-2026,true
1993,mazda,mazda,mx-6,1,exact,MX-6,Passenger Car,MX-6,,1990-1997,true
2013,toyota,toyota,camry,7,exact,Camry,Passenger Car,Camry,,1990-2026,true
2026,mazda,mazda,cx-90,1,exact,CX-90,MPV,CX-90 4WD,,2024-2026,true
2018,bmw,bmw,540i,2,exact,540i,Passenger Car,540i,,1990-1995 1997-2026,true
2016,volvo,volvo,s90,1,none,,,,,1997-1998 2017-2026,true
2013,mazda,mazda,mazda6,5,exact,Mazda6,Passenger Car,6,,2003-2026,true
1997,chevrolet,chevrolet,malibu,5,exact,Malibu,Passenger Car,Malibu,,1997-2025,true
2015,mazda,mazda,mazda6,5,exact,Mazda6,Passenger Car,6,,2003-2026,true
2016,mazda,mazda,mazda6,5,exact,Mazda6,Passenger Car,6,,2003-2026,true
2003,mazda,mazda,mazda6,4,exact,Mazda6,Passenger Car,6,,2003-2026,true
2011,mazda,mazda,mazda6,5,exact,Mazda6,Passenger Car,6,,2003-2026,true
1999,chevrolet,chevrolet,monte-carlo,2,exact,Monte Carlo,Passenger Car,Lumina/Monte Carlo,,1995-2007,true
2010,mazda,mazda,mazda6,5,exact,Mazda6,Passenger Car,6,,2003-2026,true
1999,mazda,mazda,millenia,1,exact,Millenia,Passenger Car,Millenia,,1995-2002,true
1995,mazda,mazda,protege,1,exact,Protege,Passenger Car,Protege,,1990-2003,true
1997,mazda,mazda,protege,1,exact,Protege,Passenger Car,Protege,,1990-2003,true
1992,mazda,mazda,rx-7,1,exact,,,RX-7,,1990-1996,true
1990,mitsubishi,mitsubishi,galant,1,exact,Galant,Passenger Car,Galant,,1990-2012,true
1992,mitsubishi,mitsubishi,galant,1,exact,Galant,Passenger Car,Galant,,1990-2012,true
1993,mitsubishi,mitsubishi,galant,1,exact,Galant,Passenger Car,Galant,,1990-2012,true
1991,mitsubishi,mitsubishi,montero,1,exact,,,Montero,,1990-2006,true
1994,nissan,nissan,240sx,1,exact,240SX,Passenger Car,240SX,,1990-2001,true
1995,nissan,nissan,240sx,1,exact,240SX,Passenger Car,240SX,,1990-2001,true
1996,nissan,nissan,240sx,1,exact,240SX,Passenger Car,240SX,,1990-2001,true
1992,suzuki,suzuki,samurai,1,exact,Samurai,MPV,Samurai 2WD,,1990-1996,true
2001,lincoln,lincoln,continental,5,exact,Continental,Passenger Car,Continental,,1990-2002 2017-2020,true
1995,suzuki,suzuki,samurai,1,exact,Samurai,MPV,Samurai,,1990-1996,true
1992,nissan,nissan,300zx,1,exact,300ZX,Passenger Car,300ZX,,1990-1996,true
1997,gmc,gmc,sierra-3500hd,1,exact,Sierra,Truck,Sierra 1500 2WD,,1990-2026,true
1998,gmc,gmc,sierra-3500hd,1,exact,Sierra,Truck,Sierra 1500 2WD,,1990-2026,true
1991,gmc,gmc,sierra-3500hd,1,exact,Sierra,MPV,Sierra 1500 4WD,,1990-2026,true
2000,ford,ford,ranger,6,exact,Ranger,MPV,Ranger Pickup 2WD,,1990-2011 2019-2026,true
1993,nissan,nissan,maxima,1,exact,Maxima,Passenger Car,Maxima,,1990-2014 2016-2023,true
2019,chevrolet,chevrolet,equinox,5,exact,Equinox,MPV,Equinox FWD,,2005-2026,true
2020,chevrolet,chevrolet,equinox,5,exact,Equinox,MPV,Equinox FWD,,2005-2026,true
2021,chevrolet,chevrolet,equinox,5,exact,Equinox,MPV,Equinox FWD,,2005-2026,true
1990,ford,ford,f-350,1,exact,F-250,MPV,F250 Pickup 2WD,,1990-2026,true
2026,bmw,bmw,x7,1,exact,X7,MPV,X7 xDrive40i,,2019-2026,true
1997,nissan,nissan,quest,1,exact,Quest,MPV,Quest,,1993-2009 2011-2017,true
2016,volvo,volvo,v60,1,exact,V60,Passenger Car,V60 AWD,,2015-2026,true
1997,subaru,subaru,impreza,1,exact,Impreza,Passenger Car,Impreza AWD,,1993-2026,true
1999,dodge,dodge,grand-caravan,1,exact,Caravan/Grand Caravan,MPV,Caravan/Grand Caravan 2WD,,1990-2023,true
1995,dodge,dodge,grand-caravan,1,exact,Caravan/Grand Caravan,MPV,Caravan C/V/Grand Caravan 2WD,,1990-2023,true
2023,toyota,toyota,sienna,9,exact,Sienna,MPV,Sienna 2WD,,1995-2026,true
2024,lincoln,lincoln,corsair,1,exact,Corsair,MPV,Corsair FWD,,2020-2026,true
2022,lincoln,lincoln,nautilus,4,exact,Nautilus,MPV,Nautilus FWD,,2019-2026,true
2003,chevrolet,chevrolet,corvette,3,exact,Corvette,Passenger Car,Corvette,,1990-2026,true
1993,suzuki,suzuki,sidekick,1,exact,Sidekick,MPV,Sidekick Hardtop 2WD,,1990-1998,true
2017,lexus,lexus,lx,5,exact,LX,MPV,LX 570,,1996-2026,true
1994,suzuki,suzuki,sidekick,1,exact,Sidekick,MPV,Sidekick 2Door 2WD,,1990-1998,true
2011,jeep,jeep,cherokee,1,exact,Cherokee,MPV,,,1990-2011 2014-2023 2026,true
1996,suzuki,suzuki,sidekick,1,exact,Sidekick,MPV,Sidekick 2Door 2WD,,1990-1998,true
1997,suzuki,suzuki,sidekick,1,exact,Sidekick,MPV,Sidekick Sport 2WD,,1990-1998,true
1998,suzuki,suzuki,sidekick,1,exact,Sidekick,MPV,Sidekick 2Door RWD,,1990-1998,true
2017,nissan,nissan,sentra,4,exact,Sentra,Passenger Car,Sentra,,1990-2026,true
2016,lincoln,lincoln,navigator,4,exact,Navigator,MPV,Navigator L 2WD,,1998-2026,true
1997,suzuki,suzuki,swift,1,exact,Swift,Passenger Car,Swift,,1990-2001 2004-2008 2010-2011,true
1998,suzuki,suzuki,swift,1,exact,Swift,Passenger Car,Swift,,1990-2001 2004-2008 2010-2011,true
2019,lincoln,lincoln,mkt,1,exact,MKT,MPV,MKT Livery AWD,,2010-2019,true
1999,suzuki,suzuki,swift,1,exact,Swift,Passenger Car,,,1990-2001 2004-2008 2010-2011,true
1993,suzuki,suzuki,swift,1,exact,Swift,Passenger Car,Swift,,1990-2001 2004-2008 2010-2011,true
2006,lincoln,lincoln,mkx,1,none,,,,,2007-2018,true
2015,lotus,lotus,elise,1,none,,,,,2005-2012,true
2023,lincoln,lincoln,aviator,5,exact,Aviator,MPV,Aviator RWD,,2003-2005 2020-2026,true
2016,mercedes-benz,mercedesbenz,s-class-amg,2,exact,S-Class,Passenger Car,S550 4matic Coupe,,1990-2026,true
1998,toyota,toyota,avalon,1,exact,Avalon,Passenger Car,Avalon,,1995-2022,true
1999,toyota,toyota,avalon,1,exact,Avalon,Passenger Car,Avalon,,1995-2022,true
1997,pontiac,pontiac,firebird,1,exact,Firebird,Passenger Car,Firebird/Formula,,1990-2002,true
2008,mercedes-benz,mercedesbenz,sl-class-amg,2,exact,SL-Class,Passenger Car,SL55 AMG,,1990-2009 2011-2026,true
2011,lotus,lotus,evora,1,exact,Evora,Passenger Car,Evora,,2010-2021,true
2013,lotus,lotus,evora,1,exact,Evora,Passenger Car,Evora,,2010-2021,true
1997,toyota,toyota,celica,1,exact,Celica,Passenger Car,Celica Convertible,,1990-2006,true
2020,volvo,volvo,xc60,5,exact,XC60,MPV,XC60 FWD,,2009-2026,true
2018,nissan,nissan,370z,9,exact,370Z,Passenger Car,370Z Roadster,,2009-2022,true
2018,cadillac,cadillac,ct6,5,exact,CT6,Passenger Car,CT6 AWD,,2016-2020,true
2017,lotus,lotus,evora,1,exact,Evora,Passenger Car,Evora,,2010-2021,true
2020,lotus,lotus,evora,1,exact,Evora,Passenger Car,Evora,,2010-2021,true
2021,maserati,maserati,ghibli,1,exact,Ghibli,Passenger Car,Ghibli Trofeo,,2014-2024,true
2008,toyota,toyota,fj-cruiser,2,exact,FJ Cruiser,MPV,FJ Cruiser 2WD,,2007-2014,true
2023,maserati,maserati,ghibli,1,exact,Ghibli,Passenger Car,Ghibli Trofeo,,2014-2024,true
2010,toyota,toyota,venza,1,exact,Venza,MPV,Venza,,2009-2017 2021-2024,true
1993,toyota,toyota,celica,1,exact,Celica,Passenger Car,Celica Convertible,,1990-2006,true
1999,toyota,toyota,corolla,1,exact,Corolla,Passenger Car,Corolla,,1990-2026,true
2020,toyota,toyota,gr-supra,2,exact,Supra,Passenger Car,GR Supra,,1990-1998 2020-2026,true
2018,porsche,porsche,911,21,exact,911,Passenger Car,911 Carrera,,1990-2026,true
1996,oldsmobile,oldsmobile,cutlass,1,exact,Cutlass Supreme,Passenger Car,Cutlass Supreme,,1990-1999,true
2023,maserati,maserati,quattroporte,1,exact,Quattroporte,Passenger Car,Quattroporte Trofeo,,1990-1991 2005-2024,true
2023,toyota,toyota,highlander,14,exact,Highlander,MPV,Highlander Hybrid,,2001-2026,true
2001,mercedes-benz,mercedesbenz,sl-class,2,exact,SL-Class,Passenger Car,SL500,,1990-2009 2011-2026,true
2025,toyota,toyota,highlander,14,exact,Highlander,MPV,Highlander,,2001-2026,true
2000,toyota,toyota,land-cruiser,2,exact,Land Cruiser,MPV,Land Cruiser Wagon 4WD,,1990-2021 2024-2026,true
2013,toyota,toyota,prius-plug-in,2,exact,Prius,Passenger Car,Prius c,,2001-2026,true
2023,toyota,toyota,prius-prime,2,exact,Prius,Passenger Car,Prius,,2001-2026,true
2022,toyota,toyota,prius-prime,2,exact,Prius,Passenger Car,Prius,,2001-2026,true
1993,mazda,mazda,626,1,exact,626,Passenger Car,626,,1990-2002,true
1994,mazda,mazda,626,1,exact,626,Passenger Car,626,,1990-2002,true
1995,mazda,mazda,626,1,exact,626,Passenger Car,626,,1990-2002,true
2020,toyota,toyota,prius-prime,2,exact,Prius,Passenger Car,Prius Prime,,2001-2026,true
2017,toyota,toyota,prius-v,2,exact,Prius,Passenger Car,Prius v,,2001-2026,true
2014,toyota,toyota,prius-v,2,exact,Prius,Passenger Car,Prius v,,2001-2026,true
2016,toyota,toyota,prius-v,2,exact,Prius,Passenger Car,Prius v,,2001-2026,true
2024,ram,ram,promaster-1500,1,exact,ProMaster 1500,MPV,,,2014-2026,true
2007,mercedes-benz,mercedesbenz,slk-class-amg,2,exact,SLK-Class,Passenger Car,SLK280,,1998-2016,true
1993,toyota,toyota,supra,1,exact,Supra,Passenger Car,Supra,,1990-1998 2020-2026,true
1994,toyota,toyota,supra,1,exact,Supra,Passenger Car,Supra,,1990-1998 2020-2026,true
2021,toyota,toyota,supra,8,exact,Supra,Passenger Car,GR Supra,,1990-1998 2020-2026,true
2002,chevrolet,chevrolet,silverado-3500hd,1,exact,Silverado,Truck,Silverado 1500 2WD,,1999-2026,true
1995,toyota,toyota,supra,1,exact,Supra,Passenger Car,Supra,,1990-1998 2020-2026,true
1998,toyota,toyota,supra,1,exact,Supra,Passenger Car,Supra,,1990-1998 2020-2026,true
2020,ram,ram,promaster-1500,1,exact,ProMaster 1500,MPV,,,2014-2026,true
1999,oldsmobile,oldsmobile,intrigue,1,exact,Intrigue,Passenger Car,Intrigue,,1998-2002,true
2007,jaguar,jaguar,xj,10,exact,XJ,Passenger Car,XJ8,,1990-2019,true
1994,bmw,bmw,3-series,3,exact,325i,Passenger Car,318i Convertible,,1990-2026,true
1998,bmw,bmw,z3,1,exact,Z3,Passenger Car,M Roadster,,1996-2002,true
1998,bmw,bmw,7-series,1,exact,740i,Passenger Car,740i,,1990-2026,true
2023,audi,audi,a4,4,exact,A4,Passenger Car,A4 S-Line quattro,,1996-2025,true
1991,bmw,bmw,5-series,2,exact,535i,Passenger Car,525i,,1990-1995 1997-2026,true
2019,mazda,mazda,cx-5,8,exact,CX-5,MPV,CX-5 2WD,,2013-2026,true
2020,mazda,mazda,mx-5,1,exact,MX-5,Passenger Car,MX-5,,1990-1997 1999-2026,true
2021,mazda,mazda,mx-5,1,exact,MX-5,Passenger Car,MX-5,,1990-1997 1999-2026,true
2025,mazda,mazda,mx-30,1,none,,,,,2022-2023,true
2001,bmw,bmw,m-roadster,2,exact,Z3,Passenger Car,M Coupe,,1996-2016 2019-2026,true
2026,bmw,bmw,ix,1,exact,iX,MPV,iX xDrive45 (20 inch Wheels),,2022-2026,true
2022,toyota,toyota,highlander,14,exact,Highlander,MPV,Highlander,,2001-2026,true
2023,ford,ford,expedition,7,exact,Expedition,MPV,Expedition 2WD,,1997-2026,true
2022,volkswagen,volkswagen,jetta,6,exact,Jetta,Passenger Car,GLI,,1990-2026,true
2010,bmw,bmw,x6,3,exact,X6,MPV,X6 xDriveM,,2008-2026,true
2011,dodge,dodge,journey,1,exact,Journey,MPV,Journey FWD,,2009-2023,true
2012,toyota,toyota,land-cruiser,3,exact,Land Cruiser,MPV,,,1990-2021 2024-2026,true
2021,mercedes,mercedesbenz,cla-class,1,exact,CLA-Class,Passenger Car,AMG CLA35 4matic,,2014-2026,true
2023,cadillac,cadillac,xt4,4,exact,XT4,MPV,XT4 FWD,,2019-2025,true
1992,toyota,toyota,corolla,1,exact,Corolla,Passenger Car,Corolla,,1990-2026,true
2005,mercedes-benz,mercedesbenz,c-class,15,exact,C-Class,Passenger Car,C230 Kompressor,,1994-2026,true
2009,ford,ford,fusion,3,exact,Fusion,Passenger Car,Fusion AWD,,2006-2020,true
2014,honda,honda,fit,1,exact,Fit,Passenger Car,Fit EV,,2007-2020,true
2019,toyota,toyota,supra,1,none,,,,,1990-1998 2020-2026,true
2001,hyundai,hyundai,sonata,7,exact,Sonata,Passenger Car,Sonata,,1990-2026,true
1991,buick,buick,roadmaster,1,exact,Roadmaster,Passenger Car,Roadmaster Wagon,,1990-1996,true
2021,mercedes,mercedesbenz,amg-gt,7,exact,AMG GT,Passenger Car,AMG GT 43 4matic Plus,,2016-2026,true
1993,buick,buick,riviera,1,exact,Riviera,Passenger Car,Riviera,,1990-1993 1995-1999,true
2025,mercedes,mercedesbenz,amg-gt,7,exact,AMG GT,Passenger Car,AMG GT 43 (coupe),,2016-2026,true
2022,jeep,jeep,renegade,6,exact,Renegade,MPV,Renegade 4WD,,2015-2023,true
1992,chevrolet,chevrolet,c1500,1,exact,GMT-400,Truck,C1500 Pickup 2WD,,1990-2026,true
1993,chevrolet,chevrolet,c1500,1,exact,GMT-400,Truck,C1500 Pickup 2WD,,1990-2026,true
2020,bmw,bmw,x4,4,exact,X4,MPV,X4 M,,2015-2025,true
1997,chevrolet,chevrolet,c1500,1,exact,GMT-400,Truck,C1500 Pickup 2WD,,1990-2026,true
1998,chevrolet,chevrolet,c1500,1,exact,GMT-400,Truck,C1500 Pickup 2WD,,1990-2026,true
1993,chevrolet,chevrolet,s-10,1,exact,S-10 Pickup,Truck,S10 Pickup 2WD,,1990-2005 2019-2026,true
1995,chevrolet,chevrolet,s-10,1,exact,Blazer,MPV,S10 Pickup 2WD,,1990-2005 2019-2026,true
1992,chevrolet,chevrolet,c2500,1,exact,GMT-400,Truck,C2500 Pickup 2WD,,1990-2026,true
2004,mazda,mazda,mx-5-miata,2,exact,MX-5,Passenger Car,MX-5 Miata,,1990-1997 1999-2026,true
2015,bmw,bmw,4-series-gran-coupe,1,exact,428i,Passenger Car,428i Convertible,,2014-2026,true
2020,volvo,volvo,xc90,5,exact,XC90,MPV,XC90 FWD,,2003-2014 2016-2026,true
1995,chevrolet,chevrolet,k2500,1,exact,GMT-400,Truck,,,1990-2026,true
2002,audi,audi,tt,1,exact,TT,Passenger Car,TT Coupe quattro,,2000-2006 2008-2023,true
2012,honda,honda,pilot,7,exact,Pilot,MPV,Pilot 2WD,,2003-2026,true
2009,kia,kia,sedona,2,exact,Sedona,Passenger Car,Sedona,,2001-2026,true
2014,bmw,bmw,4-series-gran-coupe,1,exact,428i,Passenger Car,428i Coupe,,2014-2026,true
2022,toyota,toyota,rav4,16,exact,RAV4,MPV,RAV4 Prime 4WD,,1996-2026,true
2025,tesla,tesla,model-3,2,exact,Model 3,Passenger Car,Model 3 Long Range AWD,,2017-2026,true
2014,toyota,toyota,highlander,11,exact,Highlander,MPV,Highlander 2WD,,2001-2026,true
2024,mercedes,mercedesbenz,gla-class,1,exact,GLA-Class,MPV,AMG GLA35 4matic,,2015-2026,true
2019,mercedes,mercedesbenz,cls-class,1,exact,CLS-Class,Passenger Car,AMG CLS53 4matic Plus,,2005-2023,true
2010,mercedes,mercedesbenz,cls-class,1,exact,CLS-Class,Passenger Car,CLS550,,2005-2023,true
2012,audi,audi,a4,2,exact,A4,Passenger Car,A4,,1996-2025,true
2002,kia,kia,sportage,1,exact,Sportage,MPV,Sportage 2WD,,1995-2026,true
2007,ford,ford,e-350-econoline,1,exact,E-150,MPV,,,1990-2014,true
2013,bmw,bmw,2-series,1,none,,,,,2014-2026,true
2026,kia,kia,seltos,6,exact,Seltos,MPV,Seltos AWD,,2021-2026,true
2005,ford,ford,e-350-econoline,1,exact,E-150,MPV,E150 Econoline 2WD,,1990-2014,true
2016,lexus,lexus,rc,1,exact,RC,Passenger Car,RC 200t,,2015-2025,true
2020,volkswagen,volkswagen,id-4,1,none,,,,,2021-2026,true
2021,volkswagen,volkswagen,tiguan,6,exact,Tiguan,MPV,Tiguan,,2009-2026,true
1994,lexus,lexus,gs,5,exact,GS,Passenger Car,GS 300,,1993-2020,true
2017,bmw,bmw,4-series,1,exact,430i,Passenger Car,430i Convertible,,2014-2026,true
2026,jeep,jeep,gladiator,10,exact,Gladiator,Truck,Gladiator 4WD,,2020-2026,true
2020,mercedes-benz,mercedesbenz,gla,6,exact,GLA-Class,Passenger Car,GLA250,,2015-2026,true
2021,ram,ram,promaster-1500,1,exact,ProMaster 1500,MPV,,,2014-2026,true
2026,ram,ram,promaster-1500,1,exact,ProMaster 1500,Truck,,,2014-2026,true
1992,lexus,lexus,ls,4,exact,LS,Passenger Car,LS 400,,1990-2026,true
2014,ram,ram,c/v,1,exact,Cargo Van,Truck,C/V,,2012-2016,true
2023,genesis,genesis,g80,5,exact,G80,Passenger Car,G80 AWD,,2017-2026,true
2014,chevrolet,chevrolet,silverado-2500,1,exact,Silverado,Truck,Silverado C15 2WD,,1999-2026,true
2021,cadillac,cadillac,escalade-esv,6,exact,Escalade,MPV,Escalade 2WD,,1999-2026,true
2013,tesla,tesla,model-s,2,exact,Model S,Passenger Car,Model S (60 kW-hr battery pack),,2012-2026,true
2011,ford,ford,fiesta,5,exact,Fiesta,Passenger Car,Fiesta,,2011-2019,true
2013,chevrolet,chevrolet,cruze,4,exact,Cruze,Passenger Car,Cruze Eco,,2010-2019,true
1995,chrysler,chrysler,concorde,1,exact,Concorde,Passenger Car,Concorde,,1993-2004,true
2021,volvo,volvo,xc60,5,exact,XC60,MPV,XC60 FWD,,2009-2026,true
1999,lexus,lexus,gs,5,exact,GS,Passenger Car,GS 300/GS 400,,1993-2020,true
1999,lexus,lexus,is,5,none,,,,,2001-2026,true
2006,mercedes,mercedesbenz,cl-class-amg,1,exact,CL-Class,Passenger Car,CL500,,1998-2014,true
2026,kia,kia,carnival,5,exact,Carnival,MPV,Carnival,,2001-2026,true
2022,ford,ford,edge,4,exact,Edge,MPV,Edge AWD,,2007-2024,true
1991,chrysler,chrysler,voyager,1,none,,,,,1995-2005 2007-2009 2020-2026,true
1992,chrysler,chrysler,voyager,1,none,,,,,1995-2005 2007-2009 2020-2026,true
2020,audi,audi,q8,4,exact,Q8,MPV,Q8,,2019-2026,true
1993,chrysler,chrysler,voyager,1,none,,,,,1995-2005 2007-2009 2020-2026,true
2021,lincoln,lincoln,nautilus,4,exact,Nautilus,MPV,Nautilus FWD,,2019-2026,true
2000,dodge,dodge,caravan,3,exact,Caravan/Grand Caravan,Truck,Caravan/Grand Caravan 2WD,,1990-2023,true
2010,lincoln,lincoln,mkz,5,exact,MKZ,Passenger Car,MKZ AWD,,2007-2020,true
2008,chevrolet,chevrolet,corvette,3,exact,Corvette,Passenger Car,Corvette,,1990-2026,true
2020,nissan,nissan,murano,5,exact,Murano,MPV,Murano FWD,,2002-2007 2009-2026,true
2020,nissan,nissan,sentra,4,exact,Sentra,Passenger Car,Sentra,,1990-2026,true
1991,dodge,dodge,spirit,1,exact,Spirit,Passenger Car,Spirit,,1990-1995,true
1993,dodge,dodge,spirit,1,exact,Spirit,Passenger Car,Spirit,,1990-1995,true
1991,dodge,dodge,stealth,1,exact,Stealth,Passenger Car,Stealth,,1991-1996,true
1995,dodge,dodge,stealth,1,exact,Stealth,Passenger Car,Stealth,,1991-1996,true
1992,dodge,dodge,stealth,1,exact,Stealth,Passenger Car,Stealth,,1991-1996,true
1999,dodge,dodge,avenger,1,exact,Avenger,Passenger Car,Avenger,,1995-2000 2007-2014,true
2012,mercedes-benz,mercedesbenz,cls,3,exact,CLS-Class,Passenger Car,CLS550,,2005-2023,true
1998,dodge,dodge,durango,1,exact,Durango,MPV,Durango 4WD,,1995-2009 2011-2026,true
1992,mercedes-benz,mercedesbenz,s-class,4,family,,,500SEC,,1990-2026,true
1998,saab,saab,9-3,1,none,,,,,1999-2012,true
1999,saab,saab,9-5,1,exact,9-5,Passenger Car,9-5,,1999-2012,true
2018,chevrolet,chevrolet,volt,2,exact,Volt,Passenger Car,Volt,,2011-2019,true
2018,kia,kia,rio,3,exact,Rio,Passenger Car,Rio,,2001-2023,true
2018,lexus,lexus,gs450h,3,exact,GS,Passenger Car,GS 350 F Sport,,1993-2020,true
2018,volkswagen,volkswagen,passat,6,exact,Passat,Passenger Car,Passat,,1990-2022,true
2018,lexus,lexus,rc300,5,exact,RC,Passenger Car,RC F,,2015-2025,true
2018,ford,ford,fusion,12,exact,Fusion,Passenger Car,Fusion FWD,,2006-2020,true
2018,audi,audi,a6,3,exact,A6,Passenger Car,A6 quattro,,1995-2026,true
2020,buick,buick,regal,4,exact,Regal,Passenger Car,Regal,,1990-2004 2011-2020,true
1993,ford,ford,mustang,2,exact,Mustang,Passenger Car,Mustang,,1990-2026,true
2018,volvo,volvo,xc90,9,exact,XC90,Passenger Car,XC90 FWD,,2003-2014 2016-2026,true
1998,chevrolet,chevrolet,camaro,3,exact,Camaro,Passenger Car,Camaro,,1990-2002 2010-2024,true
2019,buick,buick,regal,4,exact,Regal,Passenger Car,Regal AWD,,1990-2004 2011-2020,true
2007,buick,buick,regal,1,none,,,,,1990-2004 2011-2020,true
1998,lexus,lexus,gs,5,exact,GS,Passenger Car,GS 300/GS 400,,1993-2020,true
1998,lexus,lexus,ls,4,exact,LS,Passenger Car,LS 400,,1990-2026,true
2009,ford,ford,edge,3,exact,Edge,MPV,Edge FWD,,2007-2024,true
2001,chevrolet,chevrolet,impala,4,exact,Impala,Passenger Car,Impala,,1994-1996 2000-2020,true
1997,lexus,lexus,es,5,exact,ES,Passenger Car,ES 300,,1990-2026,true
2018,ferrari,ferrari,812-superfast,1,exact,812,Passenger Car,812 Superfast,,2017-2024,true
1996,hyundai,hyundai,elantra,1,exact,Elantra,Passenger Car,Elantra,,1992-2026,true
2001,mitsubishi,mitsubishi,mirage,1,exact,Mirage,Passenger Car,Mirage,,1990-2002 2014-2024,true
2023,fiat,fiat,500,1,exact,,,500X AWD,,2012-2026,true
2009,buick,buick,regal,1,none,,,,,1990-2004 2011-2020,true
2018,jaguar,jaguar,f-type,5,exact,F-TYPE,Passenger Car,F-Type Coupe,,2014-2024,true
2010,mercedes-benz,mercedesbenz,e-class,14,exact,E-Class,Passenger Car,E550 Coupe,,1990-2026,true
1993,lexus,lexus,gs300,1,exact,GS,Passenger Car,GS300,,1993-2020,true
2001,audi,audi,allroad,1,exact,allroad,Passenger Car,Allroad,,1995-2026,true
2010,nissan,nissan,armada,5,exact,Armada,MPV,Armada 2WD,,2002-2015 2017-2026,true
1991,porsche,porsche,944,1,exact,944,Passenger Car,944 S2,,1990-1991,true
1993,porsche,porsche,968,1,exact,968,Passenger Car,968,,1992-1995,true
1995,saab,saab,9000,1,exact,9000,Passenger Car,9000,,1990-1998,true
2022,audi,audi,s4,4,exact,S4,Passenger Car,S4,,1992-1994 2000-2002 2004-2016 2018-2025,true
2025,audi,audi,s4,4,exact,S4,Passenger Car,S4,,1992-1994 2000-2002 2004-2016 2018-2025,true
2021,audi,audi,s8,1,exact,S8,Passenger Car,S8,,2001-2003 2007-2009 2013-2018 2020-2026,true
2006,audi,audi,s4,2,exact,S4,Passenger Car,S4 Cabriolet,,1992-1994 2000-2002 2004-2016 2018-2025,true
2024,bentley,bentley,continental-gt,1,exact,Continental,Passenger Car,Continental GTC,,1990-2026,true
2026,bentley,bentley,continental-gt,1,exact,Continental,Passenger Car,Continental GT,,1990-2026,true
2012,lexus,lexus,gx,6,exact,GX,MPV,GX 460,,2003-2026,true
1992,buick,buick,century,1,exact,Century,Passenger Car,Century,,1990-2005,true
2010,subaru,subaru,outback,7,exact,Outback,MPV,Legacy AWD,,1990-2026,true
2014,jaguar,jaguar,f-type,1,exact,F-TYPE,Passenger Car,F-Type V8 S Convertible,,2014-2024,true
2005,subaru,subaru,impreza,5,exact,Impreza,Passenger Car,Impreza AWD,,1993-2026,true
1995,buick,buick,century,1,exact,Century,Passenger Car,Century,,1990-2005,true
1996,buick,buick,century,1,exact,Century,Passenger Car,Century,,1990-2005,true
1997,bmw,bmw,m3,1,exact,M3,Passenger Car,M3,,1990-1991 1995-1999 2001-2006 2008-2013 2015-2018 2020-2026,true
1998,bmw,bmw,m3,1,exact,M3,Passenger Car,M3 Convertible,,1990-1991 1995-1999 2001-2006 2008-2013 2015-2018 2020-2026,true
2009,lincoln,lincoln,mkz,5,exact,MKZ,Passenger Car,MKZ AWD,,2007-2020,true
2026,mazda,mazda,cx-30,1,exact,CX-30,MPV,CX-30 4WD,,2020-2026,true
2024,genesis,genesis,g70,4,exact,G70,Passenger Car,G70 AWD,,2019-2026,true
2024,dodge,dodge,hornet,1,exact,Hornet,MPV,Hornet AWD,,2023-2025,true
2025,tesla,tesla,model-s,2,exact,Model S,Passenger Car,Model S Plaid (19in wheels),,2012-2026,true
2026,bmw,bmw,x3,1,exact,X3,MPV,X3 xDrive30,,2004-2026,true
1996,subaru,subaru,impreza,1,exact,Impreza,Passenger Car,Impreza,,1993-2026,true
2026,audi,audi,q5,6,exact,Q5,MPV,Q5 TFSI quattro,,2009-2026,true
1993,subaru,subaru,legacy,1,exact,Legacy,Passenger Car,Legacy AWD Turbo,,1990-2026,true
2016,bmw,bmw,m4,4,exact,M4,Passenger Car,M4 Convertible,,2015-2026,true
2016,tesla,tesla,model-x,2,exact,Model X,Passenger Car,Model X AWD - 90D,,2016-2026,true
2011,audi,audi,a3,1,exact,A3,Passenger Car,A3,,2006-2013 2015-2020 2022-2026,true
2019,kia,kia,sorento,7,exact,Sorento,MPV,Sorento FWD,,2001-2009 2011-2026,true
2026,nissan,nissan,pathfinder,5,exact,Pathfinder,MPV,Pathfinder 2WD,,1990-2026,true
2017,chevrolet,chevrolet,caprice,1,exact,Caprice Police Vehicle,Passenger Car,,,1990-1996 2011-2017,true
2010,ford,ford,f-250,5,exact,F-250,Truck,,,1990-2026,true
2025,dodge,dodge,charger,3,exact,Charger,Passenger Car,Charger Daytona R/T AWD 255/45R20,,2006-2026,true
2026,dodge,dodge,charger,3,exact,Charger,Passenger Car,Charger Daytona R/T AWD 305/35ZR20,,2006-2026,true
2011,dodge,dodge,charger,5,exact,Charger,Passenger Car,Charger,,2006-2026,true
1994,audi,audi,s4,1,exact,S4,Passenger Car,S4,,1992-1994 2000-2002 2004-2016 2018-2025,true
2025,bmw,bmw,z4,3,exact,Z4,Passenger Car,Z4 sDrive30i,,1998-2001 2003-2016 2019-2026,true
2016,ferrari,ferrari,488,1,exact,488,Passenger Car,488 GTB,,2016-2020,true
2023,ferrari,ferrari,roma,1,exact,Roma,Passenger Car,Roma,,2021-2026,true
2024,ferrari,ferrari,roma,1,exact,Roma,Passenger Car,Roma,,2021-2026,true
2013,lexus,lexus,gx,6,exact,GX,MPV,GX 460,,2003-2026,true
1998,buick,buick,century,1,exact,Century,Passenger Car,Century,,1990-2005,true
1999,buick,buick,century,1,exact,Century,Passenger Car,Century,,1990-2005,true
2006,ford,ford,f-350,4,exact,F-250,Truck,,,1990-2026,true
2008,ford,ford,fusion,3,exact,Fusion,Passenger Car,Fusion,,2006-2020,true
2022,kia,kia,telluride,9,exact,Telluride,MPV,Telluride FWD,,2020-2026,true
2005,ford,ford,focus,3,exact,Focus,Passenger Car,Focus,,2000-2018,true
2026,genesis,genesis,g80,5,exact,G80,Passenger Car,G80 AWD,,2017-2026,true
2015,ford,ford,ranger,1,none,,,,,1990-2011 2019-2026,true
2023,ford,ford,focus,1,none,,,,,2000-2018,true
2013,nissan,nissan,gt-r,6,exact,GT-R,Passenger Car,GT-R,,2009-2024,true
2016,nissan,nissan,gt-r,6,exact,GT-R,Passenger Car,GT-R,,2009-2024,true
1994,bmw,bmw,m5,1,none,,,,,1991-1993 2000-2003 2006-2010 2013-2023 2025-2026,true
2023,lexus,lexus,lc,1,exact,LC,Passenger Car,LC 500 Convertible,,2018-2026,true
2001,bmw,bmw,m5,1,exact,M5,Passenger Car,M5,,1991-1993 2000-2003 2006-2010 2013-2023 2025-2026,true
2023,audi,audi,e-tron-s,1,exact,e-tron,MPV,e-tron quattro,,2019-2025,true
2007,pontiac,pontiac,g6,1,exact,G6,Passenger Car,G6,,2005-2010,true
2013,ford,ford,mustang,2,exact,Mustang,Passenger Car,Mustang,,1990-2026,true
2012,ford,ford,mustang,2,exact,Mustang,Passenger Car,Mustang,,1990-2026,true
2011,ford,ford,mustang,2,exact,Mustang,Passenger Car,Mustang,,1990-2026,true
2005,mazda,mazda,mazda6,4,exact,Mazda6,Passenger Car,6,,2003-2026,true
2000,ford,ford,f-150,5,exact,F-150,MPV,F150 Pickup 2WD,,1990-2026,true
2011,lexus,lexus,es,5,exact,ES,Passenger Car,ES 350,,1990-2026,true
2021,infiniti,infiniti,q60,5,exact,Q60,Passenger Car,Q60,,2014-2015 2017-2022,true
2012,infiniti,infiniti,qx50,6,family,EX35,Passenger Car,EX35,,2008-2017 2019-2025,true
2005,audi,audi,a3,3,none,,,,,2006-2013 2015-2020 2022-2026,true
2010,chevrolet,chevrolet,avalanche,1,exact,Avalanche,MPV,Avalanche 1500 2WD,,2002-2013,true
2023,volkswagen,volkswagen,atlas-cross-sport,1,exact,Atlas,MPV,Atlas,,2018-2026,true
2021,porsche,porsche,boxster,5,exact,718 Boxster,Passenger Car,718 Boxster,,1997-2025,true
2015,ford,ford,fiesta,6,exact,Fiesta,Passenger Car,Fiesta FWD,,2011-2019,true
2021,kia,kia,forte,5,exact,Forte,Passenger Car,Forte,,2010-2024,true
2015,jeep,jeep,compass,6,exact,Compass,MPV,Compass FWD,,2006-2026,true
2020,lincoln,lincoln,aviator,5,exact,Aviator,MPV,Aviator RWD,,2003-2005 2020-2026,true
2022,lexus,lexus,nx,6,exact,NX,MPV,NX 250,,2015-2026,true
2018,jaguar,jaguar,xe,22,exact,XE,Passenger Car,XE AWD,,2017-2021,true
2010,lexus,lexus,es,5,exact,ES,Passenger Car,ES 350,,1990-2026,true
2014,jeep,jeep,cherokee,1,exact,Cherokee,MPV,Cherokee FWD,,1990-2011 2014-2023 2026,true
2014,jeep,jeep,compass,6,exact,Compass,MPV,Compass FWD,,2006-2026,true
2010,ford,ford,fiesta,1,none,,,,,2011-2019,true
2023,lexus,lexus,es,5,exact,ES,Passenger Car,ES 250 AWD,,1990-2026,true
2014,nissan,nissan,rogue,5,exact,Rogue,MPV,Rogue FWD,,2008-2026,true
2012,lexus,lexus,is,5,exact,IS,Passenger Car,IS 350 AWD,,2001-2026,true
2025,lexus,lexus,ls,4,exact,LS,Passenger Car,LS 500h AWD,,1990-2026,true
2022,lexus,lexus,es,5,exact,ES,Passenger Car,ES 350,,1990-2026,true
2016,lexus,lexus,gs,5,exact,GS,Passenger Car,GS F,,1993-2020,true
2000,lexus,lexus,rx,6,exact,RX,MPV,RX 300,,1999-2026,true
2013,scion,scion,fr-s,3,exact,,,FR-S,,2013-2016,true
2013,lincoln,lincoln,mkz,5,exact,MKZ,Passenger Car,MKZ FWD,,2007-2020,true
2015,lincoln,lincoln,mkz,5,exact,MKZ,Passenger Car,MKZ AWD,,2007-2020,true
2010,bmw,bmw,m5,2,exact,M5,Passenger Car,M5,,1991-1993 2000-2003 2006-2010 2013-2023 2025-2026,true
2013,lincoln,lincoln,mkx,5,exact,MKX,MPV,MKX FWD,,2007-2018,true
2020,lincoln,lincoln,continental,5,exact,Continental,Passenger Car,Continental  AWD,,1990-2002 2017-2020,true
2001,dodge,dodge,intrepid,3,exact,Intrepid,Passenger Car,Intrepid,,1993-2004,true
2021,audi,audi,sq8,1,exact,SQ8,MPV,SQ8,,2020-2026,true
2026,cadillac,cadillac,ct4-v,1,exact,CT4,Passenger Car,CT4,,2020-2026,true
2006,mitsubishi,mitsubishi,maven,1,none,,,,,,true
2026,mitsubishi,mitsubishi,mirage,1,none,,,,,1990-2002 2014-2024,true
2003,audi,audi,rs6,1,exact,RS 6,Passenger Car,RS6,,2003-2004 2021-2026,true
2023,lotus,lotus,emira,1,none,,,,,2024-2026,true
2025,lotus,lotus,emira,1,exact,Emira,Passenger Car,Emira,,2024-2026,true
2005,nissan,nissan,titan,11,exact,Titan,Truck,Titan 2WD,,2002-2024,true
2014,lotus,lotus,evora,1,exact,Evora,Passenger Car,Evora,,2010-2021,true
2021,lotus,lotus,evora,1,exact,Evora,Passenger Car,Evora GT,,2010-2021,true
2022,lotus,lotus,emira,1,none,,,,,2024-2026,true
2024,lotus,lotus,emira,1,exact,Emira,Passenger Car,Emira,,2024-2026,true
2026,lotus,lotus,emira,1,exact,Emira,Passenger Car,Emira,,2024-2026,true
2010,lotus,lotus,evora,1,exact,Evora,Passenger Car,Evora,,2010-2021,true
2012,lotus,lotus,evora,1,exact,Evora,Passenger Car,Evora,,2010-2021,true
2020,nissan,nissan,titan-xd,4,exact,Titan,Truck,Titan 2WD,,2002-2024,true
2008,maserati,maserati,granturismo,1,exact,Granturismo,Passenger Car,GranTurismo,,2008-2026,true
2014,maserati,maserati,granturismo,1,exact,Granturismo,Passenger Car,GranTurismo,,2008-2026,true
2017,maserati,maserati,granturismo,1,exact,Granturismo,Passenger Car,GranTurismo,,2008-2026,true
2019,maserati,maserati,granturismo,1,exact,Granturismo,Passenger Car,GranTurismo Convertible,,2008-2026,true
2016,maserati,maserati,quattroporte,1,exact,Quattroporte,Passenger Car,Quattroporte GTS,,1990-1991 2005-2024,true
2020,maserati,maserati,quattroporte,1,exact,Quattroporte,Passenger Car,Quattroporte GTS,,1990-1991 2005-2024,true
2014,mazda,mazda,cx-5,3,exact,CX-5,MPV,CX-5 2WD,,2013-2026,true
2016,mazda,mazda,cx-9,5,exact,CX-9,MPV,CX-9 2WD,,2007-2023,true
2017,mazda,mazda,cx-9,5,exact,CX-9,MPV,CX-9 2WD,,2007-2023,true
2017,nissan,nissan,370z,3,exact,370Z,Passenger Car,370Z,,2009-2022,true
2019,mazda,mazda,mx-5,1,exact,MX-5,Passenger Car,MX-5,,1990-1997 1999-2026,true
2012,ford,ford,flex,1,exact,Flex,MPV,Flex FWD,,2009-2019,true
1990,suzuki,suzuki,samurai,1,exact,Samurai,MPV,Samurai Hardtop,,1990-1996,true
2019,mercedes,mercedesbenz,glc,14,exact,GLC-Class,MPV,GLC300,,2016-2026,true
2024,volkswagen,volkswagen,atlas-cross-sport,1,exact,Atlas,MPV,Atlas,,2018-2026,true
2021,mercedes,mercedesbenz,glc,14,exact,GLC-Class,MPV,GLC300,,2016-2026,true
2021,mercedes,mercedesbenz,gle,19,exact,GLE-Class,MPV,AMG GLE53 4matic Plus,,2016-2026,true
2026,tesla,tesla,model-y,2,exact,Model Y,MPV,Model Y Long Range RWD,,2020-2026,true
2025,mercedes,mercedesbenz,gls,8,exact,GLS-Class,MPV,AMG GLS63 4matic Plus,,2006-2026,true
2017,mercedes,mercedesbenz,cla,9,exact,CLA-Class,Passenger Car,AMG CLA45 4matic,,2014-2026,true
2018,lexus,lexus,rc350,5,exact,RC,Passenger Car,RC F,,2015-2025,true
2012,mercedes,mercedesbenz,sl-class,2,exact,SL-Class,Passenger Car,SL550,,1990-2009 2011-2026,true
2022,lincoln,lincoln,corsair,1,exact,Corsair,MPV,Corsair FWD,,2020-2026,true
2003,volkswagen,volkswagen,passat,5,exact,Passat,Passenger Car,Passat 4motion,,1990-2022,true
2022,buick,buick,regal,1,none,,,,,1990-2004 2011-2020,true
2002,kia,kia,optima,2,exact,Optima,Passenger Car,Optima,,2001-2020,true
2004,kia,kia,optima,2,exact,Optima,Passenger Car,Optima,,2001-2020,true
2008,jaguar,jaguar,s-type,1,exact,S-Type,Passenger Car,S-Type 3.0 Litre,,2000-2008,true
2011,audi,audi,s5,1,exact,S5,Passenger Car,S5,,2008-2026,true
2010,kia,kia,optima,2,exact,Optima,Passenger Car,Optima,,2001-2020,true
2011,kia,kia,optima,2,exact,Optima,Passenger Car,Optima,,2001-2020,true
2016,chrysler,chrysler,town-and-country,2,exact,Town and Country,MPV,Town and Country,,1990-2016,true
2000,ford,ford,focus,3,exact,Focus,Passenger Car,Focus,,2000-2018,true
2006,lincoln,lincoln,ls,1,exact,LS,Passenger Car,LS,,2000-2006,true
2020,mercedes,mercedesbenz,cla-class,1,exact,CLA-Class,Passenger Car,CLA250 4matic,,2014-2026,true
2023,rolls-royce,rollsroyce,cullinan,1,exact,Cullinan,MPV,Cullinan,,2019-2026,true
2007,audi,audi,a5,1,none,,,,,2008-2026,true
2022,cadillac,cadillac,escalade,6,exact,Escalade,MPV,Escalade 2WD,,1999-2026,true
2015,ford,ford,focus,4,exact,Focus,Passenger Car,Focus FWD,,2000-2018,true
2026,ford,ford,ranger,6,exact,Ranger,Truck,Ranger 2WD,,1990-2011 2019-2026,true
2007,chevrolet,chevrolet,malibu,5,exact,Malibu,Passenger Car,Malibu,,1997-2025,true
2021,mercedes,mercedesbenz,gls,8,exact,GLS-Class,MPV,AMG GLS63 4matic Plus,,2006-2026,true
2023,mercedes,mercedesbenz,gls,8,exact,GLS-Class,MPV,GLS450 4matic,,2006-2026,true
2019,mercedes,mercedesbenz,slc-class,2,exact,SLC-Class,Passenger Car,SLC300,,2017-2020,true
2016,mercedes,mercedesbenz,amg-gt,7,exact,AMG GT,Passenger Car,AMG GT S,,2016-2026,true
2017,mercedes,mercedesbenz,amg-gt,7,exact,AMG GT,Passenger Car,AMG GT S,,2016-2026,true
2019,mercedes,mercedesbenz,amg-gt,7,exact,AMG GT,Passenger Car,AMG GT R Coupe,,2016-2026,true
2004,hyundai,hyundai,tucson,1,none,,,,,2005-2026,true
2006,kia,kia,sorento,2,exact,Sorento,Passenger Car,Sorento 2WD,,2001-2009 2011-2026,true
2012,chrysler,chrysler,town-and-country,2,exact,Town and Country,MPV,Town and Country,,1990-2016,true
2001,hyundai,hyundai,xg300,1,exact,XG300,Passenger Car,XG300,,2001-2005,true
1993,dodge,dodge,dakota,1,exact,Dakota,Truck,Dakota Pickup 2WD,,1990-2012,true
2012,lincoln,lincoln,mkx,5,exact,MKX,MPV,MKX FWD,,2007-2018,true
1992,bmw,bmw,m5,1,exact,M5,Passenger Car,M5,,1991-1993 2000-2003 2006-2010 2013-2023 2025-2026,true
2016,mercedes,mercedesbenz,s-class,15,exact,S-Class,Passenger Car,S550 4matic Coupe,,1990-2026,true
1993,dodge,dodge,viper,1,exact,Viper,Passenger Car,Viper,,1992-2006 2008-2010 2013-2017,true
2014,lincoln,lincoln,mkx,5,exact,MKX,MPV,MKX FWD,,2007-2018,true
1997,dodge,dodge,viper,1,exact,Viper,Passenger Car,,,1992-2006 2008-2010 2013-2017,true
2009,hyundai,hyundai,veracruz,1,exact,Veracruz,MPV,Veracruz 4WD,,2007-2013,true
2016,lincoln,lincoln,mkx,5,exact,MKX,MPV,MKX FWD,,2007-2018,true
1998,dodge,dodge,viper,1,exact,Viper,Passenger Car,Viper Convertible,,1992-2006 2008-2010 2013-2017,true
2019,kia,kia,optima,2,exact,Optima,Passenger Car,Optima,,2001-2020,true
2013,mazda,mazda,mazda3,2,exact,Mazda3,Passenger Car,3 DI 4-Door,,2003-2026,true
2013,chrysler,chrysler,town-and-country,2,exact,Town and Country,MPV,Town and Country,,1990-2016,true
2006,ford,ford,fusion,3,exact,Fusion,Passenger Car,Fusion,,2006-2020,true
2021,rolls-royce,rollsroyce,ghost,1,exact,Ghost,Passenger Car,Ghost,,2010-2026,true
1990,suzuki,suzuki,sidekick,1,exact,Sidekick,MPV,Sidekick 2WD,,1990-1998,true
2002,mercedes,mercedesbenz,s-class,7,exact,S-Class,Passenger Car,S430,,1990-2026,true
2016,chevrolet,chevrolet,spark,1,exact,Spark,Passenger Car,Spark EV,,2008 2011-2022,true
2020,hyundai,hyundai,ioniq,5,exact,Ioniq,Passenger Car,Ioniq,,2017-2026,true
2007,lincoln,lincoln,mkz,5,exact,MKZ,Passenger Car,MKZ AWD,,2007-2020,true
2019,honda,honda,fit,1,exact,Fit,Passenger Car,Fit,,2007-2020,true
2021,mercedes-benz,mercedesbenz,g-class,4,exact,G-Class,MPV,AMG G63,,1999 2002-2026,true
2001,mercedes,mercedesbenz,sl-class-amg,1,exact,SL-Class,Passenger Car,SL500,,1990-2009 2011-2026,true
2002,mercedes,mercedesbenz,sl-class-amg,1,exact,SL-Class,Passenger Car,SL500,,1990-2009 2011-2026,true
2024,mazda,mazda,mx-5-miata,5,exact,MX-5,Passenger Car,MX-5,,1990-1997 1999-2026,true
2013,mercedes,mercedesbenz,m-class,2,family,ML-Class,MPV,ML350 4matic,,1995-2019,true
2008,mercedes,mercedesbenz,cl-class-amg,1,exact,CL-Class,Passenger Car,CL63 AMG,,1998-2014,true
2013,mercedes,mercedesbenz,cl-class-amg,1,exact,CL-Class,Passenger Car,CL550 4matic,,1998-2014,true
2009,pontiac,pontiac,g6,1,exact,G6,Passenger Car,G6,,2005-2010,true
2014,mercedes,mercedesbenz,cl-class-amg,1,exact,CL-Class,Passenger Car,CL550 4matic,,1998-2014,true
2008,mercedes,mercedesbenz,glk-class,1,none,,,,,2010-2020,true
2009,mercedes,mercedesbenz,glk-class,1,none,,,,,2010-2020,true
2011,mercedes,mercedesbenz,glk-class,1,exact,GLK-Class,MPV,GLK350,,2010-2020,true
2013,mercedes,mercedesbenz,glk-class,1,exact,GLK-Class,MPV,GLK350,,2010-2020,true
2015,mercedes,mercedesbenz,glk-class,1,exact,GLK-Class,MPV,GLK350,,2010-2020,true
2021,mercedes,mercedesbenz,gle-class-coupe,1,exact,GLE-Class,MPV,AMG GLE53 4matic Plus,,2016-2026,true
2022,mercedes,mercedesbenz,gle-class-coupe,1,exact,GLE-Class,MPV,GLE350,,2016-2026,true
2019,bmw,bmw,m5,4,exact,M5,Passenger Car,M5,,1991-1993 2000-2003 2006-2010 2013-2023 2025-2026,true
2013,mercedes,mercedesbenz,gla-class,1,none,,,,,2015-2026,true
2026,mercedes,mercedesbenz,cla-class-amg,1,exact,CLA-Class,Passenger Car,AMG CLA45 S 4matic,,2014-2026,true
2014,mercedes,mercedesbenz,cla-class-amg,1,exact,CLA-Class,Passenger Car,CLA250,,2014-2026,true
2005,mercedes,mercedesbenz,m-class,1,exact,M-Class,MPV,ML350,,1995-2019,true
2023,lucid,lucid,air,4,exact,Air,Passenger Car,Air G Touring XR AWD with 19 inch wheels,,2022-2026,true
2023,mercedes,mercedesbenz,cla-class-amg,1,exact,CLA-Class,Passenger Car,CLA250 4matic,,2014-2026,true
2021,maserati,maserati,granturismo,3,exact,Granturismo,Passenger Car,,,2008-2026,true
2016,mercedes,mercedesbenz,a-class-amg,1,none,,,,,2019-2022,true
2022,mercedes,mercedesbenz,a-class-amg,1,exact,A-Class,Passenger Car,A220 4matic,,2019-2022,true
2023,mercedes,mercedesbenz,a-class-amg,1,none,,,,,2019-2022,true
2024,mercedes,mercedesbenz,a-class-amg,1,none,,,,,2019-2022,true
2025,mercedes,mercedesbenz,a-class-amg,1,none,,,,,2019-2022,true
2026,mercedes,mercedesbenz,a-class-amg,1,none,,,,,2019-2022,true
2019,mercedes,mercedesbenz,c-class-amg,1,exact,C-Class,Passenger Car,C300 Coupe,,1994-2026,true
2024,mercedes,mercedesbenz,c-class-amg,1,exact,C-Class,Passenger Car,C300,,1994-2026,true
2014,mercedes,mercedesbenz,cl-class,1,exact,CL-Class,Passenger Car,CL550 4matic,,1998-2014,true
2003,mercedes,mercedesbenz,cl-class,1,exact,CL-Class,Passenger Car,CL500,,1998-2014,true
2006,mercedes,mercedesbenz,cl-class,1,exact,CL-Class,Passenger Car,CL500,,1998-2014,true
2008,mercedes,mercedesbenz,cl-class,1,exact,CL-Class,Passenger Car,CL63 AMG,,1998-2014,true
1994,lexus,lexus,ls,4,exact,LS,Passenger Car,LS 400,,1990-2026,true
2011,mercedes,mercedesbenz,cl-class,1,exact,CL-Class,Passenger Car,CL550 4matic,,1998-2014,true
2024,mercedes,mercedesbenz,cla-class-amg,1,exact,CLA-Class,Passenger Car,AMG CLA35 4matic,,2014-2026,true
2021,mercedes,mercedesbenz,eqa,1,none,,,,,,true
2024,mercedes,mercedesbenz,eqa,1,none,,,,,,true
2026,mercedes,mercedesbenz,eqa,1,none,,,,,,true
2012,mercedes,mercedesbenz,g-class,2,exact,G-Class,MPV,G550,,1999 2002-2026,true
2020,ford,ford,focus,1,none,,,,,2000-2018,true
2026,mercedes,mercedesbenz,gla-class,1,exact,GLA-Class,MPV,AMG GLA35 4matic,,2015-2026,true
2016,mercedes,mercedesbenz,gla-class,1,exact,GLA-Class,Passenger Car,GLA250 4matic,,2015-2026,true
2021,mercedes,mercedesbenz,gla-class,1,exact,GLA-Class,MPV,GLA250,,2015-2026,true
2014,mercedes,mercedesbenz,gla-class-amg,1,none,,,,,2015-2026,true
2016,mercedes,mercedesbenz,gla-class-amg,1,exact,GLA-Class,Passenger Car,GLA250 4matic,,2015-2026,true
2020,mercedes,mercedesbenz,gla-class-amg,1,exact,GLA-Class,Passenger Car,GLA250,,2015-2026,true
2019,mercedes,mercedesbenz,glb-class,1,none,,,,,2020-2026,true
2021,mercedes,mercedesbenz,glb-class,1,exact,GLB-Class,MPV,GLB250,,2020-2026,true
2023,mercedes,mercedesbenz,glb-class,1,exact,GLB-Class,MPV,GLB250 4matic,,2020-2026,true
2026,mercedes,mercedesbenz,glb-class,1,exact,GLB-Class,MPV,AMG GLB35 4matic,,2020-2026,true
2024,mercedes,mercedesbenz,glc-class-coupe,1,exact,GLC-Class,MPV,GLC300,,2016-2026,true
2017,mercedes,mercedesbenz,gle-class-coupe,1,exact,GLE-Class,MPV,GLE350,,2016-2026,true
2020,mercedes,mercedesbenz,gle-class-coupe,1,exact,GLE-Class,MPV,GLE350 4matic,,2016-2026,true
2023,mercedes,mercedesbenz,gle-class-coupe,1,exact,GLE-Class,MPV,GLE450 4matic,,2016-2026,true
2015,mercedes,mercedesbenz,m-class,2,family,ML-Class,MPV,ML350 4matic,,1995-2019,true
2004,infiniti,infiniti,qx80,4,family,QX56,MPV,QX56 2WD,,2003-2026,true
2017,nissan,nissan,altima,6,exact,Altima,Passenger Car,Altima SR,,1993-2026,true
2014,mercedes,mercedesbenz,glk-class,1,exact,GLK-Class,MPV,GLK350,,2010-2020,true
2003,mercedes,mercedesbenz,m-class,1,exact,M-Class,MPV,ML320,,1995-2019,true
2020,mercedes,mercedesbenz,slc-class,2,exact,SLC-Class,Passenger Car,AMG SLC43,,2017-2020,true
2008,mercedes,mercedesbenz,sl-class,2,exact,SL-Class,Passenger Car,SL55 AMG,,1990-2009 2011-2026,true
2011,mercedes,mercedesbenz,sl-class,2,exact,SL-Class,Passenger Car,SL550,,1990-2009 2011-2026,true
2019,mercedes,mercedesbenz,sl-class,6,exact,SL-Class,Passenger Car,SL450,,1990-2009 2011-2026,true
2022,ford,ford,maverick,1,exact,Maverick,Truck,Maverick FWD,,2022-2026,true
2023,rolls-royce,rollsroyce,ghost,1,exact,Ghost,Passenger Car,Ghost,,2010-2026,true
2006,mercury,mercury,milan,1,exact,Milan,Passenger Car,Milan,,2006-2011,true
2023,gmc,gmc,terrain,6,exact,Terrain,MPV,Terrain FWD,,2009-2026,true
2013,porsche,porsche,911,8,exact,911,Passenger Car,911 Carrera,,1990-2026,true
2014,mazda,mazda,mx-5-miata,2,exact,MX-5,Passenger Car,MX-5,,1990-1997 1999-2026,true
2012,honda,honda,fit,2,exact,Fit,Passenger Car,Fit,,2007-2020,true
2004,toyota,toyota,land-cruiser,2,exact,Land Cruiser,MPV,Land Cruiser Wagon 4WD,,1990-2021 2024-2026,true
2002,oldsmobile,oldsmobile,intrigue,1,exact,Intrigue,Passenger Car,Intrigue,,1998-2002,true
2016,audi,audi,a6,4,exact,A6,Passenger Car,A6 quattro,,1995-2026,true
2005,kia,kia,sorento,2,exact,Sorento,Passenger Car,Sorento 2WD,,2001-2009 2011-2026,true
1997,oldsmobile,oldsmobile,88,1,exact,Eighty Eight (88),Passenger Car,Eighty-Eight/Regency,,1990-1999,true
1998,oldsmobile,oldsmobile,88,1,exact,Eighty Eight (88),Passenger Car,Eighty-Eight/Regency/LSS,,1990-1999,true
1999,oldsmobile,oldsmobile,88,1,exact,Eighty Eight (88),Passenger Car,Eighty-Eight/Regency,,1990-1999,true
2026,nissan,nissan,altima,6,exact,Altima,Passenger Car,Altima,,1993-2026,true
2004,nissan,nissan,altima,6,exact,Altima,Passenger Car,Altima,,1993-2026,true
2001,nissan,nissan,sentra,4,exact,Sentra,Passenger Car,Sentra,,1990-2026,true
2021,audi,audi,q8,1,exact,Q8,MPV,Q8,,2019-2026,true
2024,ford,ford,bronco,7,exact,Bronco,MPV,Bronco 4WD,,1990-1996 2021-2026,true
2023,ford,ford,mustang-mach-e,2,exact,Mustang Mach-E,MPV,Mustang Mach-E AWD,,2021-2026,true
2022,nissan,nissan,versa,4,exact,Versa,Passenger Car,Versa,,2007-2025,true
1997,saturn,saturn,sc,1,exact,SC1,Passenger Car,SC,,1991-2002,true
2009,honda,honda,ridgeline,6,exact,Ridgeline,Truck,Ridgeline Truck 4WD,,2006-2026,true
1999,buick,buick,riviera,1,exact,Riviera,Passenger Car,Riviera,,1990-1993 1995-1999,true
1995,oldsmobile,oldsmobile,bravada,1,exact,Bravada,MPV,,,1991-2004,true
1993,oldsmobile,oldsmobile,88,1,exact,Eighty Eight (88),Passenger Car,Eighty-Eight,,1990-1999,true
1994,oldsmobile,oldsmobile,88,1,exact,Eighty Eight (88),Passenger Car,Eighty-Eight,,1990-1999,true
1995,oldsmobile,oldsmobile,88,1,exact,Eighty Eight (88),Passenger Car,Eighty-Eight,,1990-1999,true
1996,oldsmobile,oldsmobile,88,1,exact,Eighty Eight (88),Passenger Car,Eighty-Eight,,1990-1999,true
1990,oldsmobile,oldsmobile,98,1,exact,Ninety Eight (98),Passenger Car,Ninety-Eight/Touring,,1990-1999,true
1991,oldsmobile,oldsmobile,98,1,exact,Ninety Eight (98),Passenger Car,Ninety-Eight/Touring,,1990-1999,true
1993,buick,buick,skylark,1,exact,Skylark,Passenger Car,Skylark,,1990-1998,true
2020,mercedes-benz,mercedesbenz,sl-class,6,exact,SL-Class,Passenger Car,SL550,,1990-2009 2011-2026,true
1996,buick,buick,skylark,1,exact,Skylark,Passenger Car,Skylark,,1990-1998,true
1996,porsche,porsche,911,1,exact,911,Passenger Car,911 Carrera 4/2,,1990-2026,true
2022,cadillac,cadillac,ct5,1,exact,CT5,Passenger Car,CT5 V,,2020-2026,true
2015,jeep,jeep,wrangler,6,exact,Wrangler,MPV,Wrangler 4WD,,1990-2026,true
2024,alfa romeo,alfaromeo,giulia,6,exact,Giulia (952),Passenger Car,Giulia,,2016-2026,true
2011,nissan,nissan,leaf,4,exact,Leaf,Passenger Car,Leaf,,2011-2026,true
2023,volkswagen,volkswagen,arteon-sr,1,exact,Arteon,Passenger Car,Arteon,,2019-2024,true
2003,porsche,porsche,911,8,exact,911,Passenger Car,,,1990-2026,true
2010,volkswagen,volkswagen,jetta,6,exact,Jetta,Passenger Car,Jetta,,1990-2026,true
2023,lamborghini,lamborghini,urus,1,exact,URUS,MPV,Urus Performante,,2019-2026,true
2001,nissan,nissan,maxima,6,exact,Maxima,Passenger Car,Maxima,,1990-2014 2016-2023,true
2022,cadillac,cadillac,escalade-esv,6,exact,Escalade,MPV,Escalade 2WD,,1999-2026,true
2001,porsche,porsche,911,8,exact,911,Passenger Car,911 Carrera 2/4,,1990-2026,true
2013,volkswagen,volkswagen,passat,5,exact,Passat,Passenger Car,Passat,,1990-2022,true
2020,mercedes-benz,mercedesbenz,cls,3,exact,CLS-Class,Passenger Car,AMG CLS53 4matic Plus,,2005-2023,true
2005,porsche,porsche,911,8,exact,911,Passenger Car,,,1990-2026,true
2006,porsche,porsche,911,8,exact,911,Passenger Car,,,1990-2026,true
2015,lotus,lotus,evora,1,exact,Evora,Passenger Car,,,2010-2021,true
2015,volkswagen,volkswagen,jetta,6,exact,Jetta,Passenger Car,Jetta,,1990-2026,true
2013,volvo,volvo,xc90,5,exact,XC90,Passenger Car,XC90 FWD,,2003-2014 2016-2026,true
2017,volkswagen,volkswagen,jetta,6,exact,Jetta,Passenger Car,Jetta,,1990-2026,true
2021,mercedes,mercedesbenz,c-class-amg,1,exact,C-Class,Passenger Car,C300 Coupe,,1994-2026,true
2000,audi,audi,cabriolet,1,none,,,,,1992-1998,true
2024,audi,audi,a6-e-tron,1,exact,A6,Passenger Car,A6 quattro,,1995-2026,true
2021,audi,audi,rs3,1,none,,,,,2017-2020 2022-2026,true
2012,ford,ford,ranger,6,none,,,,,1990-2011 2019-2026,true
2020,audi,audi,rs3,1,exact,RS 3,Passenger Car,RS3,,2017-2020 2022-2026,true
2019,audi,audi,rs3,1,exact,RS 3,Passenger Car,RS 3,,2017-2020 2022-2026,true
2023,audi,audi,s5,1,exact,S5,Passenger Car,S5 Coupe,,2008-2026,true
2026,audi,audi,s5,1,exact,S5,Passenger Car,S5 Sport Sedan,,2008-2026,true
2025,audi,audi,s5,1,exact,S5,Passenger Car,S5 Sportback,,2008-2026,true
2007,audi,audi,s5,1,none,,,,,2008-2026,true
2008,audi,audi,s5,1,exact,S5,Passenger Car,S5,,2008-2026,true
2009,audi,audi,s5,1,exact,S5,Passenger Car,S5,,2008-2026,true
2025,tesla,tesla,model-x,3,exact,Model X,MPV,Model X Plaid (20in wheels),,2016-2026,true
2024,audi,audi,s6-e-tron,1,exact,S6,Passenger Car,S6,,1995-1997 2002-2003 2007-2011 2013-2018 2020-2025,true
2025,audi,audi,sq7,1,exact,SQ7,MPV,SQ7,,2020-2026,true
2025,audi,audi,sq8,1,exact,SQ8,MPV,SQ8,,2020-2026,true
2025,audi,audi,s8l,1,exact,S8,Passenger Car,S8,,2001-2003 2007-2009 2013-2018 2020-2026,true
1999,cadillac,cadillac,catera,1,exact,Catera,Passenger Car,Catera,,1997-2001,true
1990,cadillac,cadillac,deville,1,exact,Deville,Passenger Car,Fleetwood/DeVille,,1990-2005,true
2007,ford,ford,sportka,1,none,,,,,,true
1991,cadillac,cadillac,deville,1,exact,Deville,Passenger Car,Fleetwood/DeVille,,1990-2005,true
2026,buick,buick,electra-e5,1,none,,,,,1990,true
2025,buick,buick,electra-e5,1,none,,,,,1990,true
2019,ford,ford,ranger,6,exact,Ranger,Truck,Ranger 2WD,,1990-2011 2019-2026,true
2025,buick,buick,envision-s,1,exact,Envision,MPV,Envision AWD,,2016-2026,true
2024,buick,buick,envision-s,1,exact,Envision,MPV,Envision AWD,,2016-2026,true
2023,buick,buick,envision-s,1,exact,Envision,MPV,Envision FWD,,2016-2026,true
2003,mercury,mercury,mountaineer,1,exact,Mountaineer,MPV,Mountaineer 2WD,,1997-2010,true
2022,maserati,maserati,levante,1,exact,Levante,MPV,Levante Modena,,2017-2024,true
2018,bmw,bmw,m240i,4,exact,M240i,Passenger Car,M240i Coupe,,2014-2026,true
2004,ford,ford,sportka,1,none,,,,,,true
2003,ford,ford,sportka,1,none,,,,,,true
2006,ford,ford,streetka,1,none,,,,,,true
2005,ford,ford,streetka,1,none,,,,,,true
2003,toyota,toyota,tundra,2,exact,Tundra,Truck,Tundra 2WD,,1995-2026,true
1996,cadillac,cadillac,deville,1,exact,Deville,Passenger Car,DeVille,,1990-2005,true
2025,lexus,lexus,lc,1,exact,LC,Passenger Car,LC 500 Convertible,,2018-2026,true
2006,cadillac,cadillac,sts-v,1,exact,STS,Passenger Car,STS,,2005-2011,true
2013,toyota,toyota,e-z,1,none,,,,,,true
1990,cadillac,cadillac,eldorado,1,exact,Eldorado,Passenger Car,Eldorado,,1990-2002,true
2000,toyota,toyota,echo,1,exact,Echo,Passenger Car,Echo,,2000-2005,true
1994,cadillac,cadillac,eldorado,1,exact,Eldorado,Passenger Car,Eldorado,,1990-2002,true
1995,ford,ford,contour,1,exact,Contour,Passenger Car,Contour,,1995-2000,true
1995,cadillac,cadillac,eldorado,1,exact,Eldorado,Passenger Car,Eldorado,,1990-2002,true
1996,cadillac,cadillac,eldorado,1,exact,Eldorado,Passenger Car,Eldorado,,1990-2002,true
2009,porsche,porsche,boxster,5,exact,Boxster,Passenger Car,Boxster,,1997-2025,true
1997,cadillac,cadillac,eldorado,1,exact,Eldorado,Passenger Car,Eldorado,,1990-2002,true
1998,cadillac,cadillac,eldorado,1,exact,Eldorado,Passenger Car,Eldorado,,1990-2002,true
2006,kia,kia,optima,2,exact,Optima,Passenger Car,Optima,,2001-2020,true
2026,volkswagen,volkswagen,atlas-cross-sport,1,exact,Atlas,MPV,Atlas,,2018-2026,true
1999,cadillac,cadillac,eldorado,1,exact,Eldorado,Passenger Car,Eldorado,,1990-2002,true
2014,toyota,toyota,rav4,5,exact,RAV4,MPV,RAV4 EV,,1996-2026,true
2006,porsche,porsche,boxster,5,exact,Boxster,Passenger Car,Boxster,,1997-2025,true
2005,porsche,porsche,boxster,5,exact,Boxster,Passenger Car,Boxster,,1997-2025,true
2024,bentley,bentley,flying-spur,1,exact,Flying Spur,Passenger Car,Continental GTC,,1990-2026,true
1992,ford,ford,taurus,1,exact,Taurus,Passenger Car,Taurus,,1990-2019,true
1993,ford,ford,taurus,1,exact,Taurus,Passenger Car,Taurus,,1990-2019,true
1994,ford,ford,taurus,1,exact,Taurus,Passenger Car,Taurus,,1990-2019,true
1995,ford,ford,taurus,1,exact,Taurus,Passenger Car,Taurus,,1990-2019,true
1991,ford,ford,escort,1,exact,Escort,Passenger Car,Escort,,1990-2003,true
1992,ford,ford,escort,1,exact,Escort,Passenger Car,Escort,,1990-2003,true
2025,nissan,nissan,z,4,exact,,,Z,,2023-2026,true
2011,honda,honda,accord,6,exact,Accord,Passenger Car,Accord Coupe,,1990-2026,true
2026,chevrolet,chevrolet,silverado,1,exact,Silverado,Truck,Silverado (with Sport Mode) 2WD,,1990-2026,true
2013,maserati,maserati,ghibli,1,none,,,,,2014-2024,true
2011,maserati,maserati,granturismo,1,exact,Granturismo,Passenger Car,GranTurismo,,2008-2026,true
1997,ford,ford,escort,1,exact,Escort,Passenger Car,Escort,,1990-2003,true
2022,toyota,toyota,camry,11,exact,Camry,Passenger Car,Camry,,1990-2026,true
2016,jeep,jeep,wrangler,6,exact,Wrangler,MPV,Wrangler 4WD,,1990-2026,true
2005,chevrolet,chevrolet,spark,1,none,,,,,2008 2011-2022,true
2015,maserati,maserati,quattroporte,1,exact,Quattroporte,Passenger Car,Quattroporte GTS,,1990-1991 2005-2024,true
2013,toyota,toyota,4runner,8,exact,4Runner,MPV,4Runner 2WD,,1990-2026,true
2021,jeep,jeep,gladiator,11,exact,Gladiator,Truck,Gladiator 4WD,,2020-2026,true
2011,kia,kia,sportage,7,exact,Sportage,MPV,Sportage 2WD,,1995-2026,true
1992,cadillac,cadillac,fleetwood,1,exact,Fleetwood,Passenger Car,Fleetwood/DeVille,,1990-1996,true
1994,cadillac,cadillac,fleetwood,1,exact,Fleetwood,Passenger Car,Fleetwood,,1990-1996,true
2007,mercedes,mercedesbenz,m-class,1,exact,M-Class,MPV,ML350 4matic,,1995-2019,true
2001,chrysler,chrysler,sebring,1,exact,Sebring,Passenger Car,Sebring,,1995-2010,true
2015,mazda,mazda,cx-5,3,exact,CX-5,MPV,CX-5 2WD,,2013-2026,true
2010,chevrolet,chevrolet,volt,1,none,,,,,2011-2019,true
2013,chevrolet,chevrolet,volt,1,exact,Volt,Passenger Car,Volt,,2011-2019,true
2023,mazda,mazda,cx-50,1,exact,CX-50,MPV,CX-50 4WD,,2023-2026,true
2008,mercedes,mercedesbenz,m-class,2,exact,M-Class,MPV,ML320 CDI 4matic,,1995-2019,true
2023,mazda,mazda,cx-9,5,exact,CX-9,MPV,CX-9 4WD,,2007-2023,true
2026,mazda,mazda,cx-50,1,exact,CX-50,MPV,CX-50 4WD,,2023-2026,true
2024,mazda,mazda,mx-30,1,none,,,,,2022-2023,true
2021,mazda,mazda,mx-5-miata,5,exact,MX-5,Passenger Car,MX-5,,1990-1997 1999-2026,true
2012,lincoln,lincoln,mkz,5,exact,MKZ,Passenger Car,MKZ AWD,,2007-2020,true
2006,toyota,toyota,camry,3,exact,Camry,Passenger Car,Camry Solara,,1990-2026,true
2017,chevrolet,chevrolet,suburban,2,exact,Suburban,MPV,Suburban C1500 2WD,,1990-2026,true
2011,jeep,jeep,wrangler,2,exact,Wrangler,MPV,Wrangler 4WD,,1990-2026,true
1993,subaru,subaru,impreza,1,exact,Impreza,Passenger Car,Impreza,,1993-2026,true
2021,honda,honda,clarity,1,exact,Clarity,Passenger Car,Clarity Plug-in Hybrid,,2014 2017-2021,true
2016,honda,honda,clarity,1,none,,,,,2014 2017-2021,true
2016,honda,honda,crosstour,1,exact,Accord,Passenger Car,Accord,,1990-2026,true
2026,volkswagen,volkswagen,jetta-gli,1,exact,Jetta,Passenger Car,GLI,,1990-2026,true
2013,dodge,dodge,viper,6,exact,Viper,Passenger Car,,,1992-2006 2008-2010 2013-2017,true
2004,mercedes,mercedesbenz,cl-class,1,exact,CL-Class,Passenger Car,CL500,,1998-2014,true
2013,mercedes,mercedesbenz,cl-class,1,exact,CL-Class,Passenger Car,CL550 4matic,,1998-2014,true
2020,chevrolet,chevrolet,blazer,9,exact,Blazer,MPV,Blazer FWD,,1990-2005 2019-2026,true
1998,gmc,gmc,jimmy,1,exact,,,Jimmy 2WD,,1990-2004,true
2010,jeep,jeep,wrangler,2,exact,Wrangler,MPV,Wrangler 2WD,,1990-2026,true
2009,volvo,volvo,s80,1,exact,S80,Passenger Car,S80 AWD,,1999-2016,true
2007,jeep,jeep,wrangler,2,exact,Wrangler,MPV,Wrangler 2WD,,1990-2026,true
2007,toyota,toyota,sequoia,2,exact,Sequoia,MPV,Sequoia 2WD,,2000-2026,true
2009,nissan,nissan,maxima,6,exact,Maxima,Passenger Car,Maxima,,1990-2014 2016-2023,true
2009,chevrolet,chevrolet,colorado,6,exact,Colorado,Truck,Colorado 2WD,,2004-2012 2015-2026,true
2010,volkswagen,volkswagen,passat,5,exact,Passat,Passenger Car,Passat,,1990-2022,true
1994,chevrolet,chevrolet,beretta,1,exact,Beretta,Passenger Car,Beretta,,1990-1996,true
2026,chevrolet,chevrolet,blazer,6,exact,Blazer,MPV,Blazer EV FWD,,1990-2005 2019-2026,true
2017,ford,ford,flex,1,exact,Flex,MPV,Flex FWD,,2009-2019,true
2023,ford,ford,transit,1,exact,Transit,MPV,,,2015-2026,true
2020,jaguar,jaguar,i-pace,1,exact,I-PACE,MPV,I-Pace,,2019-2024,true
1996,chevrolet,chevrolet,beretta,1,exact,Beretta,Passenger Car,Beretta,,1990-1996,true
2012,toyota,toyota,86,1,none,,,,,2017-2020 2022-2026,true
2017,hyundai,hyundai,kona,1,none,,,,,2018-2026,true
2010,toyota,toyota,4runner,8,exact,4Runner,MPV,4Runner 2WD,,1990-2026,true
2024,mercedes,mercedesbenz,eqe,5,exact,EQE-Class SUV,MPV,AMG EQE 4matic Plus (SUV),,2023-2026,true
2022,cadillac,cadillac,xt4,4,exact,XT4,MPV,XT4 FWD,,2019-2025,true
2022,tesla,tesla,model-s,3,exact,Model S,Passenger Car,Model S,,2012-2026,true
1999,chevrolet,chevrolet,blazer,1,exact,Blazer,MPV,S10 Pickup 2WD,,1990-2005 2019-2026,true
1996,lexus,lexus,lx450,1,exact,LX,MPV,LX 450,,1996-2026,true
1999,lexus,lexus,rx300,1,exact,RX,MPV,RX 300,,1999-2026,true
1998,lexus,lexus,sc400,1,exact,SC,Passenger Car,SC 300/SC 400,,1992-2010,true
1999,lexus,lexus,sc400,1,exact,SC,Passenger Car,SC,,1992-2010,true
2013,mitsubishi,mitsubishi,i,1,exact,i-MiEV,Passenger Car,i-MiEV,,2012-2018,true
2001,subaru,subaru,outback,7,exact,Legacy,Passenger Car,Legacy AWD,,1990-2026,true
2000,volkswagen,volkswagen,eurovan,1,exact,EuroVan,MPV,Eurovan Camper,,1992-2003,true
2012,chevrolet,chevrolet,corvette,5,exact,Corvette,Passenger Car,Corvette,,1990-2026,true
2004,audi,audi,a3,3,none,,,,,2006-2013 2015-2020 2022-2026,true
1994,chevrolet,chevrolet,c1500,1,exact,GMT-400,MPV,C1500 Pickup 2WD,,1990-2026,true
1995,chevrolet,chevrolet,c1500,1,exact,GMT-400,Truck,C1500 Pickup 2WD,,1990-2026,true
1996,chevrolet,chevrolet,c1500,1,exact,GMT-400,Truck,C1500 Pickup 2WD,,1990-2026,true
1999,chevrolet,chevrolet,c1500,1,exact,Silverado,Truck,Silverado 1500 2WD,,1990-2026,true
2025,audi,audi,a6-e-tron,2,exact,A6,Passenger Car,A6 quattro,,1995-2026,true
2022,genesis,genesis,g80,5,exact,G80,Passenger Car,G80 AWD,,2017-2026,true
2026,audi,audi,a7,1,none,,,,,2012-2025,true
2021,audi,audi,s3,1,none,,,,,2015-2020 2022-2026,true
2017,jaguar,jaguar,f-type,1,exact,F-TYPE,Passenger Car,F-Type R AWD Coupe,,2014-2024,true
2017,jaguar,jaguar,f-pace,6,exact,F-PACE,MPV,F-Pace,,2017-2026,true
2019,lincoln,lincoln,nautilus,4,exact,Nautilus,MPV,Nautilus FWD,,2019-2026,true
2024,land rover,landrover,defender,8,exact,Defender,MPV,Defender 110,,1993-1995 1997 2020-2026,true
2003,mini,mini,cooper,6,exact,Cooper,Passenger Car,Cooper,,2002-2026,true
2003,kia,kia,sportage,1,exact,Sportage,MPV,,,1995-2026,true
2021,mercedes,mercedesbenz,glc-class-coupe,1,exact,GLC-Class,MPV,GLC300,,2016-2026,true
1999,mazda,mazda,protege,1,exact,Protege,Passenger Car,Protege,,1990-2003,true
1991,mazda,mazda,rx-7,1,exact,RX-7,Passenger Car,RX-7,,1990-1996,true
1992,volvo,volvo,940,1,exact,,,940 Wagon,,1991-1995,true
1993,volvo,volvo,940,1,exact,,,940,,1991-1995,true
1993,volvo,volvo,960,1,exact,,,960,,1992-1997,true
1994,volvo,volvo,960,1,exact,,,960,,1992-1997,true
1995,volvo,volvo,960,1,exact,,,960,,1992-1997,true
1995,mazda,mazda,rx-7,1,exact,RX-7,Passenger Car,RX-7,,1990-1996,true
2006,dodge,dodge,magnum,1,exact,Magnum,MPV,Magnum,,2005-2008,true
2022,honda,honda,ridgeline,6,exact,Ridgeline,Truck,Ridgeline AWD,,2006-2026,true
1991,mazda,mazda,miata,1,exact,MX-5,Passenger Car,MX-5 Miata,,1990-1997 1999-2026,true
1992,mazda,mazda,miata,1,exact,MX-5,Passenger Car,MX-5 Miata,,1990-1997 1999-2026,true
2024,dodge,dodge,durango,1,exact,Durango,MPV,Durango RWD,,1995-2009 2011-2026,true
2022,dodge,dodge,durango,1,exact,Durango,MPV,Durango AWD,,1995-2009 2011-2026,true
2022,hyundai,hyundai,elantra,5,exact,Elantra,Passenger Car,Elantra,,1992-2026,true
2016,mitsubishi,mitsubishi,montero,1,none,,,,,1990-2006,true
2026,dodge,dodge,durango,1,exact,Durango,MPV,Durango RWD,,1995-2009 2011-2026,true
2010,audi,audi,a4,2,exact,A4,Passenger Car,A4,,1996-2025,true
2011,mazda,mazda,cx-5,1,none,,,,,2013-2026,true
2004,mitsubishi,mitsubishi,galant,7,exact,Galant,Passenger Car,Galant,,1990-2012,true
2022,hyundai,hyundai,sonata,6,exact,Sonata,Passenger Car,Sonata Hybrid,,1990-2026,true
2015,audi,audi,a4,4,exact,A4 allroad,MPV,A4,,1996-2025,true
2023,lincoln,lincoln,nautilus,4,exact,Nautilus,MPV,Nautilus FWD,,2019-2026,true
1997,mazda,mazda,mpv,1,exact,MPV,MPV,MPV,,1990-2006,true
1990,mazda,mazda,mx-6,1,exact,MX-6,Passenger Car,626/MX-6,,1990-1997,true
1991,mazda,mazda,mx-6,1,exact,MX-6,Passenger Car,626/MX-6,,1990-1997,true
2012,mercedes,mercedesbenz,glk-class,1,exact,GLK-Class,MPV,GLK350 4matic,,2010-2020,true
2000,audi,audi,a6,4,exact,A6,Passenger Car,A6,,1995-2026,true
1991,mazda,mazda,protege,1,exact,Protege,Passenger Car,,,1990-2003,true
2020,mercedes,mercedesbenz,gls,8,exact,GLS-Class,MPV,GLS450 4matic,,2006-2026,true
2017,tesla,tesla,model-x,2,exact,Model X,Passenger Car,Model X AWD - 60D,,2016-2026,true
2011,dodge,dodge,durango,1,exact,Durango,MPV,Durango 2WD,,1995-2009 2011-2026,true
2015,dodge,dodge,durango,1,exact,Durango,MPV,Durango AWD,,1995-2009 2011-2026,true
2022,infiniti,infiniti,q50,5,exact,Q50,Passenger Car,Q50,,2014-2024,true
2020,dodge,dodge,durango,1,exact,Durango,MPV,Durango RWD,,1995-2009 2011-2026,true
2007,mercedes,mercedesbenz,s-class,12,exact,S-Class,Passenger Car,S550,,1990-2026,true
1992,mazda,mazda,protege,1,exact,Protege,Passenger Car,Protege,,1990-2003,true
2025,dodge,dodge,hornet,1,exact,Hornet,MPV,Hornet AWD,,2023-2025,true
2007,buick,buick,rainier,1,exact,Rainier,MPV,Rainier AWD,,2004-2007,true
2007,cadillac,cadillac,escalade-esv,6,exact,Escalade,MPV,Escalade AWD,,1999-2026,true
1993,mazda,mazda,protege,1,exact,Protege,Passenger Car,Protege,,1990-2003,true
2016,mazda,mazda,mx-5-miata,5,exact,MX-5,Passenger Car,MX-5,,1990-1997 1999-2026,true
2017,mazda,mazda,mx-5-miata,5,exact,MX-5,Passenger Car,MX-5,,1990-1997 1999-2026,true
1994,mazda,mazda,protege,1,exact,Protege,Passenger Car,Protege,,1990-2003,true
2022,jaguar,jaguar,e-pace,5,exact,E-PACE,MPV,E-Pace,,2018-2024,true
2011,kia,kia,soul,6,exact,Soul,MPV,Soul,,2010-2025,true
2022,infiniti,infiniti,qx50,6,exact,QX50,MPV,QX50,,2008-2017 2019-2025,true
2022,jaguar,jaguar,f-pace,6,exact,F-PACE,MPV,F-Pace SVR,,2017-2026,true
1994,mazda,mazda,b2300,1,exact,B-Series,Truck,B2300/B3000/B4000 Pickup 2WD,,1990-2010,true
2013,jaguar,jaguar,f-type,4,none,,,,,2014-2024,true
2022,infiniti,infiniti,qx60,5,exact,QX60,MPV,QX60 FWD,,2013-2026,true
2015,jaguar,jaguar,f-type,1,exact,F-TYPE,Passenger Car,F-Type V8 S Convertible,,2014-2024,true
2017,mitsubishi,mitsubishi,montero,1,none,,,,,1990-2006,true
1996,chevrolet,chevrolet,c2500,1,exact,GMT-400,Truck,,,1990-2026,true
2016,jaguar,jaguar,f-type,1,exact,F-TYPE,Passenger Car,F-Type Coupe,,2014-2024,true
2021,jaguar,jaguar,e-pace,5,exact,E-PACE,MPV,E-Pace MHEV,,2018-2024,true
2001,pontiac,pontiac,firebird,1,exact,Firebird,Passenger Car,Firebird/Trans Am,,1990-2002,true
2017,land rover,landrover,discovery,5,exact,Discovery,MPV,Discovery Sport,,1994-2026,true
2004,hyundai,hyundai,tiburon,1,exact,Tiburon,Passenger Car,Tiburon,,1997-2008,true
2025,mercedes-benz,mercedesbenz,sl-class,3,exact,SL-Class,Passenger Car,AMG SL43,,1990-2009 2011-2026,true
2020,land rover,landrover,defender,8,exact,Defender,MPV,Defender 110,,1993-1995 1997 2020-2026,true
2017,chrysler,chrysler,200,1,exact,200,Passenger Car,200,,2011-2017,true
2021,ford,ford,taurus,1,none,,,,,1990-2019,true
1994,chevrolet,chevrolet,corsica,1,exact,Corsica,Passenger Car,Corsica,,1990-1996,true
1995,chevrolet,chevrolet,corsica,1,exact,Corsica,MPV,Corsica,,1990-1996,true
2017,gmc,gmc,canyon,5,exact,Canyon,Truck,Canyon 2WD,,2004-2026,true
2024,volvo,volvo,ex30,1,none,,,,,2025-2026,true
2001,oldsmobile,oldsmobile,intrigue,1,exact,Intrigue,Passenger Car,Intrigue,,1998-2002,true
2000,geo,geo,prizm,1,crossmake,Geo Prizm,Passenger Car,Prizm,chevrolet,1990-2002,false
2002,porsche,porsche,cayenne,1,none,,,,,2003-2026,true
2014,acura,acura,rdx,5,exact,RDX,MPV,RDX 2WD,,2007-2026,true
2022,kia,kia,forte,5,exact,Forte,Passenger Car,Forte,,2010-2024,true
2021,hyundai,hyundai,ioniq,5,exact,Ioniq,Passenger Car,Ioniq,,2017-2026,true
2003,hyundai,hyundai,tiburon,1,exact,Tiburon,Passenger Car,Tiburon,,1997-2008,true
2022,kia,kia,sorento,7,exact,Sorento,MPV,Sorento Hybrid FWD,,2001-2009 2011-2026,true
2019,mitsubishi,mitsubishi,eclipse-cross,1,exact,Eclipse Cross,MPV,Eclipse Cross 2WD,,2018-2026,true
2015,hyundai,hyundai,veloster,1,exact,Veloster,Passenger Car,Veloster,,2012-2022,true
2019,hyundai,hyundai,ioniq,5,exact,Ioniq,Passenger Car,Ioniq Electric,,2017-2026,true
2025,kia,kia,ev9,1,exact,EV9,MPV,EV9 Long Range RWD,,2024-2026,true
2021,rivian,rivian,r1t,1,none,,,,,2022-2026,true
2024,gmc,gmc,terrain,6,exact,Terrain,MPV,Terrain FWD,,2009-2026,true
2001,toyota,toyota,sienna,3,exact,Sienna,MPV,Sienna 2WD,,1995-2026,true
2002,pontiac,pontiac,bonneville,1,exact,Bonneville,Passenger Car,Bonneville,,1990-2005,true
2004,pontiac,pontiac,bonneville,1,exact,Bonneville,Passenger Car,Bonneville,,1990-2005,true
2000,saturn,saturn,s-series,1,exact,SL,Passenger Car,SL,,1991-2002,true
2003,saturn,saturn,vue,1,exact,Vue,MPV,Vue FWD,,2002-2010,true
2007,saturn,saturn,vue,1,exact,Vue,MPV,Vue FWD,,2002-2010,true
2009,saturn,saturn,vue,1,exact,Vue,MPV,Vue FWD,,2002-2010,true
2000,saturn,saturn,l-series,1,exact,LS,Passenger Car,LS,,2000-2005,true
2025,gmc,gmc,terrain,6,exact,Terrain,MPV,Terrain FWD,,2009-2026,true
2024,rivian,rivian,r1s,1,exact,R1S,MPV,R1S All-Terrain Quad Large (20 inch),,2022-2026,true
2022,nissan,nissan,maxima,6,exact,Maxima,Passenger Car,Maxima,,1990-2014 2016-2023,true
2007,hyundai,hyundai,elantra,5,exact,Elantra,MPV,Elantra,,1992-2026,true
2012,kia,kia,sedona,2,exact,Sedona,MPV,Sedona,,2001-2026,true
2022,lincoln,lincoln,navigator,4,exact,Navigator,MPV,Navigator 2WD,,1998-2026,true
2005,bmw,bmw,x5,1,exact,X5,MPV,X5,,2000-2026,true
2006,gmc,gmc,canyon,5,exact,Canyon,Truck,Canyon 2WD,,2004-2026,true
2000,audi,audi,s8,1,none,,,,,2001-2003 2007-2009 2013-2018 2020-2026,true
2003,audi,audi,s8,1,exact,S8,Passenger Car,S8,,2001-2003 2007-2009 2013-2018 2020-2026,true
2022,maserati,maserati,granturismo,3,exact,Granturismo,Passenger Car,,,2008-2026,true
2000,kia,kia,sportage,1,exact,Sportage,MPV,Sportage 2WD,,1995-2026,true
2015,chevrolet,chevrolet,malibu,5,exact,Malibu,Passenger Car,Malibu,,1997-2025,true
2003,kia,kia,sedona,2,exact,Sedona,MPV,Sedona,,2001-2026,true
2022,alfa romeo,alfaromeo,giulia,6,exact,Giulia (952),Passenger Car,Giulia,,2016-2026,true
2016,lexus,lexus,nx,6,exact,NX,MPV,NX 300h,,2015-2026,true
2020,kia,kia,stinger,1,exact,Stinger,Passenger Car,Stinger AWD,,2018-2023,true
2023,gmc,gmc,acadia,6,exact,Acadia,MPV,Acadia FWD,,2007-2026,true
2000,mitsubishi,mitsubishi,montero,1,exact,Montero,MPV,Montero,,1990-2006,true
2017,kia,kia,sedona,2,exact,Sedona,MPV,Sedona,,2001-2026,true
2003,kia,kia,sorento,2,exact,Sorento,MPV,Sorento 2WD,,2001-2009 2011-2026,true
2020,volkswagen,volkswagen,jetta,6,exact,Jetta,Passenger Car,Jetta,,1990-2026,true
2000,hummer,hummer,h1,1,exact,H1,MPV,,,1992-2006,true
2020,jaguar,jaguar,xj,1,none,,,,,1990-2019,true
2013,audi,audi,q7,5,exact,Q7,MPV,Q7,,2007-2015 2017-2026,true
2003,chevrolet,chevrolet,impala,4,exact,Impala,Passenger Car,Impala,,1994-1996 2000-2020,true
2013,infiniti,infiniti,qx50,6,family,EX35,Passenger Car,EX37,,2008-2017 2019-2025,true
2008,chevrolet,chevrolet,suburban,1,exact,Suburban,MPV,Suburban 1500 2WD,,1990-2026,true
2010,ford,ford,edge,3,exact,Edge,MPV,Edge FWD,,2007-2024,true
2019,ferrari,ferrari,488,1,exact,488,Passenger Car,488 GTB,,2016-2020,true
2003,chevrolet,chevrolet,malibu,5,exact,Malibu,Passenger Car,Malibu,,1997-2025,true
2005,mitsubishi,mitsubishi,lancer-evolution,4,exact,Lancer,Passenger Car,Lancer,,2002-2017,true
2026,buick,buick,regal,1,none,,,,,1990-2004 2011-2020,true
2009,mitsubishi,mitsubishi,lancer-evolution,4,exact,Lancer,Passenger Car,Lancer,,2002-2017,true
2010,mitsubishi,mitsubishi,lancer-evolution,4,exact,Lancer,Passenger Car,Lancer,,2002-2017,true
2012,mitsubishi,mitsubishi,lancer-evolution,4,exact,Lancer,Passenger Car,Lancer,,2002-2017,true
2013,lexus,lexus,lx,5,exact,LX,MPV,LX 570,,1996-2026,true
2014,mitsubishi,mitsubishi,lancer-evolution,4,exact,Lancer,Passenger Car,Lancer,,2002-2017,true
2015,mitsubishi,mitsubishi,lancer-evolution,4,exact,Lancer,Passenger Car,Lancer,,2002-2017,true
2011,ford,ford,ranger,6,exact,Ranger,Truck,Ranger 2WD,,1990-2011 2019-2026,true
2019,lexus,lexus,rx,6,exact,RX,MPV,RX 350,,1999-2026,true
2022,kia,kia,stinger,1,exact,Stinger,Passenger Car,Stinger AWD,,2018-2023,true
2012,nissan,nissan,maxima,6,exact,Maxima,Passenger Car,Maxima,,1990-2014 2016-2023,true
2000,chevrolet,chevrolet,malibu,5,exact,Malibu,Passenger Car,Malibu,,1997-2025,true
2011,mercedes,mercedesbenz,m-class,2,exact,M-Class,MPV,ML350,,1995-2019,true
2006,mitsubishi,mitsubishi,montero,1,exact,Montero,MPV,Montero,,1990-2006,true
2022,volkswagen,volkswagen,atlas,7,exact,Atlas,MPV,Atlas,,2018-2026,true
2011,ford,ford,expedition,7,exact,Expedition,MPV,Expedition 2WD FFV,,1997-2026,true
2022,land rover,landrover,range-rover-evoque,5,exact,Range Rover Evoque,MPV,Range Rover Evoque,,2012-2026,true
2016,land rover,landrover,range-rover-evoque,5,exact,Range Rover Evoque,MPV,Range Rover Evoque,,2012-2026,true
2005,land rover,landrover,range-rover,6,exact,Range Rover,MPV,Range Rover,,1990-2026,true
2000,cadillac,cadillac,escalade,6,exact,Escalade,MPV,Escalade 4WD,,1999-2026,true
2001,cadillac,cadillac,escalade,6,exact,Escalade,MPV,,,1999-2026,true
2010,mitsubishi,mitsubishi,eclipse,5,exact,Eclipse,Passenger Car,Eclipse Spyder,,1990-2012,true
2003,nissan,nissan,xterra,6,exact,Xterra,MPV,Xterra 2WD,,2000-2015,true
2002,cadillac,cadillac,escalade,6,exact,Escalade,MPV,Escalade 2WD,,1999-2026,true
2003,subaru,subaru,outback,7,exact,Legacy,Passenger Car,Legacy/Outback AWD,,1990-2026,true
1999,daewoo,daewoo,leganza,1,exact,LEGANZA,Passenger Car,Leganza,,1998-2002,true
2013,chevrolet,chevrolet,trailblazer,1,none,,,,,2002-2009 2021-2026,true
2005,porsche,porsche,cayman,1,exact,Boxster,Passenger Car,Boxster,,1997-2025,true
2022,toyota,toyota,gr-corolla,1,exact,Corolla,Passenger Car,Corolla,,1990-2026,true
2008,jaguar,jaguar,xj,10,exact,XJ,Passenger Car,XJ8,,1990-2019,true
2010,chrysler,chrysler,300c,4,exact,300,Passenger Car,300 AWD,,1999-2023,true
2021,alfa romeo,alfaromeo,stelvio,6,exact,Stelvio,MPV,Stelvio,,2018-2026,true
2008,cadillac,cadillac,escalade,6,exact,Escalade,MPV,Escalade 2WD,,1999-2026,true
2009,ford,ford,flex,1,exact,Flex,MPV,Flex FWD,,2009-2019,true
2025,ferrari,ferrari,roma,1,exact,Roma,Passenger Car,Roma Spider,,2021-2026,true
2026,ferrari,ferrari,roma,1,exact,Roma,Passenger Car,Roma Spider,,2021-2026,true
2025,chevrolet,chevrolet,traverse,7,exact,Traverse,MPV,Traverse FWD,,2009-2026,true
2003,jaguar,jaguar,xj,1,exact,XJ,Passenger Car,XJ Sport,,1990-2019,true
2010,ford,ford,flex,1,exact,Flex,MPV,Flex FWD,,2009-2019,true
2008,ford,ford,flex,1,none,,,,,2009-2019,true
2014,cadillac,cadillac,escalade,6,exact,Escalade,MPV,Escalade 2WD,,1999-2026,true
2007,audi,audi,r8,1,none,,,,,2008-2012 2014-2018 2020-2023,true
2015,mitsubishi,mitsubishi,montero,1,none,,,,,1990-2006,true
2021,ford,ford,expedition,7,exact,Expedition,MPV,Expedition 2WD,,1997-2026,true
2020,mitsubishi,mitsubishi,montero,1,none,,,,,1990-2006,true
2002,mitsubishi,mitsubishi,galant,7,exact,Galant,Passenger Car,Galant,,1990-2012,true
2022,audi,audi,a5,1,exact,A5,Passenger Car,A5 Coupe quattro,,2008-2026,true
2021,mitsubishi,mitsubishi,eclipse-cross,1,exact,Eclipse Cross,MPV,,,2018-2026,true
2009,dodge,dodge,caliber,1,exact,Caliber,Passenger Car,Caliber,,2006-2012,true
2008,saab,saab,9-3,1,exact,9-3,Passenger Car,9-3 Convertible,,1999-2012,true
2001,kia,kia,sportage,1,exact,Sportage,MPV,Sportage 2WD,,1995-2026,true
2002,nissan,nissan,maxima,6,exact,Maxima,Passenger Car,Maxima,,1990-2014 2016-2023,true
2007,infiniti,infiniti,qx80,4,family,QX56,MPV,QX56 2WD,,2003-2026,true
2005,kia,kia,sedona,2,exact,Sedona,Passenger Car,Sedona,,2001-2026,true
2004,toyota,toyota,yaris,1,none,,,,,2007-2020,true
2016,toyota,toyota,avalon,3,exact,Avalon,Passenger Car,Avalon Hybrid,,1995-2022,true
2007,toyota,toyota,yaris,1,exact,Yaris,Passenger Car,Yaris,,2007-2020,true
2021,hyundai,hyundai,palisade,6,exact,Palisade,MPV,Palisade FWD,,2020-2026,true
2001,mitsubishi,mitsubishi,diamante,1,exact,Diamante,Passenger Car,Diamante,,1992-2005,true
2021,hyundai,hyundai,elantra,5,exact,Elantra,Passenger Car,Elantra,,1992-2026,true
2009,bmw,bmw,x3,1,exact,X3,Passenger Car,X3 xDrive30i,,2004-2026,true
1992,chevrolet,chevrolet,k1500,1,exact,GMT-400,Truck,C1500 Pickup 2WD,,1990-2026,true
1999,chevrolet,chevrolet,k1500,1,exact,Silverado,Truck,Silverado 1500 2WD,,1990-2026,true
2009,lexus,lexus,is,5,exact,IS,Passenger Car,IS 250,,2001-2026,true
2014,ford,ford,ranger,1,none,,,,,1990-2011 2019-2026,true
1997,chevrolet,chevrolet,k2500,1,exact,GMT-400,Truck,,,1990-2026,true
1998,chevrolet,chevrolet,k2500,1,exact,GMT-400,Truck,,,1990-2026,true
1999,chevrolet,chevrolet,k2500,1,exact,Silverado,Truck,Silverado 1500 2WD,,1990-2026,true
1999,chevrolet,chevrolet,k3500,1,exact,Silverado,Truck,Silverado 1500 2WD,,1990-2026,true
2021,hyundai,hyundai,sonata,6,exact,Sonata,Passenger Car,Sonata Hybrid,,1990-2026,true
2021,hyundai,hyundai,tucson,6,exact,Tucson,MPV,Tucson FWD,,2005-2026,true
2019,ford,ford,expedition,7,exact,Expedition,MPV,Expedition 2WD,,1997-2026,true
1994,mercedes-benz,mercedesbenz,sl-class,1,exact,SL-Class,Passenger Car,SL320,,1990-2009 2011-2026,true
1991,mercedes-benz,mercedesbenz,e-class,2,family,,,230TE,,1990-2026,true
2014,nissan,nissan,altima,6,exact,Altima,Passenger Car,Altima,,1993-2026,true
1993,mercedes-benz,mercedesbenz,g-class,1,none,,,,,1999 2002-2026,true
2024,mazda,mazda,cx-50,1,exact,CX-50,MPV,CX-50 4WD,,2023-2026,true
2025,mazda,mazda,cx-50,1,exact,CX-50,MPV,CX-50 4WD,,2023-2026,true
1994,mercedes-benz,mercedesbenz,e-class,2,exact,E-Class,Passenger Car,E320 Convertible,,1990-2026,true
2006,ford,ford,explorer,8,exact,Explorer,MPV,Explorer 2WD,,1991-2026,true
2021,toyota,toyota,corolla-cross,1,family,Corolla,Passenger Car,Corolla,,1990-2026,true
2007,kia,kia,sedona,2,exact,Sedona,MPV,Sedona,,2001-2026,true
1998,chevrolet,chevrolet,s-10,1,exact,Blazer,MPV,S10 Pickup 2WD,,1990-2005 2019-2026,true
1998,chevrolet,chevrolet,s10,1,exact,Blazer,MPV,S10 Pickup 2WD,,1990-2005 2019-2026,true
2008,pontiac,pontiac,solstice,1,exact,Solstice,Passenger Car,Solstice,,2006-2010,true
2021,infiniti,infiniti,qx80,4,exact,QX80,MPV,QX80 2WD,,2003-2026,true
2007,pontiac,pontiac,solstice,1,exact,Solstice,Passenger Car,Solstice,,2006-2010,true
2021,jaguar,jaguar,f-pace,6,exact,F-PACE,MPV,F-Pace SVR,,2017-2026,true
2019,ford,ford,focus,1,none,,,,,2000-2018,true
2021,ford,ford,focus,1,none,,,,,2000-2018,true
2025,mazda,mazda,mx-5-miata,5,exact,MX-5,Passenger Car,MX-5,,1990-1997 1999-2026,true
2021,kia,kia,telluride,1,exact,Telluride,MPV,Telluride FWD,,2020-2026,true
2020,audi,audi,e-tron-s,1,exact,,,e-tron Sportback,,2019-2025,true
2008,lexus,lexus,es,5,exact,ES,Passenger Car,ES 350,,1990-2026,true
2026,mercedes-benz,mercedesbenz,glb,3,exact,GLB-Class,MPV,AMG GLB35 4matic,,2020-2026,true
2006,mazda,mazda,mazda5,3,exact,Mazda5,Passenger Car,5,,2003-2026,true
2009,lexus,lexus,es,5,exact,ES,Passenger Car,ES 350,,1990-2026,true
2011,lexus,lexus,is,5,exact,IS,Passenger Car,IS 250/IS 250C,,2001-2026,true
2023,lexus,lexus,is,5,exact,IS,Passenger Car,IS 300 AWD,,2001-2026,true
2005,nissan,nissan,altima,6,exact,Altima,Passenger Car,Altima,,1993-2026,true
2009,mercury,mercury,sable,1,exact,Sable,Passenger Car,Sable AWD,,1990-2005 2008-2009,true
2021,kia,kia,niro,5,exact,Niro,MPV,Niro Touring,,2017-2026,true
2020,mercedes,mercedesbenz,cla,12,exact,CLA-Class,Passenger Car,CLA250 4matic,,2014-2026,true
2019,toyota,toyota,86,1,exact,86,Passenger Car,86,,2017-2020 2022-2026,true
2002,toyota,toyota,grand-hiace,1,none,,,,,,true
2008,lexus,lexus,gx,6,exact,GX,MPV,GX 470,,2003-2026,true
1990,chevrolet,chevrolet,suburban,3,exact,Suburban,Truck,R1500 Suburban 2WD,,1990-2026,true
2010,nissan,nissan,altima,6,exact,Altima,Passenger Car,Altima Coupe,,1993-2026,true
2022,ford,ford,transit,1,exact,Transit,MPV,,,2015-2026,true
1999,chevrolet,chevrolet,tracker,1,exact,Tracker,MPV,Tracker 2WD Convertible,,1995-2004 2016-2020,true
1993,gmc,gmc,jimmy,1,exact,,,Jimmy 2WD,,1990-2004,true
1995,gmc,gmc,sierra,1,exact,Sierra,Truck,Sierra 1500 2WD,,1990-2026,true
1993,chevrolet,chevrolet,tahoe,7,none,,,,,1995-2026,true
1996,gmc,gmc,sierra,1,exact,Sierra,Truck,Sierra 1500 2WD,,1990-2026,true
1998,gmc,gmc,sierra,1,exact,Sierra,Truck,Sierra 1500 2WD,,1990-2026,true
2024,ferrari,ferrari,sf90,1,exact,SF90,Passenger Car,SF90 Spider,,2021-2025,true
2012,lamborghini,lamborghini,aventador,1,exact,Aventador,Passenger Car,Aventador Coupe,,2011-2022,true
2013,lamborghini,lamborghini,aventador,1,exact,Aventador,Passenger Car,Aventador Coupe,,2011-2022,true
2012,nissan,nissan,altima,6,exact,Altima,Passenger Car,Altima Coupe,,1993-2026,true
2023,ferrari,ferrari,sf90,1,exact,SF90,Passenger Car,SF90 Spider,,2021-2025,true
2026,acura,acura,adx,1,exact,ADX,MPV,ADX AWD,,2025-2026,true
1997,gmc,gmc,sonoma,1,exact,Sonoma,Truck,Sonoma 2WD,,1990-2004,true
1998,gmc,gmc,sonoma,1,exact,Sonoma,Truck,Sonoma 2WD,,1990-2004,true
2026,toyota,toyota,corolla-cross,1,exact,Corolla Cross,MPV,Corolla Cross,,1990-2026,true
1992,gmc,gmc,suburban,1,exact,Yukon,MPV,Suburban 1500 2WD,,1990-2026,true
1993,gmc,gmc,suburban,1,exact,Suburban,Truck,Suburban 1500 2WD,,1990-2026,true
2021,lamborghini,lamborghini,aventador,1,exact,Aventador,Passenger Car,Aventador Coupe,,2011-2022,true
2022,lamborghini,lamborghini,aventador,1,exact,Aventador,Passenger Car,Aventador Coupe,,2011-2022,true
2008,infiniti,infiniti,qx50,6,family,EX35,Passenger Car,EX35,,2008-2017 2019-2025,true
1994,gmc,gmc,suburban,1,exact,Yukon,MPV,Suburban 1500 2WD,,1990-2026,true
1995,gmc,gmc,suburban,1,exact,Yukon,MPV,Yukon 1500 2WD,,1990-2026,true
1991,nissan,nissan,240sx,1,exact,240SX,Passenger Car,240SX,,1990-2001,true
1993,nissan,nissan,sentra,1,exact,Sentra,Passenger Car,Sentra,,1990-2026,true
1994,nissan,nissan,sentra,1,exact,Sentra,Passenger Car,Sentra,,1990-2026,true
1998,gmc,gmc,suburban,1,exact,Yukon,MPV,Suburban 1500 2WD,,1990-2026,true
2021,lexus,lexus,is,5,exact,IS,Passenger Car,IS 300 AWD,,2001-2026,true
2004,chevrolet,chevrolet,colorado,6,exact,Colorado,Truck,Colorado 2WD,,2004-2012 2015-2026,true
1999,gmc,gmc,suburban,1,exact,Yukon,MPV,Suburban 1500 2WD,,1990-2026,true
1992,nissan,nissan,240sx,1,exact,240SX,Passenger Car,240SX,,1990-2001,true
1993,nissan,nissan,240sx,1,exact,240SX,Passenger Car,240SX,,1990-2001,true
1992,hummer,hummer,h1,1,exact,H1,MPV,,,1992-2006,true
2025,hyundai,hyundai,ioniq-5,1,exact,Ioniq 5,MPV,Ioniq 5 N,,2017-2026,true
1993,nissan,nissan,quest,1,exact,Quest,Truck,Quest,,1993-2009 2011-2017,true
1994,nissan,nissan,quest,1,exact,Quest,MPV,Quest,,1993-2009 2011-2017,true
2021,nissan,nissan,titan-xd,4,exact,Titan,Truck,Titan 2WD,,2002-2024,true
1995,nissan,nissan,quest,1,exact,Quest,MPV,Quest,,1993-2009 2011-2017,true
1996,nissan,nissan,300zx,1,exact,300ZX,Passenger Car,300ZX,,1990-1996,true
1990,nissan,nissan,pathfinder,1,exact,Pathfinder,MPV,Pathfinder 2WD,,1990-2026,true
1996,nissan,nissan,quest,1,exact,Quest,MPV,Quest,,1993-2009 2011-2017,true
1991,nissan,nissan,pickup,1,exact,Pickup,Truck,Truck 2WD,,1990-1997,true
2011,toyota,toyota,sienna,8,exact,Sienna,MPV,Sienna 2WD,,1995-2026,true
2020,nissan,nissan,leaf,4,exact,Leaf,Passenger Car,Leaf (40 kW-hr battery pack),,2011-2026,true
2010,lexus,lexus,is,5,exact,IS,Passenger Car,IS 250/IS 250C,,2001-2026,true
2021,mini,mini,countryman,6,exact,Countryman,MPV,Cooper Countryman,,2011-2026,true
2021,nissan,nissan,leaf,4,exact,Leaf,Passenger Car,Leaf (40 kW-hr battery pack),,2011-2026,true
2023,ferrari,ferrari,f8,1,exact,F8,Passenger Car,F8 Tributo,,2020-2023,true
2022,bmw,bmw,i4,1,exact,i4,Passenger Car,i4 M50 Gran Coupe (19 inch wheels),,2022-2026,true
2023,bmw,bmw,i4,1,exact,i4,Passenger Car,i4 M50 Gran Coupe (19 inch wheels),,2022-2026,true
2010,honda,honda,pilot,7,exact,Pilot,MPV,Pilot 2WD,,2003-2026,true
2022,nissan,nissan,titan-xd,4,exact,Titan,Truck,Titan 2WD,,2002-2024,true
2019,audi,audi,a5,1,exact,A5,Passenger Car,A5 quattro,,2008-2026,true
2023,bmw,bmw,i7,1,exact,i7,Passenger Car,i7 xDrive60 Sedan (19 inch wheels),,2023-2026,true
2015,nissan,nissan,altima,6,exact,Altima,Passenger Car,Altima,,1993-2026,true
2020,mercedes-benz,mercedesbenz,g-class,4,exact,G-Class,MPV,AMG G63,,1999 2002-2026,true
2010,chevrolet,chevrolet,tahoe,7,exact,Tahoe,MPV,Tahoe 1500 2WD,,1995-2026,true
1992,oldsmobile,oldsmobile,silhouette,1,exact,Silhouette,MPV,Silhouette 2WD,,1990-2004,true
1993,oldsmobile,oldsmobile,silhouette,1,exact,Silhouette,MPV,Silhouette 2WD,,1990-2004,true
1994,oldsmobile,oldsmobile,silhouette,1,exact,Silhouette,MPV,Silhouette 2WD,,1990-2004,true
1995,oldsmobile,oldsmobile,silhouette,1,exact,Silhouette,MPV,Silhouette 2WD,,1990-2004,true
2023,mercedes-benz,mercedesbenz,glb,3,exact,GLB-Class,MPV,GLB250 4matic,,2020-2026,true
2023,audi,audi,q5,6,exact,Q5,MPV,Q5 quattro,,2009-2026,true
2026,mercedes-benz,mercedesbenz,eqe,5,exact,EQE-Class Sedan,Passenger Car,AMG EQE 4matic Plus,,2023-2026,true
2023,maserati,maserati,levante,1,exact,Levante,MPV,Levante Modena,,2017-2024,true
2005,jeep,jeep,liberty,4,exact,Liberty,MPV,Liberty/Cherokee 2WD,,1993-2013,true
1998,oldsmobile,oldsmobile,silhouette,1,exact,Silhouette,MPV,Silhouette 2WD,,1990-2004,true
1999,oldsmobile,oldsmobile,silhouette,1,exact,Silhouette,MPV,Silhouette 2WD,,1990-2004,true
2019,mercedes,mercedesbenz,gls,7,exact,GLS-Class,MPV,GLS450 4matic,,2006-2026,true
2023,cadillac,cadillac,escalade-esv,6,exact,Escalade,MPV,Escalade 2WD,,1999-2026,true
2021,ferrari,ferrari,sf90,1,exact,SF90,Passenger Car,SF90 Stradale Coupe,,2021-2025,true
2004,jaguar,jaguar,x-type,1,exact,X-Type,Passenger Car,X-Type,,2002-2008,true
2023,aston martin,astonmartin,dbx,1,exact,DBX,MPV,,,2021-2026,true
2012,nissan,nissan,murano,5,exact,Murano,MPV,Murano FWD,,2002-2007 2009-2026,true
2009,nissan,nissan,armada,5,exact,Armada,MPV,Armada 2WD,,2002-2015 2017-2026,true
2000,subaru,subaru,legacy,6,exact,Legacy,Passenger Car,Legacy AWD,,1990-2026,true
2012,jaguar,jaguar,xf,5,exact,XF,Passenger Car,XF,,2009-2024,true
2003,ford,ford,expedition,7,exact,Expedition,MPV,Expedition 2WD,,1997-2026,true
2006,audi,audi,a8,1,exact,A8,Passenger Car,A8,,1997-2026,true
2004,ford,ford,expedition,7,exact,Expedition,MPV,Expedition 2WD,,1997-2026,true
2007,volvo,volvo,xc90,5,exact,XC90,Passenger Car,XC90 FWD,,2003-2014 2016-2026,true
2022,audi,audi,rs7,1,exact,RS 7,Passenger Car,RS 7,,2014-2018 2021-2026,true
2008,audi,audi,s6,1,exact,S6,Passenger Car,S6,,1995-1997 2002-2003 2007-2011 2013-2018 2020-2025,true
2010,audi,audi,s6,1,exact,S6,Passenger Car,S6,,1995-1997 2002-2003 2007-2011 2013-2018 2020-2025,true
2008,ford,ford,expedition,7,exact,Expedition,MPV,Expedition 2WD,,1997-2026,true
2010,ford,ford,expedition,7,exact,Expedition,MPV,Expedition 2WD FFV,,1997-2026,true
2011,volvo,volvo,xc90,5,exact,XC90,Passenger Car,XC90 FWD,,2003-2014 2016-2026,true
2014,nissan,nissan,murano,5,exact,Murano,MPV,Murano CrossCabriolet,,2002-2007 2009-2026,true
2015,ford,ford,expedition,7,exact,Expedition,MPV,Expedition 2WD,,1997-2026,true
2019,bmw,bmw,z4,3,exact,Z4,Passenger Car,Z4 sDrive30i,,1998-2001 2003-2016 2019-2026,true
2020,audi,audi,s3,1,exact,S3,Passenger Car,S3,,2015-2020 2022-2026,true
2019,mercedes-benz,mercedesbenz,g-class,4,exact,G-Class,MPV,G550,,1999 2002-2026,true
2020,acura,acura,mdx,6,exact,MDX,MPV,MDX FWD,,2001-2026,true
2020,acura,acura,rdx,5,exact,RDX,MPV,RDX FWD,,2007-2026,true
2026,audi,audi,sq7,1,exact,SQ7,MPV,SQ7,,2020-2026,true
2023,chevrolet,chevrolet,colorado,6,exact,Colorado,Truck,Colorado 2WD,,2004-2012 2015-2026,true
2008,mazda,mazda,mazda6,4,exact,Mazda6,Passenger Car,6,,2003-2026,true
2003,dodge,dodge,viper,3,exact,Viper,Passenger Car,Viper Convertible,,1992-2006 2008-2010 2013-2017,true
2001,jaguar,jaguar,x-type,1,none,,,,,2002-2008,true
1996,saturn,saturn,sc,1,exact,SL,Passenger Car,SC,,1991-2002,true
2020,acura,acura,ilx,5,exact,ILX,Passenger Car,ILX,,2013-2022,true
1998,saturn,saturn,sc,1,exact,SL,Passenger Car,SC,,1991-2002,true
1991,saturn,saturn,sl,1,exact,SL1,Passenger Car,SC,,1991-2002,true
1992,saturn,saturn,sl,1,exact,SL1,Passenger Car,SC,,1991-2002,true
1993,saturn,saturn,sl,1,exact,SL1,Passenger Car,SW,,1991-2002,true
1994,saturn,saturn,sl,1,exact,SL,Passenger Car,SC,,1991-2002,true
1995,saturn,saturn,sl,1,exact,SL,Passenger Car,SC,,1991-2002,true
1996,saturn,saturn,sl,1,exact,SL,Passenger Car,SC,,1991-2002,true
1993,saturn,saturn,sw,1,exact,SW1,Passenger Car,SW,,1991-2002,true
2022,gmc,gmc,acadia,6,exact,Acadia,MPV,Acadia FWD,,2007-2026,true
1998,oldsmobile,oldsmobile,aurora,1,exact,Aurora,Passenger Car,Aurora,,1995-1999 2001-2003,true
1999,oldsmobile,oldsmobile,aurora,1,exact,Aurora,Passenger Car,Aurora,,1995-1999 2001-2003,true
1995,chrysler,chrysler,cirrus,1,exact,Cirrus,Passenger Car,Cirrus,,1995-2000 2006,true
1996,chrysler,chrysler,cirrus,1,exact,Cirrus,Passenger Car,Cirrus,,1995-2000 2006,true
1990,oldsmobile,oldsmobile,silhouette,1,exact,Silhouette,MPV,Silhouette 2WD,,1990-2004,true
1991,oldsmobile,oldsmobile,silhouette,1,exact,Silhouette,MPV,Silhouette 2WD,,1990-2004,true
1997,chrysler,chrysler,cirrus,1,exact,Cirrus,Passenger Car,Cirrus,,1995-2000 2006,true
2021,gmc,gmc,acadia,6,exact,Acadia,MPV,Acadia FWD,,2007-2026,true
2007,lexus,lexus,es,5,exact,ES,Passenger Car,ES 350,,1990-2026,true
2020,audi,audi,q5,6,exact,Q5,MPV,Q5,,2009-2026,true
2023,land rover,landrover,range-rover-evoque,5,exact,Range Rover Evoque,MPV,Range Rover Evoque,,2012-2026,true
2020,cadillac,cadillac,ct5,5,exact,CT5,Passenger Car,CT5,,2020-2026,true
2016,nissan,nissan,murano,5,exact,Murano,MPV,Murano FWD,,2002-2007 2009-2026,true
2009,mazda,mazda,mx-5,1,exact,MX-5,Passenger Car,MX-5,,1990-1997 1999-2026,true
1997,chrysler,chrysler,lhs,1,exact,LHS,Passenger Car,New Yorker/LHS,,1994-1997 1999-2001 2003-2004,true
2010,volkswagen,volkswagen,touareg,1,exact,Touareg,MPV,Touareg,,2004-2018,true
2003,ford,ford,explorer,8,exact,Explorer,MPV,Explorer Sport Trac 2WD,,1991-2026,true
1999,chrysler,chrysler,lhs,1,exact,LHS,Passenger Car,LHS,,1994-1997 1999-2001 2003-2004,true
2013,kia,kia,sportage,7,exact,Sportage,MPV,Sportage 2WD,,1995-2026,true
1990,chrysler,chrysler,lebaron,1,exact,LeBaron,Passenger Car,LeBaron Convertible,,1990-1995,true
1991,chrysler,chrysler,lebaron,1,exact,LeBaron,Passenger Car,LeBaron Convertible,,1990-1995,true
2022,nissan,nissan,murano,5,exact,Murano,MPV,Murano FWD,,2002-2007 2009-2026,true
1994,chrysler,chrysler,lebaron,1,exact,LeBaron,Passenger Car,LeBaron Convertible,,1990-1995,true
2012,nissan,nissan,sentra,4,exact,Sentra,Passenger Car,Sentra,,1990-2026,true
2026,tesla,tesla,model-s,2,exact,Model S,Passenger Car,Model S,,2012-2026,true
2017,audi,audi,q3,4,exact,Q3,MPV,Q3,,2015-2026,true
1995,chrysler,chrysler,lebaron,1,exact,LeBaron,Passenger Car,LeBaron Convertible,,1990-1995,true
2001,mitsubishi,mitsubishi,galant,7,exact,Galant,Passenger Car,Galant,,1990-2012,true
2020,infiniti,infiniti,qx50,6,exact,QX50,MPV,QX50,,2008-2017 2019-2025,true
2011,acura,acura,rl,1,exact,RL,Passenger Car,RL,,1990-2012,true
2021,acura,acura,nsx,1,exact,NSX,Passenger Car,NSX Hybrid,,1990-2005 2016-2022,true
2003,mitsubishi,mitsubishi,eclipse,5,exact,Eclipse,Passenger Car,Eclipse Spyder,,1990-2012,true
2000,honda,honda,prelude,1,exact,Prelude,Passenger Car,Prelude,,1990-2001 2026,true
2001,lincoln,lincoln,ls,1,exact,LS,Passenger Car,LS,,2000-2006,true
2009,mercedes-benz,mercedesbenz,sl-class,2,exact,SL-Class,Passenger Car,SL550,,1990-2009 2011-2026,true
2018,subaru,subaru,wrx,3,exact,Impreza,Passenger Car,Impreza 5-Door,,1993-2026,true
2008,nissan,nissan,quest,1,exact,Quest,MPV,Quest,,1993-2009 2011-2017,true
2021,toyota,toyota,prius-v,1,exact,Prius,Passenger Car,Prius,,2001-2026,true
2001,toyota,toyota,rav4,9,exact,RAV4,MPV,RAV4 2WD,,1996-2026,true
2024,bmw,bmw,x6,2,exact,X6,MPV,X6 xDrive40i,,2008-2026,true
2004,mitsubishi,mitsubishi,lancer,7,exact,Lancer,Passenger Car,Lancer,,2002-2017,true
2010,mercedes-benz,mercedesbenz,slk-class,2,exact,SLK-Class,Passenger Car,SLK300,,1998-2016,true
2017,infiniti,infiniti,qx50,6,exact,QX50,Passenger Car,QX50,,2008-2017 2019-2025,true
2007,lincoln,lincoln,mkx,5,exact,MKX,MPV,MKX FWD,,2007-2018,true
2026,kia,kia,ev9,1,exact,EV9,MPV,EV9 Standard Range RWD,,2024-2026,true
2016,jaguar,jaguar,xe,5,none,,,,,2017-2021,true
2012,toyota,toyota,gt-86,1,none,,,,,2017-2020 2022-2026,true
2021,audi,audi,e-tron,1,exact,e-tron,MPV,e-tron,,2019-2026,true
2001,dodge,dodge,viper,1,exact,Viper,Passenger Car,Viper Convertible,,1992-2006 2008-2010 2013-2017,true
1998,chrysler,chrysler,sebring,1,exact,Sebring,Passenger Car,Sebring,,1995-2010,true
2024,toyota,toyota,grand-highlander,2,exact,Grand Highlander,MPV,Grand Highlander Hybrid,,2024-2026,true
2016,mercedes,mercedesbenz,gle-class-coupe,1,exact,GLE-Class,MPV,GLE350 4matic,,2016-2026,true
2009,ford,ford,explorer,8,exact,Explorer,MPV,Explorer Sport Trac 2WD,,1991-2026,true
2020,genesis,genesis,g70,4,exact,G70,Passenger Car,G70 AWD,,2019-2026,true
2021,audi,audi,a8,1,exact,A8 L,Passenger Car,A8 L,,1997-2026,true
2011,chevrolet,chevrolet,impala,4,exact,Impala,Passenger Car,Impala,,1994-1996 2000-2020,true
1991,nissan,nissan,maxima,1,exact,Maxima,Passenger Car,Maxima,,1990-2014 2016-2023,true
2018,ram,ram,1500,1,exact,1500,MPV,1500 2WD,,2013-2026,true
2020,lamborghini,lamborghini,aventador,1,exact,Aventador,Passenger Car,Aventador Coupe,,2011-2022,true
2026,audi,audi,q7,5,exact,Q7,MPV,Q7,,2007-2015 2017-2026,true
1999,mercedes,mercedesbenz,s-class,4,exact,S-Class,Passenger Car,S320,,1990-2026,true
1993,pontiac,pontiac,firebird,1,exact,Firebird,Passenger Car,Firebird/Formula,,1990-2002,true
2017,ram,ram,2500,4,exact,2500,Truck,,,2013-2026,true
2018,ram,ram,2500,1,exact,2500,MPV,,,2013-2026,true
2013,ram,ram,3500,6,exact,3500,MPV,,,2012-2026,true
2023,nissan,nissan,rogue,6,exact,Rogue,MPV,Rogue FWD,,2008-2026,true
2015,infiniti,infiniti,qx50,6,exact,QX50,Passenger Car,QX50,,2008-2017 2019-2025,true
2012,chevrolet,chevrolet,volt,1,exact,Volt,Passenger Car,Volt,,2011-2019,true
2019,lexus,lexus,lc,3,exact,LC,Passenger Car,LC 500,,2018-2026,true
2016,jeep,jeep,cherokee,1,exact,Cherokee,MPV,Cherokee FWD,,1990-2011 2014-2023 2026,true
2020,infiniti,infiniti,q50,5,exact,Q50,Passenger Car,Q50,,2014-2024,true
2011,kia,kia,sorento,7,exact,Sorento,MPV,Sorento 2WD,,2001-2009 2011-2026,true
1998,chrysler,chrysler,voyager,1,exact,Voyager,MPV,,,1995-2005 2007-2009 2020-2026,true
2000,mercedes,mercedesbenz,sl-class,2,exact,SL-Class,Passenger Car,SL500,,1990-2009 2011-2026,true
2008,kia,kia,sedona,2,exact,Sedona,Passenger Car,Sedona,,2001-2026,true
2020,infiniti,infiniti,qx80,4,exact,QX80,MPV,QX80 2WD,,2003-2026,true
2020,jaguar,jaguar,e-pace,5,exact,E-PACE,MPV,E-Pace,,2018-2024,true
2024,bmw,bmw,i7,1,exact,i7,Passenger Car,i7 eDrive50 Sedan (19 inch Wheels),,2023-2026,true
2012,mitsubishi,mitsubishi,eclipse,5,exact,Eclipse,Passenger Car,Eclipse Spyder,,1990-2012,true
2014,honda,honda,crosstour,1,exact,Accord,Passenger Car,Accord Plug-in Hybrid,,1990-2026,true
2015,honda,honda,crosstour,1,exact,Accord,Passenger Car,Accord,,1990-2026,true
2015,maserati,maserati,ghibli,1,exact,Ghibli,Passenger Car,Ghibli V6 SQ4,,2014-2024,true
2007,maserati,maserati,granturismo,1,none,,,,,2008-2026,true
2014,maserati,maserati,ghibli,1,exact,Ghibli,Passenger Car,Ghibli V6 AWD,,2014-2024,true
2018,ford,ford,f-250,1,exact,F-250,Truck,,,1990-2026,true
2018,ford,ford,f-350,1,exact,F-250,Truck,,,1990-2026,true
2026,kia,kia,k5,5,exact,K5,Passenger Car,K5 AWD,,2021-2026,true
2012,maserati,maserati,granturismo,1,exact,Granturismo,Passenger Car,GranTurismo,,2008-2026,true
2021,mclaren,mclaren,570s,1,exact,570S,Passenger Car,,,2011-2021,true
2024,jaguar,jaguar,xe,5,none,,,,,2017-2021,true
2017,maserati,maserati,quattroporte,1,exact,Quattroporte,Passenger Car,Quattroporte GTS,,1990-1991 2005-2024,true
2016,mclaren,mclaren,570s,1,exact,570S,Passenger Car,570S Coupe,,2011-2021,true
2017,mclaren,mclaren,570s,1,exact,570S,Passenger Car,570S Coupe,,2011-2021,true
2019,mclaren,mclaren,570s,1,exact,570S,Passenger Car,570GT,,2011-2021,true
2020,mclaren,mclaren,570s,1,exact,570S,Passenger Car,570S Coupe,,2011-2021,true
2002,mercedes,mercedesbenz,sl-class,2,exact,SL-Class,Passenger Car,SL500,,1990-2009 2011-2026,true
2004,mercedes,mercedesbenz,sl-class,2,exact,SL-Class,Passenger Car,SL500,,1990-2009 2011-2026,true
2020,mclaren,mclaren,720s,1,exact,720S,Passenger Car,720S Coupe,,2017-2023,true
2006,mercedes,mercedesbenz,sl-class,2,exact,SL-Class,Passenger Car,SL500,,1990-2009 2011-2026,true
2007,mercedes,mercedesbenz,sl-class,2,exact,SL-Class,Passenger Car,SL55 AMG,,1990-2009 2011-2026,true
2020,kia,kia,sportage,7,exact,Sportage,MPV,Sportage FWD,,1995-2026,true
2017,bentley,bentley,bentayga,1,exact,Bentayga,MPV,Bentayga,,2017-2026,true
1991,mazda,mazda,929,1,exact,929,Passenger Car,929,,1990-1996,true
2019,jaguar,jaguar,xf,5,exact,XF,Passenger Car,XF,,2009-2024,true
2003,oldsmobile,oldsmobile,alero,1,exact,Alero,Passenger Car,Alero,,1999-2004,true
2003,lincoln,lincoln,aviator,5,exact,Aviator,MPV,Aviator 2WD,,2003-2005 2020-2026,true
2006,chrysler,chrysler,town-and-country,2,exact,Town and Country,MPV,Town and Country 2WD,,1990-2016,true
2014,honda,honda,pilot,7,exact,Pilot,MPV,Pilot 2WD,,2003-2026,true
2009,honda,honda,odyssey,1,exact,Odyssey,MPV,Odyssey,,1995-2026,true
2010,honda,honda,odyssey,1,exact,Odyssey,MPV,Odyssey,,1995-2026,true
2011,honda,honda,odyssey,1,exact,Odyssey,MPV,Odyssey,,1995-2026,true
2012,honda,honda,odyssey,1,exact,Odyssey,MPV,Odyssey,,1995-2026,true
2004,acura,acura,tsx,4,exact,TSX,Passenger Car,TSX,,2004-2014,true
2020,ford,ford,ranger,6,exact,Ranger,Truck,Ranger 2WD,,1990-2011 2019-2026,true
2000,mercedes-benz,mercedesbenz,slk-class,2,exact,SLK-Class,Passenger Car,SLK230 Kompressor,,1998-2016,true
2020,lexus,lexus,gs,5,exact,GS,Passenger Car,GS F,,1993-2020,true
2014,honda,honda,odyssey,1,exact,Odyssey,MPV,Odyssey,,1995-2026,true
2015,honda,honda,odyssey,1,exact,Odyssey,MPV,Odyssey,,1995-2026,true
2009,saab,saab,9-5,1,exact,9-5,Passenger Car,9-5 Sedan,,1999-2012,true
2019,lotus,lotus,evora,1,exact,Evora,Passenger Car,,,2010-2021,true
2023,lincoln,lincoln,corsair,1,exact,Corsair,MPV,Corsair FWD,,2020-2026,true
2002,lincoln,lincoln,ls,1,exact,LS,Passenger Car,LS,,2000-2006,true
2000,lincoln,lincoln,ls,1,exact,LS,Passenger Car,LS,,2000-2006,true
2020,cadillac,cadillac,escalade-esv,6,exact,Escalade,MPV,Escalade 2WD,,1999-2026,true
2015,chrysler,chrysler,town-and-country,2,exact,Town and Country,Truck,Town and Country,,1990-2016,true
2019,maserati,maserati,levante,1,exact,Levante,MPV,Levante S,,2017-2024,true
2010,ford,ford,ranger,6,exact,Ranger,Truck,Ranger 2WD,,1990-2011 2019-2026,true
2011,nissan,nissan,pathfinder,5,exact,Pathfinder,MPV,Pathfinder 2WD,,1990-2026,true
2015,kia,kia,soul,6,exact,Soul,MPV,Soul,,2010-2025,true
2015,chevrolet,chevrolet,suburban,2,exact,Suburban,MPV,Suburban C1500 2WD,,1990-2026,true
1992,toyota,toyota,tercel,1,exact,Tercel,Passenger Car,Tercel,,1990-1999,true
1991,dodge,dodge,colt,1,exact,Colt,MPV,Colt,,1990-1995,true
1992,dodge,dodge,colt,1,exact,Colt,Passenger Car,Colt,,1990-1995,true
2020,chevrolet,chevrolet,suburban,2,exact,Suburban,MPV,Suburban C1500 2WD,,1990-2026,true
2016,maserati,maserati,levante,1,none,,,,,2017-2024,true
2002,ram,ram,1500,4,crossmake,Ram,Passenger Car,Ram 1500 Pickup 2WD,dodge,1990-2026,false
2016,lotus,lotus,evora,1,exact,Evora,Passenger Car,,,2010-2021,true
2017,mclaren,mclaren,720s,1,exact,720S,Passenger Car,,,2017-2023,true
2026,mclaren,mclaren,artura,1,exact,Artura,Passenger Car,,,2023-2026,true
1993,dodge,dodge,colt,1,exact,Colt,MPV,Colt,,1990-1995,true
2025,mazda,mazda,cx-9,5,none,,,,,2007-2023,true
2026,mazda,mazda,cx-9,5,none,,,,,2007-2023,true
1995,dodge,dodge,dakota,1,exact,Dakota,MPV,Dakota Pickup 2WD,,1990-2012,true
2008,ram,ram,1500,4,crossmake,Ram,Truck,Ram 1500 Pickup 2WD,dodge,1990-2026,false
2003,volvo,volvo,s60,5,exact,S60,Passenger Car,S60 AWD,,2001-2009 2011-2025,true
1998,dodge,dodge,dakota,1,exact,Dakota,MPV,Dakota Pickup 2WD,,1990-2012,true
2009,toyota,toyota,corolla,6,exact,Corolla,Passenger Car,Corolla,,1990-2026,true
1999,dodge,dodge,dakota,1,exact,Dakota,MPV,Dakota Pickup 2WD,,1990-2012,true
2007,jaguar,jaguar,s-type,1,exact,S-Type,Passenger Car,S-Type 3.0 Litre,,2000-2008,true
1997,toyota,toyota,supra,1,exact,Supra,Passenger Car,Supra,,1990-1998 2020-2026,true
2002,mercedes-benz,mercedesbenz,slk-class,2,exact,SLK-Class,Passenger Car,SLK230 Kompressor,,1998-2016,true
1999,dodge,dodge,intrepid,1,exact,Intrepid,Passenger Car,Intrepid,,1993-2004,true
1994,toyota,toyota,celica,1,exact,Celica,Passenger Car,Celica,,1990-2006,true
2010,chrysler,chrysler,pt-cruiser,2,exact,PT Cruiser,MPV,PT Cruiser,,1995-2010,true
1995,dodge,dodge,intrepid,1,exact,Intrepid,Passenger Car,Intrepid,,1993-2004,true
2015,jaguar,jaguar,xk,1,exact,XK,Passenger Car,XK,,1997-2015,true
2022,genesis,genesis,g70,4,exact,G70,Passenger Car,G70 RWD,,2019-2026,true
2007,bmw,bmw,m6,1,exact,M6,Passenger Car,M6,,2006-2010 2012-2019,true
2009,bmw,bmw,m6,1,exact,M6,Passenger Car,M6,,2006-2010 2012-2019,true
2013,bmw,bmw,m6,1,exact,M6,Passenger Car,M6 Coupe,,2006-2010 2012-2019,true
2022,bmw,bmw,m8,1,exact,M8,Passenger Car,M850i xDrive Coupe,,2019-2026,true
2024,bmw,bmw,m8,1,exact,M8,Passenger Car,M850i xDrive Coupe,,2019-2026,true
2005,mercedes,mercedesbenz,cls-class,1,exact,CLS-Class,Passenger Car,,,2005-2023,true
1990,dodge,dodge,dakota,1,exact,Dakota,Truck,Dakota Pickup 2WD,,1990-2012,true
2003,ford,ford,focus,3,exact,Focus,Passenger Car,Focus,,2000-2018,true
2006,mercedes,mercedesbenz,cls-class,1,exact,CLS-Class,Passenger Car,CLS500,,2005-2023,true
2008,mercedes,mercedesbenz,cls-class,1,exact,CLS-Class,Passenger Car,CLS550,,2005-2023,true
2009,mercedes,mercedesbenz,cls-class,1,exact,CLS-Class,Passenger Car,CLS550,,2005-2023,true
2011,mercedes,mercedesbenz,cls-class,1,exact,CLS-Class,Passenger Car,CLS63 AMG,,2005-2023,true
2012,mercedes,mercedesbenz,cls-class,1,exact,CLS-Class,Passenger Car,CLS550,,2005-2023,true
2013,mercedes,mercedesbenz,cls-class,1,exact,CLS-Class,Passenger Car,CLS550,,2005-2023,true
1996,dodge,dodge,stratus,1,exact,Stratus,Passenger Car,Stratus,,1995-2006,true
1998,dodge,dodge,stratus,1,exact,Stratus,Passenger Car,Stratus,,1995-2006,true
1997,dodge,dodge,stratus,1,exact,Stratus,Passenger Car,Stratus,,1995-2006,true
1999,dodge,dodge,viper,1,exact,Viper,Passenger Car,Viper Convertible,,1992-2006 2008-2010 2013-2017,true
2003,toyota,toyota,solara,1,exact,Camry,Passenger Car,Camry Solara Convertible,,1990-2026,true
2011,gmc,gmc,canyon,5,exact,Canyon,MPV,Canyon 2WD,,2004-2026,true
1993,toyota,toyota,tercel,1,exact,Tercel,Passenger Car,Tercel,,1990-1999,true
1992,dodge,dodge,viper,1,exact,Viper,Passenger Car,Viper,,1992-2006 2008-2010 2013-2017,true
1995,dodge,dodge,viper,1,exact,Viper,Passenger Car,Viper,,1992-2006 2008-2010 2013-2017,true
1996,dodge,dodge,viper,1,exact,Viper,Passenger Car,Viper,,1992-2006 2008-2010 2013-2017,true
2019,cadillac,cadillac,ats-v,1,exact,ATS,Passenger Car,ATS-V,,2013-2019,true
2017,toyota,toyota,86,1,exact,86,Passenger Car,86,,2017-2020 2022-2026,true
2015,dodge,dodge,viper,10,exact,Viper,Passenger Car,Viper SRT,,1992-2006 2008-2010 2013-2017,true
2022,genesis,genesis,g90,4,exact,G90,Passenger Car,G90 AWD,,2017-2026,true
1993,honda,honda,accord,1,exact,Accord,Passenger Car,Accord Wagon,,1990-2026,true
2005,acura,acura,nsx,1,exact,NSX,Passenger Car,NSX,,1990-2005 2016-2022,true
2020,volkswagen,volkswagen,gti,4,exact,Golf GTI,Passenger Car,GTI,,1990-2026,true
2022,genesis,genesis,gv80,3,exact,GV80,MPV,GV80 RWD,,2021-2026,true
1994,toyota,toyota,tercel,1,exact,Tercel,Passenger Car,Tercel,,1990-1999,true
2014,hyundai,hyundai,veloster,1,exact,Veloster,Passenger Car,Veloster,,2012-2022,true
2010,dodge,dodge,viper,3,exact,Viper,Passenger Car,Viper Convertible,,1992-2006 2008-2010 2013-2017,true
2014,mercedes,mercedesbenz,cla-class,1,exact,CLA-Class,Passenger Car,CLA250,,2014-2026,true
2016,mercedes,mercedesbenz,cla-class,2,exact,CLA-Class,Passenger Car,CLA250 4matic,,2014-2026,true
1994,ford,ford,aerostar,1,exact,Aerostar,Truck,Aerostar Van,,1990-1997,true
1995,ford,ford,aerostar,1,exact,Aerostar,MPV,Aerostar Van,,1990-1997,true
1996,ford,ford,aerostar,1,exact,Aerostar,MPV,Aerostar Van,,1990-1997,true
1997,ford,ford,aerostar,1,exact,Aerostar,MPV,Aerostar Van,,1990-1997,true
2002,bmw,bmw,z3,1,exact,Z3,Passenger Car,Z3 Coupe,,1996-2002,true
1995,toyota,toyota,avalon,1,exact,Avalon,Passenger Car,Avalon,,1995-2022,true
1996,toyota,toyota,avalon,1,exact,Avalon,Passenger Car,Avalon,,1995-2022,true
1995,toyota,toyota,tercel,1,exact,Tercel,Passenger Car,Tercel,,1990-1999,true
1993,toyota,toyota,t100,1,exact,T100,Truck,T100 2WD,,1990-1998,true
1994,toyota,toyota,t100,1,exact,T100,Truck,T100 2WD,,1990-1998,true
2019,dodge,dodge,journey,1,exact,Journey,MPV,Journey,,2009-2023,true
1995,toyota,toyota,celica,1,exact,Celica,Passenger Car,Celica Convertible,,1990-2006,true
2008,jaguar,jaguar,xk,1,exact,XK,Passenger Car,XK,,1997-2015,true
2019,alfa romeo,alfaromeo,4c,3,exact,4C,Passenger Car,4C,,2015-2020,true
1996,ford,ford,contour,1,exact,Contour,Passenger Car,Contour,,1995-2000,true
2000,acura,acura,integra-type-r,2,exact,Integra,Passenger Car,Integra,,1990-2001 2023-2026,true
1997,ford,ford,contour,1,exact,Contour,Passenger Car,Contour,,1995-2000,true
2020,rolls-royce,rollsroyce,phantom,1,exact,Phantom,Passenger Car,Phantom,,2004-2026,true
2019,audi,audi,q5,6,exact,Q5,MPV,Q5,,2009-2026,true
1999,ford,ford,contour,1,exact,Contour,Passenger Car,Contour,,1995-2000,true
1998,ford,ford,contour,1,exact,Contour,Passenger Car,Contour,,1995-2000,true
2006,honda,honda,odyssey,1,exact,Odyssey,MPV,Odyssey,,1995-2026,true
2007,honda,honda,odyssey,1,exact,Odyssey,MPV,Odyssey,,1995-2026,true
2008,honda,honda,odyssey,1,exact,Odyssey,Passenger Car,Odyssey,,1995-2026,true
2016,hyundai,hyundai,veloster,1,exact,Veloster,Passenger Car,Veloster,,2012-2022,true
2025,acura,acura,integra,1,exact,Integra,Passenger Car,Integra,,1990-2001 2023-2026,true
2006,ram,ram,3500,7,crossmake,Ram,Truck,,dodge,1990-2026,false
2021,ford,ford,mustang-mach-e,1,exact,Mustang Mach-E,MPV,Mustang Mach-E AWD,,2021-2026,true
2022,ford,ford,mustang-mach-e,1,exact,Mustang Mach-E,MPV,Mustang Mach-E AWD,,2021-2026,true
2024,hyundai,hyundai,ioniq-5,1,exact,Ioniq 5,MPV,Ioniq 5 Long range RWD,,2017-2026,true
2021,rolls-royce,rollsroyce,phantom,1,exact,Phantom,Passenger Car,Phantom,,2004-2026,true
2024,kia,kia,seltos,1,exact,Seltos,MPV,Seltos FWD,,2021-2026,true
2021,kia,kia,seltos,1,exact,Seltos,MPV,Seltos FWD,,2021-2026,true
2022,audi,audi,q5,6,exact,Q5,MPV,Q5 S line quattro,,2009-2026,true
2024,ford,ford,mustang-mach-e,1,exact,Mustang Mach-E,MPV,Mustang Mach-E RWD,,2021-2026,true
2025,ford,ford,mustang-mach-e,1,exact,Mustang Mach-E,MPV,Mustang Mach-E AWD,,2021-2026,true
2026,ford,ford,mustang-mach-e,1,exact,Mustang Mach-E,MPV,Mustang Mach-E AWD,,2021-2026,true
2022,hyundai,hyundai,ioniq-5,2,exact,Ioniq,Passenger Car,Ioniq,,2017-2026,true
2023,hyundai,hyundai,ioniq-5,2,exact,Ioniq 5,MPV,Ioniq 6 Long range AWD (18 inch Wheels),,2017-2026,true
2010,toyota,toyota,corolla,6,exact,Corolla,Passenger Car,Corolla,,1990-2026,true
2023,rolls-royce,rollsroyce,phantom,1,exact,Phantom,Passenger Car,Phantom,,2004-2026,true
2019,mclaren,mclaren,gt,1,exact,GT,Passenger Car,,,2017-2023,true
1992,dodge,dodge,caravan,1,exact,Caravan,Truck,Caravan C/V/Grand Caravan 2WD,,1990-2023,true
2023,acura,acura,zdx,1,none,,,,,2010-2013 2024-2026,true
1999,gmc,gmc,jimmy,1,exact,,,Jimmy 2WD,,1990-2004,true
2007,mercury,mercury,milan,1,exact,Milan,Passenger Car,Milan,,2006-2011,true
2010,mercury,mercury,milan,1,exact,Milan,Passenger Car,Milan AWD FFV,,2006-2011,true
2000,mercury,mercury,mountaineer,1,exact,Mountaineer,MPV,Mountaineer 2WD,,1997-2010,true
2019,toyota,toyota,yaris,1,exact,Yaris,Passenger Car,Yaris,,2007-2020,true
2012,volvo,volvo,s80,1,exact,S80,Passenger Car,S80 FWD,,1999-2016,true
2011,mercury,mercury,milan,1,exact,Milan,Passenger Car,Milan FWD,,2006-2011,true
2025,mini,mini,clubman,6,none,,,,,2008-2014 2016-2024,true
2024,kia,kia,soul,6,exact,Soul,MPV,Soul,,2010-2025,true
2026,chevrolet,chevrolet,tahoe,7,exact,Tahoe,MPV,Tahoe 2WD,,1995-2026,true
2021,toyota,toyota,avalon,2,exact,Avalon,Passenger Car,Avalon XLE,,1995-2022,true
2020,toyota,toyota,avalon,2,exact,Avalon,Passenger Car,Avalon XLE,,1995-2022,true
2006,mitsubishi,mitsubishi,outlander,5,exact,Outlander,MPV,Outlander 2WD,,2003-2026,true
2013,toyota,toyota,avalon,2,exact,Avalon,Passenger Car,Avalon,,1995-2022,true
2014,lamborghini,lamborghini,aventador,1,exact,Aventador,Passenger Car,Aventador Roadster,,2011-2022,true
2017,lamborghini,lamborghini,aventador,1,exact,Aventador,Passenger Car,Aventador Coupe,,2011-2022,true
2014,lamborghini,lamborghini,huracan,1,none,,,,,2015-2024,true
1994,ford,ford,escort,1,exact,Escort,Passenger Car,Escort,,1990-2003,true
2010,honda,honda,ridgeline,6,exact,Ridgeline,Truck,Ridgeline Truck 4WD,,2006-2026,true
2017,chevrolet,chevrolet,corvette,5,exact,Corvette,Passenger Car,Corvette,,1990-2026,true
2024,lamborghini,lamborghini,huracan,1,exact,Huracan,Passenger Car,Huracan Spyder,,2015-2024,true
2016,mercedes,mercedesbenz,cls-class,1,exact,CLS-Class,Passenger Car,CLS550,,2005-2023,true
2019,chevrolet,chevrolet,corvette,6,exact,Corvette,Passenger Car,Corvette,,1990-2026,true
2015,mclaren,mclaren,570s,1,exact,570S,Passenger Car,,,2011-2021,true
2011,toyota,toyota,corolla,6,exact,Corolla,Passenger Car,Corolla,,1990-2026,true
2021,mclaren,mclaren,720s,1,exact,720S,Passenger Car,720S Coupe,,2017-2023,true
2022,mclaren,mclaren,artura,1,none,,,,,2023-2026,true
2025,mclaren,mclaren,artura,1,exact,Artura,Passenger Car,,,2023-2026,true
2024,mclaren,mclaren,gt,1,none,,,,,2017-2023,true
2026,mclaren,mclaren,gt,1,none,,,,,2017-2023,true
1998,ford,ford,escort,1,exact,Escort,Passenger Car,Escort ZX2,,1990-2003,true
1991,honda,honda,civic,1,exact,Civic,Passenger Car,Civic CRX,,1990-2026,true
2014,lotus,lotus,elise,1,none,,,,,2005-2012,true
2012,honda,honda,ridgeline,6,exact,Ridgeline,Truck,Ridgeline Truck 4WD,,2006-2026,true
2009,lotus,lotus,evora,1,none,,,,,2010-2021,true
2014,maserati,maserati,quattroporte,1,exact,Quattroporte,Passenger Car,Quattroporte GTS,,1990-1991 2005-2024,true
2026,toyota,toyota,bz4x,1,exact,bZ,MPV,bZ (energy capacity 200 Ah),,2023-2026,true
2024,toyota,toyota,bz4x,1,exact,bZ4X,MPV,bZ4X,,2023-2026,true
2010,pontiac,pontiac,g6,1,exact,G6,Passenger Car,G6,,2005-2010,true
2025,audi,audi,a3,1,exact,A3,Passenger Car,A3 quattro,,2006-2013 2015-2020 2022-2026,true
2024,audi,audi,sq6-e-tron,1,none,,,,,2025-2026,true
2000,pontiac,pontiac,firebird,1,exact,Firebird,Passenger Car,Firebird/Trans Am,,1990-2002,true
2024,fiat,fiat,500x,1,none,,,,,2016-2023,true
1994,honda,honda,civic,1,exact,Civic,Passenger Car,Civic Del Sol,,1990-2026,true
1995,honda,honda,civic,1,exact,Civic,Passenger Car,Civic Del Sol,,1990-2026,true
1990,honda,honda,prelude,1,exact,Prelude,Passenger Car,Prelude,,1990-2001 2026,true
2014,tesla,tesla,model-s,2,exact,Model S,Passenger Car,Model S (85 kW-hr battery pack),,2012-2026,true
2014,toyota,toyota,yaris,1,exact,Yaris,Passenger Car,Yaris,,2007-2020,true
2005,honda,honda,odyssey,1,exact,Odyssey,Passenger Car,Odyssey,,1995-2026,true
2014,toyota,toyota,e-z,1,none,,,,,,true
2019,tesla,tesla,model-x,2,exact,Model X,Passenger Car,Model X 75D,,2016-2026,true
2015,toyota,toyota,fj-cruiser,1,none,,,,,2007-2014,true
2026,kia,kia,sorento,7,exact,Sorento,MPV,Sorento Hybrid FWD,,2001-2009 2011-2026,true
2000,toyota,toyota,solara,1,exact,Camry,Passenger Car,Camry Solara Convertible,,1990-2026,true
2002,toyota,toyota,soluna,1,none,,,,,,true
2000,toyota,toyota,soluna,1,none,,,,,,true
2016,toyota,toyota,corolla,6,exact,Corolla,Passenger Car,Corolla,,1990-2026,true
2023,chevrolet,chevrolet,tahoe,7,exact,Tahoe,MPV,Tahoe 2WD,,1995-2026,true
2002,ford,ford,focus,3,exact,Focus,Passenger Car,Focus,,2000-2018,true
1998,honda,honda,prelude,1,exact,Prelude,Passenger Car,Prelude,,1990-2001 2026,true
2023,lexus,lexus,ux,3,exact,UX,Passenger Car,UX 250h,,2019-2026,true
2022,audi,audi,q8,1,exact,Q8,MPV,Q8 quattro,,2019-2026,true
2002,audi,audi,a3,1,none,,,,,2006-2013 2015-2020 2022-2026,true
2024,audi,audi,q6-e-tron,1,none,,,,,2025-2026,true
2016,honda,honda,odyssey,1,exact,Odyssey,MPV,Odyssey,,1995-2026,true
2008,chrysler,chrysler,300,3,exact,300,Passenger Car,300 AWD,,1999-2023,true
2016,toyota,toyota,e-z,1,none,,,,,,true
2003,mitsubishi,mitsubishi,chariot-grandis,1,none,,,,,,true
2023,toyota,toyota,supra,8,exact,Supra,Passenger Car,GR Supra,,1990-1998 2020-2026,true
2024,lucid,lucid,air,4,exact,Air,Passenger Car,Air Pure RWD with 19 inch wheels,,2022-2026,true
2015,ford,ford,transit,1,exact,Transit,MPV,,,2015-2026,true
2024,volkswagen,volkswagen,arteon-sr,1,exact,,,Arteon 4motion,,2019-2024,true
2002,jeep,jeep,cherokee,1,exact,Cherokee,MPV,,,1990-2011 2014-2023 2026,true
2003,jeep,jeep,cherokee,1,exact,Cherokee,MPV,Liberty/Cherokee 2WD,,1990-2011 2014-2023 2026,true
2005,hyundai,hyundai,sonata,7,exact,Sonata,MPV,Sonata,,1990-2026,true
2024,volvo,volvo,ec40,1,exact,C40,MPV,C40 Recharge,,2022-2026,true
2025,volvo,volvo,ec40,1,exact,EC40,MPV,EC40 Twin,,2022-2026,true
2023,volvo,volvo,ex30,1,none,,,,,2025-2026,true
2023,volvo,volvo,ex90,1,none,,,,,2025-2026,true
2008,acura,acura,tl,6,exact,TL,Passenger Car,TL,,1990-2014,true
2016,acura,acura,rdx,5,exact,RDX,MPV,RDX 2WD,,2007-2026,true
2013,chevrolet,chevrolet,suburban,1,exact,Suburban,MPV,Suburban 1500 2WD,,1990-2026,true
2006,audi,audi,a4,3,exact,A4,Passenger Car,A4 Cabriolet,,1996-2025,true
2017,kia,kia,forte,5,exact,Forte,Passenger Car,Forte,,2010-2024,true
2009,mitsubishi,mitsubishi,eclipse,5,exact,Eclipse,Passenger Car,Eclipse Spyder,,1990-2012,true
2021,mercedes,mercedesbenz,cls-class,1,exact,CLS-Class,Passenger Car,CLS450,,2005-2023,true
2019,volvo,volvo,v90,5,exact,V90,Passenger Car,V90 FWD,,1997-1998 2017-2026,true
2024,mercedes,mercedesbenz,cls-class,1,none,,,,,2005-2023,true
2004,mercedes,mercedesbenz,cls-class-amg,1,none,,,,,2005-2023,true
2005,mercedes,mercedesbenz,cls-class-amg,1,exact,CLS-Class,Passenger Car,,,2005-2023,true
2025,volvo,volvo,ex40,1,exact,XC40,MPV,XC40 B5 AWD,,2019-2026,true
2020,toyota,toyota,corolla-cross,1,family,Corolla,Passenger Car,Corolla,,1990-2026,true
2023,audi,audi,a8,1,exact,A8 L,Passenger Car,A8 L,,1997-2026,true
2020,audi,audi,tt-s,1,exact,TT,Passenger Car,TT Roadster quattro,,2000-2006 2008-2023,true
2016,audi,audi,a8,3,exact,A8,Passenger Car,A8 L,,1997-2026,true
2020,volkswagen,volkswagen,arteon,1,exact,Arteon,Passenger Car,Arteon,,2019-2024,true
2023,volvo,volvo,xc40,1,exact,XC40,MPV,XC40 B4,,2019-2026,true
2021,volkswagen,volkswagen,arteon,1,exact,Arteon,Passenger Car,Arteon 4motion,,2019-2024,true
2021,volkswagen,volkswagen,jetta,6,exact,Jetta,Passenger Car,Jetta GLI,,1990-2026,true
2025,ram,ram,promaster,3,exact,ProMaster 1500,Truck,,,2014-2026,true
2025,bentley,bentley,flying-spur,1,exact,Flying Spur,Passenger Car,Continental GT,,1990-2026,true
2019,bentley,bentley,bentayga,1,exact,Bentayga,MPV,Bentayga,,2017-2026,true
2007,cadillac,cadillac,cts,6,exact,CTS,Passenger Car,CTS,,2003-2019,true
2020,mercedes,mercedesbenz,c-class-amg,1,exact,C-Class,Passenger Car,C300 4matic,,1994-2026,true
2023,volkswagen,volkswagen,jetta,6,exact,Jetta,Passenger Car,Jetta,,1990-2026,true
2000,ford,ford,escape,1,none,,,,,2001-2026,true
2012,ford,ford,mustang-shelby-gt350,1,exact,Mustang,Passenger Car,Mustang,,1990-2026,true
2003,nissan,nissan,sentra,4,exact,Sentra,Passenger Car,Sentra,,1990-2026,true
2002,lexus,lexus,gs,5,exact,GS,Passenger Car,GS 300/GS 430,,1993-2020,true
2019,gmc,gmc,yukon,7,exact,Yukon,MPV,Yukon C1500 2WD,,1990-2026,true
2009,nissan,nissan,rogue,5,exact,Rogue,MPV,Rogue FWD,,2008-2026,true
2004,honda,honda,odyssey,3,exact,Odyssey,Passenger Car,Odyssey,,1995-2026,true
2019,hyundai,hyundai,sonata,6,exact,Sonata,Passenger Car,Sonata,,1990-2026,true
2019,jaguar,jaguar,xe,5,exact,XE,Passenger Car,XE,,2017-2021,true
2010,mini,mini,clubman,6,exact,Clubman,Passenger Car,Clubman,,2008-2014 2016-2024,true
2006,chrysler,chrysler,pt-cruiser,2,exact,PT Cruiser,Passenger Car,PT Cruiser,,1995-2010,true
2019,hyundai,hyundai,tucson,6,exact,Tucson,MPV,Tucson FWD,,2005-2026,true
2022,toyota,toyota,86,1,exact,GR86,Passenger Car,GR 86,,2017-2020 2022-2026,true
2002,jaguar,jaguar,s-type,1,exact,S-Type,Passenger Car,S-Type,,2000-2008,true
2019,infiniti,infiniti,qx60,5,exact,QX60,MPV,QX60 FWD,,2013-2026,true
2017,mercedes,mercedesbenz,cla-class,1,exact,CLA-Class,Passenger Car,AMG CLA45 4matic,,2014-2026,true
1994,ford,ford,probe,1,exact,Probe,Passenger Car,Probe,,1990-1997,true
2019,jeep,jeep,renegade,5,exact,Renegade,MPV,Renegade 2WD,,2015-2023,true
2022,mercedes,mercedesbenz,cls-class,1,exact,CLS-Class,Passenger Car,CLS450 4matic,,2005-2023,true
1995,ford,ford,probe,1,exact,Probe,Passenger Car,Probe,,1990-1997,true
2019,kia,kia,niro,5,exact,Niro,MPV,Niro,,2017-2026,true
2014,toyota,toyota,prius,5,exact,Prius,Passenger Car,Prius v,,2001-2026,true
1996,ford,ford,probe,1,exact,Probe,Passenger Car,Probe,,1990-1997,true
2007,toyota,toyota,prius,5,exact,Prius,Passenger Car,Prius,,2001-2026,true
2018,acura,acura,rlx,2,exact,RLX,Passenger Car,RLX,,2014-2020,true
2022,fiat,fiat,500x,1,exact,500X,MPV,500X AWD,,2016-2023,true
2019,lexus,lexus,es,5,exact,ES,Passenger Car,ES 350,,1990-2026,true
2019,lexus,lexus,gx,6,exact,GX,MPV,GX 460,,2003-2026,true
2004,toyota,toyota,prius,5,exact,Prius,Passenger Car,Prius,,2001-2026,true
2011,volvo,volvo,v50,1,exact,V50,Passenger Car,V50 FWD,,2005-2011,true
2024,mercedes,mercedesbenz,cls-class-amg,1,none,,,,,2005-2023,true
1990,ford,ford,ranger,1,exact,Ranger,MPV,Ranger Pickup 2WD,,1990-2011 2019-2026,true
2015,bmw,bmw,x1,4,exact,X1,Passenger Car,X1 xDrive28i,,2012-2026,true
2006,chrysler,chrysler,sebring,1,exact,Sebring,Passenger Car,Sebring Convertible,,1995-2010,true
2006,acura,acura,rsx,1,exact,RSX,Passenger Car,RSX,,2002-2006,true
2008,kia,kia,optima,2,exact,Optima,Passenger Car,Optima,,2001-2020,true
2004,chevrolet,chevrolet,monte-carlo,1,exact,Monte Carlo,Passenger Car,Monte Carlo,,1995-2007,true
2021,chrysler,chrysler,pacifica,2,exact,Pacifica,MPV,Pacifica,,2004-2009 2017-2026,true
2022,chrysler,chrysler,pacifica,2,exact,Pacifica,MPV,Pacifica,,2004-2009 2017-2026,true
2002,jeep,jeep,liberty,4,exact,Liberty,MPV,Liberty 2WD,,1993-2013,true
2002,chrysler,chrysler,town-and-country,2,exact,Town and Country,MPV,Town and Country/Voyager/Grand Voy. 2WD,,1990-2016,true
2009,volkswagen,volkswagen,rabbit,1,exact,Rabbit,Passenger Car,GTI,,1990-2026,true
2004,mercedes,mercedesbenz,cls-class,1,none,,,,,2005-2023,true
2021,audi,audi,a5,1,exact,A5,Passenger Car,A5 quattro,,2008-2026,true
2007,volkswagen,volkswagen,rabbit,1,exact,Rabbit,Passenger Car,GTI,,1990-2026,true
2004,bmw,bmw,m5,1,none,,,,,1991-1993 2000-2003 2006-2010 2013-2023 2025-2026,true
1995,volvo,volvo,850,1,exact,,,850,,1993-1997,true
1996,volvo,volvo,850,1,exact,,,850,,1993-1997,true
1995,volvo,volvo,940,1,exact,,,940,,1991-1995,true
2021,toyota,toyota,fj-cruiser,1,none,,,,,2007-2014,true
2014,chrysler,chrysler,town-and-country,2,exact,Town and Country,MPV,Town and Country,,1990-2016,true
2009,honda,honda,fit,1,exact,Fit,Passenger Car,Fit,,2007-2020,true
2010,honda,honda,fit,1,exact,Fit,Passenger Car,Fit,,2007-2020,true
2000,hyundai,hyundai,elantra,1,exact,Elantra,Passenger Car,Elantra,,1992-2026,true
2001,hyundai,hyundai,elantra,1,exact,Elantra,Passenger Car,Elantra,,1992-2026,true
2007,kia,kia,optima,2,exact,Optima,Passenger Car,Optima,,2001-2020,true
2014,kia,kia,optima,2,exact,Optima,Passenger Car,Optima,,2001-2020,true
2016,kia,kia,optima,2,exact,Optima,Passenger Car,Optima Hybrid,,2001-2020,true
2022,lexus,lexus,lx,5,exact,LX,MPV,LX 600,,1996-2026,true
2024,kia,kia,k5,1,exact,K5,Passenger Car,K5,,2021-2026,true
2025,kia,kia,k5,1,exact,K5,Passenger Car,K5 AWD,,2021-2026,true
2007,cadillac,cadillac,escalade,6,exact,Escalade,MPV,Escalade AWD,,1999-2026,true
2011,mazda,mazda,mx-5-miata,2,exact,MX-5,Passenger Car,MX-5,,1990-1997 1999-2026,true
2012,mazda,mazda,mx-5-miata,2,exact,MX-5,Passenger Car,MX-5,,1990-1997 1999-2026,true
2010,mazda,mazda,mazda3,2,exact,Mazda3,Passenger Car,3,,2003-2026,true
2001,mazda,mazda,mx-5-miata,1,exact,MX-5,Passenger Car,MX-5 Miata,,1990-1997 1999-2026,true
2003,mazda,mazda,mx-5-miata,1,exact,MX-5,Passenger Car,MX-5 Miata,,1990-1997 1999-2026,true
2012,nissan,nissan,370z,3,exact,370Z,Passenger Car,370Z,,2009-2022,true
2015,nissan,nissan,370z,3,exact,370Z,Passenger Car,370Z,,2009-2022,true
2001,mazda,mazda,mx-5,1,exact,MX-5,Passenger Car,MX-5 Miata,,1990-1997 1999-2026,true
2005,acura,acura,rl,1,exact,RL,Passenger Car,RL,,1990-2012,true
2006,acura,acura,rl,1,exact,RL,Passenger Car,RL,,1990-2012,true
1991,jeep,jeep,cherokee,1,exact,Cherokee,MPV,Cherokee 2WD,,1990-2011 2014-2023 2026,true
2007,acura,acura,rl,1,exact,RL,Passenger Car,RL,,1990-2012,true
2016,nissan,nissan,370z,3,exact,370Z,Passenger Car,370Z,,2009-2022,true
1992,jeep,jeep,cherokee,1,exact,Cherokee,MPV,Cherokee 2WD,,1990-2011 2014-2023 2026,true
1999,jeep,jeep,cherokee,1,exact,Cherokee,Truck,Cherokee 2WD,,1990-2011 2014-2023 2026,true
1996,chrysler,chrysler,concorde,1,exact,Concorde,Passenger Car,Concorde,,1993-2004,true
2019,nissan,nissan,370z,3,exact,370Z,Passenger Car,370Z,,2009-2022,true
2020,nissan,nissan,370z,3,exact,370Z,Passenger Car,370Z,,2009-2022,true
2014,lexus,lexus,lx,5,exact,LX,MPV,LX 570,,1996-2026,true
2007,dodge,dodge,magnum,1,exact,Magnum,MPV,Magnum,,2005-2008,true
2003,pontiac,pontiac,bonneville,1,exact,Bonneville,Passenger Car,Bonneville,,1990-2005,true
2003,nissan,nissan,pathfinder,5,exact,Pathfinder,MPV,Pathfinder 2WD,,1990-2026,true
2010,lexus,lexus,lx,5,exact,LX,MPV,LX 570,,1996-2026,true
2003,hummer,hummer,h1,1,exact,H1,MPV,,,1992-2006,true
2012,mercedes,mercedesbenz,slk-class,2,exact,SLK-Class,Passenger Car,SLK350,,1998-2016,true
2000,volvo,volvo,s40,1,exact,S40,Passenger Car,S40 FWD,,1999-2011,true
2006,volvo,volvo,s40,1,exact,S40,MPV,S40 AWD,,1999-2011,true
2021,dodge,dodge,durango,1,exact,Durango,MPV,Durango RWD,,1995-2009 2011-2026,true
2011,cadillac,cadillac,escalade,6,exact,Escalade,Truck,Escalade Hybrid 2WD,,1999-2026,true
2019,audi,audi,q8,4,exact,Q8,MPV,Q8,,2019-2026,true
2025,porsche,porsche,taycan,1,exact,Taycan,Passenger Car,Taycan 4S Perf Battery Plus 19 inch Wheels,,2020-2026,true
2014,volkswagen,volkswagen,routan,1,exact,Routan,Truck,Routan,,2009-2014,true
2004,jeep,jeep,wrangler,5,exact,Wrangler,MPV,Wrangler/TJ 4WD,,1990-2026,true
2021,ferrari,ferrari,f8,1,exact,F8,Passenger Car,F8 Tributo,,2020-2023,true
2000,lincoln,lincoln,continental,5,exact,Continental,Passenger Car,Continental,,1990-2002 2017-2020,true
1999,honda,honda,odyssey,1,exact,Odyssey,Passenger Car,Odyssey,,1995-2026,true
2018,buick,buick,cascada,3,exact,Cascada,Passenger Car,Cascada,,2016-2019,true
2011,ford,ford,flex,1,exact,Flex,MPV,Flex FWD,,2009-2019,true
2008,jeep,jeep,wrangler,2,exact,Wrangler,MPV,Wrangler 2WD,,1990-2026,true
2014,kia,kia,sportage,7,exact,Sportage,MPV,Sportage 2WD,,1995-2026,true
2011,hyundai,hyundai,elantra,5,exact,Elantra,Passenger Car,Elantra Touring,,1992-2026,true
2026,ferrari,ferrari,sf90,1,none,,,,,2021-2025,true
2016,lamborghini,lamborghini,aventador,1,exact,Aventador,Passenger Car,Aventador Coupe,,2011-2022,true
2025,genesis,genesis,g70,4,exact,G70,Passenger Car,G70 AWD,,2019-2026,true
2000,land rover,landrover,defender,1,none,,,,,1993-1995 1997 2020-2026,true
2002,buick,buick,rendezvous,1,exact,Rendezvous,MPV,Rendezvous FWD,,2001-2007,true
2002,land rover,landrover,defender,1,none,,,,,1993-1995 1997 2020-2026,true
2012,aston martin,astonmartin,vantage,1,exact,V8 Vantage,Passenger Car,V12 Vantage,,2006-2026,true
2007,mercedes,mercedesbenz,cls-class,1,exact,CLS-Class,Passenger Car,CLS550,,2005-2023,true
2004,nissan,nissan,quest,1,exact,Quest,Truck,Quest,,1993-2009 2011-2017,true
2019,chevrolet,chevrolet,silverado,1,exact,Silverado,Truck,Silverado LD C15 2WD,,1990-2026,true
2017,mercedes,mercedesbenz,slc-class,2,exact,SLC-Class,Passenger Car,SLC300,,2017-2020,true
1991,cadillac,cadillac,eldorado,1,exact,Eldorado,Passenger Car,Eldorado,,1990-2002,true
1992,cadillac,cadillac,eldorado,1,exact,Eldorado,Passenger Car,Eldorado,,1990-2002,true
1992,nissan,nissan,pathfinder,1,exact,Pathfinder,MPV,Pathfinder Van (cargo),,1990-2026,true
2021,mazda,mazda,mazda3,1,exact,Mazda3,Passenger Car,3 4-Door 2WD,,2003-2026,true
2020,toyota,toyota,sequoia,6,exact,Sequoia,MPV,Sequoia 2WD,,2000-2026,true
2007,chevrolet,chevrolet,colorado,6,exact,Colorado,Truck,Colorado 2WD,,2004-2012 2015-2026,true
2014,nissan,nissan,xterra,6,exact,Xterra,MPV,Xterra 2WD,,2000-2015,true
2008,chevrolet,chevrolet,colorado,6,exact,Colorado,Truck,Colorado 2WD,,2004-2012 2015-2026,true
2011,chevrolet,chevrolet,colorado,6,exact,Colorado,Truck,Colorado 2WD,,2004-2012 2015-2026,true
2006,chevrolet,chevrolet,suburban,1,exact,Suburban,MPV,Suburban 1500 4WD,,1990-2026,true
2015,ferrari,ferrari,488,1,none,,,,,2016-2020,true
1993,nissan,nissan,pathfinder,1,exact,Pathfinder,Truck,Pathfinder 2WD,,1990-2026,true
2001,chevrolet,chevrolet,tahoe,7,exact,Tahoe,MPV,Tahoe 1500 2WD,,1995-2026,true
2009,chevrolet,chevrolet,tahoe,7,exact,Tahoe,MPV,Tahoe 1500 2WD,,1995-2026,true
1990,geo,geo,metro,1,exact,Metro,Passenger Car,Metro LSI Convertible,,1990-2001,true
1991,geo,geo,metro,1,exact,Metro,Passenger Car,Metro LSI Convertible,,1990-2001,true
1992,geo,geo,metro,1,exact,Metro,Passenger Car,Metro LSI Convertible,,1990-2001,true
1993,geo,geo,metro,1,exact,Metro,Passenger Car,Metro LSI Convertible,,1990-2001,true
2014,mini,mini,cooper,6,exact,Cooper Convertible,Passenger Car,Cooper Clubvan,,2002-2026,true
2010,maserati,maserati,granturismo,1,exact,Granturismo,Passenger Car,GranTurismo,,2008-2026,true
2023,jaguar,jaguar,f-type,1,exact,F-TYPE,Passenger Car,F-Type R AWD Coupe,,2014-2024,true
2000,chevrolet,chevrolet,monte-carlo,1,exact,Monte Carlo,Passenger Car,Lumina/Monte Carlo,,1995-2007,true
2007,chevrolet,chevrolet,equinox,5,exact,Equinox,MPV,Equinox FWD,,2005-2026,true
2013,mini,mini,countryman,6,exact,Countryman,Passenger Car,Cooper Countryman,,2011-2026,true
2017,maserati,maserati,levante,1,exact,Levante,MPV,Levante S,,2017-2024,true
2001,mitsubishi,mitsubishi,l400,1,none,,,,,,true
2022,mitsubishi,mitsubishi,mirage,1,exact,Mirage,Passenger Car,Mirage,,1990-2002 2014-2024,true
2021,mitsubishi,mitsubishi,mirage,1,exact,Mirage,Passenger Car,Mirage,,1990-2002 2014-2024,true
2020,mitsubishi,mitsubishi,mirage,1,exact,Mirage,Passenger Car,Mirage,,1990-2002 2014-2024,true
2004,lexus,lexus,gx,6,exact,GX,MPV,GX 470,,2003-2026,true
2020,alfa romeo,alfaromeo,4c,3,exact,4C,Passenger Car,4C,,2015-2020,true
2002,mitsubishi,mitsubishi,chariot-grandis,1,none,,,,,,true
2026,lexus,lexus,lx,5,exact,LX,MPV,LX 600,,1996-2026,true
2005,mitsubishi,mitsubishi,i,1,none,,,,,2012-2018,true
2008,mitsubishi,mitsubishi,maven,1,none,,,,,,true
2025,mercedes,mercedesbenz,eqe,5,exact,EQE-Class Sedan,Passenger Car,AMG EQE 4matic Plus,,2023-2026,true
2011,nissan,nissan,xterra,6,exact,Xterra,MPV,Xterra 4WD,,2000-2015,true
2022,nissan,nissan,kicks,1,exact,Kicks,Passenger Car,Kicks,,2018-2026,true
2020,jaguar,jaguar,xf,5,exact,XF,Passenger Car,XF,,2009-2024,true
2024,nissan,nissan,kicks,1,exact,Kicks,Passenger Car,Kicks,,2018-2026,true
2009,nissan,nissan,pathfinder,5,exact,Pathfinder,MPV,Pathfinder 2WD,,1990-2026,true
2020,maserati,maserati,levante,1,exact,Levante,MPV,Levante S,,2017-2024,true
2010,nissan,nissan,pathfinder,5,exact,Pathfinder,MPV,Pathfinder 2WD,,1990-2026,true
2013,nissan,nissan,versa,4,exact,Versa,Passenger Car,Versa,,2007-2025,true
2010,honda,honda,element,1,exact,Element,MPV,Element 2WD,,2003-2011,true
2016,aston martin,astonmartin,vantage,1,exact,V8 Vantage,Passenger Car,V8 Vantage,,2006-2026,true
2022,aston martin,astonmartin,db11,1,exact,DB11,Passenger Car,DB11 V8,,2017-2024,true
2005,nissan,nissan,sentra,4,exact,Sentra,Passenger Car,Sentra,,1990-2026,true
2023,aston martin,astonmartin,vantage,1,exact,Vantage,Passenger Car,Vantage V8,,2006-2026,true
2007,nissan,nissan,sentra,4,exact,Sentra,Passenger Car,Sentra,,1990-2026,true
2008,nissan,nissan,sentra,4,exact,Sentra,Passenger Car,Sentra,,1990-2026,true
2011,acura,acura,zdx,1,exact,ZDX,MPV,ZDX 4WD,,2010-2013 2024-2026,true
1991,volkswagen,volkswagen,passat,1,exact,Passat,Passenger Car,Passat,,1990-2022,true
2024,aston martin,astonmartin,vantage,1,exact,Vantage,Passenger Car,,,2006-2026,true
2011,nissan,nissan,sentra,4,exact,Sentra,Passenger Car,Sentra,,1990-2026,true
2000,oldsmobile,oldsmobile,intrigue,1,exact,Intrigue,Passenger Car,Intrigue,,1998-2002,true
2015,aston martin,astonmartin,vantage,1,exact,V8 Vantage,Passenger Car,V8 Vantage,,2006-2026,true
2009,nissan,nissan,sentra,4,exact,Sentra,Passenger Car,Sentra,,1990-2026,true
2017,lexus,lexus,lc,1,none,,,,,2018-2026,true
2015,jaguar,jaguar,xf,5,exact,XF,Passenger Car,XF,,2009-2024,true
2020,lexus,lexus,ux,1,exact,UX,Passenger Car,UX 250h,,2019-2026,true
2012,nissan,nissan,rogue,5,exact,Rogue,MPV,Rogue FWD,,2008-2026,true
2010,lexus,lexus,gx,6,exact,GX,MPV,GX 460,,2003-2026,true
2020,aston martin,astonmartin,dbx,1,none,,,,,2021-2026,true
2016,jaguar,jaguar,xf,5,exact,XF,Passenger Car,XF,,2009-2024,true
2017,honda,honda,fit,2,exact,Fit,Passenger Car,Fit,,2007-2020,true
2010,mercedes,mercedesbenz,g-class,2,exact,G-Class,MPV,G550,,1999 2002-2026,true
2011,aston martin,astonmartin,vantage,1,exact,V8 Vantage,Passenger Car,V12 Vantage,,2006-2026,true
2011,nissan,nissan,rogue,5,exact,Rogue,MPV,Rogue FWD,,2008-2026,true
2019,toyota,toyota,mirai,1,exact,Mirai,Passenger Car,Mirai,,2016-2026,true
2005,honda,honda,element,1,exact,Element,MPV,Element 2WD,,2003-2011,true
2025,cadillac,cadillac,xt4,1,exact,XT4,MPV,XT4 FWD,,2019-2025,true
2021,aston martin,astonmartin,vantage,1,exact,Vantage,Passenger Car,Vantage V8,,2006-2026,true
2026,aston martin,astonmartin,vantage,1,exact,Vantage,Passenger Car,Vantage,,2006-2026,true
2002,isuzu,isuzu,axiom,1,exact,Axiom,MPV,Axiom 2WD,,2002-2004,true
2010,honda,honda,insight,3,exact,Insight,Passenger Car,Insight,,2000-2014 2019-2022,true
2021,ford,ford,fusion,1,none,,,,,2006-2020,true
2005,aston martin,astonmartin,vantage,1,none,,,,,2006-2026,true
2008,audi,audi,a8,1,exact,A8,Passenger Car,A8,,1997-2026,true
2013,honda,honda,crosstour,1,exact,Accord,Passenger Car,Accord,,1990-2026,true
2016,infiniti,infiniti,q60,1,none,,,,,2014-2015 2017-2022,true
2022,kia,kia,seltos,1,exact,Seltos,MPV,Seltos FWD,,2021-2026,true
2023,mitsubishi,mitsubishi,eclipse-cross,1,exact,Eclipse Cross,MPV,Eclipse Cross 2WD,,2018-2026,true
2006,lexus,lexus,gx,6,exact,GX,MPV,GX 470,,2003-2026,true
2008,nissan,nissan,versa,4,exact,Versa,Passenger Car,Versa,,2007-2025,true
2010,nissan,nissan,versa,4,exact,Versa,Passenger Car,Versa,,2007-2025,true
2023,chevrolet,chevrolet,bolt-ev,2,exact,Bolt EV,Passenger Car,Bolt EUV,,2017-2023,true
2009,nissan,nissan,versa,4,exact,Versa,Passenger Car,Versa,,2007-2025,true
2015,nissan,nissan,versa,4,exact,Versa,Passenger Car,Versa,,2007-2025,true
2023,nissan,nissan,versa,4,exact,Versa,Passenger Car,Versa,,2007-2025,true
1991,chevrolet,chevrolet,s10,1,exact,S-10 Pickup,MPV,S10 Pickup 2WD,,1990-2005 2019-2026,true
2017,nissan,nissan,versa,4,exact,Versa,Passenger Car,Versa,,2007-2025,true
2022,cadillac,cadillac,xt5,1,exact,XT5,MPV,XT5 FWD,,2017-2026,true
2020,nissan,nissan,versa,4,exact,Versa,Passenger Car,Versa,,2007-2025,true
2000,isuzu,isuzu,trooper,1,exact,Trooper,MPV,Trooper 2WD,,1990-2002,true
2002,isuzu,isuzu,trooper,1,exact,Trooper,MPV,Trooper 2WD,,1990-2002,true
2026,nissan,nissan,versa,4,none,,,,,2007-2025,true
2005,pontiac,pontiac,g6,1,exact,G6,Passenger Car,G6,,2005-2010,true
2021,ford,ford,maverick,1,none,,,,,2022-2026,true
2020,ford,ford,mustang-mach-e,1,none,,,,,2021-2026,true
2019,lincoln,lincoln,corsair,1,none,,,,,2020-2026,true
2021,jaguar,jaguar,xf,5,exact,XF,Passenger Car,XF P250 AWD,,2009-2024,true
2024,lexus,lexus,ux,1,exact,UX,Passenger Car,UX 250h,,2019-2026,true
2017,maserati,maserati,ghibli,1,exact,Ghibli,Passenger Car,Ghibli V6 SQ4 AWD,,2014-2024,true
2017,mercedes,mercedesbenz,g-class,4,exact,G-Class,MPV,AMG G63,,1999 2002-2026,true
2022,mercedes,mercedesbenz,eqb,2,exact,EQB-Class,MPV,EQB 300 4matic,,2022-2025,true
2007,chrysler,chrysler,crossfire,1,exact,Crossfire,Passenger Car,Crossfire Coupe,,2004-2008,true
2008,chrysler,chrysler,crossfire,1,exact,Crossfire,Passenger Car,Crossfire Coupe,,2004-2008,true
1993,saturn,saturn,s-series,1,exact,SL1,Passenger Car,SW,,1991-2002,true
2019,mclaren,mclaren,720s,1,exact,720S,Passenger Car,720S Coupe,,2017-2023,true
2011,lamborghini,lamborghini,aventador,1,exact,Aventador,Passenger Car,,,2011-2022,true
1997,saturn,saturn,s-series,1,exact,SL1,Passenger Car,SC,,1991-2002,true
1998,saturn,saturn,s-series,1,exact,SL,Passenger Car,SC,,1991-2002,true
2015,lexus,lexus,gx,6,exact,GX,MPV,GX 460,,2003-2026,true
2015,porsche,porsche,macan,5,exact,Macan,MPV,Macan S,,2015-2026,true
2005,chevrolet,chevrolet,trailblazer,1,exact,Trailblazer,MPV,TrailBlazer 2WD,,2002-2009 2021-2026,true
2017,fiat,fiat,500,1,exact,500,Passenger Car,500e,,2012-2026,true
2023,alfa romeo,alfaromeo,stelvio,6,exact,Stelvio,MPV,Stelvio,,2018-2026,true
1996,saturn,saturn,s-series,1,exact,SL,Passenger Car,SC,,1991-2002,true
2010,buick,buick,lucerne,1,exact,Lucerne,Passenger Car,Lucerne,,2006-2011,true
2014,infiniti,infiniti,qx80,4,exact,QX80,MPV,QX80 2WD,,2003-2026,true
2024,mercedes,mercedesbenz,eqb,2,exact,EQB-Class,MPV,EQB 250 Plus,,2022-2025,true
2005,saturn,saturn,vue,1,exact,Vue,MPV,Vue FWD,,2002-2010,true
2024,jaguar,jaguar,e-pace,1,exact,E-PACE,MPV,E-Pace,,2018-2024,true
2022,mercedes,mercedesbenz,eqa,1,none,,,,,,true
2003,honda,honda,element,1,exact,Element,MPV,Element 2WD,,2003-2011,true
2017,toyota,toyota,mirai,1,exact,Mirai,Passenger Car,Mirai,,2016-2026,true
2026,tesla,tesla,model-x,2,exact,Model X,MPV,Model X,,2016-2026,true
2007,volvo,volvo,s40,1,exact,S40,Passenger Car,S40 AWD,,1999-2011,true
2021,buick,buick,encore,1,exact,Encore,MPV,Encore GX FWD,,2013-2026,true
2005,toyota,toyota,4runner,3,exact,4Runner,MPV,4Runner 2WD,,1990-2026,true
2021,cadillac,cadillac,xt5,1,exact,XT5,MPV,XT5 AWD,,2017-2026,true
1991,plymouth,plymouth,acclaim,1,exact,Acclaim,Passenger Car,Acclaim,,1990-1995,true
2006,toyota,toyota,4runner,3,exact,4Runner,MPV,4Runner 2WD,,1990-2026,true
2008,volkswagen,volkswagen,gti,4,exact,GTI,Passenger Car,GTI,,1990-2026,true
2023,audi,audi,sq8,1,exact,SQ8,MPV,SQ8,,2020-2026,true
1993,plymouth,plymouth,acclaim,1,exact,Acclaim,Passenger Car,Acclaim,,1990-1995,true
2023,mercedes,mercedesbenz,eqa,1,none,,,,,,true
2025,mercedes,mercedesbenz,eqa,1,none,,,,,,true
1992,audi,audi,100,1,exact,100,Passenger Car,100 quattro Wagon,,1990-1994,true
1994,audi,audi,100,1,exact,100,Passenger Car,100,,1990-1994,true
1990,audi,audi,200,1,exact,200,Passenger Car,200,,1990-1991,true
1992,audi,audi,80,1,exact,,,80,,1990-1995,true
1993,audi,audi,80,1,exact,,,90 quattro,,1990-1995,true
1992,audi,audi,90,1,exact,90,Passenger Car,80,,1990-1995,true
1997,audi,audi,a6,1,exact,A6,Passenger Car,A6,,1995-2026,true
1993,audi,audi,90,1,exact,90,Passenger Car,90 quattro,,1990-1995,true
1991,volkswagen,volkswagen,gti,1,exact,,,Golf/GTI,,1990-2026,true
2002,honda,honda,odyssey,3,exact,Odyssey,MPV,Odyssey,,1995-2026,true
1990,audi,audi,80,1,exact,80,Passenger Car,80,,1990-1995,true
1991,audi,audi,80,1,exact,80,Passenger Car,80 quattro,,1990-1995,true
2020,cadillac,cadillac,ct4,1,exact,CT4,Passenger Car,CT4,,2020-2026,true
1998,volkswagen,volkswagen,golf,1,exact,Golf,Passenger Car,Golf/GTI,,1990-2026,true
2022,tesla,tesla,model-y,3,exact,Model Y,MPV,Model Y RWD,,2020-2026,true
1994,audi,audi,80,1,exact,,,90 quattro,,1990-1995,true
1995,audi,audi,80,1,exact,,,90,,1990-1995,true
2000,toyota,toyota,celica,1,exact,Celica,Passenger Car,Celica,,1990-2006,true
1990,toyota,toyota,camry,1,exact,Camry,Passenger Car,Camry,,1990-2026,true
1994,plymouth,plymouth,acclaim,1,exact,Acclaim,Passenger Car,Acclaim,,1990-1995,true
2021,kia,kia,stinger,1,exact,Stinger,Passenger Car,Stinger AWD,,2018-2023,true
2014,mazda,mazda,cx-9,1,exact,CX-9,MPV,CX-9 2WD,,2007-2023,true
1993,audi,audi,v8,1,exact,V8,Passenger Car,V8,,1990-1994,true
2008,mini,mini,clubman,6,exact,Clubman,Passenger Car,Clubman,,2008-2014 2016-2024,true
2001,saab,saab,9-3,1,exact,9-3,Passenger Car,9-3 Convertible,,1999-2012,true
2017,aston martin,astonmartin,db11,1,exact,DB11,Passenger Car,DB11 V12,,2017-2024,true
2004,saab,saab,9-5,1,exact,9-5,Passenger Car,9-5,,1999-2012,true
2005,saab,saab,9-5,1,exact,9-5,Passenger Car,9-5,,1999-2012,true
1990,volkswagen,volkswagen,passat,1,exact,Passat,Passenger Car,Passat,,1990-2022,true
2024,aston martin,astonmartin,db11,1,exact,DB11,Passenger Car,,,2017-2024,true
2011,saab,saab,9-5,1,exact,9-5,Passenger Car,9-5 Sedan,,1999-2012,true
2022,aston martin,astonmartin,dbx,1,exact,DBX,MPV,,,2021-2026,true
2017,toyota,toyota,4runner,8,exact,4Runner,MPV,4Runner 2WD,,1990-2026,true
2008,aston martin,astonmartin,vantage,1,exact,Vantage,Passenger Car,V8 Vantage,,2006-2026,true
2009,aston martin,astonmartin,vantage,1,exact,V8 Vantage,Passenger Car,V8 Vantage,,2006-2026,true
2017,lexus,lexus,gs,5,exact,GS,Passenger Car,GS F,,1993-2020,true
2010,aston martin,astonmartin,vantage,1,exact,V8 Vantage,Passenger Car,V8 Vantage,,2006-2026,true
2013,aston martin,astonmartin,vantage,1,exact,V8 Vantage,Passenger Car,V8 Vantage,,2006-2026,true
1996,volkswagen,volkswagen,cabrio,1,exact,Cabrio,Passenger Car,Cabrio,,1990-1993 1995-2002,true
1997,volkswagen,volkswagen,cabrio,1,exact,Cabrio,Passenger Car,Cabrio,,1990-1993 1995-2002,true
1998,volkswagen,volkswagen,cabrio,1,exact,Cabrio,Passenger Car,Cabrio,,1990-1993 1995-2002,true
1996,volkswagen,volkswagen,passat,1,exact,Passat,Passenger Car,Passat,,1990-2022,true
1997,volkswagen,volkswagen,passat,1,exact,Passat,Passenger Car,Passat,,1990-2022,true
1990,audi,audi,90,1,exact,90,Passenger Car,80,,1990-1995,true
2008,toyota,toyota,sienna,4,exact,Sienna,MPV,Sienna 2WD,,1995-2026,true
1996,audi,audi,80,1,none,,,,,1990-1995,true
2020,land rover,landrover,discovery,5,exact,Discovery,MPV,Discovery,,1994-2026,true
1991,audi,audi,90,1,exact,90,Passenger Car,80 quattro,,1990-1995,true
2023,audi,audi,q8,1,exact,Q8,MPV,Q8,,2019-2026,true
2026,volvo,volvo,v60,1,exact,V60CC,MPV,V60CC B5 AWD,,2015-2026,true
2024,bmw,bmw,m4,3,exact,M4,Passenger Car,M4 Coupe,,2015-2026,true
2010,bmw,bmw,z4,4,exact,Z4,MPV,Z4 sDrive30i,,1998-2001 2003-2016 2019-2026,true
2006,subaru,subaru,forester,7,exact,Forester,Passenger Car,Forester AWD,,1998-2026,true
2013,chrysler,chrysler,200,1,exact,200,Passenger Car,200 Convertible,,2011-2017,true
2025,mercedes,mercedesbenz,gla-class,1,exact,GLA-Class,MPV,AMG GLA35 4matic,,2015-2026,true
2008,subaru,subaru,forester,7,exact,Forester,Passenger Car,Forester AWD,,1998-2026,true
2010,subaru,subaru,forester,7,exact,Forester,MPV,Forester AWD,,1998-2026,true
2011,subaru,subaru,forester,7,exact,Forester,MPV,Forester AWD,,1998-2026,true
2017,aston martin,astonmartin,vantage,1,exact,V8 Vantage,Passenger Car,V12 Vantage S,,2006-2026,true
2005,toyota,toyota,echo,1,exact,Echo,Passenger Car,Echo,,2000-2005,true
2022,aston martin,astonmartin,vantage,1,exact,Vantage,Passenger Car,Vantage V8,,2006-2026,true
2009,subaru,subaru,impreza,5,exact,Impreza,Passenger Car,Impreza AWD,,1993-2026,true
2010,subaru,subaru,impreza,5,exact,Impreza,Passenger Car,Impreza AWD,,1993-2026,true
2021,nissan,nissan,versa,4,exact,Versa,Passenger Car,Versa,,2007-2025,true
2007,aston martin,astonmartin,vantage,1,exact,Vantage,Passenger Car,V8 Vantage,,2006-2026,true
2022,dodge,dodge,hornet,1,none,,,,,2023-2025,true
2016,tesla,tesla,model-s,2,exact,Model S,Passenger Car,Model S (70 kW-hr battery pack),,2012-2026,true
1990,chevrolet,chevrolet,c2500,1,exact,GMT-400,Truck,C2500 Pickup 2WD,,1990-2026,true
2023,jaguar,jaguar,e-pace,1,exact,E-PACE,MPV,E-Pace,,2018-2024,true
2026,mazda,mazda,mazda3,1,exact,Mazda3,Passenger Car,3 4-Door 2WD,,2003-2026,true
1994,audi,audi,90,1,exact,90,Passenger Car,90 quattro,,1990-1995,true
2012,mini,mini,clubman,6,exact,Clubman,Passenger Car,Cooper Clubman,,2008-2014 2016-2024,true
2017,mini,mini,clubman,6,exact,Clubman,Passenger Car,Cooper S Clubman All4,,2008-2014 2016-2024,true
2026,nissan,nissan,maxima,6,none,,,,,1990-2014 2016-2023,true
2003,toyota,toyota,soluna,1,none,,,,,,true
2004,toyota,toyota,solara,1,exact,Camry,Passenger Car,Camry Solara Convertible,,1990-2026,true
2007,toyota,toyota,solara,1,exact,Camry,Passenger Car,Camry,,1990-2026,true
2022,audi,audi,a8,1,exact,A8 L,Passenger Car,A8 L quattro,,1997-2026,true
2006,toyota,toyota,solara,1,exact,Camry,Passenger Car,Camry Solara,,1990-2026,true
2008,toyota,toyota,solara,1,exact,Camry,Passenger Car,Camry Solara,,1990-2026,true
2004,toyota,toyota,xa,1,exact,Scion xA,Passenger Car,,,2004-2006,true
2011,toyota,toyota,e-z,1,none,,,,,,true
2005,mitsubishi,mitsubishi,eclipse-spider,1,exact,Eclipse,Passenger Car,Eclipse Spyder,,1990-2012,true
2016,toyota,toyota,gt-86,1,none,,,,,2017-2020 2022-2026,true
2014,toyota,toyota,gt-86,1,none,,,,,2017-2020 2022-2026,true
2000,toyota,toyota,mr2-roadster,1,exact,MR2,Passenger Car,MR2,,1991-1995 2000-2007,true
2003,audi,audi,a3,1,none,,,,,2006-2013 2015-2020 2022-2026,true
2024,audi,audi,a5,1,exact,A5,Passenger Car,A5 Sportback quattro,,2008-2026,true
1996,chrysler,chrysler,voyager,1,exact,Voyager,MPV,,,1995-2005 2007-2009 2020-2026,true
2026,volvo,volvo,ec40,1,exact,EC40,MPV,EC40,,2022-2026,true
2026,audi,audi,a5,1,exact,A5,Passenger Car,A5 quattro,,2008-2026,true
2001,audi,audi,a6,4,exact,A6,Passenger Car,A6,,1995-2026,true
2023,kia,kia,niro,5,exact,Niro,MPV,Niro,,2017-2026,true
2016,audi,audi,a5,1,exact,A5,Passenger Car,A5 quattro,,2008-2026,true
2020,toyota,toyota,yaris,1,exact,Yaris,Passenger Car,Yaris,,2007-2020,true
2011,audi,audi,a5,1,exact,A5,Passenger Car,A5 Cabriolet,,2008-2026,true
2009,audi,audi,a5,1,exact,A5,Passenger Car,A5 quattro,,2008-2026,true
1991,audi,audi,100,1,exact,100,Passenger Car,100,,1990-1994,true
2016,audi,audi,q5,6,exact,Q5,MPV,Q5,,2009-2026,true
1990,audi,audi,100,1,exact,100,Passenger Car,100,,1990-1994,true
2025,audi,audi,q5,6,exact,Q5,MPV,Q5 S line quattro,,2009-2026,true
1997,hummer,hummer,h1,1,exact,H1,MPV,,,1992-2006,true
1993,audi,audi,100,1,exact,100,Passenger Car,100,,1990-1994,true
2013,bmw,bmw,i8,1,none,,,,,2014-2017 2019-2020,true
2010,toyota,toyota,yaris,1,exact,Yaris,Passenger Car,Yaris,,2007-2020,true
2012,volvo,volvo,s40,1,none,,,,,1999-2011,true
2025,volvo,volvo,v60,1,exact,V60,Passenger Car,V60CC B5 AWD,,2015-2026,true
2017,ford,ford,fiesta,6,exact,Fiesta,Passenger Car,Fiesta FWD,,2011-2019,true
2024,volkswagen,volkswagen,tiguan,6,exact,Tiguan,MPV,Tiguan S,,2009-2026,true
2017,toyota,toyota,gt-86,1,exact,86,Passenger Car,86,,2017-2020 2022-2026,true
2017,honda,honda,accord,6,exact,Accord,Passenger Car,Accord,,1990-2026,true
2024,lexus,lexus,ls,4,exact,LS,Passenger Car,LS 500h AWD,,1990-2026,true
2024,infiniti,infiniti,q50,5,exact,Q50,Passenger Car,Q50,,2014-2024,true
2026,porsche,porsche,911,8,exact,911,Passenger Car,911 Carrera,,1990-2026,true
2024,volkswagen,volkswagen,taos,1,exact,Taos,MPV,Taos,,2022-2026,true
2016,gmc,gmc,acadia,6,exact,Acadia,MPV,Acadia FWD,,2007-2026,true
2005,gmc,gmc,canyon,5,exact,Canyon,Truck,Canyon 2WD,,2004-2026,true
2009,hyundai,hyundai,tucson,6,exact,Tucson,MPV,Tucson 2WD,,2005-2026,true
2017,honda,honda,ridgeline,6,exact,Ridgeline,Truck,Ridgeline FWD,,2006-2026,true
2019,lexus,lexus,lx,5,exact,LX,MPV,LX 570,,1996-2026,true
2004,toyota,toyota,celica,1,exact,Celica,Passenger Car,Celica,,1990-2006,true
2018,chevrolet,chevrolet,malibu,5,exact,Malibu,Passenger Car,Malibu,,1997-2025,true
2013,kia,kia,forte,5,exact,Forte,Passenger Car,Forte Koup,,2010-2024,true
2012,toyota,toyota,e-z,1,none,,,,,,true
2009,infiniti,infiniti,qx50,6,family,EX35,Passenger Car,EX35,,2008-2017 2019-2025,true
2008,nissan,nissan,pathfinder,5,exact,Pathfinder,MPV,Pathfinder 2WD,,1990-2026,true
2008,lexus,lexus,lx,5,exact,LX,MPV,LX 570,,1996-2026,true
2025,lexus,lexus,gx,6,exact,GX,MPV,GX 550,,2003-2026,true
2002,lexus,lexus,es,5,exact,ES,Passenger Car,ES 300,,1990-2026,true
2017,infiniti,infiniti,qx60,5,exact,QX60,MPV,QX60 FWD,,2013-2026,true
2017,infiniti,infiniti,q50,5,exact,Q50,Passenger Car,Q50,,2014-2024,true
2025,chevrolet,chevrolet,suburban,6,exact,Suburban,MPV,Suburban 2WD,,1990-2026,true
2024,audi,audi,q7,5,exact,Q7,MPV,Q7 quattro,,2007-2015 2017-2026,true
2017,jeep,jeep,compass,6,exact,Compass,MPV,Compass FWD,,2006-2026,true
2025,lincoln,lincoln,corsair,1,exact,Corsair,MPV,Corsair FWD,,2020-2026,true
2017,lexus,lexus,is,5,exact,IS,Passenger Car,IS 300 AWD,,2001-2026,true
2017,jeep,jeep,renegade,5,exact,Renegade,MPV,Renegade 2WD,,2015-2023,true
2023,acura,acura,integra,1,exact,Integra,Passenger Car,Integra,,1990-2001 2023-2026,true
2000,mercedes,mercedesbenz,g-class-amg,1,none,,,,,1999 2002-2026,true
2001,mercedes,mercedesbenz,g-class-amg,1,none,,,,,1999 2002-2026,true
2010,gmc,gmc,canyon,5,exact,Canyon,MPV,Canyon 2WD,,2004-2026,true
2004,subaru,subaru,baja,1,exact,Baja,MPV,Baja AWD,,2003-2006,true
2015,gmc,gmc,canyon,5,exact,Canyon,Truck,Canyon 2WD,,2004-2026,true
1990,porsche,porsche,911,1,exact,911,Passenger Car,911 Carrera 4/2,,1990-2026,true
2010,lexus,lexus,ls,4,exact,LS,Passenger Car,LS 460,,1990-2026,true
1995,jaguar,jaguar,xjs,1,exact,XJS,Passenger Car,XJS V12 Convertible,,1990-2019,true
1999,geo,geo,prizm,1,crossmake,Geo Prizm,Passenger Car,Prizm,chevrolet,1990-2002,false
2012,mini,mini,roadster,1,exact,Cooper Convertible,Passenger Car,Cooper Coupe,,2002-2026,true
2015,mini,mini,roadster,1,exact,Cooper Convertible,Passenger Car,Cooper Roadster,,2002-2026,true
2017,volkswagen,volkswagen,touareg,1,exact,Touareg,MPV,Touareg,,2004-2018,true
2014,toyota,toyota,etios-valco,1,none,,,,,,true
2013,toyota,toyota,etios-valco,1,none,,,,,,true
2012,toyota,toyota,etios-valco,1,none,,,,,,true
2006,toyota,toyota,mr2-spyder,1,exact,MR2,Passenger Car,,,1991-1995 2000-2007,true
2012,dodge,dodge,dart,1,none,,,,,2013-2016,true
2000,nissan,nissan,sentra,4,exact,Sentra,Passenger Car,Sentra,,1990-2026,true
2019,gmc,gmc,canyon,5,exact,Canyon,Truck,Canyon 2WD,,2004-2026,true
2007,mitsubishi,mitsubishi,maven,1,none,,,,,,true
2018,chevrolet,chevrolet,cruze,6,exact,Cruze,Passenger Car,Cruze,,2010-2019,true
2024,mazda,mazda,cx-90,1,exact,CX-90,MPV,CX-90 4WD,,2024-2026,true
2020,bmw,bmw,m5,4,exact,M5,Passenger Car,M5,,1991-1993 2000-2003 2006-2010 2013-2023 2025-2026,true
2009,mitsubishi,mitsubishi,i,1,none,,,,,2012-2018,true
2018,infiniti,infiniti,q50,9,exact,Q50,Passenger Car,Q50,,2014-2024,true
2005,kia,kia,optima,2,exact,Optima,Passenger Car,Optima,,2001-2020,true
1991,chevrolet,chevrolet,c2500,1,exact,GMT-400,MPV,K2500 Pickup 4WD,,1990-2026,true
2019,bmw,bmw,x6,3,exact,X6,MPV,X6 sDrive35i,,2008-2026,true
2004,toyota,toyota,echo,1,exact,Echo,Passenger Car,Echo,,2000-2005,true
1998,acura,acura,tl,1,exact,TL,Passenger Car,2.5TL/3.2TL,,1990-2014,true
2014,gmc,gmc,terrain,6,exact,Terrain,MPV,Terrain FWD,,2009-2026,true
2013,mercedes,mercedesbenz,cla-class,1,none,,,,,2014-2026,true
2003,toyota,toyota,echo,1,exact,Echo,Passenger Car,Echo,,2000-2005,true
2024,audi,audi,q5,6,exact,Q5,MPV,Q5 quattro,,2009-2026,true
2009,toyota,toyota,yaris,1,exact,Yaris,Passenger Car,Yaris,,2007-2020,true
2011,toyota,toyota,yaris,1,exact,Yaris,Passenger Car,Yaris,,2007-2020,true
2010,audi,audi,s4,3,exact,S4,Passenger Car,S4,,1992-1994 2000-2002 2004-2016 2018-2025,true
2002,volkswagen,volkswagen,passat,5,exact,Passat,MPV,Passat 4motion,,1990-2022,true
1998,acura,acura,rl,1,exact,RL,Passenger Car,3.5RL,,1990-2012,true
2018,kia,kia,optima,8,exact,Optima,Passenger Car,Optima,,2001-2020,true
2023,nissan,nissan,murano,5,exact,Murano,MPV,Murano FWD,,2002-2007 2009-2026,true
1998,saab,saab,900,1,exact,900,Passenger Car,900SE Convertible,,1990-1998,true
1991,saab,saab,9000,1,exact,9000,Passenger Car,9000,,1990-1998,true
2006,volkswagen,volkswagen,rabbit,1,exact,Golf,Passenger Car,Golf,,1990-2026,true
2011,volkswagen,volkswagen,routan,1,exact,Routan,MPV,Routan,,2009-2014,true
2010,volkswagen,volkswagen,routan,1,exact,Routan,MPV,Routan,,2009-2014,true
1998,saab,saab,9000,1,exact,9000,Passenger Car,9000,,1990-1998,true
2019,volkswagen,volkswagen,golf,4,exact,Golf,Passenger Car,e-Golf,,1990-2026,true
2022,audi,audi,s8l,1,exact,S8,Passenger Car,S8,,2001-2003 2007-2009 2013-2018 2020-2026,true
2021,audi,audi,s8l,1,exact,S8,Passenger Car,S8,,2001-2003 2007-2009 2013-2018 2020-2026,true
2009,volkswagen,volkswagen,jetta,6,exact,Jetta,Passenger Car,Jetta,,1990-2026,true
2011,volkswagen,volkswagen,jetta,6,exact,Jetta,Passenger Car,Jetta,,1990-2026,true
2009,jaguar,jaguar,x-type,1,none,,,,,2002-2008,true
2025,audi,audi,q6l-sportback-e-tron,1,exact,Q6,MPV,Q6 e-tron quattro (19 inch wheels),,2025-2026,true
2013,volkswagen,volkswagen,golf,4,exact,Golf,Passenger Car,GTI,,1990-2026,true
2015,alfa romeo,alfaromeo,4c,3,exact,4C,Passenger Car,4C,,2015-2020,true
2014,volkswagen,volkswagen,golf,4,exact,Golf,Passenger Car,Golf,,1990-2026,true
2009,lexus,lexus,lx,5,exact,LX,MPV,LX 570,,1996-2026,true
2011,lexus,lexus,lx,5,exact,LX,MPV,LX 570,,1996-2026,true
2012,land rover,landrover,defender,1,none,,,,,1993-1995 1997 2020-2026,true
2016,honda,honda,ridgeline,6,exact,Ridgeline,Truck,,,2006-2026,true
2000,toyota,toyota,rav4,3,exact,RAV4,MPV,RAV4 2WD,,1996-2026,true
1993,chrysler,chrysler,imperial,1,exact,Imperial,Passenger Car,Fifth Avenue/Imperial,,1990-1993,true
2004,pontiac,pontiac,gto,1,exact,GTO,Passenger Car,GTO,,2004-2006,true
2006,pontiac,pontiac,gto,1,exact,GTO,Passenger Car,GTO,,2004-2006,true
2005,pontiac,pontiac,gto,1,exact,GTO,Passenger Car,GTO,,2004-2006,true
2023,audi,audi,a7,1,exact,A7,Passenger Car,A7,,2012-2025,true
2022,nissan,nissan,pathfinder,5,exact,Pathfinder,MPV,Pathfinder 2WD,,1990-2026,true
2014,porsche,porsche,macan,1,none,,,,,2015-2026,true
2021,porsche,porsche,taycan,1,exact,Taycan,Passenger Car,Taycan 4S Perf Battery,,2020-2026,true
2017,volkswagen,volkswagen,golf,4,exact,Golf,Passenger Car,Golf R,,1990-2026,true
2026,tesla,tesla,cybertruck,1,exact,Cybertruck,Truck,Cybertruck AWD,,2024-2026,true
2024,tesla,tesla,model-s,2,exact,Model S,Passenger Car,Model S,,2012-2026,true
2000,oldsmobile,oldsmobile,alero,1,exact,Alero,Passenger Car,Alero,,1999-2004,true
2005,volkswagen,volkswagen,gti,4,exact,GTI,Passenger Car,Golf,,1990-2026,true
1992,mercedes-benz,mercedesbenz,e-class,2,family,,,300CE,,1990-2026,true
2018,honda,honda,civic,12,exact,Civic,Passenger Car,Civic 5Dr,,1990-2026,true
2019,nissan,nissan,rogue,5,exact,Rogue,MPV,Rogue FWD,,2008-2026,true
2023,tesla,tesla,model-3,3,exact,Model 3,Passenger Car,Model 3 Long Range AWD,,2017-2026,true
2016,honda,honda,pilot,7,exact,Pilot,MPV,Pilot 2WD,,2003-2026,true
2004,gmc,gmc,yukon,6,exact,Yukon,MPV,Yukon 1500 2WD,,1990-2026,true
2016,hyundai,hyundai,elantra,5,exact,Elantra,Passenger Car,Elantra GT,,1992-2026,true
2017,tesla,tesla,model-3,3,exact,Model 3,Passenger Car,Model 3 Long Range,,2017-2026,true
2020,tesla,tesla,model-x,3,exact,Model X,Passenger Car,Model X Long Range,,2016-2026,true
2016,hyundai,hyundai,tucson,6,exact,Tucson,MPV,Tucson FWD,,2005-2026,true
2016,jeep,jeep,renegade,5,exact,Renegade,MPV,Renegade 2WD,,2015-2023,true
2012,volkswagen,volkswagen,tiguan,6,exact,Tiguan,MPV,Tiguan,,2009-2026,true
2002,volkswagen,volkswagen,beetle,1,exact,Beetle,MPV,New Beetle,,1998-2010 2012-2019,true
2006,volkswagen,volkswagen,golf,4,exact,Golf,Passenger Car,Golf,,1990-2026,true
2013,chevrolet,chevrolet,colorado,6,none,,,,,2004-2012 2015-2026,true
2023,porsche,porsche,taycan,1,exact,Taycan,Passenger Car,Taycan 4 Cross Turismo,,2020-2026,true
1994,chevrolet,chevrolet,k3500,1,exact,GMT-400,MPV,,,1990-2026,true
2017,nissan,nissan,pathfinder,5,exact,Pathfinder,MPV,Pathfinder 2WD,,1990-2026,true
1995,chevrolet,chevrolet,k3500,1,exact,GMT-400,Truck,,,1990-2026,true
2017,audi,audi,q7,5,exact,Q7,MPV,Q7,,2007-2015 2017-2026,true
2007,suzuki,suzuki,sx4,1,exact,SX4,Passenger Car,SX4,,2007-2013,true
2009,suzuki,suzuki,sx4,1,exact,SX4,Passenger Car,SX4 Sedan,,2007-2013,true
2005,volkswagen,volkswagen,beetle,1,exact,Beetle,Passenger Car,New Beetle Convertible,,1998-2010 2012-2019,true
2006,volkswagen,volkswagen,beetle,1,exact,Beetle,Passenger Car,New Beetle Convertible,,1998-2010 2012-2019,true
2007,honda,honda,fit,1,exact,Fit,Passenger Car,Fit,,2007-2020,true
2007,volkswagen,volkswagen,beetle,1,exact,Beetle,Passenger Car,New Beetle Convertible,,1998-2010 2012-2019,true
1996,chevrolet,chevrolet,s-10,1,exact,Blazer,MPV,S10 Pickup 2WD,,1990-2005 2019-2026,true
2016,ford,ford,expedition,7,exact,Expedition,MPV,Expedition EL 2WD,,1997-2026,true
2009,volkswagen,volkswagen,beetle,1,exact,Beetle,Passenger Car,New Beetle Convertible,,1998-2010 2012-2019,true
2004,toyota,toyota,corolla,6,exact,Corolla,Passenger Car,Corolla,,1990-2026,true
2021,tesla,tesla,model-3,3,exact,Model 3,Passenger Car,Model 3 Long Range AWD,,2017-2026,true
2013,kia,kia,sedona,2,exact,Sedona,MPV,,,2001-2026,true
2010,volkswagen,volkswagen,beetle,1,exact,Beetle,Passenger Car,New Beetle,,1998-2010 2012-2019,true
2008,nissan,nissan,titan,11,exact,Titan,Truck,Titan 2WD,,2002-2024,true
1997,chevrolet,chevrolet,s-10,1,exact,Blazer,MPV,S10 Pickup 2WD,,1990-2005 2019-2026,true
1994,dodge,dodge,colt,1,exact,Colt,Passenger Car,Colt,,1990-1995,true
1991,dodge,dodge,dynasty,1,exact,Dynasty,Passenger Car,Dynasty,,1990-1993,true
2011,volkswagen,volkswagen,beetle,1,none,,,,,1998-2010 2012-2019,true
2016,lexus,lexus,is,5,exact,IS,Passenger Car,IS 200t,,2001-2026,true
2015,nissan,nissan,murano,5,exact,Murano,MPV,Murano FWD,,2002-2007 2009-2026,true
1996,chevrolet,chevrolet,k3500,1,exact,GMT-400,Truck,,,1990-2026,true
2015,lexus,lexus,lx,5,exact,LX,MPV,LX 570,,1996-2026,true
2014,volkswagen,volkswagen,beetle,1,exact,Beetle,Passenger Car,Beetle Convertible,,1998-2010 2012-2019,true
2017,volkswagen,volkswagen,beetle,1,exact,Beetle,Passenger Car,Beetle Convertible,,1998-2010 2012-2019,true
2015,nissan,nissan,rogue,5,exact,Rogue,MPV,Rogue FWD,,2008-2026,true
2013,ford,ford,expedition,7,exact,Expedition,MPV,Expedition 2WD FFV,,1997-2026,true
2014,nissan,nissan,sentra,4,exact,Sentra,Passenger Car,Sentra,,1990-2026,true
1997,chevrolet,chevrolet,k3500,1,exact,GMT-400,Truck,,,1990-2026,true
2013,audi,audi,q5,6,exact,Q5,MPV,Q5,,2009-2026,true
2002,pontiac,pontiac,firebird,1,exact,Firebird,Passenger Car,Firebird,,1990-2002,true
2012,audi,audi,q5,6,exact,Q5,MPV,Q5,,2009-2026,true
2019,audi,audi,a4,4,exact,A4 allroad,MPV,A4 quattro,,1996-2025,true
1994,acura,acura,nsx,1,exact,NSX,Passenger Car,NSX,,1990-2005 2016-2022,true
1992,acura,acura,nsx,1,exact,NSX,Passenger Car,NSX,,1990-2005 2016-2022,true
2006,kia,kia,sedona,2,exact,Sedona,Passenger Car,Sedona,,2001-2026,true
2004,mitsubishi,mitsubishi,eclipse-spider,1,exact,Eclipse,Passenger Car,Eclipse Spyder,,1990-2012,true
2021,mitsubishi,mitsubishi,montero,1,none,,,,,1990-2006,true
2020,nissan,nissan,kicks,1,exact,Kicks,Passenger Car,Kicks,,2018-2026,true
2001,ford,ford,fiesta,1,none,,,,,2011-2019,true
1991,chevrolet,chevrolet,cavalier,1,exact,Cavalier,Passenger Car,Cavalier,,1990-2005,true
1992,chevrolet,chevrolet,cavalier,1,exact,Cavalier,Passenger Car,Cavalier,,1990-2005,true
1994,chevrolet,chevrolet,cavalier,1,exact,Cavalier,Passenger Car,Cavalier,,1990-2005,true
2013,nissan,nissan,maxima,6,exact,Maxima,Passenger Car,Maxima,,1990-2014 2016-2023,true
2011,audi,audi,q5,6,exact,Q5,MPV,Q5,,2009-2026,true
2013,ford,ford,focus,4,exact,Focus,Passenger Car,Focus FWD,,2000-2018,true
1992,pontiac,pontiac,firebird,2,exact,Firebird,Passenger Car,Firebird/Trans Am,,1990-2002,true
2010,audi,audi,q5,6,exact,Q5,MPV,Q5,,2009-2026,true
2008,audi,audi,q7,5,exact,Q7,Passenger Car,Q7,,2007-2015 2017-2026,true
2009,ford,ford,expedition,7,exact,Expedition,MPV,Expedition 2WD FFV,,1997-2026,true
2017,ford,ford,gt,1,exact,GT,Passenger Car,GT,,2004-2006 2017-2022,true
2020,ford,ford,gt,1,exact,GT,Passenger Car,GT,,2004-2006 2017-2022,true
2009,mazda,mazda,mazda6,5,exact,Mazda6,Passenger Car,6,,2003-2026,true
2022,ford,ford,gt,1,exact,GT,Passenger Car,GT,,2004-2006 2017-2022,true
2014,hyundai,hyundai,elantra,5,exact,Elantra,Passenger Car,Elantra GT,,1992-2026,true
2011,mitsubishi,mitsubishi,galant,7,exact,Galant,Passenger Car,Galant,,1990-2012,true
2008,lexus,lexus,ls,4,exact,LS,Passenger Car,LS 600h L,,1990-2026,true
2008,nissan,nissan,maxima,6,exact,Maxima,Passenger Car,Maxima,,1990-2014 2016-2023,true
2017,porsche,porsche,718,1,exact,718 Boxster,Passenger Car,Boxster,,1997-2025,true
2006,chevrolet,chevrolet,silverado-3500,3,exact,Silverado,Truck,Silverado 15 Hybrid 2WD,,1999-2026,true
2002,ford,ford,fiesta,1,none,,,,,2011-2019,true
2003,ford,ford,fiesta,1,none,,,,,2011-2019,true
2015,mitsubishi,mitsubishi,lancer,7,exact,Lancer,Passenger Car,Lancer,,2002-2017,true
2006,ford,ford,fiesta,1,none,,,,,2011-2019,true
2007,ford,ford,fiesta,1,none,,,,,2011-2019,true
2022,ford,ford,fiesta,1,none,,,,,2011-2019,true
2000,plymouth,plymouth,voyager,1,exact,Voyager,Truck,Voyager/Grand Voyager 2WD,,1990-2005 2007-2009 2020-2026,true
2004,ford,ford,fiesta,1,none,,,,,2011-2019,true
2005,ford,ford,fiesta,1,none,,,,,2011-2019,true
2024,ford,ford,fiesta,1,none,,,,,2011-2019,true
2023,ford,ford,fiesta,1,none,,,,,2011-2019,true
2011,mazda,mazda,mazda3,2,exact,Mazda3,Passenger Car,3,,2003-2026,true
2005,lexus,lexus,gx,6,exact,GX,MPV,GX 470,,2003-2026,true
1990,chevrolet,chevrolet,blazer,1,exact,S-10 Pickup,Truck,S10 Pickup 2WD,,1990-2005 2019-2026,true
2013,audi,audi,a7,1,exact,A7,Passenger Car,A7 quattro,,2012-2025,true
1991,chevrolet,chevrolet,blazer,1,exact,S-10 Pickup,MPV,S10 Pickup 2WD,,1990-2005 2019-2026,true
2009,scion,scion,tc,3,exact,,,tC,,2005-2016,true
1992,chevrolet,chevrolet,blazer,1,exact,S-10 Pickup,Truck,S10 Pickup 2WD,,1990-2005 2019-2026,true
2002,lexus,lexus,ls,4,exact,LS,Passenger Car,LS 430,,1990-2026,true
2001,lexus,lexus,ls,4,exact,LS,Passenger Car,LS 430,,1990-2026,true
1993,geo,geo,prizm,1,exact,Prizm,Passenger Car,Prizm,,1990-2002,true
1994,geo,geo,prizm,1,exact,Prizm,Passenger Car,Prizm,,1990-2002,true
2015,chevrolet,chevrolet,equinox,5,exact,Equinox,MPV,Equinox FWD,,2005-2026,true
1999,geo,geo,metro,1,crossmake,Metro,Passenger Car,Metro,chevrolet,1990-2001,false
1993,chevrolet,chevrolet,blazer,1,exact,S-10 Pickup,Truck,S10 Pickup 2WD,,1990-2005 2019-2026,true
2017,mazda,mazda,3,6,exact,Mazda3,Passenger Car,3 4-Door,,2003-2026,true
2009,mazda,mazda,3,2,exact,Mazda3,Passenger Car,3,,2003-2026,true
2004,mazda,mazda,3,2,exact,Mazda3,Passenger Car,3,,2003-2026,true
2013,mazda,mazda,3,2,exact,Mazda3,Passenger Car,3 DI 4-Door,,2003-2026,true
2022,mazda,mazda,3,2,exact,Mazda3,Passenger Car,3 4-Door 2WD,,2003-2026,true
2023,mazda,mazda,3,2,exact,Mazda3,Passenger Car,3 5-Door 2WD,,2003-2026,true
2014,mazda,mazda,3,6,exact,Mazda3,Passenger Car,3 5-Door,,2003-2026,true
2015,honda,honda,civic,7,exact,Civic,Passenger Car,Civic Hybrid,,1990-2026,true
2015,mazda,mazda,3,6,exact,Mazda3,Passenger Car,3 4-Door,,2003-2026,true
2015,honda,honda,ridgeline,6,exact,Ridgeline,Truck,,,2006-2026,true
2010,mazda,mazda,3,2,exact,Mazda3,Passenger Car,3,,2003-2026,true
2021,mazda,mazda,3,2,exact,Mazda3,Passenger Car,3 4-Door 2WD,,2003-2026,true
2022,audi,audi,sq8,1,exact,SQ8,MPV,SQ8,,2020-2026,true
1992,acura,acura,legend,1,exact,Legend,Passenger Car,Legend,,1990-1995,true
2025,audi,audi,rs3,1,exact,RS 3,Passenger Car,RS 3,,2017-2020 2022-2026,true
2001,chevrolet,chevrolet,trailblazer,1,none,,,,,2002-2009 2021-2026,true
2026,mazda,mazda,3,1,exact,Mazda3,Passenger Car,3 4-Door 2WD,,2003-2026,true
2024,mazda,mazda,3,1,exact,Mazda3,Passenger Car,3 5-Door 2WD,,2003-2026,true
2011,mazda,mazda,3,2,exact,Mazda3,Passenger Car,3,,2003-2026,true
2012,mazda,mazda,3,2,exact,Mazda3,Passenger Car,3,,2003-2026,true
2005,mazda,mazda,3,2,exact,Mazda3,Passenger Car,3,,2003-2026,true
2006,mazda,mazda,3,2,exact,Mazda3,Passenger Car,3,,2003-2026,true
2025,audi,audi,s3,1,exact,S3,Passenger Car,S3,,2015-2020 2022-2026,true
2026,audi,audi,rs7,1,exact,RS 7,Passenger Car,RS 7,,2014-2018 2021-2026,true
2020,mazda,mazda,3,1,exact,Mazda3,Passenger Car,3 4-Door 4WD,,2003-2026,true
2003,mazda,mazda,3,1,family,Mazda6,Passenger Car,6,,2003-2026,true
2011,chevrolet,chevrolet,malibu,5,exact,Malibu,Passenger Car,Malibu,,1997-2025,true
2007,mazda,mazda,3,2,exact,Mazda3,Passenger Car,3,,2003-2026,true
2025,mazda,mazda,3,1,exact,Mazda3,Passenger Car,3 4-Door 2WD,,2003-2026,true
2008,mazda,mazda,3,2,exact,Mazda3,Passenger Car,3,,2003-2026,true
2019,mazda,mazda,3,1,exact,Mazda3,Passenger Car,3 4-Door 2WD,,2003-2026,true
2011,chevrolet,chevrolet,equinox,5,exact,Equinox,MPV,Equinox FWD,,2005-2026,true
2003,honda,honda,pilot,7,exact,Pilot,MPV,Pilot 4WD,,2003-2026,true
2006,honda,honda,pilot,7,exact,Pilot,MPV,Pilot 2WD,,2003-2026,true
2001,audi,audi,s4,1,exact,S4,Passenger Car,S4,,1992-1994 2000-2002 2004-2016 2018-2025,true
2002,audi,audi,s4,1,exact,S4,Passenger Car,S4,,1992-1994 2000-2002 2004-2016 2018-2025,true
2000,mitsubishi,mitsubishi,l400,1,none,,,,,,true
2004,toyota,toyota,mr2-roadster,1,exact,MR2,Passenger Car,MR2,,1991-1995 2000-2007,true
2015,infiniti,infiniti,q50,5,exact,Q50,Passenger Car,Q50 Hybrid,,2014-2024,true
2017,toyota,toyota,etios-valco,1,none,,,,,,true
2016,toyota,toyota,etios-valco,1,none,,,,,,true
2015,toyota,toyota,etios-valco,1,none,,,,,,true
1996,toyota,toyota,celica,1,exact,Celica,Passenger Car,Celica Convertible,,1990-2006,true
1993,chevrolet,chevrolet,k1500,1,exact,GMT-400,Truck,C1500 Pickup 2WD,,1990-2026,true
1994,chevrolet,chevrolet,k1500,1,exact,GMT-400,MPV,C1500 Pickup 2WD,,1990-2026,true
1995,chevrolet,chevrolet,k1500,1,exact,GMT-400,Truck,C1500 Pickup 2WD,,1990-2026,true
1996,chevrolet,chevrolet,k1500,1,exact,GMT-400,Truck,C1500 Pickup 2WD,,1990-2026,true
1998,chevrolet,chevrolet,k1500,1,exact,GMT-400,Truck,C1500 Pickup 2WD,,1990-2026,true
1998,chevrolet,chevrolet,tracker,1,exact,Tracker,MPV,Tracker 2WD Convertible,,1995-2004 2016-2020,true
2007,volkswagen,volkswagen,gti,4,exact,GTI,Passenger Car,GTI,,1990-2026,true
2001,toyota,toyota,grand-hiace,1,none,,,,,,true
2000,toyota,toyota,grand-hiace,1,none,,,,,,true
2015,infiniti,infiniti,qx80,4,exact,QX80,MPV,QX80 2WD,,2003-2026,true
2015,mercedes-benz,mercedesbenz,gla,6,exact,GLA-Class,Passenger Car,GLA45 AMG 4matic,,2015-2026,true
2001,toyota,toyota,mr2-roadster,1,exact,MR2,Passenger Car,MR2,,1991-1995 2000-2007,true
2019,chevrolet,chevrolet,suburban,2,exact,Suburban,MPV,Suburban C1500 2WD,,1990-2026,true
1996,ford,ford,thunderbird,1,exact,Thunderbird,Passenger Car,Thunderbird,,1990-1997 2002-2005,true
2025,toyota,toyota,supra,8,exact,Supra,Passenger Car,GR Supra,,1990-1998 2020-2026,true
2015,jeep,jeep,renegade,5,exact,Renegade,MPV,Renegade 2WD,,2015-2023,true
2005,toyota,toyota,mr2-roadster,1,exact,MR2,Passenger Car,MR2,,1991-1995 2000-2007,true
2006,toyota,toyota,mr2-roadster,1,exact,MR2,Passenger Car,,,1991-1995 2000-2007,true
2016,honda,honda,fit,1,exact,Fit,Passenger Car,Fit,,2007-2020,true
2015,lexus,lexus,es,5,exact,ES,Passenger Car,ES 300h,,1990-2026,true
2005,dodge,dodge,magnum,1,exact,Magnum,MPV,Magnum 2WD,,2005-2008,true
2003,isuzu,isuzu,axiom,1,exact,Axiom,MPV,Axiom 2WD,,2002-2004,true
2015,lexus,lexus,rx,6,exact,RX,MPV,RX 350,,1999-2026,true
2021,mitsubishi,mitsubishi,outlander,5,exact,Outlander,MPV,Outlander Sport 2WD,,2003-2026,true
2018,kia,kia,soul,3,exact,Soul,MPV,Soul,,2010-2025,true
1997,porsche,porsche,911,1,exact,911,Passenger Car,911 Carrera 4/2,,1990-2026,true
1991,porsche,porsche,911,1,exact,911,Passenger Car,911 Carrera 4/2,,1990-2026,true
1996,audi,audi,a3,1,none,,,,,2006-2013 2015-2020 2022-2026,true
2017,gmc,gmc,yukon,7,exact,Yukon,MPV,Yukon C1500 2WD,,1990-2026,true
1993,porsche,porsche,911,1,exact,911,Passenger Car,911 Carrera 4/2,,1990-2026,true
2014,ford,ford,escape,7,exact,Escape,MPV,Escape FWD,,2001-2026,true
1994,porsche,porsche,911,1,exact,911,Passenger Car,911 Carrera 4/2,,1990-2026,true
2006,volvo,volvo,s60,5,exact,S60,MPV,S60 AWD,,2001-2009 2011-2025,true
1995,porsche,porsche,911,1,exact,911,Passenger Car,911 Carrera 4/2,,1990-2026,true
2000,toyota,toyota,vienta,1,none,,,,,,true
1990,buick,buick,lesabre,3,exact,LeSabre,Passenger Car,LeSabre,,1990-2005,true
2012,volvo,volvo,xc90,5,exact,XC90,Passenger Car,XC90 FWD,,2003-2014 2016-2026,true
2013,suzuki,suzuki,kizashi,1,exact,Kizashi,Passenger Car,Kizashi,,2010-2013,true
2024,hyundai,hyundai,tucson,6,exact,Tucson,MPV,Tucson FWD,,2005-2026,true
2018,hyundai,hyundai,elantra,6,exact,Elantra,Passenger Car,Elantra GT,,1992-2026,true
2006,toyota,toyota,xa,1,exact,Scion xA,Passenger Car,,,2004-2006,true
2007,dodge,dodge,nitro,1,exact,Nitro,MPV,Nitro 2WD,,2007-2012,true
2015,subaru,subaru,outback,1,exact,Outback,Passenger Car,Outback AWD,,1990-2026,true
2009,dodge,dodge,nitro,1,exact,Nitro,MPV,Nitro 2WD,,2007-2012,true
2014,infiniti,infiniti,q50,5,exact,Q50,Passenger Car,Q50a,,2014-2024,true
2004,volkswagen,volkswagen,eurovan,1,none,,,,,1992-2003,true
2019,jaguar,jaguar,f-pace,6,exact,F-PACE,MPV,F-Pace,,2017-2026,true
2003,volvo,volvo,s40,1,exact,S40,Passenger Car,S40 FWD,,1999-2011,true
2000,isuzu,isuzu,rodeo,1,exact,Rodeo,MPV,Rodeo 2WD,,1990-2004,true
2011,dodge,dodge,nitro,1,exact,Nitro,MPV,Nitro 2WD,,2007-2012,true
2003,dodge,dodge,durango,1,exact,Durango,MPV,Durango 2WD,,1995-2009 2011-2026,true
2002,daewoo,daewoo,leganza,1,exact,LEGANZA,Passenger Car,Leganza,,1998-2002,true
2001,daewoo,daewoo,leganza,1,exact,LEGANZA,Passenger Car,Leganza,,1998-2002,true
2000,jaguar,jaguar,xj,1,exact,XJR,Passenger Car,XJ8,,1990-2019,true
2015,kia,kia,sedona,2,exact,Sedona,MPV,Sedona,,2001-2026,true
1990,saab,saab,900,1,exact,900,Passenger Car,900 Convertible,,1990-1998,true
1991,saab,saab,900,1,exact,900,Passenger Car,900 Convertible,,1990-1998,true
1993,saab,saab,900,1,exact,900,Passenger Car,900,,1990-1998,true
1995,saab,saab,900,1,exact,900,Passenger Car,900 Convertible,,1990-1998,true
1996,saab,saab,900,1,exact,900,Passenger Car,900 Convertible,,1990-1998,true
1997,saab,saab,900,1,exact,900,Passenger Car,900 Convertible,,1990-1998,true
1996,saab,saab,9000,1,exact,9000,Passenger Car,9000,,1990-1998,true
1997,saab,saab,9000,1,exact,9000,Passenger Car,9000,,1990-1998,true
1998,volkswagen,volkswagen,beetle,1,exact,Beetle,Passenger Car,New Beetle,,1998-2010 2012-2019,true
1994,volvo,volvo,940,1,exact,,,940,,1991-1995,true
1996,volvo,volvo,960,1,exact,,,960,,1992-1997,true
1997,volvo,volvo,960,1,exact,,,960/S90,,1992-1997,true
1991,bmw,bmw,m5,1,exact,M5,Passenger Car,M5,,1991-1993 2000-2003 2006-2010 2013-2023 2025-2026,true
1993,bmw,bmw,m5,1,exact,M5,Passenger Car,M5,,1991-1993 2000-2003 2006-2010 2013-2023 2025-2026,true
1999,cadillac,cadillac,escalade,6,exact,Escalade,MPV,Escalade 4WD,,1999-2026,true
2008,buick,buick,lucerne,1,exact,Lucerne,Passenger Car,Lucerne,,2006-2011,true
2004,hummer,hummer,h1,1,exact,H1,MPV,,,1992-2006,true
2012,dodge,dodge,durango,1,exact,Durango,MPV,Durango 2WD,,1995-2009 2011-2026,true
2016,fiat,fiat,124-spider,1,none,,,,,2017-2020,true
2017,fiat,fiat,124-spider,1,exact,124 Spider,Passenger Car,124 Spider,,2017-2020,true
2015,gmc,gmc,terrain,6,exact,Terrain,MPV,Terrain FWD,,2009-2026,true
1994,lexus,lexus,es300,1,exact,ES,Passenger Car,ES 300,,1990-2026,true
2000,volkswagen,volkswagen,golf,4,exact,Golf,MPV,Golf,,1990-2026,true
2026,buick,buick,envista,1,exact,Envista,MPV,Envista FFV,,2024-2026,true
2009,chrysler,chrysler,sebring,1,exact,Sebring,Passenger Car,Sebring Convertible,,1995-2010,true
2024,mazda,mazda,cx-30,1,exact,CX-30,MPV,CX-30 4WD,,2020-2026,true
2020,volkswagen,volkswagen,golf,4,exact,Golf,Passenger Car,GTI,,1990-2026,true
2015,buick,buick,verano,1,exact,Verano,Passenger Car,Verano,,2012-2017,true
2017,buick,buick,verano,1,exact,Verano,Passenger Car,Verano,,2012-2017,true
2004,chrysler,chrysler,pacifica,1,exact,Pacifica,MPV,Pacifica 2WD,,2004-2009 2017-2026,true
1994,lexus,lexus,ls400,1,exact,LS,Passenger Car,LS 400,,1990-2026,true
2005,chrysler,chrysler,pacifica,1,exact,Pacifica,MPV,Pacifica 2WD,,2004-2009 2017-2026,true
2007,chrysler,chrysler,pacifica,1,exact,Pacifica,MPV,Pacifica 2WD,,2004-2009 2017-2026,true
2004,chrysler,chrysler,sebring,1,exact,Sebring,Passenger Car,Sebring,,1995-2010,true
2019,audi,audi,a8,1,exact,A8,Passenger Car,A8 L,,1997-2026,true
2000,pontiac,pontiac,bonneville,1,exact,Bonneville,Passenger Car,Bonneville,,1990-2005,true
2013,scion,scion,tc,3,exact,,,tC,,2005-2016,true
2026,chevrolet,chevrolet,suburban,1,exact,Suburban,MPV,Suburban 2WD,,1990-2026,true
2005,pontiac,pontiac,bonneville,1,exact,Bonneville,Passenger Car,Bonneville,,1990-2005,true
2024,tesla,tesla,model-x,2,exact,Model X,MPV,Model X,,2016-2026,true
2010,saturn,saturn,sky,1,exact,Sky,Passenger Car,SKY,,2007-2010,true
2001,saturn,saturn,s-series,1,exact,SL,Passenger Car,SC,,1991-2002,true
2004,volkswagen,volkswagen,gti,4,exact,,,Golf,,1990-2026,true
1990,mazda,mazda,626,1,exact,626,Passenger Car,626/MX-6,,1990-2002,true
2008,chevrolet,chevrolet,avalanche,1,exact,Avalanche,MPV,Avalanche 1500 2WD,,2002-2013,true
2004,saturn,saturn,vue,1,exact,Vue,MPV,Vue FWD,,2002-2010,true
1999,mazda,mazda,626,1,exact,626,Passenger Car,626,,1990-2002,true
1996,mazda,mazda,626,1,exact,626,Passenger Car,626,,1990-2002,true
2005,mercury,mercury,mountaineer,1,exact,Mountaineer,MPV,Mountaineer 2WD,,1997-2010,true
2008,saturn,saturn,vue,1,exact,Vue,MPV,Vue FWD,,2002-2010,true
2010,saturn,saturn,vue,1,exact,Vue,MPV,Vue FWD,,2002-2010,true
2002,saturn,saturn,l-series,1,exact,LS,Passenger Car,L100/200,,2000-2005,true
2003,saturn,saturn,l-series,1,exact,L300,Passenger Car,L200,,2000-2005,true
2007,saab,saab,9-5,1,exact,9-5,Passenger Car,9-5 Sedan,,1999-2012,true
2017,mitsubishi,mitsubishi,eclipse-cross,1,none,,,,,2018-2026,true
2016,lotus,lotus,elise,1,none,,,,,2005-2012,true
2019,lotus,lotus,elise,1,none,,,,,2005-2012,true
2007,mercury,mercury,mountaineer,1,exact,Mountaineer,MPV,Mountaineer 2WD,,1997-2010,true
2002,jaguar,jaguar,x-type,1,exact,X-Type,Passenger Car,X-Type,,2002-2008,true
2024,volvo,volvo,v90,1,exact,V90CC,MPV,V90CC B6 AWD,,1997-1998 2017-2026,true
1998,plymouth,plymouth,voyager,1,exact,Voyager,MPV,Voyager/Grand Voyager 2WD,,1990-2005 2007-2009 2020-2026,true
1997,chevrolet,chevrolet,corvette,2,exact,Corvette,Passenger Car,Corvette,,1990-2026,true
2001,mercury,mercury,cougar,1,exact,Cougar,Passenger Car,Cougar,,1990-1997 1999-2002,true
2004,mitsubishi,mitsubishi,lancer-evolution,4,exact,Lancer,Passenger Car,Lancer,,2002-2017,true
2012,mazda,mazda,mazda6,5,exact,Mazda6,Passenger Car,6,,2003-2026,true
2025,audi,audi,q3,1,exact,Q3,MPV,Q3,,2015-2026,true
1991,mitsubishi,mitsubishi,galant,1,exact,Galant,Passenger Car,Galant,,1990-2012,true
2014,lincoln,lincoln,navigator,4,exact,Navigator,MPV,Navigator 2WD FFV,,1998-2026,true
1997,nissan,nissan,240sx,1,exact,240SX,Passenger Car,240SX,,1990-2001,true
1990,ford,ford,f-250,1,exact,F-250,MPV,F250 Pickup 2WD,,1990-2026,true
2008,chevrolet,chevrolet,silverado-3500,1,exact,Silverado,Truck,Silverado C15 2WD,,1999-2026,true
2020,volvo,volvo,v60,1,exact,V60,Passenger Car,V60 FWD,,2015-2026,true
2026,audi,audi,sq8,1,exact,SQ8,MPV,SQ8,,2020-2026,true
2003,volkswagen,volkswagen,gti,4,exact,GTI,Passenger Car,Golf,,1990-2026,true
2001,audi,audi,a3,1,none,,,,,2006-2013 2015-2020 2022-2026,true
2020,chevrolet,chevrolet,trax,1,exact,Trax,MPV,Trax FWD,,2013-2026,true
2019,tesla,tesla,model-s,2,exact,Model S,Passenger Car,Model S 75D,,2012-2026,true
2012,chevrolet,chevrolet,avalanche,1,exact,Avalanche,MPV,Avalanche 1500 2WD,,2002-2013,true
2007,hyundai,hyundai,veracruz,1,exact,Veracruz,MPV,Veracruz 2WD,,2007-2013,true
2004,mercedes,mercedesbenz,slk-class,2,exact,SLK-Class,Passenger Car,SLK230,,1998-2016,true
2005,mercedes,mercedesbenz,slk-class,2,exact,SLK-Class,Passenger Car,SLK350,,1998-2016,true
2014,nissan,nissan,pathfinder,5,exact,Pathfinder,MPV,Pathfinder 2WD,,1990-2026,true
2007,lincoln,lincoln,navigator,4,exact,Navigator,MPV,Navigator 2WD,,1998-2026,true
1994,subaru,subaru,legacy,1,exact,Legacy,Passenger Car,Legacy,,1990-2026,true
2003,chevrolet,chevrolet,blazer,1,exact,Blazer,MPV,Blazer 2WD,,1990-2005 2019-2026,true
2013,fiat,fiat,500,1,exact,500,Passenger Car,500,,2012-2026,true
2008,saturn,saturn,sky,1,exact,Sky,Passenger Car,SKY,,2007-2010,true
2009,saturn,saturn,sky,1,exact,Sky,Passenger Car,SKY,,2007-2010,true
2001,geo,geo,metro,1,crossmake,Metro,Passenger Car,Metro,chevrolet,1990-2001,false
2000,lincoln,lincoln,navigator,4,exact,Navigator,MPV,Navigator 2WD,,1998-2026,true
2002,audi,audi,rs6,1,none,,,,,2003-2004 2021-2026,true
1994,toyota,toyota,corolla,1,exact,Corolla,Passenger Car,Corolla,,1990-2026,true
1997,mitsubishi,mitsubishi,eclipse,5,exact,Eclipse,Passenger Car,Eclipse Convertible,,1990-2012,true
2019,audi,audi,rs7,1,none,,,,,2014-2018 2021-2026,true
2000,audi,audi,a3,1,none,,,,,2006-2013 2015-2020 2022-2026,true
1999,saturn,saturn,s-series,1,exact,SL,Passenger Car,SC,,1991-2002,true
2001,mercury,mercury,sable,1,exact,Sable,Passenger Car,Sable,,1990-2005 2008-2009,true
2011,mercedes,mercedesbenz,slk-class,2,exact,SLK-Class,Passenger Car,SLK350,,1998-2016,true
2009,mercedes,mercedesbenz,e-class-cabriolet,1,exact,E-Class,Passenger Car,E320 Bluetec,,1990-2026,true
2003,chevrolet,chevrolet,trailblazer,1,exact,Trailblazer,MPV,TrailBlazer 2WD,,2002-2009 2021-2026,true
2003,chevrolet,chevrolet,astro,1,exact,Astro Van,MPV,Astro 2WD (cargo),,1990-2005,true
2025,volvo,volvo,v90,1,exact,V90CC,MPV,V90CC B6 AWD,,1997-1998 2017-2026,true
2025,infiniti,infiniti,qx80,4,exact,QX80,MPV,QX80 2WD,,2003-2026,true
2010,mercury,mercury,mountaineer,1,exact,Mountaineer,MPV,Mountaineer 2WD,,1997-2010,true
2025,audi,audi,a5,1,exact,A5,Passenger Car,A5 Sportback S line quattro,,2008-2026,true
2003,jaguar,jaguar,x-type,1,exact,X-Type,Passenger Car,X-Type,,2002-2008,true
2013,ford,ford,escape,7,exact,Escape,MPV,Escape FWD,,2001-2026,true
2013,mercedes,mercedesbenz,slk-class,2,exact,SLK-Class,Passenger Car,SLK250,,1998-2016,true
2015,mercedes,mercedesbenz,slk-class,2,exact,SLK-Class,Passenger Car,SLK250,,1998-2016,true
2003,saab,saab,9-3,1,exact,9-3,Passenger Car,9-3 Convertible,,1999-2012,true
2016,mercedes,mercedesbenz,slk-class,2,exact,SLK-Class,Passenger Car,AMG SLK55,,1998-2016,true
2001,subaru,subaru,legacy,6,exact,Legacy,Passenger Car,Legacy AWD,,1990-2026,true
2003,subaru,subaru,legacy,6,exact,Legacy,Passenger Car,Legacy/Outback AWD,,1990-2026,true
2009,saab,saab,9-3,1,exact,9-3,Passenger Car,9-3 Convertible,,1999-2012,true
2006,saab,saab,9-3,1,exact,9-3,Passenger Car,9-3 Convertible,,1999-2012,true
2016,scion,scion,ia,1,exact,,,iA,,2016,true
2008,saab,saab,9-5,1,exact,9-5,Passenger Car,9-5 Sedan,,1999-2012,true
2008,scion,scion,tc,3,exact,,,tC,,2005-2016,true
2009,mitsubishi,mitsubishi,maven,1,none,,,,,,true
2026,audi,audi,a8,1,exact,A8 L,Passenger Car,A8 quattro,,1997-2026,true
2020,porsche,porsche,taycan,1,exact,Taycan,Passenger Car,Taycan Turbo,,2020-2026,true
2024,jaguar,jaguar,i-pace,1,exact,I-PACE,MPV,I-Pace EV400 (20 inch tires),,2019-2024,true
2014,chevrolet,chevrolet,trailblazer,1,none,,,,,2002-2009 2021-2026,true
2014,fiat,fiat,500,1,exact,500,Passenger Car,500,,2012-2026,true
1996,geo,geo,metro,1,exact,Metro,Passenger Car,Metro,,1990-2001,true
1997,geo,geo,metro,1,exact,Metro,Passenger Car,Metro,,1990-2001,true
2010,mitsubishi,mitsubishi,outlander,5,exact,Outlander,MPV,Outlander 2WD,,2003-2026,true
2020,fiat,fiat,500,1,exact,,,500 L,,2012-2026,true
2025,land rover,landrover,range-rover-evoque,5,exact,Range Rover Evoque,MPV,Range Rover Evoque,,2012-2026,true
2007,suzuki,suzuki,grand-vitara,1,exact,Grand Vitara,MPV,Grand Vitara,,1999-2013,true
2008,suzuki,suzuki,grand-vitara,1,exact,Grand Vitara,MPV,Grand Vitara,,1999-2013,true
2010,suzuki,suzuki,grand-vitara,1,exact,Grand Vitara,MPV,Grand Vitara,,1999-2013,true
2013,suzuki,suzuki,grand-vitara,1,exact,Grand Vitara,MPV,Grand Vitara,,1999-2013,true
2023,chevrolet,chevrolet,malibu,5,exact,Malibu,Passenger Car,Malibu,,1997-2025,true
2013,chevrolet,chevrolet,impala,4,exact,Impala,Passenger Car,Impala,,1994-1996 2000-2020,true
2005,bmw,bmw,z4,5,exact,Z4,Passenger Car,Z4 Roadster,,1998-2001 2003-2016 2019-2026,true
2017,genesis,genesis,g80,5,exact,G80,Passenger Car,G80 RWD,,2017-2026,true
2013,honda,honda,insight,3,exact,Insight,Passenger Car,Insight,,2000-2014 2019-2022,true
2007,buick,buick,lucerne,1,exact,Lucerne,Passenger Car,Lucerne,,2006-2011,true
2011,audi,audi,q7,5,exact,Q7,MPV,Q7,,2007-2015 2017-2026,true
2006,dodge,dodge,charger,5,exact,Charger,Passenger Car,Charger,,2006-2026,true
2017,jaguar,jaguar,xe,5,exact,XE,Passenger Car,XE,,2017-2021,true
2003,mitsubishi,mitsubishi,lancer,7,exact,Lancer,Passenger Car,Lancer,,2002-2017,true
2010,audi,audi,q7,5,exact,Q7,MPV,Q7,,2007-2015 2017-2026,true
2013,jeep,jeep,compass,6,exact,Compass,MPV,Compass 2WD,,2006-2026,true
2009,audi,audi,q7,5,exact,Q7,MPV,Q7,,2007-2015 2017-2026,true
2024,land rover,landrover,range-rover-evoque,5,exact,Range Rover Evoque,MPV,Range Rover Evoque,,2012-2026,true
2012,ford,ford,escape,7,exact,Escape,MPV,Escape Hybrid FWD,,2001-2026,true
2002,buick,buick,lesabre,3,exact,LeSabre,Passenger Car,LeSabre,,1990-2005,true
2014,dodge,dodge,journey,1,exact,Journey,MPV,Journey FWD,,2009-2023,true
2010,jeep,jeep,cherokee,1,exact,Cherokee,MPV,,,1990-2011 2014-2023 2026,true
2016,dodge,dodge,journey,1,exact,Journey,MPV,Journey,,2009-2023,true
2012,jeep,jeep,cherokee,1,none,,,,,1990-2011 2014-2023 2026,true
2013,lexus,lexus,is,5,exact,IS,Passenger Car,IS F,,2001-2026,true
2016,toyota,toyota,land-cruiser,3,exact,Land Cruiser,MPV,Land Cruiser Wagon 4WD,,1990-2021 2024-2026,true
2007,chevrolet,chevrolet,monte-carlo,1,exact,Monte Carlo,Passenger Car,Monte Carlo,,1995-2007,true
2006,chevrolet,chevrolet,monte-carlo,1,exact,Monte Carlo,Passenger Car,Monte Carlo,,1995-2007,true
2013,lexus,lexus,rx,6,exact,RX,MPV,RX 350,,1999-2026,true
2013,lincoln,lincoln,navigator,4,exact,Navigator,MPV,Navigator 2WD FFV,,1998-2026,true
2001,chevrolet,chevrolet,monte-carlo,1,exact,Monte Carlo,Passenger Car,Monte Carlo,,1995-2007,true
2010,nissan,nissan,sentra,4,exact,Sentra,Passenger Car,Sentra,,1990-2026,true
2007,jaguar,jaguar,x-type,1,exact,X-Type,Passenger Car,X-Type,,2002-2008,true
2000,nissan,nissan,maxima,6,exact,Maxima,Passenger Car,Maxima,,1990-2014 2016-2023,true
2021,audi,audi,a3,1,none,,,,,2006-2013 2015-2020 2022-2026,true
2017,cadillac,cadillac,escalade,6,exact,Escalade,MPV,Escalade 2WD,,1999-2026,true
2005,bmw,bmw,x3,1,exact,X3,Passenger Car,X3,,2004-2026,true
2012,audi,audi,q7,5,exact,Q7,MPV,Q7,,2007-2015 2017-2026,true
2018,kia,kia,forte5,3,exact,Forte,Passenger Car,Forte,,2010-2024,true
2020,chevrolet,chevrolet,colorado,6,exact,Colorado,Truck,Colorado 2WD,,2004-2012 2015-2026,true
2006,toyota,toyota,sienna,4,exact,Sienna,MPV,Sienna 2WD,,1995-2026,true
2012,hyundai,hyundai,sonata,6,exact,Sonata,Passenger Car,Sonata,,1990-2026,true
2024,audi,audi,rs-models,1,exact,RS 5,Passenger Car,RS 3,,2003-2004 2013-2026,true
2012,hyundai,hyundai,tucson,6,exact,Tucson,MPV,Tucson 2WD,,2005-2026,true
2012,jeep,jeep,compass,6,exact,Compass,MPV,Compass 2WD,,2006-2026,true
2026,audi,audi,rs-models,1,exact,RS 7,Passenger Car,RS 7,,2003-2004 2013-2026,true
1999,lexus,lexus,lx,5,exact,LX,MPV,LX 470,,1996-2026,true
2016,land rover,landrover,range-rover,6,exact,Range Rover,MPV,Range Rover Evoque,,1990-2026,true
2012,audi,audi,s4,3,exact,S4,Passenger Car,S4,,1992-1994 2000-2002 2004-2016 2018-2025,true
2018,chevrolet,chevrolet,spark,3,exact,Spark,Passenger Car,Spark,,2008 2011-2022,true
1990,oldsmobile,oldsmobile,cutlass,1,exact,Cutlass Supreme,Passenger Car,Cutlass Calais,,1990-1999,true
2012,kia,kia,soul,6,exact,Soul,MPV,Soul Eco,,2010-2025,true
2016,volkswagen,volkswagen,beetle,1,exact,Beetle,Passenger Car,Beetle Convertible,,1998-2010 2012-2019,true
2015,volkswagen,volkswagen,beetle,1,exact,Beetle,Passenger Car,Beetle Convertible,,1998-2010 2012-2019,true
2002,ford,ford,escape,7,exact,Escape,Truck,Escape 2WD,,2001-2026,true
2013,suzuki,suzuki,sx4,1,exact,SX4,Passenger Car,SX4 AWD,,2007-2013,true
2012,kia,kia,sportage,7,exact,Sportage,MPV,Sportage 2WD,,1995-2026,true
2017,jaguar,jaguar,e-pace,1,none,,,,,2018-2024,true
2000,daewoo,daewoo,leganza,1,exact,LEGANZA,Passenger Car,Leganza,,1998-2002,true
2016,fiat,fiat,500x,1,exact,500X,MPV,500 X,,2016-2023,true
2017,fiat,fiat,500x,1,exact,500X,MPV,500 X,,2016-2023,true
2000,mitsubishi,mitsubishi,eclipse,5,exact,Eclipse,Passenger Car,Eclipse,,1990-2012,true
1995,geo,geo,prizm,1,exact,Prizm,Passenger Car,Prizm,,1990-2002,true
1996,geo,geo,prizm,1,exact,Prizm,Passenger Car,Prizm,,1990-2002,true
1997,geo,geo,prizm,1,exact,Prizm,Passenger Car,Prizm,,1990-2002,true
1998,geo,geo,prizm,1,crossmake,Geo Prizm,Passenger Car,Prizm,chevrolet,1990-2002,false
2007,dodge,dodge,caliber,1,exact,Caliber,Passenger Car,Caliber,,2006-2012,true
2000,chevrolet,chevrolet,blazer,1,exact,Blazer,MPV,S10 Pickup 2WD,,1990-2005 2019-2026,true
2007,audi,audi,s8,1,exact,S8,Passenger Car,S8,,2001-2003 2007-2009 2013-2018 2020-2026,true
2010,audi,audi,s8,1,none,,,,,2001-2003 2007-2009 2013-2018 2020-2026,true
2020,audi,audi,s6,1,exact,S6,Passenger Car,S6,,1995-1997 2002-2003 2007-2011 2013-2018 2020-2025,true
2019,volkswagen,volkswagen,beetle,1,exact,Beetle,Passenger Car,Beetle Convertible,,1998-2010 2012-2019,true
2008,mercury,mercury,mariner,1,exact,Mariner,MPV,Mariner FWD,,2005-2011,true
2022,audi,audi,tt,1,exact,TT,Passenger Car,TT Roadster quattro,,2000-2006 2008-2023,true
2015,nissan,nissan,leaf,4,exact,Leaf,Passenger Car,Leaf,,2011-2026,true
2012,lincoln,lincoln,navigator,4,exact,Navigator,MPV,Navigator 4WD FFV,,1998-2026,true
2008,audi,audi,r8,1,exact,R8,Passenger Car,R8,,2008-2012 2014-2018 2020-2023,true
2022,audi,audi,s8,1,exact,S8,Passenger Car,S8,,2001-2003 2007-2009 2013-2018 2020-2026,true
2021,mercedes,mercedesbenz,gla-class-amg,1,exact,GLA-Class,MPV,GLA250,,2015-2026,true
2026,audi,audi,q6-e-tron,1,exact,Q6,MPV,,,2025-2026,true
2014,toyota,toyota,sienna,8,exact,Sienna,MPV,Sienna 2WD,,1995-2026,true
2011,mitsubishi,mitsubishi,lancer,7,exact,Lancer,Passenger Car,Lancer,,2002-2017,true
2023,audi,audi,s6,1,exact,S6,Passenger Car,S6,,1995-1997 2002-2003 2007-2011 2013-2018 2020-2025,true
2001,audi,audi,tt,1,exact,TT,Passenger Car,TT Roadster,,2000-2006 2008-2023,true
2026,gmc,gmc,acadia,6,exact,Acadia,MPV,Acadia FWD,,2007-2026,true
2013,mitsubishi,mitsubishi,lancer,7,exact,Lancer,Passenger Car,Lancer,,2002-2017,true
2019,audi,audi,r8,1,none,,,,,2008-2012 2014-2018 2020-2023,true
2004,mitsubishi,mitsubishi,montero,1,exact,Montero,MPV,Montero,,1990-2006,true
2010,pontiac,pontiac,solstice,1,exact,Solstice,Passenger Car,Solstice,,2006-2010,true
2017,audi,audi,rs3,1,exact,RS 3,Passenger Car,RS 3,,2017-2020 2022-2026,true
2009,pontiac,pontiac,solstice,1,exact,Solstice,Passenger Car,Solstice,,2006-2010,true
2022,audi,audi,rs3,1,exact,RS 3,Passenger Car,RS 3,,2017-2020 2022-2026,true
2006,pontiac,pontiac,solstice,1,exact,Solstice,Passenger Car,Solstice,,2006-2010,true
2014,mitsubishi,mitsubishi,outlander,5,exact,Outlander,MPV,Outlander 2WD,,2003-2026,true
2024,audi,audi,rs3,1,exact,RS 3,Passenger Car,RS 3,,2017-2020 2022-2026,true
2015,volkswagen,volkswagen,golf,4,exact,Golf,Passenger Car,GTI,,1990-2026,true
2021,audi,audi,s6,1,exact,S6,Passenger Car,S6,,1995-1997 2002-2003 2007-2011 2013-2018 2020-2025,true
2024,audi,audi,s6,1,exact,S6,Passenger Car,S6,,1995-1997 2002-2003 2007-2011 2013-2018 2020-2025,true
2008,audi,audi,s8,1,exact,S8,Passenger Car,S8,,2001-2003 2007-2009 2013-2018 2020-2026,true
2007,scion,scion,tc,3,exact,,,tC,,2005-2016,true
2002,bmw,bmw,x5,1,exact,X5,MPV,X5,,2000-2026,true
2015,jaguar,jaguar,xe,5,none,,,,,2017-2021,true
2012,audi,audi,s6,1,none,,,,,1995-1997 2002-2003 2007-2011 2013-2018 2020-2025,true
2017,audi,audi,tt,1,exact,TT,Passenger Car,TTS Coupe,,2000-2006 2008-2023,true
2019,audi,audi,tt,1,exact,TT,Passenger Car,TT Roadster quattro,,2000-2006 2008-2023,true
2020,audi,audi,tt,1,exact,TT,Passenger Car,TT Roadster quattro,,2000-2006 2008-2023,true
2021,audi,audi,tt,1,exact,TT,Passenger Car,TT Roadster quattro,,2000-2006 2008-2023,true
2012,toyota,toyota,highlander,10,exact,Highlander,MPV,Highlander 2WD,,2001-2026,true
2016,fiat,fiat,500,1,exact,500,Passenger Car,500,,2012-2026,true
2015,volkswagen,volkswagen,passat,5,exact,Passat,Passenger Car,Passat,,1990-2022,true
2023,audi,audi,s8,1,exact,S8,Passenger Car,S8,,2001-2003 2007-2009 2013-2018 2020-2026,true
2005,hyundai,hyundai,tiburon,1,exact,Tiburon,MPV,Tiburon,,1997-2008,true
2020,ram,ram,promaster,3,exact,ProMaster 1500,MPV,,,2014-2026,true
2021,audi,audi,tt-s,1,exact,TT,Passenger Car,TT Roadster quattro,,2000-2006 2008-2023,true
2011,audi,audi,tt-rs,1,exact,TT,Passenger Car,TT Roadster quattro,,2000-2006 2008-2023,true
2013,audi,audi,tt-rs,1,exact,TT,Passenger Car,TT Roadster quattro,,2000-2006 2008-2023,true
2017,audi,audi,tt-rs,1,exact,TT,Passenger Car,TTS Coupe,,2000-2006 2008-2023,true
2004,buick,buick,rainier,1,exact,Rainier,MPV,Rainier 2WD,,2004-2007,true
2006,buick,buick,rainier,1,exact,Rainier,MPV,Rainier 2WD,,2004-2007,true
2019,fiat,fiat,500x,1,exact,500X,MPV,500X AWD,,2016-2023,true
2000,volkswagen,volkswagen,jetta,6,exact,Jetta,MPV,Jetta,,1990-2026,true
2001,volkswagen,volkswagen,jetta,6,exact,Jetta,Passenger Car,Jetta,,1990-2026,true
2010,audi,audi,tt-rs,1,exact,TT,Passenger Car,TT Roadster quattro,,2000-2006 2008-2023,true
2012,audi,audi,tt-rs,1,exact,TT,Passenger Car,TT Roadster quattro,,2000-2006 2008-2023,true
2009,volkswagen,volkswagen,passat,5,exact,Passat,Passenger Car,Passat,,1990-2022,true
2001,mitsubishi,mitsubishi,montero,1,exact,Montero,MPV,Montero,,1990-2006,true
2009,volkswagen,volkswagen,golf,4,exact,Rabbit,Passenger Car,GTI,,1990-2026,true
2017,bmw,bmw,z4,1,none,,,,,1998-2001 2003-2016 2019-2026,true
2012,volkswagen,volkswagen,golf,4,exact,Golf,Passenger Car,Golf,,1990-2026,true
2001,volkswagen,volkswagen,golf,4,exact,Golf,Passenger Car,Golf,,1990-2026,true
2002,volkswagen,volkswagen,golf,4,exact,Golf,MPV,Golf,,1990-2026,true
2011,volkswagen,volkswagen,golf,4,exact,Golf,Passenger Car,GTI,,1990-2026,true
1998,saab,saab,9-5,1,none,,,,,1999-2012,true
2023,bentley,bentley,bentayga,1,exact,Bentayga,MPV,Bentayga,,2017-2026,true
2024,bentley,bentley,bentayga,1,exact,Bentayga,MPV,Bentayga,,2017-2026,true
2000,volkswagen,volkswagen,gti,4,exact,GTI,MPV,Golf,,1990-2026,true
2002,volkswagen,volkswagen,gti,4,exact,GTI,MPV,Golf,,1990-2026,true
2020,jeep,jeep,gladiator,9,exact,Gladiator,Truck,Gladiator Pickup 4WD,,2020-2026,true
2020,bentley,bentley,flying-spur,1,exact,Flying Spur,Passenger Car,Continental GT,,1990-2026,true
2014,hyundai,hyundai,tucson,6,exact,Tucson,MPV,Tucson 2WD,,2005-2026,true
2002,isuzu,isuzu,rodeo,1,exact,Rodeo,MPV,Rodeo 2WD,,1990-2004,true
2004,isuzu,isuzu,rodeo,1,exact,Rodeo,MPV,Rodeo 2WD,,1990-2004,true
2023,bentley,bentley,flying-spur,1,exact,Flying Spur,Passenger Car,Continental GT Convertible,,1990-2026,true
2010,nissan,nissan,maxima,6,exact,Maxima,Passenger Car,Maxima,,1990-2014 2016-2023,true
2000,saab,saab,9-3,1,exact,9-3,Passenger Car,9-3 Convertible,,1999-2012,true
2002,saab,saab,9-3,1,exact,9-3,Passenger Car,9-3 Convertible,,1999-2012,true
2021,bentley,bentley,bentayga,1,exact,Bentayga,MPV,Bentayga,,2017-2026,true
2021,ram,ram,promaster,3,exact,ProMaster 1500,MPV,,,2014-2026,true
2022,bmw,bmw,x7,1,exact,X7,MPV,X7 xDrive40i,,2019-2026,true
2009,suzuki,suzuki,grand-vitara,1,exact,Grand Vitara,MPV,Grand Vitara,,1999-2013,true
2022,bentley,bentley,bentayga,1,exact,Bentayga,MPV,Bentayga,,2017-2026,true
2025,bentley,bentley,bentayga,1,exact,Bentayga,MPV,Bentayga,,2017-2026,true
2026,bentley,bentley,bentayga,1,exact,Bentayga,MPV,Bentayga,,2017-2026,true
2022,bentley,bentley,continental-gt,1,exact,Continental,Passenger Car,Continental GT V8 Convertible,,1990-2026,true
2008,volvo,volvo,s60,5,exact,S60,MPV,S60 AWD,,2001-2009 2011-2025,true
2025,audi,audi,a8,1,exact,A8 L,Passenger Car,A8 quattro,,1997-2026,true
2019,bentley,bentley,flying-spur,1,exact,Flying Spur,Passenger Car,,,1990-2026,true
2021,bentley,bentley,flying-spur,1,exact,Flying Spur,Passenger Car,Continental GT Convertible,,1990-2026,true
2022,bentley,bentley,flying-spur,1,exact,Flying Spur,Passenger Car,Continental GT V8 Convertible,,1990-2026,true
2009,scion,scion,xb,3,exact,,,xB,,2004-2015,true
2014,alfa romeo,alfaromeo,4c,3,none,,,,,2015-2020,false
2014,scion,scion,xb,3,exact,,,xB,,2004-2015,true
2001,nissan,nissan,quest,1,exact,Quest,MPV,Quest,,1993-2009 2011-2017,true
1997,lexus,lexus,gs,5,exact,GS,Passenger Car,GS 300,,1993-2020,true
2021,bmw,bmw,z4,3,exact,Z4,Passenger Car,Z4 M40i,,1998-2001 2003-2016 2019-2026,true
2005,buick,buick,rendezvous,1,exact,Rendezvous,MPV,Rendezvous FWD,,2001-2007,true
2009,subaru,subaru,forester,7,exact,Forester,MPV,Forester AWD,,1998-2026,true
2023,jeep,jeep,cherokee,3,exact,Cherokee,MPV,Cherokee 4WD,,1990-2011 2014-2023 2026,true
2014,gmc,gmc,acadia,6,exact,Acadia,MPV,Acadia FWD,,2007-2026,true
2010,dodge,dodge,caliber,1,exact,Caliber,Passenger Car,Caliber,,2006-2012,true
2004,suzuki,suzuki,grand-vitara,1,exact,Vitara,MPV,Grand Vitara,,1999-2013,true
2006,suzuki,suzuki,grand-vitara,1,exact,Grand Vitara,MPV,Grand Vitara,,1999-2013,true
2011,chevrolet,chevrolet,traverse,6,exact,Traverse,MPV,Traverse FWD,,2009-2026,true
2005,scion,scion,xb,3,exact,,,xB,,2004-2015,true
2017,toyota,toyota,e-z,1,none,,,,,,true
2010,audi,audi,a3,1,exact,A3,Passenger Car,A3,,2006-2013 2015-2020 2022-2026,true
2013,acura,acura,tl,5,exact,TL,Passenger Car,TL 2WD,,1990-2014,true
1991,plymouth,plymouth,voyager,1,exact,Voyager,MPV,Voyager/Grand Voyager 2WD,,1990-2005 2007-2009 2020-2026,true
2022,mercedes,mercedesbenz,gla-class-amg,1,exact,GLA-Class,MPV,AMG GLA35 4matic,,2015-2026,true
2025,porsche,porsche,cayenne,7,exact,Cayenne,MPV,Cayenne,,2003-2026,true
2011,honda,honda,pilot,7,exact,Pilot,MPV,Pilot 2WD,,2003-2026,true
2021,volvo,volvo,s90,4,exact,S90,Passenger Car,S90 AWD,,1997-1998 2017-2026,true
1994,plymouth,plymouth,voyager,1,exact,Voyager,MPV,Voyager/Grand Voyager 2WD,,1990-2005 2007-2009 2020-2026,true
2019,audi,audi,a3,1,exact,A3,Passenger Car,A3,,2006-2013 2015-2020 2022-2026,true
2008,mitsubishi,mitsubishi,outlander,5,exact,Outlander,MPV,Outlander 2WD,,2003-2026,true
2025,jaguar,jaguar,xe,5,none,,,,,2017-2021,true
1996,plymouth,plymouth,voyager,1,exact,Voyager,MPV,Voyager/Grand Voyager 2WD,,1990-2005 2007-2009 2020-2026,true
2025,lincoln,lincoln,nautilus,4,exact,Nautilus,MPV,Nautilus HEV AWD,,2019-2026,true
2004,lincoln,lincoln,ls,1,exact,LS,Passenger Car,LS,,2000-2006,true
2003,lincoln,lincoln,ls,1,exact,LS,Passenger Car,LS,,2000-2006,true
2000,suzuki,suzuki,grand-vitara,1,exact,Vitara,MPV,Grand Vitara 4Door 2WD,,1999-2013,true
2002,suzuki,suzuki,grand-vitara,1,exact,Vitara,MPV,Grand Vitara,,1999-2013,true
2002,subaru,subaru,legacy,6,exact,Legacy,Passenger Car,Legacy AWD,,1990-2026,true
1995,lexus,lexus,ls400,1,exact,LS,Passenger Car,LS 400,,1990-2026,true
2005,lincoln,lincoln,ls,1,exact,LS,Passenger Car,LS,,2000-2006,true
2003,suzuki,suzuki,grand-vitara,1,exact,Vitara,MPV,Grand Vitara,,1999-2013,true
2005,suzuki,suzuki,grand-vitara,1,exact,Grand Vitara,MPV,Grand Vitara,,1999-2013,true
2011,jeep,jeep,compass,6,exact,Compass,MPV,Compass 2WD,,2006-2026,true
2020,jaguar,jaguar,f-type,1,exact,F-TYPE,Passenger Car,F-Type Coupe,,2014-2024,true
2008,toyota,toyota,highlander,10,exact,Highlander,MPV,Highlander 2WD,,2001-2026,true
2006,lexus,lexus,ls,4,exact,LS,Passenger Car,LS 430,,1990-2026,true
2018,toyota,toyota,sequoia,5,exact,Sequoia,MPV,Sequoia 2WD,,2000-2026,true
2002,bmw,bmw,m3,2,exact,M3,Passenger Car,M3 Convertible,,1990-1991 1995-1999 2001-2006 2008-2013 2015-2018 2020-2026,true
1993,isuzu,isuzu,rodeo,1,exact,Rodeo,Truck,Rodeo 2WD,,1990-2004,true
2012,land rover,landrover,range-rover,6,exact,Range Rover,MPV,Range Rover,,1990-2026,true
2010,mitsubishi,mitsubishi,lancer,7,exact,Lancer,Passenger Car,Lancer,,2002-2017,true
2013,buick,buick,lacrosse,10,exact,LaCrosse,Passenger Car,LaCrosse eAssist,,2005-2019,true
2013,land rover,landrover,range-rover,6,exact,Range Rover,MPV,Range Rover Sport,,1990-2026,true
2021,lincoln,lincoln,corsair,1,exact,Corsair,MPV,Corsair FWD,,2020-2026,true
2004,nissan,nissan,murano,5,exact,Murano,Truck,Murano 2WD,,2002-2007 2009-2026,true
2013,hyundai,hyundai,veracruz,1,exact,Veracruz,MPV,,,2007-2013,true
2014,hyundai,hyundai,veracruz,1,none,,,,,2007-2013,true
2014,bmw,bmw,x3,5,exact,X3,MPV,X3 xDrive28i,,2004-2026,true
2013,ford,ford,mustang-shelby-gt350,1,exact,Mustang,Passenger Car,Mustang,,1990-2026,true
1996,acura,acura,tl,1,exact,TL,Passenger Car,2.5TL/3.2TL,,1990-2014,true
2023,bmw,bmw,i5,1,none,,,,,2024-2026,true
2022,bmw,bmw,i7,1,none,,,,,2023-2026,true
2015,bmw,bmw,i8,1,exact,i8,Passenger Car,i8,,2014-2017 2019-2020,true
2001,acura,acura,integra-type-r,2,exact,Integra,Passenger Car,Integra,,1990-2001 2023-2026,true
2005,chevrolet,chevrolet,blazer,1,exact,Blazer,MPV,Blazer 2WD,,1990-2005 2019-2026,true
2002,toyota,toyota,solara,1,exact,Camry,MPV,Camry Solara Convertible,,1990-2026,true
2013,mitsubishi,mitsubishi,outlander,5,exact,Outlander,MPV,Outlander Sport 2WD,,2003-2026,true
2017,lexus,lexus,ls,4,exact,LS,Passenger Car,LS 460,,1990-2026,true
2016,ford,ford,transit,1,exact,Transit,MPV,,,2015-2026,true
2003,isuzu,isuzu,rodeo,1,exact,Rodeo,MPV,Rodeo 2WD,,1990-2004,true
2011,audi,audi,a4,2,exact,A4,Passenger Car,A4,,1996-2025,true
2019,ford,ford,transit,1,exact,Transit,MPV,,,2015-2026,true
2021,ford,ford,transit,1,exact,Transit,MPV,,,2015-2026,true
2024,ford,ford,transit,1,exact,Transit,MPV,,,2015-2026,true
2003,ford,ford,excursion,1,exact,Excursion,MPV,,,2000-2005,true
2004,ford,ford,excursion,1,exact,Excursion,MPV,,,2000-2005,true
2014,nissan,nissan,quest,1,exact,Quest,MPV,Quest,,1993-2009 2011-2017,true
2015,mitsubishi,mitsubishi,outlander,5,exact,Outlander,MPV,Outlander 2WD,,2003-2026,true
2025,mini,mini,countryman,6,exact,Countryman,MPV,Countryman S All4,,2011-2026,true
2001,lincoln,lincoln,navigator,4,exact,Navigator,MPV,Navigator 2WD,,1998-2026,true
2012,mitsubishi,mitsubishi,lancer,7,exact,Lancer,Passenger Car,Lancer,,2002-2017,true
1995,chevrolet,chevrolet,camaro,2,exact,Camaro,MPV,Camaro,,1990-2002 2010-2024,true
2004,hyundai,hyundai,elantra,1,exact,Elantra,Passenger Car,Elantra,,1992-2026,true
2006,hyundai,hyundai,elantra,1,exact,Elantra,Passenger Car,Elantra,,1992-2026,true
2025,fiat,fiat,500,1,exact,500e,Passenger Car,500e,,2012-2026,true
2022,fiat,fiat,500,1,exact,,,500X AWD,,2012-2026,true
2024,fiat,fiat,500,1,exact,500e,Passenger Car,500e,,2012-2026,true
2002,mitsubishi,mitsubishi,montero,1,exact,Montero,MPV,Montero,,1990-2006,true
2011,chrysler,chrysler,200,1,exact,200,Passenger Car,200 Convertible,,2011-2017,true
2003,ford,ford,fusion,1,none,,,,,2006-2020,true
2002,ford,ford,fusion,1,none,,,,,2006-2020,true
2022,cadillac,cadillac,ct6,1,none,,,,,2016-2020,true
2024,cadillac,cadillac,ct6,1,none,,,,,2016-2020,true
2016,lincoln,lincoln,mkt,1,exact,MKT,MPV,MKT Livery FWD,,2010-2019,true
2014,lincoln,lincoln,mkc,1,none,,,,,2015-2019,true
2019,lincoln,lincoln,mkc,1,exact,MKC,MPV,MKC FWD,,2015-2019,true
2012,scion,scion,xb,3,exact,,,xB,,2004-2015,true
2022,toyota,toyota,land-cruiser,1,none,,,,,1990-2021 2024-2026,true
2005,mercedes,mercedesbenz,cl-class,1,exact,CL-Class,Passenger Car,CL500,,1998-2014,true
2007,mercedes,mercedesbenz,cl-class,1,exact,CL-Class,Passenger Car,CL550,,1998-2014,true
2009,mercedes,mercedesbenz,cl-class,1,exact,CL-Class,Passenger Car,CL550 4matic,,1998-2014,true
2010,mercedes,mercedesbenz,cl-class,1,exact,CL-Class,Passenger Car,CL550 4matic,,1998-2014,true
2012,mercedes,mercedesbenz,cl-class,1,exact,CL-Class,Passenger Car,CL550 4matic,,1998-2014,true
2001,mercedes,mercedesbenz,slk-class-amg,1,exact,SLK-Class,Passenger Car,SLK230 Kompressor,,1998-2016,true
2019,jaguar,jaguar,f-type,1,exact,F-TYPE,Passenger Car,F-Type Coupe,,2014-2024,true
2001,toyota,toyota,echo,1,exact,Echo,Passenger Car,Echo,,2000-2005,true
2010,chevrolet,chevrolet,equinox,5,exact,Equinox,MPV,Equinox FWD,,2005-2026,true
2019,mercedes,mercedesbenz,glc-class-coupe,1,exact,GLC-Class,MPV,GLC300,,2016-2026,true
2020,mercedes,mercedesbenz,glc-class-coupe,1,exact,GLC-Class,MPV,GLC300,,2016-2026,true
2018,toyota,toyota,corolla,6,exact,Corolla,Passenger Car,Corolla,,1990-2026,true
2023,mercedes,mercedesbenz,glc-class-coupe,1,exact,GLC-Class,MPV,GLC300 4matic Coupe,,2016-2026,true
2010,chrysler,chrysler,200,1,none,,,,,2011-2017,true
2024,ford,ford,taurus,1,none,,,,,1990-2019,true
2011,hyundai,hyundai,veracruz,1,exact,Veracruz,MPV,Veracruz 2WD,,2007-2013,true
2023,ford,ford,taurus,1,none,,,,,1990-2019,true
2025,ford,ford,taurus,1,none,,,,,1990-2019,true
2016,chrysler,chrysler,200,1,exact,200,Passenger Car,200,,2011-2017,true
2017,ford,ford,taurus,1,exact,Taurus,Passenger Car,Taurus FWD,,1990-2019,true
2022,ford,ford,taurus,1,none,,,,,1990-2019,true
2008,ford,ford,taurus,1,exact,Taurus,Passenger Car,Taurus AWD,,1990-2019,true
2026,bmw,bmw,x6,3,exact,X6,MPV,X6 xDrive40i,,2008-2026,true
2022,jaguar,jaguar,f-type,1,exact,F-TYPE,Passenger Car,F-Type R AWD Coupe,,2014-2024,true
1990,isuzu,isuzu,trooper,1,exact,Trooper,MPV,Trooper,,1990-2002,true
2016,chevrolet,chevrolet,colorado,6,exact,Colorado,Truck,Colorado 2WD,,2004-2012 2015-2026,true
2012,audi,audi,a3,1,exact,A3,Passenger Car,A3,,2006-2013 2015-2020 2022-2026,true
2016,audi,audi,a3,1,exact,A3,Passenger Car,A3,,2006-2013 2015-2020 2022-2026,true
2010,scion,scion,xb,3,exact,,,xB,,2004-2015,true
2009,gmc,gmc,terrain,1,exact,Terrain,MPV,,,2009-2026,true
1990,nissan,nissan,240sx,1,exact,240SX,Passenger Car,240SX,,1990-2001,true
2011,acura,acura,tl,5,exact,TL,Passenger Car,TL 2WD,,1990-2014,true
2011,scion,scion,xb,3,exact,,,xB,,2004-2015,true
2005,subaru,subaru,baja,1,exact,Baja,MPV,Baja AWD,,2003-2006,true
2015,fiat,fiat,500,1,exact,500,Passenger Car,500,,2012-2026,true
2024,mercedes,mercedesbenz,gla-class-amg,1,exact,GLA-Class,MPV,AMG GLA35 4matic,,2015-2026,true
2026,mercedes,mercedesbenz,gla-class-amg,1,exact,GLA-Class,MPV,AMG GLA35 4matic,,2015-2026,true
2026,audi,audi,a6-e-tron,1,exact,A6,Passenger Car,A6 Allroad quattro,,1995-2026,true
2003,audi,audi,s6,1,exact,S6,Passenger Car,S6 Avant,,1995-1997 2002-2003 2007-2011 2013-2018 2020-2025,true
2022,mercedes,mercedesbenz,glb-class,1,exact,GLB-Class,MPV,AMG GLB35 4matic,,2020-2026,true
2024,mercedes,mercedesbenz,glb-class,1,exact,GLB-Class,MPV,AMG GLB35 4matic,,2020-2026,true
2019,audi,audi,s8,1,none,,,,,2001-2003 2007-2009 2013-2018 2020-2026,true
2011,mitsubishi,mitsubishi,outlander,5,exact,Outlander,MPV,Outlander 2WD,,2003-2026,true
2012,audi,audi,s8,1,none,,,,,2001-2003 2007-2009 2013-2018 2020-2026,true
2006,audi,audi,s8,1,none,,,,,2001-2003 2007-2009 2013-2018 2020-2026,true
2017,audi,audi,s6,1,exact,S6,Passenger Car,S6,,1995-1997 2002-2003 2007-2011 2013-2018 2020-2025,true
2013,scion,scion,xb,3,exact,,,xB,,2004-2015,true
2017,cadillac,cadillac,ats,1,exact,ATS,Passenger Car,ATS,,2013-2019,true
2011,mitsubishi,mitsubishi,lancer-evolution,4,exact,Lancer,Passenger Car,Lancer,,2002-2017,true
2022,subaru,subaru,brz,4,exact,BRZ,Passenger Car,BRZ,,2013-2026,true
2010,hyundai,hyundai,sonata,6,exact,Sonata,Passenger Car,Sonata,,1990-2026,true
2024,kia,kia,ev9,1,exact,EV9,MPV,EV9 Long Range RWD,,2024-2026,true
2017,toyota,toyota,prius,5,exact,Prius,Passenger Car,Prius v,,2001-2026,true
2025,audi,audi,rs6,1,exact,RS 6 Avant,Passenger Car,RS 6 Avant,,2003-2004 2021-2026,true
2026,audi,audi,rs6,1,exact,RS 6 Avant,Passenger Car,RS 6 Avant,,2003-2004 2021-2026,true
2020,audi,audi,rs7,1,none,,,,,2014-2018 2021-2026,true
2010,jeep,jeep,compass,6,exact,Compass,MPV,Compass 2WD,,2006-2026,true
2006,audi,audi,s6,1,none,,,,,1995-1997 2002-2003 2007-2011 2013-2018 2020-2025,true
2011,audi,audi,s8,1,none,,,,,2001-2003 2007-2009 2013-2018 2020-2026,true
2006,audi,audi,tt,1,exact,TT,Passenger Car,TT Roadster,,2000-2006 2008-2023,true
1991,nissan,nissan,300zx,1,exact,300ZX,Passenger Car,300ZX,,1990-1996,true
1998,nissan,nissan,240sx,1,exact,240SX,Passenger Car,240SX,,1990-2001,true
2001,oldsmobile,oldsmobile,bravada,1,exact,Bravada,MPV,Bravada AWD,,1991-2004,true
2021,mazda,mazda,cx-30,1,exact,CX-30,MPV,CX-30 2WD,,2020-2026,true
2011,mazda,mazda,mx-5,1,exact,MX-5,Passenger Car,MX-5,,1990-1997 1999-2026,true
2023,mazda,mazda,mx-5,1,exact,MX-5,Passenger Car,MX-5,,1990-1997 1999-2026,true
2025,mazda,mazda,mx-5,1,exact,MX-5,Passenger Car,MX-5,,1990-1997 1999-2026,true
2026,mazda,mazda,mx-5,1,exact,MX-5,Passenger Car,MX-5,,1990-1997 1999-2026,true
2006,mitsubishi,mitsubishi,lancer,7,exact,Lancer,Passenger Car,Lancer,,2002-2017,true
2006,subaru,subaru,baja,1,exact,Baja,MPV,Baja AWD,,2003-2006,true
2002,chevrolet,chevrolet,blazer,1,exact,Blazer,MPV,S10 Pickup 2WD,,1990-2005 2019-2026,true
2008,kia,kia,sorento,2,exact,Sorento,Passenger Car,Sorento 2WD,,2001-2009 2011-2026,true
2009,kia,kia,sorento,2,exact,Sorento,Passenger Car,Sorento 2WD,,2001-2009 2011-2026,true
2000,oldsmobile,oldsmobile,bravada,1,exact,Bravada,MPV,Bravada AWD,,1991-2004,true
2024,bmw,bmw,i5,1,exact,i5,Passenger Car,i5 eDrive40 Sedan (19 inch Wheels),,2024-2026,true
2000,saab,saab,9-5,1,exact,9-5,Passenger Car,9-5,,1999-2012,true
2019,infiniti,infiniti,q70,1,exact,Q70,Passenger Car,Q70,,2003-2004 2006-2022,true
2008,hyundai,hyundai,tiburon,1,exact,Tiburon,Passenger Car,Tiburon,,1997-2008,true
2010,audi,audi,r8,1,exact,R8,Passenger Car,R8,,2008-2012 2014-2018 2020-2023,true
2013,audi,audi,r8,1,none,,,,,2008-2012 2014-2018 2020-2023,true
2015,audi,audi,r8,1,exact,R8,Passenger Car,R8 Spyder,,2008-2012 2014-2018 2020-2023,true
2025,buick,buick,encore,1,exact,,,Encore GX FWD,,2013-2026,true
2007,buick,buick,enclave,1,exact,Enclave,MPV,,,2007-2026,true
2016,audi,audi,r8,1,exact,R8,Passenger Car,,,2008-2012 2014-2018 2020-2023,true
2007,audi,audi,tt,1,none,,,,,2000-2006 2008-2023,true
2009,audi,audi,tt,1,exact,TT,Passenger Car,TT Roadster quattro,,2000-2006 2008-2023,true
2005,audi,audi,tt,1,exact,TT,Passenger Car,TT Roadster quattro,,2000-2006 2008-2023,true
2026,chevrolet,chevrolet,trax,1,exact,Trax,MPV,Trax FFV,,2013-2026,true
2017,toyota,toyota,sienna,8,exact,Sienna,MPV,Sienna 2WD,,1995-2026,true
2008,mitsubishi,mitsubishi,galant,7,exact,Galant,Passenger Car,Galant,,1990-2012,true
2007,kia,kia,spectra5,1,exact,Spectra,Passenger Car,Spectra,,2000-2009,true
2010,audi,audi,tt,1,exact,TT,Passenger Car,TT Roadster quattro,,2000-2006 2008-2023,true
2008,pontiac,pontiac,g8,1,exact,G8,Passenger Car,G8,,2008-2010,true
2006,pontiac,pontiac,g6,1,exact,G6,Passenger Car,G6,,2005-2010,true
2021,toyota,toyota,86,1,none,,,,,2017-2020 2022-2026,true
2015,cadillac,cadillac,ats,1,exact,ATS,Passenger Car,ATS,,2013-2019,true
2016,cadillac,cadillac,ats-v,1,exact,ATS,Passenger Car,ATS-V,,2013-2019,true
2017,cadillac,cadillac,ats-v,1,exact,ATS,Passenger Car,ATS,,2013-2019,true
2006,bmw,bmw,m5,2,exact,M5,Passenger Car,M5,,1991-1993 2000-2003 2006-2010 2013-2023 2025-2026,true
2015,jeep,jeep,cherokee,1,exact,Cherokee,MPV,Cherokee FWD,,1990-2011 2014-2023 2026,true
2020,toyota,toyota,86,1,exact,86,Passenger Car,86,,2017-2020 2022-2026,true
2010,lincoln,lincoln,navigator,4,exact,Navigator,MPV,Navigator 2WD FFV,,1998-2026,true
2019,cadillac,cadillac,ct6,1,exact,CT6,Passenger Car,CT6 AWD,,2016-2020,true
2016,cadillac,cadillac,xts,1,exact,XTS,Passenger Car,XTS,,2013-2019,true
2012,audi,audi,tt,1,exact,TT,Passenger Car,TT Roadster quattro,,2000-2006 2008-2023,true
2016,cadillac,cadillac,ats,1,exact,ATS,Passenger Car,ATS-V,,2013-2019,true
2001,audi,audi,a8,1,exact,A8,Passenger Car,A8 quattro,,1997-2026,true
2012,audi,audi,a8,1,exact,A8,Passenger Car,A8 L,,1997-2026,true
2008,audi,audi,tt-s,1,exact,TT,Passenger Car,TT Roadster,,2000-2006 2008-2023,true
2013,audi,audi,tt,1,exact,TT,Passenger Car,TT Roadster quattro,,2000-2006 2008-2023,true
2014,audi,audi,tt-s,1,exact,TT,Passenger Car,TT Roadster quattro,,2000-2006 2008-2023,true
2023,audi,audi,tt-s,1,exact,TT,Passenger Car,TT Roadster,,2000-2006 2008-2023,true
2015,audi,audi,tt,1,exact,TT,Passenger Car,TT Roadster quattro,,2000-2006 2008-2023,true
2019,jeep,jeep,cherokee,1,exact,Cherokee,MPV,Cherokee FWD,,1990-2011 2014-2023 2026,true
2014,cadillac,cadillac,ats,1,exact,ATS,Passenger Car,ATS,,2013-2019,true
2024,cadillac,cadillac,xt4,4,exact,XT4,MPV,XT4 FWD,,2019-2025,true
2002,mercury,mercury,sable,1,exact,Sable,Passenger Car,Sable,,1990-2005 2008-2009,true
2004,mercury,mercury,sable,1,exact,Sable,Passenger Car,Sable,,1990-2005 2008-2009,true
2005,saab,saab,9-3,1,exact,9-3,Passenger Car,9-3 Convertible,,1999-2012,true
2011,nissan,nissan,versa,4,exact,Versa,Passenger Car,Versa,,2007-2025,true
2020,mazda,mazda,mazda3,1,exact,Mazda3,Passenger Car,3 4-Door 4WD,,2003-2026,true
2004,saab,saab,9-3,1,exact,9-3,Passenger Car,9-3 Convertible,,1999-2012,true
2001,saab,saab,9-5,1,exact,9-5,Passenger Car,9-5,,1999-2012,true
2002,saab,saab,9-5,1,exact,9-5,Passenger Car,9-5,,1999-2012,true
2003,saab,saab,9-5,1,exact,9-5,Passenger Car,9-5,,1999-2012,true
2013,chevrolet,chevrolet,spark,1,exact,Spark,Passenger Car,Spark,,2008 2011-2022,true
2014,audi,audi,r8,1,exact,R8,Passenger Car,R8 Spyder,,2008-2012 2014-2018 2020-2023,true
2014,chevrolet,chevrolet,spark,1,exact,Spark,Passenger Car,Spark EV,,2008 2011-2022,true
2015,chevrolet,chevrolet,spark,1,exact,Spark,Passenger Car,Spark,,2008 2011-2022,true
2008,mercury,mercury,mountaineer,1,exact,Mountaineer,MPV,Mountaineer 2WD,,1997-2010,true
2020,honda,honda,fit,1,exact,Fit,Passenger Car,Fit,,2007-2020,true
2006,mercury,mercury,mountaineer,1,exact,Mountaineer,MPV,Mountaineer 2WD,,1997-2010,true
2016,chrysler,chrysler,pacifica,1,none,,,,,2004-2009 2017-2026,true
2014,chrysler,chrysler,200,1,exact,200,Passenger Car,200 Convertible,,2011-2017,true
2014,kia,kia,sedona,2,exact,Sedona,MPV,Sedona,,2001-2026,true
2016,chevrolet,chevrolet,volt,1,exact,Volt,Passenger Car,Volt,,2011-2019,true
2019,chevrolet,chevrolet,volt,1,exact,Volt,Passenger Car,Volt,,2011-2019,true
2015,chevrolet,chevrolet,volt,1,exact,Volt,Passenger Car,Volt,,2011-2019,true
2022,audi,audi,r8,1,exact,R8,Passenger Car,R8 Coupe,,2008-2012 2014-2018 2020-2023,true
2022,honda,honda,passport,6,exact,Passport,MPV,Passport FWD,,1994-2002 2019-2026,true
2013,infiniti,infiniti,q70,1,family,M56,Passenger Car,M37x,,2003-2004 2006-2022,true
2006,gmc,gmc,acadia,1,none,,,,,2007-2026,true
2011,hyundai,hyundai,veloster,1,none,,,,,2012-2022,true
2025,honda,honda,passport,4,exact,Passport,MPV,Passport AWD,,1994-2002 2019-2026,true
2005,dodge,dodge,charger,1,none,,,,,2006-2026,true
2021,infiniti,infiniti,q70,1,exact,Q70,Passenger Car,,,2003-2004 2006-2022,true
2021,mclaren,mclaren,gt,1,exact,GT,Passenger Car,GT,,2017-2023,true
2006,hyundai,hyundai,veracruz,1,none,,,,,2007-2013,true
2015,hyundai,hyundai,veracruz,1,none,,,,,2007-2013,true
2025,infiniti,infiniti,qx55,1,exact,QX55,MPV,QX55 AWD,,2022-2025,true
2014,infiniti,infiniti,q70,1,exact,Q70,Passenger Car,Q70,,2003-2004 2006-2022,true
2015,infiniti,infiniti,q70,1,exact,Q70,Passenger Car,Q70 Hybrid,,2003-2004 2006-2022,true
2020,infiniti,infiniti,q70,1,exact,Q70,Passenger Car,,,2003-2004 2006-2022,true
2000,chevrolet,chevrolet,lumina,1,exact,Lumina,Passenger Car,Lumina/Monte Carlo,,1990-2001,true
2025,jaguar,jaguar,i-pace,1,none,,,,,2019-2024,true
2022,mercedes,mercedesbenz,c-class-amg,1,exact,C-Class,Passenger Car,C300 4matic Coupe,,1994-2026,true
2004,kia,kia,sportage,1,exact,Sportage,Passenger Car,,,1995-2026,true
2017,kia,kia,stinger,1,none,,,,,2018-2023,true
2025,jaguar,jaguar,e-pace,1,none,,,,,2018-2024,true
2004,audi,audi,tt,1,exact,TT,Passenger Car,TT Roadster,,2000-2006 2008-2023,true
2017,audi,audi,r8,1,exact,R8,Passenger Car,R8,,2008-2012 2014-2018 2020-2023,true
2019,cadillac,cadillac,ats,1,exact,ATS,Passenger Car,ATS-V,,2013-2019,true
2015,lincoln,lincoln,mkc,1,exact,MKC,MPV,MKC FWD,,2015-2019,true
2012,chrysler,chrysler,town-country,1,exact,Town and Country,MPV,Town and Country,,1990-2016,true
2001,chevrolet,chevrolet,lumina,1,exact,Lumina,Passenger Car,Lumina,,1990-2001,true
2010,chevrolet,chevrolet,impala,4,exact,Impala,Passenger Car,Impala,,1994-1996 2000-2020,true
2001,ford,ford,taurus,1,exact,Taurus,Passenger Car,Taurus,,1990-2019,true
2000,chrysler,chrysler,town-country,1,exact,Town and Country,MPV,Town and Country/Voyager/Grand Voy. 2WD,,1990-2016,true
2026,lexus,lexus,ux,1,exact,UX,Passenger Car,UX 300h,,2019-2026,true
2020,lincoln,lincoln,mkc,1,none,,,,,2015-2019,true
2009,lincoln,lincoln,mkt,1,none,,,,,2010-2019,true
2010,lincoln,lincoln,mkt,1,exact,MKT,MPV,MKT FWD,,2010-2019,true
2014,chrysler,chrysler,town-country,1,exact,Town and Country,MPV,Town and Country,,1990-2016,true
2020,audi,audi,r8,1,exact,R8,Passenger Car,R8 AWD,,2008-2012 2014-2018 2020-2023,true
2021,audi,audi,r8,1,exact,R8,Passenger Car,R8,,2008-2012 2014-2018 2020-2023,true
2004,gmc,gmc,canyon,5,exact,Canyon,Truck,Canyon 2WD,,2004-2026,true
2008,pontiac,pontiac,grand-prix,1,exact,Grand Prix,Passenger Car,Grand Prix,,1990-2008,true
2015,chrysler,chrysler,town-country,1,exact,Town and Country,Truck,Town and Country,,1990-2016,true
2000,mercedes-benz,mercedesbenz,s-class,7,exact,S-Class,Passenger Car,S430,,1990-2026,true
2010,mazda,mazda,cx-9,1,exact,CX-9,MPV,CX-9 2WD,,2007-2023,true
2011,mazda,mazda,cx-9,1,exact,CX-9,MPV,CX-9 2WD,,2007-2023,true
2000,chrysler,chrysler,pt-cruiser,1,exact,PT Cruiser,MPV,,,1995-2010,true
2012,mazda,mazda,cx-5,1,none,,,,,2013-2026,true
2022,mazda,mazda,cx-50,1,none,,,,,2023-2026,true
2006,mazda,mazda,cx-9,1,none,,,,,2007-2023,true
2011,lincoln,lincoln,mkt,1,exact,MKT,MPV,MKT FWD,,2010-2019,true
2012,lincoln,lincoln,mkt,1,exact,MKT,MPV,MKT FWD,,2010-2019,true
2013,chevrolet,chevrolet,malibu,5,exact,Malibu,Passenger Car,Malibu eAssist,,1997-2025,true
2023,audi,audi,r8,1,exact,R8,Passenger Car,R8 Coupe quattro,,2008-2012 2014-2018 2020-2023,true
2013,lincoln,lincoln,mkt,1,exact,MKT,MPV,MKT Livery AWD,,2010-2019,true
2014,lincoln,lincoln,mkt,1,exact,MKT,MPV,MKT Livery FWD,,2010-2019,true
2008,mazda,mazda,cx-9,1,exact,CX-9,MPV,CX-9 2WD,,2007-2023,true
2012,mazda,mazda,cx-9,1,exact,CX-9,MPV,CX-9 2WD,,2007-2023,true
2020,mazda,mazda,mx-30,1,none,,,,,2022-2023,true
2009,mercedes,mercedesbenz,e-class-coupe,1,exact,E-Class,Passenger Car,E320 Bluetec,,1990-2026,true
2013,mazda,mazda,cx-9,1,exact,CX-9,MPV,CX-9 2WD,,2007-2023,true
2002,lexus,lexus,gx,1,none,,,,,2003-2026,true
2002,subaru,subaru,baja,1,none,,,,,2003-2006,true
2007,subaru,subaru,baja,1,none,,,,,2003-2006,true
2014,mercedes,mercedesbenz,amg-gt,1,none,,,,,2016-2026,true
2013,mercedes,mercedesbenz,a-class-amg,1,none,,,,,2019-2022,true
2014,mercedes,mercedesbenz,a-class-amg,1,none,,,,,2019-2022,true
2015,mercedes,mercedesbenz,a-class-amg,1,none,,,,,2019-2022,true
2022,mazda,mazda,mx-30,1,exact,MX-30,Passenger Car,MX-30,,2022-2023,true
2010,mazda,mazda,mx-5,1,exact,MX-5,Passenger Car,MX-5,,1990-1997 1999-2026,true
2006,mazda,mazda,mx-5,1,exact,MX-5,Passenger Car,MX-5,,1990-1997 1999-2026,true
2012,mazda,mazda,mx-5,1,exact,MX-5,Passenger Car,MX-5,,1990-1997 1999-2026,true
2013,audi,audi,tt-s,1,exact,TT,Passenger Car,TT Roadster quattro,,2000-2006 2008-2023,true
1999,chevrolet,chevrolet,c3500,1,exact,Silverado,Truck,Silverado 1500 2WD,,1990-2026,true
2025,honda,honda,prelude,1,none,,,,,1990-2001 2026,true
2024,tesla,tesla,cybertruck,1,exact,Cybertruck,Truck,,,2024-2026,true
1990,subaru,subaru,legacy,1,exact,Legacy,Passenger Car,Legacy,,1990-2026,true
2026,honda,honda,prelude,1,exact,Prelude,Passenger Car,Prelude,,1990-2001 2026,true
1991,subaru,subaru,legacy,1,exact,Legacy,MPV,Legacy,,1990-2026,true
2023,audi,audi,tt,1,exact,TT,Passenger Car,TT Roadster,,2000-2006 2008-2023,true
2008,audi,audi,tt,1,exact,TT,Passenger Car,TT Roadster,,2000-2006 2008-2023,true
2001,chevrolet,chevrolet,blazer,1,exact,S-10 Pickup,MPV,S10 Pickup 2WD,,1990-2005 2019-2026,true
2009,acura,acura,tsx,4,exact,TSX,Passenger Car,TSX,,2004-2014,true
2011,audi,audi,tt,1,exact,TT,Passenger Car,TT Roadster quattro,,2000-2006 2008-2023,true
2014,audi,audi,tt,1,exact,TT,Passenger Car,TT Roadster quattro,,2000-2006 2008-2023,true
2025,nissan,nissan,frontier,1,exact,Frontier,Truck,Frontier 2WD,,1998-2026,true
1997,chevrolet,chevrolet,lumina,1,exact,Lumina,Passenger Car,Lumina/Monte Carlo,,1990-2001,true
1998,chevrolet,chevrolet,lumina,1,exact,Lumina,Passenger Car,Lumina/Monte Carlo,,1990-2001,true
1999,chevrolet,chevrolet,lumina,1,exact,Lumina,Passenger Car,Lumina/Monte Carlo,,1990-2001,true
2011,chrysler,chrysler,town-country,1,exact,Town and Country,MPV,Town and Country,,1990-2016,true
2025,mitsubishi,mitsubishi,eclipse-cross,1,exact,Eclipse Cross,MPV,Eclipse Cross 2WD,,2018-2026,true
2013,audi,audi,allroad,1,exact,A4 allroad,MPV,allroad quattro,,1995-2026,true
2019,chevrolet,chevrolet,trax,1,exact,Trax,MPV,Trax,,2013-2026,true
2002,chrysler,chrysler,town-country,1,exact,Town and Country,MPV,Town and Country/Voyager/Grand Voy. 2WD,,1990-2016,true
2014,dodge,dodge,dart,1,exact,Dart,Passenger Car,Dart,,2013-2016,true
2005,chrysler,chrysler,town-country,1,exact,Town and Country,MPV,Voyager/Town and Country 2WD,,1990-2016,true
2007,chrysler,chrysler,town-country,1,exact,Town and Country,MPV,Town and Country/Voyager/Grand Voy. 2WD,,1990-2016,true
2022,toyota,toyota,corolla-cross,1,exact,Corolla Cross,MPV,Corolla Cross,,1990-2026,true
2000,chevrolet,chevrolet,suburban,1,exact,Suburban,MPV,Suburban 1500 2WD,,1990-2026,true
2003,mazda,mazda,mazda3,1,family,Mazda6,Passenger Car,6,,2003-2026,true
2005,mazda,mazda,mx-5,1,exact,MX-5,Passenger Car,MX-5 Miata,,1990-1997 1999-2026,true
2022,volkswagen,volkswagen,atlas-cross-sport,1,exact,Atlas,MPV,Atlas,,2018-2026,true
2011,toyota,toyota,highlander,10,exact,Highlander,MPV,Highlander 2WD,,2001-2026,true
2024,infiniti,infiniti,qx60,5,exact,QX60,MPV,QX60 FWD,,2013-2026,true
1993,subaru,subaru,svx,1,exact,SVX,Passenger Car,SVX,,1992-1997,true
2001,oldsmobile,oldsmobile,alero,1,exact,Alero,Passenger Car,Alero,,1999-2004,true
2002,oldsmobile,oldsmobile,alero,1,exact,Alero,Passenger Car,Alero,,1999-2004,true
2004,chevrolet,chevrolet,suburban,1,exact,Suburban,MPV,Suburban 1500 2WD,,1990-2026,true
2005,chevrolet,chevrolet,suburban,1,exact,Suburban,MPV,Suburban 1500 4WD,,1990-2026,true
1990,chevrolet,chevrolet,k1500,1,exact,GMT-400,Truck,C1500 Pickup 2WD,,1990-2026,true
2002,nissan,nissan,quest,1,exact,Quest,MPV,Quest,,1993-2009 2011-2017,true
2006,nissan,nissan,quest,1,exact,Quest,Truck,Quest,,1993-2009 2011-2017,true
2003,nissan,nissan,quest,1,exact,Quest,MPV,,,1993-2009 2011-2017,true
2003,buick,buick,rendezvous,1,exact,Rendezvous,MPV,Rendezvous FWD,,2001-2007,true
2022,chevrolet,chevrolet,trax,1,exact,Trax,MPV,Trax FWD,,2013-2026,true
2002,chevrolet,chevrolet,trailblazer,1,exact,Trailblazer,MPV,TrailBlazer 2WD,,2002-2009 2021-2026,true
1996,subaru,subaru,svx,1,exact,SVX,Passenger Car,SVX AWD,,1992-1997,true
1997,subaru,subaru,svx,1,exact,SVX,Passenger Car,SVX AWD,,1992-1997,true
1990,ford,ford,f-150,1,exact,F-150,MPV,F150 Pickup 2WD,,1990-2026,true
1997,chevrolet,chevrolet,tahoe,7,exact,Tahoe,MPV,Tahoe 1500 2WD,,1995-2026,true
2014,toyota,toyota,86,1,none,,,,,2017-2020 2022-2026,true
2016,toyota,toyota,86,1,none,,,,,2017-2020 2022-2026,true
1990,chevrolet,chevrolet,c1500,1,exact,GMT-400,Truck,C1500 Pickup 2WD,,1990-2026,true
2013,toyota,toyota,highlander,10,exact,Highlander,MPV,Highlander 2WD,,2001-2026,true
2000,toyota,toyota,4runner,2,exact,4Runner,MPV,4Runner 2WD,,1990-2026,true
2001,toyota,toyota,4runner,2,exact,4Runner,MPV,4Runner 2WD,,1990-2026,true
1994,hummer,hummer,h1,1,exact,H1,MPV,,,1992-2006,true
2021,bmw,bmw,x2,1,exact,X2,MPV,X2 xDrive28i,,2018-2026,true
1997,chevrolet,chevrolet,blazer,1,exact,Blazer,MPV,S10 Pickup 2WD,,1990-2005 2019-2026,true
1992,dodge,dodge,dakota,1,exact,Dakota,Truck,Dakota Pickup 2WD,,1990-2012,true
1995,mitsubishi,mitsubishi,eclipse,5,exact,Eclipse,Passenger Car,Eclipse,,1990-2012,true
1999,mercury,mercury,mountaineer,1,exact,Mountaineer,MPV,Mountaineer 2WD,,1997-2010,true
2015,bmw,bmw,x3,5,exact,X3,MPV,X3 sDrive28i,,2004-2026,true
1994,nissan,nissan,pathfinder,1,exact,Pathfinder,MPV,Pathfinder 2WD,,1990-2026,true
2024,land rover,landrover,discovery,5,exact,Discovery,MPV,Discovery Sport,,1994-2026,true
1999,dodge,dodge,stratus,1,exact,Stratus,Passenger Car,Stratus,,1995-2006,true
1990,dodge,dodge,caravan,1,exact,Caravan,MPV,Caravan/Grand Caravan/Ram Van 2WD,,1990-2023,true
2004,chrysler,chrysler,town-country,1,exact,Town and Country,MPV,Town and Country/Voyager/Grand Voy. 2WD,,1990-2016,true
2023,infiniti,infiniti,q60,1,none,,,,,2014-2015 2017-2022,true
2013,infiniti,infiniti,q60,1,none,,,,,2014-2015 2017-2022,true
2002,geo,geo,prizm,1,crossmake,Geo Prizm,Passenger Car,Prizm,chevrolet,1990-2002,false
1990,gmc,gmc,sonoma,1,exact,S15 Pickup,Truck,S15 Pickup 2WD,,1990-2004,true
2025,bmw,bmw,i5,1,exact,i5,Passenger Car,i5 eDrive40 Sedan (19 inch Wheels),,2024-2026,true
2013,ford,ford,fiesta,5,exact,Fiesta,Passenger Car,Fiesta FWD,,2011-2019,true
2016,toyota,toyota,yaris,1,exact,Yaris,Passenger Car,Yaris,,2007-2020,true
2015,toyota,toyota,yaris,1,exact,Yaris,Passenger Car,Yaris,,2007-2020,true
2022,buick,buick,verano,1,none,,,,,2012-2017,true
2000,volkswagen,volkswagen,beetle,1,exact,Beetle,MPV,New Beetle,,1998-2010 2012-2019,true
2022,volvo,volvo,xc90,5,exact,XC90,MPV,XC90 T5,,2003-2014 2016-2026,true
2025,cadillac,cadillac,ct5-v,1,exact,CT5,Passenger Car,CT5 V,,2020-2026,true
2023,cadillac,cadillac,ct5-v,1,exact,CT5,Passenger Car,CT5 AWD,,2020-2026,true
1990,gmc,gmc,sierra,1,exact,Sierra,MPV,Sierra 1500 2WD,,1990-2026,true
1997,jeep,jeep,cherokee,1,exact,Cherokee,MPV,Cherokee 2WD,,1990-2011 2014-2023 2026,true
2025,kia,kia,seltos,1,exact,Seltos,MPV,Seltos FWD,,2021-2026,true
2009,cadillac,cadillac,xlr-v,1,exact,XLR,Passenger Car,XLR-V,,2003-2009,true
2017,cadillac,cadillac,xt5,1,exact,XT5,MPV,XT5,,2017-2026,true
2020,nissan,nissan,rogue,5,exact,Rogue,MPV,Rogue FWD,,2008-2026,true
2025,cadillac,cadillac,xt5,1,exact,XT5,MPV,XT5 FWD,,2017-2026,true
2006,kia,kia,spectra5,1,exact,Spectra,Passenger Car,Spectra,,2000-2009,true
1994,gmc,gmc,jimmy,1,exact,,,Jimmy 2WD,,1990-2004,true
1995,gmc,gmc,jimmy,1,exact,,,Jimmy 2WD,,1990-2004,true
1996,gmc,gmc,jimmy,1,exact,,,Jimmy 2WD,,1990-2004,true
2008,kia,kia,spectra5,1,exact,Spectra,Passenger Car,Spectra,,2000-2009,true
2009,kia,kia,spectra5,1,exact,Spectra,Passenger Car,Spectra,,2000-2009,true
2025,cadillac,cadillac,xt6,1,exact,XT6,MPV,XT6 FWD,,2020-2025,true
2005,cadillac,cadillac,srx,1,exact,SRX,MPV,SRX 2WD,,2004-2016,true
1997,gmc,gmc,jimmy,1,exact,,,Jimmy 2WD,,1990-2004,true
1995,cadillac,cadillac,seville,1,exact,Seville,Passenger Car,Seville,,1990-2004,true
2024,volvo,volvo,xc90,5,exact,XC90,MPV,XC90 B5 AWD,,2003-2014 2016-2026,true
2020,cadillac,cadillac,ct5-v,1,exact,CT5,Passenger Car,CT5,,2020-2026,true
2008,dodge,dodge,caliber,1,exact,Caliber,Passenger Car,Caliber,,2006-2012,true
2009,cadillac,cadillac,sts-v,1,exact,STS,Passenger Car,STS,,2005-2011,true
2007,cadillac,cadillac,xlr-v,1,exact,XLR,Passenger Car,XLR-V,,2003-2009,true
2008,cadillac,cadillac,xlr-v,1,exact,XLR,Passenger Car,XLR-V,,2003-2009,true
2019,cadillac,cadillac,xt4,1,exact,XT4,MPV,XT4 FWD,,2019-2025,true
2026,cadillac,cadillac,vistiq,1,exact,Vistiq,MPV,VISTIQ (11 kW Charger),,2026,true
2025,volvo,volvo,xc90,5,exact,XC90,MPV,XC90 B6 AWD,,2003-2014 2016-2026,true
2011,dodge,dodge,caliber,1,exact,Caliber,Passenger Car,Caliber,,2006-2012,true
2014,cadillac,cadillac,xts,1,exact,XTS,Passenger Car,XTS AWD,,2013-2019,true
2015,cadillac,cadillac,xts,1,exact,XTS,Passenger Car,XTS,,2013-2019,true
2000,pontiac,pontiac,grand-prix,1,exact,Grand Prix,Passenger Car,Grand Prix,,1990-2008,true
2005,mitsubishi,mitsubishi,montero,1,exact,Montero,MPV,Montero,,1990-2006,true
2017,chevrolet,chevrolet,silverado,1,exact,Silverado,Truck,Silverado 15 Hybrid 2WD,,1990-2026,true
2011,honda,honda,fit,1,exact,Fit,Passenger Car,Fit,,2007-2020,true
2023,audi,audi,rs5,1,exact,RS 5,Passenger Car,RS 5 Coupe,,2013-2015 2018-2019 2021-2025,true
2022,audi,audi,rs5,1,exact,RS 5,Passenger Car,RS 5 Coupe,,2013-2015 2018-2019 2021-2025,true
2024,jeep,jeep,wagoneer,1,exact,Wagoneer,MPV,Wagoneer L 2WD,,1990 2022-2026,true
2021,cadillac,cadillac,xt4,1,exact,XT4,MPV,XT4 FWD,,2019-2025,true
2019,cadillac,cadillac,xt5,1,exact,XT5,MPV,XT5,,2017-2026,true
2023,cadillac,cadillac,xt6,1,exact,XT6,MPV,XT6 FWD,,2020-2025,true
2015,audi,audi,s5,1,exact,S5,Passenger Car,S5,,2008-2026,true
2012,saab,saab,9-3,1,exact,9-3,Passenger Car,9-3 Sedan AWD,,1999-2012,true
2017,cadillac,cadillac,xts,1,exact,XTS,Passenger Car,XTS,,2013-2019,true
2000,mazda,mazda,mx-5-miata,1,exact,MX-5,Passenger Car,MX-5 Miata,,1990-1997 1999-2026,true
2019,cadillac,cadillac,xts,1,exact,XTS,Passenger Car,XTS,,2013-2019,true
2013,cadillac,cadillac,ats,1,exact,ATS,Passenger Car,ATS,,2013-2019,true
1997,acura,acura,integra,1,exact,Integra,Passenger Car,Integra,,1990-2001 2023-2026,true
2011,honda,honda,element,1,exact,Element,MPV,Element 2WD,,2003-2011,true
2009,honda,honda,element,1,exact,Element,MPV,Element 2WD,,2003-2011,true
2007,honda,honda,element,1,exact,Element,MPV,Element 2WD,,2003-2011,true
2006,honda,honda,element,1,exact,Element,MPV,Element 2WD,,2003-2011,true
2003,honda,honda,s2000,1,exact,S2000,Passenger Car,S2000,,2000-2009,true
2017,chevrolet,chevrolet,spark,1,exact,Spark,Passenger Car,Spark,,2008 2011-2022,true
2014,mitsubishi,mitsubishi,mirage,1,exact,Mirage,Passenger Car,Mirage,,1990-2002 2014-2024,true
2006,lexus,lexus,es,5,exact,ES,Passenger Car,ES 330,,1990-2026,true
2026,ford,ford,mustang,3,exact,Mustang,Passenger Car,Mustang,,1990-2026,true
2018,lincoln,lincoln,navigator,7,exact,Navigator,MPV,Navigator 2WD,,1998-2026,true
2006,nissan,nissan,pathfinder,5,exact,Pathfinder,MPV,Pathfinder 2WD,,1990-2026,true
2023,dodge,dodge,hornet,1,exact,Hornet,MPV,Hornet AWD,,2023-2025,true
2008,dodge,dodge,magnum,1,exact,Magnum,MPV,Magnum,,2005-2008,true
2025,mazda,mazda,mazda3,1,exact,Mazda3,Passenger Car,3 4-Door 2WD,,2003-2026,true
2003,audi,audi,s4,3,none,,,,,1992-1994 2000-2002 2004-2016 2018-2025,true
2018,toyota,toyota,tundra,8,exact,Tundra,Truck,Tundra 2WD,,1995-2026,true
1999,chevrolet,chevrolet,s-10,1,exact,Blazer,MPV,S10 Pickup 2WD,,1990-2005 2019-2026,true
2008,pontiac,pontiac,g6,1,exact,G6,Passenger Car,G6,,2005-2010,true
2011,toyota,toyota,etios-valco,1,none,,,,,,true
2013,volkswagen,volkswagen,routan,1,exact,Routan,MPV,Routan,,2009-2014,true
2012,volkswagen,volkswagen,routan,1,exact,Routan,MPV,Routan,,2009-2014,true
2018,toyota,toyota,tacoma,6,exact,Tacoma,Truck,Tacoma 2WD,,1995-2026,true
1990,gmc,gmc,suburban,1,exact,Suburban,MPV,R1500 Suburban 2WD,,1990-2026,true
1993,chevrolet,chevrolet,k2500,1,exact,GMT-400,Truck,C2500 Pickup 2WD,,1990-2026,true
1995,lexus,lexus,gs,5,exact,GS,Passenger Car,GS 300,,1993-2020,true
2004,honda,honda,cr-v,5,exact,CR-V,MPV,CR-V 2WD,,1997-2026,true
2013,mitsubishi,mitsubishi,mirage,1,none,,,,,1990-2002 2014-2024,true
1992,chevrolet,chevrolet,beretta,1,exact,Beretta,Passenger Car,Beretta,,1990-1996,true
2007,mitsubishi,mitsubishi,montero,1,none,,,,,1990-2006,true
2002,lexus,lexus,rx,6,exact,RX,MPV,RX 300,,1999-2026,true
2008,mitsubishi,mitsubishi,montero,1,none,,,,,1990-2006,true
2009,mitsubishi,mitsubishi,montero,1,none,,,,,1990-2006,true
2003,pontiac,pontiac,grand-prix,1,exact,Grand Prix,Passenger Car,Grand Prix,,1990-2008,true
2005,pontiac,pontiac,grand-prix,1,exact,Grand Prix,Passenger Car,Grand Prix,,1990-2008,true
2007,pontiac,pontiac,grand-prix,1,exact,Grand Prix,Passenger Car,Grand Prix,,1990-2008,true
2012,mitsubishi,mitsubishi,montero,1,none,,,,,1990-2006,true
2004,lincoln,lincoln,aviator,5,exact,Aviator,MPV,Aviator 2WD,,2003-2005 2020-2026,true
2004,lincoln,lincoln,navigator,4,exact,Navigator,MPV,Navigator 2WD,,1998-2026,true
2013,mitsubishi,mitsubishi,montero,1,none,,,,,1990-2006,true
1999,porsche,porsche,911,8,exact,911,Passenger Car,911 Carrera,,1990-2026,true
2009,chevrolet,chevrolet,malibu,5,exact,Malibu,Passenger Car,Malibu,,1997-2025,true
2002,toyota,toyota,yaris,1,none,,,,,2007-2020,true
1993,toyota,toyota,corolla,1,exact,Corolla,Passenger Car,Corolla,,1990-2026,true
2018,volkswagen,volkswagen,tiguan,12,exact,Tiguan,MPV,Tiguan,,2009-2026,true
1999,subaru,subaru,forester,7,exact,Forester,Passenger Car,Forester AWD,,1998-2026,true
1990,mitsubishi,mitsubishi,montero,1,exact,Montero,MPV,Montero,,1990-2006,true
2024,polestar,polestar,polestar-2,1,exact,Polestar 2,Passenger Car,2 Dual Motor (19 Inch Wheels),,2020-2026,true
2021,nissan,nissan,kicks,1,exact,Kicks,Passenger Car,Kicks,,2018-2026,true
2012,suzuki,suzuki,kizashi,1,exact,Kizashi,Passenger Car,Kizashi S,,2010-2013,true
2025,nissan,nissan,kicks,1,exact,,,Kicks,,2018-2026,true
2023,nissan,nissan,kicks,1,exact,Kicks,Passenger Car,Kicks,,2018-2026,true
2000,honda,honda,odyssey,3,exact,Odyssey,Passenger Car,Odyssey,,1995-2026,true
2025,porsche,porsche,boxster,5,exact,718 Boxster,Passenger Car,718 Boxster GTS,,1997-2025,true
2002,lincoln,lincoln,continental,5,exact,Continental,Passenger Car,Continental,,1990-2002 2017-2020,true
2016,dodge,dodge,dart,1,exact,Dart,Passenger Car,Dart,,2013-2016,true
2008,volkswagen,volkswagen,routan,1,none,,,,,2009-2014,true
2000,ford,ford,taurus,1,exact,Taurus,Passenger Car,Taurus,,1990-2019,true
2005,ford,ford,taurus,1,exact,Taurus,Passenger Car,Taurus,,1990-2019,true
2006,ford,ford,taurus,1,exact,Taurus,Passenger Car,Taurus,,1990-2019,true
2007,ford,ford,taurus,1,exact,Taurus,Passenger Car,Taurus,,1990-2019,true
2006,jeep,jeep,liberty,4,exact,Liberty,MPV,Liberty/Cherokee 2WD,,1993-2013,true
2004,ford,ford,thunderbird,1,exact,Thunderbird,Passenger Car,Thunderbird,,1990-1997 2002-2005,true
2020,bmw,bmw,x1,3,exact,X1,MPV,X1 xDrive28i,,2012-2026,true
2001,ram,ram,1500,4,crossmake,Ram,MPV,Ram 1500 Pickup 2WD,dodge,1990-2026,false
2001,honda,honda,insight,1,exact,Insight,Passenger Car,Insight,,2000-2014 2019-2022,true
2002,honda,honda,insight,1,exact,Insight,Passenger Car,Insight,,2000-2014 2019-2022,true
2004,honda,honda,insight,1,exact,Insight,Passenger Car,Insight,,2000-2014 2019-2022,true
2005,honda,honda,insight,1,exact,Insight,Passenger Car,Insight,,2000-2014 2019-2022,true
2006,honda,honda,insight,1,exact,Insight,Passenger Car,Insight,,2000-2014 2019-2022,true
2017,lotus,lotus,elise,1,none,,,,,2005-2012,true
2021,lotus,lotus,elise,1,none,,,,,2005-2012,true
2004,bmw,bmw,m3,2,exact,M3,Passenger Car,M3 Convertible,,1990-1991 1995-1999 2001-2006 2008-2013 2015-2018 2020-2026,true
2014,toyota,toyota,corolla,6,exact,Corolla,Passenger Car,Corolla,,1990-2026,true
2007,jeep,jeep,liberty,4,exact,Liberty,MPV,Liberty/Cherokee 2WD,,1993-2013,true
2004,oldsmobile,oldsmobile,alero,1,exact,Alero,Passenger Car,Alero,,1999-2004,true
2011,buick,buick,lucerne,1,exact,Lucerne,Passenger Car,Lucerne,,2006-2011,true
2006,chevrolet,chevrolet,corvette,3,exact,Corvette,Passenger Car,Corvette,,1990-2026,true
2020,maserati,maserati,granturismo,3,exact,Granturismo,Passenger Car,,,2008-2026,true
2000,honda,honda,insight,1,exact,Insight,Passenger Car,Insight,,2000-2014 2019-2022,true
2018,nissan,nissan,frontier,6,exact,Frontier,Truck,Frontier 2WD,,1998-2026,true
2003,honda,honda,insight,1,exact,Insight,Passenger Car,Insight,,2000-2014 2019-2022,true
2002,volvo,volvo,s40,1,exact,S40,Passenger Car,S40 FWD,,1999-2011,true
2004,volvo,volvo,s40,1,exact,S40,Passenger Car,S40 FWD,,1999-2011,true
2007,buick,buick,rendezvous,1,exact,Rendezvous,MPV,Rendezvous FWD,,2001-2007,true
2025,ford,ford,transit,1,exact,Transit,MPV,,,2015-2026,true
2000,jaguar,jaguar,s-type,1,exact,S-Type,Passenger Car,S-type (X200) V6,,2000-2008,true
2001,jaguar,jaguar,s-type,1,exact,S-Type,Passenger Car,S-Type,,2000-2008,true
2025,mercedes-benz,mercedesbenz,gla,8,exact,GLA-Class,MPV,AMG GLA35 4matic,,2015-2026,true
2003,jaguar,jaguar,s-type,1,exact,S-Type,Passenger Car,S-Type 3.0 Litre,,2000-2008,true
2004,jaguar,jaguar,s-type,1,exact,S-Type,Passenger Car,S-Type 3.0 Litre,,2000-2008,true
2006,jaguar,jaguar,s-type,1,exact,S-Type,Passenger Car,S-Type 3.0 Litre,,2000-2008,true
2005,jaguar,jaguar,x-type,1,exact,X-Type,Passenger Car,X-Type,,2002-2008,true
2006,jaguar,jaguar,x-type,1,exact,X-Type,Passenger Car,X-Type,,2002-2008,true
2005,jaguar,jaguar,s-type,1,exact,S-Type,Passenger Car,S-Type 3.0 Litre,,2000-2008,true
2020,genesis,genesis,g80,5,exact,G80,Passenger Car,G80 AWD,,2017-2026,true
1992,subaru,subaru,legacy,1,exact,Legacy,Passenger Car,Legacy,,1990-2026,true
1995,mazda,mazda,mx-6,1,exact,,,MX-6,,1990-1997,true
1994,subaru,subaru,svx,1,exact,SVX,Passenger Car,SVX,,1992-1997,true
1994,nissan,nissan,maxima,1,exact,Maxima,Passenger Car,Maxima,,1990-2014 2016-2023,true
1996,toyota,toyota,corolla,1,exact,Corolla,Passenger Car,Corolla,,1990-2026,true
1990,nissan,nissan,300zx,1,exact,300ZX,Passenger Car,300ZX,,1990-1996,true
1994,nissan,nissan,300zx,1,exact,300ZX,Passenger Car,300ZX,,1990-1996,true
1997,toyota,toyota,corolla,1,exact,Corolla,Passenger Car,Corolla,,1990-2026,true
1998,jeep,jeep,cherokee,1,exact,Cherokee,MPV,Cherokee 2WD,,1990-2011 2014-2023 2026,true
1992,lexus,lexus,ls400,1,exact,LS,Passenger Car,LS 400,,1990-2026,true
1995,subaru,subaru,impreza,1,exact,Impreza,Passenger Car,Impreza,,1993-2026,true
1991,dodge,dodge,dakota,1,exact,Dakota,Truck,Dakota Pickup 2WD,,1990-2012,true
1995,mazda,mazda,b2300,1,exact,B-Series,Truck,B2300/B3000/B4000 Pickup 2WD,,1990-2010,true
2022,jaguar,jaguar,xj,1,none,,,,,1990-2019,true
1992,gmc,gmc,jimmy,1,exact,,,Jimmy 2WD,,1990-2004,true
1997,hyundai,hyundai,sonata,1,exact,Sonata,Passenger Car,Sonata,,1990-2026,true
2023,mercedes,mercedesbenz,c-class-amg,1,exact,C-Class,Passenger Car,C300 Coupe,,1994-2026,true
1993,chevrolet,chevrolet,cavalier,1,exact,Cavalier,Passenger Car,Cavalier Wagon,,1990-2005,true
1997,lexus,lexus,es300,1,exact,ES,Passenger Car,ES 300,,1990-2026,true
1992,geo,geo,storm,1,exact,Storm,Passenger Car,Storm,,1990-1993,true
1993,bmw,bmw,m3,1,none,,,,,1990-1991 1995-1999 2001-2006 2008-2013 2015-2018 2020-2026,true
1994,bmw,bmw,m3,1,none,,,,,1990-1991 1995-1999 2001-2006 2008-2013 2015-2018 2020-2026,true
1998,volkswagen,volkswagen,jetta,1,exact,Jetta,Passenger Car,Jetta,,1990-2026,true
1991,volkswagen,volkswagen,golf,1,exact,Golf,Passenger Car,Golf/GTI,,1990-2026,true
1992,volkswagen,volkswagen,golf,1,exact,Golf,Passenger Car,Golf/GTI,,1990-2026,true
1991,infiniti,infiniti,g20,1,exact,G20,Passenger Car,G20,,1991-1996 1999-2002,true
1995,bmw,bmw,m3,1,exact,M3,Passenger Car,M3,,1990-1991 1995-1999 2001-2006 2008-2013 2015-2018 2020-2026,true
1998,infiniti,infiniti,qx4,1,exact,QX4,MPV,QX4 4WD,,1997-2003,true
1999,infiniti,infiniti,qx4,1,exact,QX4,MPV,QX4 4WD,,1997-2003,true
2026,mercedes-benz,mercedesbenz,cla,8,exact,CLA-Class,Passenger Car,AMG CLA45 S 4matic,,2014-2026,true
1994,infiniti,infiniti,g20,1,exact,G20,Passenger Car,G20,,1991-1996 1999-2002,true
2005,mercedes-benz,mercedesbenz,g-class,2,exact,G-Class,MPV,G500,,1999 2002-2026,true
1990,volkswagen,volkswagen,jetta,1,exact,Jetta,Passenger Car,Jetta,,1990-2026,true
1991,volkswagen,volkswagen,jetta,1,exact,Jetta,Passenger Car,Jetta,,1990-2026,true
1993,volkswagen,volkswagen,gti,1,exact,,,Golf III / GTI,,1990-2026,true
1999,volkswagen,volkswagen,beetle,1,exact,Beetle,Passenger Car,New Beetle,,1998-2010 2012-2019,true
1996,gmc,gmc,yukon,6,exact,Yukon,MPV,Suburban 1500 2WD,,1990-2026,true
2025,toyota,toyota,c-hr,1,none,,,,,2018-2022 2026,true
2018,ram,ram,3500,1,exact,3500,MPV,,,2012-2026,true
1997,volkswagen,volkswagen,gti,1,exact,GTI,Passenger Car,Golf/GTI,,1990-2026,true
2023,toyota,toyota,c-hr,1,none,,,,,2018-2022 2026,true
2023,toyota,toyota,avalon,1,none,,,,,1995-2022,true
1999,volvo,volvo,s70,1,exact,S70,Passenger Car,S70,,1998-2000,true
2023,bmw,bmw,m2,1,exact,M2,Passenger Car,M2 Coupe,,2014-2026,true
1990,hyundai,hyundai,sonata,1,exact,Sonata,Passenger Car,Sonata,,1990-2026,true
1995,subaru,subaru,outback,7,exact,Legacy,Passenger Car,Legacy,,1990-2026,true
1994,chevrolet,chevrolet,tahoe,7,none,,,,,1995-2026,true
2000,dodge,dodge,durango,1,exact,Durango,Truck,Durango 2WD,,1995-2009 2011-2026,true
2002,dodge,dodge,durango,1,exact,Durango,Truck,Durango 2WD,,1995-2009 2011-2026,true
2007,dodge,dodge,durango,1,exact,Durango,MPV,Durango 2WD,,1995-2009 2011-2026,true
2009,dodge,dodge,durango,1,exact,Durango,MPV,Durango 2WD,,1995-2009 2011-2026,true
2016,buick,buick,verano,1,exact,Verano,Passenger Car,Verano,,2012-2017,true
1993,lexus,lexus,ls,4,exact,LS,Passenger Car,LS 400,,1990-2026,true
2021,bmw,bmw,x6,5,exact,X6,MPV,X6 sDrive40i,,2008-2026,true
1995,honda,honda,passport,1,exact,Passport,MPV,Passport 2WD,,1994-2002 2019-2026,true
2012,chevrolet,chevrolet,caprice,1,exact,Caprice Police Vehicle,Passenger Car,,,1990-1996 2011-2017,true
2013,chevrolet,chevrolet,caprice,1,exact,Caprice Police Vehicle,Passenger Car,,,1990-1996 2011-2017,true
2014,chevrolet,chevrolet,caprice,1,exact,Caprice Police Vehicle,Passenger Car,,,1990-1996 2011-2017,true
2015,chevrolet,chevrolet,caprice,1,exact,Caprice Police Vehicle,Passenger Car,,,1990-1996 2011-2017,true
2006,hummer,hummer,h2,1,exact,H2,MPV,,,2003-2010,true
2011,chevrolet,chevrolet,spark,1,exact,Spark,Passenger Car,,,2008 2011-2022,true
2012,chevrolet,chevrolet,spark,1,exact,Spark,Passenger Car,,,2008 2011-2022,true
2009,chevrolet,chevrolet,spark,1,none,,,,,2008 2011-2022,true
2010,chevrolet,chevrolet,spark,1,none,,,,,2008 2011-2022,true
2008,dodge,dodge,nitro,1,exact,Nitro,MPV,Nitro 2WD,,2007-2012,true
1996,bmw,bmw,m3,1,exact,M3,Passenger Car,M3,,1990-1991 1995-1999 2001-2006 2008-2013 2015-2018 2020-2026,true
2012,dodge,dodge,nitro,1,exact,Nitro,MPV,,,2007-2012,true
2009,toyota,toyota,sienna,4,exact,Sienna,MPV,Sienna 2WD,,1995-2026,true
2010,toyota,toyota,sienna,4,exact,Sienna,MPV,Sienna 2WD,,1995-2026,true
2013,dodge,dodge,dart,1,exact,Dart,Passenger Car,Dart,,2013-2016,true
2017,chevrolet,chevrolet,trax,1,exact,Trax,MPV,Trax,,2013-2026,true
2003,acura,acura,rsx,1,exact,RSX,Passenger Car,RSX,,2002-2006,true
2009,buick,buick,lucerne,1,exact,Lucerne,Passenger Car,Lucerne,,2006-2011,true
2024,toyota,toyota,avalon,1,none,,,,,1995-2022,true
2012,gmc,gmc,acadia,6,exact,Acadia,MPV,Acadia FWD,,2007-2026,true
2013,chevrolet,chevrolet,trax,1,exact,Trax,MPV,,,2013-2026,true
2008,chrysler,chrysler,sebring,1,exact,Sebring,Passenger Car,Sebring Convertible,,1995-2010,true
2007,chrysler,chrysler,300,3,exact,300,Passenger Car,300 AWD,,1999-2023,true
2012,hyundai,hyundai,veloster,1,exact,Veloster,Passenger Car,Veloster,,2012-2022,true
2013,hyundai,hyundai,veloster,1,exact,Veloster,Passenger Car,Veloster,,2012-2022,true
2004,ford,ford,taurus,1,exact,Taurus,Passenger Car,Taurus,,1990-2019,true
2014,ford,ford,taurus,1,exact,Taurus,Passenger Car,Taurus AWD,,1990-2019,true
2013,ford,ford,taurus,1,exact,Taurus,Passenger Car,Taurus AWD,,1990-2019,true
2011,ford,ford,taurus,1,exact,Taurus,Passenger Car,Taurus AWD,,1990-2019,true
2010,ford,ford,taurus,1,exact,Taurus,Passenger Car,Taurus AWD,,1990-2019,true
2009,ford,ford,taurus,1,exact,Taurus X,MPV,Taurus AWD,,1990-2019,true
2011,chevrolet,chevrolet,avalanche,1,exact,Avalanche,MPV,Avalanche 1500 2WD,,2002-2013,true
2013,chevrolet,chevrolet,avalanche,1,exact,Avalanche,MPV,Avalanche 1500 2WD,,2002-2013,true
2004,lexus,lexus,ls,4,exact,LS,Passenger Car,LS 430,,1990-2026,true
2003,saturn,saturn,ion,1,exact,Ion,Passenger Car,Ion,,2003-2007,true
2004,saturn,saturn,ion,1,exact,Ion,Passenger Car,Ion,,2003-2007,true
2010,audi,audi,a8,1,exact,A8,Passenger Car,A8,,1997-2026,true
2017,audi,audi,a7,1,exact,A7,Passenger Car,A7 quattro,,2012-2025,true
2008,volkswagen,volkswagen,r32,1,exact,R32,Passenger Car,R32,,2004 2008 2012-2013 2015-2020 2022-2026,true
2018,lexus,lexus,is350,5,exact,IS,Passenger Car,IS 300,,2001-2026,true
2017,infiniti,infiniti,q70,1,exact,Q70,Passenger Car,Q70,,2003-2004 2006-2022,true
2017,chevrolet,chevrolet,silverado-3500,1,exact,Silverado,Truck,Silverado 15 Hybrid 2WD,,1999-2026,true
2016,chevrolet,chevrolet,silverado-3500,1,exact,Silverado,Truck,Silverado C15 Cab Chassis 2WD,,1999-2026,true
2014,jeep,jeep,patriot,4,exact,Patriot,MPV,Patriot FWD,,2007-2018,true
2005,audi,audi,allroad,1,exact,allroad,Passenger Car,Allroad quattro,,1995-2026,true
2024,nissan,nissan,maxima,6,none,,,,,1990-2014 2016-2023,true
2017,jeep,jeep,patriot,4,exact,Patriot,MPV,Patriot FWD,,2007-2018,true
2015,audi,audi,allroad,1,exact,A4 allroad,MPV,allroad quattro,,1995-2026,true
2018,toyota,toyota,mirai,1,exact,Mirai,Passenger Car,Mirai,,2016-2026,true
2016,audi,audi,allroad,1,exact,A4 allroad,MPV,allroad quattro,,1995-2026,true
2023,audi,audi,e-tron,1,exact,e-tron,MPV,e-tron quattro,,2019-2026,true
2012,chevrolet,chevrolet,silverado-3500,1,exact,Silverado,Truck,Silverado C15 2WD,,1999-2026,true
2015,chevrolet,chevrolet,silverado-3500,1,exact,Silverado,Truck,Silverado C15 2WD,,1999-2026,true
2015,lamborghini,lamborghini,huracan,1,exact,Huracan,Passenger Car,Huracan,,2015-2024,true
2020,lamborghini,lamborghini,huracan,1,exact,Huracan,Passenger Car,Huracan,,2015-2024,true
2024,nissan,nissan,z,4,exact,,,Z,,2023-2026,true
2010,porsche,porsche,panamera,7,exact,Panamera,Passenger Car,Panamera S,,2010-2026,true
1998,nissan,nissan,frontier,1,exact,Frontier,Truck,Frontier 2WD,,1998-2026,true
2001,buick,buick,regal,1,exact,Regal,Passenger Car,Regal,,1990-2004 2011-2020,true
2017,tesla,tesla,model-s,3,exact,Model S,Passenger Car,Model S AWD - 60D,,2012-2026,true
2007,chrysler,chrysler,sebring,1,exact,Sebring,Passenger Car,Sebring,,1995-2010,true
2002,buick,buick,regal,1,exact,Regal,Passenger Car,Regal,,1990-2004 2011-2020,true
2023,fiat,fiat,500x,1,exact,500X,MPV,500X AWD,,2016-2023,true
2018,kia,kia,sorento,7,exact,Sorento,MPV,Sorento FWD,,2001-2009 2011-2026,true
2011,land rover,landrover,range-rover-evoque,1,none,,,,,2012-2026,true
2025,fiat,fiat,500x,1,none,,,,,2016-2023,true
2003,buick,buick,regal,1,exact,Regal,Passenger Car,Regal,,1990-2004 2011-2020,true
2004,acura,acura,rl,1,exact,RL,Passenger Car,3.5RL,,1990-2012,true
2025,lexus,lexus,rc,1,exact,RC,Passenger Car,RC 300 AWD,,2015-2025,true
2015,lexus,lexus,rc,1,exact,RC,Passenger Car,RC 350 AWD,,2015-2025,true
2017,lexus,lexus,rc,1,exact,RC,Passenger Car,RC 300 AWD,,2015-2025,true
2019,lexus,lexus,rc,1,exact,RC,Passenger Car,RC F,,2015-2025,true
2022,lexus,lexus,lc,1,exact,LC,Passenger Car,LC 500 Convertible,,2018-2026,true
2004,buick,buick,regal,1,exact,Regal,Passenger Car,Regal,,1990-2004 2011-2020,true
2024,lexus,lexus,lc,1,exact,LC,Passenger Car,LC 500 Convertible,,2018-2026,true
2026,lexus,lexus,lc,1,exact,LC,Passenger Car,LC 500 Convertible,,2018-2026,true
2025,lexus,lexus,ux,1,exact,UX,Passenger Car,UX 300h,,2019-2026,true
2015,chrysler,chrysler,200,1,exact,200,Passenger Car,200 AWD,,2011-2017,true
1997,subaru,subaru,outback,7,exact,Legacy,Passenger Car,Legacy,,1990-2026,true
2005,chrysler,chrysler,crossfire,1,exact,Crossfire,Passenger Car,Crossfire Coupe,,2004-2008,true
2006,chrysler,chrysler,pacifica,1,exact,Pacifica,MPV,Pacifica 2WD,,2004-2009 2017-2026,true
2002,dodge,dodge,viper,1,exact,Viper,Passenger Car,Viper Convertible,,1992-2006 2008-2010 2013-2017,true
2006,dodge,dodge,viper,3,exact,Viper,Passenger Car,Viper Convertible,,1992-2006 2008-2010 2013-2017,true
2009,dodge,dodge,viper,3,exact,Viper,Passenger Car,Viper Convertible,,1992-2006 2008-2010 2013-2017,true
2020,bmw,bmw,x6,5,exact,X6,MPV,X6 M50i,,2008-2026,true
2026,bmw,bmw,i5,1,exact,i5,Passenger Car,i5 eDrive40 Sedan (19 inch Wheels),,2024-2026,true
1997,volkswagen,volkswagen,jetta,1,exact,Jetta,Passenger Car,Jetta,,1990-2026,true
1990,mazda,mazda,miata,1,exact,MX-5,Passenger Car,MX-5 Miata,,1990-1997 1999-2026,true
1999,hyundai,hyundai,elantra,1,exact,Elantra,Passenger Car,Elantra,,1992-2026,true
1990,honda,honda,civic,1,exact,Civic,Passenger Car,Civic CRX,,1990-2026,true
1999,lexus,lexus,es300,1,exact,ES,Passenger Car,ES 300,,1990-2026,true
2025,bmw,bmw,i7,1,exact,i7,Passenger Car,i7 eDrive50 Sedan (19 inch Wheels),,2023-2026,true
2026,bmw,bmw,i7,1,exact,i7,Passenger Car,i7 eDrive50 Sedan (19 inch Wheels),,2023-2026,true
2016,bmw,bmw,i8,1,exact,i8,Passenger Car,i8,,2014-2017 2019-2020,true
2017,bmw,bmw,i8,1,exact,i8,Passenger Car,i8,,2014-2017 2019-2020,true
2020,bmw,bmw,i8,1,exact,i8,Passenger Car,I8 Coupe,,2014-2017 2019-2020,true
1996,pontiac,pontiac,firebird,1,exact,Firebird,Passenger Car,Firebird/Formula,,1990-2002,true
2016,bmw,bmw,x3,5,exact,X3,MPV,X3 sDrive 28i,,2004-2026,true
1993,oldsmobile,oldsmobile,cutlass,1,exact,Cutlass Supreme,Passenger Car,Cutlass Ciera,,1990-1999,true
1991,chevrolet,chevrolet,k3500,1,exact,GMT-400,MPV,,,1990-2026,true
1996,chevrolet,chevrolet,k2500,1,exact,GMT-400,Truck,,,1990-2026,true
1990,chevrolet,chevrolet,c3500,1,exact,GMT-400,Truck,,,1990-2026,true
1994,mitsubishi,mitsubishi,3000gt,1,exact,3000GT,Passenger Car,3000 GT,,1991-1999,true
2007,bmw,bmw,x5,1,exact,X5,Passenger Car,X5 3.0si,,2000-2026,true
2013,bmw,bmw,x5,1,exact,X5,MPV,X5 xDrive50i,,2000-2026,true
1994,audi,audi,coupe,1,none,,,,,1990-1991,true
1995,audi,audi,coupe,1,none,,,,,1990-1991,true
1996,audi,audi,s6,1,exact,S6,Passenger Car,,,1995-1997 2002-2003 2007-2011 2013-2018 2020-2025,true
2022,chevrolet,chevrolet,suburban,1,exact,Suburban,MPV,Suburban 2WD,,1990-2026,true
1990,ford,ford,aerostar,1,exact,Aerostar,MPV,Aerostar Van,,1990-1997,true
1991,ford,ford,aerostar,1,exact,Aerostar,MPV,Aerostar Van,,1990-1997,true
2017,ram,ram,c/v,1,none,,,,,2012-2016,true
2005,ford,ford,thunderbird,1,exact,Thunderbird,Passenger Car,Thunderbird,,1990-1997 2002-2005,true
2014,chevrolet,chevrolet,volt,1,exact,Volt,Passenger Car,Volt,,2011-2019,true
2011,chevrolet,chevrolet,volt,1,exact,Volt,Passenger Car,Volt,,2011-2019,true
1990,ford,ford,probe,1,exact,Probe,Passenger Car,Probe,,1990-1997,true
2017,chevrolet,chevrolet,volt,1,exact,Volt,Passenger Car,Volt,,2011-2019,true
2023,acura,acura,nsx,1,none,,,,,1990-2005 2016-2022,true
2013,ford,ford,flex,1,exact,Flex,MPV,Flex FWD,,2009-2019,true
2014,ford,ford,flex,1,exact,Flex,MPV,Flex FWD,,2009-2019,true
2015,ford,ford,flex,1,exact,Flex,MPV,Flex FWD,,2009-2019,true
2006,ford,ford,gt,1,exact,GT,Passenger Car,GT 2WD,,2004-2006 2017-2022,true
2005,ford,ford,gt,1,exact,GT,Passenger Car,GT,,2004-2006 2017-2022,true
2025,ford,ford,maverick,1,exact,Maverick,Truck,Maverick HEV FWD,,2022-2026,true
2023,chevrolet,chevrolet,suburban,1,exact,Suburban,MPV,Suburban 2WD,,1990-2026,true
2025,dodge,dodge,durango,1,exact,Durango,MPV,Durango RWD,,1995-2009 2011-2026,true
2019,ford,ford,gt,1,exact,GT,Passenger Car,GT,,2004-2006 2017-2022,true
2021,ford,ford,gt,1,exact,GT,Passenger Car,GT,,2004-2006 2017-2022,true
1998,lincoln,lincoln,navigator,4,exact,Navigator,MPV,Navigator 2WD,,1998-2026,true
2021,chevrolet,chevrolet,spark,1,exact,Spark,Passenger Car,Spark,,2008 2011-2022,true
1990,dodge,dodge,monaco,1,exact,Monaco,Passenger Car,Monaco,,1990-1992,true
1994,dodge,dodge,spirit,1,exact,Spirit,Passenger Car,Spirit,,1990-1995,true
1995,dodge,dodge,spirit,1,exact,Spirit,Passenger Car,Spirit,,1990-1995,true
1990,dodge,dodge,colt,1,exact,Colt,Passenger Car,Colt,,1990-1995,true
2014,dodge,dodge,durango,1,exact,Durango,MPV,Durango AWD,,1995-2009 2011-2026,true
1993,dodge,dodge,dynasty,1,exact,Dynasty,Passenger Car,Dynasty,,1990-1993,true
2000,bmw,bmw,z3,1,exact,Z3,Passenger Car,M Coupe,,1996-2002,true
1991,dodge,dodge,monaco,1,exact,Monaco,Passenger Car,Monaco,,1990-1992,true
2014,bmw,bmw,m4,4,none,,,,,2015-2026,true
2007,jaguar,jaguar,xk,1,exact,XK,Passenger Car,XK,,1997-2015,true
2009,jaguar,jaguar,xk,1,exact,XK,Passenger Car,XK,,1997-2015,true
2023,bmw,bmw,m4,3,exact,M4,Passenger Car,M4 Coupe,,2015-2026,true
2011,jaguar,jaguar,xk,1,exact,XK,Passenger Car,XK,,1997-2015,true
2012,jaguar,jaguar,xk,1,exact,XK,Passenger Car,XK Convertible,,1997-2015,true
2014,jaguar,jaguar,xk,1,exact,XK,Passenger Car,XK Convertible,,1997-2015,true
2018,bmw,bmw,m4,2,exact,M4,Passenger Car,M4 Convertible,,2015-2026,true
2020,volvo,volvo,v90,1,exact,V90,Passenger Car,V90 FWD,,1997-1998 2017-2026,true
2010,jaguar,jaguar,xk,1,exact,XK,Passenger Car,XK,,1997-2015,true
2023,bmw,bmw,x1,4,exact,X1,MPV,X1 xDrive28i,,2012-2026,true
1997,chrysler,chrysler,voyager,1,exact,Voyager,MPV,,,1995-2005 2007-2009 2020-2026,true
2026,bmw,bmw,x1,4,exact,X1,MPV,X1 xDrive28i,,2012-2026,true
1991,cadillac,cadillac,seville,1,exact,Seville,Passenger Car,Seville,,1990-2004,true
1999,lexus,lexus,ls,4,exact,LS,Passenger Car,LS 400,,1990-2026,true
2013,mazda,mazda,mx-5-miata,2,exact,MX-5,Passenger Car,MX-5,,1990-1997 1999-2026,true
2011,nissan,nissan,370z,3,exact,370Z,Passenger Car,370Z,,2009-2022,true
2013,honda,honda,fit,1,exact,Fit,Passenger Car,Fit EV,,2007-2020,true
1996,mercedes,mercedesbenz,e-class,3,exact,E-Class,Passenger Car,E300 Diesel,,1990-2026,true
2019,chevrolet,chevrolet,spark,1,exact,Spark,Passenger Car,Spark,,2008 2011-2022,true
2008,mazda,mazda,mazda3,2,exact,Mazda3,Passenger Car,3,,2003-2026,true
2003,toyota,toyota,celica,1,exact,Celica,Passenger Car,Celica,,1990-2006,true
2001,toyota,toyota,celica,1,exact,Celica,Passenger Car,Celica,,1990-2006,true
2016,dodge,dodge,durango,1,exact,Durango,MPV,Durango RWD,,1995-2009 2011-2026,true
2001,dodge,dodge,durango,1,exact,Durango,MPV,Durango 2WD,,1995-2009 2011-2026,true
1990,cadillac,cadillac,brougham,1,exact,Brougham,Passenger Car,Brougham,,1990-1992,true
1991,cadillac,cadillac,brougham,1,exact,Brougham,Passenger Car,Brougham,,1990-1992,true
2010,dodge,dodge,durango,1,none,,,,,1995-2009 2011-2026,true
1992,cadillac,cadillac,brougham,1,exact,Brougham,Passenger Car,Brougham,,1990-1992,true
2008,nissan,nissan,murano,1,none,,,,,2002-2007 2009-2026,true
2015,nissan,nissan,maxima,1,none,,,,,1990-2014 2016-2023,true
1996,cadillac,cadillac,fleetwood,1,exact,Fleetwood,Passenger Car,Fleetwood,,1990-1996,true
2013,acura,acura,rl,1,none,,,,,1990-2012,true
2022,chevrolet,chevrolet,spark,1,exact,Spark,Passenger Car,Spark,,2008 2011-2022,true
1997,mercedes,mercedesbenz,e-class,3,exact,E-Class,Passenger Car,E300 Diesel,,1990-2026,true
2003,toyota,toyota,land-cruiser,2,exact,Land Cruiser,MPV,Land Cruiser Wagon 4WD,,1990-2021 2024-2026,true
2023,lexus,lexus,lx,5,exact,LX,MPV,LX 600,,1996-2026,true
2005,toyota,toyota,land-cruiser,2,exact,Land Cruiser,MPV,Land Cruiser Wagon 4WD,,1990-2021 2024-2026,true
2022,kia,kia,k5,1,exact,K5,Passenger Car,K5,,2021-2026,true
2023,kia,kia,k5,1,exact,K5,Passenger Car,K5,,2021-2026,true
2024,porsche,porsche,macan,5,exact,Macan,MPV,Macan,,2015-2026,true
1999,bmw,bmw,z3,1,exact,Z3,Passenger Car,M Coupe,,1996-2002,true
1999,mercedes,mercedesbenz,e-class,3,exact,E-Class,Passenger Car,E300 Turbodiesel,,1990-2026,true
2022,gmc,gmc,yukon-xl,1,exact,Yukon,MPV,Yukon 2WD,,1990-2026,true
2023,gmc,gmc,yukon-xl,1,exact,Yukon,MPV,Yukon 2WD,,1990-2026,true
2024,gmc,gmc,yukon-xl,1,exact,Yukon,MPV,Yukon 2WD,,1990-2026,true
2009,bmw,bmw,z4,4,exact,Z4,MPV,Z4 sDrive30i,,1998-2001 2003-2016 2019-2026,true
2011,bmw,bmw,z4,4,exact,Z4,Passenger Car,Z4 sDrive30i,,1998-2001 2003-2016 2019-2026,true
2014,bmw,bmw,z4,4,exact,Z4,Passenger Car,Z4 sDrive28i,,1998-2001 2003-2016 2019-2026,true
2011,honda,honda,crosstour,1,exact,Accord,Passenger Car,Accord Coupe,,1990-2026,true
2018,kia,kia,sportage,3,exact,Sportage,MPV,Sportage FE FWD,,1995-2026,true
2015,bmw,bmw,z4,4,exact,Z4,Passenger Car,Z4 sDrive28i,,1998-2001 2003-2016 2019-2026,true
2012,honda,honda,crosstour,1,exact,Accord,Passenger Car,Accord Coupe,,1990-2026,true
2022,bmw,bmw,z4,3,exact,Z4,Passenger Car,Z4 sDrive30i,,1998-2001 2003-2016 2019-2026,true
2021,toyota,toyota,highlander,14,exact,Highlander,MPV,Highlander,,2001-2026,true
2019,acura,acura,nsx,1,exact,NSX,Passenger Car,NSX Hybrid,,1990-2005 2016-2022,true
2002,acura,acura,rl,1,exact,RL,Passenger Car,3.5RL,,1990-2012,true
2007,mazda,mazda,mx-5,1,exact,MX-5,Passenger Car,MX-5,,1990-1997 1999-2026,true
2010,acura,acura,rl,1,exact,RL,Passenger Car,RL,,1990-2012,true
2014,honda,honda,ridgeline,6,exact,Ridgeline,Truck,Ridgeline Truck 4WD,,2006-2026,true
2023,volvo,volvo,s60,5,exact,S60,Passenger Car,S60 B5,,2001-2009 2011-2025,true
2024,volvo,volvo,xc60,5,exact,XC60,MPV,XC60 B5 AWD,,2009-2026,true
1994,jaguar,jaguar,xj220,1,family,XJ6,Passenger Car,XJS Convertible,,1990-2019,true
2014,acura,acura,tlx,6,none,,,,,2015-2025,true
2009,bmw,bmw,x5,1,exact,X5,MPV,X5 xDrive30i,,2000-2026,true
1996,jaguar,jaguar,xjs,1,exact,XJS,Passenger Car,XJS Convertible,,1990-2019,true
2008,bmw,bmw,x5,1,exact,X5,MPV,X5 3.0si,,2000-2026,true
2004,volvo,volvo,xc90,5,exact,XC90,Passenger Car,XC90 FWD,,2003-2014 2016-2026,true
2020,volvo,volvo,s60,5,exact,S60,Passenger Car,S60 FWD,,2001-2009 2011-2025,true
1991,mitsubishi,mitsubishi,eclipse,5,exact,Eclipse,Passenger Car,Eclipse,,1990-2012,true
2005,volvo,volvo,s60,5,exact,S60,Passenger Car,S60 AWD,,2001-2009 2011-2025,true
2026,hyundai,hyundai,ioniq-5,1,exact,Ioniq 5,MPV,Ioniq 5 RWD,,2017-2026,true
2017,volvo,volvo,s90,4,exact,S90,MPV,S90 FWD,,1997-1998 2017-2026,true
2014,volvo,volvo,s60,5,exact,S60,Passenger Car,S60 AWD,,2001-2009 2011-2025,true
2016,volvo,volvo,s60,5,exact,S60,Passenger Car,S60 AWD,,2001-2009 2011-2025,true
2017,volvo,volvo,xc60,5,exact,XC60,MPV,XC60 FWD,,2009-2026,true
2011,volvo,volvo,xc60,5,exact,XC60,Passenger Car,XC60 FWD,,2009-2026,true
2013,volvo,volvo,xc60,5,exact,XC60,Passenger Car,XC60 AWD,,2009-2026,true
2016,volvo,volvo,xc60,5,exact,XC60,Passenger Car,XC60 FWD,,2009-2026,true
2017,volvo,volvo,xc90,5,exact,XC90,MPV,XC90 AWD,,2003-2014 2016-2026,true
2022,acura,acura,nsx,1,exact,NSX,Passenger Car,NSX Hybrid,,1990-2005 2016-2022,true
2019,volvo,volvo,v60,1,exact,V60,Passenger Car,V60 FWD,,2015-2026,true
2022,volvo,volvo,v60,1,exact,V60,Passenger Car,V60CC T5 AWD,,2015-2026,true
2023,volvo,volvo,v60,1,exact,V60,Passenger Car,V60CC B5 AWD,,2015-2026,true
2024,volvo,volvo,v60,1,exact,V60,Passenger Car,V60CC B5 AWD,,2015-2026,true
2021,volvo,volvo,v60,1,exact,V60,Passenger Car,V60 FWD,,2015-2026,true
2012,volvo,volvo,xc60,5,exact,XC60,Passenger Car,XC60 FWD,,2009-2026,true
2021,volvo,volvo,xc90,5,exact,XC90,MPV,XC90 FWD,,2003-2014 2016-2026,true
2018,volkswagen,volkswagen,atlas,8,exact,Atlas,MPV,Atlas,,2018-2026,true
1992,mercedes-benz,mercedesbenz,sl-class,1,family,,,300SL,,1990-2009 2011-2026,true
2021,polestar,polestar,polestar-1,1,exact,Polestar 1,Passenger Car,1,,2020-2026,true
1997,audi,audi,a8,1,exact,A8,Passenger Car,A8,,1997-2026,true
1998,audi,audi,a8,1,exact,A8,Passenger Car,A8,,1997-2026,true
1991,mercedes-benz,mercedesbenz,190e,1,exact,190,Passenger Car,190E,,1990-1993,true
2023,mercedes,mercedesbenz,amg-gt,7,exact,AMG GT,Passenger Car,AMG GT 43 4matic Plus,,2016-2026,true
2021,genesis,genesis,g90,4,exact,G90,Passenger Car,G90 AWD,,2017-2026,true
1992,honda,honda,civic,1,exact,Civic,Passenger Car,Civic,,1990-2026,true
1996,audi,audi,a6,1,exact,A6,Passenger Car,A6,,1995-2026,true
2018,volvo,volvo,xc60,9,exact,XC60,Passenger Car,XC60 AWD,,2009-2026,true
2017,honda,honda,clarity,1,exact,Clarity,Passenger Car,Clarity EV,,2014 2017-2021,true
1994,audi,audi,cabriolet,1,exact,Cabriolet,Passenger Car,Cabriolet,,1992-1998,true
1995,audi,audi,cabriolet,1,exact,Cabriolet,Passenger Car,Cabriolet,,1992-1998,true
1996,audi,audi,cabriolet,1,exact,Cabriolet,Passenger Car,Cabriolet,,1992-1998,true
1992,audi,audi,s4,1,exact,S4,Passenger Car,S4,,1992-1994 2000-2002 2004-2016 2018-2025,true
1990,audi,audi,coupe,1,exact,Coupe,Passenger Car,Coupe quattro,,1990-1991,true
2021,mercedes,mercedesbenz,eqb,1,none,,,,,2022-2025,true
1998,audi,audi,cabriolet,1,exact,Cabriolet,Passenger Car,Cabriolet,,1992-1998,true
1991,audi,audi,coupe,1,exact,Coupe,Passenger Car,Coupe quattro,,1990-1991,true
1992,audi,audi,coupe,1,none,,,,,1990-1991,true
1994,gmc,gmc,yukon,6,exact,Yukon,MPV,Suburban 1500 2WD,,1990-2026,true
1996,saturn,saturn,sw,1,exact,SL,Passenger Car,SC,,1991-2002,true
2013,infiniti,infiniti,qx70,1,family,FX50,MPV,FX37 RWD,,2003-2018,true
1997,saturn,saturn,sw,1,exact,SW1,Passenger Car,SC,,1991-2002,true
1998,saturn,saturn,sw,1,exact,SL,Passenger Car,SC,,1991-2002,true
1993,audi,audi,s4,1,exact,S4,Passenger Car,S4,,1992-1994 2000-2002 2004-2016 2018-2025,true
2018,dodge,dodge,durango,7,exact,Durango,MPV,Durango RWD,,1995-2009 2011-2026,true
1995,plymouth,plymouth,neon,1,exact,Neon,Passenger Car,Neon,,1994-2005,true
1996,plymouth,plymouth,neon,1,exact,Neon,Passenger Car,Neon,,1994-2005,true
1997,plymouth,plymouth,neon,1,exact,Neon,Passenger Car,Neon,,1994-2005,true
1999,plymouth,plymouth,breeze,1,exact,Breeze,Passenger Car,Breeze,,1996-2000,true
1998,plymouth,plymouth,neon,1,exact,Neon,Passenger Car,Neon,,1994-2005,true
1999,plymouth,plymouth,neon,1,exact,Neon,Passenger Car,Neon,,1994-2005,true
1990,plymouth,plymouth,sundance,1,exact,Sundance,Passenger Car,Sundance,,1990-1994,true
1995,plymouth,plymouth,acclaim,1,exact,Acclaim,Passenger Car,Acclaim,,1990-1995,true
1991,plymouth,plymouth,laser,1,exact,Laser,Passenger Car,Laser,,1990-1994,true
1992,plymouth,plymouth,laser,1,exact,Laser,Passenger Car,Laser,,1990-1994,true
1997,plymouth,plymouth,breeze,1,exact,Breeze,Passenger Car,Breeze,,1996-2000,true
1998,plymouth,plymouth,breeze,1,exact,Breeze,Passenger Car,Breeze,,1996-2000,true
1997,saturn,saturn,sl,1,exact,SL1,Passenger Car,SC,,1991-2002,true
1998,saturn,saturn,sl,1,exact,SL,Passenger Car,SC,,1991-2002,true
1999,saturn,saturn,sl,1,exact,SL,Passenger Car,SC,,1991-2002,true
1993,saturn,saturn,sc,1,exact,SC1,Passenger Car,SW,,1991-2002,true
1994,saturn,saturn,sc,1,exact,SL,Passenger Car,SC,,1991-2002,true
1995,saturn,saturn,sc,1,exact,SL,Passenger Car,SC,,1991-2002,true
1995,isuzu,isuzu,rodeo,1,exact,Rodeo,Truck,Rodeo 2WD,,1990-2004,true
1999,isuzu,isuzu,rodeo,1,exact,Rodeo,MPV,Rodeo 2WD,,1990-2004,true
2001,isuzu,isuzu,rodeo,1,exact,Rodeo,MPV,Rodeo 2WD,,1990-2004,true
2004,isuzu,isuzu,axiom,1,exact,Axiom,MPV,Axiom 2WD,,2002-2004,true
1990,jaguar,jaguar,xj6,1,exact,XJ6,Passenger Car,XJ6,,1990-2019,true
1991,jaguar,jaguar,xj6,1,exact,XJ6,Passenger Car,XJ6,,1990-2019,true
1992,jaguar,jaguar,xj6,1,exact,XJ6,Passenger Car,XJ6,,1990-2019,true
1990,jaguar,jaguar,xjs,1,exact,XJS,Passenger Car,XJS Convertible,,1990-2019,true
2018,subaru,subaru,forester,7,exact,Forester,MPV,Forester AWD,,1998-2026,true
1997,jaguar,jaguar,xk8,1,exact,XK8,Passenger Car,,,1997-2015,true
1998,jaguar,jaguar,xk8,1,exact,XK8,Passenger Car,XK8 Convertible,,1997-2015,true
2024,jaguar,jaguar,f-type,1,exact,F-TYPE,Passenger Car,F-Type R AWD Coupe,,2014-2024,true
1994,saturn,saturn,sw,1,exact,SL,Passenger Car,SC,,1991-2002,true
1995,saturn,saturn,sw,1,exact,SL,Passenger Car,SC,,1991-2002,true
1995,suzuki,suzuki,swift,1,exact,Swift,Passenger Car,Swift,,1990-2001 2004-2008 2010-2011,true
1996,suzuki,suzuki,swift,1,exact,Swift,Passenger Car,Swift,,1990-2001 2004-2008 2010-2011,true
1999,isuzu,isuzu,oasis,1,exact,Oasis,MPV,Oasis,,1996-1999,true
1999,isuzu,isuzu,vehicross,1,exact,VehiCross,MPV,Vehicross,,1999-2002,true
1998,isuzu,isuzu,rodeo,1,exact,Rodeo/Amigo,MPV,Rodeo 2WD,,1990-2004,true
1990,isuzu,isuzu,amigo,1,exact,Amigo,MPV,Amigo 2WD,,1990-1994 1998-2000,true
1991,isuzu,isuzu,amigo,1,exact,Amigo,MPV,Amigo 2WD,,1990-1994 1998-2000,true
1992,isuzu,isuzu,amigo,1,exact,Amigo,MPV,Amigo 2WD,,1990-1994 1998-2000,true
1993,isuzu,isuzu,amigo,1,exact,Amigo,Truck,Amigo 2WD,,1990-1994 1998-2000,true
1998,isuzu,isuzu,amigo,1,exact,Rodeo/Amigo,MPV,Amigo 2WD,,1990-1994 1998-2000,true
2014,bmw,bmw,x4,1,none,,,,,2015-2025,true
1992,suzuki,suzuki,sidekick,1,exact,Sidekick,MPV,Sidekick Hardtop 2WD,,1990-1998,true
1990,suzuki,suzuki,swift,1,exact,Swift,Passenger Car,Swift,,1990-2001 2004-2008 2010-2011,true
1991,suzuki,suzuki,swift,1,exact,Swift,Passenger Car,Swift,,1990-2001 2004-2008 2010-2011,true
1992,suzuki,suzuki,swift,1,exact,Swift,Passenger Car,Swift,,1990-2001 2004-2008 2010-2011,true
1996,suzuki,suzuki,x-90,1,exact,X-90,MPV,X-90 2WD,,1996-1998,true
1997,suzuki,suzuki,x-90,1,exact,X-90,MPV,X-90 2WD,,1996-1998,true
2026,bmw,bmw,z4,3,exact,Z4,Passenger Car,Z4 sDrive30i,,1998-2001 2003-2016 2019-2026,true
2024,bmw,bmw,z4,3,exact,Z4,Passenger Car,Z4 sDrive30i,,1998-2001 2003-2016 2019-2026,true
1999,daewoo,daewoo,nubira,1,exact,NUBIRA,Passenger Car,Nubira,,1998-2003,true
2002,toyota,toyota,4runner,2,exact,4Runner,MPV,4Runner 2WD,,1990-2026,true
1992,audi,audi,v8,1,exact,V8,Passenger Car,V8,,1990-1994,true
1994,audi,audi,v8,1,exact,V8,Passenger Car,V8,,1990-1994,true
2011,audi,audi,a7,1,none,,,,,2012-2025,true
1999,gmc,gmc,yukon,6,exact,Yukon,MPV,Suburban 1500 2WD,,1990-2026,true
2021,jaguar,jaguar,f-type,1,exact,F-TYPE,Passenger Car,F-Type S Coupe,,2014-2024,true
2025,jaguar,jaguar,f-type,1,none,,,,,2014-2024,true
1997,honda,honda,cr-v,5,exact,CR-V,MPV,CR-V 4WD,,1997-2026,true
2020,honda,honda,passport,5,exact,Passport,MPV,Passport FWD,,1994-2002 2019-2026,true
2021,volvo,volvo,s60,5,exact,S60,Passenger Car,S60 FWD,,2001-2009 2011-2025,true
2022,jeep,jeep,wagoneer,1,exact,Wagoneer,MPV,Wagoneer 2WD,,1990 2022-2026,true
2000,toyota,toyota,prius,5,none,,,,,2001-2026,true
2019,honda,honda,passport,1,exact,Passport,MPV,Passport FWD,,1994-2002 2019-2026,true
1998,acura,acura,integra,1,exact,Integra,Passenger Car,Integra,,1990-2001 2023-2026,true
1998,lexus,lexus,lx,5,exact,LX,MPV,LX 470,,1996-2026,true
2005,jeep,jeep,cherokee,1,exact,Cherokee,MPV,Liberty/Cherokee 2WD,,1990-2011 2014-2023 2026,true
2007,jeep,jeep,cherokee,1,exact,Cherokee,MPV,Liberty/Cherokee 2WD,,1990-2011 2014-2023 2026,true
2018,infiniti,infiniti,q70,3,exact,Q70,Passenger Car,Q70,,2003-2004 2006-2022,true
2002,volvo,volvo,s60,5,exact,S60,Passenger Car,S60 AWD,,2001-2009 2011-2025,true
2010,ford,ford,mustang,2,exact,Mustang,Passenger Car,Mustang,,1990-2026,true
2018,mazda,mazda,cx-3,3,exact,CX-3,Passenger Car,CX-3 2WD,,2016-2022,true
1990,buick,buick,century,1,exact,Century,Passenger Car,Century,,1990-2005,true
2002,kia,kia,sedona,2,exact,Sedona,MPV,Sedona,,2001-2026,true
2016,scion,scion,fr-s,3,exact,,,FR-S,,2013-2016,true
2002,mitsubishi,mitsubishi,diamante,1,exact,Diamante,Passenger Car,Diamante,,1992-2005,true
2014,bmw,bmw,i8,1,exact,i8,Passenger Car,i8,,2014-2017 2019-2020,true
2009,audi,audi,s8,1,exact,S8,Passenger Car,S8,,2001-2003 2007-2009 2013-2018 2020-2026,true
2025,audi,audi,s6,1,exact,S6,Passenger Car,S6,,1995-1997 2002-2003 2007-2011 2013-2018 2020-2025,true
2022,audi,audi,s6,1,exact,S6,Passenger Car,S6,,1995-1997 2002-2003 2007-2011 2013-2018 2020-2025,true
2016,audi,audi,s8,1,exact,S8,Passenger Car,S8,,2001-2003 2007-2009 2013-2018 2020-2026,true
2014,audi,audi,s8,1,exact,S8,Passenger Car,S8,,2001-2003 2007-2009 2013-2018 2020-2026,true
2013,audi,audi,s8,1,exact,S8,Passenger Car,S8,,2001-2003 2007-2009 2013-2018 2020-2026,true
2005,hyundai,hyundai,xg350,1,exact,XG350,MPV,XG350,,2001-2005,true
2024,audi,audi,s8,1,exact,S8,Passenger Car,S8,,2001-2003 2007-2009 2013-2018 2020-2026,true
2020,audi,audi,s8,1,exact,S8,Passenger Car,S8,,2001-2003 2007-2009 2013-2018 2020-2026,true
2023,audi,audi,rs6,1,exact,RS 6 Avant,Passenger Car,RS 6 Avant,,2003-2004 2021-2026,true
2000,dodge,dodge,viper,1,exact,Viper,Passenger Car,Viper Convertible,,1992-2006 2008-2010 2013-2017,true
2024,audi,audi,s3,1,exact,S3,Passenger Car,S3,,2015-2020 2022-2026,true
2016,audi,audi,sq5,1,exact,SQ5,MPV,SQ5,,2014-2026,true
2019,audi,audi,sq5,1,exact,SQ5,MPV,SQ5,,2014-2026,true
2025,audi,audi,sq5,1,exact,SQ5,MPV,SQ5,,2014-2026,true
2020,audi,audi,sq7,1,exact,SQ7,MPV,SQ7,,2020-2026,true
2008,acura,acura,rl,1,exact,RL,Passenger Car,RL,,1990-2012,true
2025,acura,acura,adx,1,exact,ADX,MPV,ADX AWD,,2025-2026,true
2004,honda,honda,element,1,exact,Element,MPV,Element 2WD,,2003-2011,true
2004,acura,acura,nsx,1,exact,NSX,Passenger Car,NSX,,1990-2005 2016-2022,true
2000,acura,acura,rl,1,exact,RL,Passenger Car,3.5RL,,1990-2012,true
2016,aston martin,astonmartin,db11,1,none,,,,,2017-2024,true
2019,aston martin,astonmartin,db11,1,exact,DB11,Passenger Car,DB11 V12,,2017-2024,true
2021,aston martin,astonmartin,db11,1,exact,DB11,Passenger Car,DB11 V12,,2017-2024,true
2023,aston martin,astonmartin,db11,1,exact,DB11,Passenger Car,DB11 V8,,2017-2024,true
2025,aston martin,astonmartin,dbx,1,exact,DBX,MPV,,,2021-2026,true
2006,aston martin,astonmartin,vantage,1,exact,Vantage,Passenger Car,V8 Vantage,,2006-2026,true
2014,aston martin,astonmartin,vantage,1,exact,V8 Vantage,Passenger Car,V8 Vantage,,2006-2026,true
2020,aston martin,astonmartin,vantage,1,exact,Vantage,Passenger Car,Vantage V8,,2006-2026,true
2025,aston martin,astonmartin,vantage,1,exact,Vantage,Passenger Car,Vantage,,2006-2026,true
2024,audi,audi,a3,1,exact,A3,Passenger Car,A3,,2006-2013 2015-2020 2022-2026,true
2010,audi,audi,a5,1,exact,A5,Passenger Car,A5 Cabriolet,,2008-2026,true
2024,audi,audi,a7,1,exact,A7,Passenger Car,A7 quattro,,2012-2025,true
2013,audi,audi,a5,1,exact,A5,Passenger Car,A5 quattro,,2008-2026,true
2017,audi,audi,a5,1,exact,A5,Passenger Car,A5 quattro,,2008-2026,true
2021,audi,audi,a7,1,exact,A7,Passenger Car,A7 quattro,,2012-2025,true
2013,audi,audi,rs5,1,exact,RS 5,Passenger Car,RS 5,,2013-2015 2018-2019 2021-2025,true
2019,audi,audi,e-tron,1,exact,e-tron,MPV,e-tron,,2019-2026,true
2015,audi,audi,q3,1,exact,Q3,MPV,Q3 quattro,,2015-2026,true
2018,mercedes-benz,mercedesbenz,e400,9,exact,E-Class,Passenger Car,E400 Coupe,,1990-2026,true
2017,audi,audi,rs-models,1,exact,RS 7,Passenger Car,RS 7,,2003-2004 2013-2026,true
2023,audi,audi,rs3,1,exact,RS 3,Passenger Car,RS3,,2017-2020 2022-2026,true
2010,scion,scion,tc,3,exact,,,tC,,2005-2016,true
2009,toyota,toyota,venza,1,exact,Venza,MPV,Venza,,2009-2017 2021-2024,true
2025,mercedes-benz,mercedesbenz,eqb,2,exact,EQB-Class,MPV,EQB 250 Plus,,2022-2025,true
2000,mazda,mazda,mx-5,1,exact,MX-5,Passenger Car,MX-5 Miata,,1990-1997 1999-2026,true
2003,mazda,mazda,mx-5,1,exact,MX-5,Passenger Car,MX-5 Miata,,1990-1997 1999-2026,true
2023,polestar,polestar,polestar-2,1,exact,Polestar 2,Passenger Car,2 BST edition,,2020-2026,true
1994,chevrolet,chevrolet,corvette,1,exact,Corvette,Passenger Car,Corvette,,1990-2026,true
2022,audi,audi,rs6,1,exact,RS 6 Avant,Passenger Car,RS 6 Avant,,2003-2004 2021-2026,true
2016,audi,audi,s3,1,exact,S3,Passenger Car,S3,,2015-2020 2022-2026,true
2010,audi,audi,s5,1,exact,S5,Passenger Car,S5,,2008-2026,true
2026,audi,audi,s3,1,exact,S3,Passenger Car,S3,,2015-2020 2022-2026,true
2019,audi,audi,s5,1,exact,S5,Passenger Car,S5,,2008-2026,true
2022,audi,audi,s5,1,exact,S5,Passenger Car,S5 Coupe,,2008-2026,true
2001,audi,audi,s6,1,none,,,,,1995-1997 2002-2003 2007-2011 2013-2018 2020-2025,true
2011,audi,audi,s6,1,exact,S6,Passenger Car,S6,,1995-1997 2002-2003 2007-2011 2013-2018 2020-2025,true
2015,audi,audi,s6,1,exact,S6,Passenger Car,S6,,1995-1997 2002-2003 2007-2011 2013-2018 2020-2025,true
2001,audi,audi,s8,1,exact,S8,Passenger Car,S8 quattro,,2001-2003 2007-2009 2013-2018 2020-2026,true
2002,audi,audi,s8,1,exact,S8,Passenger Car,S8 quattro,,2001-2003 2007-2009 2013-2018 2020-2026,true
2014,audi,audi,tt-rs,1,exact,TT,Passenger Car,TT Roadster quattro,,2000-2006 2008-2023,true
2023,audi,audi,tt-rs,1,exact,TT,Passenger Car,TT Roadster,,2000-2006 2008-2023,true
2019,buick,buick,verano,1,none,,,,,2012-2017,true
2021,buick,buick,verano,1,none,,,,,2012-2017,true
2020,buick,buick,verano,1,none,,,,,2012-2017,true
2020,polestar,polestar,polestar-1,1,exact,Polestar 1,Passenger Car,1,,2020-2026,true
2021,polestar,polestar,polestar-2,1,exact,Polestar 2,Passenger Car,2,,2020-2026,true
2002,volkswagen,volkswagen,eurovan,1,exact,EuroVan,MPV,Eurovan Camper,,1992-2003,true
1999,chevrolet,chevrolet,silverado,1,exact,Silverado,Truck,Silverado 1500 2WD,,1990-2026,true
2016,bentley,bentley,bentayga,1,none,,,,,2017-2026,true
2020,bentley,bentley,bentayga,1,exact,Bentayga,MPV,Bentayga,,2017-2026,true
2014,buick,buick,encore,1,exact,Encore,MPV,Encore,,2013-2026,true
2024,buick,buick,encore,1,exact,,,Encore GX FWD,,2013-2026,true
2024,cadillac,cadillac,ct4,1,exact,CT4,Passenger Car,CT4,,2020-2026,true
2025,cadillac,cadillac,ct4,1,exact,CT4,Passenger Car,CT4,,2020-2026,true
2026,cadillac,cadillac,ct4,1,exact,CT4,Passenger Car,CT4,,2020-2026,true
2022,cadillac,cadillac,ct4-v,1,exact,CT4,Passenger Car,CT4 V,,2020-2026,true
2021,cadillac,cadillac,ct5,1,exact,CT5,Passenger Car,CT5,,2020-2026,true
2021,cadillac,cadillac,ct5-v,1,exact,CT5,Passenger Car,CT5,,2020-2026,true
2024,cadillac,cadillac,ct5-v,1,exact,CT5,Passenger Car,CT5,,2020-2026,true
2016,cadillac,cadillac,ct6,1,exact,CT6,Passenger Car,CT6,,2016-2020,true
2021,cadillac,cadillac,ct6,1,none,,,,,2016-2020,true
2024,cadillac,cadillac,lyriq,1,exact,Lyriq,MPV,LYRIQ,,2023-2026,true
2008,cadillac,cadillac,sts-v,1,exact,STS,Passenger Car,STS,,2005-2011,true
1996,mercedes-benz,mercedesbenz,g-class,1,none,,,,,1999 2002-2026,true
1997,mercedes-benz,mercedesbenz,g-class,1,none,,,,,1999 2002-2026,true
2020,cadillac,cadillac,xt4,1,exact,XT4,MPV,XT4 FWD,,2019-2025,true
2020,cadillac,cadillac,xt5,1,exact,XT5,MPV,XT5 FWD,,2017-2026,true
2020,cadillac,cadillac,xt6,1,exact,XT6,MPV,XT6 FWD,,2020-2025,true
2016,chevrolet,chevrolet,caprice,1,exact,Caprice Police Vehicle,Passenger Car,,,1990-1996 2011-2017,true
1998,mercedes-benz,mercedesbenz,g-class,1,none,,,,,1999 2002-2026,true
2011,chevrolet,chevrolet,caprice,1,exact,Caprice Police Vehicle,Passenger Car,,,1990-1996 2011-2017,true
2007,chevrolet,chevrolet,avalanche,1,exact,Avalanche,MPV,Avalanche 1500 2WD,,2002-2013,true
2008,mercedes-benz,mercedesbenz,g-class,2,exact,G-Class,MPV,G500,,1999 2002-2026,true
2022,mercedes,mercedesbenz,cla-class,1,exact,CLA-Class,Passenger Car,CLA250 4matic,,2014-2026,true
2018,acura,acura,rdx,1,exact,RDX,MPV,RDX FWD,,2007-2026,true
2023,jaguar,jaguar,i-pace,1,exact,I-PACE,MPV,I-Pace EV400 (20 inch tires),,2019-2024,true
1999,lincoln,lincoln,navigator,4,exact,Navigator,MPV,Navigator 2WD,,1998-2026,true
2011,volkswagen,volkswagen,passat,1,exact,Passat,Passenger Car,,,1990-2022,true
2001,volkswagen,volkswagen,eurovan,1,exact,EuroVan,Passenger Car,Eurovan Camper,,1992-2003,true
2021,chevrolet,chevrolet,suburban,1,exact,Suburban,MPV,Suburban 2WD,,1990-2026,true
2006,chevrolet,chevrolet,spark,1,none,,,,,2008 2011-2022,true
2006,chrysler,chrysler,town-country,1,exact,Town and Country,MPV,Town and Country 2WD,,1990-2016,true
2020,hyundai,hyundai,veloster,1,exact,Veloster,Passenger Car,Veloster,,2012-2022,true
2017,ferrari,ferrari,488,1,exact,488,Passenger Car,488 GTB,,2016-2020,true
2024,mercedes,mercedesbenz,cla-class,1,exact,CLA-Class,Passenger Car,AMG CLA35 4matic,,2014-2026,true
2013,dodge,dodge,durango,1,exact,Durango,MPV,Durango 2WD,,1995-2009 2011-2026,true
1991,isuzu,isuzu,rodeo,1,exact,Rodeo,MPV,Rodeo 4WD,,1990-2004,true
2018,audi,audi,a4,3,exact,A4,Passenger Car,A4 quattro,,1996-2025,true
2019,ferrari,ferrari,portofino,1,exact,Portofino,Passenger Car,Portofino,,2019-2023,true
2020,ferrari,ferrari,roma,1,none,,,,,2021-2026,true
2022,ferrari,ferrari,roma,1,exact,Roma,Passenger Car,Roma,,2021-2026,true
2020,ferrari,ferrari,sf90,1,none,,,,,2021-2025,true
2022,ferrari,ferrari,sf90,1,exact,SF90,Passenger Car,SF90 Stradale,,2021-2025,true
2025,ferrari,ferrari,sf90,1,exact,SF90,Passenger Car,SF90 Spider,,2021-2025,true
2018,audi,audi,q3,2,exact,Q3,MPV,Q3 quattro,,2015-2026,true
2026,mercedes,mercedesbenz,cla-class,1,exact,CLA-Class,Passenger Car,AMG CLA45 S 4matic,,2014-2026,true
2002,lincoln,lincoln,navigator,4,exact,Navigator,MPV,Navigator 2WD,,1998-2026,true
1994,chevrolet,chevrolet,s-10,1,exact,Blazer,MPV,S10 Pickup 2WD,,1990-2005 2019-2026,true
2006,lincoln,lincoln,navigator,4,exact,Navigator,MPV,Navigator 2WD,,1998-2026,true
2009,lincoln,lincoln,navigator,4,exact,Navigator,MPV,Navigator 2WD FFV,,1998-2026,true
2016,volvo,volvo,xc90,5,exact,XC90,Passenger Car,XC90 AWD,,2003-2014 2016-2026,true
2011,lincoln,lincoln,navigator,4,exact,Navigator,MPV,Navigator 4WD FFV,,1998-2026,true
2002,saturn,saturn,s-series,1,exact,SL,Passenger Car,SC,,1991-2002,true
2024,mercedes-benz,mercedesbenz,glb,3,exact,GLB-Class,MPV,AMG GLB35 4matic,,2020-2026,true
2025,mercedes-benz,mercedesbenz,glb,3,exact,GLB-Class,MPV,AMG GLB35 4matic,,2020-2026,true
2010,acura,acura,zdx,1,exact,ZDX,MPV,ZDX 4WD,,2010-2013 2024-2026,true
2001,mercedes,mercedesbenz,cl-class-amg,1,exact,CL-Class,Passenger Car,CL500,,1998-2014,true
2015,nissan,nissan,pathfinder,5,exact,Pathfinder,MPV,Pathfinder 2WD,,1990-2026,true
2002,mercedes,mercedesbenz,cl-class-amg,1,exact,CL-Class,Passenger Car,CL500,,1998-2014,true
2004,mercedes,mercedesbenz,cl-class-amg,1,exact,CL-Class,Passenger Car,CL500,,1998-2014,true
2012,porsche,porsche,cayenne,7,exact,Cayenne,MPV,Cayenne,,2003-2026,true
2013,nissan,nissan,sentra,4,exact,Sentra,Passenger Car,Sentra,,1990-2026,true
2015,nissan,nissan,sentra,4,exact,Sentra,Passenger Car,Sentra,,1990-2026,true
2019,nissan,nissan,sentra,4,exact,Sentra,Passenger Car,Sentra,,1990-2026,true
2022,nissan,nissan,sentra,4,exact,Sentra,Passenger Car,Sentra,,1990-2026,true
2011,nissan,nissan,murano,5,exact,Murano,MPV,Murano FWD,,2002-2007 2009-2026,true
2013,nissan,nissan,murano,5,exact,Murano,MPV,Murano FWD,,2002-2007 2009-2026,true
2017,nissan,nissan,murano,5,exact,Murano,MPV,Murano FWD,,2002-2007 2009-2026,true
2019,nissan,nissan,murano,5,exact,Murano,MPV,Murano FWD,,2002-2007 2009-2026,true
2000,mercedes,mercedesbenz,m-class,1,exact,M-Class,MPV,ML320,,1995-2019,true
2001,mercedes,mercedesbenz,m-class,1,exact,M-Class,MPV,ML320,,1995-2019,true
2019,porsche,porsche,911,8,exact,911,Passenger Car,911 Carrera,,1990-2026,true
2020,porsche,porsche,911,8,exact,911,Passenger Car,911 Carrera S,,1990-2026,true
2022,porsche,porsche,911,8,exact,911,Passenger Car,911 Turbo,,1990-2026,true
2014,porsche,porsche,911,8,exact,911,Passenger Car,911 Carrera,,1990-2026,true
2016,porsche,porsche,911,8,exact,911,Passenger Car,911 GT3,,1990-2026,true
2004,porsche,porsche,boxster,5,exact,Boxster,Passenger Car,Boxster,,1997-2025,true
2001,porsche,porsche,boxster,5,exact,Boxster,Passenger Car,Boxster,,1997-2025,true
2023,porsche,porsche,911,8,exact,911,Passenger Car,911 GT3,,1990-2026,true
2002,porsche,porsche,boxster,5,exact,Boxster,Passenger Car,Boxster,,1997-2025,true
2022,porsche,porsche,boxster,5,exact,718 Boxster,Passenger Car,718 Boxster,,1997-2025,true
2003,porsche,porsche,boxster,5,exact,Boxster,Passenger Car,Boxster,,1997-2025,true
2011,porsche,porsche,boxster,5,exact,Boxster,Passenger Car,Boxster,,1997-2025,true
2014,porsche,porsche,cayenne,7,exact,Cayenne,MPV,Cayenne Turbo,,2003-2026,true
2017,porsche,porsche,cayenne,7,exact,Cayenne,MPV,Cayenne S,,2003-2026,true
2023,mercedes,mercedesbenz,eqb,2,family,EQB-Class,MPV,,,2022-2025,true
2006,porsche,porsche,cayenne,7,exact,Cayenne,Passenger Car,Cayenne,,2003-2026,true
2013,porsche,porsche,panamera,7,exact,Panamera,Passenger Car,Panamera GTS,,2010-2026,true
2008,porsche,porsche,cayenne,7,exact,Cayenne,MPV,Cayenne,,2003-2026,true
2010,porsche,porsche,cayenne,7,exact,Cayenne,MPV,Cayenne,,2003-2026,true
1994,lexus,lexus,es,5,exact,ES,Passenger Car,ES 300,,1990-2026,true
1995,lexus,lexus,es,5,exact,ES,Passenger Car,ES 300,,1990-2026,true
1996,mercedes-benz,mercedesbenz,s-class,4,exact,S-Class,Passenger Car,S500 Coupe,,1990-2026,true
2024,bmw,bmw,ix,1,exact,iX,MPV,iX M60 (21 inch Wheels),,2022-2026,true
1996,lexus,lexus,es,5,exact,ES,Passenger Car,ES 300,,1990-2026,true
2025,rolls-royce,rollsroyce,ghost,1,exact,Ghost,Passenger Car,Ghost,,2010-2026,true
2024,rolls-royce,rollsroyce,phantom,1,exact,Phantom,Passenger Car,Phantom,,2004-2026,true
2026,rolls-royce,rollsroyce,phantom,1,exact,Phantom,Passenger Car,Phantom,,2004-2026,true
2022,rolls-royce,rollsroyce,ghost,1,exact,Ghost,Passenger Car,Ghost,,2010-2026,true
2024,rolls-royce,rollsroyce,ghost,1,exact,Ghost,Passenger Car,Ghost,,2010-2026,true
2026,rolls-royce,rollsroyce,ghost,1,exact,Ghost,Passenger Car,Ghost,,2010-2026,true
2022,rolls-royce,rollsroyce,phantom,1,exact,Phantom,Passenger Car,Phantom,,2004-2026,true
2025,rolls-royce,rollsroyce,phantom,1,exact,Phantom,Passenger Car,Phantom,,2004-2026,true
1998,lexus,lexus,es,5,exact,ES,Passenger Car,ES 300,,1990-2026,true
2025,rivian,rivian,r1s,1,exact,R1S,MPV,R1S All-Terrain Dual Large Plus (20in),,2022-2026,true
2025,rivian,rivian,r1t,1,exact,R1T,Truck,R1T All-Terrain Dual Large Plus (20in),,2022-2026,true
2012,nissan,nissan,quest,1,exact,Quest,MPV,Quest,,1993-2009 2011-2017,true
2003,porsche,porsche,cayenne,7,exact,Cayenne,MPV,Cayenne S,,2003-2026,true
2021,tesla,tesla,model-y,2,exact,Model Y,Passenger Car,Model Y Long Range AWD,,2020-2026,true
2020,tesla,tesla,model-3,3,exact,Model 3,Passenger Car,Model 3 Long Range,,2017-2026,true
2020,tesla,tesla,model-y,2,exact,Model Y,Passenger Car,Model Y Performance AWD,,2020-2026,true
2025,tesla,tesla,model-y,2,exact,Model Y,MPV,Model Y Long Range AWD,,2020-2026,true
2006,acura,acura,rdx,1,none,,,,,2007-2026,true
1994,mitsubishi,mitsubishi,eclipse,5,exact,Eclipse,Passenger Car,Eclipse,,1990-2012,true
2024,tesla,tesla,model-3,2,exact,Model 3,Passenger Car,Model 3 Long Range AWD,,2017-2026,true
2026,tesla,tesla,model-3,2,exact,Model 3,Passenger Car,Model 3 Performance,,2017-2026,true
2015,tesla,tesla,model-s,2,exact,Model S,Passenger Car,Model S (85 kW-hr battery pack),,2012-2026,true
2017,toyota,toyota,fj-cruiser,1,none,,,,,2007-2014,true
2026,polestar,polestar,polestar-2,1,exact,Polestar 2,Passenger Car,,,2020-2026,true
2015,scion,scion,tc,3,exact,,,tC,,2005-2016,true
2015,volvo,volvo,xc60,5,exact,XC60,Passenger Car,XC60 AWD,,2009-2026,true
2007,volvo,volvo,s60,5,exact,S60,Passenger Car,S60 AWD,,2001-2009 2011-2025,true
2010,volvo,volvo,xc60,5,exact,XC60,Passenger Car,XC60 AWD,,2009-2026,true
2014,toyota,toyota,avalon,2,exact,Avalon,Passenger Car,Avalon Hybrid,,1995-2022,true
1990,mercedes-benz,mercedesbenz,sl-class,1,family,,,300SL,,1990-2009 2011-2026,true
2026,audi,audi,q8,1,exact,Q8,MPV,Q8 quattro,,2019-2026,true
2025,audi,audi,q8,1,exact,Q8,MPV,Q8 quattro,,2019-2026,true
2024,audi,audi,q8,1,exact,Q8,MPV,Q8 e-tron quattro,,2019-2026,true
2023,audi,audi,q8-e-tron,1,exact,e-tron,MPV,e-tron quattro,,2019-2026,true
2025,polestar,polestar,polestar-2,1,exact,Polestar 2,Passenger Car,2 Dual Motor (19 Inch Wheels),,2020-2026,true
1991,mercedes-benz,mercedesbenz,sl-class,1,family,,,500SL,,1990-2009 2011-2026,true
1999,mercedes-benz,mercedesbenz,sl-class,1,exact,SL-Class,Passenger Car,SL500,,1990-2009 2011-2026,true
2024,audi,audi,q8-sportback-e-tron,1,exact,Q8,MPV,Q8 e-tron quattro,,2019-2026,true
2023,audi,audi,q8-sportback-e-tron,1,exact,Q8,MPV,Q8,,2019-2026,true
2025,audi,audi,q8-sportback-e-tron,1,exact,Q8,MPV,Q8 quattro,,2019-2026,true
2024,volvo,volvo,ex40,1,exact,XC40,MPV,XC40 B5 AWD,,2019-2026,true
2024,volvo,volvo,ex90,1,none,,,,,2025-2026,true
2025,tesla,tesla,cybertruck,1,exact,Cybertruck,Truck,Cybertruck AWD,,2024-2026,true
2008,land rover,landrover,range-rover,6,exact,Range Rover,MPV,Range Rover,,1990-2026,true
2006,infiniti,infiniti,qx80,4,family,QX56,MPV,QX56 2WD,,2003-2026,true
2005,toyota,toyota,avalon,2,exact,Avalon,Passenger Car,Avalon,,1995-2022,true
2018,infiniti,infiniti,qx80,1,exact,QX80,MPV,QX80 2WD,,2003-2026,true
2022,toyota,toyota,venza,1,exact,Venza,MPV,Venza AWD,,2009-2017 2021-2024,true
2005,toyota,toyota,prius,5,exact,Prius,Passenger Car,Prius,,2001-2026,true
2006,toyota,toyota,prius,5,exact,Prius,Passenger Car,Prius,,2001-2026,true
2009,toyota,toyota,prius,5,exact,Prius,Passenger Car,Prius,,2001-2026,true
2013,toyota,toyota,prius,5,exact,Prius,Passenger Car,Prius c,,2001-2026,true
2015,toyota,toyota,prius,5,exact,Prius,Passenger Car,Prius,,2001-2026,true
2016,toyota,toyota,prius,5,exact,Prius,Passenger Car,Prius v,,2001-2026,true
2008,volkswagen,volkswagen,rabbit,1,exact,Rabbit,Passenger Car,GTI,,1990-2026,true
2021,toyota,toyota,prius,5,exact,Prius,Passenger Car,Prius,,2001-2026,true
2022,toyota,toyota,prius,5,exact,Prius,Passenger Car,Prius,,2001-2026,true
2016,toyota,toyota,c-hr,1,none,,,,,2018-2022 2026,true
2024,cadillac,cadillac,celestiq,1,none,,,,,2025-2026,true
2026,cadillac,cadillac,celestiq,1,exact,Celestiq,Passenger Car,CELESTIQ,,2025-2026,true
1999,lexus,lexus,es,5,exact,ES,Passenger Car,ES 300,,1990-2026,true
2024,toyota,toyota,c-hr,1,none,,,,,2018-2022 2026,true
2022,toyota,toyota,c-hr,1,exact,C-HR,Passenger Car,C-HR,,2018-2022 2026,true
2025,toyota,toyota,bz4x,1,exact,bZ4X,MPV,bZ4X LIMITED,,2023-2026,true
2023,toyota,toyota,bz4x,1,exact,bZ4X,MPV,bZ4X,,2023-2026,true
2022,toyota,toyota,fj-cruiser,1,none,,,,,2007-2014,true
2006,mercedes-benz,mercedesbenz,slk-class,2,exact,SLK-Class,Passenger Car,SLK280,,1998-2016,true
2025,toyota,toyota,avalon,1,none,,,,,1995-2022,true
2014,toyota,toyota,venza,1,exact,Venza,MPV,Venza,,2009-2017 2021-2024,true
2018,toyota,toyota,highlander,8,exact,Highlander,MPV,Highlander,,2001-2026,true
2023,toyota,toyota,corolla,6,exact,Corolla,Passenger Car,Corolla Hatchback,,1990-2026,true
2023,toyota,toyota,prius,5,exact,Prius,Passenger Car,Prius,,2001-2026,true
2015,mercedes-benz,mercedesbenz,gle,5,none,,,,,2016-2026,true
2023,volkswagen,volkswagen,atlas,7,exact,Atlas,MPV,Atlas,,2018-2026,true
2014,volvo,volvo,xc60,5,exact,XC60,Passenger Car,XC60 FWD,,2009-2026,true
2014,volvo,volvo,xc90,5,exact,XC90,Passenger Car,XC90 FWD,,2003-2014 2016-2026,true
2016,toyota,toyota,prius-plug-in,1,exact,Prius,Passenger Car,Prius v,,2001-2026,true
2005,scion,scion,tc,3,exact,,,tC,,2005-2016,true
2023,volkswagen,volkswagen,tiguan,6,exact,Tiguan,MPV,Tiguan 4motion,,2009-2026,true
2017,toyota,toyota,prius-plug-in,1,exact,Prius,Passenger Car,Prius v,,2001-2026,true
2019,toyota,toyota,prius-plug-in,1,exact,Prius,Passenger Car,Prius c,,2001-2026,true
2013,volvo,volvo,s60,5,exact,S60,Passenger Car,S60 AWD,,2001-2009 2011-2025,true
2007,toyota,toyota,xa,1,none,,,,,2004-2006,true
2015,toyota,toyota,venza,1,exact,Venza,MPV,Venza,,2009-2017 2021-2024,true
2021,toyota,toyota,venza,1,exact,Venza,MPV,Venza AWD,,2009-2017 2021-2024,true
2023,toyota,toyota,venza,1,exact,Venza,MPV,Venza AWD,,2009-2017 2021-2024,true
2024,toyota,toyota,venza,1,exact,Venza,MPV,Venza AWD,,2009-2017 2021-2024,true
2015,lamborghini,lamborghini,aventador,1,exact,Aventador,Passenger Car,Aventador Coupe,,2011-2022,true
2025,toyota,toyota,venza,1,none,,,,,2009-2017 2021-2024,true
1996,subaru,subaru,outback,7,exact,Legacy,Passenger Car,Legacy,,1990-2026,true
1999,volkswagen,volkswagen,cabrio,1,exact,Cabrio,Passenger Car,Cabrio,,1990-1993 1995-2002,true
1993,volkswagen,volkswagen,golf,1,exact,Golf,Passenger Car,Golf III / GTI,,1990-2026,true
1992,volkswagen,volkswagen,jetta,1,exact,Jetta,Passenger Car,Jetta,,1990-2026,true
1994,volkswagen,volkswagen,jetta,1,exact,Jetta,Passenger Car,Jetta III,,1990-2026,true
1996,volkswagen,volkswagen,jetta,1,exact,Jetta,Passenger Car,Jetta,,1990-2026,true
2016,lamborghini,lamborghini,huracan,1,exact,Huracan,Passenger Car,Huracan,,2015-2024,true
2017,lamborghini,lamborghini,huracan,1,exact,Huracan,Passenger Car,Huracan,,2015-2024,true
2019,lamborghini,lamborghini,huracan,1,exact,Huracan,Passenger Car,Huracan Spyder,,2015-2024,true
2021,lamborghini,lamborghini,huracan,1,exact,Huracan,Passenger Car,Huracan,,2015-2024,true
2022,lamborghini,lamborghini,huracan,1,exact,Huracan,Passenger Car,Huracan Spyder,,2015-2024,true
2023,lamborghini,lamborghini,huracan,1,exact,Huracan,Passenger Car,Huracan Coupe,,2015-2024,true
2019,lamborghini,lamborghini,urus,1,exact,URUS,MPV,Urus,,2019-2026,true
2020,lamborghini,lamborghini,urus,1,exact,URUS,MPV,Urus,,2019-2026,true
2026,lamborghini,lamborghini,urus,1,exact,URUS,MPV,Urus SE,,2019-2026,true
2014,chevrolet,chevrolet,suburban,1,exact,Suburban,MPV,Suburban C10 2WD,,1990-2026,true
2001,plymouth,plymouth,prowler,1,exact,Prowler,Passenger Car,Prowler,,1997 1999-2002,true
2025,lamborghini,lamborghini,urus,1,exact,URUS,MPV,Urus SE,,2019-2026,true
2022,lamborghini,lamborghini,urus,1,exact,URUS,MPV,Urus,,2019-2026,true
2021,lamborghini,lamborghini,urus,1,exact,URUS,MPV,Urus,,2019-2026,true
2010,volvo,volvo,xc90,5,exact,XC90,Passenger Car,XC90 FWD,,2003-2014 2016-2026,true
1991,acura,acura,integra,1,exact,Integra,Passenger Car,Integra,,1990-2001 2023-2026,true
1995,acura,acura,legend,1,exact,Legend,Passenger Car,Legend,,1990-1995,true
2015,volvo,volvo,v60,1,exact,V60,Passenger Car,V60 AWD,,2015-2026,true
2017,volvo,volvo,v60,1,exact,V60,MPV,V60 FWD,,2015-2026,true
2015,land rover,landrover,defender,1,none,,,,,1993-1995 1997 2020-2026,true
1999,honda,honda,prelude,1,exact,Prelude,Passenger Car,Prelude,,1990-2001 2026,true
1999,hyundai,hyundai,accent,1,exact,Accent,Passenger Car,Accent,,1995-2022,true
1992,hyundai,hyundai,elantra,1,exact,Elantra,Passenger Car,J-Car/Elantra,,1992-2026,true
2001,land rover,landrover,defender,1,none,,,,,1993-1995 1997 2020-2026,true
2011,land rover,landrover,defender,1,none,,,,,1993-1995 1997 2020-2026,true
1999,hyundai,hyundai,tiburon,1,exact,Tiburon,Passenger Car,Tiburon,,1997-2008,true
2002,bmw,bmw,z4,1,none,,,,,1998-2001 2003-2016 2019-2026,true
2008,dodge,dodge,durango,1,exact,Durango,MPV,Durango 2WD,,1995-2009 2011-2026,true
1993,infiniti,infiniti,g20,1,exact,G20,Passenger Car,G20,,1991-1996 1999-2002,true
1995,infiniti,infiniti,g20,1,exact,G20,Passenger Car,G20,,1991-1996 1999-2002,true
1996,infiniti,infiniti,g20,1,exact,G20,Passenger Car,G20,,1991-1996 1999-2002,true
1999,infiniti,infiniti,g20,1,exact,G20,Passenger Car,G20,,1991-1996 1999-2002,true
1997,infiniti,infiniti,i30,1,exact,I30,Passenger Car,I30,,1996-2001,true
1997,infiniti,infiniti,q45,1,exact,Q45,Passenger Car,Q45,,1990-2007,true
1998,infiniti,infiniti,q45,1,exact,Q45,Passenger Car,Q45,,1990-2007,true
2022,volkswagen,volkswagen,gti,4,exact,Golf GTI,Passenger Car,GTI,,1990-2026,true
2019,volkswagen,volkswagen,jetta,6,exact,Jetta,Passenger Car,Jetta,,1990-2026,true
1993,infiniti,infiniti,q45,1,exact,Q45,Passenger Car,Q45,,1990-2007,true
1994,infiniti,infiniti,q45,1,exact,Q45,Passenger Car,Q45,,1990-2007,true
1999,isuzu,isuzu,amigo,1,exact,Rodeo/Amigo,MPV,Amigo 2WD,,1990-1994 1998-2000,true
1997,isuzu,isuzu,oasis,1,exact,Oasis,MPV,Oasis,,1996-1999,true
1998,isuzu,isuzu,oasis,1,exact,Oasis,MPV,Oasis,,1996-1999,true
1999,lexus,lexus,gs300,1,exact,GS,Passenger Car,GS 300/GS 400,,1993-2020,true
1991,lexus,lexus,ls400,1,exact,LS,Passenger Car,LS 400,,1990-2026,true
1992,lexus,lexus,sc400,1,exact,SC,Passenger Car,SC 300/SC 400,,1992-2010,true
1993,lexus,lexus,sc400,1,exact,SC,Passenger Car,SC 300/SC 400,,1992-2010,true
2018,volkswagen,volkswagen,e-golf,2,exact,Golf,Passenger Car,Golf R,,1990-2026,true
2021,volkswagen,volkswagen,passat,5,exact,Passat,Passenger Car,Passat,,1990-2022,true
2022,volkswagen,volkswagen,passat,5,exact,Passat,Passenger Car,Passat,,1990-2022,true
2024,rolls-royce,rollsroyce,cullinan,1,exact,Cullinan,MPV,Cullinan,,2019-2026,true
2020,ford,ford,fiesta,1,none,,,,,2011-2019,true
2001,toyota,toyota,prius,5,exact,Prius,Passenger Car,Prius,,2001-2026,true
2022,volkswagen,volkswagen,tiguan,6,exact,Tiguan,MPV,Tiguan,,2009-2026,true
2015,jaguar,jaguar,f-pace,1,none,,,,,2017-2026,true
2019,volkswagen,volkswagen,tiguan,6,exact,Tiguan,MPV,Tiguan,,2009-2026,true
2021,volkswagen,volkswagen,atlas,7,exact,Atlas,MPV,Atlas,,2018-2026,true
2012,volkswagen,volkswagen,gti,4,exact,GTI,Passenger Car,Golf,,1990-2026,true
2025,bmw,bmw,x4,1,exact,X4,MPV,X4 xDrive30i,,2015-2025,true
2001,volvo,volvo,s60,5,exact,S60,Passenger Car,S60,,2001-2009 2011-2025,true
2015,volkswagen,volkswagen,gti,4,exact,GTI,Passenger Car,GTI,,1990-2026,true
2019,volkswagen,volkswagen,gti,4,exact,Golf GTI,Passenger Car,e-Golf,,1990-2026,true
2021,volkswagen,volkswagen,gti,4,exact,Golf GTI,Passenger Car,GTI,,1990-2026,true
2000,bmw,bmw,m3,1,none,,,,,1990-1991 1995-1999 2001-2006 2008-2013 2015-2018 2020-2026,true
1998,mazda,mazda,b2300,1,exact,B-Series,Truck,B2500/B3000/B4000 2WD,,1990-2010,true
1999,mazda,mazda,b2300,1,exact,B-Series,Truck,B3000 FFV 2WD,,1990-2010,true
1992,buick,buick,roadmaster,1,exact,Roadmaster,Passenger Car,Roadmaster Wagon,,1990-1996,true
1999,mazda,mazda,b3000,1,exact,B-Series,Truck,B3000 FFV 2WD,,1990-2010,true
1999,mazda,mazda,b4000,1,exact,B-Series,Truck,B3000 FFV 2WD,,1990-2010,true
2017,hyundai,hyundai,veloster,1,exact,Veloster,Passenger Car,Veloster,,2012-2022,true
1993,buick,buick,roadmaster,1,exact,Roadmaster,Passenger Car,Roadmaster,,1990-1996,true
2002,bmw,bmw,m5,1,exact,M5,Passenger Car,M5,,1991-1993 2000-2003 2006-2010 2013-2023 2025-2026,true
1993,mazda,mazda,mpv,1,exact,MPV,MPV,MPV,,1990-2006,true
1994,buick,buick,roadmaster,1,exact,Roadmaster,Passenger Car,Roadmaster,,1990-1996,true
2008,hummer,hummer,h2,1,exact,H2,MPV,,,2003-2010,true
1994,mazda,mazda,mpv,1,exact,MPV,MPV,MPV,,1990-2006,true
1995,mazda,mazda,mpv,1,exact,MPV,MPV,MPV,,1990-2006,true
1998,mazda,mazda,mpv,1,exact,MPV,MPV,MPV,,1990-2006,true
2018,audi,audi,q3-quattro,2,exact,Q3,MPV,Q3 quattro,,2015-2026,true
2014,subaru,subaru,tribeca,1,exact,,,Tribeca AWD,,2006-2014,true
2025,subaru,subaru,solterra,1,exact,Solterra,MPV,Solterra AWD,,2023-2026,true
2012,volkswagen,volkswagen,touareg,1,exact,Touareg,MPV,Touareg,,2004-2018,true
2014,volkswagen,volkswagen,touareg,1,exact,Touareg,MPV,Touareg,,2004-2018,true
2015,volkswagen,volkswagen,touareg,1,exact,Touareg,MPV,Touareg,,2004-2018,true
2016,volkswagen,volkswagen,touareg,1,exact,Touareg,MPV,Touareg,,2004-2018,true
2008,volkswagen,volkswagen,touareg,1,exact,Touareg,MPV,Touareg,,2004-2018,true
2012,saab,saab,9-5,1,exact,9-5,Passenger Car,9-5 Sedan,,1999-2012,true
2016,volkswagen,volkswagen,jetta-gli,1,exact,Jetta,Passenger Car,Jetta,,1990-2026,true
2017,volkswagen,volkswagen,jetta-gli,1,exact,Jetta,Passenger Car,Jetta,,1990-2026,true
2019,volkswagen,volkswagen,jetta-gli,1,exact,Jetta,Passenger Car,Jetta,,1990-2026,true
2020,volkswagen,volkswagen,jetta-gli,1,exact,Jetta,Passenger Car,Jetta,,1990-2026,true
2021,volkswagen,volkswagen,jetta-gli,1,exact,Jetta,Passenger Car,Jetta GLI,,1990-2026,true
2022,volkswagen,volkswagen,jetta-gli,1,exact,Jetta,Passenger Car,GLI,,1990-2026,true
1994,mazda,mazda,mx-6,1,exact,MX-6,Passenger Car,MX-6,,1990-1997,true
2018,lexus,lexus,gx460,3,exact,GX,MPV,GX 460,,2003-2026,true
2008,chevrolet,chevrolet,silverado-2500,1,exact,Silverado,Truck,Silverado C15 2WD,,1999-2026,true
1992,chevrolet,chevrolet,camaro,1,exact,Camaro,Passenger Car,Camaro,,1990-2002 2010-2024,true
1995,mazda,mazda,miata,1,exact,MX-5,Passenger Car,MX-5 Miata,,1990-1997 1999-2026,true
1996,mazda,mazda,miata,1,exact,MX-5,Passenger Car,MX-5 Miata,,1990-1997 1999-2026,true
1999,mazda,mazda,miata,1,exact,MX-5,Passenger Car,MX-5 Miata,,1990-1997 1999-2026,true
2018,bmw,bmw,i3s,2,exact,i3,Passenger Car,i3 (94Ah) with Range Extender,,2014-2021,true
1996,mazda,mazda,protege,1,exact,Protege,Passenger Car,Protege,,1990-2003,true
1993,nissan,nissan,300zx,1,exact,300ZX,Passenger Car,300ZX,,1990-1996,true
1995,nissan,nissan,altima,1,exact,Altima,Passenger Car,Altima / Stanza,,1993-2026,true
1996,nissan,nissan,altima,1,exact,Altima,Passenger Car,Altima / Stanza,,1993-2026,true
1997,nissan,nissan,altima,1,exact,Altima,Passenger Car,Altima / Stanza,,1993-2026,true
1999,nissan,nissan,frontier,1,exact,Frontier,Truck,Frontier 2WD,,1998-2026,true
2018,nissan,nissan,gt-r,4,exact,GT-R,Passenger Car,GT-R,,2009-2024,true
1991,nissan,nissan,pathfinder,1,exact,Pathfinder,MPV,Pathfinder 2WD,,1990-2026,true
1990,nissan,nissan,pickup,1,exact,Pickup,Truck,Hardbody 2WD,,1990-1997,true
1992,nissan,nissan,pickup,1,exact,Pickup,Truck,Truck 2WD,,1990-1997,true
1998,nissan,nissan,quest,1,exact,Quest,MPV,Quest,,1993-2009 2011-2017,true
1998,subaru,subaru,impreza,1,exact,Impreza,Passenger Car,Impreza AWD,,1993-2026,true
1992,dodge,dodge,grand-caravan,1,exact,Caravan,Truck,Caravan C/V/Grand Caravan 2WD,,1990-2023,true
1998,dodge,dodge,grand-caravan,1,exact,Caravan/Grand Caravan,MPV,Caravan/Grand Caravan 2WD,,1990-2023,true
1999,subaru,subaru,impreza,1,exact,Impreza,Passenger Car,Impreza AWD,,1993-2026,true
1997,dodge,dodge,grand-caravan,1,exact,Caravan/Grand Caravan,MPV,Caravan/Grand Caravan 2WD,,1990-2023,true
1995,suzuki,suzuki,sidekick,1,exact,Sidekick,MPV,,,1990-1998,true
2005,mercedes-benz,mercedesbenz,sl-class-amg,2,exact,SL-Class,Passenger Car,SL500,,1990-2009 2011-2026,true
2018,mercedes-benz,mercedesbenz,e63-amg-s,1,family,E-Class,Passenger Car,E400 Coupe,,1990-2026,true
1994,suzuki,suzuki,swift,1,exact,Swift,Passenger Car,Swift,,1990-2001 2004-2008 2010-2011,true
2020,maserati,maserati,ghibli,1,exact,Ghibli,Passenger Car,Ghibli SQ4,,2014-2024,true
2019,maserati,maserati,ghibli,1,exact,Ghibli,Passenger Car,Ghibli  V6 RWD,,2014-2024,true
1990,toyota,toyota,celica,1,exact,Celica,Passenger Car,Celica Convertible,,1990-2006,true
1991,toyota,toyota,celica,1,exact,Celica,Passenger Car,Celica Convertible,,1990-2006,true
2020,toyota,toyota,c-hr,1,exact,C-HR,Passenger Car,C-HR,,2018-2022 2026,true
2013,maserati,maserati,granturismo,1,exact,Granturismo,Passenger Car,GranTurismo,,2008-2026,true
2015,maserati,maserati,granturismo,1,exact,Granturismo,Passenger Car,GranTurismo,,2008-2026,true
2016,maserati,maserati,granturismo,1,exact,Granturismo,Passenger Car,GranTurismo,,2008-2026,true
2023,maserati,maserati,granturismo,1,exact,Granturismo,Passenger Car,,,2008-2026,true
2024,maserati,maserati,granturismo,1,exact,Granturismo,Passenger Car,GranTurismo Trofeo,,2008-2026,true
2021,toyota,toyota,gr-supra,2,exact,Supra,Passenger Car,GR Supra,,1990-1998 2020-2026,true
2022,toyota,toyota,gr-supra,2,exact,Supra,Passenger Car,GR Supra,,1990-1998 2020-2026,true
2025,maserati,maserati,granturismo,1,exact,Granturismo,Passenger Car,Granturismo Folgore,,2008-2026,true
2009,maserati,maserati,granturismo,1,exact,Granturismo,Passenger Car,GranTurismo,,2008-2026,true
2019,maserati,maserati,quattroporte,1,exact,Quattroporte,Passenger Car,Quattroporte SQ4 V6,,1990-1991 2005-2024,true
2021,maserati,maserati,quattroporte,1,exact,Quattroporte,Passenger Car,Quattroporte Trofeo,,1990-1991 2005-2024,true
2022,maserati,maserati,quattroporte,1,exact,Quattroporte,Passenger Car,Quattroporte Trofeo,,1990-1991 2005-2024,true
1991,mazda,mazda,626,1,exact,626,Passenger Car,626/MX-6,,1990-2002,true
1992,mazda,mazda,626,1,exact,626,Passenger Car,626/MX-6,,1990-2002,true
1990,mazda,mazda,929,1,exact,929,Passenger Car,929,,1990-1996,true
1992,mazda,mazda,929,1,exact,929,Passenger Car,929,,1990-1996,true
1993,mazda,mazda,929,1,exact,929,Passenger Car,929,,1990-1996,true
1994,mazda,mazda,929,1,exact,929,Passenger Car,929,,1990-1996,true
2015,mazda,mazda,cx-9,1,exact,CX-9,MPV,CX-9 2WD,,2007-2023,true
1995,mazda,mazda,929,1,exact,929,Passenger Car,929,,1990-1996,true
1999,toyota,toyota,sienna,1,exact,Sienna,MPV,Sienna 2WD,,1995-2026,true
1998,toyota,toyota,celica,1,exact,Celica,Passenger Car,Celica Convertible,,1990-2006,true
1999,toyota,toyota,celica,1,exact,Celica,Passenger Car,Celica Convertible,,1990-2006,true
1992,toyota,toyota,supra,1,exact,Supra,Passenger Car,Supra,,1990-1998 2020-2026,true
1996,toyota,toyota,supra,1,exact,Supra,Passenger Car,Supra,,1990-1998 2020-2026,true
1991,toyota,toyota,supra,1,exact,Supra,Passenger Car,Supra,,1990-1998 2020-2026,true
2022,toyota,toyota,supra,8,exact,Supra,Passenger Car,GR Supra,,1990-1998 2020-2026,true
2020,toyota,toyota,supra,4,exact,Supra,Passenger Car,GR Supra,,1990-1998 2020-2026,true
2005,bmw,bmw,m5,2,none,,,,,1991-1993 2000-2003 2006-2010 2013-2023 2025-2026,true
2024,toyota,toyota,supra,8,exact,Supra,Passenger Car,GR Supra,,1990-1998 2020-2026,true
2000,hyundai,hyundai,tiburon,1,exact,Tiburon,Passenger Car,Tiburon,,1997-2008,true
1997,toyota,toyota,tercel,1,exact,Tercel,Passenger Car,Tercel,,1990-1999,true
1998,toyota,toyota,tercel,1,exact,Tercel,Passenger Car,Tercel,,1990-1999,true
1999,toyota,toyota,tercel,1,exact,Tercel,Passenger Car,Tercel,,1990-1999,true
2018,buick,buick,enclave,4,exact,Enclave,MPV,Enclave FWD,,2007-2026,true
1991,toyota,toyota,tercel,1,exact,Tercel,Passenger Car,Tercel,,1990-1999,true
2013,ram,ram,promaster-1500,1,none,,,,,2014-2026,true
1998,oldsmobile,oldsmobile,intrigue,1,exact,Intrigue,Passenger Car,Intrigue,,1998-2002,true
2023,nissan,nissan,titan-xd,4,exact,Titan,Truck,Titan 2WD,,2002-2024,true
2018,ford,ford,expedition,8,exact,Expedition,MPV,Expedition 2WD,,1997-2026,true
1997,buick,buick,regal,1,exact,Regal,Passenger Car,Regal/Century,,1990-2004 2011-2020,true
1998,buick,buick,regal,1,exact,Regal,Passenger Car,Regal,,1990-2004 2011-2020,true
2024,nissan,nissan,frontier,7,exact,Frontier,Truck,Frontier 2WD,,1998-2026,true
2008,hummer,hummer,h3,1,exact,H3,MPV,H3 4WD,,2006-2010,true
2009,hummer,hummer,h3,1,exact,H3,MPV,H3T 4WD,,2006-2010,true
1999,buick,buick,regal,1,exact,Regal,Passenger Car,Regal,,1990-2004 2011-2020,true
2026,bmw,bmw,x4,1,none,,,,,2015-2025,true
2000,buick,buick,regal,1,exact,Regal,Passenger Car,Regal,,1990-2004 2011-2020,true
2013,toyota,toyota,venza,1,exact,Venza,MPV,Venza,,2009-2017 2021-2024,true
2019,bmw,bmw,x5-m,1,exact,X5,MPV,X5 xDrive40i,,2000-2026,true
1997,bmw,bmw,z3,1,exact,Z3,Passenger Car,Z3 Roadster,,1996-2002,true
1990,bmw,bmw,3-series,2,exact,325i,Passenger Car,325i Convertible,,1990-2026,true
2004,chevrolet,chevrolet,avalanche-2500,2,exact,Avalanche,MPV,Avalanche 1500 2WD,,2002-2013,true
1993,bmw,bmw,5-series,2,exact,535i,Passenger Car,525i Touring,,1990-1995 1997-2026,true
1999,bmw,bmw,7-series,1,exact,740i,Passenger Car,740i,,1990-2026,true
2025,ford,ford,focus,1,none,,,,,2000-2018,true
2022,mazda,mazda,mx-5,1,exact,MX-5,Passenger Car,MX-5,,1990-1997 1999-2026,true
2020,mclaren,mclaren,gt,1,exact,GT,Passenger Car,GT,,2017-2023,true
2022,mclaren,mclaren,720s,1,exact,720S,Passenger Car,720S Coupe,,2017-2023,true
2023,mclaren,mclaren,720s,1,exact,720S,Passenger Car,,,2017-2023,true
2023,mclaren,mclaren,artura,1,exact,Artura,Passenger Car,Artura,,2023-2026,true
2024,mclaren,mclaren,artura,1,exact,Artura,Passenger Car,,,2023-2026,true
2000,bmw,bmw,z8,1,exact,,,Z8,,2000-2003,true
2022,mclaren,mclaren,gt,1,exact,GT,Passenger Car,GT,,2017-2023,true
2023,mclaren,mclaren,gt,1,exact,GT,Passenger Car,,,2017-2023,true
2024,bmw,bmw,m2,1,exact,M2,Passenger Car,M2 Coupe,,2014-2026,true
2026,bmw,bmw,m2,1,exact,M2,Passenger Car,M2 Coupe,,2014-2026,true
2018,mercedes-benz,mercedesbenz,glc350e,1,exact,GLC-Class,MPV,GLC350e 4matic,,2016-2026,true
2003,bmw,bmw,m-roadster,1,family,Z4,Passenger Car,Z4 Roadster,,1996-2016 2019-2026,true
1997,audi,audi,a3,1,none,,,,,2006-2013 2015-2020 2022-2026,true
1998,pontiac,pontiac,firebird,1,exact,Firebird,Passenger Car,Firebird/Formula,,1990-2002,true
2011,toyota,toyota,venza,1,exact,Venza,MPV,Venza,,2009-2017 2021-2024,true
2022,volkswagen,volkswagen,golf,4,exact,Golf R,Passenger Car,GTI,,1990-2026,true
2018,bentley,bentley,mulsanne,2,exact,Mulsanne,Passenger Car,Mulsanne,,1990-1992 2011-2020,true
2018,volkswagen,volkswagen,gti,3,exact,Golf GTI,Passenger Car,Golf R,,1990-2026,true
2022,volkswagen,volkswagen,id.4,6,exact,ID.4,MPV,ID.4 AWD Pro,,2021-2026,true
1996,lexus,lexus,lx,5,exact,LX,MPV,LX 450,,1996-2026,true
2018,volkswagen,volkswagen,golf-r,1,exact,Golf,Passenger Car,Golf R,,1990-2026,true
2000,porsche,porsche,boxster,5,exact,Boxster,Passenger Car,Boxster,,1997-2025,true
1990,toyota,toyota,land-cruiser,1,exact,Land Cruiser,MPV,Land Cruiser Wagon 4WD,,1990-2021 2024-2026,true
2021,bmw,bmw,2-series,1,exact,228i,Passenger Car,230i xDrive Coupe,,2014-2026,true
2023,bmw,bmw,x7,1,exact,X7,MPV,X7 xDrive40i,,2019-2026,true
2023,bmw,bmw,x2,1,exact,X2,MPV,X2 M35i,,2018-2026,true
1991,ford,ford,e-350-econoline,1,exact,E-150,MPV,E150 Econoline 2WD,,1990-2014,true
2009,bmw,bmw,x6,3,exact,X6,MPV,X6 xDrive35i,,2008-2026,true
2023,bmw,bmw,x4,1,exact,X4,MPV,X4 xDrive30i,,2015-2025,true
2009,dodge,dodge,journey,1,exact,Journey,MPV,Journey  2WD,,2009-2023,true
2013,dodge,dodge,journey,1,exact,Journey,MPV,Journey FWD,,2009-2023,true
2012,ford,ford,e-350-econoline,1,exact,E-150,MPV,E350 Van,,1990-2014,true
2003,pontiac,pontiac,grand-am,1,exact,Grand AM,Passenger Car,Grand Am,,1990-2005,true
1995,bmw,bmw,m5,1,none,,,,,1991-1993 2000-2003 2006-2010 2013-2023 2025-2026,true
2004,pontiac,pontiac,grand-am,1,exact,Grand AM,Passenger Car,Grand Am,,1990-2005,true
2006,buick,buick,regal,1,none,,,,,1990-2004 2011-2020,true
2019,cadillac,cadillac,ct6-v,1,exact,CT6,Passenger Car,CT6 AWD,,2016-2020,true
2026,audi,audi,sq5,1,exact,SQ5,MPV,SQ5,,2014-2026,true
2017,dodge,dodge,journey,1,exact,Journey,Truck,Journey,,2009-2023,true
2015,dodge,dodge,journey,1,exact,Journey,Truck,Journey FWD,,2009-2023,true
2024,bmw,bmw,x7,1,exact,X7,MPV,X7 xDrive40i,,2019-2026,true
2014,bmw,bmw,x1,3,exact,X1,Passenger Car,X1 xDrive35i,,2012-2026,true
2001,geo,geo,prizm,1,crossmake,Geo Prizm,Passenger Car,Prizm,chevrolet,1990-2002,false
2000,geo,geo,metro,1,crossmake,Metro,Passenger Car,Metro,chevrolet,1990-2001,false
2012,bmw,bmw,x6,3,exact,X6,MPV,X6 xDrive35i,,2008-2026,true
1993,suzuki,suzuki,samurai,1,exact,Samurai,MPV,Samurai 2WD,,1990-1996,true
2004,mazda,mazda,mazda6,4,exact,Mazda6,Passenger Car,6,,2003-2026,true
1996,chevrolet,chevrolet,impala,4,exact,,,Caprice/Impala,,1994-1996 2000-2020,true
2023,mercedes,mercedesbenz,cla-class,1,exact,CLA-Class,Passenger Car,CLA250 4matic,,2014-2026,true
2025,mercedes,mercedesbenz,cla-class,1,exact,CLA-Class,Passenger Car,AMG CLA35 4matic,,2014-2026,true
1995,toyota,toyota,corolla,1,exact,Corolla,Passenger Car,Corolla,,1990-2026,true
2025,mercedes,mercedesbenz,c-class-amg,1,exact,C-Class,Passenger Car,C300,,1994-2026,true
2026,mercedes,mercedesbenz,c-class-amg,1,exact,C-Class,Passenger Car,C300,,1994-2026,true
2003,hyundai,hyundai,xg350,1,exact,XG350,Passenger Car,XG350,,2001-2005,true
2023,subaru,subaru,solterra,1,exact,Solterra,MPV,Solterra AWD,,2023-2026,true
2024,subaru,subaru,solterra,1,exact,Solterra,MPV,Solterra AWD,,2023-2026,true
2022,subaru,subaru,solterra,1,none,,,,,2023-2026,true
1998,buick,buick,skylark,1,exact,Skylark,Passenger Car,Skylark,,1990-1998,true
2009,subaru,subaru,tribeca,1,exact,,,Tribeca AWD,,2006-2014,true
2010,subaru,subaru,tribeca,1,exact,,,Tribeca AWD,,2006-2014,true
2026,bmw,bmw,x5,1,exact,X5,MPV,X5 sDrive40i,,2000-2026,true
1997,oldsmobile,oldsmobile,cutlass,1,exact,Cutlass,Passenger Car,Cutlass,,1990-1999,true
1999,oldsmobile,oldsmobile,cutlass,1,exact,Cutlass,Passenger Car,Cutlass,,1990-1999,true
1993,buick,buick,century,1,exact,Century,Passenger Car,Century,,1990-2005,true
1994,buick,buick,century,1,exact,Century,Passenger Car,Century,,1990-2005,true
1996,buick,buick,riviera,1,exact,Riviera,Passenger Car,Riviera,,1990-1993 1995-1999,true
1997,buick,buick,riviera,1,exact,Riviera,Passenger Car,Riviera,,1990-1993 1995-1999,true
1998,buick,buick,riviera,1,exact,Riviera,Passenger Car,Riviera,,1990-1993 1995-1999,true
1995,buick,buick,roadmaster,1,exact,Roadmaster,Passenger Car,Roadmaster,,1990-1996,true
1996,buick,buick,roadmaster,1,exact,Roadmaster,Passenger Car,Roadmaster,,1990-1996,true
1992,buick,buick,skylark,1,exact,Skylark,Passenger Car,Skylark,,1990-1998,true
2018,chevrolet,chevrolet,traverse,6,exact,Traverse,MPV,Traverse FWD,,2009-2026,true
2002,hyundai,hyundai,xg350,1,exact,XG350,Passenger Car,XG350,,2001-2005,true
2004,hyundai,hyundai,xg350,1,exact,XG350,Passenger Car,XG350,,2001-2005,true
2010,buick,buick,regal,1,none,,,,,1990-2004 2011-2020,true
2003,chevrolet,chevrolet,monte-carlo,1,exact,Monte Carlo,Passenger Car,Monte Carlo,,1995-2007,true
1996,chevrolet,chevrolet,camaro,2,exact,Camaro,Passenger Car,Camaro,,1990-2002 2010-2024,true
1992,cadillac,cadillac,seville,1,exact,Seville,Passenger Car,Seville,,1990-2004,true
1993,cadillac,cadillac,seville,1,exact,Seville,Passenger Car,Seville,,1990-2004,true
1994,cadillac,cadillac,seville,1,exact,Seville,Passenger Car,Seville,,1990-2004,true
1996,cadillac,cadillac,seville,1,exact,Seville,Passenger Car,Seville,,1990-2004,true
1994,cadillac,cadillac,deville,1,exact,Deville,Passenger Car,DeVille/Concourse,,1990-2005,true
1995,cadillac,cadillac,deville,1,exact,Deville,Passenger Car,DeVille/Concourse,,1990-2005,true
1993,cadillac,cadillac,fleetwood,1,exact,Fleetwood,Passenger Car,Fleetwood,,1990-1996,true
1990,cadillac,cadillac,fleetwood,1,exact,Fleetwood,Passenger Car,Fleetwood/DeVille,,1990-1996,true
1991,cadillac,cadillac,fleetwood,1,exact,Fleetwood,Passenger Car,Fleetwood/DeVille,,1990-1996,true
1998,cadillac,cadillac,seville,1,exact,Seville,Passenger Car,Seville,,1990-2004,true
1999,cadillac,cadillac,seville,1,exact,Seville,Passenger Car,Seville,,1990-2004,true
2018,acura,acura,mdx,3,exact,MDX,MPV,MDX FWD,,2001-2026,true
1990,buick,buick,regal,1,exact,Regal,Passenger Car,Regal,,1990-2004 2011-2020,true
1991,buick,buick,regal,1,exact,Regal,Passenger Car,Regal,,1990-2004 2011-2020,true
1992,buick,buick,regal,1,exact,Regal,Passenger Car,Regal,,1990-2004 2011-2020,true
1993,buick,buick,regal,1,exact,Regal,Passenger Car,Regal,,1990-2004 2011-2020,true
1994,buick,buick,regal,1,exact,Regal,Passenger Car,Regal,,1990-2004 2011-2020,true
1995,buick,buick,regal,1,exact,Regal,Passenger Car,Regal,,1990-2004 2011-2020,true
1996,buick,buick,regal,1,exact,Regal,Passenger Car,Regal,,1990-2004 2011-2020,true
2021,buick,buick,regal,1,none,,,,,1990-2004 2011-2020,true
2023,buick,buick,regal,1,none,,,,,1990-2004 2011-2020,true
2025,mazda,mazda,cx-90,1,exact,CX-90,MPV,CX-90 4WD,,2024-2026,true
1990,chevrolet,chevrolet,camaro,1,exact,Camaro,Passenger Car,Camaro,,1990-2002 2010-2024,true
1991,chevrolet,chevrolet,c1500,1,exact,GMT-400,MPV,K1500 Pickup 4WD,,1990-2026,true
1993,chevrolet,chevrolet,c2500,1,exact,GMT-400,Truck,C2500 Pickup 2WD,,1990-2026,true
1994,chevrolet,chevrolet,c2500,1,exact,GMT-400,MPV,,,1990-2026,true
1997,chevrolet,chevrolet,c2500,1,exact,GMT-400,Truck,,,1990-2026,true
1998,chevrolet,chevrolet,c2500,1,exact,GMT-400,Truck,,,1990-2026,true
2012,hyundai,hyundai,veracruz,1,exact,Veracruz,MPV,Veracruz 2WD,,2007-2013,true
1990,chevrolet,chevrolet,k2500,1,exact,GMT-400,Truck,C2500 Pickup 2WD,,1990-2026,true
1991,chevrolet,chevrolet,k2500,1,exact,GMT-400,MPV,K2500 Pickup 4WD,,1990-2026,true
1992,chevrolet,chevrolet,k2500,1,exact,GMT-400,Truck,C2500 Pickup 2WD,,1990-2026,true
1994,chevrolet,chevrolet,k2500,1,exact,GMT-400,MPV,,,1990-2026,true
2018,gmc,gmc,acadia,4,exact,Acadia,MPV,Acadia FWD,,2007-2026,true
1994,chevrolet,chevrolet,c3500,1,exact,GMT-400,MPV,,,1990-2026,true
1995,chevrolet,chevrolet,c3500,1,exact,GMT-400,Truck,,,1990-2026,true
1996,chevrolet,chevrolet,c3500,1,exact,GMT-400,Truck,,,1990-2026,true
1997,chevrolet,chevrolet,c3500,1,exact,GMT-400,Truck,,,1990-2026,true
1998,chevrolet,chevrolet,c3500,1,exact,GMT-400,Truck,,,1990-2026,true
2003,toyota,toyota,mr2-roadster,1,exact,MR2,Passenger Car,MR2,,1991-1995 2000-2007,true
2002,toyota,toyota,mr2-roadster,1,exact,MR2,Passenger Car,MR2,,1991-1995 2000-2007,true
1990,chevrolet,chevrolet,beretta,1,exact,Beretta,Passenger Car,Beretta,,1990-1996,true
1991,chevrolet,chevrolet,beretta,1,exact,Beretta,Passenger Car,Beretta,,1990-1996,true
1991,chevrolet,chevrolet,corsica,1,exact,Corsica,Passenger Car,Corsica,,1990-1996,true
1992,chevrolet,chevrolet,corsica,1,exact,Corsica,Passenger Car,Corsica,,1990-1996,true
1993,chevrolet,chevrolet,corsica,1,exact,Corsica,Passenger Car,Corsica,,1990-1996,true
2011,toyota,toyota,prius-v,1,exact,Prius,Passenger Car,Prius,,2001-2026,true
1990,toyota,toyota,4runner,2,exact,4Runner,MPV,4Runner 2WD,,1990-2026,true
1991,mercedes,mercedesbenz,s-class,4,family,,,300SE,,1990-2026,true
2019,mercedes,mercedesbenz,gle-class-coupe,1,exact,GLE-Class,MPV,GLE400 4matic,,2016-2026,true
2025,mercedes,mercedesbenz,gle-class-coupe,1,exact,GLE-Class,MPV,GLE350 4matic,,2016-2026,true
2015,mercedes,mercedesbenz,gla-class,1,exact,GLA-Class,Passenger Car,GLA45 AMG 4matic,,2015-2026,true
2022,mercedes,mercedesbenz,gla-class,1,exact,GLA-Class,MPV,AMG GLA35 4matic,,2015-2026,true
2017,mercedes,mercedesbenz,gla-class,1,exact,GLA-Class,MPV,AMG GLA45 4matic,,2015-2026,true
2020,mercedes,mercedesbenz,gla-class,1,exact,GLA-Class,Passenger Car,GLA250,,2015-2026,true
2025,mercedes,mercedesbenz,cla-class-amg,1,exact,CLA-Class,Passenger Car,AMG CLA35 4matic,,2014-2026,true
2006,pontiac,pontiac,grand-prix,1,exact,Grand Prix,Passenger Car,Grand Prix,,1990-2008,true
2015,mercedes,mercedesbenz,gla-class-amg,1,exact,GLA-Class,Passenger Car,GLA45 AMG 4matic,,2015-2026,true
2017,mercedes,mercedesbenz,gla-class-amg,1,exact,GLA-Class,MPV,AMG GLA45 4matic,,2015-2026,true
2019,mercedes,mercedesbenz,gla-class-amg,1,exact,GLA-Class,Passenger Car,GLA250 4matic,,2015-2026,true
2017,mercedes,mercedesbenz,a-class-amg,1,none,,,,,2019-2022,true
2016,mercedes,mercedesbenz,c-class-amg,1,exact,C-Class,Passenger Car,AMG C63,,1994-2026,true
2017,mercedes,mercedesbenz,c-class-amg,1,exact,C-Class,MPV,C300 4matic Coupe,,1994-2026,true
1990,mercedes-benz,mercedesbenz,g-class,1,none,,,,,1999 2002-2026,true
2015,ram,ram,c/v,1,exact,Cargo Van,Truck,C/V Tradesman,,2012-2016,true
2016,ram,ram,c/v,1,exact,Cargo Van,MPV,,,2012-2016,true
2025,mercedes,mercedesbenz,gla-class-amg,1,exact,GLA-Class,MPV,AMG GLA35 4matic,,2015-2026,true
2025,mercedes,mercedesbenz,g-class-amg,1,exact,G-Class,MPV,G550,,1999 2002-2026,true
1998,chevrolet,chevrolet,corvette,2,exact,Corvette,Passenger Car,Corvette,,1990-2026,true
2019,kia,kia,stinger,1,exact,Stinger,Passenger Car,Stinger AWD,,2018-2023,true
2000,mercedes,mercedesbenz,slk-class-amg,1,exact,SLK-Class,Passenger Car,SLK230 Kompressor,,1998-2016,true
2020,volkswagen,volkswagen,atlas-cross-sport,1,exact,Atlas,MPV,Atlas Cross Sport,,2018-2026,true
2021,volkswagen,volkswagen,atlas-cross-sport,1,exact,Atlas,MPV,Atlas,,2018-2026,true
1995,chevrolet,chevrolet,corvette,1,exact,Corvette,MPV,Corvette,,1990-2026,true
2003,mercury,mercury,sable,1,exact,Sable,Passenger Car,Sable,,1990-2005 2008-2009,true
1996,mercury,mercury,sable,1,exact,Sable,Passenger Car,Sable,,1990-2005 2008-2009,true
2022,mercedes-benz,mercedesbenz,cls,3,exact,CLS-Class,Passenger Car,CLS450 4matic,,2005-2023,true
2023,mercedes-benz,mercedesbenz,cls,3,exact,CLS-Class,Passenger Car,CLS450 4matic,,2005-2023,true
2021,fiat,fiat,500,1,exact,,,500X AWD,,2012-2026,true
1999,lexus,lexus,rx,6,exact,RX,MPV,RX 300,,1999-2026,true
1999,porsche,porsche,boxster,5,exact,Boxster,Passenger Car,Boxster,,1997-2025,true
2000,mitsubishi,mitsubishi,chariot-grandis,1,none,,,,,,true
2023,mitsubishi,mitsubishi,mirage,1,exact,Mirage,Passenger Car,Mirage,,1990-2002 2014-2024,true
2018,volkswagen,volkswagen,jetta,6,exact,Jetta,Passenger Car,Jetta,,1990-2026,true
1998,subaru,subaru,forester,7,exact,Forester,Passenger Car,Forester AWD,,1998-2026,true
1998,subaru,subaru,outback,7,exact,Legacy,Passenger Car,Legacy,,1990-2026,true
1997,lexus,lexus,ls,4,exact,LS,Passenger Car,LS 400,,1990-2026,true
1997,porsche,porsche,boxster,5,exact,Boxster,Passenger Car,Boxster,,1997-2025,true
2023,kia,kia,stinger,1,exact,Stinger,Passenger Car,Stinger AWD,,2018-2023,true
1993,lexus,lexus,es,5,exact,ES,Passenger Car,ES 300,,1990-2026,true
1993,lexus,lexus,gs,5,exact,GS,Passenger Car,GS300,,1993-2020,true
1992,lexus,lexus,es,5,exact,ES,Passenger Car,ES 300,,1990-2026,true
1991,lexus,lexus,es,5,exact,ES,Passenger Car,ES 250,,1990-2026,true
1991,lexus,lexus,ls,4,exact,LS,Passenger Car,LS 400,,1990-2026,true
2015,porsche,porsche,918,1,exact,918,Passenger Car,918 Spyder,,2015,true
1995,chrysler,chrysler,sebring,1,exact,Sebring,Passenger Car,Sebring,,1995-2010,true
1996,chrysler,chrysler,sebring,1,exact,Sebring,Passenger Car,Sebring,,1995-2010,true
1993,chrysler,chrysler,concorde,1,exact,Concorde,Passenger Car,Concorde,,1993-2004,true
1994,chrysler,chrysler,concorde,1,exact,Concorde,Passenger Car,Concorde,,1993-2004,true
2018,bentley,bentley,continental,3,exact,Flying Spur,Passenger Car,Flying Spur,,1990-2026,true
1998,chrysler,chrysler,cirrus,1,exact,Cirrus,Passenger Car,Cirrus,,1995-2000 2006,true
1992,chrysler,chrysler,lebaron,1,exact,LeBaron,Passenger Car,LeBaron Convertible,,1990-1995,true
2007,lexus,lexus,gx,6,exact,GX,MPV,GX 470,,2003-2026,true
2017,ford,ford,edge,3,exact,Edge,MPV,Edge FWD,,2007-2024,true
1999,chrysler,chrysler,cirrus,1,exact,Cirrus,Passenger Car,Cirrus,,1995-2000 2006,true
1991,chrysler,chrysler,dynasty,1,exact,Dynasty,Passenger Car,,,1990-1993,true
2015,ford,ford,edge,3,exact,Edge,MPV,Edge FWD,,2007-2024,true
1992,chrysler,chrysler,dynasty,1,exact,Dynasty,Passenger Car,,,1990-1993,true
1993,chrysler,chrysler,dynasty,1,exact,Dynasty,Passenger Car,,,1990-1993,true
2024,ford,ford,edge,4,exact,Edge,MPV,Edge AWD,,2007-2024,true
2021,lexus,lexus,rc,1,exact,RC,Passenger Car,RC 300 AWD,,2015-2025,true
2021,ford,ford,edge,4,exact,Edge,MPV,Edge FWD,,2007-2024,true
1990,chrysler,chrysler,imperial,1,exact,Imperial,Passenger Car,New Yorker Fifth Avenue/Imperial,,1990-1993,true
1991,chrysler,chrysler,imperial,1,exact,Imperial,Passenger Car,New Yorker Fifth Avenue/Imperial,,1990-1993,true
1992,chrysler,chrysler,imperial,1,exact,Imperial,Passenger Car,Imperial/New Yorker Fifth Avenue,,1990-1993,true
2020,ford,ford,edge,4,exact,Edge,MPV,Edge FWD,,2007-2024,true
2012,tesla,tesla,model-s,2,exact,Model S,Passenger Car,Model S,,2012-2026,true
2010,infiniti,infiniti,qx50,6,family,EX35,Passenger Car,EX35,,2008-2017 2019-2025,true
2009,infiniti,infiniti,qx80,4,family,QX56,MPV,QX56 2WD,,2003-2026,true
2019,infiniti,infiniti,q60,5,exact,Q60,Passenger Car,Q60,,2014-2015 2017-2022,true
1994,chrysler,chrysler,voyager,1,none,,,,,1995-2005 2007-2009 2020-2026,true
1999,chrysler,chrysler,voyager,1,exact,Voyager,MPV,,,1995-2005 2007-2009 2020-2026,true
2026,volvo,volvo,xc90,1,exact,XC90,MPV,XC90 B6 AWD,,2003-2014 2016-2026,true
2005,volvo,volvo,s40,1,exact,S40,Passenger Car,S40 AWD,,1999-2011,true
2026,rivian,rivian,r1s,1,exact,R1S,MPV,R1S Dual Standard (22in),,2022-2026,true
2020,lincoln,lincoln,nautilus,4,exact,Nautilus,MPV,Nautilus FWD,,2019-2026,true
2003,bmw,bmw,x5,1,exact,X5,MPV,X5,,2000-2026,true
2001,bmw,bmw,x5,1,exact,X5,Passenger Car,X5,,2000-2026,true
2000,bmw,bmw,x5,1,exact,X5,Passenger Car,X5,,2000-2026,true
2006,bmw,bmw,x5,1,exact,X5,MPV,X5,,2000-2026,true
2004,bmw,bmw,x5,1,exact,X5,MPV,X5,,2000-2026,true
2001,dodge,dodge,caravan,3,exact,Caravan/Grand Caravan,MPV,Caravan/Grand Caravan 2WD,,1990-2023,true
2010,suzuki,suzuki,kizashi,1,exact,Kizashi,Passenger Car,Kizashi S,,2010-2013,true
2025,audi,audi,a7,1,exact,A7,Passenger Car,A7 quattro,,2012-2025,true
2005,dodge,dodge,caravan,3,exact,Caravan/Grand Caravan,MPV,Caravan/Grand Caravan 2WD,,1990-2023,true
2006,dodge,dodge,caravan,3,exact,Caravan/Grand Caravan,MPV,Caravan/Grand Caravan 2WD,,1990-2023,true
2002,dodge,dodge,caravan,3,exact,Caravan,Truck,Caravan/Grand Caravan 2WD,,1990-2023,true
2006,bmw,bmw,x3,1,exact,X3,MPV,X3,,2004-2026,true
2004,bmw,bmw,x3,1,exact,X3,Passenger Car,X3,,2004-2026,true
2008,bmw,bmw,x3,1,exact,X3,Passenger Car,X3 3.0si,,2004-2026,true
2012,bmw,bmw,x5,1,exact,X5,MPV,X5 xDrive35i,,2000-2026,true
2003,dodge,dodge,caravan,3,exact,Caravan/Grand Caravan,MPV,Caravan/Grand Caravan 2WD,,1990-2023,true
2004,dodge,dodge,caravan,3,exact,Caravan,MPV,Caravan/Grand Caravan 2WD,,1990-2023,true
2013,ram,ram,c/v,1,exact,Cargo Van,MPV,C/V,,2012-2016,true
2018,gmc,gmc,terrain,6,exact,Terrain,MPV,Terrain FWD,,2009-2026,true
1996,dodge,dodge,neon,1,exact,Neon,Passenger Car,Neon,,1994-2005,true
1997,dodge,dodge,neon,1,exact,Neon,Passenger Car,Neon,,1994-2005,true
1993,dodge,dodge,intrepid,1,exact,Intrepid,Passenger Car,Intrepid,,1993-2004,true
1994,dodge,dodge,intrepid,1,exact,Intrepid,Passenger Car,Intrepid,,1993-2004,true
1998,dodge,dodge,neon,1,exact,Neon,Passenger Car,Neon,,1994-2005,true
1999,dodge,dodge,neon,1,exact,Neon,Passenger Car,Neon,,1994-2005,true
1994,dodge,dodge,caravan,1,exact,Caravan,MPV,Caravan C/V/Grand Caravan 2WD,,1990-2023,true
1995,dodge,dodge,caravan,1,exact,Caravan/Grand Caravan,MPV,Caravan C/V/Grand Caravan 2WD,,1990-2023,true
1996,dodge,dodge,caravan,1,exact,Caravan/Grand Caravan,MPV,Caravan/Grand Caravan 2WD,,1990-2023,true
1998,dodge,dodge,caravan,1,exact,Caravan/Grand Caravan,MPV,Caravan/Grand Caravan 2WD,,1990-2023,true
1999,dodge,dodge,caravan,1,exact,Caravan/Grand Caravan,MPV,Caravan/Grand Caravan 2WD,,1990-2023,true
1997,dodge,dodge,caravan,1,exact,Caravan/Grand Caravan,MPV,Caravan/Grand Caravan 2WD,,1990-2023,true
2014,porsche,porsche,panamera,7,exact,Panamera,Passenger Car,Panamera,,2010-2026,true
2018,gmc,gmc,yukon,3,exact,Yukon,MPV,Yukon C1500 2WD,,1990-2026,true
2023,volkswagen,volkswagen,taos,1,exact,Taos,MPV,Taos 4motion,,2022-2026,true
2003,chevrolet,chevrolet,suburban,1,exact,Suburban,MPV,Suburban 1500 2WD,,1990-2026,true
1990,dodge,dodge,spirit,1,exact,Spirit,Passenger Car,Spirit,,1990-1995,true
2003,land rover,landrover,defender,1,none,,,,,1993-1995 1997 2020-2026,true
2005,land rover,landrover,defender,1,none,,,,,1993-1995 1997 2020-2026,true
2006,land rover,landrover,defender,1,none,,,,,1993-1995 1997 2020-2026,true
1992,dodge,dodge,spirit,1,exact,Spirit,Passenger Car,Spirit,,1990-1995,true
1996,dodge,dodge,avenger,1,exact,Avenger,Passenger Car,Avenger,,1995-2000 2007-2014,true
1996,dodge,dodge,stealth,1,exact,Stealth,Passenger Car,Stealth,,1991-1996,true
1994,dodge,dodge,stealth,1,exact,Stealth,Passenger Car,Stealth,,1991-1996,true
1995,dodge,dodge,avenger,1,exact,Avenger,Passenger Car,Avenger,,1995-2000 2007-2014,true
1997,dodge,dodge,avenger,1,exact,Avenger,Passenger Car,Avenger,,1995-2000 2007-2014,true
1998,dodge,dodge,avenger,1,exact,Avenger,Passenger Car,Avenger,,1995-2000 2007-2014,true
1999,saab,saab,9-3,1,exact,9-3,Passenger Car,9-3 Convertible,,1999-2012,true
2018,kia,kia,cadenza,3,exact,Cadenza,Passenger Car,Cadenza,,2014-2020,true
2018,kia,kia,forte,3,exact,Forte,Passenger Car,Forte,,2010-2024,true
2011,bmw,bmw,x5,1,exact,X5,MPV,X5 xDrive35d,,2000-2026,true
1994,pontiac,pontiac,firebird,1,exact,Firebird,Passenger Car,Firebird/Formula,,1990-2002,true
2018,hyundai,hyundai,sonata,11,exact,Sonata,Passenger Car,Sonata,,1990-2026,true
2018,genesis,genesis,g80,3,exact,G80,Passenger Car,G80 AWD,,2017-2026,true
2018,mercedes-benz,mercedesbenz,cla250,4,exact,CLA-Class,Passenger Car,CLA250 4matic,,2014-2026,true
2018,audi,audi,s4,2,exact,S4,Passenger Car,S4,,1992-1994 2000-2002 2004-2016 2018-2025,true
2018,lexus,lexus,ls500,2,exact,LS,Passenger Car,LS 500h,,1990-2026,true
2018,volvo,volvo,s90,5,exact,S90,Passenger Car,S90 FWD,,1997-1998 2017-2026,true
2018,subaru,subaru,impreza,4,exact,Impreza,Passenger Car,Impreza 5-Door,,1993-2026,true
2018,acura,acura,ilx,3,exact,ILX,Passenger Car,ILX,,2013-2022,true
2018,lexus,lexus,gs350,3,exact,GS,Passenger Car,GS 350 F Sport,,1993-2020,true
2018,lexus,lexus,gs300,3,exact,GS,Passenger Car,GS 350 F Sport,,1993-2020,true
2018,infiniti,infiniti,q70l,2,exact,Q70,Passenger Car,Q70,,2003-2004 2006-2022,true
2018,ford,ford,c-max,2,exact,C-Max,Passenger Car,C-MAX Hybrid FWD,,2013-2018,true
2018,hyundai,hyundai,accent,3,exact,Accent,Passenger Car,Accent,,1995-2022,true
2018,lincoln,lincoln,mkz,8,exact,MKZ,Passenger Car,MKZ FWD,,2007-2020,true
2018,nissan,nissan,altima,5,exact,Altima,Passenger Car,Altima SR,,1993-2026,true
2018,nissan,nissan,sentra,6,exact,Sentra,Passenger Car,Sentra,,1990-2026,true
1998,ford,ford,taurus,1,exact,Taurus,Passenger Car,Taurus,,1990-2019,true
1999,ford,ford,taurus,1,exact,Taurus,Passenger Car,Taurus,,1990-2019,true
1990,ford,ford,escort,1,exact,Escort,Passenger Car,Escort,,1990-2003,true
2018,lincoln,lincoln,continental,7,exact,Continental,Passenger Car,Continental  AWD,,1990-2002 2017-2020,true
1995,ford,ford,escort,1,exact,Escort,Passenger Car,Escort,,1990-2003,true
1996,ford,ford,escort,1,exact,Escort,Passenger Car,Escort,,1990-2003,true
2018,volvo,volvo,s60,5,exact,S60,Passenger Car,S60 Polestar AWD,,2001-2009 2011-2025,true
2018,audi,audi,rs5,2,exact,RS 5,Passenger Car,RS 5,,2013-2015 2018-2019 2021-2025,true
2018,fiat,fiat,500l,3,exact,500L,MPV,500 L,,2014-2020,true
2018,toyota,toyota,prius,7,exact,Prius,Passenger Car,Prius c,,2001-2026,true
2018,volkswagen,volkswagen,beetle,4,exact,Beetle,Passenger Car,Beetle Dune Convertible,,1998-2010 2012-2019,true
2018,volkswagen,volkswagen,golf,2,exact,Golf,Passenger Car,Golf R,,1990-2026,true
1995,ford,ford,windstar,1,exact,Windstar,MPV,Windstar FWD Van,,1995-2003,true
1996,ford,ford,windstar,1,exact,Windstar,MPV,Windstar FWD Van,,1995-2003,true
1997,ford,ford,windstar,1,exact,Windstar,MPV,Windstar FWD Van,,1995-2003,true
1998,ford,ford,windstar,1,exact,Windstar,MPV,Windstar FWD Van,,1995-2003,true
1990,ford,ford,thunderbird,1,exact,Thunderbird,Passenger Car,Thunderbird,,1990-1997 2002-2005,true
1991,ford,ford,thunderbird,1,exact,Thunderbird,Passenger Car,Thunderbird,,1990-1997 2002-2005,true
1992,ford,ford,thunderbird,1,exact,Thunderbird,Passenger Car,Thunderbird,,1990-1997 2002-2005,true
2011,ford,ford,e-150,4,exact,E-150,MPV,E150 Van FFV,,1990-2014,true
2018,volvo,volvo,v60,3,exact,V60,Passenger Car,V60 Polestar AWD,,2015-2026,true
2006,ford,ford,e-150,4,exact,E-150,MPV,E150 Econoline 2WD,,1990-2014,true
2018,chevrolet,chevrolet,sonic,5,exact,Sonic,Passenger Car,Sonic,,2012-2020,true
2018,nissan,nissan,leaf,3,exact,Leaf,Passenger Car,Leaf,,2011-2026,true
2018,lexus,lexus,es350,1,exact,ES,Passenger Car,ES 300h,,1990-2026,true
2018,lexus,lexus,es300h,1,exact,ES,Passenger Car,ES 300h,,1990-2026,true
2018,lexus,lexus,is300,5,exact,IS,Passenger Car,IS 300,,2001-2026,true
2018,lexus,lexus,ls500h,1,exact,LS,Passenger Car,LS 500h,,1990-2026,true
2018,ford,ford,taurus,4,exact,Taurus,Passenger Car,Taurus AWD,,1990-2019,true
2000,ford,ford,e-150,4,exact,E-150,MPV,E150 Econoline 2WD,,1990-2014,true
2005,ford,ford,e-150,4,exact,E-150,MPV,E150 Econoline 2WD,,1990-2014,true
2012,ford,ford,e-150,4,exact,E-150,MPV,E150 Van FFV,,1990-2014,true
2013,ford,ford,e-150,4,exact,E-150,MPV,E150 Van FFV,,1990-2014,true
2018,rolls-royce,rollsroyce,ghost,4,exact,Ghost,Passenger Car,Ghost,,2010-2026,true
2001,ford,ford,e-150,4,exact,E-150,MPV,E150 Econoline 2WD,,1990-2014,true
2003,ford,ford,e-150,4,exact,E-150,MPV,E150 Econoline 2WD,,1990-2014,true
2002,ford,ford,e-150,4,exact,E-150,Truck,E150 Econoline 2WD,,1990-2014,true
2004,ford,ford,e-150,4,exact,E-150,Truck,E150 Econoline 2WD,,1990-2014,true
2012,jeep,jeep,patriot,4,exact,Patriot,MPV,Patriot 2WD,,2007-2018,true
2013,jeep,jeep,patriot,4,exact,Patriot,MPV,Patriot 2WD,,2007-2018,true
2018,mercedes-benz,mercedesbenz,e300,2,exact,E-Class,Passenger Car,E300,,1990-2026,true
2008,ford,ford,e-150,4,exact,E-150,Truck,,,1990-2014,true
2018,audi,audi,s3,2,exact,S3,Passenger Car,S3,,2015-2020 2022-2026,true
2011,jeep,jeep,patriot,4,exact,Patriot,MPV,Patriot 2WD,,2007-2018,true
2010,ford,ford,e-150,4,exact,E-150,Truck,,,1990-2014,true
2018,audi,audi,s6,2,exact,S6,Passenger Car,S6,,1995-1997 2002-2003 2007-2011 2013-2018 2020-2025,true
2018,audi,audi,s7,2,exact,S7,Passenger Car,S7,,2013-2018 2020-2025,true
2018,audi,audi,rs7,2,exact,RS 7,Passenger Car,RS 7,,2014-2018 2021-2026,true
2018,audi,audi,s8,1,exact,S8,Passenger Car,S8,,2001-2003 2007-2009 2013-2018 2020-2026,true
2018,audi,audi,rs3,2,exact,RS 3,Passenger Car,RS 3,,2017-2020 2022-2026,true
1998,pontiac,pontiac,sunfire,2,exact,Sunfire,Passenger Car,Sunfire,,1995-2005,true
2014,ford,ford,e-150,4,exact,E-150,MPV,E150 Van FFV,,1990-2014,true
2007,jeep,jeep,patriot,4,exact,Patriot,MPV,Patriot 4WD,,2007-2018,true
2008,jeep,jeep,patriot,4,exact,Patriot,MPV,Patriot 2WD,,2007-2018,true
2009,jeep,jeep,patriot,4,exact,Patriot,MPV,Patriot 2WD,,2007-2018,true
2010,jeep,jeep,patriot,4,exact,Patriot,MPV,Patriot 2WD,,2007-2018,true
2015,jeep,jeep,patriot,4,exact,Patriot,MPV,Patriot FWD,,2007-2018,true
2016,jeep,jeep,patriot,4,exact,Patriot,MPV,Patriot FWD,,2007-2018,true
1992,mitsubishi,mitsubishi,eclipse,5,exact,Eclipse,Passenger Car,Eclipse,,1990-2012,true
1990,pontiac,pontiac,firebird,2,exact,Firebird,Passenger Car,Firebird/Trans Am,,1990-2002,true
2018,honda,honda,ridgeline,6,exact,Ridgeline,Truck,Ridgeline FWD,,2006-2026,true
2018,chevrolet,chevrolet,colorado,5,exact,Colorado,Truck,Colorado 2WD,,2004-2012 2015-2026,true
2018,ford,ford,f-150,12,exact,F-150,Truck,F150 Pickup 2WD,,1990-2026,true
1993,mitsubishi,mitsubishi,eclipse,5,exact,Eclipse,Passenger Car,Eclipse,,1990-2012,true
2018,nissan,nissan,titan,5,exact,Titan,Truck,Titan 2WD,,2002-2024,true
1995,ford,ford,mustang,2,exact,Mustang,Passenger Car,Mustang,,1990-2026,true
1999,mitsubishi,mitsubishi,3000gt,1,exact,3000GT,Passenger Car,3000 GT,,1991-1999,true
2018,chevrolet,chevrolet,equinox,4,exact,Equinox,MPV,Equinox FWD,,2005-2026,true
1998,mitsubishi,mitsubishi,3000gt,1,exact,3000GT,Passenger Car,3000 GT,,1991-1999,true
1997,mitsubishi,mitsubishi,3000gt,1,exact,3000GT,Passenger Car,3000 GT,,1991-1999,true
2018,infiniti,infiniti,qx30,6,exact,QX30,Passenger Car,QX30,,2017-2019,true
1991,mitsubishi,mitsubishi,3000gt,1,exact,3000GT,Passenger Car,3000 GT,,1991-1999,true
1992,mitsubishi,mitsubishi,3000gt,1,exact,3000GT,Passenger Car,3000 GT,,1991-1999,true
2018,infiniti,infiniti,qx60,1,exact,QX60,MPV,QX60 FWD,,2013-2026,true
1993,mitsubishi,mitsubishi,3000gt,1,exact,3000GT,Passenger Car,3000 GT,,1991-1999,true
2018,kia,kia,niro,7,exact,Niro,MPV,Niro,,2017-2026,true
2018,audi,audi,q5,3,exact,Q5,MPV,Q5,,2009-2026,true
2018,toyota,toyota,4runner,6,exact,4Runner,MPV,4Runner 2WD,,1990-2026,true
2018,toyota,toyota,rav4,9,exact,RAV4,MPV,RAV4,,1996-2026,true
2018,mercedes-benz,mercedesbenz,gla250,2,exact,GLA-Class,MPV,GLA250,,2015-2026,true
2018,mercedes-benz,mercedesbenz,gls450,1,exact,GLS-Class,MPV,GLS450 4matic,,2006-2026,true
2018,mercedes-benz,mercedesbenz,gls550,1,exact,GLS-Class,MPV,GLS550 4matic,,2006-2026,true
2018,cadillac,cadillac,escalade,4,exact,Escalade,MPV,Escalade 2WD,,1999-2026,true
2018,nissan,nissan,pathfinder,4,exact,Pathfinder,MPV,Pathfinder 2WD,,1990-2026,true
2018,chevrolet,chevrolet,tahoe,4,exact,Tahoe,MPV,Tahoe C1500 2WD,,1995-2026,true
2018,audi,audi,sq5,2,exact,SQ5,MPV,SQ5,,2014-2026,true
2018,bmw,bmw,x4,4,exact,X4,MPV,X4 xDrive28i,,2015-2025,true
2018,bentley,bentley,bentayga,6,exact,Bentayga,MPV,Bentayga,,2017-2026,true
2018,bmw,bmw,x1,2,exact,X1,MPV,X1 xDrive28i,,2012-2026,true
2018,lincoln,lincoln,mkt,2,exact,MKT,MPV,MKT Livery AWD,,2010-2019,true
2018,buick,buick,envision,4,exact,Envision,MPV,Envision FWD,,2016-2026,true
2018,jeep,jeep,compass,4,exact,Compass,MPV,Compass FWD,,2006-2026,true
2018,honda,honda,cr-v,4,exact,CR-V,MPV,CR-V FWD,,1997-2026,true
2018,mercedes-benz,mercedesbenz,g550,1,exact,G-Class,MPV,G550,,1999 2002-2026,true
2018,bmw,bmw,x2,2,exact,X2,MPV,X2 xDrive28i,,2018-2026,true
2018,dodge,dodge,journey,4,exact,Journey,Truck,Journey,,2009-2023,true
2018,ford,ford,explorer,5,exact,Explorer,MPV,Explorer 2WD FFV,,1991-2026,true
2018,ford,ford,flex,3,exact,Flex,MPV,Flex FWD,,2009-2019,true
2018,nissan,nissan,rogue,5,exact,Rogue,MPV,Rogue FWD,,2008-2026,true
2018,nissan,nissan,murano,5,exact,Murano,MPV,Murano FWD,,2002-2007 2009-2026,true
2018,mazda,mazda,cx-9,4,exact,CX-9,MPV,CX-9 2WD,,2007-2023,true
2018,bmw,bmw,x3,4,exact,X3,MPV,X3 xDrive30i,,2004-2026,true
2018,lexus,lexus,lx570,1,exact,LX,MPV,LX 570,,1996-2026,true
2018,lexus,lexus,nx300h,1,exact,NX,MPV,NX 300,,2015-2026,true
2018,lexus,lexus,rx350,2,exact,RX,MPV,RX 350,,1999-2026,true
2018,lexus,lexus,rx450h,2,exact,RX,MPV,RX 350,,1999-2026,true
2018,chevrolet,chevrolet,suburban,3,exact,Suburban,MPV,Suburban C1500 2WD,,1990-2026,true
2018,jeep,jeep,wrangler,8,exact,Wrangler,MPV,Wrangler 4WD,,1990-2026,true
2018,land rover,landrover,discovery,3,exact,Discovery,MPV,Discovery,,1994-2026,true
2018,ford,ford,ecosport,5,exact,Ecosport,MPV,EcoSport FWD,,2018-2022,true
2018,ford,ford,escape,4,exact,Escape,MPV,Escape FWD,,2001-2026,true
2018,lexus,lexus,rx350l,1,exact,RX,MPV,RX 350,,1999-2026,true
2018,lexus,lexus,rx450hl,1,exact,RX,MPV,RX 350,,1999-2026,true
2018,mercedes-benz,mercedesbenz,gle350,2,exact,GLE-Class,MPV,GLE350,,2016-2026,true
2018,mercedes-benz,mercedesbenz,gle550e,1,exact,GLE-Class,MPV,GLE550e 4matic,,2016-2026,true
2018,honda minivans,honda,odyssey,5,exact,Odyssey,MPV,Odyssey,,1995-2026,true
2018,kia minivans,kia,sedona,5,exact,Sedona,MPV,Sedona,,2001-2026,true
2018,nissan vans,nissan,nv2500,3,exact,NV,Truck,,,2012-2021,true
2018,nissan vans,nissan,nv3500,6,exact,NV,Truck,,,2012-2021,true
2018,ford vans,ford,transit-150,3,exact,Transit,MPV,,,2015-2026,true
2018,ford vans,ford,transit-250,1,exact,Transit,MPV,,,2015-2026,true
2018,ford vans,ford,transit-350,3,exact,Transit,MPV,,,2015-2026,true
1997,isuzu,isuzu,trooper,1,exact,Trooper,MPV,Trooper,,1990-2002,true
1999,isuzu,isuzu,trooper,1,exact,Trooper,MPV,Trooper,,1990-2002,true
1996,isuzu,isuzu,trooper,1,exact,Trooper,MPV,Trooper,,1990-2002,true
1998,isuzu,isuzu,trooper,1,exact,Trooper,MPV,Trooper,,1990-2002,true
1991,oldsmobile,oldsmobile,cutlass,1,exact,Cutlass Supreme,Passenger Car,Cutlass Calais,,1990-1999,true
1998,oldsmobile,oldsmobile,cutlass,1,exact,Cutlass,Passenger Car,Cutlass,,1990-1999,true
1999,oldsmobile,oldsmobile,alero,1,exact,Alero,Passenger Car,Alero,,1999-2004,true
1991,mercury,mercury,sable,1,exact,Sable,Passenger Car,Sable,,1990-2005 2008-2009,true
1997,mercury,mercury,mountaineer,1,exact,Mountaineer,MPV,Mountaineer 2WD,,1997-2010,true
1992,plymouth,plymouth,voyager,1,exact,Voyager,MPV,Voyager/Grand Voyager 2WD,,1990-2005 2007-2009 2020-2026,true
1990,plymouth,plymouth,voyager,1,exact,Voyager,MPV,Voyager/Grand Voyager 2WD,,1990-2005 2007-2009 2020-2026,true
1998,plymouth,plymouth,prowler,1,none,,,,,1997 1999-2002,true
2018,buick,buick,encore,6,exact,Encore,MPV,Encore,,2013-2026,true
2018,chevrolet,chevrolet,trax,3,exact,Trax,MPV,Trax AWD,,2013-2026,true
1994,gmc,gmc,sonoma,1,exact,Sonoma,MPV,Sonoma 2WD,,1990-2004,true
1997,gmc,gmc,sierra,1,exact,Sierra,Truck,Sierra 1500 2WD,,1990-2026,true
1999,gmc,gmc,sierra,1,exact,Sierra,Truck,Sierra 1500 2WD,,1990-2026,true
1990,gmc,gmc,jimmy,1,exact,Jimmy,MPV,S15 Jimmy 2WD,,1990-2004,true
1991,gmc,gmc,jimmy,1,exact,Jimmy,MPV,Jimmy Sonoma 2WD,,1990-2004,true
1993,chevrolet,chevrolet,corvette,1,exact,Corvette,Passenger Car,Corvette,,1990-2026,true
1991,chevrolet,chevrolet,corvette,1,exact,Corvette,Passenger Car,Twin-Turbo Corvette,,1990-2026,true
1996,chevrolet,chevrolet,corvette,1,exact,Corvette,Passenger Car,Corvette,,1990-2026,true
1991,chevrolet,chevrolet,lumina,1,exact,Lumina,Passenger Car,Lumina,,1990-2001,true
1992,chevrolet,chevrolet,lumina,1,exact,Lumina,Passenger Car,Lumina,,1990-2001,true
1993,chevrolet,chevrolet,lumina,1,exact,Lumina APV,Truck,Lumina,,1990-2001,true
1992,chevrolet,chevrolet,caprice,1,exact,Caprice,Passenger Car,Caprice Wagon,,1990-1996 2011-2017,true
1991,chevrolet,chevrolet,caprice,1,exact,Caprice,Passenger Car,Caprice,,1990-1996 2011-2017,true
1995,chevrolet,chevrolet,caprice,1,exact,Caprice,MPV,Caprice/Impala,,1990-1996 2011-2017,true
2025,bmw,bmw,x6,2,exact,X6,MPV,X6 xDrive40i,,2008-2026,true
1999,ford,ford,mustang,2,exact,Mustang,Passenger Car,Mustang,,1990-2026,true
2016,bmw,bmw,x6,3,exact,X6,MPV,X6 sDrive35i,,2008-2026,true
2015,bmw,bmw,x6,3,exact,X6,MPV,X6 sDrive35i,,2008-2026,true
2020,bmw,bmw,m4,4,exact,M4,Passenger Car,M4 Convertible,,2015-2026,true
1998,porsche,porsche,boxster,5,exact,Boxster,Passenger Car,Boxster,,1997-2025,true
2023,bmw,bmw,z4,3,exact,Z4,Passenger Car,Z4 sDrive30i,,1998-2001 2003-2016 2019-2026,true
1991,suzuki,suzuki,samurai,1,exact,Samurai,Truck,Samurai 2WD,,1990-1996,true
1994,suzuki,suzuki,samurai,1,exact,Samurai,MPV,Samurai Soft-top 4WD,,1990-1996,true
1999,audi,audi,a3,1,none,,,,,2006-2013 2015-2020 2022-2026,true
1998,mercedes,mercedesbenz,e-class,3,exact,E-Class,Passenger Car,E300 Turbodiesel,,1990-2026,true
1991,toyota,toyota,corolla,1,exact,Corolla,Passenger Car,Corolla,,1990-2026,true
2022,bmw,bmw,x1,2,exact,X1,MPV,X1 xDrive28i,,2012-2026,true
1998,toyota,toyota,corolla,1,exact,Corolla,Passenger Car,Corolla,,1990-2026,true
2024,bmw,bmw,x4,1,exact,X4,MPV,X4 xDrive30i,,2015-2025,true
1994,mercedes,mercedesbenz,s-class,4,exact,S-Class,Passenger Car,S500 Coupe,,1990-2026,true
1996,pontiac,pontiac,sunfire,2,exact,Sunfire,Passenger Car,Sunfire,,1995-2005,true
1995,pontiac,pontiac,sunfire,2,exact,,,Sunfire,,1995-2005,true
2019,bmw,bmw,m2,1,exact,M2,Passenger Car,M240i Coupe,,2014-2026,true
1997,pontiac,pontiac,sunfire,2,exact,Sunfire,Passenger Car,Sunfire,,1995-2005,true
1999,pontiac,pontiac,sunfire,2,exact,Sunfire,Passenger Car,Sunfire,,1995-2005,true
1992,isuzu,isuzu,trooper,1,exact,Trooper,MPV,Trooper,,1990-2002,true
2006,bmw,bmw,m6,1,exact,M6,Passenger Car,M6,,2006-2010 2012-2019,true
1991,honda,honda,prelude,1,exact,Prelude,Passenger Car,Prelude,,1990-2001 2026,true
1992,honda,honda,prelude,1,exact,Prelude,Passenger Car,Prelude,,1990-2001 2026,true
2021,bmw,bmw,m2,1,exact,M2,Passenger Car,M235i xDrive Gran Coupe,,2014-2026,true
2008,bmw,bmw,m6,1,exact,M6,Passenger Car,M6,,2006-2010 2012-2019,true
2010,bmw,bmw,m6,1,exact,M6,Passenger Car,M6,,2006-2010 2012-2019,true
2012,bmw,bmw,m6,1,exact,M6,Passenger Car,M6 Convertible,,2006-2010 2012-2019,true
2014,bmw,bmw,m6,1,exact,M6,Passenger Car,M6 Coupe,,2006-2010 2012-2019,true
2015,bmw,bmw,m6,1,exact,M6,Passenger Car,M6 Coupe,,2006-2010 2012-2019,true
2016,bmw,bmw,m6,1,exact,M6,Passenger Car,M6 Coupe,,2006-2010 2012-2019,true
2017,bmw,bmw,m6,1,exact,M6,Passenger Car,M6 Coupe,,2006-2010 2012-2019,true
2019,bmw,bmw,m8,1,family,,,M850i xDrive Coupe,,2019-2026,true
2020,bmw,bmw,m8,1,exact,M8,Passenger Car,M8 Coupe,,2019-2026,true
2023,bmw,bmw,m8,1,exact,M8,Passenger Car,M850i xDrive Coupe,,2019-2026,true
2025,bmw,bmw,m8,1,exact,M8,Passenger Car,M850i xDrive Coupe,,2019-2026,true
2019,bmw,bmw,x2,1,exact,X2,MPV,X2 xDrive28i,,2018-2026,true
2020,bmw,bmw,x2,1,exact,X2,MPV,X2 xDrive28i,,2018-2026,true
2022,bmw,bmw,x2,1,exact,X2,MPV,X2 xDrive28i,,2018-2026,true
2024,bmw,bmw,x2,1,exact,X2,MPV,X2 xDrive28i,,2018-2026,true
2025,bmw,bmw,x2,1,exact,X2,MPV,X2 xDrive28i,,2018-2026,true
2026,bmw,bmw,x2,1,exact,X2,MPV,X2 xDrive28i,,2018-2026,true
1996,honda,honda,passport,1,exact,Passport,MPV,Passport 2WD,,1994-2002 2019-2026,true
1997,honda,honda,passport,1,exact,Passport,MPV,Passport 2WD,,1994-2002 2019-2026,true
2008,bmw,bmw,x6,3,exact,X6,MPV,X6 xDrive35i,,2008-2026,true
1998,honda,honda,passport,1,exact,Passport,MPV,Passport 2WD,,1994-2002 2019-2026,true
2021,bmw,bmw,x7,1,exact,X7,MPV,X7 xDrive40i,,2019-2026,true
2020,bmw,bmw,x7,1,exact,X7,MPV,X7 xDrive50i,,2019-2026,true
2019,bmw,bmw,x7,1,exact,X7,MPV,X7 xDrive40i,,2019-2026,true
1993,honda,honda,prelude,1,exact,Prelude,Passenger Car,Prelude,,1990-2001 2026,true
2020,bmw,bmw,z4,3,exact,Z4,Passenger Car,Z4 M40i,,1998-2001 2003-2016 2019-2026,true
2001,bmw,bmw,z8,1,exact,Z8,Passenger Car,Z8,,2000-2003,true
2002,bmw,bmw,z8,1,exact,Z8,Passenger Car,Z8,,2000-2003,true
1994,isuzu,isuzu,trooper,1,exact,Trooper,MPV,Trooper,,1990-2002,true
2005,hummer,hummer,h1,1,exact,H1,MPV,,,1992-2006,true
2006,hummer,hummer,h1,1,exact,H1,MPV,,,1992-2006,true
2003,hummer,hummer,h2,1,exact,H2,MPV,,,2003-2010,true
2004,hummer,hummer,h2,1,exact,H2,MPV,,,2003-2010,true
2021,bmw,bmw,m4,3,exact,M4,Passenger Car,M4 Coupe,,2015-2026,true
1995,hyundai,hyundai,elantra,1,exact,Elantra,Passenger Car,Elantra,,1992-2026,true
1992,acura,acura,integra,1,exact,Integra,Passenger Car,Integra,,1990-2001 2023-2026,true
1995,hyundai,hyundai,accent,1,exact,Accent,Passenger Car,Accent,,1995-2022,true
1993,hyundai,hyundai,elantra,1,exact,Elantra,Passenger Car,Elantra,,1992-2026,true
1994,hyundai,hyundai,elantra,1,exact,Elantra,Passenger Car,Elantra,,1992-2026,true
2006,mercedes-benz,mercedesbenz,g-class,2,exact,G-Class,MPV,G500,,1999 2002-2026,true
2007,mercedes-benz,mercedesbenz,g-class,2,exact,G-Class,MPV,G500,,1999 2002-2026,true
1997,hyundai,hyundai,elantra,1,exact,Elantra,Passenger Car,Elantra,,1992-2026,true
2009,mercedes-benz,mercedesbenz,g-class,2,exact,G-Class,MPV,G55 AMG,,1999 2002-2026,true
1998,hyundai,hyundai,elantra,1,exact,Elantra,Passenger Car,Elantra,,1992-2026,true
1991,hyundai,hyundai,sonata,1,exact,Sonata,Passenger Car,Sonata,,1990-2026,true
1992,hyundai,hyundai,sonata,1,exact,Sonata,Passenger Car,Sonata,,1990-2026,true
1993,hyundai,hyundai,sonata,1,exact,Sonata,Passenger Car,Sonata,,1990-2026,true
1994,hyundai,hyundai,sonata,1,exact,Sonata,Passenger Car,Sonata,,1990-2026,true
1995,hyundai,hyundai,sonata,1,exact,Sonata,Passenger Car,Sonata,,1990-2026,true
1998,hyundai,hyundai,sonata,1,exact,Sonata,Passenger Car,Sonata,,1990-2026,true
1999,hyundai,hyundai,sonata,1,exact,Sonata,Passenger Car,Sonata,,1990-2026,true
1997,hyundai,hyundai,tiburon,1,exact,Tiburon,Passenger Car,Tiburon (Coupe),,1997-2008,true
1996,hyundai,hyundai,accent,1,exact,Accent,Passenger Car,Accent,,1995-2022,true
1997,hyundai,hyundai,accent,1,exact,Accent,Passenger Car,Accent (SOHC),,1995-2022,true
1998,hyundai,hyundai,accent,1,exact,Accent,Passenger Car,Accent,,1995-2022,true
1998,hyundai,hyundai,tiburon,1,exact,Tiburon,Passenger Car,Tiburon,,1997-2008,true
2007,bmw,bmw,m3,3,none,,,,,1990-1991 1995-1999 2001-2006 2008-2013 2015-2018 2020-2026,true
1995,infiniti,infiniti,j30,1,exact,J30,Passenger Car,J30,,1993-1997,true
1996,infiniti,infiniti,j30,1,exact,J30,Passenger Car,J30,,1993-1997,true
1997,infiniti,infiniti,j30,1,exact,J30,Passenger Car,J30,,1993-1997,true
1996,infiniti,infiniti,i30,1,exact,I30,Passenger Car,I30,,1996-2001,true
2008,subaru,subaru,tribeca,1,exact,,,Tribeca AWD,,2006-2014,true
1992,infiniti,infiniti,q45,1,exact,Q45,Passenger Car,Q45,,1990-2007,true
1995,infiniti,infiniti,q45,1,exact,Q45,Passenger Car,Q45,,1990-2007,true
1993,isuzu,isuzu,trooper,1,exact,Trooper,Truck,Trooper,,1990-2002,true
1993,jaguar,jaguar,xj6,1,exact,XJ6,Passenger Car,XJ6,,1990-2019,true
1994,jaguar,jaguar,xj6,1,exact,XJ6,Passenger Car,XJ12,,1990-2019,true
1995,jaguar,jaguar,xj6,1,exact,XJ6,Passenger Car,XJ12,,1990-2019,true
1998,jaguar,jaguar,xj8,1,exact,XJ8,Passenger Car,XJ8,,1990-2019,true
1999,jaguar,jaguar,xj8,1,exact,XJ8,Passenger Car,XJ8,,1990-2019,true
1999,jaguar,jaguar,xk8,1,exact,XK8,Passenger Car,XK8 Convertible,,1997-2015,true
1991,jaguar,jaguar,xjs,1,exact,XJS,Passenger Car,XJS Convertible,,1990-2019,true
1992,jaguar,jaguar,xjs,1,exact,XJS,Passenger Car,XJS Convertible,,1990-2019,true
1993,jaguar,jaguar,xj220,1,family,XJ6,Passenger Car,XJS Convertible,,1990-2019,true
2016,bmw,bmw,z4,4,exact,Z4,Passenger Car,Z4 sDrive28i,,1998-2001 2003-2016 2019-2026,true
2025,bmw,bmw,x7,1,exact,X7,MPV,X7 M60i xDrive,,2019-2026,true
2026,bmw,bmw,m8,1,family,M850i,Passenger Car,M850i xDrive Coupe,,2019-2026,true
2003,bmw,bmw,m5,1,exact,M5,Passenger Car,M5,,1991-1993 2000-2003 2006-2010 2013-2023 2025-2026,true
2020,bmw,bmw,m2,1,exact,M2,Passenger Car,M240i Coupe,,2014-2026,true
2016,bmw,bmw,m2,1,exact,M2,Passenger Car,M2,,2014-2026,true
2017,bmw,bmw,m2,1,exact,M2,Passenger Car,M2,,2014-2026,true
2025,bmw,bmw,m2,1,exact,M2,Passenger Car,M2 Coupe,,2014-2026,true
2021,bmw,bmw,x4,1,exact,X4,MPV,X4 M,,2015-2025,true
2022,bmw,bmw,ix,1,exact,iX,MPV,iX xDrive50 (20 inch wheels),,2022-2026,true
2005,buick,buick,regal,1,none,,,,,1990-2004 2011-2020,true
2008,buick,buick,regal,1,none,,,,,1990-2004 2011-2020,true
2025,buick,buick,regal,1,none,,,,,1990-2004 2011-2020,true
1991,mercedes-benz,mercedesbenz,g-class,1,none,,,,,1999 2002-2026,true
1992,mercedes-benz,mercedesbenz,g-class,1,none,,,,,1999 2002-2026,true
1994,mercedes-benz,mercedesbenz,g-class,1,none,,,,,1999 2002-2026,true
1993,mercedes-benz,mercedesbenz,sl-class,1,family,,,300SL,,1990-2009 2011-2026,true
1997,plymouth,plymouth,prowler,1,exact,Prowler,Passenger Car,,,1997 1999-2002,true
2024,bmw,bmw,xm,1,exact,XM,MPV,XM,,2023-2026,true
2026,bmw,bmw,xm,1,exact,XM,MPV,XM Label,,2023-2026,true
1994,land rover,landrover,discovery,1,exact,Discovery,MPV,Discovery,,1994-2026,true
1995,land rover,landrover,discovery,1,exact,Discovery,MPV,Discovery,,1994-2026,true
1996,land rover,landrover,discovery,1,exact,Discovery,MPV,Discovery,,1994-2026,true
1997,land rover,landrover,discovery,1,exact,Discovery,MPV,Discovery,,1994-2026,true
1998,land rover,landrover,discovery,1,exact,Discovery,MPV,Discovery,,1994-2026,true
1996,lexus,lexus,ls400,1,exact,LS,Passenger Car,LS 400,,1990-2026,true
1997,lexus,lexus,ls400,1,exact,LS,Passenger Car,LS 400,,1990-2026,true
1998,lexus,lexus,ls400,1,exact,LS,Passenger Car,LS 400,,1990-2026,true
1999,lexus,lexus,ls400,1,exact,LS,Passenger Car,LS 400,,1990-2026,true
1992,lexus,lexus,es300,1,exact,ES,Passenger Car,ES 300,,1990-2026,true
1993,lexus,lexus,es300,1,exact,ES,Passenger Car,ES 300,,1990-2026,true
1992,lexus,lexus,sc300,1,exact,SC,Passenger Car,SC 300/SC 400,,1992-2010,true
1993,lexus,lexus,sc300,1,exact,SC,Passenger Car,SC 300/SC 400,,1992-2010,true
1998,lexus,lexus,es300,1,exact,ES,Passenger Car,ES 300,,1990-2026,true
1994,lexus,lexus,sc400,1,exact,SC,Passenger Car,SC 300/SC 400,,1992-2010,true
2018,alfa romeo,alfaromeo,4c,2,exact,4C,Passenger Car,4C,,2015-2020,true
2018,aston martin,astonmartin,db11,1,exact,DB11,Passenger Car,DB11 V12,,2017-2024,true
2018,aston martin,astonmartin,rapide,1,exact,Rapide,Passenger Car,Rapide S,,2010-2012 2014-2019,true
2018,aston martin,astonmartin,vanquish,2,exact,Vanquish,Passenger Car,Vanquish S Zagato,,2001-2007 2014-2019 2025-2026,true
2018,bmw,bmw,m2,1,exact,M2,Passenger Car,M2,,2014-2026,true
2018,bmw,bmw,m5,1,exact,M5,Passenger Car,M5,,1991-1993 2000-2003 2006-2010 2013-2023 2025-2026,true
2018,bmw,bmw,m6,1,exact,M6,Passenger Car,M6 Convertible,,2006-2010 2012-2019,true
2018,ferrari,ferrari,gtc4lusso,2,exact,GTC4Lusso,Passenger Car,GTC4Lusso,,2017-2020,true
2018,ford,ford,gt,1,exact,GT,Passenger Car,GT,,2004-2006 2017-2022,true
2018,ferrari,ferrari,portofino,1,none,,,,,2019-2023,true
2018,genesis,genesis,g90,2,exact,G90,Passenger Car,G90 AWD,,2017-2026,true
2018,jaguar,jaguar,xjr575,1,exact,XJ,Passenger Car,XJ,,1990-2019,true
2018,karma,karma,revero,2,exact,Revero,Passenger Car,Revero,,2017-2025,true
2018,lotus,lotus,evora,2,exact,Evora,Passenger Car,Evora,,2010-2021,true
2018,lexus,lexus,lc500,1,exact,LC,Passenger Car,LC 500h,,2018-2026,true
2018,lexus,lexus,lc500h,1,exact,LC,Passenger Car,LC 500h,,2018-2026,true
2018,maserati,maserati,granturismo,2,exact,Granturismo,Passenger Car,GranTurismo,,2008-2026,true
1998,toyota,toyota,sienna,1,exact,Sienna,MPV,Sienna 2WD,,1995-2026,true
2018,mclaren,mclaren,570gt,1,exact,570S,Passenger Car,570S Coupe,,2011-2021,true
2018,mclaren,mclaren,720s,1,exact,720S,Passenger Car,720S Coupe,,2017-2023,true
2018,mercedes-benz,mercedesbenz,c350e,1,exact,C-Class,MPV,C350e,,1994-2026,true
2018,mercedes-benz,mercedesbenz,sl550,1,exact,SL-Class,Passenger Car,SL550,,1990-2009 2011-2026,true
2018,mercedes-benz,mercedesbenz,cls550,2,exact,CLS-Class,Passenger Car,CLS550,,2005-2023,true
2018,mercedes-benz,mercedesbenz,s560,4,exact,S-Class,Passenger Car,S560 4matic,,1990-2026,true
2018,mercedes-benz,mercedesbenz,sl450,1,exact,SL-Class,Passenger Car,SL450,,1990-2009 2011-2026,true
2018,mercedes-benz,mercedesbenz,slc300,1,exact,SLC-Class,Passenger Car,SLC300,,2017-2020,true
2018,porsche,porsche,macan,4,exact,Macan,MPV,Macan,,2015-2026,true
1997,mazda,mazda,miata,1,exact,MX-5,Passenger Car,MX-5 Miata,,1990-1997 1999-2026,true
1993,mazda,mazda,miata,1,exact,MX-5,Passenger Car,MX-5 Miata,,1990-1997 1999-2026,true
1994,mazda,mazda,miata,1,exact,MX-5,Passenger Car,MX-5 Miata,,1990-1997 1999-2026,true
2018,rolls-royce,rollsroyce,dawn,1,exact,Dawn,Passenger Car,Dawn,,1995 2016-2021,true
2018,rolls-royce,rollsroyce,phantom,2,exact,Phantom,Passenger Car,Phantom,,2004-2026,true
2018,rolls-royce,rollsroyce,wraith,1,exact,Wraith,Passenger Car,Wraith,,2014-2021,true
2018,smart,smart,fortwo,2,exact,Fortwo,Passenger Car,fortwo electric drive coupe,,2008-2019,true
1994,mazda,mazda,b3000,1,exact,B-Series,Truck,B2300/B3000/B4000 Pickup 2WD,,1990-2010,true
1998,mazda,mazda,protege,1,exact,Protege,Passenger Car,Protege,,1990-2003,true
1995,mazda,mazda,b3000,1,exact,B-Series,Truck,B2300/B3000/B4000 Pickup 2WD,,1990-2010,true
1998,mazda,mazda,b4000,1,exact,B-Series,Truck,B2500/B3000/B4000 2WD,,1990-2010,true
1997,mazda,mazda,b2300,1,exact,B-Series,Truck,B2300/B3000/B4000 Pickup 2WD,,1990-2010,true
1996,mazda,mazda,b3000,1,exact,B-Series,Truck,B2300/B3000/B4000 Pickup 2WD,,1990-2010,true
1997,mazda,mazda,b3000,1,exact,B-Series,Truck,B2300/B3000/B4000 Pickup 2WD,,1990-2010,true
1998,mazda,mazda,b3000,1,exact,B-Series,Truck,B2500/B3000/B4000 2WD,,1990-2010,true
1995,mazda,mazda,millenia,1,exact,Millenia,Passenger Car,Millenia,,1995-2002,true
1995,mazda,mazda,b4000,1,exact,B-Series,Truck,B2300/B3000/B4000 Pickup 2WD,,1990-2010,true
1996,mazda,mazda,b4000,1,exact,B-Series,Truck,B2300/B3000/B4000 Pickup 2WD,,1990-2010,true
1997,mazda,mazda,b4000,1,exact,B-Series,Truck,B2300/B3000/B4000 Pickup 2WD,,1990-2010,true
1996,mazda,mazda,mx-6,1,exact,MX-6,Passenger Car,MX-6,,1990-1997,true
1997,mazda,mazda,mx-6,1,exact,MX-6,Passenger Car,MX-6,,1990-1997,true
1996,mazda,mazda,millenia,1,exact,Millenia,Passenger Car,Millenia,,1995-2002,true
1997,mazda,mazda,millenia,1,exact,Millenia,Passenger Car,Millenia,,1995-2002,true
1998,mazda,mazda,millenia,1,exact,Millenia,Passenger Car,Millenia,,1995-2002,true
2010,hummer,hummer,h3,1,exact,H3,MPV,H3T 4WD,,2006-2010,true
1995,toyota,toyota,t100,1,exact,T100,Truck,T100 2WD,,1990-1998,true
1996,toyota,toyota,t100,1,exact,T100,Truck,T100 2WD,,1990-1998,true
1997,toyota,toyota,t100,1,exact,T100,Truck,T100 2WD,,1990-1998,true
1998,toyota,toyota,t100,1,exact,T100,Truck,T100 2WD,,1990-1998,true
1995,mercedes-benz,mercedesbenz,sl-class,1,exact,SL-Class,Passenger Car,SL320,,1990-2009 2011-2026,true
1996,mercedes-benz,mercedesbenz,sl-class,1,exact,SL-Class,Passenger Car,SL320,,1990-2009 2011-2026,true
1997,mercedes-benz,mercedesbenz,sl-class,1,exact,SL-Class,Passenger Car,SL320,,1990-2009 2011-2026,true
1998,mercedes-benz,mercedesbenz,sl-class,1,exact,SL-Class,Passenger Car,SL500,,1990-2009 2011-2026,true
2022,mercedes-benz,mercedesbenz,gle-class,1,exact,GLE-Class,MPV,GLE350,,2016-2026,true
1990,mercury,mercury,sable,1,exact,Sable,Passenger Car,Sable,,1990-2005 2008-2009,true
1992,mercury,mercury,sable,1,exact,Sable,Passenger Car,Sable,,1990-2005 2008-2009,true
1995,mercury,mercury,sable,1,exact,Sable,Passenger Car,Sable,,1990-2005 2008-2009,true
1997,mercury,mercury,sable,1,exact,Sable,Passenger Car,Sable,,1990-2005 2008-2009,true
1998,mercury,mercury,sable,1,exact,Sable,Passenger Car,Sable,,1990-2005 2008-2009,true
1995,mitsubishi,mitsubishi,3000gt,1,exact,3000GT,Passenger Car,3000 GT,,1991-1999,true
1990,nissan,nissan,sentra,1,exact,Sentra,Passenger Car,Sentra,,1990-2026,true
1991,nissan,nissan,sentra,1,exact,Sentra,Passenger Car,Sentra,,1990-2026,true
1992,nissan,nissan,sentra,1,exact,Sentra,Passenger Car,Sentra,,1990-2026,true
1995,nissan,nissan,pathfinder,1,exact,Pathfinder,Truck,Pathfinder Van (cargo),,1990-2026,true
1993,nissan,nissan,pickup,1,exact,Pickup,Truck,Truck 2WD,,1990-1997,true
1994,nissan,nissan,pickup,1,exact,Pickup,Truck,Truck 2WD,,1990-1997,true
1995,nissan,nissan,pickup,1,exact,Pickup,Truck,Truck 2WD,,1990-1997,true
1996,nissan,nissan,pickup,1,exact,Pickup,Truck,Truck 2WD,,1990-1997,true
1997,nissan,nissan,pickup,1,exact,Pickup,MPV,Truck 2WD,,1990-1997,true
1995,oldsmobile,oldsmobile,aurora,1,exact,Aurora,Passenger Car,Aurora,,1995-1999 2001-2003,true
1996,oldsmobile,oldsmobile,aurora,1,exact,Aurora,Passenger Car,Aurora,,1995-1999 2001-2003,true
1997,oldsmobile,oldsmobile,aurora,1,exact,Aurora,Passenger Car,Aurora,,1995-1999 2001-2003,true
1990,chevrolet,chevrolet,caprice,1,exact,Caprice,Passenger Car,Caprice,,1990-1996 2011-2017,true
1990,bmw,bmw,m5,1,none,,,,,1991-1993 2000-2003 2006-2010 2013-2023 2025-2026,true
1992,jaguar,jaguar,xj220,1,family,XJ6,Passenger Car,XJS Convertible,,1990-2019,true
1990,toyota,toyota,tercel,1,exact,Tercel,Passenger Car,Tercel,,1990-1999,true
2026,volkswagen,volkswagen,taos,1,exact,Taos,MPV,Taos,,2022-2026,true
2000,chrysler,chrysler,sebring,1,exact,Sebring,Passenger Car,Sebring,,1995-2010,true
2022,volkswagen,volkswagen,taos,1,exact,Taos,MPV,Taos,,2022-2026,true
2025,volkswagen,volkswagen,taos,1,exact,Taos,MPV,Taos,,2022-2026,true
2005,nissan,nissan,murano,5,exact,Murano,MPV,Murano FWD,,2002-2007 2009-2026,true
2000,mercedes,mercedesbenz,g-class,1,none,,,,,1999 2002-2026,true
2020,rolls-royce,rollsroyce,ghost,1,exact,Ghost,Passenger Car,Ghost,,2010-2026,true
2025,rolls-royce,rollsroyce,cullinan,1,exact,Cullinan,MPV,Cullinan,,2019-2026,true
2001,mercedes,mercedesbenz,g-class,1,none,,,,,1999 2002-2026,true
2015,infiniti,infiniti,q60,5,exact,Q60,Passenger Car,Q60 Convertible,,2014-2015 2017-2022,true
2022,rivian,rivian,r1t,1,exact,R1T,Truck,R1T,,2022-2026,true
2024,rivian,rivian,r1t,1,exact,R1T,Truck,R1T All-Terrain Dual Large (20in),,2022-2026,true
2022,rivian,rivian,r1s,1,exact,R1S,MPV,R1S,,2022-2026,true
2019,rolls-royce,rollsroyce,phantom,1,exact,Phantom,Passenger Car,Phantom,,2004-2026,true
2004,volkswagen,volkswagen,touareg,1,exact,Touareg,MPV,Touareg,,2004-2018,true
2016,nissan,nissan,maxima,6,exact,Maxima,Passenger Car,Maxima,,1990-2014 2016-2023,true
2023,toyota,toyota,corolla-cross,1,exact,Corolla Cross,MPV,Corolla Cross,,1990-2026,true
2026,rivian,rivian,r1t,1,exact,R1T,Truck,R1T Dual Standard (22in),,2022-2026,true
2019,rolls-royce,rollsroyce,cullinan,1,exact,Cullinan,MPV,Cullinan,,2019-2026,true
2022,rolls-royce,rollsroyce,cullinan,1,exact,Cullinan,MPV,Cullinan,,2019-2026,true
2026,rolls-royce,rollsroyce,cullinan,1,exact,Cullinan,MPV,Cullinan,,2019-2026,true
2024,toyota,toyota,corolla-cross,1,exact,Corolla Cross,MPV,Corolla Cross,,1990-2026,true
2021,jaguar,jaguar,i-pace,1,exact,I-PACE,MPV,I-Pace EV400,,2019-2024,true
2012,toyota,toyota,venza,1,exact,Venza,MPV,Venza,,2009-2017 2021-2024,true
2016,volvo,volvo,v90,1,none,,,,,1997-1998 2017-2026,true
2019,volvo,volvo,xc40,1,exact,XC40,MPV,XC40 AWD,,2019-2026,true
2022,volvo,volvo,v90,1,exact,V90CC,MPV,V90CC B6 AWD,,1997-1998 2017-2026,true
2020,polestar,polestar,polestar-2,1,family,Polestar 1,Passenger Car,,,2020-2026,true
2022,volvo,volvo,xc40,1,exact,XC40,MPV,XC40 T4,,2019-2026,true
2023,volvo,volvo,v90,1,exact,V90CC,MPV,V90CC B6 AWD,,1997-1998 2017-2026,true
2021,volvo,volvo,xc40,1,exact,XC40,MPV,XC40 FWD,,2019-2026,true
2026,land rover,landrover,range-rover-evoque,1,exact,Range Rover Evoque,MPV,Range Rover Evoque,,2012-2026,true
2020,volvo,volvo,xc40,1,exact,XC40,MPV,XC40 FWD,,2019-2026,true
2012,porsche,porsche,panamera,7,exact,Panamera,Passenger Car,Panamera,,2010-2026,true
2013,nissan,nissan,pathfinder,5,exact,Pathfinder,MPV,Pathfinder 2WD,,1990-2026,true
2005,toyota,toyota,corolla,6,exact,Corolla,Passenger Car,Corolla,,1990-2026,true
2006,toyota,toyota,corolla,6,exact,Corolla,Passenger Car,Corolla,,1990-2026,true
2010,toyota,toyota,prius,5,exact,Prius,Passenger Car,Prius,,2001-2026,true
2011,toyota,toyota,prius,5,exact,Prius,Passenger Car,Prius,,2001-2026,true
2016,porsche,porsche,cayenne,7,exact,Cayenne,MPV,Cayenne,,2003-2026,true
2016,porsche,porsche,panamera,7,exact,Panamera,Passenger Car,Panamera,,2010-2026,true
2026,land rover,landrover,discovery-sport,1,exact,Discovery Sport,MPV,Discovery Sport,,2015-2026,true
2013,volkswagen,volkswagen,touareg,1,exact,Touareg,MPV,Touareg,,2004-2018,true
2015,porsche,porsche,panamera,7,exact,Panamera,Passenger Car,Panamera Turbo,,2010-2026,true
2025,land rover,landrover,range-rover-velar,1,exact,Range Rover Velar,MPV,Range Rover Velar,,2018-2026,true
2024,volkswagen,volkswagen,jetta-gli,1,exact,Jetta,Passenger Car,Jetta,,1990-2026,true
2011,subaru,subaru,tribeca,1,exact,,,Tribeca AWD,,2006-2014,true
2010,volkswagen,volkswagen,gti,4,exact,GTI,Passenger Car,Golf,,1990-2026,true
2004,lexus,lexus,rx,6,exact,RX,MPV,RX 330 2WD,,1999-2026,true
2007,toyota,toyota,corolla,6,exact,Corolla,Passenger Car,Corolla,,1990-2026,true
2009,audi,audi,a8,1,exact,A8,Passenger Car,A8,,1997-2026,true
2013,volkswagen,volkswagen,gti,4,exact,GTI,Passenger Car,GTI,,1990-2026,true
2025,volkswagen,volkswagen,jetta-gli,1,exact,Jetta,Passenger Car,GLI,,1990-2026,true
2024,audi,audi,a8,1,exact,A8 L,Passenger Car,A8 quattro,,1997-2026,true
2009,volkswagen,volkswagen,gti,4,exact,GTI,Passenger Car,GTI,,1990-2026,true
2011,volkswagen,volkswagen,gti,4,exact,GTI,Passenger Car,GTI,,1990-2026,true
2006,volkswagen,volkswagen,gti,4,exact,GTI,Passenger Car,Golf,,1990-2026,true
2014,buick,buick,envision,1,none,,,,,2016-2026,true
2026,toyota,toyota,prius-plug-in,1,exact,Prius,Passenger Car,Prius AWD,,2001-2026,true
2013,porsche,porsche,cayman,1,exact,Boxster,Passenger Car,Boxster,,1997-2025,true
2025,toyota,toyota,mirai,1,exact,Mirai,Passenger Car,Mirai XLE,,2016-2026,true
2019,toyota,toyota,prius-v,1,exact,Prius,Passenger Car,Prius c,,2001-2026,true
2020,toyota,toyota,prius-v,1,exact,Prius,Passenger Car,Prius Prime,,2001-2026,true
2009,audi,audi,r8,1,exact,R8,Passenger Car,R8,,2008-2012 2014-2018 2020-2023,true
2025,audi,audi,q6-e-tron,1,exact,Q6,MPV,Q6 e-tron quattro (19 inch wheels),,2025-2026,true
2016,audi,audi,tt,1,exact,TT,Passenger Car,TT Roadster quattro,,2000-2006 2008-2023,true
2008,acura,acura,rdx,5,exact,RDX,MPV,RDX 4WD,,2007-2026,true
2016,chevrolet,chevrolet,trailblazer,1,none,,,,,2002-2009 2021-2026,true
2017,chevrolet,chevrolet,trailblazer,1,none,,,,,2002-2009 2021-2026,true
2015,chevrolet,chevrolet,trailblazer,1,none,,,,,2002-2009 2021-2026,true
2026,land rover,landrover,range-rover-velar,1,exact,Range Rover Velar,MPV,Range Rover Velar,,2018-2026,true
2023,mazda,mazda,cx-90,1,none,,,,,2024-2026,true
2021,jaguar,jaguar,xj,1,none,,,,,1990-2019,true
2008,jaguar,jaguar,xf,1,none,,,,,2009-2024,true
2003,toyota,toyota,corolla,6,exact,Corolla,Passenger Car,Corolla,,1990-2026,true
2017,volkswagen,volkswagen,arteon,1,none,,,,,2019-2024,true
2013,subaru,subaru,tribeca,1,exact,,,Tribeca AWD,,2006-2014,true
2005,volkswagen,volkswagen,touareg,1,exact,Touareg,Passenger Car,Touareg,,2004-2018,true
2006,volkswagen,volkswagen,touareg,1,exact,Touareg,Passenger Car,Touareg,,2004-2018,true
2007,volkswagen,volkswagen,touareg,1,exact,Touareg,Passenger Car,Touareg,,2004-2018,true
2009,chevrolet,chevrolet,suburban,1,exact,Suburban,MPV,Suburban 1500 2WD,,1990-2026,true
2010,chevrolet,chevrolet,suburban,1,exact,Suburban,MPV,Suburban 1500 2WD,,1990-2026,true
2011,chevrolet,chevrolet,suburban,1,exact,Suburban,MPV,Suburban 1500 2WD,,1990-2026,true
2007,chevrolet,chevrolet,suburban,1,exact,Suburban,MPV,Suburban 1500 2WD,,1990-2026,true
2000,volvo,volvo,s80,1,exact,S80,Passenger Car,S80,,1999-2016,true
2001,volvo,volvo,s80,1,exact,S80,Passenger Car,S80/S80 Executive,,1999-2016,true
2003,volvo,volvo,s80,1,exact,S80,Passenger Car,S80/S80 Executive,,1999-2016,true
2004,volvo,volvo,s80,1,exact,S80,Passenger Car,S80 AWD,,1999-2016,true
2005,volvo,volvo,s80,1,exact,S80,Passenger Car,S80 AWD,,1999-2016,true
2008,volvo,volvo,s80,1,exact,S80,MPV,S80 AWD,,1999-2016,true
2007,volvo,volvo,s80,1,exact,S80,Passenger Car,S80 AWD,,1999-2016,true
2004,volvo,volvo,v50,1,none,,,,,2005-2011,true
2015,volvo,volvo,s80,1,exact,S80,Passenger Car,S80 AWD,,1999-2016,true
2014,volvo,volvo,s80,1,exact,S80,Passenger Car,S80 FWD,,1999-2016,true
2013,volvo,volvo,s80,1,exact,S80,Passenger Car,S80 AWD,,1999-2016,true
2011,volvo,volvo,s40,1,exact,S40,Passenger Car,S40 FWD,,1999-2011,true
2011,volvo,volvo,s80,1,exact,S80,Passenger Car,S80 FWD,,1999-2016,true
2010,volvo,volvo,s40,1,exact,S40,Passenger Car,S40 AWD,,1999-2011,true
2010,volvo,volvo,s80,1,exact,S80,Passenger Car,S80 AWD,,1999-2016,true
2009,volvo,volvo,s40,1,exact,S40,Passenger Car,S40 AWD,,1999-2011,true
2009,volvo,volvo,v50,1,exact,V50,Passenger Car,V50 AWD,,2005-2011,true
2008,volvo,volvo,s40,1,exact,S40,MPV,S40 AWD,,1999-2011,true
2008,volvo,volvo,v50,1,exact,V50,MPV,V50 AWD,,2005-2011,true
2007,volvo,volvo,v50,1,exact,V50,Passenger Car,V50 AWD,,2005-2011,true
2005,volvo,volvo,v50,1,exact,V50,Passenger Car,V50 AWD,,2005-2011,true
2021,volvo,volvo,c40,1,none,,,,,2022-2026,true
2022,volvo,volvo,c40,1,exact,C40,MPV,C40 Recharge twin,,2022-2026,true
2023,volvo,volvo,c40,1,exact,C40,MPV,C40 Recharge twin,,2022-2026,true
2024,volvo,volvo,c40,1,exact,C40,MPV,C40 Recharge,,2022-2026,true
2025,volvo,volvo,c40,1,exact,EC40,MPV,EC40 Twin,,2022-2026,true
2024,volvo,volvo,xc40,1,exact,XC40,MPV,XC40 B5 AWD,,2019-2026,true
2026,volvo,volvo,xc40,1,exact,XC40,MPV,XC40 B4,,2019-2026,true
2025,volvo,volvo,ex90,1,exact,EX90,MPV,EX90 Twin Motor (20 and 22 Inch Wheels),,2025-2026,true
2026,volvo,volvo,ex90,1,exact,EX90,MPV,EX90,,2025-2026,true
2026,volvo,volvo,xc60,1,exact,XC60,MPV,XC60 B5 AWD,,2009-2026,true
2025,volvo,volvo,ex30,1,exact,EX30,MPV,EX30 Single Motor extended range (18 Inch Wheels),,2025-2026,true
2025,bmw,bmw,xm,1,exact,XM,MPV,XM,,2023-2026,true
2022,buick,buick,encore,1,exact,Encore,MPV,Encore FWD,,2013-2026,true
2015,porsche,porsche,cayman,1,exact,Boxster,Passenger Car,Boxster,,1997-2025,true
2014,porsche,porsche,cayman,1,exact,Boxster,Passenger Car,Boxster,,1997-2025,true
2008,porsche,porsche,cayman,1,exact,Boxster,Passenger Car,Boxster,,1997-2025,true
2009,porsche,porsche,cayman,1,exact,Boxster,Passenger Car,Boxster,,1997-2025,true
2010,porsche,porsche,cayman,1,exact,Boxster,Passenger Car,Boxster,,1997-2025,true
2011,porsche,porsche,cayman,1,exact,Boxster,Passenger Car,Boxster,,1997-2025,true
2012,porsche,porsche,cayman,1,exact,Boxster,Passenger Car,Boxster,,1997-2025,true
2019,porsche,porsche,718,1,exact,718 Boxster,Passenger Car,Boxster,,1997-2025,true
2020,porsche,porsche,718,1,exact,718 Boxster,Passenger Car,718 Spyder,,1997-2025,true
2021,porsche,porsche,718,1,exact,718 Boxster,Passenger Car,718 Boxster,,1997-2025,true
2022,porsche,porsche,718,1,exact,718 Boxster,Passenger Car,718 Boxster,,1997-2025,true
2024,porsche,porsche,718,1,exact,718 Boxster,Passenger Car,718 Boxster,,1997-2025,true
2025,porsche,porsche,718,1,exact,718 Boxster,Passenger Car,718 Boxster GTS,,1997-2025,true
2014,porsche,porsche,918,1,none,,,,,2015,true
2017,buick,buick,encore,1,exact,Encore,MPV,Encore,,2013-2026,true
2019,buick,buick,encore,1,exact,Encore,MPV,Encore,,2013-2026,true
2002,jaguar,jaguar,xj,1,exact,XJ,Passenger Car,XJ Sport,,1990-2019,true
2001,toyota,toyota,avalon,1,exact,Avalon,Passenger Car,Avalon,,1995-2022,true
2003,toyota,toyota,avalon,1,exact,Avalon,Passenger Car,Avalon,,1995-2022,true
2004,toyota,toyota,avalon,1,exact,Avalon,Passenger Car,Avalon,,1995-2022,true
2026,toyota,toyota,mirai,1,exact,Mirai,Passenger Car,Mirai,,2016-2026,true
2024,toyota,toyota,mirai,1,exact,Mirai,Passenger Car,Mirai Limited,,2016-2026,true
2026,subaru,subaru,solterra,1,exact,Solterra,MPV,Solterra 20 AWD,,2023-2026,true
2025,cadillac,cadillac,celestiq,1,exact,Celestiq,Passenger Car,CELESTIQ,,2025-2026,true
2012,subaru,subaru,tribeca,1,exact,,,Tribeca AWD,,2006-2014,true
2000,toyota,toyota,avalon,1,exact,Avalon,Passenger Car,Avalon,,1995-2022,true
2002,toyota,toyota,avalon,1,exact,Avalon,Passenger Car,Avalon,,1995-2022,true
2012,audi,audi,a7,1,exact,A7,Passenger Car,A7 quattro,,2012-2025,true
2005,audi,audi,a8,1,exact,A8,Passenger Car,A8,,1997-2026,true
2011,audi,audi,r8,1,exact,R8,Passenger Car,R8 Spyder,,2008-2012 2014-2018 2020-2023,true
2005,chrysler,chrysler,sebring,1,exact,Sebring,Passenger Car,Sebring,,1995-2010,true
