fitment_id,year,make,model,display_trim,source,status,rim_overlap,ours_raw,ours_norm,usaf_norm,ours_not_in_usaf,usaf_not_in_ours,usaf_models,usaf_trim_model,trim_status,ours_unparseable
0242a7d9-8d78-45c7-afa4-0b44b905db0d,2001,acura,cl-type-s,Base,catalog-gap-fill [web_research],mismatch,true,225/50R17,225/50R17,205/60R16 215/50R17,225/50R17,205/60R16 215/50R17,CL,,,
c0d22377-43f1-46e6-9daf-745de75d5063,2002,acura,cl-type-s,Base,catalog-gap-fill [web_research],mismatch,true,225/50R17,225/50R17,205/60R16 215/50R17,225/50R17,205/60R16 215/50R17,CL,,,
9cd37e0b-63c5-45b6-9410-e48ab7c078d4,2003,acura,cl-type-s,Base,catalog-gap-fill [web_research],mismatch,true,225/50R17,225/50R17,205/60R16 215/50R17,225/50R17,205/60R16 215/50R17,CL,,,
3da59e09-52e7-496a-b2ef-ecd10a30e580,2015,acura,ilx,Base,trim-research,mismatch,false,205/55R16,205/55R16,215/45R17,205/55R16,215/45R17,ILX,,,
bb0b43a8-455a-4c20-b9a2-57974472ff57,2015,acura,ilx,"Base, Premium, Technology, A-Spec",trim-research,mismatch,false,205/55R16,205/55R16,215/45R17,205/55R16,215/45R17,ILX,,,
e9c9f46d-0021-45fe-a1c5-6e6d05d9e4d8,2015,acura,ilx,Premium,trim-research,mismatch,false,205/55R16,205/55R16,215/45R17,205/55R16,215/45R17,ILX,,,
319473a0-f894-4715-a401-391ee68b5fc8,2016,acura,ilx,"Base, Premium, Technology, A-Spec",trim-research,mismatch,false,205/55R16,205/55R16,215/45R17 225/40R18,205/55R16,215/45R17 225/40R18,ILX,,,
3341e8a5-6d2c-4c0a-bc03-2e0a9d6bac91,2016,acura,ilx,Premium,trim-research,mismatch,false,205/55R16,205/55R16,215/45R17 225/40R18,205/55R16,215/45R17 225/40R18,ILX,,,
cbbd819a-43da-4266-985d-94f823a6bc03,2016,acura,ilx,Base,trim-research,mismatch,false,205/55R16,205/55R16,215/45R17 225/40R18,205/55R16,215/45R17 225/40R18,ILX,,,
22332186-c31d-41b4-9cba-9a4a87a620bb,2017,acura,ilx,"Base, Premium, Technology, A-Spec",trim-research,mismatch,false,205/55R16,205/55R16,215/45R17 225/40R18,205/55R16,215/45R17 225/40R18,ILX,,,
8cb4e273-2bbf-4c2c-b0cf-fcf6055ce3da,2017,acura,ilx,Base,trim-research,mismatch,false,205/55R16,205/55R16,215/45R17 225/40R18,205/55R16,215/45R17 225/40R18,ILX,,,
c43a93df-9834-4bf0-bc99-8eb7e6739884,2017,acura,ilx,Premium,trim-research,mismatch,false,205/55R16,205/55R16,215/45R17 225/40R18,205/55R16,215/45R17 225/40R18,ILX,,,
11db5b94-b3b3-4d97-8a51-eb0a4d1dc4da,2019,acura,ilx,Base,trim-research,mismatch,false,205/55R16,205/55R16,215/45R17 225/40R18,205/55R16,215/45R17 225/40R18,ILX,,,
38fbeb79-7292-4d58-9f24-d63085f64454,2019,acura,ilx,Premium,trim-research,mismatch,false,205/55R16,205/55R16,215/45R17 225/40R18,205/55R16,215/45R17 225/40R18,ILX,,,
6479f441-bb3b-4dfd-a609-bf0ab032adf0,2019,acura,ilx,"Base, Premium, Technology, A-Spec",trim-research,mismatch,false,205/55R16,205/55R16,215/45R17 225/40R18,205/55R16,215/45R17 225/40R18,ILX,,,
034a2c4a-2a56-4271-acd6-71053c6b7975,2020,acura,ilx,"Base, Premium, Technology, A-Spec",trim-research,mismatch,false,205/55R16,205/55R16,215/45R17 225/40R18,205/55R16,215/45R17 225/40R18,ILX,,,
3897fa19-7259-4faa-bec0-f5350d55410d,2020,acura,ilx,Base,trim-research,mismatch,false,205/55R16,205/55R16,215/45R17 225/40R18,205/55R16,215/45R17 225/40R18,ILX,,,
d8cb12a6-9068-4c91-839e-24ae610e5998,2020,acura,ilx,Premium,trim-research,mismatch,false,205/55R16,205/55R16,215/45R17 225/40R18,205/55R16,215/45R17 225/40R18,ILX,,,
3c9234d6-b6c2-4867-bf90-05b5f286c60f,2021,acura,ilx,"Base, Premium, Technology, A-Spec",trim-research,mismatch,false,205/55R16,205/55R16,215/45R17 225/40R18,205/55R16,215/45R17 225/40R18,ILX,,,
3c955b5f-c89a-48ab-a36a-e3ec493b573c,2021,acura,ilx,Premium,trim-research,mismatch,false,205/55R16,205/55R16,215/45R17 225/40R18,205/55R16,215/45R17 225/40R18,ILX,,,
ba14e056-1722-4457-a390-d2aaba8d9439,2021,acura,ilx,Base,trim-research,mismatch,false,205/55R16,205/55R16,215/45R17 225/40R18,205/55R16,215/45R17 225/40R18,ILX,,,
1141d2df-7e3d-4963-8f3f-14897a31bb45,2022,acura,ilx,"Base, Premium, Technology, A-Spec",trim-research,mismatch,false,205/55R16,205/55R16,215/45R17 225/40R18,205/55R16,215/45R17 225/40R18,ILX,,,
ecf941fe-9e40-45f6-82cc-03795929e929,2022,acura,ilx,Premium,trim-research,mismatch,false,205/55R16,205/55R16,215/45R17 225/40R18,205/55R16,215/45R17 225/40R18,ILX,,,
fe8a4c4a-cc8e-4116-9b42-bf5bacb8d121,2022,acura,ilx,Base,trim-research,mismatch,false,205/55R16,205/55R16,215/45R17 225/40R18,205/55R16,215/45R17 225/40R18,ILX,,,
723ab5dc-7b96-4c95-ad62-be45f96e62a9,1990,acura,integra,Base,trim-research,mismatch,true,185/60R14,185/60R14,195/60R14,185/60R14,195/60R14,Integra,,,
02d7c155-db32-4d69-b16c-935563a72e08,1991,acura,integra,Base,trim-research,mismatch,true,185/60R14,185/60R14,195/60R14,185/60R14,195/60R14,Integra,,,
aca213d3-af99-4312-ba4c-a3b6566ee1db,1992,acura,integra,Base,trim-research,mismatch,true,185/60R14,185/60R14,195/60R14,185/60R14,195/60R14,Integra,,,
c4561fae-b19a-43cd-8c35-b1a0451aece4,1993,acura,integra,Base,trim-research,mismatch,true,185/60R14,185/60R14,195/60R14,185/60R14,195/60R14,Integra,,,
e2eb7620-0293-4c74-8d77-c297c529c072,2000,acura,integra-type-r,Base,catalog-gap-fill [web_research],mismatch,false,215/45R16,215/45R16,195/55R15,215/45R16,195/55R15,Integra,,,
fe3ac2bc-ff23-4fcd-a801-5d4f773a6180,2001,acura,integra-type-r,Base,catalog-gap-fill [web_research],mismatch,false,215/45R16,215/45R16,195/55R15,215/45R16,195/55R15,Integra,,,
cc0e7774-d848-4660-9ba0-842dec5403a6,2007,acura,mdx,Advance,trim-research,mismatch,false,255/50R19,255/50R19,255/55R18,255/50R19,255/55R18,MDX,,,
6c0dc2e5-7517-4acd-bc34-e48ddee55194,2008,acura,mdx,Advance,trim-research,mismatch,true,255/50R19,255/50R19,255/55R18 275/45R19,255/50R19,255/55R18 275/45R19,MDX,,,
c7c5b24b-8945-4955-afc9-f5d67ade53c1,2009,acura,mdx,Advance,trim-research,mismatch,true,255/50R19,255/50R19,255/55R18 275/45R19,255/50R19,255/55R18 275/45R19,MDX,,,
17290df7-1ca5-42f0-b70d-3d687759cc74,2014,acura,mdx,A-Spec,google-ai-overview,mismatch,false,265/45R20,265/45R20,245/55R19 245/60R18,265/45R20,245/55R19 245/60R18,MDX,,,
fc5cda7f-80e7-4d5c-8a20-aa57eeab33da,2015,acura,mdx,A-Spec,google-ai-overview,mismatch,false,265/45R20,265/45R20,245/60R18 245/55R19,265/45R20,245/60R18 245/55R19,MDX,,,
a51878d4-930d-4f63-8f95-6567abb27511,2016,acura,mdx,A-Spec,google-ai-overview,mismatch,false,265/45R20,265/45R20,245/60R18 245/55R19,265/45R20,245/60R18 245/55R19,MDX,,,
26d5c660-6cac-405b-a3b0-4fef5482c0c5,2022,acura,mdx,Advance,trim-research,mismatch,true,265/45R20,265/45R20,255/55R19 255/50R20 275/40R21,265/45R20,255/55R19 255/50R20 275/40R21,MDX,,,
88488150-be01-4944-a50f-4dd91549c76f,2022,acura,mdx,A-Spec,trim-research,mismatch,true,265/45R20,265/45R20,255/55R19 255/50R20 275/40R21,265/45R20,255/55R19 255/50R20 275/40R21,MDX,,,
a087d53d-2034-40d8-8290-5b8017f73d80,2023,acura,mdx,A-Spec,trim-research,mismatch,true,265/45R20,265/45R20,255/55R19 255/50R20 275/40R21,265/45R20,255/55R19 255/50R20 275/40R21,MDX,,,
ce41de7f-cff4-40f8-b642-f65881717c15,2023,acura,mdx,Advance,trim-research,mismatch,true,265/45R20,265/45R20,255/55R19 255/50R20 275/40R21,265/45R20,255/55R19 255/50R20 275/40R21,MDX,,,
2b0c311b-1374-4213-a615-bee0ea7f753a,1997,acura,nsx,Base,90s-research-batch,mismatch,true,215/40ZR17 255/40ZR17,215/40R17 255/40R17,215/45R16 245/40R17,215/40R17 255/40R17,215/45R16 245/40R17,NSX,,,
0a1fd230-37f4-4884-b27d-f2f508c245ba,1998,acura,nsx,Base,90s-research-batch,mismatch,true,215/40ZR17 255/40ZR17,215/40R17 255/40R17,215/45R16 245/40R17,215/40R17 255/40R17,215/45R16 245/40R17,NSX,,,
44d42a4b-25a2-4ae3-9e4a-bfb162e0e7e4,1999,acura,nsx,Base,90s-research-batch,mismatch,true,215/40ZR17 255/40ZR17,215/40R17 255/40R17,215/45R16 245/40R17,215/40R17 255/40R17,215/45R16 245/40R17,NSX,,,
ec133987-e05c-4175-ab75-fd6e81eda95a,2007,acura,rdx,A-Spec,cache-import [expanded],mismatch,true,235/60R18 255/45R20,235/60R18 255/45R20,235/55R18,235/60R18 255/45R20,235/55R18,RDX,,,
5eba831d-f064-4857-a070-b25011a38bac,2008,acura,rdx,A-Spec,cache-import [expanded],mismatch,true,235/60R18 255/45R20,235/60R18 255/45R20,235/55R18,235/60R18 255/45R20,235/55R18,RDX,,,
39b5ff58-35c9-43d9-8233-9a1e133f1b83,2009,acura,rdx,A-Spec,cache-import [expanded],mismatch,true,235/60R18 255/45R20,235/60R18 255/45R20,235/55R18,235/60R18 255/45R20,235/55R18,RDX,,,
1de70327-58d1-4c9d-a3ba-fbe48fb071ad,2010,acura,rdx,A-Spec,cache-import [expanded],mismatch,true,235/60R18 255/45R20,235/60R18 255/45R20,235/55R18,235/60R18 255/45R20,235/55R18,RDX,,,
52c96c30-7308-4b3e-b40c-e5546cb931df,2011,acura,rdx,A-Spec,cache-import [expanded],mismatch,true,235/60R18 255/45R20,235/60R18 255/45R20,235/55R18,235/60R18 255/45R20,235/55R18,RDX,,,
7cc0f7d6-be0e-4653-8e97-2cf01d84bcba,2012,acura,rdx,A-Spec,cache-import [expanded],mismatch,true,235/60R18 255/45R20,235/60R18 255/45R20,235/55R18,235/60R18 255/45R20,235/55R18,RDX,,,
50580736-7bef-4da0-941b-ec6340e5a205,2013,acura,rdx,"Base, Technology, A-Spec, Advance",trim-research,mismatch,true,235/55R18,235/55R18,235/60R18,235/55R18,235/60R18,RDX,,,
78bb3f94-0f74-4921-a1c0-e3ed22ffa692,2013,acura,rdx,Advance,trim-research,mismatch,true,235/55R18,235/55R18,235/60R18,235/55R18,235/60R18,RDX,,,
9452a658-b4c5-43a6-b5a0-ba45fa662578,2013,acura,rdx,Base,trim-research,mismatch,true,235/55R18,235/55R18,235/60R18,235/55R18,235/60R18,RDX,,,
be9a2e51-3001-4719-a41a-bcda54dd30bf,2013,acura,rdx,Technology,trim-research,mismatch,true,235/55R18,235/55R18,235/60R18,235/55R18,235/60R18,RDX,,,
101a6e13-d54d-4e5f-a248-dd3b6cb49bc4,2014,acura,rdx,Advance,trim-research,mismatch,true,235/55R18,235/55R18,235/60R18,235/55R18,235/60R18,RDX,,,
9e24ff87-8267-4232-b21a-3bebd3071af4,2014,acura,rdx,Technology,trim-research,mismatch,true,235/55R18,235/55R18,235/60R18,235/55R18,235/60R18,RDX,,,
a5432537-83a2-4488-981d-24455604dcd8,2014,acura,rdx,"Base, Technology, A-Spec, Advance",trim-research,mismatch,true,235/55R18,235/55R18,235/60R18,235/55R18,235/60R18,RDX,,,
d4400b44-ad17-4db9-9e9c-99edac89bcd6,2014,acura,rdx,Base,trim-research,mismatch,true,235/55R18,235/55R18,235/60R18,235/55R18,235/60R18,RDX,,,
01103153-07b1-42fd-ae03-5f8bc2531ecf,2015,acura,rdx,"Base, Technology, A-Spec, Advance",trim-research,mismatch,true,235/55R18,235/55R18,235/60R18,235/55R18,235/60R18,RDX,,,
9b0fdd6b-bea8-442e-8a50-719ac6378298,2015,acura,rdx,Advance,trim-research,mismatch,true,235/55R18,235/55R18,235/60R18,235/55R18,235/60R18,RDX,,,
a4fa916b-6f68-4046-a1a2-81d25c06e6cd,2015,acura,rdx,Base,trim-research,mismatch,true,235/55R18,235/55R18,235/60R18,235/55R18,235/60R18,RDX,,,
d32993a0-2aa0-4e6c-bb80-3dd7c1e634f3,2015,acura,rdx,Technology,trim-research,mismatch,true,235/55R18,235/55R18,235/60R18,235/55R18,235/60R18,RDX,,,
11add092-049a-4b08-9569-6819585ea6dd,2016,acura,rdx,Technology,trim-research,mismatch,true,235/55R18,235/55R18,235/60R18,235/55R18,235/60R18,RDX,,,
5255bdeb-6610-4829-98e0-249156de8313,2016,acura,rdx,"Base, Technology, A-Spec, Advance",trim-research,mismatch,true,235/55R18,235/55R18,235/60R18,235/55R18,235/60R18,RDX,,,
9be1d21c-e89d-449b-92be-634c071368be,2016,acura,rdx,Advance,trim-research,mismatch,true,235/55R18,235/55R18,235/60R18,235/55R18,235/60R18,RDX,,,
ae857d54-a334-42e6-bce1-566861f3af30,2016,acura,rdx,Base,trim-research,mismatch,true,235/55R18,235/55R18,235/60R18,235/55R18,235/60R18,RDX,,,
637f3741-7292-4229-b5ec-dfe99605b99a,2017,acura,rdx,Base,trim-research,mismatch,true,235/55R18,235/55R18,235/60R18,235/55R18,235/60R18,RDX,,,
a436c875-10fe-40b4-8f68-649752e6a59a,2017,acura,rdx,"Base, Technology, A-Spec, Advance",trim-research,mismatch,true,235/55R18,235/55R18,235/60R18,235/55R18,235/60R18,RDX,,,
aba1d50a-b0f5-42c3-af26-51de6e8bdc80,2017,acura,rdx,Technology,trim-research,mismatch,true,235/55R18,235/55R18,235/60R18,235/55R18,235/60R18,RDX,,,
ff057675-64ba-42d4-84fe-6d6eb3face84,2017,acura,rdx,Advance,trim-research,mismatch,true,235/55R18,235/55R18,235/60R18,235/55R18,235/60R18,RDX,,,
2a41ea47-5a48-43e2-8675-274eb4e83c8f,2000,acura,rl,Base,google-ai-overview,mismatch,false,225/55R17 245/45R18,225/55R17 245/45R18,215/60R16,225/55R17 245/45R18,215/60R16,RL,,,
ef826ac3-85b5-4e83-b1ea-32b8a4a6787c,2001,acura,rl,Base,google-ai-overview,mismatch,false,225/55R17 245/45R18,225/55R17 245/45R18,215/60R16,225/55R17 245/45R18,215/60R16,RL,,,
784b623c-738d-436e-a637-07dfb6694d1e,2002,acura,rl,Base,google-ai-overview,mismatch,false,225/55R17 245/45R18,225/55R17 245/45R18,225/55R16,225/55R17 245/45R18,225/55R16,RL,,,
a481a4a8-ca6b-4513-a415-94c34493eed6,2003,acura,rl,Base,google-ai-overview,mismatch,false,225/55R17 245/45R18,225/55R17 245/45R18,225/55R16,225/55R17 245/45R18,225/55R16,RL,,,
8601288f-7cc4-4b98-a4b2-cc393cd5fe7c,2004,acura,rl,Base,google-ai-overview,mismatch,false,225/55R17 245/45R18,225/55R17 245/45R18,225/55R16,225/55R17 245/45R18,225/55R16,RL,,,
52e38f1f-2e78-474e-8a4d-acbc88379050,1997,acura,tl,Base,90s-research-batch,mismatch,true,195/65R15 205/55R16,195/65R15 205/55R16,205/60R15 205/65R15,195/65R15 205/55R16,205/60R15 205/65R15,TL,,,
179055f0-abd0-405d-ae02-2a8c3cf660d6,1998,acura,tl,Base,90s-research-batch,mismatch,true,195/65R15 205/55R16,195/65R15 205/55R16,205/60R15 205/65R15,195/65R15 205/55R16,205/60R15 205/65R15,TL,,,
0c3b2f0b-f571-4f7b-9ebc-84f0141c226b,2024,acura,tlx,Technology,trim-research,mismatch,false,235/50R18,235/50R18,255/40R19 255/35R20,235/50R18,255/40R19 255/35R20,TLX,,,
5ca94054-2b82-41cf-ad04-773c6bce7881,2024,acura,tlx,Base,trim-research,mismatch,false,235/50R18,235/50R18,255/40R19 255/35R20,235/50R18,255/40R19 255/35R20,TLX,,,
80d5b161-8b9c-4668-ace6-d120c8072a28,2024,acura,tlx,"Base, Technology, A-Spec, Advance, Type S",trim-research,mismatch,false,235/50R18,235/50R18,255/40R19 255/35R20,235/50R18,255/40R19 255/35R20,TLX,,,
901fdc2e-cf67-453f-8c74-6d36bb22dc81,2025,acura,tlx,Base,trim-research,mismatch,false,235/50R18,235/50R18,255/40R19 255/35R20,235/50R18,255/40R19 255/35R20,TLX,,,
9aa20141-7bd4-4254-b036-f877aee281ae,2025,acura,tlx,Technology,trim-research,mismatch,false,235/50R18,235/50R18,255/40R19 255/35R20,235/50R18,255/40R19 255/35R20,TLX,,,
e050313d-e714-4354-8d20-1554757c8f1a,2025,acura,tlx,"Base, Technology, A-Spec, Advance, Type S",trim-research,mismatch,false,235/50R18,235/50R18,255/40R19 255/35R20,235/50R18,255/40R19 255/35R20,TLX,,,
943abb5b-014e-463a-91f6-94c6447b0f49,2014,aston martin,vantage,V8/V12 Vantage (2nd Gen),generation,mismatch,true,235/45R18 275/40R18 235/40R19 275/35R19 255/35R19 305/30R19,235/45R18 275/40R18 235/40R19 275/35R19 255/35R19 305/30R19,245/40R19 285/35R19,235/45R18 275/40R18 235/40R19 275/35R19 255/35R19 305/30R19,245/40R19 285/35R19,V8 Vantage,,,
4710f0f6-6919-40f7-80d7-816745db1b51,2015,aston martin,vantage,V8/V12 Vantage (2nd Gen),generation,mismatch,true,235/45R18 275/40R18 235/40R19 275/35R19 255/35R19 305/30R19,235/45R18 275/40R18 235/40R19 275/35R19 255/35R19 305/30R19,245/40R19 285/35R19,235/45R18 275/40R18 235/40R19 275/35R19 255/35R19 305/30R19,245/40R19 285/35R19,V8 Vantage,,,
ed7b3078-4332-4f37-89a0-edcb182ee6d8,2016,aston martin,vantage,V8/V12 Vantage (2nd Gen),generation,mismatch,true,235/45R18 275/40R18 235/40R19 275/35R19 255/35R19 305/30R19,235/45R18 275/40R18 235/40R19 275/35R19 255/35R19 305/30R19,245/40R19 285/35R19,235/45R18 275/40R18 235/40R19 275/35R19 255/35R19 305/30R19,245/40R19 285/35R19,V8 Vantage,,,
f8885784-edc9-47c3-b8fc-ce400b737bc0,2017,aston martin,vantage,V8/V12 Vantage (2nd Gen),generation,mismatch,true,235/45R18 275/40R18 235/40R19 275/35R19 255/35R19 305/30R19,235/45R18 275/40R18 235/40R19 275/35R19 255/35R19 305/30R19,245/40R19 285/35R19,235/45R18 275/40R18 235/40R19 275/35R19 255/35R19 305/30R19,245/40R19 285/35R19,V8 Vantage,,,
4ae864f0-923f-48c6-902f-3d783786d89e,1990,audi,80,B3/B4,90s-research-batch,mismatch,true,185/65R14 195/60R15 195/65R15,185/65R14 195/60R15 195/65R15,175/70R14 195/60R14,185/65R14 195/60R15 195/65R15,175/70R14 195/60R14,80 | 80 Quattro,,,
a4a505e6-ff87-4423-8b0b-a0c35c6f33d4,1991,audi,80,B3/B4,90s-research-batch,mismatch,true,185/65R14 195/60R15 195/65R15,185/65R14 195/60R15 195/65R15,175/70R14,185/65R14 195/60R15 195/65R15,175/70R14,80 | 80 Quattro,,,
731f378c-0648-407a-893f-cd89399dd5fc,1992,audi,80,B4,90s-research-batch,mismatch,true,185/65R14 195/60R15 195/65R15,185/65R14 195/60R15 195/65R15,175/70R14 195/60R14,185/65R14 195/60R15 195/65R15,175/70R14 195/60R14,80 | 80 Quattro,,,
d7f91f09-9741-49be-83ca-53c478764d46,1990,audi,90,B3,90s-research-batch,mismatch,true,185/65R14 195/60R15 205/60R15,185/65R14 195/60R15 205/60R15,195/60R14,185/65R14 195/60R15 205/60R15,195/60R14,90 | 90 Quattro,,,
7bceed31-3d47-4faf-8085-429d07ab605b,1991,audi,90,B3,90s-research-batch,mismatch,true,185/65R14 195/60R15 205/60R15,185/65R14 195/60R15 205/60R15,175/70R14 205/50R15,185/65R14 195/60R15 205/60R15,175/70R14 205/50R15,90 | 90 Quattro,,,
51aab8c4-ae21-4a61-a696-ba40db7ea707,1992,audi,90,B4,90s-research-batch,mismatch,false,195/65R15 205/60R15,195/65R15 205/60R15,195/60R14,195/65R15 205/60R15,195/60R14,90 Quattro,,,
123f0853-5ca9-4711-aa1a-2d386bc05f1c,1996,audi,a4,1.8T,generation_inherit,mismatch,false,195/65R15,195/65R15,205/55R16,195/65R15,205/55R16,A4 | A4 Quattro,,,
c365e3bf-10dd-4909-b7e6-1e8087c8f4e5,2000,audi,a4,1.8T,generation_inherit,mismatch,true,195/65R15,195/65R15,205/60R15 205/55R16,195/65R15,205/60R15 205/55R16,A4 | A4 Quattro,,,
5b0d6a7d-7677-4a0c-a15f-4cc6d5963c15,2001,audi,a4,1.8T,generation_inherit,mismatch,true,195/65R15,195/65R15,205/60R15 205/55R16,195/65R15,205/60R15 205/55R16,A4 | A4 Quattro,,,
017631a2-9f40-461a-8bea-cf6af033a68b,2002,audi,a4,2.0T,generation_inherit,mismatch,true,225/45R17,225/45R17,205/65R15 215/55R16 235/45R17,225/45R17,205/65R15 215/55R16 235/45R17,A4 | A4 Quattro,,,
a358f003-a4ad-43ba-b8ae-f59105ac13e9,2002,audi,a4,1.8T,generation_inherit,mismatch,true,205/55R16,205/55R16,205/65R15 215/55R16 235/45R17,205/55R16,205/65R15 215/55R16 235/45R17,A4 | A4 Quattro,,,
52566a33-c92b-429e-bfa3-bd2cede6c85f,2003,audi,a4,2.0T,generation_inherit,mismatch,true,225/45R17,225/45R17,205/65R15 235/45R17 215/55R16,225/45R17,205/65R15 235/45R17 215/55R16,A4 | A4 Quattro,,,
e979da7f-749f-4aa6-b2d1-753214b69b3d,2003,audi,a4,1.8T,generation_inherit,mismatch,true,205/55R16,205/55R16,205/65R15 235/45R17 215/55R16,205/55R16,205/65R15 235/45R17 215/55R16,A4 | A4 Quattro,,,
88c9d8e5-b3d7-430b-a00b-af76a249afd9,2004,audi,a4,1.8T,generation_inherit,mismatch,true,205/55R16,205/55R16,215/55R16 235/45R17,205/55R16,215/55R16 235/45R17,A4 | A4 Quattro,,,
9a680c05-ec2e-4261-8714-551aba0c3356,2004,audi,a4,2.0T,generation_inherit,mismatch,true,225/45R17,225/45R17,215/55R16 235/45R17,225/45R17,215/55R16 235/45R17,A4 | A4 Quattro,,,
b56f8c2c-7c55-43d1-883d-be5a654a4b7a,2005,audi,a4,1.8T,generation_inherit,mismatch,true,205/55R16,205/55R16,215/55R16 235/45R17,205/55R16,215/55R16 235/45R17,A4 | A4 Quattro,,,
e7c05b39-c038-48bb-9e80-2f86728809f6,2005,audi,a4,2.0T,generation_inherit,mismatch,true,225/45R17,225/45R17,215/55R16 235/45R17,225/45R17,215/55R16 235/45R17,A4 | A4 Quattro,,,
73b04989-5832-4031-ac5e-6a81f684b737,2006,audi,a4,2.0T,generation_inherit,mismatch,true,205/55R16,205/55R16,215/55R16 235/45R17 235/40R18,205/55R16,215/55R16 235/45R17 235/40R18,A4 | A4 Quattro,,,
e5906e81-94c2-4b9b-b15b-3d7d795c0adb,2006,audi,a4,2.0T,generation_inherit,mismatch,true,225/45R17,225/45R17,215/55R16 235/45R17 235/40R18,225/45R17,215/55R16 235/45R17 235/40R18,A4 | A4 Quattro,,,
7fb59957-a1b3-4c1f-86e5-a86c2ecd1c38,2007,audi,a4,2.0T,generation_inherit,mismatch,true,205/55R16,205/55R16,215/55R16 235/45R17 235/40R18,205/55R16,215/55R16 235/45R17 235/40R18,A4 | A4 Quattro,,,
fbc6d12d-b9ea-4bb2-8ae9-ae8f575192bd,2007,audi,a4,2.0T,generation_inherit,mismatch,true,225/45R17,225/45R17,215/55R16 235/45R17 235/40R18,225/45R17,215/55R16 235/45R17 235/40R18,A4 | A4 Quattro,,,
61b0b321-cdb0-4f4a-b6b7-4f258ea9e05d,2008,audi,a4,2.0T,generation_inherit,mismatch,true,205/55R16,205/55R16,215/55R16 235/45R17 235/40R18,205/55R16,215/55R16 235/45R17 235/40R18,A4 | A4 Quattro,,,
d56a240b-b9ec-40ce-b4e2-edfd2df91a6c,2008,audi,a4,2.0T,generation_inherit,mismatch,true,225/45R17,225/45R17,215/55R16 235/45R17 235/40R18,225/45R17,215/55R16 235/45R17 235/40R18,A4 | A4 Quattro,,,
9af385b5-bb3e-4cff-8779-68df14ff55dc,2009,audi,a4,2.0T,generation_inherit,mismatch,true,225/45R17,225/45R17,225/50R17 245/40R18 255/35R19 245/45R17 215/55R16 235/45R17 235/40R18,225/45R17,225/50R17 245/40R18 255/35R19 245/45R17 215/55R16 235/45R17 235/40R18,A4 | A4 Quattro,,,
555181f7-8a3c-449b-aa49-e8aa75bdd12e,2010,audi,a4,2.0T,generation_inherit,mismatch,true,225/45R17,225/45R17,225/50R17 245/40R18 255/35R19 245/45R17,225/45R17,225/50R17 245/40R18 255/35R19 245/45R17,A4 | A4 Quattro,,,
c8f1758b-c2e1-4d38-8ddd-512e507331a3,2011,audi,a4,2.0T,generation_inherit,mismatch,true,225/45R17,225/45R17,245/40R18 255/35R19 225/50R17 245/45R17,225/45R17,245/40R18 255/35R19 225/50R17 245/45R17,A4 | A4 Quattro,,,
2911205a-918f-4cdd-9a41-10a9359878a7,2012,audi,a4,2.0T,generation_inherit,mismatch,true,225/45R17,225/45R17,245/45R17 245/40R18 255/35R19,225/45R17,245/45R17 245/40R18 255/35R19,A4 | A4 Quattro,,,
dca9b1cb-cd2a-4425-88d3-885bdd48d214,2013,audi,a4,2.0T,generation_inherit,mismatch,true,225/45R17,225/45R17,245/45R17 225/50R17 245/40R18 255/35R19,225/45R17,245/45R17 225/50R17 245/40R18 255/35R19,A4 | A4 Quattro,,,
32fb861b-1cec-4e97-ac08-f7c0ee9424eb,2014,audi,a4,2.0T,generation_inherit,mismatch,true,225/45R17,225/45R17,245/40R18 255/35R19 245/45R17,225/45R17,245/40R18 255/35R19 245/45R17,A4 | A4 Quattro,,,
52b635e4-41e3-47aa-aa42-df1be6e1dc47,2015,audi,a4,2.0T Prestige,cleanup_cache-import,mismatch,true,245/35R19,245/35R19,245/45R17 245/40R18 255/35R19,245/35R19,245/45R17 245/40R18 255/35R19,A4 | A4 Quattro,,,
75ccc760-a577-43d1-bc81-ff5bb6a2f678,2015,audi,a4,2.0T,cleanup_cache-import,mismatch,true,225/50R17,225/50R17,245/45R17 245/40R18 255/35R19,225/50R17,245/45R17 245/40R18 255/35R19,A4 | A4 Quattro,,,
8f8f1324-1f15-41a1-a923-10b725d15296,2025,audi,a4,40 TFSI,cleanup_cache-import,mismatch,false,225/50R17,225/50R17,245/40R18 245/35R19 245/45R18,225/50R17,245/40R18 245/35R19 245/45R18,A4 Quattro | A4 allroad,,,
adac21da-3ab7-464a-a055-e1c763b9f462,2026,audi,a5,Base,catalog-gap-fill [web_research],mismatch,true,245/40R18 255/35R19,245/40R18 255/35R19,235/45R18 245/40R19,245/40R18 255/35R19,235/45R18 245/40R19,A5 Quattro,,,
05459d4b-ddd7-47e2-9d62-dd87190324a6,2000,audi,a6,45 TFSI,generation_inherit,mismatch,true,245/45R17,245/45R17,205/55R16 235/50R16 255/40R17 215/55R16,245/45R17,205/55R16 235/50R16 255/40R17 215/55R16,A6 | A6 Quattro,,,
4ed0703c-9159-43f6-b3be-06b463178f4c,2000,audi,a6,45 TFSI,generation_inherit,mismatch,true,245/45R17,245/45R17,205/55R16 235/50R16 255/40R17 215/55R16,245/45R17,205/55R16 235/50R16 255/40R17 215/55R16,A6 | A6 Quattro,,,
58cba93b-f7b8-45e4-8f8a-9f5f8db16af9,2000,audi,a6,2.7T,generation_inherit,mismatch,true,225/55R16,225/55R16,205/55R16 235/50R16 255/40R17 215/55R16,225/55R16,205/55R16 235/50R16 255/40R17 215/55R16,A6 | A6 Quattro,,,
7533deff-138e-4209-afd0-fa671fbbfc67,2001,audi,a6,2.7T,generation_inherit,mismatch,true,225/55R16,225/55R16,205/55R16 215/55R16 235/50R16 255/40R17,225/55R16,205/55R16 215/55R16 235/50R16 255/40R17,A6 | A6 Quattro,,,
9127d731-f9b6-4366-bad3-3c49376d1401,2001,audi,a6,45 TFSI,generation_inherit,mismatch,true,245/45R17,245/45R17,205/55R16 215/55R16 235/50R16 255/40R17,245/45R17,205/55R16 215/55R16 235/50R16 255/40R17,A6 | A6 Quattro,,,
ef446d70-0989-462f-bbcf-123d57d7aeba,2001,audi,a6,45 TFSI,generation_inherit,mismatch,true,245/45R17,245/45R17,205/55R16 215/55R16 235/50R16 255/40R17,245/45R17,205/55R16 215/55R16 235/50R16 255/40R17,A6 | A6 Quattro,,,
3deba7a1-274b-42cf-8d55-cb249719e0ed,2002,audi,a6,2.7T,generation_inherit,mismatch,true,225/55R16,225/55R16,235/50R16 255/40R17 205/55R16 215/55R16 235/45R17,225/55R16,235/50R16 255/40R17 205/55R16 215/55R16 235/45R17,A6 | A6 Quattro,,,
5c53e70c-d322-47b4-9e56-c2b7056f04c6,2002,audi,a6,45 TFSI,generation_inherit,mismatch,true,245/45R17,245/45R17,235/50R16 255/40R17 205/55R16 215/55R16 235/45R17,245/45R17,235/50R16 255/40R17 205/55R16 215/55R16 235/45R17,A6 | A6 Quattro,,,
eec6c7db-cbfd-4dff-8e29-6a7034d87512,2002,audi,a6,45 TFSI,generation_inherit,mismatch,true,245/45R17,245/45R17,235/50R16 255/40R17 205/55R16 215/55R16 235/45R17,245/45R17,235/50R16 255/40R17 205/55R16 215/55R16 235/45R17,A6 | A6 Quattro,,,
1af31cc4-20f5-4aad-b7fd-4875c7d9413a,2003,audi,a6,2.7T,generation_inherit,mismatch,true,225/55R16,225/55R16,205/55R16 215/55R16 235/45R17 235/50R16 255/40R17,225/55R16,205/55R16 215/55R16 235/45R17 235/50R16 255/40R17,A6 | A6 Quattro,,,
47113a44-ee48-428e-9b6c-9f15af1b76d4,2003,audi,a6,45 TFSI,generation_inherit,mismatch,true,245/45R17,245/45R17,205/55R16 215/55R16 235/45R17 235/50R16 255/40R17,245/45R17,205/55R16 215/55R16 235/45R17 235/50R16 255/40R17,A6 | A6 Quattro,,,
d50f4161-82e6-46af-868d-bf91297dd72f,2003,audi,a6,45 TFSI,generation_inherit,mismatch,true,245/45R17,245/45R17,205/55R16 215/55R16 235/45R17 235/50R16 255/40R17,245/45R17,205/55R16 215/55R16 235/45R17 235/50R16 255/40R17,A6 | A6 Quattro,,,
3dd3b609-4e03-4429-84f4-ca91ad136362,2004,audi,a6,2.7T,generation_inherit,mismatch,true,225/55R16,225/55R16,205/55R16 215/55R16 235/45R17 235/50R16 255/40R17 235/40R18,225/55R16,205/55R16 215/55R16 235/45R17 235/50R16 255/40R17 235/40R18,A6 | A6 Quattro,,,
3eda353e-416d-4a5b-82c1-46fcfc8b8233,2004,audi,a6,45 TFSI,generation_inherit,mismatch,true,245/45R17,245/45R17,205/55R16 215/55R16 235/45R17 235/50R16 255/40R17 235/40R18,245/45R17,205/55R16 215/55R16 235/45R17 235/50R16 255/40R17 235/40R18,A6 | A6 Quattro,,,
be46b1f9-49b4-4a25-8724-5af0510b9f66,2004,audi,a6,45 TFSI,generation_inherit,mismatch,true,245/45R17,245/45R17,205/55R16 215/55R16 235/45R17 235/50R16 255/40R17 235/40R18,245/45R17,205/55R16 215/55R16 235/45R17 235/50R16 255/40R17 235/40R18,A6 | A6 Quattro,,,
9e4a1026-338e-4797-b287-7b69c36d3391,2012,audi,a6,3.0T,generation_inherit,mismatch,true,245/40R18 255/35R19,245/40R18 255/35R19,225/55R17 245/45R18 255/40R19 255/35R20,245/40R18 255/35R19,225/55R17 245/45R18 255/40R19 255/35R20,A6 | A6 Quattro,,,
a6403b4f-9a5f-477a-a8c8-4f0a07c208f3,2012,audi,a6,2.0T,generation_inherit,mismatch,true,245/40R18,245/40R18,225/55R17 245/45R18 255/40R19 255/35R20,245/40R18,225/55R17 245/45R18 255/40R19 255/35R20,A6 | A6 Quattro,,,
ff258aba-ac7e-4b8e-89af-f9d302a67ff2,2012,audi,a6,3.0T Prestige,generation_inherit,mismatch,true,265/35R20,265/35R20,225/55R17 245/45R18 255/40R19 255/35R20,265/35R20,225/55R17 245/45R18 255/40R19 255/35R20,A6 | A6 Quattro,,,
277fbb51-2e44-4222-b416-5ac4a26b063c,2013,audi,a6,3.0T,generation_inherit,mismatch,true,245/40R18 255/35R19,245/40R18 255/35R19,225/55R17 245/45R18 255/40R19 255/35R20,245/40R18 255/35R19,225/55R17 245/45R18 255/40R19 255/35R20,A6 | A6 Quattro,,,
8bc34211-b42d-44a7-9030-b0714466100f,2013,audi,a6,2.0T,generation_inherit,mismatch,true,245/40R18,245/40R18,225/55R17 245/45R18 255/40R19 255/35R20,245/40R18,225/55R17 245/45R18 255/40R19 255/35R20,A6 | A6 Quattro,,,
f17973f8-75f9-46cc-bbd5-1fe59c865ae6,2013,audi,a6,3.0T Prestige,generation_inherit,mismatch,true,265/35R20,265/35R20,225/55R17 245/45R18 255/40R19 255/35R20,265/35R20,225/55R17 245/45R18 255/40R19 255/35R20,A6 | A6 Quattro,,,
2d1172e3-8f2c-493c-8c86-acd5dfb8b0cb,2014,audi,a6,3.0T Prestige,generation_inherit,mismatch,true,265/35R20,265/35R20,225/55R17 245/45R18 255/40R19 255/35R20,265/35R20,225/55R17 245/45R18 255/40R19 255/35R20,A6 | A6 Quattro,,,
4a1ba2e5-4e4e-45cb-b292-c7a7cdbf7348,2014,audi,a6,3.0T,generation_inherit,mismatch,true,245/40R18 255/35R19,245/40R18 255/35R19,225/55R17 245/45R18 255/40R19 255/35R20,245/40R18 255/35R19,225/55R17 245/45R18 255/40R19 255/35R20,A6 | A6 Quattro,,,
9b250fa2-5f8f-48e2-a5c0-7d0024074715,2014,audi,a6,2.0T,generation_inherit,mismatch,true,245/40R18,245/40R18,225/55R17 245/45R18 255/40R19 255/35R20,245/40R18,225/55R17 245/45R18 255/40R19 255/35R20,A6 | A6 Quattro,,,
03f3f0fd-795e-47a6-8369-525f58e9c11b,2015,audi,a6,2.0T,generation_inherit,mismatch,true,245/40R18,245/40R18,245/45R18 255/40R19 255/35R20,245/40R18,245/45R18 255/40R19 255/35R20,A6 | A6 Quattro,,,
c3a36bfe-bab4-4421-b1ba-2af1d2f3c91a,2015,audi,a6,3.0T,generation_inherit,mismatch,true,245/40R18 255/35R19,245/40R18 255/35R19,245/45R18 255/40R19 255/35R20,245/40R18 255/35R19,245/45R18 255/40R19 255/35R20,A6 | A6 Quattro,,,
f067740f-4881-4742-97af-6a788729581b,2015,audi,a6,3.0T Prestige,generation_inherit,mismatch,true,265/35R20,265/35R20,245/45R18 255/40R19 255/35R20,265/35R20,245/45R18 255/40R19 255/35R20,A6 | A6 Quattro,,,
0c390419-8180-459c-b346-68df380f871a,2016,audi,a6,2.0T,generation_inherit,mismatch,true,245/40R18,245/40R18,245/45R18 255/40R19 255/35R20,245/40R18,245/45R18 255/40R19 255/35R20,A6 | A6 Quattro,,,
7c963f4e-44b6-4950-93d0-b85c651da7ff,2016,audi,a6,3.0T Prestige,generation_inherit,mismatch,true,265/35R20,265/35R20,245/45R18 255/40R19 255/35R20,265/35R20,245/45R18 255/40R19 255/35R20,A6 | A6 Quattro,,,
bd29b47f-ff86-488f-901a-c10e28524aa8,2016,audi,a6,3.0T,generation_inherit,mismatch,true,245/40R18 255/35R19,245/40R18 255/35R19,245/45R18 255/40R19 255/35R20,245/40R18 255/35R19,245/45R18 255/40R19 255/35R20,A6 | A6 Quattro,,,
1c21ab6c-7d0c-4484-ac15-d206e556e8eb,2017,audi,a6,3.0T,generation_inherit,mismatch,true,245/40R18 255/35R19,245/40R18 255/35R19,245/45R18 255/40R19 255/35R20,245/40R18 255/35R19,245/45R18 255/40R19 255/35R20,A6 | A6 Quattro,,,
3d135d92-adcc-4bca-b55f-6f8497a7c44c,2017,audi,a6,2.0T,generation_inherit,mismatch,true,245/40R18,245/40R18,245/45R18 255/40R19 255/35R20,245/40R18,245/45R18 255/40R19 255/35R20,A6 | A6 Quattro,,,
bc3fba47-4185-4b11-9e58-b4899538423b,2017,audi,a6,3.0T Prestige,generation_inherit,mismatch,true,265/35R20,265/35R20,245/45R18 255/40R19 255/35R20,265/35R20,245/45R18 255/40R19 255/35R20,A6 | A6 Quattro,,,
22f93d04-71b9-4503-82d9-c02e0a534343,2019,audi,a6,55 TFSI Prestige,generation_inherit,mismatch,true,265/35R20,265/35R20,245/45R19 255/40R20 255/35R21,265/35R20,245/45R19 255/40R20 255/35R21,A6 Quattro,,,
490c8162-bac1-4487-b728-00bc49fd0783,2019,audi,a6,55 TFSI,generation_inherit,mismatch,true,255/35R19,255/35R19,245/45R19 255/40R20 255/35R21,255/35R19,245/45R19 255/40R20 255/35R21,A6 Quattro,,,
fd82a734-d7c0-466a-8347-f8f3bf522975,2019,audi,a6,45 TFSI,generation_inherit,mismatch,false,245/40R18,245/40R18,245/45R19 255/40R20 255/35R21,245/40R18,245/45R19 255/40R20 255/35R21,A6 Quattro,,,
8bc46203-e06d-45dc-843f-429fbb16f2b1,2020,audi,a6,45 TFSI,cleanup_cache-import,mismatch,false,225/55R18 225/55ZR18,225/55R18,245/45R19 255/40R20 255/35R21 245/45R20,225/55R18,245/45R19 255/40R20 255/35R21 245/45R20,A6 Quattro | A6 allroad,,,
946a6787-641c-4dd2-9615-6ac1adf1c521,2021,audi,a6,45 TFSI,cleanup_cache-import,mismatch,false,225/55R18 225/55ZR18,225/55R18,245/45R19 255/40R20 245/45R20,225/55R18,245/45R19 255/40R20 245/45R20,A6 Quattro | A6 allroad,,,
54abdb63-58dc-4c93-841b-0fd76e1f52b5,2022,audi,a6,45 TFSI,cleanup_cache-import,mismatch,false,225/55R18,225/55R18,245/45R19 255/40R20 245/45R20,225/55R18,245/45R19 255/40R20 245/45R20,A6 Quattro | A6 allroad,,,
b0bb2768-e90c-45b9-8406-01eea067103d,2023,audi,a6,45 TFSI,cleanup_cache-import,mismatch,false,225/55R18,225/55R18,245/45R19 255/40R20 245/45R20,225/55R18,245/45R19 255/40R20 245/45R20,A6 Quattro | A6 allroad,,,
2d821fa2-1861-494e-a8b4-ca8fd9768c32,2024,audi,a6,45 TFSI,cleanup_cache-import,mismatch,false,225/55R18,225/55R18,245/45R19 255/40R20 245/45R20,225/55R18,245/45R19 255/40R20 245/45R20,A6 Quattro | A6 allroad,,,
c8d477a0-b92a-483f-8377-8120edfdec69,2025,audi,a6,45 TFSI,cleanup_cache-import,mismatch,false,225/55R18,225/55R18,245/45R19 255/40R20 255/35R21 245/45R20,225/55R18,245/45R19 255/40R20 255/35R21 245/45R20,A6 Quattro | A6 allroad,,,
b9e05846-03c0-45a4-9cba-b9996161c83b,2026,audi,a6,45 TFSI,cleanup_cache-import,mismatch,false,225/55R18,225/55R18,245/45R19 255/40R20 255/35R21 245/45R20,225/55R18,245/45R19 255/40R20 255/35R21 245/45R20,A6 Quattro | A6 allroad,,,
15079179-0a31-42f6-8fc6-9b52bd406148,2025,audi,a6-e-tron,Base,catalog-gap-fill,mismatch,true,225/55R18 245/45R19 255/40R20 265/35R21,225/55R18 245/45R19 255/40R20 265/35R21,225/55R19 245/50R19 235/45R20 265/40R20,225/55R18 245/45R19 255/40R20 265/35R21,225/55R19 245/50R19 235/45R20 265/40R20,A6 Sportback e-tron,,,
1ad223b4-3d01-4d8b-a62a-d5ae0ce70c86,2025,audi,a6-e-tron,Base,google-ai-overview,mismatch,true,255/45R20,255/45R20,225/55R19 245/50R19 235/45R20 265/40R20,255/45R20,225/55R19 245/50R19 235/45R20 265/40R20,A6 Sportback e-tron,,,
b32f657e-609a-4fad-a8c0-7d587721c98b,2012,audi,a7,Base,trim-research,mismatch,true,245/45R18,245/45R18,255/45R18 265/35R20 255/40R19,245/45R18,255/45R18 265/35R20 255/40R19,A7 Quattro,,,
79d26608-b7af-46ce-bf71-5ac4fc49a95c,2013,audi,a7,Base,trim-research,mismatch,true,245/45R18,245/45R18,255/45R18 255/40R19 265/35R20,245/45R18,255/45R18 255/40R19 265/35R20,A7 Quattro,,,
2bdf7bc8-c5c8-4237-b37b-dfadc4f60ec8,2019,audi,a7,Base,google-ai-overview,mismatch,true,255/40R19,255/40R19,245/45R19 255/40R20 255/35R21,255/40R19,245/45R19 255/40R20 255/35R21,A7 Sportback,,,
d9d82587-6216-40f6-8b81-fc3234e099ac,2020,audi,a7,Base,google-ai-overview,mismatch,true,255/40R19,255/40R19,245/45R19 255/40R20 255/35R21,255/40R19,245/45R19 255/40R20 255/35R21,A7 Sportback,,,
9c937609-bc8d-4371-b950-385bdaf74250,2021,audi,a7,Base,google-ai-overview,mismatch,false,255/40R19,255/40R19,255/40R20 255/35R21,255/40R19,255/40R20 255/35R21,A7 Sportback,,,
61c994d1-ebaa-4bc4-b6e8-87e6a17fc9e1,2022,audi,a7,Base,google-ai-overview,mismatch,false,255/40R19,255/40R19,255/40R20 255/35R21,255/40R19,255/40R20 255/35R21,A7 Sportback,,,
74d4e0ba-7b06-4d62-a7ba-f8c56abf6750,2023,audi,a7,Base,google-ai-overview,mismatch,false,255/40R19,255/40R19,255/40R20 255/35R21,255/40R19,255/40R20 255/35R21,A7 Sportback,,,
8eb2ac7e-37c4-4279-bd7b-14dce91fd35b,2024,audi,a7,Base,trim-research,mismatch,false,255/40R19,255/40R19,255/40R20 255/35R21,255/40R19,255/40R20 255/35R21,A7 Sportback,,,
52ca11ed-8f7e-4343-8d6a-7bd102fe6456,2025,audi,a7,Base,verified-research [sizes-inherited],mismatch,true,255/40R19 255/35R20,255/40R19 255/35R20,255/40R20 255/35R21,255/40R19 255/35R20,255/40R20 255/35R21,A7 Sportback,,,
af8f5ed7-8a86-4f1c-9720-f257710b6af7,2000,audi,a8,Base,google-ai-overview,mismatch,false,245/45R18,245/45R18,225/60R16 225/55R17,245/45R18,225/60R16 225/55R17,A8 Quattro,,,
f66d2582-88b7-4611-9736-4b193f09ab19,2001,audi,a8,Base,trim-research,mismatch,false,255/45R19,255/45R19,225/60R16 225/55R17,255/45R19,225/60R16 225/55R17,A8 Quattro,,,
b619dee9-8b89-401b-8fce-98e05ee4a12b,2002,audi,a8,Base,trim-research,mismatch,false,255/45R19,255/45R19,225/60R16 225/55R17 245/45R18,255/45R19,225/60R16 225/55R17 245/45R18,A8 Quattro,,,
870f88a3-20dc-4d19-b704-099b76fd91d1,2003,audi,a8,Base,catalog-gap-fill [web_research],mismatch,true,245/55R18 255/45R19,245/55R18 255/45R19,225/60R16 225/55R17 245/45R18,245/55R18 255/45R19,225/60R16 225/55R17 245/45R18,A8 Quattro,,,
86dca7e4-fef6-427c-ad7c-74f17a588b0b,2004,audi,a8,Base,trim-research,mismatch,true,245/50R18,245/50R18,235/55R17 255/45R18 255/40R19,245/50R18,235/55R17 255/45R18 255/40R19,A8 Quattro,,,
fe35ba7e-1c45-4801-8192-6c3796036649,2005,audi,a8,Base,trim-research,mismatch,true,245/50R18,245/50R18,255/40R19 275/35R20 235/55R17 255/45R18,245/50R18,255/40R19 275/35R20 235/55R17 255/45R18,A8 Quattro,,,
558a1f5f-660b-4dbc-bb5c-b1c37583aa69,2006,audi,a8,Base,google-ai-overview,mismatch,true,245/45R18,245/45R18,255/40R19 255/45R18 275/35R20,245/45R18,255/40R19 255/45R18 275/35R20,A8 Quattro,,,
83fc7baa-873c-4077-bdaf-1c31da70cc24,2007,audi,a8,Base,google-ai-overview,mismatch,true,245/45R18,245/45R18,255/45R18 255/40R19 275/35R20,245/45R18,255/45R18 255/40R19 275/35R20,A8 Quattro,,,
1d6c30c5-4947-42c9-bd58-6c1eb48f175a,2008,audi,a8,Base,trim-research,mismatch,true,245/50R18,245/50R18,255/45R18 275/35R20 255/40R19,245/50R18,255/45R18 275/35R20 255/40R19,A8 Quattro,,,
625cf891-ba67-4891-bfe2-957ba7fd598c,2009,audi,a8,Base,trim-research,mismatch,true,245/50R18,245/50R18,255/45R18 255/40R19 275/35R20,245/50R18,255/45R18 255/40R19 275/35R20,A8 Quattro,,,
df0eb672-1e05-4a2e-80cf-4b254729f264,2010,audi,a8,Base,catalog-gap-fill [web_research],mismatch,true,255/45ZR19,255/45R19,255/40R19 275/35R20 255/45R18,255/45R19,255/40R19 275/35R20 255/45R18,A8 Quattro,,,
b8eb4360-9ad9-4546-aa08-cfd34e7c2642,2011,audi,a8,Base,trim-research,mismatch,false,255/50R18,255/50R18,255/45R19 265/40R20,255/50R18,255/45R19 265/40R20,A8 Quattro,,,
897c9839-6b4a-4db6-a707-4c00e4a7e95c,2013,audi,a8,L,trim-research,mismatch,false,255/50R18,255/50R18,255/45R19 265/40R20,255/50R18,255/45R19 265/40R20,A8 Quattro,,,
ed5e1694-2c3a-432f-84a1-40072fe8111a,2013,audi,a8,L Quattro,trim-research,mismatch,false,255/50R18,255/50R18,255/45R19 265/40R20,255/50R18,255/45R19 265/40R20,A8 Quattro,,,
f8f54eea-2f93-4fd2-bacd-e66802e1d5d6,2013,audi,a8,"L, L Quattro",trim-research,mismatch,false,255/50R18,255/50R18,255/45R19 265/40R20,255/50R18,255/45R19 265/40R20,A8 Quattro,,,
12ac2586-5864-438f-98c1-fe04c3848d0f,2014,audi,a8,L,trim-research,mismatch,false,255/50R18,255/50R18,255/45R19 265/40R20,255/50R18,255/45R19 265/40R20,A8 Quattro,,,
1af5c02b-7d0a-44d3-96bc-056e18db8452,2014,audi,a8,L Quattro,trim-research,mismatch,false,255/50R18,255/50R18,255/45R19 265/40R20,255/50R18,255/45R19 265/40R20,A8 Quattro,,,
ecd18589-0175-4f3e-94b0-7a7dc9546d52,2014,audi,a8,"L, L Quattro",trim-research,mismatch,false,255/50R18,255/50R18,255/45R19 265/40R20,255/50R18,255/45R19 265/40R20,A8 Quattro,,,
3c7091c2-5180-4bfc-a275-6501a24fa12a,2016,audi,a8,L,trim-research,mismatch,false,255/50R18,255/50R18,255/45R19 265/40R20 275/35R21,255/50R18,255/45R19 265/40R20 275/35R21,A8 Quattro,,,
afcf1479-1557-425b-a556-b2e384eeb7a1,2016,audi,a8,L Quattro,trim-research,mismatch,false,255/50R18,255/50R18,255/45R19 265/40R20 275/35R21,255/50R18,255/45R19 265/40R20 275/35R21,A8 Quattro,,,
b6994a56-0c1b-4c20-afbc-e3e1b0bc2a1b,2016,audi,a8,"L, L Quattro",trim-research,mismatch,false,255/50R18,255/50R18,255/45R19 265/40R20 275/35R21,255/50R18,255/45R19 265/40R20 275/35R21,A8 Quattro,,,
7a19a57f-b801-4d83-9779-493082c54670,2025,audi,a8,Base,verified-research [sizes-inherited],mismatch,true,235/55R18 245/50R19 255/45R20 275/35R21,235/55R18 245/50R19 255/45R20 275/35R21,265/35R21 265/40R20,235/55R18 245/50R19 255/45R20 275/35R21,265/35R21 265/40R20,A8 Quattro,,,
b8335e0f-8663-4a60-875b-65f1ab4dd8fc,2026,audi,a8,Base,catalog-gap-fill,mismatch,true,235/55R18 245/50R19 255/45R20 275/35R21,235/55R18 245/50R19 255/45R20 275/35R21,265/40R20 265/35R21,235/55R18 245/50R19 255/45R20 275/35R21,265/40R20 265/35R21,A8 Quattro,,,
79f39ce4-40e8-4e51-8d67-9e8599cb63f1,2022,audi,e-tron-s,Base,catalog-gap-fill [web_research],mismatch,true,245/45R20,245/45R20,255/50R20 285/40R21 285/35R22,245/45R20,255/50R20 285/40R21 285/35R22,e-tron S | e-tron S Sportback,,,
e0acacc6-146d-4ed8-8f5d-576fe6883408,2023,audi,e-tron-s,Base,catalog-gap-fill [web_research],mismatch,true,245/45R20,245/45R20,255/50R20 285/35R22,245/45R20,255/50R20 285/35R22,e-tron S | e-tron S Sportback,,,
0382691a-4224-40b0-b2da-882e914b22ea,2016,audi,q3,"Premium, Premium Plus, Prestige",luxury-gap-fill [web_research],mismatch,true,215/60R17 235/55R18 235/50R19,215/60R17 235/55R18 235/50R19,235/50R18 255/40R19,215/60R17 235/55R18 235/50R19,235/50R18 255/40R19,Q3 | Q3 Quattro,,,
2a607d70-a41a-4a8a-bffe-60c7ecb562b3,2016,audi,q3,Prestige,luxury-gap-fill [web_research] [expanded],mismatch,true,215/60R17 235/55R18 235/50R19,215/60R17 235/55R18 235/50R19,235/50R18 255/40R19,215/60R17 235/55R18 235/50R19,235/50R18 255/40R19,Q3 | Q3 Quattro,,,
6659c955-9407-47f0-b507-120b0021f65f,2016,audi,q3,Premium,luxury-gap-fill [web_research] [expanded],mismatch,true,215/60R17 235/55R18 235/50R19,215/60R17 235/55R18 235/50R19,235/50R18 255/40R19,215/60R17 235/55R18 235/50R19,235/50R18 255/40R19,Q3 | Q3 Quattro,,,
ac2e90c5-e066-446b-a945-8577c0d2e4d5,2016,audi,q3,Premium Plus,luxury-gap-fill [web_research] [expanded],mismatch,true,215/60R17 235/55R18 235/50R19,215/60R17 235/55R18 235/50R19,235/50R18 255/40R19,215/60R17 235/55R18 235/50R19,235/50R18 255/40R19,Q3 | Q3 Quattro,,,
002d4fc8-89a3-474d-a7f3-7b98da1e8aa3,2017,audi,q3,Prestige,luxury-gap-fill [web_research] [expanded],mismatch,true,215/60R17 235/55R18 235/50R19,215/60R17 235/55R18 235/50R19,235/50R18 255/40R19,215/60R17 235/55R18 235/50R19,235/50R18 255/40R19,Q3 | Q3 Quattro,,,
09e9c21b-5efe-4afb-8706-78dcf5d491c7,2017,audi,q3,"Premium, Premium Plus, Prestige",luxury-gap-fill [web_research],mismatch,true,215/60R17 235/55R18 235/50R19,215/60R17 235/55R18 235/50R19,235/50R18 255/40R19,215/60R17 235/55R18 235/50R19,235/50R18 255/40R19,Q3 | Q3 Quattro,,,
481c5830-1700-4b40-b6e7-8bfae3808001,2017,audi,q3,Premium,luxury-gap-fill [web_research] [expanded],mismatch,true,215/60R17 235/55R18 235/50R19,215/60R17 235/55R18 235/50R19,235/50R18 255/40R19,215/60R17 235/55R18 235/50R19,235/50R18 255/40R19,Q3 | Q3 Quattro,,,
4b736f0f-62f2-45ae-b4a0-9ebfcc61b015,2017,audi,q3,Premium Plus,luxury-gap-fill [web_research] [expanded],mismatch,true,215/60R17 235/55R18 235/50R19,215/60R17 235/55R18 235/50R19,235/50R18 255/40R19,215/60R17 235/55R18 235/50R19,235/50R18 255/40R19,Q3 | Q3 Quattro,,,
87facdd7-56fd-41ce-ac68-824c33c4b173,2025,audi,q6-e-tron,Base,catalog-gap-fill,mismatch,true,235/55R19 255/50R19 255/45R20 285/40R21,235/55R19 255/50R19 255/45R20 285/40R21,235/60R19 255/55R19 255/50R20 285/45R20 235/65R18 255/60R18,235/55R19 255/50R19 255/45R20 285/40R21,235/60R19 255/55R19 255/50R20 285/45R20 235/65R18 255/60R18,Q6 e-tron,,,
6bab7b5b-83cd-4cdc-9244-56846d370c43,2024,audi,q8-e-tron,Base,catalog-gap-fill [web_research],mismatch,true,245/45R20,245/45R20,255/50R20 265/45R21,245/45R20,255/50R20 265/45R21,Q8 e-tron,,,
75e0d509-9725-4ae0-b526-61835f4812df,2024,audi,q8-sportback-e-tron,Base,catalog-gap-fill [web_research],mismatch,true,245/45R20,245/45R20,255/50R20 255/55R19 265/45R21 265/40R22,245/45R20,255/50R20 255/55R19 265/45R21 265/40R22,Q8 e-tron Sportback,,,
9e9fb457-f093-4238-a27a-5e3759aaf48e,2008,audi,r8,Base,catalog-gap-fill,mismatch,true,245/35R19 295/35R19 295/30R20 305/30R20,245/35R19 295/35R19 295/30R20 305/30R20,235/35R19 295/30R19,245/35R19 295/35R19 295/30R20 305/30R20,235/35R19 295/30R19,R8,,,
fa632f3f-379c-4e42-80ca-76a2366729d7,2009,audi,r8,Base,catalog-gap-fill,mismatch,true,245/35R19 295/35R19 295/30R20 305/30R20,245/35R19 295/35R19 295/30R20 305/30R20,235/35R19 295/30R19 305/30R19,245/35R19 295/35R19 295/30R20 305/30R20,235/35R19 295/30R19 305/30R19,R8,,,
5d6fa507-ea2e-4771-a2e5-c7622a4f735f,2010,audi,r8,Base,catalog-gap-fill,mismatch,true,245/35R19 295/35R19 295/30R20 305/30R20,245/35R19 295/35R19 295/30R20 305/30R20,235/35R19 295/30R19 305/30R19,245/35R19 295/35R19 295/30R20 305/30R20,235/35R19 295/30R19 305/30R19,R8,,,
2b9e72e0-9631-4763-a5fc-1deec79498ba,2011,audi,r8,Base,catalog-gap-fill,mismatch,true,245/35R19 295/35R19 295/30R20 305/30R20,245/35R19 295/35R19 295/30R20 305/30R20,235/35R19 295/30R19 305/30R19,245/35R19 295/35R19 295/30R20 305/30R20,235/35R19 295/30R19 305/30R19,R8,,,
15d129e4-62a7-47e1-bade-ce37bb39e207,2012,audi,r8,Base,catalog-gap-fill,mismatch,true,245/35R19 295/35R19 295/30R20 305/30R20,245/35R19 295/35R19 295/30R20 305/30R20,235/35R19 305/30R19 295/30R19,245/35R19 295/35R19 295/30R20 305/30R20,235/35R19 305/30R19 295/30R19,R8,,,
c70ad51e-088f-40af-9c0a-9a4866d6a222,2014,audi,r8,Base,catalog-gap-fill,mismatch,true,245/35R19 295/35R19 295/30R20 305/30R20,245/35R19 295/35R19 295/30R20 305/30R20,235/35R19 305/30R19 295/30R19,245/35R19 295/35R19 295/30R20 305/30R20,235/35R19 305/30R19 295/30R19,R8,,,
b6c433b4-9540-473b-abe3-f5e6b2523872,2015,audi,r8,Base,catalog-gap-fill,mismatch,true,245/35R19 295/35R19 295/30R20 305/30R20,245/35R19 295/35R19 295/30R20 305/30R20,235/35R19 295/30R19 305/30R19,245/35R19 295/35R19 295/30R20 305/30R20,235/35R19 295/30R19 305/30R19,R8,,,
fd3bae74-9b64-4cd5-b7bf-8957b0fe424e,2022,audi,rs3,Base,catalog-gap-fill,mismatch,true,235/40R18 255/30R19 255/25R20,235/40R18 255/30R19 255/25R20,265/30R19 245/35R19,235/40R18 255/30R19 255/25R20,265/30R19 245/35R19,RS3,,,
0bbaa857-664a-439e-a255-7ba0df73d3dd,2023,audi,rs3,Base,catalog-gap-fill,mismatch,true,235/40R18 255/30R19 255/25R20,235/40R18 255/30R19 255/25R20,265/30R19 245/35R19,235/40R18 255/30R19 255/25R20,265/30R19 245/35R19,RS3,,,
7d7eb6c5-8bb9-400b-96cd-49fa4e098f01,2024,audi,rs3,Base,catalog-gap-fill,mismatch,true,235/40R18 255/30R19 255/25R20,235/40R18 255/30R19 255/25R20,265/30R19 245/35R19,235/40R18 255/30R19 255/25R20,265/30R19 245/35R19,RS3,,,
cbec49dd-4664-489b-9bc3-5c936d1798e7,2025,audi,rs3,Base,catalog-gap-fill,mismatch,true,235/40R18 255/30R19 255/25R20,235/40R18 255/30R19 255/25R20,265/30R19 245/35R19,235/40R18 255/30R19 255/25R20,265/30R19 245/35R19,RS3,,,
708d0476-66be-4571-80c4-8653a99cb75f,2026,audi,rs3,Base,catalog-gap-fill,mismatch,true,235/40R18 255/30R19 255/25R20,235/40R18 255/30R19 255/25R20,265/30R19 245/35R19,235/40R18 255/30R19 255/25R20,265/30R19 245/35R19,RS3,,,
102aa316-8665-4859-92d6-c7aace2be41d,2003,audi,rs6,Base,trim-research,mismatch,true,225/45R18,225/45R18,255/40R18,225/45R18,255/40R18,RS6,,,
23f0b596-7d38-43f7-acc9-cfb6549b36fd,2021,audi,rs7,Base,trim-research,mismatch,true,275/30R21 285/30R21,275/30R21 285/30R21,285/30R22 275/35R21,275/30R21 285/30R21,285/30R22 275/35R21,RS7 Sportback,,,
a51963ec-2609-4fae-9018-589ea104e8e9,2022,audi,rs7,Base,trim-research,mismatch,true,275/30R21 285/30R21,275/30R21 285/30R21,275/35R21 285/30R22,275/30R21 285/30R21,275/35R21 285/30R22,RS7 Sportback,,,
497de464-be14-461e-a5bc-0c3f793f4a5c,2023,audi,rs7,Base,trim-research,mismatch,true,275/30R21 285/30R21,275/30R21 285/30R21,275/35R21 285/30R22,275/30R21 285/30R21,275/35R21 285/30R22,RS7 Sportback,,,
c8331546-e5a8-4327-ba63-8b4e9f2a7d17,2024,audi,rs7,Base,trim-research,mismatch,true,275/30R21 285/30R21,275/30R21 285/30R21,275/35R21 285/30R22,275/30R21 285/30R21,275/35R21 285/30R22,RS7 Sportback,,,
83b665d2-7514-4e70-97e6-dadc079cdec6,2023,audi,s4,S4,generation_inherit,mismatch,false,245/40R18,245/40R18,255/35R19,245/40R18,255/35R19,S4,,,
5c38746a-b217-4037-adbb-07e9a94a7208,2024,audi,s4,S4,generation_inherit,mismatch,false,245/40R18,245/40R18,255/35R19,245/40R18,255/35R19,S4,,,
4836cd6c-3b54-46f4-aa0e-8d21ac1751f2,2025,audi,s4,S4,generation_inherit,mismatch,false,245/40R18,245/40R18,255/35R19,245/40R18,255/35R19,S4,,,
ba4db3db-0e04-424c-8a49-6a3b7f5bf1d4,2001,audi,s8,Base,trim-research,mismatch,false,215/60R16,215/60R16,245/45R18,215/60R16,245/45R18,S8,,,
b5665629-b662-4162-a2e4-c85eb594e116,2002,audi,s8,Base,trim-research,mismatch,false,215/60R16,215/60R16,245/45R18,215/60R16,245/45R18,S8,,,
f82c29bb-e3bc-4396-9212-5a639b34033f,2003,audi,s8,Base,trim-research,mismatch,false,215/60R16,215/60R16,245/45R18,215/60R16,245/45R18,S8,,,
cab8c59a-7f24-4c68-9f22-2578a6559fe2,2025,audi,sq6-e-tron,Base,catalog-gap-fill [web_research],mismatch,true,245/45R20,245/45R20,255/50R20 285/45R20 255/45R21 285/40R21,245/45R20,255/50R20 285/45R20 255/45R21 285/40R21,SQ6 e-tron,,,
8555ffd1-d6d1-4f37-ba65-332dd19634dc,2009,audi,tt-rs,Base,catalog-gap-fill,mismatch,true,245/35R19 255/30R20,245/35R19 255/30R20,225/50R17 245/40R18 255/35R19,245/35R19 255/30R20,225/50R17 245/40R18 255/35R19,TT,,,
30b02354-b33e-4a99-af25-8aa138f2c2da,2012,audi,tt-rs,Base,catalog-gap-fill,mismatch,true,245/35R19 255/30R20,245/35R19 255/30R20,255/35R19,245/35R19 255/30R20,255/35R19,TT RS Quattro,,,
74dc47d5-0ec1-409a-983e-7b4d49aaafe4,2013,audi,tt-rs,Base,catalog-gap-fill,mismatch,true,245/35R19 255/30R20,245/35R19 255/30R20,255/35R19,245/35R19 255/30R20,255/35R19,TT RS Quattro,,,
fc2aac58-51d1-4df8-9d92-59afc6861777,2017,bentley,bentayga,1st Gen (2020 Facelift),generation,mismatch,true,285/45R20 285/40R21 285/35R22 325/30R22 295/35R23 325/30R23,285/45R20 285/40R21 285/35R22 325/30R22 295/35R23 325/30R23,285/40R22 275/50R20 285/45R21,285/45R20 285/40R21 285/35R22 325/30R22 295/35R23 325/30R23,285/40R22 275/50R20 285/45R21,Bentayga,,,
c0bb4dde-a369-4d35-b0e0-afcc6a918768,2019,bentley,bentayga,1st Gen (2020 Facelift),generation,mismatch,true,285/45R20 285/40R21 285/35R22 325/30R22 295/35R23 325/30R23,285/45R20 285/40R21 285/35R22 325/30R22 295/35R23 325/30R23,275/50R20 285/45R21 285/40R22,285/45R20 285/40R21 285/35R22 325/30R22 295/35R23 325/30R23,275/50R20 285/45R21 285/40R22,Bentayga,,,
c4e6eb24-ec2a-4633-ad83-370178cb23be,2020,bentley,bentayga,1st Gen (2020 Facelift),generation,mismatch,true,285/45R20 285/40R21 285/35R22 325/30R22 295/35R23 325/30R23,285/45R20 285/40R21 285/35R22 325/30R22 295/35R23 325/30R23,285/40R22 275/50R20 285/45R21,285/45R20 285/40R21 285/35R22 325/30R22 295/35R23 325/30R23,285/40R22 275/50R20 285/45R21,Bentayga,,,
1e505b9e-520d-48f3-8ae0-27f342a5b115,2021,bentley,bentayga,1st Gen (2020 Facelift),generation,mismatch,true,285/45R20 285/40R21 285/35R22 325/30R22 295/35R23 325/30R23,285/45R20 285/40R21 285/35R22 325/30R22 295/35R23 325/30R23,285/40R22 285/45R21,285/45R20 285/40R21 285/35R22 325/30R22 295/35R23 325/30R23,285/40R22 285/45R21,Bentayga,,,
f182a1c7-6988-499d-896d-800513eac99b,2022,bentley,bentayga,1st Gen (2020 Facelift),generation,mismatch,true,285/45R20 285/40R21 285/35R22 325/30R22 295/35R23 325/30R23,285/45R20 285/40R21 285/35R22 325/30R22 295/35R23 325/30R23,285/40R22 285/45R21,285/45R20 285/40R21 285/35R22 325/30R22 295/35R23 325/30R23,285/40R22 285/45R21,Bentayga,,,
50e133c3-df53-44b9-af37-a7a4a5e6f147,2023,bentley,bentayga,1st Gen (2020 Facelift),generation,mismatch,true,285/45R20 285/40R21 285/35R22 325/30R22 295/35R23 325/30R23,285/45R20 285/40R21 285/35R22 325/30R22 295/35R23 325/30R23,285/40R22 285/45R21,285/45R20 285/40R21 285/35R22 325/30R22 295/35R23 325/30R23,285/40R22 285/45R21,Bentayga,,,
fb9e723d-bcdf-464b-9d76-ce9106dba476,2024,bentley,bentayga,1st Gen (2020 Facelift),generation,mismatch,true,285/45R20 285/40R21 285/35R22 325/30R22 295/35R23 325/30R23,285/45R20 285/40R21 285/35R22 325/30R22 295/35R23 325/30R23,285/40R22 285/45R21,285/45R20 285/40R21 285/35R22 325/30R22 295/35R23 325/30R23,285/40R22 285/45R21,Bentayga,,,
70243eec-6af6-4362-ae61-94b0b0932098,2025,bentley,bentayga,1st Gen (2020 Facelift),generation,mismatch,true,285/45R20 285/40R21 285/35R22 325/30R22 295/35R23 325/30R23,285/45R20 285/40R21 285/35R22 325/30R22 295/35R23 325/30R23,285/40R22 285/45R21,285/45R20 285/40R21 285/35R22 325/30R22 295/35R23 325/30R23,285/40R22 285/45R21,Bentayga,,,
18ae4feb-a077-426b-ad94-5b6200e0cb20,2026,bentley,bentayga,1st Gen (2020 Facelift),generation,mismatch,true,285/45R20 285/40R21 285/35R22 325/30R22 295/35R23 325/30R23,285/45R20 285/40R21 285/35R22 325/30R22 295/35R23 325/30R23,285/40R22 285/45R21 285/35R23,285/45R20 285/40R21 285/35R22 325/30R22 295/35R23 325/30R23,285/40R22 285/45R21 285/35R23,Bentayga,,,
f20f1b78-be2a-474c-bbf6-c88d6958af50,1991,bmw,3-series,Base,cache-import,mismatch,true,195/65R15 205/60R15 205/55R16 225/50R16 235/45R17,195/65R15 205/60R15 205/55R16 225/50R16 235/45R17,205/55R15 195/65R14,195/65R15 205/60R15 205/55R16 225/50R16 235/45R17,205/55R15 195/65R14,M3 | 325i,,,
771fbad0-797b-408e-9df9-7bdc85079c35,1992,bmw,3-series,330i xDrive,generation_inherit,mismatch,false,205/60R16,205/60R16,195/65R14 205/55R15 205/60R15 225/55R15,205/60R16,195/65R14 205/55R15 205/60R15 225/55R15,325i,,,
4431ba0c-d335-457a-bea9-767563d49b3c,1993,bmw,3-series,330i xDrive,generation_inherit,mismatch,false,205/60R16,205/60R16,195/65R14 205/55R15 205/60R15 225/55R15,205/60R16,195/65R14 205/55R15 205/60R15 225/55R15,325i,,,
e858c532-f7e0-49eb-93c7-d1bd388c4346,1994,bmw,3-series,330i xDrive,generation_inherit,mismatch,false,205/60R16,205/60R16,205/60R15 225/55R15,205/60R16,205/60R15 225/55R15,325i,,,
15755329-3b78-4bcb-ad64-e35fe4e8899c,1995,bmw,3-series,330i xDrive,generation_inherit,mismatch,true,205/60R16,205/60R16,235/40R17 205/60R15 225/55R15 225/50R16 185/65R15,205/60R16,235/40R17 205/60R15 225/55R15 225/50R16 185/65R15,M3 | 325i | 318ti,,,
a29fb24c-c6e1-411c-888d-e81d4b37749b,1996,bmw,3-series,330i xDrive,generation_inherit,mismatch,true,205/60R16,205/60R16,225/45R17 245/40R17 205/60R15 225/50R16 185/65R15,205/60R16,225/45R17 245/40R17 205/60R15 225/50R16 185/65R15,M3 | 328i | 318ti,,,
b5c9464f-bd73-4205-ae72-da99fc0a7014,1997,bmw,3-series,330i xDrive,generation_inherit,mismatch,true,205/60R16,205/60R16,225/45R17 245/40R17 205/60R15 225/50R16 185/65R15,205/60R16,225/45R17 245/40R17 205/60R15 225/50R16 185/65R15,M3 | 328i | 318ti,,,
16be6fa7-f1c3-4d7d-b165-9279d577d221,1998,bmw,3-series,330i xDrive,generation_inherit,mismatch,true,205/60R16,205/60R16,225/45R17 245/40R17 205/60R15 225/50R16 185/65R15,205/60R16,225/45R17 245/40R17 205/60R15 225/50R16 185/65R15,M3 | 328i | 318i,,,
10d6dedd-a112-4e9c-b37f-d1d63a59a4ef,1999,bmw,3-series,330i xDrive,generation_inherit,mismatch,true,205/60R16,205/60R16,225/45R17 245/40R17 205/55R16 205/60R15 225/50R16 185/65R15 195/65R15,205/60R16,225/45R17 245/40R17 205/55R16 205/60R15 225/50R16 185/65R15 195/65R15,M3 | 328i | 318ti | 323i,,,
2c544979-b5ba-4d01-9f27-90e2a9d9fbf0,1999,bmw,3-series,330i xDrive,generation_inherit,mismatch,true,225/50R17,225/50R17,225/45R17 245/40R17 205/55R16 205/60R15 225/50R16 185/65R15 195/65R15,225/50R17,225/45R17 245/40R17 205/55R16 205/60R15 225/50R16 185/65R15 195/65R15,M3 | 328i | 318ti | 323i,,,
4c140f40-d1d3-4a2d-8237-36ac6b24fa11,1999,bmw,3-series,330i xDrive,generation_inherit,mismatch,true,205/60R16,205/60R16,225/45R17 245/40R17 205/55R16 205/60R15 225/50R16 185/65R15 195/65R15,205/60R16,225/45R17 245/40R17 205/55R16 205/60R15 225/50R16 185/65R15 195/65R15,M3 | 328i | 318ti | 323i,,,
b89794d6-c34e-40dc-9d45-e59f72ca1d73,1999,bmw,3-series,330i xDrive,generation_inherit,mismatch,true,205/60R16,205/60R16,225/45R17 245/40R17 205/55R16 205/60R15 225/50R16 185/65R15 195/65R15,205/60R16,225/45R17 245/40R17 205/55R16 205/60R15 225/50R16 185/65R15 195/65R15,M3 | 328i | 318ti | 323i,,,
dde401e6-b9df-497a-9e0e-b320f0d68824,1999,bmw,3-series,330i xDrive,generation_inherit,mismatch,true,205/60R16,205/60R16,225/45R17 245/40R17 205/55R16 205/60R15 225/50R16 185/65R15 195/65R15,205/60R16,225/45R17 245/40R17 205/55R16 205/60R15 225/50R16 185/65R15 195/65R15,M3 | 328i | 318ti | 323i,,,
210f3428-a249-400d-9c04-920ca7b79a7a,2000,bmw,3-series,330i xDrive,generation_inherit,mismatch,true,205/60R16,205/60R16,205/55R16 225/45R17 195/65R15 225/50R16 245/40R17,205/60R16,205/55R16 225/45R17 195/65R15 225/50R16 245/40R17,328i | 323i | 323Ci | 328Ci,,,
2f85bdae-aa26-47e1-87ab-2b1323e3dd4c,2000,bmw,3-series,330i xDrive,generation_inherit,mismatch,true,205/60R16,205/60R16,205/55R16 225/45R17 195/65R15 225/50R16 245/40R17,205/60R16,205/55R16 225/45R17 195/65R15 225/50R16 245/40R17,328i | 323i | 323Ci | 328Ci,,,
b253b4b3-4417-4a1a-a87a-10e83804d6df,2000,bmw,3-series,330i xDrive,generation_inherit,mismatch,true,205/60R16,205/60R16,205/55R16 225/45R17 195/65R15 225/50R16 245/40R17,205/60R16,205/55R16 225/45R17 195/65R15 225/50R16 245/40R17,328i | 323i | 323Ci | 328Ci,,,
c910d247-6aa6-4df3-80e7-2f17c935dbcf,2000,bmw,3-series,330i xDrive,generation_inherit,mismatch,true,225/50R17,225/50R17,205/55R16 225/45R17 195/65R15 225/50R16 245/40R17,225/50R17,205/55R16 225/45R17 195/65R15 225/50R16 245/40R17,328i | 323i | 323Ci | 328Ci,,,
2c6740b7-f6cb-48ce-bae7-53646042e5b3,2001,bmw,3-series,330i xDrive,generation_inherit,mismatch,true,205/60R16,205/60R16,225/45R18 255/40R18 205/50R17 225/45R17 245/40R17 205/55R16,205/60R16,225/45R18 255/40R18 205/50R17 225/45R17 245/40R17 205/55R16,M3 | 330i | 325i | 325xi | 325Ci | 330xi | 330Ci,,,
7c508844-d24b-4c97-aca0-cdca5cda5a3a,2001,bmw,3-series,330i xDrive,generation_inherit,mismatch,true,225/50R17,225/50R17,225/45R18 255/40R18 205/50R17 225/45R17 245/40R17 205/55R16,225/50R17,225/45R18 255/40R18 205/50R17 225/45R17 245/40R17 205/55R16,M3 | 330i | 325i | 325xi | 325Ci | 330xi | 330Ci,,,
7e0ad1bc-fc8c-4ecc-a364-6b7274f74ac9,2001,bmw,3-series,330i xDrive,generation_inherit,mismatch,true,205/60R16,205/60R16,225/45R18 255/40R18 205/50R17 225/45R17 245/40R17 205/55R16,205/60R16,225/45R18 255/40R18 205/50R17 225/45R17 245/40R17 205/55R16,M3 | 330i | 325i | 325xi | 325Ci | 330xi | 330Ci,,,
ba55b6ff-cba9-42e4-b980-33e116dd1a46,2001,bmw,3-series,330i xDrive,generation_inherit,mismatch,true,205/60R16,205/60R16,225/45R18 255/40R18 205/50R17 225/45R17 245/40R17 205/55R16,205/60R16,225/45R18 255/40R18 205/50R17 225/45R17 245/40R17 205/55R16,M3 | 330i | 325i | 325xi | 325Ci | 330xi | 330Ci,,,
0fcd85e7-3ee2-4eec-a7b3-b538d179a43d,2002,bmw,3-series,330i xDrive,generation_inherit,mismatch,true,205/60R16,205/60R16,225/45R18 255/40R18 225/40R19 255/35R19 205/50R17 225/45R17 245/40R17 205/55R16,205/60R16,225/45R18 255/40R18 225/40R19 255/35R19 205/50R17 225/45R17 245/40R17 205/55R16,M3 | 330i | 325i | 325xi | 325Ci | 330xi | 330Ci,,,
1c79b0da-29b1-4260-93f3-329ee28336ba,2002,bmw,3-series,330i xDrive,generation_inherit,mismatch,true,225/50R17,225/50R17,225/45R18 255/40R18 225/40R19 255/35R19 205/50R17 225/45R17 245/40R17 205/55R16,225/50R17,225/45R18 255/40R18 225/40R19 255/35R19 205/50R17 225/45R17 245/40R17 205/55R16,M3 | 330i | 325i | 325xi | 325Ci | 330xi | 330Ci,,,
7f0ebb05-a8cf-4b66-8ffa-2108ed5ea2c4,2002,bmw,3-series,330i xDrive,generation_inherit,mismatch,true,205/60R16,205/60R16,225/45R18 255/40R18 225/40R19 255/35R19 205/50R17 225/45R17 245/40R17 205/55R16,205/60R16,225/45R18 255/40R18 225/40R19 255/35R19 205/50R17 225/45R17 245/40R17 205/55R16,M3 | 330i | 325i | 325xi | 325Ci | 330xi | 330Ci,,,
e17a2358-f733-40bf-ae3e-74f908817969,2002,bmw,3-series,330i xDrive,generation_inherit,mismatch,true,205/60R16,205/60R16,225/45R18 255/40R18 225/40R19 255/35R19 205/50R17 225/45R17 245/40R17 205/55R16,205/60R16,225/45R18 255/40R18 225/40R19 255/35R19 205/50R17 225/45R17 245/40R17 205/55R16,M3 | 330i | 325i | 325xi | 325Ci | 330xi | 330Ci,,,
6e3f78bd-8558-484b-9c54-76f8185b0d27,2003,bmw,3-series,330i xDrive,generation_inherit,mismatch,true,205/60R16,205/60R16,225/45R18 255/40R18 225/40R19 255/35R19 205/50R17 225/45R17 245/40R17 225/40R18 255/35R18 205/55R16,205/60R16,225/45R18 255/40R18 225/40R19 255/35R19 205/50R17 225/45R17 245/40R17 225/40R18 255/35R18 205/55R16,M3 | 330i | 325i | 325xi | 325Ci | 330xi | 330Ci,,,
76747799-3404-4f76-9750-89318c40e26e,2003,bmw,3-series,330i xDrive,generation_inherit,mismatch,true,205/60R16,205/60R16,225/45R18 255/40R18 225/40R19 255/35R19 205/50R17 225/45R17 245/40R17 225/40R18 255/35R18 205/55R16,205/60R16,225/45R18 255/40R18 225/40R19 255/35R19 205/50R17 225/45R17 245/40R17 225/40R18 255/35R18 205/55R16,M3 | 330i | 325i | 325xi | 325Ci | 330xi | 330Ci,,,
778de781-26ce-4194-a3b5-12a449998bb1,2003,bmw,3-series,330i xDrive,generation_inherit,mismatch,true,225/50R17,225/50R17,225/45R18 255/40R18 225/40R19 255/35R19 205/50R17 225/45R17 245/40R17 225/40R18 255/35R18 205/55R16,225/50R17,225/45R18 255/40R18 225/40R19 255/35R19 205/50R17 225/45R17 245/40R17 225/40R18 255/35R18 205/55R16,M3 | 330i | 325i | 325xi | 325Ci | 330xi | 330Ci,,,
79cffaac-f88b-4284-94c2-a0c7c899a916,2003,bmw,3-series,330i xDrive,generation_inherit,mismatch,true,205/60R16,205/60R16,225/45R18 255/40R18 225/40R19 255/35R19 205/50R17 225/45R17 245/40R17 225/40R18 255/35R18 205/55R16,205/60R16,225/45R18 255/40R18 225/40R19 255/35R19 205/50R17 225/45R17 245/40R17 225/40R18 255/35R18 205/55R16,M3 | 330i | 325i | 325xi | 325Ci | 330xi | 330Ci,,,
27cc1e31-c518-40f3-935d-51e0f2641a53,2004,bmw,3-series,330i xDrive,generation_inherit,mismatch,true,205/60R16,205/60R16,225/45R18 255/40R18 225/40R19 255/35R19 205/50R17 225/45R17 245/40R17 225/40R18 255/35R18 205/55R16,205/60R16,225/45R18 255/40R18 225/40R19 255/35R19 205/50R17 225/45R17 245/40R17 225/40R18 255/35R18 205/55R16,M3 | 330i | 325i | 325xi | 325Ci | 330xi | 330Ci,,,
76367d39-c3f1-4b38-b538-c915fdf7f476,2004,bmw,3-series,330i xDrive,generation_inherit,mismatch,true,205/60R16,205/60R16,225/45R18 255/40R18 225/40R19 255/35R19 205/50R17 225/45R17 245/40R17 225/40R18 255/35R18 205/55R16,205/60R16,225/45R18 255/40R18 225/40R19 255/35R19 205/50R17 225/45R17 245/40R17 225/40R18 255/35R18 205/55R16,M3 | 330i | 325i | 325xi | 325Ci | 330xi | 330Ci,,,
ca7367ca-edf1-4470-b697-18d70c69cd9e,2004,bmw,3-series,330i xDrive,generation_inherit,mismatch,true,205/60R16,205/60R16,225/45R18 255/40R18 225/40R19 255/35R19 205/50R17 225/45R17 245/40R17 225/40R18 255/35R18 205/55R16,205/60R16,225/45R18 255/40R18 225/40R19 255/35R19 205/50R17 225/45R17 245/40R17 225/40R18 255/35R18 205/55R16,M3 | 330i | 325i | 325xi | 325Ci | 330xi | 330Ci,,,
de63d8c4-4421-49ca-867e-0528d7508d67,2004,bmw,3-series,330i xDrive,generation_inherit,mismatch,true,225/50R17,225/50R17,225/45R18 255/40R18 225/40R19 255/35R19 205/50R17 225/45R17 245/40R17 225/40R18 255/35R18 205/55R16,225/50R17,225/45R18 255/40R18 225/40R19 255/35R19 205/50R17 225/45R17 245/40R17 225/40R18 255/35R18 205/55R16,M3 | 330i | 325i | 325xi | 325Ci | 330xi | 330Ci,,,
33271ddd-f75b-40fa-8be6-a943da3eacb7,2005,bmw,3-series,330i xDrive,generation_inherit,mismatch,true,225/50R17,225/50R17,225/45R18 255/40R18 225/40R19 255/35R19 205/50R17 225/45R17 245/40R17 225/40R18 255/35R18 205/55R16,225/50R17,225/45R18 255/40R18 225/40R19 255/35R19 205/50R17 225/45R17 245/40R17 225/40R18 255/35R18 205/55R16,M3 | 330i | 325i | 325xi | 325Ci | 330xi | 330Ci,,,
82a26c57-ff2f-4a6d-a009-e3cc00bbefb3,2005,bmw,3-series,330i xDrive,generation_inherit,mismatch,true,205/60R16,205/60R16,225/45R18 255/40R18 225/40R19 255/35R19 205/50R17 225/45R17 245/40R17 225/40R18 255/35R18 205/55R16,205/60R16,225/45R18 255/40R18 225/40R19 255/35R19 205/50R17 225/45R17 245/40R17 225/40R18 255/35R18 205/55R16,M3 | 330i | 325i | 325xi | 325Ci | 330xi | 330Ci,,,
cd33806d-3b2c-497f-9a85-59ebb1510520,2005,bmw,3-series,330i xDrive,generation_inherit,mismatch,true,205/60R16,205/60R16,225/45R18 255/40R18 225/40R19 255/35R19 205/50R17 225/45R17 245/40R17 225/40R18 255/35R18 205/55R16,205/60R16,225/45R18 255/40R18 225/40R19 255/35R19 205/50R17 225/45R17 245/40R17 225/40R18 255/35R18 205/55R16,M3 | 330i | 325i | 325xi | 325Ci | 330xi | 330Ci,,,
cec393e6-6aac-4115-9489-fbc12e9922b6,2005,bmw,3-series,330i xDrive,generation_inherit,mismatch,true,205/60R16,205/60R16,225/45R18 255/40R18 225/40R19 255/35R19 205/50R17 225/45R17 245/40R17 225/40R18 255/35R18 205/55R16,205/60R16,225/45R18 255/40R18 225/40R19 255/35R19 205/50R17 225/45R17 245/40R17 225/40R18 255/35R18 205/55R16,M3 | 330i | 325i | 325xi | 325Ci | 330xi | 330Ci,,,
519ffe94-c198-4a49-a6ea-a41844016db6,2006,bmw,3-series,330i xDrive,generation_inherit,mismatch,true,205/60R16 225/50R17,205/60R16 225/50R17,225/45R18 255/40R18 225/40R19 255/35R19 225/45R17 225/40R18 255/35R18 205/55R16 255/40R17 205/50R17 245/40R17,205/60R16 225/50R17,225/45R18 255/40R18 225/40R19 255/35R19 225/45R17 225/40R18 255/35R18 205/55R16 255/40R17 205/50R17 245/40R17,M3 | 330i | 325i | 325xi | 325Ci | 330xi | 330Ci,,,
6e4f4db5-4554-42f7-ae7f-bf792c8d880e,2006,bmw,3-series,330i xDrive,generation_inherit,mismatch,true,205/60R16,205/60R16,225/45R18 255/40R18 225/40R19 255/35R19 225/45R17 225/40R18 255/35R18 205/55R16 255/40R17 205/50R17 245/40R17,205/60R16,225/45R18 255/40R18 225/40R19 255/35R19 225/45R17 225/40R18 255/35R18 205/55R16 255/40R17 205/50R17 245/40R17,M3 | 330i | 325i | 325xi | 325Ci | 330xi | 330Ci,,,
b6add2be-d0af-4296-b674-01fc60e9009d,2006,bmw,3-series,330i xDrive,generation_inherit,mismatch,true,225/50R17,225/50R17,225/45R18 255/40R18 225/40R19 255/35R19 225/45R17 225/40R18 255/35R18 205/55R16 255/40R17 205/50R17 245/40R17,225/50R17,225/45R18 255/40R18 225/40R19 255/35R19 225/45R17 225/40R18 255/35R18 205/55R16 255/40R17 205/50R17 245/40R17,M3 | 330i | 325i | 325xi | 325Ci | 330xi | 330Ci,,,
b7df7bfb-e678-408c-933d-0f7b1e86d115,2006,bmw,3-series,330i xDrive,generation_inherit,mismatch,true,205/60R16,205/60R16,225/45R18 255/40R18 225/40R19 255/35R19 225/45R17 225/40R18 255/35R18 205/55R16 255/40R17 205/50R17 245/40R17,205/60R16,225/45R18 255/40R18 225/40R19 255/35R19 225/45R17 225/40R18 255/35R18 205/55R16 255/40R17 205/50R17 245/40R17,M3 | 330i | 325i | 325xi | 325Ci | 330xi | 330Ci,,,
f791a8b5-36f6-46e1-bc8f-5eafe3d7e97f,2006,bmw,3-series,330i xDrive,generation_inherit,mismatch,true,205/60R16,205/60R16,225/45R18 255/40R18 225/40R19 255/35R19 225/45R17 225/40R18 255/35R18 205/55R16 255/40R17 205/50R17 245/40R17,205/60R16,225/45R18 255/40R18 225/40R19 255/35R19 225/45R17 225/40R18 255/35R18 205/55R16 255/40R17 205/50R17 245/40R17,M3 | 330i | 325i | 325xi | 325Ci | 330xi | 330Ci,,,
d3691622-b705-4eaa-96c6-74889a3416d9,2007,bmw,3-series,335i,generation_inherit,mismatch,true,225/50R17 225/45R18 255/40R18,225/50R17 225/45R18 255/40R18,205/55R16 225/45R17 255/40R17 225/40R18 255/35R18,225/50R17 225/45R18 255/40R18,205/55R16 225/45R17 255/40R17 225/40R18 255/35R18,328i | 335i | 328xi | 335xi,335i,mismatch,
6a6c2e91-a05a-460e-bf19-19e54fc9195c,2008,bmw,3-series,330i xDrive,generation_inherit,mismatch,true,225/50R17 225/45R18 255/40R18,225/50R17 225/45R18 255/40R18,245/40R18 265/40R18 245/35R19 265/35R19 205/55R16 225/45R17 255/40R17 225/40R18 255/35R18 225/35R19 255/30R19,225/50R17 225/45R18 255/40R18,245/40R18 265/40R18 245/35R19 265/35R19 205/55R16 225/45R17 255/40R17 225/40R18 255/35R18 225/35R19 255/30R19,M3 | 328i | 335i | 328xi | 335xi,,,
d615e1f0-d415-4017-926b-c76821b9cde5,2008,bmw,3-series,330i xDrive,generation_inherit,mismatch,true,205/60R16 225/50R17,205/60R16 225/50R17,245/40R18 265/40R18 245/35R19 265/35R19 205/55R16 225/45R17 255/40R17 225/40R18 255/35R18 225/35R19 255/30R19,205/60R16 225/50R17,245/40R18 265/40R18 245/35R19 265/35R19 205/55R16 225/45R17 255/40R17 225/40R18 255/35R18 225/35R19 255/30R19,M3 | 328i | 335i | 328xi | 335xi,,,
093e8ad4-f834-491a-bf3a-32942fa435c3,2009,bmw,3-series,330i xDrive,generation_inherit,mismatch,true,205/60R16 225/50R17,205/60R16 225/50R17,245/40R18 265/40R18 245/35R19 265/35R19 225/45R17 225/40R18 255/35R18 205/55R16 255/40R17 225/35R19 255/30R19,205/60R16 225/50R17,245/40R18 265/40R18 245/35R19 265/35R19 225/45R17 225/40R18 255/35R18 205/55R16 255/40R17 225/35R19 255/30R19,M3 | 328i | 328i xDrive | 335i | 335i xDrive | 335d,,,
9af73c48-af66-48ff-b97c-dbd4082a03c2,2009,bmw,3-series,330i xDrive,generation_inherit,mismatch,true,225/50R17 225/45R18 255/40R18,225/50R17 225/45R18 255/40R18,245/40R18 265/40R18 245/35R19 265/35R19 225/45R17 225/40R18 255/35R18 205/55R16 255/40R17 225/35R19 255/30R19,225/50R17 225/45R18 255/40R18,245/40R18 265/40R18 245/35R19 265/35R19 225/45R17 225/40R18 255/35R18 205/55R16 255/40R17 225/35R19 255/30R19,M3 | 328i | 328i xDrive | 335i | 335i xDrive | 335d,,,
1b1eb5d4-4c1d-4e7a-be08-ea044217c332,2010,bmw,3-series,330i xDrive,generation_inherit,mismatch,true,205/60R16 225/50R17,205/60R16 225/50R17,245/40R18 265/40R18 245/35R19 265/35R19 225/45R17 225/40R18 255/35R18 205/55R16 255/40R17 225/35R19 255/30R19,205/60R16 225/50R17,245/40R18 265/40R18 245/35R19 265/35R19 225/45R17 225/40R18 255/35R18 205/55R16 255/40R17 225/35R19 255/30R19,M3 | 328i | 328i xDrive | 335i | 335i xDrive | 335d,,,
9872a0f2-804a-48ee-a5f7-0f7f0932ef98,2010,bmw,3-series,330i xDrive,generation_inherit,mismatch,true,225/50R17 225/45R18 255/40R18,225/50R17 225/45R18 255/40R18,245/40R18 265/40R18 245/35R19 265/35R19 225/45R17 225/40R18 255/35R18 205/55R16 255/40R17 225/35R19 255/30R19,225/50R17 225/45R18 255/40R18,245/40R18 265/40R18 245/35R19 265/35R19 225/45R17 225/40R18 255/35R18 205/55R16 255/40R17 225/35R19 255/30R19,M3 | 328i | 328i xDrive | 335i | 335i xDrive | 335d,,,
7ba8c1a0-b091-4b6c-adcd-6290122cc6a1,2011,bmw,3-series,330i xDrive,generation_inherit,mismatch,true,225/50R17 225/45R18 255/40R18,225/50R17 225/45R18 255/40R18,245/40R18 265/40R18 245/35R19 265/35R19 205/55R16 225/45R17 255/40R17 225/40R18 255/35R18 225/35R19 255/30R19,225/50R17 225/45R18 255/40R18,245/40R18 265/40R18 245/35R19 265/35R19 205/55R16 225/45R17 255/40R17 225/40R18 255/35R18 225/35R19 255/30R19,M3 | 328i | 328i xDrive | 335i | 335i xDrive | 335is | 335d,,,
eebac62a-4184-4ce3-8582-88b1cf5b112e,2011,bmw,3-series,330i xDrive,generation_inherit,mismatch,true,205/60R16 225/50R17,205/60R16 225/50R17,245/40R18 265/40R18 245/35R19 265/35R19 205/55R16 225/45R17 255/40R17 225/40R18 255/35R18 225/35R19 255/30R19,205/60R16 225/50R17,245/40R18 265/40R18 245/35R19 265/35R19 205/55R16 225/45R17 255/40R17 225/40R18 255/35R18 225/35R19 255/30R19,M3 | 328i | 328i xDrive | 335i | 335i xDrive | 335is | 335d,,,
1b137927-121b-4f55-bf29-1b40d939ccc0,2015,bmw,4-series-gran-coupe,Base,catalog-gap-fill [web_research],mismatch,true,215/55R17,215/55R17,225/40R19 225/45R18 225/50R17 255/40R18 255/35R19,215/55R17,225/40R19 225/45R18 225/50R17 255/40R18 255/35R19,428i Gran Coupe,,,
23c87368-d6ec-4c57-89a9-b626f7cc1123,2016,bmw,4-series-gran-coupe,Base,catalog-gap-fill [web_research],mismatch,false,215/55R17,215/55R17,225/45R18 255/40R18 225/40R19 255/35R19,215/55R17,225/45R18 255/40R18 225/40R19 255/35R19,428i Gran Coupe | 428i xDrive Gran Coupe | 435i Gran Coupe | 435i xDrive Gran Coupe,,,
7e8c5f16-2771-4ffd-b3b3-736fa9baf823,2017,bmw,4-series-gran-coupe,Base,catalog-gap-fill [web_research],mismatch,false,215/55R17,215/55R17,225/45R18 255/40R18 225/40R19 255/35R19,215/55R17,225/45R18 255/40R18 225/40R19 255/35R19,430i Gran Coupe,,,
61935c90-1a9f-4fd7-98dd-ad03f2420b9d,2019,bmw,4-series-gran-coupe,Base,catalog-gap-fill [web_research],mismatch,false,215/55R17,215/55R17,225/45R18 255/40R18 225/40R19 255/35R19,215/55R17,225/45R18 255/40R18 225/40R19 255/35R19,430i Gran Coupe,,,
8e151296-8401-49e3-82a5-4d497e5b80d1,2020,bmw,4-series-gran-coupe,Base,catalog-gap-fill [web_research],mismatch,false,215/55R17,215/55R17,225/45R18 255/40R18 225/40R19 255/35R19,215/55R17,225/45R18 255/40R18 225/40R19 255/35R19,430i Gran Coupe,,,
a74e94ac-1523-42d5-8900-e85972f72ba8,2022,bmw,4-series-gran-coupe,Base,catalog-gap-fill [web_research],mismatch,false,215/55R17,215/55R17,245/45R18 245/40R19 255/40R19 245/35R20 255/35R20,215/55R17,245/45R18 245/40R19 255/40R19 245/35R20 255/35R20,430i Gran Coupe,,,
f31523ae-79f5-4946-a10d-8b3e05493a72,2023,bmw,4-series-gran-coupe,Base,catalog-gap-fill [web_research],mismatch,false,215/55R17,215/55R17,245/45R18 245/40R19 255/40R19 245/35R20 255/35R20,215/55R17,245/45R18 245/40R19 255/40R19 245/35R20 255/35R20,430i Gran Coupe,,,
57f56d3c-7bdd-460c-94cc-3a9446b9997e,2024,bmw,4-series-gran-coupe,Base,catalog-gap-fill [web_research],mismatch,false,215/55R17,215/55R17,245/45R18 245/40R19 255/40R19 245/35R20 255/35R20,215/55R17,245/45R18 245/40R19 255/40R19 245/35R20 255/35R20,430i Gran Coupe,,,
6c7ab771-6fa3-464d-8e78-4fcae51cdecf,2025,bmw,4-series-gran-coupe,Base,catalog-gap-fill [web_research],mismatch,false,215/55R17,215/55R17,245/45R18 245/40R19 255/40R19 245/35R20 255/35R20,215/55R17,245/45R18 245/40R19 255/40R19 245/35R20 255/35R20,430i Gran Coupe,,,
5e9b4e6f-15b8-4ff2-9f19-df1e73722570,2026,bmw,4-series-gran-coupe,Base,verified-research [sizes-inherited],mismatch,false,215/55R17,215/55R17,245/45R18 245/40R19 255/40R19 245/35R20 255/35R20,215/55R17,245/45R18 245/40R19 255/40R19 245/35R20 255/35R20,430i Gran Coupe | 430i xDrive Gran Coupe | M440i Gran Coupe | M440i xDrive Gran Coupe,,,
6470eaa0-61ba-4254-b132-9055947f9496,2026,bmw,4-series-gran-coupe,Base,catalog-gap-fill [web_research],mismatch,false,215/55R17,215/55R17,245/45R18 245/40R19 255/40R19 245/35R20 255/35R20,215/55R17,245/45R18 245/40R19 255/40R19 245/35R20 255/35R20,430i Gran Coupe | 430i xDrive Gran Coupe | M440i Gran Coupe | M440i xDrive Gran Coupe,,,
646e24c6-e451-41a0-9c70-403d1774f0f3,1997,bmw,5-series,M5,generation_inherit,mismatch,true,225/55R17,225/55R17,225/55R16 235/45R17 225/60R15,225/55R17,225/55R16 235/45R17 225/60R15,540i | 528i,,,
e037be36-dcd4-46e2-8108-fe530d3fb1a6,1997,bmw,5-series,M5,generation_inherit,mismatch,true,225/55R17,225/55R17,225/55R16 235/45R17 225/60R15,225/55R17,225/55R16 235/45R17 225/60R15,540i | 528i,,,
5d4bf521-04a0-44a6-9421-40ec06629c8a,1998,bmw,5-series,M5,generation_inherit,mismatch,true,225/55R17,225/55R17,225/55R16 235/45R17 255/40R17 225/60R15,225/55R17,225/55R16 235/45R17 255/40R17 225/60R15,540i | 528i,,,
c4b92019-7a81-4f8a-a78d-dbc3ce58deb3,1998,bmw,5-series,M5,generation_inherit,mismatch,true,225/55R17,225/55R17,225/55R16 235/45R17 255/40R17 225/60R15,225/55R17,225/55R16 235/45R17 255/40R17 225/60R15,540i | 528i,,,
0e21c86f-4eb0-4e75-8b88-47767578ef8b,1999,bmw,5-series,M5,generation_inherit,mismatch,true,225/55R17,225/55R17,225/55R16 235/45R17 255/40R17 225/60R15,225/55R17,225/55R16 235/45R17 255/40R17 225/60R15,540i | 528i,,,
cedad2e8-f5b2-4e33-8390-39c4d3004520,1999,bmw,5-series,M5,generation_inherit,mismatch,true,225/55R17,225/55R17,225/55R16 235/45R17 255/40R17 225/60R15,225/55R17,225/55R16 235/45R17 255/40R17 225/60R15,540i | 528i,,,
52bf883c-6380-4328-a1fc-80d28b112c9e,2000,bmw,5-series,M5,generation_inherit,mismatch,true,225/55R17,225/55R17,245/40R18 275/35R18 225/55R16 235/45R17 255/40R17 225/60R15,225/55R17,245/40R18 275/35R18 225/55R16 235/45R17 255/40R17 225/60R15,M5 | 540i | 528i,M5,mismatch,
ac695832-ed32-44ba-9942-0133ed00f83c,2000,bmw,5-series,M5,generation_inherit,mismatch,true,225/55R17,225/55R17,245/40R18 275/35R18 225/55R16 235/45R17 255/40R17 225/60R15,225/55R17,245/40R18 275/35R18 225/55R16 235/45R17 255/40R17 225/60R15,M5 | 540i | 528i,M5,mismatch,
5e50b8b0-ccd9-431a-9703-9416a9bedd4d,2001,bmw,5-series,M5,generation_inherit,mismatch,true,225/55R17,225/55R17,245/40R18 275/35R18 225/55R16 235/45R17 255/40R17,225/55R17,245/40R18 275/35R18 225/55R16 235/45R17 255/40R17,M5 | 530i | 540i | 525i,M5,mismatch,
622e4235-24b3-4863-9104-50ad742b6b4e,2001,bmw,5-series,M5,generation_inherit,mismatch,true,225/55R17,225/55R17,245/40R18 275/35R18 225/55R16 235/45R17 255/40R17,225/55R17,245/40R18 275/35R18 225/55R16 235/45R17 255/40R17,M5 | 530i | 540i | 525i,M5,mismatch,
aed197db-a866-4d2c-baf4-6052b31d0639,2002,bmw,5-series,M5,generation_inherit,mismatch,true,225/55R17,225/55R17,245/40R18 275/35R18 225/55R16 235/45R17 255/40R17,225/55R17,245/40R18 275/35R18 225/55R16 235/45R17 255/40R17,M5 | 530i | 540i | 525i,M5,mismatch,
c52bf40f-4d5f-4259-94b2-71a913d0844e,2002,bmw,5-series,M5,generation_inherit,mismatch,true,225/55R17,225/55R17,245/40R18 275/35R18 225/55R16 235/45R17 255/40R17,225/55R17,245/40R18 275/35R18 225/55R16 235/45R17 255/40R17,M5 | 530i | 540i | 525i,M5,mismatch,
56278fc4-9cb3-4ea1-b97d-467fa4c904a0,2003,bmw,5-series,M5,generation_inherit,mismatch,true,225/55R17,225/55R17,245/40R18 275/35R18 225/55R16 235/45R17 235/40R18 265/35R18,225/55R17,245/40R18 275/35R18 225/55R16 235/45R17 235/40R18 265/35R18,M5 | 530i | 540i | 525i,M5,mismatch,
d4af3013-d8a2-41b9-b258-dba118c195f3,2003,bmw,5-series,M5,generation_inherit,mismatch,true,225/55R17,225/55R17,245/40R18 275/35R18 225/55R16 235/45R17 235/40R18 265/35R18,225/55R17,245/40R18 275/35R18 225/55R16 235/45R17 235/40R18 265/35R18,M5 | 530i | 540i | 525i,M5,mismatch,
2c74374f-7324-4fed-bec0-ee280e9cb056,2004,bmw,5-series,M5,generation_inherit,mismatch,true,225/55R17,225/55R17,225/50R17 245/40R18 225/55R16 245/45R17 275/35R18,225/55R17,225/50R17 245/40R18 225/55R16 245/45R17 275/35R18,530i | 525i | 545i,,,
755d9be1-58a9-4f8d-9579-bbfe62c3c81e,2004,bmw,5-series,M5,generation_inherit,mismatch,true,245/45R18 275/40R18 245/40R19 275/35R19,245/45R18 275/40R18 245/40R19 275/35R19,225/50R17 245/40R18 225/55R16 245/45R17 275/35R18,245/45R18 275/40R18 245/40R19 275/35R19,225/50R17 245/40R18 225/55R16 245/45R17 275/35R18,530i | 525i | 545i,,,
803607ba-9e35-40d1-b1ac-7c6e98f9714f,2004,bmw,5-series,M5,generation_inherit,mismatch,true,245/45R18 275/40R18,245/45R18 275/40R18,225/50R17 245/40R18 225/55R16 245/45R17 275/35R18,245/45R18 275/40R18,225/50R17 245/40R18 225/55R16 245/45R17 275/35R18,530i | 525i | 545i,,,
d370cf1b-6584-445c-aee0-d639a15d3b56,2004,bmw,5-series,M5,generation_inherit,mismatch,true,225/55R17,225/55R17,225/50R17 245/40R18 225/55R16 245/45R17 275/35R18,225/55R17,225/50R17 245/40R18 225/55R16 245/45R17 275/35R18,530i | 525i | 545i,,,
01faca85-8cea-485f-8931-dec11892ccea,2005,bmw,5-series,M5,generation_inherit,mismatch,true,225/55R17,225/55R17,225/50R17 245/40R18 245/45R17 275/35R18,225/55R17,225/50R17 245/40R18 245/45R17 275/35R18,530i | 525i | 545i,,,
15eb1c14-72c5-4fde-8c16-44d1db886038,2005,bmw,5-series,M5,generation_inherit,mismatch,true,245/45R18 275/40R18,245/45R18 275/40R18,225/50R17 245/40R18 245/45R17 275/35R18,245/45R18 275/40R18,225/50R17 245/40R18 245/45R17 275/35R18,530i | 525i | 545i,,,
5e45e810-739d-412b-9140-c9840284aa36,2005,bmw,5-series,M5,generation_inherit,mismatch,true,245/45R18 275/40R18 245/40R19 275/35R19,245/45R18 275/40R18 245/40R19 275/35R19,225/50R17 245/40R18 245/45R17 275/35R18,245/45R18 275/40R18 245/40R19 275/35R19,225/50R17 245/40R18 245/45R17 275/35R18,530i | 525i | 545i,,,
a2001e82-b633-4144-b519-91840683dfc9,2005,bmw,5-series,M5,generation_inherit,mismatch,true,225/55R17,225/55R17,225/50R17 245/40R18 245/45R17 275/35R18,225/55R17,225/50R17 245/40R18 245/45R17 275/35R18,530i | 525i | 545i,,,
3e41333b-cd1a-47a4-8a9d-25a4fab48c19,2006,bmw,5-series,M5,generation_inherit,mismatch,true,245/45R18 275/40R18 245/40R19 275/35R19,245/45R18 275/40R18 245/40R19 275/35R19,255/40R19 285/35R19 225/50R17 245/40R18 275/35R18 245/45R17,245/45R18 275/40R18 245/40R19 275/35R19,255/40R19 285/35R19 225/50R17 245/40R18 275/35R18 245/45R17,M5 | 530i | 550i | 525i | 525xi | 530xi,M5,mismatch,
8b6d7272-7de2-4c9a-9964-d0b30642fee4,2006,bmw,5-series,M5,generation_inherit,mismatch,true,225/55R17,225/55R17,255/40R19 285/35R19 225/50R17 245/40R18 275/35R18 245/45R17,225/55R17,255/40R19 285/35R19 225/50R17 245/40R18 275/35R18 245/45R17,M5 | 530i | 550i | 525i | 525xi | 530xi,M5,mismatch,
9553e04f-1084-4151-bfc8-5acf38a9722b,2006,bmw,5-series,M5,generation_inherit,mismatch,true,245/45R18 275/40R18,245/45R18 275/40R18,255/40R19 285/35R19 225/50R17 245/40R18 275/35R18 245/45R17,245/45R18 275/40R18,255/40R19 285/35R19 225/50R17 245/40R18 275/35R18 245/45R17,M5 | 530i | 550i | 525i | 525xi | 530xi,M5,mismatch,
b1d78e63-0f2f-4126-9e11-5385c1cb7d99,2006,bmw,5-series,M5,generation_inherit,mismatch,true,225/55R17,225/55R17,255/40R19 285/35R19 225/50R17 245/40R18 275/35R18 245/45R17,225/55R17,255/40R19 285/35R19 225/50R17 245/40R18 275/35R18 245/45R17,M5 | 530i | 550i | 525i | 525xi | 530xi,M5,mismatch,
0ab0005e-5328-45b5-ad80-8ef71b89bdd0,2007,bmw,5-series,M5,generation_inherit,mismatch,true,245/45R18 275/40R18,245/45R18 275/40R18,255/40R19 285/35R19 225/50R17 245/40R18 275/35R18 245/45R17,245/45R18 275/40R18,255/40R19 285/35R19 225/50R17 245/40R18 275/35R18 245/45R17,M5 | 530i | 550i | 525i | 525xi | 530xi,M5,mismatch,
1303c17d-c0ea-4eb1-8026-b7d897cd19a2,2007,bmw,5-series,M5,generation_inherit,mismatch,true,225/55R17,225/55R17,255/40R19 285/35R19 225/50R17 245/40R18 275/35R18 245/45R17,225/55R17,255/40R19 285/35R19 225/50R17 245/40R18 275/35R18 245/45R17,M5 | 530i | 550i | 525i | 525xi | 530xi,M5,mismatch,
1d8837e4-1dc0-41c8-8a3a-5c6c7e264c2e,2007,bmw,5-series,M5,generation_inherit,mismatch,true,225/55R17,225/55R17,255/40R19 285/35R19 225/50R17 245/40R18 275/35R18 245/45R17,225/55R17,255/40R19 285/35R19 225/50R17 245/40R18 275/35R18 245/45R17,M5 | 530i | 550i | 525i | 525xi | 530xi,M5,mismatch,
604d8259-7f2c-4344-abf2-be3ce9dbe5d2,2007,bmw,5-series,M5,generation_inherit,mismatch,true,245/45R18 275/40R18 245/40R19 275/35R19,245/45R18 275/40R18 245/40R19 275/35R19,255/40R19 285/35R19 225/50R17 245/40R18 275/35R18 245/45R17,245/45R18 275/40R18 245/40R19 275/35R19,255/40R19 285/35R19 225/50R17 245/40R18 275/35R18 245/45R17,M5 | 530i | 550i | 525i | 525xi | 530xi,M5,mismatch,
09309929-f589-4524-9804-d1de7807703b,2008,bmw,5-series,M5,generation_inherit,mismatch,true,225/55R17,225/55R17,255/40R19 285/35R19 225/50R17 245/40R18 275/35R18 245/35R19 275/30R19,225/55R17,255/40R19 285/35R19 225/50R17 245/40R18 275/35R18 245/35R19 275/30R19,M5 | 528i | 535i | 550i | 528xi | 535xi,M5,mismatch,
66f577a0-e4c7-4b25-86f6-a49db20a1d90,2008,bmw,5-series,M5,generation_inherit,mismatch,true,245/45R18 275/40R18,245/45R18 275/40R18,255/40R19 285/35R19 225/50R17 245/40R18 275/35R18 245/35R19 275/30R19,245/45R18 275/40R18,255/40R19 285/35R19 225/50R17 245/40R18 275/35R18 245/35R19 275/30R19,M5 | 528i | 535i | 550i | 528xi | 535xi,M5,mismatch,
72d506c4-d637-47bf-a937-8715f20dff9a,2008,bmw,5-series,M5,generation_inherit,mismatch,true,245/45R18 275/40R18 245/40R19 275/35R19,245/45R18 275/40R18 245/40R19 275/35R19,255/40R19 285/35R19 225/50R17 245/40R18 275/35R18 245/35R19 275/30R19,245/45R18 275/40R18 245/40R19 275/35R19,255/40R19 285/35R19 225/50R17 245/40R18 275/35R18 245/35R19 275/30R19,M5 | 528i | 535i | 550i | 528xi | 535xi,M5,mismatch,
f6512f17-84f0-4b0c-9a0d-0609a0a8b747,2008,bmw,5-series,M5,generation_inherit,mismatch,true,225/55R17,225/55R17,255/40R19 285/35R19 225/50R17 245/40R18 275/35R18 245/35R19 275/30R19,225/55R17,255/40R19 285/35R19 225/50R17 245/40R18 275/35R18 245/35R19 275/30R19,M5 | 528i | 535i | 550i | 528xi | 535xi,M5,mismatch,
087abe63-050e-47c6-970a-6e7f13996656,2009,bmw,5-series,M5,generation_inherit,mismatch,true,225/55R17,225/55R17,255/40R19 285/35R19 225/50R17 245/40R18 275/35R18 245/35R19 275/30R19,225/55R17,255/40R19 285/35R19 225/50R17 245/40R18 275/35R18 245/35R19 275/30R19,M5 | 528i | 535i | 550i | 535i xDrive | 528i xDrive,M5,mismatch,
4cd69bc6-0ed1-4ac0-a48b-892c287283b1,2009,bmw,5-series,M5,generation_inherit,mismatch,true,225/55R17,225/55R17,255/40R19 285/35R19 225/50R17 245/40R18 275/35R18 245/35R19 275/30R19,225/55R17,255/40R19 285/35R19 225/50R17 245/40R18 275/35R18 245/35R19 275/30R19,M5 | 528i | 535i | 550i | 535i xDrive | 528i xDrive,M5,mismatch,
8566d37f-d689-452a-a8a8-3de326cc63ce,2009,bmw,5-series,M5,generation_inherit,mismatch,true,245/45R18 275/40R18 245/40R19 275/35R19,245/45R18 275/40R18 245/40R19 275/35R19,255/40R19 285/35R19 225/50R17 245/40R18 275/35R18 245/35R19 275/30R19,245/45R18 275/40R18 245/40R19 275/35R19,255/40R19 285/35R19 225/50R17 245/40R18 275/35R18 245/35R19 275/30R19,M5 | 528i | 535i | 550i | 535i xDrive | 528i xDrive,M5,mismatch,
d58da07b-0760-4022-ba86-fa83eff6660f,2009,bmw,5-series,M5,generation_inherit,mismatch,true,245/45R18 275/40R18,245/45R18 275/40R18,255/40R19 285/35R19 225/50R17 245/40R18 275/35R18 245/35R19 275/30R19,245/45R18 275/40R18,255/40R19 285/35R19 225/50R17 245/40R18 275/35R18 245/35R19 275/30R19,M5 | 528i | 535i | 550i | 535i xDrive | 528i xDrive,M5,mismatch,
570a083d-3de2-4ff1-82f5-5ffbb05e7276,2010,bmw,5-series,Base,cache-import,mismatch,true,225/55R17 245/50R17 245/45R18 275/40R18 245/40R19 275/35R19 245/35R20 275/30R20,225/55R17 245/50R17 245/45R18 275/40R18 245/40R19 275/35R19 245/35R20 275/30R20,255/40R19 285/35R19 225/50R17 245/40R18 275/35R18 245/35R19 275/30R19 245/50R18 245/45R19 275/40R19 245/40R20 275/35R20,225/55R17 245/50R17 245/45R18 275/40R18 245/40R19 275/35R19 245/35R20 275/30R20,255/40R19 285/35R19 225/50R17 245/40R18 275/35R18 245/35R19 275/30R19 245/50R18 245/45R19 275/40R19 245/40R20 275/35R20,M5 | 528i | 535i | 550i | 535i xDrive | 528i xDrive | 535i GT | 550i GT xDrive | 550i GT,,,
7f467b85-111b-43e0-9209-63771d721e96,2010,bmw,5-series,M5,generation_inherit,mismatch,true,225/55R17,225/55R17,255/40R19 285/35R19 225/50R17 245/40R18 275/35R18 245/35R19 275/30R19 245/50R18 245/45R19 275/40R19 245/40R20 275/35R20,225/55R17,255/40R19 285/35R19 225/50R17 245/40R18 275/35R18 245/35R19 275/30R19 245/50R18 245/45R19 275/40R19 245/40R20 275/35R20,M5 | 528i | 535i | 550i | 535i xDrive | 528i xDrive | 535i GT | 550i GT xDrive | 550i GT,M5,mismatch,
8b121936-7aad-464c-8275-f0dcb8eb3557,2010,bmw,5-series,M5,generation_inherit,mismatch,true,245/45R18 275/40R18 245/40R19 275/35R19,245/45R18 275/40R18 245/40R19 275/35R19,255/40R19 285/35R19 225/50R17 245/40R18 275/35R18 245/35R19 275/30R19 245/50R18 245/45R19 275/40R19 245/40R20 275/35R20,245/45R18 275/40R18 245/40R19 275/35R19,255/40R19 285/35R19 225/50R17 245/40R18 275/35R18 245/35R19 275/30R19 245/50R18 245/45R19 275/40R19 245/40R20 275/35R20,M5 | 528i | 535i | 550i | 535i xDrive | 528i xDrive | 535i GT | 550i GT xDrive | 550i GT,M5,mismatch,
96219197-c7b3-437c-b614-92c784e4ea06,2010,bmw,5-series,M5,generation_inherit,mismatch,true,225/55R17,225/55R17,255/40R19 285/35R19 225/50R17 245/40R18 275/35R18 245/35R19 275/30R19 245/50R18 245/45R19 275/40R19 245/40R20 275/35R20,225/55R17,255/40R19 285/35R19 225/50R17 245/40R18 275/35R18 245/35R19 275/30R19 245/50R18 245/45R19 275/40R19 245/40R20 275/35R20,M5 | 528i | 535i | 550i | 535i xDrive | 528i xDrive | 535i GT | 550i GT xDrive | 550i GT,M5,mismatch,
bb3b634f-a62b-46e7-9ea0-4d90f2c9d595,2010,bmw,5-series,M5,generation_inherit,mismatch,true,245/45R18 275/40R18,245/45R18 275/40R18,255/40R19 285/35R19 225/50R17 245/40R18 275/35R18 245/35R19 275/30R19 245/50R18 245/45R19 275/40R19 245/40R20 275/35R20,245/45R18 275/40R18,255/40R19 285/35R19 225/50R17 245/40R18 275/35R18 245/35R19 275/30R19 245/50R18 245/45R19 275/40R19 245/40R20 275/35R20,M5 | 528i | 535i | 550i | 535i xDrive | 528i xDrive | 535i GT | 550i GT xDrive | 550i GT,M5,mismatch,
05728d24-036b-4805-9158-b14a8dc76a87,2024,bmw,5-series,i5 M60 xDrive,generation-baseline,mismatch,true,245/45R18 275/40R18 245/40R19 275/35R19 245/35R20 275/30R20 275/35R21 285/30R21,245/45R18 275/40R18 245/40R19 275/35R19 245/35R20 275/30R20 275/35R21 285/30R21,245/40R20 245/45R19 275/35R20 245/35R21 275/30R21,245/45R18 275/40R18 245/40R19 275/35R19 245/35R20 275/30R20 275/35R21 285/30R21,245/40R20 245/45R19 275/35R20 245/35R21 275/30R21,530i | 530i xDrive | 540i xDrive,,,
1f53c652-96e2-4299-b53e-a5a76e4efe27,2024,bmw,5-series,540i xDrive,generation-baseline,mismatch,true,245/45R18 275/40R18 245/40R19 275/35R19 245/35R20 275/30R20 275/35R21 285/30R21,245/45R18 275/40R18 245/40R19 275/35R19 245/35R20 275/30R20 275/35R21 285/30R21,245/40R20 245/45R19 275/35R20 245/35R21 275/30R21,245/45R18 275/40R18 245/40R19 275/35R19 245/35R20 275/30R20 275/35R21 285/30R21,245/40R20 245/45R19 275/35R20 245/35R21 275/30R21,530i | 530i xDrive | 540i xDrive,540i xDrive,mismatch,
2692edc8-ac91-4ecf-9d23-b225571f779b,2024,bmw,5-series,M5,generation_inherit,mismatch,true,245/40R19 275/35R19,245/40R19 275/35R19,245/40R20 245/45R19 275/35R20 245/35R21 275/30R21,245/40R19 275/35R19,245/40R20 245/45R19 275/35R20 245/35R21 275/30R21,530i | 530i xDrive | 540i xDrive,,,
4f239d9b-de37-490a-9a2b-b8e8db882e36,2024,bmw,5-series,i5 eDrive40,generation-baseline,mismatch,true,245/45R18 275/40R18 245/40R19 275/35R19 245/35R20 275/30R20 275/35R21 285/30R21,245/45R18 275/40R18 245/40R19 275/35R19 245/35R20 275/30R20 275/35R21 285/30R21,245/40R20 245/45R19 275/35R20 245/35R21 275/30R21,245/45R18 275/40R18 245/40R19 275/35R19 245/35R20 275/30R20 275/35R21 285/30R21,245/40R20 245/45R19 275/35R20 245/35R21 275/30R21,530i | 530i xDrive | 540i xDrive,,,
562bb437-be7d-4c26-b0f6-eef85b0d2a52,2024,bmw,5-series,i5 xDrive40,generation-baseline,mismatch,true,245/45R18 275/40R18 245/40R19 275/35R19 245/35R20 275/30R20 275/35R21 285/30R21,245/45R18 275/40R18 245/40R19 275/35R19 245/35R20 275/30R20 275/35R21 285/30R21,245/40R20 245/45R19 275/35R20 245/35R21 275/30R21,245/45R18 275/40R18 245/40R19 275/35R19 245/35R20 275/30R20 275/35R21 285/30R21,245/40R20 245/45R19 275/35R20 245/35R21 275/30R21,530i | 530i xDrive | 540i xDrive,,,
5bbe59ab-92c7-4163-9f85-62c79a7def2d,2024,bmw,5-series,530e xDrive,railway_import,mismatch,true,225/55ZR17 245/40ZR19 275/35ZR19 245/35ZR20 275/30ZR20 225/55R17 245/45R18 245/40R19 245/45ZR18 275/40ZR18,225/55R17 245/40R19 275/35R19 245/35R20 275/30R20 245/45R18 275/40R18,245/40R20 245/45R19 275/35R20 245/35R21 275/30R21,225/55R17 245/40R19 275/35R19 245/35R20 275/30R20 245/45R18 275/40R18,245/40R20 245/45R19 275/35R20 245/35R21 275/30R21,530i | 530i xDrive | 540i xDrive,,,
7a9f663c-1397-49dc-b3a3-d923d2d94b87,2024,bmw,5-series,530i xDrive,generation-baseline,mismatch,true,245/45R18 275/40R18 245/40R19 275/35R19 245/35R20 275/30R20 275/35R21 285/30R21,245/45R18 275/40R18 245/40R19 275/35R19 245/35R20 275/30R20 275/35R21 285/30R21,245/40R20 245/45R19 275/35R20 245/35R21 275/30R21,245/45R18 275/40R18 245/40R19 275/35R19 245/35R20 275/30R20 275/35R21 285/30R21,245/40R20 245/45R19 275/35R20 245/35R21 275/30R21,530i | 530i xDrive | 540i xDrive,530i xDrive,mismatch,
8710add1-094b-47d0-8224-10432a29af67,2024,bmw,5-series,Base,cache-import,mismatch,true,245/45R18 265/40R18 245/40R19 275/35R19 245/35R20 285/30R20 255/35R21 285/30R21,245/45R18 265/40R18 245/40R19 275/35R19 245/35R20 285/30R20 255/35R21 285/30R21,245/40R20 245/45R19 275/35R20 245/35R21 275/30R21,245/45R18 265/40R18 245/40R19 275/35R19 245/35R20 285/30R20 255/35R21 285/30R21,245/40R20 245/45R19 275/35R20 245/35R21 275/30R21,530i | 530i xDrive | 540i xDrive,,,
cd56e29b-bfa6-411c-8a3c-66af0fa1d4f2,2024,bmw,5-series,M550i,generation_inherit,mismatch,true,245/40R19 275/35R19,245/40R19 275/35R19,245/40R20 245/45R19 275/35R20 245/35R21 275/30R21,245/40R19 275/35R19,245/40R20 245/45R19 275/35R20 245/35R21 275/30R21,530i | 530i xDrive | 540i xDrive,,,
1c4c6f36-985b-4b47-b2cc-20d0943bca2e,2025,bmw,5-series,Base,cache-import,mismatch,true,245/45R18 265/40R18 245/40R19 275/35R19 245/35R20 285/30R20 255/35R21 285/30R21,245/45R18 265/40R18 245/40R19 275/35R19 245/35R20 285/30R20 255/35R21 285/30R21,245/45R19 245/40R20 275/35R20 245/35R21 275/30R21,245/45R18 265/40R18 245/40R19 275/35R19 245/35R20 285/30R20 255/35R21 285/30R21,245/45R19 245/40R20 275/35R20 245/35R21 275/30R21,M5 | 530i | 530i xDrive | 540i xDrive,,,
3790715f-fb9f-4d7e-91ed-21f29bd62b67,2025,bmw,5-series,M550i,generation_inherit,mismatch,true,245/40R19 275/35R19,245/40R19 275/35R19,245/45R19 245/40R20 275/35R20 245/35R21 275/30R21,245/40R19 275/35R19,245/45R19 245/40R20 275/35R20 245/35R21 275/30R21,M5 | 530i | 530i xDrive | 540i xDrive,,,
40089604-b41d-48d0-85b8-40d0677761a7,2025,bmw,5-series,540i xDrive,generation-baseline,mismatch,true,245/45R18 275/40R18 245/40R19 275/35R19 245/35R20 275/30R20 275/35R21 285/30R21,245/45R18 275/40R18 245/40R19 275/35R19 245/35R20 275/30R20 275/35R21 285/30R21,245/45R19 245/40R20 275/35R20 245/35R21 275/30R21,245/45R18 275/40R18 245/40R19 275/35R19 245/35R20 275/30R20 275/35R21 285/30R21,245/45R19 245/40R20 275/35R20 245/35R21 275/30R21,M5 | 530i | 530i xDrive | 540i xDrive,540i xDrive,mismatch,
4b4e3a2a-7bf0-4aeb-9fb4-44a8f8fe1e06,2025,bmw,5-series,M5,generation_inherit,mismatch,true,245/40R19 275/35R19,245/40R19 275/35R19,245/45R19 245/40R20 275/35R20 245/35R21 275/30R21,245/40R19 275/35R19,245/45R19 245/40R20 275/35R20 245/35R21 275/30R21,M5 | 530i | 530i xDrive | 540i xDrive,M5,mismatch,
5a6bb7f3-d267-413d-94d5-634a21b16762,2025,bmw,5-series,i5 xDrive40,generation-baseline,mismatch,true,245/45R18 275/40R18 245/40R19 275/35R19 245/35R20 275/30R20 275/35R21 285/30R21,245/45R18 275/40R18 245/40R19 275/35R19 245/35R20 275/30R20 275/35R21 285/30R21,245/45R19 245/40R20 275/35R20 245/35R21 275/30R21,245/45R18 275/40R18 245/40R19 275/35R19 245/35R20 275/30R20 275/35R21 285/30R21,245/45R19 245/40R20 275/35R20 245/35R21 275/30R21,M5 | 530i | 530i xDrive | 540i xDrive,,,
695165c7-384f-4e87-8e80-460966f57c77,2025,bmw,5-series,530i xDrive,generation-baseline,mismatch,true,245/45R18 275/40R18 245/40R19 275/35R19 245/35R20 275/30R20 275/35R21 285/30R21,245/45R18 275/40R18 245/40R19 275/35R19 245/35R20 275/30R20 275/35R21 285/30R21,245/45R19 245/40R20 275/35R20 245/35R21 275/30R21,245/45R18 275/40R18 245/40R19 275/35R19 245/35R20 275/30R20 275/35R21 285/30R21,245/45R19 245/40R20 275/35R20 245/35R21 275/30R21,M5 | 530i | 530i xDrive | 540i xDrive,530i xDrive,mismatch,
e7da101d-f977-476e-a331-f0035e84d57a,2025,bmw,5-series,i5 eDrive40,generation-baseline,mismatch,true,245/45R18 275/40R18 245/40R19 275/35R19 245/35R20 275/30R20 275/35R21 285/30R21,245/45R18 275/40R18 245/40R19 275/35R19 245/35R20 275/30R20 275/35R21 285/30R21,245/45R19 245/40R20 275/35R20 245/35R21 275/30R21,245/45R18 275/40R18 245/40R19 275/35R19 245/35R20 275/30R20 275/35R21 285/30R21,245/45R19 245/40R20 275/35R20 245/35R21 275/30R21,M5 | 530i | 530i xDrive | 540i xDrive,,,
f21315d9-0e39-4a77-9df9-09c7593ba3bb,2025,bmw,5-series,i5 M60 xDrive,generation-baseline,mismatch,true,245/45R18 275/40R18 245/40R19 275/35R19 245/35R20 275/30R20 275/35R21 285/30R21,245/45R18 275/40R18 245/40R19 275/35R19 245/35R20 275/30R20 275/35R21 285/30R21,245/45R19 245/40R20 275/35R20 245/35R21 275/30R21,245/45R18 275/40R18 245/40R19 275/35R19 245/35R20 275/30R20 275/35R21 285/30R21,245/45R19 245/40R20 275/35R20 245/35R21 275/30R21,M5 | 530i | 530i xDrive | 540i xDrive,,,
2649fb25-aa2f-466c-8554-bc6329d4e7ab,2026,bmw,5-series,M5,generation_inherit,mismatch,true,245/40R19 275/35R19,245/40R19 275/35R19,245/45R19 245/40R20 275/35R20 245/35R21 275/30R21,245/40R19 275/35R19,245/45R19 245/40R20 275/35R20 245/35R21 275/30R21,M5 | 530i | 530i xDrive | 540i xDrive,M5,mismatch,
a897d105-6ea7-44dd-8d4b-fb63dd40d38b,2026,bmw,5-series,Base,cache-import,mismatch,true,245/45R18 265/40R18 245/40R19 275/35R19 245/35R20 285/30R20 255/35R21 285/30R21,245/45R18 265/40R18 245/40R19 275/35R19 245/35R20 285/30R20 255/35R21 285/30R21,245/45R19 245/40R20 275/35R20 245/35R21 275/30R21,245/45R18 265/40R18 245/40R19 275/35R19 245/35R20 285/30R20 255/35R21 285/30R21,245/45R19 245/40R20 275/35R20 245/35R21 275/30R21,M5 | 530i | 530i xDrive | 540i xDrive,,,
ac8842de-5c07-4dcb-b0ff-c2f56f9511cf,2026,bmw,5-series,M5,generation_inherit,mismatch,false,245/45R18 275/40R18,245/45R18 275/40R18,245/45R19 245/40R20 275/35R20 245/35R21 275/30R21,245/45R18 275/40R18,245/45R19 245/40R20 275/35R20 245/35R21 275/30R21,M5 | 530i | 530i xDrive | 540i xDrive,M5,mismatch,
ef316b5d-0f91-4ea0-969f-ee136f2c5aa1,2026,bmw,5-series,M550i,generation_inherit,mismatch,true,245/40R19 275/35R19,245/40R19 275/35R19,245/45R19 245/40R20 275/35R20 245/35R21 275/30R21,245/40R19 275/35R19,245/45R19 245/40R20 275/35R20 245/35R21 275/30R21,M5 | 530i | 530i xDrive | 540i xDrive,,,
e8226393-011d-49d2-a1b3-8e05e3312865,2004,bmw,6-series,Base,catalog-gap-fill [web_research],mismatch,false,215/55R17,215/55R17,245/45R18 275/35R18 245/40R19 275/35R19,215/55R17,245/45R18 275/35R18 245/40R19 275/35R19,645Ci,,,
07bba60a-98b1-4cba-8c80-7d5b88b44d81,2005,bmw,6-series,Base,catalog-gap-fill [web_research],mismatch,false,215/55R17,215/55R17,245/45R18 275/35R18 245/40R19 275/35R19,215/55R17,245/45R18 275/35R18 245/40R19 275/35R19,645Ci,,,
23f293d4-a40d-4e86-9fc8-fb554f4ca747,2006,bmw,6-series,Base,catalog-gap-fill [web_research],mismatch,false,215/55R17,215/55R17,245/45R18 275/40R18 245/40R19 275/35R19,215/55R17,245/45R18 275/40R18 245/40R19 275/35R19,650i,,,
90c5976b-ebde-4a74-bf42-dafef2c461bf,2007,bmw,6-series,Base,catalog-gap-fill [web_research],mismatch,false,215/55R17,215/55R17,245/45R18 245/40R19 275/35R19,215/55R17,245/45R18 245/40R19 275/35R19,650i,,,
d3af9581-d6b2-4387-881c-0e8686bf9bf8,2008,bmw,6-series,Base,catalog-gap-fill [web_research],mismatch,false,215/55R17,215/55R17,245/45R18 245/40R19 275/35R19,215/55R17,245/45R18 245/40R19 275/35R19,650i,,,
291a0b4b-49d8-449f-817b-8564b1b00cae,2009,bmw,6-series,Base,catalog-gap-fill [web_research],mismatch,false,215/55R17,215/55R17,245/45R18 245/40R19 275/35R19,215/55R17,245/45R18 245/40R19 275/35R19,650i,,,
c0861c9e-834b-4937-8ade-f51e08558a27,2010,bmw,6-series,Base,catalog-gap-fill [web_research],mismatch,false,215/55R17,215/55R17,245/45R18 245/40R19 275/35R19,215/55R17,245/45R18 245/40R19 275/35R19,650i,,,
78877ad6-6249-4f3c-b3a8-ee65367f6a5d,2012,bmw,6-series,Base,catalog-gap-fill [web_research],mismatch,true,225/45R18,225/45R18,245/40R19 245/35R20 275/30R20 275/35R19 245/45R18 275/40R18,225/45R18,245/40R19 245/35R20 275/30R20 275/35R19 245/45R18 275/40R18,650i | 650i xDrive | 640i,,,
5618e421-06a3-4184-b24d-12927052c4ed,2013,bmw,6-series,Base,catalog-gap-fill [web_research],mismatch,true,225/45R18,225/45R18,245/45R18 245/40R19 275/35R19 245/35R20 275/30R20 275/40R18,225/45R18,245/45R18 245/40R19 275/35R19 245/35R20 275/30R20 275/40R18,640i Gran Coupe | 650i Gran Coupe | 650i xDrive Gran Coupe | 650i | 650i xDrive | 640i,,,
a7e28850-6559-4c66-ab69-b88dfc072732,2014,bmw,6-series,Base,catalog-gap-fill [web_research],mismatch,true,225/45R18,225/45R18,245/40R19 275/35R19 245/35R20 275/30R20 245/45R18,225/45R18,245/40R19 275/35R19 245/35R20 275/30R20 245/45R18,640i Gran Coupe | 640i xDrive Gran Coupe | 650i Gran Coupe | 650i xDrive Gran Coupe | 650i | 650i xDrive | 640i | 640i xDrive,,,
21277e8a-c91b-4279-a99e-e708fe174cfb,2015,bmw,6-series,Base,catalog-gap-fill [web_research],mismatch,true,225/45R18,225/45R18,245/45R18 245/40R19 275/35R19 245/35R20 275/30R20,225/45R18,245/45R18 245/40R19 275/35R19 245/35R20 275/30R20,640i Gran Coupe | 640i xDrive Gran Coupe | 650i | 650i Gran Coupe | 650i xDrive Gran Coupe | 650i xDrive | 640i | 640i xDrive,,,
44c58834-f4d3-4616-9e44-4e30884a3f7c,2016,bmw,6-series,Base,catalog-gap-fill [web_research],mismatch,true,225/45R18,225/45R18,245/45R18 245/40R19 275/35R19 245/35R20 275/30R20,225/45R18,245/45R18 245/40R19 275/35R19 245/35R20 275/30R20,640i Gran Coupe | 650i | 640i xDrive Gran Coupe | 650i xDrive | 650i Gran Coupe | 640i | 650i xDrive Gran Coupe | 640i xDrive,,,
9c7b386a-d87c-4504-8355-689b8d8530f9,2017,bmw,6-series,Base,catalog-gap-fill [web_research],mismatch,true,225/45R18,225/45R18,245/40R19 275/35R19 245/35R20 275/30R20 245/45R18,225/45R18,245/40R19 275/35R19 245/35R20 275/30R20 245/45R18,650i | 650i xDrive | 640i | 640i xDrive | 640i Gran Coupe | 640i xDrive Gran Coupe | 650i Gran Coupe | 650i xDrive Gran Coupe,,,
134c0eae-35db-4e0c-8c84-34b8c2d8cd29,2019,bmw,6-series,Base,verified-research [sizes-inherited],mismatch,true,225/45R18,225/45R18,245/45R18 245/40R19 275/35R19 245/35R20 275/30R20 245/45R19 275/40R19 245/40R20 275/35R20,225/45R18,245/45R18 245/40R19 275/35R19 245/35R20 275/30R20 245/45R19 275/40R19 245/40R20 275/35R20,640i Gran Coupe | 640i xDrive Gran Coupe | 650i Gran Coupe | 650i xDrive Gran Coupe | 640i xDrive Gran Turismo,,,
f1da1ac0-fdf4-49d0-aac2-e2c6dcdf54a9,2019,bmw,6-series,Base,catalog-gap-fill [web_research],mismatch,false,215/55R17,215/55R17,245/45R18 245/40R19 275/35R19 245/35R20 275/30R20 245/45R19 275/40R19 245/40R20 275/35R20,215/55R17,245/45R18 245/40R19 275/35R19 245/35R20 275/30R20 245/45R19 275/40R19 245/40R20 275/35R20,640i Gran Coupe | 640i xDrive Gran Coupe | 650i Gran Coupe | 650i xDrive Gran Coupe | 640i xDrive Gran Turismo,,,
c133e151-8f1c-4448-a311-c006580a47bd,1994,bmw,7-series,Base,90s-research-batch,mismatch,true,205/65R15 225/60R16,205/65R15 225/60R16,225/60R15,205/65R15 225/60R16,225/60R15,740i | 740iL | 750iL,,,
3cfe9b54-39c0-4624-ba19-bc0ef25549a2,2000,bmw,7-series,Base,trim-research,mismatch,false,245/50R19,245/50R19,235/50R18 255/45R18 235/60R16,245/50R19,235/50R18 255/45R18 235/60R16,740i | 740iL | 750iL,,,
f52f635d-ad06-4b85-b0a1-4f8348bcf8f7,2000,bmw,7-series,Base,catalog-gap-fill,mismatch,true,245/50R18 275/40R19,245/50R18 275/40R19,235/50R18 255/45R18 235/60R16,245/50R18 275/40R19,235/50R18 255/45R18 235/60R16,740i | 740iL | 750iL,,,
97f61a2f-3662-4c66-839d-44c518fd881c,2001,bmw,7-series,Base,catalog-gap-fill,mismatch,true,245/50R18 275/40R19,245/50R18 275/40R19,235/50R18 255/45R18 235/60R16,245/50R18 275/40R19,235/50R18 255/45R18 235/60R16,740i | 740iL | 750iL,,,
befaf9c0-cdc8-4dfc-ad7e-5a650d88fedb,2001,bmw,7-series,Base,trim-research,mismatch,false,245/50R19,245/50R19,235/50R18 255/45R18 235/60R16,245/50R19,235/50R18 255/45R18 235/60R16,740i | 740iL | 750iL,,,
358865f1-2cec-4632-a790-9d3ee367d300,2016,bmw,7-series,Base,trim-research,mismatch,true,245/50R19,245/50R19,245/50R18 245/45R19 275/40R19 245/40R20 275/35R20,245/50R19,245/50R18 245/45R19 275/40R19 245/40R20 275/35R20,740i | 750i | 750i xDrive,,,
90198820-8274-4346-89a5-ab7060fea771,2017,bmw,7-series,Base,trim-research,mismatch,true,245/50R19,245/50R19,245/50R18 245/45R19 275/40R19 245/40R20 275/35R20,245/50R19,245/50R18 245/45R19 275/40R19 245/40R20 275/35R20,740i | 750i | 740i xDrive | 750i xDrive | M760i xDrive | 740e xDrive,,,
bdf23b5f-084f-469b-bb05-cb33197c39d3,2020,bmw,7-series,Base,trim-research,mismatch,true,245/50R19,245/50R19,245/50R18 245/45R19 275/40R19 245/40R20 275/35R20,245/50R19,245/50R18 245/45R19 275/40R19 245/40R20 275/35R20,740i | 740i xDrive | 750i xDrive | 745e xDrive | M760i xDrive,,,
e9b226d8-ed57-4586-8ec0-039304d0cee0,2021,bmw,7-series,Base,trim-research,mismatch,true,245/50R19,245/50R19,245/50R18 245/45R19 275/40R19 245/40R20 275/35R20,245/50R19,245/50R18 245/45R19 275/40R19 245/40R20 275/35R20,740i | 740i xDrive | 750i xDrive | 745e xDrive | M760i xDrive,,,
5cfb9f29-e147-491b-9cc4-337b813d1c04,2022,bmw,7-series,Base,trim-research,mismatch,true,245/50R19,245/50R19,245/50R18 245/45R19 275/40R19 245/40R20 275/35R20,245/50R19,245/50R18 245/45R19 275/40R19 245/40R20 275/35R20,740i | 740i xDrive | 750i xDrive | 745e xDrive | M760i xDrive,,,
4739b312-0be4-43ba-9398-05a2ef886331,2023,bmw,7-series,740i,luxury-gap-fill [web_research] [trim-expanded],mismatch,true,245/45R19 245/40R20,245/45R19 245/40R20,255/45R20 285/40R20 255/40R21 285/35R21,245/45R19 245/40R20,255/45R20 285/40R20 255/40R21 285/35R21,740i | 760i xDrive,740i,mismatch,
9005c3cd-9651-4c9e-8a6e-14f45bd22912,2023,bmw,7-series,Base,trim-research,mismatch,false,245/50R19,245/50R19,255/45R20 285/40R20 255/40R21 285/35R21,245/50R19,255/45R20 285/40R20 255/40R21 285/35R21,740i | 760i xDrive,,,
a2f87b13-7a08-4a9a-91d4-f02c07e9ebc6,2023,bmw,7-series,M760i,luxury-gap-fill [web_research] [trim-expanded],mismatch,true,245/45R19 245/40R20,245/45R19 245/40R20,255/45R20 285/40R20 255/40R21 285/35R21,245/45R19 245/40R20,255/45R20 285/40R20 255/40R21 285/35R21,740i | 760i xDrive,,,
f4fcd62e-a540-457d-abae-b3ad98efa86e,2023,bmw,7-series,"740i, 750i, M760i",luxury-gap-fill [web_research],mismatch,true,245/45R19 245/40R20,245/45R19 245/40R20,255/45R20 285/40R20 255/40R21 285/35R21,245/45R19 245/40R20,255/45R20 285/40R20 255/40R21 285/35R21,740i | 760i xDrive,,,
fba8fa92-94e6-491c-96de-0df0deaad16a,2023,bmw,7-series,750i,luxury-gap-fill [web_research] [trim-expanded],mismatch,true,245/45R19 245/40R20,245/45R19 245/40R20,255/45R20 285/40R20 255/40R21 285/35R21,245/45R19 245/40R20,255/45R20 285/40R20 255/40R21 285/35R21,740i | 760i xDrive,,,
05590852-0ce1-4e8b-b0f1-c4b8bb278f83,2026,bmw,7-series,Base,catalog-gap-fill,mismatch,true,245/50R18 275/40R19 275/35R20 275/30R21,245/50R18 275/40R19 275/35R20 275/30R21,255/45R20 285/40R20 255/40R21 285/35R21,245/50R18 275/40R19 275/35R20 275/30R21,255/45R20 285/40R20 255/40R21 285/35R21,740i | 740i xDrive | 750e xDrive | 760i xDrive,,,
a43d77a8-b7a2-47b3-860b-e93323655fe2,2019,bmw,8-series,Base,catalog-gap-fill [web_research],mismatch,false,225/45R18,225/45R18,245/40R19 275/35R19 245/35R20 275/30R20,225/45R18,245/40R19 275/35R19 245/35R20 275/30R20,M850i xDrive,,,
c65df180-0f0a-4643-8a3e-6c3eabe68064,2020,bmw,8-series,Base,catalog-gap-fill [web_research],mismatch,true,225/45R18,225/45R18,245/45R18 275/40R18 245/40R19 275/35R19 245/35R20 275/30R20,225/45R18,245/45R18 275/40R18 245/40R19 275/35R19 245/35R20 275/30R20,840i | 840i xDrive | M850i xDrive | 840i Gran Coupe | 840i xDrive Gran Coupe | M850i xDrive Gran Coupe,,,
3f1b5f62-4a45-4ab2-90a9-0f54a689b713,2021,bmw,8-series,Base,catalog-gap-fill [web_research],mismatch,true,225/45R18,225/45R18,245/45R18 275/40R18 245/40R19 275/35R19 245/35R20 275/30R20,225/45R18,245/45R18 275/40R18 245/40R19 275/35R19 245/35R20 275/30R20,840i | 840i xDrive | M850i xDrive | 840i Gran Coupe | 840i xDrive Gran Coupe | M850i xDrive Gran Coupe,,,
f81456c2-fd45-47e4-9f87-2aa8a859f201,2022,bmw,8-series,Base,catalog-gap-fill [web_research],mismatch,false,225/45R18,225/45R18,245/40R19 275/35R19 245/35R20 275/30R20,225/45R18,245/40R19 275/35R19 245/35R20 275/30R20,840i | 840i xDrive | M850i xDrive | 840i Gran Coupe | 840i xDrive Gran Coupe | M850i xDrive Gran Coupe,,,
c1aa0978-2a40-4d2b-bd92-f9b857c7763e,2023,bmw,8-series,Base,catalog-gap-fill [web_research],mismatch,true,235/40R19,235/40R19,245/40R19 275/35R19 245/35R20 275/30R20,235/40R19,245/40R19 275/35R19 245/35R20 275/30R20,840i | 840i xDrive | M850i xDrive | 840i Gran Coupe | 840i xDrive Gran Coupe | M850i xDrive Gran Coupe,,,
9f04eb2a-0723-4848-aa71-73e9439f4024,2024,bmw,8-series,Base,catalog-gap-fill [web_research],mismatch,true,235/40R19,235/40R19,245/40R19 275/35R19 245/35R20 275/30R20,235/40R19,245/40R19 275/35R19 245/35R20 275/30R20,840i | 840i xDrive | M850i xDrive | 840i Gran Coupe | 840i xDrive Gran Coupe | M850i xDrive Gran Coupe,,,
b87eb350-8704-4e25-ac95-871cc8b8485f,2025,bmw,8-series,Base,catalog-gap-fill [web_research],mismatch,true,235/40R19,235/40R19,245/40R19 275/35R19 245/35R20 275/30R20,235/40R19,245/40R19 275/35R19 245/35R20 275/30R20,840i | 840i xDrive | M850i xDrive | 840i Gran Coupe | 840i xDrive Gran Coupe | M850i xDrive Gran Coupe,,,
492d59a5-af81-473a-854d-26fd50f395cd,2026,bmw,8-series,Base,verified-research [sizes-inherited],mismatch,true,235/40R19,235/40R19,245/40R19 275/35R19 245/35R20 275/30R20,235/40R19,245/40R19 275/35R19 245/35R20 275/30R20,840i | 840i xDrive | M850i xDrive | 840i Gran Coupe | 840i xDrive Gran Coupe | M850i xDrive Gran Coupe,,,
903e5e14-3eb1-4706-9e8c-44b5cf6122a1,2026,bmw,8-series,Base,catalog-gap-fill [web_research],mismatch,true,235/40R19,235/40R19,245/40R19 275/35R19 245/35R20 275/30R20,235/40R19,245/40R19 275/35R19 245/35R20 275/30R20,840i | 840i xDrive | M850i xDrive | 840i Gran Coupe | 840i xDrive Gran Coupe | M850i xDrive Gran Coupe,,,
260b49b1-da7c-4cb7-8f43-fc3c92eff8c8,2022,bmw,i4,Base,trim-research,mismatch,true,245/45R18,245/45R18,225/50R18 245/40R19 255/40R19 255/35R20 285/30R20,245/45R18,225/50R18 245/40R19 255/40R19 255/35R20 285/30R20,I4,,,
b67c62cc-b6ff-4aaf-98ee-06c23b28181b,2023,bmw,i4,Base,trim-research,mismatch,true,245/45R18,245/45R18,245/40R19 255/40R19 255/35R20 285/30R20 225/50R18,245/45R18,245/40R19 255/40R19 255/35R20 285/30R20 225/50R18,I4,,,
48bc390e-72c3-4ceb-909d-e6ce7bfc2a8c,2024,bmw,i4,Base,google-ai-overview,mismatch,true,245/45R18 255/45R18,245/45R18 255/45R18,245/40R19 255/40R19 255/35R20 285/30R20 225/50R18,245/45R18 255/45R18,245/40R19 255/40R19 255/35R20 285/30R20 225/50R18,I4,,,
3bc6a5ed-4393-4d4e-946f-55d974060a74,2025,bmw,i4,Base,google-ai-overview,mismatch,true,245/45R18 255/45R18,245/45R18 255/45R18,225/50R18 245/40R19 255/40R19 255/35R20 285/30R20,245/45R18 255/45R18,225/50R18 245/40R19 255/40R19 255/35R20 285/30R20,I4,,,
6cae61ac-2c39-4f80-b655-d65eb6962319,2026,bmw,i4,Base,google-ai-overview,mismatch,true,245/45R18 255/45R18,245/45R18 255/45R18,245/40R19 255/40R19 225/50R18 255/35R20 285/30R20,245/45R18 255/45R18,245/40R19 255/40R19 225/50R18 255/35R20 285/30R20,I4,,,
73e6275e-5df4-48e2-9fe3-b90df9f6cac0,2000,bmw,m-coupe,Base,catalog-gap-fill [web_research],mismatch,true,215/55R17,215/55R17,225/45R17 245/40R17 225/50R16,215/55R17,225/45R17 245/40R17 225/50R16,Z3,,,
43f1c622-bfac-4199-8957-906692f948f6,2001,bmw,m-coupe,Base,catalog-gap-fill [web_research],mismatch,true,215/55R17,215/55R17,225/50R16 225/45R17 245/40R17,215/55R17,225/50R16 225/45R17 245/40R17,Z3,,,
14705d9e-5e54-4524-82dc-d33cdee791c9,2002,bmw,m-coupe,Base,catalog-gap-fill [web_research],mismatch,true,215/55R17,215/55R17,225/50R16 225/45R17 245/40R17,215/55R17,225/50R16 225/45R17 245/40R17,Z3,,,
e5586ad2-a7b4-44ff-8d28-6661bbfc0bb8,2003,bmw,m-coupe,Base,catalog-gap-fill [web_research],mismatch,true,215/55R17,215/55R17,225/50R16 225/45R17 225/40R18 255/35R18,215/55R17,225/50R16 225/45R17 225/40R18 255/35R18,Z4,,,
11f81877-b394-43e7-8dc3-9746825127be,2000,bmw,m-roadster,Base,catalog-gap-fill [web_research],mismatch,true,215/55R17,215/55R17,225/45R17 245/40R17 225/50R16,215/55R17,225/45R17 245/40R17 225/50R16,Z3,,,
9027b7d2-844f-467d-a1ec-0251f2adb63e,2001,bmw,m-roadster,Base,catalog-gap-fill [web_research],mismatch,true,215/55R17,215/55R17,225/50R16 225/45R17 245/40R17,215/55R17,225/50R16 225/45R17 245/40R17,Z3,,,
814a8c4e-730b-4aab-b01a-76fa624bf97b,2002,bmw,m-roadster,Base,catalog-gap-fill [web_research],mismatch,true,215/55R17,215/55R17,225/50R16 225/45R17 245/40R17,215/55R17,225/50R16 225/45R17 245/40R17,Z3,,,
67cb319c-0262-4365-9064-04ed72c19f72,2003,bmw,m-roadster,Base,catalog-gap-fill [web_research],mismatch,true,215/55R17,215/55R17,225/50R16 225/45R17 225/40R18 255/35R18,215/55R17,225/50R16 225/45R17 225/40R18 255/35R18,Z4,,,
38db344b-e859-49c0-9121-a56794b26094,1995,bmw,m3,Base,cache-import,mismatch,true,225/45R17 245/40R17,225/45R17 245/40R17,235/40R17,225/45R17 245/40R17,235/40R17,M3,,,
41fad9e5-2562-43de-9e58-026151e6c620,2015,bmw,m4,GTS,google-ai-overview,mismatch,true,265/35R19 285/30R20,265/35R19 285/30R20,255/35R19 275/35R19 255/40R18 275/40R18,265/35R19 285/30R20,255/35R19 275/35R19 255/40R18 275/40R18,M4,,,
b68f7b13-2b9e-428e-ae7c-cb0a348d4f9d,2000,bmw,m5,Base,cache-import,mismatch,false,275/40R19 285/35R20 275/35R20 285/40R19,275/40R19 285/35R20 275/35R20 285/40R19,245/40R18 275/35R18,275/40R19 285/35R20 275/35R20 285/40R19,245/40R18 275/35R18,M5,,,
07ead44e-a4bf-43ec-bef3-20e4f3988c80,2001,bmw,m5,Base,cache-import,mismatch,false,275/40R19 285/35R20 275/35R20 285/40R19,275/40R19 285/35R20 275/35R20 285/40R19,245/40R18 275/35R18,275/40R19 285/35R20 275/35R20 285/40R19,245/40R18 275/35R18,M5,,,
d0556eb4-68cb-4beb-a4aa-3c8f47912a61,2002,bmw,m5,Base,cache-import,mismatch,false,275/40R19 285/35R20 275/35R20 285/40R19,275/40R19 285/35R20 275/35R20 285/40R19,245/40R18 275/35R18,275/40R19 285/35R20 275/35R20 285/40R19,245/40R18 275/35R18,M5,,,
2259c48a-0ca9-43ff-8881-174955b9d91c,2003,bmw,m5,Base,cache-import,mismatch,false,275/40R19 285/35R20 275/35R20 285/40R19,275/40R19 285/35R20 275/35R20 285/40R19,245/40R18 275/35R18,275/40R19 285/35R20 275/35R20 285/40R19,245/40R18 275/35R18,M5,,,
7be7da19-bcf8-464d-8698-6ca6ad379c02,2006,bmw,m5,Base,cache-import,mismatch,true,275/40R19 285/35R20 275/35R20 285/40R19,275/40R19 285/35R20 275/35R20 285/40R19,255/40R19 285/35R19,275/40R19 285/35R20 275/35R20 285/40R19,255/40R19 285/35R19,M5,,,
f550c1dd-ce40-4be3-ac41-f7e2bb1a0fbe,2006,bmw,m5,M5,generation_inherit,mismatch,true,275/40R19 285/40R19,275/40R19 285/40R19,255/40R19 285/35R19,275/40R19 285/40R19,255/40R19 285/35R19,M5,,,
3b1174dd-37bd-41cb-b85a-5f14ae8de687,2007,bmw,m5,M5,generation_inherit,mismatch,true,275/40R19 285/40R19,275/40R19 285/40R19,255/40R19 285/35R19,275/40R19 285/40R19,255/40R19 285/35R19,M5,,,
4dc211bb-e4a1-4354-baf7-ebcc176877e7,2007,bmw,m5,Base,cache-import,mismatch,true,275/40R19 285/35R20 275/35R20 285/40R19,275/40R19 285/35R20 275/35R20 285/40R19,255/40R19 285/35R19,275/40R19 285/35R20 275/35R20 285/40R19,255/40R19 285/35R19,M5,,,
2b2ab5e7-1a03-4f63-8ec9-1bc67a151a4e,2008,bmw,m5,M5,generation_inherit,mismatch,true,275/40R19 285/40R19,275/40R19 285/40R19,255/40R19 285/35R19,275/40R19 285/40R19,255/40R19 285/35R19,M5,,,
e44f682d-9753-4254-aca5-3b2afac82f1a,2008,bmw,m5,Base,cache-import,mismatch,true,275/40R19 285/35R20 275/35R20 285/40R19,275/40R19 285/35R20 275/35R20 285/40R19,255/40R19 285/35R19,275/40R19 285/35R20 275/35R20 285/40R19,255/40R19 285/35R19,M5,,,
3bf7b561-0041-431d-bf10-d283bdf8a16c,2009,bmw,m5,M5,generation_inherit,mismatch,true,275/40R19 285/40R19,275/40R19 285/40R19,255/40R19 285/35R19,275/40R19 285/40R19,255/40R19 285/35R19,M5,,,
bec2c08b-c4d7-456b-8b41-814cefabc51a,2009,bmw,m5,Base,cache-import,mismatch,true,275/40R19 285/35R20 275/35R20 285/40R19,275/40R19 285/35R20 275/35R20 285/40R19,255/40R19 285/35R19,275/40R19 285/35R20 275/35R20 285/40R19,255/40R19 285/35R19,M5,,,
91398075-dbc4-4269-88dc-4f0f2be921e8,2010,bmw,m5,M5,generation_inherit,mismatch,true,275/40R19 285/40R19,275/40R19 285/40R19,255/40R19 285/35R19,275/40R19 285/40R19,255/40R19 285/35R19,M5,,,
de7185c3-e479-4d95-a84d-57caefc1ca87,2010,bmw,m5,Base,cache-import,mismatch,true,275/40R19 285/35R20 275/35R20 285/40R19,275/40R19 285/35R20 275/35R20 285/40R19,255/40R19 285/35R19,275/40R19 285/35R20 275/35R20 285/40R19,255/40R19 285/35R19,M5,,,
4212816b-c768-4cb6-94a6-457848ed73bf,2013,bmw,m5,Base,cache-import,mismatch,true,275/40R19 285/35R20 275/35R20 285/40R19,275/40R19 285/35R20 275/35R20 285/40R19,265/40R19 295/35R19 265/35R20 295/30R20,275/40R19 285/35R20 275/35R20 285/40R19,265/40R19 295/35R19 265/35R20 295/30R20,M5,,,
84149e66-c7b0-4df9-92a4-385d9a40c50a,2013,bmw,m5,M5 Competition,generation_inherit,mismatch,true,275/35R20 285/35R20,275/35R20 285/35R20,265/40R19 295/35R19 265/35R20 295/30R20,275/35R20 285/35R20,265/40R19 295/35R19 265/35R20 295/30R20,M5,,,
ceb19f7b-85b9-4a26-b72e-7359538ba548,2013,bmw,m5,M5,generation_inherit,mismatch,true,275/40R19 285/40R19,275/40R19 285/40R19,265/40R19 295/35R19 265/35R20 295/30R20,275/40R19 285/40R19,265/40R19 295/35R19 265/35R20 295/30R20,M5,,,
0949536a-016e-4018-bf02-652cf77eb18d,2014,bmw,m5,Base,cache-import,mismatch,true,275/40R19 285/35R20 275/35R20 285/40R19,275/40R19 285/35R20 275/35R20 285/40R19,265/35R20 295/30R20 265/40R19 295/35R19,275/40R19 285/35R20 275/35R20 285/40R19,265/35R20 295/30R20 265/40R19 295/35R19,M5,,,
7194bc2c-d5e2-4222-bc10-247d48576565,2014,bmw,m5,M5 Competition,generation_inherit,mismatch,true,275/35R20 285/35R20,275/35R20 285/35R20,265/35R20 295/30R20 265/40R19 295/35R19,275/35R20 285/35R20,265/35R20 295/30R20 265/40R19 295/35R19,M5,,,
b839542d-2b09-45df-a52d-337a8baaa548,2014,bmw,m5,M5,generation_inherit,mismatch,true,275/40R19 285/40R19,275/40R19 285/40R19,265/35R20 295/30R20 265/40R19 295/35R19,275/40R19 285/40R19,265/35R20 295/30R20 265/40R19 295/35R19,M5,,,
21e31519-1e14-4907-a326-77d1aa75923e,2015,bmw,m5,M5,generation_inherit,mismatch,true,275/40R19 285/40R19,275/40R19 285/40R19,265/40R19 295/35R19 265/35R20 295/30R20,275/40R19 285/40R19,265/40R19 295/35R19 265/35R20 295/30R20,M5,,,
56c543dc-2f3f-438f-834e-88c4abf9a801,2015,bmw,m5,M5 Competition,generation_inherit,mismatch,true,275/35R20 285/35R20,275/35R20 285/35R20,265/40R19 295/35R19 265/35R20 295/30R20,275/35R20 285/35R20,265/40R19 295/35R19 265/35R20 295/30R20,M5,,,
cd52cb44-a1cb-4c61-b779-d62491fab63b,2015,bmw,m5,Base,cache-import,mismatch,true,275/40R19 285/35R20 275/35R20 285/40R19,275/40R19 285/35R20 275/35R20 285/40R19,265/40R19 295/35R19 265/35R20 295/30R20,275/40R19 285/35R20 275/35R20 285/40R19,265/40R19 295/35R19 265/35R20 295/30R20,M5,,,
2a18149c-c951-4413-8328-2452d7915c5d,2016,bmw,m5,M5 Competition,generation_inherit,mismatch,true,275/35R20 285/35R20,275/35R20 285/35R20,265/40R19 295/35R19 265/35R20 295/30R20,275/35R20 285/35R20,265/40R19 295/35R19 265/35R20 295/30R20,M5,,,
b735d535-60fc-4960-b67f-fd61a27ab3a3,2016,bmw,m5,M5,generation_inherit,mismatch,true,275/40R19 285/40R19,275/40R19 285/40R19,265/40R19 295/35R19 265/35R20 295/30R20,275/40R19 285/40R19,265/40R19 295/35R19 265/35R20 295/30R20,M5,,,
ee3b7a21-d735-48d1-a5a3-76e30f2ee585,2016,bmw,m5,Base,cache-import,mismatch,true,275/40R19 285/35R20 275/35R20 285/40R19,275/40R19 285/35R20 275/35R20 285/40R19,265/40R19 295/35R19 265/35R20 295/30R20,275/40R19 285/35R20 275/35R20 285/40R19,265/40R19 295/35R19 265/35R20 295/30R20,M5,,,
1a7152bf-a774-400f-9c24-b8ef564d842a,2025,bmw,m5,M5,generation_inherit,mismatch,false,275/40R19 285/40R19,275/40R19 285/40R19,,,,M5,,,
de09d4ff-ac37-4a6e-a9c4-b19edcf73c6b,2025,bmw,m5,M5 CS,generation_inherit,mismatch,false,275/35R20 285/35R20,275/35R20 285/35R20,,,,M5,,,
eb9b0abd-1f77-47cf-92fe-51fba9a0e0ae,2025,bmw,m5,Base,cache-import,mismatch,false,275/40R19 285/35R20 275/35R20 285/40R19,275/40R19 285/35R20 275/35R20 285/40R19,,,,M5,,,
f4c7d68b-ae90-4104-a6c7-3ee124292a00,2025,bmw,m5,M5 Competition,generation_inherit,mismatch,false,275/35R20 285/35R20,275/35R20 285/35R20,,,,M5,,,
13e3f5f5-ec64-4b5d-8d85-fde2c492144e,2026,bmw,m5,M5,generation_inherit,mismatch,false,275/40R19 285/40R19,275/40R19 285/40R19,,,,M5,,,
17121a62-f4ec-4f2b-8098-ec284ddafc38,2026,bmw,m5,M5 Competition,generation_inherit,mismatch,false,275/35R20 285/35R20,275/35R20 285/35R20,,,,M5,,,
e89979a5-64f0-40dc-85f1-f5fa712c9b7e,2026,bmw,m5,Base,cache-import,mismatch,false,275/40R19 285/35R20 275/35R20 285/40R19,275/40R19 285/35R20 275/35R20 285/40R19,,,,M5,,,
fff474c6-bd3c-4e31-a684-6f453e31c50d,2026,bmw,m5,M5 CS,generation_inherit,mismatch,false,275/35R20 285/35R20,275/35R20 285/35R20,,,,M5,,,
768100a1-4780-4ae9-a0a9-891ead3e7bb8,2013,bmw,x1,xDrive28i,google-ai-overview,mismatch,true,225/55R17,225/55R17,225/50R17 225/45R18 225/40R19 255/35R19 255/40R18,225/55R17,225/50R17 225/45R18 225/40R19 255/35R19 255/40R18,X1,,,
c16f0227-1b9d-4a99-a4f2-ec56cdc46a75,2013,bmw,x1,xDrive35i,google-ai-overview,mismatch,true,225/50R18,225/50R18,225/50R17 225/45R18 225/40R19 255/35R19 255/40R18,225/50R18,225/50R17 225/45R18 225/40R19 255/35R19 255/40R18,X1,,,
0776a8b9-999a-4ab7-9097-e66ef9827107,2014,bmw,x1,xDrive35i,google-ai-overview,mismatch,true,225/50R18,225/50R18,225/50R17 225/45R18 255/40R18 225/40R19 255/35R19,225/50R18,225/50R17 225/45R18 255/40R18 225/40R19 255/35R19,X1,,,
74512525-3897-4311-b429-b94136e3bae7,2014,bmw,x1,xDrive28i,google-ai-overview,mismatch,true,225/55R17,225/55R17,225/50R17 225/45R18 255/40R18 225/40R19 255/35R19,225/55R17,225/50R17 225/45R18 255/40R18 225/40R19 255/35R19,X1,,,
69697e0a-1157-4319-aa55-4cbdcc295cba,2015,bmw,x1,xDrive28i,google-ai-overview,mismatch,true,225/55R17,225/55R17,225/50R17 225/45R18 255/40R18 225/40R19 255/35R19,225/55R17,225/50R17 225/45R18 255/40R18 225/40R19 255/35R19,X1,,,
e9de99cb-fa7a-4f39-b214-bc7966bff793,2015,bmw,x1,xDrive35i,google-ai-overview,mismatch,true,225/50R18,225/50R18,225/50R17 225/45R18 255/40R18 225/40R19 255/35R19,225/50R18,225/50R17 225/45R18 255/40R18 225/40R19 255/35R19,X1,,,
b5b514d2-fd18-4952-b1c9-1bff075f2c87,2020,bmw,x1,"xDrive28i, sDrive28i",trim-research,mismatch,true,225/55R18,225/55R18,225/50R18 225/45R19,225/55R18,225/50R18 225/45R19,X1,,,
e40f662b-cac9-439a-b66f-b977c13d776c,2021,bmw,x1,"xDrive28i, sDrive28i",trim-research,mismatch,true,225/55R18,225/55R18,225/50R18 225/45R19,225/55R18,225/50R18 225/45R19,X1,,,
4a2fcc54-91bc-495b-b8ea-b4e4f8533107,2024,bmw,x2,Base,google-ai-overview,mismatch,false,225/50R18,225/50R18,245/45R19 245/35R21 245/40R20,225/50R18,245/45R19 245/35R21 245/40R20,X2,,,
59df3e26-d1dd-46e2-af21-482789890ba7,2025,bmw,x2,Base,google-ai-overview,mismatch,false,225/50R18,225/50R18,245/40R20 245/35R21 245/45R19,225/50R18,245/40R20 245/35R21 245/45R19,X2,,,
da8004df-b86f-48cd-a74e-88845aa5341e,2026,bmw,x2,Base,google-ai-overview,mismatch,false,225/50R18,225/50R18,245/40R20 245/35R21 245/45R19,225/50R18,245/40R20 245/35R21 245/45R19,X2,,,
36b91846-cefa-4ae4-9361-f15008132c14,2019,bmw,x4-m,Base,catalog-gap-fill [web_research],mismatch,true,265/40R21,265/40R21,245/50R19 245/45R20 275/40R20 245/40R21 275/35R21,265/40R21,245/50R19 245/45R20 275/40R20 245/40R21 275/35R21,X4,,,
d8148b71-fc28-4074-a567-e523f67e585c,2009,bmw,x5-m,Base,catalog-gap-fill [web_research],mismatch,true,245/45R20,245/45R20,255/55R18 255/50R19 275/40R20 315/35R20,245/45R20,255/55R18 255/50R19 275/40R20 315/35R20,X5,,,
61c7b08b-92a9-423e-bff2-c0f767c2622f,2010,bmw,x5-m,Base,catalog-gap-fill [web_research],mismatch,true,245/45R20,245/45R20,255/55R18 255/50R19 275/40R20 315/35R20,245/45R20,255/55R18 255/50R19 275/40R20 315/35R20,X5,,,
edb6b5e3-d9aa-49bd-a562-3505fb6d2d01,2010,bmw,x5-m,Base,trim-research,mismatch,true,285/40R20 305/35R20,285/40R20 305/35R20,255/55R18 255/50R19 275/40R20 315/35R20,285/40R20 305/35R20,255/55R18 255/50R19 275/40R20 315/35R20,X5,,,
36ab6514-25dc-4a49-9bc6-40e7cbec4d61,2011,bmw,x5-m,Base,catalog-gap-fill [web_research],mismatch,true,245/45R20,245/45R20,255/55R18 255/50R19 275/40R20 315/35R20,245/45R20,255/55R18 255/50R19 275/40R20 315/35R20,X5,,,
c30f8ada-63c7-486b-9c76-c22910e2de89,2011,bmw,x5-m,Base,trim-research,mismatch,true,285/40R20 305/35R20,285/40R20 305/35R20,255/55R18 255/50R19 275/40R20 315/35R20,285/40R20 305/35R20,255/55R18 255/50R19 275/40R20 315/35R20,X5,,,
52547626-2d59-465c-9e51-080fd6ac31db,2012,bmw,x5-m,Base,catalog-gap-fill [web_research],mismatch,true,245/45R20,245/45R20,275/40R20 315/35R20 255/50R19 255/55R18,245/45R20,275/40R20 315/35R20 255/50R19 255/55R18,X5,,,
a644fdf4-d8a9-4078-8efa-ddcc1396b89b,2012,bmw,x5-m,Base,trim-research,mismatch,true,285/40R20 305/35R20,285/40R20 305/35R20,275/40R20 315/35R20 255/50R19 255/55R18,285/40R20 305/35R20,275/40R20 315/35R20 255/50R19 255/55R18,X5,,,
12aba625-6796-40cf-8eb8-67d3bc79ab50,2013,bmw,x5-m,Base,catalog-gap-fill [web_research],mismatch,true,245/45R20,245/45R20,255/55R18 255/50R19 275/40R20 315/35R20,245/45R20,255/55R18 255/50R19 275/40R20 315/35R20,X5,,,
88fb391a-16cb-43a8-a215-1be1b68ddaa4,2013,bmw,x5-m,Base,trim-research,mismatch,true,285/40R20 305/35R20,285/40R20 305/35R20,255/55R18 255/50R19 275/40R20 315/35R20,285/40R20 305/35R20,255/55R18 255/50R19 275/40R20 315/35R20,X5,,,
c67419e8-0a96-4e5e-a440-558bdf01ab99,2014,bmw,x5-m,Base,catalog-gap-fill [web_research],mismatch,true,245/45R20,245/45R20,255/50R19 275/40R20 315/35R20 255/55R18,245/45R20,255/50R19 275/40R20 315/35R20 255/55R18,X5,,,
fec91760-c2fb-48b7-b1d1-85dbced64201,2015,bmw,x5-m,Base,catalog-gap-fill [web_research],mismatch,true,245/45R20,245/45R20,255/55R18 255/50R19 275/40R20 315/35R20 285/35R21 325/30R21 285/40R20 325/35R20,245/45R20,255/55R18 255/50R19 275/40R20 315/35R20 285/35R21 325/30R21 285/40R20 325/35R20,X5,,,
97f6567d-c432-42eb-829b-3959a6eada68,2016,bmw,x5-m,Base,catalog-gap-fill [web_research],mismatch,true,245/45R20,245/45R20,255/50R19 275/40R20 315/35R20 285/35R21 325/30R21 285/40R20 325/35R20,245/45R20,255/50R19 275/40R20 315/35R20 285/35R21 325/30R21 285/40R20 325/35R20,X5,,,
d05f8731-532b-4605-aea1-b9b55287920b,2017,bmw,x5-m,Base,catalog-gap-fill [web_research],mismatch,true,245/45R20,245/45R20,255/50R19 275/40R20 315/35R20 285/35R21 325/30R21 285/40R20 325/35R20,245/45R20,255/50R19 275/40R20 315/35R20 285/35R21 325/30R21 285/40R20 325/35R20,X5,,,
c97747f5-a4c6-471f-b538-efe1ba4a36e7,2019,bmw,x5-m,Base,catalog-gap-fill [web_research],mismatch,true,265/40R21,265/40R21,265/50R19 275/40R21 315/35R21 275/35R22 315/30R22 275/45R20,265/40R21,265/50R19 275/40R21 315/35R21 275/35R22 315/30R22 275/45R20,X5,,,
03845bf7-97d2-476f-9e2d-aa754c04283f,2020,bmw,x5-m,Base,catalog-gap-fill [web_research],mismatch,true,265/40R21,265/40R21,265/50R19 275/45R20 275/40R21 315/35R21 275/35R22 315/30R22 295/35R21,265/40R21,265/50R19 275/45R20 275/40R21 315/35R21 275/35R22 315/30R22 295/35R21,X5,,,
571caf03-5000-4512-af93-fba26619eaf6,2021,bmw,x5-m,Base,catalog-gap-fill [web_research],mismatch,true,265/40R21,265/40R21,275/35R22 315/30R22 275/40R21 315/35R21 275/45R20 265/50R19 295/35R21,265/40R21,275/35R22 315/30R22 275/40R21 315/35R21 275/45R20 265/50R19 295/35R21,X5,,,
78e1688f-37e9-4bdc-b271-f8e37f32218e,2022,bmw,x5-m,Base,catalog-gap-fill [web_research],mismatch,true,265/40R21,265/40R21,295/35R21 315/35R21 315/30R22 275/35R22 275/40R21 275/45R20 265/50R19,265/40R21,295/35R21 315/35R21 315/30R22 275/35R22 275/40R21 275/45R20 265/50R19,X5,,,
24350eb6-67ee-4784-b757-860eefc74a92,2023,bmw,x5-m,Base,catalog-gap-fill [web_research],mismatch,true,265/40R21,265/40R21,275/45R20 275/40R21 315/35R21 275/35R22 315/30R22 265/50R19 295/35R21,265/40R21,275/45R20 275/40R21 315/35R21 275/35R22 315/30R22 265/50R19 295/35R21,X5,,,
baf59009-56a3-456b-a24b-b6be1fb830d2,2024,bmw,x5-m,Base,catalog-gap-fill [web_research],mismatch,true,265/40R21,265/40R21,295/35R21 315/35R21 315/30R22 275/45R20 275/40R21 275/35R22,265/40R21,295/35R21 315/35R21 315/30R22 275/45R20 275/40R21 275/35R22,X5,,,
756e4287-0337-41fc-a2cf-a54fb2fc34b3,2025,bmw,x5-m,Base,catalog-gap-fill [web_research],mismatch,true,265/40R21,265/40R21,295/35R21 315/35R21 315/30R22 275/45R20 275/40R21 275/35R22,265/40R21,295/35R21 315/35R21 315/30R22 275/45R20 275/40R21 275/35R22,X5,,,
8d5af24f-a9fb-4dd0-a1d8-fd6dff1d6105,2026,bmw,x5-m,Base,catalog-gap-fill [web_research],mismatch,true,265/40R21,265/40R21,295/35R21 315/35R21 315/30R22 275/45R20 275/40R21 275/35R22,265/40R21,295/35R21 315/35R21 315/30R22 275/45R20 275/40R21 275/35R22,X5,,,
b8966afb-d032-4adb-82f0-70a6fff4788e,2009,bmw,x6-m,Base,catalog-gap-fill [web_research],mismatch,true,245/45R20,245/45R20,255/50R19 275/40R20 315/35R20,245/45R20,255/50R19 275/40R20 315/35R20,X6,,,
55e5a599-5986-40fe-97d1-a5f0c25a8054,2010,bmw,x6-m,Base,trim-research,mismatch,true,285/40R20 305/35R20,285/40R20 305/35R20,255/50R19 275/40R20 315/35R20,285/40R20 305/35R20,255/50R19 275/40R20 315/35R20,X6,,,
63e5a9d6-1eea-460f-b204-53cff2ab81a6,2010,bmw,x6-m,Base,catalog-gap-fill [web_research],mismatch,true,245/45R20,245/45R20,255/50R19 275/40R20 315/35R20,245/45R20,255/50R19 275/40R20 315/35R20,X6,,,
7d82b2d6-2def-4b94-b99c-c08b6ae24fa1,2011,bmw,x6-m,Base,catalog-gap-fill [web_research],mismatch,true,245/45R20,245/45R20,275/40R20 315/35R20 255/50R19,245/45R20,275/40R20 315/35R20 255/50R19,X6,,,
870348b0-f34b-470e-a9a2-028364fca5f7,2011,bmw,x6-m,Base,trim-research,mismatch,true,285/40R20 305/35R20,285/40R20 305/35R20,275/40R20 315/35R20 255/50R19,285/40R20 305/35R20,275/40R20 315/35R20 255/50R19,X6,,,
b8c1e47a-4c6c-481e-b447-2011a4b45632,2012,bmw,x6-m,Base,catalog-gap-fill [web_research],mismatch,true,245/45R20,245/45R20,275/40R20 315/35R20 255/50R19,245/45R20,275/40R20 315/35R20 255/50R19,X6,,,
fd684824-6f8f-424b-93fa-ff37bab3406c,2012,bmw,x6-m,Base,trim-research,mismatch,true,285/40R20 305/35R20,285/40R20 305/35R20,275/40R20 315/35R20 255/50R19,285/40R20 305/35R20,275/40R20 315/35R20 255/50R19,X6,,,
043ccb54-930c-4db0-a794-6a7f6b31ad76,2013,bmw,x6-m,Base,trim-research,mismatch,true,285/40R20 305/35R20,285/40R20 305/35R20,275/40R20 315/35R20 255/50R19,285/40R20 305/35R20,275/40R20 315/35R20 255/50R19,X6,,,
d817e1ed-645c-4a74-bcff-bcf5500c4b03,2013,bmw,x6-m,Base,catalog-gap-fill [web_research],mismatch,true,245/45R20,245/45R20,275/40R20 315/35R20 255/50R19,245/45R20,275/40R20 315/35R20 255/50R19,X6,,,
cdcaeda6-4bc1-4c0f-ac65-35a000baa7a5,2014,bmw,x6-m,Base,catalog-gap-fill [web_research],mismatch,true,245/45R20,245/45R20,255/50R19 275/40R20 315/35R20,245/45R20,255/50R19 275/40R20 315/35R20,X6,,,
d2b43412-d480-4cc2-be91-440ec51082c0,2014,bmw,x6-m,Base,trim-research,mismatch,true,285/40R20 305/35R20,285/40R20 305/35R20,255/50R19 275/40R20 315/35R20,285/40R20 305/35R20,255/50R19 275/40R20 315/35R20,X6,,,
0f79f749-e69d-4d27-a3f6-64adea3a9808,2015,bmw,x6-m,Base,catalog-gap-fill [web_research],mismatch,true,245/45R20,245/45R20,255/50R19 275/40R20 315/35R20 285/40R20 325/35R20 285/35R21 325/30R21,245/45R20,255/50R19 275/40R20 315/35R20 285/40R20 325/35R20 285/35R21 325/30R21,X6,,,
1b222c3d-8c58-437d-8a80-95f4543196db,2016,bmw,x6-m,Base,catalog-gap-fill [web_research],mismatch,true,245/45R20,245/45R20,255/50R19 275/40R20 315/35R20 285/35R21 325/30R21 285/40R20 325/35R20,245/45R20,255/50R19 275/40R20 315/35R20 285/35R21 325/30R21 285/40R20 325/35R20,X6,,,
b3f341b7-e833-4320-9569-f9c06cf7d90d,2017,bmw,x6-m,Base,catalog-gap-fill [web_research],mismatch,true,245/45R20,245/45R20,255/50R19 275/40R20 315/35R20 285/35R21 325/30R21 285/40R20 325/35R20,245/45R20,255/50R19 275/40R20 315/35R20 285/35R21 325/30R21 285/40R20 325/35R20,X6,,,
3b7ebc6f-28d6-495a-bd93-58dc9d932a93,2019,bmw,x6-m,Base,catalog-gap-fill [web_research],mismatch,true,245/45R20,245/45R20,285/35R21 325/30R21 285/40R20 325/35R20 255/50R19 275/40R20 315/35R20,245/45R20,285/35R21 325/30R21 285/40R20 325/35R20 255/50R19 275/40R20 315/35R20,X6,,,
2c950067-d8c3-4ca4-ae24-bca82b924702,2020,bmw,x6-m,Base,catalog-gap-fill [web_research],mismatch,true,265/40R21,265/40R21,275/45R20 275/40R21 315/35R21 275/35R22 315/30R22 295/35R21,265/40R21,275/45R20 275/40R21 315/35R21 275/35R22 315/30R22 295/35R21,X6,,,
1bf815c9-f30b-401a-9d55-67298a4c80df,2021,bmw,x6-m,Base,catalog-gap-fill [web_research],mismatch,true,265/40R21,265/40R21,275/45R20 275/40R21 315/35R21 275/35R22 315/30R22 295/35R21,265/40R21,275/45R20 275/40R21 315/35R21 275/35R22 315/30R22 295/35R21,X6,,,
bd91be23-e010-440f-98fd-2b4971e6761b,2022,bmw,x6-m,Base,catalog-gap-fill [web_research],mismatch,true,265/40R21,265/40R21,295/35R21 315/35R21 315/30R22 275/45R20 275/40R21 275/35R22,265/40R21,295/35R21 315/35R21 315/30R22 275/45R20 275/40R21 275/35R22,X6,,,
3c439726-1acd-45c9-bcaf-c6c6a3b8c421,2023,bmw,x6-m,Base,catalog-gap-fill [web_research],mismatch,true,265/40R21,265/40R21,295/35R21 315/35R21 315/30R22 275/45R20 275/40R21 275/35R22,265/40R21,295/35R21 315/35R21 315/30R22 275/45R20 275/40R21 275/35R22,X6,,,
4adcc9ce-d2af-4586-a630-97a0b0b948df,2024,bmw,x6-m,Base,catalog-gap-fill [web_research],mismatch,true,265/40R21,265/40R21,295/35R21 315/30R22 275/45R20 275/40R21 315/35R21 275/35R22,265/40R21,295/35R21 315/30R22 275/45R20 275/40R21 315/35R21 275/35R22,X6,,,
4f0af316-a5a2-480d-b36f-f97edca7871d,2025,bmw,x6-m,Base,verified-research [sizes-inherited],mismatch,true,265/40R21,265/40R21,275/40R21 315/35R21 295/35R21 315/30R22 275/45R20 275/35R22,265/40R21,275/40R21 315/35R21 295/35R21 315/30R22 275/45R20 275/35R22,X6,,,
e1676e1c-21d5-440d-8a58-39ac14110657,2025,bmw,x6-m,Base,catalog-gap-fill [web_research],mismatch,true,265/40R21,265/40R21,275/40R21 315/35R21 295/35R21 315/30R22 275/45R20 275/35R22,265/40R21,275/40R21 315/35R21 295/35R21 315/30R22 275/45R20 275/35R22,X6,,,
04a980a9-cd17-4f11-847e-60c143f9b1fc,2026,bmw,x6-m,Base,verified-research [sizes-inherited],mismatch,true,265/40R21,265/40R21,275/45R20 275/40R21 315/35R21 275/35R22 315/30R22 295/35R21,265/40R21,275/45R20 275/40R21 315/35R21 275/35R22 315/30R22 295/35R21,X6,,,
2cf43410-7110-49b6-9910-33c85d08b567,2026,bmw,x6-m,Base,catalog-gap-fill [web_research],mismatch,true,265/40R21,265/40R21,275/45R20 275/40R21 315/35R21 275/35R22 315/30R22 295/35R21,265/40R21,275/45R20 275/40R21 315/35R21 275/35R22 315/30R22 295/35R21,X6,,,
2a8f7c6a-f9e6-40dd-a865-25881542ee53,2023,bmw,xm,Base,google-ai-overview,mismatch,false,275/40R23 315/35R23,275/40R23 315/35R23,275/40R22 315/35R22,275/40R23 315/35R23,275/40R22 315/35R22,XM,,,
21985271-bdb9-4864-a899-82da4da45afd,2024,bmw,xm,Base,google-ai-overview,mismatch,false,275/40R23 315/35R23,275/40R23 315/35R23,275/40R22 315/35R22,275/40R23 315/35R23,275/40R22 315/35R22,XM,,,
913b1ad0-fd76-4384-96b7-384d599fe99e,2025,bmw,xm,Base,google-ai-overview,mismatch,false,275/40R23 315/35R23,275/40R23 315/35R23,275/40R22 315/35R22,275/40R23 315/35R23,275/40R22 315/35R22,XM,,,
fe1cc47a-b284-4d09-856c-56f94819da1f,2026,bmw,xm,Base,google-ai-overview,mismatch,false,275/40R23 315/35R23,275/40R23 315/35R23,275/40R22 315/35R22,275/40R23 315/35R23,275/40R22 315/35R22,XM,,,
0e190117-59b3-4cab-bf34-49f45d111584,2009,bmw,z4,sDrive35i,google-ai-overview,mismatch,false,225/40R18 255/35R18,225/40R18 255/35R18,225/45R17 255/40R17,225/40R18 255/35R18,225/45R17 255/40R17,Z4,,,
41240e36-2c53-4631-bdd5-2ba8fdd550b9,2009,bmw,z4,sDrive35is,google-ai-overview,mismatch,false,225/35R19 255/30R19,225/35R19 255/30R19,225/45R17 255/40R17,225/35R19 255/30R19,225/45R17 255/40R17,Z4,,,
714d751d-df55-44bf-92e5-be4586657480,2009,bmw,z4,Base,google-ai-overview,mismatch,false,225/40R18 255/35R18,225/40R18 255/35R18,225/45R17 255/40R17,225/40R18 255/35R18,225/45R17 255/40R17,Z4,,,
9a102972-a215-4366-bc02-f2239ed2a653,2008,buick,enclave,Premium,google-ai-overview,mismatch,false,255/55R20,255/55R20,255/65R18 255/60R19,255/55R20,255/65R18 255/60R19,Enclave,,,
2f976560-164d-4d50-a6e7-c3fbf437089b,2009,buick,enclave,Premium,google-ai-overview,mismatch,false,255/55R20,255/55R20,255/65R18 255/60R19,255/55R20,255/65R18 255/60R19,Enclave,,,
bbc4d3fd-0e9e-461d-9d92-f14c9c263fc8,2010,buick,enclave,CX,google-ai-overview,mismatch,false,255/65R18,255/65R18,255/60R19 255/55R20,255/65R18,255/60R19 255/55R20,Enclave,,,
8a610d43-b0bf-4452-9335-d4c8b2b48c33,2011,buick,enclave,CX,google-ai-overview,mismatch,false,255/65R18,255/65R18,255/60R19 255/55R20,255/65R18,255/60R19 255/55R20,Enclave,,,
14a0d6af-8f1f-46ee-96ec-13b07cb4b6aa,2012,buick,enclave,CX,google-ai-overview,mismatch,false,255/65R18,255/65R18,255/60R19 255/55R20,255/65R18,255/60R19 255/55R20,Enclave,,,
413b17dd-98e5-421d-8e87-f78f77f64a45,2017,buick,enclave,CX,google-ai-overview,mismatch,false,255/65R18,255/65R18,255/60R19 255/55R20,255/65R18,255/60R19 255/55R20,Enclave,,,
21ffa53f-d6c7-4b8a-aaf8-33f9590c0031,2019,buick,enclave,Avenir,google-ai-overview,mismatch,false,265/50R21,265/50R21,255/55R20 255/65R18,265/50R21,255/55R20 255/65R18,Enclave,,,
56698d5f-9bc4-4afa-9c53-8ed8f83f3eb1,2020,buick,enclave,Avenir,google-ai-overview,mismatch,false,265/50R21,265/50R21,255/65R18 255/55R20,265/50R21,255/65R18 255/55R20,Enclave,,,
68a17390-fe71-4c51-98d3-bd2615fa3f9a,2021,buick,enclave,Avenir,google-ai-overview,mismatch,false,265/50R21,265/50R21,255/55R20 255/65R18,265/50R21,255/55R20 255/65R18,Enclave,,,
041241ca-e374-4a89-bf98-3e750df3a3b8,2022,buick,enclave,Avenir,google-ai-overview,mismatch,false,265/50R21,265/50R21,255/55R20 255/65R18,265/50R21,255/55R20 255/65R18,Enclave,,,
17c2c829-7f39-433c-ad1c-648421d38c54,2023,buick,enclave,Avenir,google-ai-overview,mismatch,false,265/50R21,265/50R21,255/65R18 255/55R20,265/50R21,255/65R18 255/55R20,Enclave,,,
2f3daf9f-02e6-46ef-8ebb-0ad1c413ba0f,2024,buick,enclave,Avenir,google-ai-overview,mismatch,false,265/50R21,265/50R21,255/55R20 255/65R18,265/50R21,255/55R20 255/65R18,Enclave,,,
348e1b64-81a4-428c-878a-1c69a9d3fdc9,2025,buick,enclave,Preferred,google-ai-overview,mismatch,false,255/65R18,255/65R18,275/45R22 255/55R20,255/65R18,275/45R22 255/55R20,Enclave,,,
6f353636-33f4-4079-86c1-b490710e8388,2025,buick,enclave,Avenir,google-ai-overview,mismatch,false,265/50R21,265/50R21,275/45R22 255/55R20,265/50R21,275/45R22 255/55R20,Enclave,,,
79230211-80af-4b12-a2f9-58652d236e05,2026,buick,enclave,Avenir,google-ai-overview,mismatch,false,265/50R21,265/50R21,275/45R22 255/55R20,265/50R21,275/45R22 255/55R20,Enclave,,,
81659218-126c-490a-b730-eacd8c030e4a,2026,buick,enclave,Preferred,google-ai-overview,mismatch,false,255/65R18,255/65R18,275/45R22 255/55R20,255/65R18,275/45R22 255/55R20,Enclave,,,
de1626e3-b42e-4529-9163-4e88e167af09,2017,buick,encore,Base,verified-research,mismatch,true,215/55R17 215/50R18,215/55R17 215/50R18,215/55R18,215/55R17 215/50R18,215/55R18,Encore,,,
120e6058-c4db-4baa-862e-d81ca77566c6,2019,buick,encore,Base,verified-research,mismatch,true,215/55R17 215/50R18,215/55R17 215/50R18,215/55R18,215/55R17 215/50R18,215/55R18,Encore,,,
ce0c6bd7-f47a-4e1a-845d-fceff3952ce2,2020,buick,encore,Base,verified-research,mismatch,true,215/55R17 215/50R18,215/55R17 215/50R18,215/55R18,215/55R17 215/50R18,215/55R18,Encore,,,
2539dae4-89b5-40df-a5d1-43b581d747b4,2021,buick,encore,Base,verified-research,mismatch,true,215/55R17 215/50R18,215/55R17 215/50R18,215/55R18,215/55R17 215/50R18,215/55R18,Encore,,,
77a71b74-c988-4723-b50a-e75dee084895,2022,buick,encore,Base,verified-research,mismatch,true,215/55R17 215/50R18,215/55R17 215/50R18,215/55R18,215/55R17 215/50R18,215/55R18,Encore,,,
446675a8-5b06-450d-a7b0-080632496dca,2020,buick,encore-gx,Avenir,verified-research,mismatch,false,245/45R19,245/45R19,225/55R18,245/45R19,225/55R18,Encore GX,,,
df92f95c-15a2-4edb-87ab-b7f0d6ce2745,2021,buick,encore-gx,Avenir,verified-research,mismatch,false,245/45R19,245/45R19,225/55R18,245/45R19,225/55R18,Encore GX,,,
9e31b65c-9279-4cb8-a08b-76e13ea74c84,2022,buick,encore-gx,Avenir,verified-research,mismatch,false,245/45R19,245/45R19,225/55R18,245/45R19,225/55R18,Encore GX,,,
31d44f3f-f33d-4458-9b20-3eaa750d966a,2023,buick,encore-gx,Avenir,verified-research,mismatch,false,245/45R19,245/45R19,225/55R18,245/45R19,225/55R18,Encore GX,,,
4d9b0aa9-206d-40e4-a0ea-00259b27ed0c,2016,buick,envision,Base,google-ai-overview,mismatch,false,235/55R18,235/55R18,235/50R19,235/55R18,235/50R19,Envision,,,
51cbd996-56d8-416e-a5c4-b110d76ddde0,2016,buick,envision,Avenir,verified-research [expanded],mismatch,true,235/60R18 235/55R19 245/45R20,235/60R18 235/55R19 245/45R20,235/50R19,235/60R18 235/55R19 245/45R20,235/50R19,Envision,,,
540805e2-0e1b-4888-bb08-61e26bdb83b4,2016,buick,envision,"Preferred, Essence, Avenir",verified-research,mismatch,true,235/60R18 235/55R19 245/45R20,235/60R18 235/55R19 245/45R20,235/50R19,235/60R18 235/55R19 245/45R20,235/50R19,Envision,,,
8f7866dd-30b2-4aca-bc5c-005e124648ad,2016,buick,envision,Preferred,google-ai-overview,mismatch,false,235/55R18,235/55R18,235/50R19,235/55R18,235/50R19,Envision,,,
31e95df4-5d14-4fd1-9efc-f01ae5234ad4,2017,buick,envision,Avenir,verified-research [expanded],mismatch,true,235/60R18 235/55R19 245/45R20,235/60R18 235/55R19 245/45R20,235/50R19 225/60R18,235/60R18 235/55R19 245/45R20,235/50R19 225/60R18,Envision,,,
53b1b6bc-a403-4221-95c7-c8275803be04,2017,buick,envision,Preferred,google-ai-overview,mismatch,true,235/55R18,235/55R18,235/50R19 225/60R18,235/55R18,235/50R19 225/60R18,Envision,,,
a08c0e23-0234-4a59-891b-6e0ac4c5fb1b,2017,buick,envision,"Preferred, Essence, Avenir",verified-research,mismatch,true,235/60R18 235/55R19 245/45R20,235/60R18 235/55R19 245/45R20,235/50R19 225/60R18,235/60R18 235/55R19 245/45R20,235/50R19 225/60R18,Envision,,,
c8d6f15b-ee08-49f1-8393-f3ca3e94f51d,2017,buick,envision,Base,google-ai-overview,mismatch,true,235/55R18,235/55R18,235/50R19 225/60R18,235/55R18,235/50R19 225/60R18,Envision,,,
57773a15-4c5b-4366-bff9-f31ff8e6932b,2019,buick,envision,"Preferred, Essence, Avenir",trim-research,mismatch,true,235/55R18,235/55R18,225/60R18 235/50R19,235/55R18,225/60R18 235/50R19,Envision,,,
a3119c5f-f6b4-403f-9d2b-ea5fdda6efc7,2019,buick,envision,Preferred,google-ai-overview,mismatch,true,235/55R18,235/55R18,225/60R18 235/50R19,235/55R18,225/60R18 235/50R19,Envision,,,
b641880c-537a-4f71-93c1-70534d63d8fa,2019,buick,envision,Base,google-ai-overview,mismatch,true,235/55R18,235/55R18,225/60R18 235/50R19,235/55R18,225/60R18 235/50R19,Envision,,,
1d7072ee-7024-4217-988f-ae2fef511038,2020,buick,envision,Preferred,google-ai-overview,mismatch,true,235/55R18,235/55R18,225/60R18 235/50R19,235/55R18,225/60R18 235/50R19,Envision,,,
4b3d7b70-4e69-41c2-8962-e9544069992c,2020,buick,envision,"Preferred, Essence, Avenir",trim-research,mismatch,true,235/55R18,235/55R18,225/60R18 235/50R19,235/55R18,225/60R18 235/50R19,Envision,,,
9f9e6e95-9a2b-4f67-ba58-f495d45b1c64,2020,buick,envision-s,Base,google-ai-overview,mismatch,true,235/55R18,235/55R18,225/60R18 235/50R19,235/55R18,225/60R18 235/50R19,Envision,,,
727dba34-d2ee-4f4a-929e-6b368bb430df,2021,buick,envision-s,Base,catalog-gap-fill [web_research],mismatch,true,225/45R18,225/45R18,245/45R20 235/60R18,225/45R18,245/45R20 235/60R18,Envision,,,
2859d11a-b1a6-4f51-847d-c09acbde2dbb,2022,buick,envision-s,Base,catalog-gap-fill [web_research],mismatch,true,225/45R18,225/45R18,245/45R20 235/60R18,225/45R18,245/45R20 235/60R18,Envision,,,
1f98e9f4-367b-469a-a08f-51e7fd75dea2,2023,buick,envision-s,Base,catalog-gap-fill [web_research],mismatch,true,225/45R18,225/45R18,245/45R20 235/60R18,225/45R18,245/45R20 235/60R18,Envision,,,
0ec08415-1bd6-4ef4-80a4-9b19496a3deb,2024,buick,envision-s,Base,catalog-gap-fill [web_research],mismatch,true,225/45R18,225/45R18,245/45R20 235/60R18,225/45R18,245/45R20 235/60R18,Envision,,,
66fc632f-6f9f-4bb0-ba2d-645da2dd31f6,2025,buick,envision-s,Base,catalog-gap-fill [web_research],mismatch,true,225/45R18,225/45R18,245/45R20 235/60R18,225/45R18,245/45R20 235/60R18,Envision,,,
6013350e-0590-4a18-a0fd-6f10344a0604,2026,buick,envision-s,Base,catalog-gap-fill [web_research],mismatch,true,225/45R18,225/45R18,245/45R20 235/60R18,225/45R18,245/45R20 235/60R18,Envision,,,
5f7ca349-be6e-4671-8989-e71a8f158b01,2005,buick,lacrosse,Super,google-ai-overview,mismatch,false,255/45R18,255/45R18,225/60R16 225/55R17,255/45R18,225/60R16 225/55R17,Lacrosse,,,
97bb8ffe-4c42-4547-910d-1b2638ec7b6d,2006,buick,lacrosse,Super,google-ai-overview,mismatch,false,255/45R18,255/45R18,225/60R16 225/55R17,255/45R18,225/60R16 225/55R17,Lacrosse,,,
fbbb47cd-f493-48b6-925d-0a85f4cf6d6b,2007,buick,lacrosse,Super,google-ai-overview,mismatch,false,255/45R18,255/45R18,225/60R16 225/55R17,255/45R18,225/60R16 225/55R17,Lacrosse,,,
90fc2e6d-a56f-442c-a033-99e855522c12,2008,buick,lacrosse,Super,google-ai-overview,mismatch,true,255/45R18,255/45R18,225/60R16 225/55R17 235/50R18,255/45R18,225/60R16 225/55R17 235/50R18,Lacrosse,,,
9095527e-1946-4516-94d5-a5c2fd69a237,2009,buick,lacrosse,Super,google-ai-overview,mismatch,true,255/45R18,255/45R18,225/60R16 225/55R17 235/50R18,255/45R18,225/60R16 225/55R17 235/50R18,Lacrosse,,,
2e5a1acd-ba66-4a59-8169-e41e241e6659,2010,buick,lacrosse,CX,google-ai-overview,mismatch,true,235/55R17,235/55R17,245/50R17 235/50R18 245/40R19,235/55R17,245/50R17 235/50R18 245/40R19,Lacrosse,,,
4523b103-2cc7-407c-bd55-88ce9f127b62,2010,buick,lacrosse,Premium,google-ai-overview,mismatch,true,245/45R19,245/45R19,245/50R17 235/50R18 245/40R19,245/45R19,245/50R17 235/50R18 245/40R19,Lacrosse,,,
d15cf362-9380-434a-9d6f-286d8522eb6b,2010,buick,lacrosse,CXS,google-ai-overview,mismatch,true,245/45R19,245/45R19,245/50R17 235/50R18 245/40R19,245/45R19,245/50R17 235/50R18 245/40R19,Lacrosse,,,
1727440b-8080-41fd-afe6-5beb13c970e1,2011,buick,lacrosse,CX,google-ai-overview,mismatch,true,235/55R17,235/55R17,245/50R17 235/50R18 245/40R19,235/55R17,245/50R17 235/50R18 245/40R19,Lacrosse,,,
719f7697-2988-4346-9c9f-f6cd42f448fb,2011,buick,lacrosse,CXS,google-ai-overview,mismatch,true,245/45R19,245/45R19,245/50R17 235/50R18 245/40R19,245/45R19,245/50R17 235/50R18 245/40R19,Lacrosse,,,
e325f247-278f-4c03-b445-0629d934a324,2011,buick,lacrosse,Premium,google-ai-overview,mismatch,true,245/45R19,245/45R19,245/50R17 235/50R18 245/40R19,245/45R19,245/50R17 235/50R18 245/40R19,Lacrosse,,,
31607485-3938-4c40-8a00-43a5fa760b53,2012,buick,lacrosse,CXS,google-ai-overview,mismatch,true,245/45R19,245/45R19,235/50R17 245/50R17 235/50R18 245/40R19,245/45R19,235/50R17 245/50R17 235/50R18 245/40R19,Lacrosse,,,
ba5557c9-7504-4ab5-b9ea-5b4b14b31331,2012,buick,lacrosse,Premium,google-ai-overview,mismatch,true,245/45R19,245/45R19,235/50R17 245/50R17 235/50R18 245/40R19,245/45R19,235/50R17 245/50R17 235/50R18 245/40R19,Lacrosse,,,
c090c50d-7f49-4dfd-91b0-c67695c6f45c,2012,buick,lacrosse,CX,google-ai-overview,mismatch,true,235/55R17,235/55R17,235/50R17 245/50R17 235/50R18 245/40R19,235/55R17,235/50R17 245/50R17 235/50R18 245/40R19,Lacrosse,,,
25f4e47c-4583-4ffd-8c63-29d1890f5d54,2013,buick,lacrosse,Premium,google-ai-overview,mismatch,true,245/45R19,245/45R19,245/50R17 235/50R18 245/40R19 235/50R17,245/45R19,245/50R17 235/50R18 245/40R19 235/50R17,Lacrosse,,,
a46be2eb-9b3c-4efa-a4f8-17e8c214b19c,2013,buick,lacrosse,CXS,google-ai-overview,mismatch,true,245/45R19,245/45R19,245/50R17 235/50R18 245/40R19 235/50R17,245/45R19,245/50R17 235/50R18 245/40R19 235/50R17,Lacrosse,,,
d0838ace-edee-47a1-a10f-e5e7d88a1c5a,2013,buick,lacrosse,CX,google-ai-overview,mismatch,true,235/55R17,235/55R17,245/50R17 235/50R18 245/40R19 235/50R17,235/55R17,245/50R17 235/50R18 245/40R19 235/50R17,Lacrosse,,,
21c50a85-4a0a-46c7-91da-7c0f6c5e5ff1,2014,buick,lacrosse,CX,google-ai-overview,mismatch,true,235/55R17,235/55R17,235/50R17 235/50R18 245/45R19 245/40R20,235/55R17,235/50R17 235/50R18 245/45R19 245/40R20,Lacrosse,,,
0e4d084b-c7e2-4f6a-9868-48006fbf5be4,2015,buick,lacrosse,CX,google-ai-overview,mismatch,true,235/55R17,235/55R17,225/55R17 235/50R18 245/45R19 245/40R20,235/55R17,225/55R17 235/50R18 245/45R19 245/40R20,Lacrosse,,,
59c7a68e-a254-4ef3-8a95-ce9855560080,2016,buick,lacrosse,CX,google-ai-overview,mismatch,true,235/55R17,235/55R17,235/50R18 245/45R19 245/40R20 225/55R17,235/55R17,235/50R18 245/45R19 245/40R20 225/55R17,Lacrosse,,,
0a5402a5-5e49-4a89-b566-b3ffde24b9a7,2017,buick,lacrosse,Premium,google-ai-overview,mismatch,false,245/45R19,245/45R19,235/50R18 245/40R20,245/45R19,235/50R18 245/40R20,Lacrosse,,,
b46ebc06-abe0-4252-800a-0fb82f890d31,2017,buick,lacrosse,Base,google-ai-overview,mismatch,false,235/55R17,235/55R17,235/50R18 245/40R20,235/55R17,235/50R18 245/40R20,Lacrosse,,,
467c500e-827b-4e2f-9ad8-30f5696b880d,2019,buick,lacrosse,Base,google-ai-overview,mismatch,false,235/55R17,235/55R17,235/50R18 245/45R19 245/40R20,235/55R17,235/50R18 245/45R19 245/40R20,Lacrosse,,,
802d9b92-afbe-4328-aa6a-0554622943ea,2019,buick,lacrosse,"Base, Preferred, Essence, Avenir",trim-research,mismatch,true,245/45R18,245/45R18,235/50R18 245/45R19 245/40R20,245/45R18,235/50R18 245/45R19 245/40R20,Lacrosse,,,
45017448-731a-4267-95d8-4b32fbaa3643,1993,buick,regal,Base,manual-research,mismatch,true,205/70R14 205/65R15 215/60R16,205/70R14 205/65R15 215/60R16,205/70R15 225/60R16,205/70R14 205/65R15 215/60R16,205/70R15 225/60R16,Regal,,,
b101de17-a8f8-4e08-9804-d1761f4e8fc5,1994,buick,regal,Base,manual-research,mismatch,true,205/70R14 205/65R15 215/60R16,205/70R14 205/65R15 215/60R16,225/60R16 205/70R15,205/70R14 205/65R15 215/60R16,225/60R16 205/70R15,Regal,,,
e7b1f857-61a7-4d50-91c6-e3cef54483fa,1995,buick,regal,Base,manual-research,mismatch,true,205/70R14 205/65R15 215/60R16,205/70R14 205/65R15 215/60R16,225/60R16 205/70R15,205/70R14 205/65R15 215/60R16,225/60R16 205/70R15,Regal,,,
0f12c39c-7616-4bc5-9e7b-5554c0b906a2,1996,buick,regal,Base,manual-research,mismatch,true,205/70R14 205/65R15 215/60R16,205/70R14 205/65R15 215/60R16,225/60R16 205/70R15,205/70R14 205/65R15 215/60R16,225/60R16 205/70R15,Regal,,,
06e94e4a-ff5e-4ced-a20a-c341db251ec0,2011,buick,regal,Turbo,google-ai-overview,mismatch,true,245/45R19,245/45R19,235/50R18 245/40R19,245/45R19,235/50R18 245/40R19,Regal,,,
c6bc3fdc-15c2-4d06-98b0-371ad48153f5,2011,buick,regal,GS,google-ai-overview,mismatch,false,245/40R20,245/40R20,235/50R18 245/40R19,245/40R20,235/50R18 245/40R19,Regal,,,
69c76865-6325-4480-90ca-1a67fe7f143c,2012,buick,regal,Turbo,google-ai-overview,mismatch,true,245/45R19,245/45R19,235/50R18 245/40R19 235/50R17 255/35R20,245/45R19,235/50R18 245/40R19 235/50R17 255/35R20,Regal,,,
ae871bd9-3ef2-4985-80af-e59af0b80cf1,2012,buick,regal,GS,google-ai-overview,mismatch,true,245/40R20,245/40R20,235/50R18 245/40R19 235/50R17 255/35R20,245/40R20,235/50R18 245/40R19 235/50R17 255/35R20,Regal,,,
02f653c6-060e-4c10-89cc-7b18f258d933,2013,buick,regal,GS,google-ai-overview,mismatch,true,245/40R20,245/40R20,235/50R18 245/40R19 255/35R20,245/40R20,235/50R18 245/40R19 255/35R20,Regal,,,
9b422d06-e7a7-493f-baf0-a78db74cd155,2013,buick,regal,Turbo,google-ai-overview,mismatch,true,245/45R19,245/45R19,235/50R18 245/40R19 255/35R20,245/45R19,235/50R18 245/40R19 255/35R20,Regal,,,
23993fa3-c93c-4fd1-ba1a-602c72a5c0ab,2014,buick,regal,GS,google-ai-overview,mismatch,true,245/40R20,245/40R20,245/40R19 255/35R20 235/50R18 235/50R17,245/40R20,245/40R19 255/35R20 235/50R18 235/50R17,Regal,,,
4264477b-d337-4f1c-8797-8251a8090fcc,2014,buick,regal,Turbo,google-ai-overview,mismatch,true,245/45R19,245/45R19,245/40R19 255/35R20 235/50R18 235/50R17,245/45R19,245/40R19 255/35R20 235/50R18 235/50R17,Regal,,,
941db71f-feab-4048-82b3-e9a3a4a4eadc,2015,buick,regal,Turbo,google-ai-overview,mismatch,true,245/45R19,245/45R19,235/50R18 235/50R17 245/40R19 255/35R20,245/45R19,235/50R18 235/50R17 245/40R19 255/35R20,Regal,,,
d090b7f3-2267-4ec6-b046-27fb33613e6b,2015,buick,regal,GS,google-ai-overview,mismatch,true,245/40R20,245/40R20,235/50R18 235/50R17 245/40R19 255/35R20,245/40R20,235/50R18 235/50R17 245/40R19 255/35R20,Regal,,,
017c2f63-a0bc-497e-bc6f-64389d83da68,2016,buick,regal,Turbo,google-ai-overview,mismatch,true,245/45R19,245/45R19,235/50R18 245/40R19 255/35R20 235/50R17,245/45R19,235/50R18 245/40R19 255/35R20 235/50R17,Regal,,,
3957cf46-f813-4127-8f6c-739468bcb320,2016,buick,regal,GS,google-ai-overview,mismatch,true,245/40R20,245/40R20,235/50R18 245/40R19 255/35R20 235/50R17,245/40R20,235/50R18 245/40R19 255/35R20 235/50R17,Regal,,,
431d938a-dc93-4e46-95b5-85ac76b33c8d,2017,buick,regal,GS,google-ai-overview,mismatch,true,245/40R20,245/40R20,235/50R18 245/40R19 255/35R20,245/40R20,235/50R18 245/40R19 255/35R20,Regal,,,
fc1bd746-5cc8-47b1-b283-c549445925e2,2017,buick,regal,Turbo,google-ai-overview,mismatch,true,245/45R19,245/45R19,235/50R18 245/40R19 255/35R20,245/45R19,235/50R18 245/40R19 255/35R20,Regal,,,
7a8449a5-712f-4ff1-9b01-c9a0b6417a94,2019,buick,regal-sportback,Essence,google-ai-overview,mismatch,true,235/50R18,235/50R18,225/55R17 245/45R18 245/40R19,235/50R18,225/55R17 245/45R18 245/40R19,Regal Sportback,,,
cd0c0670-478e-4a5e-a57c-dbb0c7b9f550,2019,buick,regal-sportback,Preferred,google-ai-overview,mismatch,true,235/50R18,235/50R18,225/55R17 245/45R18 245/40R19,235/50R18,225/55R17 245/45R18 245/40R19,Regal Sportback,,,
9b29443c-dba5-42df-9898-a33f60ac1aa2,2020,buick,regal-sportback,Essence,google-ai-overview,mismatch,true,235/50R18,235/50R18,225/55R17 245/45R18 245/40R19,235/50R18,225/55R17 245/45R18 245/40R19,Regal Sportback,,,
c9ec2fb2-e073-444c-8061-d64bb9b966cc,2020,buick,regal-sportback,Preferred,google-ai-overview,mismatch,true,235/50R18,235/50R18,225/55R17 245/45R18 245/40R19,235/50R18,225/55R17 245/45R18 245/40R19,Regal Sportback,,,
721ff82f-8b72-4b0b-a659-47898ef73a3f,1995,buick,skylark,Base,90s-research-batch,mismatch,true,185/75R14 205/55R15,185/75R14 205/55R15,195/65R15 205/55R16 195/70R14,185/75R14 205/55R15,195/65R15 205/55R16 195/70R14,Skylark,,,
f09c7096-85d2-475c-8a3f-cddb98c23da1,1996,buick,skylark,Base,90s-research-batch,mismatch,true,185/75R14 205/55R15,185/75R14 205/55R15,195/65R15 205/55R16 195/70R14,185/75R14 205/55R15,195/65R15 205/55R16 195/70R14,Skylark,,,
f4736841-fba4-4fe9-aebd-d32ba7717be3,1997,buick,skylark,Base,90s-research-batch,mismatch,true,205/55R15,205/55R15,195/65R15 195/70R14 205/55R16,205/55R15,195/65R15 195/70R14 205/55R16,Skylark,,,
ca88afdd-248a-484e-89cf-c2bfefd589d5,1998,buick,skylark,Base,90s-research-batch,mismatch,false,205/55R15,205/55R15,195/70R14,205/55R15,195/70R14,Skylark,,,
c8e09ed6-4361-452f-b914-4b88ca47e772,1993,cadillac,allante,Base,90s-research-batch,mismatch,true,225/55R16,225/55R16,225/60R16,225/55R16,225/60R16,Allante,,,
ac76adc6-d6a4-4f39-bed5-af76723e2c94,2019,cadillac,ats,Base,trim-research,mismatch,false,225/45R17,225/45R17,225/40R18 255/35R18 275/35R18,225/45R17,225/40R18 255/35R18 275/35R18,ATS,,,
c1f8453b-4573-48a0-9043-0cd56a7997b0,2019,cadillac,ats-v,Base,trim-research,mismatch,false,225/45R17,225/45R17,225/40R18 255/35R18 275/35R18,225/45R17,225/40R18 255/35R18 275/35R18,ATS,,,
322d4877-9847-490b-81e0-1e5dc546b1e8,2020,cadillac,ct4-v,Base,catalog-gap-fill [web_research],mismatch,true,225/45R18,225/45R18,235/40R18 225/45R17 235/35R19,225/45R18,235/40R18 225/45R17 235/35R19,CT4,,,
801219cf-5139-4bc0-9cf4-200b1e99a021,2021,cadillac,ct4-v,Base,catalog-gap-fill [web_research],mismatch,true,225/45R18,225/45R18,225/45R17 235/40R18 235/35R19,225/45R18,225/45R17 235/40R18 235/35R19,CT4,,,
bcf34627-9a3e-412c-8880-5b76f98c4410,2022,cadillac,ct4-v,Base,catalog-gap-fill [web_research],mismatch,true,225/45R18,225/45R18,255/35R18 275/35R18 225/45R17 235/40R18 235/35R19,225/45R18,255/35R18 275/35R18 225/45R17 235/40R18 235/35R19,CT4,,,
06e43cd1-508d-4c6e-8509-369536b98839,2023,cadillac,ct4-v,Base,catalog-gap-fill [web_research],mismatch,true,225/45R18,225/45R18,225/45R17 235/35R19 235/40R18 255/35R18 275/35R18,225/45R18,225/45R17 235/35R19 235/40R18 255/35R18 275/35R18,CT4,,,
a2c61946-edb5-4210-bfc7-e02701712b49,2024,cadillac,ct4-v,Base,catalog-gap-fill [web_research],mismatch,true,225/45R18,225/45R18,225/45R17 235/35R19 235/40R18 255/35R18 275/35R18,225/45R18,225/45R17 235/35R19 235/40R18 255/35R18 275/35R18,CT4,,,
3f5eed05-fe31-4db6-9b3f-4e123719f98d,2025,cadillac,ct4-v,Base,catalog-gap-fill [web_research],mismatch,true,225/45R18,225/45R18,225/45R17 235/35R19 235/40R18 255/35R18 275/35R18,225/45R18,225/45R17 235/35R19 235/40R18 255/35R18 275/35R18,CT4,,,
ae986b4f-1598-4f00-b4ed-f4d9a6cf7a4e,2026,cadillac,ct4-v,Base,catalog-gap-fill [web_research],mismatch,true,225/45R18,225/45R18,225/45R17 235/35R19 235/40R18 255/35R18 275/35R18,225/45R18,225/45R17 235/35R19 235/40R18 255/35R18 275/35R18,CT4,,,
e6fc5d0c-20f4-4feb-8098-1dff7dad7242,2020,cadillac,ct5-v,Base,catalog-gap-fill [web_research],mismatch,true,235/40R19,235/40R19,245/45R18 255/35R20 245/40R19,235/40R19,245/45R18 255/35R20 245/40R19,CT5,,,
0f965e15-a89c-4157-8260-89e2a416f01e,2021,cadillac,ct5-v,Base,catalog-gap-fill [web_research],mismatch,true,235/40R19,235/40R19,245/45R18 255/35R20 245/40R19,235/40R19,245/45R18 255/35R20 245/40R19,CT5,,,
5af8552f-66f9-41f5-8dd7-3b87f8dcfc9a,2022,cadillac,ct5-v,Base,catalog-gap-fill [web_research],mismatch,true,235/40R19,235/40R19,275/35R19 305/30R19 245/45R18 255/35R20 245/40R19,235/40R19,275/35R19 305/30R19 245/45R18 255/35R20 245/40R19,CT5,,,
5ca723ab-a8a1-4bb5-baf8-c0379646d4d1,2023,cadillac,ct5-v,Base,catalog-gap-fill [web_research],mismatch,true,235/40R19,235/40R19,245/45R18 255/35R20 245/40R19 275/35R19 305/30R19,235/40R19,245/45R18 255/35R20 245/40R19 275/35R19 305/30R19,CT5,,,
a01512da-5040-4449-9560-82a9e31535c3,2024,cadillac,ct5-v,Base,catalog-gap-fill [web_research],mismatch,true,235/40R19,235/40R19,245/45R18 255/35R20 245/40R19 275/35R19 305/30R19,235/40R19,245/45R18 255/35R20 245/40R19 275/35R19 305/30R19,CT5,,,
d94fafa3-2bf5-4f1b-84bc-d9bbdcee7aea,2025,cadillac,ct5-v,Base,catalog-gap-fill [web_research],mismatch,true,235/40R19,235/40R19,245/45R18 245/40R19 255/35R20 275/35R19 305/30R19 285/35R19,235/40R19,245/45R18 245/40R19 255/35R20 275/35R19 305/30R19 285/35R19,CT5,,,
1b6dbc2c-c515-4f1e-9a1f-8c67b9c388e8,2026,cadillac,ct5-v,Base,catalog-gap-fill [web_research],mismatch,true,235/40R19,235/40R19,245/45R18 245/40R19 255/35R20 275/35R19 305/30R19 285/35R19,235/40R19,245/45R18 245/40R19 255/35R20 275/35R19 305/30R19 285/35R19,CT5,,,
fccc6351-1359-4ae7-a093-be084bf1c1d0,2019,cadillac,ct6-v,Base,catalog-gap-fill [web_research],mismatch,true,235/40R19,235/40R19,235/50R18 245/45R19 245/40R20,235/40R19,235/50R18 245/45R19 245/40R20,CT6,,,
f60c5dd2-59b8-40b4-a6d6-c6dfc5f92ee0,2020,cadillac,ct6-v,Base,catalog-gap-fill [web_research],mismatch,true,235/40R19,235/40R19,245/40R20 235/50R18 245/45R19,235/40R19,245/40R20 235/50R18 245/45R19,CT6,,,
627593b4-3b8f-40c3-b047-d100ef776d81,2003,cadillac,cts,Base,generation_template [expanded],mismatch,true,225/55R17,225/55R17,225/55R16 225/50R17,225/55R17,225/55R16 225/50R17,CTS,,,
67dca83f-af69-4726-99dc-b603e98ed982,2003,cadillac,cts,Base,generation_template [expanded],mismatch,true,225/55R17,225/55R17,225/55R16 225/50R17,225/55R17,225/55R16 225/50R17,CTS,,,
81f8bef5-41a7-4f82-a101-22e5afa4aece,2003,cadillac,cts,Base,generation_template [expanded],mismatch,true,225/55R17,225/55R17,225/55R16 225/50R17,225/55R17,225/55R16 225/50R17,CTS,,,
41e69346-fdda-4f33-9a93-1c009422d79b,2004,cadillac,cts,Base,generation_template [expanded],mismatch,true,225/55R17,225/55R17,225/55R16 225/50R17 245/45R18,225/55R17,225/55R16 225/50R17 245/45R18,CTS,,,
42d31b9d-cebd-489b-a57a-f31c7eb85fb1,2004,cadillac,cts,Base,generation_template [expanded],mismatch,true,225/55R17,225/55R17,225/55R16 225/50R17 245/45R18,225/55R17,225/55R16 225/50R17 245/45R18,CTS,,,
7fe32944-59df-46cf-88b3-6c64964bf11e,2004,cadillac,cts,Base,generation_template [expanded],mismatch,true,225/55R17,225/55R17,225/55R16 225/50R17 245/45R18,225/55R17,225/55R16 225/50R17 245/45R18,CTS,,,
64b5c3d6-2fd8-4a1b-852d-7b4280129347,2005,cadillac,cts,Base,generation_template [expanded],mismatch,true,225/55R17,225/55R17,225/55R16 225/50R17 245/45R18,225/55R17,225/55R16 225/50R17 245/45R18,CTS,,,
6c8e90fb-dd61-49c7-a86c-77255f2d4ba9,2005,cadillac,cts,Base,generation_template [expanded],mismatch,true,225/55R17,225/55R17,225/55R16 225/50R17 245/45R18,225/55R17,225/55R16 225/50R17 245/45R18,CTS,,,
8907314e-cd8a-47a2-bd17-ad29ff8a4868,2005,cadillac,cts,Base,generation_template [expanded],mismatch,true,225/55R17,225/55R17,225/55R16 225/50R17 245/45R18,225/55R17,225/55R16 225/50R17 245/45R18,CTS,,,
56f16d14-abed-4216-8efc-3c62184088ca,2006,cadillac,cts,Base,generation_template [expanded],mismatch,true,225/55R17,225/55R17,225/55R16 245/45R18 225/50R17 225/50R18,225/55R17,225/55R16 245/45R18 225/50R17 225/50R18,CTS,,,
8ec9341a-7aed-4da1-8362-509076b070e1,2006,cadillac,cts,Base,generation_template [expanded],mismatch,true,225/55R17,225/55R17,225/55R16 245/45R18 225/50R17 225/50R18,225/55R17,225/55R16 245/45R18 225/50R17 225/50R18,CTS,,,
ae1438d9-f54d-4074-ac00-d352fb8d095f,2006,cadillac,cts,Base,generation_template [expanded],mismatch,true,225/55R17,225/55R17,225/55R16 245/45R18 225/50R17 225/50R18,225/55R17,225/55R16 245/45R18 225/50R17 225/50R18,CTS,,,
26a5d797-7976-4120-a488-4d3405a91c11,2007,cadillac,cts,Base,generation_template [expanded],mismatch,true,225/55R17,225/55R17,225/55R16 225/50R18 245/45R18 225/50R17,225/55R17,225/55R16 225/50R18 245/45R18 225/50R17,CTS,,,
bb22c125-c5f5-4296-9c03-84b032c80c41,2007,cadillac,cts,Base,generation_template [expanded],mismatch,true,225/55R17,225/55R17,225/55R16 225/50R18 245/45R18 225/50R17,225/55R17,225/55R16 225/50R18 245/45R18 225/50R17,CTS,,,
f8d0f858-c8b8-4564-ae5d-ba588957401b,2007,cadillac,cts,Base,generation_template [expanded],mismatch,true,225/55R17,225/55R17,225/55R16 225/50R18 245/45R18 225/50R17,225/55R17,225/55R16 225/50R18 245/45R18 225/50R17,CTS,,,
18a3e065-9bcb-4758-b376-38a650aea653,1999,cadillac,escalade,Base,generation_template [expanded],mismatch,false,265/70R17,265/70R17,265/70R16,265/70R17,265/70R16,Escalade,,,
59b68554-cd5e-431a-8519-6fa7c4305476,1999,cadillac,escalade,Base,generation_template [expanded],mismatch,false,265/70R17,265/70R17,265/70R16,265/70R17,265/70R16,Escalade,,,
c693a7d9-2bb9-43af-a7f9-6cab32eed863,1999,cadillac,escalade,Base,generation_template [expanded],mismatch,false,265/70R17,265/70R17,265/70R16,265/70R17,265/70R16,Escalade,,,
cf9583ef-cbd7-47c8-b911-e2c719b2f9b2,1999,cadillac,escalade,Base,generation_template [expanded],mismatch,false,265/70R17,265/70R17,265/70R16,265/70R17,265/70R16,Escalade,,,
5613bedb-e53b-4e62-a272-5d17aa9b1e8e,2000,cadillac,escalade,Base,final-gap-fill [expanded],mismatch,false,265/70R17,265/70R17,265/70R16,265/70R17,265/70R16,Escalade,,,
7404427d-990b-495d-a89b-874e5daf5c66,2000,cadillac,escalade,Base,final-gap-fill [expanded],mismatch,false,265/70R17,265/70R17,265/70R16,265/70R17,265/70R16,Escalade,,,
a9390e6f-507a-4b82-b268-e835e716492d,2000,cadillac,escalade,Base,final-gap-fill [expanded],mismatch,false,265/70R17,265/70R17,265/70R16,265/70R17,265/70R16,Escalade,,,
dcc8c700-0e7b-43f2-b89a-3c80b5ad71b6,2000,cadillac,escalade,Base,final-gap-fill [expanded],mismatch,false,265/70R17,265/70R17,265/70R16,265/70R17,265/70R16,Escalade,,,
6a167689-8d9e-47eb-a9b1-94f84f216675,2004,cadillac,escalade-esv,Platinum,generation_template [sib-same-year:esc [expanded],mismatch,true,P265/65R17,265/65R17,265/70R17,265/65R17,265/70R17,Escalade ESV,,,
ca1f3242-0c34-47d0-9b86-950950d16a29,2004,cadillac,escalade-esv,"Luxury, Premium Luxury, Sport, Platinum, V",generation_template [sib-same-year:escalade:2004],mismatch,true,P265/65R17,265/65R17,265/70R17,265/65R17,265/70R17,Escalade ESV,,,
ffac3f90-6d6b-4adc-9369-9936976178f8,2004,cadillac,escalade-esv,Luxury,generation_template [sib-same-year:esc [expanded],mismatch,true,P265/65R17,265/65R17,265/70R17,265/65R17,265/70R17,Escalade ESV,,,
0e05acd2-e73d-442c-a5d0-f23037ad38a2,2006,cadillac,escalade-esv,Luxury,generation_template [sib-same-year:esc [expanded],mismatch,false,265/65R18,265/65R18,265/70R17 275/55R20,265/65R18,265/70R17 275/55R20,Escalade ESV,,,
2f1fe842-abe8-4644-ac0e-9a2d241c0866,2006,cadillac,escalade-esv,"Luxury, Premium Luxury, Sport, Platinum, V",generation_template [sib-same-year:escalade:2006],mismatch,false,265/65R18,265/65R18,265/70R17 275/55R20,265/65R18,265/70R17 275/55R20,Escalade ESV,,,
38429d7a-5a51-4ed5-8184-5a7dfaed17d5,2006,cadillac,escalade-esv,Base,generation_template [sib-same-year:esc [expanded],mismatch,false,265/65R18,265/65R18,265/70R17 275/55R20,265/65R18,265/70R17 275/55R20,Escalade ESV,,,
4b235fb0-1d59-41e7-9717-885ccf9a3b18,2006,cadillac,escalade-esv,Platinum,generation_template [sib-same-year:esc [expanded],mismatch,false,265/65R18,265/65R18,265/70R17 275/55R20,265/65R18,265/70R17 275/55R20,Escalade ESV,,,
78062ce2-1450-43e6-a2a9-ae59036ae2ea,2006,cadillac,escalade-esv,Base,generation_template [sib-same-year:esc [expanded],mismatch,false,265/65R18,265/65R18,265/70R17 275/55R20,265/65R18,265/70R17 275/55R20,Escalade ESV,,,
9aef5f83-c273-424b-946e-9a5e33325f47,2006,cadillac,escalade-esv,Base,generation_template [sib-same-year:esc [expanded],mismatch,false,265/65R18,265/65R18,265/70R17 275/55R20,265/65R18,265/70R17 275/55R20,Escalade ESV,,,
e332a583-1f01-46bb-9be0-45f5bd5cc7e0,2006,cadillac,sts-v,Base,catalog-gap-fill [web_research],mismatch,true,225/45R18,225/45R18,235/50R17 255/45R17 235/50R18 255/45R18 275/40R19,225/45R18,235/50R17 255/45R17 235/50R18 255/45R18 275/40R19,STS,,,
98eebd44-6280-4bf0-b7fc-5669a55e04b0,2007,cadillac,sts-v,Base,catalog-gap-fill [web_research],mismatch,true,225/45R18,225/45R18,255/45R18 275/40R19 235/50R17 255/45R17 235/50R18,225/45R18,255/45R18 275/40R19 235/50R17 255/45R17 235/50R18,STS,,,
c2d7e000-3f8f-40d5-ba57-f9c9b0d10c74,2008,cadillac,sts-v,Base,catalog-gap-fill [web_research],mismatch,true,225/45R18,225/45R18,255/45R18 275/40R19 235/50R17 235/50R18,225/45R18,255/45R18 275/40R19 235/50R17 235/50R18,STS,,,
1321a154-cacd-4627-a7f6-a5d98386da2c,2009,cadillac,sts-v,Base,catalog-gap-fill [web_research],mismatch,true,225/45R18,225/45R18,255/45R18 275/40R19 235/50R17 235/50R18,225/45R18,255/45R18 275/40R19 235/50R17 235/50R18,STS,,,
56a45c18-c297-4385-8e04-887b3792a272,2006,cadillac,xlr-v,Base,catalog-gap-fill [web_research],mismatch,true,235/40R19,235/40R19,235/50R18 235/45R19 255/40R19,235/40R19,235/50R18 235/45R19 255/40R19,XLR,,,
e4c40311-73ff-40c3-8dc1-45682629395a,2007,cadillac,xlr-v,Base,catalog-gap-fill [web_research],mismatch,true,235/40R19,235/40R19,235/50R18 235/45R19 255/40R19,235/40R19,235/50R18 235/45R19 255/40R19,XLR,,,
2c21a3b3-c450-4e16-8452-d51869a69813,2008,cadillac,xlr-v,Base,catalog-gap-fill [web_research],mismatch,true,235/40R19,235/40R19,235/50R18 235/45R19 255/40R19,235/40R19,235/50R18 235/45R19 255/40R19,XLR,,,
86a4178f-2f02-4d6a-ad41-45fd6f9d6434,2009,cadillac,xlr-v,Base,catalog-gap-fill [web_research],mismatch,true,235/40R19,235/40R19,235/50R18 235/45R19 255/40R19,235/40R19,235/50R18 235/45R19 255/40R19,XLR,,,
ffe9e129-a82b-4978-b3eb-9d7816b8264f,2019,cadillac,xts,Base,trim-research,mismatch,false,245/45R18,245/45R18,245/45R19 245/40R20,245/45R18,245/45R19 245/40R20,XTS,,,
8eb2fb60-37b3-4eb8-bb50-e0841ba92bc1,2002,chevrolet,avalanche-2500,Base,catalog-gap-fill [web_research],mismatch,true,205/55R16,205/55R16,245/75R16,205/55R16,245/75R16,Avalanche 2500,,,
b7f451f5-84b3-4995-9d7b-019b89d9df2d,2003,chevrolet,avalanche-2500,Base,catalog-gap-fill [web_research],mismatch,true,205/55R16,205/55R16,245/75R16,205/55R16,245/75R16,Avalanche 2500,,,
f7fbbbf3-b43f-41c9-9fc8-9df7a56a8ba5,2004,chevrolet,avalanche-2500,Base,catalog-gap-fill [web_research],mismatch,true,205/55R16,205/55R16,245/75R16,205/55R16,245/75R16,Avalanche 2500,,,
7d23e068-44c0-48f9-ba94-59f051bab174,2005,chevrolet,avalanche-2500,Base,catalog-gap-fill [web_research],mismatch,true,205/55R16,205/55R16,245/75R16,205/55R16,245/75R16,Avalanche 2500,,,
eff6bd31-56e4-4117-a867-34e95bdd0232,2006,chevrolet,avalanche-2500,Base,catalog-gap-fill [web_research],mismatch,true,205/55R16,205/55R16,245/75R16,205/55R16,245/75R16,Avalanche 2500,,,
c0d4735a-165c-4ffe-a9bc-54b7648adccd,1992,chevrolet,blazer,Base,90s-research-batch,mismatch,false,205/75R15 235/75R15,205/75R15 235/75R15,225/75R16 265/75R16 245/75R16,205/75R15 235/75R15,225/75R16 265/75R16 245/75R16,Blazer,,,
39766b06-bbef-41f9-bd8b-262d48f0e4df,1993,chevrolet,blazer,Base,90s-research-batch,mismatch,false,205/75R15 235/75R15,205/75R15 235/75R15,225/75R16 265/75R16 245/75R16,205/75R15 235/75R15,225/75R16 265/75R16 245/75R16,Blazer,,,
deb3eaca-ff77-4354-b07a-e764bf70215b,1994,chevrolet,blazer,Base,90s-research-batch,mismatch,false,205/75R15 235/75R15,205/75R15 235/75R15,245/75R16 265/75R16,205/75R15 235/75R15,245/75R16 265/75R16,Blazer,,,
168371b6-d1e3-4e63-bc44-44848cf666e0,2010,chevrolet,camaro,1LE,generation_inherit,mismatch,true,285/30R20 305/30R20,285/30R20 305/30R20,245/55R18 245/50R19 245/45R20 275/40R20,285/30R20 305/30R20,245/55R18 245/50R19 245/45R20 275/40R20,Camaro,,,
d0d7b5dc-8830-4661-bf98-5e965a269972,2010,chevrolet,camaro,ZL1,generation_inherit,mismatch,true,285/30R20 305/30R20,285/30R20 305/30R20,245/55R18 245/50R19 245/45R20 275/40R20,285/30R20 305/30R20,245/55R18 245/50R19 245/45R20 275/40R20,Camaro,,,
d267b8b8-4746-4d33-a291-011406f23636,2011,chevrolet,camaro,ZL1,generation_inherit,mismatch,true,285/30R20 305/30R20,285/30R20 305/30R20,245/55R18 245/50R19 245/45R20 275/40R20,285/30R20 305/30R20,245/55R18 245/50R19 245/45R20 275/40R20,Camaro,,,
fc8df078-652c-4104-a9de-51fd283f739c,2011,chevrolet,camaro,1LE,generation_inherit,mismatch,true,285/30R20 305/30R20,285/30R20 305/30R20,245/55R18 245/50R19 245/45R20 275/40R20,285/30R20 305/30R20,245/55R18 245/50R19 245/45R20 275/40R20,Camaro,,,
b44c95f8-1737-4d56-a918-783b04fac691,2012,chevrolet,camaro,1LE,generation_inherit,mismatch,true,285/30R20 305/30R20,285/30R20 305/30R20,245/55R18 245/50R19 245/45R20 275/40R20 285/35R20 305/35R20,285/30R20 305/30R20,245/55R18 245/50R19 245/45R20 275/40R20 285/35R20 305/35R20,Camaro,,,
9eb9a74b-f274-4748-ba25-08843ee1bb65,2013,chevrolet,camaro,1LE,generation_inherit,mismatch,true,285/30R20 305/30R20,285/30R20 305/30R20,285/35R20 305/35R20 245/45R20 275/40R20 245/55R18 245/50R19,285/30R20 305/30R20,285/35R20 305/35R20 245/45R20 275/40R20 245/55R18 245/50R19,Camaro,,,
760a8ee3-32f8-444d-808c-05ad19f1cff2,2014,chevrolet,camaro,1LE,generation_inherit,mismatch,true,285/30R20 305/30R20,285/30R20 305/30R20,305/30R19 245/55R18 245/50R19 245/45R20 275/40R20 285/35R20 305/35R20,285/30R20 305/30R20,305/30R19 245/55R18 245/50R19 245/45R20 275/40R20 285/35R20 305/35R20,Camaro,,,
a9e54c75-a8f8-4cd5-952a-2330e235b05d,2015,chevrolet,camaro,1LE,generation_inherit,mismatch,true,285/30R20 305/30R20,285/30R20 305/30R20,285/35R20 305/35R20 305/30R19 245/55R18 245/50R19 245/45R20 275/40R20,285/30R20 305/30R20,285/35R20 305/35R20 305/30R19 245/55R18 245/50R19 245/45R20 275/40R20,Camaro,,,
28f8cd87-1c04-46af-8159-3da9dbabfd6d,2016,chevrolet,camaro,SS 1LE Track Package,tier-a-import,mismatch,true,285/30R20 305/30R20,285/30R20 305/30R20,245/40R20 275/35R20 245/50R18,285/30R20 305/30R20,245/40R20 275/35R20 245/50R18,Camaro,,,
4f11a922-0c02-4368-9a3b-15f260e02386,2016,chevrolet,camaro,ZL1,tier-a-import,mismatch,true,285/30R20 305/30R20,285/30R20 305/30R20,245/40R20 275/35R20 245/50R18,285/30R20 305/30R20,245/40R20 275/35R20 245/50R18,Camaro,,,
5319cbc6-fc45-4fcf-bd26-2fd5ee654b3d,2016,chevrolet,camaro,ZL1 1LE,google-ai-overview,mismatch,false,305/30R19 325/30R19,305/30R19 325/30R19,245/40R20 275/35R20 245/50R18,305/30R19 325/30R19,245/40R20 275/35R20 245/50R18,Camaro,,,
a5cc4473-fd3a-491f-b20a-b719e0164f2c,2016,chevrolet,camaro,SS 1LE,google-ai-overview,mismatch,true,285/30R20 305/30R20,285/30R20 305/30R20,245/40R20 275/35R20 245/50R18,285/30R20 305/30R20,245/40R20 275/35R20 245/50R18,Camaro,,,
e91b86e9-a6d8-4b6b-9417-11e18213e42f,2016,chevrolet,camaro,ZL1 1LE Extreme Track,tier-a-import,mismatch,false,305/30R19 325/30R19,305/30R19 325/30R19,245/40R20 275/35R20 245/50R18,305/30R19 325/30R19,245/40R20 275/35R20 245/50R18,Camaro,,,
087c0b67-baf5-49c0-9922-3299656f29b3,2017,chevrolet,camaro,ZL1 1LE Extreme Track,tier-a-import,mismatch,false,305/30R19 325/30R19,305/30R19 325/30R19,245/40R20 275/35R20 285/30R20 305/30R20 245/50R18,305/30R19 325/30R19,245/40R20 275/35R20 285/30R20 305/30R20 245/50R18,Camaro,,,
8aedb7d6-0a25-463a-99b1-6cf189c0c910,2017,chevrolet,camaro,ZL1 1LE,google-ai-overview,mismatch,false,305/30R19 325/30R19,305/30R19 325/30R19,245/40R20 275/35R20 285/30R20 305/30R20 245/50R18,305/30R19 325/30R19,245/40R20 275/35R20 285/30R20 305/30R20 245/50R18,Camaro,,,
6104b675-514a-4e85-9373-c29f8c766ea6,2004,chevrolet,colorado,LT,generation_template [expanded],mismatch,true,215/75R15,215/75R15,205/75R15 225/75R15 235/75R15 265/75R15 235/50R17,215/75R15,205/75R15 225/75R15 235/75R15 265/75R15 235/50R17,Colorado,,,
8ba4069b-0088-4ae0-a648-0b184a5a693d,2004,chevrolet,colorado,LT,generation_template [expanded],mismatch,true,215/75R15,215/75R15,205/75R15 225/75R15 235/75R15 265/75R15 235/50R17,215/75R15,205/75R15 225/75R15 235/75R15 265/75R15 235/50R17,Colorado,,,
dac14570-edd0-4d91-a3bf-2aa0543c2c58,2005,chevrolet,colorado,LT,generation_template [expanded],mismatch,true,215/75R15,215/75R15,235/50R17 265/75R15 205/75R15 235/75R15 225/75R15 235/50R18,215/75R15,235/50R17 265/75R15 205/75R15 235/75R15 225/75R15 235/50R18,Colorado,,,
f93042f2-42d0-4487-8923-77fea75bc2f8,2005,chevrolet,colorado,LT,generation_template [expanded],mismatch,true,215/75R15,215/75R15,235/50R17 265/75R15 205/75R15 235/75R15 225/75R15 235/50R18,215/75R15,235/50R17 265/75R15 205/75R15 235/75R15 225/75R15 235/50R18,Colorado,,,
760afdf9-14c4-4e01-9915-1c94bb233a77,2006,chevrolet,colorado,LT,generation_template [expanded],mismatch,true,215/75R15,215/75R15,235/50R17 235/50R18 265/75R15 205/75R15 235/75R15 225/75R15,215/75R15,235/50R17 235/50R18 265/75R15 205/75R15 235/75R15 225/75R15,Colorado,,,
f6e12bc7-72c0-4a28-a3a2-e3d51b93ec3a,2006,chevrolet,colorado,LT,generation_template [expanded],mismatch,true,215/75R15,215/75R15,235/50R17 235/50R18 265/75R15 205/75R15 235/75R15 225/75R15,215/75R15,235/50R17 235/50R18 265/75R15 205/75R15 235/75R15 225/75R15,Colorado,,,
af7d58a7-528d-47a8-8a1c-1123cc6f47dc,2007,chevrolet,colorado,LT,generation_template [expanded],mismatch,true,215/75R15,215/75R15,235/50R18 265/75R15 205/75R15 225/75R15 235/75R15,215/75R15,235/50R18 265/75R15 205/75R15 225/75R15 235/75R15,Colorado,,,
cd32d2fa-2e79-418a-b51e-f241bb8cb50e,2007,chevrolet,colorado,LT,generation_template [expanded],mismatch,true,215/75R15,215/75R15,235/50R18 265/75R15 205/75R15 225/75R15 235/75R15,215/75R15,235/50R18 265/75R15 205/75R15 225/75R15 235/75R15,Colorado,,,
2c6000e6-187b-4283-b18d-d055710175eb,2008,chevrolet,colorado,LT,generation_template [filled from 2010  [expanded],mismatch,true,215/75R15,215/75R15,225/75R15 205/75R15 235/75R15 265/75R15,215/75R15,225/75R15 205/75R15 235/75R15 265/75R15,Colorado,,,
cb49010b-61bd-461b-8971-8de74b3422c9,2008,chevrolet,colorado,LT,generation_template [filled from 2010  [expanded],mismatch,true,215/75R15,215/75R15,225/75R15 205/75R15 235/75R15 265/75R15,215/75R15,225/75R15 205/75R15 235/75R15 265/75R15,Colorado,,,
6891aa29-c68c-43da-9ab7-73091adf1863,2010,chevrolet,colorado,LT,generation_template [expanded],mismatch,false,215/75R15,215/75R15,235/50R18 215/70R16 265/70R17 235/75R16,215/75R15,235/50R18 215/70R16 265/70R17 235/75R16,Colorado,,,
961f36ff-0f2b-497a-abb2-d81290d9e77a,2010,chevrolet,colorado,LT,generation_template [expanded],mismatch,false,215/75R15,215/75R15,235/50R18 215/70R16 265/70R17 235/75R16,215/75R15,235/50R18 215/70R16 265/70R17 235/75R16,Colorado,,,
0391846b-5020-4eb5-8622-b6719137e50a,2011,chevrolet,colorado,LT,generation_template [expanded],mismatch,false,215/75R15,215/75R15,235/50R18 215/70R16 265/70R17 235/75R16,215/75R15,235/50R18 215/70R16 265/70R17 235/75R16,Colorado,,,
973a34a9-3c0e-49e9-b8c8-690e8423afec,2011,chevrolet,colorado,LT,generation_template [expanded],mismatch,false,215/75R15,215/75R15,235/50R18 215/70R16 265/70R17 235/75R16,215/75R15,235/50R18 215/70R16 265/70R17 235/75R16,Colorado,,,
149846c3-30b9-4c6c-9b0d-77437d04cab0,2012,chevrolet,colorado,LT,generation_template [expanded],mismatch,false,215/75R15,215/75R15,215/70R16 235/75R16 235/50R18 265/70R17 265/65R18,215/75R15,215/70R16 235/75R16 235/50R18 265/70R17 265/65R18,Colorado,,,
24981298-4800-42c6-b00e-2fbc8d0b771b,2012,chevrolet,colorado,LT,generation_template [expanded],mismatch,false,215/75R15,215/75R15,215/70R16 235/75R16 235/50R18 265/70R17 265/65R18,215/75R15,215/70R16 235/75R16 235/50R18 265/70R17 265/65R18,Colorado,,,
42cf9a60-5c56-4819-88c6-8038613d23b9,2016,chevrolet,cruze,Eco,manual-research,mismatch,true,P215/60R16 P225/50R17,215/60R16 225/50R17,195/65R15 205/55R16 225/45R17 225/40R18,215/60R16 225/50R17,195/65R15 205/55R16 225/45R17 225/40R18,Cruze,,,
4c1463ee-e855-4df4-9af3-a7fb367bc489,2016,chevrolet,cruze,LTZ,manual-research,mismatch,true,P215/60R16 P225/50R17,215/60R16 225/50R17,195/65R15 205/55R16 225/45R17 225/40R18,215/60R16 225/50R17,195/65R15 205/55R16 225/45R17 225/40R18,Cruze,,,
53acb831-5986-432b-9ee5-67e89b27f4fb,2016,chevrolet,cruze,LS,manual-research,mismatch,true,P215/60R16 P225/50R17,215/60R16 225/50R17,195/65R15 205/55R16 225/45R17 225/40R18,215/60R16 225/50R17,195/65R15 205/55R16 225/45R17 225/40R18,Cruze,,,
c4198a5f-d5d9-40fa-a0d8-a4f5523f5a02,2016,chevrolet,cruze,LT,manual-research,mismatch,true,P215/60R16 P225/50R17,215/60R16 225/50R17,195/65R15 205/55R16 225/45R17 225/40R18,215/60R16 225/50R17,195/65R15 205/55R16 225/45R17 225/40R18,Cruze,,,
125635ab-0e78-4843-a990-cd965d051f6d,2017,chevrolet,cruze,LT,manual-research,mismatch,true,P215/60R16 P225/50R17,215/60R16 225/50R17,225/40R18 205/55R16 195/65R15 225/45R17,215/60R16 225/50R17,225/40R18 205/55R16 195/65R15 225/45R17,Cruze,,,
43adf664-9a9a-40a1-95cd-b28af2718c5d,2017,chevrolet,cruze,Eco,manual-research,mismatch,true,P215/60R16 P225/50R17,215/60R16 225/50R17,225/40R18 205/55R16 195/65R15 225/45R17,215/60R16 225/50R17,225/40R18 205/55R16 195/65R15 225/45R17,Cruze,,,
d4d63bc6-7a0a-4c61-936d-36487f0ccf47,2017,chevrolet,cruze,LS,manual-research,mismatch,true,P215/60R16 P225/50R17,215/60R16 225/50R17,225/40R18 205/55R16 195/65R15 225/45R17,215/60R16 225/50R17,225/40R18 205/55R16 195/65R15 225/45R17,Cruze,,,
d9f8e067-a2c2-474a-b28c-320a463d612f,2017,chevrolet,cruze,LTZ,manual-research,mismatch,true,P215/60R16 P225/50R17,215/60R16 225/50R17,225/40R18 205/55R16 195/65R15 225/45R17,215/60R16 225/50R17,225/40R18 205/55R16 195/65R15 225/45R17,Cruze,,,
5260e310-6d19-4124-9085-56f3eea89654,2019,chevrolet,cruze,Eco,manual-research,mismatch,true,P215/60R16 P225/50R17,215/60R16 225/50R17,195/65R15 205/55R16 225/45R17 225/40R18,215/60R16 225/50R17,195/65R15 205/55R16 225/45R17 225/40R18,Cruze,,,
ba60d63f-76f8-4b15-87c8-c5c29ce2df5a,2019,chevrolet,cruze,LTZ,manual-research,mismatch,true,P215/60R16 P225/50R17,215/60R16 225/50R17,195/65R15 205/55R16 225/45R17 225/40R18,215/60R16 225/50R17,195/65R15 205/55R16 225/45R17 225/40R18,Cruze,,,
cc0e42bc-6f35-4182-8b60-e0a8c84e9744,2019,chevrolet,cruze,LT,manual-research,mismatch,true,P215/60R16 P225/50R17,215/60R16 225/50R17,195/65R15 205/55R16 225/45R17 225/40R18,215/60R16 225/50R17,195/65R15 205/55R16 225/45R17 225/40R18,Cruze,,,
d0285e4b-43ae-4080-91b6-5fe7f5026149,2019,chevrolet,cruze,LS,manual-research,mismatch,true,P215/60R16 P225/50R17,215/60R16 225/50R17,195/65R15 205/55R16 225/45R17 225/40R18,215/60R16 225/50R17,195/65R15 205/55R16 225/45R17 225/40R18,Cruze,,,
3cc1d256-13cf-4a7a-9780-b8c71fa323c2,2026,chevrolet,equinox,Premier,generation_template [trim-expanded],mismatch,true,225/65R17 225/60R18 235/50R19,225/65R17 225/60R18 235/50R19,235/65R17 235/55R19 235/50R20,225/65R17 225/60R18 235/50R19,235/65R17 235/55R19 235/50R20,Equinox,,,
1a92737a-207d-4527-81f2-e568812ea06c,2000,chevrolet,express-1500,Base,catalog-gap-fill,mismatch,false,245/75R16 265/70R17,245/75R16 265/70R17,215/75R15 235/75R15,245/75R16 265/70R17,215/75R15 235/75R15,Express 1500,,,
25c15327-aab5-42af-a4bf-7d88c177a729,2000,chevrolet,express-1500,LS,manual-research,mismatch,false,LT245/75R16 LT245/70R17,245/75R16 245/70R17,215/75R15 235/75R15,245/75R16 245/70R17,215/75R15 235/75R15,Express 1500,,,
93fce494-854c-4c59-826e-0b8f270b1d42,2000,chevrolet,express-1500,LT,manual-research,mismatch,false,LT245/75R16 LT245/70R17,245/75R16 245/70R17,215/75R15 235/75R15,245/75R16 245/70R17,215/75R15 235/75R15,Express 1500,,,
43c8f317-908f-44d8-983c-6f2d44a12742,2001,chevrolet,express-1500,LT,manual-research,mismatch,false,LT245/75R16 LT245/70R17,245/75R16 245/70R17,215/70R15 235/75R15,245/75R16 245/70R17,215/70R15 235/75R15,Express 1500,,,
712368d9-1284-4b94-a0ec-5ffea6a07237,2001,chevrolet,express-1500,Base,catalog-gap-fill,mismatch,false,245/75R16 265/70R17,245/75R16 265/70R17,215/70R15 235/75R15,245/75R16 265/70R17,215/70R15 235/75R15,Express 1500,,,
c62e6765-e17a-4c72-a363-d4acbd0b51ed,2001,chevrolet,express-1500,Base,google-ai-overview,mismatch,true,215/75R15,215/75R15,215/70R15 235/75R15,215/75R15,215/70R15 235/75R15,Express 1500,,,
fd92d513-2ecf-4602-9540-86bcfc78db2f,2001,chevrolet,express-1500,LS,manual-research,mismatch,false,LT245/75R16 LT245/70R17,245/75R16 245/70R17,215/70R15 235/75R15,245/75R16 245/70R17,215/70R15 235/75R15,Express 1500,,,
01e3e655-d4fc-4c9f-ad0c-985db2f571d3,2002,chevrolet,express-1500,LS,manual-research,mismatch,false,LT245/75R16 LT245/70R17,245/75R16 245/70R17,235/75R15 215/75R15,245/75R16 245/70R17,235/75R15 215/75R15,Express 1500,,,
291b651c-fbd6-454f-945a-d3d38f095ff5,2002,chevrolet,express-1500,LT,manual-research,mismatch,false,LT245/75R16 LT245/70R17,245/75R16 245/70R17,235/75R15 215/75R15,245/75R16 245/70R17,235/75R15 215/75R15,Express 1500,,,
3ad6f9a2-6fbd-4ec4-9420-b646a653ad99,2002,chevrolet,express-1500,Base,catalog-gap-fill,mismatch,false,245/75R16 265/70R17,245/75R16 265/70R17,235/75R15 215/75R15,245/75R16 265/70R17,235/75R15 215/75R15,Express 1500,,,
8c03c24a-9356-42b5-b110-cd3ceb43c9bf,2003,chevrolet,express-1500,LT,google-ai-overview,mismatch,false,245/70R17,245/70R17,235/75R16,245/70R17,235/75R16,Express 1500,,,
8ef5bf8f-01fc-4c16-a840-8652e5210839,2003,chevrolet,express-1500,Base,catalog-gap-fill,mismatch,true,245/75R16 265/70R17,245/75R16 265/70R17,235/75R16,245/75R16 265/70R17,235/75R16,Express 1500,,,
a85aa4d1-5084-46fd-b416-09e5e01e6580,2003,chevrolet,express-1500,Cargo,google-ai-overview,mismatch,false,245/70R17,245/70R17,235/75R16,245/70R17,235/75R16,Express 1500,,,
eca7d4b1-9ebf-4e64-94e8-34a670f4e12b,2003,chevrolet,express-1500,Base,google-ai-overview,mismatch,true,245/75R16,245/75R16,235/75R16,245/75R16,235/75R16,Express 1500,,,
ffd7fde8-a7c2-4b2e-96ae-ad9f8a3f4bd3,2003,chevrolet,express-1500,Passenger,google-ai-overview,mismatch,false,245/70R17,245/70R17,235/75R16,245/70R17,235/75R16,Express 1500,,,
1679c248-a66f-4d8b-af0c-38acaa401a84,2004,chevrolet,express-1500,Cargo,google-ai-overview,mismatch,false,245/70R17,245/70R17,235/75R16,245/70R17,235/75R16,Express 1500,,,
212762a8-925a-4d1a-ae6a-73442f35130c,2004,chevrolet,express-1500,Passenger,google-ai-overview,mismatch,false,245/70R17,245/70R17,235/75R16,245/70R17,235/75R16,Express 1500,,,
7137f7aa-6637-4256-b4ad-e238c5af39c2,2004,chevrolet,express-1500,LT,google-ai-overview,mismatch,false,245/70R17,245/70R17,235/75R16,245/70R17,235/75R16,Express 1500,,,
92b6fad6-7969-46f5-8ee2-6d3b7d9b77de,2004,chevrolet,express-1500,Base,google-ai-overview,mismatch,true,245/75R16,245/75R16,235/75R16,245/75R16,235/75R16,Express 1500,,,
c10a2921-fe48-45e5-87cd-4ce06d5cf320,2004,chevrolet,express-1500,Base,catalog-gap-fill,mismatch,true,245/75R16 265/70R17,245/75R16 265/70R17,235/75R16,245/75R16 265/70R17,235/75R16,Express 1500,,,
26052834-2366-498a-babd-e7a63343b395,2005,chevrolet,express-1500,Base,google-ai-overview,mismatch,true,245/75R16,245/75R16,235/75R16,245/75R16,235/75R16,Express 1500,,,
7d459b64-510d-40b4-93bd-48c04fef56e9,2005,chevrolet,express-1500,Passenger,google-ai-overview,mismatch,false,245/70R17,245/70R17,235/75R16,245/70R17,235/75R16,Express 1500,,,
852d9239-408e-4691-bcc4-34c4c1993117,2005,chevrolet,express-1500,Base,catalog-gap-fill,mismatch,true,245/75R16 265/70R17,245/75R16 265/70R17,235/75R16,245/75R16 265/70R17,235/75R16,Express 1500,,,
bf47f3f7-293f-4539-95ca-94c7e71e6221,2005,chevrolet,express-1500,LT,google-ai-overview,mismatch,false,245/70R17,245/70R17,235/75R16,245/70R17,235/75R16,Express 1500,,,
bf850214-fbf3-46ff-b0ba-129c586549ca,2005,chevrolet,express-1500,Cargo,google-ai-overview,mismatch,false,245/70R17,245/70R17,235/75R16,245/70R17,235/75R16,Express 1500,,,
9b2b7c66-19d0-4c8b-ad21-f856efdcbde2,2006,chevrolet,express-1500,LT,google-ai-overview,mismatch,false,245/70R17,245/70R17,235/75R16 245/75R16,245/70R17,235/75R16 245/75R16,Express 1500,,,
b0047534-e7b2-4bb3-ac6e-219f73cf1ebe,2006,chevrolet,express-1500,Cargo,google-ai-overview,mismatch,false,245/70R17,245/70R17,235/75R16 245/75R16,245/70R17,235/75R16 245/75R16,Express 1500,,,
c3baca39-8e93-4298-a6da-8f894502e063,2006,chevrolet,express-1500,Passenger,google-ai-overview,mismatch,false,245/70R17,245/70R17,235/75R16 245/75R16,245/70R17,235/75R16 245/75R16,Express 1500,,,
2475df63-2f9a-47c3-a2b1-85cdfb0ad8b6,2007,chevrolet,express-1500,LT,google-ai-overview,mismatch,false,245/70R17,245/70R17,245/75R16,245/70R17,245/75R16,Express 1500,,,
42cda01f-aed0-4446-a0bc-229a90e6f6cf,2007,chevrolet,express-1500,LS,google-ai-overview,mismatch,true,235/75R16,235/75R16,245/75R16,235/75R16,245/75R16,Express 1500,,,
5f678f29-3e64-44aa-8b9b-e60870a4f1c9,2007,chevrolet,express-1500,Cargo,google-ai-overview,mismatch,false,245/70R17,245/70R17,245/75R16,245/70R17,245/75R16,Express 1500,,,
dcdeb447-0b27-4714-8973-cd0b14771f06,2007,chevrolet,express-1500,Passenger,google-ai-overview,mismatch,false,245/70R17,245/70R17,245/75R16,245/70R17,245/75R16,Express 1500,,,
28ba710e-fd55-479b-9511-19cb5f7ac898,2008,chevrolet,express-1500,Passenger,google-ai-overview,mismatch,false,245/70R17,245/70R17,245/75R16,245/70R17,245/75R16,Express 1500,,,
4fa34183-e725-4152-aaea-f903ca20fddb,2008,chevrolet,express-1500,LT,google-ai-overview,mismatch,false,245/70R17,245/70R17,245/75R16,245/70R17,245/75R16,Express 1500,,,
7f5b9916-d50e-46e0-b0a5-58cd2065ff0a,2008,chevrolet,express-1500,LS,google-ai-overview,mismatch,true,235/75R16,235/75R16,245/75R16,235/75R16,245/75R16,Express 1500,,,
d87ac5be-231d-45ff-b3c7-9a366993b4b8,2008,chevrolet,express-1500,Cargo,google-ai-overview,mismatch,false,245/70R17,245/70R17,245/75R16,245/70R17,245/75R16,Express 1500,,,
042fe706-56d2-429a-b2c2-4ee2ec31d1ce,2009,chevrolet,express-1500,Base,google-ai-overview,mismatch,false,245/75R16,245/75R16,245/70R17,245/75R16,245/70R17,Express 1500,,,
4b3e24fc-6f84-481a-b2a4-2557ce48f3cd,2009,chevrolet,express-1500,Base,catalog-gap-fill,mismatch,true,245/75R16 265/70R17,245/75R16 265/70R17,245/70R17,245/75R16 265/70R17,245/70R17,Express 1500,,,
65ba3b8f-e67e-4358-8aa4-5f3f3a19ad34,2009,chevrolet,express-1500,LS,google-ai-overview,mismatch,false,235/75R16,235/75R16,245/70R17,235/75R16,245/70R17,Express 1500,,,
2fb8083f-d82d-429e-a7d1-ec312d789d0d,2010,chevrolet,express-1500,LS,google-ai-overview,mismatch,false,235/75R16,235/75R16,245/70R17,235/75R16,245/70R17,Express 1500,,,
580bfcd3-0e72-4f50-b130-a4cc6a46a5bd,2010,chevrolet,express-1500,Base,google-ai-overview,mismatch,false,245/75R16,245/75R16,245/70R17,245/75R16,245/70R17,Express 1500,,,
9b483047-88a5-4203-ad0d-0f472ed58b88,2010,chevrolet,express-1500,Base,catalog-gap-fill,mismatch,true,245/75R16 265/70R17,245/75R16 265/70R17,245/70R17,245/75R16 265/70R17,245/70R17,Express 1500,,,
5b914b8a-e3cb-4725-936d-bf990e7cb7be,2011,chevrolet,express-1500,Base,catalog-gap-fill,mismatch,true,245/75R16 265/70R17,245/75R16 265/70R17,245/70R17,245/75R16 265/70R17,245/70R17,Express 1500,,,
72996412-5a24-4bc3-89f9-6871e3744a24,2011,chevrolet,express-1500,LS,google-ai-overview,mismatch,false,235/75R16,235/75R16,245/70R17,235/75R16,245/70R17,Express 1500,,,
9b2ce8f4-58f4-4b72-af41-d6f4765a991e,2011,chevrolet,express-1500,Base,google-ai-overview,mismatch,false,245/75R16,245/75R16,245/70R17,245/75R16,245/70R17,Express 1500,,,
29da0736-e330-43d4-8aae-f9f7c94dd9f2,2012,chevrolet,express-1500,Base,google-ai-overview,mismatch,false,245/75R16,245/75R16,245/70R17,245/75R16,245/70R17,Express 1500,,,
6a3be0e4-308c-45a6-a84c-f237047d3b2f,2012,chevrolet,express-1500,Base,catalog-gap-fill,mismatch,true,245/75R16 265/70R17,245/75R16 265/70R17,245/70R17,245/75R16 265/70R17,245/70R17,Express 1500,,,
74a39d96-de99-456f-80a3-8bad64257a8e,2012,chevrolet,express-1500,LS,google-ai-overview,mismatch,false,235/75R16,235/75R16,245/70R17,235/75R16,245/70R17,Express 1500,,,
11227084-6921-4901-a3bf-8281ce003fca,2013,chevrolet,express-1500,Base,google-ai-overview,mismatch,false,245/75R16,245/75R16,245/70R17,245/75R16,245/70R17,Express 1500,,,
77db2c7f-3fbe-41f9-8ee1-9f48396a9499,2013,chevrolet,express-1500,LS,google-ai-overview,mismatch,false,235/75R16,235/75R16,245/70R17,235/75R16,245/70R17,Express 1500,,,
d8c69c56-b5c8-4ccd-a255-e76a3885c33d,2013,chevrolet,express-1500,Base,catalog-gap-fill,mismatch,true,245/75R16 265/70R17,245/75R16 265/70R17,245/70R17,245/75R16 265/70R17,245/70R17,Express 1500,,,
493adb66-e1c1-414b-8346-b2a1e6872d50,2014,chevrolet,express-1500,Base,catalog-gap-fill,mismatch,true,245/75R16 265/70R17,245/75R16 265/70R17,245/70R17,245/75R16 265/70R17,245/70R17,Express 1500,,,
55f502be-8dc0-4f9e-beb4-ea96c58f9285,2014,chevrolet,express-1500,LS,google-ai-overview,mismatch,false,235/75R16,235/75R16,245/70R17,235/75R16,245/70R17,Express 1500,,,
6fd92b14-8986-4ad6-92c0-3593fee73db7,2014,chevrolet,express-1500,Base,google-ai-overview,mismatch,false,245/75R16,245/75R16,245/70R17,245/75R16,245/70R17,Express 1500,,,
08ada631-fcb2-41a5-9bd1-458dca06832d,2000,chevrolet,express-2500,Cargo,manual-research,mismatch,true,LT245/75R16 LT245/70R17,245/75R16 245/70R17,225/75R16,245/75R16 245/70R17,225/75R16,Express 2500,,,
7e70e170-d565-4b59-8eb4-af67ebe611e2,2000,chevrolet,express-2500,LS,manual-research,mismatch,true,LT245/75R16 LT245/70R17,245/75R16 245/70R17,225/75R16,245/75R16 245/70R17,225/75R16,Express 2500,,,
b203df44-e0b1-4fa6-959d-ed2d2c2466d7,2000,chevrolet,express-2500,Passenger,manual-research,mismatch,true,LT245/75R16 LT245/70R17,245/75R16 245/70R17,225/75R16,245/75R16 245/70R17,225/75R16,Express 2500,,,
b5d0334c-7b95-421a-b391-6d719faf704d,2000,chevrolet,express-2500,LT,manual-research,mismatch,true,LT245/75R16 LT245/70R17,245/75R16 245/70R17,225/75R16,245/75R16 245/70R17,225/75R16,Express 2500,,,
1679d390-1990-421c-aaee-ee07addad8d3,2001,chevrolet,express-2500,Cargo,manual-research,mismatch,true,LT245/75R16 LT245/70R17,245/75R16 245/70R17,225/75R16,245/75R16 245/70R17,225/75R16,Express 2500,,,
c30a7fcc-2712-40d5-a0d1-2fff31e499c7,2001,chevrolet,express-2500,LS,manual-research,mismatch,true,LT245/75R16 LT245/70R17,245/75R16 245/70R17,225/75R16,245/75R16 245/70R17,225/75R16,Express 2500,,,
c3107d4f-0142-46d4-af8d-5cd416eae726,2001,chevrolet,express-2500,LT,manual-research,mismatch,true,LT245/75R16 LT245/70R17,245/75R16 245/70R17,225/75R16,245/75R16 245/70R17,225/75R16,Express 2500,,,
ec65bd32-b7ca-4330-b1d0-977c17a36f73,2001,chevrolet,express-2500,Passenger,manual-research,mismatch,true,LT245/75R16 LT245/70R17,245/75R16 245/70R17,225/75R16,245/75R16 245/70R17,225/75R16,Express 2500,,,
0a4ace40-459c-443c-8f4d-61531b32c73c,2002,chevrolet,express-2500,LT,manual-research,mismatch,true,LT245/75R16 LT245/70R17,245/75R16 245/70R17,225/75R16,245/75R16 245/70R17,225/75R16,Express 2500,,,
21340411-5fff-4991-b4f9-3c0298aedd4e,2002,chevrolet,express-2500,Cargo,manual-research,mismatch,true,LT245/75R16 LT245/70R17,245/75R16 245/70R17,225/75R16,245/75R16 245/70R17,225/75R16,Express 2500,,,
5e57d9ad-68fb-4f55-b60b-70b29e563474,2002,chevrolet,express-2500,Passenger,manual-research,mismatch,true,LT245/75R16 LT245/70R17,245/75R16 245/70R17,225/75R16,245/75R16 245/70R17,225/75R16,Express 2500,,,
a267fb6d-55e8-4a73-a926-9087bf41c6cc,2002,chevrolet,express-2500,LS,manual-research,mismatch,true,LT245/75R16 LT245/70R17,245/75R16 245/70R17,225/75R16,245/75R16 245/70R17,225/75R16,Express 2500,,,
1c89f9db-58a5-4d66-b3d6-2c18e9f7c01f,2003,chevrolet,express-2500,LT,manual-research,mismatch,true,LT245/75R16 LT245/70R17,245/75R16 245/70R17,225/75R16,245/75R16 245/70R17,225/75R16,Express 2500,,,
6ed86dd1-41b7-4a7c-b024-084ecfeb7a6a,2003,chevrolet,express-2500,LS,manual-research,mismatch,true,LT245/75R16 LT245/70R17,245/75R16 245/70R17,225/75R16,245/75R16 245/70R17,225/75R16,Express 2500,,,
95815a22-227c-4fe4-8ea8-ba0a5dd1d358,2003,chevrolet,express-2500,Cargo,manual-research,mismatch,true,LT245/75R16 LT245/70R17,245/75R16 245/70R17,225/75R16,245/75R16 245/70R17,225/75R16,Express 2500,,,
bc382315-bfad-4cbc-8253-b67916ca58f8,2003,chevrolet,express-2500,Passenger,manual-research,mismatch,true,LT245/75R16 LT245/70R17,245/75R16 245/70R17,225/75R16,245/75R16 245/70R17,225/75R16,Express 2500,,,
3da7e07e-4029-49cf-91e1-602e0aaa2dea,1999,chevrolet,express-3500,Cargo/Passenger,google-ai-overview,mismatch,false,215/75R15,215/75R15,245/75R16,215/75R15,245/75R16,Express 3500,,,
086b588f-4926-46b0-8990-fef7690ec707,1990,chevrolet,g30-van,All,90s-research-batch,mismatch,false,LT225/75R16 LT245/75R16 7.50-16LT,225/75R16 245/75R16,,,,G30,,,7.50-16LT
dd6592ef-7b8f-4917-a6c3-3c7e92caf8ea,1990,chevrolet,lumina-apv,All,90s-research-batch,mismatch,true,P205/70R15 P205/65R15 P205/65R16,205/70R15 205/65R15 205/65R16,205/70R14 195/75R15,205/70R15 205/65R15 205/65R16,205/70R14 195/75R15,Lumina APV,,,
1e71319c-fc04-4af1-9ffa-9727f33247df,1997,chevrolet,malibu,LT,generation_template [expanded],mismatch,true,205/70R15 215/60R16,205/70R15 215/60R16,215/60R15,205/70R15 215/60R16,215/60R15,Malibu,,,
72752eb7-96a8-4565-9aa8-a96b8518b9e0,1997,chevrolet,malibu,Premier,generation_template [expanded],mismatch,true,205/70R15 215/60R16,205/70R15 215/60R16,215/60R15,205/70R15 215/60R16,215/60R15,Malibu,,,
a2ee26ee-07f6-49cf-bc8c-19b2d7b60e94,1997,chevrolet,malibu,LS,generation_template [expanded],mismatch,true,205/70R15 215/60R16,205/70R15 215/60R16,215/60R15,205/70R15 215/60R16,215/60R15,Malibu,,,
ebde5cf3-b1d8-4152-bc76-cd31e0f9e997,1997,chevrolet,malibu,RS,generation_template [expanded],mismatch,true,205/70R15 215/60R16,205/70R15 215/60R16,215/60R15,205/70R15 215/60R16,215/60R15,Malibu,,,
ed8f8e47-1a9b-4e91-8603-689c694e1534,1997,chevrolet,malibu,"LS, RS, LT, Premier",generation_template,mismatch,true,205/70R15 215/60R16,205/70R15 215/60R16,215/60R15,205/70R15 215/60R16,215/60R15,Malibu,,,
1c6c7494-7c24-4f58-8567-3731b1ca52ee,1998,chevrolet,malibu,LS,generation_template [expanded],mismatch,true,205/70R15 215/60R16,205/70R15 215/60R16,215/60R15,205/70R15 215/60R16,215/60R15,Malibu,,,
5267a374-bd4b-43da-a80d-3f3fd17a9430,1998,chevrolet,malibu,Premier,generation_template [expanded],mismatch,true,205/70R15 215/60R16,205/70R15 215/60R16,215/60R15,205/70R15 215/60R16,215/60R15,Malibu,,,
b7922408-eca3-467a-b4b4-bdc5763c12a7,1998,chevrolet,malibu,RS,generation_template [expanded],mismatch,true,205/70R15 215/60R16,205/70R15 215/60R16,215/60R15,205/70R15 215/60R16,215/60R15,Malibu,,,
e0b2c3e9-1c6b-4607-8d84-9d83a276215d,1998,chevrolet,malibu,"LS, RS, LT, Premier",generation_template,mismatch,true,205/70R15 215/60R16,205/70R15 215/60R16,215/60R15,205/70R15 215/60R16,215/60R15,Malibu,,,
e8938752-4595-4ab8-a0e7-bf957c0cc6f5,1998,chevrolet,malibu,LT,generation_template [expanded],mismatch,true,205/70R15 215/60R16,205/70R15 215/60R16,215/60R15,205/70R15 215/60R16,215/60R15,Malibu,,,
581238ff-6147-4fb7-9e6e-3814039c5b26,1999,chevrolet,malibu,Premier,generation_template [expanded],mismatch,true,205/70R15 215/60R16,205/70R15 215/60R16,215/60R15,205/70R15 215/60R16,215/60R15,Malibu,,,
b208b46c-f77a-4903-baba-144812b73fcd,1999,chevrolet,malibu,"LS, RS, LT, Premier",generation_template,mismatch,true,205/70R15 215/60R16,205/70R15 215/60R16,215/60R15,205/70R15 215/60R16,215/60R15,Malibu,,,
b6cf19b3-40c5-4ba0-b551-3c1334a32c21,1999,chevrolet,malibu,LS,generation_template [expanded],mismatch,true,205/70R15 215/60R16,205/70R15 215/60R16,215/60R15,205/70R15 215/60R16,215/60R15,Malibu,,,
c83ddc9e-f5fd-42c5-97bb-2b7a7b9baa07,1999,chevrolet,malibu,LT,generation_template [expanded],mismatch,true,205/70R15 215/60R16,205/70R15 215/60R16,215/60R15,205/70R15 215/60R16,215/60R15,Malibu,,,
f95da7d4-3158-4e34-a581-fa28e53d2068,1999,chevrolet,malibu,RS,generation_template [expanded],mismatch,true,205/70R15 215/60R16,205/70R15 215/60R16,215/60R15,205/70R15 215/60R16,215/60R15,Malibu,,,
df531037-f3f3-4d33-a238-bfc1cab72ed5,1992,chevrolet,s10-blazer,2WD,90s-research-batch,mismatch,false,P215/75R15 P235/75R15,215/75R15 235/75R15,225/75R16 265/75R16 245/75R16,215/75R15 235/75R15,225/75R16 265/75R16 245/75R16,Blazer,,,
73dde793-5ef9-4e9c-9665-a0c596d76dfd,1993,chevrolet,s10-blazer,2WD,90s-research-batch,mismatch,false,P215/75R15 P235/75R15,215/75R15 235/75R15,225/75R16 265/75R16 245/75R16,215/75R15 235/75R15,225/75R16 265/75R16 245/75R16,Blazer,,,
c80775ec-6a8a-48d3-8f5f-e1e3d3052a05,1994,chevrolet,s10-blazer,2WD/4WD,90s-research-batch,mismatch,true,P205/75R15 P215/75R15 P235/70R15 P235/70R16,205/75R15 215/75R15 235/70R15 235/70R16,245/75R16 265/75R16,205/75R15 215/75R15 235/70R15 235/70R16,245/75R16 265/75R16,Blazer,,,
28df8dbf-eee8-4596-b2a1-d6d38e7833f6,2000,chevrolet,silverado-1500,Base,generation_template [sm-same-year:silverad:2000],mismatch,false,265/70R17 265/65R17,265/70R17 265/65R17,235/75R16 255/70R16 245/75R16 265/75R16,265/70R17 265/65R17,235/75R16 255/70R16 245/75R16 265/75R16,Silverado 1500,,,
14c7ecc2-7b40-4278-b239-66c753201d9d,2005,chevrolet,silverado-1500,WT,generation_inherit,mismatch,false,245/75R16 265/75R16,245/75R16 265/75R16,245/70R17 265/70R17,245/75R16 265/75R16,245/70R17 265/70R17,Silverado 1500,,,
84e9b5df-32d9-4cd5-89b6-65e7887bf598,2005,chevrolet,silverado-1500,LS,generation_inherit,mismatch,false,245/75R16 265/75R16,245/75R16 265/75R16,245/70R17 265/70R17,245/75R16 265/75R16,245/70R17 265/70R17,Silverado 1500,,,
e158469e-a495-4f26-ad18-43a971f4d2dc,2005,chevrolet,silverado-1500,Base,generation_template [sm-same-year:silverad:2005],mismatch,false,245/75R16 265/75R16,245/75R16 265/75R16,245/70R17 265/70R17,245/75R16 265/75R16,245/70R17 265/70R17,Silverado 1500,,,
241ce075-d3ac-433c-85b7-72fd5326494f,2006,chevrolet,silverado-1500,Base,generation_template [sm-same-year:silverad:2006],mismatch,false,245/75R16 265/75R16,245/75R16 265/75R16,245/70R17 265/70R17 275/55R20,245/75R16 265/75R16,245/70R17 265/70R17 275/55R20,Silverado 1500 WT | Silverado 1500 LS | Silverado 1500 LT,,,
8b4f0f78-2d3b-4a1b-822e-bf87415388c8,2006,chevrolet,silverado-1500,WT,generation_inherit,mismatch,false,245/75R16 265/75R16,245/75R16 265/75R16,245/70R17 265/70R17 275/55R20,245/75R16 265/75R16,245/70R17 265/70R17 275/55R20,Silverado 1500 WT | Silverado 1500 LS | Silverado 1500 LT,Silverado 1500 WT,mismatch,
fd18ae8d-0322-4085-85d1-e96f5feca584,2006,chevrolet,silverado-1500,LS,generation_inherit,mismatch,false,245/75R16 265/75R16,245/75R16 265/75R16,245/70R17 265/70R17 275/55R20,245/75R16 265/75R16,245/70R17 265/70R17 275/55R20,Silverado 1500 WT | Silverado 1500 LS | Silverado 1500 LT,Silverado 1500 LS,mismatch,
0e33e3ec-b19d-4a17-80a2-f767cc0f1ed0,2014,chevrolet,silverado-1500,LT,fix_cross_gen,mismatch,true,275/65R18,275/65R18,255/70R17 265/70R17 265/65R18 275/55R20,275/65R18,255/70R17 265/70R17 265/65R18 275/55R20,Silverado 1500,,,
96fabdac-93db-4781-afa4-165e9431edd2,2014,chevrolet,silverado-1500,High Country,fix_cross_gen,mismatch,false,285/45R22,285/45R22,255/70R17 265/70R17 265/65R18 275/55R20,285/45R22,255/70R17 265/70R17 265/65R18 275/55R20,Silverado 1500,,,
c1d5bac9-9449-4df3-8e09-3129aa754ad2,2014,chevrolet,silverado-1500,LT Z71,fix_cross_gen,mismatch,true,275/65R18,275/65R18,255/70R17 265/70R17 265/65R18 275/55R20,275/65R18,255/70R17 265/70R17 265/65R18 275/55R20,Silverado 1500,,,
30c8d2b1-ac48-414c-87dc-6743a4156a5c,2017,chevrolet,silverado-1500,LS,final-gap-fill [sm-same-year:silverad: [expanded],mismatch,true,245/70R17,245/70R17,255/70R17 265/70R17 275/55R20 265/65R18 285/45R22,245/70R17,255/70R17 265/70R17 275/55R20 265/65R18 285/45R22,Silverado 1500,,,
5da07dce-a007-44b8-bc4a-5773d018aea0,2017,chevrolet,silverado-1500,"WT, LS, LT",final-gap-fill [sm-same-year:silverad:2017],mismatch,true,245/70R17,245/70R17,255/70R17 265/70R17 275/55R20 265/65R18 285/45R22,245/70R17,255/70R17 265/70R17 275/55R20 265/65R18 285/45R22,Silverado 1500,,,
86cbcfa1-83ca-4ef6-86d3-77531e0d5158,2017,chevrolet,silverado-1500,WT,final-gap-fill [sm-same-year:silverad: [expanded],mismatch,true,245/70R17,245/70R17,255/70R17 265/70R17 275/55R20 265/65R18 285/45R22,245/70R17,255/70R17 265/70R17 275/55R20 265/65R18 285/45R22,Silverado 1500,,,
9f6afd72-7650-4a17-9c71-94bc2cb3bc45,2017,chevrolet,silverado-1500,LT,final-gap-fill [sm-same-year:silverad: [expanded],mismatch,true,245/70R17,245/70R17,255/70R17 265/70R17 275/55R20 265/65R18 285/45R22,245/70R17,255/70R17 265/70R17 275/55R20 265/65R18 285/45R22,Silverado 1500,,,
90867ef9-2ae3-479b-8f68-298e8c8ead66,2000,chevrolet,silverado-2500,Base,verified-research,mismatch,false,LT265/70R17 LT275/70R18 LT275/65R20,265/70R17 275/70R18 275/65R20,245/75R16 225/75R16,265/70R17 275/70R18 275/65R20,245/75R16 225/75R16,Silverado 2500 | C2500 | K2500,,,
1f973f4f-34b7-48a3-a4fb-8be977023f10,2001,chevrolet,silverado-2500,Base,verified-research,mismatch,false,LT265/70R17 LT275/70R18 LT275/65R20,265/70R17 275/70R18 275/65R20,245/75R16,265/70R17 275/70R18 275/65R20,245/75R16,Silverado 2500 HD | Silverado 2500,,,
53efec1e-4745-42c0-a68b-9af6d224146c,2002,chevrolet,silverado-2500,Base,verified-research,mismatch,false,LT265/70R17 LT275/70R18 LT275/65R20,265/70R17 275/70R18 275/65R20,245/75R16,265/70R17 275/70R18 275/65R20,245/75R16,Silverado 2500 HD | Silverado 2500,,,
5ab6a0a3-f75e-4a1e-9fdd-c9c5b2241e38,2003,chevrolet,silverado-2500,Base,verified-research,mismatch,false,LT265/70R17 LT275/70R18 LT275/65R20,265/70R17 275/70R18 275/65R20,245/75R16,265/70R17 275/70R18 275/65R20,245/75R16,Silverado 2500 HD | Silverado 2500,,,
5c5d9b85-5e3b-4c6a-828d-ba7ac82fd6a6,2004,chevrolet,silverado-2500,Base,verified-research,mismatch,false,LT265/70R17 LT275/70R18 LT275/65R20,265/70R17 275/70R18 275/65R20,245/75R16,265/70R17 275/70R18 275/65R20,245/75R16,Silverado 2500 HD | Silverado 2500,,,
15a7d48b-fd98-46a6-bfa6-2732151731a5,2005,chevrolet,silverado-2500,Base,verified-research,mismatch,false,LT265/70R17 LT275/70R18 LT275/65R20,265/70R17 275/70R18 275/65R20,245/75R16,265/70R17 275/70R18 275/65R20,245/75R16,Silverado 2500 HD,,,
caaad5cf-8bbe-4bd2-b20f-bd9edc2209f4,2006,chevrolet,silverado-2500,Base,verified-research,mismatch,false,LT265/70R17 LT275/70R18 LT275/65R20,265/70R17 275/70R18 275/65R20,245/75R16,265/70R17 275/70R18 275/65R20,245/75R16,Silverado 2500 HD,,,
5c181a57-08d8-45de-ba5c-22d1fb30fbe9,1999,chevrolet,silverado-2500hd,Silverado,generation_inherit,mismatch,false,LT245/70R17,245/70R17,245/75R16 225/75R16,245/70R17,245/75R16 225/75R16,Silverado 2500 | C2500 | K2500,,,
f8615e4a-54e5-44c4-8cda-f94cee2c3b2d,1999,chevrolet,silverado-2500hd,Z71,generation_inherit,mismatch,false,LT245/70R17,245/70R17,245/75R16 225/75R16,245/70R17,245/75R16 225/75R16,Silverado 2500 | C2500 | K2500,,,
2b0f743e-c47c-4d85-86c3-6cd58f964164,2000,chevrolet,silverado-2500hd,Silverado,generation_inherit,mismatch,false,LT245/70R17,245/70R17,245/75R16 225/75R16,245/70R17,245/75R16 225/75R16,Silverado 2500 | C2500 | K2500,,,
4dc3079a-c963-4030-a9ef-eaf71194df53,2000,chevrolet,silverado-2500hd,Z71,generation_inherit,mismatch,false,LT245/70R17,245/70R17,245/75R16 225/75R16,245/70R17,245/75R16 225/75R16,Silverado 2500 | C2500 | K2500,,,
d5057400-3dbc-4d36-a5a4-f59455f8e280,2001,chevrolet,silverado-2500hd,LT,generation_inherit,mismatch,false,LT245/70R17,245/70R17,245/75R16,245/70R17,245/75R16,Silverado 2500 HD | Silverado 2500,,,
28c42680-581a-4630-98fe-ec1ea32f02ce,2002,chevrolet,silverado-2500hd,LT,generation_inherit,mismatch,false,LT245/70R17,245/70R17,245/75R16,245/70R17,245/75R16,Silverado 2500 HD | Silverado 2500,,,
670fb00a-7b29-4fc4-8d0e-ba726e7ad29d,2003,chevrolet,silverado-2500hd,LT,generation_inherit,mismatch,false,LT245/70R17,245/70R17,245/75R16,245/70R17,245/75R16,Silverado 2500 HD | Silverado 2500,,,
ab88d809-48d8-4e73-aac1-44f33ac874ab,2003,chevrolet,silverado-2500hd,Base,api_import [filled from 2003 silverado-2500hd],mismatch,false,LT245/70R17 LT265/70R17,245/70R17 265/70R17,245/75R16,245/70R17 265/70R17,245/75R16,Silverado 2500 HD | Silverado 2500,,,
b9defee6-892a-4196-ade1-74df4d1e6318,2004,chevrolet,silverado-2500hd,LT,generation_inherit,mismatch,false,LT245/70R17,245/70R17,245/75R16,245/70R17,245/75R16,Silverado 2500 HD | Silverado 2500,,,
8b66f0e7-196a-4c44-a8ed-1ad2b3d4d516,2005,chevrolet,silverado-2500hd,LT,generation_inherit,mismatch,false,LT245/70R17,245/70R17,245/75R16,245/70R17,245/75R16,Silverado 2500 HD,,,
4f1c3be6-bea0-4ddc-b2e2-3bad6eb78cac,2006,chevrolet,silverado-2500hd,LT,generation_inherit,mismatch,false,LT245/70R17,245/70R17,245/75R16,245/70R17,245/75R16,Silverado 2500 HD,,,
02ade077-13db-49f4-af6e-3668fbd469a8,2007,chevrolet,silverado-2500hd,LT,api_import [filled from 2007 silverado-2500hd],mismatch,false,LT265/65R18,265/65R18,265/70R17 245/75R16,265/65R18,265/70R17 245/75R16,Silverado 2500 HD | Silverado 2500 HD Classic,,,
3b945e16-223b-46ae-832d-897c45c64a27,2007,chevrolet,silverado-2500hd,WT,api_import [filled from 2007 silverado-2500hd],mismatch,false,LT265/65R18,265/65R18,265/70R17 245/75R16,265/65R18,265/70R17 245/75R16,Silverado 2500 HD | Silverado 2500 HD Classic,,,
660100d0-7dbb-4789-a2cf-f5ed6f53e33e,2007,chevrolet,silverado-2500hd,LTZ,api_import [filled from 2007 silverado-2500hd],mismatch,false,LT265/65R18,265/65R18,265/70R17 245/75R16,265/65R18,265/70R17 245/75R16,Silverado 2500 HD | Silverado 2500 HD Classic,,,
793aec74-b04f-4b7c-977c-d8cb594074b9,2007,chevrolet,silverado-2500hd,Base,api_import [filled from 2007 silverado-2500hd],mismatch,false,LT265/65R18,265/65R18,265/70R17 245/75R16,265/65R18,265/70R17 245/75R16,Silverado 2500 HD | Silverado 2500 HD Classic,,,
f8216d13-df1b-48a0-bbda-5960674528c5,2007,chevrolet,silverado-2500hd,Z71,generation_inherit,mismatch,false,LT265/70R18,265/70R18,265/70R17 245/75R16,265/70R18,265/70R17 245/75R16,Silverado 2500 HD | Silverado 2500 HD Classic,,,
07889d16-0fce-41b4-8271-4665f48bbbb2,2008,chevrolet,silverado-2500hd,LT,api_import [filled from 2008 silverado-2500hd],mismatch,false,LT265/65R18,265/65R18,245/75R16 265/70R17,265/65R18,245/75R16 265/70R17,Silverado 2500 HD,,,
38869074-a40e-406e-9df9-d17477e0404b,2008,chevrolet,silverado-2500hd,Z71,generation_inherit,mismatch,false,LT265/70R18,265/70R18,245/75R16 265/70R17,265/70R18,245/75R16 265/70R17,Silverado 2500 HD,,,
42d0b5b8-3667-41aa-98ff-207216453f8c,2008,chevrolet,silverado-2500hd,Work Truck,manual_backfill [template:gm_hd_gen2_2007_2010],mismatch,true,LT245/75R17,245/75R17,245/75R16 265/70R17,245/75R17,245/75R16 265/70R17,Silverado 2500 HD,,,
77e415c5-a6d4-4607-951b-3e24237aabbe,2008,chevrolet,silverado-2500hd,LTZ,api_import [filled from 2008 silverado-2500hd],mismatch,false,LT265/65R18,265/65R18,245/75R16 265/70R17,265/65R18,245/75R16 265/70R17,Silverado 2500 HD,,,
882beac6-f118-4ae5-8572-6ac368ead003,2008,chevrolet,silverado-2500hd,Base,api_import [filled from 2008 silverado-2500hd],mismatch,false,LT265/65R18,265/65R18,245/75R16 265/70R17,265/65R18,245/75R16 265/70R17,Silverado 2500 HD,,,
ae187f0b-6f9d-45d7-bd15-043a52a9c076,2008,chevrolet,silverado-2500hd,WT,api_import [filled from 2008 silverado-2500hd],mismatch,false,LT265/65R18,265/65R18,245/75R16 265/70R17,265/65R18,245/75R16 265/70R17,Silverado 2500 HD,,,
1a8c1705-3b6a-414c-8f6d-746fe3e80ee3,2009,chevrolet,silverado-2500hd,Z71,generation_inherit,mismatch,false,LT265/70R18,265/70R18,265/70R17 245/75R16,265/70R18,265/70R17 245/75R16,Silverado 2500 HD,,,
54bbee2f-f511-4aba-bb79-26339df93d18,2009,chevrolet,silverado-2500hd,WT,api_import [filled from 2009 silverado-2500hd],mismatch,false,LT265/65R18,265/65R18,265/70R17 245/75R16,265/65R18,265/70R17 245/75R16,Silverado 2500 HD,,,
63b7567a-1871-45ed-add3-23597c68c644,2009,chevrolet,silverado-2500hd,Base,api_import [filled from 2009 silverado-2500hd],mismatch,false,LT265/65R18,265/65R18,265/70R17 245/75R16,265/65R18,265/70R17 245/75R16,Silverado 2500 HD,,,
b8964026-b5f4-4924-ac88-65843e4274d2,2009,chevrolet,silverado-2500hd,LT,api_import [filled from 2009 silverado-2500hd],mismatch,false,LT265/65R18,265/65R18,265/70R17 245/75R16,265/65R18,265/70R17 245/75R16,Silverado 2500 HD,,,
bc9853a5-4302-4599-a997-6add6809311c,2009,chevrolet,silverado-2500hd,LTZ,api_import [filled from 2009 silverado-2500hd],mismatch,false,LT265/65R18,265/65R18,265/70R17 245/75R16,265/65R18,265/70R17 245/75R16,Silverado 2500 HD,,,
1e0fb089-ec23-4205-8460-dcaff1972129,2010,chevrolet,silverado-2500hd,Z71,generation_inherit,mismatch,false,LT265/70R18,265/70R18,265/70R17 245/75R16,265/70R18,265/70R17 245/75R16,Silverado 2500 HD,,,
480ca9a7-7487-4885-9760-433ee140ceb1,2010,chevrolet,silverado-2500hd,WT,api_import [filled from 2010 silverado-2500hd],mismatch,false,LT265/65R18,265/65R18,265/70R17 245/75R16,265/65R18,265/70R17 245/75R16,Silverado 2500 HD,,,
806fa5fd-fad7-4660-80bb-533c62423499,2010,chevrolet,silverado-2500hd,LTZ,api_import [filled from 2010 silverado-2500hd],mismatch,false,LT265/65R18,265/65R18,265/70R17 245/75R16,265/65R18,265/70R17 245/75R16,Silverado 2500 HD,,,
ab3b7d07-45c3-4f9f-8e35-4bf581338b44,2010,chevrolet,silverado-2500hd,LT,api_import [filled from 2010 silverado-2500hd],mismatch,false,LT265/65R18,265/65R18,265/70R17 245/75R16,265/65R18,265/70R17 245/75R16,Silverado 2500 HD,,,
1f5d2342-f298-450e-8047-60337f30e5f5,2022,chevrolet,silverado-2500hd,ZR2 Bison,manual-qa-fix,mismatch,true,LT305/70R18,305/70R18,275/65R20 245/75R17 265/70R17 275/70R18,305/70R18,275/65R20 245/75R17 265/70R17 275/70R18,Silverado 2500 HD,,,
fcb376f9-bf39-454a-9be6-c681bd57f5f0,2022,chevrolet,silverado-2500hd,ZR2,manual-qa-fix,mismatch,true,LT305/70R18,305/70R18,275/65R20 245/75R17 265/70R17 275/70R18,305/70R18,275/65R20 245/75R17 265/70R17 275/70R18,Silverado 2500 HD,,,
d2176fb7-6b49-4aac-8771-6a50cb9566b8,2023,chevrolet,silverado-2500hd,ZR2 Bison,manual-qa-fix,mismatch,true,LT305/70R18,305/70R18,275/65R20 245/75R17 265/70R17 275/70R18,305/70R18,275/65R20 245/75R17 265/70R17 275/70R18,Silverado 2500 HD,,,
fac955fb-d299-49fc-9b2b-3c9103426da8,2023,chevrolet,silverado-2500hd,ZR2,manual-qa-fix,mismatch,true,LT305/70R18,305/70R18,275/65R20 245/75R17 265/70R17 275/70R18,305/70R18,275/65R20 245/75R17 265/70R17 275/70R18,Silverado 2500 HD,,,
04a83c15-9dec-4307-a60b-b3a27a5ec48a,2024,chevrolet,silverado-2500hd,LTZ,generation_inherit,mismatch,true,LT265/70R18,265/70R18,275/65R20 275/70R18 245/75R17 265/70R17 305/70R18,265/70R18,275/65R20 275/70R18 245/75R17 265/70R17 305/70R18,Silverado 2500 HD,,,
5decc705-5185-4441-9314-491bfe9b9108,2024,chevrolet,silverado-2500hd,ZR2,generation_inherit,mismatch,true,LT265/70R18,265/70R18,275/65R20 275/70R18 245/75R17 265/70R17 305/70R18,265/70R18,275/65R20 275/70R18 245/75R17 265/70R17 305/70R18,Silverado 2500 HD,,,
4aa1dfd1-b819-43f0-9fee-825bf10683a7,2025,chevrolet,silverado-2500hd,ZR2,generation_inherit,mismatch,true,LT265/70R18,265/70R18,275/65R20 245/75R17 265/70R17 275/70R18 305/70R18 265/60R22,265/70R18,275/65R20 245/75R17 265/70R17 275/70R18 305/70R18 265/60R22,Silverado 2500 HD,,,
a13ab6df-95da-425b-b957-324992f72841,2025,chevrolet,silverado-2500hd,LTZ,generation_inherit,mismatch,true,LT265/70R18,265/70R18,275/65R20 245/75R17 265/70R17 275/70R18 305/70R18 265/60R22,265/70R18,275/65R20 245/75R17 265/70R17 275/70R18 305/70R18 265/60R22,Silverado 2500 HD,,,
81ee7eba-17ef-4f00-a76a-2007ea55a1a0,2026,chevrolet,silverado-2500hd,ZR2,generation_inherit,mismatch,true,LT265/70R18,265/70R18,275/65R20 265/60R22 245/75R17 265/70R17 275/70R18 305/70R18,265/70R18,275/65R20 265/60R22 245/75R17 265/70R17 275/70R18 305/70R18,Silverado 2500 HD,,,
f9860dd1-7a03-46f8-8224-f10ec25d1c17,2026,chevrolet,silverado-2500hd,LTZ,generation_inherit,mismatch,true,LT265/70R18,265/70R18,275/65R20 265/60R22 245/75R17 265/70R17 275/70R18 305/70R18,265/70R18,275/65R20 265/60R22 245/75R17 265/70R17 275/70R18 305/70R18,Silverado 2500 HD,,,
2dcd74df-1953-438c-be7e-9a665ab75a30,2001,chevrolet,silverado-3500,Base,verified-research,mismatch,false,LT265/70R17 LT275/70R18 LT275/65R20,265/70R17 275/70R18 275/65R20,245/75R16 225/75R16,265/70R17 275/70R18 275/65R20,245/75R16 225/75R16,Silverado 3500,,,
707178b4-aca4-42d5-97bb-93df23215ed7,2002,chevrolet,silverado-3500,Base,verified-research,mismatch,false,LT265/70R17 LT275/70R18 LT275/65R20,265/70R17 275/70R18 275/65R20,225/75R16 245/75R16,265/70R17 275/70R18 275/65R20,225/75R16 245/75R16,Silverado 3500,,,
3ad793c9-cd64-4f46-8877-1ab1062e7653,2003,chevrolet,silverado-3500,Base,verified-research,mismatch,false,LT265/70R17 LT275/70R18 LT275/65R20,265/70R17 275/70R18 275/65R20,215/85R16,265/70R17 275/70R18 275/65R20,215/85R16,Silverado 3500,,,
b2d98d0b-c05f-453b-b098-2f938fa517bf,2003,chevrolet,silverado-3500,Base,catalog-gap-fill,mismatch,true,LT245/75R16 LT265/70R17 LT275/70R18,245/75R16 265/70R17 275/70R18,215/85R16,245/75R16 265/70R17 275/70R18,215/85R16,Silverado 3500,,,
91e389d4-4f30-436f-b561-e125b5f55fa5,2004,chevrolet,silverado-3500,Base,catalog-gap-fill,mismatch,true,LT245/75R16 LT265/70R17 LT275/70R18,245/75R16 265/70R17 275/70R18,215/85R16 265/75R16,245/75R16 265/70R17 275/70R18,215/85R16 265/75R16,Silverado 3500,,,
d5a5431e-ebc5-4d2a-9c56-f17865e37889,2004,chevrolet,silverado-3500,Base,verified-research,mismatch,false,LT265/70R17 LT275/70R18 LT275/65R20,265/70R17 275/70R18 275/65R20,215/85R16 265/75R16,265/70R17 275/70R18 275/65R20,215/85R16 265/75R16,Silverado 3500,,,
01c90b8f-72ee-4fa1-a51f-6c6aea35b69c,2012,chevrolet,silverado-3500,Base,catalog-gap-fill,mismatch,true,LT245/75R16 LT265/70R17 LT275/70R18,245/75R16 265/70R17 275/70R18,235/80R17 265/70R18,245/75R16 265/70R17 275/70R18,235/80R17 265/70R18,Silverado 3500 HD,,,
78f17e0b-7ba0-452c-8a32-deda1faf69b5,2013,chevrolet,silverado-3500,Base,catalog-gap-fill,mismatch,true,LT245/75R16 LT265/70R17 LT275/70R18,245/75R16 265/70R17 275/70R18,265/70R18 235/80R17,245/75R16 265/70R17 275/70R18,265/70R18 235/80R17,Silverado 3500 HD,,,
220dd75b-c8da-44a8-81a8-66430591a87a,2014,chevrolet,silverado-3500,Base,catalog-gap-fill,mismatch,true,LT245/75R16 LT265/70R17 LT275/70R18,245/75R16 265/70R17 275/70R18,265/70R18 235/80R17,245/75R16 265/70R17 275/70R18,265/70R18 235/80R17,Silverado 3500 HD,,,
c803d428-9293-49ff-a57c-5e45b73196ad,2017,chevrolet,silverado-3500,Base,catalog-gap-fill,mismatch,true,LT245/75R16 LT265/70R17 LT275/70R18,245/75R16 265/70R17 275/70R18,265/70R18 235/80R17,245/75R16 265/70R17 275/70R18,265/70R18 235/80R17,Silverado 3500 HD,,,
8d1406f6-af1f-4075-bd76-f1abbc9c2cd0,2003,chevrolet,silverado-3500hd,Base,api_import [template:gm_hd_gen1_1999_2006],mismatch,true,LT245/75R16 LT265/75R16 LT245/70R17 LT265/70R17,245/75R16 265/75R16 245/70R17 265/70R17,215/85R16,245/75R16 265/75R16 245/70R17 265/70R17,215/85R16,Silverado 3500,,,
2e952530-b8a5-4cae-bc81-b89bb5f878c5,2008,chevrolet,silverado-3500hd,Work Truck,manual_backfill [template:gm_hd_gen2_2007_2010],mismatch,true,LT245/75R17,245/75R17,225/75R17 265/75R16 265/70R17,245/75R17,225/75R17 265/75R16 265/70R17,Silverado 3500 HD,,,
373d4535-6ec0-4673-b41f-56cc4ec834d8,2011,chevrolet,silverado-3500hd,Base,oem_specs,mismatch,true,265/70R17 275/70R18,265/70R17 275/70R18,235/80R17 265/70R18,265/70R17 275/70R18,235/80R17 265/70R18,Silverado 3500 HD,,,
24802284-0b15-42b5-8757-3f5961c886cb,2012,chevrolet,silverado-3500hd,Base,oem_specs,mismatch,true,265/70R17 275/70R18,265/70R17 275/70R18,235/80R17 265/70R18,265/70R17 275/70R18,235/80R17 265/70R18,Silverado 3500 HD,,,
85e3dd9d-946a-4c45-93c7-fc63d0624118,2013,chevrolet,silverado-3500hd,Base,oem_specs,mismatch,true,265/70R17 275/70R18,265/70R17 275/70R18,265/70R18 235/80R17,265/70R17 275/70R18,265/70R18 235/80R17,Silverado 3500 HD,,,
9321ed89-3166-472b-9857-8c3b48557300,2014,chevrolet,silverado-3500hd,Base,oem_specs,mismatch,true,265/70R17 275/70R18,265/70R17 275/70R18,265/70R18 235/80R17,265/70R17 275/70R18,265/70R18 235/80R17,Silverado 3500 HD,,,
3be81bed-a11d-41a0-a212-8d89c398197e,2015,chevrolet,silverado-3500hd,Base,oem_specs,mismatch,true,265/70R17 275/70R18,265/70R17 275/70R18,265/70R18 235/80R17,265/70R17 275/70R18,265/70R18 235/80R17,Silverado 3500 HD High Country | Silverado 3500 HD LT | Silverado 3500 HD LTZ | Silverado 3500 HD WT,,,
a27c3f6b-0dd7-45ff-9a3d-db11dad907ca,2016,chevrolet,silverado-3500hd,Base,oem_specs,mismatch,true,265/70R17 275/70R18,265/70R17 275/70R18,265/70R18 235/80R17,265/70R17 275/70R18,265/70R18 235/80R17,Silverado 3500 HD High Country | Silverado 3500 HD LT | Silverado 3500 HD LTZ | Silverado 3500 HD WT,,,
00745b46-fa5a-489a-8c48-e7ef74ac47c4,2017,chevrolet,silverado-3500hd,Base,oem_specs,mismatch,true,265/70R17 275/70R18,265/70R17 275/70R18,265/70R18 235/80R17,265/70R17 275/70R18,265/70R18 235/80R17,Silverado 3500 HD,,,
6cb7d5a7-8f9d-415d-a4f7-aae207733cfb,2018,chevrolet,silverado-3500hd,Base,oem_specs,mismatch,true,265/70R17 275/70R18,265/70R17 275/70R18,265/70R18 235/80R17,265/70R17 275/70R18,265/70R18 235/80R17,Silverado 3500 HD,,,
b7cbcefe-681f-4e2e-a48f-f95be3ec848c,2019,chevrolet,silverado-3500hd,Base,oem_specs,mismatch,true,265/70R17 275/70R18,265/70R17 275/70R18,265/70R18 235/80R17,265/70R17 275/70R18,265/70R18 235/80R17,Silverado 3500 HD,,,
6325449d-a4bb-4bfa-9923-63b0c40352f4,2000,chevrolet,suburban,LS,generation_template [sib-near-year:yukon:2002],mismatch,true,P265/70R16 P265/65R17 P275/55R20,265/70R16 265/65R17 275/55R20,235/75R15 245/75R16,265/70R16 265/65R17 275/55R20,235/75R15 245/75R16,Suburban 1500 | Suburban 2500,,,
daf13562-b1ac-494b-8b9d-5c593825b973,2003,chevrolet,suburban,LS,generation_template [sib-same-year:escalade:2003],mismatch,true,215/60R16,215/60R16,265/70R16 265/70R17 245/75R16,215/60R16,265/70R16 265/70R17 245/75R16,Suburban 1500 | Suburban 2500,,,
76525d0a-3adb-4c96-94e6-0cb1a6f07526,2004,chevrolet,suburban,LS,generation_template [sib-same-year:escalade:2004],mismatch,true,215/60R16,215/60R16,265/70R16 265/70R17 245/75R16,215/60R16,265/70R16 265/70R17 245/75R16,Suburban 1500 | Suburban 2500,,,
6ee84d66-f565-4f50-b345-5ff42165eb9e,2005,chevrolet,suburban,LS,generation_template [sib-same-year:escalade:2005],mismatch,true,P265/65R17,265/65R17,265/70R16 265/70R17 245/75R16,265/65R17,265/70R16 265/70R17 245/75R16,Suburban 1500 | Suburban 2500,,,
d77b5e60-a06b-4394-b83b-904bdf0aa3c0,2006,chevrolet,suburban,LS,generation_template [sib-same-year:escalade:2006],mismatch,true,P265/65R17,265/65R17,265/70R16 265/70R17 275/55R20 245/75R16,265/65R17,265/70R16 265/70R17 275/55R20 245/75R16,Suburban 1500 | Suburban 2500,,,
68121251-0f1a-459b-9e26-ce856b2f7152,2000,chevrolet,suburban-1500,Base,catalog-gap-fill,mismatch,false,265/70R17,265/70R17,235/75R15 245/75R16,265/70R17,235/75R15 245/75R16,Suburban 1500,,,
8d08d950-4544-45bc-854d-f3708d80320d,2000,chevrolet,suburban-1500,Base,verified-research,mismatch,false,265/70R17 265/65R18 275/55R20,265/70R17 265/65R18 275/55R20,235/75R15 245/75R16,265/70R17 265/65R18 275/55R20,235/75R15 245/75R16,Suburban 1500,,,
2d9d0cad-456e-4bf9-b5e2-f39f2693b7bd,2000,chevrolet,suburban-2500,Base,catalog-gap-fill,mismatch,false,LT265/70R17 LT275/70R18,265/70R17 275/70R18,245/75R16,265/70R17 275/70R18,245/75R16,Suburban 2500,,,
8858b840-6701-44d0-9f12-b4cf89164be0,2001,chevrolet,suburban-2500,Base,catalog-gap-fill,mismatch,false,LT265/70R17 LT275/70R18,265/70R17 275/70R18,245/75R16,265/70R17 275/70R18,245/75R16,Suburban 2500,,,
f0864690-6174-41ed-9d67-7478540e10c8,2002,chevrolet,suburban-2500,Base,catalog-gap-fill,mismatch,false,LT265/70R17 LT275/70R18,265/70R17 275/70R18,245/75R16,265/70R17 275/70R18,245/75R16,Suburban 2500,,,
70a890e1-974e-4f35-8b3f-236e5176af16,2003,chevrolet,suburban-2500,Base,catalog-gap-fill,mismatch,false,LT265/70R17 LT275/70R18,265/70R17 275/70R18,245/75R16,265/70R17 275/70R18,245/75R16,Suburban 2500,,,
1aa1b776-ae2d-4124-9494-ff8064d0970a,2004,chevrolet,suburban-2500,Base,catalog-gap-fill,mismatch,false,LT265/70R17 LT275/70R18,265/70R17 275/70R18,245/75R16,265/70R17 275/70R18,245/75R16,Suburban 2500,,,
43437062-b3fa-43d7-baef-c9d55dad83ba,2005,chevrolet,suburban-2500,Base,catalog-gap-fill,mismatch,false,LT265/70R17 LT275/70R18,265/70R17 275/70R18,245/75R16,265/70R17 275/70R18,245/75R16,Suburban 2500,,,
473ab5f0-eed6-4147-a8e1-0381101ff788,2006,chevrolet,suburban-2500,Base,catalog-gap-fill,mismatch,false,LT265/70R17 LT275/70R18,265/70R17 275/70R18,245/75R16,265/70R17 275/70R18,245/75R16,Suburban 2500,,,
b78c6666-cef9-4982-b0d3-8055a7324ee2,2007,chevrolet,suburban-2500,Base,catalog-gap-fill,mismatch,false,LT265/70R17 LT275/70R18,265/70R17 275/70R18,245/75R16 275/55R20,265/70R17 275/70R18,245/75R16 275/55R20,Suburban 2500,,,
fee98d8b-c5b0-420d-9b86-4ff66122cd41,2008,chevrolet,suburban-2500,Base,catalog-gap-fill,mismatch,false,LT265/70R17 LT275/70R18,265/70R17 275/70R18,245/75R16,265/70R17 275/70R18,245/75R16,Suburban 2500,,,
8276a916-5cb7-4eaf-9294-d5db9dd58eb7,2009,chevrolet,suburban-2500,Base,catalog-gap-fill,mismatch,false,LT265/70R17 LT275/70R18,265/70R17 275/70R18,245/75R16,265/70R17 275/70R18,245/75R16,Suburban 2500,,,
202c6e7e-d7e0-4f46-95e6-fd74b7272e66,2010,chevrolet,suburban-2500,Base,catalog-gap-fill,mismatch,false,LT265/70R17 LT275/70R18,265/70R17 275/70R18,245/75R16,265/70R17 275/70R18,245/75R16,Suburban 2500,,,
9c07dd93-7a49-48f4-bc58-8d37041c8405,2011,chevrolet,suburban-2500,Base,catalog-gap-fill,mismatch,false,LT265/70R17 LT275/70R18,265/70R17 275/70R18,245/75R16,265/70R17 275/70R18,245/75R16,Suburban 2500,,,
1f474a59-ca4a-45f5-b70a-51f6902a5a15,1995,chevrolet,tahoe,LS,trim-research,mismatch,false,235/75R15,235/75R15,245/75R16 265/75R16,235/75R15,245/75R16 265/75R16,Tahoe,,,
7d5d7e92-ff91-44b3-88ef-7d2512aacfb1,1995,chevrolet,tahoe,Z71,trim-research,mismatch,false,235/75R15,235/75R15,245/75R16 265/75R16,235/75R15,245/75R16 265/75R16,Tahoe,,,
9c090a5c-7ef7-47f3-af9f-1a10446781ee,1995,chevrolet,tahoe,LT,trim-research,mismatch,false,235/75R15,235/75R15,245/75R16 265/75R16,235/75R15,245/75R16 265/75R16,Tahoe,,,
36e0ee2c-03d1-49ca-b42a-4e17566e8c85,2000,chevrolet,tahoe,LT,generation_template [expanded],mismatch,false,265/70R17,265/70R17,245/75R16 265/70R16 265/75R16,265/70R17,245/75R16 265/70R16 265/75R16,Tahoe,,,
cef4d939-5078-4d3c-9508-ec6537750130,2000,chevrolet,tahoe,LT,generation_template [expanded],mismatch,false,265/70R17,265/70R17,245/75R16 265/70R16 265/75R16,265/70R17,245/75R16 265/70R16 265/75R16,Tahoe,,,
3086ccc7-0528-45cd-b09c-ed6439ea489a,2021,chevrolet,trailblazer,RS,google-ai-overview,mismatch,false,245/45R19,245/45R19,215/65R16 225/60R17 225/55R18,245/45R19,215/65R16 225/60R17 225/55R18,Trailblazer,,,
7a78db1a-cdc3-4757-a8f8-85d6dd9dd790,2022,chevrolet,trailblazer,RS,google-ai-overview,mismatch,false,245/45R19,245/45R19,225/60R17 225/55R18,245/45R19,225/60R17 225/55R18,Trailblazer,,,
837199c5-b44b-452c-88d6-dcd9bc38b849,2023,chevrolet,trailblazer,RS,google-ai-overview,mismatch,false,245/45R19,245/45R19,225/60R17 225/55R18,245/45R19,225/60R17 225/55R18,Trailblazer,,,
2b6e2b62-baa0-42e0-9dc8-f3c3921a0209,2024,chevrolet,trax,LT,demo-fix,mismatch,true,215/55R17,215/55R17,225/60R17 225/55R18 245/45R19,215/55R17,225/60R17 225/55R18 245/45R19,Trax,,,
6ec7b254-bd30-4ca1-b419-edf9215231a1,2024,chevrolet,trax,1RS,demo-fix,mismatch,true,215/55R17,215/55R17,225/60R17 225/55R18 245/45R19,215/55R17,225/60R17 225/55R18 245/45R19,Trax,,,
a4a59502-3c04-4942-9109-8e26998022c1,2024,chevrolet,trax,Base,verified-research,mismatch,false,205/65R16,205/65R16,225/60R17 225/55R18 245/45R19,205/65R16,225/60R17 225/55R18 245/45R19,Trax,,,
b286ef0e-4e7e-406e-8beb-8d7aa991a7d1,2024,chevrolet,trax,LS,demo-fix,mismatch,false,205/65R16,205/65R16,225/60R17 225/55R18 245/45R19,205/65R16,225/60R17 225/55R18 245/45R19,Trax,,,
64d16ced-6264-473f-b881-39af4ed958c3,2025,chevrolet,trax,Base,verified-research,mismatch,true,205/70R16 205/65R17 215/55R18,205/70R16 205/65R17 215/55R18,225/55R18 225/60R17 245/45R19,205/70R16 205/65R17 215/55R18,225/55R18 225/60R17 245/45R19,Trax,,,
692ddb8b-5b0a-4a0d-9a31-74ce120dc530,2022,chrysler,300,Touring L,tier-a-import,mismatch,false,225/60R18,225/60R18,245/45R20 235/55R19 215/65R17,225/60R18,245/45R20 235/55R19 215/65R17,300,,,
edb02297-6e08-4edb-93a6-b0ae0cfbf852,2023,chrysler,300,Touring L,tier-a-import,mismatch,false,225/60R18,225/60R18,245/45R20 235/55R19 215/65R17,225/60R18,245/45R20 235/55R19 215/65R17,300,,,
dc8068b5-ae8e-4dbc-86aa-3552cd01b806,2005,chrysler,300c,AWD,tier-a-import,mismatch,false,235/55R19,235/55R19,215/65R17 225/60R18 245/45R20 255/45R20,235/55R19,215/65R17 225/60R18 245/45R20 255/45R20,300,,,
198054c9-f78e-46e2-aab4-7e9f23b82bdc,2006,chrysler,300c,AWD,tier-a-import,mismatch,false,235/55R19,235/55R19,215/65R17 225/60R18 245/45R20 255/45R20,235/55R19,215/65R17 225/60R18 245/45R20 255/45R20,300,,,
1f61aa15-e766-4bef-9a85-9abef4b026b1,2007,chrysler,300c,AWD,tier-a-import,mismatch,false,235/55R19,235/55R19,215/65R17 225/60R18 245/45R20 255/45R20,235/55R19,215/65R17 225/60R18 245/45R20 255/45R20,300,,,
4746bb51-32a9-4874-a9f3-562f23d91ad5,2008,chrysler,300c,AWD,manual_research,mismatch,false,235/55R19,235/55R19,215/65R17 225/60R18 245/45R20 255/45R20,235/55R19,215/65R17 225/60R18 245/45R20 255/45R20,300,,,
049d2ab1-539b-43bc-9fe5-ba38a65f7962,2009,chrysler,300c,AWD,tier-a-import,mismatch,false,235/55R19,235/55R19,245/45R20 255/45R20 225/60R18 215/65R17,235/55R19,245/45R20 255/45R20 225/60R18 215/65R17,300,,,
1ff8a06a-4622-4d35-a666-5ae1ecb89e24,2010,chrysler,300c,AWD,tier-a-import,mismatch,false,235/55R19,235/55R19,215/65R17 225/60R18 245/45R20 255/45R20,235/55R19,215/65R17 225/60R18 245/45R20 255/45R20,300,,,
cc4e8715-f5bb-4702-87a1-0d58fd2050a1,1995,chrysler,cirrus,Base,90s-research-batch,mismatch,true,P195/70R14 P205/60R15,195/70R14 205/60R15,195/65R15,195/70R14 205/60R15,195/65R15,Cirrus,,,
c005aaa2-b7c8-4e5f-91c2-138d6a038836,1996,chrysler,cirrus,Base,90s-research-batch,mismatch,true,P195/70R14 P205/60R15,195/70R14 205/60R15,195/65R15,195/70R14 205/60R15,195/65R15,Cirrus,,,
91b1483b-1ae1-4766-b11e-54a96f3a4bd8,1997,chrysler,cirrus,Base,90s-research-batch,mismatch,true,P195/70R14 P205/60R15 P205/55R16,195/70R14 205/60R15 205/55R16,195/65R15,195/70R14 205/60R15 205/55R16,195/65R15,Cirrus,,,
f787013d-38fd-4ecc-86ec-a3d008bb1622,1998,chrysler,cirrus,Base,90s-research-batch,mismatch,true,P195/70R14 P205/60R15 P205/55R16,195/70R14 205/60R15 205/55R16,195/65R15,195/70R14 205/60R15 205/55R16,195/65R15,Cirrus,,,
c794a389-158b-4977-b814-36a65b352a33,1999,chrysler,cirrus,Base,90s-research-batch,mismatch,true,P195/70R14 P205/60R15 P205/55R16,195/70R14 205/60R15 205/55R16,195/65R15,195/70R14 205/60R15 205/55R16,195/65R15,Cirrus,,,
add52767-3af3-425b-933d-01ce539dca66,1990,chrysler,imperial,Base,90s-research-batch,mismatch,true,P205/70R14 P205/65R15,205/70R14 205/65R15,195/75R14,205/70R14 205/65R15,195/75R14,Imperial,,,
5d32fa34-14f8-4a3d-b5ad-f1ec8afbc74a,1991,chrysler,imperial,Base,90s-research-batch,mismatch,false,P205/65R15,205/65R15,195/75R14,205/65R15,195/75R14,Imperial,,,
b414e393-843a-4a0a-bcff-eec52d7ccf2f,1992,chrysler,imperial,Base,90s-research-batch,mismatch,false,P205/65R15,205/65R15,195/75R14,205/65R15,195/75R14,Imperial,,,
d3ccd1ae-5f15-4073-bc92-6f95ad4d6c39,1993,chrysler,imperial,Base,90s-research-batch,mismatch,false,P205/65R15,205/65R15,195/75R14,205/65R15,195/75R14,Imperial,,,
0d76b3e0-9551-4d6c-bd21-d0bb8b64caca,1990,chrysler,new-yorker,Base,90s-research-batch,mismatch,true,P195/70R14 P205/70R14,195/70R14 205/70R14,195/75R14,195/70R14 205/70R14,195/75R14,NEW Yorker,,,
dd658cce-a0b6-448b-922c-0846bf64542f,1991,chrysler,new-yorker,Base,90s-research-batch,mismatch,true,P195/70R14 P205/70R14,195/70R14 205/70R14,195/75R14,195/70R14 205/70R14,195/75R14,NEW Yorker,,,
3d033df9-b1c5-4ed3-955e-5e5f876d6de1,1992,chrysler,new-yorker,Base,90s-research-batch,mismatch,true,P195/70R14 P205/70R14 P205/65R15,195/70R14 205/70R14 205/65R15,195/75R14,195/70R14 205/70R14 205/65R15,195/75R14,NEW Yorker,,,
3ede8799-5676-4dc9-ab2e-65e49c3d7134,1993,chrysler,new-yorker,Base,90s-research-batch,mismatch,true,P195/70R14 P205/70R14 P205/65R15,195/70R14 205/70R14 205/65R15,195/75R14,195/70R14 205/70R14 205/65R15,195/75R14,NEW Yorker,,,
70ab9dec-5ef2-40eb-a164-f2c60b473eca,1995,chrysler,town-&-country,Base,90s-research-batch,mismatch,true,215/65R15 215/65R16 225/60R16,215/65R15 215/65R16 225/60R16,205/70R15,215/65R15 215/65R16 225/60R16,205/70R15,Town & Country,,,
a356b1b1-b86a-4d20-b812-9b71ecbc3dac,2001,chrysler,town-&-country,Limited,google-ai-overview,mismatch,true,225/60R16,225/60R16,215/70R15 215/65R16,225/60R16,215/70R15 215/65R16,Town & Country,,,
615129ff-6b83-4c85-aedc-f67476ee938b,2002,chrysler,town-&-country,Limited,google-ai-overview,mismatch,true,225/60R16,225/60R16,215/70R15 215/65R16,225/60R16,215/70R15 215/65R16,Town & Country,,,
935104a4-2960-4955-94cb-2587c99561de,2003,chrysler,town-&-country,Limited,google-ai-overview,mismatch,true,225/60R16,225/60R16,215/65R16 215/70R15,225/60R16,215/65R16 215/70R15,Town & Country,,,
e66067cd-129f-4385-b4f8-d7c13b9a5a9a,2004,chrysler,town-&-country,Limited,google-ai-overview,mismatch,true,225/60R16,225/60R16,215/65R16 215/70R15,225/60R16,215/65R16 215/70R15,Town & Country,,,
8332e954-3ac8-4de3-b2cd-4f3111be1c89,2005,chrysler,town-&-country,Limited,google-ai-overview,mismatch,false,215/60R17,215/60R17,215/70R15 215/65R16,215/60R17,215/70R15 215/65R16,Town & Country,,,
c1f9f538-c4b4-4a4e-aa78-c6d82df5c67b,2006,chrysler,town-&-country,Limited,google-ai-overview,mismatch,false,215/60R17,215/60R17,215/70R15 215/65R16,215/60R17,215/70R15 215/65R16,Town & Country,,,
2d19d8a1-80a4-4a22-9558-f1f8037c7ce1,2007,chrysler,town-&-country,Limited,google-ai-overview,mismatch,false,215/60R17,215/60R17,215/70R15 215/65R16,215/60R17,215/70R15 215/65R16,Town & Country,,,
de04d9ab-078e-4a42-8e7f-1a2f71b95050,2011,chrysler,town-&-country,LX,google-ai-overview,mismatch,true,225/65R16,225/65R16,235/60R16 225/65R17,225/65R16,235/60R16 225/65R17,Town & Country,,,
9e393979-9cd7-4e28-a174-81dafa120eb1,2013,chrysler,town-&-country,LX,google-ai-overview,mismatch,false,225/65R16,225/65R16,225/65R17,225/65R16,225/65R17,Town & Country,,,
4c71fb81-9dd6-4f12-b7b6-ec70fad55611,2014,chrysler,town-&-country,LX,google-ai-overview,mismatch,false,225/65R16,225/65R16,225/65R17,225/65R16,225/65R17,Town & Country,,,
df2892c4-33dc-4e18-8919-3dc21b294973,2015,chrysler,town-&-country,LX,google-ai-overview,mismatch,false,225/65R16,225/65R16,225/65R17,225/65R16,225/65R17,Town & Country,,,
74189a82-6531-474c-8ccc-f4bc355cbf10,2016,chrysler,town-&-country,LX,google-ai-overview,mismatch,false,225/65R16,225/65R16,225/65R17,225/65R16,225/65R17,Town & Country,,,
f26d43a3-b26e-4eca-8629-cb5e0815e022,2000,chrysler,town-and-country,Limited,batch6-minivans-evs,mismatch,false,225/65R17,225/65R17,215/70R15 215/65R15 215/65R16,225/65R17,215/70R15 215/65R15 215/65R16,Town & Country,,,
1cb31693-4460-4614-8677-3068e98758eb,2001,chrysler,town-and-country,Limited,batch6-minivans-evs,mismatch,false,225/65R17,225/65R17,215/70R15 215/65R16,225/65R17,215/70R15 215/65R16,Town & Country,,,
6f862231-9b9f-404a-88b9-0fd93f448840,2002,chrysler,town-and-country,Limited,batch6-minivans-evs,mismatch,false,225/65R17,225/65R17,215/70R15 215/65R16,225/65R17,215/70R15 215/65R16,Town & Country,,,
6f38ddc8-0c76-49d5-8381-f98fc31f2348,2003,chrysler,town-and-country,Limited,batch6-minivans-evs,mismatch,false,225/65R17,225/65R17,215/65R16 215/70R15,225/65R17,215/65R16 215/70R15,Town & Country,,,
32aa4f85-0069-4a96-a874-2f2b3af0a789,2004,chrysler,town-and-country,Limited,batch6-minivans-evs,mismatch,false,225/65R17,225/65R17,215/65R16 215/70R15,225/65R17,215/65R16 215/70R15,Town & Country,,,
09f0526b-58c6-4202-bcd7-a5e054fbeec9,2005,chrysler,town-and-country,Limited,batch6-minivans-evs,mismatch,false,225/65R17,225/65R17,215/70R15 215/65R16,225/65R17,215/70R15 215/65R16,Town & Country,,,
4023e106-a667-468b-ada6-c44ba039dc54,2006,chrysler,town-and-country,Limited,batch6-minivans-evs,mismatch,false,225/65R17,225/65R17,215/70R15 215/65R16,225/65R17,215/70R15 215/65R16,Town & Country,,,
3d939963-f843-4373-a000-5816024d80d9,2007,chrysler,town-and-country,Limited,batch6-minivans-evs,mismatch,false,225/65R17,225/65R17,215/70R15 215/65R16,225/65R17,215/70R15 215/65R16,Town & Country,,,
ddad290d-7b08-41df-a3a6-63563f715556,2000,chrysler,town-country,Base,catalog-gap-fill,mismatch,true,225/65R16 225/65R17,225/65R16 225/65R17,215/70R15 215/65R15 215/65R16,225/65R16 225/65R17,215/70R15 215/65R15 215/65R16,Town & Country,,,
9e348d7c-c43c-4c79-8d88-f8b28e95cec5,2001,chrysler,town-country,Base,catalog-gap-fill,mismatch,true,225/65R16 225/65R17,225/65R16 225/65R17,215/70R15 215/65R16,225/65R16 225/65R17,215/70R15 215/65R16,Town & Country,,,
d56532e9-42f7-4f98-8bdc-5da04c83490c,2002,chrysler,town-country,Base,catalog-gap-fill,mismatch,true,225/65R16 225/65R17,225/65R16 225/65R17,215/70R15 215/65R16,225/65R16 225/65R17,215/70R15 215/65R16,Town & Country,,,
8b51486b-902a-464a-9a4a-c6114aef6f8d,2003,chrysler,town-country,Base,catalog-gap-fill,mismatch,true,225/65R16 225/65R17,225/65R16 225/65R17,215/65R16 215/70R15,225/65R16 225/65R17,215/65R16 215/70R15,Town & Country,,,
adebc3ff-f3d9-4bb4-8c24-bd6733b6303a,2004,chrysler,town-country,Base,catalog-gap-fill,mismatch,true,225/65R16 225/65R17,225/65R16 225/65R17,215/65R16 215/70R15,225/65R16 225/65R17,215/65R16 215/70R15,Town & Country,,,
44739ad7-7873-4f43-b120-eb00e4fb7a3d,2005,chrysler,town-country,Base,catalog-gap-fill,mismatch,true,225/65R16 225/65R17,225/65R16 225/65R17,215/70R15 215/65R16,225/65R16 225/65R17,215/70R15 215/65R16,Town & Country,,,
9d369a37-9ba9-4349-834b-21636e48bd5c,2006,chrysler,town-country,Base,catalog-gap-fill,mismatch,true,225/65R16 225/65R17,225/65R16 225/65R17,215/70R15 215/65R16,225/65R16 225/65R17,215/70R15 215/65R16,Town & Country,,,
37b4b6c7-e575-43ba-951d-9a6983c04d92,2007,chrysler,town-country,Base,catalog-gap-fill,mismatch,true,225/65R16 225/65R17,225/65R16 225/65R17,215/70R15 215/65R16,225/65R16 225/65R17,215/70R15 215/65R16,Town & Country,,,
5d11fbd1-e4cb-4f03-a3e2-f6eea4746c7f,2000,dodge,caravan,SE,manual-research,mismatch,true,P205/70R15 P215/65R16,205/70R15 215/65R16,205/75R14 215/65R15 215/60R17,205/70R15 215/65R16,205/75R14 215/65R15 215/60R17,Caravan,,,
8f40844f-dcd0-4281-b7f3-e13095c1e143,2000,dodge,caravan,SXT,manual-research,mismatch,true,P205/70R15 P215/65R16,205/70R15 215/65R16,205/75R14 215/65R15 215/60R17,205/70R15 215/65R16,205/75R14 215/65R15 215/60R17,Caravan,,,
cd6411fb-38dd-4327-a7e6-f937cea74669,2000,dodge,caravan,Sport,manual-research,mismatch,true,P205/70R15 P215/65R16,205/70R15 215/65R16,205/75R14 215/65R15 215/60R17,205/70R15 215/65R16,205/75R14 215/65R15 215/60R17,Caravan,,,
7bbfe5bf-5509-4ec2-8d14-abe5e1f41cbc,2020,dodge,challenger,GT,tiresize.com,mismatch,true,235/50R19,235/50R19,235/55R19 245/45R20 275/40R20 305/35R20 235/55R18 315/40R18,235/50R19,235/55R19 245/45R20 275/40R20 305/35R20 235/55R18 315/40R18,Challenger,,,
fe0dfa2d-639a-4018-a8c3-44b85b927b54,2021,dodge,challenger,GT,tiresize.com,mismatch,true,235/50R19,235/50R19,245/45R20 275/40R20 305/35R20 235/55R19 235/55R18 315/40R18,235/50R19,245/45R20 275/40R20 305/35R20 235/55R19 235/55R18 315/40R18,Challenger,,,
a5ec793d-d06d-45fe-ac7f-050b1349c45c,2022,dodge,challenger,GT,tiresize.com,mismatch,true,235/50R19,235/50R19,245/45R20 275/40R20 305/35R20 315/40R18 235/55R18 235/55R19,235/50R19,245/45R20 275/40R20 305/35R20 315/40R18 235/55R18 235/55R19,Challenger,,,
508a601f-5b60-49eb-bc37-1b4e4fdc3fb7,2023,dodge,challenger,GT,tiresize.com,mismatch,true,235/50R19,235/50R19,245/45R20 275/40R20 305/35R20 315/40R18 235/55R19 235/55R18,235/50R19,245/45R20 275/40R20 305/35R20 315/40R18 235/55R19 235/55R18,Challenger,,,
f3b43018-32f7-4379-b851-2b290e5a5239,1990,dodge,dynasty,Base,90s-research-batch,mismatch,true,P195/70R14 P205/70R14,195/70R14 205/70R14,195/75R14,195/70R14 205/70R14,195/75R14,Dynasty,,,
b7fbd9eb-6d43-4189-9cce-fe9ee117f39c,1991,dodge,dynasty,Base,90s-research-batch,mismatch,true,P195/70R14 P205/70R14,195/70R14 205/70R14,195/75R14,195/70R14 205/70R14,195/75R14,Dynasty,,,
cce827c2-1050-4394-a32c-e26680388fa2,1992,dodge,dynasty,Base,90s-research-batch,mismatch,true,P195/70R14 P205/70R14 P205/65R15,195/70R14 205/70R14 205/65R15,195/75R14,195/70R14 205/70R14 205/65R15,195/75R14,Dynasty,,,
c6de1fa1-9e3b-4959-ac25-b9c43fac18b4,1993,dodge,dynasty,Base,90s-research-batch,mismatch,true,P195/70R14 P205/70R14 P205/65R15,195/70R14 205/70R14 205/65R15,195/75R14,195/70R14 205/70R14 205/65R15,195/75R14,Dynasty,,,
07341e58-c981-4e3e-917f-952589259a5d,1994,dodge,ram-1500,Sport,generation_inherit,mismatch,false,265/70R17,265/70R17,225/75R16 245/75R16 265/75R16,265/70R17,225/75R16 245/75R16 265/75R16,RAM 1500,,,
3c75da12-0fad-42a5-a4aa-fa8647784ac4,1994,dodge,ram-1500,Laramie,generation_inherit,mismatch,false,265/70R17,265/70R17,225/75R16 245/75R16 265/75R16,265/70R17,225/75R16 245/75R16 265/75R16,RAM 1500,,,
1814467b-493c-406d-9d10-96165db759ae,1995,dodge,ram-1500,Laramie,generation_inherit,mismatch,false,265/70R17,265/70R17,225/75R16 265/75R16 245/75R16,265/70R17,225/75R16 265/75R16 245/75R16,RAM 1500,,,
5b67a471-62d5-48ae-b307-fe50411cd7ab,1995,dodge,ram-1500,Sport,generation_inherit,mismatch,false,265/70R17,265/70R17,225/75R16 265/75R16 245/75R16,265/70R17,225/75R16 265/75R16 245/75R16,RAM 1500,,,
699e7951-3674-40de-bc3d-1ff355a97585,1996,dodge,ram-1500,Sport,generation_inherit,mismatch,true,265/70R17,265/70R17,225/75R16 275/60R17 245/75R16 265/75R16,265/70R17,225/75R16 275/60R17 245/75R16 265/75R16,RAM 1500,,,
7804eb32-c436-44c4-aaa5-a4933ad7d9a8,1996,dodge,ram-1500,Laramie,generation_inherit,mismatch,true,265/70R17,265/70R17,225/75R16 275/60R17 245/75R16 265/75R16,265/70R17,225/75R16 275/60R17 245/75R16 265/75R16,RAM 1500,,,
2c2005e7-55b3-4c0f-8f64-37c3b8922e9f,1997,dodge,ram-1500,Sport,generation_inherit,mismatch,true,265/70R17,265/70R17,225/75R16 275/60R17 245/75R16 265/75R16,265/70R17,225/75R16 275/60R17 245/75R16 265/75R16,RAM 1500,,,
83766917-b81a-4135-bf9a-f3ff6a8bfb17,1997,dodge,ram-1500,Laramie,generation_inherit,mismatch,true,265/70R17,265/70R17,225/75R16 275/60R17 245/75R16 265/75R16,265/70R17,225/75R16 275/60R17 245/75R16 265/75R16,RAM 1500,,,
4cd2c590-a4e8-4251-b490-ac21d1bca158,1998,dodge,ram-1500,Sport,generation_inherit,mismatch,true,265/70R17,265/70R17,275/60R17 225/75R16 245/75R16 265/75R16,265/70R17,275/60R17 225/75R16 245/75R16 265/75R16,RAM 1500,,,
b198a6bc-4b59-4a47-b61c-2947c701f6a7,1998,dodge,ram-1500,Laramie,generation_inherit,mismatch,true,265/70R17,265/70R17,275/60R17 225/75R16 245/75R16 265/75R16,265/70R17,275/60R17 225/75R16 245/75R16 265/75R16,RAM 1500,,,
4dda6854-16ce-4ebe-9d51-cd15d9fe49a3,1999,dodge,ram-1500,Laramie,generation_inherit,mismatch,false,265/70R17,265/70R17,245/75R16 265/75R16 225/75R16,265/70R17,245/75R16 265/75R16 225/75R16,RAM 1500,,,
fb76b980-3b60-4196-8d66-6fca78cb1c30,1999,dodge,ram-1500,Sport,generation_inherit,mismatch,false,265/70R17,265/70R17,245/75R16 265/75R16 225/75R16,265/70R17,245/75R16 265/75R16 225/75R16,RAM 1500,,,
74a1fe44-b885-4b7b-95b8-32f2e58f9df1,2000,dodge,ram-1500,Laramie,generation_inherit,mismatch,true,265/70R17,265/70R17,275/70R17 245/75R16 265/75R16 225/75R16,265/70R17,275/70R17 245/75R16 265/75R16 225/75R16,RAM 1500,,,
7f62dba3-6d6a-4e19-9b3f-ecbad8d7ab78,2000,dodge,ram-1500,Sport,generation_inherit,mismatch,true,265/70R17,265/70R17,275/70R17 245/75R16 265/75R16 225/75R16,265/70R17,275/70R17 245/75R16 265/75R16 225/75R16,RAM 1500,,,
62a5b31c-34cd-4739-95b2-094367547ee4,2001,dodge,ram-1500,Laramie,generation_inherit,mismatch,true,265/70R17,265/70R17,225/75R16 245/75R16 265/75R16 275/70R17,265/70R17,225/75R16 245/75R16 265/75R16 275/70R17,RAM 1500,,,
e1a85353-1aad-4d3d-8356-1189b29dace6,2001,dodge,ram-1500,Sport,generation_inherit,mismatch,true,265/70R17,265/70R17,225/75R16 245/75R16 265/75R16 275/70R17,265/70R17,225/75R16 245/75R16 265/75R16 275/70R17,RAM 1500,,,
121b4ded-bfd5-4590-a9d8-836d267a36d6,1994,dodge,ram-2500,SLT,generation_inherit,mismatch,true,205/55R16 215/60R16 225/60R16 235/70R16,205/55R16 215/60R16 225/60R16 235/70R16,245/75R16 225/75R16,205/55R16 215/60R16 225/60R16 235/70R16,245/75R16 225/75R16,RAM 2500,,,
20be2811-69f5-432c-88b6-e68679e290a6,1994,dodge,ram-2500,ST,generation_inherit,mismatch,true,205/55R16 215/60R16 225/60R16 235/70R16,205/55R16 215/60R16 225/60R16 235/70R16,245/75R16 225/75R16,205/55R16 215/60R16 225/60R16 235/70R16,245/75R16 225/75R16,RAM 2500,,,
766f93ee-76ed-493f-a934-269bb710dc6f,1994,dodge,ram-2500,Laramie,generation_inherit,mismatch,false,215/50R17 225/55R17 235/65R17 245/65R17 265/70R17,215/50R17 225/55R17 235/65R17 245/65R17 265/70R17,245/75R16 225/75R16,215/50R17 225/55R17 235/65R17 245/65R17 265/70R17,245/75R16 225/75R16,RAM 2500,,,
4b8df0e5-7fef-4778-b49e-321b82cece1f,1995,dodge,ram-2500,ST,generation_inherit,mismatch,true,205/55R16 215/60R16 225/60R16 235/70R16,205/55R16 215/60R16 225/60R16 235/70R16,245/75R16 225/75R16,205/55R16 215/60R16 225/60R16 235/70R16,245/75R16 225/75R16,RAM 2500,,,
98c6e382-8c03-4ec2-91d4-09b23150b612,1995,dodge,ram-2500,SLT,generation_inherit,mismatch,true,205/55R16 215/60R16 225/60R16 235/70R16,205/55R16 215/60R16 225/60R16 235/70R16,245/75R16 225/75R16,205/55R16 215/60R16 225/60R16 235/70R16,245/75R16 225/75R16,RAM 2500,,,
de294ab2-464e-460e-acb9-083a0a4d50da,1995,dodge,ram-2500,Laramie,generation_inherit,mismatch,false,215/50R17 225/55R17 235/65R17 245/65R17 265/70R17,215/50R17 225/55R17 235/65R17 245/65R17 265/70R17,245/75R16 225/75R16,215/50R17 225/55R17 235/65R17 245/65R17 265/70R17,245/75R16 225/75R16,RAM 2500,,,
15bf2f10-3943-4650-ae4c-a827e1c9384e,1996,dodge,ram-2500,ST,generation_inherit,mismatch,true,205/55R16 215/60R16 225/60R16 235/70R16,205/55R16 215/60R16 225/60R16 235/70R16,245/75R16 225/75R16,205/55R16 215/60R16 225/60R16 235/70R16,245/75R16 225/75R16,RAM 2500,,,
331b3f50-60eb-4d8f-8e71-a97b693ac445,1996,dodge,ram-2500,Laramie,generation_inherit,mismatch,false,215/50R17 225/55R17 235/65R17 245/65R17 265/70R17,215/50R17 225/55R17 235/65R17 245/65R17 265/70R17,245/75R16 225/75R16,215/50R17 225/55R17 235/65R17 245/65R17 265/70R17,245/75R16 225/75R16,RAM 2500,,,
f892e7ba-01a9-4e12-a807-6d379a60d866,1996,dodge,ram-2500,SLT,generation_inherit,mismatch,true,205/55R16 215/60R16 225/60R16 235/70R16,205/55R16 215/60R16 225/60R16 235/70R16,245/75R16 225/75R16,205/55R16 215/60R16 225/60R16 235/70R16,245/75R16 225/75R16,RAM 2500,,,
9ed6938a-ba16-4ba8-bf2d-c05324344594,1997,dodge,ram-2500,ST,generation_inherit,mismatch,true,205/55R16 215/60R16 225/60R16 235/70R16,205/55R16 215/60R16 225/60R16 235/70R16,245/75R16 225/75R16,205/55R16 215/60R16 225/60R16 235/70R16,245/75R16 225/75R16,RAM 2500,,,
d76c9f86-a4af-44b9-b8f4-08a1beb624d9,1997,dodge,ram-2500,SLT,generation_inherit,mismatch,true,205/55R16 215/60R16 225/60R16 235/70R16,205/55R16 215/60R16 225/60R16 235/70R16,245/75R16 225/75R16,205/55R16 215/60R16 225/60R16 235/70R16,245/75R16 225/75R16,RAM 2500,,,
dff59378-fc8a-4ffc-8a25-144f2e806a7d,1997,dodge,ram-2500,Laramie,generation_inherit,mismatch,false,215/50R17 225/55R17 235/65R17 245/65R17 265/70R17,215/50R17 225/55R17 235/65R17 245/65R17 265/70R17,245/75R16 225/75R16,215/50R17 225/55R17 235/65R17 245/65R17 265/70R17,245/75R16 225/75R16,RAM 2500,,,
26990cdf-1b1b-499f-9ce7-a152fa212e3f,1998,dodge,ram-2500,SLT,generation_inherit,mismatch,true,205/55R16 215/60R16 225/60R16 235/70R16,205/55R16 215/60R16 225/60R16 235/70R16,245/75R16,205/55R16 215/60R16 225/60R16 235/70R16,245/75R16,RAM 2500,,,
c0a26214-5d65-472d-bd2c-ba06f54f138e,1998,dodge,ram-2500,ST,generation_inherit,mismatch,true,205/55R16 215/60R16 225/60R16 235/70R16,205/55R16 215/60R16 225/60R16 235/70R16,245/75R16,205/55R16 215/60R16 225/60R16 235/70R16,245/75R16,RAM 2500,,,
f4c4e1ec-77fd-47db-a129-e572044cd740,1998,dodge,ram-2500,Laramie,generation_inherit,mismatch,false,215/50R17 225/55R17 235/65R17 245/65R17 265/70R17,215/50R17 225/55R17 235/65R17 245/65R17 265/70R17,245/75R16,215/50R17 225/55R17 235/65R17 245/65R17 265/70R17,245/75R16,RAM 2500,,,
26c82e94-1925-489d-b041-c3a68e16d348,1999,dodge,ram-2500,ST,generation_inherit,mismatch,true,205/55R16 215/60R16 225/60R16 235/70R16,205/55R16 215/60R16 225/60R16 235/70R16,245/75R16,205/55R16 215/60R16 225/60R16 235/70R16,245/75R16,RAM 2500,,,
6c8838a2-8fb7-4ffa-b531-fef71fb57f06,1999,dodge,ram-2500,SLT,generation_inherit,mismatch,true,205/55R16 215/60R16 225/60R16 235/70R16,205/55R16 215/60R16 225/60R16 235/70R16,245/75R16,205/55R16 215/60R16 225/60R16 235/70R16,245/75R16,RAM 2500,,,
c8ce9df9-9bc7-4cfc-a480-8e53fada417a,1999,dodge,ram-2500,Laramie,generation_inherit,mismatch,false,215/50R17 225/55R17 235/65R17 245/65R17 265/70R17,215/50R17 225/55R17 235/65R17 245/65R17 265/70R17,245/75R16,215/50R17 225/55R17 235/65R17 245/65R17 265/70R17,245/75R16,RAM 2500,,,
7a614ebb-e6b3-43e2-a362-d011855225c4,2000,dodge,ram-2500,SLT,generation_inherit,mismatch,true,205/55R16 215/60R16 225/60R16 235/70R16,205/55R16 215/60R16 225/60R16 235/70R16,245/75R16 265/75R16,205/55R16 215/60R16 225/60R16 235/70R16,245/75R16 265/75R16,RAM 2500,,,
9d571227-e32e-423e-ba94-123238f667c0,2000,dodge,ram-2500,ST,generation_inherit,mismatch,true,205/55R16 215/60R16 225/60R16 235/70R16,205/55R16 215/60R16 225/60R16 235/70R16,245/75R16 265/75R16,205/55R16 215/60R16 225/60R16 235/70R16,245/75R16 265/75R16,RAM 2500,,,
aa4cbcd4-3e46-4ba5-8faa-c364b86b20d9,2000,dodge,ram-2500,Laramie,generation_inherit,mismatch,false,215/50R17 225/55R17 235/65R17 245/65R17 265/70R17,215/50R17 225/55R17 235/65R17 245/65R17 265/70R17,245/75R16 265/75R16,215/50R17 225/55R17 235/65R17 245/65R17 265/70R17,245/75R16 265/75R16,RAM 2500,,,
4c16fb3a-10a2-4e7f-bd7f-18b0577e19f7,2001,dodge,ram-2500,ST,generation_inherit,mismatch,true,205/55R16 215/60R16 225/60R16 235/70R16,205/55R16 215/60R16 225/60R16 235/70R16,245/75R16 265/75R16,205/55R16 215/60R16 225/60R16 235/70R16,245/75R16 265/75R16,RAM 2500,,,
9582fd8c-e00d-4bea-9c01-2383074b5b90,2001,dodge,ram-2500,SLT,generation_inherit,mismatch,true,205/55R16 215/60R16 225/60R16 235/70R16,205/55R16 215/60R16 225/60R16 235/70R16,245/75R16 265/75R16,205/55R16 215/60R16 225/60R16 235/70R16,245/75R16 265/75R16,RAM 2500,,,
a5353256-0456-4fac-b618-99fbf25c5a4c,2001,dodge,ram-2500,Laramie,generation_inherit,mismatch,false,215/50R17 225/55R17 235/65R17 245/65R17 265/70R17,215/50R17 225/55R17 235/65R17 245/65R17 265/70R17,245/75R16 265/75R16,215/50R17 225/55R17 235/65R17 245/65R17 265/70R17,245/75R16 265/75R16,RAM 2500,,,
3eb048d3-333d-4da4-b821-be1a7592669e,2002,dodge,ram-2500,SLT,generation_inherit,mismatch,true,205/55R16 215/60R16 225/60R16 235/70R16,205/55R16 215/60R16 225/60R16 235/70R16,245/75R16 265/75R16,205/55R16 215/60R16 225/60R16 235/70R16,245/75R16 265/75R16,RAM 2500,,,
41e7be59-264c-4327-b3d0-4e50dc76a2ef,2002,dodge,ram-2500,ST,generation_inherit,mismatch,true,205/55R16 215/60R16 225/60R16 235/70R16,205/55R16 215/60R16 225/60R16 235/70R16,245/75R16 265/75R16,205/55R16 215/60R16 225/60R16 235/70R16,245/75R16 265/75R16,RAM 2500,,,
5b371569-67f6-4f6c-84cd-b44ba5dbe4ac,2002,dodge,ram-2500,Laramie,generation_inherit,mismatch,false,215/50R17 225/55R17 235/65R17 245/65R17 265/70R17,215/50R17 225/55R17 235/65R17 245/65R17 265/70R17,245/75R16 265/75R16,215/50R17 225/55R17 235/65R17 245/65R17 265/70R17,245/75R16 265/75R16,RAM 2500,,,
3ce178c2-1a11-4284-ab85-6788a1006af1,1994,dodge,ram-3500,SLT,generation_inherit,mismatch,true,205/55R16 215/60R16 225/60R16 235/70R16,205/55R16 215/60R16 225/60R16 235/70R16,215/85R16,205/55R16 215/60R16 225/60R16 235/70R16,215/85R16,RAM 3500,,,
9f5c0da1-97c5-4d04-a5f3-6023cd722311,1994,dodge,ram-3500,Laramie,generation_inherit,mismatch,false,215/50R17 225/55R17 235/65R17 245/65R17 265/70R17,215/50R17 225/55R17 235/65R17 245/65R17 265/70R17,215/85R16,215/50R17 225/55R17 235/65R17 245/65R17 265/70R17,215/85R16,RAM 3500,,,
d6a22a32-43a0-4612-9a69-420334917426,1994,dodge,ram-3500,ST,generation_inherit,mismatch,true,205/55R16 215/60R16 225/60R16 235/70R16,205/55R16 215/60R16 225/60R16 235/70R16,215/85R16,205/55R16 215/60R16 225/60R16 235/70R16,215/85R16,RAM 3500,,,
075312a0-c4f3-4996-a669-5646a7a6e11f,1995,dodge,ram-3500,SLT,generation_inherit,mismatch,true,205/55R16 215/60R16 225/60R16 235/70R16,205/55R16 215/60R16 225/60R16 235/70R16,215/85R16,205/55R16 215/60R16 225/60R16 235/70R16,215/85R16,RAM 3500,,,
1f1aedaa-d7c1-4e53-b065-a24f2cd6dc94,1995,dodge,ram-3500,Laramie,generation_inherit,mismatch,false,215/50R17 225/55R17 235/65R17 245/65R17 265/70R17,215/50R17 225/55R17 235/65R17 245/65R17 265/70R17,215/85R16,215/50R17 225/55R17 235/65R17 245/65R17 265/70R17,215/85R16,RAM 3500,,,
94408d2a-9c76-401e-84bd-64492484a95d,1995,dodge,ram-3500,ST,generation_inherit,mismatch,true,205/55R16 215/60R16 225/60R16 235/70R16,205/55R16 215/60R16 225/60R16 235/70R16,215/85R16,205/55R16 215/60R16 225/60R16 235/70R16,215/85R16,RAM 3500,,,
2d8e01ce-c035-4592-9a80-27d83761fccb,1996,dodge,ram-3500,SLT,generation_inherit,mismatch,true,205/55R16 215/60R16 225/60R16 235/70R16,205/55R16 215/60R16 225/60R16 235/70R16,215/85R16,205/55R16 215/60R16 225/60R16 235/70R16,215/85R16,RAM 3500,,,
77cbcd0f-f4b9-4676-a52d-467fcff5856b,1996,dodge,ram-3500,Laramie,generation_inherit,mismatch,false,215/50R17 225/55R17 235/65R17 245/65R17 265/70R17,215/50R17 225/55R17 235/65R17 245/65R17 265/70R17,215/85R16,215/50R17 225/55R17 235/65R17 245/65R17 265/70R17,215/85R16,RAM 3500,,,
b4abeae1-78fe-4b95-b636-d358aae185ed,1996,dodge,ram-3500,ST,generation_inherit,mismatch,true,205/55R16 215/60R16 225/60R16 235/70R16,205/55R16 215/60R16 225/60R16 235/70R16,215/85R16,205/55R16 215/60R16 225/60R16 235/70R16,215/85R16,RAM 3500,,,
009bdcee-407b-42bc-a472-938a5afc2a36,1997,dodge,ram-3500,ST,generation_inherit,mismatch,true,205/55R16 215/60R16 225/60R16 235/70R16,205/55R16 215/60R16 225/60R16 235/70R16,215/85R16,205/55R16 215/60R16 225/60R16 235/70R16,215/85R16,RAM 3500,,,
b91cef11-1fe4-4d41-b38e-3528c0609c49,1997,dodge,ram-3500,SLT,generation_inherit,mismatch,true,205/55R16 215/60R16 225/60R16 235/70R16,205/55R16 215/60R16 225/60R16 235/70R16,215/85R16,205/55R16 215/60R16 225/60R16 235/70R16,215/85R16,RAM 3500,,,
d645c569-40d9-4445-997f-8daf73167cfb,1997,dodge,ram-3500,Laramie,generation_inherit,mismatch,false,215/50R17 225/55R17 235/65R17 245/65R17 265/70R17,215/50R17 225/55R17 235/65R17 245/65R17 265/70R17,215/85R16,215/50R17 225/55R17 235/65R17 245/65R17 265/70R17,215/85R16,RAM 3500,,,
6510de79-e68e-4931-b396-6d99346218f7,1998,dodge,ram-3500,Laramie,generation_inherit,mismatch,false,215/50R17 225/55R17 235/65R17 245/65R17 265/70R17,215/50R17 225/55R17 235/65R17 245/65R17 265/70R17,215/85R16,215/50R17 225/55R17 235/65R17 245/65R17 265/70R17,215/85R16,RAM 3500,,,
93c30777-640b-4707-add1-0ec5a73e0b0c,1998,dodge,ram-3500,ST,generation_inherit,mismatch,true,205/55R16 215/60R16 225/60R16 235/70R16,205/55R16 215/60R16 225/60R16 235/70R16,215/85R16,205/55R16 215/60R16 225/60R16 235/70R16,215/85R16,RAM 3500,,,
b88c1265-3e98-42c4-9105-f2d444cb5384,1998,dodge,ram-3500,SLT,generation_inherit,mismatch,true,205/55R16 215/60R16 225/60R16 235/70R16,205/55R16 215/60R16 225/60R16 235/70R16,215/85R16,205/55R16 215/60R16 225/60R16 235/70R16,215/85R16,RAM 3500,,,
5aabbe06-9ea5-4834-b239-f07b6414112d,1999,dodge,ram-3500,ST,generation_inherit,mismatch,true,205/55R16 215/60R16 225/60R16 235/70R16,205/55R16 215/60R16 225/60R16 235/70R16,215/85R16,205/55R16 215/60R16 225/60R16 235/70R16,215/85R16,RAM 3500,,,
84aca4b3-4cc0-49fa-a7e4-3e0713b854e8,1999,dodge,ram-3500,SLT,generation_inherit,mismatch,true,205/55R16 215/60R16 225/60R16 235/70R16,205/55R16 215/60R16 225/60R16 235/70R16,215/85R16,205/55R16 215/60R16 225/60R16 235/70R16,215/85R16,RAM 3500,,,
b5e9925d-87cd-489a-9453-dd04d96dc11a,1999,dodge,ram-3500,Laramie,generation_inherit,mismatch,false,215/50R17 225/55R17 235/65R17 245/65R17 265/70R17,215/50R17 225/55R17 235/65R17 245/65R17 265/70R17,215/85R16,215/50R17 225/55R17 235/65R17 245/65R17 265/70R17,215/85R16,RAM 3500,,,
3f345ea1-886b-42c1-a2d4-bdc6d175d5f3,2000,dodge,ram-3500,ST,generation_inherit,mismatch,true,205/55R16 215/60R16 225/60R16 235/70R16,205/55R16 215/60R16 225/60R16 235/70R16,235/85R16,205/55R16 215/60R16 225/60R16 235/70R16,235/85R16,RAM 3500,,,
c37bb598-e66f-4256-b13a-4552a9b8e496,2000,dodge,ram-3500,SLT,generation_inherit,mismatch,true,205/55R16 215/60R16 225/60R16 235/70R16,205/55R16 215/60R16 225/60R16 235/70R16,235/85R16,205/55R16 215/60R16 225/60R16 235/70R16,235/85R16,RAM 3500,,,
f484817c-f643-45c4-b783-fb878f2d236e,2000,dodge,ram-3500,Laramie,generation_inherit,mismatch,false,215/50R17 225/55R17 235/65R17 245/65R17 265/70R17,215/50R17 225/55R17 235/65R17 245/65R17 265/70R17,235/85R16,215/50R17 225/55R17 235/65R17 245/65R17 265/70R17,235/85R16,RAM 3500,,,
06e88f47-88a0-42dc-a815-dccb102f1eb4,2001,dodge,ram-3500,ST,generation_inherit,mismatch,true,205/55R16 215/60R16 225/60R16 235/70R16,205/55R16 215/60R16 225/60R16 235/70R16,235/85R16,205/55R16 215/60R16 225/60R16 235/70R16,235/85R16,RAM 3500,,,
8dbc9303-2f96-4d5b-983b-5ca71e14836f,2001,dodge,ram-3500,Laramie,generation_inherit,mismatch,false,215/50R17 225/55R17 235/65R17 245/65R17 265/70R17,215/50R17 225/55R17 235/65R17 245/65R17 265/70R17,235/85R16,215/50R17 225/55R17 235/65R17 245/65R17 265/70R17,235/85R16,RAM 3500,,,
e41acce9-2236-4ec2-bd15-7b06a45f601c,2001,dodge,ram-3500,SLT,generation_inherit,mismatch,true,205/55R16 215/60R16 225/60R16 235/70R16,205/55R16 215/60R16 225/60R16 235/70R16,235/85R16,205/55R16 215/60R16 225/60R16 235/70R16,235/85R16,RAM 3500,,,
480a43f6-b3c0-47af-b490-eff160130916,2002,dodge,ram-3500,SLT,generation_inherit,mismatch,true,205/55R16 215/60R16 225/60R16 235/70R16,205/55R16 215/60R16 225/60R16 235/70R16,235/85R16,205/55R16 215/60R16 225/60R16 235/70R16,235/85R16,RAM 3500,,,
6bf69cdb-e113-4d2c-82be-3612b623b406,2002,dodge,ram-3500,Laramie,generation_inherit,mismatch,false,215/50R17 225/55R17 235/65R17 245/65R17 265/70R17,215/50R17 225/55R17 235/65R17 245/65R17 265/70R17,235/85R16,215/50R17 225/55R17 235/65R17 245/65R17 265/70R17,235/85R16,RAM 3500,,,
e9b8b7fc-97d0-4a5f-a81c-e3a52933d5f8,2002,dodge,ram-3500,ST,generation_inherit,mismatch,true,205/55R16 215/60R16 225/60R16 235/70R16,205/55R16 215/60R16 225/60R16 235/70R16,235/85R16,205/55R16 215/60R16 225/60R16 235/70R16,235/85R16,RAM 3500,,,
fb649527-213d-4a30-a46f-5f63c7089c8a,1997,dodge,ram-van-b1500,Base,90s-research-batch,mismatch,true,P215/75R15 P225/75R15,215/75R15 225/75R15,235/75R15,215/75R15 225/75R15,235/75R15,B1500,,,
4c315b5d-5ff3-4f3b-8232-cdc54bdc5c46,1998,dodge,ram-van-b1500,Base,90s-research-batch,mismatch,true,P215/75R15 P225/75R15,215/75R15 225/75R15,235/75R15,215/75R15 225/75R15,235/75R15,B1500,,,
c70b013a-5cd1-4417-aca5-436c8cf24087,1999,dodge,ram-van-b1500,Base,90s-research-batch,mismatch,true,P215/75R15 P225/75R15,215/75R15 225/75R15,235/75R15,215/75R15 225/75R15,235/75R15,Ram 1500 Van,,,
f371f1c7-1dd7-47ed-a3a7-72e3c2e9be28,1990,dodge,ram-van-b350,Base,90s-research-batch,mismatch,false,P235/75R15,235/75R15,225/75R16 245/75R16,235/75R15,225/75R16 245/75R16,B350,,,
7b7f3d3c-8b84-4f9e-b4bd-f27a530b4348,1999,dodge,viper,Base,90s-research-batch,mismatch,false,275/40ZR17 335/35ZR17,275/40R17 335/35R17,275/35R18 335/30R18,275/40R17 335/35R17,275/35R18 335/30R18,Viper,,,
0b8e0c2a-ea7a-44af-9728-f2773b55f963,2000,dodge,viper,Base,trim-research,mismatch,false,275/40R17 335/35R17,275/40R17 335/35R17,275/35R18 335/30R18,275/40R17 335/35R17,275/35R18 335/30R18,Viper,,,
bb521687-f96f-485d-a1cb-584c111f520a,2001,dodge,viper,Base,trim-research,mismatch,false,275/40R17 335/35R17,275/40R17 335/35R17,275/35R18 335/30R18,275/40R17 335/35R17,275/35R18 335/30R18,Viper,,,
8ef89a20-0148-4b1e-8ce3-3fec620526e7,2002,dodge,viper,Base,trim-research,mismatch,false,275/40R17 335/35R17,275/40R17 335/35R17,275/35R18 335/30R18,275/40R17 335/35R17,275/35R18 335/30R18,Viper,,,
f39cabc0-727c-49d2-8ab0-feaaab3b5b05,2017,fiat,124-spider,Base,api_import,mismatch,true,205/40R17,205/40R17,205/45R17 195/50R16,205/40R17,205/45R17 195/50R16,124 Spider,,,
4a99fdb7-82bc-41d3-a530-33b31db056ee,2019,fiat,124-spider,Base,api_import,mismatch,true,205/40R17,205/40R17,205/45R17 195/50R16,205/40R17,205/45R17 195/50R16,124 Spider,,,
8ea9278e-0d8d-4c15-866a-8c9fcfe1fa6d,2020,fiat,124-spider,Base,api_import,mismatch,true,205/40R17,205/40R17,205/45R17 195/50R16,205/40R17,205/45R17 195/50R16,124 Spider,,,
11440626-dbca-4f52-acf1-26d0f868c1f0,1990,ford,aerostar,Base,90s-research-batch,mismatch,true,P205/70R14,205/70R14,215/75R14 215/70R14,205/70R14,215/75R14 215/70R14,Aerostar,,,
61328147-412b-4092-84fc-f118d725080d,1991,ford,aerostar,Base,90s-research-batch,mismatch,true,P205/70R14,205/70R14,215/75R14 215/70R14,205/70R14,215/75R14 215/70R14,Aerostar,,,
e56ddb8f-84c5-49e2-9266-192493bb080c,1992,ford,aerostar,Base,90s-research-batch,mismatch,true,P205/70R14 P215/70R15,205/70R14 215/70R15,215/75R14 215/70R14,205/70R14 215/70R15,215/75R14 215/70R14,Aerostar,,,
091d3e15-4f60-4240-9c3c-0ece9fd7b51b,1993,ford,aerostar,Base,90s-research-batch,mismatch,true,P205/70R14 P215/70R15,205/70R14 215/70R15,215/70R14 215/75R14,205/70R14 215/70R15,215/70R14 215/75R14,Aerostar,,,
7a0ebd31-4abc-4016-a1fd-faaeeff37d5b,1994,ford,aerostar,Base,90s-research-batch,mismatch,false,P215/70R15,215/70R15,215/70R14 215/75R14,215/70R15,215/70R14 215/75R14,Aerostar,,,
49e6123d-64df-436d-bf02-1cf5fcc55e73,1995,ford,aerostar,Base,90s-research-batch,mismatch,false,P215/70R15,215/70R15,215/70R14 215/75R14,215/70R15,215/70R14 215/75R14,Aerostar,,,
c3b6f712-7225-4226-aa64-e40d2efebb6d,1996,ford,aerostar,Base,90s-research-batch,mismatch,false,P215/70R15,215/70R15,215/70R14 215/75R14,215/70R15,215/70R14 215/75R14,Aerostar,,,
3c96a271-a9df-4e0c-9533-fc3120f0bdbe,1997,ford,aerostar,Base,90s-research-batch,mismatch,false,P215/70R15,215/70R15,215/70R14 215/75R14,215/70R15,215/70R14 215/75R14,Aerostar,,,
aea8eb8e-f6d8-4311-84bf-9e9c1bd8362a,2000,ford,crown-victoria,Base,catalog-gap-fill [web_research],mismatch,true,205/55R16,205/55R16,225/60R16,205/55R16,225/60R16,Crown Victoria,,,
1b426dba-5306-40e8-9f2b-36a4b28594c9,2001,ford,crown-victoria,Base,catalog-gap-fill [web_research],mismatch,true,205/55R16,205/55R16,225/60R16 235/55R17,205/55R16,225/60R16 235/55R17,Crown Victoria,,,
0c9497b2-c82a-47af-8fae-165e771e0db6,2002,ford,crown-victoria,Base,catalog-gap-fill [web_research],mismatch,true,205/55R16,205/55R16,225/60R16 235/55R17,205/55R16,225/60R16 235/55R17,Crown Victoria,,,
10ec83be-518a-4565-88e7-84739fe20f17,2003,ford,crown-victoria,Base,catalog-gap-fill [web_research],mismatch,true,205/55R16,205/55R16,225/60R16 235/55R17,205/55R16,225/60R16 235/55R17,Crown Victoria,,,
11f82a47-214c-49c6-9915-588dbb8f326e,2004,ford,crown-victoria,Base,catalog-gap-fill [web_research],mismatch,true,205/55R16,205/55R16,235/55R17 225/60R16,205/55R16,235/55R17 225/60R16,Crown Victoria,,,
9172ea20-b49d-436b-9c9a-0256e2b1b26e,2005,ford,crown-victoria,Base,catalog-gap-fill [web_research],mismatch,true,205/55R16,205/55R16,225/60R16 235/55R17,205/55R16,225/60R16 235/55R17,Crown Victoria,,,
61b1c699-197a-47d1-b820-84ff2a4130cc,2006,ford,crown-victoria,Base,catalog-gap-fill [web_research],mismatch,true,205/55R16,205/55R16,225/60R16 235/55R17,205/55R16,225/60R16 235/55R17,Crown Victoria,,,
e1b2598b-164c-4d41-9857-a3226bfd3fb6,2007,ford,crown-victoria,Base,catalog-gap-fill [web_research],mismatch,true,205/55R16,205/55R16,225/60R16 235/55R17,205/55R16,225/60R16 235/55R17,Crown Victoria,,,
482518d9-0be1-4b95-b161-938fe74a1b1e,2000,ford,e-150,XL,manual-research,mismatch,false,P235/75R16 P245/70R17,235/75R16 245/70R17,235/75R15,235/75R16 245/70R17,235/75R15,E-150 Econoline,,,
72a068cd-0aa5-4950-bc00-ee42a788dad7,2000,ford,e-150,XLT,manual-research,mismatch,false,P235/75R16 P245/70R17,235/75R16 245/70R17,235/75R15,235/75R16 245/70R17,235/75R15,E-150 Econoline,,,
794ef42e-ce4d-4376-8fce-d5e6970f88d8,2000,ford,e-150,Cargo,manual-research,mismatch,false,P235/75R16 P245/70R17,235/75R16 245/70R17,235/75R15,235/75R16 245/70R17,235/75R15,E-150 Econoline,,,
c8c7a088-99f5-4ef2-a1cb-97f683e5db9a,2000,ford,e-150,Passenger,manual-research,mismatch,false,P235/75R16 P245/70R17,235/75R16 245/70R17,235/75R15,235/75R16 245/70R17,235/75R15,E-150 Econoline,,,
670f8f66-2110-45b3-9e2f-78d61a3caf8f,2001,ford,e-150,Passenger,manual-research,mismatch,false,P235/75R16 P245/70R17,235/75R16 245/70R17,235/75R15,235/75R16 245/70R17,235/75R15,E-150 Econoline,,,
aea442e1-1839-4924-b825-47ee8c02864e,2001,ford,e-150,XL,manual-research,mismatch,false,P235/75R16 P245/70R17,235/75R16 245/70R17,235/75R15,235/75R16 245/70R17,235/75R15,E-150 Econoline,,,
b632eec2-5090-45b3-b71c-25e37836edc4,2001,ford,e-150,Cargo,manual-research,mismatch,false,P235/75R16 P245/70R17,235/75R16 245/70R17,235/75R15,235/75R16 245/70R17,235/75R15,E-150 Econoline,,,
e9632607-7258-4f15-935e-fcd5a9795b01,2001,ford,e-150,XLT,manual-research,mismatch,false,P235/75R16 P245/70R17,235/75R16 245/70R17,235/75R15,235/75R16 245/70R17,235/75R15,E-150 Econoline,,,
7d6f383f-bde5-4e38-a0f4-581dabe65871,2002,ford,e-150,Passenger,manual-research,mismatch,false,P235/75R16 P245/70R17,235/75R16 245/70R17,235/75R15,235/75R16 245/70R17,235/75R15,E-150 Econoline,,,
8199cff3-61b1-4d19-bdf1-0d39bcee6e8e,2002,ford,e-150,XLT,manual-research,mismatch,false,P235/75R16 P245/70R17,235/75R16 245/70R17,235/75R15,235/75R16 245/70R17,235/75R15,E-150 Econoline,,,
9b719ac3-1e48-4f5e-afcc-608b016e3640,2002,ford,e-150,XL,manual-research,mismatch,false,P235/75R16 P245/70R17,235/75R16 245/70R17,235/75R15,235/75R16 245/70R17,235/75R15,E-150 Econoline,,,
fd56d447-1339-482b-a57b-69e4d78f193e,2002,ford,e-150,Cargo,manual-research,mismatch,false,P235/75R16 P245/70R17,235/75R16 245/70R17,235/75R15,235/75R16 245/70R17,235/75R15,E-150 Econoline,,,
3ccddcf9-7e8f-47ff-9192-ca6796e9222b,2003,ford,e-150,Cargo,manual-research,mismatch,false,P235/75R16 P245/70R17,235/75R16 245/70R17,235/75R15,235/75R16 245/70R17,235/75R15,E-150,,,
3ce3525d-3d00-4ef3-a7d4-55f3cd7d478c,2003,ford,e-150,XL,manual-research,mismatch,false,P235/75R16 P245/70R17,235/75R16 245/70R17,235/75R15,235/75R16 245/70R17,235/75R15,E-150,,,
41175f5a-4f0e-4edd-a0d2-c38d61ff1737,2003,ford,e-150,Passenger,manual-research,mismatch,false,P235/75R16 P245/70R17,235/75R16 245/70R17,235/75R15,235/75R16 245/70R17,235/75R15,E-150,,,
5fed7778-bf4d-4fb4-8096-8b4e2eb60028,2003,ford,e-150,XLT,manual-research,mismatch,false,P235/75R16 P245/70R17,235/75R16 245/70R17,235/75R15,235/75R16 245/70R17,235/75R15,E-150,,,
0a4e00ea-5b1c-4a81-b680-6a0c252ca588,2004,ford,e-150,Passenger,manual-research,mismatch,true,P235/75R16 P245/70R17,235/75R16 245/70R17,235/70R16,235/75R16 245/70R17,235/70R16,E-150,,,
67d8a607-86e7-4e5b-b2d9-0edf92427f42,2004,ford,e-150,XLT,manual-research,mismatch,true,P235/75R16 P245/70R17,235/75R16 245/70R17,235/70R16,235/75R16 245/70R17,235/70R16,E-150,,,
a8196fbb-0bba-48c5-a1c4-ce4ea82e3335,2004,ford,e-150,Cargo,manual-research,mismatch,true,P235/75R16 P245/70R17,235/75R16 245/70R17,235/70R16,235/75R16 245/70R17,235/70R16,E-150,,,
c7ff4c6b-4477-436a-80b7-70dd011417ab,2004,ford,e-150,XL,manual-research,mismatch,true,P235/75R16 P245/70R17,235/75R16 245/70R17,235/70R16,235/75R16 245/70R17,235/70R16,E-150,,,
31d3d1a2-be11-4fc0-b2ae-95cfeaf349b3,2005,ford,e-150,XL,manual-research,mismatch,true,P235/75R16 P245/70R17,235/75R16 245/70R17,235/70R16,235/75R16 245/70R17,235/70R16,E-150,,,
afa5bf12-1eca-427d-b008-b89b73cfa4bc,2005,ford,e-150,XLT,manual-research,mismatch,true,P235/75R16 P245/70R17,235/75R16 245/70R17,235/70R16,235/75R16 245/70R17,235/70R16,E-150,,,
b860cf8b-8a75-4b90-a345-f3e66c61fa88,2005,ford,e-150,Passenger,manual-research,mismatch,true,P235/75R16 P245/70R17,235/75R16 245/70R17,235/70R16,235/75R16 245/70R17,235/70R16,E-150,,,
f65a9daf-81f2-4c1e-99bf-1177bec239de,2005,ford,e-150,Cargo,manual-research,mismatch,true,P235/75R16 P245/70R17,235/75R16 245/70R17,235/70R16,235/75R16 245/70R17,235/70R16,E-150,,,
03ff82fd-671e-4ad3-acbf-cdf08c57bfbe,2006,ford,e-150,Cargo,manual-research,mismatch,true,P235/75R16 P245/70R17,235/75R16 245/70R17,235/70R16,235/75R16 245/70R17,235/70R16,E-150,,,
1ff4c472-cd6b-4fac-a351-cfb338ae3f3b,2006,ford,e-150,XL,manual-research,mismatch,true,P235/75R16 P245/70R17,235/75R16 245/70R17,235/70R16,235/75R16 245/70R17,235/70R16,E-150,,,
99eaaa57-0a0e-4423-aba5-b2753afec105,2006,ford,e-150,XLT,manual-research,mismatch,true,P235/75R16 P245/70R17,235/75R16 245/70R17,235/70R16,235/75R16 245/70R17,235/70R16,E-150,,,
eb5f89d1-6810-4936-9d96-2d6c2fbd3d06,2006,ford,e-150,Passenger,manual-research,mismatch,true,P235/75R16 P245/70R17,235/75R16 245/70R17,235/70R16,235/75R16 245/70R17,235/70R16,E-150,,,
18cdf68d-40fe-456a-b321-19cb3f3f5899,2007,ford,e-150,Cargo,manual-research,mismatch,true,P235/75R16 P245/70R17,235/75R16 245/70R17,225/75R16,235/75R16 245/70R17,225/75R16,E-150,,,
a1f2fad6-56ff-4dd8-bb1c-2bd2ce5f3bed,2007,ford,e-150,XLT,manual-research,mismatch,true,P235/75R16 P245/70R17,235/75R16 245/70R17,225/75R16,235/75R16 245/70R17,225/75R16,E-150,,,
b8b403ea-9157-4608-96f7-5995d74bc419,2007,ford,e-150,XL,manual-research,mismatch,true,P235/75R16 P245/70R17,235/75R16 245/70R17,225/75R16,235/75R16 245/70R17,225/75R16,E-150,,,
d2f6fe67-fa74-4918-8ac9-9cfa7a27f06b,2007,ford,e-150,Passenger,manual-research,mismatch,true,P235/75R16 P245/70R17,235/75R16 245/70R17,225/75R16,235/75R16 245/70R17,225/75R16,E-150,,,
379749dc-8b62-4371-8c58-d17875181080,2008,ford,e-150,Cargo,manual-research,mismatch,true,P235/75R16 P245/70R17,235/75R16 245/70R17,225/75R16,235/75R16 245/70R17,225/75R16,E-150,,,
38376a25-1da2-46b6-880b-d90a095fece4,2008,ford,e-150,Passenger,manual-research,mismatch,true,P235/75R16 P245/70R17,235/75R16 245/70R17,225/75R16,235/75R16 245/70R17,225/75R16,E-150,,,
3f924028-6ec1-43ae-9abf-a43c2a03663e,2008,ford,e-150,XL,manual-research,mismatch,true,P235/75R16 P245/70R17,235/75R16 245/70R17,225/75R16,235/75R16 245/70R17,225/75R16,E-150,,,
90735891-2172-4d4d-b511-adaf078133aa,2008,ford,e-150,XLT,manual-research,mismatch,true,P235/75R16 P245/70R17,235/75R16 245/70R17,225/75R16,235/75R16 245/70R17,225/75R16,E-150,,,
1c5cbff5-991c-491c-9845-4bdbe6d9905b,2009,ford,e-150,XLT,manual-research,mismatch,true,P235/75R16 P245/70R17,235/75R16 245/70R17,225/75R16,235/75R16 245/70R17,225/75R16,E-150,,,
479a4cdd-ddfe-421c-b2e9-1414d12d0cca,2009,ford,e-150,Cargo,manual-research,mismatch,true,P235/75R16 P245/70R17,235/75R16 245/70R17,225/75R16,235/75R16 245/70R17,225/75R16,E-150,,,
a68c1d6b-8e72-4784-b18d-6250c5dce1c1,2009,ford,e-150,Passenger,manual-research,mismatch,true,P235/75R16 P245/70R17,235/75R16 245/70R17,225/75R16,235/75R16 245/70R17,225/75R16,E-150,,,
c3dfb406-0e39-49c6-90b8-890f5af644b9,2009,ford,e-150,XL,manual-research,mismatch,true,P235/75R16 P245/70R17,235/75R16 245/70R17,225/75R16,235/75R16 245/70R17,225/75R16,E-150,,,
066c00fa-348e-479d-9e43-4ef362e274e0,2010,ford,e-150,XLT,manual-research,mismatch,true,P235/75R16 P245/70R17,235/75R16 245/70R17,225/75R16,235/75R16 245/70R17,225/75R16,E-150,,,
4cabb64a-1340-4ac8-a231-574dca851c78,2010,ford,e-150,Cargo,manual-research,mismatch,true,P235/75R16 P245/70R17,235/75R16 245/70R17,225/75R16,235/75R16 245/70R17,225/75R16,E-150,,,
55aaf01b-3e5c-43ab-8421-039dfdb7d0af,2010,ford,e-150,XL,manual-research,mismatch,true,P235/75R16 P245/70R17,235/75R16 245/70R17,225/75R16,235/75R16 245/70R17,225/75R16,E-150,,,
93c2909a-1f86-4f6e-bf76-e80c52627e11,2010,ford,e-150,Passenger,manual-research,mismatch,true,P235/75R16 P245/70R17,235/75R16 245/70R17,225/75R16,235/75R16 245/70R17,225/75R16,E-150,,,
5fbd131a-8cfa-45b0-b82c-cbbc7392935e,2011,ford,e-150,XLT,manual-research,mismatch,true,P235/75R16 P245/70R17,235/75R16 245/70R17,225/75R16,235/75R16 245/70R17,225/75R16,E-150,,,
bd531e23-55c9-452f-8347-997ec3658f22,2011,ford,e-150,XL,manual-research,mismatch,true,P235/75R16 P245/70R17,235/75R16 245/70R17,225/75R16,235/75R16 245/70R17,225/75R16,E-150,,,
cd544315-4cab-460a-b04d-42c4bbdd0bd3,2011,ford,e-150,Passenger,manual-research,mismatch,true,P235/75R16 P245/70R17,235/75R16 245/70R17,225/75R16,235/75R16 245/70R17,225/75R16,E-150,,,
d7472add-dc84-48e7-9d42-7be31546d869,2011,ford,e-150,Cargo,manual-research,mismatch,true,P235/75R16 P245/70R17,235/75R16 245/70R17,225/75R16,235/75R16 245/70R17,225/75R16,E-150,,,
3afb97ba-b4db-4d22-bd88-d0d621953f64,2012,ford,e-150,XLT,manual-research,mismatch,true,P235/75R16 P245/70R17,235/75R16 245/70R17,225/75R16,235/75R16 245/70R17,225/75R16,E-150,,,
3bd35fff-0e77-4305-8a22-e511dac26c97,2012,ford,e-150,Passenger,manual-research,mismatch,true,P235/75R16 P245/70R17,235/75R16 245/70R17,225/75R16,235/75R16 245/70R17,225/75R16,E-150,,,
c2992d40-9e41-44a8-8f67-ff4362589a80,2012,ford,e-150,XL,manual-research,mismatch,true,P235/75R16 P245/70R17,235/75R16 245/70R17,225/75R16,235/75R16 245/70R17,225/75R16,E-150,,,
cd059ec9-7055-4d2c-9d4e-8a695fe1b68a,2012,ford,e-150,Cargo,manual-research,mismatch,true,P235/75R16 P245/70R17,235/75R16 245/70R17,225/75R16,235/75R16 245/70R17,225/75R16,E-150,,,
126906fe-6847-492f-812c-35f43bef481d,2013,ford,e-150,Passenger,manual-research,mismatch,true,P235/75R16 P245/70R17,235/75R16 245/70R17,225/75R16,235/75R16 245/70R17,225/75R16,E-150,,,
1b11cee6-79c5-45f4-893b-f1c75da60d00,2013,ford,e-150,XL,manual-research,mismatch,true,P235/75R16 P245/70R17,235/75R16 245/70R17,225/75R16,235/75R16 245/70R17,225/75R16,E-150,,,
2bfe4114-0deb-4008-ba73-0204b713b0e2,2013,ford,e-150,XLT,manual-research,mismatch,true,P235/75R16 P245/70R17,235/75R16 245/70R17,225/75R16,235/75R16 245/70R17,225/75R16,E-150,,,
41373daa-7f38-466c-a99f-5a233e2832e4,2013,ford,e-150,Cargo,manual-research,mismatch,true,P235/75R16 P245/70R17,235/75R16 245/70R17,225/75R16,235/75R16 245/70R17,225/75R16,E-150,,,
3649921d-03cf-4527-a846-be6de84f2b9f,2014,ford,e-150,XL,manual-research,mismatch,true,P235/75R16 P245/70R17,235/75R16 245/70R17,225/75R16,235/75R16 245/70R17,225/75R16,E-150,,,
524875d6-da9a-45f4-a8e2-400290fbc9e1,2014,ford,e-150,XLT,manual-research,mismatch,true,P235/75R16 P245/70R17,235/75R16 245/70R17,225/75R16,235/75R16 245/70R17,225/75R16,E-150,,,
d15beb8f-4441-4376-af52-419eb00303ea,2014,ford,e-150,Passenger,manual-research,mismatch,true,P235/75R16 P245/70R17,235/75R16 245/70R17,225/75R16,235/75R16 245/70R17,225/75R16,E-150,,,
e82db06a-5cc1-4466-9e6f-6faa159896e3,2014,ford,e-150,Cargo,manual-research,mismatch,true,P235/75R16 P245/70R17,235/75R16 245/70R17,225/75R16,235/75R16 245/70R17,225/75R16,E-150,,,
1f5d6a1f-2733-4d8b-a39c-8d802654bece,2007,ford,e-150-econoline,Base,google-ai-overview,mismatch,true,P235/75R15 P225/75R15 235/70R16,235/75R15 225/75R15 235/70R16,225/75R16,235/75R15 225/75R15 235/70R16,225/75R16,E-150,,,
dbf4dcd0-8a5b-4657-8926-8405faf2e564,1990,ford,e-250-econoline,Base,90s-research-batch,mismatch,true,LT225/75R16 LT245/75R16,225/75R16 245/75R16,215/85R16,225/75R16 245/75R16,215/85R16,E-250 Econoline,,,
d5ec5426-2fb5-43a5-b4fd-e58c64af286e,1991,ford,e-250-econoline,Base,90s-research-batch,mismatch,true,LT225/75R16 LT245/75R16,225/75R16 245/75R16,215/85R16,225/75R16 245/75R16,215/85R16,E-250 Econoline,,,
cae23cde-e09a-49fd-852c-f9abc7ad8c03,2001,ford,e-250-econoline,Base,trim-research,mismatch,true,LT225/75R16,225/75R16,245/75R16,225/75R16,245/75R16,E-250 Econoline,,,
612a7e6f-3377-4dcf-8a74-cc7c23a6d865,1990,ford,e-350-econoline,Base,90s-research-batch,mismatch,true,LT245/75R16,245/75R16,235/85R16,245/75R16,235/85R16,E-350 Econoline,,,
79630da1-dac1-4310-999d-824df0e74a4b,1991,ford,e-350-econoline,Base,90s-research-batch,mismatch,true,LT245/75R16,245/75R16,235/85R16,245/75R16,235/85R16,E-350 Econoline,,,
8ba1f8ec-f3ba-44da-8cdf-ef0df641c327,2005,ford,escape,S,trim-research,mismatch,true,225/70R15,225/70R15,225/75R15 235/70R16,225/70R15,225/75R15 235/70R16,Escape,,,
950fe4cc-7e24-479b-ba1b-96e05dc96489,2005,ford,escape,ST-Line,trim-research,mismatch,true,225/70R15,225/70R15,225/75R15 235/70R16,225/70R15,225/75R15 235/70R16,Escape,,,
dad7cf9c-965f-4b18-be8f-e059501b0468,2005,ford,escape,Plug-In Hybrid,trim-research,mismatch,true,225/70R15,225/70R15,225/75R15 235/70R16,225/70R15,225/75R15 235/70R16,Escape,,,
63aaa149-f893-4d31-b5da-90d25ab2f3a8,2006,ford,escape,Plug-In Hybrid,trim-research,mismatch,true,225/70R15,225/70R15,235/70R16 225/75R15,225/70R15,235/70R16 225/75R15,Escape,,,
77670d7c-f8be-46af-ac26-58cad674ea38,2006,ford,escape,S,trim-research,mismatch,true,225/70R15,225/70R15,235/70R16 225/75R15,225/70R15,235/70R16 225/75R15,Escape,,,
dd38d5cf-6225-46d5-90ce-a91b69aaa83e,2006,ford,escape,ST-Line,trim-research,mismatch,true,225/70R15,225/70R15,235/70R16 225/75R15,225/70R15,235/70R16 225/75R15,Escape,,,
0de69ed5-9af3-4ace-97ca-c0c68e454433,2007,ford,escape,ST-Line,trim-research,mismatch,true,225/70R15,225/70R15,235/70R16 225/75R15,225/70R15,235/70R16 225/75R15,Escape,,,
8ad17512-deb3-4d3b-ba2a-a1b203cb70c8,2007,ford,escape,Plug-In Hybrid,trim-research,mismatch,true,225/70R15,225/70R15,235/70R16 225/75R15,225/70R15,235/70R16 225/75R15,Escape,,,
aee4982f-ff10-439d-b9e0-a313e1f1e35f,2007,ford,escape,S,trim-research,mismatch,true,225/70R15,225/70R15,235/70R16 225/75R15,225/70R15,235/70R16 225/75R15,Escape,,,
13fcfa12-956c-43eb-bd7b-418e9cdcc95b,2003,ford,escort-zx2,Base,google-ai-overview,mismatch,true,P185/65R14 P195/55R15,185/65R14 195/55R15,185/60R15,185/65R14 195/55R15,185/60R15,Escort,,,
8efe675d-0f5b-4742-b9eb-80eef60e8d36,2003,ford,escort-zx2,Base,catalog-gap-fill [web_research],mismatch,false,185/65R14,185/65R14,185/60R15,185/65R14,185/60R15,Escort,,,
3ea62440-0c20-4579-803c-27032377a1d1,2003,ford,expedition,Limited,cache-import [expanded],mismatch,true,P255/70R17 P275/65R18,255/70R17 275/65R18,265/70R17,255/70R17 275/65R18,265/70R17,Expedition,,,
3a438805-7ac1-4889-bdb1-d75a6807b38e,2004,ford,expedition,Limited,cache-import [expanded],mismatch,true,P255/70R17 P275/65R18,255/70R17 275/65R18,265/70R17,255/70R17 275/65R18,265/70R17,Expedition,,,
0be84b3d-bf3e-4315-bee7-82b8a72c8627,2005,ford,expedition,Limited,cache-import [expanded],mismatch,true,P255/70R17 P275/65R18,255/70R17 275/65R18,265/70R17,255/70R17 275/65R18,265/70R17,Expedition,,,
734f8476-7035-4f07-9dd7-21f90b91773b,2006,ford,expedition,Limited,cache-import [expanded],mismatch,true,P255/70R17 P275/65R18,255/70R17 275/65R18,265/70R17,255/70R17 275/65R18,265/70R17,Expedition,,,
e61d3244-94d7-4e52-817c-bad54416f917,2007,ford,expedition,XLT,cache-import,mismatch,true,275/65R18,275/65R18,265/70R17 255/70R18 275/55R20,275/65R18,265/70R17 255/70R18 275/55R20,Expedition,,,
ea59c09d-85f3-47b9-b4ad-d7b97a251fbd,2008,ford,expedition,XLT,cache-import,mismatch,true,275/65R18,275/65R18,265/70R17 255/70R18 275/55R20,275/65R18,265/70R17 255/70R18 275/55R20,Expedition,,,
ebaa945d-fc0a-4cdb-a2c9-32a02a485c11,2009,ford,expedition,XLT,cache-import,mismatch,true,275/65R18,275/65R18,255/70R18 275/55R20 265/70R17,275/65R18,255/70R18 275/55R20 265/70R17,Expedition,,,
10e241c4-8d00-4c3e-a62e-a12ec5b504f2,2010,ford,expedition,XLT,cache-import,mismatch,true,275/65R18,275/65R18,255/70R18 265/70R17 275/55R20,275/65R18,255/70R18 265/70R17 275/55R20,Expedition,,,
3e134aca-63f0-44ac-827a-3101e88400ec,2002,ford,explorer,King Ranch,trim-research,mismatch,false,245/65R17,245/65R17,235/70R16 245/70R16 255/70R16,245/65R17,235/70R16 245/70R16 255/70R16,Explorer,,,
7fa1d58a-7c72-4542-86c0-9a679b233432,2003,ford,explorer,XLT,cache-import [expanded],mismatch,true,245/70R16,245/70R16,245/65R17 235/70R16 255/70R16,245/70R16,245/65R17 235/70R16 255/70R16,Explorer,,,
fd8d36cc-559c-45ac-9a08-fdd3074dd5b7,2004,ford,explorer,XLT,cache-import [expanded],mismatch,true,245/70R16,245/70R16,245/65R17 235/70R16,245/70R16,245/65R17 235/70R16,Explorer,,,
27d6aedb-473d-4f57-b90f-86dc54350972,2005,ford,explorer,XLT,cache-import [expanded],mismatch,true,245/70R16,245/70R16,235/70R16 245/65R17,245/70R16,235/70R16 245/65R17,Explorer,,,
6e46e8a8-e4a6-4880-962d-3013e0e8a831,2006,ford,explorer,ST,trim-research,mismatch,false,255/50R20,255/50R20,245/65R17 235/70R16 235/65R18,255/50R20,245/65R17 235/70R16 235/65R18,Explorer,,,
6bd4ec11-7213-4d9d-92ed-61db6a09da70,2007,ford,explorer,ST,trim-research,mismatch,false,255/50R20,255/50R20,245/65R17 235/65R18 235/70R16,255/50R20,245/65R17 235/65R18 235/70R16,Explorer,,,
035f6ab2-517e-49ae-84c6-7194e6b5f8ab,2008,ford,explorer,ST,trim-research,mismatch,false,255/50R20,255/50R20,235/70R16 245/65R17 235/65R18,255/50R20,235/70R16 245/65R17 235/65R18,Explorer,,,
99d6e2fd-5c62-49af-b8cb-54d05816df1c,2015,ford,explorer,Base,trim-research,mismatch,false,245/65R17,245/65R17,255/50R20 245/60R18,245/65R17,255/50R20 245/60R18,Explorer,,,
7499dc49-7a69-4014-bc0a-6256e0d08f98,2016,ford,explorer,Base,trim-research,mismatch,false,245/65R17,245/65R17,245/60R18 255/50R20,245/65R17,245/60R18 255/50R20,Explorer,,,
77aa3112-09d4-46d8-8b0c-98e1c8507459,2017,ford,explorer,Base,trim-research,mismatch,false,245/65R17,245/65R17,245/60R18 255/50R20,245/65R17,245/60R18 255/50R20,Explorer,,,
a140e7aa-b10a-4b87-96a8-5f665d518fe3,2019,ford,explorer,Base,trim-research,mismatch,false,245/65R17,245/65R17,245/60R18 255/50R20,245/65R17,245/60R18 255/50R20,Explorer,,,
81c381a6-3751-4585-957b-dfee5a62e421,2025,ford,explorer,Timberline,trim-research,mismatch,true,265/65R18,265/65R18,275/45R21 255/65R18 255/55R20,265/65R18,275/45R21 255/65R18 255/55R20,Explorer,,,
39dddada-28a5-4bad-bdbc-ec0388971a49,2001,ford,explorer-sport-trac,Base,catalog-gap-fill [web_research],mismatch,true,205/55R16,205/55R16,235/75R15 255/70R16,205/55R16,235/75R15 255/70R16,Explorer Sport Trac,,,
5fc81fa5-f94f-47cf-8680-213c76dcfa18,2002,ford,explorer-sport-trac,Base,catalog-gap-fill [web_research],mismatch,true,205/55R16,205/55R16,235/70R16 255/70R16,205/55R16,235/70R16 255/70R16,Explorer Sport Trac,,,
9ea31b82-199f-4fff-b62d-ceac9a149d8b,2003,ford,explorer-sport-trac,Base,catalog-gap-fill [web_research],mismatch,true,205/55R16,205/55R16,235/70R16 255/70R16,205/55R16,235/70R16 255/70R16,Explorer Sport Trac,,,
a19d37c7-1cec-425a-8feb-26f46f7c736c,2004,ford,explorer-sport-trac,Base,catalog-gap-fill [web_research],mismatch,true,205/55R16,205/55R16,235/70R16 255/70R16,205/55R16,235/70R16 255/70R16,Explorer Sport Trac,,,
1eece810-c101-4608-874a-1e3c521c89c3,2005,ford,explorer-sport-trac,Base,catalog-gap-fill [web_research],mismatch,true,205/55R16,205/55R16,235/70R16 255/70R16,205/55R16,235/70R16 255/70R16,Explorer Sport Trac,,,
d585d512-ccf2-4e26-a010-b3acfe0400dd,2007,ford,explorer-sport-trac,Base,catalog-gap-fill [web_research],mismatch,true,205/55R16,205/55R16,235/70R16 245/65R17 235/65R18,205/55R16,235/70R16 245/65R17 235/65R18,Explorer Sport Trac,,,
c796ad8c-f514-4afd-90a5-f154336a485d,2008,ford,explorer-sport-trac,Base,catalog-gap-fill [web_research],mismatch,true,205/55R16,205/55R16,235/70R16 245/65R17 235/65R18,205/55R16,235/70R16 245/65R17 235/65R18,Explorer Sport Trac,,,
4ae6521b-47dc-4587-96ed-1cdf01f586cd,2009,ford,explorer-sport-trac,Base,catalog-gap-fill [web_research],mismatch,true,205/55R16,205/55R16,235/70R16 245/65R17 235/65R18 255/50R20,205/55R16,235/70R16 245/65R17 235/65R18 255/50R20,Explorer Sport Trac,,,
5ba3cad6-07b2-4dc6-affc-84b4870c8ac2,2010,ford,explorer-sport-trac,Base,catalog-gap-fill [web_research],mismatch,true,205/55R16,205/55R16,235/70R16 245/65R17 235/65R18 255/50R20,205/55R16,235/70R16 245/65R17 235/65R18 255/50R20,Explorer Sport Trac,,,
169e7d44-0ebf-46b1-bd41-5252eefdfb40,2001,ford,f-150,XLT,trim-research,mismatch,true,255/65R17,255/65R17,275/60R17 265/70R17 245/75R16 255/70R16 235/70R16 295/45R18,255/65R17,275/60R17 265/70R17 245/75R16 255/70R16 235/70R16 295/45R18,F-150 King Ranch | F-150 Lariat | F-150 XL | F-150 XLT | F-150 Lightning,F-150 XLT,mismatch,
51fd7121-a6c4-4fe9-b1fd-7c9fae30d18c,2001,ford,f-150,King Ranch,trim-research,mismatch,true,255/65R17,255/65R17,275/60R17 265/70R17 245/75R16 255/70R16 235/70R16 295/45R18,255/65R17,275/60R17 265/70R17 245/75R16 255/70R16 235/70R16 295/45R18,F-150 King Ranch | F-150 Lariat | F-150 XL | F-150 XLT | F-150 Lightning,F-150 King Ranch,mismatch,
765a734b-7177-420d-b977-bc3372e32a94,2001,ford,f-150,Lightning,trim-research,mismatch,true,255/65R17,255/65R17,275/60R17 265/70R17 245/75R16 255/70R16 235/70R16 295/45R18,255/65R17,275/60R17 265/70R17 245/75R16 255/70R16 235/70R16 295/45R18,F-150 King Ranch | F-150 Lariat | F-150 XL | F-150 XLT | F-150 Lightning,F-150 Lightning,mismatch,
9c49ecec-e693-4207-8c95-ed461d2c69b9,2001,ford,f-150,Base,trim-research,mismatch,true,255/65R17,255/65R17,275/60R17 265/70R17 245/75R16 255/70R16 235/70R16 295/45R18,255/65R17,275/60R17 265/70R17 245/75R16 255/70R16 235/70R16 295/45R18,F-150 King Ranch | F-150 Lariat | F-150 XL | F-150 XLT | F-150 Lightning,,,
aa677d2b-1f00-4bfb-8b8b-cdf38377db80,2001,ford,f-150,XL,trim-research,mismatch,true,255/65R17,255/65R17,275/60R17 265/70R17 245/75R16 255/70R16 235/70R16 295/45R18,255/65R17,275/60R17 265/70R17 245/75R16 255/70R16 235/70R16 295/45R18,F-150 King Ranch | F-150 Lariat | F-150 XL | F-150 XLT | F-150 Lightning,F-150 XL,mismatch,
f125d208-a9c8-4b9b-b7f1-1a5859241901,2001,ford,f-150,Lariat,trim-research,mismatch,true,255/65R17,255/65R17,275/60R17 265/70R17 245/75R16 255/70R16 235/70R16 295/45R18,255/65R17,275/60R17 265/70R17 245/75R16 255/70R16 235/70R16 295/45R18,F-150 King Ranch | F-150 Lariat | F-150 XL | F-150 XLT | F-150 Lightning,F-150 Lariat,mismatch,
19c36dd5-f0c7-45f3-baf5-33db64a52d88,2002,ford,f-150,XLT,trim-research,mismatch,true,255/65R17,255/65R17,275/60R17 265/70R17 265/70R16 235/70R16 255/70R16 245/75R16 295/45R18,255/65R17,275/60R17 265/70R17 265/70R16 235/70R16 255/70R16 245/75R16 295/45R18,F-150 King Ranch | F-150 Lariat | F-150 XL | F-150 XLT | F-150 Lightning,F-150 XLT,mismatch,
1ed92047-5d85-4078-aa91-1854be87c9e4,2002,ford,f-150,XL,trim-research,mismatch,true,255/65R17,255/65R17,275/60R17 265/70R17 265/70R16 235/70R16 255/70R16 245/75R16 295/45R18,255/65R17,275/60R17 265/70R17 265/70R16 235/70R16 255/70R16 245/75R16 295/45R18,F-150 King Ranch | F-150 Lariat | F-150 XL | F-150 XLT | F-150 Lightning,F-150 XL,mismatch,
3b88ecdc-2e6b-48ff-9fa2-ff9096ae9b60,2002,ford,f-150,Lariat,trim-research,mismatch,true,255/65R17,255/65R17,275/60R17 265/70R17 265/70R16 235/70R16 255/70R16 245/75R16 295/45R18,255/65R17,275/60R17 265/70R17 265/70R16 235/70R16 255/70R16 245/75R16 295/45R18,F-150 King Ranch | F-150 Lariat | F-150 XL | F-150 XLT | F-150 Lightning,F-150 Lariat,mismatch,
3fadfb7d-43c6-4810-9df8-827154e78bb8,2002,ford,f-150,Lightning,trim-research,mismatch,true,255/65R17,255/65R17,275/60R17 265/70R17 265/70R16 235/70R16 255/70R16 245/75R16 295/45R18,255/65R17,275/60R17 265/70R17 265/70R16 235/70R16 255/70R16 245/75R16 295/45R18,F-150 King Ranch | F-150 Lariat | F-150 XL | F-150 XLT | F-150 Lightning,F-150 Lightning,mismatch,
a4c96d96-60b5-4ef3-a94b-55b3d50fde3b,2002,ford,f-150,King Ranch,trim-research,mismatch,true,255/65R17,255/65R17,275/60R17 265/70R17 265/70R16 235/70R16 255/70R16 245/75R16 295/45R18,255/65R17,275/60R17 265/70R17 265/70R16 235/70R16 255/70R16 245/75R16 295/45R18,F-150 King Ranch | F-150 Lariat | F-150 XL | F-150 XLT | F-150 Lightning,F-150 King Ranch,mismatch,
ef7c8a86-2016-4f94-844a-d62428ba6855,2002,ford,f-150,Base,trim-research,mismatch,true,255/65R17,255/65R17,275/60R17 265/70R17 265/70R16 235/70R16 255/70R16 245/75R16 295/45R18,255/65R17,275/60R17 265/70R17 265/70R16 235/70R16 255/70R16 245/75R16 295/45R18,F-150 King Ranch | F-150 Lariat | F-150 XL | F-150 XLT | F-150 Lightning,,,
0279ab54-4aca-4365-ba7e-a74e9164789d,2003,ford,f-150,XLT,trim-research,mismatch,true,255/65R17,255/65R17,275/60R17 265/70R16 265/70R17 235/70R16 255/70R16 245/75R16 295/45R18,255/65R17,275/60R17 265/70R16 265/70R17 235/70R16 255/70R16 245/75R16 295/45R18,F-150 King Ranch | F-150 Lariat | F-150 XL | F-150 XLT | F-150 Lightning,F-150 XLT,mismatch,
0eb4c52d-3014-47ac-a7a7-492d4079a103,2003,ford,f-150,Lariat,trim-research,mismatch,true,255/65R17,255/65R17,275/60R17 265/70R16 265/70R17 235/70R16 255/70R16 245/75R16 295/45R18,255/65R17,275/60R17 265/70R16 265/70R17 235/70R16 255/70R16 245/75R16 295/45R18,F-150 King Ranch | F-150 Lariat | F-150 XL | F-150 XLT | F-150 Lightning,F-150 Lariat,mismatch,
0ff78a98-19d9-4b8f-9a3f-a717c28aad7c,2003,ford,f-150,Lightning,trim-research,mismatch,true,255/65R17,255/65R17,275/60R17 265/70R16 265/70R17 235/70R16 255/70R16 245/75R16 295/45R18,255/65R17,275/60R17 265/70R16 265/70R17 235/70R16 255/70R16 245/75R16 295/45R18,F-150 King Ranch | F-150 Lariat | F-150 XL | F-150 XLT | F-150 Lightning,F-150 Lightning,mismatch,
5021a5dd-4f19-42be-9990-edec1ccc69c6,2003,ford,f-150,King Ranch,trim-research,mismatch,true,255/65R17,255/65R17,275/60R17 265/70R16 265/70R17 235/70R16 255/70R16 245/75R16 295/45R18,255/65R17,275/60R17 265/70R16 265/70R17 235/70R16 255/70R16 245/75R16 295/45R18,F-150 King Ranch | F-150 Lariat | F-150 XL | F-150 XLT | F-150 Lightning,F-150 King Ranch,mismatch,
70b67fe3-cff4-4db1-93e4-32c3b33a2e90,2003,ford,f-150,Base,trim-research,mismatch,true,255/65R17,255/65R17,275/60R17 265/70R16 265/70R17 235/70R16 255/70R16 245/75R16 295/45R18,255/65R17,275/60R17 265/70R16 265/70R17 235/70R16 255/70R16 245/75R16 295/45R18,F-150 King Ranch | F-150 Lariat | F-150 XL | F-150 XLT | F-150 Lightning,,,
71cb2329-b725-46ac-9136-5e3b0c8fc260,2003,ford,f-150,XL,trim-research,mismatch,true,255/65R17,255/65R17,275/60R17 265/70R16 265/70R17 235/70R16 255/70R16 245/75R16 295/45R18,255/65R17,275/60R17 265/70R16 265/70R17 235/70R16 255/70R16 245/75R16 295/45R18,F-150 King Ranch | F-150 Lariat | F-150 XL | F-150 XLT | F-150 Lightning,F-150 XL,mismatch,
0d3daefc-733b-4986-91b7-858547d92d24,2010,ford,f-150,XL,trim-research,mismatch,true,245/70R17,245/70R17,265/60R18 275/55R20 275/65R18 255/65R17 265/70R17 235/70R17 235/75R17 245/75R17,245/70R17,265/60R18 275/55R20 275/65R18 255/65R17 265/70R17 235/70R17 235/75R17 245/75R17,F-150 FX2 | F-150 FX4 | F-150 King Ranch | F-150 Lariat | F-150 Platinum | F-150 STX | F-150 XL | F-150 XLT,F-150 XL,mismatch,
4df911a4-eae9-43d4-b9f5-6dfcc5d1f05d,2010,ford,f-150,Raptor,trim-research,mismatch,true,315/70R17,315/70R17,265/60R18 275/55R20 275/65R18 255/65R17 265/70R17 235/70R17 235/75R17 245/75R17,315/70R17,265/60R18 275/55R20 275/65R18 255/65R17 265/70R17 235/70R17 235/75R17 245/75R17,F-150 FX2 | F-150 FX4 | F-150 King Ranch | F-150 Lariat | F-150 Platinum | F-150 STX | F-150 XL | F-150 XLT,,,
92f22fad-9b32-4449-b30e-3f5e1353ed50,2010,ford,f-150,Base,trim-research,mismatch,true,245/70R17,245/70R17,265/60R18 275/55R20 275/65R18 255/65R17 265/70R17 235/70R17 235/75R17 245/75R17,245/70R17,265/60R18 275/55R20 275/65R18 255/65R17 265/70R17 235/70R17 235/75R17 245/75R17,F-150 FX2 | F-150 FX4 | F-150 King Ranch | F-150 Lariat | F-150 Platinum | F-150 STX | F-150 XL | F-150 XLT,,,
c259304f-fcf6-478d-b94c-a11b04a8d0a0,2010,ford,f-150,FX2,trim-research,mismatch,true,245/70R17,245/70R17,265/60R18 275/55R20 275/65R18 255/65R17 265/70R17 235/70R17 235/75R17 245/75R17,245/70R17,265/60R18 275/55R20 275/65R18 255/65R17 265/70R17 235/70R17 235/75R17 245/75R17,F-150 FX2 | F-150 FX4 | F-150 King Ranch | F-150 Lariat | F-150 Platinum | F-150 STX | F-150 XL | F-150 XLT,F-150 FX2,mismatch,
71e07c00-56a6-48ad-a05f-adf8fdb0a2fd,2011,ford,f-150,Raptor,trim-research,mismatch,true,315/70R17,315/70R17,265/60R18 275/55R20 275/65R18 255/65R17 265/70R17 235/75R17 245/75R17,315/70R17,265/60R18 275/55R20 275/65R18 255/65R17 265/70R17 235/75R17 245/75R17,F-150 FX2 | F-150 FX4 | F-150 King Ranch | F-150 Lariat | F-150 Platinum | F-150 STX | F-150 XL | F-150 XLT,,,
90d11c3b-cf8c-44b0-8472-8484d6cb5628,2011,ford,f-150,Base,trim-research,mismatch,true,245/70R17,245/70R17,265/60R18 275/55R20 275/65R18 255/65R17 265/70R17 235/75R17 245/75R17,245/70R17,265/60R18 275/55R20 275/65R18 255/65R17 265/70R17 235/75R17 245/75R17,F-150 FX2 | F-150 FX4 | F-150 King Ranch | F-150 Lariat | F-150 Platinum | F-150 STX | F-150 XL | F-150 XLT,,,
bbedbbea-51d3-4e84-a623-bacca9a254c4,2011,ford,f-150,XL,trim-research,mismatch,true,245/70R17,245/70R17,265/60R18 275/55R20 275/65R18 255/65R17 265/70R17 235/75R17 245/75R17,245/70R17,265/60R18 275/55R20 275/65R18 255/65R17 265/70R17 235/75R17 245/75R17,F-150 FX2 | F-150 FX4 | F-150 King Ranch | F-150 Lariat | F-150 Platinum | F-150 STX | F-150 XL | F-150 XLT,F-150 XL,mismatch,
c3b49a63-df03-4336-a822-f311cc9c7f32,2011,ford,f-150,FX2,trim-research,mismatch,true,245/70R17,245/70R17,265/60R18 275/55R20 275/65R18 255/65R17 265/70R17 235/75R17 245/75R17,245/70R17,265/60R18 275/55R20 275/65R18 255/65R17 265/70R17 235/75R17 245/75R17,F-150 FX2 | F-150 FX4 | F-150 King Ranch | F-150 Lariat | F-150 Platinum | F-150 STX | F-150 XL | F-150 XLT,F-150 FX2,mismatch,
02e77f97-e2a6-444f-a04d-193cb5e7f22c,2012,ford,f-150,Base,trim-research,mismatch,true,245/70R17,245/70R17,265/60R18 275/55R20 275/65R18 245/75R17 255/65R17 265/70R17 235/75R17,245/70R17,265/60R18 275/55R20 275/65R18 245/75R17 255/65R17 265/70R17 235/75R17,F-150 FX2 | F-150 FX4 | F-150 King Ranch | F-150 Lariat | F-150 Platinum | F-150 STX | F-150 XL | F-150 XLT,,,
14c7d25b-0941-4143-b6bf-ee6793d1ef44,2012,ford,f-150,XL,trim-research,mismatch,true,245/70R17,245/70R17,265/60R18 275/55R20 275/65R18 245/75R17 255/65R17 265/70R17 235/75R17,245/70R17,265/60R18 275/55R20 275/65R18 245/75R17 255/65R17 265/70R17 235/75R17,F-150 FX2 | F-150 FX4 | F-150 King Ranch | F-150 Lariat | F-150 Platinum | F-150 STX | F-150 XL | F-150 XLT,F-150 XL,mismatch,
5a75302f-fef9-4cb8-9145-200a63f45c4c,2012,ford,f-150,FX2,trim-research,mismatch,true,245/70R17,245/70R17,265/60R18 275/55R20 275/65R18 245/75R17 255/65R17 265/70R17 235/75R17,245/70R17,265/60R18 275/55R20 275/65R18 245/75R17 255/65R17 265/70R17 235/75R17,F-150 FX2 | F-150 FX4 | F-150 King Ranch | F-150 Lariat | F-150 Platinum | F-150 STX | F-150 XL | F-150 XLT,F-150 FX2,mismatch,
b9d206d6-7d5d-47a8-9276-8188763abfa8,2012,ford,f-150,Raptor,trim-research,mismatch,true,315/70R17,315/70R17,265/60R18 275/55R20 275/65R18 245/75R17 255/65R17 265/70R17 235/75R17,315/70R17,265/60R18 275/55R20 275/65R18 245/75R17 255/65R17 265/70R17 235/75R17,F-150 FX2 | F-150 FX4 | F-150 King Ranch | F-150 Lariat | F-150 Platinum | F-150 STX | F-150 XL | F-150 XLT,,,
59b70284-e6f8-44ef-836c-28602378bd83,2013,ford,f-150,Raptor,trim-research,mismatch,true,315/70R17,315/70R17,265/60R18 275/55R20 275/65R18 245/75R17 255/65R17 265/70R17 235/75R17,315/70R17,265/60R18 275/55R20 275/65R18 245/75R17 255/65R17 265/70R17 235/75R17,F-150 FX2 | F-150 FX4 | F-150 King Ranch | F-150 Lariat | F-150 Platinum | F-150 STX | F-150 XL | F-150 XLT,,,
621f8022-5ee5-42e5-a107-aa6b4e7569ae,2013,ford,f-150,XL,trim-research,mismatch,true,245/70R17,245/70R17,265/60R18 275/55R20 275/65R18 245/75R17 255/65R17 265/70R17 235/75R17,245/70R17,265/60R18 275/55R20 275/65R18 245/75R17 255/65R17 265/70R17 235/75R17,F-150 FX2 | F-150 FX4 | F-150 King Ranch | F-150 Lariat | F-150 Platinum | F-150 STX | F-150 XL | F-150 XLT,F-150 XL,mismatch,
6d4354ed-8323-4332-9496-4e22c2122855,2013,ford,f-150,Base,trim-research,mismatch,true,245/70R17,245/70R17,265/60R18 275/55R20 275/65R18 245/75R17 255/65R17 265/70R17 235/75R17,245/70R17,265/60R18 275/55R20 275/65R18 245/75R17 255/65R17 265/70R17 235/75R17,F-150 FX2 | F-150 FX4 | F-150 King Ranch | F-150 Lariat | F-150 Platinum | F-150 STX | F-150 XL | F-150 XLT,,,
80bc6c28-2e04-43da-a735-08ea1f6269bb,2013,ford,f-150,FX2,trim-research,mismatch,true,245/70R17,245/70R17,265/60R18 275/55R20 275/65R18 245/75R17 255/65R17 265/70R17 235/75R17,245/70R17,265/60R18 275/55R20 275/65R18 245/75R17 255/65R17 265/70R17 235/75R17,F-150 FX2 | F-150 FX4 | F-150 King Ranch | F-150 Lariat | F-150 Platinum | F-150 STX | F-150 XL | F-150 XLT,F-150 FX2,mismatch,
28bc0ea6-51ad-4312-9a08-509103415c03,2014,ford,f-150,Base,trim-research,mismatch,true,245/70R17,245/70R17,265/60R18 275/65R18 275/55R20 245/75R17 275/45R22 235/75R17 265/70R17 255/65R17,245/70R17,265/60R18 275/65R18 275/55R20 245/75R17 275/45R22 235/75R17 265/70R17 255/65R17,F-150 FX2 | F-150 FX4 | F-150 King Ranch | F-150 Lariat | F-150 Limited | F-150 Platinum | F-150 STX | F-150 XL | F-150 XLT,,,
49184349-a8e3-4830-bd6f-e66cbea061db,2014,ford,f-150,XL,trim-research,mismatch,true,245/70R17,245/70R17,265/60R18 275/65R18 275/55R20 245/75R17 275/45R22 235/75R17 265/70R17 255/65R17,245/70R17,265/60R18 275/65R18 275/55R20 245/75R17 275/45R22 235/75R17 265/70R17 255/65R17,F-150 FX2 | F-150 FX4 | F-150 King Ranch | F-150 Lariat | F-150 Limited | F-150 Platinum | F-150 STX | F-150 XL | F-150 XLT,F-150 XL,mismatch,
f30e1d43-5f7e-4120-b6a1-7af3632f1fa3,2014,ford,f-150,FX2,trim-research,mismatch,true,245/70R17,245/70R17,265/60R18 275/65R18 275/55R20 245/75R17 275/45R22 235/75R17 265/70R17 255/65R17,245/70R17,265/60R18 275/65R18 275/55R20 245/75R17 275/45R22 235/75R17 265/70R17 255/65R17,F-150 FX2 | F-150 FX4 | F-150 King Ranch | F-150 Lariat | F-150 Limited | F-150 Platinum | F-150 STX | F-150 XL | F-150 XLT,F-150 FX2,mismatch,
fa2d71c4-9350-4b71-bde5-e06265da2f9a,2014,ford,f-150,Raptor,trim-research,mismatch,true,315/70R17,315/70R17,265/60R18 275/65R18 275/55R20 245/75R17 275/45R22 235/75R17 265/70R17 255/65R17,315/70R17,265/60R18 275/65R18 275/55R20 245/75R17 275/45R22 235/75R17 265/70R17 255/65R17,F-150 FX2 | F-150 FX4 | F-150 King Ranch | F-150 Lariat | F-150 Limited | F-150 Platinum | F-150 STX | F-150 XL | F-150 XLT,,,
7ae96b20-8039-4b94-8acf-5668bdccb4de,1990,ford,f-250,Base,api_import,mismatch,true,LT225/75R16 LT245/75R16 LT265/75R16,225/75R16 245/75R16 265/75R16,235/85R16 215/85R16,225/75R16 245/75R16 265/75R16,235/85R16 215/85R16,F-250,,,
7648a7be-9f5a-4700-903d-e788b2641886,1999,ford,f-250,Light Duty,audit-2026-09-pass3-research,mismatch,true,P255/70R16 LT245/75R16,255/70R16 245/75R16,235/85R16,255/70R16 245/75R16,235/85R16,F-250 Super Duty,,,
15cadd91-928a-46e2-9281-d0d5030870a5,2000,ford,f-250,Lariat,generation_inherit,mismatch,false,275/70R18 LT275/65R18 LT275/70R18 LT285/75R18,275/70R18 275/65R18 285/75R18,235/85R16,275/70R18 275/65R18 285/75R18,235/85R16,F-250 Super Duty,,,
21eb8c0b-b26d-4409-be7a-fb292cda5dcd,2000,ford,f-250,XL,generation_inherit,mismatch,false,LT245/75R17 LT265/70R17,245/75R17 265/70R17,235/85R16,245/75R17 265/70R17,235/85R16,F-250 Super Duty,,,
337d00e7-8926-41ea-a913-8fb7916a2ca9,2000,ford,f-250,XLT,generation_inherit,mismatch,false,LT245/75R17 LT265/70R17,245/75R17 265/70R17,235/85R16,245/75R17 265/70R17,235/85R16,F-250 Super Duty,,,
5d89bea0-5fca-4e64-80af-36e5b377d858,2001,ford,f-250,XLT,generation_inherit,mismatch,false,LT245/75R17 LT265/70R17,245/75R17 265/70R17,235/85R16,245/75R17 265/70R17,235/85R16,F-250 Super Duty,,,
a30c290e-fd73-4b18-acc7-8649c285a552,2001,ford,f-250,Lariat,generation_inherit,mismatch,false,275/70R18 LT275/65R18 LT275/70R18 LT285/75R18,275/70R18 275/65R18 285/75R18,235/85R16,275/70R18 275/65R18 285/75R18,235/85R16,F-250 Super Duty,,,
c8c8745a-7e8d-4f99-b1f0-605090ed53f9,2001,ford,f-250,XL,generation_inherit,mismatch,false,LT245/75R17 LT265/70R17,245/75R17 265/70R17,235/85R16,245/75R17 265/70R17,235/85R16,F-250 Super Duty,,,
cc7210b7-e39c-4a33-95db-f19655d69bbd,2001,ford,f-250,King Ranch,generation_inherit,mismatch,false,275/70R18 LT275/65R18 LT275/70R18 LT285/75R18,275/70R18 275/65R18 285/75R18,235/85R16,275/70R18 275/65R18 285/75R18,235/85R16,F-250 Super Duty,,,
12f8dbc4-8182-4815-a0b8-a8b3a0c575c3,2002,ford,f-250,XLT,generation_inherit,mismatch,false,LT245/75R17 LT265/70R17,245/75R17 265/70R17,235/85R16,245/75R17 265/70R17,235/85R16,F-250 Super Duty,,,
d497ebdb-8741-4dae-831f-7be1ab26ae49,2002,ford,f-250,King Ranch,generation_inherit,mismatch,false,275/70R18 LT275/65R18 LT275/70R18 LT285/75R18,275/70R18 275/65R18 285/75R18,235/85R16,275/70R18 275/65R18 285/75R18,235/85R16,F-250 Super Duty,,,
d916ec78-e7a9-4ed5-9bc3-3b38e7af7060,2002,ford,f-250,XL,generation_inherit,mismatch,false,LT245/75R17 LT265/70R17,245/75R17 265/70R17,235/85R16,245/75R17 265/70R17,235/85R16,F-250 Super Duty,,,
ede0f504-c91e-45f7-b7ea-37c464ab25d5,2002,ford,f-250,Lariat,generation_inherit,mismatch,false,275/70R18 LT275/65R18 LT275/70R18 LT285/75R18,275/70R18 275/65R18 285/75R18,235/85R16,275/70R18 275/65R18 285/75R18,235/85R16,F-250 Super Duty,,,
1625bff1-32ce-4709-879a-58965ef7e639,2003,ford,f-250,XL,generation_inherit,mismatch,false,LT245/75R17 LT265/70R17,245/75R17 265/70R17,235/85R16 265/75R16,245/75R17 265/70R17,235/85R16 265/75R16,F-250 Super Duty,,,
1ea9dd35-ea53-4866-8de5-b3cd7ccd419f,2003,ford,f-250,Lariat,generation_inherit,mismatch,false,275/70R18 LT275/65R18 LT275/70R18 LT285/75R18,275/70R18 275/65R18 285/75R18,235/85R16 265/75R16,275/70R18 275/65R18 285/75R18,235/85R16 265/75R16,F-250 Super Duty,,,
7e2e0622-c555-4379-b535-423de97766ee,2003,ford,f-250,XLT,generation_inherit,mismatch,false,LT245/75R17 LT265/70R17,245/75R17 265/70R17,235/85R16 265/75R16,245/75R17 265/70R17,235/85R16 265/75R16,F-250 Super Duty,,,
b4f399f7-f89f-4d77-b5f6-e9b5be9a2c20,2003,ford,f-250,King Ranch,generation_inherit,mismatch,false,275/70R18 LT275/65R18 LT275/70R18 LT285/75R18,275/70R18 275/65R18 285/75R18,235/85R16 265/75R16,275/70R18 275/65R18 285/75R18,235/85R16 265/75R16,F-250 Super Duty,,,
19e80f84-362a-4fba-a4d3-fbdc82ea68ba,2004,ford,f-250,XL,generation_inherit,mismatch,false,LT245/75R17 LT265/70R17,245/75R17 265/70R17,235/85R16 265/75R16 275/65R20,245/75R17 265/70R17,235/85R16 265/75R16 275/65R20,F-250 Super Duty,,,
41b64835-a9e0-4a08-8950-a7585161f77a,2004,ford,f-250,King Ranch,generation_inherit,mismatch,false,275/70R18 LT275/65R18 LT275/70R18 LT285/75R18,275/70R18 275/65R18 285/75R18,235/85R16 265/75R16 275/65R20,275/70R18 275/65R18 285/75R18,235/85R16 265/75R16 275/65R20,F-250 Super Duty,,,
65910726-d340-4b53-af65-a2a9c0b056d7,2004,ford,f-250,Lariat,generation_inherit,mismatch,false,275/70R18 LT275/65R18 LT275/70R18 LT285/75R18,275/70R18 275/65R18 285/75R18,235/85R16 265/75R16 275/65R20,275/70R18 275/65R18 285/75R18,235/85R16 265/75R16 275/65R20,F-250 Super Duty,,,
b3e9700e-b540-4850-a83d-fc9ac62874b3,2004,ford,f-250,XLT,generation_inherit,mismatch,false,LT245/75R17 LT265/70R17,245/75R17 265/70R17,235/85R16 265/75R16 275/65R20,245/75R17 265/70R17,235/85R16 265/75R16 275/65R20,F-250 Super Duty,,,
08fcc8fd-3816-4b95-9aca-08cb138789da,1990,ford,f-350,Base,api_import,mismatch,true,LT225/75R16 LT245/75R16 LT265/75R16,225/75R16 245/75R16 265/75R16,215/85R16 235/85R16,225/75R16 245/75R16 265/75R16,215/85R16 235/85R16,F-350,,,
08d79501-0747-4049-a45e-6457361b09bf,2000,ford,f-350,XLT,generation_inherit,mismatch,false,LT285/70R17 LT245/75R17 LT265/70R17,285/70R17 245/75R17 265/70R17,235/85R16 215/85R16 265/75R16,285/70R17 245/75R17 265/70R17,235/85R16 215/85R16 265/75R16,F-350 Super Duty,,,
8dd13829-bd17-44e2-bdd1-75c2eec1a16c,2000,ford,f-350,XL,generation_inherit,mismatch,false,LT285/70R17 LT245/75R17 LT265/70R17,285/70R17 245/75R17 265/70R17,235/85R16 215/85R16 265/75R16,285/70R17 245/75R17 265/70R17,235/85R16 215/85R16 265/75R16,F-350 Super Duty,,,
c73dd573-4572-4abb-95ff-95a4a4842ddf,2000,ford,f-350,Lariat,generation_inherit,mismatch,false,275/70R18 LT275/70R18 LT275/65R18,275/70R18 275/65R18,235/85R16 215/85R16 265/75R16,275/70R18 275/65R18,235/85R16 215/85R16 265/75R16,F-350 Super Duty,,,
4cdabe76-4f56-4b3b-9b6d-16b003149a63,2001,ford,f-350,Lariat,generation_inherit,mismatch,false,275/70R18 LT275/70R18 LT275/65R18,275/70R18 275/65R18,265/75R16 215/85R16 235/85R16,275/70R18 275/65R18,265/75R16 215/85R16 235/85R16,F-350 Super Duty,,,
748037e2-994c-4c46-b280-f4baf671f926,2001,ford,f-350,XL,generation_inherit,mismatch,false,LT285/70R17 LT245/75R17 LT265/70R17,285/70R17 245/75R17 265/70R17,265/75R16 215/85R16 235/85R16,285/70R17 245/75R17 265/70R17,265/75R16 215/85R16 235/85R16,F-350 Super Duty,,,
c0fea3af-5249-4d5e-8cd0-d472646c216c,2001,ford,f-350,XLT,generation_inherit,mismatch,false,LT285/70R17 LT245/75R17 LT265/70R17,285/70R17 245/75R17 265/70R17,265/75R16 215/85R16 235/85R16,285/70R17 245/75R17 265/70R17,265/75R16 215/85R16 235/85R16,F-350 Super Duty,,,
c84d625e-0a4d-4da7-9c72-28dca9279aee,2001,ford,f-350,King Ranch,generation_inherit,mismatch,false,275/70R18 LT275/70R18 LT275/65R18,275/70R18 275/65R18,265/75R16 215/85R16 235/85R16,275/70R18 275/65R18,265/75R16 215/85R16 235/85R16,F-350 Super Duty,,,
0a2dd31e-af98-4d04-bf4a-74189da2e7b6,2002,ford,f-350,XLT,generation_inherit,mismatch,false,LT285/70R17 LT245/75R17 LT265/70R17,285/70R17 245/75R17 265/70R17,265/75R16 215/85R16 235/85R16,285/70R17 245/75R17 265/70R17,265/75R16 215/85R16 235/85R16,F-350 Super Duty,,,
6949dc1d-ab9a-44a6-8fbe-938ab9372ddf,2002,ford,f-350,Lariat,generation_inherit,mismatch,false,275/70R18 LT275/70R18 LT275/65R18,275/70R18 275/65R18,265/75R16 215/85R16 235/85R16,275/70R18 275/65R18,265/75R16 215/85R16 235/85R16,F-350 Super Duty,,,
c64ff05d-b98a-4b6c-bee0-bdc00dff4d6e,2002,ford,f-350,XL,generation_inherit,mismatch,false,LT285/70R17 LT245/75R17 LT265/70R17,285/70R17 245/75R17 265/70R17,265/75R16 215/85R16 235/85R16,285/70R17 245/75R17 265/70R17,265/75R16 215/85R16 235/85R16,F-350 Super Duty,,,
d4f349b7-6c77-46ad-b908-2626e97ed03b,2002,ford,f-350,King Ranch,generation_inherit,mismatch,false,275/70R18 LT275/70R18 LT275/65R18,275/70R18 275/65R18,265/75R16 215/85R16 235/85R16,275/70R18 275/65R18,265/75R16 215/85R16 235/85R16,F-350 Super Duty,,,
047688d9-9f75-49b2-b304-729540b5f66a,2003,ford,f-350,Lariat,generation_inherit,mismatch,false,275/70R18 LT275/70R18 LT275/65R18,275/70R18 275/65R18,215/85R16 235/85R16 265/75R16,275/70R18 275/65R18,215/85R16 235/85R16 265/75R16,F-350 Super Duty,,,
887a8ba9-4b22-461e-908f-0c75ceb51db0,2003,ford,f-350,King Ranch,generation_inherit,mismatch,false,275/70R18 LT275/70R18 LT275/65R18,275/70R18 275/65R18,215/85R16 235/85R16 265/75R16,275/70R18 275/65R18,215/85R16 235/85R16 265/75R16,F-350 Super Duty,,,
b29e0ad7-bd65-460b-8f5d-8bcc637e87a8,2003,ford,f-350,XLT,generation_inherit,mismatch,false,LT285/70R17 LT245/75R17 LT265/70R17,285/70R17 245/75R17 265/70R17,215/85R16 235/85R16 265/75R16,285/70R17 245/75R17 265/70R17,215/85R16 235/85R16 265/75R16,F-350 Super Duty,,,
fea52eae-6b97-4809-871a-6937bf89abcf,2003,ford,f-350,XL,generation_inherit,mismatch,false,LT285/70R17 LT245/75R17 LT265/70R17,285/70R17 245/75R17 265/70R17,215/85R16 235/85R16 265/75R16,285/70R17 245/75R17 265/70R17,215/85R16 235/85R16 265/75R16,F-350 Super Duty,,,
1b996774-3691-4b62-9cc3-284cef5373c1,2004,ford,f-350,XL,generation_inherit,mismatch,false,LT285/70R17 LT245/75R17 LT265/70R17,285/70R17 245/75R17 265/70R17,265/75R16 235/85R16,285/70R17 245/75R17 265/70R17,265/75R16 235/85R16,F-350 Super Duty,,,
416727e0-0f8d-48dc-b6bd-83c47b7c2d26,2004,ford,f-350,Lariat,generation_inherit,mismatch,false,275/70R18 LT275/70R18 LT275/65R18,275/70R18 275/65R18,265/75R16 235/85R16,275/70R18 275/65R18,265/75R16 235/85R16,F-350 Super Duty,,,
7a5011d3-091d-4366-880a-356e3d184a3f,2004,ford,f-350,XLT,generation_inherit,mismatch,false,LT285/70R17 LT245/75R17 LT265/70R17,285/70R17 245/75R17 265/70R17,265/75R16 235/85R16,285/70R17 245/75R17 265/70R17,265/75R16 235/85R16,F-350 Super Duty,,,
b3f33165-c73e-4b4a-bfa2-367cdd8d6d2c,2004,ford,f-350,King Ranch,generation_inherit,mismatch,false,275/70R18 LT275/70R18 LT275/65R18,275/70R18 275/65R18,265/75R16 235/85R16,275/70R18 275/65R18,265/75R16 235/85R16,F-350 Super Duty,,,
54bdcd75-b47f-40d2-b8c9-c9756378fa02,2011,ford,fiesta,"Titanium, ST",google-ai-overview,mismatch,false,205/40R17,205/40R17,185/60R15 195/60R15 195/50R16,205/40R17,185/60R15 195/60R15 195/50R16,Fiesta,,,
e318faac-0385-46e4-b2dd-f8d173521e1c,2012,ford,fiesta,"Titanium, ST",google-ai-overview,mismatch,false,205/40R17,205/40R17,185/60R15 195/60R15 195/50R16,205/40R17,185/60R15 195/60R15 195/50R16,Fiesta,,,
fd6ab0a5-3599-44c3-8f7a-97055ab41acd,2013,ford,fiesta,"Titanium, ST",google-ai-overview,mismatch,false,205/40R17,205/40R17,185/60R15 195/60R15 195/50R16,205/40R17,185/60R15 195/60R15 195/50R16,Fiesta,,,
f37ac596-4b58-47b9-8ce6-c5a06ddc98eb,2000,ford,focus,ZTS/SES/ST,batch2v2-trim-groups,mismatch,false,205/50R16,205/50R16,185/65R14 195/60R15,205/50R16,185/65R14 195/60R15,Focus,,,
464e8042-216b-4c30-ae9f-7cc965cac3b3,2005,ford,focus,LX,batch2v2-trim-groups,mismatch,false,185/65R14,185/65R14,195/60R15 205/50R16,185/65R14,195/60R15 205/50R16,Focus,,,
7b6a2773-7e21-4e61-a564-4b0313e486ae,2006,ford,focus,LX,batch2v2-trim-groups,mismatch,false,185/65R14,185/65R14,195/60R15 205/50R16,185/65R14,195/60R15 205/50R16,Focus,,,
fb4d6d38-8b59-481b-9253-7739c3312d32,2007,ford,focus,LX,batch2v2-trim-groups,mismatch,false,185/65R14,185/65R14,195/60R15 205/50R16,185/65R14,195/60R15 205/50R16,Focus,,,
93912ac9-5a7a-4224-a3a0-e10a240cecb0,2006,ford,fusion,SEL/Sport,batch2v2-trim-groups,mismatch,false,225/45R18,225/45R18,205/60R16 225/50R17,225/45R18,205/60R16 225/50R17,Fusion,,,
6b7b9936-8257-4945-86f6-aac3f627c860,2007,ford,fusion,SEL/Sport,batch2v2-trim-groups,mismatch,false,225/45R18,225/45R18,205/60R16 225/50R17,225/45R18,205/60R16 225/50R17,Fusion,,,
8ec46304-ca69-4709-afad-85a431b830fa,1990,ford,mustang,Cobra,generation_inherit,mismatch,false,215/60R17,215/60R17,195/75R14 225/60R15,215/60R17,195/75R14 225/60R15,Mustang,,,
afef59c3-e2da-4f72-9ac2-f2218da5de6e,1990,ford,mustang,Cobra R,generation_inherit,mismatch,false,215/60R17,215/60R17,195/75R14 225/60R15,215/60R17,195/75R14 225/60R15,Mustang,,,
78226f72-70d9-4a2d-be78-12988bee5b43,1991,ford,mustang,Cobra,generation_inherit,mismatch,false,215/60R17,215/60R17,225/55R16 195/75R14 205/65R15,215/60R17,225/55R16 195/75R14 205/65R15,Mustang,,,
a126fad7-b4c7-4ff0-8fae-74bf5f5f4dbb,1991,ford,mustang,Cobra R,generation_inherit,mismatch,false,215/60R17,215/60R17,225/55R16 195/75R14 205/65R15,215/60R17,225/55R16 195/75R14 205/65R15,Mustang,,,
9a5f6f2d-3858-4041-97df-5db5ad3eb0f9,1992,ford,mustang,Cobra R,generation_inherit,mismatch,false,215/60R17,215/60R17,195/75R14 205/65R15 225/55R16,215/60R17,195/75R14 205/65R15 225/55R16,Mustang,,,
dfdb558c-db2e-4ccd-99a5-8fc9991912ac,1992,ford,mustang,Cobra,generation_inherit,mismatch,false,215/60R17,215/60R17,195/75R14 205/65R15 225/55R16,215/60R17,195/75R14 205/65R15 225/55R16,Mustang,,,
908cb1fb-594e-4d36-8714-0cd68cdd78b5,1993,ford,mustang,Cobra,generation_inherit,mismatch,true,215/60R17,215/60R17,245/45R17 195/75R14 205/65R15 225/55R16,215/60R17,245/45R17 195/75R14 205/65R15 225/55R16,Mustang,,,
f3fb1d6c-2a99-4853-8b45-c09a3e07b019,1993,ford,mustang,Cobra R,generation_inherit,mismatch,true,215/60R17,215/60R17,245/45R17 195/75R14 205/65R15 225/55R16,215/60R17,245/45R17 195/75R14 205/65R15 225/55R16,Mustang,,,
cf8e20f4-986c-4ff4-871c-907dd3f7478f,1994,ford,mustang,Cobra,generation_inherit,mismatch,true,215/60R17,215/60R17,205/65R15 255/45R17 225/55R16 245/45R17,215/60R17,205/65R15 255/45R17 225/55R16 245/45R17,Mustang,,,
70e643e1-23f2-43cf-8b8b-9da47a7345e5,1995,ford,mustang,Cobra R,generation_inherit,mismatch,false,235/50R18 255/45R18 285/40R18,235/50R18 255/45R18 285/40R18,205/65R15 255/45R17 225/55R16 245/45R17,235/50R18 255/45R18 285/40R18,205/65R15 255/45R17 225/55R16 245/45R17,Mustang,,,
dcb3eb67-2780-4f2f-966d-5fe06cc90f4e,1995,ford,mustang,Cobra,generation_inherit,mismatch,true,215/60R17,215/60R17,205/65R15 255/45R17 225/55R16 245/45R17,215/60R17,205/65R15 255/45R17 225/55R16 245/45R17,Mustang,,,
e2419ea5-3572-4481-a724-d7a3f5cc859d,1996,ford,mustang,Cobra R,generation_inherit,mismatch,false,235/50R18 255/45R18 285/40R18,235/50R18 255/45R18 285/40R18,205/65R15 245/45R17 225/55R16,235/50R18 255/45R18 285/40R18,205/65R15 245/45R17 225/55R16,Mustang,,,
e505e19a-f262-4c3c-a3fd-38a66aee2607,1996,ford,mustang,Cobra,generation_inherit,mismatch,true,215/60R17,215/60R17,205/65R15 245/45R17 225/55R16,215/60R17,205/65R15 245/45R17 225/55R16,Mustang,,,
92bbda75-09d9-4fdd-8512-14ab1d9326e5,1997,ford,mustang,Cobra R,generation_inherit,mismatch,false,235/50R18 255/45R18 285/40R18,235/50R18 255/45R18 285/40R18,205/65R15 225/55R16 245/45R17,235/50R18 255/45R18 285/40R18,205/65R15 225/55R16 245/45R17,Mustang,,,
b0f91ad6-b223-4998-89ce-f7df6407d18a,1997,ford,mustang,Cobra,generation_inherit,mismatch,true,215/60R17,215/60R17,205/65R15 225/55R16 245/45R17,215/60R17,205/65R15 225/55R16 245/45R17,Mustang,,,
4934752c-dfb4-4fa9-872a-e98bea2187e1,1998,ford,mustang,Cobra R,generation_inherit,mismatch,false,235/50R18 255/45R18 285/40R18,235/50R18 255/45R18 285/40R18,225/55R16 245/45R17 205/65R15,235/50R18 255/45R18 285/40R18,225/55R16 245/45R17 205/65R15,Mustang,,,
feae7447-0952-4aad-b410-aec20339cae4,1998,ford,mustang,Cobra,generation_inherit,mismatch,true,215/60R17,215/60R17,225/55R16 245/45R17 205/65R15,215/60R17,225/55R16 245/45R17 205/65R15,Mustang,,,
7f7919da-95ef-416d-853e-96edd9910ce7,1999,ford,mustang,Cobra,generation_inherit,mismatch,true,215/60R17,215/60R17,245/45R17 225/55R16 205/65R15,215/60R17,245/45R17 225/55R16 205/65R15,Mustang,,,
8855f94b-50a4-4e7a-b773-72611b92819d,1999,ford,mustang,Cobra R,generation_inherit,mismatch,false,235/50R18 255/45R18 285/40R18,235/50R18 255/45R18 285/40R18,245/45R17 225/55R16 205/65R15,235/50R18 255/45R18 285/40R18,245/45R17 225/55R16 205/65R15,Mustang,,,
708850c7-cb2d-4769-9622-c67a1409b846,2023,ford,mustang,Shelby GT500,tiresize.com,mismatch,true,305/30ZR20 315/30ZR20,305/30R20 315/30R20,235/55R17 235/50R18 255/40R19 265/40R19 265/35R20 275/40R19 305/30R19 315/30R19,305/30R20 315/30R20,235/55R17 235/50R18 255/40R19 265/40R19 265/35R20 275/40R19 305/30R19 315/30R19,Mustang,,,
df9a1466-45c6-4f01-92b5-98f6047d8fa7,2003,ford,mustang-mach-1,Base,catalog-gap-fill,mismatch,false,255/40R19 295/35R19,255/40R19 295/35R19,225/55R16 275/40R17 245/45R17,255/40R19 295/35R19,225/55R16 275/40R17 245/45R17,Mustang,,,
100d0891-81d2-46e4-945e-4098a1db5e82,2004,ford,mustang-mach-1,Base,catalog-gap-fill,mismatch,false,255/40R19 295/35R19,255/40R19 295/35R19,275/40R17 225/55R16 245/45R17,255/40R19 295/35R19,275/40R17 225/55R16 245/45R17,Mustang,,,
996631bc-9e17-4ab7-9979-eb9b03c0fd63,2015,ford,mustang-shelby-gt350,Base,google-ai-overview,mismatch,true,295/35R19 305/35R19,295/35R19 305/35R19,255/40R19 235/55R17 275/40R19 265/35R20 235/50R18,295/35R19 305/35R19,255/40R19 235/55R17 275/40R19 265/35R20 235/50R18,Mustang,,,
d536d4fa-bfbf-4921-bc75-d379cf42f6af,2015,ford,mustang-shelby-gt350,GT350R,google-ai-overview,mismatch,true,305/30R19 315/30R19,305/30R19 315/30R19,255/40R19 235/55R17 275/40R19 265/35R20 235/50R18,305/30R19 315/30R19,255/40R19 235/55R17 275/40R19 265/35R20 235/50R18,Mustang,,,
7fde66d4-d17a-414d-85ce-f127556fddd7,2008,ford,mustang-shelby-gt500,Base,catalog-gap-fill,mismatch,false,265/40R19 305/30R20,265/40R19 305/30R20,215/65R16 235/55R17 235/50R18 255/45R18 285/40R18,265/40R19 305/30R20,215/65R16 235/55R17 235/50R18 255/45R18 285/40R18,Mustang,,,
80e534c7-28c4-40c6-9f35-6a42b709cb21,2009,ford,mustang-shelby-gt500,Base,catalog-gap-fill,mismatch,false,265/40R19 305/30R20,265/40R19 305/30R20,235/50R18 235/55R17 255/45R18 285/40R18 215/65R16,265/40R19 305/30R20,235/50R18 235/55R17 255/45R18 285/40R18 215/65R16,Mustang,,,
ed3e2480-2d5f-4c9b-8f33-efc84e1fb62b,2010,ford,mustang-shelby-gt500,Base,catalog-gap-fill,mismatch,true,265/40R19 305/30R20,265/40R19 305/30R20,215/60R17 235/50R18 245/45R19 255/40R19 285/35R19 255/45R18 285/40R18,265/40R19 305/30R20,215/60R17 235/50R18 245/45R19 255/40R19 285/35R19 255/45R18 285/40R18,Mustang,,,
c084ee96-ad43-44d6-9dd1-80194b555740,2023,ford,mustang-shelby-gt500,Base,google-ai-overview,mismatch,true,305/30ZR20 315/30ZR20,305/30R20 315/30R20,235/55R17 235/50R18 255/40R19 265/40R19 265/35R20 275/40R19 305/30R19 315/30R19,305/30R20 315/30R20,235/55R17 235/50R18 255/40R19 265/40R19 265/35R20 275/40R19 305/30R19 315/30R19,Mustang,,,
e0f8216a-079a-4e23-94ab-63eaaba0e63c,1995,ford,ranger,Splash 2WD,audit-2026-09-pass3-research,mismatch,true,P235/60R15,235/60R15,195/70R14 225/70R14 215/70R14 215/75R15 265/75R15 235/75R15,235/60R15,195/70R14 225/70R14 215/70R14 215/75R15 265/75R15 235/75R15,Ranger,,,
1271755b-cf71-4e62-8206-c996bc82937b,1996,ford,ranger,Splash 2WD,audit-2026-09-pass3-research,mismatch,true,P235/60R15,235/60R15,195/70R14 225/70R14 215/70R14 215/75R15 265/75R15 235/75R15,235/60R15,195/70R14 225/70R14 215/70R14 215/75R15 265/75R15 235/75R15,Ranger,,,
4c20f9cc-64d9-476a-84f8-c53ce2d81831,2024,ford,ranger,"XL, XLT, Lariat, Tremor, Raptor",cache-import,mismatch,true,255/70R16 265/65R17 265/60R18,255/70R16 265/65R17 265/60R18,255/70R17 255/65R18 285/70R17,255/70R16 265/65R17 265/60R18,255/70R17 255/65R18 285/70R17,Ranger,,,
72226042-8f67-4e9a-80b6-1232e7156ad3,2024,ford,ranger,XLT,cache-import [trim-expanded],mismatch,true,255/70R16 265/65R17 265/60R18,255/70R16 265/65R17 265/60R18,255/70R17 255/65R18 285/70R17,255/70R16 265/65R17 265/60R18,255/70R17 255/65R18 285/70R17,Ranger,,,
aaf5c9b2-500e-43d2-8949-801211cc48f6,2024,ford,ranger,XL,cache-import [trim-expanded],mismatch,true,255/70R16 265/65R17 265/60R18,255/70R16 265/65R17 265/60R18,255/70R17 255/65R18 285/70R17,255/70R16 265/65R17 265/60R18,255/70R17 255/65R18 285/70R17,Ranger,,,
c03ffef6-1e2e-444a-a4d7-19842f960db5,2024,ford,ranger,Tremor,cache-import [trim-expanded],mismatch,true,255/70R16 265/65R17 265/60R18,255/70R16 265/65R17 265/60R18,255/70R17 255/65R18 285/70R17,255/70R16 265/65R17 265/60R18,255/70R17 255/65R18 285/70R17,Ranger,,,
d4b979cd-7797-45ff-9efa-819490d2e722,2024,ford,ranger,Lariat,cache-import [trim-expanded],mismatch,true,255/70R16 265/65R17 265/60R18,255/70R16 265/65R17 265/60R18,255/70R17 255/65R18 285/70R17,255/70R16 265/65R17 265/60R18,255/70R17 255/65R18 285/70R17,Ranger,,,
db3180f5-9997-48ba-a2d0-d8b25cbf9676,2024,ford,ranger,Raptor,cache-import [trim-expanded],mismatch,true,255/70R16 265/65R17 265/60R18,255/70R16 265/65R17 265/60R18,255/70R17 255/65R18 285/70R17,255/70R16 265/65R17 265/60R18,255/70R17 255/65R18 285/70R17,Ranger,,,
d9444b19-f2d1-41ab-a724-cd47ecce6a21,1991,ford,taurus-sho,Base,90s-research-batch,mismatch,true,P215/65R15,215/65R15,215/60R16 205/65R15 205/70R14,215/65R15,215/60R16 205/65R15 205/70R14,Taurus,,,
c0ddd479-674a-48e3-9531-faa023ad05f1,1990,geo,prizm,Base,generation_template,mismatch,true,P175/70R14 P185/65R14,175/70R14 185/65R14,175/70R13 185/60R14,175/70R14 185/65R14,175/70R13 185/60R14,Prizm,,,
f9f69669-ee6b-4b91-8ccd-f4d00506667a,1991,geo,prizm,Base,generation_template,mismatch,true,P175/70R14 P185/65R14,175/70R14 185/65R14,175/70R13 185/60R14,175/70R14 185/65R14,175/70R13 185/60R14,Prizm,,,
bd0fa6e8-c500-4319-b4be-d8f5e6c58e7c,1992,geo,prizm,Base,generation_template,mismatch,true,P175/70R14 P185/65R14,175/70R14 185/65R14,155/80R13 185/60R14 175/70R13,175/70R14 185/65R14,155/80R13 185/60R14 175/70R13,Prizm,,,
30e21f2e-fca7-4e6c-a9b4-1e5e388bca00,2004,gmc,canyon,SLE,generation_template [expanded],mismatch,true,215/75R15,215/75R15,265/75R15 205/75R15 235/75R15 225/75R15,215/75R15,265/75R15 205/75R15 235/75R15 225/75R15,Canyon,,,
aa11ec34-4040-4fab-9e76-9b7ed1b2bf70,2004,gmc,canyon,SLE,generation_template [expanded],mismatch,true,215/75R15,215/75R15,265/75R15 205/75R15 235/75R15 225/75R15,215/75R15,265/75R15 205/75R15 235/75R15 225/75R15,Canyon,,,
c92aeda8-39a7-4804-9d74-2fea7b1784a6,2004,gmc,canyon,SLE,generation_template [expanded],mismatch,true,215/75R15,215/75R15,265/75R15 205/75R15 235/75R15 225/75R15,215/75R15,265/75R15 205/75R15 235/75R15 225/75R15,Canyon,,,
d25304fc-98dc-46f5-b3ba-bf1c5904c854,2004,gmc,canyon,SLE,generation_template,mismatch,true,215/75R15,215/75R15,265/75R15 205/75R15 235/75R15 225/75R15,215/75R15,265/75R15 205/75R15 235/75R15 225/75R15,Canyon,,,
639a6dd1-7812-4db7-b48d-90f797d705d9,2005,gmc,canyon,SLE,generation_template [expanded],mismatch,true,215/75R15,215/75R15,265/75R15 205/75R15 235/75R15 225/75R15,215/75R15,265/75R15 205/75R15 235/75R15 225/75R15,Canyon,,,
87a482b5-c979-4a22-90e7-3a8ae797d78d,2005,gmc,canyon,SLE,generation_template [expanded],mismatch,true,215/75R15,215/75R15,265/75R15 205/75R15 235/75R15 225/75R15,215/75R15,265/75R15 205/75R15 235/75R15 225/75R15,Canyon,,,
8c32da94-8a83-44bc-ba3b-32f7ea489304,2005,gmc,canyon,SLE,generation_template [expanded],mismatch,true,215/75R15,215/75R15,265/75R15 205/75R15 235/75R15 225/75R15,215/75R15,265/75R15 205/75R15 235/75R15 225/75R15,Canyon,,,
9f668a62-68c4-4560-8edb-c624d244a542,2005,gmc,canyon,SLE,generation_template,mismatch,true,215/75R15,215/75R15,265/75R15 205/75R15 235/75R15 225/75R15,215/75R15,265/75R15 205/75R15 235/75R15 225/75R15,Canyon,,,
4c1062ee-8cc8-4180-b9eb-e92caebc9e43,2006,gmc,canyon,SLE,generation_template [expanded],mismatch,true,215/75R15,215/75R15,235/50R17 265/75R15 225/75R15 205/75R15 235/75R15,215/75R15,235/50R17 265/75R15 225/75R15 205/75R15 235/75R15,Canyon,,,
6237bee2-606d-48e4-99fc-2b8a6b2c559d,2006,gmc,canyon,SLE,generation_template,mismatch,true,215/75R15,215/75R15,235/50R17 265/75R15 225/75R15 205/75R15 235/75R15,215/75R15,235/50R17 265/75R15 225/75R15 205/75R15 235/75R15,Canyon,,,
d1f596ea-903d-45b3-8e91-98039436731f,2006,gmc,canyon,SLE,generation_template [expanded],mismatch,true,215/75R15,215/75R15,235/50R17 265/75R15 225/75R15 205/75R15 235/75R15,215/75R15,235/50R17 265/75R15 225/75R15 205/75R15 235/75R15,Canyon,,,
f58cc447-5c0e-45cd-985f-66e53e94d780,2006,gmc,canyon,SLE,generation_template [expanded],mismatch,true,215/75R15,215/75R15,235/50R17 265/75R15 225/75R15 205/75R15 235/75R15,215/75R15,235/50R17 265/75R15 225/75R15 205/75R15 235/75R15,Canyon,,,
04a3c96a-3a9d-4866-9351-e799430f2693,2008,gmc,canyon,SLE,generation_template [filled from 2010 canyon],mismatch,true,215/75R15,215/75R15,225/75R15 205/75R15 265/75R15 235/75R15,215/75R15,225/75R15 205/75R15 265/75R15 235/75R15,Canyon,,,
13e48d60-daaa-43bc-b6db-df05974dadcc,2008,gmc,canyon,SLE,generation_template [filled from 2010  [expanded],mismatch,true,215/75R15,215/75R15,225/75R15 205/75R15 265/75R15 235/75R15,215/75R15,225/75R15 205/75R15 265/75R15 235/75R15,Canyon,,,
1d4d084f-5d40-443c-beee-8b18dce6116c,2008,gmc,canyon,SLE,generation_template [filled from 2010  [expanded],mismatch,true,215/75R15,215/75R15,225/75R15 205/75R15 265/75R15 235/75R15,215/75R15,225/75R15 205/75R15 265/75R15 235/75R15,Canyon,,,
7fd1770c-b8be-4257-9154-1b3424613118,2008,gmc,canyon,SLE,generation_template [filled from 2010  [expanded],mismatch,true,215/75R15,215/75R15,225/75R15 205/75R15 265/75R15 235/75R15,215/75R15,225/75R15 205/75R15 265/75R15 235/75R15,Canyon,,,
006b647f-2ede-4ea3-b860-6ac87e57895a,2010,gmc,canyon,SLE,generation_template [expanded],mismatch,false,215/75R15,215/75R15,235/50R18 265/70R17 215/70R16 235/75R16,215/75R15,235/50R18 265/70R17 215/70R16 235/75R16,Canyon,,,
53cf75cf-37bd-4ff4-921f-3630a60f5f4f,2010,gmc,canyon,SLE,generation_template [expanded],mismatch,false,215/75R15,215/75R15,235/50R18 265/70R17 215/70R16 235/75R16,215/75R15,235/50R18 265/70R17 215/70R16 235/75R16,Canyon,,,
9e889ee5-7673-4366-a89a-89b09d54105b,2010,gmc,canyon,SLE,generation_template [expanded],mismatch,false,215/75R15,215/75R15,235/50R18 265/70R17 215/70R16 235/75R16,215/75R15,235/50R18 265/70R17 215/70R16 235/75R16,Canyon,,,
fa4bf3a4-6d83-426a-a98e-455780113cee,2010,gmc,canyon,SLE,generation_template,mismatch,false,215/75R15,215/75R15,235/50R18 265/70R17 215/70R16 235/75R16,215/75R15,235/50R18 265/70R17 215/70R16 235/75R16,Canyon,,,
557e1c1e-cbbb-4433-9bcd-71c3d613b2f9,2011,gmc,canyon,SLE,generation_template [expanded],mismatch,false,215/75R15,215/75R15,265/70R17 235/75R16 215/70R16 235/50R18,215/75R15,265/70R17 235/75R16 215/70R16 235/50R18,Canyon,,,
8d4220ce-f7d9-4ac7-8c24-058566970d66,2011,gmc,canyon,SLE,generation_template [expanded],mismatch,false,215/75R15,215/75R15,265/70R17 235/75R16 215/70R16 235/50R18,215/75R15,265/70R17 235/75R16 215/70R16 235/50R18,Canyon,,,
8db8b028-e5e5-41ca-8c5d-911f3f99754d,2011,gmc,canyon,SLE,generation_template,mismatch,false,215/75R15,215/75R15,265/70R17 235/75R16 215/70R16 235/50R18,215/75R15,265/70R17 235/75R16 215/70R16 235/50R18,Canyon,,,
baa70f52-fec0-4fcc-aabb-f9490a29059c,2011,gmc,canyon,SLE,generation_template [expanded],mismatch,false,215/75R15,215/75R15,265/70R17 235/75R16 215/70R16 235/50R18,215/75R15,265/70R17 235/75R16 215/70R16 235/50R18,Canyon,,,
89fc18e6-1344-4f43-a1c6-17f469af5a17,1995,gmc,safari,SL,manual-research,mismatch,true,P205/75R15 P215/70R15,205/75R15 215/70R15,215/75R15 235/65R15,205/75R15 215/70R15,215/75R15 235/65R15,Safari,,,
9ea8810d-9533-4fda-87e3-e12c3e3be38f,1995,gmc,safari,AWD,reddit-correction-2026-09-15,mismatch,true,P205/75R15 P215/70R15,205/75R15 215/70R15,215/75R15 235/65R15,205/75R15 215/70R15,215/75R15 235/65R15,Safari,,,
d66f7dc1-52ac-4a76-aa6e-fafd63a108c2,1995,gmc,safari,SLE,manual-research,mismatch,true,P205/75R15 P215/70R15,205/75R15 215/70R15,215/75R15 235/65R15,205/75R15 215/70R15,215/75R15 235/65R15,Safari,,,
df11eab4-f552-407c-988a-ef4603199a6e,1995,gmc,safari,SLT,manual-research,mismatch,true,P205/75R15 P215/70R15,205/75R15 215/70R15,215/75R15 235/65R15,205/75R15 215/70R15,215/75R15 235/65R15,Safari,,,
218fc97f-b400-43fb-a697-6bdde331cf2d,1996,gmc,safari,SLE,manual-research,mismatch,true,P205/75R15 P215/70R15,205/75R15 215/70R15,215/75R15 235/65R15,205/75R15 215/70R15,215/75R15 235/65R15,Safari,,,
479d7b8e-c2ad-4dd1-911e-01013deb0d6d,1996,gmc,safari,AWD,reddit-correction-2026-09-15,mismatch,true,P205/75R15 P215/70R15,205/75R15 215/70R15,215/75R15 235/65R15,205/75R15 215/70R15,215/75R15 235/65R15,Safari,,,
c6d56f3c-aa95-4f2b-a037-474fe99d95a2,1996,gmc,safari,SLT,manual-research,mismatch,true,P205/75R15 P215/70R15,205/75R15 215/70R15,215/75R15 235/65R15,205/75R15 215/70R15,215/75R15 235/65R15,Safari,,,
cad84b8a-1aff-4a9c-b427-16ae7db0aab4,1996,gmc,safari,SL,manual-research,mismatch,true,P205/75R15 P215/70R15,205/75R15 215/70R15,215/75R15 235/65R15,205/75R15 215/70R15,215/75R15 235/65R15,Safari,,,
0ffdc9b1-139e-4b5e-a1ea-20f5a99886cf,1997,gmc,safari,AWD,reddit-correction-2026-09-15,mismatch,true,P205/75R15 P215/70R15,205/75R15 215/70R15,215/75R15 235/65R15,205/75R15 215/70R15,215/75R15 235/65R15,Safari,,,
69121461-e6e3-4c24-81ce-7800ed6c008b,1997,gmc,safari,SLE,manual-research,mismatch,true,P205/75R15 P215/70R15,205/75R15 215/70R15,215/75R15 235/65R15,205/75R15 215/70R15,215/75R15 235/65R15,Safari,,,
697b1d4e-ff6a-41be-bb8c-0bf678d22bc8,1997,gmc,safari,SL,manual-research,mismatch,true,P205/75R15 P215/70R15,205/75R15 215/70R15,215/75R15 235/65R15,205/75R15 215/70R15,215/75R15 235/65R15,Safari,,,
e46b785b-ae7d-4b55-a896-27cb36efeb80,1997,gmc,safari,SLT,manual-research,mismatch,true,P205/75R15 P215/70R15,205/75R15 215/70R15,215/75R15 235/65R15,205/75R15 215/70R15,215/75R15 235/65R15,Safari,,,
1b6fdb44-5e1d-4322-b9d5-130d1cc6cc17,1998,gmc,safari,AWD,reddit-correction-2026-09-15,mismatch,true,P205/75R15 P215/70R15,205/75R15 215/70R15,215/75R15 235/65R15,205/75R15 215/70R15,215/75R15 235/65R15,Safari,,,
4fc86f55-f62c-4fe4-9820-236dc958ea1e,1998,gmc,safari,SLT,manual-research,mismatch,true,P205/75R15 P215/70R15,205/75R15 215/70R15,215/75R15 235/65R15,205/75R15 215/70R15,215/75R15 235/65R15,Safari,,,
cf5ea5c1-0454-41ca-92e8-5849b1b4e9fe,1998,gmc,safari,SL,manual-research,mismatch,true,P205/75R15 P215/70R15,205/75R15 215/70R15,215/75R15 235/65R15,205/75R15 215/70R15,215/75R15 235/65R15,Safari,,,
fb9cfe89-bc60-41ce-8c2a-629813f90346,1998,gmc,safari,SLE,manual-research,mismatch,true,P205/75R15 P215/70R15,205/75R15 215/70R15,215/75R15 235/65R15,205/75R15 215/70R15,215/75R15 235/65R15,Safari,,,
47563458-6e67-4f54-903b-8b94d82ffbfb,1999,gmc,safari,AWD,reddit-correction-2026-09-15,mismatch,true,P205/75R15 P215/70R15,205/75R15 215/70R15,215/75R15 235/65R15,205/75R15 215/70R15,215/75R15 235/65R15,Safari,,,
64b3140d-f281-4b71-9d13-a84ca462c241,1999,gmc,safari,SLE,manual-research,mismatch,true,P205/75R15 P215/70R15,205/75R15 215/70R15,215/75R15 235/65R15,205/75R15 215/70R15,215/75R15 235/65R15,Safari,,,
7e161bf6-a905-423a-8821-5c97af26a7dc,1999,gmc,safari,SLT,manual-research,mismatch,true,P205/75R15 P215/70R15,205/75R15 215/70R15,215/75R15 235/65R15,205/75R15 215/70R15,215/75R15 235/65R15,Safari,,,
fce4172b-0654-402f-b7c7-036125fe4d72,1999,gmc,safari,SL,manual-research,mismatch,true,P205/75R15 P215/70R15,205/75R15 215/70R15,215/75R15 235/65R15,205/75R15 215/70R15,215/75R15 235/65R15,Safari,,,
2310c6ae-b134-4ebc-baa7-58ce135c7a04,2000,gmc,savana-1500,Passenger,manual-research,mismatch,false,LT245/75R16 LT245/70R17,245/75R16 245/70R17,215/75R15 235/75R15,245/75R16 245/70R17,215/75R15 235/75R15,Savana 1500,,,
a0be3c30-6df2-444c-a827-fce6ae1530f5,2000,gmc,savana-1500,Cargo,manual-research,mismatch,false,LT245/75R16 LT245/70R17,245/75R16 245/70R17,215/75R15 235/75R15,245/75R16 245/70R17,215/75R15 235/75R15,Savana 1500,,,
c5f88b0c-6fd2-4457-b4d0-1c5b1c325146,2000,gmc,savana-1500,SLE,manual-research,mismatch,false,LT245/75R16 LT245/70R17,245/75R16 245/70R17,215/75R15 235/75R15,245/75R16 245/70R17,215/75R15 235/75R15,Savana 1500,,,
cd5a2f62-7172-4695-8b0f-adbb8124d6c2,2000,gmc,savana-1500,SL,manual-research,mismatch,false,LT245/75R16 LT245/70R17,245/75R16 245/70R17,215/75R15 235/75R15,245/75R16 245/70R17,215/75R15 235/75R15,Savana 1500,,,
00dd79eb-6902-4b2e-a890-d5f31f5dfc99,2001,gmc,savana-1500,SLE,manual-research,mismatch,false,LT245/75R16 LT245/70R17,245/75R16 245/70R17,215/70R15 235/75R15,245/75R16 245/70R17,215/70R15 235/75R15,Savana 1500,,,
954f1b9a-9027-4ee2-8044-8660eaab9e59,2001,gmc,savana-1500,Cargo,manual-research,mismatch,false,LT245/75R16 LT245/70R17,245/75R16 245/70R17,215/70R15 235/75R15,245/75R16 245/70R17,215/70R15 235/75R15,Savana 1500,,,
ac0e2762-1d5b-4296-8bd2-e4a0e085012d,2001,gmc,savana-1500,SL,manual-research,mismatch,false,LT245/75R16 LT245/70R17,245/75R16 245/70R17,215/70R15 235/75R15,245/75R16 245/70R17,215/70R15 235/75R15,Savana 1500,,,
d200dfa3-c497-4010-8dac-26d140b30a4c,2001,gmc,savana-1500,Passenger,manual-research,mismatch,false,LT245/75R16 LT245/70R17,245/75R16 245/70R17,215/70R15 235/75R15,245/75R16 245/70R17,215/70R15 235/75R15,Savana 1500,,,
49773b9e-fdb3-4acb-94f6-4caa21ddf689,2002,gmc,savana-1500,Cargo,manual-research,mismatch,false,LT245/75R16 LT245/70R17,245/75R16 245/70R17,235/75R15 215/75R15,245/75R16 245/70R17,235/75R15 215/75R15,Savana 1500,,,
6a23cf26-c7d5-423f-beab-c75516da0732,2002,gmc,savana-1500,SLE,manual-research,mismatch,false,LT245/75R16 LT245/70R17,245/75R16 245/70R17,235/75R15 215/75R15,245/75R16 245/70R17,235/75R15 215/75R15,Savana 1500,,,
d788534b-2a32-4c67-99bb-6d151f4f1421,2002,gmc,savana-1500,Passenger,manual-research,mismatch,false,LT245/75R16 LT245/70R17,245/75R16 245/70R17,235/75R15 215/75R15,245/75R16 245/70R17,235/75R15 215/75R15,Savana 1500,,,
f0dd15f1-7f53-4c59-bc03-efb4856d4fd2,2002,gmc,savana-1500,SL,manual-research,mismatch,false,LT245/75R16 LT245/70R17,245/75R16 245/70R17,235/75R15 215/75R15,245/75R16 245/70R17,235/75R15 215/75R15,Savana 1500,,,
2fbe4fd3-7fe6-4d39-b7a9-36363d7761d6,2003,gmc,savana-1500,SL,manual-research,mismatch,true,LT245/75R16 LT245/70R17,245/75R16 245/70R17,235/75R16,245/75R16 245/70R17,235/75R16,Savana 1500,,,
a6a572c9-1221-4ae5-a365-97bd5b6e711d,2003,gmc,savana-1500,Cargo,manual-research,mismatch,true,LT245/75R16 LT245/70R17,245/75R16 245/70R17,235/75R16,245/75R16 245/70R17,235/75R16,Savana 1500,,,
e3c04315-5c3d-4c49-a265-9ae07925a86e,2003,gmc,savana-1500,Passenger,manual-research,mismatch,true,LT245/75R16 LT245/70R17,245/75R16 245/70R17,235/75R16,245/75R16 245/70R17,235/75R16,Savana 1500,,,
f26988fb-f946-4bd1-afc1-7422a576c138,2003,gmc,savana-1500,SLE,manual-research,mismatch,true,LT245/75R16 LT245/70R17,245/75R16 245/70R17,235/75R16,245/75R16 245/70R17,235/75R16,Savana 1500,,,
4723e77f-e390-4ce9-8e0a-e842a8d5eca1,2004,gmc,savana-1500,Passenger,manual-research,mismatch,true,LT245/75R16 LT245/70R17,245/75R16 245/70R17,235/75R16,245/75R16 245/70R17,235/75R16,Savana 1500,,,
9c862063-2b72-448e-b6c3-036a813693e8,2004,gmc,savana-1500,SLE,manual-research,mismatch,true,LT245/75R16 LT245/70R17,245/75R16 245/70R17,235/75R16,245/75R16 245/70R17,235/75R16,Savana 1500,,,
f7fb334f-3e12-448e-a5ca-fd562ffe5037,2004,gmc,savana-1500,SL,manual-research,mismatch,true,LT245/75R16 LT245/70R17,245/75R16 245/70R17,235/75R16,245/75R16 245/70R17,235/75R16,Savana 1500,,,
ffe40759-3a67-4ba1-ac26-eeb5972e7cfd,2004,gmc,savana-1500,Cargo,manual-research,mismatch,true,LT245/75R16 LT245/70R17,245/75R16 245/70R17,235/75R16,245/75R16 245/70R17,235/75R16,Savana 1500,,,
5ac39e6f-4181-4015-8588-0dd4db90e32a,2005,gmc,savana-1500,SLE,manual-research,mismatch,true,LT245/75R16 LT245/70R17,245/75R16 245/70R17,235/75R16,245/75R16 245/70R17,235/75R16,Savana 1500,,,
6eca6016-db31-40f8-9331-ac0a11c61db4,2005,gmc,savana-1500,Passenger,manual-research,mismatch,true,LT245/75R16 LT245/70R17,245/75R16 245/70R17,235/75R16,245/75R16 245/70R17,235/75R16,Savana 1500,,,
9f210abe-4c22-4af7-a942-0140056c116e,2005,gmc,savana-1500,SL,manual-research,mismatch,true,LT245/75R16 LT245/70R17,245/75R16 245/70R17,235/75R16,245/75R16 245/70R17,235/75R16,Savana 1500,,,
e341c617-69bb-4b03-8d43-d83966f47ac0,2005,gmc,savana-1500,Cargo,manual-research,mismatch,true,LT245/75R16 LT245/70R17,245/75R16 245/70R17,235/75R16,245/75R16 245/70R17,235/75R16,Savana 1500,,,
0b896210-702a-46ef-819d-56442d37d3f8,2000,gmc,savana-2500,Cargo,manual-research,mismatch,true,LT245/75R16 LT245/70R17,245/75R16 245/70R17,225/75R16,245/75R16 245/70R17,225/75R16,Savana 2500,,,
3666200d-01cf-4d95-979d-d6958cf0ba65,2000,gmc,savana-2500,SLE,manual-research,mismatch,true,LT245/75R16 LT245/70R17,245/75R16 245/70R17,225/75R16,245/75R16 245/70R17,225/75R16,Savana 2500,,,
773d4b8a-7cff-4efb-9033-d9eb1fa04c37,2000,gmc,savana-2500,SL,manual-research,mismatch,true,LT245/75R16 LT245/70R17,245/75R16 245/70R17,225/75R16,245/75R16 245/70R17,225/75R16,Savana 2500,,,
93f339ef-7160-4fd1-a262-431a5075422a,2000,gmc,savana-2500,Passenger,manual-research,mismatch,true,LT245/75R16 LT245/70R17,245/75R16 245/70R17,225/75R16,245/75R16 245/70R17,225/75R16,Savana 2500,,,
4c22ad0d-362f-4e2a-aa6e-4d8e00fa9a7f,2001,gmc,savana-2500,Cargo,manual-research,mismatch,true,LT245/75R16 LT245/70R17,245/75R16 245/70R17,225/75R16,245/75R16 245/70R17,225/75R16,Savana 2500,,,
6ff362ee-3e3f-4937-8c2b-01df51a88a3e,2001,gmc,savana-2500,Passenger,manual-research,mismatch,true,LT245/75R16 LT245/70R17,245/75R16 245/70R17,225/75R16,245/75R16 245/70R17,225/75R16,Savana 2500,,,
acb5aace-9a88-459a-a25a-b172164c7325,2001,gmc,savana-2500,SL,manual-research,mismatch,true,LT245/75R16 LT245/70R17,245/75R16 245/70R17,225/75R16,245/75R16 245/70R17,225/75R16,Savana 2500,,,
d53c78c8-a82c-46d1-94f5-e8c95a96bb04,2001,gmc,savana-2500,SLE,manual-research,mismatch,true,LT245/75R16 LT245/70R17,245/75R16 245/70R17,225/75R16,245/75R16 245/70R17,225/75R16,Savana 2500,,,
199200d2-1ad5-4a12-a3a6-0af537feaeae,2002,gmc,savana-2500,SLE,manual-research,mismatch,true,LT245/75R16 LT245/70R17,245/75R16 245/70R17,225/75R16,245/75R16 245/70R17,225/75R16,Savana 2500,,,
39627885-47d7-4942-b1f8-90804b72cabb,2002,gmc,savana-2500,Passenger,manual-research,mismatch,true,LT245/75R16 LT245/70R17,245/75R16 245/70R17,225/75R16,245/75R16 245/70R17,225/75R16,Savana 2500,,,
49a32d3b-7488-4261-ac1d-b6da6948e4c7,2002,gmc,savana-2500,Cargo,manual-research,mismatch,true,LT245/75R16 LT245/70R17,245/75R16 245/70R17,225/75R16,245/75R16 245/70R17,225/75R16,Savana 2500,,,
65be471e-f8f9-4a80-92bf-9cad007f88e3,2002,gmc,savana-2500,SL,manual-research,mismatch,true,LT245/75R16 LT245/70R17,245/75R16 245/70R17,225/75R16,245/75R16 245/70R17,225/75R16,Savana 2500,,,
051d8f51-833b-45e5-9bf3-719f8bd36ada,2003,gmc,savana-2500,SL,manual-research,mismatch,true,LT245/75R16 LT245/70R17,245/75R16 245/70R17,225/75R16,245/75R16 245/70R17,225/75R16,Savana 2500,,,
23edddba-25f6-48e9-94a6-429c7d5d7f2c,2003,gmc,savana-2500,Passenger,manual-research,mismatch,true,LT245/75R16 LT245/70R17,245/75R16 245/70R17,225/75R16,245/75R16 245/70R17,225/75R16,Savana 2500,,,
27ce01e1-ca36-4d71-9f87-8e563c07e4a4,2003,gmc,savana-2500,SLE,manual-research,mismatch,true,LT245/75R16 LT245/70R17,245/75R16 245/70R17,225/75R16,245/75R16 245/70R17,225/75R16,Savana 2500,,,
350a92b4-a89a-463e-a579-f73198923a07,2003,gmc,savana-2500,Cargo,manual-research,mismatch,true,LT245/75R16 LT245/70R17,245/75R16 245/70R17,225/75R16,245/75R16 245/70R17,225/75R16,Savana 2500,,,
aaaf00c0-2d78-41b0-9392-c025fdc5e490,2004,gmc,savana-2500,SLE,manual-research,mismatch,true,LT245/75R16 LT245/70R17,245/75R16 245/70R17,225/75R16,245/75R16 245/70R17,225/75R16,Savana 2500,,,
c1286dc1-a255-48cf-a14f-6fbc261d5bda,2004,gmc,savana-2500,SL,manual-research,mismatch,true,LT245/75R16 LT245/70R17,245/75R16 245/70R17,225/75R16,245/75R16 245/70R17,225/75R16,Savana 2500,,,
de2bb06e-02d9-4f99-b576-962b67e867ad,2004,gmc,savana-2500,Cargo,manual-research,mismatch,true,LT245/75R16 LT245/70R17,245/75R16 245/70R17,225/75R16,245/75R16 245/70R17,225/75R16,Savana 2500,,,
e4f63ad8-9cc8-4025-9220-ad14cee06a54,2004,gmc,savana-2500,Passenger,manual-research,mismatch,true,LT245/75R16 LT245/70R17,245/75R16 245/70R17,225/75R16,245/75R16 245/70R17,225/75R16,Savana 2500,,,
e9c574fb-5219-4f9d-bbbe-3cbfccc288d1,2000,gmc,sierra-1500,Base,generation_template [filled from 2000 sierra-1500],mismatch,false,265/70R17 265/65R17,265/70R17 265/65R17,235/75R16 255/70R16 245/75R16 265/75R16,265/70R17 265/65R17,235/75R16 255/70R16 245/75R16 265/75R16,Sierra 1500,,,
9940234c-1e3e-4095-9d5b-9797465d2393,1990,gmc,sierra-2500hd,SLE,generation_inherit,mismatch,false,LT245/70R17,245/70R17,225/75R16 245/75R16,245/70R17,225/75R16 245/75R16,C2500 | K2500,,,
bbf3453d-2a95-4084-947c-b77d87928b15,1990,gmc,sierra-2500hd,SLT,generation_inherit,mismatch,false,LT245/70R17,245/70R17,225/75R16 245/75R16,245/70R17,225/75R16 245/75R16,C2500 | K2500,,,
7a383b6c-07cd-4f3e-9d07-8ee72644ae61,1991,gmc,sierra-2500hd,SLT,generation_inherit,mismatch,false,LT245/70R17,245/70R17,225/75R16 245/75R16,245/70R17,225/75R16 245/75R16,C2500 | K2500,,,
96ad20e9-57f0-4732-896a-b461184e8a2a,1991,gmc,sierra-2500hd,SLE,generation_inherit,mismatch,false,LT245/70R17,245/70R17,225/75R16 245/75R16,245/70R17,225/75R16 245/75R16,C2500 | K2500,,,
1e16d008-4ae2-4841-8df1-a7056f072002,1992,gmc,sierra-2500hd,SLE,generation_inherit,mismatch,false,LT245/70R17,245/70R17,225/75R16 245/75R16,245/70R17,225/75R16 245/75R16,C2500 | K2500,,,
5bf9d51c-4359-4c69-a19f-30613c0b6ae8,1992,gmc,sierra-2500hd,SLT,generation_inherit,mismatch,false,LT245/70R17,245/70R17,225/75R16 245/75R16,245/70R17,225/75R16 245/75R16,C2500 | K2500,,,
4c98647f-d3dc-4b99-ba25-bbb554fecaca,1993,gmc,sierra-2500hd,SLE,generation_inherit,mismatch,false,LT245/70R17,245/70R17,225/75R16 245/75R16,245/70R17,225/75R16 245/75R16,C2500 | K2500,,,
9f037ba4-87b7-41d5-9e9e-73d821cbc494,1993,gmc,sierra-2500hd,SLT,generation_inherit,mismatch,false,LT245/70R17,245/70R17,225/75R16 245/75R16,245/70R17,225/75R16 245/75R16,C2500 | K2500,,,
59b67d3d-4b8e-4dca-b4e5-51f0aaf1bb30,1994,gmc,sierra-2500hd,SLE,generation_inherit,mismatch,false,LT245/70R17,245/70R17,225/75R16 245/75R16,245/70R17,225/75R16 245/75R16,C2500 | K2500,,,
97a0c82c-9c4f-4ce3-baa1-164c9807a969,1994,gmc,sierra-2500hd,SLT,generation_inherit,mismatch,false,LT245/70R17,245/70R17,225/75R16 245/75R16,245/70R17,225/75R16 245/75R16,C2500 | K2500,,,
601a99dc-bb38-4a89-ac3b-373a202925d6,1995,gmc,sierra-2500hd,SLT,generation_inherit,mismatch,false,LT245/70R17,245/70R17,225/75R16 245/75R16,245/70R17,225/75R16 245/75R16,C2500 | K2500,,,
aca8b841-7aa4-47e0-88f8-bc82dd390ef6,1995,gmc,sierra-2500hd,SLE,generation_inherit,mismatch,false,LT245/70R17,245/70R17,225/75R16 245/75R16,245/70R17,225/75R16 245/75R16,C2500 | K2500,,,
730bea40-958e-4a37-a466-876430378e04,1996,gmc,sierra-2500hd,SLT,generation_inherit,mismatch,false,LT245/70R17,245/70R17,245/75R16 225/75R16,245/70R17,245/75R16 225/75R16,C2500 | K2500,,,
b0c8778d-d45c-4cda-989b-fc03d10d3050,1996,gmc,sierra-2500hd,SLE,generation_inherit,mismatch,false,LT245/70R17,245/70R17,245/75R16 225/75R16,245/70R17,245/75R16 225/75R16,C2500 | K2500,,,
058f5965-659b-420a-b1f0-9b88661b4c7a,1997,gmc,sierra-2500hd,SLE,generation_inherit,mismatch,false,LT245/70R17,245/70R17,245/75R16 225/75R16,245/70R17,245/75R16 225/75R16,C2500 | K2500,,,
90049467-7da3-49f4-86fe-3f479cb5a9fd,1997,gmc,sierra-2500hd,SLT,generation_inherit,mismatch,false,LT245/70R17,245/70R17,245/75R16 225/75R16,245/70R17,245/75R16 225/75R16,C2500 | K2500,,,
4d4e6cf2-e052-44dd-ac5f-616be3b49df2,1998,gmc,sierra-2500hd,SLT,generation_inherit,mismatch,false,LT245/70R17,245/70R17,245/75R16 225/75R16,245/70R17,245/75R16 225/75R16,C2500 | K2500,,,
675e1afb-d0be-4046-9adc-7b2ff445dbf3,1998,gmc,sierra-2500hd,SLE,generation_inherit,mismatch,false,LT245/70R17,245/70R17,245/75R16 225/75R16,245/70R17,245/75R16 225/75R16,C2500 | K2500,,,
61acc64b-4ae5-432c-9b9e-6f081d029196,2007,gmc,sierra-2500hd,WT,generation_inherit,mismatch,true,LT245/70R17,245/70R17,265/70R17 245/75R16,245/70R17,265/70R17 245/75R16,Sierra 2500 HD | Sierra 2500 HD Classic,,,
bae387a6-043e-4079-adf8-fbebf0f931f4,2007,gmc,sierra-2500hd,Denali,generation_inherit,mismatch,false,LT265/70R18 LT275/70R18,265/70R18 275/70R18,265/70R17 245/75R16,265/70R18 275/70R18,265/70R17 245/75R16,Sierra 2500 HD | Sierra 2500 HD Classic,,,
86afead6-42b4-45a3-8df2-55162545f8b9,2008,gmc,sierra-2500hd,Work Truck,manual_import [filled from 2008 sierra-2500hd],mismatch,true,LT245/75R17,245/75R17,245/75R16 265/70R17,245/75R17,245/75R16 265/70R17,Sierra 2500 HD,,,
a3733521-c5a2-470c-9de5-12984618b11e,2008,gmc,sierra-2500hd,Denali,generation_inherit,mismatch,false,LT265/70R18 LT275/70R18,265/70R18 275/70R18,245/75R16 265/70R17,265/70R18 275/70R18,245/75R16 265/70R17,Sierra 2500 HD,,,
da016b93-a382-45f7-8327-8f0bac83012c,2008,gmc,sierra-2500hd,WT,generation_inherit,mismatch,true,LT245/70R17,245/70R17,245/75R16 265/70R17,245/70R17,245/75R16 265/70R17,Sierra 2500 HD,,,
e4fd1c98-4807-4d6a-a67b-85799b32d442,2009,gmc,sierra-2500hd,WT,generation_inherit,mismatch,true,LT245/70R17,245/70R17,265/70R17 245/75R16,245/70R17,265/70R17 245/75R16,Sierra 2500 HD,,,
ea76c465-cd78-4a3a-ba37-7ce027997c1f,2009,gmc,sierra-2500hd,Denali,generation_inherit,mismatch,false,LT265/70R18 LT275/70R18,265/70R18 275/70R18,265/70R17 245/75R16,265/70R18 275/70R18,265/70R17 245/75R16,Sierra 2500 HD,,,
31478931-86e5-4144-8584-de8f841f71ff,2010,gmc,sierra-2500hd,Denali,generation_inherit,mismatch,false,LT265/70R18 LT275/70R18,265/70R18 275/70R18,265/70R17 245/75R16,265/70R18 275/70R18,265/70R17 245/75R16,Sierra 2500 HD,,,
ec36b44f-2ea4-4302-aa9a-be2fdf633ed9,2010,gmc,sierra-2500hd,WT,generation_inherit,mismatch,true,LT245/70R17,245/70R17,265/70R17 245/75R16,245/70R17,265/70R17 245/75R16,Sierra 2500 HD,,,
3d72ed21-0269-4166-8a79-8dae32dc9221,2011,gmc,sierra-2500hd,Denali,api_import [filled from 2011 sierra-2500hd],mismatch,true,LT245/70R17,245/70R17,265/60R20 265/70R18 245/75R17 265/70R17,245/70R17,265/60R20 265/70R18 245/75R17 265/70R17,Sierra 2500 HD,,,
7403607d-a8df-4725-9162-f91c55943705,2011,gmc,sierra-2500hd,SLT,api_import [filled from 2011 sierra-2500hd],mismatch,true,LT245/70R17,245/70R17,265/60R20 265/70R18 245/75R17 265/70R17,245/70R17,265/60R20 265/70R18 245/75R17 265/70R17,Sierra 2500 HD,,,
77be2286-d989-45e4-aab7-eda25f47eb17,2011,gmc,sierra-2500hd,SLE,api_import [filled from 2011 sierra-2500hd],mismatch,true,LT245/70R17,245/70R17,265/60R20 265/70R18 245/75R17 265/70R17,245/70R17,265/60R20 265/70R18 245/75R17 265/70R17,Sierra 2500 HD,,,
fcdd1579-7b92-411d-8a4b-e221bace5d11,2011,gmc,sierra-2500hd,WT,generation_inherit,mismatch,true,LT245/70R17,245/70R17,265/60R20 265/70R18 245/75R17 265/70R17,245/70R17,265/60R20 265/70R18 245/75R17 265/70R17,Sierra 2500 HD,,,
1f018dff-eea1-4d83-84e2-3b5481a34aac,2012,gmc,sierra-2500hd,SLE,api_import [filled from 2012 sierra-2500hd],mismatch,true,LT245/70R17,245/70R17,265/60R20 245/75R17 265/70R17 265/70R18,245/70R17,265/60R20 245/75R17 265/70R17 265/70R18,Sierra 2500 HD,,,
63341f91-a4f0-4e9c-9a14-8ad6a45427c3,2012,gmc,sierra-2500hd,Denali,api_import [filled from 2012 sierra-2500hd],mismatch,true,LT245/70R17,245/70R17,265/60R20 245/75R17 265/70R17 265/70R18,245/70R17,265/60R20 245/75R17 265/70R17 265/70R18,Sierra 2500 HD,,,
6ab3032c-9190-4413-af74-4931add15331,2012,gmc,sierra-2500hd,SLT,api_import [filled from 2012 sierra-2500hd],mismatch,true,LT245/70R17,245/70R17,265/60R20 245/75R17 265/70R17 265/70R18,245/70R17,265/60R20 245/75R17 265/70R17 265/70R18,Sierra 2500 HD,,,
d07bb7ab-5104-4789-ab73-310742fc93ad,2012,gmc,sierra-2500hd,WT,generation_inherit,mismatch,true,LT245/70R17,245/70R17,265/60R20 245/75R17 265/70R17 265/70R18,245/70R17,265/60R20 245/75R17 265/70R17 265/70R18,Sierra 2500 HD,,,
3559c6ec-6a21-45df-b20c-88cac91b1e63,2013,gmc,sierra-2500hd,Denali,api_import [filled from 2013 sierra-2500hd],mismatch,true,LT245/70R17,245/70R17,265/60R20 245/75R17 265/70R17 265/70R18,245/70R17,265/60R20 245/75R17 265/70R17 265/70R18,Sierra 2500 HD,,,
7b8e3217-9e22-418c-ae1b-7910c3faf5b9,2013,gmc,sierra-2500hd,WT,generation_inherit,mismatch,true,LT245/70R17,245/70R17,265/60R20 245/75R17 265/70R17 265/70R18,245/70R17,265/60R20 245/75R17 265/70R17 265/70R18,Sierra 2500 HD,,,
dbeae253-8c13-45e7-96d7-651bf0ed0006,2013,gmc,sierra-2500hd,SLE,api_import [filled from 2013 sierra-2500hd],mismatch,true,LT245/70R17,245/70R17,265/60R20 245/75R17 265/70R17 265/70R18,245/70R17,265/60R20 245/75R17 265/70R17 265/70R18,Sierra 2500 HD,,,
f747f800-cd31-4767-86e2-f167e54c39b2,2013,gmc,sierra-2500hd,SLT,api_import [filled from 2013 sierra-2500hd],mismatch,true,LT245/70R17,245/70R17,265/60R20 245/75R17 265/70R17 265/70R18,245/70R17,265/60R20 245/75R17 265/70R17 265/70R18,Sierra 2500 HD,,,
01545a85-864e-4dbe-a13b-939831e549fb,2014,gmc,sierra-2500hd,SLT,api_import [filled from 2014 sierra-2500hd],mismatch,true,LT245/70R17,245/70R17,265/70R18 265/60R20 245/75R17 265/70R17,245/70R17,265/70R18 265/60R20 245/75R17 265/70R17,Sierra 2500 HD,,,
5907a245-f83b-4351-9b76-ddd4531d785c,2014,gmc,sierra-2500hd,Denali,api_import [filled from 2014 sierra-2500hd],mismatch,true,LT245/70R17,245/70R17,265/70R18 265/60R20 245/75R17 265/70R17,245/70R17,265/70R18 265/60R20 245/75R17 265/70R17,Sierra 2500 HD,,,
9c07e417-1b3c-43f2-a8f9-b2fad2fd0515,2014,gmc,sierra-2500hd,WT,generation_inherit,mismatch,true,LT245/70R17,245/70R17,265/70R18 265/60R20 245/75R17 265/70R17,245/70R17,265/70R18 265/60R20 245/75R17 265/70R17,Sierra 2500 HD,,,
eac84b62-873c-4a47-868c-5c9a2c7cdb6a,2014,gmc,sierra-2500hd,SLE,api_import [filled from 2014 sierra-2500hd],mismatch,true,LT245/70R17,245/70R17,265/70R18 265/60R20 245/75R17 265/70R17,245/70R17,265/70R18 265/60R20 245/75R17 265/70R17,Sierra 2500 HD,,,
60217065-ef8e-4324-8e66-2edf8d382963,2015,gmc,sierra-2500hd,Base,oem_specs,mismatch,true,265/70R17 275/70R18,265/70R17 275/70R18,245/75R17 265/60R20 265/70R18,265/70R17 275/70R18,245/75R17 265/60R20 265/70R18,Sierra 2500 HD,,,
c6fa39c5-d700-427f-be0d-c7fc4f6a5bf6,2016,gmc,sierra-2500hd,Base,oem_specs,mismatch,true,265/70R17 275/70R18,265/70R17 275/70R18,265/70R18 265/60R20 245/75R17,265/70R17 275/70R18,265/70R18 265/60R20 245/75R17,Sierra 2500 HD,,,
1bb83e79-0500-4479-b49c-b1154d8fbbc3,2017,gmc,sierra-2500hd,Base,oem_specs,mismatch,true,265/70R17 275/70R18,265/70R17 275/70R18,245/75R17 265/70R18 265/60R20,265/70R17 275/70R18,245/75R17 265/70R18 265/60R20,Sierra 2500 HD,,,
6526e976-f033-4a65-84cc-b7dd0a6b176c,2018,gmc,sierra-2500hd,Base,oem_specs,mismatch,true,265/70R17 275/70R18,265/70R17 275/70R18,245/75R17 265/70R18 265/60R20,265/70R17 275/70R18,245/75R17 265/70R18 265/60R20,Sierra 2500 HD,,,
5adea1d7-6c61-4c97-bdad-e8d45d478ef3,2020,gmc,sierra-2500hd,Pro,generation_inherit,mismatch,true,LT245/70R17,245/70R17,245/75R17 265/70R17 275/70R18 275/65R20,245/70R17,245/75R17 265/70R17 275/70R18 275/65R20,Sierra 2500 HD,,,
0edfba4f-dae2-4790-8579-4ca515bdec81,2021,gmc,sierra-2500hd,Pro,generation_inherit,mismatch,true,LT245/70R17,245/70R17,245/75R17 265/70R17 275/70R18 275/65R20,245/70R17,245/75R17 265/70R17 275/70R18 275/65R20,Sierra 2500 HD,,,
13ae8da2-7a2b-46f2-9b89-e43bfd13cfdc,2003,gmc,sierra-3500hd,SLT,api_import [template:gm_hd_gen1_1999_2006],mismatch,true,LT245/75R16 LT265/75R16 LT245/70R17 LT265/70R17,245/75R16 265/75R16 245/70R17 265/70R17,215/85R16,245/75R16 265/75R16 245/70R17 265/70R17,215/85R16,Sierra 3500,,,
7f0ed026-9d53-40b8-89b8-50da28bf415d,2003,gmc,sierra-3500hd,SLE,api_import [template:gm_hd_gen1_1999_2006],mismatch,true,LT245/75R16 LT265/75R16 LT245/70R17 LT265/70R17,245/75R16 265/75R16 245/70R17 265/70R17,215/85R16,245/75R16 265/75R16 245/70R17 265/70R17,215/85R16,Sierra 3500,,,
d7bfbbe0-b32c-4cb9-948f-53d4b0829857,2003,gmc,sierra-3500hd,Base,api_import [template:gm_hd_gen1_1999_2006],mismatch,true,LT245/75R16 LT265/75R16 LT245/70R17 LT265/70R17,245/75R16 265/75R16 245/70R17 265/70R17,215/85R16,245/75R16 265/75R16 245/70R17 265/70R17,215/85R16,Sierra 3500,,,
ff90d36a-b6ed-4d46-8ca4-9a1ef744c9f9,2011,gmc,sierra-3500hd,Base,oem_specs,mismatch,true,265/70R17 275/70R18,265/70R17 275/70R18,235/80R17 265/70R18 265/60R20,265/70R17 275/70R18,235/80R17 265/70R18 265/60R20,Sierra 3500 HD,,,
b970f361-0823-4008-bdfb-cf24af8c9f4b,2012,gmc,sierra-3500hd,Base,oem_specs,mismatch,true,265/70R17 275/70R18,265/70R17 275/70R18,235/80R17 265/70R18 265/60R20,265/70R17 275/70R18,235/80R17 265/70R18 265/60R20,Sierra 3500 HD,,,
23b8c9b4-7db3-4aa3-9eba-07e47f590f41,2013,gmc,sierra-3500hd,Base,oem_specs,mismatch,true,265/70R17 275/70R18,265/70R17 275/70R18,265/70R18 265/60R20 235/80R17,265/70R17 275/70R18,265/70R18 265/60R20 235/80R17,Sierra 3500 HD,,,
141fa17e-e86a-4b40-bfff-d8d587fc2f4a,2014,gmc,sierra-3500hd,Base,oem_specs,mismatch,true,265/70R17 275/70R18,265/70R17 275/70R18,265/70R18 265/60R20 235/80R17,265/70R17 275/70R18,265/70R18 265/60R20 235/80R17,Sierra 3500 HD,,,
df2a725e-4bcf-4b27-975a-e3445f019ed4,2015,gmc,sierra-3500hd,Base,oem_specs,mismatch,true,265/70R17 275/70R18,265/70R17 275/70R18,265/70R18 235/80R17,265/70R17 275/70R18,265/70R18 235/80R17,Sierra 3500 HD,,,
e219c96d-6300-441f-b880-c18add3ed1a6,2016,gmc,sierra-3500hd,Base,oem_specs,mismatch,true,265/70R17 275/70R18,265/70R17 275/70R18,265/70R18 235/80R17,265/70R17 275/70R18,265/70R18 235/80R17,Sierra 3500 HD,,,
1be3a33e-3784-4eba-a4b4-27b828768554,2017,gmc,sierra-3500hd,Base,oem_specs,mismatch,true,265/70R17 275/70R18,265/70R17 275/70R18,265/70R18 235/80R17,265/70R17 275/70R18,265/70R18 235/80R17,Sierra 3500 HD,,,
253cbdcf-6b64-4347-956c-8fa82d18e362,2018,gmc,sierra-3500hd,Base,oem_specs,mismatch,true,265/70R17 275/70R18,265/70R17 275/70R18,265/70R18 235/80R17,265/70R17 275/70R18,265/70R18 235/80R17,Sierra 3500 HD,,,
85891615-062b-4b38-8173-e8c175782ab1,2019,gmc,sierra-3500hd,Base,oem_specs,mismatch,true,265/70R17 275/70R18,265/70R17 275/70R18,265/70R18 235/80R17,265/70R17 275/70R18,265/70R18 235/80R17,Sierra 3500 HD,,,
d4bd1634-5dd4-491f-a3fe-7f58eb8bde71,2012,gmc,terrain,SLE,generation_template,mismatch,true,225/65R17,225/65R17,235/60R17 235/55R18 235/55R19,225/65R17,235/60R17 235/55R18 235/55R19,Terrain,,,
d649ed36-7687-43c1-8b42-3a7787062b17,2012,gmc,terrain,SLE,generation_template [expanded],mismatch,true,225/65R17,225/65R17,235/60R17 235/55R18 235/55R19,225/65R17,235/60R17 235/55R18 235/55R19,Terrain,,,
b38d3498-f1b1-4c4d-8cbe-c1971e7bdd89,2013,gmc,terrain,SLE,generation_template,mismatch,true,225/65R17,225/65R17,235/55R19 235/60R17 235/55R18,225/65R17,235/55R19 235/60R17 235/55R18,Terrain,,,
f181d68f-4811-40db-a418-aa6680766236,2013,gmc,terrain,SLE,generation_template [expanded],mismatch,true,225/65R17,225/65R17,235/55R19 235/60R17 235/55R18,225/65R17,235/55R19 235/60R17 235/55R18,Terrain,,,
87d49ffd-8334-43ee-bae1-a085cd2f0e8d,2017,gmc,terrain,SLE,generation_template [expanded],mismatch,false,225/65R17,225/65R17,235/55R18 235/55R19,225/65R17,235/55R18 235/55R19,Terrain,,,
c2c2a65c-ec80-4dcc-b58e-7b8222fb9a22,2017,gmc,terrain,SLE,generation_template,mismatch,false,225/65R17,225/65R17,235/55R18 235/55R19,225/65R17,235/55R18 235/55R19,Terrain,,,
b3dace8d-7a76-4255-900c-2baf08c704e7,2000,gmc,yukon,SLT,generation_template [sib-same-year:sub [expanded],mismatch,false,265/70R17,265/70R17,245/75R16 265/70R16 265/75R16,265/70R17,245/75R16 265/70R16 265/75R16,Yukon,,,
ec4b1f23-e433-4bc8-a066-f6deb564d91a,2000,gmc,yukon,SLT,generation_template [sib-same-year:sub [expanded],mismatch,false,265/70R17,265/70R17,245/75R16 265/70R16 265/75R16,265/70R17,245/75R16 265/70R16 265/75R16,Yukon,,,
0ea6327a-1e17-482e-8125-eb6d3510495a,2003,gmc,yukon,"SLE, SLT, AT4, Denali, Denali Ultimate",generation_template [sib-same-year:suburban:2003],mismatch,true,215/60R16,215/60R16,265/70R16 265/70R17,215/60R16,265/70R16 265/70R17,Yukon,,,
52350110-7565-4d61-9c95-2ef13f4a39f2,2003,gmc,yukon,SLE,generation_template [sib-same-year:sub [expanded],mismatch,true,215/60R16,215/60R16,265/70R16 265/70R17,215/60R16,265/70R16 265/70R17,Yukon,,,
b877c3d4-8137-4e09-a65a-da5fe5d57f51,2003,gmc,yukon,SLT,generation_template [sib-same-year:sub [expanded],mismatch,true,215/60R16,215/60R16,265/70R16 265/70R17,215/60R16,265/70R16 265/70R17,Yukon,,,
bdb65b67-644f-4826-9260-ae8ac85f1322,2003,gmc,yukon,Denali,generation_template [sib-same-year:sub [expanded],mismatch,true,215/60R16,215/60R16,265/70R16 265/70R17,215/60R16,265/70R16 265/70R17,Yukon,,,
50e987b7-ebb3-4ba3-9465-63e363935d08,2004,gmc,yukon,SLT,generation_template [sib-same-year:sub [expanded],mismatch,true,215/60R16,215/60R16,265/70R16 265/70R17,215/60R16,265/70R16 265/70R17,Yukon,,,
86060fcc-3a37-46f1-a3d1-1c5b5bfec496,2004,gmc,yukon,Denali,generation_template [sib-same-year:sub [expanded],mismatch,true,P265/65R17,265/65R17,265/70R16 265/70R17,265/65R17,265/70R16 265/70R17,Yukon,,,
be1eff92-8e57-4f03-b575-cf11aa363079,2004,gmc,yukon,"SLE, SLT, AT4, Denali, Denali Ultimate",generation_template [sib-same-year:suburban:2004],mismatch,true,215/60R16,215/60R16,265/70R16 265/70R17,215/60R16,265/70R16 265/70R17,Yukon,,,
d9081d86-13c5-4d13-8e10-d22696f5fcf1,2004,gmc,yukon,SLE,generation_template [sib-same-year:sub [expanded],mismatch,true,215/60R16,215/60R16,265/70R16 265/70R17,215/60R16,265/70R16 265/70R17,Yukon,,,
0bd91518-4a51-4e62-9779-acb1ac2d11c4,2005,gmc,yukon,Denali,generation_template [sib-same-year:sub [expanded],mismatch,true,P265/65R17,265/65R17,265/70R16 265/70R17,265/65R17,265/70R16 265/70R17,Yukon,,,
39608246-d7ff-4ccf-95d5-4ecfa33cd320,2005,gmc,yukon,SLT,generation_template [sib-same-year:sub [expanded],mismatch,true,P265/65R17,265/65R17,265/70R16 265/70R17,265/65R17,265/70R16 265/70R17,Yukon,,,
87f3d2ae-2172-4992-9e99-9d21170bf522,2005,gmc,yukon,SLE,generation_template [sib-same-year:sub [expanded],mismatch,true,P265/65R17,265/65R17,265/70R16 265/70R17,265/65R17,265/70R16 265/70R17,Yukon,,,
bbc602c4-e247-4faa-a970-7f71bb33198c,2005,gmc,yukon,"SLE, SLT, AT4, Denali, Denali Ultimate",generation_template [sib-same-year:suburban:2005],mismatch,true,P265/65R17,265/65R17,265/70R16 265/70R17,265/65R17,265/70R16 265/70R17,Yukon,,,
0b8e08e7-666e-4ec4-8f11-428d77507ef7,2006,gmc,yukon,SLE,generation_template [sib-same-year:sub [expanded],mismatch,true,P265/65R17,265/65R17,265/70R17 275/55R20 245/75R16 265/70R16,265/65R17,265/70R17 275/55R20 245/75R16 265/70R16,Yukon,,,
86e28fa2-19a7-4a30-874a-2b290c002920,2006,gmc,yukon,SLT,generation_template [sib-same-year:sub [expanded],mismatch,true,P265/65R17,265/65R17,265/70R17 275/55R20 245/75R16 265/70R16,265/65R17,265/70R17 275/55R20 245/75R16 265/70R16,Yukon,,,
cead964e-090d-4d41-afac-4ad051537381,2006,gmc,yukon,"SLE, SLT, AT4, Denali, Denali Ultimate",generation_template [sib-same-year:suburban:2006],mismatch,true,P265/65R17,265/65R17,265/70R17 275/55R20 245/75R16 265/70R16,265/65R17,265/70R17 275/55R20 245/75R16 265/70R16,Yukon,,,
58e2d674-f85a-4e7f-8187-9e2a9434e1cc,2014,gmc,yukon,SLT,generation_template [sib-same-year:tah [expanded],mismatch,false,265/65R18,265/65R18,275/55R20 285/50R20 265/70R17,265/65R18,275/55R20 285/50R20 265/70R17,Yukon,,,
d37e434f-460f-43bf-827f-d1ff03141c9d,2014,gmc,yukon,SLT,generation_template [sib-same-year:tah [expanded],mismatch,false,265/65R18,265/65R18,275/55R20 285/50R20 265/70R17,265/65R18,275/55R20 285/50R20 265/70R17,Yukon,,,
0a23eda1-11e3-4cca-b32d-14abf883ca07,2000,honda,accord,EX,trim-research,mismatch,true,205/55R16,205/55R16,195/70R14 205/60R16 195/65R15 205/65R15,205/55R16,195/70R14 205/60R16 195/65R15 205/65R15,Accord,,,
60a433d2-ed5c-4610-aa2b-f45ebd528773,2000,honda,accord,EX-L,trim-research,mismatch,true,205/55R16,205/55R16,195/70R14 205/60R16 195/65R15 205/65R15,205/55R16,195/70R14 205/60R16 195/65R15 205/65R15,Accord,,,
41bf692e-95e7-4388-9426-41a0a19ebf80,2001,honda,accord,EX,trim-research,mismatch,true,205/55R16,205/55R16,195/70R14 205/60R16 195/65R15 205/65R15,205/55R16,195/70R14 205/60R16 195/65R15 205/65R15,Accord,,,
c6d05316-7e5d-45ab-96b3-6e2ae89a1cd7,2001,honda,accord,EX-L,trim-research,mismatch,true,205/55R16,205/55R16,195/70R14 205/60R16 195/65R15 205/65R15,205/55R16,195/70R14 205/60R16 195/65R15 205/65R15,Accord,,,
83751b6d-539d-41ff-b6bc-a3c5f69b9ead,2002,honda,accord,EX-L,trim-research,mismatch,true,205/55R16,205/55R16,195/70R14 205/65R15 205/60R16 195/65R15,205/55R16,195/70R14 205/65R15 205/60R16 195/65R15,Accord,,,
cff316af-3d06-4e2b-92f6-39c14cf99ecd,2002,honda,accord,EX,trim-research,mismatch,true,205/55R16,205/55R16,195/70R14 205/65R15 205/60R16 195/65R15,205/55R16,195/70R14 205/65R15 205/60R16 195/65R15,Accord,,,
30f54555-907b-40a3-b83f-e30093625788,2013,honda,accord,"LX, Sport, EX, EX-L, Touring",trim-research,mismatch,true,215/60R16,215/60R16,205/65R16 235/45R18 215/55R17,215/60R16,205/65R16 235/45R18 215/55R17,Accord,,,
8f726d20-9ce3-497e-9710-d01791d9abb5,2013,honda,accord,LX,trim-research,mismatch,true,215/60R16,215/60R16,205/65R16 235/45R18 215/55R17,215/60R16,205/65R16 235/45R18 215/55R17,Accord,,,
ac7510a6-7091-47c6-9f8c-347ac5815028,2013,honda,accord,EX-L,trim-research,mismatch,true,225/50R17,225/50R17,205/65R16 235/45R18 215/55R17,225/50R17,205/65R16 235/45R18 215/55R17,Accord,,,
cce7b427-7f59-4aa6-855a-3b20862cc4d4,2013,honda,accord,EX,trim-research,mismatch,true,225/50R17,225/50R17,205/65R16 235/45R18 215/55R17,225/50R17,205/65R16 235/45R18 215/55R17,Accord,,,
07d65c35-e653-4076-95cc-868b8b159404,2014,honda,accord,LX,trim-research,mismatch,true,215/60R16,215/60R16,225/50R17 215/55R17 235/45R18 205/65R16,215/60R16,225/50R17 215/55R17 235/45R18 205/65R16,Accord,,,
329943c7-aef3-4a95-8915-c3cd34385122,2014,honda,accord,"LX, Sport, EX, EX-L, Touring",trim-research,mismatch,true,215/60R16,215/60R16,225/50R17 215/55R17 235/45R18 205/65R16,215/60R16,225/50R17 215/55R17 235/45R18 205/65R16,Accord,,,
1c75c096-818b-4c11-9500-82e83a8b3584,2015,honda,accord,"LX, Sport, EX, EX-L, Touring",trim-research,mismatch,true,215/60R16,215/60R16,215/55R17 235/45R18 205/65R16 225/50R17,215/60R16,215/55R17 235/45R18 205/65R16 225/50R17,Accord,,,
46a1758e-18eb-4be2-bb3c-d818f0076bcb,2015,honda,accord,LX,trim-research,mismatch,true,215/60R16,215/60R16,215/55R17 235/45R18 205/65R16 225/50R17,215/60R16,215/55R17 235/45R18 205/65R16 225/50R17,Accord,,,
4d10fb3d-5122-4d78-9107-3161cb0cd743,2016,honda,accord,EX,trim-research,mismatch,true,225/50R17,225/50R17,215/55R17 235/45R18 235/40R19 205/65R16,225/50R17,215/55R17 235/45R18 235/40R19 205/65R16,Accord,,,
c9356b98-86cb-4c7f-8cbb-450de9ed34d4,2016,honda,accord,EX-L,trim-research,mismatch,true,225/50R17,225/50R17,215/55R17 235/45R18 235/40R19 205/65R16,225/50R17,215/55R17 235/45R18 235/40R19 205/65R16,Accord,,,
cf6adf63-a82c-44c4-849c-5b45b57a49dd,2016,honda,accord,LX,trim-research,mismatch,true,215/60R16,215/60R16,215/55R17 235/45R18 235/40R19 205/65R16,215/60R16,215/55R17 235/45R18 235/40R19 205/65R16,Accord,,,
f9e0b7b8-c5ac-47be-aecd-618788ef9a09,2016,honda,accord,"LX, Sport, EX, EX-L, Touring",trim-research,mismatch,true,215/60R16,215/60R16,215/55R17 235/45R18 235/40R19 205/65R16,215/60R16,215/55R17 235/45R18 235/40R19 205/65R16,Accord,,,
4a6f2102-75a6-4d91-9264-b2c7a223ad71,2017,honda,accord,LX,trim-research,mismatch,true,215/60R16,215/60R16,225/50R17 215/55R17 235/45R18 235/40R19 205/65R16,215/60R16,225/50R17 215/55R17 235/45R18 235/40R19 205/65R16,Accord,,,
fc25b5b0-3832-4256-8a2f-ee168085175b,2017,honda,accord,"LX, Sport, EX, EX-L, Touring",trim-research,mismatch,true,215/60R16,215/60R16,225/50R17 215/55R17 235/45R18 235/40R19 205/65R16,215/60R16,225/50R17 215/55R17 235/45R18 235/40R19 205/65R16,Accord,,,
6e77d8ac-5a0b-4751-b016-d2835a207dfc,2001,honda,civic,EX-L,trim-research,mismatch,true,195/60R15,195/60R15,185/65R15 185/70R14,195/60R15,185/65R15 185/70R14,Civic,,,
88618e58-4939-4b69-a443-78434f22d1ca,2001,honda,civic,LX,trim-research,mismatch,true,195/60R15,195/60R15,185/65R15 185/70R14,195/60R15,185/65R15 185/70R14,Civic,,,
bc40f756-1bb9-4050-88ff-cd0707662b8f,2001,honda,civic,EX,trim-research,mismatch,true,195/60R15,195/60R15,185/65R15 185/70R14,195/60R15,185/65R15 185/70R14,Civic,,,
d812b2ba-a28f-4897-ab8c-4f3a62c72aff,2001,honda,civic,"LX, Sport, EX, EX-L, Touring, Si",trim-research,mismatch,true,195/60R15,195/60R15,185/65R15 185/70R14,195/60R15,185/65R15 185/70R14,Civic,,,
536c064c-1b7d-406b-8e0f-c2e43db16e0d,2016,honda,civic,Si,google-ai-overview,mismatch,false,235/40R18,235/40R18,215/50R17 215/55R16,235/40R18,215/50R17 215/55R16,Civic,,,
a5172bea-20fa-4cb0-a778-f40a7505d454,2016,honda,civic,Type R,google-ai-overview,mismatch,false,245/30R20,245/30R20,215/50R17 215/55R16,245/30R20,215/50R17 215/55R16,Civic,,,
5332313f-0de1-4b19-a204-e1edb83502e1,2022,honda,civic,Type R,google-ai-overview,mismatch,false,265/30R19,265/30R19,215/55R16 215/50R17 235/40R18,265/30R19,215/55R16 215/50R17 235/40R18,Civic,,,
08d972b5-1f78-4a2a-a015-00fed086d192,2025,honda,civic,Sedan Sport,trim-research,mismatch,false,215/50R17,215/50R17,215/55R16 235/40R18 265/30R19,215/50R17,215/55R16 235/40R18 265/30R19,Civic,,,
24492eb2-a92f-4f27-9582-6187788ab640,2025,honda,civic,Hatchback Sport Touring Hybrid,trim-research,mismatch,false,215/50R17,215/50R17,215/55R16 235/40R18 265/30R19,215/50R17,215/55R16 235/40R18 265/30R19,Civic,,,
3d8c72d0-2d4e-4397-b9ea-3c6d47a62166,2025,honda,civic,Sedan Sport Hybrid,trim-research,mismatch,false,215/50R17,215/50R17,215/55R16 235/40R18 265/30R19,215/50R17,215/55R16 235/40R18 265/30R19,Civic,,,
5a02223f-dd93-4efa-9c47-f9de3b56350e,2025,honda,civic,EX,trim-research,mismatch,false,215/50R17,215/50R17,215/55R16 235/40R18 265/30R19,215/50R17,215/55R16 235/40R18 265/30R19,Civic,,,
6c75e9cf-7cc1-4159-b5a5-f022c536610a,2025,honda,civic,Hatchback Sport,trim-research,mismatch,false,215/50R17,215/50R17,215/55R16 235/40R18 265/30R19,215/50R17,215/55R16 235/40R18 265/30R19,Civic,,,
c3346484-225e-4d15-b257-58b985483c87,2025,honda,civic,Sport,trim-research,mismatch,false,215/50R17,215/50R17,215/55R16 235/40R18 265/30R19,215/50R17,215/55R16 235/40R18 265/30R19,Civic,,,
e045077c-64b8-4596-a4ce-f34132eb7db5,2025,honda,civic,Sedan Sport Touring Hybrid,trim-research,mismatch,false,215/50R17,215/50R17,215/55R16 235/40R18 265/30R19,215/50R17,215/55R16 235/40R18 265/30R19,Civic,,,
f51964f7-b670-42f0-8ae3-58a2a4569f11,2025,honda,civic,Hatchback Sport Hybrid,trim-research,mismatch,false,215/50R17,215/50R17,215/55R16 235/40R18 265/30R19,215/50R17,215/55R16 235/40R18 265/30R19,Civic,,,
18115c01-cdb4-46fe-902d-23fbfd19b33f,2026,honda,civic,Sedan Sport,trim-research,mismatch,false,215/50R17,215/50R17,235/40R18 215/55R16 265/30R19,215/50R17,235/40R18 215/55R16 265/30R19,Civic,,,
350782b4-9f34-4ad1-a769-3e3fec690073,2026,honda,civic,EX,trim-research,mismatch,false,215/50R17,215/50R17,235/40R18 215/55R16 265/30R19,215/50R17,235/40R18 215/55R16 265/30R19,Civic,,,
39dd24ec-bb09-458b-8dad-e75cef9660f4,2026,honda,civic,Sedan Sport Hybrid,trim-research,mismatch,false,215/50R17,215/50R17,235/40R18 215/55R16 265/30R19,215/50R17,235/40R18 215/55R16 265/30R19,Civic,,,
5b72a787-d38a-4bef-b948-9cb36ce73e43,2026,honda,civic,Hatchback Sport Hybrid,trim-research,mismatch,false,215/50R17,215/50R17,235/40R18 215/55R16 265/30R19,215/50R17,235/40R18 215/55R16 265/30R19,Civic,,,
80ec93b0-cc3d-42b9-8375-a11722f06b98,2026,honda,civic,Sport,trim-research,mismatch,false,215/50R17,215/50R17,235/40R18 215/55R16 265/30R19,215/50R17,235/40R18 215/55R16 265/30R19,Civic,,,
947f6835-36ce-40f9-a174-b0e032bee7ec,2026,honda,civic,Hatchback Sport Touring Hybrid,trim-research,mismatch,false,215/50R17,215/50R17,235/40R18 215/55R16 265/30R19,215/50R17,235/40R18 215/55R16 265/30R19,Civic,,,
ad0e6db9-6091-4dd1-b3bf-a098fcafc31a,2026,honda,civic,Hatchback Sport,trim-research,mismatch,false,215/50R17,215/50R17,235/40R18 215/55R16 265/30R19,215/50R17,235/40R18 215/55R16 265/30R19,Civic,,,
e181cadb-89e4-47d6-aaed-49a7f320144a,2026,honda,civic,Sedan Sport Touring Hybrid,trim-research,mismatch,false,215/50R17,215/50R17,235/40R18 215/55R16 265/30R19,215/50R17,235/40R18 215/55R16 265/30R19,Civic,,,
4aebdf14-46a3-4d0a-a248-8a7d3466ea46,2002,honda,cr-v,LX,trim-research,mismatch,false,215/65R16,215/65R16,205/70R15,215/65R16,205/70R15,CR-V,,,
7d92799a-3426-42e0-9c3d-d0b15bc5de1c,2002,honda,cr-v,EX,trim-research,mismatch,false,215/65R16,215/65R16,205/70R15,215/65R16,205/70R15,CR-V,,,
8a5046cf-dd68-4e84-9f03-5a3a7749ec22,2002,honda,cr-v,"LX, EX, EX-L, Touring",trim-research,mismatch,false,215/65R16,215/65R16,205/70R15,215/65R16,205/70R15,CR-V,,,
b2859f5b-f85f-4853-8a2b-368b0b58d0d9,2002,honda,cr-v,Touring,cache-import [expanded],mismatch,false,215/65R16 225/60R17,215/65R16 225/60R17,205/70R15,215/65R16 225/60R17,205/70R15,CR-V,,,
f7efa8d1-4d84-4dde-9aa1-abad15fa4e81,2002,honda,cr-v,EX-L,trim-research,mismatch,false,215/65R16,215/65R16,205/70R15,215/65R16,205/70R15,CR-V,,,
45612945-be56-43db-b6f1-d8e17a3c8df7,2003,honda,cr-v,EX-L,trim-research,mismatch,false,215/65R16,215/65R16,205/70R15,215/65R16,205/70R15,CR-V,,,
47c4df6b-4be7-420d-a662-99f95d2e738a,2003,honda,cr-v,EX,trim-research,mismatch,false,215/65R16,215/65R16,205/70R15,215/65R16,205/70R15,CR-V,,,
7c80af86-1e96-4369-95b1-0e2cbd0ced6d,2003,honda,cr-v,"LX, EX, EX-L, Touring",trim-research,mismatch,false,215/65R16,215/65R16,205/70R15,215/65R16,205/70R15,CR-V,,,
b433819e-006c-413f-a9b9-1fefc14a058c,2003,honda,cr-v,LX,trim-research,mismatch,false,215/65R16,215/65R16,205/70R15,215/65R16,205/70R15,CR-V,,,
e6a0536f-bbfe-44c9-aab5-64d9752f5de6,2003,honda,cr-v,Touring,cache-import [expanded],mismatch,false,215/65R16 225/60R17,215/65R16 225/60R17,205/70R15,215/65R16 225/60R17,205/70R15,CR-V,,,
3bd99c21-baf7-481b-b846-8730919e2f96,2004,honda,cr-v,EX,trim-research,mismatch,false,215/65R16,215/65R16,205/70R15,215/65R16,205/70R15,CR-V,,,
a26ad6d0-bf22-44b5-90ac-c8ba4e886ee5,2004,honda,cr-v,"LX, EX, EX-L, Touring",trim-research,mismatch,false,215/65R16,215/65R16,205/70R15,215/65R16,205/70R15,CR-V,,,
c9409aa5-53f6-49cf-bc6d-ec041912cb16,2004,honda,cr-v,Touring,cache-import [expanded],mismatch,false,215/65R16 225/60R17,215/65R16 225/60R17,205/70R15,215/65R16 225/60R17,205/70R15,CR-V,,,
d19dbd9f-b54f-485a-ac8f-fd49af33db06,2004,honda,cr-v,LX,trim-research,mismatch,false,215/65R16,215/65R16,205/70R15,215/65R16,205/70R15,CR-V,,,
f45a8fce-3197-4a5a-83b5-74eba0fb095a,2004,honda,cr-v,EX-L,trim-research,mismatch,false,215/65R16,215/65R16,205/70R15,215/65R16,205/70R15,CR-V,,,
8dad53fb-e0c4-45bb-bc40-2062e2f97d2d,2012,honda,cr-v,Touring,google-ai-overview,mismatch,false,225/60R18,225/60R18,215/70R16 225/65R17,225/60R18,215/70R16 225/65R17,CR-V,,,
8731dc1e-e294-47c7-885c-7d84fb680096,2013,honda,cr-v,Touring,google-ai-overview,mismatch,false,225/60R18,225/60R18,215/70R16 225/65R17,225/60R18,215/70R16 225/65R17,CR-V,,,
04adea25-9771-422c-80ae-cdfaf222cc62,2014,honda,cr-v,Touring,google-ai-overview,mismatch,false,225/60R18,225/60R18,225/65R17 215/70R16,225/60R18,225/65R17 215/70R16,CR-V,,,
0482a58b-6634-45a0-83ff-267107330b21,2016,honda,hr-v,LX,trim-research,mismatch,false,215/60R16,215/60R16,215/55R17,215/60R16,215/55R17,HR-V,,,
8abc2e5b-702b-4833-9be8-8cd151e80370,2016,honda,hr-v,"LX, Sport, EX, EX-L",trim-research,mismatch,false,215/60R16,215/60R16,215/55R17,215/60R16,215/55R17,HR-V,,,
15a4edd5-f185-4c5c-be28-02e7fc53b1db,2017,honda,hr-v,"LX, Sport, EX, EX-L",trim-research,mismatch,false,215/60R16,215/60R16,215/55R17,215/60R16,215/55R17,HR-V,,,
95b7fe8d-d26e-4f4e-bcde-cf8adba79dce,2017,honda,hr-v,LX,trim-research,mismatch,false,215/60R16,215/60R16,215/55R17,215/60R16,215/55R17,HR-V,,,
97c293c9-cdcc-4a60-b28f-9e2ba6e97fa4,2010,honda,insight,EX,google-ai-overview,mismatch,true,185/60R15,185/60R15,175/65R15,185/60R15,175/65R15,Insight,,,
3d31bd26-6def-4208-9323-43d675dc598e,2011,honda,insight,EX,google-ai-overview,mismatch,true,185/60R15,185/60R15,175/65R15,185/60R15,175/65R15,Insight,,,
41dc110f-3743-4864-8132-980ee2512f08,2012,honda,insight,LX,google-ai-overview,mismatch,true,175/65R15,175/65R15,185/60R15,175/65R15,185/60R15,Insight,,,
7edf3517-f341-4279-bd90-ff7889a4fa0e,2012,honda,insight,"LX, EX",google-ai-overview,mismatch,true,175/65R15 195/55R16,175/65R15 195/55R16,185/60R15,175/65R15 195/55R16,185/60R15,Insight,,,
32ba0201-bb16-4de1-9d72-c4d03ac2717f,2013,honda,insight,LX,google-ai-overview,mismatch,true,175/65R15,175/65R15,185/60R15,175/65R15,185/60R15,Insight,,,
9edf6708-6f34-4738-9018-d756e482eb3b,2013,honda,insight,"LX, EX",google-ai-overview,mismatch,true,175/65R15 195/55R16,175/65R15 195/55R16,185/60R15,175/65R15 195/55R16,185/60R15,Insight,,,
ec7e71e0-1a84-4d4f-ab85-e6c1c26e8a22,2014,honda,insight,"LX, EX",google-ai-overview,mismatch,true,175/65R15 195/55R16,175/65R15 195/55R16,185/60R15,175/65R15 195/55R16,185/60R15,Insight,,,
fedbdd8a-9595-4839-9e9c-9c20463afbbe,2014,honda,insight,LX,google-ai-overview,mismatch,true,175/65R15,175/65R15,185/60R15,175/65R15,185/60R15,Insight,,,
09f73647-b547-4e67-902e-0d74ed6ff2fe,2026,honda,passport,Base,trim-research,mismatch,false,245/50R20,245/50R20,265/60R18 275/60R18,245/50R20,265/60R18 275/60R18,Passport,,,
57e179af-5a7e-4d0b-a073-eb5e2bef8676,2026,honda,passport,Black Edition,trim-research,mismatch,false,245/50R20,245/50R20,265/60R18 275/60R18,245/50R20,265/60R18 275/60R18,Passport,,,
d3d077df-02e6-454d-b0d9-514abf681d5a,2026,honda,passport,EX-L,trim-research,mismatch,false,245/50R20,245/50R20,265/60R18 275/60R18,245/50R20,265/60R18 275/60R18,Passport,,,
13efd446-0bdb-4ce4-8486-308fe60ebb23,2006,honda,pilot,Touring,trim-research,mismatch,false,235/65R17,235/65R17,235/70R16,235/65R17,235/70R16,Pilot,,,
97e8c2c5-530f-4eb0-89fb-4d3345480d4c,2007,honda,pilot,Touring,trim-research,mismatch,false,235/65R17,235/65R17,235/70R16,235/65R17,235/70R16,Pilot,,,
9cea3cc6-0ca5-456c-84ad-fa6f433197d1,2008,honda,pilot,Touring,trim-research,mismatch,false,235/65R17,235/65R17,235/70R16,235/65R17,235/70R16,Pilot,,,
347d3d10-e412-43fb-a8c5-bc24aca55522,2009,honda,pilot,TrailSport,cache-import [expanded],mismatch,true,235/65R17 245/60R18,235/65R17 245/60R18,245/65R17,235/65R17 245/60R18,245/65R17,Pilot,,,
776ae045-c9c6-4fe5-8e47-7b0503774291,2009,honda,pilot,EX,trim-research,mismatch,false,245/60R18,245/60R18,245/65R17,245/60R18,245/65R17,Pilot,,,
c186c3b5-81bd-4042-b598-8908d165e0e1,2009,honda,pilot,Elite,cache-import [expanded],mismatch,true,235/65R17 245/60R18,235/65R17 245/60R18,245/65R17,235/65R17 245/60R18,245/65R17,Pilot,,,
cb2eeb08-98a5-473c-9e9f-4ed5fecd4952,2009,honda,pilot,EX-L,trim-research,mismatch,false,245/60R18,245/60R18,245/65R17,245/60R18,245/65R17,Pilot,,,
de6c80ca-3e24-42eb-9020-041790b3ce2b,2009,honda,pilot,Touring,trim-research,mismatch,false,245/60R18,245/60R18,245/65R17,245/60R18,245/65R17,Pilot,,,
40536be3-86b3-4a17-9e81-41d41acb0ad6,2010,honda,pilot,Elite,cache-import [expanded],mismatch,true,235/65R17 245/60R18,235/65R17 245/60R18,245/65R17,235/65R17 245/60R18,245/65R17,Pilot,,,
4a15b16d-e92e-4afd-a680-62e1f5be17c2,2010,honda,pilot,EX,trim-research,mismatch,false,245/60R18,245/60R18,245/65R17,245/60R18,245/65R17,Pilot,,,
83108516-5788-450f-9cb2-202d104e1016,2010,honda,pilot,Touring,trim-research,mismatch,false,245/60R18,245/60R18,245/65R17,245/60R18,245/65R17,Pilot,,,
9e08f53f-1e65-4480-9660-d4e24bacd058,2010,honda,pilot,TrailSport,cache-import [expanded],mismatch,true,235/65R17 245/60R18,235/65R17 245/60R18,245/65R17,235/65R17 245/60R18,245/65R17,Pilot,,,
eb799ae2-815d-47a7-b6fb-ad00f9e6322d,2010,honda,pilot,EX-L,trim-research,mismatch,false,245/60R18,245/60R18,245/65R17,245/60R18,245/65R17,Pilot,,,
3ff5d0ff-5d62-41a3-8b66-c8c955870cb3,2011,honda,pilot,EX-L,trim-research,mismatch,false,245/60R18,245/60R18,245/65R17,245/60R18,245/65R17,Pilot,,,
6fbaa009-efb3-4c5b-9cdd-ab0d0bfa0300,2011,honda,pilot,Touring,trim-research,mismatch,false,245/60R18,245/60R18,245/65R17,245/60R18,245/65R17,Pilot,,,
70776737-2c18-4b04-9f0c-82a0d861f1fc,2011,honda,pilot,Elite,cache-import [expanded],mismatch,true,235/65R17 245/60R18,235/65R17 245/60R18,245/65R17,235/65R17 245/60R18,245/65R17,Pilot,,,
c803a179-bf0b-4a77-bc09-83fe4710de0b,2011,honda,pilot,EX,trim-research,mismatch,false,245/60R18,245/60R18,245/65R17,245/60R18,245/65R17,Pilot,,,
fcec8174-376b-4a7f-bd9d-b39803d1d18e,2011,honda,pilot,TrailSport,cache-import [expanded],mismatch,true,235/65R17 245/60R18,235/65R17 245/60R18,245/65R17,235/65R17 245/60R18,245/65R17,Pilot,,,
1b2dd5c1-3964-4e29-909f-b372b845eb63,2012,honda,pilot,"LX, EX, EX-L, Touring, Elite, TrailSport",trim-research,mismatch,true,245/65R17,245/65R17,235/65R17 235/60R18,245/65R17,235/65R17 235/60R18,Pilot,,,
277e125f-ce90-4028-8577-a112aa0fed69,2012,honda,pilot,Touring,trim-research,mismatch,true,245/60R18,245/60R18,235/65R17 235/60R18,245/60R18,235/65R17 235/60R18,Pilot,,,
6290940f-73e7-4f87-8989-91ec3bfdd71c,2012,honda,pilot,LX,trim-research,mismatch,true,245/65R17,245/65R17,235/65R17 235/60R18,245/65R17,235/65R17 235/60R18,Pilot,,,
8b722858-b25d-4eb6-b205-f2fbaf6dcd83,2012,honda,pilot,EX,trim-research,mismatch,true,245/60R18,245/60R18,235/65R17 235/60R18,245/60R18,235/65R17 235/60R18,Pilot,,,
c2f80af2-29f3-4709-9d57-641059abd2df,2012,honda,pilot,EX-L,trim-research,mismatch,true,245/60R18,245/60R18,235/65R17 235/60R18,245/60R18,235/65R17 235/60R18,Pilot,,,
096acb54-a8c9-4206-8aca-63fcc1c9b432,2013,honda,pilot,LX,trim-research,mismatch,true,245/65R17,245/65R17,235/65R17 235/60R18,245/65R17,235/65R17 235/60R18,Pilot,,,
9983c10e-a508-4003-abe5-2dbd26a1c104,2013,honda,pilot,"LX, EX, EX-L, Touring, Elite, TrailSport",trim-research,mismatch,true,245/65R17,245/65R17,235/65R17 235/60R18,245/65R17,235/65R17 235/60R18,Pilot,,,
b0c8edeb-53bf-47ae-bec9-94aab537694a,2013,honda,pilot,EX,trim-research,mismatch,true,245/60R18,245/60R18,235/65R17 235/60R18,245/60R18,235/65R17 235/60R18,Pilot,,,
d8259187-017d-4556-8e6a-81de8e51d8c3,2013,honda,pilot,EX-L,trim-research,mismatch,true,245/60R18,245/60R18,235/65R17 235/60R18,245/60R18,235/65R17 235/60R18,Pilot,,,
eaf6942d-0de9-422e-bfbb-71f136b4c7e7,2013,honda,pilot,Touring,trim-research,mismatch,true,245/60R18,245/60R18,235/65R17 235/60R18,245/60R18,235/65R17 235/60R18,Pilot,,,
09ab9646-bec0-4bec-aadb-33bcd3e09ae3,2014,honda,pilot,EX-L,trim-research,mismatch,true,245/60R18,245/60R18,235/65R17 235/60R18,245/60R18,235/65R17 235/60R18,Pilot,,,
815bacdb-999c-4707-b775-81103a5b92fe,2014,honda,pilot,LX,trim-research,mismatch,true,245/65R17,245/65R17,235/65R17 235/60R18,245/65R17,235/65R17 235/60R18,Pilot,,,
b4b3616f-0f58-454d-ad44-57f4fdf1fe21,2014,honda,pilot,EX,trim-research,mismatch,true,245/60R18,245/60R18,235/65R17 235/60R18,245/60R18,235/65R17 235/60R18,Pilot,,,
f255867a-f143-4c00-9225-db6365c37cdb,2014,honda,pilot,"LX, EX, EX-L, Touring, Elite, TrailSport",trim-research,mismatch,true,245/65R17,245/65R17,235/65R17 235/60R18,245/65R17,235/65R17 235/60R18,Pilot,,,
f5bf2ad3-74e2-4d03-ad27-389d2e550b30,2014,honda,pilot,Touring,trim-research,mismatch,true,245/60R18,245/60R18,235/65R17 235/60R18,245/60R18,235/65R17 235/60R18,Pilot,,,
0a2199a9-b358-4c47-a527-ddca2f986a2c,2015,honda,pilot,"LX, EX, EX-L, Touring, Elite, TrailSport",trim-research,mismatch,true,245/65R17,245/65R17,235/65R17 235/60R18,245/65R17,235/65R17 235/60R18,Pilot,,,
0b3ffa67-f680-4d6a-913c-2477707a520f,2015,honda,pilot,LX,trim-research,mismatch,true,245/65R17,245/65R17,235/65R17 235/60R18,245/65R17,235/65R17 235/60R18,Pilot,,,
123ad062-18f3-41c6-b193-35d1c59d4005,2015,honda,pilot,EX-L,trim-research,mismatch,true,245/60R18,245/60R18,235/65R17 235/60R18,245/60R18,235/65R17 235/60R18,Pilot,,,
e06463a9-0bd4-4881-b1e9-d4fc9598a936,2015,honda,pilot,Touring,trim-research,mismatch,true,245/60R18,245/60R18,235/65R17 235/60R18,245/60R18,235/65R17 235/60R18,Pilot,,,
f494c6ab-1db3-42de-8265-dd0c2615c43c,2015,honda,pilot,EX,trim-research,mismatch,true,245/60R18,245/60R18,235/65R17 235/60R18,245/60R18,235/65R17 235/60R18,Pilot,,,
cb6ef938-6429-4b6a-8ad3-1aabeea38089,1992,honda,prelude,Base,90s-research-batch,mismatch,true,195/60R15 205/50R16,195/60R15 205/50R16,185/70R14 205/55R15,195/60R15 205/50R16,185/70R14 205/55R15,Prelude,,,
4cb65e0c-9250-4f6f-aa02-a92785e6653c,1993,honda,prelude,Base,90s-research-batch,mismatch,true,195/60R15 205/50R16,195/60R15 205/50R16,185/70R14 205/55R15,195/60R15 205/50R16,185/70R14 205/55R15,Prelude,,,
26db3c0b-7041-40c5-9020-ea2530c676a6,1994,honda,prelude,Base,90s-research-batch,mismatch,true,195/60R15 205/50R16,195/60R15 205/50R16,185/70R14 205/55R15,195/60R15 205/50R16,185/70R14 205/55R15,Prelude,,,
77812c88-99a4-4d24-bce3-8dbb090750dc,1995,honda,prelude,Base,90s-research-batch,mismatch,true,195/60R15 205/50R16,195/60R15 205/50R16,185/70R14 205/55R15,195/60R15 205/50R16,185/70R14 205/55R15,Prelude,,,
3cfadafd-6044-4eec-94ed-c58e154d4e8b,1996,honda,prelude,Base,90s-research-batch,mismatch,true,195/60R15 205/50R16,195/60R15 205/50R16,185/70R14 205/55R15,195/60R15 205/50R16,185/70R14 205/55R15,Prelude,,,
ebf024d4-9e16-48af-ab2c-41c814082c30,2026,honda,prelude,Base,verified-research [sizes-inherited],mismatch,false,195/60R15 205/50R16 215/45R17,195/60R15 205/50R16 215/45R17,235/40R19,195/60R15 205/50R16 215/45R17,235/40R19,Prelude,,,
253837c6-194a-4614-ab00-54663a994f45,2021,honda,ridgeline,TrailSport,trim-research,mismatch,true,265/60R18,265/60R18,245/60R18,265/60R18,245/60R18,Ridgeline,,,
65b6718e-78d2-43cf-be1f-ef4488614153,2022,honda,ridgeline,TrailSport,trim-research,mismatch,true,265/60R18,265/60R18,245/60R18,265/60R18,245/60R18,Ridgeline,,,
362e1cd6-d6f6-43b9-a9f7-5726bd9a7658,2023,honda,ridgeline,TrailSport,trim-research,mismatch,true,265/60R18,265/60R18,245/60R18,265/60R18,245/60R18,Ridgeline,,,
8662c770-8878-4faa-a629-6031ed391499,2024,honda,ridgeline,TrailSport,trim-research,mismatch,true,265/60R18,265/60R18,245/60R18,265/60R18,245/60R18,Ridgeline,,,
4bb80962-8561-450e-b695-bb4cff2f5b2f,2025,honda,ridgeline,TrailSport,trim-research,mismatch,true,265/60R18,265/60R18,245/60R18,265/60R18,245/60R18,Ridgeline,,,
691533e3-b776-4224-b291-3edc543952d5,2026,honda,ridgeline,TrailSport,trim-research,mismatch,true,265/60R18,265/60R18,245/60R18,265/60R18,245/60R18,Ridgeline,,,
ec69236b-c9de-4489-b003-59874b38f4d0,1992,hummer,h1,Base,generation_template,mismatch,false,37x12.50R17,37X12.50R17,37X12.50R16.5,37X12.50R17,37X12.50R16.5,Hummer,,,
2f3b1052-de5e-49f4-b1ac-15ed3db40361,1993,hummer,h1,Base,generation_template,mismatch,false,37x12.50R17,37X12.50R17,37X12.50R16.5,37X12.50R17,37X12.50R16.5,Hummer,,,
ef376ca0-bbe8-4449-96d8-008d0c7dc52e,1994,hummer,h1,Base,generation_template,mismatch,false,37x12.50R17,37X12.50R17,37X12.50R16.5,37X12.50R17,37X12.50R16.5,Hummer,,,
7f9cdc82-9ebc-4f12-bdc7-a159fa21e99d,1995,hummer,h1,Base,generation_template,mismatch,false,37x12.50R17,37X12.50R17,37X12.50R16.5,37X12.50R17,37X12.50R16.5,Hummer,,,
25577cbc-f72d-49f8-ad46-afa6ad974460,2000,hyundai,elantra,GLS/GT,batch4-suvs-sedans,mismatch,false,195/60R15,195/60R15,195/60R14,195/60R15,195/60R14,Elantra,,,
a52e0621-aea0-4e04-b8e5-93461d0f47b4,2026,hyundai,elantra,N Line,verified-research,mismatch,true,225/40R18,225/40R18,205/55R16 225/45R17 235/40R18 195/65R15,225/40R18,205/55R16 225/45R17 235/40R18 195/65R15,Elantra,,,
d7c592d0-b20d-4dd4-9d56-8f172d15b1a4,2021,hyundai,ioniq-5,Long Range,railway_import,mismatch,false,235/55ZR19 255/45ZR20 235/60R18 235/50ZR20 255/40ZR21,235/55R19 255/45R20 235/60R18 235/50R20 255/40R21,205/60R16 195/65R15 225/45R17 205/55R16,235/55R19 255/45R20 235/60R18 235/50R20 255/40R21,205/60R16 195/65R15 225/45R17 205/55R16,Ioniq,,,
027026b7-25ec-41fb-a7e7-f23345085d1d,2024,hyundai,kona,SE,manual_seed_spec [trim-expanded],mismatch,true,215/55R17 235/45R18,215/55R17 235/45R18,235/45R19 215/60R17 215/55R18,215/55R17 235/45R18,235/45R19 215/60R17 215/55R18,Kona,,,
247809ea-e6ae-4cb6-88c7-0ac3d2ce4174,2024,hyundai,kona,Limited,manual_seed_spec [trim-expanded],mismatch,true,215/55R17 235/45R18,215/55R17 235/45R18,235/45R19 215/60R17 215/55R18,215/55R17 235/45R18,235/45R19 215/60R17 215/55R18,Kona,,,
48264c41-c4ee-4aa7-b279-eedd08d3133f,2024,hyundai,kona,SEL,manual_seed_spec [trim-expanded],mismatch,true,215/55R17 235/45R18,215/55R17 235/45R18,235/45R19 215/60R17 215/55R18,215/55R17 235/45R18,235/45R19 215/60R17 215/55R18,Kona,,,
8a90918f-dfef-4355-b17b-99ea659ab4ac,2024,hyundai,kona,N Line,manual_seed_spec [trim-expanded],mismatch,true,215/55R17 235/45R18,215/55R17 235/45R18,235/45R19 215/60R17 215/55R18,215/55R17 235/45R18,235/45R19 215/60R17 215/55R18,Kona,,,
e3bba5a0-069b-415c-a816-eba642333a0d,2024,hyundai,kona,"SE, SEL, N Line, Limited",manual_seed_spec,mismatch,true,215/55R17 235/45R18,215/55R17 235/45R18,235/45R19 215/60R17 215/55R18,215/55R17 235/45R18,235/45R19 215/60R17 215/55R18,Kona,,,
12eb222a-a09c-4d58-87d4-d2e1613c294e,2026,hyundai,kona,"SE, SEL, N Line, Limited",manual_seed_spec,mismatch,true,215/55R17 235/45R18,215/55R17 235/45R18,235/45R19 215/60R17 215/55R18,215/55R17 235/45R18,235/45R19 215/60R17 215/55R18,Kona,,,
820c74da-6132-4d75-9b02-53dadd193daf,2026,hyundai,kona,N Line,verified-research,mismatch,true,235/45R18,235/45R18,235/45R19 215/60R17 215/55R18,235/45R18,235/45R19 215/60R17 215/55R18,Kona,,,
887d9e6e-d614-4e2b-b801-d1d33a7cdd51,2026,hyundai,kona,Limited,verified-research,mismatch,true,235/45R18,235/45R18,235/45R19 215/60R17 215/55R18,235/45R18,235/45R19 215/60R17 215/55R18,Kona,,,
031d85f8-e904-4bb4-ad24-fe87df6fe7d6,2026,hyundai,palisade,Calligraphy,verified-research,mismatch,true,245/50R20,245/50R20,265/45R21 255/50R20 235/65R18 255/60R18,245/50R20,265/45R21 255/50R20 235/65R18 255/60R18,Palisade,,,
7a95bae3-a40c-4220-b1cb-71b973703862,2026,hyundai,palisade,Limited,verified-research,mismatch,true,245/50R20,245/50R20,265/45R21 255/50R20 235/65R18 255/60R18,245/50R20,265/45R21 255/50R20 235/65R18 255/60R18,Palisade,,,
a9cfce33-72d0-4f45-bbe5-fce7492d36f6,2026,hyundai,palisade,"SE, SEL, XRT, Limited, Calligraphy",cache-import,mismatch,true,245/60R18 245/50R20,245/60R18 245/50R20,265/45R21 255/50R20 235/65R18 255/60R18,245/60R18 245/50R20,265/45R21 255/50R20 235/65R18 255/60R18,Palisade,,,
63c80135-1095-4819-9fcf-0df76af25c60,2013,hyundai,santa-fe-sport,Base,catalog-gap-fill [web_research],mismatch,true,215/55R17,215/55R17,235/65R17 235/55R19,215/55R17,235/65R17 235/55R19,Santa FE Sport,,,
3e8ee3b0-dabe-4675-b9c9-240d4325c9e4,2014,hyundai,santa-fe-sport,Base,catalog-gap-fill [web_research],mismatch,true,215/55R17,215/55R17,235/65R17 235/60R18 235/55R19,215/55R17,235/65R17 235/60R18 235/55R19,Santa FE Sport,,,
516167cf-626e-4c7c-bfe1-210e7b09445f,2015,hyundai,santa-fe-sport,Base,catalog-gap-fill [web_research],mismatch,true,215/55R17,215/55R17,235/65R17 235/60R18 235/55R19,215/55R17,235/65R17 235/60R18 235/55R19,Santa FE Sport,,,
2fa59a1f-eb63-4276-8e39-bf5c04b737e2,2016,hyundai,santa-fe-sport,Base,catalog-gap-fill [web_research],mismatch,true,215/55R17,215/55R17,235/60R18 235/55R19 235/65R17,215/55R17,235/60R18 235/55R19 235/65R17,Santa FE Sport,,,
6db2a845-942f-4cee-a519-53507ac08f5f,2017,hyundai,santa-fe-sport,Base,catalog-gap-fill [web_research],mismatch,true,215/55R17,215/55R17,235/65R17 235/60R18 235/55R19,215/55R17,235/65R17 235/60R18 235/55R19,Santa FE Sport,,,
7fa622ae-6644-403e-a890-76ccba39f4cd,2000,hyundai,tiburon,Base,verified-research,mismatch,false,195/55R15,195/55R15,195/60R14 195/55R16,195/55R15,195/60R14 195/55R16,Tiburon,,,
4ef8445e-cf04-43ed-aca2-67833da2f5e9,2000,hyundai,tiburon-turbulence,Base,catalog-gap-fill [web_research],mismatch,true,185/65R14,185/65R14,195/60R14 195/55R16,185/65R14,195/60R14 195/55R16,Tiburon,,,
fd0322c2-31a4-4647-b579-1cef41034fda,2000,hyundai,tiburon-turbulence,Base,verified-research,mismatch,false,195/55R15,195/55R15,195/60R14 195/55R16,195/55R15,195/60R14 195/55R16,Tiburon,,,
c01e4e58-9972-441a-97a1-194e78315c8d,2001,hyundai,tiburon-turbulence,Base,catalog-gap-fill [web_research],mismatch,false,185/65R14,185/65R14,195/55R15,185/65R14,195/55R15,Tiburon,,,
5a70719b-0ab8-43df-a72f-517a9741a062,2001,hyundai,xg300,Base,verified-research,mismatch,false,205/60R16,205/60R16,205/65R15,205/60R16,205/65R15,Xg300,,,
98b990ad-d71f-495a-afca-3dc9289cfe24,1997,infiniti,q45,Base,90s-research-batch,mismatch,false,215/60R16,215/60R16,215/65R15,215/60R16,215/65R15,Q45,,,
c0c9482a-92dd-445a-bf8f-a8c9b8db32e2,1994,isuzu,amigo,Base,90s-research-batch,mismatch,false,225/75R15,225/75R15,245/70R16,225/75R15,245/70R16,Amigo,,,
90196891-71da-4ce6-8377-f235a79ae14f,1996,isuzu,rodeo,Base,90s-research-batch,mismatch,true,225/75R15 235/70R16,225/75R15 235/70R16,245/70R16 225/75R16,225/75R15 235/70R16,245/70R16 225/75R16,Rodeo,,,
f29e7327-d2fe-43df-b712-3f210085d843,1997,isuzu,rodeo,Base,90s-research-batch,mismatch,true,225/75R15 235/70R16,225/75R15 235/70R16,245/70R16 225/75R16,225/75R15 235/70R16,245/70R16 225/75R16,Rodeo,,,
73d3f416-ea07-4d92-ba89-0b8a98e44b3e,1998,isuzu,rodeo,Base,90s-research-batch,mismatch,true,225/75R16 235/70R16,225/75R16 235/70R16,215/70R15 235/75R15 245/70R16,225/75R16 235/70R16,215/70R15 235/75R15 245/70R16,Rodeo,,,
1739c144-1bdb-4921-8924-61065e4d5cb5,1990,isuzu,trooper,Base,90s-research-batch,mismatch,true,225/75R15,225/75R15,235/75R15 31X10.50R15,225/75R15,235/75R15 31X10.50R15,Trooper,,,
401dbc4c-c28a-4c6a-ac92-26c205c9d005,1991,isuzu,trooper,Base,90s-research-batch,mismatch,true,225/75R15,225/75R15,235/75R15 31X10.50R15,225/75R15,235/75R15 31X10.50R15,Trooper,,,
5d0f4337-e7c8-4a5b-98b3-828ecb1c9e1c,2000,jaguar,xj,Base,google-ai-overview,mismatch,false,235/55R17 255/45R18,235/55R17 255/45R18,225/60R16,235/55R17 255/45R18,225/60R16,XJ8,,,
395680c7-9352-4be7-957a-e1854c1ca323,2001,jaguar,xj,Base,google-ai-overview,mismatch,false,235/55R17 255/45R18,235/55R17 255/45R18,225/60R16,235/55R17 255/45R18,225/60R16,XJ8,,,
93974df1-721c-4d05-90b6-541ee229fd33,2002,jaguar,xj,Base,google-ai-overview,mismatch,true,235/55R17 255/45R18,235/55R17 255/45R18,225/60R16 255/40R18,235/55R17 255/45R18,225/60R16 255/40R18,XJ8,,,
72134ac5-446a-4882-bdaa-449c39438e57,2003,jaguar,xj,Base,google-ai-overview,mismatch,true,235/55R17 255/45R18,235/55R17 255/45R18,225/60R16 255/40R18,235/55R17 255/45R18,225/60R16 255/40R18,XJ8,,,
02b877a3-4d23-49e6-9414-51edf85b053a,2004,jaguar,xj,Supersport,google-ai-overview,mismatch,true,255/45R18 275/40R19 275/35R20,255/45R18 275/40R19 275/35R20,235/55R17 235/50R18,255/45R18 275/40R19 275/35R20,235/55R17 235/50R18,XJ8,,,
336d0a1a-118f-4fd4-8f3c-928d30dc5285,2004,jaguar,xj,"XJ, XJL, XJR, Supersport",google-ai-overview,mismatch,true,255/45R18 275/40R19 275/35R20,255/45R18 275/40R19 275/35R20,235/55R17 235/50R18,255/45R18 275/40R19 275/35R20,235/55R17 235/50R18,XJ8,,,
706a13b4-8c29-45ad-8b75-b7d7b642ebd0,2004,jaguar,xj,XJ,google-ai-overview,mismatch,true,255/45R18 275/40R19 275/35R20,255/45R18 275/40R19 275/35R20,235/55R17 235/50R18,255/45R18 275/40R19 275/35R20,235/55R17 235/50R18,XJ8,,,
88e5ed4f-8142-4858-aa1d-09bd125cc032,2004,jaguar,xj,XJR,google-ai-overview,mismatch,true,255/45R18 275/40R19 275/35R20,255/45R18 275/40R19 275/35R20,235/55R17 235/50R18,255/45R18 275/40R19 275/35R20,235/55R17 235/50R18,XJ8,,,
8cb8e13a-365a-4347-98ee-c183f5f2d6cb,2004,jaguar,xj,Super V8,google-ai-overview,mismatch,false,255/40R19,255/40R19,235/55R17 235/50R18,255/40R19,235/55R17 235/50R18,XJ8,,,
d73b5ae4-35a2-4526-9352-ad739217676f,2004,jaguar,xj,XJL,google-ai-overview,mismatch,true,255/45R18 275/40R19 275/35R20,255/45R18 275/40R19 275/35R20,235/55R17 235/50R18,255/45R18 275/40R19 275/35R20,235/55R17 235/50R18,XJ8,,,
2aa4960a-30ee-4dbb-901d-ceaee608874d,2005,jaguar,xj,"XJ, XJL, XJR, Supersport",google-ai-overview,mismatch,true,255/45R18 275/40R19 275/35R20,255/45R18 275/40R19 275/35R20,235/50R18,255/45R18 275/40R19 275/35R20,235/50R18,XJ8,,,
32205f2f-40d2-4f37-875a-7ba43ec52815,2005,jaguar,xj,Supersport,google-ai-overview,mismatch,true,255/45R18 275/40R19 275/35R20,255/45R18 275/40R19 275/35R20,235/50R18,255/45R18 275/40R19 275/35R20,235/50R18,XJ8,,,
6ed2f0d7-193b-4a16-9478-f23ca876c298,2005,jaguar,xj,Super V8,google-ai-overview,mismatch,false,255/40R19,255/40R19,235/50R18,255/40R19,235/50R18,XJ8,,,
b1120c9f-882a-483e-a749-1bc5e95c8ce2,2005,jaguar,xj,XJR,google-ai-overview,mismatch,true,255/45R18 275/40R19 275/35R20,255/45R18 275/40R19 275/35R20,235/50R18,255/45R18 275/40R19 275/35R20,235/50R18,XJ8,,,
cc53d052-fb22-4f47-ae3b-7f88535d8969,2005,jaguar,xj,XJ,google-ai-overview,mismatch,true,255/45R18 275/40R19 275/35R20,255/45R18 275/40R19 275/35R20,235/50R18,255/45R18 275/40R19 275/35R20,235/50R18,XJ8,,,
fffe8595-a6c5-4cdd-acec-375f6f09dc2d,2005,jaguar,xj,XJL,google-ai-overview,mismatch,true,255/45R18 275/40R19 275/35R20,255/45R18 275/40R19 275/35R20,235/50R18,255/45R18 275/40R19 275/35R20,235/50R18,XJ8,,,
23802b3e-2103-4ff8-9120-1b64e2ebe3a9,2006,jaguar,xj,Supersport,google-ai-overview,mismatch,true,255/45R18 275/40R19 275/35R20,255/45R18 275/40R19 275/35R20,235/50R18 255/40R19,255/45R18 275/40R19 275/35R20,235/50R18 255/40R19,XJ8,,,
46260d69-5fd5-499b-94c0-549ecd22e2fa,2006,jaguar,xj,XJR,google-ai-overview,mismatch,true,255/45R18 275/40R19 275/35R20,255/45R18 275/40R19 275/35R20,235/50R18 255/40R19,255/45R18 275/40R19 275/35R20,235/50R18 255/40R19,XJ8,,,
60655ba5-97f0-447b-99cd-4142840f2cc5,2006,jaguar,xj,XJL,google-ai-overview,mismatch,true,255/45R18 275/40R19 275/35R20,255/45R18 275/40R19 275/35R20,235/50R18 255/40R19,255/45R18 275/40R19 275/35R20,235/50R18 255/40R19,XJ8,,,
bec96955-b973-4dec-a513-2eee4951d1be,2006,jaguar,xj,"XJ, XJL, XJR, Supersport",google-ai-overview,mismatch,true,255/45R18 275/40R19 275/35R20,255/45R18 275/40R19 275/35R20,235/50R18 255/40R19,255/45R18 275/40R19 275/35R20,235/50R18 255/40R19,XJ8,,,
dd975b81-ab69-4ade-b68e-5e54b4bc4bad,2006,jaguar,xj,XJ,google-ai-overview,mismatch,true,255/45R18 275/40R19 275/35R20,255/45R18 275/40R19 275/35R20,235/50R18 255/40R19,255/45R18 275/40R19 275/35R20,235/50R18 255/40R19,XJ8,,,
f96ac789-305c-42e3-9e6f-a36daddf3a40,2006,jaguar,xj,Super V8 Portfolio,tiresize.com,mismatch,false,255/35R20,255/35R20,235/50R18 255/40R19,255/35R20,235/50R18 255/40R19,XJ8,,,
29863f34-a3dc-4aa8-b48d-0553380472ac,2007,jaguar,xj,XJR,google-ai-overview,mismatch,true,255/45R18 275/40R19 275/35R20,255/45R18 275/40R19 275/35R20,235/50R18 255/40R19,255/45R18 275/40R19 275/35R20,235/50R18 255/40R19,XJ8,,,
6007154d-f34c-42ee-bc54-ca909d1c5521,2007,jaguar,xj,XJ,google-ai-overview,mismatch,true,255/45R18 275/40R19 275/35R20,255/45R18 275/40R19 275/35R20,235/50R18 255/40R19,255/45R18 275/40R19 275/35R20,235/50R18 255/40R19,XJ8,,,
75679901-9774-4f49-b791-6b9cdb1a79bd,2007,jaguar,xj,Super V8 Portfolio,tiresize.com,mismatch,false,255/35R20,255/35R20,235/50R18 255/40R19,255/35R20,235/50R18 255/40R19,XJ8,,,
8c5ed23b-6103-487d-b4b0-453ab3e37471,2007,jaguar,xj,Supersport,google-ai-overview,mismatch,true,255/45R18 275/40R19 275/35R20,255/45R18 275/40R19 275/35R20,235/50R18 255/40R19,255/45R18 275/40R19 275/35R20,235/50R18 255/40R19,XJ8,,,
951a7f49-4c55-42fa-954d-0920e54caf66,2007,jaguar,xj,XJL,google-ai-overview,mismatch,true,255/45R18 275/40R19 275/35R20,255/45R18 275/40R19 275/35R20,235/50R18 255/40R19,255/45R18 275/40R19 275/35R20,235/50R18 255/40R19,XJ8,,,
d2b4ff75-a717-431d-8c6b-1d464d201801,2007,jaguar,xj,"XJ, XJL, XJR, Supersport",google-ai-overview,mismatch,true,255/45R18 275/40R19 275/35R20,255/45R18 275/40R19 275/35R20,235/50R18 255/40R19,255/45R18 275/40R19 275/35R20,235/50R18 255/40R19,XJ8,,,
0b25616c-5ba6-41ec-8030-23600d5b62b7,2008,jaguar,xj,XJL,google-ai-overview,mismatch,true,255/45R18 275/40R19 275/35R20,255/45R18 275/40R19 275/35R20,235/50R18 255/40R19,255/45R18 275/40R19 275/35R20,235/50R18 255/40R19,XJ8,,,
11902449-7cdf-45b4-8c1f-4e40d8093796,2008,jaguar,xj,"XJ, XJL, XJR, Supersport",google-ai-overview,mismatch,true,255/45R18 275/40R19 275/35R20,255/45R18 275/40R19 275/35R20,235/50R18 255/40R19,255/45R18 275/40R19 275/35R20,235/50R18 255/40R19,XJ8,,,
2d1136ec-b566-47a7-9929-f9bbdb6f6828,2008,jaguar,xj,Super V8 Portfolio,tiresize.com,mismatch,false,255/35R20,255/35R20,235/50R18 255/40R19,255/35R20,235/50R18 255/40R19,XJ8,,,
428585b6-0d12-4003-86d8-bfe64b9a7976,2008,jaguar,xj,Supersport,google-ai-overview,mismatch,true,255/45R18 275/40R19 275/35R20,255/45R18 275/40R19 275/35R20,235/50R18 255/40R19,255/45R18 275/40R19 275/35R20,235/50R18 255/40R19,XJ8,,,
839bb38c-e238-463e-bc2d-27f520086d65,2008,jaguar,xj,XJR,google-ai-overview,mismatch,true,255/45R18 275/40R19 275/35R20,255/45R18 275/40R19 275/35R20,235/50R18 255/40R19,255/45R18 275/40R19 275/35R20,235/50R18 255/40R19,XJ8,,,
e140a7d3-c0f3-4cf5-8fda-59e6e88118e3,2008,jaguar,xj,XJ,google-ai-overview,mismatch,true,255/45R18 275/40R19 275/35R20,255/45R18 275/40R19 275/35R20,235/50R18 255/40R19,255/45R18 275/40R19 275/35R20,235/50R18 255/40R19,XJ8,,,
03cbe861-eb52-49fb-83f1-c12c4f3126c6,2009,jaguar,xj,Supersport,google-ai-overview,mismatch,true,255/45R18 275/40R19 275/35R20,255/45R18 275/40R19 275/35R20,235/50R18 255/40R19,255/45R18 275/40R19 275/35R20,235/50R18 255/40R19,XJ8,,,
0eb64cb5-12e8-47ab-8b3c-b8c94e223c38,2009,jaguar,xj,XJ,google-ai-overview,mismatch,true,255/45R18 275/40R19 275/35R20,255/45R18 275/40R19 275/35R20,235/50R18 255/40R19,255/45R18 275/40R19 275/35R20,235/50R18 255/40R19,XJ8,,,
11ea13cf-53e8-4e97-8344-73ff8b28adbd,2009,jaguar,xj,"XJ, XJL, XJR, Supersport",google-ai-overview,mismatch,true,255/45R18 275/40R19 275/35R20,255/45R18 275/40R19 275/35R20,235/50R18 255/40R19,255/45R18 275/40R19 275/35R20,235/50R18 255/40R19,XJ8,,,
4eb619df-2c17-4400-8eb3-52f5c2806c32,2009,jaguar,xj,XJR,google-ai-overview,mismatch,true,255/45R18 275/40R19 275/35R20,255/45R18 275/40R19 275/35R20,235/50R18 255/40R19,255/45R18 275/40R19 275/35R20,235/50R18 255/40R19,XJ8,,,
b5a2f979-21e5-4a92-a906-e74f6b494904,2009,jaguar,xj,Super V8 Portfolio,tiresize.com,mismatch,false,255/35R20,255/35R20,235/50R18 255/40R19,255/35R20,235/50R18 255/40R19,XJ8,,,
d5b6e26e-36a2-4b76-bd6b-c029848b9527,2009,jaguar,xj,XJL,google-ai-overview,mismatch,true,255/45R18 275/40R19 275/35R20,255/45R18 275/40R19 275/35R20,235/50R18 255/40R19,255/45R18 275/40R19 275/35R20,235/50R18 255/40R19,XJ8,,,
24e7f6db-b812-4e5d-8685-05098c5ecfb3,2011,jaguar,xj,Base,google-ai-overview,mismatch,false,245/50R18,245/50R18,245/45R19 275/40R19 245/40R20 275/35R20,245/50R18,245/45R19 275/40R19 245/40R20 275/35R20,XJ,,,
5823551c-2b87-495d-bdec-45498c7c593f,2012,jaguar,xj,Base,google-ai-overview,mismatch,false,245/50R18,245/50R18,245/45R19 275/40R19 245/40R20 275/35R20,245/50R18,245/45R19 275/40R19 245/40R20 275/35R20,XJ,,,
818acc06-6498-4bc5-b832-bad042d31a09,2013,jaguar,xj,Base,google-ai-overview,mismatch,false,245/50R18,245/50R18,245/45R19 275/40R19 245/40R20 275/35R20,245/50R18,245/45R19 275/40R19 245/40R20 275/35R20,XJ,,,
b8853c21-da9f-4426-98c1-ec428d4d54f8,2014,jaguar,xj,Base,google-ai-overview,mismatch,false,245/50R18,245/50R18,245/45R19 275/40R19 245/40R20 275/35R20,245/50R18,245/45R19 275/40R19 245/40R20 275/35R20,XJ,,,
ca31d2c8-241b-4506-968c-1fd3e5c02097,2015,jaguar,xj,Base,google-ai-overview,mismatch,false,245/50R18,245/50R18,245/45R19 275/40R19 245/40R20 275/35R20,245/50R18,245/45R19 275/40R19 245/40R20 275/35R20,XJ,,,
95512bcd-f415-4cc7-8161-7dfc3d2c7051,1990,jaguar,xj6,Base,90s-research-batch,mismatch,true,215/70R15 225/60R16,215/70R15 225/60R16,205/70R15,215/70R15 225/60R16,205/70R15,XJ6,,,
eb09eee4-69f8-4f6b-b8b2-2039374ae4b5,1991,jaguar,xj6,Base,90s-research-batch,mismatch,true,215/70R15 225/60R16,215/70R15 225/60R16,205/70R15,215/70R15 225/60R16,205/70R15,XJ6,,,
40cae532-703c-4aa7-bca4-09930a32b24e,1992,jaguar,xj6,Base,90s-research-batch,mismatch,true,215/70R15 225/60R16,215/70R15 225/60R16,205/70R15,215/70R15 225/60R16,205/70R15,XJ6,,,
eaa4fa08-cfba-4260-91bc-9fb8e5380d30,1993,jaguar,xj6,Base,90s-research-batch,mismatch,true,215/70R15 225/60R16,215/70R15 225/60R16,225/65R15 205/70R15,215/70R15 225/60R16,225/65R15 205/70R15,XJ6,,,
6e73314b-e8fb-4bb3-9647-a3e6fd6db1bd,1990,jaguar,xjs,Base,90s-research-batch,mismatch,true,215/70VR15 225/60R16,215/70R15 225/60R16,235/60R15,215/70R15 225/60R16,235/60R15,XJS,,,
769ce5fb-866c-496b-92d7-2108a0f6665f,1991,jaguar,xjs,Base,90s-research-batch,mismatch,true,215/70VR15 225/60R16,215/70R15 225/60R16,235/60R15,215/70R15 225/60R16,235/60R15,XJS,,,
f846413c-940c-4d1b-aa2b-4f2cbf93b1b5,1992,jaguar,xjs,Base,90s-research-batch,mismatch,true,215/70VR15 225/60R16,215/70R15 225/60R16,235/60R15,215/70R15 225/60R16,235/60R15,XJS,,,
1855e942-76a0-492a-952a-0ba7ba0e9581,1993,jaguar,xjs,Base,90s-research-batch,mismatch,true,215/70VR15 225/60R16,215/70R15 225/60R16,235/60R15,215/70R15 225/60R16,235/60R15,XJS,,,
f08e8a5e-2f2c-43f4-a1a5-49cebb7074be,1994,jaguar,xjs,Base,90s-research-batch,mismatch,true,215/70VR15 225/60R16,215/70R15 225/60R16,235/60R15 225/55R16,215/70R15 225/60R16,235/60R15 225/55R16,XJS,,,
4c8e37f5-8e10-4450-a609-79343bc4fed2,1993,jeep,grand-cherokee,Orvis,generation_inherit,mismatch,false,P225/75R16 P235/70R16,225/75R16 235/70R16,225/75R15 215/75R15,225/75R16 235/70R16,225/75R15 215/75R15,Grand Cherokee,,,
705373f4-044d-48bb-b65b-438624c79e41,1993,jeep,grand-cherokee,Limited,generation_inherit,mismatch,false,P225/75R16 P235/70R16,225/75R16 235/70R16,225/75R15 215/75R15,225/75R16 235/70R16,225/75R15 215/75R15,Grand Cherokee,,,
46bcb6c7-f64f-44ad-a04d-268b0ea4ede0,1994,jeep,grand-cherokee,Limited,generation_inherit,mismatch,false,P225/75R16 P235/70R16,225/75R16 235/70R16,225/75R15 235/75R15 225/70R15 215/75R15,225/75R16 235/70R16,225/75R15 235/75R15 225/70R15 215/75R15,Grand Cherokee,,,
67a557ad-1c1b-4276-a984-4dd6b360f95d,1994,jeep,grand-cherokee,Orvis,generation_inherit,mismatch,false,P225/75R16 P235/70R16,225/75R16 235/70R16,225/75R15 235/75R15 225/70R15 215/75R15,225/75R16 235/70R16,225/75R15 235/75R15 225/70R15 215/75R15,Grand Cherokee,,,
a838d620-50ce-49aa-a260-dee5c5428afb,1995,jeep,grand-cherokee,Limited,generation_inherit,mismatch,true,P225/75R16 P235/70R16,225/75R16 235/70R16,225/75R15 245/70R15 225/70R15 215/75R15 225/70R16,225/75R16 235/70R16,225/75R15 245/70R15 225/70R15 215/75R15 225/70R16,Grand Cherokee,,,
b5ce20f0-1904-4421-a31e-a0529b1dfac1,1995,jeep,grand-cherokee,Orvis,generation_inherit,mismatch,true,P225/75R16 P235/70R16,225/75R16 235/70R16,225/75R15 245/70R15 225/70R15 215/75R15 225/70R16,225/75R16 235/70R16,225/75R15 245/70R15 225/70R15 215/75R15 225/70R16,Grand Cherokee,,,
03997e2a-78af-4d0c-a257-df4949418d90,1996,jeep,grand-cherokee,Orvis,generation_inherit,mismatch,true,P225/75R16 P235/70R16,225/75R16 235/70R16,225/75R15 245/70R15 225/70R16,225/75R16 235/70R16,225/75R15 245/70R15 225/70R16,Grand Cherokee,,,
838f6f08-dc24-4e8d-b6fc-ae1074db95f0,1996,jeep,grand-cherokee,Laredo,generation_inherit,mismatch,true,P215/75R15 P225/70R15 P225/75R16 P235/70R16,215/75R15 225/70R15 225/75R16 235/70R16,225/75R15 245/70R15 225/70R16,215/75R15 225/70R15 225/75R16 235/70R16,225/75R15 245/70R15 225/70R16,Grand Cherokee,,,
945224d0-b50c-4df1-8033-1f1f8c328ad7,1996,jeep,grand-cherokee,SE,generation_inherit,mismatch,true,P215/75R15 P225/70R15,215/75R15 225/70R15,225/75R15 245/70R15 225/70R16,215/75R15 225/70R15,225/75R15 245/70R15 225/70R16,Grand Cherokee,,,
9ab62c50-9bff-4969-a1eb-de397b6b722e,1996,jeep,grand-cherokee,Limited,generation_inherit,mismatch,true,P225/75R16 P235/70R16,225/75R16 235/70R16,225/75R15 245/70R15 225/70R16,225/75R16 235/70R16,225/75R15 245/70R15 225/70R16,Grand Cherokee,,,
7637ac9d-9cee-4c22-9e90-0af78baa8645,1997,jeep,grand-cherokee,Limited,generation_inherit,mismatch,true,P225/75R16 P235/70R16,225/75R16 235/70R16,215/75R15 245/70R15 225/75R15 225/70R16,225/75R16 235/70R16,215/75R15 245/70R15 225/75R15 225/70R16,Grand Cherokee,,,
d02a88eb-32c7-4860-837c-9c681e03c0bb,1997,jeep,grand-cherokee,Orvis,generation_inherit,mismatch,true,P225/75R16 P235/70R16,225/75R16 235/70R16,215/75R15 245/70R15 225/75R15 225/70R16,225/75R16 235/70R16,215/75R15 245/70R15 225/75R15 225/70R16,Grand Cherokee,,,
47ae73ea-6a28-46a3-bb46-afe443eca2e6,1998,jeep,grand-cherokee,Orvis,generation_inherit,mismatch,true,P225/75R16 P235/70R16,225/75R16 235/70R16,225/70R16 215/75R15 245/70R15 225/75R15,225/75R16 235/70R16,225/70R16 215/75R15 245/70R15 225/75R15,Grand Cherokee,,,
64eac669-fb88-482c-88e0-90112c964cce,1998,jeep,grand-cherokee,Limited,generation_inherit,mismatch,true,P225/75R16 P235/70R16,225/75R16 235/70R16,225/70R16 215/75R15 245/70R15 225/75R15,225/75R16 235/70R16,225/70R16 215/75R15 245/70R15 225/75R15,Grand Cherokee,,,
cec07242-1d1b-4154-a093-6e184b5782e7,1998,jeep,grand-cherokee,5.9 Limited,generation_inherit,mismatch,true,P225/75R16 P235/70R16,225/75R16 235/70R16,225/70R16 215/75R15 245/70R15 225/75R15,225/75R16 235/70R16,225/70R16 215/75R15 245/70R15 225/75R15,Grand Cherokee,,,
c537855e-1e3c-45c0-b3e7-560eb92f666d,2000,jeep,grand-cherokee,Base,cache-import,mismatch,true,225/70R16 235/65R17 245/65R17,225/70R16 235/65R17 245/65R17,225/75R16 245/70R16,225/70R16 235/65R17 245/65R17,225/75R16 245/70R16,Grand Cherokee,,,
c81bd86b-3c3c-4407-bd00-b9bd7875388a,2000,jeep,grand-cherokee,Overland,google-ai-overview,mismatch,false,245/65R17,245/65R17,225/75R16 245/70R16,245/65R17,225/75R16 245/70R16,Grand Cherokee,,,
c71807c8-0c16-4a44-b4d3-e0cdcdd6e604,2001,jeep,grand-cherokee,Overland,google-ai-overview,mismatch,true,245/65R17,245/65R17,225/75R16 245/70R16 235/65R17,245/65R17,225/75R16 245/70R16 235/65R17,Grand Cherokee,,,
1501fe16-a5fc-4133-86df-ee7a66ec4ae9,2002,jeep,grand-cherokee,Overland,google-ai-overview,mismatch,true,245/65R17,245/65R17,225/75R16 245/70R16 235/65R17,245/65R17,225/75R16 245/70R16 235/65R17,Grand Cherokee,,,
2a6db0bf-0d9e-4fd4-8279-be4cb230bc11,2002,jeep,grand-cherokee,Overland,backfill-gc,mismatch,false,265/50R20,265/50R20,225/75R16 245/70R16 235/65R17,265/50R20,225/75R16 245/70R16 235/65R17,Grand Cherokee,,,
5475d43f-5004-4b66-978a-3de8b238571f,2002,jeep,grand-cherokee,Summit,backfill-gc,mismatch,false,265/50R20 275/45R21,265/50R20 275/45R21,225/75R16 245/70R16 235/65R17,265/50R20 275/45R21,225/75R16 245/70R16 235/65R17,Grand Cherokee,,,
5a2211ae-67da-464d-b370-a1269fe32757,2002,jeep,grand-cherokee,Altitude,backfill-gc,mismatch,false,265/60R18 265/50R20,265/60R18 265/50R20,225/75R16 245/70R16 235/65R17,265/60R18 265/50R20,225/75R16 245/70R16 235/65R17,Grand Cherokee,,,
a2e5fbf8-8d93-4895-bd43-21f8f80d06c8,2002,jeep,grand-cherokee,Laredo,backfill-gc,mismatch,false,265/60R18,265/60R18,225/75R16 245/70R16 235/65R17,265/60R18,225/75R16 245/70R16 235/65R17,Grand Cherokee,,,
c987e153-de2f-4129-a6e2-53d2b08578f0,2002,jeep,grand-cherokee,Summit Reserve,backfill-gc,mismatch,false,275/45R21,275/45R21,225/75R16 245/70R16 235/65R17,275/45R21,225/75R16 245/70R16 235/65R17,Grand Cherokee,,,
e5ce7c42-1b1c-4763-b911-5ab01eb49d44,2002,jeep,grand-cherokee,Limited,backfill-gc,mismatch,false,265/50R20,265/50R20,225/75R16 245/70R16 235/65R17,265/50R20,225/75R16 245/70R16 235/65R17,Grand Cherokee,,,
e615de5f-31e0-4928-9a95-35a1fc7d14d7,2003,jeep,grand-cherokee,Overland,google-ai-overview,mismatch,true,245/65R17,245/65R17,225/75R16 245/70R16 235/65R17,245/65R17,225/75R16 245/70R16 235/65R17,Grand Cherokee,,,
b514430f-e761-4660-bf8e-087b743b01d7,2004,jeep,grand-cherokee,Overland,google-ai-overview,mismatch,true,245/65R17,245/65R17,225/75R16 245/70R16 235/65R17,245/65R17,225/75R16 245/70R16 235/65R17,Grand Cherokee,,,
c1de44db-c4dc-45f8-8777-834b1c55093b,2004,jeep,grand-cherokee,Overland,google-ai-overview,mismatch,true,245/65R17,245/65R17,225/75R16 245/70R16 235/65R17,245/65R17,225/75R16 245/70R16 235/65R17,Grand Cherokee,,,
1cc0813d-eda2-4a42-80b6-54103d5e2112,2005,jeep,grand-cherokee,Overland,google-ai-overview,mismatch,false,265/60R18,265/60R18,235/65R17 245/65R17,265/60R18,235/65R17 245/65R17,Grand Cherokee,,,
52effbf6-1cf6-4452-bec7-45a533e6da56,2005,jeep,grand-cherokee,Laredo,google-ai-overview,mismatch,true,245/70R17,245/70R17,235/65R17 245/65R17,245/70R17,235/65R17 245/65R17,Grand Cherokee,,,
5b265486-793a-4a85-a5d0-1dce2417eaf2,2005,jeep,grand-cherokee,SRT8,final-gap-fill [expanded],mismatch,false,255/55R18 265/50R20,255/55R18 265/50R20,235/65R17 245/65R17,255/55R18 265/50R20,235/65R17 245/65R17,Grand Cherokee,,,
6766c4db-1a46-4e7b-b388-bfaf6def7f20,2005,jeep,grand-cherokee,Laredo,google-ai-overview,mismatch,true,245/70R17,245/70R17,235/65R17 245/65R17,245/70R17,235/65R17 245/65R17,Grand Cherokee,,,
7d955364-6c35-4541-b877-1502986667a7,2005,jeep,grand-cherokee,Limited,google-ai-overview,mismatch,false,265/60R18,265/60R18,235/65R17 245/65R17,265/60R18,235/65R17 245/65R17,Grand Cherokee,,,
dd9c32d3-98a1-45c5-b702-df31809b1f9b,2005,jeep,grand-cherokee,"Overland, SRT8",final-gap-fill,mismatch,false,255/55R18 265/50R20,255/55R18 265/50R20,235/65R17 245/65R17,255/55R18 265/50R20,235/65R17 245/65R17,Grand Cherokee,,,
e0abdc0f-1fb1-4116-b1a8-2c0b9e8ca1a4,2005,jeep,grand-cherokee,Overland,google-ai-overview,mismatch,false,265/60R18,265/60R18,235/65R17 245/65R17,265/60R18,235/65R17 245/65R17,Grand Cherokee,,,
efc280ea-af22-48c6-add8-f09647797b31,2005,jeep,grand-cherokee,Limited,google-ai-overview,mismatch,false,265/60R18,265/60R18,235/65R17 245/65R17,265/60R18,235/65R17 245/65R17,Grand Cherokee,,,
12fddeb3-6007-4339-b1b6-412ea36c16b7,2006,jeep,grand-cherokee,Laredo,google-ai-overview,mismatch,true,245/70R17,245/70R17,235/65R17 245/65R17 255/45R20 285/40R20,245/70R17,235/65R17 245/65R17 255/45R20 285/40R20,Grand Cherokee,,,
427cd9f2-ef51-4a7f-a430-4c068df8b4a9,2006,jeep,grand-cherokee,Overland,google-ai-overview,mismatch,false,265/60R18,265/60R18,235/65R17 245/65R17 255/45R20 285/40R20,265/60R18,235/65R17 245/65R17 255/45R20 285/40R20,Grand Cherokee,,,
6aa7cbcb-446a-42b6-99bb-c253cf9c3475,2006,jeep,grand-cherokee,"Overland, SRT8",final-gap-fill,mismatch,true,255/55R18 265/50R20,255/55R18 265/50R20,235/65R17 245/65R17 255/45R20 285/40R20,255/55R18 265/50R20,235/65R17 245/65R17 255/45R20 285/40R20,Grand Cherokee,,,
741912c8-5006-46ce-989d-d13f49513ebc,2006,jeep,grand-cherokee,Laredo,google-ai-overview,mismatch,true,245/70R17,245/70R17,235/65R17 245/65R17 255/45R20 285/40R20,245/70R17,235/65R17 245/65R17 255/45R20 285/40R20,Grand Cherokee,,,
8ee4c50b-f9e7-4bcb-8b2a-41b4aa3cd3c8,2006,jeep,grand-cherokee,SRT8,final-gap-fill [expanded],mismatch,true,255/55R18 265/50R20,255/55R18 265/50R20,235/65R17 245/65R17 255/45R20 285/40R20,255/55R18 265/50R20,235/65R17 245/65R17 255/45R20 285/40R20,Grand Cherokee,,,
940d7aac-130b-4dd8-a1ca-7ee73386ffb2,2006,jeep,grand-cherokee,Limited,generation_inherit,mismatch,true,245/70R17 265/60R18,245/70R17 265/60R18,235/65R17 245/65R17 255/45R20 285/40R20,245/70R17 265/60R18,235/65R17 245/65R17 255/45R20 285/40R20,Grand Cherokee,,,
98201a1d-4720-4842-bd31-d65b99baafab,2006,jeep,grand-cherokee,Overland,google-ai-overview,mismatch,false,265/60R18,265/60R18,235/65R17 245/65R17 255/45R20 285/40R20,265/60R18,235/65R17 245/65R17 255/45R20 285/40R20,Grand Cherokee,,,
b1b49f5b-8297-4b10-86c4-4a2d5d73e875,2006,jeep,grand-cherokee,SRT8,generation_inherit,mismatch,true,265/50R20,265/50R20,235/65R17 245/65R17 255/45R20 285/40R20,265/50R20,235/65R17 245/65R17 255/45R20 285/40R20,Grand Cherokee,,,
e2a6087c-1858-4221-b850-d1667d529b16,2006,jeep,grand-cherokee,Limited,google-ai-overview,mismatch,false,265/60R18,265/60R18,235/65R17 245/65R17 255/45R20 285/40R20,265/60R18,235/65R17 245/65R17 255/45R20 285/40R20,Grand Cherokee,,,
02f32e11-898c-49bb-9a72-d049a353181e,2007,jeep,grand-cherokee,SRT8,final-gap-fill [expanded],mismatch,true,255/55R18 265/50R20,255/55R18 265/50R20,245/65R17 255/45R20 285/40R20,255/55R18 265/50R20,245/65R17 255/45R20 285/40R20,Grand Cherokee,,,
616ddc95-82ec-4f33-9352-f83e0599f161,2007,jeep,grand-cherokee,"Laredo, Limited",final-gap-fill,mismatch,true,235/65R17 245/60R18,235/65R17 245/60R18,245/65R17 255/45R20 285/40R20,235/65R17 245/60R18,245/65R17 255/45R20 285/40R20,Grand Cherokee,,,
7345752d-9eeb-4723-8388-426eee99632a,2007,jeep,grand-cherokee,Limited,google-ai-overview,mismatch,false,265/60R18,265/60R18,245/65R17 255/45R20 285/40R20,265/60R18,245/65R17 255/45R20 285/40R20,Grand Cherokee,,,
90e2bc9e-abd1-41e0-a55d-4dfb12b21a7a,2007,jeep,grand-cherokee,"Overland, SRT8",final-gap-fill,mismatch,true,255/55R18 265/50R20,255/55R18 265/50R20,245/65R17 255/45R20 285/40R20,255/55R18 265/50R20,245/65R17 255/45R20 285/40R20,Grand Cherokee,,,
bdd03284-30e2-4fc9-9ae5-68f16bb53b96,2007,jeep,grand-cherokee,Laredo,generation_inherit,mismatch,true,245/70R17,245/70R17,245/65R17 255/45R20 285/40R20,245/70R17,245/65R17 255/45R20 285/40R20,Grand Cherokee,,,
c4407651-0f23-4425-ba48-fa25184fcc22,2007,jeep,grand-cherokee,Limited,google-ai-overview,mismatch,false,265/60R18,265/60R18,245/65R17 255/45R20 285/40R20,265/60R18,245/65R17 255/45R20 285/40R20,Grand Cherokee,,,
cadabe9d-6055-453c-83d8-60cda23b2494,2007,jeep,grand-cherokee,Overland,generation_inherit,mismatch,false,265/60R18,265/60R18,245/65R17 255/45R20 285/40R20,265/60R18,245/65R17 255/45R20 285/40R20,Grand Cherokee,,,
d5ab3894-ad33-4c29-9da0-954ae7c592e2,2007,jeep,grand-cherokee,Overland,google-ai-overview,mismatch,false,265/60R18,265/60R18,245/65R17 255/45R20 285/40R20,265/60R18,245/65R17 255/45R20 285/40R20,Grand Cherokee,,,
db22c3b6-baf0-4972-890e-838fee2ffc3f,2007,jeep,grand-cherokee,Laredo,google-ai-overview,mismatch,true,245/70R17,245/70R17,245/65R17 255/45R20 285/40R20,245/70R17,245/65R17 255/45R20 285/40R20,Grand Cherokee,,,
ddb98686-78ad-483d-94b6-1542d5c81902,2007,jeep,grand-cherokee,SRT8,generation_inherit,mismatch,true,265/50R20,265/50R20,245/65R17 255/45R20 285/40R20,265/50R20,245/65R17 255/45R20 285/40R20,Grand Cherokee,,,
341ad1cd-1c67-4792-bc84-fb96865723b4,2008,jeep,grand-cherokee,Limited,google-ai-overview,mismatch,true,265/60R18,265/60R18,245/65R17 245/60R18 255/45R20 285/40R20,265/60R18,245/65R17 245/60R18 255/45R20 285/40R20,Grand Cherokee,,,
4cbc4833-4345-4f71-8870-8edf6d7982a8,2008,jeep,grand-cherokee,"Overland, SRT8",final-gap-fill,mismatch,true,255/55R18 265/50R20,255/55R18 265/50R20,245/65R17 245/60R18 255/45R20 285/40R20,255/55R18 265/50R20,245/65R17 245/60R18 255/45R20 285/40R20,Grand Cherokee,,,
5a6a4110-d9de-4b01-9bc8-b4c69cb3c18b,2008,jeep,grand-cherokee,Laredo,google-ai-overview,mismatch,true,245/70R17,245/70R17,245/65R17 245/60R18 255/45R20 285/40R20,245/70R17,245/65R17 245/60R18 255/45R20 285/40R20,Grand Cherokee,,,
5fd10fa8-f909-4b61-8b60-ff27f2161527,2008,jeep,grand-cherokee,SRT8,final-gap-fill [expanded],mismatch,true,255/55R18 265/50R20,255/55R18 265/50R20,245/65R17 245/60R18 255/45R20 285/40R20,255/55R18 265/50R20,245/65R17 245/60R18 255/45R20 285/40R20,Grand Cherokee,,,
7761cab5-c464-4f55-b9e5-3a21c88d4a81,2008,jeep,grand-cherokee,Laredo,google-ai-overview,mismatch,true,245/70R17,245/70R17,245/65R17 245/60R18 255/45R20 285/40R20,245/70R17,245/65R17 245/60R18 255/45R20 285/40R20,Grand Cherokee,,,
dbca4b40-3fec-4f45-9281-1732edbe0d08,2008,jeep,grand-cherokee,Overland,google-ai-overview,mismatch,true,265/60R18,265/60R18,245/65R17 245/60R18 255/45R20 285/40R20,265/60R18,245/65R17 245/60R18 255/45R20 285/40R20,Grand Cherokee,,,
e490cdb7-218a-43b8-b312-941f8fff3a8b,2008,jeep,grand-cherokee,Limited,google-ai-overview,mismatch,true,265/60R18,265/60R18,245/65R17 245/60R18 255/45R20 285/40R20,265/60R18,245/65R17 245/60R18 255/45R20 285/40R20,Grand Cherokee,,,
f4ad0ca4-528e-453a-8cec-d6f6144bd3a4,2008,jeep,grand-cherokee,SRT8,generation_inherit,mismatch,true,265/50R20,265/50R20,245/65R17 245/60R18 255/45R20 285/40R20,265/50R20,245/65R17 245/60R18 255/45R20 285/40R20,Grand Cherokee,,,
fa5ccf37-e0b2-4183-bb06-7a8c8a420191,2008,jeep,grand-cherokee,Overland,google-ai-overview,mismatch,true,265/60R18,265/60R18,245/65R17 245/60R18 255/45R20 285/40R20,265/60R18,245/65R17 245/60R18 255/45R20 285/40R20,Grand Cherokee,,,
085605f4-6e98-4daf-9617-1ba8b379a278,2009,jeep,grand-cherokee,Laredo,google-ai-overview,mismatch,true,245/70R17,245/70R17,245/65R17 245/60R18 255/45R20 285/40R20,245/70R17,245/65R17 245/60R18 255/45R20 285/40R20,Grand Cherokee,,,
1f21426a-d369-41b8-adaa-9d19f010f7f5,2009,jeep,grand-cherokee,Overland,google-ai-overview,mismatch,true,265/60R18,265/60R18,245/65R17 245/60R18 255/45R20 285/40R20,265/60R18,245/65R17 245/60R18 255/45R20 285/40R20,Grand Cherokee,,,
35439535-5c69-49a0-99a3-58b7fe8b3d75,2009,jeep,grand-cherokee,Overland,google-ai-overview,mismatch,true,265/60R18,265/60R18,245/65R17 245/60R18 255/45R20 285/40R20,265/60R18,245/65R17 245/60R18 255/45R20 285/40R20,Grand Cherokee,,,
5ecca53d-39fc-476a-b91f-44c64a67dd7c,2009,jeep,grand-cherokee,Limited,google-ai-overview,mismatch,true,265/60R18,265/60R18,245/65R17 245/60R18 255/45R20 285/40R20,265/60R18,245/65R17 245/60R18 255/45R20 285/40R20,Grand Cherokee,,,
77949506-9807-4569-838c-fe8d4aeeed6b,2009,jeep,grand-cherokee,SRT8,generation_inherit,mismatch,true,265/50R20,265/50R20,245/65R17 245/60R18 255/45R20 285/40R20,265/50R20,245/65R17 245/60R18 255/45R20 285/40R20,Grand Cherokee,,,
886efaca-903d-405e-ad8a-88c17cc956b1,2009,jeep,grand-cherokee,Laredo,google-ai-overview,mismatch,true,245/70R17,245/70R17,245/65R17 245/60R18 255/45R20 285/40R20,245/70R17,245/65R17 245/60R18 255/45R20 285/40R20,Grand Cherokee,,,
e097d94f-ce61-4761-ada6-627f7348ec71,2009,jeep,grand-cherokee,SRT8,final-gap-fill [expanded],mismatch,true,255/55R18 265/50R20,255/55R18 265/50R20,245/65R17 245/60R18 255/45R20 285/40R20,255/55R18 265/50R20,245/65R17 245/60R18 255/45R20 285/40R20,Grand Cherokee,,,
ff262fc0-4908-4574-bd88-59902bed772f,2009,jeep,grand-cherokee,"Overland, SRT8",final-gap-fill,mismatch,true,255/55R18 265/50R20,255/55R18 265/50R20,245/65R17 245/60R18 255/45R20 285/40R20,255/55R18 265/50R20,245/65R17 245/60R18 255/45R20 285/40R20,Grand Cherokee,,,
16483d14-d19b-44d2-9f51-b76ca6c3b2be,2010,jeep,grand-cherokee,Limited,google-ai-overview,mismatch,true,265/60R18,265/60R18,245/65R17 245/60R18 255/45R20 285/40R20,265/60R18,245/65R17 245/60R18 255/45R20 285/40R20,Grand Cherokee,,,
34a02368-3fb0-46c4-80c5-72250c2537bf,2010,jeep,grand-cherokee,Laredo,google-ai-overview,mismatch,true,245/70R17,245/70R17,245/65R17 245/60R18 255/45R20 285/40R20,245/70R17,245/65R17 245/60R18 255/45R20 285/40R20,Grand Cherokee,,,
af043f64-de88-4d99-b0c9-bdac569fdbb1,2010,jeep,grand-cherokee,Overland,google-ai-overview,mismatch,true,265/60R18,265/60R18,245/65R17 245/60R18 255/45R20 285/40R20,265/60R18,245/65R17 245/60R18 255/45R20 285/40R20,Grand Cherokee,,,
be798856-f2ef-4bb3-94ad-82416aa69283,2010,jeep,grand-cherokee,SRT8,generation_inherit,mismatch,true,265/50R20,265/50R20,245/65R17 245/60R18 255/45R20 285/40R20,265/50R20,245/65R17 245/60R18 255/45R20 285/40R20,Grand Cherokee,,,
eb57f709-5d0a-483d-9cf9-f73aec448691,2011,jeep,grand-cherokee,Summit Reserve,backfill-gc,mismatch,false,275/45R21,275/45R21,245/70R17 265/60R18 265/50R20,275/45R21,245/70R17 265/60R18 265/50R20,Grand Cherokee,,,
f554fde6-c31c-4728-8a86-e7421bc84145,2012,jeep,grand-cherokee,Summit Reserve,backfill-gc,mismatch,false,275/45R21,275/45R21,245/70R17 265/60R18 265/50R20 295/45R20,275/45R21,245/70R17 265/60R18 265/50R20 295/45R20,Grand Cherokee,,,
d65199bd-1a5a-4b9f-bc17-c43a4e8b8335,2013,jeep,grand-cherokee,Summit Reserve,backfill-gc,mismatch,false,275/45R21,275/45R21,295/45R20 265/50R20 265/60R18 245/70R17,275/45R21,295/45R20 265/50R20 265/60R18 245/70R17,Grand Cherokee,,,
ced6ad6f-6bed-47c4-a915-1d4903e889eb,2014,jeep,grand-cherokee,Summit Reserve,backfill-2014,mismatch,false,275/45R21,275/45R21,295/45R20 245/70R17 265/60R18 265/50R20,275/45R21,295/45R20 245/70R17 265/60R18 265/50R20,Grand Cherokee,,,
78fdff1e-c364-4321-aef9-4ae42b603796,2015,jeep,grand-cherokee,Summit Reserve,backfill-gc,mismatch,false,275/45R21,275/45R21,265/60R18 265/50R20 245/70R17 295/45R20,275/45R21,265/60R18 265/50R20 245/70R17 295/45R20,Grand Cherokee,,,
4ce3ebda-d48d-4063-a47d-a9511d0fa224,2016,jeep,grand-cherokee,Summit Reserve,backfill-gc,mismatch,false,275/45R21,275/45R21,245/70R17 265/60R18 265/50R20 295/45R20,275/45R21,245/70R17 265/60R18 265/50R20 295/45R20,Grand Cherokee,,,
85f631f3-9122-4d45-a40d-62c77cb4ab9a,2017,jeep,grand-cherokee,Summit Reserve,backfill-gc,mismatch,false,275/45R21,275/45R21,265/60R18 265/50R20 245/70R17 295/45R20,275/45R21,265/60R18 265/50R20 245/70R17 295/45R20,Grand Cherokee,,,
c22847fb-83ab-4102-b4db-6f2d1b911944,2019,jeep,grand-cherokee,Summit Reserve,backfill-gc,mismatch,false,275/45R21,275/45R21,245/70R17 265/60R18 265/50R20 295/45R20,275/45R21,245/70R17 265/60R18 265/50R20 295/45R20,Grand Cherokee,,,
167c24a0-2636-4c0d-8128-57da16dd10b8,2021,jeep,grand-cherokee,Laredo,google-ai-overview,mismatch,false,245/70R17,245/70R17,265/50R20 265/60R18 295/45R20,245/70R17,265/50R20 265/60R18 295/45R20,Grand Cherokee,,,
727d9fc9-5db2-4aee-9778-360ead6d85a7,2021,jeep,grand-cherokee,Laredo E,google-ai-overview,mismatch,false,245/70R17,245/70R17,265/50R20 265/60R18 295/45R20,245/70R17,265/50R20 265/60R18 295/45R20,Grand Cherokee,,,
d8e750d5-ef67-4cf0-a8d8-3e0495548d8a,2025,jeep,grand-wagoneer,Base,verified-research,mismatch,false,275/50R20,275/50R20,285/45R22,275/50R20,285/45R22,Grand Wagoneer,,,
768067c3-4cd6-4cc3-aeaf-366427e1d773,2002,jeep,liberty,Sport,google-ai-overview,mismatch,true,225/75R16,225/75R16,215/75R16 235/70R16,225/75R16,215/75R16 235/70R16,Liberty,,,
5410bf66-d820-4b69-b679-2b3c905b6c07,2003,jeep,liberty,Sport,google-ai-overview,mismatch,true,225/75R16,225/75R16,235/70R16 215/75R16,225/75R16,235/70R16 215/75R16,Liberty,,,
fcfbf6e8-2e0c-4940-9a57-88e51633cc49,2004,jeep,liberty,Sport,google-ai-overview,mismatch,true,225/75R16,225/75R16,235/70R16 215/75R16,225/75R16,235/70R16 215/75R16,Liberty,,,
5d9e9fb8-1854-40f4-ab26-2dc45841def2,2000,jeep,wrangler,Sahara,generation_inherit,mismatch,false,225/75R16 245/75R16 LT245/75R16,225/75R16 245/75R16,205/75R15 225/75R15 215/75R15 225/70R15 30X9.50R15,225/75R16 245/75R16,205/75R15 225/75R15 215/75R15 225/70R15 30X9.50R15,Wrangler,,,
33133d0a-4024-4851-8650-f3fcd4755df7,2018,jeep,wrangler-jk,Sport,tgp_solutions,mismatch,false,P225/75R16 P245/75R16,225/75R16 245/75R16,245/75R17 285/70R17 255/70R18 255/75R17,225/75R16 245/75R16,245/75R17 285/70R17 255/70R18 255/75R17,Wrangler,,,
b0987779-32a3-4ec4-bd06-04681fd5577b,2018,jeep,wrangler-jk,Unlimited Sport,tgp_solutions,mismatch,false,P225/75R16 P245/75R16,225/75R16 245/75R16,245/75R17 285/70R17 255/70R18 255/75R17,225/75R16 245/75R16,245/75R17 285/70R17 255/70R18 255/75R17,Wrangler,,,
8765cadf-7ee2-4d5b-8d9a-81558a2b44f6,2001,kia,optima,EX,batch2v2-trim-groups,mismatch,false,205/60R15 205/55R16,205/60R15 205/55R16,195/70R14,205/60R15 205/55R16,195/70R14,Optima,,,
a099e7e8-954a-49f9-a8d7-ca3945e329c4,2007,kia,optima,EX/SX,batch2v2-trim-groups,mismatch,true,215/55R17,215/55R17,205/60R16 215/50R17,215/55R17,205/60R16 215/50R17,Optima,,,
cd3bd137-dd54-4c6b-be4f-dd7fbca3ac9e,2008,kia,optima,EX/SX,batch2v2-trim-groups,mismatch,true,215/55R17,215/55R17,205/60R16 215/50R17,215/55R17,205/60R16 215/50R17,Optima,,,
7b201982-3d6d-4c52-ab1d-0fd9dbd902e3,2009,kia,optima,EX/SX,batch2v2-trim-groups,mismatch,true,215/55R17,215/55R17,205/60R16 215/50R17,215/55R17,205/60R16 215/50R17,Optima,,,
c3b74154-6d20-43a8-aeba-044fed2b376d,2010,kia,optima,EX/SX,batch2v2-trim-groups,mismatch,true,215/55R17,215/55R17,205/60R16 215/50R17,215/55R17,205/60R16 215/50R17,Optima,,,
78a1b5ff-9ab2-4145-bb28-4d45065758b6,2026,kia,seltos,X-Line,verified-research,mismatch,true,235/50R18,235/50R18,215/55R17 235/45R18,235/50R18,215/55R17 235/45R18,Seltos,,,
3047077b-0ee6-42f2-94c1-1bf0e634253b,2026,kia,sportage,X-Pro,verified-research,mismatch,true,245/65R17,245/65R17,235/60R18 235/65R17 235/55R19,245/65R17,235/60R18 235/65R17 235/55R19,Sportage,,,
08d3f277-8904-40b9-8d7c-7cabaffd457e,1994,land rover,defender-90,Base,90s-research-batch,mismatch,true,235/85R16 255/85R16,235/85R16 255/85R16,265/75R16,235/85R16 255/85R16,265/75R16,Defender 90,,,
8c4142c5-b16f-4f06-89bd-2288295e51bb,1995,land rover,defender-90,Base,90s-research-batch,mismatch,true,235/85R16 255/85R16,235/85R16 255/85R16,265/75R16,235/85R16 255/85R16,265/75R16,Defender 90,,,
f2335765-9628-470e-be76-c3824afe9331,1996,land rover,defender-90,Base,90s-research-batch,mismatch,true,235/85R16 255/85R16,235/85R16 255/85R16,265/75R16,235/85R16 255/85R16,265/75R16,Defender 90,,,
82040ff7-4aba-4d1b-a564-841acf550e6b,1997,land rover,defender-90,Base,90s-research-batch,mismatch,true,235/85R16 255/85R16,235/85R16 255/85R16,265/75R16,235/85R16 255/85R16,265/75R16,Defender 90,,,
89fd1d32-60b2-4944-aae6-d61a9851b302,1999,land rover,discovery,Base,90s-research-batch,mismatch,true,235/70R16 205/80R16,235/70R16 205/80R16,255/65R16 255/55R18,235/70R16 205/80R16,255/65R16 255/55R18,Discovery,,,
f8cd3738-0464-4e32-9e19-4d538dfd861d,2005,land rover,discovery,Base,google-ai-overview,mismatch,true,255/55R18,255/55R18,235/70R17 255/60R18 255/55R19,255/55R18,235/70R17 255/60R18 255/55R19,LR3,,,
e4332c28-9391-4078-b733-372f18741e4b,2006,land rover,discovery,Base,google-ai-overview,mismatch,true,255/55R18,255/55R18,255/55R19 255/60R18,255/55R18,255/55R19 255/60R18,LR3,,,
ad164768-482a-4774-82a2-470473cc264d,2007,land rover,discovery,Base,google-ai-overview,mismatch,true,255/55R18,255/55R18,255/60R18 255/55R19,255/55R18,255/60R18 255/55R19,LR3,,,
6a931cd0-ed0e-4a90-b62a-c0043538efa1,2008,land rover,discovery,Base,google-ai-overview,mismatch,true,255/55R18,255/55R18,255/55R19 255/60R18,255/55R18,255/55R19 255/60R18,LR3,,,
1dc4af94-16f7-4bd6-92b6-54f08a161f50,2009,land rover,discovery,Base,google-ai-overview,mismatch,false,255/55R18,255/55R18,255/55R19,255/55R18,255/55R19,LR3,,,
185f0134-9b38-4f2c-86cb-3982296ee5db,2002,land rover,range-rover,HSE,api_import [expanded],mismatch,false,255/55R19,255/55R19,255/55R18,255/55R19,255/55R18,Range Rover,,,
a9b27f2a-0231-46f0-a72a-256c79b018d4,2002,land rover,range-rover,Autobiography,api_import [expanded],mismatch,false,255/55R19,255/55R19,255/55R18,255/55R19,255/55R18,Range Rover,,,
aa997a72-e7b3-43b2-97e4-437b8823cac3,2002,land rover,range-rover,SVAutobiography Dynamic,api_import [expanded],mismatch,false,255/55R19,255/55R19,255/55R18,255/55R19,255/55R18,Range Rover,,,
c5e08eb4-0622-41d7-aa2b-c679a7324fe7,2002,land rover,range-rover,SE,api_import [expanded],mismatch,false,255/55R19,255/55R19,255/55R18,255/55R19,255/55R18,Range Rover,,,
d215ef89-ed47-45cb-99a8-1da178458fc9,2002,land rover,range-rover,"SE, HSE, Autobiography, SV Autobiography, SVAutobiography Dynamic",api_import,mismatch,false,255/55R19,255/55R19,255/55R18,255/55R19,255/55R18,Range Rover,,,
db57f83e-d8d6-4f05-a676-de6a65d2f0f3,2002,land rover,range-rover,SV Autobiography,api_import [expanded],mismatch,false,255/55R19,255/55R19,255/55R18,255/55R19,255/55R18,Range Rover,,,
0d684a2e-be98-4378-b80b-18e88de71900,2008,land rover,range-rover,Autobiography,api_import [expanded],mismatch,true,275/45R20 275/40R21,275/45R20 275/40R21,255/55R19 255/50R20,275/45R20 275/40R21,255/55R19 255/50R20,Range Rover,,,
6d26a712-0b29-465c-b272-ad7958df48f9,2008,land rover,range-rover,"SE, HSE, Autobiography, SV Autobiography, SVAutobiography Dynamic",api_import,mismatch,true,275/45R20 275/40R21,275/45R20 275/40R21,255/55R19 255/50R20,275/45R20 275/40R21,255/55R19 255/50R20,Range Rover,,,
752a2f9b-a035-4741-b769-43142cbf2767,2008,land rover,range-rover,SVAutobiography Dynamic,api_import [expanded],mismatch,true,275/45R20 275/40R21,275/45R20 275/40R21,255/55R19 255/50R20,275/45R20 275/40R21,255/55R19 255/50R20,Range Rover,,,
99672c3a-6fdf-42b6-bed3-673a0c7d42f0,2008,land rover,range-rover,SE,api_import [expanded],mismatch,true,275/45R20 275/40R21,275/45R20 275/40R21,255/55R19 255/50R20,275/45R20 275/40R21,255/55R19 255/50R20,Range Rover,,,
ba458f9f-214d-46ac-9356-0ae17b5622d2,2008,land rover,range-rover,SV Autobiography,api_import [expanded],mismatch,true,275/45R20 275/40R21,275/45R20 275/40R21,255/55R19 255/50R20,275/45R20 275/40R21,255/55R19 255/50R20,Range Rover,,,
c6edcbc9-3355-4051-acd8-ff05ffaeed54,2008,land rover,range-rover,HSE,api_import [expanded],mismatch,true,275/45R20 275/40R21,275/45R20 275/40R21,255/55R19 255/50R20,275/45R20 275/40R21,255/55R19 255/50R20,Range Rover,,,
15594c86-64a9-4c2e-9a78-e59bdd6b866b,2009,land rover,range-rover,SV Autobiography,api_import [expanded],mismatch,true,275/45R20 275/40R21,275/45R20 275/40R21,255/55R19 255/50R20,275/45R20 275/40R21,255/55R19 255/50R20,Range Rover,,,
6a1f5c78-a2f2-40b4-87b0-898b9e46e3b6,2009,land rover,range-rover,HSE,api_import [expanded],mismatch,true,275/45R20 275/40R21,275/45R20 275/40R21,255/55R19 255/50R20,275/45R20 275/40R21,255/55R19 255/50R20,Range Rover,,,
72e6b698-f9df-4106-91ff-970a1ceea6a5,2009,land rover,range-rover,SVAutobiography Dynamic,api_import [expanded],mismatch,true,275/45R20 275/40R21,275/45R20 275/40R21,255/55R19 255/50R20,275/45R20 275/40R21,255/55R19 255/50R20,Range Rover,,,
7efa9338-38fa-45a4-a62d-124ca1b46d41,2009,land rover,range-rover,Autobiography,api_import [expanded],mismatch,true,275/45R20 275/40R21,275/45R20 275/40R21,255/55R19 255/50R20,275/45R20 275/40R21,255/55R19 255/50R20,Range Rover,,,
911f329e-4387-4a96-ada0-61c2d3653056,2009,land rover,range-rover,"SE, HSE, Autobiography, SV Autobiography, SVAutobiography Dynamic",api_import,mismatch,true,275/45R20 275/40R21,275/45R20 275/40R21,255/55R19 255/50R20,275/45R20 275/40R21,255/55R19 255/50R20,Range Rover,,,
dd59c1a8-1253-40a0-97e6-7a3e02f676f0,2009,land rover,range-rover,SE,api_import [expanded],mismatch,true,275/45R20 275/40R21,275/45R20 275/40R21,255/55R19 255/50R20,275/45R20 275/40R21,255/55R19 255/50R20,Range Rover,,,
3b981f81-812d-4468-b161-cad7a0a29d57,2010,land rover,range-rover,SVAutobiography Dynamic,api_import [expanded],mismatch,true,275/45R20 275/40R21,275/45R20 275/40R21,255/55R19 255/50R20,275/45R20 275/40R21,255/55R19 255/50R20,Range Rover,,,
5b881fa0-2ff8-40c1-8d13-fbc5a25b6e69,2010,land rover,range-rover,Autobiography,api_import [expanded],mismatch,true,275/45R20 275/40R21,275/45R20 275/40R21,255/55R19 255/50R20,275/45R20 275/40R21,255/55R19 255/50R20,Range Rover,,,
794c322e-c7f9-4c28-8065-814e630197a9,2010,land rover,range-rover,HSE,api_import [expanded],mismatch,true,275/45R20 275/40R21,275/45R20 275/40R21,255/55R19 255/50R20,275/45R20 275/40R21,255/55R19 255/50R20,Range Rover,,,
b24d9283-413a-4836-81d2-3b0d0b7fb796,2010,land rover,range-rover,"SE, HSE, Autobiography, SV Autobiography, SVAutobiography Dynamic",api_import,mismatch,true,275/45R20 275/40R21,275/45R20 275/40R21,255/55R19 255/50R20,275/45R20 275/40R21,255/55R19 255/50R20,Range Rover,,,
b6d4d625-4785-4a15-b0df-4e79c7e3e077,2010,land rover,range-rover,SV Autobiography,api_import [expanded],mismatch,true,275/45R20 275/40R21,275/45R20 275/40R21,255/55R19 255/50R20,275/45R20 275/40R21,255/55R19 255/50R20,Range Rover,,,
d25306c6-0a6c-4904-bb09-e9bfdc2daa0c,2010,land rover,range-rover,SE,api_import [expanded],mismatch,true,275/45R20 275/40R21,275/45R20 275/40R21,255/55R19 255/50R20,275/45R20 275/40R21,255/55R19 255/50R20,Range Rover,,,
41a7e832-f0fc-47ea-89b9-22634b0a39f6,2011,land rover,range-rover,SE,api_import [expanded],mismatch,true,275/45R20 275/40R21,275/45R20 275/40R21,255/55R19 255/50R20,275/45R20 275/40R21,255/55R19 255/50R20,Range Rover,,,
4ad9541e-4886-470d-ad68-46660efd33df,2011,land rover,range-rover,SV Autobiography,api_import [expanded],mismatch,true,275/45R20 275/40R21,275/45R20 275/40R21,255/55R19 255/50R20,275/45R20 275/40R21,255/55R19 255/50R20,Range Rover,,,
878656c2-de9c-4b5f-b1ff-a4d68c1c9279,2011,land rover,range-rover,"SE, HSE, Autobiography, SV Autobiography, SVAutobiography Dynamic",api_import,mismatch,true,275/45R20 275/40R21,275/45R20 275/40R21,255/55R19 255/50R20,275/45R20 275/40R21,255/55R19 255/50R20,Range Rover,,,
97f54aa7-253d-4ef7-8bd8-05c0c2dcad6a,2011,land rover,range-rover,HSE,api_import [expanded],mismatch,true,275/45R20 275/40R21,275/45R20 275/40R21,255/55R19 255/50R20,275/45R20 275/40R21,255/55R19 255/50R20,Range Rover,,,
d17ab5ab-69f0-41f9-877a-7f157ac71d65,2011,land rover,range-rover,Autobiography,api_import [expanded],mismatch,true,275/45R20 275/40R21,275/45R20 275/40R21,255/55R19 255/50R20,275/45R20 275/40R21,255/55R19 255/50R20,Range Rover,,,
ed1bd5c2-ae4d-4469-a751-91668fd700e9,2011,land rover,range-rover,SVAutobiography Dynamic,api_import [expanded],mismatch,true,275/45R20 275/40R21,275/45R20 275/40R21,255/55R19 255/50R20,275/45R20 275/40R21,255/55R19 255/50R20,Range Rover,,,
11d68dee-cdcb-46fd-9ff1-3daf3bebde18,2012,land rover,range-rover,Autobiography,api_import [expanded],mismatch,true,275/45R20 275/40R21,275/45R20 275/40R21,255/55R19 255/50R20,275/45R20 275/40R21,255/55R19 255/50R20,Range Rover,,,
1edde821-ae0a-4d09-bacd-7ac72d3d30d1,2012,land rover,range-rover,SV Autobiography,api_import [expanded],mismatch,true,275/45R20 275/40R21,275/45R20 275/40R21,255/55R19 255/50R20,275/45R20 275/40R21,255/55R19 255/50R20,Range Rover,,,
44990ab3-2d38-42c6-b668-e5bdd08e45c3,2012,land rover,range-rover,"SE, HSE, Autobiography, SV Autobiography, SVAutobiography Dynamic",api_import,mismatch,true,275/45R20 275/40R21,275/45R20 275/40R21,255/55R19 255/50R20,275/45R20 275/40R21,255/55R19 255/50R20,Range Rover,,,
48a4c4c4-ddda-41bc-872e-f30a63457a3e,2012,land rover,range-rover,SE,api_import [expanded],mismatch,true,275/45R20 275/40R21,275/45R20 275/40R21,255/55R19 255/50R20,275/45R20 275/40R21,255/55R19 255/50R20,Range Rover,,,
4d544430-69af-423d-a47c-ce7e804cf84b,2012,land rover,range-rover,HSE,api_import [expanded],mismatch,true,275/45R20 275/40R21,275/45R20 275/40R21,255/55R19 255/50R20,275/45R20 275/40R21,255/55R19 255/50R20,Range Rover,,,
b59e71ca-cec4-4c34-8dbd-c3fc3e2ad6de,2012,land rover,range-rover,SVAutobiography Dynamic,api_import [expanded],mismatch,true,275/45R20 275/40R21,275/45R20 275/40R21,255/55R19 255/50R20,275/45R20 275/40R21,255/55R19 255/50R20,Range Rover,,,
088b3a0e-191c-4443-822d-b889bdf325d6,2022,land rover,range-rover,SV Autobiography,api_import [trim-expanded],mismatch,true,255/55R21 275/50R22 275/45R23,255/55R21 275/50R22 275/45R23,235/65R19 255/55R20 275/45R21 275/40R22 275/50R21 285/45R22 285/40R23,255/55R21 275/50R22 275/45R23,235/65R19 255/55R20 275/45R21 275/40R22 275/50R21 285/45R22 285/40R23,Range Rover,,,
222ea53a-1868-4659-b466-7916752a3982,2022,land rover,range-rover,SE,api_import [trim-expanded],mismatch,true,255/55R21 275/50R22 275/45R23,255/55R21 275/50R22 275/45R23,235/65R19 255/55R20 275/45R21 275/40R22 275/50R21 285/45R22 285/40R23,255/55R21 275/50R22 275/45R23,235/65R19 255/55R20 275/45R21 275/40R22 275/50R21 285/45R22 285/40R23,Range Rover,,,
22699a0e-2630-42fe-8e02-ffdd2842047a,2022,land rover,range-rover,HSE,api_import [trim-expanded],mismatch,true,255/55R21 275/50R22 275/45R23,255/55R21 275/50R22 275/45R23,235/65R19 255/55R20 275/45R21 275/40R22 275/50R21 285/45R22 285/40R23,255/55R21 275/50R22 275/45R23,235/65R19 255/55R20 275/45R21 275/40R22 275/50R21 285/45R22 285/40R23,Range Rover,,,
3a4e03e4-5e38-4304-97e7-8f5c5e6b735b,2022,land rover,range-rover,SVAutobiography Dynamic,api_import [trim-expanded],mismatch,true,255/55R21 275/50R22 275/45R23,255/55R21 275/50R22 275/45R23,235/65R19 255/55R20 275/45R21 275/40R22 275/50R21 285/45R22 285/40R23,255/55R21 275/50R22 275/45R23,235/65R19 255/55R20 275/45R21 275/40R22 275/50R21 285/45R22 285/40R23,Range Rover,,,
3e174627-893a-4417-abc4-51d4cc33be26,2022,land rover,range-rover,"SE, HSE, Autobiography, SV Autobiography, SVAutobiography Dynamic",api_import,mismatch,true,255/55R21 275/50R22 275/45R23,255/55R21 275/50R22 275/45R23,235/65R19 255/55R20 275/45R21 275/40R22 275/50R21 285/45R22 285/40R23,255/55R21 275/50R22 275/45R23,235/65R19 255/55R20 275/45R21 275/40R22 275/50R21 285/45R22 285/40R23,Range Rover,,,
703fd7e6-4be8-4786-bd89-54d59085fd3b,2022,land rover,range-rover,Autobiography,api_import [trim-expanded],mismatch,true,255/55R21 275/50R22 275/45R23,255/55R21 275/50R22 275/45R23,235/65R19 255/55R20 275/45R21 275/40R22 275/50R21 285/45R22 285/40R23,255/55R21 275/50R22 275/45R23,235/65R19 255/55R20 275/45R21 275/40R22 275/50R21 285/45R22 285/40R23,Range Rover,,,
12573fa4-1a96-42e4-9eba-983cb7cbd145,2023,land rover,range-rover,HSE,api_import [trim-expanded],mismatch,true,255/55R21 275/50R22 275/45R23,255/55R21 275/50R22 275/45R23,275/50R21 285/45R22 285/40R23,255/55R21 275/50R22 275/45R23,275/50R21 285/45R22 285/40R23,Range Rover,,,
15cd7483-1be5-461e-8d7b-5061267649af,2023,land rover,range-rover,"SE, HSE, Autobiography, SV Autobiography, SVAutobiography Dynamic",api_import,mismatch,true,255/55R21 275/50R22 275/45R23,255/55R21 275/50R22 275/45R23,275/50R21 285/45R22 285/40R23,255/55R21 275/50R22 275/45R23,275/50R21 285/45R22 285/40R23,Range Rover,,,
2a9b5a07-104d-4a22-8426-565785f6674e,2023,land rover,range-rover,SV Autobiography,api_import [trim-expanded],mismatch,true,255/55R21 275/50R22 275/45R23,255/55R21 275/50R22 275/45R23,275/50R21 285/45R22 285/40R23,255/55R21 275/50R22 275/45R23,275/50R21 285/45R22 285/40R23,Range Rover,,,
6c0d3c2c-bf59-4b71-9be8-33eb519bf393,2023,land rover,range-rover,SVAutobiography Dynamic,api_import [trim-expanded],mismatch,true,255/55R21 275/50R22 275/45R23,255/55R21 275/50R22 275/45R23,275/50R21 285/45R22 285/40R23,255/55R21 275/50R22 275/45R23,275/50R21 285/45R22 285/40R23,Range Rover,,,
a97e8883-f11b-42c3-b47a-53339ec333bd,2023,land rover,range-rover,SE,api_import [trim-expanded],mismatch,true,255/55R21 275/50R22 275/45R23,255/55R21 275/50R22 275/45R23,275/50R21 285/45R22 285/40R23,255/55R21 275/50R22 275/45R23,275/50R21 285/45R22 285/40R23,Range Rover,,,
ed5c18d9-4d8a-49cb-acd6-f5a815c5cb65,2023,land rover,range-rover,Autobiography,api_import [trim-expanded],mismatch,true,255/55R21 275/50R22 275/45R23,255/55R21 275/50R22 275/45R23,275/50R21 285/45R22 285/40R23,255/55R21 275/50R22 275/45R23,275/50R21 285/45R22 285/40R23,Range Rover,,,
0b3c46ce-ec6f-4526-ad25-11a80e06ec46,2024,land rover,range-rover,SVAutobiography Dynamic,api_import [trim-expanded],mismatch,true,255/55R21 275/50R22 275/45R23,255/55R21 275/50R22 275/45R23,275/50R21 285/45R22 285/40R23 255/60R20,255/55R21 275/50R22 275/45R23,275/50R21 285/45R22 285/40R23 255/60R20,Range Rover,,,
2663dabd-5356-41cb-ad3b-94e5f7901acf,2024,land rover,range-rover,HSE,api_import [trim-expanded],mismatch,true,255/55R21 275/50R22 275/45R23,255/55R21 275/50R22 275/45R23,275/50R21 285/45R22 285/40R23 255/60R20,255/55R21 275/50R22 275/45R23,275/50R21 285/45R22 285/40R23 255/60R20,Range Rover,,,
6e2a263e-d3dc-4b87-9409-bc400fa49500,2024,land rover,range-rover,SV Autobiography,api_import [trim-expanded],mismatch,true,255/55R21 275/50R22 275/45R23,255/55R21 275/50R22 275/45R23,275/50R21 285/45R22 285/40R23 255/60R20,255/55R21 275/50R22 275/45R23,275/50R21 285/45R22 285/40R23 255/60R20,Range Rover,,,
7f8e248b-7ec1-48d1-90d1-53d0c3f1fbf5,2024,land rover,range-rover,"SE, HSE, Autobiography, SV Autobiography, SVAutobiography Dynamic",api_import,mismatch,true,255/55R21 275/50R22 275/45R23,255/55R21 275/50R22 275/45R23,275/50R21 285/45R22 285/40R23 255/60R20,255/55R21 275/50R22 275/45R23,275/50R21 285/45R22 285/40R23 255/60R20,Range Rover,,,
da3d238a-a6e8-4521-81a1-72cd78a1e38b,2024,land rover,range-rover,SE,api_import [trim-expanded],mismatch,true,255/55R21 275/50R22 275/45R23,255/55R21 275/50R22 275/45R23,275/50R21 285/45R22 285/40R23 255/60R20,255/55R21 275/50R22 275/45R23,275/50R21 285/45R22 285/40R23 255/60R20,Range Rover,,,
ee6a29be-0789-47c6-8d96-f0c0dbd0ee6f,2024,land rover,range-rover,Autobiography,api_import [trim-expanded],mismatch,true,255/55R21 275/50R22 275/45R23,255/55R21 275/50R22 275/45R23,275/50R21 285/45R22 285/40R23 255/60R20,255/55R21 275/50R22 275/45R23,275/50R21 285/45R22 285/40R23 255/60R20,Range Rover,,,
3277b194-8fa6-4152-ade5-ced8cda9c647,2025,land rover,range-rover,HSE,api_import [trim-expanded],mismatch,true,255/55R21 275/50R22 275/45R23,255/55R21 275/50R22 275/45R23,285/45R22 275/50R21,255/55R21 275/50R22 275/45R23,285/45R22 275/50R21,Range Rover,,,
483acc36-f596-4ce7-b715-95c9d2a99081,2025,land rover,range-rover,Autobiography,api_import [trim-expanded],mismatch,true,255/55R21 275/50R22 275/45R23,255/55R21 275/50R22 275/45R23,285/45R22 275/50R21,255/55R21 275/50R22 275/45R23,285/45R22 275/50R21,Range Rover,,,
5b1bcbc8-5d81-42a1-b510-72729805460f,2025,land rover,range-rover,SVAutobiography Dynamic,api_import [trim-expanded],mismatch,true,255/55R21 275/50R22 275/45R23,255/55R21 275/50R22 275/45R23,285/45R22 275/50R21,255/55R21 275/50R22 275/45R23,285/45R22 275/50R21,Range Rover,,,
8036c98d-8359-4b89-93ec-d1b0cba4e842,2025,land rover,range-rover,SV Autobiography,api_import [trim-expanded],mismatch,true,255/55R21 275/50R22 275/45R23,255/55R21 275/50R22 275/45R23,285/45R22 275/50R21,255/55R21 275/50R22 275/45R23,285/45R22 275/50R21,Range Rover,,,
edd24734-c163-43e1-85ba-995401e2ab4f,2025,land rover,range-rover,SE,api_import [trim-expanded],mismatch,true,255/55R21 275/50R22 275/45R23,255/55R21 275/50R22 275/45R23,285/45R22 275/50R21,255/55R21 275/50R22 275/45R23,285/45R22 275/50R21,Range Rover,,,
f8d30ca3-e22d-4ac6-9fab-fca1d01629d6,2025,land rover,range-rover,"SE, HSE, Autobiography, SV Autobiography, SVAutobiography Dynamic",api_import,mismatch,true,255/55R21 275/50R22 275/45R23,255/55R21 275/50R22 275/45R23,285/45R22 275/50R21,255/55R21 275/50R22 275/45R23,285/45R22 275/50R21,Range Rover,,,
1a8e62f0-b858-4a59-a670-5c375cdf057c,2006,land rover,range-rover-sport,Base,google-ai-overview,mismatch,true,275/45R20,275/45R20,255/50R19 275/40R20,275/45R20,255/50R19 275/40R20,Range Rover Sport,,,
c1f2998e-312e-4fc7-b7d7-52583b080ce3,2006,land rover,range-rover-sport,Base,catalog-gap-fill,mismatch,true,255/55R19,255/55R19,255/50R19 275/40R20,255/55R19,255/50R19 275/40R20,Range Rover Sport,,,
28f0edd0-99c1-4487-a162-3127e54b3b61,2007,land rover,range-rover-sport,Base,catalog-gap-fill,mismatch,true,255/55R19,255/55R19,255/50R19 275/40R20,255/55R19,255/50R19 275/40R20,Range Rover Sport,,,
51511e1f-eec3-42b3-8232-7867eabc622c,2007,land rover,range-rover-sport,Base,google-ai-overview,mismatch,true,275/45R20,275/45R20,255/50R19 275/40R20,275/45R20,255/50R19 275/40R20,Range Rover Sport,,,
4af9888f-e874-4aee-985b-f4762b863283,2008,land rover,range-rover-sport,Base,google-ai-overview,mismatch,true,275/45R20,275/45R20,255/50R19 275/40R20,275/45R20,255/50R19 275/40R20,Range Rover Sport,,,
d898ee98-eaca-4b52-af17-d6488c7035ce,2008,land rover,range-rover-sport,Base,catalog-gap-fill,mismatch,true,255/55R19,255/55R19,255/50R19 275/40R20,255/55R19,255/50R19 275/40R20,Range Rover Sport,,,
4f3d66c3-fe46-403a-a059-ca22425ca814,2009,land rover,range-rover-sport,Base,catalog-gap-fill,mismatch,true,255/55R19,255/55R19,255/50R19 275/40R20,255/55R19,255/50R19 275/40R20,Range Rover Sport,,,
7b14f396-15b0-4f86-a2cf-0fae80ca59b5,2009,land rover,range-rover-sport,Base,google-ai-overview,mismatch,true,275/45R20,275/45R20,255/50R19 275/40R20,275/45R20,255/50R19 275/40R20,Range Rover Sport,,,
2c7ded61-0982-49a3-bf7d-39104b8be583,2010,land rover,range-rover-sport,Base,catalog-gap-fill,mismatch,true,255/55R19 275/45R21 285/40R22,255/55R19 275/45R21 285/40R22,255/50R19 275/40R20,255/55R19 275/45R21 285/40R22,255/50R19 275/40R20,Range Rover Sport,,,
474cec9f-9152-4dfa-8454-66411e8591a9,2010,land rover,range-rover-sport,Base,google-ai-overview,mismatch,true,275/45R20,275/45R20,255/50R19 275/40R20,275/45R20,255/50R19 275/40R20,Range Rover Sport,,,
4b8b0794-61d4-4743-b435-820914788cc6,2011,land rover,range-rover-sport,Base,google-ai-overview,mismatch,true,275/45R20,275/45R20,255/50R19 275/40R20,275/45R20,255/50R19 275/40R20,Range Rover Sport,,,
6e223dea-0f8e-4caf-a33c-f07babf38e24,2011,land rover,range-rover-sport,Base,catalog-gap-fill,mismatch,true,255/55R19 275/45R21 285/40R22,255/55R19 275/45R21 285/40R22,255/50R19 275/40R20,255/55R19 275/45R21 285/40R22,255/50R19 275/40R20,Range Rover Sport,,,
08367166-b5cb-4244-a74b-f003927677fe,2012,land rover,range-rover-sport,Base,google-ai-overview,mismatch,true,275/45R20,275/45R20,255/50R19 275/40R20,275/45R20,255/50R19 275/40R20,Range Rover Sport,,,
7f75d6a2-f370-465a-a564-a79242bf1c91,2012,land rover,range-rover-sport,Base,catalog-gap-fill,mismatch,true,255/55R19 275/45R21 285/40R22,255/55R19 275/45R21 285/40R22,255/50R19 275/40R20,255/55R19 275/45R21 285/40R22,255/50R19 275/40R20,Range Rover Sport,,,
33bc7ee4-b178-463c-83cf-f0979943586e,2013,land rover,range-rover-sport,Base,google-ai-overview,mismatch,true,275/45R20,275/45R20,255/50R19 275/40R20,275/45R20,255/50R19 275/40R20,Range Rover Sport,,,
b000a7b3-bf1a-4018-b14f-46a1287e38ba,2013,land rover,range-rover-sport,Base,catalog-gap-fill,mismatch,true,255/55R19 275/45R21 285/40R22,255/55R19 275/45R21 285/40R22,255/50R19 275/40R20,255/55R19 275/45R21 285/40R22,255/50R19 275/40R20,Range Rover Sport,,,
185ba2de-49bc-4ddc-94d0-367fc5f3b487,2024,land rover,range-rover-sport,Base,catalog-gap-fill,mismatch,true,255/55R19 275/45R21 285/40R22 285/35R23,255/55R19 275/45R21 285/40R22 285/35R23,275/50R21 285/45R22 285/40R23,255/55R19 275/45R21 285/40R22 285/35R23,275/50R21 285/45R22 285/40R23,Range Rover Sport,,,
45308b3f-7cc5-4972-af89-f01f3fda006b,1990,lexus,es,ES 300,cache-import [expanded],mismatch,true,195/65R15,195/65R15,195/60R15,195/65R15,195/60R15,ES250,,,
7293dac1-01c8-41d7-8630-a1dc9c4af9c8,1990,lexus,es,ES 350,cache-import [expanded],mismatch,true,195/65R15 205/65R15,195/65R15 205/65R15,195/60R15,195/65R15 205/65R15,195/60R15,ES250,,,
8f313b6f-3cbf-4c06-910e-ddaa74359d56,1990,lexus,es,ES 250,cache-import [expanded],mismatch,true,195/65R15 205/65R15,195/65R15 205/65R15,195/60R15,195/65R15 205/65R15,195/60R15,ES250,,,
dc250ff6-5e68-44f7-95ee-49f45ee52652,1990,lexus,es,"ES 250, ES 300h, ES 350, F Sport",cache-import,mismatch,false,P195/70R14,195/70R14,195/60R15,195/70R14,195/60R15,ES250,,,
fef0db29-ba43-4802-9a4b-ae8691760790,1990,lexus,es,ES 300h,cache-import [expanded],mismatch,true,195/65R15 205/65R15,195/65R15 205/65R15,195/60R15,195/65R15 205/65R15,195/60R15,ES250,,,
2297e0a9-00ec-49df-b1b3-a613631b97e2,1991,lexus,es,ES 300,cache-import [expanded],mismatch,true,195/65R15,195/65R15,195/60R15,195/65R15,195/60R15,ES250,,,
649fba05-2b65-4ed9-bd1b-b09d15a8ef8f,1991,lexus,es,"ES 250, ES 300h, ES 350, F Sport",cache-import,mismatch,false,P195/70R14,195/70R14,195/60R15,195/70R14,195/60R15,ES250,,,
81c52409-0170-4a41-b3e5-cb7e0355a35d,1991,lexus,es,ES 300h,cache-import [expanded],mismatch,true,195/65R15 205/65R15,195/65R15 205/65R15,195/60R15,195/65R15 205/65R15,195/60R15,ES250,,,
af076f28-0608-4806-8101-49ce1c7822db,1991,lexus,es,ES 250,cache-import [expanded],mismatch,true,195/65R15 205/65R15,195/65R15 205/65R15,195/60R15,195/65R15 205/65R15,195/60R15,ES250,,,
b2d49753-aa03-4a5a-89f4-ff0f0011e0f4,1991,lexus,es,ES 350,cache-import [expanded],mismatch,true,195/65R15 205/65R15,195/65R15 205/65R15,195/60R15,195/65R15 205/65R15,195/60R15,ES250,,,
a15c0f25-d2f1-4ce2-9acd-8ba174ce4089,1992,lexus,es,ES 300,cache-import [expanded],mismatch,true,195/65R15,195/65R15,205/65R15,195/65R15,205/65R15,ES300,,,
5981f7af-aec7-4851-9f7c-9418e4ac81da,1993,lexus,es,ES 300,cache-import [expanded],mismatch,true,195/65R15,195/65R15,205/65R15,195/65R15,205/65R15,ES300,,,
ae52543b-9a51-4940-b82b-c141e05436b9,1994,lexus,es,ES 300,cache-import [expanded],mismatch,true,195/65R15,195/65R15,205/65R15,195/65R15,205/65R15,ES300,,,
f3a3ccad-7470-4bf1-a9de-5f068523cc19,1995,lexus,es,ES 300,cache-import [expanded],mismatch,true,195/65R15,195/65R15,205/65R15,195/65R15,205/65R15,ES300,,,
c49affa0-6990-4c25-9bba-0775b95d9885,1996,lexus,es,ES 300,cache-import [expanded],mismatch,true,195/65R15,195/65R15,205/65R15,195/65R15,205/65R15,ES300,,,
1116438c-fa1e-41cd-befe-21fac12706ff,1997,lexus,es,ES 330,cache-import [expanded],mismatch,false,215/60R16,215/60R16,205/65R15,215/60R16,205/65R15,ES300,,,
89a36783-4960-47b3-a8f9-b5ad6032b4ba,1998,lexus,es,ES 330,cache-import [expanded],mismatch,false,215/60R16,215/60R16,205/65R15,215/60R16,205/65R15,ES300,,,
6ea744ec-662e-4a75-8cec-ee8b4062f5e9,1999,lexus,es,ES 330,cache-import [expanded],mismatch,false,215/60R16,215/60R16,205/65R15,215/60R16,205/65R15,ES300,,,
552d8423-8528-4509-933f-0a30bb64b3d0,2000,lexus,es,ES 330,cache-import [expanded],mismatch,true,215/60R16,215/60R16,205/65R15 205/60R16,215/60R16,205/65R15 205/60R16,ES300,,,
3f217091-8539-45e3-b412-967358a2122b,2001,lexus,es,ES 330,cache-import [expanded],mismatch,true,215/60R16,215/60R16,205/65R15 205/60R16,215/60R16,205/65R15 205/60R16,ES300,,,
2f979caf-b41f-4c22-9e9a-38356e3c995a,1993,lexus,gs,GS 350,cache-import [expanded],mismatch,true,225/55R16,225/55R16,215/60R16,225/55R16,215/60R16,GS300,,,
669a15b6-0434-492c-ab73-8665f32d1161,1993,lexus,gs,"GS 300, GS 350, GS F, F Sport",cache-import,mismatch,true,P215/55R16,215/55R16,215/60R16,215/55R16,215/60R16,GS300,,,
6d07659e-ea56-4a2a-bd81-da781084350a,1993,lexus,gs,GS 300,cache-import [expanded],mismatch,true,225/55R16,225/55R16,215/60R16,225/55R16,215/60R16,GS300,,,
e8501483-f388-4c72-80e4-8d3accb67ad0,1993,lexus,gs,GS F,cache-import [expanded],mismatch,true,225/55R16,225/55R16,215/60R16,225/55R16,215/60R16,GS300,,,
f41c7e48-2b4d-4a53-9711-711137dce039,1993,lexus,gs,GS 300,cache-import [expanded],mismatch,true,225/55R16,225/55R16,215/60R16,225/55R16,215/60R16,GS300,,,
0cf6464e-1081-4c83-802d-ba1362b568c0,1994,lexus,gs,GS F,cache-import [expanded],mismatch,true,225/55R16,225/55R16,215/60R16,225/55R16,215/60R16,GS300,,,
4c8c6315-e451-4a93-b3b7-d355987f34eb,1994,lexus,gs,GS 300,cache-import [expanded],mismatch,true,225/55R16,225/55R16,215/60R16,225/55R16,215/60R16,GS300,,,
9f66e97d-d771-45d3-82fc-04e0f701971b,1994,lexus,gs,"GS 300, GS 350, GS F, F Sport",cache-import,mismatch,true,P215/55R16,215/55R16,215/60R16,215/55R16,215/60R16,GS300,,,
c2ec860c-82ab-4c18-8cac-839e81287ead,1994,lexus,gs,GS 300,cache-import [expanded],mismatch,true,225/55R16,225/55R16,215/60R16,225/55R16,215/60R16,GS300,,,
f1c46d46-99bb-410d-9629-82e08f3a834b,1994,lexus,gs,GS 350,cache-import [expanded],mismatch,true,225/55R16,225/55R16,215/60R16,225/55R16,215/60R16,GS300,,,
4a705b19-c618-4e79-8381-d4453d9d023a,1995,lexus,gs,GS F,cache-import [expanded],mismatch,true,225/55R16,225/55R16,215/60R16,225/55R16,215/60R16,GS300,,,
5b397547-8c61-470a-9ebc-b33269440381,1995,lexus,gs,GS 300,cache-import [expanded],mismatch,true,225/55R16,225/55R16,215/60R16,225/55R16,215/60R16,GS300,,,
6dac2c1c-1485-43cb-9866-0d75c81b7c13,1995,lexus,gs,GS 300,cache-import [expanded],mismatch,true,225/55R16,225/55R16,215/60R16,225/55R16,215/60R16,GS300,,,
9ee6f6c1-ad58-421b-bfa8-293a1d852e2a,1995,lexus,gs,"GS 300, GS 350, GS F, F Sport",cache-import,mismatch,true,P215/55R16,215/55R16,215/60R16,215/55R16,215/60R16,GS300,,,
fbbdba22-9ff9-49d5-a99c-702d60945aa2,1995,lexus,gs,GS 350,cache-import [expanded],mismatch,true,225/55R16,225/55R16,215/60R16,225/55R16,215/60R16,GS300,,,
2b328d2d-8b16-4c65-bcc0-7c2d9a8048c5,1996,lexus,gs,GS 350,cache-import [expanded],mismatch,true,225/55R16,225/55R16,215/60R16,225/55R16,215/60R16,GS300,,,
2d9bb740-7e14-4adf-95c1-9543968ce2f5,1996,lexus,gs,"GS 300, GS 350, GS F, F Sport",cache-import,mismatch,true,P215/55R16,215/55R16,215/60R16,215/55R16,215/60R16,GS300,,,
44d41fb1-cdd0-49bf-995c-54dae92a4dcd,1996,lexus,gs,GS F,cache-import [expanded],mismatch,true,225/55R16,225/55R16,215/60R16,225/55R16,215/60R16,GS300,,,
6497de4c-88ea-4889-b9c1-d3c2184edb5f,1996,lexus,gs,GS 300,cache-import [expanded],mismatch,true,225/55R16,225/55R16,215/60R16,225/55R16,215/60R16,GS300,,,
6662221b-c80f-46fc-b746-ecffee106f7e,1996,lexus,gs,GS 300,cache-import [expanded],mismatch,true,225/55R16,225/55R16,215/60R16,225/55R16,215/60R16,GS300,,,
48f3c210-30f3-4c92-8f41-961cd9d70dec,1997,lexus,gs,GS 350,cache-import [expanded],mismatch,true,225/55R16,225/55R16,215/60R16,225/55R16,215/60R16,GS300,,,
87b8aa13-b83d-4fe2-9f60-6b8fceaafa99,1997,lexus,gs,"GS 300, GS 350, GS F, F Sport",cache-import,mismatch,true,P215/55R16,215/55R16,215/60R16,215/55R16,215/60R16,GS300,,,
a00ed4a8-7ba4-448e-921b-4754f445f8b4,1997,lexus,gs,GS 300,cache-import [expanded],mismatch,true,225/55R16,225/55R16,215/60R16,225/55R16,215/60R16,GS300,,,
c839937a-d5a1-4f14-a8fe-43230a665b0e,1997,lexus,gs,GS 300,cache-import [expanded],mismatch,true,225/55R16,225/55R16,215/60R16,225/55R16,215/60R16,GS300,,,
eeadabb0-0593-4525-a7fe-d80781de30a0,1997,lexus,gs,GS F,cache-import [expanded],mismatch,true,225/55R16,225/55R16,215/60R16,225/55R16,215/60R16,GS300,,,
3d0b7898-ae28-41b0-b563-d8b7565bff78,2024,lexus,is,IS 300,cache-import [trim-expanded],mismatch,true,225/40R18 255/35R18 235/35R19 265/30R19,225/40R18 255/35R18 235/35R19 265/30R19,235/40R19 265/35R19 235/45R18,225/40R18 255/35R18 235/35R19 265/30R19,235/40R19 265/35R19 235/45R18,IS350 | IS300 | IS500,IS300,mismatch,
902a5d3a-04a6-49e2-8622-b3d3c9a04ada,2024,lexus,is,IS 350,cache-import [trim-expanded],mismatch,true,225/40R18 255/35R18 235/35R19 265/30R19,225/40R18 255/35R18 235/35R19 265/30R19,235/40R19 265/35R19 235/45R18,225/40R18 255/35R18 235/35R19 265/30R19,235/40R19 265/35R19 235/45R18,IS350 | IS300 | IS500,IS350,mismatch,
b5c7fc4f-4b5d-4197-a9ce-e242f2ea1c17,2024,lexus,is,"IS 300, IS 350, IS 500, F Sport",cache-import,mismatch,true,225/40R18 255/35R18 235/35R19 265/30R19,225/40R18 255/35R18 235/35R19 265/30R19,235/40R19 265/35R19 235/45R18,225/40R18 255/35R18 235/35R19 265/30R19,235/40R19 265/35R19 235/45R18,IS350 | IS300 | IS500,,,
ef04c2ea-e18a-422e-8705-1e38c863ed6c,2024,lexus,is,F Sport,cache-import [trim-expanded],mismatch,true,225/40R18 255/35R18 235/35R19 265/30R19,225/40R18 255/35R18 235/35R19 265/30R19,235/40R19 265/35R19 235/45R18,225/40R18 255/35R18 235/35R19 265/30R19,235/40R19 265/35R19 235/45R18,IS350 | IS300 | IS500,,,
f9d25fa9-77c1-4826-ada2-964a6a2a917f,2024,lexus,is,IS 500,cache-import [trim-expanded],mismatch,true,225/40R18 255/35R18 235/35R19 265/30R19,225/40R18 255/35R18 235/35R19 265/30R19,235/40R19 265/35R19 235/45R18,225/40R18 255/35R18 235/35R19 265/30R19,235/40R19 265/35R19 235/45R18,IS350 | IS300 | IS500,IS500,mismatch,
4f866103-57c0-4741-8f51-a492e9952f87,2025,lexus,is,"IS 300, IS 350, IS 500, F Sport",cache-import,mismatch,true,225/40R18 255/35R18 235/35R19 265/30R19,225/40R18 255/35R18 235/35R19 265/30R19,235/40R19 265/35R19 235/45R18,225/40R18 255/35R18 235/35R19 265/30R19,235/40R19 265/35R19 235/45R18,IS350 | IS300 | IS500,,,
687f8651-e3f9-479c-a29b-7ddd7152c888,2025,lexus,is,IS 500,cache-import [trim-expanded],mismatch,true,225/40R18 255/35R18 235/35R19 265/30R19,225/40R18 255/35R18 235/35R19 265/30R19,235/40R19 265/35R19 235/45R18,225/40R18 255/35R18 235/35R19 265/30R19,235/40R19 265/35R19 235/45R18,IS350 | IS300 | IS500,IS500,mismatch,
69c526ea-26d4-4947-b513-16d67a306f8c,2025,lexus,is,F Sport,cache-import [trim-expanded],mismatch,true,225/40R18 255/35R18 235/35R19 265/30R19,225/40R18 255/35R18 235/35R19 265/30R19,235/40R19 265/35R19 235/45R18,225/40R18 255/35R18 235/35R19 265/30R19,235/40R19 265/35R19 235/45R18,IS350 | IS300 | IS500,,,
7b3d4ae4-b98b-4a3c-b9e9-896bc1a31f62,2025,lexus,is,IS 300,cache-import [trim-expanded],mismatch,true,225/40R18 255/35R18 235/35R19 265/30R19,225/40R18 255/35R18 235/35R19 265/30R19,235/40R19 265/35R19 235/45R18,225/40R18 255/35R18 235/35R19 265/30R19,235/40R19 265/35R19 235/45R18,IS350 | IS300 | IS500,IS300,mismatch,
95ff5952-cdfe-49c9-a700-a72867fb7d01,2025,lexus,is,IS 350,cache-import [trim-expanded],mismatch,true,225/40R18 255/35R18 235/35R19 265/30R19,225/40R18 255/35R18 235/35R19 265/30R19,235/40R19 265/35R19 235/45R18,225/40R18 255/35R18 235/35R19 265/30R19,235/40R19 265/35R19 235/45R18,IS350 | IS300 | IS500,IS350,mismatch,
7765642d-1ad1-4145-af5e-e6d2db8e46f3,2026,lexus,is,IS 500,cache-import [trim-expanded],mismatch,true,225/40R18 255/35R18 235/35R19 265/30R19,225/40R18 255/35R18 235/35R19 265/30R19,235/40R19 265/35R19,225/40R18 255/35R18 235/35R19 265/30R19,235/40R19 265/35R19,IS350,,,
a0f18210-87f5-45c7-8d8a-fa7e483cb5d1,2026,lexus,is,IS 300,cache-import [trim-expanded],mismatch,true,225/40R18 255/35R18 235/35R19 265/30R19,225/40R18 255/35R18 235/35R19 265/30R19,235/40R19 265/35R19,225/40R18 255/35R18 235/35R19 265/30R19,235/40R19 265/35R19,IS350,,,
ac02bbea-b602-4d9a-9ffa-9fcb6d1ff1c6,2026,lexus,is,IS 350,cache-import [trim-expanded],mismatch,true,225/40R18 255/35R18 235/35R19 265/30R19,225/40R18 255/35R18 235/35R19 265/30R19,235/40R19 265/35R19,225/40R18 255/35R18 235/35R19 265/30R19,235/40R19 265/35R19,IS350,,,
de0cea64-e508-4935-aa14-eada60d6894e,2026,lexus,is,F Sport,cache-import [trim-expanded],mismatch,true,225/40R18 255/35R18 235/35R19 265/30R19,225/40R18 255/35R18 235/35R19 265/30R19,235/40R19 265/35R19,225/40R18 255/35R18 235/35R19 265/30R19,235/40R19 265/35R19,IS350,,,
e6fe6f9d-b2c8-47aa-95fd-4c669eb68e2d,2026,lexus,is,"IS 300, IS 350, IS 500, F Sport",cache-import,mismatch,true,225/40R18 255/35R18 235/35R19 265/30R19,225/40R18 255/35R18 235/35R19 265/30R19,235/40R19 265/35R19,225/40R18 255/35R18 235/35R19 265/30R19,235/40R19 265/35R19,IS350,,,
5684e860-eb6b-442c-b8b2-b95c4c2b881b,1990,lexus,ls,LS 500h,cache-import [expanded],mismatch,true,215/65R15 225/60R16,215/65R15 225/60R16,205/65R15,215/65R15 225/60R16,205/65R15,LS400,,,
88111667-b6a7-4387-b6c5-9ad9f5c7228a,1990,lexus,ls,LS 400,cache-import [expanded],mismatch,true,215/65R15,215/65R15,205/65R15,215/65R15,205/65R15,LS400,,,
fdae7835-5930-46ec-9fc2-b464722f6463,1990,lexus,ls,LS 500,cache-import [expanded],mismatch,true,215/65R15 225/60R16,215/65R15 225/60R16,205/65R15,215/65R15 225/60R16,205/65R15,LS400,,,
fe78e2ff-d78c-4551-ba62-123485ec78b7,1990,lexus,ls,"LS 500, LS 500h, F Sport",cache-import,mismatch,false,P215/60R16,215/60R16,205/65R15,215/60R16,205/65R15,LS400,,,
12b9ca7b-9046-47a2-8d3c-7cab3261afe8,1991,lexus,ls,LS 400,cache-import [expanded],mismatch,true,215/65R15,215/65R15,205/65R15,215/65R15,205/65R15,LS400,,,
3a995cb4-7dd2-4cc6-b41d-f494a473a50a,1991,lexus,ls,LS 500,cache-import [expanded],mismatch,true,215/65R15 225/60R16,215/65R15 225/60R16,205/65R15,215/65R15 225/60R16,205/65R15,LS400,,,
4b94714b-4007-49f2-9ddd-20128b72ae39,1991,lexus,ls,"LS 500, LS 500h, F Sport",cache-import,mismatch,false,P215/60R16,215/60R16,205/65R15,215/60R16,205/65R15,LS400,,,
ee7fc6b6-3977-48b5-ba9c-d83fb9369c0e,1991,lexus,ls,LS 500h,cache-import [expanded],mismatch,true,215/65R15 225/60R16,215/65R15 225/60R16,205/65R15,215/65R15 225/60R16,205/65R15,LS400,,,
12cbaa2d-4759-4f17-9aac-f6216de356d6,1992,lexus,ls,LS 500h,cache-import [expanded],mismatch,true,215/65R15 225/60R16,215/65R15 225/60R16,205/65R15,215/65R15 225/60R16,205/65R15,LS400,,,
7f087f44-9fb4-41a4-9f01-ed6a603156da,1992,lexus,ls,LS 500,cache-import [expanded],mismatch,true,215/65R15 225/60R16,215/65R15 225/60R16,205/65R15,215/65R15 225/60R16,205/65R15,LS400,,,
be7d582e-f787-4fd3-ab33-323b45ec569f,1992,lexus,ls,LS 400,cache-import [expanded],mismatch,true,215/65R15,215/65R15,205/65R15,215/65R15,205/65R15,LS400,,,
e51be58d-d866-46f3-8596-173fdb64c844,1992,lexus,ls,"LS 500, LS 500h, F Sport",cache-import,mismatch,false,P215/60R16,215/60R16,205/65R15,215/60R16,205/65R15,LS400,,,
70c9ff64-fa8d-4948-8707-b87856999d80,1993,lexus,ls,LS 400,cache-import [expanded],mismatch,false,215/65R15,215/65R15,225/60R16,215/65R15,225/60R16,LS400,,,
941e93ab-243c-45af-8c19-777acd78a458,1993,lexus,ls,"LS 500, LS 500h, F Sport",cache-import,mismatch,true,P215/60R16,215/60R16,225/60R16,215/60R16,225/60R16,LS400,,,
65948178-f3f3-414e-85d4-ce4ee469cb71,1994,lexus,ls,LS 400,cache-import [expanded],mismatch,false,215/65R15,215/65R15,225/60R16,215/65R15,225/60R16,LS400,,,
a8b776e5-10ef-4121-a9a2-5943393ba7ba,1994,lexus,ls,"LS 500, LS 500h, F Sport",cache-import,mismatch,true,P215/60R16,215/60R16,225/60R16,215/60R16,225/60R16,LS400,,,
07dfae7c-1bf0-4d81-a28c-e731a7a6749d,2019,lexus,ls,"LS 500, LS 500h, F Sport",cache-import,mismatch,true,P245/45R19 P245/40R20,245/45R19 245/40R20,245/50R19 245/45R20 275/40R20,245/45R19 245/40R20,245/50R19 245/45R20 275/40R20,LS500 | LS500h,,,
6a2a5df4-7159-4411-96b0-f598d5c11212,2019,lexus,ls,F Sport,cache-import [expanded],mismatch,true,P245/45R19 P245/40R20,245/45R19 245/40R20,245/50R19 245/45R20 275/40R20,245/45R19 245/40R20,245/50R19 245/45R20 275/40R20,LS500 | LS500h,,,
0f039928-a2fc-493f-95a5-674eae1244fa,2020,lexus,ls,F Sport,cache-import [trim-expanded],mismatch,true,P245/45R19 P245/40R20,245/45R19 245/40R20,245/45R20 275/40R20 245/50R19,245/45R19 245/40R20,245/45R20 275/40R20 245/50R19,LS500 | LS500h,,,
4adedda5-eff0-4075-8cd6-c8a3a9a112b0,2020,lexus,ls,"LS 500, LS 500h, F Sport",cache-import,mismatch,true,P245/45R19 P245/40R20,245/45R19 245/40R20,245/45R20 275/40R20 245/50R19,245/45R19 245/40R20,245/45R20 275/40R20 245/50R19,LS500 | LS500h,,,
5e15ccd7-4d77-4f69-9b39-fc5940573434,2021,lexus,ls,F Sport,cache-import [trim-expanded],mismatch,true,P245/45R19 P245/40R20,245/45R19 245/40R20,245/50R19 245/45R20 275/40R20,245/45R19 245/40R20,245/50R19 245/45R20 275/40R20,LS500 | LS500h,,,
efe63bdf-df4b-4882-b758-79c5d28c941f,2021,lexus,ls,"LS 500, LS 500h, F Sport",cache-import,mismatch,true,P245/45R19 P245/40R20,245/45R19 245/40R20,245/50R19 245/45R20 275/40R20,245/45R19 245/40R20,245/50R19 245/45R20 275/40R20,LS500 | LS500h,,,
04efffc5-91cf-4e91-8ca8-b8755135def1,1998,lexus,lx,LX 470,cache-import,mismatch,false,275/60R17 275/60R18,275/60R17 275/60R18,275/70R16,275/60R17 275/60R18,275/70R16,LX470,,,
29c4ba71-9bb4-4252-8159-4dfb540d3e3b,1998,lexus,lx,LX 470,cache-import [expanded],mismatch,false,275/60R17 275/60R18,275/60R17 275/60R18,275/70R16,275/60R17 275/60R18,275/70R16,LX470,,,
38c9b614-2770-43fb-921c-be9cf93e8230,1998,lexus,lx,LX 470,cache-import [expanded],mismatch,false,275/60R17 275/60R18,275/60R17 275/60R18,275/70R16,275/60R17 275/60R18,275/70R16,LX470,,,
59f5ae50-0fd8-492a-b8a7-7e803f6f49d2,1998,lexus,lx,LX 470,cache-import [expanded],mismatch,false,275/60R17 275/60R18,275/60R17 275/60R18,275/70R16,275/60R17 275/60R18,275/70R16,LX470,,,
f178cf27-0c0f-4cf5-af48-45898c3f5e8e,1998,lexus,lx,LX 470,cache-import [expanded],mismatch,false,275/60R17 275/60R18,275/60R17 275/60R18,275/70R16,275/60R17 275/60R18,275/70R16,LX470,,,
0dfc0192-098a-41c2-a38b-ebd652b30e82,1999,lexus,lx,LX 470,cache-import [expanded],mismatch,false,275/60R17 275/60R18,275/60R17 275/60R18,275/70R16,275/60R17 275/60R18,275/70R16,LX470,,,
161a29ea-de49-44d6-ab7b-ecfa87104362,1999,lexus,lx,LX 470,cache-import [expanded],mismatch,false,275/60R17 275/60R18,275/60R17 275/60R18,275/70R16,275/60R17 275/60R18,275/70R16,LX470,,,
2f306247-2213-481f-8894-1da391032c59,1999,lexus,lx,LX 470,cache-import,mismatch,false,275/60R17 275/60R18,275/60R17 275/60R18,275/70R16,275/60R17 275/60R18,275/70R16,LX470,,,
bb9f727e-29c2-429b-854a-7f453ca429b5,1999,lexus,lx,LX 470,cache-import [expanded],mismatch,false,275/60R17 275/60R18,275/60R17 275/60R18,275/70R16,275/60R17 275/60R18,275/70R16,LX470,,,
cd525f8d-857d-45d7-9717-00aaed9ff742,1999,lexus,lx,LX 470,cache-import [expanded],mismatch,false,275/60R17 275/60R18,275/60R17 275/60R18,275/70R16,275/60R17 275/60R18,275/70R16,LX470,,,
01e6c5e8-36df-4515-b1d0-57ce45c2a824,2003,lincoln,aviator,Reserve,generation-baseline [expanded],mismatch,false,215/60R16,215/60R16,245/65R17,215/60R16,245/65R17,Aviator,,,
829803b6-eaf1-4a4c-886b-3087344a2337,2003,lincoln,aviator,Grand Touring,generation-baseline [expanded],mismatch,false,215/60R16,215/60R16,245/65R17,215/60R16,245/65R17,Aviator,,,
97ea87fe-639c-4463-aefc-d2fefa8e9070,2003,lincoln,aviator,Black Label,generation-baseline [expanded],mismatch,false,215/60R16,215/60R16,245/65R17,215/60R16,245/65R17,Aviator,,,
ee02dff1-eae2-4290-9d93-4c35b44564e9,2003,lincoln,aviator,Standard,generation-baseline [expanded],mismatch,false,215/60R16,215/60R16,245/65R17,215/60R16,245/65R17,Aviator,,,
fdbcf7c1-c894-4b73-bb52-0ee40584f371,2003,lincoln,aviator,"Standard, Reserve, Grand Touring, Black Label",generation-baseline,mismatch,false,215/60R16,215/60R16,245/65R17,215/60R16,245/65R17,Aviator,,,
1827c314-0de6-44c5-a2de-bf6e3d927819,2004,lincoln,aviator,"Standard, Reserve, Grand Touring, Black Label",generation-baseline,mismatch,false,215/60R16,215/60R16,245/65R17,215/60R16,245/65R17,Aviator,,,
35a5b063-8668-4087-8c1d-05c4eb2c987d,2004,lincoln,aviator,Standard,generation-baseline [expanded],mismatch,false,215/60R16,215/60R16,245/65R17,215/60R16,245/65R17,Aviator,,,
87898088-88ad-4287-bb4a-0e430a0a8f26,2004,lincoln,aviator,Black Label,generation-baseline [expanded],mismatch,false,215/60R16,215/60R16,245/65R17,215/60R16,245/65R17,Aviator,,,
8d333cea-5698-4d52-87b6-0624a715f11d,2004,lincoln,aviator,Reserve,generation-baseline [expanded],mismatch,false,215/60R16,215/60R16,245/65R17,215/60R16,245/65R17,Aviator,,,
d8e46ce8-f8c2-4586-8bf8-c898f10cb990,2004,lincoln,aviator,Grand Touring,generation-baseline [expanded],mismatch,false,215/60R16,215/60R16,245/65R17,215/60R16,245/65R17,Aviator,,,
25a0b1ea-e82c-4b05-86cb-bf489ff2a951,2005,lincoln,aviator,"Standard, Reserve, Grand Touring, Black Label",generation-baseline,mismatch,false,255/55R20,255/55R20,245/65R17,255/55R20,245/65R17,Aviator,,,
377c1dc2-a85f-49cd-b454-0d213fdb18f1,2005,lincoln,aviator,Grand Touring,generation-baseline [expanded],mismatch,false,255/55R20,255/55R20,245/65R17,255/55R20,245/65R17,Aviator,,,
5019c057-5eab-4c5b-b3e4-e965e045f387,2005,lincoln,aviator,Black Label,generation-baseline [expanded],mismatch,false,255/55R20,255/55R20,245/65R17,255/55R20,245/65R17,Aviator,,,
74f85d0c-d96e-439c-a582-18fe32051c7d,2005,lincoln,aviator,Standard,generation-baseline [expanded],mismatch,false,255/55R20,255/55R20,245/65R17,255/55R20,245/65R17,Aviator,,,
c61c2f98-9e28-47a6-abce-5dcecce47378,2005,lincoln,aviator,Reserve,generation-baseline [expanded],mismatch,false,255/55R20,255/55R20,245/65R17,255/55R20,245/65R17,Aviator,,,
1e3fd906-b846-443f-9cb6-ec0cca714577,2000,lincoln,continental,Reserve,generation-baseline [expanded],mismatch,false,245/45R19,245/45R19,225/60R16,245/45R19,225/60R16,Continental,,,
3a149ef9-5128-4516-89a1-a531fda5ce35,2000,lincoln,continental,Premiere,generation-baseline [expanded],mismatch,false,245/45R19,245/45R19,225/60R16,245/45R19,225/60R16,Continental,,,
48b52bc8-ec6c-4ae1-bdc9-9d091d185155,2000,lincoln,continental,Select,generation-baseline [expanded],mismatch,false,245/45R19,245/45R19,225/60R16,245/45R19,225/60R16,Continental,,,
5b73e073-889c-482f-93e3-a0fd507c2805,2000,lincoln,continental,"Premiere, Select, Reserve, Black Label",generation-baseline,mismatch,false,245/45R19,245/45R19,225/60R16,245/45R19,225/60R16,Continental,,,
f1e8ff0c-bb09-484d-b155-3ad2aecd2a72,2000,lincoln,continental,Black Label,generation-baseline [expanded],mismatch,false,245/45R19,245/45R19,225/60R16,245/45R19,225/60R16,Continental,,,
1fd5de85-61f4-400b-902c-beb4657bf63b,2001,lincoln,continental,Select,generation-baseline [expanded],mismatch,false,245/45R19,245/45R19,225/60R16,245/45R19,225/60R16,Continental,,,
2f3b0eb1-9e29-46f3-ab7e-ed08fe3f2989,2001,lincoln,continental,Reserve,generation-baseline [expanded],mismatch,false,245/45R19,245/45R19,225/60R16,245/45R19,225/60R16,Continental,,,
37a4ca7c-2ce7-4bd5-ace4-43208e3cdd80,2001,lincoln,continental,Black Label,generation-baseline [expanded],mismatch,false,245/45R19,245/45R19,225/60R16,245/45R19,225/60R16,Continental,,,
d9c592ca-f0ba-44e8-be11-cc42a836ed67,2001,lincoln,continental,Premiere,generation-baseline [expanded],mismatch,false,245/45R19,245/45R19,225/60R16,245/45R19,225/60R16,Continental,,,
f1e5bb63-6ed1-4085-b85f-5d829c6646df,2001,lincoln,continental,"Premiere, Select, Reserve, Black Label",generation-baseline,mismatch,false,245/45R19,245/45R19,225/60R16,245/45R19,225/60R16,Continental,,,
1e4920da-ebe9-4f3c-939d-caebd19e7151,2002,lincoln,continental,Premiere,generation-baseline [expanded],mismatch,false,245/45R19,245/45R19,225/60R16,245/45R19,225/60R16,Continental,,,
533c0476-58eb-471b-8bb7-8f1fdfb23f45,2002,lincoln,continental,"Premiere, Select, Reserve, Black Label",generation-baseline,mismatch,false,245/45R19,245/45R19,225/60R16,245/45R19,225/60R16,Continental,,,
7a2a978a-eda2-47dc-ab75-c13cea157abd,2002,lincoln,continental,Select,generation-baseline [expanded],mismatch,false,245/45R19,245/45R19,225/60R16,245/45R19,225/60R16,Continental,,,
7c90f0aa-9d0e-4edd-b5ee-aab6d1412071,2002,lincoln,continental,Black Label,generation-baseline [expanded],mismatch,false,245/45R19,245/45R19,225/60R16,245/45R19,225/60R16,Continental,,,
8dd51682-e116-49e2-b916-b94991e244bd,2002,lincoln,continental,Reserve,generation-baseline [expanded],mismatch,false,245/45R19,245/45R19,225/60R16,245/45R19,225/60R16,Continental,,,
984f7cef-b43a-45d5-9d29-b371784bfa8b,1998,lincoln,navigator,Standard,generation-baseline [expanded],mismatch,true,215/70R16,215/70R16,245/75R16 255/75R17,215/70R16,245/75R16 255/75R17,Navigator,,,
cfb9d429-bd4f-47b2-bc6a-ae221af4b53a,1998,lincoln,navigator,Black Label,generation-baseline [expanded],mismatch,true,215/70R16,215/70R16,245/75R16 255/75R17,215/70R16,245/75R16 255/75R17,Navigator,,,
f4012a88-fe7b-4733-a634-f1b233117f83,1998,lincoln,navigator,Reserve,generation-baseline [expanded],mismatch,true,215/70R16,215/70R16,245/75R16 255/75R17,215/70R16,245/75R16 255/75R17,Navigator,,,
fd836594-f6ca-4917-8dd2-d0a64befc184,1998,lincoln,navigator,"Standard, Reserve, Black Label",generation-baseline,mismatch,true,215/70R16,215/70R16,245/75R16 255/75R17,215/70R16,245/75R16 255/75R17,Navigator,,,
0666212f-fd91-41e2-8663-435f1e2858a9,1999,lincoln,navigator,Black Label,generation-baseline [expanded],mismatch,true,215/70R16,215/70R16,245/75R16 255/75R17,215/70R16,245/75R16 255/75R17,Navigator,,,
9a715fbb-022b-42df-b591-7470f3f7cd02,1999,lincoln,navigator,"Standard, Reserve, Black Label",generation-baseline,mismatch,true,215/70R16,215/70R16,245/75R16 255/75R17,215/70R16,245/75R16 255/75R17,Navigator,,,
cd1716f5-1a39-48f7-a941-08e0ad3dfb7b,1999,lincoln,navigator,Standard,generation-baseline [expanded],mismatch,true,215/70R16,215/70R16,245/75R16 255/75R17,215/70R16,245/75R16 255/75R17,Navigator,,,
ea43008f-b027-4e43-a652-b920e7fa57ef,1999,lincoln,navigator,Reserve,generation-baseline [expanded],mismatch,true,215/70R16,215/70R16,245/75R16 255/75R17,215/70R16,245/75R16 255/75R17,Navigator,,,
0ef8abed-0a97-40e8-b908-2fdcdfc83a89,2000,lincoln,navigator,Reserve,generation-baseline [expanded],mismatch,false,215/60R16,215/60R16,275/60R17 255/75R17,215/60R16,275/60R17 255/75R17,Navigator,,,
53db076f-c77d-455b-a453-87ca548c75f0,2000,lincoln,navigator,Standard,generation-baseline [expanded],mismatch,false,215/60R16,215/60R16,275/60R17 255/75R17,215/60R16,275/60R17 255/75R17,Navigator,,,
b5408bfb-6916-4e54-88cb-3410f0093641,2000,lincoln,navigator,"Standard, Reserve, Black Label",generation-baseline,mismatch,false,215/60R16,215/60R16,275/60R17 255/75R17,215/60R16,275/60R17 255/75R17,Navigator,,,
ba0e9603-c372-4dac-add2-7dc93072ddce,2000,lincoln,navigator,Black Label,generation-baseline [expanded],mismatch,false,215/60R16,215/60R16,275/60R17 255/75R17,215/60R16,275/60R17 255/75R17,Navigator,,,
11564f7b-32ea-495f-8a6b-aa62204a7dec,2001,lincoln,navigator,"Standard, Reserve, Black Label",generation-baseline,mismatch,false,215/60R16,215/60R16,275/60R17 255/75R17,215/60R16,275/60R17 255/75R17,Navigator,,,
382709b7-b602-4c07-a9c1-25cf90e64793,2001,lincoln,navigator,Reserve,generation-baseline [expanded],mismatch,false,215/60R16,215/60R16,275/60R17 255/75R17,215/60R16,275/60R17 255/75R17,Navigator,,,
7bcf66ed-0c3b-41b7-8e38-608138927cfd,2001,lincoln,navigator,Standard,generation-baseline [expanded],mismatch,false,215/60R16,215/60R16,275/60R17 255/75R17,215/60R16,275/60R17 255/75R17,Navigator,,,
cce893d6-2b07-469a-bb55-c6defd3fa6d4,2001,lincoln,navigator,Black Label,generation-baseline [expanded],mismatch,false,215/60R16,215/60R16,275/60R17 255/75R17,215/60R16,275/60R17 255/75R17,Navigator,,,
048bae09-df84-4c6e-b033-1569df6fdd0b,2002,lincoln,navigator,Standard,generation-baseline [expanded],mismatch,false,215/60R16,215/60R16,275/60R17 255/75R17,215/60R16,275/60R17 255/75R17,Navigator,,,
0d0f6ef4-825b-415f-ac88-d681e0eacd88,2002,lincoln,navigator,Reserve,generation-baseline [expanded],mismatch,false,215/60R16,215/60R16,275/60R17 255/75R17,215/60R16,275/60R17 255/75R17,Navigator,,,
65eb81fa-a2d5-492f-a34e-eec0402b16bb,2002,lincoln,navigator,"Standard, Reserve, Black Label",generation-baseline,mismatch,false,215/60R16,215/60R16,275/60R17 255/75R17,215/60R16,275/60R17 255/75R17,Navigator,,,
94c75744-b23f-4339-be16-36e070bfe006,2002,lincoln,navigator,Black Label,generation-baseline [expanded],mismatch,false,215/60R16,215/60R16,275/60R17 255/75R17,215/60R16,275/60R17 255/75R17,Navigator,,,
1928e748-09af-4b57-acfa-a73ebde683f7,2003,lincoln,navigator,Standard,generation-baseline [expanded],mismatch,false,215/60R16,215/60R16,255/70R18 275/65R18,215/60R16,255/70R18 275/65R18,Navigator,,,
2ef791fc-6b04-4c2b-bcd9-c80598864779,2003,lincoln,navigator,Reserve,generation-baseline [expanded],mismatch,false,215/60R16,215/60R16,255/70R18 275/65R18,215/60R16,255/70R18 275/65R18,Navigator,,,
8f9921f1-8403-4ae1-ba30-a79b8e8c9c2f,2003,lincoln,navigator,"Standard, Reserve, Black Label",generation-baseline,mismatch,false,215/60R16,215/60R16,255/70R18 275/65R18,215/60R16,255/70R18 275/65R18,Navigator,,,
f50d13ff-519a-43d5-ad4c-d4607022d119,2003,lincoln,navigator,Black Label,generation-baseline [expanded],mismatch,false,215/60R16,215/60R16,255/70R18 275/65R18,215/60R16,255/70R18 275/65R18,Navigator,,,
35b2a889-03f3-47b8-a948-fab508b5b182,2004,lincoln,navigator,Standard,generation-baseline [expanded],mismatch,false,215/60R16,215/60R16,255/70R18 275/65R18,215/60R16,255/70R18 275/65R18,Navigator,,,
46a99a66-0f8c-4234-ad15-4de5c33472f1,2004,lincoln,navigator,Black Label,generation-baseline [expanded],mismatch,false,215/60R16,215/60R16,255/70R18 275/65R18,215/60R16,255/70R18 275/65R18,Navigator,,,
4bda8384-0783-4310-b96a-0501023c9d76,2004,lincoln,navigator,"Standard, Reserve, Black Label",generation-baseline,mismatch,false,215/60R16,215/60R16,255/70R18 275/65R18,215/60R16,255/70R18 275/65R18,Navigator,,,
dd390dea-dc06-4f53-aafa-b20b10750a94,2004,lincoln,navigator,Reserve,generation-baseline [expanded],mismatch,false,215/60R16,215/60R16,255/70R18 275/65R18,215/60R16,255/70R18 275/65R18,Navigator,,,
69af78dd-202f-4853-a09e-81a4209032e6,2005,lincoln,navigator,"Standard, Reserve, Black Label",generation-baseline,mismatch,false,275/55R20,275/55R20,255/70R18 275/65R18,275/55R20,255/70R18 275/65R18,Navigator,,,
83541033-28ff-4be1-bfc6-4e12e8b2c992,2005,lincoln,navigator,Reserve,generation-baseline [expanded],mismatch,false,275/55R20,275/55R20,255/70R18 275/65R18,275/55R20,255/70R18 275/65R18,Navigator,,,
af0dabe1-1aca-4484-b530-92bee2e6b378,2005,lincoln,navigator,Standard,generation-baseline [expanded],mismatch,false,275/55R20,275/55R20,255/70R18 275/65R18,275/55R20,255/70R18 275/65R18,Navigator,,,
c123278b-0836-43c5-947c-fd20483db4cf,2005,lincoln,navigator,Black Label,generation-baseline [expanded],mismatch,false,275/55R20,275/55R20,255/70R18 275/65R18,275/55R20,255/70R18 275/65R18,Navigator,,,
3cb8cbce-f567-4f8e-8e56-ab23d685c553,2006,lincoln,navigator,Reserve,generation-baseline [expanded],mismatch,false,275/55R20,275/55R20,255/70R18 275/65R18,275/55R20,255/70R18 275/65R18,Navigator,,,
4e2ecee1-a187-4bef-9f55-37b76fda1fb0,2006,lincoln,navigator,Black Label,generation-baseline [expanded],mismatch,false,275/55R20,275/55R20,255/70R18 275/65R18,275/55R20,255/70R18 275/65R18,Navigator,,,
63b2579f-1fce-44f6-adec-24eb0dc7fd9a,2006,lincoln,navigator,"Standard, Reserve, Black Label",generation-baseline,mismatch,false,275/55R20,275/55R20,255/70R18 275/65R18,275/55R20,255/70R18 275/65R18,Navigator,,,
668af471-29d8-49a8-b54e-49624a44395a,2006,lincoln,navigator,Standard,generation-baseline [expanded],mismatch,false,275/55R20,275/55R20,255/70R18 275/65R18,275/55R20,255/70R18 275/65R18,Navigator,,,
1d0b8632-6ada-4313-a600-0388146f54f5,1990,lincoln,town-car,"Executive, Signature, Signature Limited, Cartier",generation-baseline,mismatch,false,225/60R16 235/55R17,225/60R16 235/55R17,215/70R15,225/60R16 235/55R17,215/70R15,Town CAR,,,
42588b47-6fbf-4cea-90ed-2fe15951e600,1990,lincoln,town-car,Executive,generation-baseline [expanded],mismatch,false,225/60R16 235/55R17,225/60R16 235/55R17,215/70R15,225/60R16 235/55R17,215/70R15,Town CAR,,,
5ce35b56-4a33-431d-99e8-852d02f69560,1990,lincoln,town-car,Cartier,generation-baseline [expanded],mismatch,false,225/60R16 235/55R17,225/60R16 235/55R17,215/70R15,225/60R16 235/55R17,215/70R15,Town CAR,,,
b392c580-cebe-4561-9c7d-f1e328dd1a2f,1990,lincoln,town-car,Signature Limited,generation-baseline [expanded],mismatch,false,225/60R16 235/55R17,225/60R16 235/55R17,215/70R15,225/60R16 235/55R17,215/70R15,Town CAR,,,
d8220063-084c-4fa5-bd41-320c7c02533a,1990,lincoln,town-car,Signature,generation-baseline [expanded],mismatch,false,225/60R16 235/55R17,225/60R16 235/55R17,215/70R15,225/60R16 235/55R17,215/70R15,Town CAR,,,
1cf444a4-5d01-42a9-89d2-1946d3302d06,1991,lincoln,town-car,Cartier,generation-baseline [expanded],mismatch,false,225/60R16 235/55R17,225/60R16 235/55R17,215/70R15,225/60R16 235/55R17,215/70R15,Town CAR,,,
32e0f574-2f57-46a5-8a3a-10a686cec106,1991,lincoln,town-car,Signature,generation-baseline [expanded],mismatch,false,225/60R16 235/55R17,225/60R16 235/55R17,215/70R15,225/60R16 235/55R17,215/70R15,Town CAR,,,
922a51be-6b18-4966-9003-747b157235d1,1991,lincoln,town-car,"Executive, Signature, Signature Limited, Cartier",generation-baseline,mismatch,false,225/60R16 235/55R17,225/60R16 235/55R17,215/70R15,225/60R16 235/55R17,215/70R15,Town CAR,,,
c48bb549-8fa0-46c1-83db-b24cbd148501,1991,lincoln,town-car,Executive,generation-baseline [expanded],mismatch,false,225/60R16 235/55R17,225/60R16 235/55R17,215/70R15,225/60R16 235/55R17,215/70R15,Town CAR,,,
cfb40501-fa33-4669-af24-11be1c650ea8,1991,lincoln,town-car,Signature Limited,generation-baseline [expanded],mismatch,false,225/60R16 235/55R17,225/60R16 235/55R17,215/70R15,225/60R16 235/55R17,215/70R15,Town CAR,,,
0e8c5461-2555-4bf0-911c-502312f95772,1992,lincoln,town-car,Executive,generation-baseline [expanded],mismatch,false,225/60R16 235/55R17,225/60R16 235/55R17,215/70R15,225/60R16 235/55R17,215/70R15,Town CAR,,,
12ab77e7-ab24-4254-9596-211cb84aacab,1992,lincoln,town-car,Signature Limited,generation-baseline [expanded],mismatch,false,225/60R16 235/55R17,225/60R16 235/55R17,215/70R15,225/60R16 235/55R17,215/70R15,Town CAR,,,
734551ed-b675-41c2-b3ca-3fc6ddac16cb,1992,lincoln,town-car,Cartier,generation-baseline [expanded],mismatch,false,225/60R16 235/55R17,225/60R16 235/55R17,215/70R15,225/60R16 235/55R17,215/70R15,Town CAR,,,
9289b54c-8e82-4141-a44f-3480f05c6b50,1992,lincoln,town-car,Signature,generation-baseline [expanded],mismatch,false,225/60R16 235/55R17,225/60R16 235/55R17,215/70R15,225/60R16 235/55R17,215/70R15,Town CAR,,,
d3f9b32a-c9b1-46f0-8593-5032fea241cd,1992,lincoln,town-car,"Executive, Signature, Signature Limited, Cartier",generation-baseline,mismatch,false,225/60R16 235/55R17,225/60R16 235/55R17,215/70R15,225/60R16 235/55R17,215/70R15,Town CAR,,,
681dc69d-bd08-4f8e-a5c8-3bf252a06db4,1993,lincoln,town-car,"Executive, Signature, Signature Limited, Cartier",generation-baseline,mismatch,false,225/60R16 235/55R17,225/60R16 235/55R17,215/70R15 225/70R15,225/60R16 235/55R17,215/70R15 225/70R15,Town CAR,,,
8292cb8b-9f66-409f-b005-4e90dd1b3901,1993,lincoln,town-car,Signature,generation-baseline [expanded],mismatch,false,225/60R16 235/55R17,225/60R16 235/55R17,215/70R15 225/70R15,225/60R16 235/55R17,215/70R15 225/70R15,Town CAR,,,
aceb2ffe-e32c-41c4-a392-74288c82a086,1993,lincoln,town-car,Cartier,generation-baseline [expanded],mismatch,false,225/60R16 235/55R17,225/60R16 235/55R17,215/70R15 225/70R15,225/60R16 235/55R17,215/70R15 225/70R15,Town CAR,,,
f53306e8-1908-4245-8477-1e3c1a2cb097,1993,lincoln,town-car,Executive,generation-baseline [expanded],mismatch,false,225/60R16 235/55R17,225/60R16 235/55R17,215/70R15 225/70R15,225/60R16 235/55R17,215/70R15 225/70R15,Town CAR,,,
fa36f2f1-535a-45cc-96bc-f389aeb7b73d,1993,lincoln,town-car,Signature Limited,generation-baseline [expanded],mismatch,false,225/60R16 235/55R17,225/60R16 235/55R17,215/70R15 225/70R15,225/60R16 235/55R17,215/70R15 225/70R15,Town CAR,,,
022c82b9-2fc6-4cf7-bb26-31ae0dd36914,1994,lincoln,town-car,Cartier,generation-baseline [expanded],mismatch,false,225/60R16 235/55R17,225/60R16 235/55R17,215/70R15 225/70R15,225/60R16 235/55R17,215/70R15 225/70R15,Town CAR,,,
0d4d298b-3e0a-4806-9d48-fb3639e230c9,1994,lincoln,town-car,Signature,generation-baseline [expanded],mismatch,false,225/60R16 235/55R17,225/60R16 235/55R17,215/70R15 225/70R15,225/60R16 235/55R17,215/70R15 225/70R15,Town CAR,,,
2417457f-02ec-41fe-b3b6-3577112b6500,1994,lincoln,town-car,"Executive, Signature, Signature Limited, Cartier",generation-baseline,mismatch,false,225/60R16 235/55R17,225/60R16 235/55R17,215/70R15 225/70R15,225/60R16 235/55R17,215/70R15 225/70R15,Town CAR,,,
dce2936d-fac3-4cbd-8455-326a5fa7b71d,1994,lincoln,town-car,Signature Limited,generation-baseline [expanded],mismatch,false,225/60R16 235/55R17,225/60R16 235/55R17,215/70R15 225/70R15,225/60R16 235/55R17,215/70R15 225/70R15,Town CAR,,,
ec22a469-d100-435d-b25f-d0072ad95e37,1994,lincoln,town-car,Executive,generation-baseline [expanded],mismatch,false,225/60R16 235/55R17,225/60R16 235/55R17,215/70R15 225/70R15,225/60R16 235/55R17,215/70R15 225/70R15,Town CAR,,,
05e5b9ad-19cc-4d1d-a874-35ec329d7ab5,2003,lincoln,town-car,Signature,manual-research,mismatch,true,P225/60R16 P225/55R17,225/60R16 225/55R17,225/60R17 225/70R16,225/60R16 225/55R17,225/60R17 225/70R16,Town CAR,,,
56c960af-d0b3-4faf-a589-1af2c454f33c,2003,lincoln,town-car,Cartier,manual-research,mismatch,true,P225/60R16 P225/55R17,225/60R16 225/55R17,225/60R17 225/70R16,225/60R16 225/55R17,225/60R17 225/70R16,Town CAR,,,
5df4d1a8-b65d-4d3f-8632-56556f5f5b3f,2003,lincoln,town-car,Executive,manual-research,mismatch,true,P225/60R16 P225/55R17,225/60R16 225/55R17,225/60R17 225/70R16,225/60R16 225/55R17,225/60R17 225/70R16,Town CAR,,,
5f762c84-5aee-40a6-a111-14a2a55b0f46,2003,lincoln,town-car,Signature Limited,manual-research,mismatch,true,P225/60R16 P225/55R17,225/60R16 225/55R17,225/60R17 225/70R16,225/60R16 225/55R17,225/60R17 225/70R16,Town CAR,,,
bc787976-fc85-4275-a06d-7c736fef3bb4,2003,lincoln,town-car,Ultimate,manual-research,mismatch,true,P225/60R16 P225/55R17,225/60R16 225/55R17,225/60R17 225/70R16,225/60R16 225/55R17,225/60R17 225/70R16,Town CAR,,,
0e82bfab-b75c-4375-a905-0e12d57e9f13,2004,lincoln,town-car,Cartier,manual-research,mismatch,true,P225/60R16 P225/55R17,225/60R16 225/55R17,225/60R17,225/60R16 225/55R17,225/60R17,Town CAR,,,
391f9cef-9e67-4f92-869b-72bd6149cfb8,2004,lincoln,town-car,Signature Limited,manual-research,mismatch,true,P225/60R16 P225/55R17,225/60R16 225/55R17,225/60R17,225/60R16 225/55R17,225/60R17,Town CAR,,,
6ddc51be-5bff-457c-bd08-8fca3257c850,2004,lincoln,town-car,Signature,manual-research,mismatch,true,P225/60R16 P225/55R17,225/60R16 225/55R17,225/60R17,225/60R16 225/55R17,225/60R17,Town CAR,,,
d0e1cc58-2f38-4078-b589-d399bf3ab204,2004,lincoln,town-car,Executive,manual-research,mismatch,true,P225/60R16 P225/55R17,225/60R16 225/55R17,225/60R17,225/60R16 225/55R17,225/60R17,Town CAR,,,
e7ef7386-094d-48e9-904f-64f339fddd33,2004,lincoln,town-car,Ultimate,manual-research,mismatch,true,P225/60R16 P225/55R17,225/60R16 225/55R17,225/60R17,225/60R16 225/55R17,225/60R17,Town CAR,,,
7421ffd7-f861-4a97-859c-da136b3a4380,2005,lincoln,town-car,Signature Limited,manual-research,mismatch,true,P225/60R16 P225/55R17,225/60R16 225/55R17,225/60R17,225/60R16 225/55R17,225/60R17,Town CAR,,,
7f8bf709-7f68-47ce-aa34-ef8868a9a84b,2005,lincoln,town-car,Executive,manual-research,mismatch,true,P225/60R16 P225/55R17,225/60R16 225/55R17,225/60R17,225/60R16 225/55R17,225/60R17,Town CAR,,,
83c81abf-099e-485b-b635-ed200e701b94,2005,lincoln,town-car,Cartier,manual-research,mismatch,true,P225/60R16 P225/55R17,225/60R16 225/55R17,225/60R17,225/60R16 225/55R17,225/60R17,Town CAR,,,
9a6e58ec-a5b2-483c-a665-89dd00fea9d5,2005,lincoln,town-car,Ultimate,manual-research,mismatch,true,P225/60R16 P225/55R17,225/60R16 225/55R17,225/60R17,225/60R16 225/55R17,225/60R17,Town CAR,,,
b3a36ddd-3996-41dc-9b04-c359eef758e5,2005,lincoln,town-car,Signature,manual-research,mismatch,true,P225/60R16 P225/55R17,225/60R16 225/55R17,225/60R17,225/60R16 225/55R17,225/60R17,Town CAR,,,
11e9753c-0775-4d37-ac60-b15034ebe067,2006,lincoln,town-car,Signature,manual-research,mismatch,true,P225/60R16 P225/55R17,225/60R16 225/55R17,225/60R17,225/60R16 225/55R17,225/60R17,Town CAR,,,
1c077334-bd22-4c94-9cff-25444405adc7,2006,lincoln,town-car,Cartier,manual-research,mismatch,true,P225/60R16 P225/55R17,225/60R16 225/55R17,225/60R17,225/60R16 225/55R17,225/60R17,Town CAR,,,
20a17870-e455-4a6a-a788-ecf2a46b44d8,2006,lincoln,town-car,Signature Limited,manual-research,mismatch,true,P225/60R16 P225/55R17,225/60R16 225/55R17,225/60R17,225/60R16 225/55R17,225/60R17,Town CAR,,,
6b012153-454b-4e70-8d99-dee1a54097f7,2006,lincoln,town-car,Ultimate,manual-research,mismatch,true,P225/60R16 P225/55R17,225/60R16 225/55R17,225/60R17,225/60R16 225/55R17,225/60R17,Town CAR,,,
cbdc405e-dd98-4ced-97c7-29609a3eef56,2006,lincoln,town-car,Executive,manual-research,mismatch,true,P225/60R16 P225/55R17,225/60R16 225/55R17,225/60R17,225/60R16 225/55R17,225/60R17,Town CAR,,,
7874eabb-b750-41b0-b1c5-88f6c956d356,2007,lincoln,town-car,Signature Limited,manual-research,mismatch,true,P225/60R16 P225/55R17,225/60R16 225/55R17,225/60R17,225/60R16 225/55R17,225/60R17,Town CAR,,,
b21412c7-1748-41c1-9193-e7c1d6c32381,2007,lincoln,town-car,Cartier,manual-research,mismatch,true,P225/60R16 P225/55R17,225/60R16 225/55R17,225/60R17,225/60R16 225/55R17,225/60R17,Town CAR,,,
bcc53b4f-9a5b-4872-ad77-9207ce378523,2007,lincoln,town-car,Executive,manual-research,mismatch,true,P225/60R16 P225/55R17,225/60R16 225/55R17,225/60R17,225/60R16 225/55R17,225/60R17,Town CAR,,,
ccf9ed05-7786-4d9c-9e1a-82bf6d76e872,2007,lincoln,town-car,Ultimate,manual-research,mismatch,true,P225/60R16 P225/55R17,225/60R16 225/55R17,225/60R17,225/60R16 225/55R17,225/60R17,Town CAR,,,
decac6a4-2ea1-40c0-8017-ed141468f618,2007,lincoln,town-car,Signature,manual-research,mismatch,true,P225/60R16 P225/55R17,225/60R16 225/55R17,225/60R17,225/60R16 225/55R17,225/60R17,Town CAR,,,
204018c1-7226-4a35-a450-42d39e56b82b,2008,lincoln,town-car,Ultimate,manual-research,mismatch,true,P225/60R16 P225/55R17,225/60R16 225/55R17,225/60R17,225/60R16 225/55R17,225/60R17,Town CAR,,,
3f39a075-83b8-4b32-b85d-08c7fc017367,2008,lincoln,town-car,Signature,manual-research,mismatch,true,P225/60R16 P225/55R17,225/60R16 225/55R17,225/60R17,225/60R16 225/55R17,225/60R17,Town CAR,,,
487783ec-9719-4027-b298-73f201afeed1,2008,lincoln,town-car,Cartier,manual-research,mismatch,true,P225/60R16 P225/55R17,225/60R16 225/55R17,225/60R17,225/60R16 225/55R17,225/60R17,Town CAR,,,
88ab1bfe-b876-40ca-a02b-d414a75baade,2008,lincoln,town-car,Executive,manual-research,mismatch,true,P225/60R16 P225/55R17,225/60R16 225/55R17,225/60R17,225/60R16 225/55R17,225/60R17,Town CAR,,,
fbbbb68d-2acb-458d-b90f-207993c302a2,2008,lincoln,town-car,Signature Limited,manual-research,mismatch,true,P225/60R16 P225/55R17,225/60R16 225/55R17,225/60R17,225/60R16 225/55R17,225/60R17,Town CAR,,,
13605aa2-2f55-4312-b09b-bd7e2b3a1208,2009,lincoln,town-car,Cartier,manual-research,mismatch,true,P225/60R16 P225/55R17,225/60R16 225/55R17,225/60R17,225/60R16 225/55R17,225/60R17,Town CAR,,,
42873758-f577-48b5-83ad-8617d8889fd1,2009,lincoln,town-car,Signature,manual-research,mismatch,true,P225/60R16 P225/55R17,225/60R16 225/55R17,225/60R17,225/60R16 225/55R17,225/60R17,Town CAR,,,
85c6377c-f8dd-4506-b70e-4a231b58123a,2009,lincoln,town-car,Signature Limited,manual-research,mismatch,true,P225/60R16 P225/55R17,225/60R16 225/55R17,225/60R17,225/60R16 225/55R17,225/60R17,Town CAR,,,
8ca94339-e8df-4ad3-ba3a-f02c5642ee0e,2009,lincoln,town-car,Executive,manual-research,mismatch,true,P225/60R16 P225/55R17,225/60R16 225/55R17,225/60R17,225/60R16 225/55R17,225/60R17,Town CAR,,,
9239f5b0-b7d2-444a-ac81-513f31764763,2009,lincoln,town-car,Ultimate,manual-research,mismatch,true,P225/60R16 P225/55R17,225/60R16 225/55R17,225/60R17,225/60R16 225/55R17,225/60R17,Town CAR,,,
88bb81be-c5cf-44d0-bcfc-709f7e1b3f3f,2010,lincoln,town-car,Signature Limited,manual-research,mismatch,true,P225/60R16 P225/55R17,225/60R16 225/55R17,225/60R17,225/60R16 225/55R17,225/60R17,Town CAR,,,
8cfeb694-2288-47da-9e4d-226e686585be,2010,lincoln,town-car,Executive,manual-research,mismatch,true,P225/60R16 P225/55R17,225/60R16 225/55R17,225/60R17,225/60R16 225/55R17,225/60R17,Town CAR,,,
bece79b8-d714-44c0-8e57-6f07b14b1118,2010,lincoln,town-car,Ultimate,manual-research,mismatch,true,P225/60R16 P225/55R17,225/60R16 225/55R17,225/60R17,225/60R16 225/55R17,225/60R17,Town CAR,,,
caeec20e-d255-4898-8ef1-51f2c96b0576,2010,lincoln,town-car,Signature,manual-research,mismatch,true,P225/60R16 P225/55R17,225/60R16 225/55R17,225/60R17,225/60R16 225/55R17,225/60R17,Town CAR,,,
f573a6f2-a404-41b6-93bb-4ae2ed495ad2,2010,lincoln,town-car,Cartier,manual-research,mismatch,true,P225/60R16 P225/55R17,225/60R16 225/55R17,225/60R17,225/60R16 225/55R17,225/60R17,Town CAR,,,
117dcdd3-b7cd-4d90-9f17-8849a94c92d2,2011,lincoln,town-car,Signature Limited,manual-research,mismatch,true,P225/60R16 P225/55R17,225/60R16 225/55R17,225/60R17,225/60R16 225/55R17,225/60R17,Town CAR,,,
2115c92e-322e-4061-b74a-901ff37c5f5e,2011,lincoln,town-car,Ultimate,manual-research,mismatch,true,P225/60R16 P225/55R17,225/60R16 225/55R17,225/60R17,225/60R16 225/55R17,225/60R17,Town CAR,,,
4e258daf-0d74-4655-b6b0-942f890d01b6,2011,lincoln,town-car,Cartier,manual-research,mismatch,true,P225/60R16 P225/55R17,225/60R16 225/55R17,225/60R17,225/60R16 225/55R17,225/60R17,Town CAR,,,
746482ee-38b9-4b08-8499-6564fd9616c5,2011,lincoln,town-car,Signature,manual-research,mismatch,true,P225/60R16 P225/55R17,225/60R16 225/55R17,225/60R17,225/60R16 225/55R17,225/60R17,Town CAR,,,
e1250143-d469-4645-9a91-02f7be32a3fd,2011,lincoln,town-car,Executive,manual-research,mismatch,true,P225/60R16 P225/55R17,225/60R16 225/55R17,225/60R17,225/60R16 225/55R17,225/60R17,Town CAR,,,
3bc1d845-a090-4a38-ae33-c9afe3ce1901,2020,lotus,evora,Evora/Evora S/Evora 400/Evora GT,generation,mismatch,true,225/40R18 285/30R20,225/40R18 285/30R20,245/35R19 295/30R20,225/40R18 285/30R20,245/35R19 295/30R20,Evora GT,,,
c51247d7-beda-42d6-8f32-2082d8ee31c7,2021,lotus,evora,Evora/Evora S/Evora 400/Evora GT,generation,mismatch,true,225/40R18 285/30R20,225/40R18 285/30R20,245/35R19 295/30R20,225/40R18 285/30R20,245/35R19 295/30R20,Evora GT,,,
2d23e464-f8ac-4d95-8ee6-e7f415b3101d,1993,mazda,626,Base,90s-research-batch,mismatch,true,185/70R14 195/60R15,185/70R14 195/60R15,205/55R15 195/65R14,185/70R14 195/60R15,205/55R15 195/65R14,626,,,
046d0876-7055-4070-8b45-f2fed97cea0f,1994,mazda,626,Base,90s-research-batch,mismatch,true,185/70R14 195/60R15,185/70R14 195/60R15,205/55R15 195/65R14,185/70R14 195/60R15,205/55R15 195/65R14,626,,,
ef7cf8d9-4d14-44b9-a160-1dc39cf70e9a,1995,mazda,626,Base,90s-research-batch,mismatch,true,185/70R14 195/60R15,185/70R14 195/60R15,205/55R15 195/65R14,185/70R14 195/60R15,205/55R15 195/65R14,626,,,
b93f6c14-9a69-4a89-b0cc-8322857e08d1,1996,mazda,626,Base,90s-research-batch,mismatch,true,185/70R14 195/60R15,185/70R14 195/60R15,205/55R15 195/65R14,185/70R14 195/60R15,205/55R15 195/65R14,626,,,
349a64f1-ad46-4d90-bd98-840791497be3,1997,mazda,626,Base,90s-research-batch,mismatch,true,185/70R14 195/60R15,185/70R14 195/60R15,205/55R15 195/65R14,185/70R14 195/60R15,205/55R15 195/65R14,626,,,
f32a84b3-b2a5-42a0-8093-3bf1bc8390f2,1998,mazda,626,Base,90s-research-batch,mismatch,true,195/65R15 205/55R16,195/65R15 205/55R16,205/60R15 185/70R14,195/65R15 205/55R16,205/60R15 185/70R14,626,,,
c027571f-3d7f-4d99-a457-51d9b1d254b3,1999,mazda,626,Base,90s-research-batch,mismatch,true,195/65R15 205/55R16,195/65R15 205/55R16,185/70R14 205/60R15,195/65R15 205/55R16,185/70R14 205/60R15,626,,,
8be44202-f7e6-4935-b646-551b4c913f70,1997,mazda,b4000,Base,90s-research-batch,mismatch,true,235/75R15,235/75R15,215/70R14 215/75R15,235/75R15,215/70R14 215/75R15,B4000,,,
7174998f-18ff-400f-84a7-fb32807d69a6,2003,mazda,mazda6,i,google-ai-overview,mismatch,true,205/65R16,205/65R16,205/60R16 215/50R17,205/65R16,205/60R16 215/50R17,6,,,
144cd1a8-e685-4198-9780-5c343b4be4ea,2004,mazda,mazda6,i,google-ai-overview,mismatch,true,205/65R16,205/65R16,205/60R16 215/50R17,205/65R16,205/60R16 215/50R17,6,,,
7b977b5d-9219-4bd5-8c6c-f10eb3e60193,2005,mazda,mazda6,i,google-ai-overview,mismatch,true,205/65R16,205/65R16,215/50R17 205/60R16,205/65R16,215/50R17 205/60R16,6,,,
cafa8421-c121-4a8b-b275-9ce596e9c603,2006,mazda,mazda6,i,google-ai-overview,mismatch,true,205/65R16,205/65R16,215/50R17 215/45R18 205/60R16,205/65R16,215/50R17 215/45R18 205/60R16,6,,,
9c3b2f49-28e1-4d70-b59e-48bea05c06c0,2007,mazda,mazda6,i,google-ai-overview,mismatch,true,205/65R16,205/65R16,215/45R18 205/60R16 215/50R17,205/65R16,215/45R18 205/60R16 215/50R17,6,,,
9fbd8065-2bbe-45c0-ac40-11ffd2a8c001,2008,mazda,mazda6,i,google-ai-overview,mismatch,false,205/65R16,205/65R16,215/50R17 215/45R18,205/65R16,215/50R17 215/45R18,6,,,
1c15a06e-e299-4dfe-9566-dd9bdcd354cd,2009,mazda,mazda6,s Grand Touring,google-ai-overview,mismatch,true,225/45R18,225/45R18,205/65R16 215/55R17 235/45R18,225/45R18,205/65R16 215/55R17 235/45R18,6,,,
1359e64c-309a-4d72-8746-8aafdc8f7045,2010,mazda,mazda6,s Grand Touring,google-ai-overview,mismatch,true,225/45R18,225/45R18,215/55R17 205/65R16 235/45R18,225/45R18,215/55R17 205/65R16 235/45R18,6,,,
c104962c-c036-4685-a5f6-f2aec4d0367a,2011,mazda,mazda6,s Grand Touring,google-ai-overview,mismatch,true,225/45R18,225/45R18,215/55R17 205/65R16 235/45R18,225/45R18,215/55R17 205/65R16 235/45R18,6,,,
96cacd88-d2da-4ef0-97d5-c4692ce1366d,2012,mazda,mazda6,s Grand Touring,google-ai-overview,mismatch,true,225/45R18,225/45R18,235/45R18 215/55R17 205/65R16,225/45R18,235/45R18 215/55R17 205/65R16,6,,,
14708e2d-22d0-4ca3-8ba1-cfd5d0e1f90a,2013,mazda,mazda6,s Grand Touring,google-ai-overview,mismatch,true,225/45R18,225/45R18,235/45R18 205/65R16 215/55R17,225/45R18,235/45R18 205/65R16 215/55R17,6,,,
33e69470-ccd8-46e3-91ac-4f356de289aa,1996,mazda,mpv,Base,90s-research-batch,mismatch,true,205/70R15 215/65R15 215/70R15,205/70R15 215/65R15 215/70R15,195/75R15 225/70R15,205/70R15 215/65R15 215/70R15,195/75R15 225/70R15,MPV,,,
b279c2eb-4718-4821-baec-e8181d896728,2003,mazda,mx-5,Base,google-ai-overview,mismatch,false,185/60R14 195/50R15,185/60R14 195/50R15,205/45R16,185/60R14 195/50R15,205/45R16,Miata,,,
977e1ab2-8f2f-4e4c-895a-f802783d0955,2004,mazda,mx-5,Base,google-ai-overview,mismatch,false,185/60R14 195/50R15,185/60R14 195/50R15,205/45R16 205/40R17,185/60R14 195/50R15,205/45R16 205/40R17,Miata,,,
360d3da4-bf98-48cf-b30a-602bbed8ebf5,2005,mazda,mx-5,Base,google-ai-overview,mismatch,false,185/60R14 195/50R15,185/60R14 195/50R15,205/45R16 205/40R17,185/60R14 195/50R15,205/45R16 205/40R17,Miata,,,
925ecd76-f626-4b14-b25d-a3ab9a45e7b4,2006,mazda,mx-5-miata,Sport,batch5-sports-more,mismatch,true,195/50R16,195/50R16,205/50R16 205/45R17,195/50R16,205/50R16 205/45R17,MX-5 Miata,,,
4596b872-7ee0-4a12-9c5f-96d7b77ba493,2007,mazda,mx-5-miata,Sport,batch5-sports-more,mismatch,true,195/50R16,195/50R16,205/50R16 205/45R17,195/50R16,205/50R16 205/45R17,MX-5 Miata,,,
0fdf5d17-bd02-4c25-add8-d9f4ab6c8498,2008,mazda,mx-5-miata,Sport,batch5-sports-more,mismatch,true,195/50R16,195/50R16,205/45R17 205/50R16,195/50R16,205/45R17 205/50R16,MX-5 Miata,,,
ece45c92-5586-45ad-9029-6787f2138a1c,2009,mazda,mx-5-miata,Sport,batch5-sports-more,mismatch,true,195/50R16,195/50R16,205/50R16 205/45R17,195/50R16,205/50R16 205/45R17,MX-5 Miata,,,
fe689505-9df5-4663-a036-9fbe5ac76e8d,2010,mazda,mx-5-miata,Sport,batch5-sports-more,mismatch,true,195/50R16,195/50R16,205/50R16 205/45R17,195/50R16,205/50R16 205/45R17,MX-5 Miata,,,
22f0215e-354d-4fb5-9343-19ae4dab56c7,2011,mazda,mx-5-miata,Sport,batch5-sports-more,mismatch,true,195/50R16,195/50R16,205/45R17 205/50R16,195/50R16,205/45R17 205/50R16,MX-5 Miata,,,
ee7c5ac3-5fc9-42e1-b679-a34eef64f04b,2012,mazda,mx-5-miata,Sport,batch5-sports-more,mismatch,true,195/50R16,195/50R16,205/45R17 205/50R16,195/50R16,205/45R17 205/50R16,MX-5 Miata,,,
5a3411e8-84db-46b2-ae5b-adb617ecbc33,2013,mazda,mx-5-miata,Sport,batch5-sports-more,mismatch,true,195/50R16,195/50R16,205/45R17 205/50R16,195/50R16,205/45R17 205/50R16,MX-5 Miata,,,
fba640b2-25bc-4b94-ba9a-8f3fd146347c,2014,mazda,mx-5-miata,Sport,batch5-sports-more,mismatch,true,195/50R16,195/50R16,205/45R17 205/50R16,195/50R16,205/45R17 205/50R16,MX-5 Miata,,,
f512d66e-9e6a-4e5c-bd61-ee034ffbb701,2015,mazda,mx-5-miata,Sport,batch5-sports-more,mismatch,true,195/50R16,195/50R16,205/50R16 205/45R17,195/50R16,205/50R16 205/45R17,MX-5 Miata,,,
53209876-1db6-4610-8cb0-c48e727325ce,2020,mercedes,a-class-amg,Base,google-ai-overview,mismatch,true,235/45R18,235/45R18,235/40R18 235/35R19,235/45R18,235/40R18 235/35R19,A35 AMG,,,
f63f47e6-e204-461c-ae70-3671ece79729,2020,mercedes,a-class-amg,Base,catalog-gap-fill,mismatch,true,225/45R18 235/40R19,225/45R18 235/40R19,235/40R18 235/35R19,225/45R18 235/40R19,235/40R18 235/35R19,A35 AMG,,,
2b291eca-feb6-45a5-a184-d72e6f684cda,2021,mercedes,a-class-amg,Base,catalog-gap-fill,mismatch,true,225/45R18 235/40R19,225/45R18 235/40R19,235/40R18 235/35R19,225/45R18 235/40R19,235/40R18 235/35R19,A35 AMG,,,
989c4d57-b531-492b-9a64-1c97b416e5e5,2021,mercedes,a-class-amg,Base,google-ai-overview,mismatch,true,235/45R18,235/45R18,235/40R18 235/35R19,235/45R18,235/40R18 235/35R19,A35 AMG,,,
588094f7-2015-4c46-b8de-377eb751dbf0,2022,mercedes,amg-gt,AMG GT R Pro,generation_inherit,mismatch,true,255/35R19 295/30R20 265/35R19 305/30R20,255/35R19 295/30R20 265/35R19 305/30R20,255/45R19 285/40R19 265/40R20 295/35R20 275/35R21 315/30R21,255/35R19 295/30R20 265/35R19 305/30R20,255/45R19 285/40R19 265/40R20 295/35R20 275/35R21 315/30R21,AMG GT 43 | AMG GT 53,,,
8f314e68-883e-4d8c-9458-4f809030baba,2022,mercedes,amg-gt,AMG GT S,generation_inherit,mismatch,true,255/35R19 295/30R20 265/35R19 305/30R20,255/35R19 295/30R20 265/35R19 305/30R20,255/45R19 285/40R19 265/40R20 295/35R20 275/35R21 315/30R21,255/35R19 295/30R20 265/35R19 305/30R20,255/45R19 285/40R19 265/40R20 295/35R20 275/35R21 315/30R21,AMG GT 43 | AMG GT 53,,,
a452a952-c31d-43ed-9938-93e8977052d9,2022,mercedes,amg-gt,AMG GT Black Series,generation_inherit,mismatch,true,255/35R19 295/30R20 265/35R19 305/30R20,255/35R19 295/30R20 265/35R19 305/30R20,255/45R19 285/40R19 265/40R20 295/35R20 275/35R21 315/30R21,255/35R19 295/30R20 265/35R19 305/30R20,255/45R19 285/40R19 265/40R20 295/35R20 275/35R21 315/30R21,AMG GT 43 | AMG GT 53,,,
b6a30784-b887-4f99-999f-05e4426f6633,2022,mercedes,amg-gt,Base,cache-import,mismatch,true,255/35R19 295/30R20 265/35R19 305/30R20,255/35R19 295/30R20 265/35R19 305/30R20,255/45R19 285/40R19 265/40R20 295/35R20 275/35R21 315/30R21,255/35R19 295/30R20 265/35R19 305/30R20,255/45R19 285/40R19 265/40R20 295/35R20 275/35R21 315/30R21,AMG GT 43 | AMG GT 53,,,
c8b0feab-cda2-4fcc-9ad3-eb8cf601135d,2022,mercedes,amg-gt,AMG GT,generation_inherit,mismatch,true,255/35R19 295/30R20 265/35R19 305/30R20,255/35R19 295/30R20 265/35R19 305/30R20,255/45R19 285/40R19 265/40R20 295/35R20 275/35R21 315/30R21,255/35R19 295/30R20 265/35R19 305/30R20,255/45R19 285/40R19 265/40R20 295/35R20 275/35R21 315/30R21,AMG GT 43 | AMG GT 53,,,
f3024d9f-7353-40ca-8274-70a812e57b8d,2022,mercedes,amg-gt,AMG GT C,generation_inherit,mismatch,true,255/35R19 295/30R20 265/35R19 305/30R20,255/35R19 295/30R20 265/35R19 305/30R20,255/45R19 285/40R19 265/40R20 295/35R20 275/35R21 315/30R21,255/35R19 295/30R20 265/35R19 305/30R20,255/45R19 285/40R19 265/40R20 295/35R20 275/35R21 315/30R21,AMG GT 43 | AMG GT 53,,,
f68ccc20-17c4-4e3f-bd8f-5ab1e5a89db9,2022,mercedes,amg-gt,AMG GT R,generation_inherit,mismatch,true,255/35R19 295/30R20 265/35R19 305/30R20,255/35R19 295/30R20 265/35R19 305/30R20,255/45R19 285/40R19 265/40R20 295/35R20 275/35R21 315/30R21,255/35R19 295/30R20 265/35R19 305/30R20,255/45R19 285/40R19 265/40R20 295/35R20 275/35R21 315/30R21,AMG GT 43 | AMG GT 53,,,
23b408c1-21c5-409d-862b-8af2f660a829,2023,mercedes,amg-gt,AMG GT R,generation_inherit,mismatch,true,255/35R19 295/30R20 265/35R19 305/30R20,255/35R19 295/30R20 265/35R19 305/30R20,255/45R19 285/40R19 265/40R20 295/35R20 275/35R21 315/30R21,255/35R19 295/30R20 265/35R19 305/30R20,255/45R19 285/40R19 265/40R20 295/35R20 275/35R21 315/30R21,AMG GT 43 | AMG GT 53 | AMG GT 63 | AMG GT 63 S,,,
2d9663e7-7801-49ee-851c-cdcdddee0f59,2023,mercedes,amg-gt,Base,cache-import,mismatch,true,255/35R19 295/30R20 265/35R19 305/30R20,255/35R19 295/30R20 265/35R19 305/30R20,255/45R19 285/40R19 265/40R20 295/35R20 275/35R21 315/30R21,255/35R19 295/30R20 265/35R19 305/30R20,255/45R19 285/40R19 265/40R20 295/35R20 275/35R21 315/30R21,AMG GT 43 | AMG GT 53 | AMG GT 63 | AMG GT 63 S,,,
48b1fd39-a3fe-4884-856f-c0122d86468c,2023,mercedes,amg-gt,AMG GT S,generation_inherit,mismatch,true,255/35R19 295/30R20 265/35R19 305/30R20,255/35R19 295/30R20 265/35R19 305/30R20,255/45R19 285/40R19 265/40R20 295/35R20 275/35R21 315/30R21,255/35R19 295/30R20 265/35R19 305/30R20,255/45R19 285/40R19 265/40R20 295/35R20 275/35R21 315/30R21,AMG GT 43 | AMG GT 53 | AMG GT 63 | AMG GT 63 S,,,
6e3c5ea1-dc2c-4c2f-bf39-7ee4ee79af10,2023,mercedes,amg-gt,AMG GT R Pro,generation_inherit,mismatch,true,255/35R19 295/30R20 265/35R19 305/30R20,255/35R19 295/30R20 265/35R19 305/30R20,255/45R19 285/40R19 265/40R20 295/35R20 275/35R21 315/30R21,255/35R19 295/30R20 265/35R19 305/30R20,255/45R19 285/40R19 265/40R20 295/35R20 275/35R21 315/30R21,AMG GT 43 | AMG GT 53 | AMG GT 63 | AMG GT 63 S,,,
88b220ed-9005-4f4f-aa6f-a532d50f4cd1,2023,mercedes,amg-gt,AMG GT Black Series,generation_inherit,mismatch,true,255/35R19 295/30R20 265/35R19 305/30R20,255/35R19 295/30R20 265/35R19 305/30R20,255/45R19 285/40R19 265/40R20 295/35R20 275/35R21 315/30R21,255/35R19 295/30R20 265/35R19 305/30R20,255/45R19 285/40R19 265/40R20 295/35R20 275/35R21 315/30R21,AMG GT 43 | AMG GT 53 | AMG GT 63 | AMG GT 63 S,,,
8c2a7a65-359e-4471-8993-1104ac5f816b,2023,mercedes,amg-gt,AMG GT,generation_inherit,mismatch,true,255/35R19 295/30R20 265/35R19 305/30R20,255/35R19 295/30R20 265/35R19 305/30R20,255/45R19 285/40R19 265/40R20 295/35R20 275/35R21 315/30R21,255/35R19 295/30R20 265/35R19 305/30R20,255/45R19 285/40R19 265/40R20 295/35R20 275/35R21 315/30R21,AMG GT 43 | AMG GT 53 | AMG GT 63 | AMG GT 63 S,,,
d6b3361d-07db-4e82-918d-3da67a2b53c0,2023,mercedes,amg-gt,AMG GT C,generation_inherit,mismatch,true,255/35R19 295/30R20 265/35R19 305/30R20,255/35R19 295/30R20 265/35R19 305/30R20,255/45R19 285/40R19 265/40R20 295/35R20 275/35R21 315/30R21,255/35R19 295/30R20 265/35R19 305/30R20,255/45R19 285/40R19 265/40R20 295/35R20 275/35R21 315/30R21,AMG GT 43 | AMG GT 53 | AMG GT 63 | AMG GT 63 S,,,
323b4611-c9f7-440e-84c2-57c920605c5b,2024,mercedes,amg-gt,AMG GT Black Series,generation_inherit,mismatch,true,255/35R19 295/30R20 265/35R19 305/30R20,255/35R19 295/30R20 265/35R19 305/30R20,255/45R19 285/40R19 265/40R20 295/35R20 275/35R21 315/30R21 295/30R21 305/35R20,255/35R19 295/30R20 265/35R19 305/30R20,255/45R19 285/40R19 265/40R20 295/35R20 275/35R21 315/30R21 295/30R21 305/35R20,AMG GT 43 | AMG GT 53 | AMG GT 63 | AMG GT 55,,,
4a7e44bc-6c92-4da5-b6e4-edfb8268f568,2024,mercedes,amg-gt,AMG GT S,generation_inherit,mismatch,true,255/35R19 295/30R20 265/35R19 305/30R20,255/35R19 295/30R20 265/35R19 305/30R20,255/45R19 285/40R19 265/40R20 295/35R20 275/35R21 315/30R21 295/30R21 305/35R20,255/35R19 295/30R20 265/35R19 305/30R20,255/45R19 285/40R19 265/40R20 295/35R20 275/35R21 315/30R21 295/30R21 305/35R20,AMG GT 43 | AMG GT 53 | AMG GT 63 | AMG GT 55,,,
4fee889c-bc90-4030-9eef-33932905d3f4,2024,mercedes,amg-gt,AMG GT R Pro,generation_inherit,mismatch,true,255/35R19 295/30R20 265/35R19 305/30R20,255/35R19 295/30R20 265/35R19 305/30R20,255/45R19 285/40R19 265/40R20 295/35R20 275/35R21 315/30R21 295/30R21 305/35R20,255/35R19 295/30R20 265/35R19 305/30R20,255/45R19 285/40R19 265/40R20 295/35R20 275/35R21 315/30R21 295/30R21 305/35R20,AMG GT 43 | AMG GT 53 | AMG GT 63 | AMG GT 55,,,
6bf73ca7-6144-4c53-a196-d25569d8e4a8,2024,mercedes,amg-gt,Base,cache-import,mismatch,true,255/35R19 295/30R20 265/35R19 305/30R20,255/35R19 295/30R20 265/35R19 305/30R20,255/45R19 285/40R19 265/40R20 295/35R20 275/35R21 315/30R21 295/30R21 305/35R20,255/35R19 295/30R20 265/35R19 305/30R20,255/45R19 285/40R19 265/40R20 295/35R20 275/35R21 315/30R21 295/30R21 305/35R20,AMG GT 43 | AMG GT 53 | AMG GT 63 | AMG GT 55,,,
b29a9f7f-17ff-44e7-88f6-95f9fed4db9d,2024,mercedes,amg-gt,AMG GT,generation_inherit,mismatch,true,255/35R19 295/30R20 265/35R19 305/30R20,255/35R19 295/30R20 265/35R19 305/30R20,255/45R19 285/40R19 265/40R20 295/35R20 275/35R21 315/30R21 295/30R21 305/35R20,255/35R19 295/30R20 265/35R19 305/30R20,255/45R19 285/40R19 265/40R20 295/35R20 275/35R21 315/30R21 295/30R21 305/35R20,AMG GT 43 | AMG GT 53 | AMG GT 63 | AMG GT 55,,,
b3fe7b59-59a6-4d95-92c7-311decd7a5b4,2024,mercedes,amg-gt,AMG GT R,generation_inherit,mismatch,true,255/35R19 295/30R20 265/35R19 305/30R20,255/35R19 295/30R20 265/35R19 305/30R20,255/45R19 285/40R19 265/40R20 295/35R20 275/35R21 315/30R21 295/30R21 305/35R20,255/35R19 295/30R20 265/35R19 305/30R20,255/45R19 285/40R19 265/40R20 295/35R20 275/35R21 315/30R21 295/30R21 305/35R20,AMG GT 43 | AMG GT 53 | AMG GT 63 | AMG GT 55,,,
bd99a076-7fed-4c73-8f9e-05411b865865,2024,mercedes,amg-gt,AMG GT C,generation_inherit,mismatch,true,255/35R19 295/30R20 265/35R19 305/30R20,255/35R19 295/30R20 265/35R19 305/30R20,255/45R19 285/40R19 265/40R20 295/35R20 275/35R21 315/30R21 295/30R21 305/35R20,255/35R19 295/30R20 265/35R19 305/30R20,255/45R19 285/40R19 265/40R20 295/35R20 275/35R21 315/30R21 295/30R21 305/35R20,AMG GT 43 | AMG GT 53 | AMG GT 63 | AMG GT 55,,,
14cdff35-5e4f-480c-aa87-e3f76e68d163,2025,mercedes,amg-gt,AMG GT S,generation_inherit,mismatch,true,255/35R19 295/30R20 265/35R19 305/30R20,255/35R19 295/30R20 265/35R19 305/30R20,255/45R19 285/40R19 265/40R20 295/35R20 275/35R21 305/30R21 315/30R21 305/35R20 295/30R21,255/35R19 295/30R20 265/35R19 305/30R20,255/45R19 285/40R19 265/40R20 295/35R20 275/35R21 305/30R21 315/30R21 305/35R20 295/30R21,AMG GT 43 | AMG GT 53 | AMG GT 63 | AMG GT 55,,,
1b199756-ed98-4a6f-bca4-e2d7e4eca76b,2025,mercedes,amg-gt,AMG GT R,generation_inherit,mismatch,true,255/35R19 295/30R20 265/35R19 305/30R20,255/35R19 295/30R20 265/35R19 305/30R20,255/45R19 285/40R19 265/40R20 295/35R20 275/35R21 305/30R21 315/30R21 305/35R20 295/30R21,255/35R19 295/30R20 265/35R19 305/30R20,255/45R19 285/40R19 265/40R20 295/35R20 275/35R21 305/30R21 315/30R21 305/35R20 295/30R21,AMG GT 43 | AMG GT 53 | AMG GT 63 | AMG GT 55,,,
6c7d81d4-49a4-4fe4-8732-2e11aff77270,2025,mercedes,amg-gt,AMG GT Black Series,generation_inherit,mismatch,true,255/35R19 295/30R20 265/35R19 305/30R20,255/35R19 295/30R20 265/35R19 305/30R20,255/45R19 285/40R19 265/40R20 295/35R20 275/35R21 305/30R21 315/30R21 305/35R20 295/30R21,255/35R19 295/30R20 265/35R19 305/30R20,255/45R19 285/40R19 265/40R20 295/35R20 275/35R21 305/30R21 315/30R21 305/35R20 295/30R21,AMG GT 43 | AMG GT 53 | AMG GT 63 | AMG GT 55,,,
7a545207-19fa-469f-9b65-c08b9c161161,2025,mercedes,amg-gt,AMG GT R Pro,generation_inherit,mismatch,true,255/35R19 295/30R20 265/35R19 305/30R20,255/35R19 295/30R20 265/35R19 305/30R20,255/45R19 285/40R19 265/40R20 295/35R20 275/35R21 305/30R21 315/30R21 305/35R20 295/30R21,255/35R19 295/30R20 265/35R19 305/30R20,255/45R19 285/40R19 265/40R20 295/35R20 275/35R21 305/30R21 315/30R21 305/35R20 295/30R21,AMG GT 43 | AMG GT 53 | AMG GT 63 | AMG GT 55,,,
836d6ebd-82e5-4952-85d3-af981c0aba90,2025,mercedes,amg-gt,AMG GT,generation_inherit,mismatch,true,255/35R19 295/30R20 265/35R19 305/30R20,255/35R19 295/30R20 265/35R19 305/30R20,255/45R19 285/40R19 265/40R20 295/35R20 275/35R21 305/30R21 315/30R21 305/35R20 295/30R21,255/35R19 295/30R20 265/35R19 305/30R20,255/45R19 285/40R19 265/40R20 295/35R20 275/35R21 305/30R21 315/30R21 305/35R20 295/30R21,AMG GT 43 | AMG GT 53 | AMG GT 63 | AMG GT 55,,,
d2515923-961d-4adc-86c5-40ca55d2e476,2025,mercedes,amg-gt,Base,cache-import,mismatch,true,255/35R19 295/30R20 265/35R19 305/30R20,255/35R19 295/30R20 265/35R19 305/30R20,255/45R19 285/40R19 265/40R20 295/35R20 275/35R21 305/30R21 315/30R21 305/35R20 295/30R21,255/35R19 295/30R20 265/35R19 305/30R20,255/45R19 285/40R19 265/40R20 295/35R20 275/35R21 305/30R21 315/30R21 305/35R20 295/30R21,AMG GT 43 | AMG GT 53 | AMG GT 63 | AMG GT 55,,,
e72c4069-30d2-42d9-896f-1909c7bd60d4,2025,mercedes,amg-gt,AMG GT C,generation_inherit,mismatch,true,255/35R19 295/30R20 265/35R19 305/30R20,255/35R19 295/30R20 265/35R19 305/30R20,255/45R19 285/40R19 265/40R20 295/35R20 275/35R21 305/30R21 315/30R21 305/35R20 295/30R21,255/35R19 295/30R20 265/35R19 305/30R20,255/45R19 285/40R19 265/40R20 295/35R20 275/35R21 305/30R21 315/30R21 305/35R20 295/30R21,AMG GT 43 | AMG GT 53 | AMG GT 63 | AMG GT 55,,,
2980dca5-788a-42fa-959e-d48bc6c8341b,2026,mercedes,amg-gt,AMG GT Black Series,generation_inherit,mismatch,true,255/35R19 295/30R20 265/35R19 305/30R20,255/35R19 295/30R20 265/35R19 305/30R20,255/45R19 285/40R19 265/40R20 295/35R20 275/35R21 305/30R21 315/30R21 305/35R20 295/30R21,255/35R19 295/30R20 265/35R19 305/30R20,255/45R19 285/40R19 265/40R20 295/35R20 275/35R21 305/30R21 315/30R21 305/35R20 295/30R21,AMG GT 43 | AMG GT 53 | AMG GT 63 | AMG GT 55,,,
3015ab48-e0d1-432c-8274-2620ecba997f,2026,mercedes,amg-gt,Base,cache-import,mismatch,true,255/35R19 295/30R20 265/35R19 305/30R20,255/35R19 295/30R20 265/35R19 305/30R20,255/45R19 285/40R19 265/40R20 295/35R20 275/35R21 305/30R21 315/30R21 305/35R20 295/30R21,255/35R19 295/30R20 265/35R19 305/30R20,255/45R19 285/40R19 265/40R20 295/35R20 275/35R21 305/30R21 315/30R21 305/35R20 295/30R21,AMG GT 43 | AMG GT 53 | AMG GT 63 | AMG GT 55,,,
6e11e780-ab82-4051-bcad-67f80f9408f7,2026,mercedes,amg-gt,AMG GT S,generation_inherit,mismatch,true,255/35R19 295/30R20 265/35R19 305/30R20,255/35R19 295/30R20 265/35R19 305/30R20,255/45R19 285/40R19 265/40R20 295/35R20 275/35R21 305/30R21 315/30R21 305/35R20 295/30R21,255/35R19 295/30R20 265/35R19 305/30R20,255/45R19 285/40R19 265/40R20 295/35R20 275/35R21 305/30R21 315/30R21 305/35R20 295/30R21,AMG GT 43 | AMG GT 53 | AMG GT 63 | AMG GT 55,,,
7ec757ad-db89-408d-b227-c4a67e03f387,2026,mercedes,amg-gt,AMG GT R,generation_inherit,mismatch,true,255/35R19 295/30R20 265/35R19 305/30R20,255/35R19 295/30R20 265/35R19 305/30R20,255/45R19 285/40R19 265/40R20 295/35R20 275/35R21 305/30R21 315/30R21 305/35R20 295/30R21,255/35R19 295/30R20 265/35R19 305/30R20,255/45R19 285/40R19 265/40R20 295/35R20 275/35R21 305/30R21 315/30R21 305/35R20 295/30R21,AMG GT 43 | AMG GT 53 | AMG GT 63 | AMG GT 55,,,
9bc7d5d1-1e6d-44ad-86bb-afa53cd38ada,2026,mercedes,amg-gt,AMG GT C,generation_inherit,mismatch,true,255/35R19 295/30R20 265/35R19 305/30R20,255/35R19 295/30R20 265/35R19 305/30R20,255/45R19 285/40R19 265/40R20 295/35R20 275/35R21 305/30R21 315/30R21 305/35R20 295/30R21,255/35R19 295/30R20 265/35R19 305/30R20,255/45R19 285/40R19 265/40R20 295/35R20 275/35R21 305/30R21 315/30R21 305/35R20 295/30R21,AMG GT 43 | AMG GT 53 | AMG GT 63 | AMG GT 55,,,
e0b7b0ed-4ea8-42c9-88f3-db1bd7cdeace,2026,mercedes,amg-gt,AMG GT R Pro,generation_inherit,mismatch,true,255/35R19 295/30R20 265/35R19 305/30R20,255/35R19 295/30R20 265/35R19 305/30R20,255/45R19 285/40R19 265/40R20 295/35R20 275/35R21 305/30R21 315/30R21 305/35R20 295/30R21,255/35R19 295/30R20 265/35R19 305/30R20,255/45R19 285/40R19 265/40R20 295/35R20 275/35R21 305/30R21 315/30R21 305/35R20 295/30R21,AMG GT 43 | AMG GT 53 | AMG GT 63 | AMG GT 55,,,
fddb9f7f-5f21-455b-92a7-40e9942bfd41,2026,mercedes,amg-gt,AMG GT,generation_inherit,mismatch,true,255/35R19 295/30R20 265/35R19 305/30R20,255/35R19 295/30R20 265/35R19 305/30R20,255/45R19 285/40R19 265/40R20 295/35R20 275/35R21 305/30R21 315/30R21 305/35R20 295/30R21,255/35R19 295/30R20 265/35R19 305/30R20,255/45R19 285/40R19 265/40R20 295/35R20 275/35R21 305/30R21 315/30R21 305/35R20 295/30R21,AMG GT 43 | AMG GT 53 | AMG GT 63 | AMG GT 55,,,
4f461363-5a33-4fec-8968-45bd97b1492f,1994,mercedes,c-class,C43 AMG,generation_inherit,mismatch,false,225/50R17,225/50R17,195/65R15,225/50R17,195/65R15,C280 | C220,,,
a263c141-cfa0-4f18-83d0-33e5d64076f4,1994,mercedes,c-class,C230,generation_inherit,mismatch,false,205/60R16,205/60R16,195/65R15,205/60R16,195/65R15,C280 | C220,,,
d9a785af-3c11-4868-9eab-8b5c1f67b57a,1994,mercedes,c-class,C280,generation_inherit,mismatch,false,205/60R16,205/60R16,195/65R15,205/60R16,195/65R15,C280 | C220,C280,mismatch,
5ba3cbcb-caa3-41f5-a1b8-170f0b841bdd,1995,mercedes,c-class,C43 AMG,generation_inherit,mismatch,true,225/50R17,225/50R17,195/65R15 225/45R17 245/40R17,225/50R17,195/65R15 225/45R17 245/40R17,C280 | C36 AMG | C220,,,
94b461d0-f6c6-4265-a359-6b58e45ebd54,1995,mercedes,c-class,C280,generation_inherit,mismatch,false,205/60R16,205/60R16,195/65R15 225/45R17 245/40R17,205/60R16,195/65R15 225/45R17 245/40R17,C280 | C36 AMG | C220,C280,mismatch,
a7e6dce9-9323-4df2-990d-268b183f59f5,1995,mercedes,c-class,C230,generation_inherit,mismatch,false,205/60R16,205/60R16,195/65R15 225/45R17 245/40R17,205/60R16,195/65R15 225/45R17 245/40R17,C280 | C36 AMG | C220,,,
58b254b5-335c-422c-82e5-9b9645f779a0,1996,mercedes,c-class,C280,generation_inherit,mismatch,false,205/60R16,205/60R16,195/65R15 225/45R17 245/40R17,205/60R16,195/65R15 225/45R17 245/40R17,C280 | C220 | C36 AMG,C280,mismatch,
7659044d-d742-485f-8783-d6e7677f9728,1996,mercedes,c-class,C43 AMG,generation_inherit,mismatch,true,225/50R17,225/50R17,195/65R15 225/45R17 245/40R17,225/50R17,195/65R15 225/45R17 245/40R17,C280 | C220 | C36 AMG,,,
b4f04422-e24a-4218-8a73-9ca1476b13b3,1996,mercedes,c-class,C230,generation_inherit,mismatch,false,205/60R16,205/60R16,195/65R15 225/45R17 245/40R17,205/60R16,195/65R15 225/45R17 245/40R17,C280 | C220 | C36 AMG,,,
052238de-576e-4ddf-8279-5385664ae046,1997,mercedes,c-class,C280,generation_inherit,mismatch,false,205/60R16,205/60R16,195/65R15 225/45R17 245/40R17,205/60R16,195/65R15 225/45R17 245/40R17,C230 | C280 | C36 AMG,C280,mismatch,
054f48ff-3fd9-4f3d-ad15-9818aec17f5f,1997,mercedes,c-class,C230,generation_inherit,mismatch,false,205/60R16,205/60R16,195/65R15 225/45R17 245/40R17,205/60R16,195/65R15 225/45R17 245/40R17,C230 | C280 | C36 AMG,C230,mismatch,
b3843d24-8bc1-41da-a1a4-e9d1887b5375,1997,mercedes,c-class,C43 AMG,generation_inherit,mismatch,true,225/50R17,225/50R17,195/65R15 225/45R17 245/40R17,225/50R17,195/65R15 225/45R17 245/40R17,C230 | C280 | C36 AMG,,,
2a1ca24c-2b45-401c-a10e-72213d2b0da7,1998,mercedes,c-class,C280,generation_inherit,mismatch,true,205/60R16,205/60R16,225/45R17 245/40R17 205/60R15 205/55R16,205/60R16,225/45R17 245/40R17 205/60R15 205/55R16,C43 AMG | C230 | C280,C280,mismatch,
4bf390b7-c8d9-48eb-8d92-f67198c4ced7,1998,mercedes,c-class,C230,generation_inherit,mismatch,true,205/60R16,205/60R16,225/45R17 245/40R17 205/60R15 205/55R16,205/60R16,225/45R17 245/40R17 205/60R15 205/55R16,C43 AMG | C230 | C280,C230,mismatch,
5d1e04f9-3d50-48c4-8de8-701cd22cada6,1998,mercedes,c-class,C43 AMG,generation_inherit,mismatch,true,225/50R17,225/50R17,225/45R17 245/40R17 205/60R15 205/55R16,225/50R17,225/45R17 245/40R17 205/60R15 205/55R16,C43 AMG | C230 | C280,C43 AMG,mismatch,
5f09bd25-0629-4cad-a3ac-bbcf790449bc,1999,mercedes,c-class,C230,generation_inherit,mismatch,true,205/60R16,205/60R16,225/45R17 245/40R17 205/60R15 205/55R16,205/60R16,225/45R17 245/40R17 205/60R15 205/55R16,C43 AMG | C230 | C280,C230,mismatch,
6d93bf19-d343-4def-bb82-e04323211f38,1999,mercedes,c-class,C280,generation_inherit,mismatch,true,205/60R16,205/60R16,225/45R17 245/40R17 205/60R15 205/55R16,205/60R16,225/45R17 245/40R17 205/60R15 205/55R16,C43 AMG | C230 | C280,C280,mismatch,
79da3123-fa2f-464f-8058-9d9bf90d49b7,1999,mercedes,c-class,C43 AMG,generation_inherit,mismatch,true,225/50R17,225/50R17,225/45R17 245/40R17 205/60R15 205/55R16,225/50R17,225/45R17 245/40R17 205/60R15 205/55R16,C43 AMG | C230 | C280,C43 AMG,mismatch,
03f64845-0859-469b-8a75-84eb5e781503,2000,mercedes,c-class,C43 AMG,generation_inherit,mismatch,true,225/50R17,225/50R17,225/45R17 245/40R17 195/65R15 205/60R15 205/55R16,225/50R17,225/45R17 245/40R17 195/65R15 205/60R15 205/55R16,C43 AMG | C230 | C280,C43 AMG,mismatch,
304b0927-e40f-406c-a791-c5936afbf06f,2000,mercedes,c-class,C280,generation_inherit,mismatch,true,205/60R16,205/60R16,225/45R17 245/40R17 195/65R15 205/60R15 205/55R16,205/60R16,225/45R17 245/40R17 195/65R15 205/60R15 205/55R16,C43 AMG | C230 | C280,C280,mismatch,
e698e36b-d687-4549-9319-9c1b0f5a07c3,2000,mercedes,c-class,C230,generation_inherit,mismatch,true,205/60R16,205/60R16,225/45R17 245/40R17 195/65R15 205/60R15 205/55R16,205/60R16,225/45R17 245/40R17 195/65R15 205/60R15 205/55R16,C43 AMG | C230 | C280,C230,mismatch,
6a8872b2-bfec-479c-8786-a30714a6321c,2001,mercedes,c-class,C320,generation_inherit,mismatch,false,225/50R17,225/50R17,205/55R16 225/50R16,225/50R17,205/55R16 225/50R16,C240 | C320,C320,mismatch,
afd1e23a-c8d7-4937-a40e-1d1972d999ec,2001,mercedes,c-class,C55 AMG,generation_inherit,mismatch,false,225/45R18 245/40R18,225/45R18 245/40R18,205/55R16 225/50R16,225/45R18 245/40R18,205/55R16 225/50R16,C240 | C320,,,
c0891adb-93f2-430d-9556-2e665e5adfe0,2001,mercedes,c-class,C230,generation_inherit,mismatch,true,205/60R16,205/60R16,205/55R16 225/50R16,205/60R16,205/55R16 225/50R16,C240 | C320,,,
f2fb453f-3a1f-4830-952e-883459066c83,2001,mercedes,c-class,C240,generation_inherit,mismatch,true,205/60R16,205/60R16,205/55R16 225/50R16,205/60R16,205/55R16 225/50R16,C240 | C320,C240,mismatch,
163fc05d-2774-4f79-8c06-ac41d36e641c,2002,mercedes,c-class,C55 AMG,generation_inherit,mismatch,false,225/45R18 245/40R18,225/45R18 245/40R18,205/55R16 225/50R16 225/45R17 245/40R17,225/45R18 245/40R18,205/55R16 225/50R16 225/45R17 245/40R17,C230 | C240 | C320 | C32 AMG,,,
61124aca-c9a6-4053-980d-e4aa3bba1ae5,2002,mercedes,c-class,C240,generation_inherit,mismatch,true,205/60R16,205/60R16,205/55R16 225/50R16 225/45R17 245/40R17,205/60R16,205/55R16 225/50R16 225/45R17 245/40R17,C230 | C240 | C320 | C32 AMG,C240,mismatch,
d901803f-7180-471b-8dfe-7826f7309c22,2002,mercedes,c-class,C320,generation_inherit,mismatch,true,225/50R17,225/50R17,205/55R16 225/50R16 225/45R17 245/40R17,225/50R17,205/55R16 225/50R16 225/45R17 245/40R17,C230 | C240 | C320 | C32 AMG,C320,mismatch,
ee8d8fb8-b6aa-4848-91a0-0d26bc2d2035,2002,mercedes,c-class,C230,generation_inherit,mismatch,true,205/60R16,205/60R16,205/55R16 225/50R16 225/45R17 245/40R17,205/60R16,205/55R16 225/50R16 225/45R17 245/40R17,C230 | C240 | C320 | C32 AMG,C230,mismatch,
1d238f6f-b093-42a6-b23a-0c9f7837a729,2003,mercedes,c-class,C230,generation_inherit,mismatch,true,205/60R16,205/60R16,205/55R16 225/45R17 225/50R16 245/40R17,205/60R16,205/55R16 225/45R17 225/50R16 245/40R17,C230 | C240 | C320 | C32 AMG,C230,mismatch,
90ba842a-6432-4005-904d-973db5b3684a,2003,mercedes,c-class,C55 AMG,generation_inherit,mismatch,false,225/45R18 245/40R18,225/45R18 245/40R18,205/55R16 225/45R17 225/50R16 245/40R17,225/45R18 245/40R18,205/55R16 225/45R17 225/50R16 245/40R17,C230 | C240 | C320 | C32 AMG,,,
96821b85-4dcf-4711-8725-efe2e15a0551,2003,mercedes,c-class,C240,generation_inherit,mismatch,true,205/60R16,205/60R16,205/55R16 225/45R17 225/50R16 245/40R17,205/60R16,205/55R16 225/45R17 225/50R16 245/40R17,C230 | C240 | C320 | C32 AMG,C240,mismatch,
e508f306-f1ff-42dc-8deb-1a9df0ddf9b9,2003,mercedes,c-class,C320,generation_inherit,mismatch,true,225/50R17,225/50R17,205/55R16 225/45R17 225/50R16 245/40R17,225/50R17,205/55R16 225/45R17 225/50R16 245/40R17,C230 | C240 | C320 | C32 AMG,C320,mismatch,
56b5956a-8d86-4a50-aca6-d5f3f193abdd,2004,mercedes,c-class,C240,generation_inherit,mismatch,true,205/60R16,205/60R16,225/45R17 245/40R17 205/55R16 225/50R16,205/60R16,225/45R17 245/40R17 205/55R16 225/50R16,C230 | C240 | C320 | C32 AMG,C240,mismatch,
5b2a5069-d043-418b-a332-7cd1ddc73105,2004,mercedes,c-class,C320,generation_inherit,mismatch,true,225/50R17,225/50R17,225/45R17 245/40R17 205/55R16 225/50R16,225/50R17,225/45R17 245/40R17 205/55R16 225/50R16,C230 | C240 | C320 | C32 AMG,C320,mismatch,
67bcfec4-c03a-46dd-b160-9c170fff1d62,2004,mercedes,c-class,C230,generation_inherit,mismatch,true,205/60R16,205/60R16,225/45R17 245/40R17 205/55R16 225/50R16,205/60R16,225/45R17 245/40R17 205/55R16 225/50R16,C230 | C240 | C320 | C32 AMG,C230,mismatch,
db33b6f1-9756-4985-b4ad-555c62b7b29c,2004,mercedes,c-class,C55 AMG,generation_inherit,mismatch,false,225/45R18 245/40R18,225/45R18 245/40R18,225/45R17 245/40R17 205/55R16 225/50R16,225/45R18 245/40R18,225/45R17 245/40R17 205/55R16 225/50R16,C230 | C240 | C320 | C32 AMG,,,
0434c8a7-87fa-4b78-90bb-485c4f7fd052,2005,mercedes,c-class,C240,generation_inherit,mismatch,true,205/60R16,205/60R16,225/45R17 245/40R17 205/55R16 225/40R18 245/35R18,205/60R16,225/45R17 245/40R17 205/55R16 225/40R18 245/35R18,C230 | C240 | C320 | C55 AMG,C240,mismatch,
164b13a3-fe21-431f-9266-f9607d00230e,2005,mercedes,c-class,C230,generation_inherit,mismatch,true,205/60R16,205/60R16,225/45R17 245/40R17 205/55R16 225/40R18 245/35R18,205/60R16,225/45R17 245/40R17 205/55R16 225/40R18 245/35R18,C230 | C240 | C320 | C55 AMG,C230,mismatch,
84e6d2a0-5e16-436f-bc15-5d7b4523ba27,2005,mercedes,c-class,C55 AMG,generation_inherit,mismatch,true,225/45R18 245/40R18,225/45R18 245/40R18,225/45R17 245/40R17 205/55R16 225/40R18 245/35R18,225/45R18 245/40R18,225/45R17 245/40R17 205/55R16 225/40R18 245/35R18,C230 | C240 | C320 | C55 AMG,C55 AMG,mismatch,
98d525b5-52fe-4e40-bcc7-1143679c02af,2005,mercedes,c-class,C320,generation_inherit,mismatch,true,225/50R17,225/50R17,225/45R17 245/40R17 205/55R16 225/40R18 245/35R18,225/50R17,225/45R17 245/40R17 205/55R16 225/40R18 245/35R18,C230 | C240 | C320 | C55 AMG,C320,mismatch,
799caea3-0493-4083-89c9-786e4c8fbe64,2006,mercedes,c-class,C320,generation_inherit,mismatch,true,225/50R17,225/50R17,225/45R17 245/40R17 205/55R16 225/40R18 245/35R18,225/50R17,225/45R17 245/40R17 205/55R16 225/40R18 245/35R18,C350 | C230 | C280 | C55 AMG,,,
8d39e1dc-2b3f-408a-a2cc-f58facb12696,2006,mercedes,c-class,C240,generation_inherit,mismatch,true,205/60R16,205/60R16,225/45R17 245/40R17 205/55R16 225/40R18 245/35R18,205/60R16,225/45R17 245/40R17 205/55R16 225/40R18 245/35R18,C350 | C230 | C280 | C55 AMG,,,
8ed792b4-9cf0-40ef-a916-d3102a45e46f,2006,mercedes,c-class,C55 AMG,generation_inherit,mismatch,true,225/45R18 245/40R18,225/45R18 245/40R18,225/45R17 245/40R17 205/55R16 225/40R18 245/35R18,225/45R18 245/40R18,225/45R17 245/40R17 205/55R16 225/40R18 245/35R18,C350 | C230 | C280 | C55 AMG,C55 AMG,mismatch,
f341ec2f-fe03-4cd1-8009-fcc323d5d519,2006,mercedes,c-class,C230,generation_inherit,mismatch,true,205/60R16,205/60R16,225/45R17 245/40R17 205/55R16 225/40R18 245/35R18,205/60R16,225/45R17 245/40R17 205/55R16 225/40R18 245/35R18,C350 | C230 | C280 | C55 AMG,C230,mismatch,
3e721c08-f509-4555-87ea-f716c602ecc1,2007,mercedes,c-class,C240,generation_inherit,mismatch,true,205/60R16,205/60R16,205/55R16 225/45R17 245/40R17,205/60R16,205/55R16 225/45R17 245/40R17,C350 | C230 | C280,,,
7ab75578-5c43-441b-aa43-69439fddecca,2007,mercedes,c-class,C320,generation_inherit,mismatch,true,225/50R17,225/50R17,205/55R16 225/45R17 245/40R17,225/50R17,205/55R16 225/45R17 245/40R17,C350 | C230 | C280,,,
8ca27e70-cfe3-4fef-b35d-02c89dcacdfa,2007,mercedes,c-class,C230,generation_inherit,mismatch,true,205/60R16,205/60R16,205/55R16 225/45R17 245/40R17,205/60R16,205/55R16 225/45R17 245/40R17,C350 | C230 | C280,C230,mismatch,
a7755a4f-c412-4b9b-bed5-edd9a7bcdc2b,2007,mercedes,c-class,C55 AMG,generation_inherit,mismatch,false,225/45R18 245/40R18,225/45R18 245/40R18,205/55R16 225/45R17 245/40R17,225/45R18 245/40R18,205/55R16 225/45R17 245/40R17,C350 | C230 | C280,,,
577e057c-5f6a-4212-87bc-722f9b3e9acd,2008,mercedes,c-class,C63 AMG,generation_inherit,mismatch,true,225/45R18 245/40R18,225/45R18 245/40R18,225/45R17 245/40R17 225/40R18 255/35R18 235/35R19 255/30R19 235/40R18,225/45R18 245/40R18,225/45R17 245/40R17 225/40R18 255/35R18 235/35R19 255/30R19 235/40R18,C300 | C63 AMG | C350,C63 AMG,mismatch,
b0eb5b04-3786-4196-8062-4817f03b1728,2008,mercedes,c-class,C300,generation_inherit,mismatch,true,225/50R17,225/50R17,225/45R17 245/40R17 225/40R18 255/35R18 235/35R19 255/30R19 235/40R18,225/50R17,225/45R17 245/40R17 225/40R18 255/35R18 235/35R19 255/30R19 235/40R18,C300 | C63 AMG | C350,C300,mismatch,
e1e6121e-8312-4b75-8b52-ce29622c81b3,2008,mercedes,c-class,C350,generation_inherit,mismatch,true,225/50R17,225/50R17,225/45R17 245/40R17 225/40R18 255/35R18 235/35R19 255/30R19 235/40R18,225/50R17,225/45R17 245/40R17 225/40R18 255/35R18 235/35R19 255/30R19 235/40R18,C300 | C63 AMG | C350,C350,mismatch,
0b9f2516-7948-47d3-bfea-229e059d7b2c,2009,mercedes,c-class,C300,generation_inherit,mismatch,true,225/50R17,225/50R17,225/45R17 245/40R17 225/40R18 255/35R18 235/40R18 235/35R19 255/30R19,225/50R17,225/45R17 245/40R17 225/40R18 255/35R18 235/40R18 235/35R19 255/30R19,C300 | C63 AMG | C350,C300,mismatch,
c86c1037-faa0-4665-905f-26c77c20e546,2009,mercedes,c-class,C63 AMG,generation_inherit,mismatch,true,225/45R18 245/40R18,225/45R18 245/40R18,225/45R17 245/40R17 225/40R18 255/35R18 235/40R18 235/35R19 255/30R19,225/45R18 245/40R18,225/45R17 245/40R17 225/40R18 255/35R18 235/40R18 235/35R19 255/30R19,C300 | C63 AMG | C350,C63 AMG,mismatch,
fc6f5ed6-31c7-42ab-8346-9cd4baa09488,2009,mercedes,c-class,C350,generation_inherit,mismatch,true,225/50R17,225/50R17,225/45R17 245/40R17 225/40R18 255/35R18 235/40R18 235/35R19 255/30R19,225/50R17,225/45R17 245/40R17 225/40R18 255/35R18 235/40R18 235/35R19 255/30R19,C300 | C63 AMG | C350,C350,mismatch,
01e4a2a7-6828-4e43-832c-0db39d2fdcc2,2010,mercedes,c-class,C350,generation_inherit,mismatch,true,225/50R17,225/50R17,225/45R17 245/40R17 225/40R18 255/35R18 235/40R18 235/35R19 255/30R19,225/50R17,225/45R17 245/40R17 225/40R18 255/35R18 235/40R18 235/35R19 255/30R19,C300 | C63 AMG | C350,C350,mismatch,
4509dd0e-0547-44b1-824c-89a57f22915c,2010,mercedes,c-class,C300,generation_inherit,mismatch,true,225/50R17,225/50R17,225/45R17 245/40R17 225/40R18 255/35R18 235/40R18 235/35R19 255/30R19,225/50R17,225/45R17 245/40R17 225/40R18 255/35R18 235/40R18 235/35R19 255/30R19,C300 | C63 AMG | C350,C300,mismatch,
8ef5e5bc-24d3-45e3-8856-9c2e6455be89,2010,mercedes,c-class,C63 AMG,generation_inherit,mismatch,true,225/45R18 245/40R18,225/45R18 245/40R18,225/45R17 245/40R17 225/40R18 255/35R18 235/40R18 235/35R19 255/30R19,225/45R18 245/40R18,225/45R17 245/40R17 225/40R18 255/35R18 235/40R18 235/35R19 255/30R19,C300 | C63 AMG | C350,C63 AMG,mismatch,
cb2714ac-d1dc-4c43-a9f0-314a52941c02,2011,mercedes,c-class,C350,generation_inherit,mismatch,true,225/50R17,225/50R17,225/45R17 245/40R17 225/40R18 255/35R18 235/40R18 235/35R19 255/30R19,225/50R17,225/45R17 245/40R17 225/40R18 255/35R18 235/40R18 235/35R19 255/30R19,C300 | C63 AMG | C350,C350,mismatch,
eb58caa7-1cf5-43b8-9764-65e1695c9506,2011,mercedes,c-class,C300,generation_inherit,mismatch,true,225/50R17,225/50R17,225/45R17 245/40R17 225/40R18 255/35R18 235/40R18 235/35R19 255/30R19,225/50R17,225/45R17 245/40R17 225/40R18 255/35R18 235/40R18 235/35R19 255/30R19,C300 | C63 AMG | C350,C300,mismatch,
ecd0dec7-92e6-4014-9004-a85dfdc3f61d,2011,mercedes,c-class,C63 AMG,generation_inherit,mismatch,true,225/45R18 245/40R18,225/45R18 245/40R18,225/45R17 245/40R17 225/40R18 255/35R18 235/40R18 235/35R19 255/30R19,225/45R18 245/40R18,225/45R17 245/40R17 225/40R18 255/35R18 235/40R18 235/35R19 255/30R19,C300 | C63 AMG | C350,C63 AMG,mismatch,
01f0bc30-4b73-4318-9c4f-1b591390702f,2012,mercedes,c-class,C350,generation_inherit,mismatch,true,225/50R17,225/50R17,225/45R17 245/40R17 225/40R18 255/35R18 235/40R18 235/35R19 255/30R19 255/35R19 285/30R19,225/50R17,225/45R17 245/40R17 225/40R18 255/35R18 235/40R18 235/35R19 255/30R19 255/35R19 285/30R19,C300 | C63 AMG | C350 | C250,C350,mismatch,
9f2639ee-b05a-48e0-a043-50d9d026ae1b,2012,mercedes,c-class,C63 AMG,generation_inherit,mismatch,true,225/45R18 245/40R18,225/45R18 245/40R18,225/45R17 245/40R17 225/40R18 255/35R18 235/40R18 235/35R19 255/30R19 255/35R19 285/30R19,225/45R18 245/40R18,225/45R17 245/40R17 225/40R18 255/35R18 235/40R18 235/35R19 255/30R19 255/35R19 285/30R19,C300 | C63 AMG | C350 | C250,C63 AMG,mismatch,
aeccd99a-0a40-4bf3-a3b7-c193de94d451,2012,mercedes,c-class,C300,generation_inherit,mismatch,true,225/50R17,225/50R17,225/45R17 245/40R17 225/40R18 255/35R18 235/40R18 235/35R19 255/30R19 255/35R19 285/30R19,225/50R17,225/45R17 245/40R17 225/40R18 255/35R18 235/40R18 235/35R19 255/30R19 255/35R19 285/30R19,C300 | C63 AMG | C350 | C250,C300,mismatch,
5b613816-3bb9-4229-ac2b-ca7571b53ff7,2013,mercedes,c-class,C63 AMG,generation_inherit,mismatch,true,225/45R18 245/40R18,225/45R18 245/40R18,225/45R17 245/40R17 225/40R18 255/35R18 235/40R18 235/35R19 255/30R19,225/45R18 245/40R18,225/45R17 245/40R17 225/40R18 255/35R18 235/40R18 235/35R19 255/30R19,C300 | C63 AMG | C350 | C250,C63 AMG,mismatch,
98155119-10a9-427c-b79b-7f8e79065a2d,2013,mercedes,c-class,C300,generation_inherit,mismatch,true,225/50R17,225/50R17,225/45R17 245/40R17 225/40R18 255/35R18 235/40R18 235/35R19 255/30R19,225/50R17,225/45R17 245/40R17 225/40R18 255/35R18 235/40R18 235/35R19 255/30R19,C300 | C63 AMG | C350 | C250,C300,mismatch,
e0c1fd46-ae24-4ce5-ac48-144623536882,2013,mercedes,c-class,C350,generation_inherit,mismatch,true,225/50R17,225/50R17,225/45R17 245/40R17 225/40R18 255/35R18 235/40R18 235/35R19 255/30R19,225/50R17,225/45R17 245/40R17 225/40R18 255/35R18 235/40R18 235/35R19 255/30R19,C300 | C63 AMG | C350 | C250,C350,mismatch,
200a9106-1fa0-4780-82cd-a7d443d72081,2014,mercedes,c-class,C63 AMG,generation_inherit,mismatch,true,225/45R18 245/40R18,225/45R18 245/40R18,225/45R17 245/40R17 225/40R18 255/35R18 235/35R19 255/30R19 235/40R18,225/45R18 245/40R18,225/45R17 245/40R17 225/40R18 255/35R18 235/35R19 255/30R19 235/40R18,C300 | C63 AMG | C350 | C250,C63 AMG,mismatch,
2888af4f-daa1-4eca-96ca-c0bc8ed499b4,2014,mercedes,c-class,C300,generation_inherit,mismatch,true,225/50R17,225/50R17,225/45R17 245/40R17 225/40R18 255/35R18 235/35R19 255/30R19 235/40R18,225/50R17,225/45R17 245/40R17 225/40R18 255/35R18 235/35R19 255/30R19 235/40R18,C300 | C63 AMG | C350 | C250,C300,mismatch,
ca43fca2-976d-46e8-875c-1eb236d7634a,2014,mercedes,c-class,C350,generation_inherit,mismatch,true,225/50R17,225/50R17,225/45R17 245/40R17 225/40R18 255/35R18 235/35R19 255/30R19 235/40R18,225/50R17,225/45R17 245/40R17 225/40R18 255/35R18 235/35R19 255/30R19 235/40R18,C300 | C63 AMG | C350 | C250,C350,mismatch,
1ae2ed2c-2523-4baa-8dab-c9bea57e12f1,2022,mercedes,c-class,C300,cleanup_cache-import,mismatch,false,225/50R17,225/50R17,225/45R18 245/40R18 225/40R19 255/35R19,225/50R17,225/45R18 245/40R18 225/40R19 255/35R19,C300 | C43 AMG,C300,mismatch,
ef6fdad8-24ab-4c92-abf6-b0b979cd2c42,2008,mercedes,c-class-amg,Base,catalog-gap-fill,mismatch,true,225/40R18 245/35R19 255/30R20,225/40R18 245/35R19 255/30R20,235/35R19 255/30R19 235/40R18 255/35R18,225/40R18 245/35R19 255/30R20,235/35R19 255/30R19 235/40R18 255/35R18,C63 AMG,,,
c53e8f81-0879-4390-87be-7f18a07c8bba,2009,mercedes,c-class-amg,Base,catalog-gap-fill,mismatch,true,225/40R18 245/35R19 255/30R20,225/40R18 245/35R19 255/30R20,235/40R18 255/35R18 235/35R19 255/30R19,225/40R18 245/35R19 255/30R20,235/40R18 255/35R18 235/35R19 255/30R19,C63 AMG,,,
8606ceba-2bf7-4442-9865-af0fd1db7e9e,2010,mercedes,c-class-amg,Base,catalog-gap-fill,mismatch,true,225/40R18 245/35R19 255/30R20,225/40R18 245/35R19 255/30R20,235/40R18 255/35R18 235/35R19 255/30R19,225/40R18 245/35R19 255/30R20,235/40R18 255/35R18 235/35R19 255/30R19,C63 AMG,,,
d04b22f6-b925-4c65-b92c-790818b5ac0e,2011,mercedes,c-class-amg,Base,catalog-gap-fill,mismatch,true,225/40R18 245/35R19 255/30R20,225/40R18 245/35R19 255/30R20,235/40R18 255/35R18 235/35R19 255/30R19,225/40R18 245/35R19 255/30R20,235/40R18 255/35R18 235/35R19 255/30R19,C63 AMG,,,
38abecca-afc8-4d32-90f7-95a0fa52ee05,2012,mercedes,c-class-amg,Base,catalog-gap-fill,mismatch,true,225/40R18 245/35R19 255/30R20,225/40R18 245/35R19 255/30R20,235/40R18 255/35R18 235/35R19 255/30R19 255/35R19 285/30R19,225/40R18 245/35R19 255/30R20,235/40R18 255/35R18 235/35R19 255/30R19 255/35R19 285/30R19,C63 AMG,,,
f7764d51-0ebe-415c-a07c-9de8a11c3581,2013,mercedes,c-class-amg,Base,catalog-gap-fill,mismatch,true,225/40R18 245/35R19 255/30R20,225/40R18 245/35R19 255/30R20,235/40R18 255/35R18 235/35R19 255/30R19,225/40R18 245/35R19 255/30R20,235/40R18 255/35R18 235/35R19 255/30R19,C63 AMG,,,
f3734a7a-2f88-46cf-80aa-e45a8eee428a,2014,mercedes,c-class-amg,Base,catalog-gap-fill,mismatch,true,225/40R18 245/35R19 255/30R20,225/40R18 245/35R19 255/30R20,235/35R19 255/30R19 235/40R18 255/35R18,225/40R18 245/35R19 255/30R20,235/35R19 255/30R19 235/40R18 255/35R18,C63 AMG,,,
a86ac4b7-9bf8-4b73-88ec-458997768e39,2022,mercedes,c-class-amg,Base,catalog-gap-fill,mismatch,true,225/40R18 245/35R19 255/30R20,225/40R18 245/35R19 255/30R20,225/45R18 245/40R18 225/40R19 255/35R19,225/40R18 245/35R19 255/30R20,225/45R18 245/40R18 225/40R19 255/35R19,C43 AMG,,,
6fc019b3-943b-455c-9ac3-6b089728f9af,2023,mercedes,c-class-amg,Base,catalog-gap-fill,mismatch,true,225/40R18 245/35R19 255/30R20,225/40R18 245/35R19 255/30R20,245/40R19 265/35R19 245/45R18 245/35R20 265/30R20 225/45R18 245/40R18 225/40R19 255/35R19 285/30R19 285/30R20,225/40R18 245/35R19 255/30R20,245/40R19 265/35R19 245/45R18 245/35R20 265/30R20 225/45R18 245/40R18 225/40R19 255/35R19 285/30R19 285/30R20,C43 AMG | C63 AMG S,,,
04e28a67-4bf0-47b5-8220-d76a475b9a13,2024,mercedes,c-class-amg,Base,catalog-gap-fill,mismatch,true,225/40R18 245/35R19 255/30R20,225/40R18 245/35R19 255/30R20,245/45R18 245/40R19 265/35R19 245/35R20 265/30R20,225/40R18 245/35R19 255/30R20,245/45R18 245/40R19 265/35R19 245/35R20 265/30R20,C43 AMG,,,
0568f72c-3071-4a81-bb07-72b07fc51bae,2025,mercedes,c-class-amg,Base,catalog-gap-fill,mismatch,true,225/40R18 245/35R19 255/30R20,225/40R18 245/35R19 255/30R20,245/45R18 245/40R19 265/35R19 245/35R20 265/30R20,225/40R18 245/35R19 255/30R20,245/45R18 245/40R19 265/35R19 245/35R20 265/30R20,C43 AMG,,,
e57977b7-f513-41c8-89a1-0d43aa8e6eb4,2026,mercedes,c-class-amg,Base,catalog-gap-fill,mismatch,true,225/40R18 245/35R19 255/30R20,225/40R18 245/35R19 255/30R20,245/45R18 245/40R19 265/35R19 245/35R20 265/30R20,225/40R18 245/35R19 255/30R20,245/45R18 245/40R19 265/35R19 245/35R20 265/30R20,C43 AMG,,,
909244eb-e6ce-404f-8bef-01fa9796817d,2000,mercedes,cl-class,Base,catalog-gap-fill,mismatch,false,255/45R18 275/40R19 275/35R20,255/45R18 275/40R19 275/35R20,225/55R17,255/45R18 275/40R19 275/35R20,225/55R17,CL500,,,
b3ff39e0-774f-4989-aaf0-e56e9a7ab11a,2001,mercedes,cl-class,Base,catalog-gap-fill,mismatch,true,255/45R18 275/40R19 275/35R20,255/45R18 275/40R19 275/35R20,225/55R17 245/45R18 275/40R18,255/45R18 275/40R19 275/35R20,225/55R17 245/45R18 275/40R18,CL600 | CL500 | CL55 AMG,,,
fa9e71af-b931-4912-9d63-a72eb6c95ef2,2002,mercedes,cl-class,Base,catalog-gap-fill,mismatch,true,255/45R18 275/40R19 275/35R20,255/45R18 275/40R19 275/35R20,225/55R17 245/45R18 275/40R18,255/45R18 275/40R19 275/35R20,225/55R17 245/45R18 275/40R18,CL600 | CL500 | CL55 AMG,,,
8837d5e2-8c0c-4697-ad02-5bb077f4a23e,2003,mercedes,cl-class,Base,catalog-gap-fill,mismatch,true,255/45R18 275/40R19 275/35R20,255/45R18 275/40R19 275/35R20,225/55R17 245/45R18 265/40R18,255/45R18 275/40R19 275/35R20,225/55R17 245/45R18 265/40R18,CL600 | CL500 | CL55 AMG,,,
568e9d5e-5400-4c03-9f9c-c1fc8406f4cb,2004,mercedes,cl-class,Base,catalog-gap-fill,mismatch,true,255/45R18 275/40R19 275/35R20,255/45R18 275/40R19 275/35R20,245/45R18 265/40R18 225/55R17,255/45R18 275/40R19 275/35R20,245/45R18 265/40R18 225/55R17,CL600 | CL500 | CL55 AMG,,,
58b133d8-1533-4b74-b3a1-77eee82c74f7,2005,mercedes,cl-class,Base,catalog-gap-fill,mismatch,true,255/45R18 275/40R19 275/35R20,255/45R18 275/40R19 275/35R20,245/45R18 265/40R18 245/40R19 275/35R19 225/55R17,255/45R18 275/40R19 275/35R20,245/45R18 265/40R18 245/40R19 275/35R19 225/55R17,CL600 | CL65 AMG | CL500 | CL55 AMG,,,
12b4a88b-99c3-437f-9f74-871549e02b80,2006,mercedes,cl-class,Base,catalog-gap-fill,mismatch,true,255/45R18 275/40R19 275/35R20,255/45R18 275/40R19 275/35R20,245/45R18 265/40R18 245/40R19 275/35R19 225/55R17,255/45R18 275/40R19 275/35R20,245/45R18 265/40R18 245/40R19 275/35R19 225/55R17,CL600 | CL65 AMG | CL500 | CL55 AMG,,,
77904f9d-3868-4733-998b-681868d62642,2001,mercedes,cl-class-amg,Base,catalog-gap-fill,mismatch,false,255/40R19,255/40R19,245/45R18 275/40R18,255/40R19,245/45R18 275/40R18,CL55 AMG,,,
0e6b2ad9-86fb-4176-8e46-a58015fed309,2002,mercedes,cl-class-amg,Base,catalog-gap-fill,mismatch,false,255/40R19,255/40R19,245/45R18 275/40R18,255/40R19,245/45R18 275/40R18,CL55 AMG,,,
64192b26-b19a-40d8-b6a4-8850631ec94b,2003,mercedes,cl-class-amg,Base,catalog-gap-fill,mismatch,false,255/40R19,255/40R19,245/45R18 265/40R18,255/40R19,245/45R18 265/40R18,CL55 AMG,,,
3a29a46d-0066-4e04-b55a-8d376f6933e2,2004,mercedes,cl-class-amg,Base,catalog-gap-fill,mismatch,false,255/40R19,255/40R19,245/45R18 265/40R18,255/40R19,245/45R18 265/40R18,CL55 AMG,,,
f0d2da66-5eb2-489d-8a29-76aef6a88d9a,2005,mercedes,cl-class-amg,Base,catalog-gap-fill,mismatch,true,255/40R19 275/35R20 275/30R21,255/40R19 275/35R20 275/30R21,245/40R19 275/35R19 245/45R18 265/40R18,255/40R19 275/35R20 275/30R21,245/40R19 275/35R19 245/45R18 265/40R18,CL65 AMG | CL55 AMG,,,
a86b2a46-5d01-46ae-9cf0-ce3ccd95ecbc,2006,mercedes,cl-class-amg,Base,catalog-gap-fill,mismatch,true,255/40R19 275/35R20 275/30R21,255/40R19 275/35R20 275/30R21,245/40R19 275/35R19,255/40R19 275/35R20 275/30R21,245/40R19 275/35R19,CL65 AMG | CL55 AMG,,,
916c6868-7a45-4183-b001-71919de09138,2014,mercedes,cla-class-amg,Base,catalog-gap-fill,mismatch,true,225/45R18 235/40R19 255/30R20,225/45R18 235/40R19 255/30R20,235/40R18 235/35R19,225/45R18 235/40R19 255/30R20,235/40R18 235/35R19,CLA45 AMG,,,
9f744dd7-100a-45b9-ae8b-fb193c3df79d,2015,mercedes,cla-class-amg,Base,catalog-gap-fill,mismatch,true,225/45R18 235/40R19 255/30R20,225/45R18 235/40R19 255/30R20,235/40R18 235/35R19,225/45R18 235/40R19 255/30R20,235/40R18 235/35R19,CLA45 AMG,,,
1e669615-55bd-4794-af81-9fe5828a6a30,2016,mercedes,cla-class-amg,Base,catalog-gap-fill,mismatch,true,225/45R18 235/40R19 255/30R20,225/45R18 235/40R19 255/30R20,235/40R18 235/35R19,225/45R18 235/40R19 255/30R20,235/40R18 235/35R19,CLA45 AMG,,,
023867d6-1125-468c-81e1-3fd61649f648,2017,mercedes,cla-class-amg,Base,catalog-gap-fill,mismatch,true,225/45R18 235/40R19 255/30R20,225/45R18 235/40R19 255/30R20,235/40R18 235/35R19,225/45R18 235/40R19 255/30R20,235/40R18 235/35R19,CLA45 AMG,,,
b77a85d5-7816-4ed7-9900-ea4464c5c4d5,2019,mercedes,cla-class-amg,Base,catalog-gap-fill,mismatch,true,225/45R18 235/40R19 255/30R20,225/45R18 235/40R19 255/30R20,235/35R19,225/45R18 235/40R19 255/30R20,235/35R19,CLA45 AMG,,,
9dbe5bf0-169e-4a97-8f2a-536a938c42c8,2020,mercedes,cla-class-amg,Base,catalog-gap-fill,mismatch,true,225/45R18 235/40R19 255/30R20,225/45R18 235/40R19 255/30R20,245/35R19 235/40R18 255/35R19 245/40R18,225/45R18 235/40R19 255/30R20,245/35R19 235/40R18 255/35R19 245/40R18,CLA35 AMG | CLA45 AMG,,,
c49c450b-c836-4889-9bab-343c176e36a1,2021,mercedes,cla-class-amg,Base,catalog-gap-fill,mismatch,true,225/45R18 235/40R19 255/30R20,225/45R18 235/40R19 255/30R20,235/40R18 245/35R19 255/35R19 245/40R18,225/45R18 235/40R19 255/30R20,235/40R18 245/35R19 255/35R19 245/40R18,CLA35 AMG | CLA45 AMG,,,
16a7be09-eab8-43cb-8354-be3ea4ebcead,2022,mercedes,cla-class-amg,Base,catalog-gap-fill,mismatch,true,225/45R18 235/40R19 255/30R20,225/45R18 235/40R19 255/30R20,235/40R18 245/35R19 255/35R19 245/40R18,225/45R18 235/40R19 255/30R20,235/40R18 245/35R19 255/35R19 245/40R18,CLA35 AMG | CLA45 AMG,,,
fe140b55-f08f-45b6-9ff6-feda44ee4c94,2023,mercedes,cla-class-amg,Base,catalog-gap-fill,mismatch,true,225/45R18 235/40R19 255/30R20,225/45R18 235/40R19 255/30R20,235/40R18 245/35R19 255/35R19 245/40R18,225/45R18 235/40R19 255/30R20,235/40R18 245/35R19 255/35R19 245/40R18,CLA35 AMG | CLA45 AMG,,,
988893fe-f3e8-42e1-b798-c4c5f32f0272,2024,mercedes,cla-class-amg,Base,catalog-gap-fill,mismatch,true,225/45R18 235/40R19 255/30R20,225/45R18 235/40R19 255/30R20,235/40R18 245/35R19,225/45R18 235/40R19 255/30R20,235/40R18 245/35R19,CLA35 AMG,,,
00d53c68-a2a5-4fc6-ad74-c00fe6d25852,2025,mercedes,cla-class-amg,Base,catalog-gap-fill,mismatch,true,225/45R18 235/40R19 255/30R20,225/45R18 235/40R19 255/30R20,235/40R18 245/35R19,225/45R18 235/40R19 255/30R20,235/40R18 245/35R19,CLA35 AMG,,,
dac01196-9b1f-4dbd-8e57-b5af0ec9c592,2026,mercedes,cla-class-amg,Base,catalog-gap-fill,mismatch,true,225/45R18 235/40R19 255/30R20,225/45R18 235/40R19 255/30R20,235/40R18 245/35R19,225/45R18 235/40R19 255/30R20,235/40R18 245/35R19,CLA35 AMG,,,
71742deb-8ec4-4ca1-abf8-dbf94efdaf9f,1996,mercedes,e-class,E430,generation_inherit,mismatch,true,225/55R17,225/55R17,215/55R16 235/45R17,225/55R17,215/55R16 235/45R17,E320 | E300 | E420,,,
d627025c-2609-4607-9517-9ef3fcf1e42f,1996,mercedes,e-class,E55 AMG,generation_inherit,mismatch,false,245/45R18,245/45R18,215/55R16 235/45R17,245/45R18,215/55R16 235/45R17,E320 | E300 | E420,,,
04a18e70-e8b8-4e6e-8395-af89bfd9dc5b,1997,mercedes,e-class,E430,generation_inherit,mismatch,true,225/55R17,225/55R17,215/55R16 235/45R17,225/55R17,215/55R16 235/45R17,E320 | E300 | E420,,,
23fdd118-1151-4cd4-a3bf-c25b4f845b57,1997,mercedes,e-class,E55 AMG,generation_inherit,mismatch,false,245/45R18,245/45R18,215/55R16 235/45R17,245/45R18,215/55R16 235/45R17,E320 | E300 | E420,,,
0aa36cbc-88d2-437b-b697-03515b950f16,1998,mercedes,e-class,E430,generation_inherit,mismatch,true,225/55R17,225/55R17,215/55R16 235/45R17,225/55R17,215/55R16 235/45R17,E320 | E300 | E430,E430,mismatch,
0f1c7241-1364-4eb5-a4c4-77b2a5b97db7,1998,mercedes,e-class,E55 AMG,generation_inherit,mismatch,false,245/45R18,245/45R18,215/55R16 235/45R17,245/45R18,215/55R16 235/45R17,E320 | E300 | E430,,,
2f43d2f3-6522-4321-b2bd-9b2d3988290c,1999,mercedes,e-class,E55 AMG,generation_inherit,mismatch,true,245/45R18,245/45R18,215/55R16 245/40R18 275/35R18 235/45R17,245/45R18,215/55R16 245/40R18 275/35R18 235/45R17,E320 | E55 AMG | E300 | E430,E55 AMG,mismatch,
c9f9428c-30b0-46f6-ae28-d7606302a89a,1999,mercedes,e-class,E430,generation_inherit,mismatch,true,225/55R17,225/55R17,215/55R16 245/40R18 275/35R18 235/45R17,225/55R17,215/55R16 245/40R18 275/35R18 235/45R17,E320 | E55 AMG | E300 | E430,E430,mismatch,
099c940c-cd86-4978-bdaf-fdfe3f8f8e95,2000,mercedes,e-class,E55 AMG,generation_inherit,mismatch,true,245/45R18,245/45R18,215/55R16 245/40R18 275/35R18 235/45R17,245/45R18,215/55R16 245/40R18 275/35R18 235/45R17,E320 | E55 AMG | E430,E55 AMG,mismatch,
7e34e221-55b2-4eb9-9a98-37b627c85117,2000,mercedes,e-class,E430,generation_inherit,mismatch,true,225/55R17,225/55R17,215/55R16 245/40R18 275/35R18 235/45R17,225/55R17,215/55R16 245/40R18 275/35R18 235/45R17,E320 | E55 AMG | E430,E430,mismatch,
a6fb0430-84dd-4b8d-8a5b-9895d3588a83,2001,mercedes,e-class,E55 AMG,generation_inherit,mismatch,true,245/45R18,245/45R18,215/55R16 245/40R18 275/35R18 235/45R17,245/45R18,215/55R16 245/40R18 275/35R18 235/45R17,E320 | E55 AMG | E430,E55 AMG,mismatch,
f0136a01-fc36-4c9c-9897-3cf96715c94c,2001,mercedes,e-class,E430,generation_inherit,mismatch,true,225/55R17,225/55R17,215/55R16 245/40R18 275/35R18 235/45R17,225/55R17,215/55R16 245/40R18 275/35R18 235/45R17,E320 | E55 AMG | E430,E430,mismatch,
5e79e894-7224-4221-8507-3b8dc835d69f,2002,mercedes,e-class,E430,generation_inherit,mismatch,true,225/55R17,225/55R17,215/55R16 235/45R17 245/40R18 275/35R18,225/55R17,215/55R16 235/45R17 245/40R18 275/35R18,E320 | E55 AMG | E430,E430,mismatch,
7339f263-61c3-43e0-afd6-d43d916e0f24,2002,mercedes,e-class,E55 AMG,generation_inherit,mismatch,true,245/45R18,245/45R18,215/55R16 235/45R17 245/40R18 275/35R18,245/45R18,215/55R16 235/45R17 245/40R18 275/35R18,E320 | E55 AMG | E430,E55 AMG,mismatch,
0a0e0ae5-5306-4ff4-a706-fb153da3a928,2003,mercedes,e-class,E63 AMG,generation_inherit,mismatch,true,245/45R18,245/45R18,225/55R16 215/55R16 245/40R18 265/35R18 245/45R17,245/45R18,225/55R16 215/55R16 245/40R18 265/35R18 245/45R17,E320 | E55 AMG | E500,,,
13b9716d-06fa-48a4-a474-d96ecc58a502,2003,mercedes,e-class,E320,generation_inherit,mismatch,true,225/55R17,225/55R17,225/55R16 215/55R16 245/40R18 265/35R18 245/45R17,225/55R17,225/55R16 215/55R16 245/40R18 265/35R18 245/45R17,E320 | E55 AMG | E500,E320,mismatch,
935015b5-361f-412a-b924-0dc6821e78f6,2003,mercedes,e-class,E55 AMG,generation_inherit,mismatch,true,245/45R18,245/45R18,225/55R16 215/55R16 245/40R18 265/35R18 245/45R17,245/45R18,225/55R16 215/55R16 245/40R18 265/35R18 245/45R17,E320 | E55 AMG | E500,E55 AMG,mismatch,
aa776f5e-4c6c-46cd-b287-bcc1bb4d79f4,2003,mercedes,e-class,E350,generation_inherit,mismatch,true,225/55R17,225/55R17,225/55R16 215/55R16 245/40R18 265/35R18 245/45R17,225/55R17,225/55R16 215/55R16 245/40R18 265/35R18 245/45R17,E320 | E55 AMG | E500,,,
f87554d2-5b44-4352-a9a3-8c9a62351f3d,2003,mercedes,e-class,E500,generation_inherit,mismatch,true,245/45R18,245/45R18,225/55R16 215/55R16 245/40R18 265/35R18 245/45R17,245/45R18,225/55R16 215/55R16 245/40R18 265/35R18 245/45R17,E320 | E55 AMG | E500,E500,mismatch,
068eb68e-f203-49db-a809-570013dc7f44,2004,mercedes,e-class,E350,generation_inherit,mismatch,true,225/55R17,225/55R17,225/55R16 245/45R17 245/40R18 265/35R18,225/55R17,225/55R16 245/45R17 245/40R18 265/35R18,E320 | E55 AMG | E500,,,
4467d18a-b0e3-4a5e-864a-e0c03a06734a,2004,mercedes,e-class,E500,generation_inherit,mismatch,true,245/45R18,245/45R18,225/55R16 245/45R17 245/40R18 265/35R18,245/45R18,225/55R16 245/45R17 245/40R18 265/35R18,E320 | E55 AMG | E500,E500,mismatch,
56d082f4-4b94-416a-9b13-4d7a69dfc12f,2004,mercedes,e-class,E320,generation_inherit,mismatch,true,225/55R17,225/55R17,225/55R16 245/45R17 245/40R18 265/35R18,225/55R17,225/55R16 245/45R17 245/40R18 265/35R18,E320 | E55 AMG | E500,E320,mismatch,
dfdb5161-b75d-4777-ae55-f50b21eb87ca,2004,mercedes,e-class,E55 AMG,generation_inherit,mismatch,true,245/45R18,245/45R18,225/55R16 245/45R17 245/40R18 265/35R18,245/45R18,225/55R16 245/45R17 245/40R18 265/35R18,E320 | E55 AMG | E500,E55 AMG,mismatch,
e0655ba6-6989-48b9-8067-5e88bcd11deb,2004,mercedes,e-class,E63 AMG,generation_inherit,mismatch,true,245/45R18,245/45R18,225/55R16 245/45R17 245/40R18 265/35R18,245/45R18,225/55R16 245/45R17 245/40R18 265/35R18,E320 | E55 AMG | E500,,,
0c0b9f5d-5127-49d7-a748-8b3ca82d367a,2005,mercedes,e-class,E500,generation_inherit,mismatch,true,245/45R18,245/45R18,225/55R16 245/45R17 245/40R18 265/35R18,245/45R18,225/55R16 245/45R17 245/40R18 265/35R18,E320 | E55 AMG | E500,E500,mismatch,
562aebc7-af24-4820-a792-2493b43ae4d9,2005,mercedes,e-class,E320,generation_inherit,mismatch,true,225/55R17,225/55R17,225/55R16 245/45R17 245/40R18 265/35R18,225/55R17,225/55R16 245/45R17 245/40R18 265/35R18,E320 | E55 AMG | E500,E320,mismatch,
6b1ed3fc-866f-4963-83f6-c2ec0f99e05a,2005,mercedes,e-class,E63 AMG,generation_inherit,mismatch,true,245/45R18,245/45R18,225/55R16 245/45R17 245/40R18 265/35R18,245/45R18,225/55R16 245/45R17 245/40R18 265/35R18,E320 | E55 AMG | E500,,,
a26337e1-9884-493f-a3bf-cc9e5be85bee,2005,mercedes,e-class,E55 AMG,generation_inherit,mismatch,true,245/45R18,245/45R18,225/55R16 245/45R17 245/40R18 265/35R18,245/45R18,225/55R16 245/45R17 245/40R18 265/35R18,E320 | E55 AMG | E500,E55 AMG,mismatch,
ecb8e3de-2d7b-440b-bf20-f0b5743018c1,2005,mercedes,e-class,E350,generation_inherit,mismatch,true,225/55R17,225/55R17,225/55R16 245/45R17 245/40R18 265/35R18,225/55R17,225/55R16 245/45R17 245/40R18 265/35R18,E320 | E55 AMG | E500,,,
036aa15a-762c-473c-8e64-dc3f8e1ce846,2006,mercedes,e-class,E63 AMG,generation_inherit,mismatch,true,245/45R18,245/45R18,245/45R17 245/40R18 265/35R18 225/55R16,245/45R18,245/45R17 245/40R18 265/35R18 225/55R16,E350 | E320 | E55 AMG | E500,,,
19c8a53a-7d7b-4795-9064-a4afc457cfc2,2006,mercedes,e-class,E350,generation_inherit,mismatch,true,225/55R17,225/55R17,245/45R17 245/40R18 265/35R18 225/55R16,225/55R17,245/45R17 245/40R18 265/35R18 225/55R16,E350 | E320 | E55 AMG | E500,E350,mismatch,
943ab08a-d2d5-4c08-9668-f26e8d95f148,2006,mercedes,e-class,E500,generation_inherit,mismatch,true,245/45R18,245/45R18,245/45R17 245/40R18 265/35R18 225/55R16,245/45R18,245/45R17 245/40R18 265/35R18 225/55R16,E350 | E320 | E55 AMG | E500,E500,mismatch,
c56dbb3d-1ec7-49ca-bf98-2f57d4d6f41c,2006,mercedes,e-class,E320,generation_inherit,mismatch,true,225/55R17,225/55R17,245/45R17 245/40R18 265/35R18 225/55R16,225/55R17,245/45R17 245/40R18 265/35R18 225/55R16,E350 | E320 | E55 AMG | E500,E320,mismatch,
d4bc2dc1-f33c-462e-bc55-a256a983bc39,2006,mercedes,e-class,E55 AMG,generation_inherit,mismatch,true,245/45R18,245/45R18,245/45R17 245/40R18 265/35R18 225/55R16,245/45R18,245/45R17 245/40R18 265/35R18 225/55R16,E350 | E320 | E55 AMG | E500,E55 AMG,mismatch,
2965ef87-391f-41fc-bc44-78c05f614dce,2007,mercedes,e-class,E320,generation_inherit,mismatch,true,225/55R17,225/55R17,245/45R17 245/40R18 265/35R18 225/55R16,225/55R17,245/45R17 245/40R18 265/35R18 225/55R16,E350 | E550 | E320 | E63 AMG,E320,mismatch,
73ed9e26-c9e1-464d-939a-bf67a4fc0246,2007,mercedes,e-class,E500,generation_inherit,mismatch,true,245/45R18,245/45R18,245/45R17 245/40R18 265/35R18 225/55R16,245/45R18,245/45R17 245/40R18 265/35R18 225/55R16,E350 | E550 | E320 | E63 AMG,,,
a023a1a8-4b43-49a3-a37b-96e52c776dd3,2007,mercedes,e-class,E63 AMG,generation_inherit,mismatch,true,245/45R18,245/45R18,245/45R17 245/40R18 265/35R18 225/55R16,245/45R18,245/45R17 245/40R18 265/35R18 225/55R16,E350 | E550 | E320 | E63 AMG,E63 AMG,mismatch,
c16f45ec-742e-45f8-a0a5-179a5d8a7510,2007,mercedes,e-class,E55 AMG,generation_inherit,mismatch,true,245/45R18,245/45R18,245/45R17 245/40R18 265/35R18 225/55R16,245/45R18,245/45R17 245/40R18 265/35R18 225/55R16,E350 | E550 | E320 | E63 AMG,,,
fe9d2cd3-0a18-4aa5-a30a-e32449a58727,2007,mercedes,e-class,E350,generation_inherit,mismatch,true,225/55R17,225/55R17,245/45R17 245/40R18 265/35R18 225/55R16,225/55R17,245/45R17 245/40R18 265/35R18 225/55R16,E350 | E550 | E320 | E63 AMG,E350,mismatch,
058a60a0-66e3-4e7b-a796-7db1b8669829,2008,mercedes,e-class,E350,generation_inherit,mismatch,true,225/55R17,225/55R17,245/45R17 245/40R18 265/35R18 225/55R16,225/55R17,245/45R17 245/40R18 265/35R18 225/55R16,E350 | E550 | E320 | E63 AMG,E350,mismatch,
12afdf02-cce5-4b9c-86ec-f8582792601d,2008,mercedes,e-class,E63 AMG,generation_inherit,mismatch,true,245/45R18,245/45R18,245/45R17 245/40R18 265/35R18 225/55R16,245/45R18,245/45R17 245/40R18 265/35R18 225/55R16,E350 | E550 | E320 | E63 AMG,E63 AMG,mismatch,
a80a47c5-1a08-40e7-8201-3835020349af,2008,mercedes,e-class,E320,generation_inherit,mismatch,true,225/55R17,225/55R17,245/45R17 245/40R18 265/35R18 225/55R16,225/55R17,245/45R17 245/40R18 265/35R18 225/55R16,E350 | E550 | E320 | E63 AMG,E320,mismatch,
b68bc9d4-df37-492b-a0b5-d5bffbc0acb9,2008,mercedes,e-class,E500,generation_inherit,mismatch,true,245/45R18,245/45R18,245/45R17 245/40R18 265/35R18 225/55R16,245/45R18,245/45R17 245/40R18 265/35R18 225/55R16,E350 | E550 | E320 | E63 AMG,,,
f527e46b-443d-427c-8048-1ba9a9c14dd9,2008,mercedes,e-class,E55 AMG,generation_inherit,mismatch,true,245/45R18,245/45R18,245/45R17 245/40R18 265/35R18 225/55R16,245/45R18,245/45R17 245/40R18 265/35R18 225/55R16,E350 | E550 | E320 | E63 AMG,,,
3923fb75-93bd-4971-97af-9d87ef9e584e,2009,mercedes,e-class,E500,generation_inherit,mismatch,true,245/45R18,245/45R18,245/45R17 245/40R18 265/35R18 225/55R16,245/45R18,245/45R17 245/40R18 265/35R18 225/55R16,E350 | E550 | E320 | E63 AMG,,,
457284ca-418a-48a9-8993-1da7930e3361,2009,mercedes,e-class,E55 AMG,generation_inherit,mismatch,true,245/45R18,245/45R18,245/45R17 245/40R18 265/35R18 225/55R16,245/45R18,245/45R17 245/40R18 265/35R18 225/55R16,E350 | E550 | E320 | E63 AMG,,,
5bcce7b6-2d0b-4fba-8833-e6f894123cf4,2009,mercedes,e-class,E320,generation_inherit,mismatch,true,225/55R17,225/55R17,245/45R17 245/40R18 265/35R18 225/55R16,225/55R17,245/45R17 245/40R18 265/35R18 225/55R16,E350 | E550 | E320 | E63 AMG,E320,mismatch,
8ed3d8fe-0db5-40a5-b187-9c5a1a8b686d,2009,mercedes,e-class,E350,generation_inherit,mismatch,true,225/55R17,225/55R17,245/45R17 245/40R18 265/35R18 225/55R16,225/55R17,245/45R17 245/40R18 265/35R18 225/55R16,E350 | E550 | E320 | E63 AMG,E350,mismatch,
d6b214a8-f8b8-4d8d-8468-04099554b60e,2009,mercedes,e-class,E63 AMG,generation_inherit,mismatch,true,245/45R18,245/45R18,245/45R17 245/40R18 265/35R18 225/55R16,245/45R18,245/45R17 245/40R18 265/35R18 225/55R16,E350 | E550 | E320 | E63 AMG,E63 AMG,mismatch,
1409c30d-5ee6-4e5f-aaa7-bf6863619441,2010,mercedes,e-class,E400,generation_inherit,mismatch,true,245/45R18,245/45R18,245/45R17 245/40R18 265/35R18 235/45R17 255/40R17 235/40R18 255/35R18 255/40R18 285/35R18 255/35R19 285/30R19,245/45R18,245/45R17 245/40R18 265/35R18 235/45R17 255/40R17 235/40R18 255/35R18 255/40R18 285/35R18 255/35R19 285/30R19,E350 | E550 | E63 AMG,,,
5574f758-0ab4-447f-bb34-ed20d7a48146,2010,mercedes,e-class,E63 S AMG,generation_inherit,mismatch,true,245/40R19 275/35R19,245/40R19 275/35R19,245/45R17 245/40R18 265/35R18 235/45R17 255/40R17 235/40R18 255/35R18 255/40R18 285/35R18 255/35R19 285/30R19,245/40R19 275/35R19,245/45R17 245/40R18 265/35R18 235/45R17 255/40R17 235/40R18 255/35R18 255/40R18 285/35R18 255/35R19 285/30R19,E350 | E550 | E63 AMG,,,
5e45bbbd-45de-4dbf-88e0-218f9846799d,2010,mercedes,e-class,E550,generation_inherit,mismatch,true,245/45R18,245/45R18,245/45R17 245/40R18 265/35R18 235/45R17 255/40R17 235/40R18 255/35R18 255/40R18 285/35R18 255/35R19 285/30R19,245/45R18,245/45R17 245/40R18 265/35R18 235/45R17 255/40R17 235/40R18 255/35R18 255/40R18 285/35R18 255/35R19 285/30R19,E350 | E550 | E63 AMG,E550,mismatch,
86c37417-cae8-408a-ae68-434cea01b358,2010,mercedes,e-class,E350,generation_inherit,mismatch,true,225/55R17,225/55R17,245/45R17 245/40R18 265/35R18 235/45R17 255/40R17 235/40R18 255/35R18 255/40R18 285/35R18 255/35R19 285/30R19,225/55R17,245/45R17 245/40R18 265/35R18 235/45R17 255/40R17 235/40R18 255/35R18 255/40R18 285/35R18 255/35R19 285/30R19,E350 | E550 | E63 AMG,E350,mismatch,
a1e5e101-95f3-430d-b981-59a161aaef8e,2010,mercedes,e-class,E63 AMG,generation_inherit,mismatch,true,245/40R19 275/35R19,245/40R19 275/35R19,245/45R17 245/40R18 265/35R18 235/45R17 255/40R17 235/40R18 255/35R18 255/40R18 285/35R18 255/35R19 285/30R19,245/40R19 275/35R19,245/45R17 245/40R18 265/35R18 235/45R17 255/40R17 235/40R18 255/35R18 255/40R18 285/35R18 255/35R19 285/30R19,E350 | E550 | E63 AMG,E63 AMG,mismatch,
17040893-38bb-477d-acaa-bd6fc80cd79d,2011,mercedes,e-class,E63 AMG,generation_inherit,mismatch,true,245/40R19 275/35R19,245/40R19 275/35R19,245/45R17 245/40R18 265/35R18 235/45R17 255/40R17 235/40R18 255/35R18 255/40R18 285/35R18 255/35R19 285/30R19,245/40R19 275/35R19,245/45R17 245/40R18 265/35R18 235/45R17 255/40R17 235/40R18 255/35R18 255/40R18 285/35R18 255/35R19 285/30R19,E350 | E550 | E63 AMG,E63 AMG,mismatch,
6c5ae1a5-f045-4c12-a811-312a739d6f5e,2011,mercedes,e-class,E400,generation_inherit,mismatch,true,245/45R18,245/45R18,245/45R17 245/40R18 265/35R18 235/45R17 255/40R17 235/40R18 255/35R18 255/40R18 285/35R18 255/35R19 285/30R19,245/45R18,245/45R17 245/40R18 265/35R18 235/45R17 255/40R17 235/40R18 255/35R18 255/40R18 285/35R18 255/35R19 285/30R19,E350 | E550 | E63 AMG,,,
b7af30ba-8d26-4667-8f8f-ca3a8a2f2129,2011,mercedes,e-class,E63 S AMG,generation_inherit,mismatch,true,245/40R19 275/35R19,245/40R19 275/35R19,245/45R17 245/40R18 265/35R18 235/45R17 255/40R17 235/40R18 255/35R18 255/40R18 285/35R18 255/35R19 285/30R19,245/40R19 275/35R19,245/45R17 245/40R18 265/35R18 235/45R17 255/40R17 235/40R18 255/35R18 255/40R18 285/35R18 255/35R19 285/30R19,E350 | E550 | E63 AMG,,,
cc176467-fbd1-459b-aa94-0fe55c3eddcb,2011,mercedes,e-class,E550,generation_inherit,mismatch,true,245/45R18,245/45R18,245/45R17 245/40R18 265/35R18 235/45R17 255/40R17 235/40R18 255/35R18 255/40R18 285/35R18 255/35R19 285/30R19,245/45R18,245/45R17 245/40R18 265/35R18 235/45R17 255/40R17 235/40R18 255/35R18 255/40R18 285/35R18 255/35R19 285/30R19,E350 | E550 | E63 AMG,E550,mismatch,
e12668b6-e0e9-401c-a447-c7c39ac984d0,2011,mercedes,e-class,E350,generation_inherit,mismatch,true,225/55R17,225/55R17,245/45R17 245/40R18 265/35R18 235/45R17 255/40R17 235/40R18 255/35R18 255/40R18 285/35R18 255/35R19 285/30R19,225/55R17,245/45R17 245/40R18 265/35R18 235/45R17 255/40R17 235/40R18 255/35R18 255/40R18 285/35R18 255/35R19 285/30R19,E350 | E550 | E63 AMG,E350,mismatch,
3a79528f-86f9-4723-ab48-38c183e21881,2012,mercedes,e-class,E550,generation_inherit,mismatch,true,245/45R18,245/45R18,235/45R17 255/40R17 235/40R18 255/35R18 245/45R17 245/40R18 265/35R18 255/35R19 285/30R19,245/45R18,235/45R17 255/40R17 235/40R18 255/35R18 245/45R17 245/40R18 265/35R18 255/35R19 285/30R19,E350 | E550 | E63 AMG,E550,mismatch,
74b95d87-badc-49c4-a3a4-64f34bd5a065,2012,mercedes,e-class,E63 AMG,generation_inherit,mismatch,true,245/40R19 275/35R19,245/40R19 275/35R19,235/45R17 255/40R17 235/40R18 255/35R18 245/45R17 245/40R18 265/35R18 255/35R19 285/30R19,245/40R19 275/35R19,235/45R17 255/40R17 235/40R18 255/35R18 245/45R17 245/40R18 265/35R18 255/35R19 285/30R19,E350 | E550 | E63 AMG,E63 AMG,mismatch,
894d896a-d07b-49e9-9278-a90bbb37dae3,2012,mercedes,e-class,E400,generation_inherit,mismatch,true,245/45R18,245/45R18,235/45R17 255/40R17 235/40R18 255/35R18 245/45R17 245/40R18 265/35R18 255/35R19 285/30R19,245/45R18,235/45R17 255/40R17 235/40R18 255/35R18 245/45R17 245/40R18 265/35R18 255/35R19 285/30R19,E350 | E550 | E63 AMG,,,
9b743114-3868-4ea1-bf1d-aa7c3b3538ab,2012,mercedes,e-class,E63 S AMG,generation_inherit,mismatch,true,245/40R19 275/35R19,245/40R19 275/35R19,235/45R17 255/40R17 235/40R18 255/35R18 245/45R17 245/40R18 265/35R18 255/35R19 285/30R19,245/40R19 275/35R19,235/45R17 255/40R17 235/40R18 255/35R18 245/45R17 245/40R18 265/35R18 255/35R19 285/30R19,E350 | E550 | E63 AMG,,,
9fd3f2e1-4b27-4400-bc09-6083c34fdbab,2012,mercedes,e-class,E350,generation_inherit,mismatch,true,225/55R17,225/55R17,235/45R17 255/40R17 235/40R18 255/35R18 245/45R17 245/40R18 265/35R18 255/35R19 285/30R19,225/55R17,235/45R17 255/40R17 235/40R18 255/35R18 245/45R17 245/40R18 265/35R18 255/35R19 285/30R19,E350 | E550 | E63 AMG,E350,mismatch,
1b8648b3-923a-49cc-9756-b84d41b396c2,2013,mercedes,e-class,E63 AMG,generation_inherit,mismatch,true,245/40R19 275/35R19,245/40R19 275/35R19,245/40R18 265/35R18 245/45R17 235/40R18 255/35R18 235/45R17 255/40R17 255/35R19 285/30R19,245/40R19 275/35R19,245/40R18 265/35R18 245/45R17 235/40R18 255/35R18 235/45R17 255/40R17 255/35R19 285/30R19,E350 | E550 | E63 AMG | E400,E63 AMG,mismatch,
29e3f403-1586-4a65-9ac2-af5e248749a6,2013,mercedes,e-class,E63 S AMG,generation_inherit,mismatch,true,245/40R19 275/35R19,245/40R19 275/35R19,245/40R18 265/35R18 245/45R17 235/40R18 255/35R18 235/45R17 255/40R17 255/35R19 285/30R19,245/40R19 275/35R19,245/40R18 265/35R18 245/45R17 235/40R18 255/35R18 235/45R17 255/40R17 255/35R19 285/30R19,E350 | E550 | E63 AMG | E400,,,
4813ad7d-77e8-4728-b26d-43dbcdeeb4fd,2013,mercedes,e-class,E550,generation_inherit,mismatch,true,245/45R18,245/45R18,245/40R18 265/35R18 245/45R17 235/40R18 255/35R18 235/45R17 255/40R17 255/35R19 285/30R19,245/45R18,245/40R18 265/35R18 245/45R17 235/40R18 255/35R18 235/45R17 255/40R17 255/35R19 285/30R19,E350 | E550 | E63 AMG | E400,E550,mismatch,
8f6d69e5-bcbb-4eb9-b520-9662a7e0325c,2013,mercedes,e-class,E350,generation_inherit,mismatch,true,225/55R17,225/55R17,245/40R18 265/35R18 245/45R17 235/40R18 255/35R18 235/45R17 255/40R17 255/35R19 285/30R19,225/55R17,245/40R18 265/35R18 245/45R17 235/40R18 255/35R18 235/45R17 255/40R17 255/35R19 285/30R19,E350 | E550 | E63 AMG | E400,E350,mismatch,
b47146dd-9362-4656-b321-b40d51142fc5,2013,mercedes,e-class,E400,generation_inherit,mismatch,true,245/45R18,245/45R18,245/40R18 265/35R18 245/45R17 235/40R18 255/35R18 235/45R17 255/40R17 255/35R19 285/30R19,245/45R18,245/40R18 265/35R18 245/45R17 235/40R18 255/35R18 235/45R17 255/40R17 255/35R19 285/30R19,E350 | E550 | E63 AMG | E400,E400,mismatch,
3adf682c-e023-4eae-af60-3b2eb00c70ba,2014,mercedes,e-class,E63 S AMG,generation_inherit,mismatch,true,245/40R19 275/35R19,245/40R19 275/35R19,245/45R17 245/40R18 235/40R18 255/35R18 255/35R19 285/30R19,245/40R19 275/35R19,245/45R17 245/40R18 235/40R18 255/35R18 255/35R19 285/30R19,E350 | E550 | E63 AMG S | E63 AMG | E400 | E250,,,
6b2594ac-cd62-4457-a223-2581989adc05,2014,mercedes,e-class,E350,generation_inherit,mismatch,true,225/55R17,225/55R17,245/45R17 245/40R18 235/40R18 255/35R18 255/35R19 285/30R19,225/55R17,245/45R17 245/40R18 235/40R18 255/35R18 255/35R19 285/30R19,E350 | E550 | E63 AMG S | E63 AMG | E400 | E250,E350,mismatch,
834aa09d-a7ff-4151-ac9f-bbf18d851649,2014,mercedes,e-class,E550,generation_inherit,mismatch,true,245/45R18,245/45R18,245/45R17 245/40R18 235/40R18 255/35R18 255/35R19 285/30R19,245/45R18,245/45R17 245/40R18 235/40R18 255/35R18 255/35R19 285/30R19,E350 | E550 | E63 AMG S | E63 AMG | E400 | E250,E550,mismatch,
e84bc4ef-d15b-424a-8ddb-41bfd0101c96,2014,mercedes,e-class,E400,generation_inherit,mismatch,true,245/45R18,245/45R18,245/45R17 245/40R18 235/40R18 255/35R18 255/35R19 285/30R19,245/45R18,245/45R17 245/40R18 235/40R18 255/35R18 255/35R19 285/30R19,E350 | E550 | E63 AMG S | E63 AMG | E400 | E250,E400,mismatch,
ed374832-04da-40a7-b2ea-cefaba70b5c8,2014,mercedes,e-class,E63 AMG,generation_inherit,mismatch,true,245/40R19 275/35R19,245/40R19 275/35R19,245/45R17 245/40R18 235/40R18 255/35R18 255/35R19 285/30R19,245/40R19 275/35R19,245/45R17 245/40R18 235/40R18 255/35R18 255/35R19 285/30R19,E350 | E550 | E63 AMG S | E63 AMG | E400 | E250,E63 AMG,mismatch,
01145c08-5437-4775-84e1-518c6866bb49,2015,mercedes,e-class,E63 AMG,generation_inherit,mismatch,true,245/40R19 275/35R19,245/40R19 275/35R19,245/40R18 245/45R17 235/40R18 255/35R18 255/35R19 285/30R19,245/40R19 275/35R19,245/40R18 245/45R17 235/40R18 255/35R18 255/35R19 285/30R19,E350 | E550 | E63 AMG S | E63 AMG | E400 | E250,E63 AMG,mismatch,
0ef97707-aba9-42ad-9b4c-4dd13856ba6a,2015,mercedes,e-class,E63 S AMG,generation_inherit,mismatch,true,245/40R19 275/35R19,245/40R19 275/35R19,245/40R18 245/45R17 235/40R18 255/35R18 255/35R19 285/30R19,245/40R19 275/35R19,245/40R18 245/45R17 235/40R18 255/35R18 255/35R19 285/30R19,E350 | E550 | E63 AMG S | E63 AMG | E400 | E250,,,
7160ed6f-de90-4a7c-bc48-91dd2dd9cc12,2015,mercedes,e-class,E400,generation_inherit,mismatch,true,245/45R18,245/45R18,245/40R18 245/45R17 235/40R18 255/35R18 255/35R19 285/30R19,245/45R18,245/40R18 245/45R17 235/40R18 255/35R18 255/35R19 285/30R19,E350 | E550 | E63 AMG S | E63 AMG | E400 | E250,E400,mismatch,
79c2039c-2f28-4e0b-9c15-0feaa32b408b,2015,mercedes,e-class,E550,generation_inherit,mismatch,true,245/45R18,245/45R18,245/40R18 245/45R17 235/40R18 255/35R18 255/35R19 285/30R19,245/45R18,245/40R18 245/45R17 235/40R18 255/35R18 255/35R19 285/30R19,E350 | E550 | E63 AMG S | E63 AMG | E400 | E250,E550,mismatch,
ff8c0805-3afc-47b0-9e95-9242072cb4b1,2015,mercedes,e-class,E350,generation_inherit,mismatch,true,225/55R17,225/55R17,245/40R18 245/45R17 235/40R18 255/35R18 255/35R19 285/30R19,225/55R17,245/40R18 245/45R17 235/40R18 255/35R18 255/35R19 285/30R19,E350 | E550 | E63 AMG S | E63 AMG | E400 | E250,E350,mismatch,
3cab855a-8148-418c-afb8-47cade67882b,2016,mercedes,e-class,E400,generation_inherit,mismatch,true,245/45R18,245/45R18,245/45R17 245/40R18 235/40R18 255/35R18 255/35R19 285/30R19,245/45R18,245/45R17 245/40R18 235/40R18 255/35R18 255/35R19 285/30R19,E350 | E550 | E63 AMG S | E400 | E250,E400,mismatch,
54ce3690-e05e-451b-bcc9-020c820ad28e,2016,mercedes,e-class,E63 AMG,generation_inherit,mismatch,true,245/40R19 275/35R19,245/40R19 275/35R19,245/45R17 245/40R18 235/40R18 255/35R18 255/35R19 285/30R19,245/40R19 275/35R19,245/45R17 245/40R18 235/40R18 255/35R18 255/35R19 285/30R19,E350 | E550 | E63 AMG S | E400 | E250,,,
aae9c053-5808-41a7-bd1f-34f91cba2783,2016,mercedes,e-class,E350,generation_inherit,mismatch,true,225/55R17,225/55R17,245/45R17 245/40R18 235/40R18 255/35R18 255/35R19 285/30R19,225/55R17,245/45R17 245/40R18 235/40R18 255/35R18 255/35R19 285/30R19,E350 | E550 | E63 AMG S | E400 | E250,E350,mismatch,
dab6c771-e0b1-40c8-a682-f8c77ab82d71,2016,mercedes,e-class,E63 S AMG,generation_inherit,mismatch,true,245/40R19 275/35R19,245/40R19 275/35R19,245/45R17 245/40R18 235/40R18 255/35R18 255/35R19 285/30R19,245/40R19 275/35R19,245/45R17 245/40R18 235/40R18 255/35R18 255/35R19 285/30R19,E350 | E550 | E63 AMG S | E400 | E250,,,
e618be2c-61d1-4a21-b438-06762b8ec95f,2016,mercedes,e-class,E550,generation_inherit,mismatch,true,245/45R18,245/45R18,245/45R17 245/40R18 235/40R18 255/35R18 255/35R19 285/30R19,245/45R18,245/45R17 245/40R18 235/40R18 255/35R18 255/35R19 285/30R19,E350 | E550 | E63 AMG S | E400 | E250,E550,mismatch,
8df94c3d-d619-432b-80f2-9c83e9fb57d0,2024,mercedes,e-class,Base,cache-import,mismatch,true,245/45R18 245/40R19 275/35R19 255/35R20 285/30R20 255/35R21 285/30R21,245/45R18 245/40R19 275/35R19 255/35R20 285/30R20 255/35R21 285/30R21,225/55R18 245/35R21 275/30R21 245/40R20 245/45R19 275/40R19 275/35R20 255/45R19 255/40R20 285/35R20,245/45R18 245/40R19 275/35R19 255/35R20 285/30R20 255/35R21 285/30R21,225/55R18 245/35R21 275/30R21 245/40R20 245/45R19 275/40R19 275/35R20 255/45R19 255/40R20 285/35R20,E350 | E450,,,
316cfae2-c6a3-4a80-bde9-0dbd33504bf5,2025,mercedes,e-class,Base,cache-import,mismatch,true,245/45R18 245/40R19 275/35R19 255/35R20 285/30R20 255/35R21 285/30R21,245/45R18 245/40R19 275/35R19 255/35R20 285/30R20 255/35R21 285/30R21,225/55R18 245/45R19 275/40R19 245/40R20 275/35R20 245/35R21 275/30R21 255/45R19 255/40R20 285/35R20 265/40R20 295/35R20 265/35R21,245/45R18 245/40R19 275/35R19 255/35R20 285/30R20 255/35R21 285/30R21,225/55R18 245/45R19 275/40R19 245/40R20 275/35R20 245/35R21 275/30R21 255/45R19 255/40R20 285/35R20 265/40R20 295/35R20 265/35R21,E350 | E450 | E53 AMG,,,
006c42e2-38fc-4fd9-92bb-eb279bf26081,2026,mercedes,e-class,E300,generation_inherit,mismatch,true,245/45R18,245/45R18,225/55R18 245/45R19 275/40R19 245/40R20 275/35R20 245/35R21 275/30R21 255/45R19 255/40R20 285/35R20 265/40R20 295/35R20 265/35R21,245/45R18,225/55R18 245/45R19 275/40R19 245/40R20 275/35R20 245/35R21 275/30R21 255/45R19 255/40R20 285/35R20 265/40R20 295/35R20 265/35R21,E350 | E450 | E53 AMG,,,
4a436386-ea1a-46c3-84bd-b5a28b938cdd,2026,mercedes,e-class,E63 AMG,generation_inherit,mismatch,true,245/35R20 275/30R20 265/35R20 295/30R20,245/35R20 275/30R20 265/35R20 295/30R20,225/55R18 245/45R19 275/40R19 245/40R20 275/35R20 245/35R21 275/30R21 255/45R19 255/40R20 285/35R20 265/40R20 295/35R20 265/35R21,245/35R20 275/30R20 265/35R20 295/30R20,225/55R18 245/45R19 275/40R19 245/40R20 275/35R20 245/35R21 275/30R21 255/45R19 255/40R20 285/35R20 265/40R20 295/35R20 265/35R21,E350 | E450 | E53 AMG,,,
7f4b784a-f869-4a11-9951-9138410c4f5b,2026,mercedes,e-class,E450,generation_inherit,mismatch,true,245/40R19 275/35R19,245/40R19 275/35R19,225/55R18 245/45R19 275/40R19 245/40R20 275/35R20 245/35R21 275/30R21 255/45R19 255/40R20 285/35R20 265/40R20 295/35R20 265/35R21,245/40R19 275/35R19,225/55R18 245/45R19 275/40R19 245/40R20 275/35R20 245/35R21 275/30R21 255/45R19 255/40R20 285/35R20 265/40R20 295/35R20 265/35R21,E350 | E450 | E53 AMG,E450,mismatch,
8b18c950-b62e-4db5-a427-200b33751f10,2026,mercedes,e-class,E350,generation_inherit,mismatch,true,245/45R18,245/45R18,225/55R18 245/45R19 275/40R19 245/40R20 275/35R20 245/35R21 275/30R21 255/45R19 255/40R20 285/35R20 265/40R20 295/35R20 265/35R21,245/45R18,225/55R18 245/45R19 275/40R19 245/40R20 275/35R20 245/35R21 275/30R21 255/45R19 255/40R20 285/35R20 265/40R20 295/35R20 265/35R21,E350 | E450 | E53 AMG,E350,mismatch,
ae7aa1d8-e19d-4cc1-a64c-d7031fed20b0,2026,mercedes,e-class,Base,cache-import,mismatch,true,245/45R18 245/40R19 275/35R19 255/35R20 285/30R20 255/35R21 285/30R21,245/45R18 245/40R19 275/35R19 255/35R20 285/30R20 255/35R21 285/30R21,225/55R18 245/45R19 275/40R19 245/40R20 275/35R20 245/35R21 275/30R21 255/45R19 255/40R20 285/35R20 265/40R20 295/35R20 265/35R21,245/45R18 245/40R19 275/35R19 255/35R20 285/30R20 255/35R21 285/30R21,225/55R18 245/45R19 275/40R19 245/40R20 275/35R20 245/35R21 275/30R21 255/45R19 255/40R20 285/35R20 265/40R20 295/35R20 265/35R21,E350 | E450 | E53 AMG,,,
d98133b1-546e-4ddf-8b78-d16cf6e14d0b,2026,mercedes,e-class,E53 AMG,generation_inherit,mismatch,true,245/35R20 275/30R20 265/35R20 295/30R20,245/35R20 275/30R20 265/35R20 295/30R20,225/55R18 245/45R19 275/40R19 245/40R20 275/35R20 245/35R21 275/30R21 255/45R19 255/40R20 285/35R20 265/40R20 295/35R20 265/35R21,245/35R20 275/30R20 265/35R20 295/30R20,225/55R18 245/45R19 275/40R19 245/40R20 275/35R20 245/35R21 275/30R21 255/45R19 255/40R20 285/35R20 265/40R20 295/35R20 265/35R21,E350 | E450 | E53 AMG,E53 AMG,mismatch,
33d914a6-5ca7-4f32-962a-04b89f3f9d3a,2025,mercedes,e-class-amg,Base,catalog-gap-fill,mismatch,true,245/40R18 255/35R19 265/35R19 275/30R20,245/40R18 255/35R19 265/35R19 275/30R20,265/40R20 295/35R20 265/35R21,245/40R18 255/35R19 265/35R19 275/30R20,265/40R20 295/35R20 265/35R21,E53 AMG,,,
e22c1239-ad2d-4ac2-ba82-76eec36c3c61,2017,mercedes,e-class-cabriolet,Base,catalog-gap-fill,mismatch,true,225/55R16 245/40R18 255/35R19,225/55R16 245/40R18 255/35R19,245/40R19 245/45R18 225/55R17 235/40R18 255/35R18,225/55R16 245/40R18 255/35R19,245/40R19 245/45R18 225/55R17 235/40R18 255/35R18,E300 | E400,,,
a4b3b415-0ddd-413c-bd32-2793651accdc,2019,mercedes,e-class-cabriolet,Base,catalog-gap-fill,mismatch,true,225/55R16 245/40R18 255/35R19,225/55R16 245/40R18 255/35R19,245/45R18 245/40R19 275/40R18 275/35R19 245/35R20 275/30R20 265/35R20 295/30R20 225/55R17,225/55R16 245/40R18 255/35R19,245/45R18 245/40R19 275/40R18 275/35R19 245/35R20 275/30R20 265/35R20 295/30R20 225/55R17,E450 | E53 AMG | E63 AMG S | E300,,,
81fbcd17-982d-434d-aee2-e4b4d7fe6d04,2020,mercedes,e-class-cabriolet,Base,catalog-gap-fill,mismatch,true,225/55R16 245/40R18 255/35R19,225/55R16 245/40R18 255/35R19,245/45R18 245/40R19 225/55R17 275/40R18 275/35R19 245/35R20 275/30R20 265/35R20 295/30R20,225/55R16 245/40R18 255/35R19,245/45R18 245/40R19 225/55R17 275/40R18 275/35R19 245/35R20 275/30R20 265/35R20 295/30R20,E350 | E450 | E53 AMG | E63 AMG S,,,
3ae28916-1af1-4fe3-af3b-04a6abe191ff,2021,mercedes,e-class-cabriolet,Base,catalog-gap-fill,mismatch,true,225/55R16 245/40R18 255/35R19,225/55R16 245/40R18 255/35R19,245/45R18 275/40R18 245/40R19 275/35R19 245/40R20 245/35R20 275/30R20 245/45R19 275/35R20 265/35R20 295/30R20,225/55R16 245/40R18 255/35R19,245/45R18 275/40R18 245/40R19 275/35R19 245/40R20 245/35R20 275/30R20 245/45R19 275/35R20 265/35R20 295/30R20,E350 | E450 | E53 AMG | E63 AMG S,,,
ab868120-4777-404c-a019-fb554130c7ed,2022,mercedes,e-class-cabriolet,Base,catalog-gap-fill,mismatch,true,225/55R16 245/40R18 255/35R19,225/55R16 245/40R18 255/35R19,245/45R18 245/40R19 245/45R19 245/40R20 275/35R20 275/40R18 275/35R19 245/35R20 275/30R20,225/55R16 245/40R18 255/35R19,245/45R18 245/40R19 245/45R19 245/40R20 275/35R20 275/40R18 275/35R19 245/35R20 275/30R20,E350 | E450 | E53 AMG,,,
48600f09-af5e-493a-a411-9f9de88946fe,2023,mercedes,e-class-cabriolet,Base,catalog-gap-fill,mismatch,true,225/55R16 245/40R18 255/35R19,225/55R16 245/40R18 255/35R19,245/45R18 245/40R19 275/40R18 275/35R19 245/35R20 275/30R20 245/45R19 245/40R20 275/35R20 265/35R20 295/30R20,225/55R16 245/40R18 255/35R19,245/45R18 245/40R19 275/40R18 275/35R19 245/35R20 275/30R20 245/45R19 245/40R20 275/35R20 265/35R20 295/30R20,E350 | E450 | E63 AMG S | E53 AMG,,,
0a4bbc96-f2f1-4389-9f81-09905287c8cc,2017,mercedes,e-class-coupe,Base,catalog-gap-fill,mismatch,true,225/55R16 245/40R18 265/30R19,225/55R16 245/40R18 265/30R19,245/40R19 245/45R18 225/55R17 235/40R18 255/35R18,225/55R16 245/40R18 265/30R19,245/40R19 245/45R18 225/55R17 235/40R18 255/35R18,E300 | E400,,,
bcbe2e2d-8c58-436f-a347-789264b87ebc,2019,mercedes,e-class-coupe,Base,catalog-gap-fill,mismatch,true,225/55R16 245/40R18 265/30R19,225/55R16 245/40R18 265/30R19,245/45R18 245/40R19 275/40R18 275/35R19 245/35R20 275/30R20 265/35R20 295/30R20 225/55R17,225/55R16 245/40R18 265/30R19,245/45R18 245/40R19 275/40R18 275/35R19 245/35R20 275/30R20 265/35R20 295/30R20 225/55R17,E450 | E53 AMG | E63 AMG S | E300,,,
73c502f8-2136-48aa-9e16-478192517c90,2020,mercedes,e-class-coupe,Base,catalog-gap-fill,mismatch,true,225/55R16 245/40R18 265/30R19,225/55R16 245/40R18 265/30R19,245/45R18 245/40R19 225/55R17 275/40R18 275/35R19 245/35R20 275/30R20 265/35R20 295/30R20,225/55R16 245/40R18 265/30R19,245/45R18 245/40R19 225/55R17 275/40R18 275/35R19 245/35R20 275/30R20 265/35R20 295/30R20,E350 | E450 | E53 AMG | E63 AMG S,,,
72fc95e6-888a-4924-9c03-2c3c4ec21199,2021,mercedes,e-class-coupe,Base,catalog-gap-fill,mismatch,true,225/55R16 245/40R18 265/30R19,225/55R16 245/40R18 265/30R19,245/45R18 275/40R18 245/40R19 275/35R19 245/40R20 245/35R20 275/30R20 245/45R19 275/35R20 265/35R20 295/30R20,225/55R16 245/40R18 265/30R19,245/45R18 275/40R18 245/40R19 275/35R19 245/40R20 245/35R20 275/30R20 245/45R19 275/35R20 265/35R20 295/30R20,E350 | E450 | E63 AMG S | E53 AMG,,,
76bc1cfd-d966-47a5-99dd-2bf92510f858,2022,mercedes,e-class-coupe,Base,catalog-gap-fill,mismatch,true,225/55R16 245/40R18 265/30R19,225/55R16 245/40R18 265/30R19,245/45R18 245/40R19 245/45R19 245/40R20 275/35R20 275/40R18 275/35R19 245/35R20 275/30R20,225/55R16 245/40R18 265/30R19,245/45R18 245/40R19 245/45R19 245/40R20 275/35R20 275/40R18 275/35R19 245/35R20 275/30R20,E350 | E450 | E53 AMG,,,
febebc49-6d80-4dda-87a3-475b19cf1830,2023,mercedes,e-class-coupe,Base,catalog-gap-fill,mismatch,true,225/55R16 245/40R18 265/30R19,225/55R16 245/40R18 265/30R19,245/45R18 245/40R19 275/40R18 275/35R19 245/35R20 275/30R20 245/45R19 245/40R20 275/35R20 265/35R20 295/30R20,225/55R16 245/40R18 265/30R19,245/45R18 245/40R19 275/40R18 275/35R19 245/35R20 275/30R20 245/45R19 245/40R20 275/35R20 265/35R20 295/30R20,E350 | E450 | E63 AMG S | E53 AMG,,,
5a087ae7-7497-4fa8-a266-45b679b57baa,2025,mercedes,eqe,Base,catalog-gap-fill,mismatch,true,255/45R19 275/40R20 285/35R21,255/45R19 275/40R20 285/35R21,255/40R20,255/45R19 275/40R20 285/35R21,255/40R20,EQE 350+,,,
46af600e-196d-44ba-a002-e88446c40da3,2003,mercedes,g-class-amg,Base,catalog-gap-fill,mismatch,false,275/50R20,275/50R20,285/55R18,275/50R20,285/55R18,G55 AMG,,,
0c9fc311-e10f-4956-803d-283bb5ca52f5,2004,mercedes,g-class-amg,Base,catalog-gap-fill,mismatch,false,275/50R20,275/50R20,285/55R18,275/50R20,285/55R18,G55 AMG,,,
ef1ecbe1-d6a3-4777-b016-c0d92e225c00,2005,mercedes,g-class-amg,Base,catalog-gap-fill,mismatch,false,275/50R20,275/50R20,285/55R18,275/50R20,285/55R18,G55 AMG,,,
43daf586-5955-48b4-9cf6-d1f6b7889532,2006,mercedes,g-class-amg,Base,catalog-gap-fill,mismatch,false,275/50R20,275/50R20,285/55R18,275/50R20,285/55R18,G55 AMG,,,
51170d83-6681-4d18-aaac-5d132ab06571,2007,mercedes,g-class-amg,Base,catalog-gap-fill,mismatch,false,275/50R20,275/50R20,285/55R18,275/50R20,285/55R18,G55 AMG,,,
c3b67c16-9b70-4008-b5e1-a48e3c191e84,2008,mercedes,g-class-amg,Base,catalog-gap-fill,mismatch,false,275/50R20,275/50R20,285/55R18,275/50R20,285/55R18,G55 AMG,,,
550b0950-0c5d-4ab1-bdc4-9abf43094d03,2009,mercedes,g-class-amg,Base,catalog-gap-fill,mismatch,false,275/50R20,275/50R20,275/55R19,275/50R20,275/55R19,G55 AMG,,,
f23ae9ac-652f-447c-ade6-43c728c6f958,2010,mercedes,g-class-amg,Base,catalog-gap-fill,mismatch,false,275/50R20 295/40R21 295/40R22,275/50R20 295/40R21 295/40R22,275/55R19,275/50R20 295/40R21 295/40R22,275/55R19,G55 AMG,,,
6e368f70-e570-46f5-9186-08ab293f19ea,2011,mercedes,g-class-amg,Base,catalog-gap-fill,mismatch,false,275/50R20 295/40R21 295/40R22,275/50R20 295/40R21 295/40R22,275/55R19,275/50R20 295/40R21 295/40R22,275/55R19,G55 AMG,,,
5cd60831-3fd7-449c-9b79-d775eebaccef,2021,mercedes,gla-class,Base,catalog-gap-fill,mismatch,true,215/60R17 235/50R18 235/45R19,215/60R17 235/50R18 235/45R19,235/55R18 235/50R19 235/45R20 255/40R20 255/35R21,215/60R17 235/50R18 235/45R19,235/55R18 235/50R19 235/45R20 255/40R20 255/35R21,GLA250 | GLA35 AMG | GLA45 AMG,,,
f56e619b-20ab-48e3-80dd-3a76fb96e659,2022,mercedes,gla-class,Base,catalog-gap-fill,mismatch,true,215/60R17 235/50R18 235/45R19,215/60R17 235/50R18 235/45R19,235/55R18 235/50R19 235/45R20 255/40R20 255/35R21,215/60R17 235/50R18 235/45R19,235/55R18 235/50R19 235/45R20 255/40R20 255/35R21,GLA250 | GLA35 AMG | GLA45 AMG,,,
aecdec5a-b78b-4ce1-8517-08184542086b,2023,mercedes,gla-class,Base,catalog-gap-fill,mismatch,true,215/60R17 235/50R18 235/45R19,215/60R17 235/50R18 235/45R19,235/55R18 235/50R19 235/45R20 255/40R20 255/35R21,215/60R17 235/50R18 235/45R19,235/55R18 235/50R19 235/45R20 255/40R20 255/35R21,GLA250 | GLA35 AMG | GLA45 AMG,,,
4311e37e-71d7-415b-b1f2-0f9979293d57,2024,mercedes,gla-class,Base,catalog-gap-fill,mismatch,true,215/60R17 235/50R18 235/45R19,215/60R17 235/50R18 235/45R19,235/55R18 235/50R19 235/45R20 255/40R20 255/35R21,215/60R17 235/50R18 235/45R19,235/55R18 235/50R19 235/45R20 255/40R20 255/35R21,GLA250 | GLA35 AMG,,,
8f70f128-35a3-4b73-a6bf-a2793cc98606,2025,mercedes,gla-class,Base,catalog-gap-fill,mismatch,true,215/60R17 235/50R18 235/45R19,215/60R17 235/50R18 235/45R19,235/55R18 235/50R19 235/45R20 255/40R20 255/35R21,215/60R17 235/50R18 235/45R19,235/55R18 235/50R19 235/45R20 255/40R20 255/35R21,GLA250 | GLA35 AMG,,,
bd82e017-b669-4789-aa97-b8ffde63b137,2026,mercedes,gla-class,Base,catalog-gap-fill,mismatch,true,215/60R17 235/50R18 235/45R19,215/60R17 235/50R18 235/45R19,235/55R18 235/50R19 235/45R20 255/40R20 255/35R21,215/60R17 235/50R18 235/45R19,235/55R18 235/50R19 235/45R20 255/40R20 255/35R21,GLA250 | GLA35 AMG,,,
d72bc007-f7d8-4b6f-8406-ac6f791a7df0,2015,mercedes,gla-class-amg,Base,catalog-gap-fill,mismatch,true,235/50R18 255/40R20,235/50R18 255/40R20,235/45R19 235/40R20,235/50R18 255/40R20,235/45R19 235/40R20,GLA45 AMG,,,
e888d82c-6671-43a8-83be-3b5a672a3bca,2016,mercedes,gla-class-amg,Base,catalog-gap-fill,mismatch,true,235/50R18 255/40R20,235/50R18 255/40R20,235/45R19 235/40R20,235/50R18 255/40R20,235/45R19 235/40R20,GLA45 AMG,,,
35fa2476-0bc5-4598-aa14-f15d219253ac,2017,mercedes,gla-class-amg,Base,catalog-gap-fill,mismatch,true,235/50R18 255/40R20,235/50R18 255/40R20,235/45R19 235/40R20,235/50R18 255/40R20,235/45R19 235/40R20,GLA45 AMG,,,
09619472-ce6f-4606-a5f7-ef1fffb0cf94,2019,mercedes,gla-class-amg,Base,catalog-gap-fill,mismatch,true,235/50R18 255/40R20,235/50R18 255/40R20,235/45R19 235/40R20,235/50R18 255/40R20,235/45R19 235/40R20,GLA45 AMG,,,
47811ab5-48a0-409e-864e-f71f042a37f9,2016,mercedes,gle,GLE 350d 4MATIC,generation-baseline,mismatch,true,255/55R18 255/50R19 275/50R19 275/45R20 295/40R20 275/45R21 295/40R21,255/55R18 255/50R19 275/50R19 275/45R20 295/40R20 275/45R21 295/40R21,265/45R20,255/55R18 255/50R19 275/50R19 275/45R20 295/40R20 275/45R21 295/40R21,265/45R20,GLE400,,,
fc2f7783-4d92-4081-b9b8-003e40e08567,2016,mercedes,gle-class-coupe,Base,catalog-gap-fill,mismatch,true,275/50R19 285/45R21 295/35R22,275/50R19 285/45R21 295/35R22,255/50R19 265/45R20 295/35R21 285/40R22 325/35R22,275/50R19 285/45R21 295/35R22,255/50R19 265/45R20 295/35R21 285/40R22 325/35R22,GLE350 | GLE63 AMG S | GLE400 | GLE63 AMG | GLE550e,,,
1a6635a2-9f1e-4fc3-b8d9-02e51a012289,2017,mercedes,gle-class-coupe,Base,catalog-gap-fill,mismatch,true,275/50R19 285/45R21 295/35R22,275/50R19 285/45R21 295/35R22,255/50R19 265/45R20 295/35R21 285/40R22 325/35R22 275/45R21 315/40R21 265/40R21,275/50R19 285/45R21 295/35R22,255/50R19 265/45R20 295/35R21 285/40R22 325/35R22 275/45R21 315/40R21 265/40R21,GLE350 | GLE63 AMG S | GLE400 | GLE43 AMG | GLE63 AMG | GLE550e,,,
05c3b813-2d39-4ac0-8a4d-e98fb3eaf407,2020,mercedes,gle-class-coupe,Base,catalog-gap-fill,mismatch,true,275/50R19 285/45R21 295/35R22,275/50R19 285/45R21 295/35R22,255/50R19 275/50R20 275/45R21 315/40R21 285/40R22 325/35R22,275/50R19 285/45R21 295/35R22,255/50R19 275/50R20 275/45R21 315/40R21 285/40R22 325/35R22,GLE350 | GLE580 | GLE450,,,
4104d660-36c5-47fc-a69e-64325d29613d,2021,mercedes,gle-class-coupe,Base,catalog-gap-fill,mismatch,true,275/50R19 285/45R21 295/35R22,275/50R19 285/45R21 295/35R22,255/50R19 275/50R20 275/45R21 315/40R21 285/40R22 325/35R22,275/50R19 285/45R21 295/35R22,255/50R19 275/50R20 275/45R21 315/40R21 285/40R22 325/35R22,GLE350 | GLE580 | GLE53 AMG | GLE63 AMG S | GLE450,,,
58141fe0-d975-4cc8-9849-7a9c9c3bbebc,2022,mercedes,gle-class-coupe,Base,catalog-gap-fill,mismatch,true,275/50R19 285/45R21 295/35R22,275/50R19 285/45R21 295/35R22,255/50R19 275/50R20 275/45R21 315/40R21 285/40R22 325/35R22,275/50R19 285/45R21 295/35R22,255/50R19 275/50R20 275/45R21 315/40R21 285/40R22 325/35R22,GLE350 | GLE580 | GLE53 AMG | GLE63 AMG S,,,
143a89af-47c8-49b8-b4db-ccce968b9486,2023,mercedes,gle-class-coupe,Base,catalog-gap-fill,mismatch,true,275/50R19 285/45R21 295/35R22,275/50R19 285/45R21 295/35R22,255/50R19 275/50R20 275/45R21 315/40R21 285/40R22 325/35R22,275/50R19 285/45R21 295/35R22,255/50R19 275/50R20 275/45R21 315/40R21 285/40R22 325/35R22,GLE350 | GLE580 | GLE53 AMG | GLE63 AMG S,,,
f62bc81c-e93d-4796-b66b-6dd664a07624,2024,mercedes,gle-class-coupe,Base,catalog-gap-fill,mismatch,true,275/50R19 285/45R21 295/35R22,275/50R19 285/45R21 295/35R22,255/50R19 275/50R20 275/45R21 315/40R21 285/40R22 325/35R22,275/50R19 285/45R21 295/35R22,255/50R19 275/50R20 275/45R21 315/40R21 285/40R22 325/35R22,GLE350 | GLE580 | GLE53 AMG | GLE63 AMG S,,,
fcf77326-7583-4175-863d-868d432f821b,2025,mercedes,gle-class-coupe,Base,catalog-gap-fill,mismatch,true,275/50R19 285/45R21 295/35R22,275/50R19 285/45R21 295/35R22,275/55R19 275/50R20 275/45R21 315/40R21 285/40R22 325/35R22,275/50R19 285/45R21 295/35R22,275/55R19 275/50R20 275/45R21 315/40R21 285/40R22 325/35R22,GLE350 | GLE450 | GLE580 | GLE53 AMG | GLE63 AMG S,,,
747f3260-b9cb-4349-8412-e91ab1b2b990,2026,mercedes,gle-class-coupe,Base,catalog-gap-fill,mismatch,true,275/50R19 285/45R21 295/35R22,275/50R19 285/45R21 295/35R22,275/55R19 275/50R20 275/45R21 315/40R21 285/40R22 325/35R22,275/50R19 285/45R21 295/35R22,275/55R19 275/50R20 275/45R21 315/40R21 285/40R22 325/35R22,GLE350 | GLE450 | GLE580 | GLE53 AMG | GLE63 AMG S,,,
a622550b-7a8b-499b-8135-0cf483564493,2000,mercedes,m-class,Base,catalog-gap-fill,mismatch,true,255/55R18,255/55R18,255/65R16 285/50R18 275/55R17,255/55R18,255/65R16 285/50R18 275/55R17,ML320 | ML55 AMG | ML430,,,
1b6e5d38-4042-4757-b886-d660e29086f1,2001,mercedes,m-class,Base,catalog-gap-fill,mismatch,true,255/55R18,255/55R18,255/65R16 275/55R17 285/50R18,255/55R18,255/65R16 275/55R17 285/50R18,ML320 | ML55 AMG | ML430,,,
258399e1-7f0d-4109-af29-f5798081f0e7,2002,mercedes,m-class,Base,catalog-gap-fill,mismatch,true,255/55R18,255/55R18,275/55R17 255/60R17 285/50R18,255/55R18,275/55R17 255/60R17 285/50R18,ML500 | ML320 | ML55 AMG,,,
da3a29e3-3f5e-4120-80bd-926aa1c7bca9,2003,mercedes,m-class,Base,catalog-gap-fill,mismatch,true,255/55R18,255/55R18,255/60R17 275/55R17 285/50R18,255/55R18,255/60R17 275/55R17 285/50R18,ML350 | ML320 | ML500 | ML55 AMG,,,
bdf53ccc-d8e1-418d-b411-73a41f5c38d9,2004,mercedes,m-class,Base,catalog-gap-fill,mismatch,false,255/55R18,255/55R18,255/60R17 275/55R17,255/55R18,255/60R17 275/55R17,ML350 | ML500,,,
430c74d4-89b3-4510-8628-10ef33f25590,2005,mercedes,m-class,Base,catalog-gap-fill,mismatch,false,255/55R18 265/45R20 295/35R21,255/55R18 265/45R20 295/35R21,255/60R17 275/55R17,255/55R18 265/45R20 295/35R21,255/60R17 275/55R17,ML350 | ML500,,,
a1f59c93-b49e-4d05-a170-1668ae402ea9,2008,mercedes,m-class,Base,catalog-gap-fill,mismatch,true,255/55R18 265/45R20 295/35R21,255/55R18 265/45R20 295/35R21,255/50R19 295/40R20,255/55R18 265/45R20 295/35R21,255/50R19 295/40R20,ML350 | ML63 AMG | ML550 | ML320,,,
ac021594-333b-4150-80fb-ff2c426fa02e,2000,mercedes,m-class-amg,Base,catalog-gap-fill,mismatch,false,265/45R20,265/45R20,285/50R18,265/45R20,285/50R18,ML55 AMG,,,
01c35ea0-b58d-47af-bcda-fa42e63c80b5,2001,mercedes,m-class-amg,Base,catalog-gap-fill,mismatch,false,265/45R20,265/45R20,285/50R18,265/45R20,285/50R18,ML55 AMG,,,
90431284-4a8c-460c-a222-cab364e5379a,2002,mercedes,m-class-amg,Base,catalog-gap-fill,mismatch,false,265/45R20,265/45R20,285/50R18,265/45R20,285/50R18,ML55 AMG,,,
4f5bcec4-cd39-4eff-a762-b6501ec4f827,2003,mercedes,m-class-amg,Base,catalog-gap-fill,mismatch,false,265/45R20,265/45R20,285/50R18,265/45R20,285/50R18,ML55 AMG,,,
299bae5b-bba0-43fc-b8a3-67aac0b871cd,2007,mercedes,m-class-amg,Base,catalog-gap-fill,mismatch,true,265/45R20,265/45R20,295/40R20,265/45R20,295/40R20,ML63 AMG,,,
08373be8-a7e4-4e98-9b15-0523727cd7e2,2008,mercedes,m-class-amg,Base,catalog-gap-fill,mismatch,true,265/45R20,265/45R20,295/40R20,265/45R20,295/40R20,ML63 AMG,,,
a641410d-525f-4ccb-bc9d-a0d8cc355404,2009,mercedes,m-class-amg,Base,catalog-gap-fill,mismatch,true,265/45R20,265/45R20,295/40R20 295/35R21,265/45R20,295/40R20 295/35R21,ML63 AMG,,,
69c350f5-7c34-4b95-9f1e-f5041a1f5600,1994,mercedes,s-class,S420,generation_inherit,mismatch,true,225/55R16,225/55R16,235/60R16 225/60R16,225/55R16,235/60R16 225/60R16,S600 | S500 | S320 | S420 | S350,S420,mismatch,
f6d8fdb5-0d80-43d3-98e8-edfb76b2c439,1994,mercedes,s-class,S320,generation_inherit,mismatch,true,225/55R16,225/55R16,235/60R16 225/60R16,225/55R16,235/60R16 225/60R16,S600 | S500 | S320 | S420 | S350,S320,mismatch,
6e1fa51b-f7fc-4c00-9d0e-9ceb7ad4ec15,1995,mercedes,s-class,S420,generation_inherit,mismatch,true,225/55R16,225/55R16,235/60R16 225/60R16,225/55R16,235/60R16 225/60R16,S600 | S500 | S320 | S420 | S350,S420,mismatch,
e6ce7610-4b54-4556-aa79-84cb84193b3c,1995,mercedes,s-class,S320,generation_inherit,mismatch,true,225/55R16,225/55R16,235/60R16 225/60R16,225/55R16,235/60R16 225/60R16,S600 | S500 | S320 | S420 | S350,S320,mismatch,
a409b987-f44f-4462-a1e9-20691693ede8,1996,mercedes,s-class,S420,generation_inherit,mismatch,true,225/55R16,225/55R16,235/60R16 225/60R16,225/55R16,235/60R16 225/60R16,S600 | S500 | S320 | S420,S420,mismatch,
e985685b-98b8-4ac4-be8c-1eb7af5cdeb7,1996,mercedes,s-class,S320,generation_inherit,mismatch,true,225/55R16,225/55R16,235/60R16 225/60R16,225/55R16,235/60R16 225/60R16,S600 | S500 | S320 | S420,S320,mismatch,
17f05e30-3d2f-4d47-9b9b-8fcef8063e26,1997,mercedes,s-class,S320,generation_inherit,mismatch,true,225/55R16,225/55R16,235/60R16 225/60R16,225/55R16,235/60R16 225/60R16,S600 | S500 | S320 | S420,S320,mismatch,
49401437-ebfd-4bde-9db0-cc9ab45f46be,1997,mercedes,s-class,S420,generation_inherit,mismatch,true,225/55R16,225/55R16,235/60R16 225/60R16,225/55R16,235/60R16 225/60R16,S600 | S500 | S320 | S420,S420,mismatch,
9e912447-bc83-4949-a853-6d7f05c2df81,1998,mercedes,s-class,S420,generation_inherit,mismatch,true,225/55R16,225/55R16,235/60R16 225/60R16,225/55R16,235/60R16 225/60R16,S600 | S500 | S320 | S420,S420,mismatch,
b5807681-6509-40de-b56e-b7bc2c2bc41b,1998,mercedes,s-class,S320,generation_inherit,mismatch,true,225/55R16,225/55R16,235/60R16 225/60R16,225/55R16,235/60R16 225/60R16,S600 | S500 | S320 | S420,S320,mismatch,
a8e28580-b7a0-4da9-9337-23891e7f4ca8,1999,mercedes,s-class,S320,generation_inherit,mismatch,true,225/55R16,225/55R16,235/60R16 225/60R16,225/55R16,235/60R16 225/60R16,S600 | S500 | S320 | S420,S320,mismatch,
aad21950-0fec-4030-9ed7-9926dab5775c,1999,mercedes,s-class,S420,generation_inherit,mismatch,true,225/55R16,225/55R16,235/60R16 225/60R16,225/55R16,235/60R16 225/60R16,S600 | S500 | S320 | S420,S420,mismatch,
bce64d8d-11a6-40e6-bc46-9556ce08bf2e,1999,mercedes,s-class,Base,cache-import,mismatch,false,225/55R17 245/50R17 245/45R18 275/40R18,225/55R17 245/50R17 245/45R18 275/40R18,235/60R16 225/60R16,225/55R17 245/50R17 245/45R18 275/40R18,235/60R16 225/60R16,S600 | S500 | S320 | S420,,,
54dd8fed-9843-4e9d-9114-7cf8cb1a98ec,2006,mercedes,s-class,S500,fix_cross_gen,mismatch,true,255/45R18,255/45R18,245/45R18 265/40R18 225/55R17 245/40R19 275/35R19,255/45R18,245/45R18 265/40R18 225/55R17 245/40R19 275/35R19,S600 | S500 | S65 AMG | S430 | S55 AMG | S350,S500,mismatch,
c9d1a494-54ac-4b26-81bf-e992cdeef625,2006,mercedes,s-class,S55 AMG,fix_cross_gen,mismatch,true,255/45R18,255/45R18,245/45R18 265/40R18 225/55R17 245/40R19 275/35R19,255/45R18,245/45R18 265/40R18 225/55R17 245/40R19 275/35R19,S600 | S500 | S65 AMG | S430 | S55 AMG | S350,S55 AMG,mismatch,
d2930b0e-0f69-47a3-a182-9d4156f06ddc,2006,mercedes,s-class,S600,fix_cross_gen,mismatch,true,255/45R18,255/45R18,245/45R18 265/40R18 225/55R17 245/40R19 275/35R19,255/45R18,245/45R18 265/40R18 225/55R17 245/40R19 275/35R19,S600 | S500 | S65 AMG | S430 | S55 AMG | S350,S600,mismatch,
eec153a9-26fb-407a-9588-10f5ceae3eaf,2006,mercedes,s-class,S430,fix_cross_gen,mismatch,true,245/50R17,245/50R17,245/45R18 265/40R18 225/55R17 245/40R19 275/35R19,245/50R17,245/45R18 265/40R18 225/55R17 245/40R19 275/35R19,S600 | S500 | S65 AMG | S430 | S55 AMG | S350,S430,mismatch,
250a12a3-4328-498a-b1b2-610b63627c56,2015,mercedes,s-class,S560,cleanup_cache-import,mismatch,true,255/40R19 285/35R19 255/35R20 285/30R20,255/40R19 285/35R19 255/35R20 285/30R20,245/45R19 275/40R19 245/40R20 275/35R20 255/40R20 285/35R20 245/50R18,255/40R19 285/35R19 255/35R20 285/30R20,245/45R19 275/40R19 245/40R20 275/35R20 255/40R20 285/35R20 245/50R18,S600 | S63 AMG | S65 AMG | S550,,,
a799808c-9c3a-496b-bb34-3dabc442b3f2,2015,mercedes,s-class,S63 AMG,cleanup_cache-import,mismatch,true,255/35R20 285/30R20,255/35R20 285/30R20,245/45R19 275/40R19 245/40R20 275/35R20 255/40R20 285/35R20 245/50R18,255/35R20 285/30R20,245/45R19 275/40R19 245/40R20 275/35R20 255/40R20 285/35R20 245/50R18,S600 | S63 AMG | S65 AMG | S550,S63 AMG,mismatch,
b3a4deed-31ad-422a-a50e-0fc8dd1dd3bc,2015,mercedes,s-class,S65 AMG,cleanup_cache-import,mismatch,true,255/35R20 285/30R20,255/35R20 285/30R20,245/45R19 275/40R19 245/40R20 275/35R20 255/40R20 285/35R20 245/50R18,255/35R20 285/30R20,245/45R19 275/40R19 245/40R20 275/35R20 255/40R20 285/35R20 245/50R18,S600 | S63 AMG | S65 AMG | S550,S65 AMG,mismatch,
2af3438c-4a19-4d42-9599-f5b8c4fe1f73,2016,mercedes,s-class,S65 AMG,cleanup_cache-import,mismatch,true,255/35R20 285/30R20,255/35R20 285/30R20,245/45R19 275/40R19 245/40R20 275/35R20 255/40R20 285/35R20 245/50R18,255/35R20 285/30R20,245/45R19 275/40R19 245/40R20 275/35R20 255/40R20 285/35R20 245/50R18,S600 | S63 AMG | S65 AMG | S550 | Maybach S600,S65 AMG,mismatch,
9524051a-80bb-4a86-89b0-3f50dbf67df7,2016,mercedes,s-class,S63 AMG,cleanup_cache-import,mismatch,true,255/35R20 285/30R20,255/35R20 285/30R20,245/45R19 275/40R19 245/40R20 275/35R20 255/40R20 285/35R20 245/50R18,255/35R20 285/30R20,245/45R19 275/40R19 245/40R20 275/35R20 255/40R20 285/35R20 245/50R18,S600 | S63 AMG | S65 AMG | S550 | Maybach S600,S63 AMG,mismatch,
eae64c26-6fc0-42e5-b505-1a267e07dfd4,2016,mercedes,s-class,S560,cleanup_cache-import,mismatch,true,255/40R19 285/35R19 255/35R20 285/30R20,255/40R19 285/35R19 255/35R20 285/30R20,245/45R19 275/40R19 245/40R20 275/35R20 255/40R20 285/35R20 245/50R18,255/40R19 285/35R19 255/35R20 285/30R20,245/45R19 275/40R19 245/40R20 275/35R20 255/40R20 285/35R20 245/50R18,S600 | S63 AMG | S65 AMG | S550 | Maybach S600,,,
317fe40b-1873-4e31-abee-d307fa040027,2017,mercedes,s-class,S63 AMG,cleanup_cache-import,mismatch,true,255/35R20 285/30R20,255/35R20 285/30R20,245/45R19 275/40R19 245/40R20 275/35R20 255/40R20 285/35R20 245/50R18,255/35R20 285/30R20,245/45R19 275/40R19 245/40R20 275/35R20 255/40R20 285/35R20 245/50R18,S600 | S63 AMG | S65 AMG | S550 | Maybach S600,S63 AMG,mismatch,
68cff4b6-1a1b-4492-ae47-5a0cd17daf4e,2017,mercedes,s-class,S65 AMG,cleanup_cache-import,mismatch,true,255/35R20 285/30R20,255/35R20 285/30R20,245/45R19 275/40R19 245/40R20 275/35R20 255/40R20 285/35R20 245/50R18,255/35R20 285/30R20,245/45R19 275/40R19 245/40R20 275/35R20 255/40R20 285/35R20 245/50R18,S600 | S63 AMG | S65 AMG | S550 | Maybach S600,S65 AMG,mismatch,
df779035-97a7-4d39-8e45-2599d8c498e6,2017,mercedes,s-class,S560,cleanup_cache-import,mismatch,true,255/40R19 285/35R19 255/35R20 285/30R20,255/40R19 285/35R19 255/35R20 285/30R20,245/45R19 275/40R19 245/40R20 275/35R20 255/40R20 285/35R20 245/50R18,255/40R19 285/35R19 255/35R20 285/30R20,245/45R19 275/40R19 245/40R20 275/35R20 255/40R20 285/35R20 245/50R18,S600 | S63 AMG | S65 AMG | S550 | Maybach S600,,,
47eaba87-4d31-4fc6-ab9a-93a6e79b5dd6,2019,mercedes,s-class,S63 AMG,cleanup_cache-import,mismatch,true,255/35R20 285/30R20,255/35R20 285/30R20,255/40R20 285/35R20 245/50R18 245/45R19 275/40R19 245/40R20 275/35R20,255/35R20 285/30R20,255/40R20 285/35R20 245/50R18 245/45R19 275/40R19 245/40R20 275/35R20,S63 AMG | S65 AMG | S450 | S560 | Maybach S560 | Maybach S650,S63 AMG,mismatch,
8db78fc3-e13e-4e72-9922-faad07944902,2019,mercedes,s-class,S560,cleanup_cache-import,mismatch,true,255/40R19 285/35R19 255/35R20 285/30R20,255/40R19 285/35R19 255/35R20 285/30R20,255/40R20 285/35R20 245/50R18 245/45R19 275/40R19 245/40R20 275/35R20,255/40R19 285/35R19 255/35R20 285/30R20,255/40R20 285/35R20 245/50R18 245/45R19 275/40R19 245/40R20 275/35R20,S63 AMG | S65 AMG | S450 | S560 | Maybach S560 | Maybach S650,S560,mismatch,
b459dbb0-43ea-4e63-9e11-8a5c6606bde4,2019,mercedes,s-class,S65 AMG,cleanup_cache-import,mismatch,true,255/35R20 285/30R20,255/35R20 285/30R20,255/40R20 285/35R20 245/50R18 245/45R19 275/40R19 245/40R20 275/35R20,255/35R20 285/30R20,255/40R20 285/35R20 245/50R18 245/45R19 275/40R19 245/40R20 275/35R20,S63 AMG | S65 AMG | S450 | S560 | Maybach S560 | Maybach S650,S65 AMG,mismatch,
5b68f7e4-83ce-47f9-8114-50245e0ca763,2020,mercedes,s-class,S560,cleanup_cache-import,mismatch,true,255/40R19 285/35R19 255/35R20 285/30R20,255/40R19 285/35R19 255/35R20 285/30R20,255/40R20 285/35R20 245/50R18 245/45R19 275/40R19 245/40R20 275/35R20,255/40R19 285/35R19 255/35R20 285/30R20,255/40R20 285/35R20 245/50R18 245/45R19 275/40R19 245/40R20 275/35R20,S63 AMG | S65 AMG | S450 | S560 | Maybach S560 | Maybach S650,S560,mismatch,
80359a2f-b6db-4ebf-bd08-fba9b40f4f3f,2020,mercedes,s-class,S65 AMG,cleanup_cache-import,mismatch,true,255/35R20 285/30R20,255/35R20 285/30R20,255/40R20 285/35R20 245/50R18 245/45R19 275/40R19 245/40R20 275/35R20,255/35R20 285/30R20,255/40R20 285/35R20 245/50R18 245/45R19 275/40R19 245/40R20 275/35R20,S63 AMG | S65 AMG | S450 | S560 | Maybach S560 | Maybach S650,S65 AMG,mismatch,
9f92c83b-cbde-4a44-8153-240668f3d78f,2020,mercedes,s-class,S63 AMG,cleanup_cache-import,mismatch,true,255/35R20 285/30R20,255/35R20 285/30R20,255/40R20 285/35R20 245/50R18 245/45R19 275/40R19 245/40R20 275/35R20,255/35R20 285/30R20,255/40R20 285/35R20 245/50R18 245/45R19 275/40R19 245/40R20 275/35R20,S63 AMG | S65 AMG | S450 | S560 | Maybach S560 | Maybach S650,S63 AMG,mismatch,
1722a912-9c26-49c3-bb77-c03373cb7b28,2001,mercedes,s-class-amg,Base,catalog-gap-fill,mismatch,true,255/45R18,255/45R18,245/45R18 275/40R18,255/45R18,245/45R18 275/40R18,S55 AMG,,,
83d36303-3ac8-4ba5-8694-be8036e01022,2002,mercedes,s-class-amg,Base,catalog-gap-fill,mismatch,true,255/45R18,255/45R18,245/45R18 275/40R18,255/45R18,245/45R18 275/40R18,S55 AMG,,,
23f4d1ca-9709-4db3-9708-0a413defdd0b,2003,mercedes,s-class-amg,Base,catalog-gap-fill,mismatch,true,255/45R18,255/45R18,245/45R18 265/40R18,255/45R18,245/45R18 265/40R18,S55 AMG,,,
a6da6ab6-57de-4328-b0e3-1d32903e8352,2004,mercedes,s-class-amg,Base,catalog-gap-fill,mismatch,true,255/45R18,255/45R18,245/45R18 265/40R18,255/45R18,245/45R18 265/40R18,S55 AMG,,,
e96658fd-f8e0-44e8-a41d-a6780d51c108,2005,mercedes,s-class-amg,Base,catalog-gap-fill,mismatch,true,255/45R18 275/35R20 255/35R21 275/30R21,255/45R18 275/35R20 255/35R21 275/30R21,245/45R18 265/40R18,255/45R18 275/35R20 255/35R21 275/30R21,245/45R18 265/40R18,S55 AMG,,,
ef154ef3-c797-4dd2-99da-c986e92315b1,2006,mercedes,s-class-amg,Base,catalog-gap-fill,mismatch,false,255/45R18 275/35R20 255/35R21 275/30R21,255/45R18 275/35R20 255/35R21 275/30R21,245/40R19 275/35R19,255/45R18 275/35R20 255/35R21 275/30R21,245/40R19 275/35R19,S65 AMG | S55 AMG,,,
7a93a9e1-0071-471e-bed9-c625db25fe08,2014,mercedes,s-class-amg,Base,catalog-gap-fill,mismatch,true,255/45R18 275/35R20 255/35R21 275/30R21,255/45R18 275/35R20 255/35R21 275/30R21,255/40R20 285/35R20,255/45R18 275/35R20 255/35R21 275/30R21,255/40R20 285/35R20,S63 AMG,,,
1eb96776-d44b-4c1f-8b49-92730cac27a6,2015,mercedes,s-class-amg,Base,catalog-gap-fill,mismatch,true,255/45R18 275/35R20 255/35R21 275/30R21,255/45R18 275/35R20 255/35R21 275/30R21,255/40R20 285/35R20,255/45R18 275/35R20 255/35R21 275/30R21,255/40R20 285/35R20,S63 AMG | S65 AMG,,,
2fed64b1-9631-4714-993e-726e4f4da7c6,2016,mercedes,s-class-amg,Base,catalog-gap-fill,mismatch,true,255/45R18 275/35R20 255/35R21 275/30R21,255/45R18 275/35R20 255/35R21 275/30R21,255/40R20 285/35R20,255/45R18 275/35R20 255/35R21 275/30R21,255/40R20 285/35R20,S63 AMG | S65 AMG,,,
ce61dbfd-cad9-48eb-9924-f78040e23e92,2017,mercedes,s-class-amg,Base,catalog-gap-fill,mismatch,true,255/45R18 275/35R20 255/35R21 275/30R21,255/45R18 275/35R20 255/35R21 275/30R21,255/40R20 285/35R20,255/45R18 275/35R20 255/35R21 275/30R21,255/40R20 285/35R20,S63 AMG | S65 AMG,,,
192799c0-c14a-4c83-821d-6338a4a7af9c,2019,mercedes,s-class-amg,Base,catalog-gap-fill,mismatch,true,255/45R18 275/35R20 255/35R21 275/30R21,255/45R18 275/35R20 255/35R21 275/30R21,255/40R20 285/35R20,255/45R18 275/35R20 255/35R21 275/30R21,255/40R20 285/35R20,S63 AMG | S65 AMG,,,
44f57c0c-b5f2-4361-ac8d-dfa54d640de3,2020,mercedes,s-class-amg,Base,catalog-gap-fill,mismatch,true,255/45R18 275/35R20 255/35R21 275/30R21,255/45R18 275/35R20 255/35R21 275/30R21,255/40R20 285/35R20,255/45R18 275/35R20 255/35R21 275/30R21,255/40R20 285/35R20,S63 AMG | S65 AMG,,,
5a2c1b4d-2761-4772-aac5-6eb60c99c4cb,2021,mercedes,s-class-amg,Base,catalog-gap-fill,mismatch,true,255/45R18 275/35R20 255/35R21 275/30R21,255/45R18 275/35R20 255/35R21 275/30R21,255/40R20 285/35R20,255/45R18 275/35R20 255/35R21 275/30R21,255/40R20 285/35R20,S63 AMG,,,
d66d2b99-f525-4c19-a007-c97ca20731ed,2000,mercedes,sl-class,Base,catalog-gap-fill,mismatch,true,255/40R18 275/35R19 285/30R20,255/40R18 275/35R19 285/30R20,245/45R17 245/40R18 275/35R18,255/40R18 275/35R19 285/30R20,245/45R17 245/40R18 275/35R18,SL600 | SL500,,,
e532e99f-ed54-4bfb-aee6-3e9aece00365,2001,mercedes,sl-class,Base,catalog-gap-fill,mismatch,true,255/40R18 275/35R19 285/30R20,255/40R18 275/35R19 285/30R20,245/45R17 245/40R18 275/35R18,255/40R18 275/35R19 285/30R20,245/45R17 245/40R18 275/35R18,SL600 | SL500,,,
1fafc070-af3d-4bb1-b58a-d87333b529e9,2002,mercedes,sl-class,Base,catalog-gap-fill,mismatch,true,255/40R18 275/35R19 285/30R20,255/40R18 275/35R19 285/30R20,245/45R17 245/40R18 275/35R18,255/40R18 275/35R19 285/30R20,245/45R17 245/40R18 275/35R18,SL600 | SL500,,,
a2c7d5b5-8fd0-49c8-8236-e039a22dce08,2020,mercedes,sl-class,Base,catalog-gap-fill,mismatch,true,255/40R18 275/35R19 285/30R20,255/40R18 275/35R19 285/30R20,255/35R19 285/30R19,255/40R18 275/35R19 285/30R20,255/35R19 285/30R19,SL550 | SL450,,,
65db2297-2d8c-470d-8e40-d75299f5a645,2008,mercedes,sl-class-amg,Base,catalog-gap-fill,mismatch,true,255/40R18 275/35R19 285/30R20 295/30R20,255/40R18 275/35R19 285/30R20 295/30R20,255/35R19 285/30R19,255/40R18 275/35R19 285/30R20 295/30R20,255/35R19 285/30R19,SL65 AMG | SL55 AMG,,,
8d227acf-ea2e-4a31-b735-aaca4da7e188,2009,mercedes,sl-class-amg,Base,catalog-gap-fill,mismatch,true,255/40R18 275/35R19 285/30R20 295/30R20,255/40R18 275/35R19 285/30R20 295/30R20,255/35R19 285/30R19 265/35R19 325/30R20,255/40R18 275/35R19 285/30R20 295/30R20,255/35R19 285/30R19 265/35R19 325/30R20,SL63 AMG | SL65 AMG,,,
05524616-fa12-45c6-b567-99b722b18da0,2011,mercedes,sl-class-amg,Base,catalog-gap-fill,mismatch,true,255/40R18 275/35R19 285/30R20 295/30R20,255/40R18 275/35R19 285/30R20 295/30R20,255/35R19 285/30R19,255/40R18 275/35R19 285/30R20 295/30R20,255/35R19 285/30R19,SL63 AMG | SL65 AMG,,,
a705e0d7-41f7-4e1b-8ca6-9b2f71e03667,2012,mercedes,sl-class-amg,Base,catalog-gap-fill,mismatch,true,255/40R18 275/35R19 285/30R20 295/30R20,255/40R18 275/35R19 285/30R20 295/30R20,255/35R19 285/30R19,255/40R18 275/35R19 285/30R20 295/30R20,255/35R19 285/30R19,SL63 AMG,,,
f42319e2-91c6-4c69-b084-5de660c4d01b,2022,mercedes,sl-class-amg,Base,catalog-gap-fill,mismatch,true,255/40R18 275/35R19 285/30R20 295/30R20,255/40R18 275/35R19 285/30R20 295/30R20,265/40R20 295/35R20 275/35R21 305/30R21,255/40R18 275/35R19 285/30R20 295/30R20,265/40R20 295/35R20 275/35R21 305/30R21,SL55 AMG | SL63 AMG,,,
71073bd2-05a4-445a-95bf-9f1cc3d39ece,2023,mercedes,sl-class-amg,Base,catalog-gap-fill,mismatch,true,255/40R18 275/35R19 285/30R20 295/30R20,255/40R18 275/35R19 285/30R20 295/30R20,265/40R20 295/35R20 275/35R21 305/30R21 255/45R19 285/40R19,255/40R18 275/35R19 285/30R20 295/30R20,265/40R20 295/35R20 275/35R21 305/30R21 255/45R19 285/40R19,SL43 AMG | SL55 AMG | SL63 AMG,,,
9f017bd0-7b8c-4ac0-bea5-f034b8d44b0d,2024,mercedes,sl-class-amg,Base,catalog-gap-fill,mismatch,true,255/40R18 275/35R19 285/30R20 295/30R20,255/40R18 275/35R19 285/30R20 295/30R20,255/45R19 285/40R19 265/40R20 295/35R20 275/35R21 305/30R21,255/40R18 275/35R19 285/30R20 295/30R20,255/45R19 285/40R19 265/40R20 295/35R20 275/35R21 305/30R21,SL43 AMG | SL55 AMG | SL63 AMG,,,
a45c985e-2be3-4bd2-b37a-61e8d54d1788,2025,mercedes,sl-class-amg,Base,catalog-gap-fill,mismatch,true,255/40R18 275/35R19 285/30R20 295/30R20,255/40R18 275/35R19 285/30R20 295/30R20,255/45R19 285/40R19 265/40R20 295/35R20 275/35R21 305/30R21,255/40R18 275/35R19 285/30R20 295/30R20,255/45R19 285/40R19 265/40R20 295/35R20 275/35R21 305/30R21,SL43 AMG | SL55 AMG | SL63 AMG,,,
96e5fcfc-5f3d-43dd-aa25-41b66f93f7f1,2016,mercedes,slk-class,Base,catalog-gap-fill,mismatch,true,205/55R16 225/45R17 245/40R18,205/55R16 225/45R17 245/40R18,225/40R18 245/35R18 235/40R18 255/35R18,205/55R16 225/45R17 245/40R18,225/40R18 245/35R18 235/40R18 255/35R18,SLK350 | SLK55 AMG,,,
4d6b7b91-7bc7-42b0-93d6-dee28e319f34,2002,mercedes,slk-class-amg,Base,catalog-gap-fill,mismatch,false,225/40R18 245/35R18 255/30R19,225/40R18 245/35R18 255/30R19,225/45R17 245/40R17,225/40R18 245/35R18 255/30R19,225/45R17 245/40R17,SLK32 AMG,,,
da12e5c0-5abc-43e6-ba18-dff078d6dead,2003,mercedes,slk-class-amg,Base,catalog-gap-fill,mismatch,false,225/40R18 245/35R18 255/30R19,225/40R18 245/35R18 255/30R19,225/45R17 245/40R17,225/40R18 245/35R18 255/30R19,225/45R17 245/40R17,SLK32 AMG,,,
b666d678-15cd-4d16-be77-b17da84f4a1e,2004,mercedes,slk-class-amg,Base,catalog-gap-fill,mismatch,false,225/40R18 245/35R18 255/30R19,225/40R18 245/35R18 255/30R19,225/45R17 245/40R17,225/40R18 245/35R18 255/30R19,225/45R17 245/40R17,SLK32 AMG,,,
aeae3e1f-0edb-4ffc-8609-c1a0c9c069e1,2012,mercedes,slk-class-amg,Base,catalog-gap-fill,mismatch,true,225/40R18 245/35R18 255/30R19,225/40R18 245/35R18 255/30R19,235/40R18 255/35R18,225/40R18 245/35R18 255/30R19,235/40R18 255/35R18,SLK55 AMG,,,
e506f079-28e5-4024-8c26-ad918fd8bd3d,2013,mercedes,slk-class-amg,Base,catalog-gap-fill,mismatch,true,225/40R18 245/35R18 255/30R19,225/40R18 245/35R18 255/30R19,235/40R18 255/35R18,225/40R18 245/35R18 255/30R19,235/40R18 255/35R18,SLK55 AMG,,,
ef2d1df2-1276-4763-8fad-be6689b18b33,2014,mercedes,slk-class-amg,Base,catalog-gap-fill,mismatch,true,225/40R18 245/35R18 255/30R19,225/40R18 245/35R18 255/30R19,235/40R18 255/35R18,225/40R18 245/35R18 255/30R19,235/40R18 255/35R18,SLK55 AMG,,,
738b1bb8-fe8f-4ffa-9374-482eace47d01,2015,mercedes,slk-class-amg,Base,catalog-gap-fill,mismatch,true,225/40R18 245/35R18 255/30R19,225/40R18 245/35R18 255/30R19,235/40R18 255/35R18,225/40R18 245/35R18 255/30R19,235/40R18 255/35R18,SLK55 AMG,,,
4266b0b0-e20c-4018-9c8c-d27f8bf54cc7,2016,mercedes,slk-class-amg,Base,catalog-gap-fill,mismatch,true,225/40R18 245/35R18 255/30R19,225/40R18 245/35R18 255/30R19,235/40R18 255/35R18,225/40R18 245/35R18 255/30R19,235/40R18 255/35R18,SLK55 AMG,,,
1f1fc492-2ee6-49ea-81ba-29817ec94121,1990,mercedes-benz,190e,Base,90s-research-batch,mismatch,true,195/65R15 195/60R15,195/65R15 195/60R15,185/65R15,195/65R15 195/60R15,185/65R15,190E,,,
09995abf-d638-4d69-89d1-3cb70269928a,1991,mercedes-benz,190e,Base,90s-research-batch,mismatch,true,195/65R15 195/60R15,195/65R15 195/60R15,185/65R15,195/65R15 195/60R15,185/65R15,190E,,,
ec8aba0e-cb51-4629-8538-b2c98ead2a88,1992,mercedes-benz,190e,Base,90s-research-batch,mismatch,true,195/65R15 195/60R15,195/65R15 195/60R15,185/65R15,195/65R15 195/60R15,185/65R15,190E,,,
a6263161-67c2-457a-9b98-1340a5821f82,1993,mercedes-benz,190e,Base,90s-research-batch,mismatch,true,195/65R15 195/60R15,195/65R15 195/60R15,185/65R15,195/65R15 195/60R15,185/65R15,190E,,,
549b629e-40e6-4de5-a02a-512ea08ec4bf,2000,mercedes-benz,c-class,C300,google-ai-overview,mismatch,true,225/50R17,225/50R17,225/45R17 245/40R17 195/65R15 205/60R15 205/55R16,225/50R17,225/45R17 245/40R17 195/65R15 205/60R15 205/55R16,C43 AMG | C230 | C280,,,
9e224494-82d6-46be-a872-fd77119695bd,2000,mercedes-benz,c-class,"C300, C350, C400, C43 AMG, C63 AMG",google-ai-overview,mismatch,false,235/40R18 255/35R18,235/40R18 255/35R18,225/45R17 245/40R17 195/65R15 205/60R15 205/55R16,235/40R18 255/35R18,225/45R17 245/40R17 195/65R15 205/60R15 205/55R16,C43 AMG | C230 | C280,,,
ac6dd55b-e681-4e57-81f9-4dfe56989a91,2000,mercedes-benz,c-class,C63 AMG,google-ai-overview,mismatch,false,235/40R18 255/35R18,235/40R18 255/35R18,225/45R17 245/40R17 195/65R15 205/60R15 205/55R16,235/40R18 255/35R18,225/45R17 245/40R17 195/65R15 205/60R15 205/55R16,C43 AMG | C230 | C280,,,
c18faf24-9306-4639-a2d2-cc71261bf298,2000,mercedes-benz,c-class,C350,google-ai-overview,mismatch,true,225/50R17,225/50R17,225/45R17 245/40R17 195/65R15 205/60R15 205/55R16,225/50R17,225/45R17 245/40R17 195/65R15 205/60R15 205/55R16,C43 AMG | C230 | C280,,,
d798b715-855c-4dbb-acde-12ebb71451e0,2000,mercedes-benz,c-class,C43 AMG,google-ai-overview,mismatch,false,235/40R18 255/35R18,235/40R18 255/35R18,225/45R17 245/40R17 195/65R15 205/60R15 205/55R16,235/40R18 255/35R18,225/45R17 245/40R17 195/65R15 205/60R15 205/55R16,C43 AMG | C230 | C280,C43 AMG,mismatch,
e57de33b-4a32-42b9-a9fc-4fda1d84043d,2000,mercedes-benz,c-class,C400,google-ai-overview,mismatch,true,225/50R17,225/50R17,225/45R17 245/40R17 195/65R15 205/60R15 205/55R16,225/50R17,225/45R17 245/40R17 195/65R15 205/60R15 205/55R16,C43 AMG | C230 | C280,,,
57230f6f-e880-4664-b1d2-dd8596c4f393,2001,mercedes-benz,c-class,C400,google-ai-overview,mismatch,false,225/50R17,225/50R17,205/55R16 225/50R16,225/50R17,205/55R16 225/50R16,C240 | C320,,,
6b5c34da-f022-48c1-8f04-c506913bd65a,2001,mercedes-benz,c-class,C320,google-ai-overview,mismatch,false,225/45R17 245/40R17,225/45R17 245/40R17,205/55R16 225/50R16,225/45R17 245/40R17,205/55R16 225/50R16,C240 | C320,C320,mismatch,
8073768e-d42f-46d8-b96c-be9e509cf4d1,2001,mercedes-benz,c-class,"C300, C350, C400, C43 AMG, C63 AMG",google-ai-overview,mismatch,false,225/45R17 245/40R17,225/45R17 245/40R17,205/55R16 225/50R16,225/45R17 245/40R17,205/55R16 225/50R16,C240 | C320,,,
a6d8459b-35a1-468b-bf29-7795c69f73e6,2001,mercedes-benz,c-class,C55 AMG,google-ai-overview,mismatch,false,225/45R17 245/40R17,225/45R17 245/40R17,205/55R16 225/50R16,225/45R17 245/40R17,205/55R16 225/50R16,C240 | C320,,,
a75a706c-3f35-4a91-834b-27f142aa395b,2001,mercedes-benz,c-class,C350,google-ai-overview,mismatch,false,225/50R17,225/50R17,205/55R16 225/50R16,225/50R17,205/55R16 225/50R16,C240 | C320,,,
aef1d460-0b47-495d-b9f5-6bb23978a6ee,2001,mercedes-benz,c-class,C63 AMG,google-ai-overview,mismatch,false,235/40R18 255/35R18,235/40R18 255/35R18,205/55R16 225/50R16,235/40R18 255/35R18,205/55R16 225/50R16,C240 | C320,,,
cdce44a2-407f-47d6-8245-136ae367df2f,2001,mercedes-benz,c-class,C300,google-ai-overview,mismatch,false,225/45R17 245/40R17,225/45R17 245/40R17,205/55R16 225/50R16,225/45R17 245/40R17,205/55R16 225/50R16,C240 | C320,,,
f63a5f29-362d-4d18-851c-3862058b1f25,2001,mercedes-benz,c-class,C43 AMG,google-ai-overview,mismatch,false,235/40R18 255/35R18,235/40R18 255/35R18,205/55R16 225/50R16,235/40R18 255/35R18,205/55R16 225/50R16,C240 | C320,,,
431d8211-7f85-42b6-9776-72e24a4a9697,2002,mercedes-benz,c-class,C63 AMG,google-ai-overview,mismatch,false,235/40R18 255/35R18,235/40R18 255/35R18,205/55R16 225/50R16 225/45R17 245/40R17,235/40R18 255/35R18,205/55R16 225/50R16 225/45R17 245/40R17,C230 | C240 | C320 | C32 AMG,,,
4aada189-5130-4949-a11f-22c08cd85d11,2002,mercedes-benz,c-class,C43 AMG,google-ai-overview,mismatch,false,235/40R18 255/35R18,235/40R18 255/35R18,205/55R16 225/50R16 225/45R17 245/40R17,235/40R18 255/35R18,205/55R16 225/50R16 225/45R17 245/40R17,C230 | C240 | C320 | C32 AMG,,,
7c3285a1-beec-4e17-a944-a5313f94ce6d,2002,mercedes-benz,c-class,C350,google-ai-overview,mismatch,true,225/50R17,225/50R17,205/55R16 225/50R16 225/45R17 245/40R17,225/50R17,205/55R16 225/50R16 225/45R17 245/40R17,C230 | C240 | C320 | C32 AMG,,,
8053baec-ae58-4ce6-bf6a-bbfc62ade023,2002,mercedes-benz,c-class,C400,google-ai-overview,mismatch,true,225/50R17,225/50R17,205/55R16 225/50R16 225/45R17 245/40R17,225/50R17,205/55R16 225/50R16 225/45R17 245/40R17,C230 | C240 | C320 | C32 AMG,,,
274bef55-b30a-4478-b44f-e8288cda7130,2003,mercedes-benz,c-class,C43 AMG,google-ai-overview,mismatch,false,235/40R18 255/35R18,235/40R18 255/35R18,205/55R16 225/45R17 225/50R16 245/40R17,235/40R18 255/35R18,205/55R16 225/45R17 225/50R16 245/40R17,C230 | C240 | C320 | C32 AMG,,,
6cc879ac-c4eb-4828-befb-45b76ec56024,2003,mercedes-benz,c-class,C350,google-ai-overview,mismatch,true,225/50R17,225/50R17,205/55R16 225/45R17 225/50R16 245/40R17,225/50R17,205/55R16 225/45R17 225/50R16 245/40R17,C230 | C240 | C320 | C32 AMG,,,
6db666e4-0cb9-46a0-b085-66f41abfd8b0,2003,mercedes-benz,c-class,C400,google-ai-overview,mismatch,true,225/50R17,225/50R17,205/55R16 225/45R17 225/50R16 245/40R17,225/50R17,205/55R16 225/45R17 225/50R16 245/40R17,C230 | C240 | C320 | C32 AMG,,,
f74c3908-e025-432c-8e3e-a2dddf73d1d9,2003,mercedes-benz,c-class,C63 AMG,google-ai-overview,mismatch,false,235/40R18 255/35R18,235/40R18 255/35R18,205/55R16 225/45R17 225/50R16 245/40R17,235/40R18 255/35R18,205/55R16 225/45R17 225/50R16 245/40R17,C230 | C240 | C320 | C32 AMG,,,
11c49bfb-0192-4891-aada-870997e0d196,2004,mercedes-benz,c-class,C400,google-ai-overview,mismatch,true,225/50R17,225/50R17,225/45R17 245/40R17 205/55R16 225/50R16,225/50R17,225/45R17 245/40R17 205/55R16 225/50R16,C230 | C240 | C320 | C32 AMG,,,
17ebabbf-ac7a-430e-82a5-529ddc2dd097,2004,mercedes-benz,c-class,C350,google-ai-overview,mismatch,true,225/50R17,225/50R17,225/45R17 245/40R17 205/55R16 225/50R16,225/50R17,225/45R17 245/40R17 205/55R16 225/50R16,C230 | C240 | C320 | C32 AMG,,,
52c076e1-7293-4864-8ad0-991e4153a606,2004,mercedes-benz,c-class,C43 AMG,google-ai-overview,mismatch,false,235/40R18 255/35R18,235/40R18 255/35R18,225/45R17 245/40R17 205/55R16 225/50R16,235/40R18 255/35R18,225/45R17 245/40R17 205/55R16 225/50R16,C230 | C240 | C320 | C32 AMG,,,
c53c6bd5-8f7f-4093-bcb5-c841253e5056,2004,mercedes-benz,c-class,C63 AMG,google-ai-overview,mismatch,false,235/40R18 255/35R18,235/40R18 255/35R18,225/45R17 245/40R17 205/55R16 225/50R16,235/40R18 255/35R18,225/45R17 245/40R17 205/55R16 225/50R16,C230 | C240 | C320 | C32 AMG,,,
96025761-da57-41b0-8d4c-cc35353b7e10,2005,mercedes-benz,c-class,C350,google-ai-overview,mismatch,true,225/50R17,225/50R17,225/45R17 245/40R17 205/55R16 225/40R18 245/35R18,225/50R17,225/45R17 245/40R17 205/55R16 225/40R18 245/35R18,C230 | C240 | C320 | C55 AMG,,,
ab26cf79-07a4-4845-bc3d-932ec3d1d2b9,2005,mercedes-benz,c-class,C400,google-ai-overview,mismatch,true,225/50R17,225/50R17,225/45R17 245/40R17 205/55R16 225/40R18 245/35R18,225/50R17,225/45R17 245/40R17 205/55R16 225/40R18 245/35R18,C230 | C240 | C320 | C55 AMG,,,
ad456a0b-ee8d-4a46-8c8a-af4fb2eb1d4f,2005,mercedes-benz,c-class,C63 AMG,google-ai-overview,mismatch,true,235/40R18 255/35R18,235/40R18 255/35R18,225/45R17 245/40R17 205/55R16 225/40R18 245/35R18,235/40R18 255/35R18,225/45R17 245/40R17 205/55R16 225/40R18 245/35R18,C230 | C240 | C320 | C55 AMG,,,
ba7bee48-8d88-4d3f-a734-c48f0c60300c,2005,mercedes-benz,c-class,C43 AMG,google-ai-overview,mismatch,true,235/40R18 255/35R18,235/40R18 255/35R18,225/45R17 245/40R17 205/55R16 225/40R18 245/35R18,235/40R18 255/35R18,225/45R17 245/40R17 205/55R16 225/40R18 245/35R18,C230 | C240 | C320 | C55 AMG,,,
243614f2-9187-4647-a337-3366b920a3ef,2006,mercedes-benz,c-class,C350,google-ai-overview,mismatch,true,225/50R17,225/50R17,225/45R17 245/40R17 205/55R16 225/40R18 245/35R18,225/50R17,225/45R17 245/40R17 205/55R16 225/40R18 245/35R18,C350 | C230 | C55 AMG | C280,C350,mismatch,
82e645b9-084e-4857-8bd5-037ae4ceec75,2006,mercedes-benz,c-class,C43 AMG,google-ai-overview,mismatch,true,235/40R18 255/35R18,235/40R18 255/35R18,225/45R17 245/40R17 205/55R16 225/40R18 245/35R18,235/40R18 255/35R18,225/45R17 245/40R17 205/55R16 225/40R18 245/35R18,C350 | C230 | C55 AMG | C280,,,
8c89c713-916b-40f5-8214-304c23db7438,2006,mercedes-benz,c-class,C400,google-ai-overview,mismatch,true,225/50R17,225/50R17,225/45R17 245/40R17 205/55R16 225/40R18 245/35R18,225/50R17,225/45R17 245/40R17 205/55R16 225/40R18 245/35R18,C350 | C230 | C55 AMG | C280,,,
9c3f19ac-3a71-4ba0-a036-f7ce9a523842,2006,mercedes-benz,c-class,C63 AMG,google-ai-overview,mismatch,true,235/40R18 255/35R18,235/40R18 255/35R18,225/45R17 245/40R17 205/55R16 225/40R18 245/35R18,235/40R18 255/35R18,225/45R17 245/40R17 205/55R16 225/40R18 245/35R18,C350 | C230 | C55 AMG | C280,,,
0a790240-5af0-4da0-ac53-2b09da3ab764,2007,mercedes-benz,c-class,C350,google-ai-overview,mismatch,true,225/50R17,225/50R17,205/55R16 225/45R17 245/40R17,225/50R17,205/55R16 225/45R17 245/40R17,C350 | C230 | C280,C350,mismatch,
0d3583c8-01fb-44a1-afb6-2ee3c5a59711,2007,mercedes-benz,c-class,C63 AMG,google-ai-overview,mismatch,false,235/40R18 255/35R18,235/40R18 255/35R18,205/55R16 225/45R17 245/40R17,235/40R18 255/35R18,205/55R16 225/45R17 245/40R17,C350 | C230 | C280,,,
28edf295-7c22-4b07-9539-b91d11b79c71,2007,mercedes-benz,c-class,C43 AMG,google-ai-overview,mismatch,false,235/40R18 255/35R18,235/40R18 255/35R18,205/55R16 225/45R17 245/40R17,235/40R18 255/35R18,205/55R16 225/45R17 245/40R17,C350 | C230 | C280,,,
3cb3775c-270e-4c90-8501-dd4cd271d235,2007,mercedes-benz,c-class,C400,google-ai-overview,mismatch,true,225/50R17,225/50R17,205/55R16 225/45R17 245/40R17,225/50R17,205/55R16 225/45R17 245/40R17,C350 | C230 | C280,,,
168f144a-47ad-493b-b64e-d335cd7e5a85,2016,mercedes-benz,c-class,C43 AMG,google-ai-overview,mismatch,true,225/40R18 255/35R18,225/40R18 255/35R18,225/50R17 225/45R18 245/40R18 225/40R19 255/35R19 265/40R18 245/35R19 265/35R19,225/40R18 255/35R18,225/50R17 225/45R18 245/40R18 225/40R19 255/35R19 265/40R18 245/35R19 265/35R19,C300 | C63 AMG | C63 AMG S | C350e | C450 AMG,,,
4ca3de62-3001-42f5-aa34-76b5f5f43b1f,2017,mercedes-benz,c-class,C43 AMG,google-ai-overview,mismatch,true,225/40R18 255/35R18,225/40R18 255/35R18,225/45R18 245/40R18 225/40R19 255/35R19 225/50R17 245/35R19 265/40R18 265/35R19,225/40R18 255/35R18,225/45R18 245/40R18 225/40R19 255/35R19 225/50R17 245/35R19 265/40R18 265/35R19,C300 | C43 AMG | C63 AMG | C63 AMG S | C350e,C43 AMG,mismatch,
d1cea7a2-d4e2-4ebd-98b5-126a382d1038,2017,mercedes-benz,c-class,AMG C43,google-ai-overview,mismatch,true,235/40R18 255/35R18,235/40R18 255/35R18,225/45R18 245/40R18 225/40R19 255/35R19 225/50R17 245/35R19 265/40R18 265/35R19,235/40R18 255/35R18,225/45R18 245/40R18 225/40R19 255/35R19 225/50R17 245/35R19 265/40R18 265/35R19,C300 | C43 AMG | C63 AMG | C63 AMG S | C350e,,,
007f415e-f581-411b-ab37-b5e7b8f644fc,2019,mercedes-benz,c-class,C43 AMG,google-ai-overview,mismatch,true,225/40R18 255/35R18,225/40R18 255/35R18,225/45R18 245/40R18 225/40R19 245/35R19 255/35R19 225/50R17 255/40R18 285/35R18 285/30R19 265/40R18 265/35R19 285/30R20,225/40R18 255/35R18,225/45R18 245/40R18 225/40R19 245/35R19 255/35R19 225/50R17 255/40R18 285/35R18 285/30R19 265/40R18 265/35R19 285/30R20,C300 | C43 AMG | C63 AMG | C63 AMG S,C43 AMG,mismatch,
5acbbbf7-3db0-42d6-ab9f-cd3eea55b4ae,2019,mercedes-benz,c-class,AMG C43,google-ai-overview,mismatch,true,235/40R18 255/35R18,235/40R18 255/35R18,225/45R18 245/40R18 225/40R19 245/35R19 255/35R19 225/50R17 255/40R18 285/35R18 285/30R19 265/40R18 265/35R19 285/30R20,235/40R18 255/35R18,225/45R18 245/40R18 225/40R19 245/35R19 255/35R19 225/50R17 255/40R18 285/35R18 285/30R19 265/40R18 265/35R19 285/30R20,C300 | C43 AMG | C63 AMG | C63 AMG S,,,
4b60851c-2473-4df7-99dd-cd851fa358aa,2020,mercedes-benz,c-class,AMG C43,google-ai-overview,mismatch,true,235/40R18 255/35R18,235/40R18 255/35R18,225/45R18 245/40R18 225/40R19 245/35R19 255/35R19 225/50R17 265/40R18 265/35R19 255/40R18 285/35R18 285/30R19 285/30R20,235/40R18 255/35R18,225/45R18 245/40R18 225/40R19 245/35R19 255/35R19 225/50R17 265/40R18 265/35R19 255/40R18 285/35R18 285/30R19 285/30R20,C300 | C43 AMG | C63 AMG | C63 AMG S,,,
6d0a5f18-d045-40d9-b767-3301dea5e572,2020,mercedes-benz,c-class,C43 AMG,google-ai-overview,mismatch,true,225/40R18 255/35R18,225/40R18 255/35R18,225/45R18 245/40R18 225/40R19 245/35R19 255/35R19 225/50R17 265/40R18 265/35R19 255/40R18 285/35R18 285/30R19 285/30R20,225/40R18 255/35R18,225/45R18 245/40R18 225/40R19 245/35R19 255/35R19 225/50R17 265/40R18 265/35R19 255/40R18 285/35R18 285/30R19 285/30R20,C300 | C43 AMG | C63 AMG | C63 AMG S,C43 AMG,mismatch,
00d84b55-16ee-45a0-a044-cf47c9417e23,2021,mercedes-benz,c-class,C43 AMG,google-ai-overview,mismatch,true,225/40R18 255/35R18,225/40R18 255/35R18,225/45R18 245/40R18 225/40R19 245/35R19 255/35R19 225/50R17 255/40R18 285/35R18 285/30R19 265/40R18 265/35R19 285/30R20,225/40R18 255/35R18,225/45R18 245/40R18 225/40R19 245/35R19 255/35R19 225/50R17 255/40R18 285/35R18 285/30R19 265/40R18 265/35R19 285/30R20,C300 | C43 AMG | C63 AMG | C63 AMG S,C43 AMG,mismatch,
e7081b6d-4ee1-4157-a686-470cd151ab1c,2021,mercedes-benz,c-class,AMG C43,google-ai-overview,mismatch,true,235/40R18 255/35R18,235/40R18 255/35R18,225/45R18 245/40R18 225/40R19 245/35R19 255/35R19 225/50R17 255/40R18 285/35R18 285/30R19 265/40R18 265/35R19 285/30R20,235/40R18 255/35R18,225/45R18 245/40R18 225/40R19 245/35R19 255/35R19 225/50R17 255/40R18 285/35R18 285/30R19 265/40R18 265/35R19 285/30R20,C300 | C43 AMG | C63 AMG | C63 AMG S,,,
05fe72c1-9054-41e4-ad46-e77136cf2ac7,2022,mercedes-benz,c-class,AMG C63,google-ai-overview,mismatch,true,265/40R19 275/40R19,265/40R19 275/40R19,225/45R18 245/40R18 225/40R19 255/35R19,265/40R19 275/40R19,225/45R18 245/40R18 225/40R19 255/35R19,C300 | C43 AMG,,,
21fa09b9-332b-4b09-afcb-3b5d81d88dd2,2022,mercedes-benz,c-class,C63 AMG,google-ai-overview,mismatch,true,265/40R19 275/40R19,265/40R19 275/40R19,225/45R18 245/40R18 225/40R19 255/35R19,265/40R19 275/40R19,225/45R18 245/40R18 225/40R19 255/35R19,C300 | C43 AMG,,,
27594a24-83c4-47e0-ba11-3096bb1099c0,2022,mercedes-benz,c-class,AMG C63 S,google-ai-overview,mismatch,true,265/40R19 275/40R19,265/40R19 275/40R19,225/45R18 245/40R18 225/40R19 255/35R19,265/40R19 275/40R19,225/45R18 245/40R18 225/40R19 255/35R19,C300 | C43 AMG,,,
72aa64b4-e1d4-4d62-88f2-dadf2d5cab1e,2022,mercedes-benz,c-class,AMG C43,google-ai-overview,mismatch,true,235/40R18 255/35R18,235/40R18 255/35R18,225/45R18 245/40R18 225/40R19 255/35R19,235/40R18 255/35R18,225/45R18 245/40R18 225/40R19 255/35R19,C300 | C43 AMG,,,
d1dc28fc-e052-4d02-9e40-2a18e47dd0c9,2022,mercedes-benz,c-class,C43 AMG,google-ai-overview,mismatch,true,235/40R18 255/35R18,235/40R18 255/35R18,225/45R18 245/40R18 225/40R19 255/35R19,235/40R18 255/35R18,225/45R18 245/40R18 225/40R19 255/35R19,C300 | C43 AMG,C43 AMG,mismatch,
0a28dc57-5cd0-4e7b-9b31-006b755a8e36,2023,mercedes-benz,c-class,C63 AMG,google-ai-overview,mismatch,true,265/40R19 275/40R19,265/40R19 275/40R19,225/45R18 245/40R18 225/40R19 255/35R19 245/40R19 265/35R19 245/45R18 245/35R20 265/30R20 285/30R19 285/30R20,265/40R19 275/40R19,225/45R18 245/40R18 225/40R19 255/35R19 245/40R19 265/35R19 245/45R18 245/35R20 265/30R20 285/30R19 285/30R20,C300 | C43 AMG | C63 AMG S,,,
2bb972c0-f2d4-47e5-ac4d-f75e94f720f1,2023,mercedes-benz,c-class,AMG C43,google-ai-overview,mismatch,true,235/40R18 255/35R18,235/40R18 255/35R18,225/45R18 245/40R18 225/40R19 255/35R19 245/40R19 265/35R19 245/45R18 245/35R20 265/30R20 285/30R19 285/30R20,235/40R18 255/35R18,225/45R18 245/40R18 225/40R19 255/35R19 245/40R19 265/35R19 245/45R18 245/35R20 265/30R20 285/30R19 285/30R20,C300 | C43 AMG | C63 AMG S,,,
32df4d67-ffae-454d-a82b-dbfc44e09571,2023,mercedes-benz,c-class,AMG C63,google-ai-overview,mismatch,true,265/40R19 275/40R19,265/40R19 275/40R19,225/45R18 245/40R18 225/40R19 255/35R19 245/40R19 265/35R19 245/45R18 245/35R20 265/30R20 285/30R19 285/30R20,265/40R19 275/40R19,225/45R18 245/40R18 225/40R19 255/35R19 245/40R19 265/35R19 245/45R18 245/35R20 265/30R20 285/30R19 285/30R20,C300 | C43 AMG | C63 AMG S,,,
e93a30d8-e156-4ace-82b2-3734132916af,2023,mercedes-benz,c-class,AMG C63 S,google-ai-overview,mismatch,true,265/40R19 275/40R19,265/40R19 275/40R19,225/45R18 245/40R18 225/40R19 255/35R19 245/40R19 265/35R19 245/45R18 245/35R20 265/30R20 285/30R19 285/30R20,265/40R19 275/40R19,225/45R18 245/40R18 225/40R19 255/35R19 245/40R19 265/35R19 245/45R18 245/35R20 265/30R20 285/30R19 285/30R20,C300 | C43 AMG | C63 AMG S,,,
f5beafa9-822d-413e-a210-5e50735c5b89,2023,mercedes-benz,c-class,C43 AMG,google-ai-overview,mismatch,true,235/40R18 255/35R18,235/40R18 255/35R18,225/45R18 245/40R18 225/40R19 255/35R19 245/40R19 265/35R19 245/45R18 245/35R20 265/30R20 285/30R19 285/30R20,235/40R18 255/35R18,225/45R18 245/40R18 225/40R19 255/35R19 245/40R19 265/35R19 245/45R18 245/35R20 265/30R20 285/30R19 285/30R20,C300 | C43 AMG | C63 AMG S,C43 AMG,mismatch,
4e93e7f0-9b9a-413a-9244-de4ecab10af3,2024,mercedes-benz,c-class,AMG C43,google-ai-overview,mismatch,true,235/40R18 255/35R18,235/40R18 255/35R18,225/45R18 245/40R18 225/40R19 255/35R19 245/45R18 245/40R19 265/35R19 245/35R20 265/30R20,235/40R18 255/35R18,225/45R18 245/40R18 225/40R19 255/35R19 245/45R18 245/40R19 265/35R19 245/35R20 265/30R20,C300 | C43 AMG,,,
6ae6bb27-43be-42d2-86ee-5b6f45ba12c7,2024,mercedes-benz,c-class,C43 AMG,google-ai-overview,mismatch,true,235/40R18 255/35R18,235/40R18 255/35R18,225/45R18 245/40R18 225/40R19 255/35R19 245/45R18 245/40R19 265/35R19 245/35R20 265/30R20,235/40R18 255/35R18,225/45R18 245/40R18 225/40R19 255/35R19 245/45R18 245/40R19 265/35R19 245/35R20 265/30R20,C300 | C43 AMG,C43 AMG,mismatch,
b09a55eb-8745-4010-aad3-ebce5dec599a,2024,mercedes-benz,c-class,AMG C63 S,google-ai-overview,mismatch,true,265/40R19 275/40R19,265/40R19 275/40R19,225/45R18 245/40R18 225/40R19 255/35R19 245/45R18 245/40R19 265/35R19 245/35R20 265/30R20,265/40R19 275/40R19,225/45R18 245/40R18 225/40R19 255/35R19 245/45R18 245/40R19 265/35R19 245/35R20 265/30R20,C300 | C43 AMG,,,
bbf00dd5-7b9b-47c6-9fe9-00fd54eae5a7,2024,mercedes-benz,c-class,AMG C63,google-ai-overview,mismatch,true,265/40R19 275/40R19,265/40R19 275/40R19,225/45R18 245/40R18 225/40R19 255/35R19 245/45R18 245/40R19 265/35R19 245/35R20 265/30R20,265/40R19 275/40R19,225/45R18 245/40R18 225/40R19 255/35R19 245/45R18 245/40R19 265/35R19 245/35R20 265/30R20,C300 | C43 AMG,,,
c455d972-6140-4d6c-af18-351879968cea,2024,mercedes-benz,c-class,C63 AMG,google-ai-overview,mismatch,true,265/40R19 275/40R19,265/40R19 275/40R19,225/45R18 245/40R18 225/40R19 255/35R19 245/45R18 245/40R19 265/35R19 245/35R20 265/30R20,265/40R19 275/40R19,225/45R18 245/40R18 225/40R19 255/35R19 245/45R18 245/40R19 265/35R19 245/35R20 265/30R20,C300 | C43 AMG,,,
1e260565-9238-423f-a532-94d91e4a5e90,2025,mercedes-benz,c-class,AMG C63,google-ai-overview,mismatch,true,265/40R19 275/40R19,265/40R19 275/40R19,225/45R18 245/40R18 225/40R19 255/35R19 245/45R18 245/40R19 265/35R19 245/35R20 265/30R20,265/40R19 275/40R19,225/45R18 245/40R18 225/40R19 255/35R19 245/45R18 245/40R19 265/35R19 245/35R20 265/30R20,C300 | C43 AMG,,,
597e6563-d1ef-4b56-8b2b-d735d00ce59b,2025,mercedes-benz,c-class,C63 AMG,google-ai-overview,mismatch,true,265/40R19 275/40R19,265/40R19 275/40R19,225/45R18 245/40R18 225/40R19 255/35R19 245/45R18 245/40R19 265/35R19 245/35R20 265/30R20,265/40R19 275/40R19,225/45R18 245/40R18 225/40R19 255/35R19 245/45R18 245/40R19 265/35R19 245/35R20 265/30R20,C300 | C43 AMG,,,
5be97f14-8402-4bf7-8ee4-687517960d1e,2025,mercedes-benz,c-class,C43 AMG,google-ai-overview,mismatch,true,235/40R18 255/35R18,235/40R18 255/35R18,225/45R18 245/40R18 225/40R19 255/35R19 245/45R18 245/40R19 265/35R19 245/35R20 265/30R20,235/40R18 255/35R18,225/45R18 245/40R18 225/40R19 255/35R19 245/45R18 245/40R19 265/35R19 245/35R20 265/30R20,C300 | C43 AMG,C43 AMG,mismatch,
945293cd-5759-436a-9a49-e8aecf3df77f,2025,mercedes-benz,c-class,AMG C43,google-ai-overview,mismatch,true,235/40R18 255/35R18,235/40R18 255/35R18,225/45R18 245/40R18 225/40R19 255/35R19 245/45R18 245/40R19 265/35R19 245/35R20 265/30R20,235/40R18 255/35R18,225/45R18 245/40R18 225/40R19 255/35R19 245/45R18 245/40R19 265/35R19 245/35R20 265/30R20,C300 | C43 AMG,,,
c14a4281-58ec-4ebd-aa54-fd089e3253b0,2025,mercedes-benz,c-class,AMG C63 S,google-ai-overview,mismatch,true,265/40R19 275/40R19,265/40R19 275/40R19,225/45R18 245/40R18 225/40R19 255/35R19 245/45R18 245/40R19 265/35R19 245/35R20 265/30R20,265/40R19 275/40R19,225/45R18 245/40R18 225/40R19 255/35R19 245/45R18 245/40R19 265/35R19 245/35R20 265/30R20,C300 | C43 AMG,,,
1aa345cb-d73c-4a7c-b9fc-6da17ca536d6,2026,mercedes-benz,c-class,C63 AMG,google-ai-overview,mismatch,true,265/40R19 275/40R19,265/40R19 275/40R19,225/45R18 245/40R18 225/40R19 255/35R19 245/45R18 245/40R19 265/35R19 245/35R20 265/30R20,265/40R19 275/40R19,225/45R18 245/40R18 225/40R19 255/35R19 245/45R18 245/40R19 265/35R19 245/35R20 265/30R20,C300 | C43 AMG,,,
4019aaa6-ea5a-42ff-84e4-2db59a5d8c24,2026,mercedes-benz,c-class,AMG C43,google-ai-overview,mismatch,true,235/40R18 255/35R18,235/40R18 255/35R18,225/45R18 245/40R18 225/40R19 255/35R19 245/45R18 245/40R19 265/35R19 245/35R20 265/30R20,235/40R18 255/35R18,225/45R18 245/40R18 225/40R19 255/35R19 245/45R18 245/40R19 265/35R19 245/35R20 265/30R20,C300 | C43 AMG,,,
56aad683-d480-4b1e-8f07-9cca60ae34cc,2026,mercedes-benz,c-class,C43 AMG,google-ai-overview,mismatch,true,235/40R18 255/35R18,235/40R18 255/35R18,225/45R18 245/40R18 225/40R19 255/35R19 245/45R18 245/40R19 265/35R19 245/35R20 265/30R20,235/40R18 255/35R18,225/45R18 245/40R18 225/40R19 255/35R19 245/45R18 245/40R19 265/35R19 245/35R20 265/30R20,C300 | C43 AMG,C43 AMG,mismatch,
92da3294-54b5-4e3c-8774-6a411edd30d9,2026,mercedes-benz,c-class,AMG C63,google-ai-overview,mismatch,true,265/40R19 275/40R19,265/40R19 275/40R19,225/45R18 245/40R18 225/40R19 255/35R19 245/45R18 245/40R19 265/35R19 245/35R20 265/30R20,265/40R19 275/40R19,225/45R18 245/40R18 225/40R19 255/35R19 245/45R18 245/40R19 265/35R19 245/35R20 265/30R20,C300 | C43 AMG,,,
ccba936c-0e04-4093-a967-28261bcd5b76,2026,mercedes-benz,c-class,AMG C63 S,google-ai-overview,mismatch,true,265/40R19 275/40R19,265/40R19 275/40R19,225/45R18 245/40R18 225/40R19 255/35R19 245/45R18 245/40R19 265/35R19 245/35R20 265/30R20,265/40R19 275/40R19,225/45R18 245/40R18 225/40R19 255/35R19 245/45R18 245/40R19 265/35R19 245/35R20 265/30R20,C300 | C43 AMG,,,
c63b7516-d273-4853-a9cf-5e4ddbcb707b,2014,mercedes-benz,cla,CLA 35 AMG,google-ai-overview,mismatch,true,225/45R18,225/45R18,225/45R17 225/40R18 235/40R18 235/35R19,225/45R18,225/45R17 225/40R18 235/40R18 235/35R19,CLA250 | CLA45 AMG,,,
5965ccbe-ae06-439e-98f4-a774c083ab5e,2015,mercedes-benz,cla,CLA 35 AMG,google-ai-overview,mismatch,true,225/45R18,225/45R18,225/45R17 225/40R18 235/40R18 235/35R19,225/45R18,225/45R17 225/40R18 235/40R18 235/35R19,CLA250 | CLA45 AMG,,,
1d8b3202-6413-40e8-a03f-5f17bf6dedc1,2016,mercedes-benz,cla,CLA 35 AMG,google-ai-overview,mismatch,true,225/45R18,225/45R18,225/45R17 225/40R18 235/40R18 235/35R19,225/45R18,225/45R17 225/40R18 235/40R18 235/35R19,CLA250 | CLA45 AMG,,,
c0c5c87f-8515-46db-bf99-511d83e1be61,2017,mercedes-benz,cla,CLA 35 AMG,google-ai-overview,mismatch,true,225/45R18,225/45R18,225/45R17 225/40R18 235/40R18 235/35R19,225/45R18,225/45R17 225/40R18 235/40R18 235/35R19,CLA250 | CLA45 AMG,,,
0fb3b0fc-1efb-4415-b940-8012f15e2701,2019,mercedes-benz,cla,CLA 45 AMG,google-ai-overview,mismatch,true,235/40R18,235/40R18,225/45R17 225/40R18 235/35R19,235/40R18,225/45R17 225/40R18 235/35R19,CLA250 | CLA45 AMG,CLA45 AMG,mismatch,
740f5308-8fe0-4386-8718-1e9cc4107e63,2019,mercedes-benz,cla,CLA 35 AMG,google-ai-overview,mismatch,true,225/45R18,225/45R18,225/45R17 225/40R18 235/35R19,225/45R18,225/45R17 225/40R18 235/35R19,CLA250 | CLA45 AMG,,,
94b691bb-e67b-480e-8503-3c9ddda4daad,2019,mercedes-benz,cla,AMG CLA45,google-ai-overview,mismatch,true,235/40R18,235/40R18,225/45R17 225/40R18 235/35R19,235/40R18,225/45R17 225/40R18 235/35R19,CLA250 | CLA45 AMG,,,
72ef0dc9-44c8-4d49-bb6a-472e2dbfb487,2020,mercedes-benz,cla,AMG CLA35,google-ai-overview,mismatch,true,235/35R19,235/35R19,225/45R18 225/40R19 245/35R19 235/40R18 255/35R19 245/40R18,235/35R19,225/45R18 225/40R19 245/35R19 235/40R18 255/35R19 245/40R18,CLA250 | CLA35 AMG | CLA45 AMG,,,
84a6f6b1-3025-4a19-9873-7b94090f01d5,2020,mercedes-benz,cla,CLA 45 AMG,google-ai-overview,mismatch,true,235/35R19,235/35R19,225/45R18 225/40R19 245/35R19 235/40R18 255/35R19 245/40R18,235/35R19,225/45R18 225/40R19 245/35R19 235/40R18 255/35R19 245/40R18,CLA250 | CLA35 AMG | CLA45 AMG,CLA45 AMG,mismatch,
97ef547f-74bb-4aad-83cd-69b568b2e1de,2020,mercedes-benz,cla,CLA 35 AMG,google-ai-overview,mismatch,true,235/35R19,235/35R19,225/45R18 225/40R19 245/35R19 235/40R18 255/35R19 245/40R18,235/35R19,225/45R18 225/40R19 245/35R19 235/40R18 255/35R19 245/40R18,CLA250 | CLA35 AMG | CLA45 AMG,CLA35 AMG,mismatch,
a0317a30-b518-4dd4-a115-70f9704ec371,2020,mercedes-benz,cla,AMG CLA45,google-ai-overview,mismatch,true,235/35R19,235/35R19,225/45R18 225/40R19 245/35R19 235/40R18 255/35R19 245/40R18,235/35R19,225/45R18 225/40R19 245/35R19 235/40R18 255/35R19 245/40R18,CLA250 | CLA35 AMG | CLA45 AMG,,,
15d794cc-f664-4a50-9747-89ba21668e63,2021,mercedes-benz,cla,AMG CLA45,google-ai-overview,mismatch,true,235/35R19,235/35R19,225/45R18 225/40R19 235/40R18 245/35R19 255/35R19 245/40R18,235/35R19,225/45R18 225/40R19 235/40R18 245/35R19 255/35R19 245/40R18,CLA250 | CLA35 AMG | CLA45 AMG,,,
425be386-1c8f-48d2-bf2d-c5ed3cf97784,2021,mercedes-benz,cla,AMG CLA35,google-ai-overview,mismatch,true,235/35R19,235/35R19,225/45R18 225/40R19 235/40R18 245/35R19 255/35R19 245/40R18,235/35R19,225/45R18 225/40R19 235/40R18 245/35R19 255/35R19 245/40R18,CLA250 | CLA35 AMG | CLA45 AMG,,,
4365034b-0283-45dc-8766-28b6c23821ec,2021,mercedes-benz,cla,CLA 35 AMG,google-ai-overview,mismatch,true,235/35R19,235/35R19,225/45R18 225/40R19 235/40R18 245/35R19 255/35R19 245/40R18,235/35R19,225/45R18 225/40R19 235/40R18 245/35R19 255/35R19 245/40R18,CLA250 | CLA35 AMG | CLA45 AMG,CLA35 AMG,mismatch,
471678e1-f443-4fb7-a37a-42eee4b01283,2021,mercedes-benz,cla,CLA 45 AMG,google-ai-overview,mismatch,true,235/35R19,235/35R19,225/45R18 225/40R19 235/40R18 245/35R19 255/35R19 245/40R18,235/35R19,225/45R18 225/40R19 235/40R18 245/35R19 255/35R19 245/40R18,CLA250 | CLA35 AMG | CLA45 AMG,CLA45 AMG,mismatch,
4280ed69-96c9-47d3-a657-535d44fd732e,2022,mercedes-benz,cla,CLA 35 AMG,google-ai-overview,mismatch,true,235/35R19,235/35R19,225/45R18 225/40R19 235/40R18 245/35R19 255/35R19 245/40R18,235/35R19,225/45R18 225/40R19 235/40R18 245/35R19 255/35R19 245/40R18,CLA250 | CLA35 AMG | CLA45 AMG,CLA35 AMG,mismatch,
7f9db178-f708-45cf-b3ec-d9d86504b1b5,2022,mercedes-benz,cla,AMG CLA35,google-ai-overview,mismatch,true,235/35R19,235/35R19,225/45R18 225/40R19 235/40R18 245/35R19 255/35R19 245/40R18,235/35R19,225/45R18 225/40R19 235/40R18 245/35R19 255/35R19 245/40R18,CLA250 | CLA35 AMG | CLA45 AMG,,,
894cde90-2429-476e-b962-7d7ee3bfea86,2022,mercedes-benz,cla,CLA 45 AMG,google-ai-overview,mismatch,true,235/35R19,235/35R19,225/45R18 225/40R19 235/40R18 245/35R19 255/35R19 245/40R18,235/35R19,225/45R18 225/40R19 235/40R18 245/35R19 255/35R19 245/40R18,CLA250 | CLA35 AMG | CLA45 AMG,CLA45 AMG,mismatch,
faa93b6a-1b75-4987-bad0-a4f718b305c5,2022,mercedes-benz,cla,AMG CLA45,google-ai-overview,mismatch,true,235/35R19,235/35R19,225/45R18 225/40R19 235/40R18 245/35R19 255/35R19 245/40R18,235/35R19,225/45R18 225/40R19 235/40R18 245/35R19 255/35R19 245/40R18,CLA250 | CLA35 AMG | CLA45 AMG,,,
0860a3d3-59a6-478a-9aab-9f83f4696078,2023,mercedes-benz,cla,AMG CLA35,google-ai-overview,mismatch,true,235/35R19,235/35R19,225/45R18 225/40R19 235/40R18 245/35R19 255/35R19 245/40R18,235/35R19,225/45R18 225/40R19 235/40R18 245/35R19 255/35R19 245/40R18,CLA250 | CLA35 AMG | CLA45 AMG,,,
2d966659-6352-429c-8546-0d7d5a35de90,2023,mercedes-benz,cla,CLA 35 AMG,google-ai-overview,mismatch,true,235/35R19,235/35R19,225/45R18 225/40R19 235/40R18 245/35R19 255/35R19 245/40R18,235/35R19,225/45R18 225/40R19 235/40R18 245/35R19 255/35R19 245/40R18,CLA250 | CLA35 AMG | CLA45 AMG,CLA35 AMG,mismatch,
810d743f-57b7-4bad-b0e3-5d523348c97b,2023,mercedes-benz,cla,AMG CLA45,google-ai-overview,mismatch,true,235/35R19,235/35R19,225/45R18 225/40R19 235/40R18 245/35R19 255/35R19 245/40R18,235/35R19,225/45R18 225/40R19 235/40R18 245/35R19 255/35R19 245/40R18,CLA250 | CLA35 AMG | CLA45 AMG,,,
fc6210ef-f364-4831-80e2-9a9289f03fca,2023,mercedes-benz,cla,CLA 45 AMG,google-ai-overview,mismatch,true,235/35R19,235/35R19,225/45R18 225/40R19 235/40R18 245/35R19 255/35R19 245/40R18,235/35R19,225/45R18 225/40R19 235/40R18 245/35R19 255/35R19 245/40R18,CLA250 | CLA35 AMG | CLA45 AMG,CLA45 AMG,mismatch,
90f50c97-872f-4dff-9f7d-4d9abe99f845,2024,mercedes-benz,cla,AMG CLA45,google-ai-overview,mismatch,true,235/35R19,235/35R19,225/45R18 225/40R19 235/40R18 245/35R19,235/35R19,225/45R18 225/40R19 235/40R18 245/35R19,CLA250 | CLA35 AMG,,,
b576077d-0e98-40c8-9792-da75cb1844f4,2024,mercedes-benz,cla,CLA 35 AMG,google-ai-overview,mismatch,true,235/35R19,235/35R19,225/45R18 225/40R19 235/40R18 245/35R19,235/35R19,225/45R18 225/40R19 235/40R18 245/35R19,CLA250 | CLA35 AMG,CLA35 AMG,mismatch,
c6425cee-d911-4696-8393-679a8275b818,2024,mercedes-benz,cla,AMG CLA35,google-ai-overview,mismatch,true,235/35R19,235/35R19,225/45R18 225/40R19 235/40R18 245/35R19,235/35R19,225/45R18 225/40R19 235/40R18 245/35R19,CLA250 | CLA35 AMG,,,
d39fb95e-3853-4fc4-b0ac-565d02c89045,2024,mercedes-benz,cla,CLA 45 AMG,google-ai-overview,mismatch,true,235/35R19,235/35R19,225/45R18 225/40R19 235/40R18 245/35R19,235/35R19,225/45R18 225/40R19 235/40R18 245/35R19,CLA250 | CLA35 AMG,,,
50f0c890-dc39-410c-8cc9-fdd55ce563e2,2025,mercedes-benz,cla,CLA 45 AMG,google-ai-overview,mismatch,true,235/35R19,235/35R19,225/45R18 225/40R19 235/40R18 245/35R19,235/35R19,225/45R18 225/40R19 235/40R18 245/35R19,CLA250 | CLA35 AMG,,,
8d1e274f-1173-431b-ac63-63bb9b3f88cd,2025,mercedes-benz,cla,CLA 35 AMG,google-ai-overview,mismatch,true,235/35R19,235/35R19,225/45R18 225/40R19 235/40R18 245/35R19,235/35R19,225/45R18 225/40R19 235/40R18 245/35R19,CLA250 | CLA35 AMG,CLA35 AMG,mismatch,
c2474cf9-221b-43e6-af76-5a25f5c05b7e,2025,mercedes-benz,cla,AMG CLA45,google-ai-overview,mismatch,true,235/35R19,235/35R19,225/45R18 225/40R19 235/40R18 245/35R19,235/35R19,225/45R18 225/40R19 235/40R18 245/35R19,CLA250 | CLA35 AMG,,,
e9763388-2a1f-4abb-bbec-0cf5aa7b7812,2025,mercedes-benz,cla,AMG CLA35,google-ai-overview,mismatch,true,235/35R19,235/35R19,225/45R18 225/40R19 235/40R18 245/35R19,235/35R19,225/45R18 225/40R19 235/40R18 245/35R19,CLA250 | CLA35 AMG,,,
714986c9-6a3f-49b5-b967-9cd71b3115c5,2026,mercedes-benz,cla,AMG CLA35,google-ai-overview,mismatch,true,235/35R19,235/35R19,225/45R18 225/40R19 235/40R18 245/35R19,235/35R19,225/45R18 225/40R19 235/40R18 245/35R19,CLA250 | CLA35 AMG,,,
8ed7a92a-bcec-426f-bb9b-185ef66b83ed,2026,mercedes-benz,cla,AMG CLA45,google-ai-overview,mismatch,true,235/35R19,235/35R19,225/45R18 225/40R19 235/40R18 245/35R19,235/35R19,225/45R18 225/40R19 235/40R18 245/35R19,CLA250 | CLA35 AMG,,,
caaa7682-7e63-4b47-adce-0fc0d401c2a9,2026,mercedes-benz,cla,CLA 45 AMG,google-ai-overview,mismatch,true,235/35R19,235/35R19,225/45R18 225/40R19 235/40R18 245/35R19,235/35R19,225/45R18 225/40R19 235/40R18 245/35R19,CLA250 | CLA35 AMG,,,
d5d3dc48-585e-42e4-b4c8-d781830241a5,2026,mercedes-benz,cla,CLA 35 AMG,google-ai-overview,mismatch,true,235/35R19,235/35R19,225/45R18 225/40R19 235/40R18 245/35R19,235/35R19,225/45R18 225/40R19 235/40R18 245/35R19,CLA250 | CLA35 AMG,CLA35 AMG,mismatch,
c047fc62-9f5a-487b-8e80-65eb22a4df12,2012,mercedes-benz,cls,CLS400,google-ai-overview,mismatch,true,245/45R18 275/40R18,245/45R18 275/40R18,255/40R18 285/35R18 255/35R19 285/30R19,245/45R18 275/40R18,255/40R18 285/35R18 255/35R19 285/30R19,CLS550 | CLS63 AMG,,,
bdbdbee6-4745-4226-9474-5b18901e1d5c,2013,mercedes-benz,cls,CLS400,google-ai-overview,mismatch,true,245/45R18 275/40R18,245/45R18 275/40R18,255/40R18 285/35R18 255/35R19 285/30R19,245/45R18 275/40R18,255/40R18 285/35R18 255/35R19 285/30R19,CLS550 | CLS63 AMG,,,
21873fd4-312b-4dba-80b8-fd48b587c8cd,2014,mercedes-benz,cls,CLS550,google-ai-overview,mismatch,false,255/40R18 285/35R18,255/40R18 285/35R18,255/35R19 285/30R19,255/40R18 285/35R18,255/35R19 285/30R19,CLS63 AMG S,,,
df3cbf33-53e1-4941-b0b1-23f2e7ba7b6c,2014,mercedes-benz,cls,CLS400,google-ai-overview,mismatch,false,245/45R18 275/40R18,245/45R18 275/40R18,255/35R19 285/30R19,245/45R18 275/40R18,255/35R19 285/30R19,CLS63 AMG S,,,
49b43cb1-de27-47de-84ff-c4fb10b689ff,2015,mercedes-benz,cls,CLS550,google-ai-overview,mismatch,false,255/40R18 285/35R18,255/40R18 285/35R18,255/35R19 285/30R19,255/40R18 285/35R18,255/35R19 285/30R19,CLS63 AMG S,,,
dc7b9474-8ba3-4f30-a6be-3dd9e0a46c07,2015,mercedes-benz,cls,CLS400,google-ai-overview,mismatch,false,245/45R18 275/40R18,245/45R18 275/40R18,255/35R19 285/30R19,245/45R18 275/40R18,255/35R19 285/30R19,CLS63 AMG S,,,
393ce959-eb27-46ab-84d9-36f342afa959,2016,mercedes-benz,cls,CLS400,google-ai-overview,mismatch,false,245/45R18 275/40R18,245/45R18 275/40R18,255/35R19 285/30R19,245/45R18 275/40R18,255/35R19 285/30R19,CLS63 AMG S,,,
8b97f4b5-3405-49dc-9e07-157157c5da0a,2016,mercedes-benz,cls,CLS550,google-ai-overview,mismatch,false,255/40R18 285/35R18,255/40R18 285/35R18,255/35R19 285/30R19,255/40R18 285/35R18,255/35R19 285/30R19,CLS63 AMG S,,,
a9436469-a725-4141-8b61-5cb70e902dba,2017,mercedes-benz,cls,CLS400,google-ai-overview,mismatch,true,245/45R18 275/40R18,245/45R18 275/40R18,255/40R18 285/35R18 255/35R19 285/30R19,245/45R18 275/40R18,255/40R18 285/35R18 255/35R19 285/30R19,CLS550 | CLS400 | CLS63 AMG S,CLS400,mismatch,
60c16990-2bee-4e29-a6c2-c586867ef0ed,2019,mercedes-benz,cls,AMG CLS53,google-ai-overview,mismatch,true,255/40R20 285/35R20,255/40R20 285/35R20,275/30R20 245/40R19 275/35R19 245/35R20,255/40R20 285/35R20,275/30R20 245/40R19 275/35R19 245/35R20,CLS450 | CLS53 AMG,,,
26c5dbbb-35d0-4475-878c-2fc6ebc8c7af,2020,mercedes-benz,cls,AMG CLS53,google-ai-overview,mismatch,true,255/40R20 285/35R20,255/40R20 285/35R20,245/40R19 275/35R19 245/35R20 275/30R20,255/40R20 285/35R20,245/40R19 275/35R19 245/35R20 275/30R20,CLS450 | CLS53 AMG,,,
9d39a812-b255-4071-8ab5-2f93a1210ec3,2021,mercedes-benz,cls,AMG CLS53,google-ai-overview,mismatch,true,255/40R20 285/35R20,255/40R20 285/35R20,245/40R19 275/35R19 245/35R20 275/30R20,255/40R20 285/35R20,245/40R19 275/35R19 245/35R20 275/30R20,CLS450 | CLS53 AMG,,,
94fc04af-d79e-4309-8e64-902719132267,2022,mercedes-benz,cls,AMG CLS53,google-ai-overview,mismatch,true,255/40R20 285/35R20,255/40R20 285/35R20,245/40R19 275/35R19 245/35R20 275/30R20,255/40R20 285/35R20,245/40R19 275/35R19 245/35R20 275/30R20,CLS450,,,
2d774b9a-b20c-4237-9438-c72c7fd1de1a,2023,mercedes-benz,cls,AMG CLS53,google-ai-overview,mismatch,true,255/40R20 285/35R20,255/40R20 285/35R20,245/40R19 275/35R19 245/35R20 275/30R20,255/40R20 285/35R20,245/40R19 275/35R19 245/35R20 275/30R20,CLS450,,,
56e5ba96-f30a-4d0e-9ca4-da984cf57ab2,2019,mercedes-benz,cls-class-amg,Base,google-ai-overview,mismatch,true,255/35R19 285/30R19,255/35R19 285/30R19,245/35R20 275/30R20 245/40R19 275/35R19,255/35R19 285/30R19,245/35R20 275/30R20 245/40R19 275/35R19,CLS53 AMG,,,
eeacc669-424b-4864-8201-aa0e37f22b4b,2020,mercedes-benz,cls-class-amg,Base,google-ai-overview,mismatch,true,255/35R19 285/30R19,255/35R19 285/30R19,245/40R19 275/35R19 245/35R20 275/30R20,255/35R19 285/30R19,245/40R19 275/35R19 245/35R20 275/30R20,CLS53 AMG,,,
c4b6a8f3-baa5-43bd-8744-76f3e781f93f,2021,mercedes-benz,cls-class-amg,Base,google-ai-overview,mismatch,true,255/35R19 285/30R19,255/35R19 285/30R19,245/40R19 275/35R19 245/35R20 275/30R20,255/35R19 285/30R19,245/40R19 275/35R19 245/35R20 275/30R20,CLS53 AMG,,,
2b13c3a8-6c0b-4aae-a989-441505026e41,2000,mercedes-benz,e-class,E450,google-ai-overview,mismatch,true,245/45R18 275/40R18,245/45R18 275/40R18,215/55R16 245/40R18 275/35R18 235/45R17,245/45R18 275/40R18,215/55R16 245/40R18 275/35R18 235/45R17,E320 | E55 AMG | E430,,,
a100ff83-4549-45d6-ab98-5f7793e7a007,2000,mercedes-benz,e-class,E350,google-ai-overview,mismatch,true,245/45R18 275/40R18,245/45R18 275/40R18,215/55R16 245/40R18 275/35R18 235/45R17,245/45R18 275/40R18,215/55R16 245/40R18 275/35R18 235/45R17,E320 | E55 AMG | E430,,,
beeeea4a-08e8-4615-aa41-172412773fb8,2000,mercedes-benz,e-class,E63 AMG,google-ai-overview,mismatch,false,265/35R19 295/30R19,265/35R19 295/30R19,215/55R16 245/40R18 275/35R18 235/45R17,265/35R19 295/30R19,215/55R16 245/40R18 275/35R18 235/45R17,E320 | E55 AMG | E430,,,
f94277c4-29ae-4526-ab18-1f86ee63c0d1,2000,mercedes-benz,e-class,E53 AMG,google-ai-overview,mismatch,false,265/35R19 295/30R19,265/35R19 295/30R19,215/55R16 245/40R18 275/35R18 235/45R17,265/35R19 295/30R19,215/55R16 245/40R18 275/35R18 235/45R17,E320 | E55 AMG | E430,,,
05897569-c481-493e-bbeb-83af8270a011,2001,mercedes-benz,e-class,E53 AMG,google-ai-overview,mismatch,false,265/35R19 295/30R19,265/35R19 295/30R19,215/55R16 245/40R18 275/35R18 235/45R17,265/35R19 295/30R19,215/55R16 245/40R18 275/35R18 235/45R17,E320 | E55 AMG | E430,,,
23b1cd3e-922b-40b5-9fd8-e19238273ff1,2001,mercedes-benz,e-class,E63 AMG,google-ai-overview,mismatch,false,265/35R19 295/30R19,265/35R19 295/30R19,215/55R16 245/40R18 275/35R18 235/45R17,265/35R19 295/30R19,215/55R16 245/40R18 275/35R18 235/45R17,E320 | E55 AMG | E430,,,
3b159e25-5da0-4fd6-b642-561a5b85751d,2001,mercedes-benz,e-class,E350,google-ai-overview,mismatch,true,245/45R18 275/40R18,245/45R18 275/40R18,215/55R16 245/40R18 275/35R18 235/45R17,245/45R18 275/40R18,215/55R16 245/40R18 275/35R18 235/45R17,E320 | E55 AMG | E430,,,
fc9ae100-d30b-415c-a8d6-b42af5fdb718,2001,mercedes-benz,e-class,E450,google-ai-overview,mismatch,true,245/45R18 275/40R18,245/45R18 275/40R18,215/55R16 245/40R18 275/35R18 235/45R17,245/45R18 275/40R18,215/55R16 245/40R18 275/35R18 235/45R17,E320 | E55 AMG | E430,,,
2a8e56b5-d731-476a-ab22-3bcfe1d25f7e,2002,mercedes-benz,e-class,E63 AMG,google-ai-overview,mismatch,false,265/35R19 295/30R19,265/35R19 295/30R19,215/55R16 235/45R17 245/40R18 275/35R18,265/35R19 295/30R19,215/55R16 235/45R17 245/40R18 275/35R18,E320 | E55 AMG | E430,,,
2e850875-2e2a-4e46-a74f-6bfd6e522855,2002,mercedes-benz,e-class,E450,google-ai-overview,mismatch,true,245/45R18 275/40R18,245/45R18 275/40R18,215/55R16 235/45R17 245/40R18 275/35R18,245/45R18 275/40R18,215/55R16 235/45R17 245/40R18 275/35R18,E320 | E55 AMG | E430,,,
9932de66-e3a5-47de-9724-421594b89457,2002,mercedes-benz,e-class,E350,google-ai-overview,mismatch,true,245/45R18 275/40R18,245/45R18 275/40R18,215/55R16 235/45R17 245/40R18 275/35R18,245/45R18 275/40R18,215/55R16 235/45R17 245/40R18 275/35R18,E320 | E55 AMG | E430,,,
c6389a3b-4e84-43ab-9598-fb4bdeec5021,2002,mercedes-benz,e-class,E53 AMG,google-ai-overview,mismatch,false,265/35R19 295/30R19,265/35R19 295/30R19,215/55R16 235/45R17 245/40R18 275/35R18,265/35R19 295/30R19,215/55R16 235/45R17 245/40R18 275/35R18,E320 | E55 AMG | E430,,,
583fd851-7dcc-48f4-b875-65498d234500,2003,mercedes-benz,e-class,E450,google-ai-overview,mismatch,true,245/45R18 275/40R18,245/45R18 275/40R18,225/55R16 215/55R16 245/40R18 265/35R18 245/45R17,245/45R18 275/40R18,225/55R16 215/55R16 245/40R18 265/35R18 245/45R17,E320 | E55 AMG | E500,,,
5eac284d-3d35-4993-ac70-d7678572cfc2,2003,mercedes-benz,e-class,"E300, E350, E450, E53 AMG, E63 AMG",google-ai-overview,mismatch,false,265/35R19 295/30R19,265/35R19 295/30R19,225/55R16 215/55R16 245/40R18 265/35R18 245/45R17,265/35R19 295/30R19,225/55R16 215/55R16 245/40R18 265/35R18 245/45R17,E320 | E55 AMG | E500,,,
65ec850b-b0bd-4a77-b742-64ee97ce264c,2003,mercedes-benz,e-class,E53 AMG,google-ai-overview,mismatch,false,265/35R19 295/30R19,265/35R19 295/30R19,225/55R16 215/55R16 245/40R18 265/35R18 245/45R17,265/35R19 295/30R19,225/55R16 215/55R16 245/40R18 265/35R18 245/45R17,E320 | E55 AMG | E500,,,
b00672b8-f14f-40e8-af33-4ae6a004aef8,2003,mercedes-benz,e-class,E300,google-ai-overview,mismatch,true,245/45R18 275/40R18,245/45R18 275/40R18,225/55R16 215/55R16 245/40R18 265/35R18 245/45R17,245/45R18 275/40R18,225/55R16 215/55R16 245/40R18 265/35R18 245/45R17,E320 | E55 AMG | E500,,,
3e2c58f9-9036-4827-95eb-7654adb496dd,2004,mercedes-benz,e-class,E300,google-ai-overview,mismatch,true,245/45R18 275/40R18,245/45R18 275/40R18,225/55R16 245/45R17 245/40R18 265/35R18,245/45R18 275/40R18,225/55R16 245/45R17 245/40R18 265/35R18,E320 | E55 AMG | E500,,,
740bc684-b912-4999-b8bd-2a4024733af1,2004,mercedes-benz,e-class,E450,google-ai-overview,mismatch,true,245/45R18 275/40R18,245/45R18 275/40R18,225/55R16 245/45R17 245/40R18 265/35R18,245/45R18 275/40R18,225/55R16 245/45R17 245/40R18 265/35R18,E320 | E55 AMG | E500,,,
790aa56e-caa0-445f-8742-2477c3293df8,2004,mercedes-benz,e-class,E53 AMG,google-ai-overview,mismatch,false,265/35R19 295/30R19,265/35R19 295/30R19,225/55R16 245/45R17 245/40R18 265/35R18,265/35R19 295/30R19,225/55R16 245/45R17 245/40R18 265/35R18,E320 | E55 AMG | E500,,,
eaf3a536-589b-4834-bdaa-0d60b7af2d3a,2004,mercedes-benz,e-class,"E300, E350, E450, E53 AMG, E63 AMG",google-ai-overview,mismatch,false,265/35R19 295/30R19,265/35R19 295/30R19,225/55R16 245/45R17 245/40R18 265/35R18,265/35R19 295/30R19,225/55R16 245/45R17 245/40R18 265/35R18,E320 | E55 AMG | E500,,,
20b3d65a-59a4-4937-a2a1-a73650e5979e,2005,mercedes-benz,e-class,E300,google-ai-overview,mismatch,true,245/45R18 275/40R18,245/45R18 275/40R18,225/55R16 245/45R17 245/40R18 265/35R18,245/45R18 275/40R18,225/55R16 245/45R17 245/40R18 265/35R18,E320 | E55 AMG | E500,,,
95cca720-feda-4d8c-a362-773d2b4dc4b6,2005,mercedes-benz,e-class,E53 AMG,google-ai-overview,mismatch,false,265/35R19 295/30R19,265/35R19 295/30R19,225/55R16 245/45R17 245/40R18 265/35R18,265/35R19 295/30R19,225/55R16 245/45R17 245/40R18 265/35R18,E320 | E55 AMG | E500,,,
b0b2cb53-3053-48f0-8eb0-fdab59fbcb58,2005,mercedes-benz,e-class,"E300, E350, E450, E53 AMG, E63 AMG",google-ai-overview,mismatch,false,265/35R19 295/30R19,265/35R19 295/30R19,225/55R16 245/45R17 245/40R18 265/35R18,265/35R19 295/30R19,225/55R16 245/45R17 245/40R18 265/35R18,E320 | E55 AMG | E500,,,
dacdd28f-04df-4543-9035-aab93c9d7bea,2005,mercedes-benz,e-class,E450,google-ai-overview,mismatch,true,245/45R18 275/40R18,245/45R18 275/40R18,225/55R16 245/45R17 245/40R18 265/35R18,245/45R18 275/40R18,225/55R16 245/45R17 245/40R18 265/35R18,E320 | E55 AMG | E500,,,
12c58099-1d11-43ea-9ffa-374a108bbc10,2006,mercedes-benz,e-class,E53 AMG,google-ai-overview,mismatch,false,265/35R19 295/30R19,265/35R19 295/30R19,245/45R17 245/40R18 265/35R18 225/55R16,265/35R19 295/30R19,245/45R17 245/40R18 265/35R18 225/55R16,E350 | E320 | E55 AMG | E500,,,
808b7f85-b15b-42a3-a49f-0c0afb80d302,2006,mercedes-benz,e-class,E300,google-ai-overview,mismatch,true,245/45R18 275/40R18,245/45R18 275/40R18,245/45R17 245/40R18 265/35R18 225/55R16,245/45R18 275/40R18,245/45R17 245/40R18 265/35R18 225/55R16,E350 | E320 | E55 AMG | E500,,,
cec61d87-8ad6-48ae-83fe-e41bc99e7227,2006,mercedes-benz,e-class,"E300, E350, E450, E53 AMG, E63 AMG",google-ai-overview,mismatch,false,265/35R19 295/30R19,265/35R19 295/30R19,245/45R17 245/40R18 265/35R18 225/55R16,265/35R19 295/30R19,245/45R17 245/40R18 265/35R18 225/55R16,E350 | E320 | E55 AMG | E500,,,
f54ed417-bf99-4033-b1c9-37357ed79013,2006,mercedes-benz,e-class,E450,google-ai-overview,mismatch,true,245/45R18 275/40R18,245/45R18 275/40R18,245/45R17 245/40R18 265/35R18 225/55R16,245/45R18 275/40R18,245/45R17 245/40R18 265/35R18 225/55R16,E350 | E320 | E55 AMG | E500,,,
02625db9-4329-4c8a-bb3b-815031a9996a,2007,mercedes-benz,e-class,"E300, E350, E450, E53 AMG, E63 AMG",google-ai-overview,mismatch,false,265/35R19 295/30R19,265/35R19 295/30R19,245/45R17 245/40R18 265/35R18 225/55R16,265/35R19 295/30R19,245/45R17 245/40R18 265/35R18 225/55R16,E350 | E550 | E63 AMG | E320,,,
1bc6d555-2b60-4e2e-a6cc-819721c19f6a,2007,mercedes-benz,e-class,E300,google-ai-overview,mismatch,true,245/45R18 275/40R18,245/45R18 275/40R18,245/45R17 245/40R18 265/35R18 225/55R16,245/45R18 275/40R18,245/45R17 245/40R18 265/35R18 225/55R16,E350 | E550 | E63 AMG | E320,,,
b2f6c727-b243-4f6f-bc63-17d8668745c2,2007,mercedes-benz,e-class,E53 AMG,google-ai-overview,mismatch,false,265/35R19 295/30R19,265/35R19 295/30R19,245/45R17 245/40R18 265/35R18 225/55R16,265/35R19 295/30R19,245/45R17 245/40R18 265/35R18 225/55R16,E350 | E550 | E63 AMG | E320,,,
ea261701-263b-469c-bd29-b8b6cf220df6,2007,mercedes-benz,e-class,E450,google-ai-overview,mismatch,true,245/45R18 275/40R18,245/45R18 275/40R18,245/45R17 245/40R18 265/35R18 225/55R16,245/45R18 275/40R18,245/45R17 245/40R18 265/35R18 225/55R16,E350 | E550 | E63 AMG | E320,,,
871ca8b1-bc04-4577-975b-95c5645ad458,2008,mercedes-benz,e-class,E450,google-ai-overview,mismatch,true,245/45R18 275/40R18,245/45R18 275/40R18,245/45R17 245/40R18 265/35R18 225/55R16,245/45R18 275/40R18,245/45R17 245/40R18 265/35R18 225/55R16,E350 | E550 | E63 AMG | E320,,,
b1bbbab0-0654-4625-9be3-e695af4a9e0d,2008,mercedes-benz,e-class,E300,google-ai-overview,mismatch,true,245/45R18 275/40R18,245/45R18 275/40R18,245/45R17 245/40R18 265/35R18 225/55R16,245/45R18 275/40R18,245/45R17 245/40R18 265/35R18 225/55R16,E350 | E550 | E63 AMG | E320,,,
c20c1fe9-9932-4f71-b30d-b58ed8ece27e,2008,mercedes-benz,e-class,E53 AMG,google-ai-overview,mismatch,false,265/35R19 295/30R19,265/35R19 295/30R19,245/45R17 245/40R18 265/35R18 225/55R16,265/35R19 295/30R19,245/45R17 245/40R18 265/35R18 225/55R16,E350 | E550 | E63 AMG | E320,,,
c67be51b-178d-41c8-8c8d-1f5e38382727,2008,mercedes-benz,e-class,"E300, E350, E450, E53 AMG, E63 AMG",google-ai-overview,mismatch,false,265/35R19 295/30R19,265/35R19 295/30R19,245/45R17 245/40R18 265/35R18 225/55R16,265/35R19 295/30R19,245/45R17 245/40R18 265/35R18 225/55R16,E350 | E550 | E63 AMG | E320,,,
8e000a0b-5f69-484c-a1e0-c6af02b38f87,2009,mercedes-benz,e-class,E300,google-ai-overview,mismatch,true,245/45R18 275/40R18,245/45R18 275/40R18,245/45R17 245/40R18 265/35R18 225/55R16,245/45R18 275/40R18,245/45R17 245/40R18 265/35R18 225/55R16,E350 | E550 | E63 AMG | E320,,,
9d0f1f1b-1463-486d-8b88-b1b7ca854ae7,2009,mercedes-benz,e-class,E53 AMG,google-ai-overview,mismatch,false,265/35R19 295/30R19,265/35R19 295/30R19,245/45R17 245/40R18 265/35R18 225/55R16,265/35R19 295/30R19,245/45R17 245/40R18 265/35R18 225/55R16,E350 | E550 | E63 AMG | E320,,,
b5299334-9e7c-4fce-8437-b02f9b951aec,2009,mercedes-benz,e-class,E450,google-ai-overview,mismatch,true,245/45R18 275/40R18,245/45R18 275/40R18,245/45R17 245/40R18 265/35R18 225/55R16,245/45R18 275/40R18,245/45R17 245/40R18 265/35R18 225/55R16,E350 | E550 | E63 AMG | E320,,,
ddf630e4-7f9a-41b4-93c3-2fdb2c3dcdd7,2009,mercedes-benz,e-class,"E300, E350, E450, E53 AMG, E63 AMG",google-ai-overview,mismatch,false,265/35R19 295/30R19,265/35R19 295/30R19,245/45R17 245/40R18 265/35R18 225/55R16,265/35R19 295/30R19,245/45R17 245/40R18 265/35R18 225/55R16,E350 | E550 | E63 AMG | E320,,,
167e9f0a-34d1-4734-8594-41ebe1e3c7e8,2010,mercedes-benz,e-class,E450,google-ai-overview,mismatch,true,245/45R18 275/40R18,245/45R18 275/40R18,245/45R17 245/40R18 265/35R18 235/45R17 255/40R17 235/40R18 255/35R18 255/40R18 285/35R18 255/35R19 285/30R19,245/45R18 275/40R18,245/45R17 245/40R18 265/35R18 235/45R17 255/40R17 235/40R18 255/35R18 255/40R18 285/35R18 255/35R19 285/30R19,E350 | E550 | E63 AMG,,,
781f99c0-9a95-4625-bead-8365f7993bcc,2010,mercedes-benz,e-class,"E300, E350, E450, E53 AMG, E63 AMG",google-ai-overview,mismatch,true,265/35R19 295/30R19,265/35R19 295/30R19,245/45R17 245/40R18 265/35R18 235/45R17 255/40R17 235/40R18 255/35R18 255/40R18 285/35R18 255/35R19 285/30R19,265/35R19 295/30R19,245/45R17 245/40R18 265/35R18 235/45R17 255/40R17 235/40R18 255/35R18 255/40R18 285/35R18 255/35R19 285/30R19,E350 | E550 | E63 AMG,,,
c0e9057d-6b1d-471f-9a24-caa789d34ea1,2010,mercedes-benz,e-class,E53 AMG,google-ai-overview,mismatch,true,265/35R19 295/30R19,265/35R19 295/30R19,245/45R17 245/40R18 265/35R18 235/45R17 255/40R17 235/40R18 255/35R18 255/40R18 285/35R18 255/35R19 285/30R19,265/35R19 295/30R19,245/45R17 245/40R18 265/35R18 235/45R17 255/40R17 235/40R18 255/35R18 255/40R18 285/35R18 255/35R19 285/30R19,E350 | E550 | E63 AMG,,,
ddbf0425-b7b5-4d44-951d-25a1aebc82e3,2010,mercedes-benz,e-class,E300,google-ai-overview,mismatch,true,245/45R18 275/40R18,245/45R18 275/40R18,245/45R17 245/40R18 265/35R18 235/45R17 255/40R17 235/40R18 255/35R18 255/40R18 285/35R18 255/35R19 285/30R19,245/45R18 275/40R18,245/45R17 245/40R18 265/35R18 235/45R17 255/40R17 235/40R18 255/35R18 255/40R18 285/35R18 255/35R19 285/30R19,E350 | E550 | E63 AMG,,,
4c62afd3-5652-49e2-9367-e40b01ae2bdc,2011,mercedes-benz,e-class,E450,google-ai-overview,mismatch,true,245/45R18 275/40R18,245/45R18 275/40R18,245/45R17 245/40R18 265/35R18 235/45R17 255/40R17 235/40R18 255/35R18 255/40R18 285/35R18 255/35R19 285/30R19,245/45R18 275/40R18,245/45R17 245/40R18 265/35R18 235/45R17 255/40R17 235/40R18 255/35R18 255/40R18 285/35R18 255/35R19 285/30R19,E350 | E550 | E63 AMG,,,
5d6092be-f773-4747-8138-44bdf0f752a3,2011,mercedes-benz,e-class,E300,google-ai-overview,mismatch,true,245/45R18 275/40R18,245/45R18 275/40R18,245/45R17 245/40R18 265/35R18 235/45R17 255/40R17 235/40R18 255/35R18 255/40R18 285/35R18 255/35R19 285/30R19,245/45R18 275/40R18,245/45R17 245/40R18 265/35R18 235/45R17 255/40R17 235/40R18 255/35R18 255/40R18 285/35R18 255/35R19 285/30R19,E350 | E550 | E63 AMG,,,
66565a59-fcbd-453f-a06b-d263bedd0189,2011,mercedes-benz,e-class,"E300, E350, E450, E53 AMG, E63 AMG",google-ai-overview,mismatch,true,265/35R19 295/30R19,265/35R19 295/30R19,245/45R17 245/40R18 265/35R18 235/45R17 255/40R17 235/40R18 255/35R18 255/40R18 285/35R18 255/35R19 285/30R19,265/35R19 295/30R19,245/45R17 245/40R18 265/35R18 235/45R17 255/40R17 235/40R18 255/35R18 255/40R18 285/35R18 255/35R19 285/30R19,E350 | E550 | E63 AMG,,,
aa77edf7-5be4-4580-8938-0cac4b2688e8,2011,mercedes-benz,e-class,E53 AMG,google-ai-overview,mismatch,true,265/35R19 295/30R19,265/35R19 295/30R19,245/45R17 245/40R18 265/35R18 235/45R17 255/40R17 235/40R18 255/35R18 255/40R18 285/35R18 255/35R19 285/30R19,265/35R19 295/30R19,245/45R17 245/40R18 265/35R18 235/45R17 255/40R17 235/40R18 255/35R18 255/40R18 285/35R18 255/35R19 285/30R19,E350 | E550 | E63 AMG,,,
17172910-35b3-429c-ac59-daff2e28947f,2012,mercedes-benz,e-class,"E300, E350, E450, E53 AMG, E63 AMG",google-ai-overview,mismatch,true,265/35R19 295/30R19,265/35R19 295/30R19,235/45R17 255/40R17 235/40R18 255/35R18 245/45R17 245/40R18 265/35R18 255/35R19 285/30R19,265/35R19 295/30R19,235/45R17 255/40R17 235/40R18 255/35R18 245/45R17 245/40R18 265/35R18 255/35R19 285/30R19,E350 | E550 | E63 AMG,,,
3ed05534-8047-4b7b-8d48-ec62170dc97d,2012,mercedes-benz,e-class,E550,google-ai-overview,mismatch,true,255/40R18 285/35R18,255/40R18 285/35R18,235/45R17 255/40R17 235/40R18 255/35R18 245/45R17 245/40R18 265/35R18 255/35R19 285/30R19,255/40R18 285/35R18,235/45R17 255/40R17 235/40R18 255/35R18 245/45R17 245/40R18 265/35R18 255/35R19 285/30R19,E350 | E550 | E63 AMG,E550,mismatch,
8866ee16-4b7d-4c76-80a0-f263420740b1,2012,mercedes-benz,e-class,E53 AMG,google-ai-overview,mismatch,true,265/35R19 295/30R19,265/35R19 295/30R19,235/45R17 255/40R17 235/40R18 255/35R18 245/45R17 245/40R18 265/35R18 255/35R19 285/30R19,265/35R19 295/30R19,235/45R17 255/40R17 235/40R18 255/35R18 245/45R17 245/40R18 265/35R18 255/35R19 285/30R19,E350 | E550 | E63 AMG,,,
b25a3290-ca2e-4c3b-bac1-ab4fd0c9d3e3,2012,mercedes-benz,e-class,E450,google-ai-overview,mismatch,true,245/45R18 275/40R18,245/45R18 275/40R18,235/45R17 255/40R17 235/40R18 255/35R18 245/45R17 245/40R18 265/35R18 255/35R19 285/30R19,245/45R18 275/40R18,235/45R17 255/40R17 235/40R18 255/35R18 245/45R17 245/40R18 265/35R18 255/35R19 285/30R19,E350 | E550 | E63 AMG,,,
f2da76b0-09a0-4421-86ca-9369327dbcb6,2012,mercedes-benz,e-class,E300,google-ai-overview,mismatch,true,245/45R18 275/40R18,245/45R18 275/40R18,235/45R17 255/40R17 235/40R18 255/35R18 245/45R17 245/40R18 265/35R18 255/35R19 285/30R19,245/45R18 275/40R18,235/45R17 255/40R17 235/40R18 255/35R18 245/45R17 245/40R18 265/35R18 255/35R19 285/30R19,E350 | E550 | E63 AMG,,,
03302228-e184-4d4e-9b88-09173eca4d91,2013,mercedes-benz,e-class,E550,google-ai-overview,mismatch,true,255/40R18 285/35R18,255/40R18 285/35R18,245/40R18 265/35R18 245/45R17 235/40R18 255/35R18 235/45R17 255/40R17 255/35R19 285/30R19,255/40R18 285/35R18,245/40R18 265/35R18 245/45R17 235/40R18 255/35R18 235/45R17 255/40R17 255/35R19 285/30R19,E350 | E550 | E63 AMG | E400,E550,mismatch,
60c77807-9043-44bf-ae5d-307d044a4b4f,2013,mercedes-benz,e-class,E450,google-ai-overview,mismatch,true,245/45R18 275/40R18,245/45R18 275/40R18,245/40R18 265/35R18 245/45R17 235/40R18 255/35R18 235/45R17 255/40R17 255/35R19 285/30R19,245/45R18 275/40R18,245/40R18 265/35R18 245/45R17 235/40R18 255/35R18 235/45R17 255/40R17 255/35R19 285/30R19,E350 | E550 | E63 AMG | E400,,,
6f2dbdd8-5b0a-4640-a05f-a9eac69493ad,2013,mercedes-benz,e-class,"E300, E350, E450, E53 AMG, E63 AMG",google-ai-overview,mismatch,true,265/35R19 295/30R19,265/35R19 295/30R19,245/40R18 265/35R18 245/45R17 235/40R18 255/35R18 235/45R17 255/40R17 255/35R19 285/30R19,265/35R19 295/30R19,245/40R18 265/35R18 245/45R17 235/40R18 255/35R18 235/45R17 255/40R17 255/35R19 285/30R19,E350 | E550 | E63 AMG | E400,,,
b7d46ab7-1f15-4d9c-bd6a-102ff87186d4,2013,mercedes-benz,e-class,E300,google-ai-overview,mismatch,true,245/45R18 275/40R18,245/45R18 275/40R18,245/40R18 265/35R18 245/45R17 235/40R18 255/35R18 235/45R17 255/40R17 255/35R19 285/30R19,245/45R18 275/40R18,245/40R18 265/35R18 245/45R17 235/40R18 255/35R18 235/45R17 255/40R17 255/35R19 285/30R19,E350 | E550 | E63 AMG | E400,,,
ef07d56d-3350-4222-b279-f798521854c0,2013,mercedes-benz,e-class,E53 AMG,google-ai-overview,mismatch,true,265/35R19 295/30R19,265/35R19 295/30R19,245/40R18 265/35R18 245/45R17 235/40R18 255/35R18 235/45R17 255/40R17 255/35R19 285/30R19,265/35R19 295/30R19,245/40R18 265/35R18 245/45R17 235/40R18 255/35R18 235/45R17 255/40R17 255/35R19 285/30R19,E350 | E550 | E63 AMG | E400,,,
03465263-2393-4dd6-8175-7dc8395c59cf,2014,mercedes-benz,e-class,E450,google-ai-overview,mismatch,true,245/45R18 275/40R18,245/45R18 275/40R18,245/45R17 245/40R18 235/40R18 255/35R18 255/35R19 285/30R19,245/45R18 275/40R18,245/45R17 245/40R18 235/40R18 255/35R18 255/35R19 285/30R19,E350 | E63 AMG S | E550 | E63 AMG | E400 | E250,,,
0d046562-a73f-405f-9172-f161a9f83c48,2014,mercedes-benz,e-class,E550,google-ai-overview,mismatch,true,255/40R18 285/35R18,255/40R18 285/35R18,245/45R17 245/40R18 235/40R18 255/35R18 255/35R19 285/30R19,255/40R18 285/35R18,245/45R17 245/40R18 235/40R18 255/35R18 255/35R19 285/30R19,E350 | E63 AMG S | E550 | E63 AMG | E400 | E250,E550,mismatch,
5d1b295d-4dce-4e0b-bd63-df7aad3e0e71,2014,mercedes-benz,e-class,"E300, E350, E450, E53 AMG, E63 AMG",google-ai-overview,mismatch,true,265/35R19 295/30R19,265/35R19 295/30R19,245/45R17 245/40R18 235/40R18 255/35R18 255/35R19 285/30R19,265/35R19 295/30R19,245/45R17 245/40R18 235/40R18 255/35R18 255/35R19 285/30R19,E350 | E63 AMG S | E550 | E63 AMG | E400 | E250,,,
859f81e8-fcd0-48d1-a998-23d9503591fb,2014,mercedes-benz,e-class,E300,google-ai-overview,mismatch,true,245/45R18 275/40R18,245/45R18 275/40R18,245/45R17 245/40R18 235/40R18 255/35R18 255/35R19 285/30R19,245/45R18 275/40R18,245/45R17 245/40R18 235/40R18 255/35R18 255/35R19 285/30R19,E350 | E63 AMG S | E550 | E63 AMG | E400 | E250,,,
d9289530-268d-483a-89c6-8841a64183dc,2014,mercedes-benz,e-class,E53 AMG,google-ai-overview,mismatch,true,265/35R19 295/30R19,265/35R19 295/30R19,245/45R17 245/40R18 235/40R18 255/35R18 255/35R19 285/30R19,265/35R19 295/30R19,245/45R17 245/40R18 235/40R18 255/35R18 255/35R19 285/30R19,E350 | E63 AMG S | E550 | E63 AMG | E400 | E250,,,
00481ef2-1866-4650-81f4-daa51f0ce9b6,2015,mercedes-benz,e-class,E300,google-ai-overview,mismatch,true,245/45R18 275/40R18,245/45R18 275/40R18,245/40R18 245/45R17 255/35R19 285/30R19 235/40R18 255/35R18,245/45R18 275/40R18,245/40R18 245/45R17 255/35R19 285/30R19 235/40R18 255/35R18,E350 | E63 AMG S | E550 | E63 AMG | E400 | E250,,,
37444582-72ca-4459-abe3-35f57f69c4e6,2015,mercedes-benz,e-class,"E300, E350, E450, E53 AMG, E63 AMG",google-ai-overview,mismatch,true,265/35R19 295/30R19,265/35R19 295/30R19,245/40R18 245/45R17 255/35R19 285/30R19 235/40R18 255/35R18,265/35R19 295/30R19,245/40R18 245/45R17 255/35R19 285/30R19 235/40R18 255/35R18,E350 | E63 AMG S | E550 | E63 AMG | E400 | E250,,,
38411286-20fc-4ed6-8b6e-1595a3f3b2f6,2015,mercedes-benz,e-class,E450,google-ai-overview,mismatch,true,245/45R18 275/40R18,245/45R18 275/40R18,245/40R18 245/45R17 255/35R19 285/30R19 235/40R18 255/35R18,245/45R18 275/40R18,245/40R18 245/45R17 255/35R19 285/30R19 235/40R18 255/35R18,E350 | E63 AMG S | E550 | E63 AMG | E400 | E250,,,
7a1c78e3-30ce-44b5-b114-a926551dff40,2015,mercedes-benz,e-class,E550,google-ai-overview,mismatch,true,255/40R18 285/35R18,255/40R18 285/35R18,245/40R18 245/45R17 255/35R19 285/30R19 235/40R18 255/35R18,255/40R18 285/35R18,245/40R18 245/45R17 255/35R19 285/30R19 235/40R18 255/35R18,E350 | E63 AMG S | E550 | E63 AMG | E400 | E250,E550,mismatch,
909b1dab-31fc-41e7-ad7b-e4341f47612a,2015,mercedes-benz,e-class,E53 AMG,google-ai-overview,mismatch,true,265/35R19 295/30R19,265/35R19 295/30R19,245/40R18 245/45R17 255/35R19 285/30R19 235/40R18 255/35R18,265/35R19 295/30R19,245/40R18 245/45R17 255/35R19 285/30R19 235/40R18 255/35R18,E350 | E63 AMG S | E550 | E63 AMG | E400 | E250,,,
3290fe94-1291-487b-be2f-9d633c8da3ce,2016,mercedes-benz,e-class,E550,google-ai-overview,mismatch,true,255/40R18 285/35R18,255/40R18 285/35R18,245/45R17 245/40R18 255/35R19 285/30R19 235/40R18 255/35R18,255/40R18 285/35R18,245/45R17 245/40R18 255/35R19 285/30R19 235/40R18 255/35R18,E350 | E63 AMG S | E550 | E400 | E250,E550,mismatch,
6ecaec33-5c52-4229-9cfa-cf3055d3090d,2016,mercedes-benz,e-class,E450,google-ai-overview,mismatch,true,245/45R18 275/40R18,245/45R18 275/40R18,245/45R17 245/40R18 255/35R19 285/30R19 235/40R18 255/35R18,245/45R18 275/40R18,245/45R17 245/40R18 255/35R19 285/30R19 235/40R18 255/35R18,E350 | E63 AMG S | E550 | E400 | E250,,,
8e158f55-efdf-4b90-aa4e-e6d777ca5d21,2016,mercedes-benz,e-class,E300,google-ai-overview,mismatch,true,245/45R18 275/40R18,245/45R18 275/40R18,245/45R17 245/40R18 255/35R19 285/30R19 235/40R18 255/35R18,245/45R18 275/40R18,245/45R17 245/40R18 255/35R19 285/30R19 235/40R18 255/35R18,E350 | E63 AMG S | E550 | E400 | E250,,,
8f060b60-e18e-4053-8184-8c47f422b111,2016,mercedes-benz,e-class,"E300, E350, E450, E53 AMG, E63 AMG",google-ai-overview,mismatch,true,265/35R19 295/30R19,265/35R19 295/30R19,245/45R17 245/40R18 255/35R19 285/30R19 235/40R18 255/35R18,265/35R19 295/30R19,245/45R17 245/40R18 255/35R19 285/30R19 235/40R18 255/35R18,E350 | E63 AMG S | E550 | E400 | E250,,,
bf53f990-09c0-4d30-ad34-71241f787e8c,2016,mercedes-benz,e-class,E53 AMG,google-ai-overview,mismatch,true,265/35R19 295/30R19,265/35R19 295/30R19,245/45R17 245/40R18 255/35R19 285/30R19 235/40R18 255/35R18,265/35R19 295/30R19,245/45R17 245/40R18 255/35R19 285/30R19 235/40R18 255/35R18,E350 | E63 AMG S | E550 | E400 | E250,,,
9f46dfbf-1746-4c3e-8a71-e822bf64b181,2017,mercedes-benz,e-class,E450 4MATIC,google-ai-overview,mismatch,true,245/45R19 275/40R19,245/45R19 275/40R19,235/40R18 255/35R18 245/40R19 245/45R18 225/55R17,245/45R19 275/40R19,235/40R18 255/35R18 245/40R19 245/45R18 225/55R17,E550 | E400 | E300,,,
ab52a181-743d-4646-b7c4-3f6652e0d830,2017,mercedes-benz,e-class,AMG E63,google-ai-overview,mismatch,true,265/35R19 295/30R19,265/35R19 295/30R19,235/40R18 255/35R18 245/40R19 245/45R18 225/55R17,265/35R19 295/30R19,235/40R18 255/35R18 245/40R19 245/45R18 225/55R17,E550 | E400 | E300,,,
e0de0cb4-5bf6-4e53-b5df-64a04bd064f4,2017,mercedes-benz,e-class,AMG E63 S,google-ai-overview,mismatch,false,265/35R20 295/30R20,265/35R20 295/30R20,235/40R18 255/35R18 245/40R19 245/45R18 225/55R17,265/35R20 295/30R20,235/40R18 255/35R18 245/40R19 245/45R18 225/55R17,E550 | E400 | E300,,,
eff6f6ea-4d62-426a-942d-99537807e90f,2017,mercedes-benz,e-class,E63 AMG,google-ai-overview,mismatch,true,265/35R19 295/30R19,265/35R19 295/30R19,235/40R18 255/35R18 245/40R19 245/45R18 225/55R17,265/35R19 295/30R19,235/40R18 255/35R18 245/40R19 245/45R18 225/55R17,E550 | E400 | E300,,,
fd7781f8-c916-45ac-afa7-a9bd15b3eafd,2017,mercedes-benz,e-class,E450,google-ai-overview,mismatch,true,245/45R19 275/40R19,245/45R19 275/40R19,235/40R18 255/35R18 245/40R19 245/45R18 225/55R17,245/45R19 275/40R19,235/40R18 255/35R18 245/40R19 245/45R18 225/55R17,E550 | E400 | E300,,,
498cda1d-dff0-4bbf-af76-f4e12b649139,2019,mercedes-benz,e-class,E450 4MATIC,google-ai-overview,mismatch,true,245/45R19 275/40R19,245/45R19 275/40R19,245/45R18 245/40R19 275/40R18 275/35R19 245/35R20 275/30R20 265/35R20 295/30R20 225/55R17,245/45R19 275/40R19,245/45R18 245/40R19 275/40R18 275/35R19 245/35R20 275/30R20 265/35R20 295/30R20 225/55R17,E450 | E53 AMG | E63 AMG S | E300,,,
ab8b6459-45c5-4f59-b89f-49096fc5e2a2,2019,mercedes-benz,e-class,E63 AMG,google-ai-overview,mismatch,true,265/35R19 295/30R19,265/35R19 295/30R19,245/45R18 245/40R19 275/40R18 275/35R19 245/35R20 275/30R20 265/35R20 295/30R20 225/55R17,265/35R19 295/30R19,245/45R18 245/40R19 275/40R18 275/35R19 245/35R20 275/30R20 265/35R20 295/30R20 225/55R17,E450 | E53 AMG | E63 AMG S | E300,,,
b2a540e4-86f4-43fd-9c50-8f65f39dc5a1,2019,mercedes-benz,e-class,E450,google-ai-overview,mismatch,true,245/45R19 275/40R19,245/45R19 275/40R19,245/45R18 245/40R19 275/40R18 275/35R19 245/35R20 275/30R20 265/35R20 295/30R20 225/55R17,245/45R19 275/40R19,245/45R18 245/40R19 275/40R18 275/35R19 245/35R20 275/30R20 265/35R20 295/30R20 225/55R17,E450 | E53 AMG | E63 AMG S | E300,E450,mismatch,
e553ffae-d043-4b7f-b951-7600f43d755e,2019,mercedes-benz,e-class,AMG E63,google-ai-overview,mismatch,true,265/35R19 295/30R19,265/35R19 295/30R19,245/45R18 245/40R19 275/40R18 275/35R19 245/35R20 275/30R20 265/35R20 295/30R20 225/55R17,265/35R19 295/30R19,245/45R18 245/40R19 275/40R18 275/35R19 245/35R20 275/30R20 265/35R20 295/30R20 225/55R17,E450 | E53 AMG | E63 AMG S | E300,,,
3419d8f0-87c6-4b1b-94e9-f38e184764bb,2020,mercedes-benz,e-class,E450 4MATIC,google-ai-overview,mismatch,true,245/45R19 275/40R19,245/45R19 275/40R19,245/45R18 245/40R19 225/55R17 275/40R18 275/35R19 245/35R20 275/30R20 265/35R20 295/30R20,245/45R19 275/40R19,245/45R18 245/40R19 225/55R17 275/40R18 275/35R19 245/35R20 275/30R20 265/35R20 295/30R20,E350 | E450 | E53 AMG | E63 AMG S,,,
8f80389a-317d-4040-b284-ea9b17a0e110,2020,mercedes-benz,e-class,AMG E63,google-ai-overview,mismatch,true,265/35R19 295/30R19,265/35R19 295/30R19,245/45R18 245/40R19 225/55R17 275/40R18 275/35R19 245/35R20 275/30R20 265/35R20 295/30R20,265/35R19 295/30R19,245/45R18 245/40R19 225/55R17 275/40R18 275/35R19 245/35R20 275/30R20 265/35R20 295/30R20,E350 | E450 | E53 AMG | E63 AMG S,,,
b71c436b-2095-41fd-89b7-52a2fe5f86d0,2020,mercedes-benz,e-class,E450,google-ai-overview,mismatch,true,245/45R19 275/40R19,245/45R19 275/40R19,245/45R18 245/40R19 225/55R17 275/40R18 275/35R19 245/35R20 275/30R20 265/35R20 295/30R20,245/45R19 275/40R19,245/45R18 245/40R19 225/55R17 275/40R18 275/35R19 245/35R20 275/30R20 265/35R20 295/30R20,E350 | E450 | E53 AMG | E63 AMG S,E450,mismatch,
b7390e65-df18-4841-a022-561cac3d3faa,2020,mercedes-benz,e-class,E63 AMG,google-ai-overview,mismatch,true,265/35R19 295/30R19,265/35R19 295/30R19,245/45R18 245/40R19 225/55R17 275/40R18 275/35R19 245/35R20 275/30R20 265/35R20 295/30R20,265/35R19 295/30R19,245/45R18 245/40R19 225/55R17 275/40R18 275/35R19 245/35R20 275/30R20 265/35R20 295/30R20,E350 | E450 | E53 AMG | E63 AMG S,,,
59487481-c8f3-44ef-b8b3-1e62c8c015de,2021,mercedes-benz,e-class,AMG E63,google-ai-overview,mismatch,true,265/35R19 295/30R19,265/35R19 295/30R19,245/45R18 275/40R18 245/40R19 275/35R19 245/40R20 245/35R20 275/30R20 245/45R19 275/35R20 265/35R20 295/30R20,265/35R19 295/30R19,245/45R18 275/40R18 245/40R19 275/35R19 245/40R20 245/35R20 275/30R20 245/45R19 275/35R20 265/35R20 295/30R20,E350 | E450 | E53 AMG | E63 AMG S,,,
5d617516-188d-4258-bed2-1b31f479c03c,2021,mercedes-benz,e-class,E63 AMG,google-ai-overview,mismatch,true,265/35R19 295/30R19,265/35R19 295/30R19,245/45R18 275/40R18 245/40R19 275/35R19 245/40R20 245/35R20 275/30R20 245/45R19 275/35R20 265/35R20 295/30R20,265/35R19 295/30R19,245/45R18 275/40R18 245/40R19 275/35R19 245/40R20 245/35R20 275/30R20 245/45R19 275/35R20 265/35R20 295/30R20,E350 | E450 | E53 AMG | E63 AMG S,,,
674169c5-b37a-42cd-b10c-42e06df87c40,2021,mercedes-benz,e-class,E300,google-ai-overview,mismatch,false,225/55R17 245/50R17,225/55R17 245/50R17,245/45R18 275/40R18 245/40R19 275/35R19 245/40R20 245/35R20 275/30R20 245/45R19 275/35R20 265/35R20 295/30R20,225/55R17 245/50R17,245/45R18 275/40R18 245/40R19 275/35R19 245/40R20 245/35R20 275/30R20 245/45R19 275/35R20 265/35R20 295/30R20,E350 | E450 | E53 AMG | E63 AMG S,,,
e2c7ce4b-ceb8-4ee0-b62b-33cc8616c495,2021,mercedes-benz,e-class,"E300, E350, E450, E53 AMG, E63 AMG",google-ai-overview,mismatch,false,225/55R17 245/50R17,225/55R17 245/50R17,245/45R18 275/40R18 245/40R19 275/35R19 245/40R20 245/35R20 275/30R20 245/45R19 275/35R20 265/35R20 295/30R20,225/55R17 245/50R17,245/45R18 275/40R18 245/40R19 275/35R19 245/40R20 245/35R20 275/30R20 245/45R19 275/35R20 265/35R20 295/30R20,E350 | E450 | E53 AMG | E63 AMG S,,,
37f19d39-26a1-4b1d-be06-7c459e3cb123,2022,mercedes-benz,e-class,"E300, E350, E450, E53 AMG, E63 AMG",google-ai-overview,mismatch,false,225/55R17 245/50R17,225/55R17 245/50R17,245/45R18 245/40R19 245/45R19 245/40R20 275/35R20 275/40R18 275/35R19 245/35R20 275/30R20,225/55R17 245/50R17,245/45R18 245/40R19 245/45R19 245/40R20 275/35R20 275/40R18 275/35R19 245/35R20 275/30R20,E350 | E450 | E53 AMG,,,
5333139c-b601-4d82-a75c-a8361afb2e23,2022,mercedes-benz,e-class,AMG E63 S,google-ai-overview,mismatch,true,265/35R20 295/30R20,265/35R20 295/30R20,245/45R18 245/40R19 245/45R19 245/40R20 275/35R20 275/40R18 275/35R19 245/35R20 275/30R20,265/35R20 295/30R20,245/45R18 245/40R19 245/45R19 245/40R20 275/35R20 275/40R18 275/35R19 245/35R20 275/30R20,E350 | E450 | E53 AMG,,,
89727069-2646-496e-b200-a889a2785da6,2022,mercedes-benz,e-class,AMG E63,google-ai-overview,mismatch,true,265/35R19 295/30R19,265/35R19 295/30R19,245/45R18 245/40R19 245/45R19 245/40R20 275/35R20 275/40R18 275/35R19 245/35R20 275/30R20,265/35R19 295/30R19,245/45R18 245/40R19 245/45R19 245/40R20 275/35R20 275/40R18 275/35R19 245/35R20 275/30R20,E350 | E450 | E53 AMG,,,
961d1d02-2b16-44ce-bcb8-51ee5c1b32f1,2022,mercedes-benz,e-class,E300,google-ai-overview,mismatch,false,225/55R17 245/50R17,225/55R17 245/50R17,245/45R18 245/40R19 245/45R19 245/40R20 275/35R20 275/40R18 275/35R19 245/35R20 275/30R20,225/55R17 245/50R17,245/45R18 245/40R19 245/45R19 245/40R20 275/35R20 275/40R18 275/35R19 245/35R20 275/30R20,E350 | E450 | E53 AMG,,,
aa902b20-5cb4-48e3-a88d-ac6995823f8b,2022,mercedes-benz,e-class,E63 AMG,google-ai-overview,mismatch,true,265/35R19 295/30R19,265/35R19 295/30R19,245/45R18 245/40R19 245/45R19 245/40R20 275/35R20 275/40R18 275/35R19 245/35R20 275/30R20,265/35R19 295/30R19,245/45R18 245/40R19 245/45R19 245/40R20 275/35R20 275/40R18 275/35R19 245/35R20 275/30R20,E350 | E450 | E53 AMG,,,
32b61c94-0ede-49da-99f3-f3ce83244794,2023,mercedes-benz,e-class,E300,google-ai-overview,mismatch,false,225/55R17 245/50R17,225/55R17 245/50R17,245/45R18 245/40R19 275/40R18 275/35R19 245/35R20 275/30R20 245/45R19 245/40R20 275/35R20 265/35R20 295/30R20,225/55R17 245/50R17,245/45R18 245/40R19 275/40R18 275/35R19 245/35R20 275/30R20 245/45R19 245/40R20 275/35R20 265/35R20 295/30R20,E350 | E450 | E53 AMG | E63 AMG S,,,
3307262e-3ea4-4956-8780-c49acb00ebd4,2023,mercedes-benz,e-class,"E300, E350, E450, E53 AMG, E63 AMG",google-ai-overview,mismatch,false,225/55R17 245/50R17,225/55R17 245/50R17,245/45R18 245/40R19 275/40R18 275/35R19 245/35R20 275/30R20 245/45R19 245/40R20 275/35R20 265/35R20 295/30R20,225/55R17 245/50R17,245/45R18 245/40R19 275/40R18 275/35R19 245/35R20 275/30R20 245/45R19 245/40R20 275/35R20 265/35R20 295/30R20,E350 | E450 | E53 AMG | E63 AMG S,,,
35e17372-c859-4afe-b23a-39d7b847287f,2023,mercedes-benz,e-class,AMG E63,google-ai-overview,mismatch,true,265/35R19 295/30R19,265/35R19 295/30R19,245/45R18 245/40R19 275/40R18 275/35R19 245/35R20 275/30R20 245/45R19 245/40R20 275/35R20 265/35R20 295/30R20,265/35R19 295/30R19,245/45R18 245/40R19 275/40R18 275/35R19 245/35R20 275/30R20 245/45R19 245/40R20 275/35R20 265/35R20 295/30R20,E350 | E450 | E53 AMG | E63 AMG S,,,
c61fac00-2aea-4ece-b600-75d3ceb26755,2023,mercedes-benz,e-class,E63 AMG,google-ai-overview,mismatch,true,265/35R19 295/30R19,265/35R19 295/30R19,245/45R18 245/40R19 275/40R18 275/35R19 245/35R20 275/30R20 245/45R19 245/40R20 275/35R20 265/35R20 295/30R20,265/35R19 295/30R19,245/45R18 245/40R19 275/40R18 275/35R19 245/35R20 275/30R20 245/45R19 245/40R20 275/35R20 265/35R20 295/30R20,E350 | E450 | E53 AMG | E63 AMG S,,,
aaa055e8-0aaf-4005-8338-793272eddba3,2024,mercedes-benz,e-class,AMG E53,google-ai-overview,mismatch,true,265/40R20 295/35R20,265/40R20 295/35R20,225/55R18 245/35R21 275/30R21 245/40R20 245/45R19 275/40R19 275/35R20 255/45R19 255/40R20 285/35R20,265/40R20 295/35R20,225/55R18 245/35R21 275/30R21 245/40R20 245/45R19 275/40R19 275/35R20 255/45R19 255/40R20 285/35R20,E350 | E450,,,
bf5246a6-0d7f-4448-b435-705b8a1f27d2,2024,mercedes-benz,e-class,E53 AMG,google-ai-overview,mismatch,true,265/40R20 295/35R20,265/40R20 295/35R20,225/55R18 245/35R21 275/30R21 245/40R20 245/45R19 275/40R19 275/35R20 255/45R19 255/40R20 285/35R20,265/40R20 295/35R20,225/55R18 245/35R21 275/30R21 245/40R20 245/45R19 275/40R19 275/35R20 255/45R19 255/40R20 285/35R20,E350 | E450,,,
e23efb70-3320-4379-9d92-757dd31d6587,2024,mercedes-benz,e-class,E63 AMG,google-ai-overview,mismatch,true,265/35R19 295/30R19,265/35R19 295/30R19,225/55R18 245/35R21 275/30R21 245/40R20 245/45R19 275/40R19 275/35R20 255/45R19 255/40R20 285/35R20,265/35R19 295/30R19,225/55R18 245/35R21 275/30R21 245/40R20 245/45R19 275/40R19 275/35R20 255/45R19 255/40R20 285/35R20,E350 | E450,,,
6cc8fc7f-7811-40fd-9197-2ac8c8d8b28e,2025,mercedes-benz,e-class,E63 AMG,google-ai-overview,mismatch,true,265/35R19 295/30R19,265/35R19 295/30R19,225/55R18 245/45R19 275/40R19 245/40R20 275/35R20 245/35R21 275/30R21 255/45R19 255/40R20 285/35R20 265/40R20 295/35R20 265/35R21,265/35R19 295/30R19,225/55R18 245/45R19 275/40R19 245/40R20 275/35R20 245/35R21 275/30R21 255/45R19 255/40R20 285/35R20 265/40R20 295/35R20 265/35R21,E350 | E450 | E53 AMG,,,
f163c04b-b306-41cf-b038-52e60a0d8348,2026,mercedes-benz,e-class,E63 AMG,google-ai-overview,mismatch,true,265/35R19 295/30R19,265/35R19 295/30R19,225/55R18 245/45R19 275/40R19 245/40R20 275/35R20 245/35R21 275/30R21 255/45R19 255/40R20 285/35R20 265/40R20 295/35R20 265/35R21,265/35R19 295/30R19,225/55R18 245/45R19 275/40R19 245/40R20 275/35R20 245/35R21 275/30R21 255/45R19 255/40R20 285/35R20 265/40R20 295/35R20 265/35R21,E350 | E450 | E53 AMG,,,
8f41f045-bcb3-4c45-8d06-bf985eea1a67,2002,mercedes-benz,e-class-amg,Base,google-ai-overview,mismatch,false,265/35R19 295/30R19,265/35R19 295/30R19,245/40R18 275/35R18,265/35R19 295/30R19,245/40R18 275/35R18,E55 AMG,,,
23d843cc-19c8-4ead-97f9-dd661d86de0f,2003,mercedes-benz,e-class-amg,Base,google-ai-overview,mismatch,false,265/35R19 295/30R19,265/35R19 295/30R19,245/40R18 265/35R18,265/35R19 295/30R19,245/40R18 265/35R18,E55 AMG,,,
6b4f1fe8-134b-47e1-8147-9dbc3651818a,2004,mercedes-benz,e-class-amg,Base,google-ai-overview,mismatch,false,265/35R19 295/30R19,265/35R19 295/30R19,245/40R18 265/35R18,265/35R19 295/30R19,245/40R18 265/35R18,E55 AMG,,,
31eb86ee-c24c-47ac-813d-d20133bcb92a,2005,mercedes-benz,e-class-amg,Base,google-ai-overview,mismatch,false,265/35R19 295/30R19,265/35R19 295/30R19,245/40R18 265/35R18,265/35R19 295/30R19,245/40R18 265/35R18,E55 AMG,,,
03d8767b-a49d-48c6-b636-9fe577a6a9f4,2006,mercedes-benz,e-class-amg,Base,google-ai-overview,mismatch,false,265/35R19 295/30R19,265/35R19 295/30R19,245/40R18 265/35R18,265/35R19 295/30R19,245/40R18 265/35R18,E55 AMG,,,
61ead966-2c90-40e5-914f-e9941c56439b,2007,mercedes-benz,e-class-amg,Base,google-ai-overview,mismatch,false,265/35R19 295/30R19,265/35R19 295/30R19,245/40R18 265/35R18,265/35R19 295/30R19,245/40R18 265/35R18,E63 AMG,,,
1883c1c2-82c7-45d3-9bf8-e2213f8e30b0,2008,mercedes-benz,e-class-amg,Base,google-ai-overview,mismatch,false,265/35R19 295/30R19,265/35R19 295/30R19,245/40R18 265/35R18,265/35R19 295/30R19,245/40R18 265/35R18,E63 AMG,,,
c8e03af7-2d28-437f-ac63-c7574a2fcc24,2009,mercedes-benz,e-class-amg,Base,google-ai-overview,mismatch,false,265/35R19 295/30R19,265/35R19 295/30R19,245/40R18 265/35R18,265/35R19 295/30R19,245/40R18 265/35R18,E63 AMG,,,
20761b4a-a653-41eb-b25a-71e0dbe20155,2010,mercedes-benz,e-class-amg,Base,google-ai-overview,mismatch,true,265/35R19 295/30R19,265/35R19 295/30R19,255/40R18 285/35R18 255/35R19 285/30R19,265/35R19 295/30R19,255/40R18 285/35R18 255/35R19 285/30R19,E63 AMG,,,
bb6b6828-16ed-4772-b117-34b9d0399013,2011,mercedes-benz,e-class-amg,Base,google-ai-overview,mismatch,true,265/35R19 295/30R19,265/35R19 295/30R19,255/40R18 285/35R18 255/35R19 285/30R19,265/35R19 295/30R19,255/40R18 285/35R18 255/35R19 285/30R19,E63 AMG,,,
11e042e8-f156-44ca-9d34-ebf540b346ba,2012,mercedes-benz,e-class-amg,Base,google-ai-overview,mismatch,true,265/35R19 295/30R19,265/35R19 295/30R19,255/35R19 285/30R19,265/35R19 295/30R19,255/35R19 285/30R19,E63 AMG,,,
ed25d8a8-d172-4898-84d7-84a173937422,2013,mercedes-benz,e-class-amg,Base,google-ai-overview,mismatch,true,265/35R19 295/30R19,265/35R19 295/30R19,255/35R19 285/30R19,265/35R19 295/30R19,255/35R19 285/30R19,E63 AMG,,,
187bea86-f2f5-4483-bcc2-72f0cdb71e5a,2014,mercedes-benz,e-class-amg,Base,google-ai-overview,mismatch,true,265/35R19 295/30R19,265/35R19 295/30R19,255/35R19 285/30R19,265/35R19 295/30R19,255/35R19 285/30R19,E63 AMG S | E63 AMG,,,
13cbbecd-bfea-4f5c-a666-2fde99d6b864,2015,mercedes-benz,e-class-amg,Base,google-ai-overview,mismatch,true,265/35R19 295/30R19,265/35R19 295/30R19,255/35R19 285/30R19,265/35R19 295/30R19,255/35R19 285/30R19,E63 AMG S | E63 AMG,,,
fa9f5ef4-d476-4d84-98f5-d3b245b911e7,2016,mercedes-benz,e-class-amg,Base,google-ai-overview,mismatch,true,265/35R19 295/30R19,265/35R19 295/30R19,255/35R19 285/30R19,265/35R19 295/30R19,255/35R19 285/30R19,E63 AMG S,,,
5b597cac-58c8-42d4-8cff-33620a054c4f,2019,mercedes-benz,e-class-amg,Base,google-ai-overview,mismatch,true,265/35R19 295/30R19,265/35R19 295/30R19,245/40R19 275/35R19 245/35R20 275/30R20 265/35R20 295/30R20,265/35R19 295/30R19,245/40R19 275/35R19 245/35R20 275/30R20 265/35R20 295/30R20,E53 AMG | E63 AMG S,,,
26a8109c-1f7b-433a-adfe-2c1b3cd6b986,2020,mercedes-benz,e-class-amg,Base,google-ai-overview,mismatch,true,265/35R19 295/30R19,265/35R19 295/30R19,245/40R19 275/35R19 245/35R20 275/30R20 265/35R20 295/30R20,265/35R19 295/30R19,245/40R19 275/35R19 245/35R20 275/30R20 265/35R20 295/30R20,E53 AMG | E63 AMG S,,,
539d67e8-04a1-4bb9-84a9-615324377822,2021,mercedes-benz,e-class-amg,Base,google-ai-overview,mismatch,true,265/35R19 295/30R19,265/35R19 295/30R19,245/40R19 275/35R19 245/35R20 275/30R20 265/35R20 295/30R20,265/35R19 295/30R19,245/40R19 275/35R19 245/35R20 275/30R20 265/35R20 295/30R20,E53 AMG | E63 AMG S,,,
acf7fa3b-b08e-48f9-9bd0-a35dbdeb9909,2022,mercedes-benz,e-class-amg,Base,google-ai-overview,mismatch,true,265/35R19 295/30R19,265/35R19 295/30R19,245/40R19 275/35R19 245/35R20 275/30R20,265/35R19 295/30R19,245/40R19 275/35R19 245/35R20 275/30R20,E53 AMG,,,
83f04e9f-a255-461c-b20c-112562e1df82,2023,mercedes-benz,e-class-amg,Base,google-ai-overview,mismatch,true,265/35R19 295/30R19,265/35R19 295/30R19,245/40R19 275/35R19 245/35R20 275/30R20 265/35R20 295/30R20,265/35R19 295/30R19,245/40R19 275/35R19 245/35R20 275/30R20 265/35R20 295/30R20,E53 AMG | E63 AMG S,,,
18eb7328-4c02-4176-bb21-ce0f1eda8fc3,2025,mercedes-benz,e-class-amg,Base,google-ai-overview,mismatch,false,265/35R19 295/30R19,265/35R19 295/30R19,265/40R20 295/35R20 265/35R21,265/35R19 295/30R19,265/40R20 295/35R20 265/35R21,E53 AMG,,,
c345cfe4-8345-48a8-b46f-c5fd94f376c6,2011,mercedes-benz,e-class-cabriolet,Base,google-ai-overview,mismatch,true,245/45R18 275/40R18,245/45R18 275/40R18,245/45R17 245/40R18 265/35R18 235/45R17 255/40R17 235/40R18 255/35R18 255/40R18 285/35R18 255/35R19 285/30R19,245/45R18 275/40R18,245/45R17 245/40R18 265/35R18 235/45R17 255/40R17 235/40R18 255/35R18 255/40R18 285/35R18 255/35R19 285/30R19,E350 | E550 | E63 AMG,,,
8a971791-f1c3-4907-98d5-3038bb41fdb5,2012,mercedes-benz,e-class-cabriolet,Base,google-ai-overview,mismatch,true,245/45R18 275/40R18,245/45R18 275/40R18,235/45R17 255/40R17 235/40R18 255/35R18 245/45R17 245/40R18 265/35R18 255/35R19 285/30R19,245/45R18 275/40R18,235/45R17 255/40R17 235/40R18 255/35R18 245/45R17 245/40R18 265/35R18 255/35R19 285/30R19,E350 | E550 | E63 AMG,,,
1470f75d-74ca-4a28-9442-d52392a44451,2013,mercedes-benz,e-class-cabriolet,Base,google-ai-overview,mismatch,true,245/45R18 275/40R18,245/45R18 275/40R18,245/40R18 265/35R18 245/45R17 235/40R18 255/35R18 235/45R17 255/40R17 255/35R19 285/30R19,245/45R18 275/40R18,245/40R18 265/35R18 245/45R17 235/40R18 255/35R18 235/45R17 255/40R17 255/35R19 285/30R19,E350 | E400 | E550 | E63 AMG,,,
6fd71728-ba84-4bf9-b97a-9ca8b8991587,2014,mercedes-benz,e-class-cabriolet,Base,google-ai-overview,mismatch,true,245/45R18 275/40R18,245/45R18 275/40R18,245/45R17 245/40R18 235/40R18 255/35R18 255/35R19 285/30R19,245/45R18 275/40R18,245/45R17 245/40R18 235/40R18 255/35R18 255/35R19 285/30R19,E350 | E63 AMG S | E400 | E550 | E250 | E63 AMG,,,
9d675bf0-7ca8-4d1d-9b54-6fa9c7228fe2,2015,mercedes-benz,e-class-cabriolet,Base,google-ai-overview,mismatch,true,245/45R18 275/40R18,245/45R18 275/40R18,245/40R18 245/45R17 255/35R19 285/30R19 235/40R18 255/35R18,245/45R18 275/40R18,245/40R18 245/45R17 255/35R19 285/30R19 235/40R18 255/35R18,E350 | E63 AMG S | E400 | E550 | E250 | E63 AMG,,,
dea09ef3-cf9e-443f-93e1-8db49c85f9ab,2016,mercedes-benz,e-class-cabriolet,Base,google-ai-overview,mismatch,true,245/45R18 275/40R18,245/45R18 275/40R18,245/45R17 245/40R18 255/35R19 285/30R19 235/40R18 255/35R18,245/45R18 275/40R18,245/45R17 245/40R18 255/35R19 285/30R19 235/40R18 255/35R18,E350 | E63 AMG S | E400 | E550 | E250,,,
8e14e3f0-8e16-46b9-ae5a-2a0f44293733,2010,mercedes-benz,e-class-coupe,Base,google-ai-overview,mismatch,true,245/45R18 275/40R18,245/45R18 275/40R18,245/45R17 245/40R18 265/35R18 235/45R17 255/40R17 235/40R18 255/35R18 255/40R18 285/35R18 255/35R19 285/30R19,245/45R18 275/40R18,245/45R17 245/40R18 265/35R18 235/45R17 255/40R17 235/40R18 255/35R18 255/40R18 285/35R18 255/35R19 285/30R19,E350 | E550 | E63 AMG,,,
43a74080-7840-4d22-964b-92b3bb672bbb,2011,mercedes-benz,e-class-coupe,Base,google-ai-overview,mismatch,true,245/45R18 275/40R18,245/45R18 275/40R18,245/45R17 245/40R18 265/35R18 235/45R17 255/40R17 235/40R18 255/35R18 255/40R18 285/35R18 255/35R19 285/30R19,245/45R18 275/40R18,245/45R17 245/40R18 265/35R18 235/45R17 255/40R17 235/40R18 255/35R18 255/40R18 285/35R18 255/35R19 285/30R19,E350 | E550 | E63 AMG,,,
9ecc0b14-c82d-45cf-b378-6eefe337294b,2012,mercedes-benz,e-class-coupe,Base,google-ai-overview,mismatch,true,245/45R18 275/40R18,245/45R18 275/40R18,235/45R17 255/40R17 235/40R18 255/35R18 245/45R17 245/40R18 265/35R18 255/35R19 285/30R19,245/45R18 275/40R18,235/45R17 255/40R17 235/40R18 255/35R18 245/45R17 245/40R18 265/35R18 255/35R19 285/30R19,E350 | E550 | E63 AMG,,,
ca2306f5-c0ea-402f-adb0-a879df5863ad,2013,mercedes-benz,e-class-coupe,Base,google-ai-overview,mismatch,true,245/45R18 275/40R18,245/45R18 275/40R18,245/40R18 265/35R18 245/45R17 235/40R18 255/35R18 235/45R17 255/40R17 255/35R19 285/30R19,245/45R18 275/40R18,245/40R18 265/35R18 245/45R17 235/40R18 255/35R18 235/45R17 255/40R17 255/35R19 285/30R19,E350 | E400 | E550 | E63 AMG,,,
6a0eadec-60d2-46ce-afb3-eff341ed297b,2014,mercedes-benz,e-class-coupe,Base,google-ai-overview,mismatch,true,245/45R18 275/40R18,245/45R18 275/40R18,245/45R17 245/40R18 235/40R18 255/35R18 255/35R19 285/30R19,245/45R18 275/40R18,245/45R17 245/40R18 235/40R18 255/35R18 255/35R19 285/30R19,E350 | E63 AMG S | E400 | E550 | E250 | E63 AMG,,,
75c1fc88-3e44-44cf-8493-77388d135d56,2015,mercedes-benz,e-class-coupe,Base,google-ai-overview,mismatch,true,245/45R18 275/40R18,245/45R18 275/40R18,245/40R18 245/45R17 255/35R19 285/30R19 235/40R18 255/35R18,245/45R18 275/40R18,245/40R18 245/45R17 255/35R19 285/30R19 235/40R18 255/35R18,E350 | E63 AMG S | E400 | E550 | E250 | E63 AMG,,,
e7de9d29-62de-4f25-85cb-d0d8e4062d06,2016,mercedes-benz,e-class-coupe,Base,google-ai-overview,mismatch,true,245/45R18 275/40R18,245/45R18 275/40R18,245/45R17 245/40R18 255/35R19 285/30R19 235/40R18 255/35R18,245/45R18 275/40R18,245/45R17 245/40R18 255/35R19 285/30R19 235/40R18 255/35R18,E350 | E63 AMG S | E400 | E550 | E250,,,
d57fb636-a5a3-4002-a87b-9138b3e4849a,2023,mercedes-benz,eqe,AMG EQE53,google-ai-overview,mismatch,true,265/40R21 295/35R21,265/40R21 295/35R21,235/50R19 255/45R19 255/40R20 255/35R21 285/30R21 285/35R20,265/40R21 295/35R21,235/50R19 255/45R19 255/40R20 255/35R21 285/30R21 285/35R20,EQE 350+,,,
29428432-8232-4594-a1f1-a2fd510d731c,2024,mercedes-benz,eqe,AMG EQE53,google-ai-overview,mismatch,true,265/40R21 295/35R21,265/40R21 295/35R21,235/50R19 255/45R19 255/40R20 285/35R20 255/35R21 285/30R21,265/40R21 295/35R21,235/50R19 255/45R19 255/40R20 285/35R20 255/35R21 285/30R21,EQE 350+,,,
2a27db8f-ae43-405a-b4f1-21b35d4fa04a,2025,mercedes-benz,eqe,AMG EQE53,google-ai-overview,mismatch,false,265/40R21 295/35R21,265/40R21 295/35R21,255/40R20,265/40R21 295/35R21,255/40R20,EQE 350+,,,
a1829754-ab4b-435d-8c76-773cf8fc5bf9,2025,mercedes-benz,eqe,EQE350+,google-ai-overview,mismatch,false,255/45R19 285/40R19,255/45R19 285/40R19,255/40R20,255/45R19 285/40R19,255/40R20,EQE 350+,,,
d6f98df4-1659-421e-9691-f49a16e56441,2025,mercedes-benz,eqe,Base,google-ai-overview,mismatch,false,255/45R19 285/40R19,255/45R19 285/40R19,255/40R20,255/45R19 285/40R19,255/40R20,EQE 350+,,,
06be013e-5b52-47ae-98ab-0bba57ef5fec,2026,mercedes-benz,eqe,EQE500 4MATIC,google-ai-overview,mismatch,true,255/40R20 285/35R20,255/40R20 285/35R20,265/40R20 295/35R20 265/35R21 295/30R21,255/40R20 285/35R20,265/40R20 295/35R20 265/35R21 295/30R21,EQE AMG,,,
a3f9a13c-2b6f-488e-8125-5f0036b20c55,2026,mercedes-benz,eqe,EQE350+,google-ai-overview,mismatch,false,255/45R19 285/40R19,255/45R19 285/40R19,265/40R20 295/35R20 265/35R21 295/30R21,255/45R19 285/40R19,265/40R20 295/35R20 265/35R21 295/30R21,EQE AMG,,,
d0d6f417-f57c-42e7-b423-858f2b7394e1,2026,mercedes-benz,eqe,Base,google-ai-overview,mismatch,false,255/45R19 285/40R19,255/45R19 285/40R19,265/40R20 295/35R20 265/35R21 295/30R21,255/45R19 285/40R19,265/40R20 295/35R20 265/35R21 295/30R21,EQE AMG,,,
f21c24ce-6933-43e2-9ed4-3530e7572847,2026,mercedes-benz,eqe,AMG EQE53,google-ai-overview,mismatch,true,265/40R21 295/35R21,265/40R21 295/35R21,265/40R20 295/35R20 265/35R21 295/30R21,265/40R21 295/35R21,265/40R20 295/35R20 265/35R21 295/30R21,EQE AMG,,,
4651e2e1-2a4b-4954-b6a1-4922f2365595,2002,mercedes-benz,g-class,Base,google-ai-overview,mismatch,false,275/55R19,275/55R19,265/60R18,275/55R19,265/60R18,G500,,,
39ba2cea-4a53-49b0-8b48-2e27a62a779a,2003,mercedes-benz,g-class,Base,google-ai-overview,mismatch,false,275/55R19,275/55R19,285/55R18 265/60R18,275/55R19,285/55R18 265/60R18,G55 AMG | G500,,,
1eae2282-cb1d-45b4-be34-291875750e0b,2004,mercedes-benz,g-class,Base,google-ai-overview,mismatch,false,275/55R19,275/55R19,285/55R18 265/60R18,275/55R19,285/55R18 265/60R18,G55 AMG | G500,,,
984b5e73-a997-4382-8e56-5c1b75b52caf,2005,mercedes-benz,g-class,Base,google-ai-overview,mismatch,false,275/55R19,275/55R19,285/55R18 265/60R18,275/55R19,285/55R18 265/60R18,G55 AMG | G500,,,
918b10bc-4d4d-417a-9b6b-1e943251d3a9,2006,mercedes-benz,g-class,Base,google-ai-overview,mismatch,false,275/55R19,275/55R19,285/55R18 265/60R18,275/55R19,285/55R18 265/60R18,G55 AMG | G500,,,
c0852f83-0a41-4c24-922a-48c83f35cd9d,2007,mercedes-benz,g-class,Base,google-ai-overview,mismatch,false,275/55R19,275/55R19,285/55R18 265/60R18,275/55R19,285/55R18 265/60R18,G55 AMG | G500,,,
4c774035-e65e-4ed2-9827-4fd1e2f9ed5f,2008,mercedes-benz,g-class,Base,google-ai-overview,mismatch,false,275/55R19,275/55R19,285/55R18 265/60R18,275/55R19,285/55R18 265/60R18,G55 AMG | G500,,,
539c24c9-8196-4ced-bf7c-7e65ae96a063,2012,mercedes-benz,g-class,Base,google-ai-overview,mismatch,false,275/55R19,275/55R19,265/60R18,275/55R19,265/60R18,G550,,,
25b6076e-0ed6-4503-a607-d70253ec7964,2013,mercedes-benz,g-class,Base,google-ai-overview,mismatch,false,275/55R19,275/55R19,265/60R18 275/50R20,275/55R19,265/60R18 275/50R20,G550 | G63 AMG,,,
ef2c0e98-e066-49e0-9c18-35c7a80563fa,2014,mercedes-benz,g-class,Base,google-ai-overview,mismatch,false,275/55R19,275/55R19,265/60R18 275/50R20,275/55R19,265/60R18 275/50R20,G550 | G63 AMG,,,
f948080c-2e3a-4d2f-9bef-6abae80bca69,2015,mercedes-benz,g-class,Base,google-ai-overview,mismatch,false,275/55R19,275/55R19,265/60R18 275/50R20,275/55R19,265/60R18 275/50R20,G550 | G63 AMG,,,
41a4ec8f-0a5f-4cd1-bdf8-cfaa6aa736c6,2016,mercedes-benz,g-class,Base,google-ai-overview,mismatch,false,275/55R19,275/55R19,265/60R18 275/50R20,275/55R19,265/60R18 275/50R20,G550 | G63 AMG | G65 AMG,,,
7c557880-e440-4713-b576-419fd7eb5775,2003,mercedes-benz,g-class-amg,Base,google-ai-overview,mismatch,false,275/50R20,275/50R20,285/55R18,275/50R20,285/55R18,G55 AMG,,,
e97c4ed3-d124-4317-9c72-b2d8455d6519,2004,mercedes-benz,g-class-amg,Base,google-ai-overview,mismatch,false,275/50R20,275/50R20,285/55R18,275/50R20,285/55R18,G55 AMG,,,
ee046e2d-5c0a-4b69-90ff-55a20cea1f06,2005,mercedes-benz,g-class-amg,Base,google-ai-overview,mismatch,false,275/50R20,275/50R20,285/55R18,275/50R20,285/55R18,G55 AMG,,,
57c0e880-1eb3-4c57-8959-2a003bd3ae10,2006,mercedes-benz,g-class-amg,Base,google-ai-overview,mismatch,false,275/50R20,275/50R20,285/55R18,275/50R20,285/55R18,G55 AMG,,,
82550a3d-671d-4850-ba42-0c3c25c2dc57,2007,mercedes-benz,g-class-amg,Base,google-ai-overview,mismatch,false,275/50R20,275/50R20,285/55R18,275/50R20,285/55R18,G55 AMG,,,
23510ccb-79d5-4e96-a560-ee29eb0b9992,2008,mercedes-benz,g-class-amg,Base,google-ai-overview,mismatch,false,275/50R20,275/50R20,285/55R18,275/50R20,285/55R18,G55 AMG,,,
78c548f1-3204-45a3-91c1-b01276c3d4fa,2009,mercedes-benz,g-class-amg,Base,google-ai-overview,mismatch,false,275/50R20,275/50R20,275/55R19,275/50R20,275/55R19,G55 AMG,,,
52db671c-2ad7-4b73-a23b-1c4350e69807,2010,mercedes-benz,g-class-amg,Base,google-ai-overview,mismatch,false,275/50R20,275/50R20,275/55R19,275/50R20,275/55R19,G55 AMG,,,
522b8a20-88d4-448a-99f0-13650211358b,2011,mercedes-benz,g-class-amg,Base,google-ai-overview,mismatch,false,275/50R20,275/50R20,275/55R19,275/50R20,275/55R19,G55 AMG,,,
266499f2-7c32-44d0-8f9d-c4ed93511b19,2015,mercedes-benz,gla,AMG GLA45,google-ai-overview,mismatch,true,235/40R19,235/40R19,235/50R18 235/45R19 235/40R20,235/40R19,235/50R18 235/45R19 235/40R20,GLA250 | GLA45 AMG,,,
5afb46f4-ce8f-45fb-88b6-2715c784638e,2015,mercedes-benz,gla,GLA 35 AMG,google-ai-overview,mismatch,true,235/55R18,235/55R18,235/50R18 235/45R19 235/40R20,235/55R18,235/50R18 235/45R19 235/40R20,GLA250 | GLA45 AMG,,,
ddeda321-be91-48cc-9174-b728e601db3a,2015,mercedes-benz,gla,GLA 45 AMG,google-ai-overview,mismatch,true,235/40R19,235/40R19,235/50R18 235/45R19 235/40R20,235/40R19,235/50R18 235/45R19 235/40R20,GLA250 | GLA45 AMG,GLA45 AMG,mismatch,
0a21039b-63d0-4dc9-9895-3df205df8292,2016,mercedes-benz,gla,AMG GLA45,google-ai-overview,mismatch,true,235/40R19,235/40R19,235/50R18 235/45R19 235/40R20,235/40R19,235/50R18 235/45R19 235/40R20,GLA250 | GLA45 AMG,,,
3556cc3c-f252-4fcf-b055-b4a29fc6898d,2016,mercedes-benz,gla,GLA 45 AMG,google-ai-overview,mismatch,true,235/40R19,235/40R19,235/50R18 235/45R19 235/40R20,235/40R19,235/50R18 235/45R19 235/40R20,GLA250 | GLA45 AMG,GLA45 AMG,mismatch,
7a0bd383-e4b5-4b3b-b8f5-f3f1f59585ea,2016,mercedes-benz,gla,GLA 35 AMG,google-ai-overview,mismatch,true,235/55R18,235/55R18,235/50R18 235/45R19 235/40R20,235/55R18,235/50R18 235/45R19 235/40R20,GLA250 | GLA45 AMG,,,
5b665f4e-4724-4cca-a0b5-6077489a6d53,2017,mercedes-benz,gla,GLA 35 AMG,google-ai-overview,mismatch,true,235/55R18,235/55R18,235/50R18 235/45R19 235/40R20,235/55R18,235/50R18 235/45R19 235/40R20,GLA250 | GLA45 AMG,,,
78396314-ba32-48e2-956c-8540738a6322,2017,mercedes-benz,gla,GLA 45 AMG,google-ai-overview,mismatch,true,235/40R19,235/40R19,235/50R18 235/45R19 235/40R20,235/40R19,235/50R18 235/45R19 235/40R20,GLA250 | GLA45 AMG,GLA45 AMG,mismatch,
f4e899a0-c7aa-47ff-a3a0-fd5872116406,2017,mercedes-benz,gla,AMG GLA45,google-ai-overview,mismatch,true,235/40R19,235/40R19,235/50R18 235/45R19 235/40R20,235/40R19,235/50R18 235/45R19 235/40R20,GLA250 | GLA45 AMG,,,
6a096ae3-2d79-4a3b-9e1e-d486cd5ea049,2019,mercedes-benz,gla,GLA 35 AMG,google-ai-overview,mismatch,true,235/55R18,235/55R18,235/50R18 235/45R19 235/40R20,235/55R18,235/50R18 235/45R19 235/40R20,GLA250 | GLA45 AMG,,,
878edb32-1e52-4389-9b8b-14fe5fbfff11,2019,mercedes-benz,gla,GLA 45 AMG,google-ai-overview,mismatch,true,235/40R19,235/40R19,235/50R18 235/45R19 235/40R20,235/40R19,235/50R18 235/45R19 235/40R20,GLA250 | GLA45 AMG,GLA45 AMG,mismatch,
9e829deb-8b32-4a62-8028-fce2d08410cf,2019,mercedes-benz,gla,AMG GLA45,google-ai-overview,mismatch,true,235/40R19,235/40R19,235/50R18 235/45R19 235/40R20,235/40R19,235/50R18 235/45R19 235/40R20,GLA250 | GLA45 AMG,,,
502b8714-e994-4207-84c1-8faa75fbb95e,2020,mercedes-benz,gla,AMG GLA45,google-ai-overview,mismatch,true,235/40R19,235/40R19,235/50R18 235/45R19,235/40R19,235/50R18 235/45R19,GLA250,,,
d0087e8f-3f9a-4e12-a8d3-f57a740f7a62,2020,mercedes-benz,gla,GLA 45 AMG,google-ai-overview,mismatch,true,235/40R19,235/40R19,235/50R18 235/45R19,235/40R19,235/50R18 235/45R19,GLA250,,,
db87a5fc-0edd-4fbb-9af3-c3f825d4c620,2020,mercedes-benz,gla,GLA 35 AMG,google-ai-overview,mismatch,true,235/55R18,235/55R18,235/50R18 235/45R19,235/55R18,235/50R18 235/45R19,GLA250,,,
1a5c97e0-ba3b-4a69-ad68-feee8c4e9e91,2021,mercedes-benz,gla,AMG GLA45,google-ai-overview,mismatch,true,235/40R20,235/40R20,235/55R18 235/50R19 235/45R20 255/40R20 255/35R21,235/40R20,235/55R18 235/50R19 235/45R20 255/40R20 255/35R21,GLA250 | GLA35 AMG | GLA45 AMG,,,
1b1a6610-9789-4b2b-9e5e-9699958373f6,2021,mercedes-benz,gla,GLA 45 AMG,google-ai-overview,mismatch,true,235/40R20,235/40R20,235/55R18 235/50R19 235/45R20 255/40R20 255/35R21,235/40R20,235/55R18 235/50R19 235/45R20 255/40R20 255/35R21,GLA250 | GLA35 AMG | GLA45 AMG,GLA45 AMG,mismatch,
992d519f-5250-4ea1-9727-99c97d21a78d,2021,mercedes-benz,gla,AMG GLA35,google-ai-overview,mismatch,true,235/45R19,235/45R19,235/55R18 235/50R19 235/45R20 255/40R20 255/35R21,235/45R19,235/55R18 235/50R19 235/45R20 255/40R20 255/35R21,GLA250 | GLA35 AMG | GLA45 AMG,,,
e52350a2-c0d8-494f-a1d9-f018e08046f2,2021,mercedes-benz,gla,GLA 35 AMG,google-ai-overview,mismatch,true,235/45R19,235/45R19,235/55R18 235/50R19 235/45R20 255/40R20 255/35R21,235/45R19,235/55R18 235/50R19 235/45R20 255/40R20 255/35R21,GLA250 | GLA35 AMG | GLA45 AMG,GLA35 AMG,mismatch,
842393b3-0797-4255-989e-0b70b738ee3f,2022,mercedes-benz,gla,GLA 45 AMG,google-ai-overview,mismatch,true,235/40R20,235/40R20,235/55R18 235/50R19 235/45R20 255/40R20 255/35R21,235/40R20,235/55R18 235/50R19 235/45R20 255/40R20 255/35R21,GLA250 | GLA35 AMG | GLA45 AMG,GLA45 AMG,mismatch,
88eee174-2269-40c1-ab25-4df6d02ce17c,2022,mercedes-benz,gla,AMG GLA45,google-ai-overview,mismatch,true,235/40R20,235/40R20,235/55R18 235/50R19 235/45R20 255/40R20 255/35R21,235/40R20,235/55R18 235/50R19 235/45R20 255/40R20 255/35R21,GLA250 | GLA35 AMG | GLA45 AMG,,,
b90c53ac-5eba-494b-9f0e-b7d00358f2c6,2022,mercedes-benz,gla,AMG GLA35,google-ai-overview,mismatch,true,235/45R19,235/45R19,235/55R18 235/50R19 235/45R20 255/40R20 255/35R21,235/45R19,235/55R18 235/50R19 235/45R20 255/40R20 255/35R21,GLA250 | GLA35 AMG | GLA45 AMG,,,
d1a573a9-9a68-4fd9-8920-0e1059e47bc8,2022,mercedes-benz,gla,GLA 35 AMG,google-ai-overview,mismatch,true,235/45R19,235/45R19,235/55R18 235/50R19 235/45R20 255/40R20 255/35R21,235/45R19,235/55R18 235/50R19 235/45R20 255/40R20 255/35R21,GLA250 | GLA35 AMG | GLA45 AMG,GLA35 AMG,mismatch,
0c24764e-968c-4038-b94c-852ede7528e8,2023,mercedes-benz,gla,AMG GLA35,google-ai-overview,mismatch,true,235/45R19,235/45R19,235/55R18 235/50R19 235/45R20 255/40R20 255/35R21,235/45R19,235/55R18 235/50R19 235/45R20 255/40R20 255/35R21,GLA250 | GLA35 AMG | GLA45 AMG,,,
142e2aa4-4326-41bd-b78b-9d35a8c0c17f,2023,mercedes-benz,gla,GLA 35 AMG,google-ai-overview,mismatch,true,235/45R19,235/45R19,235/55R18 235/50R19 235/45R20 255/40R20 255/35R21,235/45R19,235/55R18 235/50R19 235/45R20 255/40R20 255/35R21,GLA250 | GLA35 AMG | GLA45 AMG,GLA35 AMG,mismatch,
17708ce2-0260-4e84-a329-6de37f186625,2023,mercedes-benz,gla,AMG GLA45,google-ai-overview,mismatch,true,235/40R20,235/40R20,235/55R18 235/50R19 235/45R20 255/40R20 255/35R21,235/40R20,235/55R18 235/50R19 235/45R20 255/40R20 255/35R21,GLA250 | GLA35 AMG | GLA45 AMG,,,
563df7f3-357a-4c68-a9c5-5391e2283d66,2023,mercedes-benz,gla,GLA 45 AMG,google-ai-overview,mismatch,true,235/40R20,235/40R20,235/55R18 235/50R19 235/45R20 255/40R20 255/35R21,235/40R20,235/55R18 235/50R19 235/45R20 255/40R20 255/35R21,GLA250 | GLA35 AMG | GLA45 AMG,GLA45 AMG,mismatch,
56899584-b8fd-439d-acd7-f7e33998d5f9,2024,mercedes-benz,gla,AMG GLA35,google-ai-overview,mismatch,true,235/45R19,235/45R19,235/55R18 235/50R19 235/45R20 255/40R20 255/35R21,235/45R19,235/55R18 235/50R19 235/45R20 255/40R20 255/35R21,GLA250 | GLA35 AMG,,,
8f9f2048-1cad-4cd5-950c-e1e866807930,2024,mercedes-benz,gla,GLA 45 AMG,google-ai-overview,mismatch,true,235/40R20,235/40R20,235/55R18 235/50R19 235/45R20 255/40R20 255/35R21,235/40R20,235/55R18 235/50R19 235/45R20 255/40R20 255/35R21,GLA250 | GLA35 AMG,,,
92698b25-886a-4ae9-9ee7-f89208e8e709,2024,mercedes-benz,gla,AMG GLA45,google-ai-overview,mismatch,true,235/40R20,235/40R20,235/55R18 235/50R19 235/45R20 255/40R20 255/35R21,235/40R20,235/55R18 235/50R19 235/45R20 255/40R20 255/35R21,GLA250 | GLA35 AMG,,,
bcbf958b-2551-4ee0-937d-03596ef75770,2024,mercedes-benz,gla,GLA 35 AMG,google-ai-overview,mismatch,true,235/45R19,235/45R19,235/55R18 235/50R19 235/45R20 255/40R20 255/35R21,235/45R19,235/55R18 235/50R19 235/45R20 255/40R20 255/35R21,GLA250 | GLA35 AMG,GLA35 AMG,mismatch,
3a47ea2e-46de-4d22-87d3-4ec1c3e4f453,2025,mercedes-benz,gla,GLA 45 AMG,google-ai-overview,mismatch,true,235/40R20,235/40R20,235/55R18 235/50R19 235/45R20 255/40R20 255/35R21,235/40R20,235/55R18 235/50R19 235/45R20 255/40R20 255/35R21,GLA250 | GLA35 AMG,,,
3fd2f2d5-2ca1-4db2-bdd5-c4bea41f6ac5,2025,mercedes-benz,gla,AMG GLA45,google-ai-overview,mismatch,true,235/40R20,235/40R20,235/55R18 235/50R19 235/45R20 255/40R20 255/35R21,235/40R20,235/55R18 235/50R19 235/45R20 255/40R20 255/35R21,GLA250 | GLA35 AMG,,,
69e00510-0d9f-48d6-9dab-135564832251,2025,mercedes-benz,gla,AMG GLA35,google-ai-overview,mismatch,true,235/45R19,235/45R19,235/55R18 235/50R19 235/45R20 255/40R20 255/35R21,235/45R19,235/55R18 235/50R19 235/45R20 255/40R20 255/35R21,GLA250 | GLA35 AMG,,,
dd634f63-df9b-40a9-b250-977568618937,2025,mercedes-benz,gla,GLA 35 AMG,google-ai-overview,mismatch,true,235/45R19,235/45R19,235/55R18 235/50R19 235/45R20 255/40R20 255/35R21,235/45R19,235/55R18 235/50R19 235/45R20 255/40R20 255/35R21,GLA250 | GLA35 AMG,GLA35 AMG,mismatch,
0fe52e17-4736-4172-bc8d-f26a9691ed43,2026,mercedes-benz,gla,GLA 35 AMG,google-ai-overview,mismatch,true,235/45R19,235/45R19,235/55R18 235/50R19 235/45R20 255/40R20 255/35R21,235/45R19,235/55R18 235/50R19 235/45R20 255/40R20 255/35R21,GLA250 | GLA35 AMG,GLA35 AMG,mismatch,
4de01b3b-3297-4e7d-ac5e-1d6507842c5f,2026,mercedes-benz,gla,AMG GLA45,google-ai-overview,mismatch,true,235/40R20,235/40R20,235/55R18 235/50R19 235/45R20 255/40R20 255/35R21,235/40R20,235/55R18 235/50R19 235/45R20 255/40R20 255/35R21,GLA250 | GLA35 AMG,,,
b9972fe7-0e9b-40e0-913b-effed02d6f31,2026,mercedes-benz,gla,AMG GLA35,google-ai-overview,mismatch,true,235/45R19,235/45R19,235/55R18 235/50R19 235/45R20 255/40R20 255/35R21,235/45R19,235/55R18 235/50R19 235/45R20 255/40R20 255/35R21,GLA250 | GLA35 AMG,,,
e92cbf47-9788-40a3-bd91-1375e8239b3d,2026,mercedes-benz,gla,GLA 45 AMG,google-ai-overview,mismatch,true,235/40R20,235/40R20,235/55R18 235/50R19 235/45R20 255/40R20 255/35R21,235/40R20,235/55R18 235/50R19 235/45R20 255/40R20 255/35R21,GLA250 | GLA35 AMG,,,
bdd54969-dd07-4946-ba85-26b6dfb49553,2020,mercedes-benz,glb,AMG GLB35,google-ai-overview,mismatch,true,235/45R19,235/45R19,235/55R18 235/50R19 235/45R20,235/45R19,235/55R18 235/50R19 235/45R20,GLB250,,,
ea558d5c-7ce6-4b74-b602-d61579845b5d,2021,mercedes-benz,glb,AMG GLB35,google-ai-overview,mismatch,true,235/45R19,235/45R19,235/55R18 235/50R19 235/45R20 255/35R21 255/40R20,235/45R19,235/55R18 235/50R19 235/45R20 255/35R21 255/40R20,GLB250 | GLB35 AMG,,,
c041541d-8c05-4080-bff5-77f652b24157,2022,mercedes-benz,glb,AMG GLB35,google-ai-overview,mismatch,true,235/45R19,235/45R19,235/55R18 235/50R19 235/45R20 255/40R20 255/35R21,235/45R19,235/55R18 235/50R19 235/45R20 255/40R20 255/35R21,GLB250 | GLB35 AMG,,,
6029f103-1b71-4d98-b25c-55f5dbde1851,2023,mercedes-benz,glb,AMG GLB35,google-ai-overview,mismatch,true,235/45R19,235/45R19,235/55R18 235/50R19 235/45R20 255/40R20 255/35R21,235/45R19,235/55R18 235/50R19 235/45R20 255/40R20 255/35R21,GLB250 | GLB35 AMG,,,
ae2d6ed7-5596-4169-9f08-e22d1f432429,2024,mercedes-benz,glb,AMG GLB35,google-ai-overview,mismatch,true,235/45R19,235/45R19,235/55R18 235/50R19 235/45R20 255/40R20 255/35R21,235/45R19,235/55R18 235/50R19 235/45R20 255/40R20 255/35R21,GLB250 | GLB35 AMG,,,
300ad6e4-d0f0-4af1-84be-f29bb6bd51ed,2025,mercedes-benz,glb,AMG GLB35,google-ai-overview,mismatch,true,235/45R19,235/45R19,235/55R18 235/50R19 235/45R20 255/40R20 255/35R21,235/45R19,235/55R18 235/50R19 235/45R20 255/40R20 255/35R21,GLB250 | GLB35 AMG,,,
a67f8a90-1674-4681-8842-78e78d62eff9,2026,mercedes-benz,glb,AMG GLB35,google-ai-overview,mismatch,true,235/45R19,235/45R19,235/55R18 235/50R19 235/45R20 255/40R20 255/35R21,235/45R19,235/55R18 235/50R19 235/45R20 255/40R20 255/35R21,GLB250 | GLB35 AMG,,,
cd866777-8d06-4b6f-9595-40ce45ea148b,2016,mercedes-benz,glc,AMG GLC63,google-ai-overview,mismatch,true,265/45R20 295/40R20,265/45R20 295/40R20,235/60R18 235/55R19 255/45R20,265/45R20 295/40R20,235/60R18 235/55R19 255/45R20,GLC300,,,
de967ba6-3fe9-4a43-857c-510e648c7006,2016,mercedes-benz,glc,GLC 63 AMG,google-ai-overview,mismatch,true,265/45R20 295/40R20,265/45R20 295/40R20,235/60R18 235/55R19 255/45R20,265/45R20 295/40R20,235/60R18 235/55R19 255/45R20,GLC300,,,
47f72ebc-d5ac-48bc-a7b9-04f46d0ba821,2017,mercedes-benz,glc,GLC 63 AMG,google-ai-overview,mismatch,true,265/45R20 295/40R20,265/45R20 295/40R20,235/60R18 235/55R19 255/45R20 285/40R20 255/40R21 285/35R21,265/45R20 295/40R20,235/60R18 235/55R19 255/45R20 285/40R20 255/40R21 285/35R21,GLC300 | GLC43 AMG,,,
81e67da6-864e-44e8-8eb6-8110fb4f0977,2017,mercedes-benz,glc,AMG GLC63,google-ai-overview,mismatch,true,265/45R20 295/40R20,265/45R20 295/40R20,235/60R18 235/55R19 255/45R20 285/40R20 255/40R21 285/35R21,265/45R20 295/40R20,235/60R18 235/55R19 255/45R20 285/40R20 255/40R21 285/35R21,GLC300 | GLC43 AMG,,,
2a7d5c12-1541-4b84-97ce-75c00b9e309f,2019,mercedes-benz,glc,"GLC 300, GLC 43 AMG, GLC 63 AMG",google-ai-overview,mismatch,false,235/60R18,235/60R18,265/45R20 295/40R20 265/40R21 295/35R21,235/60R18,265/45R20 295/40R20 265/40R21 295/35R21,GLC63 AMG S,,,
4ad72404-ec10-4a1b-ac91-53057632c082,2019,mercedes-benz,glc,GLC 43 AMG,google-ai-overview,mismatch,false,235/55R19 255/50R19,235/55R19 255/50R19,265/45R20 295/40R20 265/40R21 295/35R21,235/55R19 255/50R19,265/45R20 295/40R20 265/40R21 295/35R21,GLC63 AMG S,,,
b08c0a35-a2ae-4542-aa12-d95ea644ef6d,2019,mercedes-benz,glc,GLC300,google-ai-overview,mismatch,false,235/60R18,235/60R18,265/45R20 295/40R20 265/40R21 295/35R21,235/60R18,265/45R20 295/40R20 265/40R21 295/35R21,GLC63 AMG S,,,
bdf56cd1-2970-4080-8db4-8bfd576aead4,2019,mercedes-benz,glc,GLC 300,google-ai-overview,mismatch,false,235/60R18,235/60R18,265/45R20 295/40R20 265/40R21 295/35R21,235/60R18,265/45R20 295/40R20 265/40R21 295/35R21,GLC63 AMG S,,,
ec7cabdb-ccef-4972-a270-7aea82c321a9,2019,mercedes-benz,glc,AMG GLC43,google-ai-overview,mismatch,false,235/55R19 255/50R19,235/55R19 255/50R19,265/45R20 295/40R20 265/40R21 295/35R21,235/55R19 255/50R19,265/45R20 295/40R20 265/40R21 295/35R21,GLC63 AMG S,,,
11dff107-75b2-4826-a671-a75751458526,2020,mercedes-benz,glc,GLC 43 AMG,google-ai-overview,mismatch,false,235/55R19 255/50R19,235/55R19 255/50R19,265/45R20 295/40R20 265/40R21 295/35R21,235/55R19 255/50R19,265/45R20 295/40R20 265/40R21 295/35R21,GLC63 AMG S,,,
3b7df889-7511-4d3f-bc0c-1fc42c9a3fc9,2020,mercedes-benz,glc,GLC 300,google-ai-overview,mismatch,false,235/60R18,235/60R18,265/45R20 295/40R20 265/40R21 295/35R21,235/60R18,265/45R20 295/40R20 265/40R21 295/35R21,GLC63 AMG S,,,
3e59043f-cfd5-4359-a0cb-79b7979de3d3,2020,mercedes-benz,glc,"GLC 300, GLC 43 AMG, GLC 63 AMG",google-ai-overview,mismatch,false,235/60R18,235/60R18,265/45R20 295/40R20 265/40R21 295/35R21,235/60R18,265/45R20 295/40R20 265/40R21 295/35R21,GLC63 AMG S,,,
4eafc87c-38e2-4aef-8ddc-4e43156b0cc0,2020,mercedes-benz,glc,AMG GLC43,google-ai-overview,mismatch,false,235/55R19 255/50R19,235/55R19 255/50R19,265/45R20 295/40R20 265/40R21 295/35R21,235/55R19 255/50R19,265/45R20 295/40R20 265/40R21 295/35R21,GLC63 AMG S,,,
71e885f0-b749-4392-87e5-25f119988f50,2020,mercedes-benz,glc,GLC300,google-ai-overview,mismatch,false,235/60R18,235/60R18,265/45R20 295/40R20 265/40R21 295/35R21,235/60R18,265/45R20 295/40R20 265/40R21 295/35R21,GLC63 AMG S,,,
8ebd347c-5662-4ec7-a0dc-ad56399c928d,2022,mercedes-benz,glc,GLC 63 AMG,google-ai-overview,mismatch,true,265/45R20 295/40R20,265/45R20 295/40R20,235/60R18 235/55R19 255/45R20 285/40R20 255/40R21 285/35R21,265/45R20 295/40R20,235/60R18 235/55R19 255/45R20 285/40R20 255/40R21 285/35R21,GLC300 | GLC43 AMG,,,
e92060d6-2283-4ce4-95a6-8fbc64a92af9,2022,mercedes-benz,glc,AMG GLC63,google-ai-overview,mismatch,true,265/45R20 295/40R20,265/45R20 295/40R20,235/60R18 235/55R19 255/45R20 285/40R20 255/40R21 285/35R21,265/45R20 295/40R20,235/60R18 235/55R19 255/45R20 285/40R20 255/40R21 285/35R21,GLC300 | GLC43 AMG,,,
5735167c-e1ec-4723-bb7a-779954f7a0a8,2023,mercedes-benz,glc,AMG GLC63,google-ai-overview,mismatch,true,265/45R20 295/40R20,265/45R20 295/40R20,235/60R18 235/55R19 255/45R20 285/40R20 255/50R19 255/40R21 285/35R21,265/45R20 295/40R20,235/60R18 235/55R19 255/45R20 285/40R20 255/50R19 255/40R21 285/35R21,GLC300 | GLC43 AMG,,,
a2034cf3-dbad-41a1-b9d8-d41bb351bd9c,2023,mercedes-benz,glc,GLC 63 AMG,google-ai-overview,mismatch,true,265/45R20 295/40R20,265/45R20 295/40R20,235/60R18 235/55R19 255/45R20 285/40R20 255/50R19 255/40R21 285/35R21,265/45R20 295/40R20,235/60R18 235/55R19 255/45R20 285/40R20 255/50R19 255/40R21 285/35R21,GLC300 | GLC43 AMG,,,
15d1a928-067e-465d-a93f-02a6dbc0565a,2016,mercedes-benz,gle,GLE350,google-ai-overview,mismatch,false,265/60R18,265/60R18,265/45R20,265/60R18,265/45R20,GLE400,,,
46f8423e-623d-4701-abf1-682304ad25dc,2016,mercedes-benz,gle,GLE43 AMG,google-ai-overview,mismatch,true,275/50R20,275/50R20,265/45R20,275/50R20,265/45R20,GLE400,,,
670cae96-ec4a-495a-868c-1c0af4e26523,2016,mercedes-benz,gle,GLE 53 AMG,google-ai-overview,mismatch,false,275/55R19,275/55R19,265/45R20,275/55R19,265/45R20,GLE400,,,
70da501d-d174-4992-a319-32256a3fd900,2016,mercedes-benz,gle,GLE63 AMG,google-ai-overview,mismatch,false,285/45R21,285/45R21,265/45R20,285/45R21,265/45R20,GLE400,,,
8c2a04d5-dea6-4314-832b-c2af204864c7,2016,mercedes-benz,gle,GLE 450,google-ai-overview,mismatch,false,275/55R19,275/55R19,265/45R20,275/55R19,265/45R20,GLE400,,,
90bd58f5-43c0-401f-9088-64a0dc28468e,2016,mercedes-benz,gle,GLE 350,google-ai-overview,mismatch,false,265/60R18,265/60R18,265/45R20,265/60R18,265/45R20,GLE400,,,
b88d1bf0-9561-4ece-9e3b-e84215c22926,2016,mercedes-benz,gle,"GLE 350, GLE 450, GLE 53 AMG, GLE 63 AMG",google-ai-overview,mismatch,false,265/60R18,265/60R18,265/45R20,265/60R18,265/45R20,GLE400,,,
e2371efd-673f-4341-b4af-9d4ee8da4b7a,2016,mercedes-benz,gle,GLE 63 AMG,google-ai-overview,mismatch,false,285/45R21,285/45R21,265/45R20,285/45R21,265/45R20,GLE400,,,
0dd5bbd5-c408-416d-b40d-880b159694c7,2017,mercedes-benz,gle,GLE350,google-ai-overview,mismatch,false,265/60R18,265/60R18,265/45R20,265/60R18,265/45R20,GLE400,,,
176b3120-1b7e-4e11-a3f8-eaac303c1f36,2017,mercedes-benz,gle,GLE43 AMG,google-ai-overview,mismatch,true,275/50R20,275/50R20,265/45R20,275/50R20,265/45R20,GLE400,,,
2eaaa00e-25d5-4a6b-b639-5be8499fec6e,2017,mercedes-benz,gle,GLE63 AMG,google-ai-overview,mismatch,false,285/45R21,285/45R21,265/45R20,285/45R21,265/45R20,GLE400,,,
44f5b383-0a33-491c-9205-61d2b04daa9a,2017,mercedes-benz,gle,"GLE 350, GLE 450, GLE 53 AMG, GLE 63 AMG",google-ai-overview,mismatch,false,265/60R18,265/60R18,265/45R20,265/60R18,265/45R20,GLE400,,,
84478085-f5ed-4921-9d67-45a19315094b,2017,mercedes-benz,gle,GLE 53 AMG,google-ai-overview,mismatch,false,275/55R19,275/55R19,265/45R20,275/55R19,265/45R20,GLE400,,,
a646d315-93c3-4c0b-be46-7e5d87c241c0,2017,mercedes-benz,gle,GLE 450,google-ai-overview,mismatch,false,275/55R19,275/55R19,265/45R20,275/55R19,265/45R20,GLE400,,,
ac6021e4-c394-488d-9791-0c2274fd5e6b,2017,mercedes-benz,gle,GLE 63 AMG,google-ai-overview,mismatch,false,285/45R21,285/45R21,265/45R20,285/45R21,265/45R20,GLE400,,,
c32c50c4-9fce-489d-890b-cef139ba2551,2017,mercedes-benz,gle,GLE 350,google-ai-overview,mismatch,false,265/60R18,265/60R18,265/45R20,265/60R18,265/45R20,GLE400,,,
34910560-f61a-4f16-b0f7-9dc567d84712,2019,mercedes-benz,gle,GLE43 AMG,google-ai-overview,mismatch,true,275/50R20,275/50R20,285/40R22 325/35R22 285/45R21 325/40R21 295/35R21 265/45R20 275/45R21 315/40R21 265/40R21 255/50R19,275/50R20,285/40R22 325/35R22 285/45R21 325/40R21 295/35R21 265/45R20 275/45R21 315/40R21 265/40R21 255/50R19,GLE63 AMG S | GLE63 AMG | GLE43 AMG | GLE400,GLE43 AMG,mismatch,
5eb18f8b-a961-4c06-b21e-b2f41af40715,2019,mercedes-benz,gle,GLE 350,google-ai-overview,mismatch,false,265/60R18,265/60R18,285/40R22 325/35R22 285/45R21 325/40R21 295/35R21 265/45R20 275/45R21 315/40R21 265/40R21 255/50R19,265/60R18,285/40R22 325/35R22 285/45R21 325/40R21 295/35R21 265/45R20 275/45R21 315/40R21 265/40R21 255/50R19,GLE63 AMG S | GLE63 AMG | GLE43 AMG | GLE400,,,
a2fc2311-2fed-446b-995b-6a6ab6ad1de9,2019,mercedes-benz,gle,"GLE 350, GLE 450, GLE 53 AMG, GLE 63 AMG",google-ai-overview,mismatch,false,265/60R18,265/60R18,285/40R22 325/35R22 285/45R21 325/40R21 295/35R21 265/45R20 275/45R21 315/40R21 265/40R21 255/50R19,265/60R18,285/40R22 325/35R22 285/45R21 325/40R21 295/35R21 265/45R20 275/45R21 315/40R21 265/40R21 255/50R19,GLE63 AMG S | GLE63 AMG | GLE43 AMG | GLE400,,,
e38de2d8-062d-473d-b000-4a6bd8b5c5da,2019,mercedes-benz,gle,GLE 53 AMG,google-ai-overview,mismatch,true,275/55R19,275/55R19,285/40R22 325/35R22 285/45R21 325/40R21 295/35R21 265/45R20 275/45R21 315/40R21 265/40R21 255/50R19,275/55R19,285/40R22 325/35R22 285/45R21 325/40R21 295/35R21 265/45R20 275/45R21 315/40R21 265/40R21 255/50R19,GLE63 AMG S | GLE63 AMG | GLE43 AMG | GLE400,,,
e4db0a0b-b380-4835-a869-e7524c3a88ba,2019,mercedes-benz,gle,GLE 450,google-ai-overview,mismatch,true,275/55R19,275/55R19,285/40R22 325/35R22 285/45R21 325/40R21 295/35R21 265/45R20 275/45R21 315/40R21 265/40R21 255/50R19,275/55R19,285/40R22 325/35R22 285/45R21 325/40R21 295/35R21 265/45R20 275/45R21 315/40R21 265/40R21 255/50R19,GLE63 AMG S | GLE63 AMG | GLE43 AMG | GLE400,,,
ea5c6e7e-d235-4290-99e5-da6182e69df5,2019,mercedes-benz,gle,GLE350,google-ai-overview,mismatch,false,265/60R18,265/60R18,285/40R22 325/35R22 285/45R21 325/40R21 295/35R21 265/45R20 275/45R21 315/40R21 265/40R21 255/50R19,265/60R18,285/40R22 325/35R22 285/45R21 325/40R21 295/35R21 265/45R20 275/45R21 315/40R21 265/40R21 255/50R19,GLE63 AMG S | GLE63 AMG | GLE43 AMG | GLE400,,,
297b7a07-e789-4e4b-a22e-d0c9d53a1366,2020,mercedes-benz,gle,GLE350,google-ai-overview,mismatch,true,275/55R19,275/55R19,255/50R19 275/50R20 275/45R21 315/40R21 285/40R22 325/35R22,275/55R19,255/50R19 275/50R20 275/45R21 315/40R21 285/40R22 325/35R22,GLE350 | GLE580 | GLE450,GLE350,mismatch,
8f8ab7e1-7c3d-4da1-b8ad-fdaf1c29783e,2020,mercedes-benz,gle,GLE 63 AMG,google-ai-overview,mismatch,true,275/55R19,275/55R19,255/50R19 275/50R20 275/45R21 315/40R21 285/40R22 325/35R22,275/55R19,255/50R19 275/50R20 275/45R21 315/40R21 285/40R22 325/35R22,GLE350 | GLE580 | GLE450,,,
9f6248eb-dbee-4e9f-86a7-73e6e0b85701,2020,mercedes-benz,gle,GLE 350,google-ai-overview,mismatch,true,275/55R19,275/55R19,255/50R19 275/50R20 275/45R21 315/40R21 285/40R22 325/35R22,275/55R19,255/50R19 275/50R20 275/45R21 315/40R21 285/40R22 325/35R22,GLE350 | GLE580 | GLE450,GLE350,mismatch,
a0d63020-5a22-4735-a3f5-0f7e7d79a73a,2020,mercedes-benz,gle,"GLE 350, GLE 450, GLE 53 AMG, GLE 63 AMG",google-ai-overview,mismatch,true,275/55R19,275/55R19,255/50R19 275/50R20 275/45R21 315/40R21 285/40R22 325/35R22,275/55R19,255/50R19 275/50R20 275/45R21 315/40R21 285/40R22 325/35R22,GLE350 | GLE580 | GLE450,,,
fc658cb4-2e26-4005-a31a-b2911553f5e3,2020,mercedes-benz,gle,GLE350 4MATIC,google-ai-overview,mismatch,true,275/55R19,275/55R19,255/50R19 275/50R20 275/45R21 315/40R21 285/40R22 325/35R22,275/55R19,255/50R19 275/50R20 275/45R21 315/40R21 285/40R22 325/35R22,GLE350 | GLE580 | GLE450,,,
082a8f70-39e7-433a-8a4d-698af0c62d79,2021,mercedes-benz,gle,GLE350,google-ai-overview,mismatch,true,275/55R19,275/55R19,255/50R19 275/50R20 275/45R21 315/40R21 285/40R22 325/35R22,275/55R19,255/50R19 275/50R20 275/45R21 315/40R21 285/40R22 325/35R22,GLE350 | GLE63 AMG S | GLE580 | GLE53 AMG | GLE450,GLE350,mismatch,
9b0e98b0-27c0-49d6-b6d6-43cef90839c1,2021,mercedes-benz,gle,GLE 350,google-ai-overview,mismatch,true,275/55R19,275/55R19,255/50R19 275/50R20 275/45R21 315/40R21 285/40R22 325/35R22,275/55R19,255/50R19 275/50R20 275/45R21 315/40R21 285/40R22 325/35R22,GLE350 | GLE63 AMG S | GLE580 | GLE53 AMG | GLE450,GLE350,mismatch,
a023876b-cefa-472f-a735-941b1bdf6424,2021,mercedes-benz,gle,GLE350 4MATIC,google-ai-overview,mismatch,true,275/55R19,275/55R19,255/50R19 275/50R20 275/45R21 315/40R21 285/40R22 325/35R22,275/55R19,255/50R19 275/50R20 275/45R21 315/40R21 285/40R22 325/35R22,GLE350 | GLE63 AMG S | GLE580 | GLE53 AMG | GLE450,,,
a73e2fbc-e415-45ba-bdeb-1a5d2a1aa710,2021,mercedes-benz,gle,GLE 63 AMG,google-ai-overview,mismatch,true,275/55R19,275/55R19,255/50R19 275/50R20 275/45R21 315/40R21 285/40R22 325/35R22,275/55R19,255/50R19 275/50R20 275/45R21 315/40R21 285/40R22 325/35R22,GLE350 | GLE63 AMG S | GLE580 | GLE53 AMG | GLE450,,,
bf3bd2af-4238-4ecc-be61-2400834f7d20,2021,mercedes-benz,gle,"GLE 350, GLE 450, GLE 53 AMG, GLE 63 AMG",google-ai-overview,mismatch,true,275/55R19,275/55R19,255/50R19 275/50R20 275/45R21 315/40R21 285/40R22 325/35R22,275/55R19,255/50R19 275/50R20 275/45R21 315/40R21 285/40R22 325/35R22,GLE350 | GLE63 AMG S | GLE580 | GLE53 AMG | GLE450,,,
0464a666-74ef-4424-88a4-2b0a6b2846dd,2022,mercedes-benz,gle,GLE350,google-ai-overview,mismatch,true,275/55R19,275/55R19,255/50R19 275/50R20 275/45R21 315/40R21 285/40R22 325/35R22,275/55R19,255/50R19 275/50R20 275/45R21 315/40R21 285/40R22 325/35R22,GLE350 | GLE63 AMG S | GLE580 | GLE53 AMG,GLE350,mismatch,
0a74e0c5-0eb1-4f18-94d6-564b6c471497,2022,mercedes-benz,gle,GLE 63 AMG,google-ai-overview,mismatch,true,275/55R19,275/55R19,255/50R19 275/50R20 275/45R21 315/40R21 285/40R22 325/35R22,275/55R19,255/50R19 275/50R20 275/45R21 315/40R21 285/40R22 325/35R22,GLE350 | GLE63 AMG S | GLE580 | GLE53 AMG,,,
7769392d-cc24-4456-87ff-c81cdc158f18,2022,mercedes-benz,gle,GLE350 4MATIC,google-ai-overview,mismatch,true,275/55R19,275/55R19,255/50R19 275/50R20 275/45R21 315/40R21 285/40R22 325/35R22,275/55R19,255/50R19 275/50R20 275/45R21 315/40R21 285/40R22 325/35R22,GLE350 | GLE63 AMG S | GLE580 | GLE53 AMG,,,
a2a457ca-2957-4d4a-9102-460c16935dd8,2022,mercedes-benz,gle,"GLE 350, GLE 450, GLE 53 AMG, GLE 63 AMG",google-ai-overview,mismatch,true,275/55R19,275/55R19,255/50R19 275/50R20 275/45R21 315/40R21 285/40R22 325/35R22,275/55R19,255/50R19 275/50R20 275/45R21 315/40R21 285/40R22 325/35R22,GLE350 | GLE63 AMG S | GLE580 | GLE53 AMG,,,
a49f8b7b-7fff-49db-9860-6f1fb59c98b6,2022,mercedes-benz,gle,GLE 350,google-ai-overview,mismatch,true,275/55R19,275/55R19,255/50R19 275/50R20 275/45R21 315/40R21 285/40R22 325/35R22,275/55R19,255/50R19 275/50R20 275/45R21 315/40R21 285/40R22 325/35R22,GLE350 | GLE63 AMG S | GLE580 | GLE53 AMG,GLE350,mismatch,
0c834371-7491-4c43-b36e-ed184787ba66,2023,mercedes-benz,gle,GLE350,google-ai-overview,mismatch,true,275/55R19,275/55R19,255/50R19 275/50R20 275/45R21 315/40R21 285/40R22 325/35R22,275/55R19,255/50R19 275/50R20 275/45R21 315/40R21 285/40R22 325/35R22,GLE350 | GLE63 AMG S | GLE580 | GLE53 AMG,GLE350,mismatch,
17bc6895-177c-4211-a427-aa79b31e0d2d,2023,mercedes-benz,gle,GLE350 4MATIC,google-ai-overview,mismatch,true,275/55R19,275/55R19,255/50R19 275/50R20 275/45R21 315/40R21 285/40R22 325/35R22,275/55R19,255/50R19 275/50R20 275/45R21 315/40R21 285/40R22 325/35R22,GLE350 | GLE63 AMG S | GLE580 | GLE53 AMG,,,
566917c7-c154-4809-a0e7-4cf0d15b0fad,2023,mercedes-benz,gle,"GLE 350, GLE 450, GLE 53 AMG, GLE 63 AMG",google-ai-overview,mismatch,true,275/55R19,275/55R19,255/50R19 275/50R20 275/45R21 315/40R21 285/40R22 325/35R22,275/55R19,255/50R19 275/50R20 275/45R21 315/40R21 285/40R22 325/35R22,GLE350 | GLE63 AMG S | GLE580 | GLE53 AMG,,,
91ba714d-b280-47de-90b5-3621ccc24ae9,2023,mercedes-benz,gle,GLE 350,google-ai-overview,mismatch,true,275/55R19,275/55R19,255/50R19 275/50R20 275/45R21 315/40R21 285/40R22 325/35R22,275/55R19,255/50R19 275/50R20 275/45R21 315/40R21 285/40R22 325/35R22,GLE350 | GLE63 AMG S | GLE580 | GLE53 AMG,GLE350,mismatch,
d609b793-fab0-4796-90f0-b0d06145ee0e,2023,mercedes-benz,gle,GLE 63 AMG,google-ai-overview,mismatch,true,275/55R19,275/55R19,255/50R19 275/50R20 275/45R21 315/40R21 285/40R22 325/35R22,275/55R19,255/50R19 275/50R20 275/45R21 315/40R21 285/40R22 325/35R22,GLE350 | GLE63 AMG S | GLE580 | GLE53 AMG,,,
38c56253-e5ae-455e-afb7-1ac097402c5b,2024,mercedes-benz,gle,GLE350,google-ai-overview,mismatch,true,275/55R19,275/55R19,255/50R19 275/50R20 275/45R21 315/40R21 285/40R22 325/35R22,275/55R19,255/50R19 275/50R20 275/45R21 315/40R21 285/40R22 325/35R22,GLE350 | GLE63 AMG S | GLE580 | GLE53 AMG,GLE350,mismatch,
4b054336-2455-452a-98ca-be3cacb5628f,2024,mercedes-benz,gle,GLE350 4MATIC,google-ai-overview,mismatch,true,275/55R19,275/55R19,255/50R19 275/50R20 275/45R21 315/40R21 285/40R22 325/35R22,275/55R19,255/50R19 275/50R20 275/45R21 315/40R21 285/40R22 325/35R22,GLE350 | GLE63 AMG S | GLE580 | GLE53 AMG,,,
311d16d0-7586-430b-a9c8-f2cdf3b83527,2025,mercedes-benz,gle,GLE 53 AMG,verified-research [sizes-inherited] [expanded],mismatch,true,255/50R19 275/45R20 275/40R21,255/50R19 275/45R20 275/40R21,275/55R19 275/50R20 275/45R21 315/40R21 285/40R22 325/35R22,255/50R19 275/45R20 275/40R21,275/55R19 275/50R20 275/45R21 315/40R21 285/40R22 325/35R22,GLE350 | GLE63 AMG S | GLE580 | GLE53 AMG | GLE450,GLE53 AMG,mismatch,
48924cbb-cd5b-498a-9062-69be2af096bc,2025,mercedes-benz,gle,GLE 450,verified-research [sizes-inherited] [expanded],mismatch,true,255/50R19 275/45R20 275/40R21,255/50R19 275/45R20 275/40R21,275/55R19 275/50R20 275/45R21 315/40R21 285/40R22 325/35R22,255/50R19 275/45R20 275/40R21,275/55R19 275/50R20 275/45R21 315/40R21 285/40R22 325/35R22,GLE350 | GLE63 AMG S | GLE580 | GLE53 AMG | GLE450,GLE450,mismatch,
64fd9e47-13de-48a2-aa6a-4a36a3cd7b15,2025,mercedes-benz,gle,"GLE 350, GLE 450, GLE 53 AMG, GLE 63 AMG",verified-research [sizes-inherited],mismatch,true,255/50R19 275/45R20 275/40R21,255/50R19 275/45R20 275/40R21,275/55R19 275/50R20 275/45R21 315/40R21 285/40R22 325/35R22,255/50R19 275/45R20 275/40R21,275/55R19 275/50R20 275/45R21 315/40R21 285/40R22 325/35R22,GLE350 | GLE63 AMG S | GLE580 | GLE53 AMG | GLE450,,,
aa7b2a8f-cadc-47e2-a384-e7264a160838,2025,mercedes-benz,gle,GLE 63 AMG,verified-research [sizes-inherited] [expanded],mismatch,true,255/50R19 275/45R20 275/40R21,255/50R19 275/45R20 275/40R21,275/55R19 275/50R20 275/45R21 315/40R21 285/40R22 325/35R22,255/50R19 275/45R20 275/40R21,275/55R19 275/50R20 275/45R21 315/40R21 285/40R22 325/35R22,GLE350 | GLE63 AMG S | GLE580 | GLE53 AMG | GLE450,,,
c24fd227-4ee8-4de3-a13d-1d992944dec8,2025,mercedes-benz,gle,GLE 350,verified-research [sizes-inherited] [expanded],mismatch,true,255/50R19 275/45R20 275/40R21,255/50R19 275/45R20 275/40R21,275/55R19 275/50R20 275/45R21 315/40R21 285/40R22 325/35R22,255/50R19 275/45R20 275/40R21,275/55R19 275/50R20 275/45R21 315/40R21 285/40R22 325/35R22,GLE350 | GLE63 AMG S | GLE580 | GLE53 AMG | GLE450,GLE350,mismatch,
3c2248d9-baf5-4c87-95d1-deb7e699f406,2026,mercedes-benz,gle,"GLE 350, GLE 450, GLE 53 AMG, GLE 63 AMG",luxury-gap-fill,mismatch,true,255/50R19 275/45R20 275/40R21,255/50R19 275/45R20 275/40R21,275/55R19 275/50R20 275/45R21 315/40R21 285/40R22 325/35R22,255/50R19 275/45R20 275/40R21,275/55R19 275/50R20 275/45R21 315/40R21 285/40R22 325/35R22,GLE350 | GLE63 AMG S | GLE580 | GLE53 AMG | GLE450,,,
965ff142-df53-4285-a514-39397720fa4d,2026,mercedes-benz,gle,GLE 63 AMG,luxury-gap-fill [trim-expanded],mismatch,true,255/50R19 275/45R20 275/40R21,255/50R19 275/45R20 275/40R21,275/55R19 275/50R20 275/45R21 315/40R21 285/40R22 325/35R22,255/50R19 275/45R20 275/40R21,275/55R19 275/50R20 275/45R21 315/40R21 285/40R22 325/35R22,GLE350 | GLE63 AMG S | GLE580 | GLE53 AMG | GLE450,,,
d746c303-5420-44a3-adcc-cf9710749893,2026,mercedes-benz,gle,GLE 450,luxury-gap-fill [trim-expanded],mismatch,true,255/50R19 275/45R20 275/40R21,255/50R19 275/45R20 275/40R21,275/55R19 275/50R20 275/45R21 315/40R21 285/40R22 325/35R22,255/50R19 275/45R20 275/40R21,275/55R19 275/50R20 275/45R21 315/40R21 285/40R22 325/35R22,GLE350 | GLE63 AMG S | GLE580 | GLE53 AMG | GLE450,GLE450,mismatch,
e7d093f1-b117-4692-aeea-0d598d9dead8,2026,mercedes-benz,gle,GLE 53 AMG,luxury-gap-fill [trim-expanded],mismatch,true,255/50R19 275/45R20 275/40R21,255/50R19 275/45R20 275/40R21,275/55R19 275/50R20 275/45R21 315/40R21 285/40R22 325/35R22,255/50R19 275/45R20 275/40R21,275/55R19 275/50R20 275/45R21 315/40R21 285/40R22 325/35R22,GLE350 | GLE63 AMG S | GLE580 | GLE53 AMG | GLE450,GLE53 AMG,mismatch,
ed4cde3d-5c2e-4e05-bc4b-425a537aa268,2026,mercedes-benz,gle,GLE 350,luxury-gap-fill [trim-expanded],mismatch,true,255/50R19 275/45R20 275/40R21,255/50R19 275/45R20 275/40R21,275/55R19 275/50R20 275/45R21 315/40R21 285/40R22 325/35R22,255/50R19 275/45R20 275/40R21,275/55R19 275/50R20 275/45R21 315/40R21 285/40R22 325/35R22,GLE350 | GLE63 AMG S | GLE580 | GLE53 AMG | GLE450,GLE350,mismatch,
5f49ee56-f82d-43c6-8329-9d27c0abb4d2,2020,mercedes-benz,gls,AMG GLS63,google-ai-overview,mismatch,true,285/40R22 325/35R22,285/40R22 325/35R22,275/45R21 275/55R19 275/50R20 315/40R21 285/45R22 285/40R23 325/35R23 325/40R22,285/40R22 325/35R22,275/45R21 275/55R19 275/50R20 315/40R21 285/45R22 285/40R23 325/35R23 325/40R22,GLS450 | GLS580,,,
f5f93b2e-6e43-4318-8b50-f2124c2b98be,2021,mercedes-benz,gls,AMG GLS63,google-ai-overview,mismatch,true,285/40R22 325/35R22,285/40R22 325/35R22,275/50R20 275/45R21 315/40R21 275/50R21 315/45R21 285/40R23 325/35R23 285/45R22 325/40R22,285/40R22 325/35R22,275/50R20 275/45R21 315/40R21 275/50R21 315/45R21 285/40R23 325/35R23 285/45R22 325/40R22,GLS450 | GLS63 AMG | GLS580 | Maybach GLS600,,,
db04b40b-3de7-4b9b-879a-a8b5b8643630,2022,mercedes-benz,gls,AMG GLS63,google-ai-overview,mismatch,true,285/40R22 325/35R22,285/40R22 325/35R22,275/50R20 275/45R21 315/40R21 285/45R22 325/40R22 285/40R23 325/35R23 275/50R21 315/45R21,285/40R22 325/35R22,275/50R20 275/45R21 315/40R21 285/45R22 325/40R22 285/40R23 325/35R23 275/50R21 315/45R21,GLS450 | GLS63 AMG | GLS580 | Maybach GLS600,,,
ac738352-90f1-49ce-9fa0-a5c57ae89d09,2023,mercedes-benz,gls,AMG GLS63,google-ai-overview,mismatch,true,285/40R22 325/35R22,285/40R22 325/35R22,275/50R20 275/45R21 315/40R21 285/45R22 325/40R22 285/40R23 325/35R23 275/50R21 315/45R21,285/40R22 325/35R22,275/50R20 275/45R21 315/40R21 285/45R22 325/40R22 285/40R23 325/35R23 275/50R21 315/45R21,GLS450 | GLS63 AMG | GLS580 | Maybach GLS600,,,
1ebe2069-a430-4848-8617-3f75e56548a9,2024,mercedes-benz,gls,GLS450,google-ai-overview,mismatch,false,275/50R20,275/50R20,275/45R21 315/40R21 285/45R22 325/40R22 285/40R23 325/35R23 275/50R21 315/45R21,275/50R20,275/45R21 315/40R21 285/45R22 325/40R22 285/40R23 325/35R23 275/50R21 315/45R21,GLS450 | GLS63 AMG | GLS580 | Maybach GLS600,GLS450,mismatch,
bfc1f687-4746-4b46-b0c8-f26a85fd52f3,2024,mercedes-benz,gls,AMG GLS63,google-ai-overview,mismatch,true,285/40R22 325/35R22,285/40R22 325/35R22,275/45R21 315/40R21 285/45R22 325/40R22 285/40R23 325/35R23 275/50R21 315/45R21,285/40R22 325/35R22,275/45R21 315/40R21 285/45R22 325/40R22 285/40R23 325/35R23 275/50R21 315/45R21,GLS450 | GLS63 AMG | GLS580 | Maybach GLS600,,,
311f62b6-c74d-4dcd-bf78-435b796c2d87,2025,mercedes-benz,gls,AMG GLS63,google-ai-overview,mismatch,true,285/40R22 325/35R22,285/40R22 325/35R22,275/45R21 315/40R21 285/45R22 325/40R22 285/40R23 325/35R23 275/50R21 315/45R21,285/40R22 325/35R22,275/45R21 315/40R21 285/45R22 325/40R22 285/40R23 325/35R23 275/50R21 315/45R21,GLS450 | GLS63 AMG | GLS580 | Maybach GLS600,,,
929b6204-246f-4ace-8c8d-9dcec0530cd9,2025,mercedes-benz,gls,GLS450,google-ai-overview,mismatch,false,275/50R20,275/50R20,275/45R21 315/40R21 285/45R22 325/40R22 285/40R23 325/35R23 275/50R21 315/45R21,275/50R20,275/45R21 315/40R21 285/45R22 325/40R22 285/40R23 325/35R23 275/50R21 315/45R21,GLS450 | GLS63 AMG | GLS580 | Maybach GLS600,GLS450,mismatch,
5edabbfe-2a18-4c2c-a9aa-8c867e06c6ca,2026,mercedes-benz,gls,GLS450,google-ai-overview,mismatch,false,275/50R20,275/50R20,275/45R21 315/40R21 285/45R22 325/40R22 285/40R23 325/35R23 275/50R21 315/45R21,275/50R20,275/45R21 315/40R21 285/45R22 325/40R22 285/40R23 325/35R23 275/50R21 315/45R21,GLS450 | GLS63 AMG | GLS580 | Maybach GLS600,GLS450,mismatch,
d3c05549-ade5-475c-b09f-32e3fd4095a0,2026,mercedes-benz,gls,AMG GLS63,google-ai-overview,mismatch,true,285/40R22 325/35R22,285/40R22 325/35R22,275/45R21 315/40R21 285/45R22 325/40R22 285/40R23 325/35R23 275/50R21 315/45R21,285/40R22 325/35R22,275/45R21 315/40R21 285/45R22 325/40R22 285/40R23 325/35R23 275/50R21 315/45R21,GLS450 | GLS63 AMG | GLS580 | Maybach GLS600,,,
02731c7c-a1c7-4bb5-8dd8-5aaf3a413637,2008,mercedes-benz,m-class,Base,google-ai-overview,mismatch,false,265/60R18,265/60R18,255/50R19 295/40R20,265/60R18,255/50R19 295/40R20,ML350 | ML63 AMG | ML550 | ML320,,,
96c4370f-5490-4b2f-a827-cb2cc97ed25f,2009,mercedes-benz,m-class,Base,google-ai-overview,mismatch,false,265/60R18,265/60R18,255/50R19 295/40R20 295/35R21,265/60R18,255/50R19 295/40R20 295/35R21,ML350 | ML63 AMG | ML550 | ML320,,,
9544dc73-c8da-418b-a3b6-49e0447a3756,2010,mercedes-benz,m-class,Base,google-ai-overview,mismatch,false,265/60R18,265/60R18,255/50R19 265/45R20 295/40R20 295/35R21,265/60R18,255/50R19 265/45R20 295/40R20 295/35R21,ML350 | ML63 AMG | ML550,,,
daa7fdee-c347-4ca0-8aa7-79ae18402eac,2011,mercedes-benz,m-class,Base,google-ai-overview,mismatch,false,265/60R18,265/60R18,255/50R19 265/45R20 295/40R20 295/35R21,265/60R18,255/50R19 265/45R20 295/40R20 295/35R21,ML350 | ML63 AMG | ML550,,,
b8a05b74-4c59-40cf-9a43-e02adaab7b35,2012,mercedes-benz,m-class,Base,google-ai-overview,mismatch,false,265/60R18,265/60R18,255/50R19 265/45R20 295/35R21,265/60R18,255/50R19 265/45R20 295/35R21,ML350 | ML63 AMG | ML550,,,
8d8f201d-e906-4e74-8e8e-199642753bd7,2013,mercedes-benz,m-class,Base,google-ai-overview,mismatch,false,265/60R18,265/60R18,255/50R19 265/45R20 295/35R21,265/60R18,255/50R19 265/45R20 295/35R21,ML350 | ML63 AMG | ML550,,,
257d8e4a-477c-41fa-90b4-44cf2875b5af,2014,mercedes-benz,m-class,Base,google-ai-overview,mismatch,false,265/60R18,265/60R18,255/50R19 265/45R20 295/35R21,265/60R18,255/50R19 265/45R20 295/35R21,ML350 | ML63 AMG | ML550,,,
98d0785c-7e1b-4cd1-9456-d1825969c85b,2015,mercedes-benz,m-class,Base,google-ai-overview,mismatch,true,265/60R18,265/60R18,255/50R19 265/45R20 295/35R21 255/55R18,265/60R18,255/50R19 265/45R20 295/35R21 255/55R18,ML350 | ML63 AMG | ML250 | ML400,,,
3a64a6ae-496e-4e09-963f-bdb7faaa02f7,2000,mercedes-benz,m-class-amg,Base,google-ai-overview,mismatch,false,295/35R21,295/35R21,285/50R18,295/35R21,285/50R18,ML55 AMG,,,
00c49ced-f255-4d66-890d-60b5bae9c7ba,2001,mercedes-benz,m-class-amg,Base,google-ai-overview,mismatch,false,295/35R21,295/35R21,285/50R18,295/35R21,285/50R18,ML55 AMG,,,
698824d5-e40e-47cc-b539-5fdd07a6b101,2002,mercedes-benz,m-class-amg,Base,google-ai-overview,mismatch,false,295/35R21,295/35R21,285/50R18,295/35R21,285/50R18,ML55 AMG,,,
2bde1009-399c-4a03-99bb-d14fefa1c2ab,2003,mercedes-benz,m-class-amg,Base,google-ai-overview,mismatch,false,295/35R21,295/35R21,285/50R18,295/35R21,285/50R18,ML55 AMG,,,
6dfd38e2-6b58-486f-8d0c-176067d09db7,2007,mercedes-benz,m-class-amg,Base,google-ai-overview,mismatch,false,295/35R21,295/35R21,295/40R20,295/35R21,295/40R20,ML63 AMG,,,
69481b23-0bf5-463e-b5ed-05a96626c158,2008,mercedes-benz,m-class-amg,Base,google-ai-overview,mismatch,false,295/35R21,295/35R21,295/40R20,295/35R21,295/40R20,ML63 AMG,,,
4a96ad82-c2b0-4d86-8971-dff05def7cfd,2002,mercedes-benz,s-class,Maybach,google-ai-overview,mismatch,false,255/45R19 285/40R19,255/45R19 285/40R19,225/55R17 245/45R18 275/40R18 225/60R16,255/45R19 285/40R19,225/55R17 245/45R18 275/40R18 225/60R16,S600 | S500 | S430 | S55 AMG,,,
5a8df1f7-85d8-4809-8a2b-a9dfde3019e6,2002,mercedes-benz,s-class,S580,google-ai-overview,mismatch,false,255/45R19 285/40R19,255/45R19 285/40R19,225/55R17 245/45R18 275/40R18 225/60R16,255/45R19 285/40R19,225/55R17 245/45R18 275/40R18 225/60R16,S600 | S500 | S430 | S55 AMG,,,
998ed806-1f1a-47f7-8962-630666f60d32,2002,mercedes-benz,s-class,S63 AMG,google-ai-overview,mismatch,false,255/40R20 285/35R20,255/40R20 285/35R20,225/55R17 245/45R18 275/40R18 225/60R16,255/40R20 285/35R20,225/55R17 245/45R18 275/40R18 225/60R16,S600 | S500 | S430 | S55 AMG,,,
b57f93d4-724f-48b5-aed3-801090e18605,2002,mercedes-benz,s-class,S500,google-ai-overview,mismatch,false,255/45R19 285/40R19,255/45R19 285/40R19,225/55R17 245/45R18 275/40R18 225/60R16,255/45R19 285/40R19,225/55R17 245/45R18 275/40R18 225/60R16,S600 | S500 | S430 | S55 AMG,S500,mismatch,
bb582abe-16ff-44b7-8152-6c0214a6a570,2002,mercedes-benz,s-class,"S500, S550, S580, S63 AMG, Maybach",google-ai-overview,mismatch,false,255/40R20 285/35R20,255/40R20 285/35R20,225/55R17 245/45R18 275/40R18 225/60R16,255/40R20 285/35R20,225/55R17 245/45R18 275/40R18 225/60R16,S600 | S500 | S430 | S55 AMG,,,
bd17ab54-93d8-4dd2-b13a-db961196464a,2002,mercedes-benz,s-class,S550,google-ai-overview,mismatch,false,255/45R19 285/40R19,255/45R19 285/40R19,225/55R17 245/45R18 275/40R18 225/60R16,255/45R19 285/40R19,225/55R17 245/45R18 275/40R18 225/60R16,S600 | S500 | S430 | S55 AMG,,,
290523f3-4fae-45a7-ad7d-688cebb6e751,2003,mercedes-benz,s-class,Maybach,google-ai-overview,mismatch,false,255/45R19 285/40R19,255/45R19 285/40R19,245/45R18 265/40R18 225/55R17 225/60R16,255/45R19 285/40R19,245/45R18 265/40R18 225/55R17 225/60R16,S600 | S500 | S430 | S55 AMG,,,
5e00adbe-f39b-4508-9e7f-8428bd53f964,2003,mercedes-benz,s-class,S550,google-ai-overview,mismatch,false,255/45R19 285/40R19,255/45R19 285/40R19,245/45R18 265/40R18 225/55R17 225/60R16,255/45R19 285/40R19,245/45R18 265/40R18 225/55R17 225/60R16,S600 | S500 | S430 | S55 AMG,,,
6aef385e-5da0-4811-9b86-e11db098e583,2003,mercedes-benz,s-class,"S500, S550, S580, S63 AMG, Maybach",google-ai-overview,mismatch,false,255/40R20 285/35R20,255/40R20 285/35R20,245/45R18 265/40R18 225/55R17 225/60R16,255/40R20 285/35R20,245/45R18 265/40R18 225/55R17 225/60R16,S600 | S500 | S430 | S55 AMG,,,
9af245db-cde6-431d-aaa6-d17746b7a652,2003,mercedes-benz,s-class,S63 AMG,google-ai-overview,mismatch,false,255/40R20 285/35R20,255/40R20 285/35R20,245/45R18 265/40R18 225/55R17 225/60R16,255/40R20 285/35R20,245/45R18 265/40R18 225/55R17 225/60R16,S600 | S500 | S430 | S55 AMG,,,
aba1d81c-290c-48f1-9b43-e0e928adc49b,2003,mercedes-benz,s-class,S500,google-ai-overview,mismatch,false,255/45R19 285/40R19,255/45R19 285/40R19,245/45R18 265/40R18 225/55R17 225/60R16,255/45R19 285/40R19,245/45R18 265/40R18 225/55R17 225/60R16,S600 | S500 | S430 | S55 AMG,S500,mismatch,
af72df70-7a1d-45c2-a834-066e94366a46,2003,mercedes-benz,s-class,S580,google-ai-overview,mismatch,false,255/45R19 285/40R19,255/45R19 285/40R19,245/45R18 265/40R18 225/55R17 225/60R16,255/45R19 285/40R19,245/45R18 265/40R18 225/55R17 225/60R16,S600 | S500 | S430 | S55 AMG,,,
1e828652-1ee5-463c-88e0-22c234e82771,2004,mercedes-benz,s-class,"S500, S550, S580, S63 AMG, Maybach",google-ai-overview,mismatch,false,255/40R20 285/35R20,255/40R20 285/35R20,245/45R18 265/40R18 225/55R17,255/40R20 285/35R20,245/45R18 265/40R18 225/55R17,S600 | S500 | S430 | S55 AMG,,,
21083eeb-4c52-4585-8611-a2dd6980d487,2004,mercedes-benz,s-class,Maybach,google-ai-overview,mismatch,false,255/45R19 285/40R19,255/45R19 285/40R19,245/45R18 265/40R18 225/55R17,255/45R19 285/40R19,245/45R18 265/40R18 225/55R17,S600 | S500 | S430 | S55 AMG,,,
890c5559-de5f-4013-9ede-19a657769c7f,2004,mercedes-benz,s-class,S63 AMG,google-ai-overview,mismatch,false,255/40R20 285/35R20,255/40R20 285/35R20,245/45R18 265/40R18 225/55R17,255/40R20 285/35R20,245/45R18 265/40R18 225/55R17,S600 | S500 | S430 | S55 AMG,,,
8ddc5f50-bc75-4aaa-8a9e-da9990ccbb09,2004,mercedes-benz,s-class,S500,google-ai-overview,mismatch,false,255/45R19 285/40R19,255/45R19 285/40R19,245/45R18 265/40R18 225/55R17,255/45R19 285/40R19,245/45R18 265/40R18 225/55R17,S600 | S500 | S430 | S55 AMG,S500,mismatch,
b2ca2050-e35f-4f7d-bee5-3587158e043a,2004,mercedes-benz,s-class,S580,google-ai-overview,mismatch,false,255/45R19 285/40R19,255/45R19 285/40R19,245/45R18 265/40R18 225/55R17,255/45R19 285/40R19,245/45R18 265/40R18 225/55R17,S600 | S500 | S430 | S55 AMG,,,
bd5ce2ae-feda-45a5-bfd3-8038a0a05b98,2004,mercedes-benz,s-class,S550,google-ai-overview,mismatch,false,255/45R19 285/40R19,255/45R19 285/40R19,245/45R18 265/40R18 225/55R17,255/45R19 285/40R19,245/45R18 265/40R18 225/55R17,S600 | S500 | S430 | S55 AMG,,,
1273398e-527b-4fea-a37b-eb8504f9e8a0,2005,mercedes-benz,s-class,"S500, S550, S580, S63 AMG, Maybach",google-ai-overview,mismatch,false,255/40R20 285/35R20,255/40R20 285/35R20,245/45R18 265/40R18 225/55R17,255/40R20 285/35R20,245/45R18 265/40R18 225/55R17,S600 | S500 | S430 | S55 AMG,,,
51fea67a-ecc9-498b-9e99-6692ef73f38c,2005,mercedes-benz,s-class,S500,google-ai-overview,mismatch,false,255/45R19 285/40R19,255/45R19 285/40R19,245/45R18 265/40R18 225/55R17,255/45R19 285/40R19,245/45R18 265/40R18 225/55R17,S600 | S500 | S430 | S55 AMG,S500,mismatch,
56f4ea55-8395-4d17-81a6-d6ac0d142895,2005,mercedes-benz,s-class,S63 AMG,google-ai-overview,mismatch,false,255/40R20 285/35R20,255/40R20 285/35R20,245/45R18 265/40R18 225/55R17,255/40R20 285/35R20,245/45R18 265/40R18 225/55R17,S600 | S500 | S430 | S55 AMG,,,
a8508f7c-53f8-4159-b2be-03876caf5615,2005,mercedes-benz,s-class,S580,google-ai-overview,mismatch,false,255/45R19 285/40R19,255/45R19 285/40R19,245/45R18 265/40R18 225/55R17,255/45R19 285/40R19,245/45R18 265/40R18 225/55R17,S600 | S500 | S430 | S55 AMG,,,
d9cccf7b-af9e-4aa4-baa8-3be6df3e6651,2005,mercedes-benz,s-class,Maybach,google-ai-overview,mismatch,false,255/45R19 285/40R19,255/45R19 285/40R19,245/45R18 265/40R18 225/55R17,255/45R19 285/40R19,245/45R18 265/40R18 225/55R17,S600 | S500 | S430 | S55 AMG,,,
f02dc97d-8985-4d85-9759-a8c62675e09f,2005,mercedes-benz,s-class,S550,google-ai-overview,mismatch,false,255/45R19 285/40R19,255/45R19 285/40R19,245/45R18 265/40R18 225/55R17,255/45R19 285/40R19,245/45R18 265/40R18 225/55R17,S600 | S500 | S430 | S55 AMG,,,
17e2d70e-439a-4e42-b744-74fafcb1193e,2006,mercedes-benz,s-class,S550,google-ai-overview,mismatch,true,255/45R19 285/40R19,255/45R19 285/40R19,245/45R18 265/40R18 225/55R17 245/40R19 275/35R19,255/45R19 285/40R19,245/45R18 265/40R18 225/55R17 245/40R19 275/35R19,S600 | S500 | S65 AMG | S350 | S430 | S55 AMG,,,
69fcafe3-6eb7-409a-ac1c-68386f0853db,2006,mercedes-benz,s-class,S500,google-ai-overview,mismatch,true,255/45R19 285/40R19,255/45R19 285/40R19,245/45R18 265/40R18 225/55R17 245/40R19 275/35R19,255/45R19 285/40R19,245/45R18 265/40R18 225/55R17 245/40R19 275/35R19,S600 | S500 | S65 AMG | S350 | S430 | S55 AMG,S500,mismatch,
9d3d3806-ae46-4612-a1c4-7f701e917f12,2006,mercedes-benz,s-class,S580,google-ai-overview,mismatch,true,255/45R19 285/40R19,255/45R19 285/40R19,245/45R18 265/40R18 225/55R17 245/40R19 275/35R19,255/45R19 285/40R19,245/45R18 265/40R18 225/55R17 245/40R19 275/35R19,S600 | S500 | S65 AMG | S350 | S430 | S55 AMG,,,
b0374e2e-9a98-47e3-abcd-b393c8ed5345,2006,mercedes-benz,s-class,Maybach,google-ai-overview,mismatch,true,255/45R19 285/40R19,255/45R19 285/40R19,245/45R18 265/40R18 225/55R17 245/40R19 275/35R19,255/45R19 285/40R19,245/45R18 265/40R18 225/55R17 245/40R19 275/35R19,S600 | S500 | S65 AMG | S350 | S430 | S55 AMG,,,
b2a96c03-5363-456e-b3f8-dc03af3b0d2e,2006,mercedes-benz,s-class,S63 AMG,google-ai-overview,mismatch,false,255/40R20 285/35R20,255/40R20 285/35R20,245/45R18 265/40R18 225/55R17 245/40R19 275/35R19,255/40R20 285/35R20,245/45R18 265/40R18 225/55R17 245/40R19 275/35R19,S600 | S500 | S65 AMG | S350 | S430 | S55 AMG,,,
ce17d21f-f323-4f59-9423-5a5921a27a9f,2006,mercedes-benz,s-class,"S500, S550, S580, S63 AMG, Maybach",google-ai-overview,mismatch,false,255/40R20 285/35R20,255/40R20 285/35R20,245/45R18 265/40R18 225/55R17 245/40R19 275/35R19,255/40R20 285/35R20,245/45R18 265/40R18 225/55R17 245/40R19 275/35R19,S600 | S500 | S65 AMG | S350 | S430 | S55 AMG,,,
c595c62e-fb54-4fef-ab68-487256ccf02f,2007,mercedes-benz,s-class,S580,google-ai-overview,mismatch,true,255/45R19 285/40R19,255/45R19 285/40R19,255/45R18 275/45R18 255/40R19 275/40R19 255/35R20 275/35R20,255/45R19 285/40R19,255/45R18 275/45R18 255/40R19 275/40R19 255/35R20 275/35R20,S600 | S63 AMG | S65 AMG | S550,,,
cf514645-f3c6-47b4-97ab-eec2caa1c193,2007,mercedes-benz,s-class,Maybach,google-ai-overview,mismatch,true,255/45R19 285/40R19,255/45R19 285/40R19,255/45R18 275/45R18 255/40R19 275/40R19 255/35R20 275/35R20,255/45R19 285/40R19,255/45R18 275/45R18 255/40R19 275/40R19 255/35R20 275/35R20,S600 | S63 AMG | S65 AMG | S550,,,
d501868a-0701-412a-ad65-a20837f4dc56,2007,mercedes-benz,s-class,S63 AMG,google-ai-overview,mismatch,true,255/35R19 285/30R19,255/35R19 285/30R19,255/45R18 275/45R18 255/40R19 275/40R19 255/35R20 275/35R20,255/35R19 285/30R19,255/45R18 275/45R18 255/40R19 275/40R19 255/35R20 275/35R20,S600 | S63 AMG | S65 AMG | S550,S63 AMG,mismatch,
0601d1b8-c7fa-4dce-9846-516f50983807,2008,mercedes-benz,s-class,S63 AMG,google-ai-overview,mismatch,true,255/35R19 285/30R19,255/35R19 285/30R19,255/45R18 275/45R18 255/40R19 275/40R19 255/35R20 275/35R20,255/35R19 285/30R19,255/45R18 275/45R18 255/40R19 275/40R19 255/35R20 275/35R20,S600 | S63 AMG | S65 AMG | S550,S63 AMG,mismatch,
7298b543-22e8-4f19-9985-d0ff5bc438d6,2008,mercedes-benz,s-class,Maybach,google-ai-overview,mismatch,true,255/45R19 285/40R19,255/45R19 285/40R19,255/45R18 275/45R18 255/40R19 275/40R19 255/35R20 275/35R20,255/45R19 285/40R19,255/45R18 275/45R18 255/40R19 275/40R19 255/35R20 275/35R20,S600 | S63 AMG | S65 AMG | S550,,,
a453eb64-6bc2-496a-a5ce-fbc60c1f76b8,2008,mercedes-benz,s-class,S580,google-ai-overview,mismatch,true,255/45R19 285/40R19,255/45R19 285/40R19,255/45R18 275/45R18 255/40R19 275/40R19 255/35R20 275/35R20,255/45R19 285/40R19,255/45R18 275/45R18 255/40R19 275/40R19 255/35R20 275/35R20,S600 | S63 AMG | S65 AMG | S550,,,
4310504b-4b1c-41cd-b988-2778a62e4412,2009,mercedes-benz,s-class,S63 AMG,google-ai-overview,mismatch,true,255/35R19 285/30R19,255/35R19 285/30R19,255/45R18 275/45R18 255/40R19 275/40R19 255/35R20 275/35R20,255/35R19 285/30R19,255/45R18 275/45R18 255/40R19 275/40R19 255/35R20 275/35R20,S600 | S63 AMG | S65 AMG | S550,S63 AMG,mismatch,
74d6fb1f-ba6a-4a32-a8c4-12b9243c9fc0,2009,mercedes-benz,s-class,Maybach,google-ai-overview,mismatch,true,255/45R19 285/40R19,255/45R19 285/40R19,255/45R18 275/45R18 255/40R19 275/40R19 255/35R20 275/35R20,255/45R19 285/40R19,255/45R18 275/45R18 255/40R19 275/40R19 255/35R20 275/35R20,S600 | S63 AMG | S65 AMG | S550,,,
7e043d77-0b0d-44e6-9eac-802c3be8d51d,2009,mercedes-benz,s-class,S580,google-ai-overview,mismatch,true,255/45R19 285/40R19,255/45R19 285/40R19,255/45R18 275/45R18 255/40R19 275/40R19 255/35R20 275/35R20,255/45R19 285/40R19,255/45R18 275/45R18 255/40R19 275/40R19 255/35R20 275/35R20,S600 | S63 AMG | S65 AMG | S550,,,
205c3a6e-1a5d-46f5-97d6-8fedf88699b1,2010,mercedes-benz,s-class,S63 AMG,google-ai-overview,mismatch,true,255/35R19 285/30R19,255/35R19 285/30R19,255/45R18 275/45R18 255/40R19 275/40R19 255/35R20 275/35R20,255/35R19 285/30R19,255/45R18 275/45R18 255/40R19 275/40R19 255/35R20 275/35R20,S600 | S63 AMG | S65 AMG | S550 | S400,S63 AMG,mismatch,
4ca79bd3-77d6-4d9b-82eb-b772a7c60574,2010,mercedes-benz,s-class,Maybach,google-ai-overview,mismatch,true,255/45R19 285/40R19,255/45R19 285/40R19,255/45R18 275/45R18 255/40R19 275/40R19 255/35R20 275/35R20,255/45R19 285/40R19,255/45R18 275/45R18 255/40R19 275/40R19 255/35R20 275/35R20,S600 | S63 AMG | S65 AMG | S550 | S400,,,
d2d99b93-bd1d-412a-a566-8af9085f137f,2010,mercedes-benz,s-class,S580,google-ai-overview,mismatch,true,255/45R19 285/40R19,255/45R19 285/40R19,255/45R18 275/45R18 255/40R19 275/40R19 255/35R20 275/35R20,255/45R19 285/40R19,255/45R18 275/45R18 255/40R19 275/40R19 255/35R20 275/35R20,S600 | S63 AMG | S65 AMG | S550 | S400,,,
604d33aa-09c2-48a9-9d4f-2d1cb982366e,2011,mercedes-benz,s-class,S63 AMG,google-ai-overview,mismatch,true,255/35R19 285/30R19,255/35R19 285/30R19,255/45R18 275/45R18 255/40R19 275/40R19 255/35R20 275/35R20,255/35R19 285/30R19,255/45R18 275/45R18 255/40R19 275/40R19 255/35R20 275/35R20,S600 | S63 AMG | S65 AMG | S550 | S400,S63 AMG,mismatch,
dc1c142f-0307-477a-8a5d-2bfe0a6c07e1,2011,mercedes-benz,s-class,Maybach,google-ai-overview,mismatch,true,255/45R19 285/40R19,255/45R19 285/40R19,255/45R18 275/45R18 255/40R19 275/40R19 255/35R20 275/35R20,255/45R19 285/40R19,255/45R18 275/45R18 255/40R19 275/40R19 255/35R20 275/35R20,S600 | S63 AMG | S65 AMG | S550 | S400,,,
ddc4b523-8260-4000-a0cd-04d074b6d0a2,2011,mercedes-benz,s-class,S580,google-ai-overview,mismatch,true,255/45R19 285/40R19,255/45R19 285/40R19,255/45R18 275/45R18 255/40R19 275/40R19 255/35R20 275/35R20,255/45R19 285/40R19,255/45R18 275/45R18 255/40R19 275/40R19 255/35R20 275/35R20,S600 | S63 AMG | S65 AMG | S550 | S400,,,
067097f9-9c0b-4be4-a548-db3145279af5,2012,mercedes-benz,s-class,S580,google-ai-overview,mismatch,true,255/45R19 285/40R19,255/45R19 285/40R19,255/45R18 275/45R18 255/40R19 275/40R19 255/35R20 275/35R20,255/45R19 285/40R19,255/45R18 275/45R18 255/40R19 275/40R19 255/35R20 275/35R20,S600 | S63 AMG | S65 AMG | S550 | S350 | S400,,,
1f86d516-1214-41cc-b54f-250e753540f3,2012,mercedes-benz,s-class,Maybach,google-ai-overview,mismatch,true,255/45R19 285/40R19,255/45R19 285/40R19,255/45R18 275/45R18 255/40R19 275/40R19 255/35R20 275/35R20,255/45R19 285/40R19,255/45R18 275/45R18 255/40R19 275/40R19 255/35R20 275/35R20,S600 | S63 AMG | S65 AMG | S550 | S350 | S400,,,
e2078b1e-7e6e-413e-a912-c9b322ab1ce8,2012,mercedes-benz,s-class,S63 AMG,google-ai-overview,mismatch,true,255/35R19 285/30R19,255/35R19 285/30R19,255/45R18 275/45R18 255/40R19 275/40R19 255/35R20 275/35R20,255/35R19 285/30R19,255/45R18 275/45R18 255/40R19 275/40R19 255/35R20 275/35R20,S600 | S63 AMG | S65 AMG | S550 | S350 | S400,S63 AMG,mismatch,
1c1ab052-8243-43d5-9912-ae5d81537b3a,2013,mercedes-benz,s-class,S580,google-ai-overview,mismatch,true,255/45R19 285/40R19,255/45R19 285/40R19,255/40R19 275/40R19 255/35R20 275/35R20 255/45R18,255/45R19 285/40R19,255/40R19 275/40R19 255/35R20 275/35R20 255/45R18,S600 | S63 AMG | S65 AMG | S550 | S350 | S400,,,
585e8b51-791f-41ee-967b-dda1c7229ed1,2013,mercedes-benz,s-class,S63 AMG,google-ai-overview,mismatch,true,255/35R19 285/30R19,255/35R19 285/30R19,255/40R19 275/40R19 255/35R20 275/35R20 255/45R18,255/35R19 285/30R19,255/40R19 275/40R19 255/35R20 275/35R20 255/45R18,S600 | S63 AMG | S65 AMG | S550 | S350 | S400,S63 AMG,mismatch,
6eda7ba3-ddea-44e3-920d-40b935abd829,2013,mercedes-benz,s-class,Maybach,google-ai-overview,mismatch,true,255/45R19 285/40R19,255/45R19 285/40R19,255/40R19 275/40R19 255/35R20 275/35R20 255/45R18,255/45R19 285/40R19,255/40R19 275/40R19 255/35R20 275/35R20 255/45R18,S600 | S63 AMG | S65 AMG | S550 | S350 | S400,,,
05c32c65-d185-4161-8e40-310220b69b7b,2014,mercedes-benz,s-class,S550,google-ai-overview,mismatch,true,255/45R19 285/40R19,255/45R19 285/40R19,255/40R20 285/35R20 245/40R20 275/35R20 245/50R18 245/45R19 275/40R19,255/45R19 285/40R19,255/40R20 285/35R20 245/40R20 275/35R20 245/50R18 245/45R19 275/40R19,S63 AMG | S550,S550,mismatch,
44f87515-cd18-41c9-b142-d8370aada9a6,2014,mercedes-benz,s-class,S560,google-ai-overview,mismatch,true,255/45R19 285/40R19,255/45R19 285/40R19,255/40R20 285/35R20 245/40R20 275/35R20 245/50R18 245/45R19 275/40R19,255/45R19 285/40R19,255/40R20 285/35R20 245/40R20 275/35R20 245/50R18 245/45R19 275/40R19,S63 AMG | S550,,,
579746f4-c334-478f-a04a-52e1622cf448,2014,mercedes-benz,s-class,S580,google-ai-overview,mismatch,true,255/45R19 285/40R19,255/45R19 285/40R19,255/40R20 285/35R20 245/40R20 275/35R20 245/50R18 245/45R19 275/40R19,255/45R19 285/40R19,255/40R20 285/35R20 245/40R20 275/35R20 245/50R18 245/45R19 275/40R19,S63 AMG | S550,,,
9ebf0d81-e343-4152-94b4-210d020e9ac2,2014,mercedes-benz,s-class,"S500, S550, S580, S63 AMG, Maybach",google-ai-overview,mismatch,true,255/45R19 285/40R19,255/45R19 285/40R19,255/40R20 285/35R20 245/40R20 275/35R20 245/50R18 245/45R19 275/40R19,255/45R19 285/40R19,255/40R20 285/35R20 245/40R20 275/35R20 245/50R18 245/45R19 275/40R19,S63 AMG | S550,,,
f8624bd5-04b0-437c-b748-87d57e35b2ec,2014,mercedes-benz,s-class,S500,google-ai-overview,mismatch,true,255/45R19 285/40R19,255/45R19 285/40R19,255/40R20 285/35R20 245/40R20 275/35R20 245/50R18 245/45R19 275/40R19,255/45R19 285/40R19,255/40R20 285/35R20 245/40R20 275/35R20 245/50R18 245/45R19 275/40R19,S63 AMG | S550,,,
0cca6890-58cc-4037-9d26-5483667e45b1,2015,mercedes-benz,s-class,S500,google-ai-overview,mismatch,true,255/45R19 285/40R19,255/45R19 285/40R19,245/45R19 275/40R19 245/40R20 275/35R20 255/40R20 285/35R20 245/50R18,255/45R19 285/40R19,245/45R19 275/40R19 245/40R20 275/35R20 255/40R20 285/35R20 245/50R18,S600 | S63 AMG | S65 AMG | S550,,,
246a9897-683b-46b3-91e4-fe419566bd3d,2015,mercedes-benz,s-class,"S500, S550, S580, S63 AMG, Maybach",google-ai-overview,mismatch,true,255/45R19 285/40R19,255/45R19 285/40R19,245/45R19 275/40R19 245/40R20 275/35R20 255/40R20 285/35R20 245/50R18,255/45R19 285/40R19,245/45R19 275/40R19 245/40R20 275/35R20 255/40R20 285/35R20 245/50R18,S600 | S63 AMG | S65 AMG | S550,,,
98953ba6-dea3-4227-912d-02cfdcc63ab7,2015,mercedes-benz,s-class,S550,google-ai-overview,mismatch,true,255/45R19 285/40R19,255/45R19 285/40R19,245/45R19 275/40R19 245/40R20 275/35R20 255/40R20 285/35R20 245/50R18,255/45R19 285/40R19,245/45R19 275/40R19 245/40R20 275/35R20 255/40R20 285/35R20 245/50R18,S600 | S63 AMG | S65 AMG | S550,S550,mismatch,
f4597ab9-a671-4fc8-9cb9-967e30b2f8e7,2015,mercedes-benz,s-class,S580,google-ai-overview,mismatch,true,255/45R19 285/40R19,255/45R19 285/40R19,245/45R19 275/40R19 245/40R20 275/35R20 255/40R20 285/35R20 245/50R18,255/45R19 285/40R19,245/45R19 275/40R19 245/40R20 275/35R20 255/40R20 285/35R20 245/50R18,S600 | S63 AMG | S65 AMG | S550,,,
f7ab57ee-35d6-4c6e-9d92-b633949b0486,2015,mercedes-benz,s-class,S560,google-ai-overview,mismatch,true,255/45R19 285/40R19,255/45R19 285/40R19,245/45R19 275/40R19 245/40R20 275/35R20 255/40R20 285/35R20 245/50R18,255/45R19 285/40R19,245/45R19 275/40R19 245/40R20 275/35R20 255/40R20 285/35R20 245/50R18,S600 | S63 AMG | S65 AMG | S550,,,
2a4d4f89-e1e4-4728-9ca1-ec9be50ef37c,2016,mercedes-benz,s-class,S580,google-ai-overview,mismatch,true,255/45R19 285/40R19,255/45R19 285/40R19,245/45R19 275/40R19 245/40R20 275/35R20 255/40R20 285/35R20 245/50R18,255/45R19 285/40R19,245/45R19 275/40R19 245/40R20 275/35R20 255/40R20 285/35R20 245/50R18,S600 | S63 AMG | S65 AMG | S550 | Maybach S600,,,
34bfb481-bf0e-45a1-b620-142b247dfea9,2016,mercedes-benz,s-class,S500,google-ai-overview,mismatch,true,255/45R19 285/40R19,255/45R19 285/40R19,245/45R19 275/40R19 245/40R20 275/35R20 255/40R20 285/35R20 245/50R18,255/45R19 285/40R19,245/45R19 275/40R19 245/40R20 275/35R20 255/40R20 285/35R20 245/50R18,S600 | S63 AMG | S65 AMG | S550 | Maybach S600,,,
434eb3a5-ed02-4b48-af11-4c001092d1ec,2016,mercedes-benz,s-class,"S500, S550, S580, S63 AMG, Maybach",google-ai-overview,mismatch,true,255/45R19 285/40R19,255/45R19 285/40R19,245/45R19 275/40R19 245/40R20 275/35R20 255/40R20 285/35R20 245/50R18,255/45R19 285/40R19,245/45R19 275/40R19 245/40R20 275/35R20 255/40R20 285/35R20 245/50R18,S600 | S63 AMG | S65 AMG | S550 | Maybach S600,,,
cf7b7aab-863b-4c1d-b65d-cb7177a9d8de,2016,mercedes-benz,s-class,S550,google-ai-overview,mismatch,true,255/45R19 285/40R19,255/45R19 285/40R19,245/45R19 275/40R19 245/40R20 275/35R20 255/40R20 285/35R20 245/50R18,255/45R19 285/40R19,245/45R19 275/40R19 245/40R20 275/35R20 255/40R20 285/35R20 245/50R18,S600 | S63 AMG | S65 AMG | S550 | Maybach S600,S550,mismatch,
ef869219-e550-421a-83a2-e7b5a2ff6591,2016,mercedes-benz,s-class,S560,google-ai-overview,mismatch,true,255/45R19 285/40R19,255/45R19 285/40R19,245/45R19 275/40R19 245/40R20 275/35R20 255/40R20 285/35R20 245/50R18,255/45R19 285/40R19,245/45R19 275/40R19 245/40R20 275/35R20 255/40R20 285/35R20 245/50R18,S600 | S63 AMG | S65 AMG | S550 | Maybach S600,,,
33aa7fd0-8cc3-4071-b705-0e8feeeb8a40,2017,mercedes-benz,s-class,S550,google-ai-overview,mismatch,true,255/45R19 285/40R19,255/45R19 285/40R19,245/45R19 275/40R19 245/40R20 275/35R20 255/40R20 285/35R20 245/50R18,255/45R19 285/40R19,245/45R19 275/40R19 245/40R20 275/35R20 255/40R20 285/35R20 245/50R18,S600 | S63 AMG | S65 AMG | S550 | Maybach S600,S550,mismatch,
582832b3-deb6-4d15-9fa5-d99e2abb20d0,2017,mercedes-benz,s-class,S580,google-ai-overview,mismatch,true,255/45R19 285/40R19,255/45R19 285/40R19,245/45R19 275/40R19 245/40R20 275/35R20 255/40R20 285/35R20 245/50R18,255/45R19 285/40R19,245/45R19 275/40R19 245/40R20 275/35R20 255/40R20 285/35R20 245/50R18,S600 | S63 AMG | S65 AMG | S550 | Maybach S600,,,
9218e9a5-7985-426e-9248-da2f90175795,2017,mercedes-benz,s-class,"S500, S550, S580, S63 AMG, Maybach",google-ai-overview,mismatch,true,255/45R19 285/40R19,255/45R19 285/40R19,245/45R19 275/40R19 245/40R20 275/35R20 255/40R20 285/35R20 245/50R18,255/45R19 285/40R19,245/45R19 275/40R19 245/40R20 275/35R20 255/40R20 285/35R20 245/50R18,S600 | S63 AMG | S65 AMG | S550 | Maybach S600,,,
9615596a-f38e-40b0-80c3-0b4593186fa6,2017,mercedes-benz,s-class,S560,google-ai-overview,mismatch,true,255/45R19 285/40R19,255/45R19 285/40R19,245/45R19 275/40R19 245/40R20 275/35R20 255/40R20 285/35R20 245/50R18,255/45R19 285/40R19,245/45R19 275/40R19 245/40R20 275/35R20 255/40R20 285/35R20 245/50R18,S600 | S63 AMG | S65 AMG | S550 | Maybach S600,,,
f542670a-fded-4317-89d9-60e4564cbe01,2017,mercedes-benz,s-class,S500,google-ai-overview,mismatch,true,255/45R19 285/40R19,255/45R19 285/40R19,245/45R19 275/40R19 245/40R20 275/35R20 255/40R20 285/35R20 245/50R18,255/45R19 285/40R19,245/45R19 275/40R19 245/40R20 275/35R20 255/40R20 285/35R20 245/50R18,S600 | S63 AMG | S65 AMG | S550 | Maybach S600,,,
1dcb94de-af2a-4f37-92f8-724b832c7396,2019,mercedes-benz,s-class,S550,google-ai-overview,mismatch,true,255/45R19 285/40R19,255/45R19 285/40R19,255/40R20 285/35R20 245/50R18 245/45R19 275/40R19 245/40R20 275/35R20,255/45R19 285/40R19,255/40R20 285/35R20 245/50R18 245/45R19 275/40R19 245/40R20 275/35R20,S63 AMG | S65 AMG | S450 | S560 | Maybach S560 | Maybach S650,,,
2ed5d5bf-a88a-4d7f-8dc0-c1ca2a5a849f,2019,mercedes-benz,s-class,S560,google-ai-overview,mismatch,true,255/45R19 285/40R19,255/45R19 285/40R19,255/40R20 285/35R20 245/50R18 245/45R19 275/40R19 245/40R20 275/35R20,255/45R19 285/40R19,255/40R20 285/35R20 245/50R18 245/45R19 275/40R19 245/40R20 275/35R20,S63 AMG | S65 AMG | S450 | S560 | Maybach S560 | Maybach S650,S560,mismatch,
6f317685-b8d1-4349-9efd-e901fb7e07fa,2019,mercedes-benz,s-class,S500,google-ai-overview,mismatch,true,255/45R19 285/40R19,255/45R19 285/40R19,255/40R20 285/35R20 245/50R18 245/45R19 275/40R19 245/40R20 275/35R20,255/45R19 285/40R19,255/40R20 285/35R20 245/50R18 245/45R19 275/40R19 245/40R20 275/35R20,S63 AMG | S65 AMG | S450 | S560 | Maybach S560 | Maybach S650,,,
a06110b5-e7f2-462f-a4f8-f153ec1e2ce9,2019,mercedes-benz,s-class,S580,google-ai-overview,mismatch,true,255/45R19 285/40R19,255/45R19 285/40R19,255/40R20 285/35R20 245/50R18 245/45R19 275/40R19 245/40R20 275/35R20,255/45R19 285/40R19,255/40R20 285/35R20 245/50R18 245/45R19 275/40R19 245/40R20 275/35R20,S63 AMG | S65 AMG | S450 | S560 | Maybach S560 | Maybach S650,,,
c88a3a40-cc8e-431f-8db5-ef92bc9335c8,2019,mercedes-benz,s-class,"S500, S550, S580, S63 AMG, Maybach",google-ai-overview,mismatch,true,255/45R19 285/40R19,255/45R19 285/40R19,255/40R20 285/35R20 245/50R18 245/45R19 275/40R19 245/40R20 275/35R20,255/45R19 285/40R19,255/40R20 285/35R20 245/50R18 245/45R19 275/40R19 245/40R20 275/35R20,S63 AMG | S65 AMG | S450 | S560 | Maybach S560 | Maybach S650,,,
4cc919d4-5cf6-42f0-b66b-7853f2de4a41,2020,mercedes-benz,s-class,S550,google-ai-overview,mismatch,true,255/45R19 285/40R19,255/45R19 285/40R19,255/40R20 285/35R20 245/50R18 245/45R19 275/40R19 245/40R20 275/35R20,255/45R19 285/40R19,255/40R20 285/35R20 245/50R18 245/45R19 275/40R19 245/40R20 275/35R20,S63 AMG | S65 AMG | S450 | S560 | Maybach S560 | Maybach S650,,,
51846c3a-4b5d-4710-97d0-e97c952bae33,2020,mercedes-benz,s-class,S560,google-ai-overview,mismatch,true,255/45R19 285/40R19,255/45R19 285/40R19,255/40R20 285/35R20 245/50R18 245/45R19 275/40R19 245/40R20 275/35R20,255/45R19 285/40R19,255/40R20 285/35R20 245/50R18 245/45R19 275/40R19 245/40R20 275/35R20,S63 AMG | S65 AMG | S450 | S560 | Maybach S560 | Maybach S650,S560,mismatch,
532e01ad-6092-443a-847a-973cea03ab82,2020,mercedes-benz,s-class,S500,google-ai-overview,mismatch,true,255/45R19 285/40R19,255/45R19 285/40R19,255/40R20 285/35R20 245/50R18 245/45R19 275/40R19 245/40R20 275/35R20,255/45R19 285/40R19,255/40R20 285/35R20 245/50R18 245/45R19 275/40R19 245/40R20 275/35R20,S63 AMG | S65 AMG | S450 | S560 | Maybach S560 | Maybach S650,,,
94d06bc3-194e-41a6-a4b3-3579e99192b4,2020,mercedes-benz,s-class,S580,google-ai-overview,mismatch,true,255/45R19 285/40R19,255/45R19 285/40R19,255/40R20 285/35R20 245/50R18 245/45R19 275/40R19 245/40R20 275/35R20,255/45R19 285/40R19,255/40R20 285/35R20 245/50R18 245/45R19 275/40R19 245/40R20 275/35R20,S63 AMG | S65 AMG | S450 | S560 | Maybach S560 | Maybach S650,,,
98d59792-1ef4-4b31-a8ec-7710536f5cbc,2020,mercedes-benz,s-class,"S500, S550, S580, S63 AMG, Maybach",google-ai-overview,mismatch,true,255/45R19 285/40R19,255/45R19 285/40R19,255/40R20 285/35R20 245/50R18 245/45R19 275/40R19 245/40R20 275/35R20,255/45R19 285/40R19,255/40R20 285/35R20 245/50R18 245/45R19 275/40R19 245/40R20 275/35R20,S63 AMG | S65 AMG | S450 | S560 | Maybach S560 | Maybach S650,,,
9647e647-e323-493f-b1e1-a85e18e686b3,2021,mercedes-benz,s-class,S580,google-ai-overview,mismatch,true,265/40R20 295/35R20,265/40R20 295/35R20,255/45R19 255/40R20 285/35R20 255/35R21 285/30R21 245/45R19 275/40R19 245/40R20 275/35R20 265/35R21,265/40R20 295/35R20,255/45R19 255/40R20 285/35R20 255/35R21 285/30R21 245/45R19 275/40R19 245/40R20 275/35R20 265/35R21,S500 | S63 AMG | S580 | S560 | Maybach S580,S580,mismatch,
9fcaddb5-7793-4749-839b-8b91ffac7e02,2021,mercedes-benz,s-class,S580 4MATIC,google-ai-overview,mismatch,true,265/40R20 295/35R20,265/40R20 295/35R20,255/45R19 255/40R20 285/35R20 255/35R21 285/30R21 245/45R19 275/40R19 245/40R20 275/35R20 265/35R21,265/40R20 295/35R20,255/45R19 255/40R20 285/35R20 255/35R21 285/30R21 245/45R19 275/40R19 245/40R20 275/35R20 265/35R21,S500 | S63 AMG | S580 | S560 | Maybach S580,,,
eee97ee9-2b37-46c0-b243-aaf56483067b,2021,mercedes-benz,s-class,Maybach,google-ai-overview,mismatch,true,265/40R20 295/35R20,265/40R20 295/35R20,255/45R19 255/40R20 285/35R20 255/35R21 285/30R21 245/45R19 275/40R19 245/40R20 275/35R20 265/35R21,265/40R20 295/35R20,255/45R19 255/40R20 285/35R20 255/35R21 285/30R21 245/45R19 275/40R19 245/40R20 275/35R20 265/35R21,S500 | S63 AMG | S580 | S560 | Maybach S580,,,
00867f34-bf8e-4674-9185-28e90ff2e3db,2022,mercedes-benz,s-class,S580 4MATIC,google-ai-overview,mismatch,true,265/40R20 295/35R20,265/40R20 295/35R20,255/45R19 255/40R20 285/35R20 255/35R21 285/30R21 265/35R21,265/40R20 295/35R20,255/45R19 255/40R20 285/35R20 255/35R21 285/30R21 265/35R21,S500 | S580 | Maybach S580,,,
702e2b4e-1cb9-4ac9-8096-a43b579f4060,2022,mercedes-benz,s-class,S580,google-ai-overview,mismatch,true,265/40R20 295/35R20,265/40R20 295/35R20,255/45R19 255/40R20 285/35R20 255/35R21 285/30R21 265/35R21,265/40R20 295/35R20,255/45R19 255/40R20 285/35R20 255/35R21 285/30R21 265/35R21,S500 | S580 | Maybach S580,S580,mismatch,
a810c02d-0d1e-4add-ae8f-194c07a9f68f,2022,mercedes-benz,s-class,Maybach,google-ai-overview,mismatch,true,265/40R20 295/35R20,265/40R20 295/35R20,255/45R19 255/40R20 285/35R20 255/35R21 285/30R21 265/35R21,265/40R20 295/35R20,255/45R19 255/40R20 285/35R20 255/35R21 285/30R21 265/35R21,S500 | S580 | Maybach S580,,,
06802c4f-3acf-48b7-9ced-e54d84d4af64,2023,mercedes-benz,s-class,S580,google-ai-overview,mismatch,true,265/40R20 295/35R20,265/40R20 295/35R20,255/45R19 255/40R20 285/35R20 255/35R21 285/30R21 265/35R21,265/40R20 295/35R20,255/45R19 255/40R20 285/35R20 255/35R21 285/30R21 265/35R21,S500 | S580 | Maybach S580,S580,mismatch,
316d742c-c2f2-4260-9b8c-64a797b3b8c2,2023,mercedes-benz,s-class,Maybach,google-ai-overview,mismatch,true,265/40R20 295/35R20,265/40R20 295/35R20,255/45R19 255/40R20 285/35R20 255/35R21 285/30R21 265/35R21,265/40R20 295/35R20,255/45R19 255/40R20 285/35R20 255/35R21 285/30R21 265/35R21,S500 | S580 | Maybach S580,,,
ebc154b3-8889-4298-94b4-1ba5de84b8e5,2023,mercedes-benz,s-class,S580 4MATIC,google-ai-overview,mismatch,true,265/40R20 295/35R20,265/40R20 295/35R20,255/45R19 255/40R20 285/35R20 255/35R21 285/30R21 265/35R21,265/40R20 295/35R20,255/45R19 255/40R20 285/35R20 255/35R21 285/30R21 265/35R21,S500 | S580 | Maybach S580,,,
159a78de-3f4a-4269-83cd-33031c874d5a,2024,mercedes-benz,s-class,S580 4MATIC,google-ai-overview,mismatch,true,265/40R20 295/35R20,265/40R20 295/35R20,255/45R19 255/40R20 285/35R20 255/35R21 285/30R21 265/35R21,265/40R20 295/35R20,255/45R19 255/40R20 285/35R20 255/35R21 285/30R21 265/35R21,S500 | S580 | Maybach S580,,,
37e4a444-3cde-4726-b8eb-425544fd8902,2024,mercedes-benz,s-class,S580,google-ai-overview,mismatch,true,265/40R20 295/35R20,265/40R20 295/35R20,255/45R19 255/40R20 285/35R20 255/35R21 285/30R21 265/35R21,265/40R20 295/35R20,255/45R19 255/40R20 285/35R20 255/35R21 285/30R21 265/35R21,S500 | S580 | Maybach S580,S580,mismatch,
01790c20-12c5-44e7-96dc-8df12318f8d3,2025,mercedes-benz,s-class,S580,google-ai-overview,mismatch,true,265/40R20 295/35R20,265/40R20 295/35R20,255/45R19 255/40R20 285/35R20 255/35R21 285/30R21 265/35R21,265/40R20 295/35R20,255/45R19 255/40R20 285/35R20 255/35R21 285/30R21 265/35R21,S500 | S580 | Maybach S580,S580,mismatch,
15c697e1-58bd-494d-9b6b-720e2618566c,2025,mercedes-benz,s-class,S580 4MATIC,google-ai-overview,mismatch,true,265/40R20 295/35R20,265/40R20 295/35R20,255/45R19 255/40R20 285/35R20 255/35R21 285/30R21 265/35R21,265/40R20 295/35R20,255/45R19 255/40R20 285/35R20 255/35R21 285/30R21 265/35R21,S500 | S580 | Maybach S580,,,
cdd17da5-631f-4817-a6c7-e9857b2aeece,2026,mercedes-benz,s-class,S580 4MATIC,google-ai-overview,mismatch,true,265/40R20 295/35R20,265/40R20 295/35R20,255/45R19 255/40R20 285/35R20 265/35R21,265/40R20 295/35R20,255/45R19 255/40R20 285/35R20 265/35R21,S500 | S580 | Maybach S580,,,
f55b3576-53ec-40cf-ac83-66b0e4066578,2026,mercedes-benz,s-class,S580,google-ai-overview,mismatch,true,265/40R20 295/35R20,265/40R20 295/35R20,255/45R19 255/40R20 285/35R20 265/35R21,265/40R20 295/35R20,255/45R19 255/40R20 285/35R20 265/35R21,S500 | S580 | Maybach S580,S580,mismatch,
c81926e4-7a12-4c2d-a7fc-a88abb2a6064,2001,mercedes-benz,s-class-amg,Base,google-ai-overview,mismatch,false,255/40R20 285/35R20,255/40R20 285/35R20,245/45R18 275/40R18,255/40R20 285/35R20,245/45R18 275/40R18,S55 AMG,,,
3c319f91-f4c7-4e38-86c4-70b03c3cb721,2002,mercedes-benz,s-class-amg,Base,google-ai-overview,mismatch,false,255/40R20 285/35R20,255/40R20 285/35R20,245/45R18 275/40R18,255/40R20 285/35R20,245/45R18 275/40R18,S55 AMG,,,
bd117b80-300e-41dd-9758-f107c2bad2c3,2003,mercedes-benz,s-class-amg,Base,google-ai-overview,mismatch,false,255/40R20 285/35R20,255/40R20 285/35R20,245/45R18 265/40R18,255/40R20 285/35R20,245/45R18 265/40R18,S55 AMG,,,
45634f39-d103-4cc6-9284-dc91631dd373,2004,mercedes-benz,s-class-amg,Base,google-ai-overview,mismatch,false,255/40R20 285/35R20,255/40R20 285/35R20,245/45R18 265/40R18,255/40R20 285/35R20,245/45R18 265/40R18,S55 AMG,,,
41854497-29ef-48e1-9d6f-1295f7ede5bf,2005,mercedes-benz,s-class-amg,Base,google-ai-overview,mismatch,false,255/40R20 285/35R20,255/40R20 285/35R20,245/45R18 265/40R18,255/40R20 285/35R20,245/45R18 265/40R18,S55 AMG,,,
64a10802-9a7e-444f-8bc9-59d47b799d6f,2006,mercedes-benz,s-class-amg,Base,google-ai-overview,mismatch,false,255/40R20 285/35R20,255/40R20 285/35R20,245/40R19 275/35R19,255/40R20 285/35R20,245/40R19 275/35R19,S65 AMG | S55 AMG,,,
db600e12-1a22-4df0-8029-e31a24860333,2007,mercedes-benz,s-class-amg,Base,google-ai-overview,mismatch,true,255/40R20 285/35R20,255/40R20 285/35R20,255/35R20 275/35R20,255/40R20 285/35R20,255/35R20 275/35R20,S63 AMG | S65 AMG,,,
0ea9ca0b-4614-4d75-b8d6-d629f2f3c9c2,2008,mercedes-benz,s-class-amg,Base,google-ai-overview,mismatch,true,255/40R20 285/35R20,255/40R20 285/35R20,255/35R20 275/35R20,255/40R20 285/35R20,255/35R20 275/35R20,S63 AMG | S65 AMG,,,
c439d87c-e033-4690-bee6-52e3927f043a,2009,mercedes-benz,s-class-amg,Base,google-ai-overview,mismatch,true,255/40R20 285/35R20,255/40R20 285/35R20,255/35R20 275/35R20,255/40R20 285/35R20,255/35R20 275/35R20,S63 AMG | S65 AMG,,,
5ee2152d-85b2-4076-83b3-7597a8dc732b,2010,mercedes-benz,s-class-amg,Base,google-ai-overview,mismatch,true,255/40R20 285/35R20,255/40R20 285/35R20,255/35R20 275/35R20,255/40R20 285/35R20,255/35R20 275/35R20,S63 AMG | S65 AMG,,,
6e9ecfdf-a2f3-41a4-a27c-cb36d942ac96,2011,mercedes-benz,s-class-amg,Base,google-ai-overview,mismatch,true,255/40R20 285/35R20,255/40R20 285/35R20,255/35R20 275/35R20,255/40R20 285/35R20,255/35R20 275/35R20,S63 AMG | S65 AMG,,,
1cb28e9a-fd69-478b-847d-f00d70145127,2012,mercedes-benz,s-class-amg,Base,google-ai-overview,mismatch,true,255/40R20 285/35R20,255/40R20 285/35R20,255/35R20 275/35R20,255/40R20 285/35R20,255/35R20 275/35R20,S63 AMG | S65 AMG,,,
8d45349f-0035-47a9-b56c-54eeb5adabdb,2013,mercedes-benz,s-class-amg,Base,google-ai-overview,mismatch,true,255/40R20 285/35R20,255/40R20 285/35R20,255/35R20 275/35R20,255/40R20 285/35R20,255/35R20 275/35R20,S63 AMG | S65 AMG,,,
2c8b0d55-c6aa-44d6-88b1-6a0fde366163,2015,mercedes-benz,s-class-coupe,Base,google-ai-overview,mismatch,true,255/45R19 285/40R19,255/45R19 285/40R19,255/40R20 285/35R20 245/50R18 245/45R19 275/40R19 245/40R20 275/35R20,255/45R19 285/40R19,255/40R20 285/35R20 245/50R18 245/45R19 275/40R19 245/40R20 275/35R20,S63 AMG | S65 AMG | S550 | S600,,,
8056643b-7070-40c9-9eec-6a56e87b7c80,2016,mercedes-benz,s-class-coupe,Base,google-ai-overview,mismatch,true,255/45R19 285/40R19,255/45R19 285/40R19,255/40R20 285/35R20 245/50R18 245/45R19 275/40R19 245/40R20 275/35R20,255/45R19 285/40R19,255/40R20 285/35R20 245/50R18 245/45R19 275/40R19 245/40R20 275/35R20,S63 AMG | S65 AMG | S550 | S600 | Maybach S600,,,
3694b61b-6a27-44df-b6cf-187f6287f12a,2017,mercedes-benz,s-class-coupe,Base,google-ai-overview,mismatch,true,255/45R19 285/40R19,255/45R19 285/40R19,255/40R20 285/35R20 245/45R19 275/40R19 245/40R20 275/35R20 245/50R18,255/45R19 285/40R19,255/40R20 285/35R20 245/45R19 275/40R19 245/40R20 275/35R20 245/50R18,S63 AMG | S65 AMG | S550 | S600 | Maybach S600,,,
6175102a-bf3e-4f1c-ad27-5c614619424c,2019,mercedes-benz,s-class-coupe,Base,google-ai-overview,mismatch,true,255/45R19 285/40R19,255/45R19 285/40R19,255/40R20 285/35R20 245/50R18 245/45R19 275/40R19 245/40R20 275/35R20,255/45R19 285/40R19,255/40R20 285/35R20 245/50R18 245/45R19 275/40R19 245/40R20 275/35R20,S63 AMG | S450 | S560 | S65 AMG | Maybach S560 | Maybach S650,,,
3d9fd4df-ed13-4b02-8366-d0d4b6884be4,2020,mercedes-benz,s-class-coupe,Base,google-ai-overview,mismatch,true,255/45R19 285/40R19,255/45R19 285/40R19,255/40R20 285/35R20 245/50R18 245/45R19 275/40R19 245/40R20 275/35R20,255/45R19 285/40R19,255/40R20 285/35R20 245/50R18 245/45R19 275/40R19 245/40R20 275/35R20,S63 AMG | S450 | S560 | S65 AMG | Maybach S560 | Maybach S650,,,
f424d184-d18a-4430-a68b-cb25dfcc0201,2002,mercedes-benz,sl-class,Base,google-ai-overview,mismatch,false,255/35R19 285/30R19,255/35R19 285/30R19,245/45R17 245/40R18 275/35R18,255/35R19 285/30R19,245/45R17 245/40R18 275/35R18,SL600 | SL500,,,
2a338e04-da56-4261-afd6-b6f470970c11,2003,mercedes-benz,sl-class,Base,google-ai-overview,mismatch,false,255/35R19 285/30R19,255/35R19 285/30R19,255/40R18 285/35R18 255/45R17,255/35R19 285/30R19,255/40R18 285/35R18 255/45R17,SL55 AMG | SL500,,,
830ca3e5-07cc-4751-a6e1-bbdaac4a98bc,2004,mercedes-benz,sl-class,Base,google-ai-overview,mismatch,false,255/35R19 285/30R19,255/35R19 285/30R19,255/40R18 285/35R18 255/45R17,255/35R19 285/30R19,255/40R18 285/35R18 255/45R17,SL55 AMG | SL600 | SL500,,,
c48ba6d0-0856-4d46-846b-9c3f66010a9e,2020,mercedes-benz,sl-class,AMG SL65,google-ai-overview,mismatch,false,255/35R20 285/30R20,255/35R20 285/30R20,255/35R19 285/30R19,255/35R20 285/30R20,255/35R19 285/30R19,SL550 | SL450,,,
3f8fcf81-8f2a-4be4-b92c-00bfb50b8387,2022,mercedes-benz,sl-class,AMG SL43,google-ai-overview,mismatch,false,255/45R19 285/40R19,255/45R19 285/40R19,265/40R20 295/35R20 275/35R21 305/30R21,255/45R19 285/40R19,265/40R20 295/35R20 275/35R21 305/30R21,SL63 AMG | SL55 AMG,,,
28e8cec3-a1b6-402f-a54f-847253922eef,2003,mercedes-benz,sl-class-amg,Base,google-ai-overview,mismatch,false,255/35R19 285/30R19,255/35R19 285/30R19,255/40R18 285/35R18,255/35R19 285/30R19,255/40R18 285/35R18,SL55 AMG,,,
2070241c-870b-4a2d-89d8-894e97756790,2004,mercedes-benz,sl-class-amg,Base,google-ai-overview,mismatch,false,255/35R19 285/30R19,255/35R19 285/30R19,255/40R18 285/35R18,255/35R19 285/30R19,255/40R18 285/35R18,SL55 AMG,,,
715dcb16-aea8-4628-bb9b-10dc1aee37ec,2022,mercedes-benz,sl-class-amg,Base,google-ai-overview,mismatch,false,255/35R19 285/30R19,255/35R19 285/30R19,265/40R20 295/35R20 275/35R21 305/30R21,255/35R19 285/30R19,265/40R20 295/35R20 275/35R21 305/30R21,SL55 AMG | SL63 AMG,,,
17687890-fa96-4308-a089-273ca0978c84,2023,mercedes-benz,sl-class-amg,Base,google-ai-overview,mismatch,true,255/35R19 285/30R19,255/35R19 285/30R19,265/40R20 295/35R20 275/35R21 305/30R21 255/45R19 285/40R19,255/35R19 285/30R19,265/40R20 295/35R20 275/35R21 305/30R21 255/45R19 285/40R19,SL43 AMG | SL55 AMG | SL63 AMG,,,
058915d1-2cf3-492b-ae0c-160508524b69,2024,mercedes-benz,sl-class-amg,Base,google-ai-overview,mismatch,true,255/35R19 285/30R19,255/35R19 285/30R19,255/45R19 285/40R19 265/40R20 295/35R20 275/35R21 305/30R21,255/35R19 285/30R19,255/45R19 285/40R19 265/40R20 295/35R20 275/35R21 305/30R21,SL43 AMG | SL55 AMG | SL63 AMG,,,
a2bde509-5383-4469-bfac-88657c8695f7,2025,mercedes-benz,sl-class-amg,Base,google-ai-overview,mismatch,true,255/35R19 285/30R19,255/35R19 285/30R19,255/45R19 285/40R19 265/40R20 295/35R20 275/35R21 305/30R21,255/35R19 285/30R19,255/45R19 285/40R19 265/40R20 295/35R20 275/35R21 305/30R21,SL43 AMG | SL55 AMG | SL63 AMG,,,
641c44b9-a589-4616-be6f-a9d4a5e85859,2016,mercedes-benz,slk-class,Base,google-ai-overview,mismatch,false,225/45R17 245/40R17,225/45R17 245/40R17,225/40R18 245/35R18 235/40R18 255/35R18,225/45R17 245/40R17,225/40R18 245/35R18 235/40R18 255/35R18,SLK350 | SLK55 AMG,,,
57afd615-2685-4a59-a45d-cbbfd235fc23,2002,mercedes-benz,slk-class-amg,Base,google-ai-overview,mismatch,false,235/40R18 255/35R18,235/40R18 255/35R18,225/45R17 245/40R17,235/40R18 255/35R18,225/45R17 245/40R17,SLK32 AMG,,,
9a9aa6b5-799a-4972-b9c3-abdb74669b6b,2003,mercedes-benz,slk-class-amg,Base,google-ai-overview,mismatch,false,235/40R18 255/35R18,235/40R18 255/35R18,225/45R17 245/40R17,235/40R18 255/35R18,225/45R17 245/40R17,SLK32 AMG,,,
46b6d8bf-4e3c-4a50-bcca-fd36a44b32e0,2004,mercedes-benz,slk-class-amg,Base,google-ai-overview,mismatch,false,235/40R18 255/35R18,235/40R18 255/35R18,225/45R17 245/40R17,235/40R18 255/35R18,225/45R17 245/40R17,SLK32 AMG,,,
8e0e4379-d5fb-4c71-95c3-436715cd4d7a,2005,mercedes-benz,slk-class-amg,Base,google-ai-overview,mismatch,true,235/40R18 255/35R18,235/40R18 255/35R18,225/40R18 245/35R18 225/45R17,235/40R18 255/35R18,225/40R18 245/35R18 225/45R17,SLK55 AMG,,,
36da22a6-d07e-4efb-a2a7-2750eaa8a9c9,2006,mercedes-benz,slk-class-amg,Base,google-ai-overview,mismatch,true,235/40R18 255/35R18,235/40R18 255/35R18,225/40R18 245/35R18,235/40R18 255/35R18,225/40R18 245/35R18,SLK55 AMG,,,
2c23125e-9219-4ab9-b880-40ac367ece84,2007,mercedes-benz,slk-class-amg,Base,google-ai-overview,mismatch,true,235/40R18 255/35R18,235/40R18 255/35R18,225/40R18 245/35R18,235/40R18 255/35R18,225/40R18 245/35R18,SLK55 AMG,,,
1f52060d-7de4-45d4-908b-efc2362fa6af,2008,mercedes-benz,slk-class-amg,Base,google-ai-overview,mismatch,true,235/40R18 255/35R18,235/40R18 255/35R18,225/40R18 245/35R18,235/40R18 255/35R18,225/40R18 245/35R18,SLK55 AMG,,,
dfb336ea-ed7f-41d7-b7c5-ccbafa2bcbdc,2009,mercedes-benz,slk-class-amg,Base,google-ai-overview,mismatch,true,235/40R18 255/35R18,235/40R18 255/35R18,225/40R18 245/35R18,235/40R18 255/35R18,225/40R18 245/35R18,SLK55 AMG,,,
51ed0ae4-618e-4a02-90ff-67f4e387b4d4,2010,mercedes-benz,slk-class-amg,Base,google-ai-overview,mismatch,true,235/40R18 255/35R18,235/40R18 255/35R18,225/40R18 245/35R18,235/40R18 255/35R18,225/40R18 245/35R18,SLK55 AMG,,,
95daaf8e-b3f8-4f35-8355-1f9ac9abfbfa,1990,mercury,cougar,Base,generation-baseline,mismatch,true,215/65R15 225/55R16 215/50R17,215/65R15 225/55R16 215/50R17,205/70R15 215/70R15 225/60R16,215/65R15 225/55R16 215/50R17,205/70R15 215/70R15 225/60R16,Cougar,,,
fd0215b5-13ba-44e2-a25c-3acb674d572d,1990,mercury,grand-marquis,Base,generation-baseline,mismatch,false,225/60R16 235/55R17,225/60R16 235/55R17,215/70R15,225/60R16 235/55R17,215/70R15,Grand Marquis,,,
2d3fea44-75b9-4c61-b4ca-9c95fbb60d39,2009,mercury,grand-marquis,LS,manual-research,mismatch,true,P225/60R16 P225/55R17,225/60R16 225/55R17,225/60R17,225/60R16 225/55R17,225/60R17,Grand Marquis,,,
5496e654-6b64-4590-9b7c-ef2854f85c22,2009,mercury,grand-marquis,GS,manual-research,mismatch,true,P225/60R16 P225/55R17,225/60R16 225/55R17,225/60R17,225/60R16 225/55R17,225/60R17,Grand Marquis,,,
e0d4cec3-f9b7-4ce9-b7f2-3ad66be9f391,2009,mercury,grand-marquis,Base,generation-baseline,mismatch,true,225/60R16 235/55R17,225/60R16 235/55R17,225/60R17,225/60R16 235/55R17,225/60R17,Grand Marquis,,,
0ecd4c60-6817-4f4c-ae2d-fad59e5d79a7,2010,mercury,grand-marquis,GS,manual-research,mismatch,true,P225/60R16 P225/55R17,225/60R16 225/55R17,225/60R17,225/60R16 225/55R17,225/60R17,Grand Marquis,,,
830c5049-0877-488c-ad8d-4309cef1bd70,2010,mercury,grand-marquis,LS,manual-research,mismatch,true,P225/60R16 P225/55R17,225/60R16 225/55R17,225/60R17,225/60R16 225/55R17,225/60R17,Grand Marquis,,,
fab85394-1c4e-4498-bd8d-f6eca9466a0c,2010,mercury,grand-marquis,Base,generation-baseline,mismatch,true,225/60R16 235/55R17,225/60R16 235/55R17,225/60R17,225/60R16 235/55R17,225/60R17,Grand Marquis,,,
0086689e-e28e-4b00-86d8-f35757b9029b,2011,mercury,grand-marquis,LS,manual-research,mismatch,true,P225/60R16 P225/55R17,225/60R16 225/55R17,225/60R17,225/60R16 225/55R17,225/60R17,Grand Marquis,,,
8c58ebef-0081-46b9-b6af-a995ead79d53,2011,mercury,grand-marquis,Base,generation-baseline,mismatch,true,225/60R16 235/55R17,225/60R16 235/55R17,225/60R17,225/60R16 235/55R17,225/60R17,Grand Marquis,,,
e327258a-7186-4d21-a4d6-c5c65a0f27dd,2011,mercury,grand-marquis,GS,manual-research,mismatch,true,P225/60R16 P225/55R17,225/60R16 225/55R17,225/60R17,225/60R16 225/55R17,225/60R17,Grand Marquis,,,
93b84730-8014-4041-bb14-624d168afb4e,1997,mercury,mountaineer,Base,generation-baseline,mismatch,true,235/70R16 235/65R17 245/60R18,235/70R16 235/65R17 245/60R18,225/70R15 235/75R15 255/70R16,235/70R16 235/65R17 245/60R18,225/70R15 235/75R15 255/70R16,Mountaineer,,,
28d37b18-336e-4135-987e-ed5aae76d089,1998,mercury,mountaineer,Base,generation-baseline,mismatch,true,235/70R16 235/65R17 245/60R18,235/70R16 235/65R17 245/60R18,225/70R15 235/75R15 255/70R16,235/70R16 235/65R17 245/60R18,225/70R15 235/75R15 255/70R16,Mountaineer,,,
49f76e80-6920-4a37-bd02-3c0e4f9b40ec,1999,mercury,mountaineer,Base,generation-baseline,mismatch,true,235/70R16 235/65R17 245/60R18,235/70R16 235/65R17 245/60R18,225/70R15 235/75R15 255/70R16,235/70R16 235/65R17 245/60R18,225/70R15 235/75R15 255/70R16,Mountaineer,,,
464050d4-3fb3-4270-a790-3a33e230a850,2000,mercury,mountaineer,Base,generation-baseline,mismatch,false,235/70R16 235/65R17 245/60R18,235/70R16 235/65R17 245/60R18,225/70R15 235/75R15,235/70R16 235/65R17 245/60R18,225/70R15 235/75R15,Mountaineer,,,
1977dee1-9a0a-4bdc-960d-ca89e55d32c8,2001,mercury,mountaineer,Base,generation-baseline,mismatch,false,235/70R16 235/65R17 245/60R18,235/70R16 235/65R17 245/60R18,225/70R15 235/75R15,235/70R16 235/65R17 245/60R18,225/70R15 235/75R15,Mountaineer,,,
d373ad1b-6922-4026-a84e-4d4447a2f628,1990,mercury,sable,Base,generation-baseline,mismatch,false,215/60R16 215/55R17,215/60R16 215/55R17,205/70R14 205/65R15,215/60R16 215/55R17,205/70R14 205/65R15,Sable,,,
7ed42df2-ae98-484a-b541-f210cfda4555,1991,mercury,sable,Base,generation-baseline,mismatch,false,215/60R16 215/55R17,215/60R16 215/55R17,205/65R15 205/70R14,215/60R16 215/55R17,205/65R15 205/70R14,Sable,,,
5f48857e-a288-47ae-9825-6e6488f4d6f0,1992,mercury,sable,Base,generation-baseline,mismatch,false,215/60R16 215/55R17,215/60R16 215/55R17,205/65R15,215/60R16 215/55R17,205/65R15,Sable,,,
62f64f22-0325-4c3f-ad6d-ea1d095f3517,1993,mercury,sable,Base,generation-baseline,mismatch,false,215/60R16 215/55R17,215/60R16 215/55R17,205/65R15,215/60R16 215/55R17,205/65R15,Sable,,,
0ac48dcf-b4b4-4cfb-b570-9fd5cc6e7905,1994,mercury,sable,Base,generation-baseline,mismatch,false,215/60R16 215/55R17,215/60R16 215/55R17,205/65R15,215/60R16 215/55R17,205/65R15,Sable,,,
07214206-1ebd-4673-8ea5-9fea654e3619,1995,mercury,sable,Base,generation-baseline,mismatch,false,215/60R16 215/55R17,215/60R16 215/55R17,205/65R15,215/60R16 215/55R17,205/65R15,Sable,,,
d6993457-2bd0-4cd9-b1a5-73cfaaecd604,1996,mercury,sable,Base,generation-baseline,mismatch,false,215/60R16 215/55R17,215/60R16 215/55R17,205/65R15,215/60R16 215/55R17,205/65R15,Sable,,,
a12d32bb-9589-4790-9f33-8babc2a39b1f,1997,mercury,sable,Base,generation-baseline,mismatch,false,215/60R16 215/55R17,215/60R16 215/55R17,205/65R15,215/60R16 215/55R17,205/65R15,Sable,,,
40fa5e21-2118-4d3b-bce5-54d2cf51fc27,1998,mercury,sable,Base,generation-baseline,mismatch,false,215/60R16 215/55R17,215/60R16 215/55R17,205/65R15,215/60R16 215/55R17,205/65R15,Sable,,,
bd07252e-4f49-4db4-a6dc-608d048d69a2,1999,mercury,sable,Base,generation-baseline,mismatch,true,215/60R16 215/55R17,215/60R16 215/55R17,205/65R15 225/55R16,215/60R16 215/55R17,205/65R15 225/55R16,Sable,,,
0e794b19-d625-4bc3-93a4-518f99ab3cbf,2016,mini,clubman,S,cache-import [expanded],mismatch,true,205/60R16 225/50R17 225/45R18 225/40R19,205/60R16 225/50R17 225/45R18 225/40R19,225/45R17 205/55R16 225/40R18 225/35R19,205/60R16 225/50R17 225/45R18 225/40R19,225/45R17 205/55R16 225/40R18 225/35R19,Cooper Clubman,,,
161189be-7f64-45fc-a909-f13136948188,2016,mini,clubman,Classic,cache-import [expanded],mismatch,true,205/60R16 225/50R17 225/45R18 225/40R19,205/60R16 225/50R17 225/45R18 225/40R19,225/45R17 205/55R16 225/40R18 225/35R19,205/60R16 225/50R17 225/45R18 225/40R19,225/45R17 205/55R16 225/40R18 225/35R19,Cooper Clubman,,,
1d14fc8e-5661-4bfd-8c22-544558407992,2016,mini,clubman,John Cooper Works,cache-import [expanded],mismatch,true,205/60R16 225/50R17 225/45R18 225/40R19,205/60R16 225/50R17 225/45R18 225/40R19,225/45R17 205/55R16 225/40R18 225/35R19,205/60R16 225/50R17 225/45R18 225/40R19,225/45R17 205/55R16 225/40R18 225/35R19,Cooper Clubman,,,
80d0090c-9398-479a-be66-57781eeb407f,2016,mini,clubman,"Classic, Signature, Iconic, S, John Cooper Works",cache-import,mismatch,true,205/60R16 225/50R17 225/45R18 225/40R19,205/60R16 225/50R17 225/45R18 225/40R19,225/45R17 205/55R16 225/40R18 225/35R19,205/60R16 225/50R17 225/45R18 225/40R19,225/45R17 205/55R16 225/40R18 225/35R19,Cooper Clubman,,,
83782527-c913-4bea-af6b-c8afaa79925f,2016,mini,clubman,Signature,cache-import [expanded],mismatch,true,205/60R16 225/50R17 225/45R18 225/40R19,205/60R16 225/50R17 225/45R18 225/40R19,225/45R17 205/55R16 225/40R18 225/35R19,205/60R16 225/50R17 225/45R18 225/40R19,225/45R17 205/55R16 225/40R18 225/35R19,Cooper Clubman,,,
a90d0b7e-8864-4b7b-884b-1bf2104ac717,2016,mini,clubman,Iconic,cache-import [expanded],mismatch,true,205/60R16 225/50R17 225/45R18 225/40R19,205/60R16 225/50R17 225/45R18 225/40R19,225/45R17 205/55R16 225/40R18 225/35R19,205/60R16 225/50R17 225/45R18 225/40R19,225/45R17 205/55R16 225/40R18 225/35R19,Cooper Clubman,,,
0e0313c9-90a5-43b3-ae95-c1e48ffa0b92,2017,mini,clubman,John Cooper Works,cache-import [expanded],mismatch,true,205/60R16 225/50R17 225/45R18 225/40R19,205/60R16 225/50R17 225/45R18 225/40R19,225/45R17 225/40R18 225/35R19 205/55R16,205/60R16 225/50R17 225/45R18 225/40R19,225/45R17 225/40R18 225/35R19 205/55R16,Cooper Clubman,,,
12d2d8da-b58c-4a63-9e16-f30987b9fe8e,2017,mini,clubman,Signature,cache-import [expanded],mismatch,true,205/60R16 225/50R17 225/45R18 225/40R19,205/60R16 225/50R17 225/45R18 225/40R19,225/45R17 225/40R18 225/35R19 205/55R16,205/60R16 225/50R17 225/45R18 225/40R19,225/45R17 225/40R18 225/35R19 205/55R16,Cooper Clubman,,,
55251fb3-f1b8-4e54-8680-22c9e6e18427,2017,mini,clubman,S,cache-import [expanded],mismatch,true,205/60R16 225/50R17 225/45R18 225/40R19,205/60R16 225/50R17 225/45R18 225/40R19,225/45R17 225/40R18 225/35R19 205/55R16,205/60R16 225/50R17 225/45R18 225/40R19,225/45R17 225/40R18 225/35R19 205/55R16,Cooper Clubman,,,
d405b73c-eb58-4362-a21a-7a6dc45904d9,2017,mini,clubman,Classic,cache-import [expanded],mismatch,true,205/60R16 225/50R17 225/45R18 225/40R19,205/60R16 225/50R17 225/45R18 225/40R19,225/45R17 225/40R18 225/35R19 205/55R16,205/60R16 225/50R17 225/45R18 225/40R19,225/45R17 225/40R18 225/35R19 205/55R16,Cooper Clubman,,,
ec7389b7-e1aa-4b71-946e-3db0fdb68730,2017,mini,clubman,"Classic, Signature, Iconic, S, John Cooper Works",cache-import,mismatch,true,205/60R16 225/50R17 225/45R18 225/40R19,205/60R16 225/50R17 225/45R18 225/40R19,225/45R17 225/40R18 225/35R19 205/55R16,205/60R16 225/50R17 225/45R18 225/40R19,225/45R17 225/40R18 225/35R19 205/55R16,Cooper Clubman,,,
faba1b1e-dd8a-4ff8-ba82-017678abf891,2017,mini,clubman,Iconic,cache-import [expanded],mismatch,true,205/60R16 225/50R17 225/45R18 225/40R19,205/60R16 225/50R17 225/45R18 225/40R19,225/45R17 225/40R18 225/35R19 205/55R16,205/60R16 225/50R17 225/45R18 225/40R19,225/45R17 225/40R18 225/35R19 205/55R16,Cooper Clubman,,,
1cc57d0d-0513-43ef-a702-1c6d56a3029e,2019,mini,clubman,Signature,cache-import [expanded],mismatch,true,205/60R16 225/50R17 225/45R18 225/40R19,205/60R16 225/50R17 225/45R18 225/40R19,205/55R16 225/45R17 225/40R18 225/35R19,205/60R16 225/50R17 225/45R18 225/40R19,205/55R16 225/45R17 225/40R18 225/35R19,Cooper Clubman,,,
203d35ec-8410-4094-9b95-cfb5800fead4,2019,mini,clubman,John Cooper Works,cache-import [expanded],mismatch,true,205/60R16 225/50R17 225/45R18 225/40R19,205/60R16 225/50R17 225/45R18 225/40R19,205/55R16 225/45R17 225/40R18 225/35R19,205/60R16 225/50R17 225/45R18 225/40R19,205/55R16 225/45R17 225/40R18 225/35R19,Cooper Clubman,,,
a268c362-b824-4605-85bf-b0acb3ea114c,2019,mini,clubman,Classic,cache-import [expanded],mismatch,true,205/60R16 225/50R17 225/45R18 225/40R19,205/60R16 225/50R17 225/45R18 225/40R19,205/55R16 225/45R17 225/40R18 225/35R19,205/60R16 225/50R17 225/45R18 225/40R19,205/55R16 225/45R17 225/40R18 225/35R19,Cooper Clubman,,,
a5bb1611-7680-489b-935a-8d75067d3caa,2019,mini,clubman,Iconic,cache-import [expanded],mismatch,true,205/60R16 225/50R17 225/45R18 225/40R19,205/60R16 225/50R17 225/45R18 225/40R19,205/55R16 225/45R17 225/40R18 225/35R19,205/60R16 225/50R17 225/45R18 225/40R19,205/55R16 225/45R17 225/40R18 225/35R19,Cooper Clubman,,,
aeff972e-ef7b-4a5f-87bc-d01adae0390f,2019,mini,clubman,"Classic, Signature, Iconic, S, John Cooper Works",cache-import,mismatch,true,205/60R16 225/50R17 225/45R18 225/40R19,205/60R16 225/50R17 225/45R18 225/40R19,205/55R16 225/45R17 225/40R18 225/35R19,205/60R16 225/50R17 225/45R18 225/40R19,205/55R16 225/45R17 225/40R18 225/35R19,Cooper Clubman,,,
b3d75ca3-b51c-4f08-82fa-95467ff0abec,2019,mini,clubman,S,cache-import [expanded],mismatch,true,205/60R16 225/50R17 225/45R18 225/40R19,205/60R16 225/50R17 225/45R18 225/40R19,205/55R16 225/45R17 225/40R18 225/35R19,205/60R16 225/50R17 225/45R18 225/40R19,205/55R16 225/45R17 225/40R18 225/35R19,Cooper Clubman,,,
19d737a1-886e-459e-947d-133f85e480fe,2020,mini,clubman,"Classic, Signature, Iconic, S, John Cooper Works",cache-import,mismatch,true,205/60R16 225/50R17 225/45R18 225/40R19,205/60R16 225/50R17 225/45R18 225/40R19,225/40R18 235/35R19 225/45R17,205/60R16 225/50R17 225/45R18 225/40R19,225/40R18 235/35R19 225/45R17,Cooper Clubman,,,
3c50283a-13fa-4dfe-88aa-96e80d3e0e51,2020,mini,clubman,Iconic,cache-import [trim-expanded],mismatch,true,205/60R16 225/50R17 225/45R18 225/40R19,205/60R16 225/50R17 225/45R18 225/40R19,225/40R18 235/35R19 225/45R17,205/60R16 225/50R17 225/45R18 225/40R19,225/40R18 235/35R19 225/45R17,Cooper Clubman,,,
70ff1c99-ebaf-4606-abb1-6b4ab7b9e5e3,2020,mini,clubman,Signature,cache-import [trim-expanded],mismatch,true,205/60R16 225/50R17 225/45R18 225/40R19,205/60R16 225/50R17 225/45R18 225/40R19,225/40R18 235/35R19 225/45R17,205/60R16 225/50R17 225/45R18 225/40R19,225/40R18 235/35R19 225/45R17,Cooper Clubman,,,
77caf4a1-7cc7-4565-938d-518660d3f9fe,2020,mini,clubman,John Cooper Works,cache-import [trim-expanded],mismatch,true,205/60R16 225/50R17 225/45R18 225/40R19,205/60R16 225/50R17 225/45R18 225/40R19,225/40R18 235/35R19 225/45R17,205/60R16 225/50R17 225/45R18 225/40R19,225/40R18 235/35R19 225/45R17,Cooper Clubman,,,
825173bd-2fc5-4506-9f27-b70ea150e72d,2020,mini,clubman,Classic,cache-import [trim-expanded],mismatch,true,205/60R16 225/50R17 225/45R18 225/40R19,205/60R16 225/50R17 225/45R18 225/40R19,225/40R18 235/35R19 225/45R17,205/60R16 225/50R17 225/45R18 225/40R19,225/40R18 235/35R19 225/45R17,Cooper Clubman,,,
d0e73335-304b-4c65-b28b-32a2ac308ac4,2020,mini,clubman,S,cache-import [trim-expanded],mismatch,true,205/60R16 225/50R17 225/45R18 225/40R19,205/60R16 225/50R17 225/45R18 225/40R19,225/40R18 235/35R19 225/45R17,205/60R16 225/50R17 225/45R18 225/40R19,225/40R18 235/35R19 225/45R17,Cooper Clubman,,,
164ba4ce-7d0e-442a-8456-ee9f6bd3824a,2021,mini,clubman,"Classic, Signature, Iconic, S, John Cooper Works",cache-import,mismatch,true,205/60R16 225/50R17 225/45R18 225/40R19,205/60R16 225/50R17 225/45R18 225/40R19,225/40R18 235/35R19 225/45R17,205/60R16 225/50R17 225/45R18 225/40R19,225/40R18 235/35R19 225/45R17,Cooper Clubman,,,
1e38c992-f8e8-4dd6-9682-3d9a8dc5a6bc,2021,mini,clubman,S,cache-import [trim-expanded],mismatch,true,205/60R16 225/50R17 225/45R18 225/40R19,205/60R16 225/50R17 225/45R18 225/40R19,225/40R18 235/35R19 225/45R17,205/60R16 225/50R17 225/45R18 225/40R19,225/40R18 235/35R19 225/45R17,Cooper Clubman,,,
8297108f-642e-40d6-8481-b74de58707dd,2021,mini,clubman,John Cooper Works,cache-import [trim-expanded],mismatch,true,205/60R16 225/50R17 225/45R18 225/40R19,205/60R16 225/50R17 225/45R18 225/40R19,225/40R18 235/35R19 225/45R17,205/60R16 225/50R17 225/45R18 225/40R19,225/40R18 235/35R19 225/45R17,Cooper Clubman,,,
ba212e1d-5368-479d-9b87-e54c76e2b9e4,2021,mini,clubman,Iconic,cache-import [trim-expanded],mismatch,true,205/60R16 225/50R17 225/45R18 225/40R19,205/60R16 225/50R17 225/45R18 225/40R19,225/40R18 235/35R19 225/45R17,205/60R16 225/50R17 225/45R18 225/40R19,225/40R18 235/35R19 225/45R17,Cooper Clubman,,,
d4ad5042-0375-4d5f-90b4-576ec62bd42e,2021,mini,clubman,Signature,cache-import [trim-expanded],mismatch,true,205/60R16 225/50R17 225/45R18 225/40R19,205/60R16 225/50R17 225/45R18 225/40R19,225/40R18 235/35R19 225/45R17,205/60R16 225/50R17 225/45R18 225/40R19,225/40R18 235/35R19 225/45R17,Cooper Clubman,,,
f3da81a8-e6f5-4ae5-a309-fbd890bd78c0,2021,mini,clubman,Classic,cache-import [trim-expanded],mismatch,true,205/60R16 225/50R17 225/45R18 225/40R19,205/60R16 225/50R17 225/45R18 225/40R19,225/40R18 235/35R19 225/45R17,205/60R16 225/50R17 225/45R18 225/40R19,225/40R18 235/35R19 225/45R17,Cooper Clubman,,,
3fc58b71-da4a-40e3-a4f7-96025191d670,2022,mini,clubman,"Classic, Signature, Iconic, S, John Cooper Works",cache-import,mismatch,true,205/60R16 225/50R17 225/45R18 225/40R19,205/60R16 225/50R17 225/45R18 225/40R19,225/45R17 225/40R18 235/35R19,205/60R16 225/50R17 225/45R18 225/40R19,225/45R17 225/40R18 235/35R19,Cooper Clubman,,,
517fb7e8-f8b1-4b25-901d-d8261435b4b3,2022,mini,clubman,Classic,cache-import [trim-expanded],mismatch,true,205/60R16 225/50R17 225/45R18 225/40R19,205/60R16 225/50R17 225/45R18 225/40R19,225/45R17 225/40R18 235/35R19,205/60R16 225/50R17 225/45R18 225/40R19,225/45R17 225/40R18 235/35R19,Cooper Clubman,,,
8b31036c-0295-47fd-9e31-a39f7671752c,2022,mini,clubman,Signature,cache-import [trim-expanded],mismatch,true,205/60R16 225/50R17 225/45R18 225/40R19,205/60R16 225/50R17 225/45R18 225/40R19,225/45R17 225/40R18 235/35R19,205/60R16 225/50R17 225/45R18 225/40R19,225/45R17 225/40R18 235/35R19,Cooper Clubman,,,
a5f9a58a-fd59-4153-86ca-985fa6bae803,2022,mini,clubman,John Cooper Works,cache-import [trim-expanded],mismatch,true,205/60R16 225/50R17 225/45R18 225/40R19,205/60R16 225/50R17 225/45R18 225/40R19,225/45R17 225/40R18 235/35R19,205/60R16 225/50R17 225/45R18 225/40R19,225/45R17 225/40R18 235/35R19,Cooper Clubman,,,
d714a79b-a53e-4546-a44a-9aff6e4b9475,2022,mini,clubman,S,cache-import [trim-expanded],mismatch,true,205/60R16 225/50R17 225/45R18 225/40R19,205/60R16 225/50R17 225/45R18 225/40R19,225/45R17 225/40R18 235/35R19,205/60R16 225/50R17 225/45R18 225/40R19,225/45R17 225/40R18 235/35R19,Cooper Clubman,,,
df1e1a48-505f-4ee2-81e4-fc8672cd8b4c,2022,mini,clubman,Iconic,cache-import [trim-expanded],mismatch,true,205/60R16 225/50R17 225/45R18 225/40R19,205/60R16 225/50R17 225/45R18 225/40R19,225/45R17 225/40R18 235/35R19,205/60R16 225/50R17 225/45R18 225/40R19,225/45R17 225/40R18 235/35R19,Cooper Clubman,,,
1474c144-e99d-486b-b00e-e128940c9b50,2023,mini,clubman,Signature,cache-import [trim-expanded],mismatch,true,205/60R16 225/50R17 225/45R18 225/40R19,205/60R16 225/50R17 225/45R18 225/40R19,225/40R18 235/35R19 225/45R17,205/60R16 225/50R17 225/45R18 225/40R19,225/40R18 235/35R19 225/45R17,Cooper Clubman,,,
1e0491fd-d019-4f8e-a053-aaa89215da6e,2023,mini,clubman,"Classic, Signature, Iconic, S, John Cooper Works",cache-import,mismatch,true,205/60R16 225/50R17 225/45R18 225/40R19,205/60R16 225/50R17 225/45R18 225/40R19,225/40R18 235/35R19 225/45R17,205/60R16 225/50R17 225/45R18 225/40R19,225/40R18 235/35R19 225/45R17,Cooper Clubman,,,
2517dfac-c23c-4efa-a536-a8f22b2f44d8,2023,mini,clubman,S,cache-import [trim-expanded],mismatch,true,205/60R16 225/50R17 225/45R18 225/40R19,205/60R16 225/50R17 225/45R18 225/40R19,225/40R18 235/35R19 225/45R17,205/60R16 225/50R17 225/45R18 225/40R19,225/40R18 235/35R19 225/45R17,Cooper Clubman,,,
c893d1ac-2df9-4bd7-83e0-b54e7b078d19,2023,mini,clubman,Iconic,cache-import [trim-expanded],mismatch,true,205/60R16 225/50R17 225/45R18 225/40R19,205/60R16 225/50R17 225/45R18 225/40R19,225/40R18 235/35R19 225/45R17,205/60R16 225/50R17 225/45R18 225/40R19,225/40R18 235/35R19 225/45R17,Cooper Clubman,,,
cc54451e-b400-4c64-878f-e7e4be5de8e0,2023,mini,clubman,Classic,cache-import [trim-expanded],mismatch,true,205/60R16 225/50R17 225/45R18 225/40R19,205/60R16 225/50R17 225/45R18 225/40R19,225/40R18 235/35R19 225/45R17,205/60R16 225/50R17 225/45R18 225/40R19,225/40R18 235/35R19 225/45R17,Cooper Clubman,,,
f5baf825-6a6f-4ee5-bdfd-28098e2cc4ab,2023,mini,clubman,John Cooper Works,cache-import [trim-expanded],mismatch,true,205/60R16 225/50R17 225/45R18 225/40R19,205/60R16 225/50R17 225/45R18 225/40R19,225/40R18 235/35R19 225/45R17,205/60R16 225/50R17 225/45R18 225/40R19,225/40R18 235/35R19 225/45R17,Cooper Clubman,,,
2cba4c07-1810-4b6e-95c3-bfa8befbc15c,2024,mini,clubman,Signature,cache-import [trim-expanded],mismatch,true,205/60R16 225/50R17 225/45R18 225/40R19,205/60R16 225/50R17 225/45R18 225/40R19,225/40R18 235/35R19 225/45R17,205/60R16 225/50R17 225/45R18 225/40R19,225/40R18 235/35R19 225/45R17,Cooper Clubman,,,
3b61c3e8-d8e7-421c-a13a-5c13f38f9890,2024,mini,clubman,John Cooper Works,cache-import [trim-expanded],mismatch,true,205/60R16 225/50R17 225/45R18 225/40R19,205/60R16 225/50R17 225/45R18 225/40R19,225/40R18 235/35R19 225/45R17,205/60R16 225/50R17 225/45R18 225/40R19,225/40R18 235/35R19 225/45R17,Cooper Clubman,,,
841dcac5-9c3e-43fc-8f27-e9131c50fddb,2024,mini,clubman,"Classic, Signature, Iconic, S, John Cooper Works",cache-import,mismatch,true,205/60R16 225/50R17 225/45R18 225/40R19,205/60R16 225/50R17 225/45R18 225/40R19,225/40R18 235/35R19 225/45R17,205/60R16 225/50R17 225/45R18 225/40R19,225/40R18 235/35R19 225/45R17,Cooper Clubman,,,
86ddfd85-a4fc-491f-b0af-887aa7913f08,2024,mini,clubman,Classic,cache-import [trim-expanded],mismatch,true,205/60R16 225/50R17 225/45R18 225/40R19,205/60R16 225/50R17 225/45R18 225/40R19,225/40R18 235/35R19 225/45R17,205/60R16 225/50R17 225/45R18 225/40R19,225/40R18 235/35R19 225/45R17,Cooper Clubman,,,
cc8fcad0-b69a-4371-aae9-e44fa1958d79,2024,mini,clubman,S,cache-import [trim-expanded],mismatch,true,205/60R16 225/50R17 225/45R18 225/40R19,205/60R16 225/50R17 225/45R18 225/40R19,225/40R18 235/35R19 225/45R17,205/60R16 225/50R17 225/45R18 225/40R19,225/40R18 235/35R19 225/45R17,Cooper Clubman,,,
ed9f5e68-a0ff-4db5-815e-7470424e47d0,2024,mini,clubman,Iconic,cache-import [trim-expanded],mismatch,true,205/60R16 225/50R17 225/45R18 225/40R19,205/60R16 225/50R17 225/45R18 225/40R19,225/40R18 235/35R19 225/45R17,205/60R16 225/50R17 225/45R18 225/40R19,225/40R18 235/35R19 225/45R17,Cooper Clubman,,,
3042acfd-4f1a-4745-bfd1-cb4b96eb0d70,1997,mitsubishi,3000gt,Base,api_import,mismatch,true,245/45R17 255/40R18,245/45R17 255/40R18,225/55R16 225/55R17 245/40R18,245/45R17 255/40R18,225/55R16 225/55R17 245/40R18,3000GT,,,
9b102ed4-22f6-4737-bc37-19a526f5847b,2005,mitsubishi,eclipse-spider,Base,catalog-gap-fill [web_research],mismatch,false,195/65R15,195/65R15,205/55R16 215/50R17,195/65R15,205/55R16 215/50R17,Eclipse,,,
832e7dd4-4de2-4d26-908c-59a42f25ce9d,2006,mitsubishi,eclipse-spider,Base,catalog-gap-fill [web_research],mismatch,false,195/65R15,195/65R15,225/50R17 235/45R18,195/65R15,225/50R17 235/45R18,Eclipse,,,
01c970a8-5144-44e3-bc7d-7117cb9438db,2009,mitsubishi,lancer-evolution,Final Edition,api_import [expanded],mismatch,true,245/40R18,245/40R18,205/60R16 215/45R18,245/40R18,205/60R16 215/45R18,Lancer,,,
69d6e53c-c1b0-427c-affe-95646d868805,2009,mitsubishi,lancer-evolution,GSR,api_import [expanded],mismatch,true,245/40R18,245/40R18,205/60R16 215/45R18,245/40R18,205/60R16 215/45R18,Lancer,,,
92f88b11-92da-49f8-9739-5ac7dc74d65c,2009,mitsubishi,lancer-evolution,"GSR, MR, Final Edition",api_import,mismatch,true,245/40R18,245/40R18,205/60R16 215/45R18,245/40R18,205/60R16 215/45R18,Lancer,,,
f1f260b4-3fbf-41ba-80d8-743b84e7d0f6,2009,mitsubishi,lancer-evolution,MR,api_import [expanded],mismatch,true,245/40R18,245/40R18,205/60R16 215/45R18,245/40R18,205/60R16 215/45R18,Lancer,,,
0e2f4ddc-1d6c-4888-9079-e0f70dfff4a4,1991,mitsubishi,montero,Base,90s-research-batch,mismatch,true,215R15 225/80R15 265/70R15 265/70R16 265/65R17,215/82R15 225/80R15 265/70R15 265/70R16 265/65R17,225/75R15 235/75R15,215/82R15 225/80R15 265/70R15 265/70R16 265/65R17,225/75R15 235/75R15,Montero,,,
aeea4f20-0d17-4b08-bea5-a7648345a9a1,2000,mitsubishi,montero,Base,catalog-gap-fill,mismatch,false,265/70R16 275/55R20,265/70R16 275/55R20,265/70R15,265/70R16 275/55R20,265/70R15,Montero,,,
e442a0be-adc4-47e6-8773-f403a59f5b95,2026,nissan,altima,S,verified-research,mismatch,false,215/60R16,215/60R16,235/40R19 215/55R17,215/60R16,235/40R19 215/55R17,Altima,,,
77702c46-9e80-4c9f-b379-4ead974bd1b6,2021,nissan,rogue,S,verified-research,mismatch,true,225/65R17,225/65R17,235/60R18 235/55R19 235/65R17,225/65R17,235/60R18 235/55R19 235/65R17,Rogue,,,
e5ac76b2-500e-4a38-a1fa-f08c81d3db43,2022,nissan,rogue,S,verified-research,mismatch,true,225/65R17,225/65R17,235/55R19 235/65R17 235/60R18,225/65R17,235/55R19 235/65R17 235/60R18,Rogue,,,
5a60cea0-79ea-4916-8c2b-63dd275f176c,2023,nissan,rogue,S,verified-research,mismatch,true,225/65R17,225/65R17,235/55R19 235/65R17 235/60R18,225/65R17,235/55R19 235/65R17 235/60R18,Rogue,,,
352ea5b7-27c3-4689-b493-f81e828e3a2c,2024,nissan,rogue,S,verified-research,mismatch,true,225/65R17,225/65R17,235/55R19 235/65R17 235/60R18,225/65R17,235/55R19 235/65R17 235/60R18,Rogue,,,
73939987-6244-4dfe-80a8-c609e7ab5c7b,2025,nissan,rogue,Rock Creek,verified-research,mismatch,true,225/65R17,225/65R17,235/55R19 235/65R17 235/60R18,225/65R17,235/55R19 235/65R17 235/60R18,Rogue,,,
fd28b373-77f9-4488-8df5-5433db1f216c,2025,nissan,rogue,S,verified-research,mismatch,true,225/65R17,225/65R17,235/55R19 235/65R17 235/60R18,225/65R17,235/55R19 235/65R17 235/60R18,Rogue,,,
46bcbcbe-cc0f-4d70-952a-c1a8e7d770dd,2026,nissan,rogue,Rock Creek,verified-research,mismatch,true,225/65R17,225/65R17,235/55R19 235/65R17 235/60R18 255/45R20,225/65R17,235/55R19 235/65R17 235/60R18 255/45R20,Rogue,,,
b92d3496-29d2-429a-b663-0448130d4f40,2026,nissan,rogue,S,verified-research,mismatch,true,225/65R17,225/65R17,235/55R19 235/65R17 235/60R18 255/45R20,225/65R17,235/55R19 235/65R17 235/60R18 255/45R20,Rogue,,,
4388a7fe-547e-40c5-a6d7-a2b713970aea,2004,nissan,titan,LE,generation_inherit,mismatch,false,275/60R20,275/60R20,245/75R17 265/70R18 285/70R17,275/60R20,245/75R17 265/70R18 285/70R17,Titan,,,
6680148e-c700-4508-afda-554ac14ef5ac,2004,nissan,titan,S,generation_inherit,mismatch,true,265/70R17 275/70R17,265/70R17 275/70R17,245/75R17 265/70R18 285/70R17,265/70R17 275/70R17,245/75R17 265/70R18 285/70R17,Titan,,,
9479cad5-e9d7-45db-9137-6db34e9408c4,2004,nissan,titan,SL,generation_inherit,mismatch,false,275/60R20,275/60R20,245/75R17 265/70R18 285/70R17,275/60R20,245/75R17 265/70R18 285/70R17,Titan,,,
5273fb1b-1629-4b3e-8ba3-e91c26507e23,2005,nissan,titan,SL,generation_inherit,mismatch,false,275/60R20,275/60R20,265/70R18 285/70R17 245/75R17,275/60R20,265/70R18 285/70R17 245/75R17,Titan,,,
8567a94d-1c8c-4692-99c2-8f49c22103ba,2005,nissan,titan,LE,generation_inherit,mismatch,false,275/60R20,275/60R20,265/70R18 285/70R17 245/75R17,275/60R20,265/70R18 285/70R17 245/75R17,Titan,,,
f88ba36d-8f2a-4574-9ffa-dfc030906167,2005,nissan,titan,S,generation_inherit,mismatch,true,265/70R17 275/70R17,265/70R17 275/70R17,265/70R18 285/70R17 245/75R17,265/70R17 275/70R17,265/70R18 285/70R17 245/75R17,Titan,,,
94320750-c98b-4929-b992-4b2a719c3738,2006,nissan,titan,S,generation_inherit,mismatch,true,265/70R17 275/70R17,265/70R17 275/70R17,245/75R17 285/70R17 265/70R18,265/70R17 275/70R17,245/75R17 285/70R17 265/70R18,Titan,,,
daadeb91-622c-40bc-a97e-9e106ec38f64,2006,nissan,titan,LE,generation_inherit,mismatch,false,275/60R20,275/60R20,245/75R17 285/70R17 265/70R18,275/60R20,245/75R17 285/70R17 265/70R18,Titan,,,
dee6eb5d-5e0f-4800-808c-02e8c7b1a48f,2006,nissan,titan,SL,generation_inherit,mismatch,false,275/60R20,275/60R20,245/75R17 285/70R17 265/70R18,275/60R20,245/75R17 285/70R17 265/70R18,Titan,,,
2998ad73-65dc-416e-8d19-d4efb08ef368,2007,nissan,titan,LE,generation_inherit,mismatch,false,275/60R20,275/60R20,265/70R18 285/70R17 245/75R17,275/60R20,265/70R18 285/70R17 245/75R17,Titan,,,
bb155207-3f36-49ae-80bb-2810cd1e10b0,2007,nissan,titan,S,generation_inherit,mismatch,true,265/70R17 275/70R17,265/70R17 275/70R17,265/70R18 285/70R17 245/75R17,265/70R17 275/70R17,265/70R18 285/70R17 245/75R17,Titan,,,
edbb85a7-6244-4279-b7f3-c3be4bcd97ca,2007,nissan,titan,SL,generation_inherit,mismatch,false,275/60R20,275/60R20,265/70R18 285/70R17 245/75R17,275/60R20,265/70R18 285/70R17 245/75R17,Titan,,,
2319075b-38c3-46f0-bba4-dc36fc61b026,2008,nissan,titan,S,generation_inherit,mismatch,false,265/70R17 275/70R17,265/70R17 275/70R17,265/70R18 275/60R20 275/70R18,265/70R17 275/70R17,265/70R18 275/60R20 275/70R18,Titan,,,
eebf462e-3b32-446a-b76c-b02c3e138120,2009,nissan,titan,S,generation_inherit,mismatch,false,265/70R17 275/70R17,265/70R17 275/70R17,275/60R20 275/70R18 265/70R18,265/70R17 275/70R17,275/60R20 275/70R18 265/70R18,Titan,,,
e8b0df50-c452-4216-b6c8-0066f8751b89,2010,nissan,titan,S,generation_inherit,mismatch,false,265/70R17 275/70R17,265/70R17 275/70R17,265/70R18 275/70R18 275/60R20,265/70R17 275/70R17,265/70R18 275/70R18 275/60R20,Titan,,,
16d87d7d-d090-44a6-a62c-b8215056473a,2011,nissan,titan,S,generation_inherit,mismatch,false,265/70R17 275/70R17,265/70R17 275/70R17,265/70R18 275/70R18 275/60R20,265/70R17 275/70R17,265/70R18 275/70R18 275/60R20,Titan,,,
321374a4-0711-43c3-8335-e0e92baf9bf3,2012,nissan,titan,S,generation_inherit,mismatch,false,265/70R17 275/70R17,265/70R17 275/70R17,265/70R18 275/70R18 275/60R20,265/70R17 275/70R17,265/70R18 275/70R18 275/60R20,Titan,,,
4195595e-ffbe-484d-954e-6a5e52784437,2013,nissan,titan,S,generation_inherit,mismatch,false,265/70R17 275/70R17,265/70R17 275/70R17,275/70R18 275/60R20 265/70R18,265/70R17 275/70R17,275/70R18 275/60R20 265/70R18,Titan,,,
8ae985d1-24e1-4d92-8354-5bf095dc5431,2014,nissan,titan,S,generation_inherit,mismatch,false,265/70R17 275/70R17,265/70R17 275/70R17,275/70R18 265/70R18 275/60R20,265/70R17 275/70R17,275/70R18 265/70R18 275/60R20,Titan,,,
1dd5ce86-4f67-4118-9ee8-d67b68ccf557,2015,nissan,titan,S,generation_inherit,mismatch,false,265/70R17 275/70R17,265/70R17 275/70R17,265/70R18 275/60R20 275/70R18,265/70R17 275/70R17,265/70R18 275/60R20 275/70R18,Titan,,,
cae67eff-04c8-4043-b4d1-156dbdfb2c90,2016,nissan,titan,S,generation_inherit,mismatch,true,265/70R17 275/70R17,265/70R17 275/70R17,275/65R18 265/60R20 245/75R17,265/70R17 275/70R17,275/65R18 265/60R20 245/75R17,Titan XD,,,
fbf11806-4ef2-434d-b98a-8a3cad63df95,2016,nissan,titan,Platinum Reserve,generation_inherit,mismatch,true,275/60R20,275/60R20,275/65R18 265/60R20 245/75R17,275/60R20,275/65R18 265/60R20 245/75R17,Titan XD,,,
fc779aaa-c705-4539-9ba3-7f4963f03b30,2016,nissan,titan,SL,generation_inherit,mismatch,true,275/60R20,275/60R20,275/65R18 265/60R20 245/75R17,275/60R20,275/65R18 265/60R20 245/75R17,Titan XD,,,
408a3917-1aee-45e9-a4ee-70762f21b153,2017,nissan,titan,S,generation_inherit,mismatch,false,265/70R17 275/70R17,265/70R17 275/70R17,265/70R18 275/60R20 275/70R18,265/70R17 275/70R17,265/70R18 275/60R20 275/70R18,Titan,,,
3e3a4fe1-b1df-4b3b-882e-ab3b52e0ea63,2019,nissan,titan,S,generation_inherit,mismatch,false,265/70R17 275/70R17,265/70R17 275/70R17,275/70R18 275/60R20 265/70R18,265/70R17 275/70R17,275/70R18 275/60R20 265/70R18,Titan,,,
f43f8542-01ee-431b-b1dc-799d10a32ade,2020,nissan,titan,S,generation_inherit,mismatch,false,265/70R17 275/70R17,265/70R17 275/70R17,275/70R18 275/60R20 265/70R18,265/70R17 275/70R17,275/70R18 275/60R20 265/70R18,Titan,,,
dcbac820-1958-4f01-a9e5-477771e646c6,2021,nissan,titan,S,generation_inherit,mismatch,false,265/70R17 275/70R17,265/70R17 275/70R17,275/70R18 275/60R20 265/70R18,265/70R17 275/70R17,275/70R18 275/60R20 265/70R18,Titan,,,
6e59eec2-d1a8-40c2-b18d-8acdd5d60a4e,2022,nissan,titan,S,generation_inherit,mismatch,false,265/70R17 275/70R17,265/70R17 275/70R17,265/70R18 275/70R18 275/60R20,265/70R17 275/70R17,265/70R18 275/70R18 275/60R20,Titan,,,
226f97f3-ffaf-4ce5-bf42-14566e76d4f4,2023,nissan,titan,S,generation_inherit,mismatch,false,265/70R17 275/70R17,265/70R17 275/70R17,275/70R18 275/60R20 265/70R18,265/70R17 275/70R17,275/70R18 275/60R20 265/70R18,Titan,,,
6508c064-9c41-4568-a35b-6265afceb8f0,2024,nissan,titan,S,generation_inherit,mismatch,false,265/70R17 275/70R17,265/70R17 275/70R17,275/70R18 275/60R20 265/70R18,265/70R17 275/70R17,275/70R18 275/60R20 265/70R18,Titan,,,
dc26f29b-bb4d-4b5c-8c34-91d3663e64de,2024,nissan,titan,PRO-4X,cache-import [trim-expanded] [verified-research],mismatch,true,275/65R18,275/65R18,275/70R18 275/60R20 265/70R18,275/65R18,275/70R18 275/60R20 265/70R18,Titan,,,
0cfb8e31-d55e-4cd6-8d40-0636b1bb6f56,2016,nissan,titan-xd,SV,manual_backfill [tpl:nissan_titan_xd_2016_plus],mismatch,true,275/60R20 275/65R20 LT275/65R20,275/60R20 275/65R20,275/65R18 265/60R20 245/75R17,275/60R20 275/65R20,275/65R18 265/60R20 245/75R17,Titan XD,,,
5bd4c96d-f0af-4735-9131-fba15c393b1e,2016,nissan,titan-xd,Platinum Reserve,manual_backfill [tpl:nissan_titan_xd_2016_plus],mismatch,true,275/60R20 275/65R20 LT275/65R20,275/60R20 275/65R20,275/65R18 265/60R20 245/75R17,275/60R20 275/65R20,275/65R18 265/60R20 245/75R17,Titan XD,,,
b4607aef-8737-48a0-a1ca-daed0853a7af,2016,nissan,titan-xd,PRO-4X,manual_backfill [tpl:nissan_titan_xd_2016_plus],mismatch,true,275/60R20 275/65R20 LT275/65R20,275/60R20 275/65R20,275/65R18 265/60R20 245/75R17,275/60R20 275/65R20,275/65R18 265/60R20 245/75R17,Titan XD,,,
cad5f5e3-edfe-42b5-807d-2457e2f2a1da,2016,nissan,titan-xd,S,manual_backfill [tpl:nissan_titan_xd_2016_plus],mismatch,true,275/60R20 275/65R20 LT275/65R20,275/60R20 275/65R20,275/65R18 265/60R20 245/75R17,275/60R20 275/65R20,275/65R18 265/60R20 245/75R17,Titan XD,,,
1f95f63b-07d4-488e-b33b-d0c1ddaa1879,2017,nissan,titan-xd,PRO-4X,manual_backfill [tpl:nissan_titan_xd_2016_plus],mismatch,true,275/60R20 275/65R20 LT275/65R20,275/60R20 275/65R20,275/65R18 265/60R20 245/75R17,275/60R20 275/65R20,275/65R18 265/60R20 245/75R17,Titan XD,,,
72db8659-5b77-46bb-8767-f800f93fa7d9,2017,nissan,titan-xd,S,manual_backfill [tpl:nissan_titan_xd_2016_plus],mismatch,true,275/60R20 275/65R20 LT275/65R20,275/60R20 275/65R20,275/65R18 265/60R20 245/75R17,275/60R20 275/65R20,275/65R18 265/60R20 245/75R17,Titan XD,,,
7c505a2b-a6a6-4962-a95c-596bab440cc5,2017,nissan,titan-xd,Platinum Reserve,manual_backfill [tpl:nissan_titan_xd_2016_plus],mismatch,true,275/60R20 275/65R20 LT275/65R20,275/60R20 275/65R20,275/65R18 265/60R20 245/75R17,275/60R20 275/65R20,275/65R18 265/60R20 245/75R17,Titan XD,,,
ff0ee5e1-ca59-40b6-9be3-066412cff74b,2017,nissan,titan-xd,SV,manual_backfill [tpl:nissan_titan_xd_2016_plus],mismatch,true,275/60R20 275/65R20 LT275/65R20,275/60R20 275/65R20,275/65R18 265/60R20 245/75R17,275/60R20 275/65R20,275/65R18 265/60R20 245/75R17,Titan XD,,,
61991609-1165-400c-a18b-063b9090ec97,2019,nissan,titan-xd,Platinum Reserve,manual_backfill [tpl:nissan_titan_xd_2016_plus],mismatch,true,275/60R20 275/65R20 LT275/65R20,275/60R20 275/65R20,275/65R18 265/60R20 245/75R17,275/60R20 275/65R20,275/65R18 265/60R20 245/75R17,Titan XD,,,
9fa5777b-b990-44bb-aee7-b2290ea96b0b,2019,nissan,titan-xd,S,manual_backfill [tpl:nissan_titan_xd_2016_plus],mismatch,true,275/60R20 275/65R20 LT275/65R20,275/60R20 275/65R20,275/65R18 265/60R20 245/75R17,275/60R20 275/65R20,275/65R18 265/60R20 245/75R17,Titan XD,,,
b7c3017d-945f-4320-bc02-c349f0ca9ae6,2019,nissan,titan-xd,PRO-4X,manual_backfill [tpl:nissan_titan_xd_2016_plus],mismatch,true,275/60R20 275/65R20 LT275/65R20,275/60R20 275/65R20,275/65R18 265/60R20 245/75R17,275/60R20 275/65R20,275/65R18 265/60R20 245/75R17,Titan XD,,,
f22bd6f9-9617-46b5-b646-c9e085443b95,2019,nissan,titan-xd,SV,manual_backfill [tpl:nissan_titan_xd_2016_plus],mismatch,true,275/60R20 275/65R20 LT275/65R20,275/60R20 275/65R20,275/65R18 265/60R20 245/75R17,275/60R20 275/65R20,275/65R18 265/60R20 245/75R17,Titan XD,,,
035a314e-8311-4582-ae03-07fac4039b43,2020,nissan,titan-xd,PRO-4X,manual_backfill [tpl:nissan_titan_xd_2016_plus],mismatch,true,275/60R20 275/65R20 LT275/65R20,275/60R20 275/65R20,275/65R18 265/60R20 245/75R17,275/60R20 275/65R20,275/65R18 265/60R20 245/75R17,Titan XD,,,
0ad45cb6-9d1a-4c32-9ad0-1907dbced15b,2020,nissan,titan-xd,S,manual_backfill [tpl:nissan_titan_xd_2016_plus],mismatch,true,275/60R20 275/65R20 LT275/65R20,275/60R20 275/65R20,275/65R18 265/60R20 245/75R17,275/60R20 275/65R20,275/65R18 265/60R20 245/75R17,Titan XD,,,
d956d514-a702-4b06-b4f3-90da856d7ff2,2020,nissan,titan-xd,SV,manual_backfill [tpl:nissan_titan_xd_2016_plus],mismatch,true,275/60R20 275/65R20 LT275/65R20,275/60R20 275/65R20,275/65R18 265/60R20 245/75R17,275/60R20 275/65R20,275/65R18 265/60R20 245/75R17,Titan XD,,,
f4739184-f2ce-462b-9985-56452c959d27,2020,nissan,titan-xd,Platinum Reserve,manual_backfill [tpl:nissan_titan_xd_2016_plus],mismatch,true,275/60R20 275/65R20 LT275/65R20,275/60R20 275/65R20,275/65R18 265/60R20 245/75R17,275/60R20 275/65R20,275/65R18 265/60R20 245/75R17,Titan XD,,,
2538f5ee-7d94-467b-8e3a-c364acc11a1f,2021,nissan,titan-xd,S,manual_backfill [tpl:nissan_titan_xd_2016_plus],mismatch,true,275/60R20 275/65R20 LT275/65R20,275/60R20 275/65R20,275/65R18 265/60R20 245/75R17,275/60R20 275/65R20,275/65R18 265/60R20 245/75R17,Titan XD,,,
ade6fd50-160e-4ab1-9fc3-97fc13007996,2021,nissan,titan-xd,SV,manual_backfill [tpl:nissan_titan_xd_2016_plus],mismatch,true,275/60R20 275/65R20 LT275/65R20,275/60R20 275/65R20,275/65R18 265/60R20 245/75R17,275/60R20 275/65R20,275/65R18 265/60R20 245/75R17,Titan XD,,,
b328c3ce-d835-4014-a6b7-b21ae55fb288,2021,nissan,titan-xd,Platinum Reserve,manual_backfill [tpl:nissan_titan_xd_2016_plus],mismatch,true,275/60R20 275/65R20 LT275/65R20,275/60R20 275/65R20,275/65R18 265/60R20 245/75R17,275/60R20 275/65R20,275/65R18 265/60R20 245/75R17,Titan XD,,,
c3dc4ef7-30aa-4de0-9094-4fcea13661c7,2021,nissan,titan-xd,PRO-4X,manual_backfill [tpl:nissan_titan_xd_2016_plus],mismatch,true,275/60R20 275/65R20 LT275/65R20,275/60R20 275/65R20,275/65R18 265/60R20 245/75R17,275/60R20 275/65R20,275/65R18 265/60R20 245/75R17,Titan XD,,,
34561d4a-0d8f-4c41-8e04-710846b7578f,2022,nissan,titan-xd,S,manual_backfill [tpl:nissan_titan_xd_2016_plus],mismatch,true,275/60R20 275/65R20 LT275/65R20,275/60R20 275/65R20,245/75R17 275/65R18 265/60R20,275/60R20 275/65R20,245/75R17 275/65R18 265/60R20,Titan XD,,,
6ad9af9a-e60d-472f-9f1f-8fc8705a7596,2022,nissan,titan-xd,PRO-4X,manual_backfill [tpl:nissan_titan_xd_2016_plus],mismatch,true,275/60R20 275/65R20 LT275/65R20,275/60R20 275/65R20,245/75R17 275/65R18 265/60R20,275/60R20 275/65R20,245/75R17 275/65R18 265/60R20,Titan XD,,,
77f5e7a6-9f27-4093-ab47-c190d4f09586,2022,nissan,titan-xd,SV,manual_backfill [tpl:nissan_titan_xd_2016_plus],mismatch,true,275/60R20 275/65R20 LT275/65R20,275/60R20 275/65R20,245/75R17 275/65R18 265/60R20,275/60R20 275/65R20,245/75R17 275/65R18 265/60R20,Titan XD,,,
9cb0156b-d6ba-418f-afc3-cc89784ee645,2022,nissan,titan-xd,Platinum Reserve,manual_backfill [tpl:nissan_titan_xd_2016_plus],mismatch,true,275/60R20 275/65R20 LT275/65R20,275/60R20 275/65R20,245/75R17 275/65R18 265/60R20,275/60R20 275/65R20,245/75R17 275/65R18 265/60R20,Titan XD,,,
0e3d1df8-3f98-47c7-a795-84ff2ae2c30a,2023,nissan,titan-xd,SV,generation-baseline,mismatch,true,275/60R20 275/65R20 LT275/65R20,275/60R20 275/65R20,275/65R18 265/60R20 245/75R17,275/60R20 275/65R20,275/65R18 265/60R20 245/75R17,Titan XD,,,
a035c661-1f6a-4a42-802a-45b1c42db259,2023,nissan,titan-xd,Platinum Reserve,generation-baseline,mismatch,true,275/60R20 275/65R20 LT275/65R20,275/60R20 275/65R20,275/65R18 265/60R20 245/75R17,275/60R20 275/65R20,275/65R18 265/60R20 245/75R17,Titan XD,,,
a9d455d0-6c19-4073-bcf1-19dab6863cdd,2023,nissan,titan-xd,S,generation-baseline,mismatch,true,275/60R20 275/65R20 LT275/65R20,275/60R20 275/65R20,275/65R18 265/60R20 245/75R17,275/60R20 275/65R20,275/65R18 265/60R20 245/75R17,Titan XD,,,
d82a8ee3-4f76-423c-97c1-1e6047654079,2023,nissan,titan-xd,PRO-4X,generation-baseline,mismatch,true,275/60R20 275/65R20 LT275/65R20,275/60R20 275/65R20,275/65R18 265/60R20 245/75R17,275/60R20 275/65R20,275/65R18 265/60R20 245/75R17,Titan XD,,,
016e71e3-24f6-45d6-9295-c55565475076,2024,nissan,titan-xd,S,generation-baseline,mismatch,true,275/60R20 275/65R20 LT275/65R20,275/60R20 275/65R20,275/65R18 265/60R20 245/75R17,275/60R20 275/65R20,275/65R18 265/60R20 245/75R17,Titan XD,,,
3d67498b-c990-4751-ba4a-1d7c2f6f13cd,2024,nissan,titan-xd,Platinum Reserve,generation-baseline,mismatch,true,275/60R20 275/65R20 LT275/65R20,275/60R20 275/65R20,275/65R18 265/60R20 245/75R17,275/60R20 275/65R20,275/65R18 265/60R20 245/75R17,Titan XD,,,
615038c4-48ed-424f-84bd-595c588670a0,2024,nissan,titan-xd,SV,generation-baseline,mismatch,true,275/60R20 275/65R20 LT275/65R20,275/60R20 275/65R20,275/65R18 265/60R20 245/75R17,275/60R20 275/65R20,275/65R18 265/60R20 245/75R17,Titan XD,,,
956b45ff-6dd8-4867-839b-57bf048aa7ed,2024,nissan,titan-xd,PRO-4X,generation-baseline,mismatch,true,275/60R20 275/65R20 LT275/65R20,275/60R20 275/65R20,275/65R18 265/60R20 245/75R17,275/60R20 275/65R20,275/65R18 265/60R20 245/75R17,Titan XD,,,
514e4c7e-2eba-409d-a151-de6446c1a427,2000,oldsmobile,bravada,Base,generation_template,mismatch,false,P235/70R16,235/70R16,235/70R15,235/70R16,235/70R15,Bravada,,,
543195f0-1e1f-4fd3-8d10-8b1504b8a3c2,2001,oldsmobile,bravada,Base,generation_template,mismatch,false,P235/70R16,235/70R16,235/70R15,235/70R16,235/70R15,Bravada,,,
6b094bae-b9b7-4c56-811f-30b56dd49349,1990,pontiac,bonneville,Base,generation_template,mismatch,true,P205/75R15 P215/65R16,205/75R15 215/65R16,205/75R14 215/65R15 215/60R16,205/75R15 215/65R16,205/75R14 215/65R15 215/60R16,Bonneville,,,
9bc363c9-c6c3-4e7f-925f-98edbd4200be,1990,pontiac,grand-prix,Base,generation_template,mismatch,true,P205/70R15 P225/60R16,205/70R15 225/60R16,215/65R15 195/75R14 205/65R15 215/60R16 245/50R16,205/70R15 225/60R16,215/65R15 195/75R14 205/65R15 215/60R16 245/50R16,Grand Prix,,,
0e77d30a-f0e2-4183-88b6-9baf0cc02979,1999,porsche,911,Turbo S,cache-import [expanded],mismatch,false,215/70R16,215/70R16,225/40R18 265/35R18 205/50R17 255/40R17,215/70R16,225/40R18 265/35R18 205/50R17 255/40R17,911,,,
4c1228db-7dfe-4bcc-a21d-61f9c2f2aa79,1999,porsche,911,Carrera 4S,cache-import [expanded],mismatch,false,215/70R16,215/70R16,225/40R18 265/35R18 205/50R17 255/40R17,215/70R16,225/40R18 265/35R18 205/50R17 255/40R17,911,,,
87e3fac7-d64b-40bf-8a8b-553265cf1997,1999,porsche,911,GT3 RS,cache-import [expanded],mismatch,false,215/70R16,215/70R16,225/40R18 265/35R18 205/50R17 255/40R17,215/70R16,225/40R18 265/35R18 205/50R17 255/40R17,911,,,
9d371fa9-1ba0-4c4c-8f18-865b5f513f5c,1999,porsche,911,Turbo,cache-import [expanded],mismatch,false,215/70R16,215/70R16,225/40R18 265/35R18 205/50R17 255/40R17,215/70R16,225/40R18 265/35R18 205/50R17 255/40R17,911,,,
b3584926-1f95-40d6-8e82-ca43d3fc5505,1999,porsche,911,Carrera S,cache-import [expanded],mismatch,false,215/70R16,215/70R16,225/40R18 265/35R18 205/50R17 255/40R17,215/70R16,225/40R18 265/35R18 205/50R17 255/40R17,911,,,
c42c3a7f-5c85-4c2c-a266-f1e9c9a714fc,1999,porsche,911,"Carrera, Carrera S, Carrera 4S, Turbo, Turbo S, GT3, GT3 RS",cache-import,mismatch,false,215/70R16,215/70R16,225/40R18 265/35R18 205/50R17 255/40R17,215/70R16,225/40R18 265/35R18 205/50R17 255/40R17,911,,,
dd0dcda0-54e9-41ee-8c9d-c0ea76541f68,1999,porsche,911,GT3,cache-import [expanded],mismatch,false,215/70R16,215/70R16,225/40R18 265/35R18 205/50R17 255/40R17,215/70R16,225/40R18 265/35R18 205/50R17 255/40R17,911,,,
ddc4b38c-0eae-4ce8-bbbb-ddc4f9517715,1999,porsche,911,Carrera,cache-import [expanded],mismatch,false,215/70R16,215/70R16,225/40R18 265/35R18 205/50R17 255/40R17,215/70R16,225/40R18 265/35R18 205/50R17 255/40R17,911,,,
0c0ea468-02f6-4b42-ab28-d3ba4bbb47de,2017,porsche,boxster,GTS,cache-import [expanded],mismatch,true,235/45R17 255/40R17 235/40R18 265/40R18 235/35R19 265/35R19,235/45R17 255/40R17 235/40R18 265/40R18 235/35R19 265/35R19,235/40R19 265/40R19 235/35R20 265/35R20 235/45R18 265/45R18,235/45R17 255/40R17 235/40R18 265/40R18 235/35R19 265/35R19,235/40R19 265/40R19 235/35R20 265/35R20 235/45R18 265/45R18,718 Boxster,,,
1fa31e01-d280-40e1-a760-8b54d78065f9,2017,porsche,boxster,Base,cache-import [expanded],mismatch,true,235/45R17 255/40R17 235/40R18 265/40R18 235/35R19 265/35R19,235/45R17 255/40R17 235/40R18 265/40R18 235/35R19 265/35R19,235/40R19 265/40R19 235/35R20 265/35R20 235/45R18 265/45R18,235/45R17 255/40R17 235/40R18 265/40R18 235/35R19 265/35R19,235/40R19 265/40R19 235/35R20 265/35R20 235/45R18 265/45R18,718 Boxster,,,
377202d3-b2f9-4862-92c6-ecde52c51207,2017,porsche,boxster,Spyder,cache-import [expanded],mismatch,true,235/45R17 255/40R17 235/40R18 265/40R18 235/35R19 265/35R19,235/45R17 255/40R17 235/40R18 265/40R18 235/35R19 265/35R19,235/40R19 265/40R19 235/35R20 265/35R20 235/45R18 265/45R18,235/45R17 255/40R17 235/40R18 265/40R18 235/35R19 265/35R19,235/40R19 265/40R19 235/35R20 265/35R20 235/45R18 265/45R18,718 Boxster,,,
9881ce6e-7110-4bd2-b6ea-6b0921f4dbc7,2017,porsche,boxster,"Base, S, GTS, Spyder",cache-import,mismatch,true,235/45R17 255/40R17 235/40R18 265/40R18 235/35R19 265/35R19,235/45R17 255/40R17 235/40R18 265/40R18 235/35R19 265/35R19,235/40R19 265/40R19 235/35R20 265/35R20 235/45R18 265/45R18,235/45R17 255/40R17 235/40R18 265/40R18 235/35R19 265/35R19,235/40R19 265/40R19 235/35R20 265/35R20 235/45R18 265/45R18,718 Boxster,,,
ed60f746-50f2-46f7-8e77-509f0f0039e1,2017,porsche,boxster,S,cache-import [expanded],mismatch,true,235/45R17 255/40R17 235/40R18 265/40R18 235/35R19 265/35R19,235/45R17 255/40R17 235/40R18 265/40R18 235/35R19 265/35R19,235/40R19 265/40R19 235/35R20 265/35R20 235/45R18 265/45R18,235/45R17 255/40R17 235/40R18 265/40R18 235/35R19 265/35R19,235/40R19 265/40R19 235/35R20 265/35R20 235/45R18 265/45R18,718 Boxster,,,
333bb8c5-0e04-4f01-86c6-78e786403fbf,2019,porsche,boxster,"Base, S, GTS, Spyder",cache-import,mismatch,true,235/45R17 255/40R17 235/40R18 265/40R18 235/35R19 265/35R19,235/45R17 255/40R17 235/40R18 265/40R18 235/35R19 265/35R19,235/45R18 265/45R18 235/40R19 265/40R19 235/35R20 265/35R20,235/45R17 255/40R17 235/40R18 265/40R18 235/35R19 265/35R19,235/45R18 265/45R18 235/40R19 265/40R19 235/35R20 265/35R20,718 Boxster,,,
5c3d91c6-10e2-4103-96cf-be5a69140519,2019,porsche,boxster,GTS,cache-import [expanded],mismatch,true,235/45R17 255/40R17 235/40R18 265/40R18 235/35R19 265/35R19,235/45R17 255/40R17 235/40R18 265/40R18 235/35R19 265/35R19,235/45R18 265/45R18 235/40R19 265/40R19 235/35R20 265/35R20,235/45R17 255/40R17 235/40R18 265/40R18 235/35R19 265/35R19,235/45R18 265/45R18 235/40R19 265/40R19 235/35R20 265/35R20,718 Boxster,,,
889f469c-f240-4d77-a2e5-27d248b43c7a,2019,porsche,boxster,Base,cache-import [expanded],mismatch,true,235/45R17 255/40R17 235/40R18 265/40R18 235/35R19 265/35R19,235/45R17 255/40R17 235/40R18 265/40R18 235/35R19 265/35R19,235/45R18 265/45R18 235/40R19 265/40R19 235/35R20 265/35R20,235/45R17 255/40R17 235/40R18 265/40R18 235/35R19 265/35R19,235/45R18 265/45R18 235/40R19 265/40R19 235/35R20 265/35R20,718 Boxster,,,
a783463a-70ce-4b9b-8875-2e0880c9bcaf,2019,porsche,boxster,Spyder,cache-import [expanded],mismatch,true,235/45R17 255/40R17 235/40R18 265/40R18 235/35R19 265/35R19,235/45R17 255/40R17 235/40R18 265/40R18 235/35R19 265/35R19,235/45R18 265/45R18 235/40R19 265/40R19 235/35R20 265/35R20,235/45R17 255/40R17 235/40R18 265/40R18 235/35R19 265/35R19,235/45R18 265/45R18 235/40R19 265/40R19 235/35R20 265/35R20,718 Boxster,,,
c91b1e20-ff34-46ee-b3f9-457593c28d50,2019,porsche,boxster,S,cache-import [expanded],mismatch,true,235/45R17 255/40R17 235/40R18 265/40R18 235/35R19 265/35R19,235/45R17 255/40R17 235/40R18 265/40R18 235/35R19 265/35R19,235/45R18 265/45R18 235/40R19 265/40R19 235/35R20 265/35R20,235/45R17 255/40R17 235/40R18 265/40R18 235/35R19 265/35R19,235/45R18 265/45R18 235/40R19 265/40R19 235/35R20 265/35R20,718 Boxster,,,
12f69cb5-9144-4c33-9399-8d66e0ecc5fd,2020,porsche,boxster,S,cache-import [trim-expanded],mismatch,true,235/45R17 255/40R17 235/40R18 265/40R18 235/35R19 265/35R19,235/45R17 255/40R17 235/40R18 265/40R18 235/35R19 265/35R19,235/45R18 265/45R18 235/40R19 265/40R19 235/35R20 265/35R20,235/45R17 255/40R17 235/40R18 265/40R18 235/35R19 265/35R19,235/45R18 265/45R18 235/40R19 265/40R19 235/35R20 265/35R20,718 Boxster,,,
37362b65-1214-41d2-831d-587bff23aacd,2020,porsche,boxster,Base,cache-import [trim-expanded],mismatch,true,235/45R17 255/40R17 235/40R18 265/40R18 235/35R19 265/35R19,235/45R17 255/40R17 235/40R18 265/40R18 235/35R19 265/35R19,235/45R18 265/45R18 235/40R19 265/40R19 235/35R20 265/35R20,235/45R17 255/40R17 235/40R18 265/40R18 235/35R19 265/35R19,235/45R18 265/45R18 235/40R19 265/40R19 235/35R20 265/35R20,718 Boxster,,,
880cee09-834e-460f-9cb3-846f23aa2864,2020,porsche,boxster,"Base, S, GTS, Spyder",cache-import,mismatch,true,235/45R17 255/40R17 235/40R18 265/40R18 235/35R19 265/35R19,235/45R17 255/40R17 235/40R18 265/40R18 235/35R19 265/35R19,235/45R18 265/45R18 235/40R19 265/40R19 235/35R20 265/35R20,235/45R17 255/40R17 235/40R18 265/40R18 235/35R19 265/35R19,235/45R18 265/45R18 235/40R19 265/40R19 235/35R20 265/35R20,718 Boxster,,,
91584f4e-ccaa-44e2-a13e-4a620224040a,2020,porsche,boxster,GTS,cache-import [trim-expanded],mismatch,true,235/45R17 255/40R17 235/40R18 265/40R18 235/35R19 265/35R19,235/45R17 255/40R17 235/40R18 265/40R18 235/35R19 265/35R19,235/45R18 265/45R18 235/40R19 265/40R19 235/35R20 265/35R20,235/45R17 255/40R17 235/40R18 265/40R18 235/35R19 265/35R19,235/45R18 265/45R18 235/40R19 265/40R19 235/35R20 265/35R20,718 Boxster,,,
bf0655d5-d1fe-42f5-8b7e-ffd7fe58fe9f,2020,porsche,boxster,Spyder,cache-import [trim-expanded],mismatch,true,235/45R17 255/40R17 235/40R18 265/40R18 235/35R19 265/35R19,235/45R17 255/40R17 235/40R18 265/40R18 235/35R19 265/35R19,235/45R18 265/45R18 235/40R19 265/40R19 235/35R20 265/35R20,235/45R17 255/40R17 235/40R18 265/40R18 235/35R19 265/35R19,235/45R18 265/45R18 235/40R19 265/40R19 235/35R20 265/35R20,718 Boxster,,,
6ca697f3-e666-4a1c-bcda-737723317c5b,2021,porsche,boxster,Spyder,cache-import [trim-expanded],mismatch,true,235/45R17 255/40R17 235/40R18 265/40R18 235/35R19 265/35R19,235/45R17 255/40R17 235/40R18 265/40R18 235/35R19 265/35R19,235/45R18 265/45R18 235/40R19 265/40R19 235/35R20 265/35R20,235/45R17 255/40R17 235/40R18 265/40R18 235/35R19 265/35R19,235/45R18 265/45R18 235/40R19 265/40R19 235/35R20 265/35R20,718 Boxster,,,
93ea1753-46c2-4c24-88cb-54c2c19bc537,2021,porsche,boxster,"Base, S, GTS, Spyder",cache-import,mismatch,true,235/45R17 255/40R17 235/40R18 265/40R18 235/35R19 265/35R19,235/45R17 255/40R17 235/40R18 265/40R18 235/35R19 265/35R19,235/45R18 265/45R18 235/40R19 265/40R19 235/35R20 265/35R20,235/45R17 255/40R17 235/40R18 265/40R18 235/35R19 265/35R19,235/45R18 265/45R18 235/40R19 265/40R19 235/35R20 265/35R20,718 Boxster,,,
9e4f1107-b832-4298-9b5c-5b5adb642f5c,2021,porsche,boxster,GTS,cache-import [trim-expanded],mismatch,true,235/45R17 255/40R17 235/40R18 265/40R18 235/35R19 265/35R19,235/45R17 255/40R17 235/40R18 265/40R18 235/35R19 265/35R19,235/45R18 265/45R18 235/40R19 265/40R19 235/35R20 265/35R20,235/45R17 255/40R17 235/40R18 265/40R18 235/35R19 265/35R19,235/45R18 265/45R18 235/40R19 265/40R19 235/35R20 265/35R20,718 Boxster,,,
cb00a39c-dcc7-4711-95fc-c38b9cdeb3b1,2021,porsche,boxster,S,cache-import [trim-expanded],mismatch,true,235/45R17 255/40R17 235/40R18 265/40R18 235/35R19 265/35R19,235/45R17 255/40R17 235/40R18 265/40R18 235/35R19 265/35R19,235/45R18 265/45R18 235/40R19 265/40R19 235/35R20 265/35R20,235/45R17 255/40R17 235/40R18 265/40R18 235/35R19 265/35R19,235/45R18 265/45R18 235/40R19 265/40R19 235/35R20 265/35R20,718 Boxster,,,
e7823a41-074f-4867-ae25-f7a090d580e6,2021,porsche,boxster,Base,cache-import [trim-expanded],mismatch,true,235/45R17 255/40R17 235/40R18 265/40R18 235/35R19 265/35R19,235/45R17 255/40R17 235/40R18 265/40R18 235/35R19 265/35R19,235/45R18 265/45R18 235/40R19 265/40R19 235/35R20 265/35R20,235/45R17 255/40R17 235/40R18 265/40R18 235/35R19 265/35R19,235/45R18 265/45R18 235/40R19 265/40R19 235/35R20 265/35R20,718 Boxster,,,
00652030-0bbf-43f4-a245-a1993bcc5d66,2022,porsche,boxster,Spyder,cache-import [trim-expanded],mismatch,true,235/45R17 255/40R17 235/40R18 265/40R18 235/35R19 265/35R19,235/45R17 255/40R17 235/40R18 265/40R18 235/35R19 265/35R19,235/35R20 265/35R20 235/45R18 265/45R18 235/40R19 265/40R19,235/45R17 255/40R17 235/40R18 265/40R18 235/35R19 265/35R19,235/35R20 265/35R20 235/45R18 265/45R18 235/40R19 265/40R19,718 Boxster,,,
1b3c4a64-cd2c-4d61-b5c8-2152a6784988,2022,porsche,boxster,GTS,cache-import [trim-expanded],mismatch,true,235/45R17 255/40R17 235/40R18 265/40R18 235/35R19 265/35R19,235/45R17 255/40R17 235/40R18 265/40R18 235/35R19 265/35R19,235/35R20 265/35R20 235/45R18 265/45R18 235/40R19 265/40R19,235/45R17 255/40R17 235/40R18 265/40R18 235/35R19 265/35R19,235/35R20 265/35R20 235/45R18 265/45R18 235/40R19 265/40R19,718 Boxster,,,
290fd451-899d-4313-a750-e27e677a6b1e,2022,porsche,boxster,"Base, S, GTS, Spyder",cache-import,mismatch,true,235/45R17 255/40R17 235/40R18 265/40R18 235/35R19 265/35R19,235/45R17 255/40R17 235/40R18 265/40R18 235/35R19 265/35R19,235/35R20 265/35R20 235/45R18 265/45R18 235/40R19 265/40R19,235/45R17 255/40R17 235/40R18 265/40R18 235/35R19 265/35R19,235/35R20 265/35R20 235/45R18 265/45R18 235/40R19 265/40R19,718 Boxster,,,
b49b27ef-ce9f-41c7-85e5-8622da4f2e7f,2022,porsche,boxster,Base,cache-import [trim-expanded],mismatch,true,235/45R17 255/40R17 235/40R18 265/40R18 235/35R19 265/35R19,235/45R17 255/40R17 235/40R18 265/40R18 235/35R19 265/35R19,235/35R20 265/35R20 235/45R18 265/45R18 235/40R19 265/40R19,235/45R17 255/40R17 235/40R18 265/40R18 235/35R19 265/35R19,235/35R20 265/35R20 235/45R18 265/45R18 235/40R19 265/40R19,718 Boxster,,,
cd3881b4-02ac-4e9e-8887-ee113a5fe0fa,2022,porsche,boxster,S,cache-import [trim-expanded],mismatch,true,235/45R17 255/40R17 235/40R18 265/40R18 235/35R19 265/35R19,235/45R17 255/40R17 235/40R18 265/40R18 235/35R19 265/35R19,235/35R20 265/35R20 235/45R18 265/45R18 235/40R19 265/40R19,235/45R17 255/40R17 235/40R18 265/40R18 235/35R19 265/35R19,235/35R20 265/35R20 235/45R18 265/45R18 235/40R19 265/40R19,718 Boxster,,,
1a678ea6-6aba-4513-9b86-ef9fddb17117,2023,porsche,boxster,"Base, S, GTS, Spyder",cache-import,mismatch,true,235/45R17 255/40R17 235/40R18 265/40R18 235/35R19 265/35R19,235/45R17 255/40R17 235/40R18 265/40R18 235/35R19 265/35R19,235/45R18 265/45R18 235/40R19 265/40R19 235/35R20 265/35R20,235/45R17 255/40R17 235/40R18 265/40R18 235/35R19 265/35R19,235/45R18 265/45R18 235/40R19 265/40R19 235/35R20 265/35R20,718 Boxster,,,
633354e9-760e-4200-b327-b1a5751815ca,2023,porsche,boxster,Spyder,cache-import [trim-expanded],mismatch,true,235/45R17 255/40R17 235/40R18 265/40R18 235/35R19 265/35R19,235/45R17 255/40R17 235/40R18 265/40R18 235/35R19 265/35R19,235/45R18 265/45R18 235/40R19 265/40R19 235/35R20 265/35R20,235/45R17 255/40R17 235/40R18 265/40R18 235/35R19 265/35R19,235/45R18 265/45R18 235/40R19 265/40R19 235/35R20 265/35R20,718 Boxster,,,
7b28e5a4-b4ad-4a5e-a12a-bedcb2ec00aa,2023,porsche,boxster,Base,cache-import [trim-expanded],mismatch,true,235/45R17 255/40R17 235/40R18 265/40R18 235/35R19 265/35R19,235/45R17 255/40R17 235/40R18 265/40R18 235/35R19 265/35R19,235/45R18 265/45R18 235/40R19 265/40R19 235/35R20 265/35R20,235/45R17 255/40R17 235/40R18 265/40R18 235/35R19 265/35R19,235/45R18 265/45R18 235/40R19 265/40R19 235/35R20 265/35R20,718 Boxster,,,
98d7949a-256f-4492-972c-79f46e9d8838,2023,porsche,boxster,S,cache-import [trim-expanded],mismatch,true,235/45R17 255/40R17 235/40R18 265/40R18 235/35R19 265/35R19,235/45R17 255/40R17 235/40R18 265/40R18 235/35R19 265/35R19,235/45R18 265/45R18 235/40R19 265/40R19 235/35R20 265/35R20,235/45R17 255/40R17 235/40R18 265/40R18 235/35R19 265/35R19,235/45R18 265/45R18 235/40R19 265/40R19 235/35R20 265/35R20,718 Boxster,,,
f7fa2c63-a370-4af8-9097-19f3fdebee56,2023,porsche,boxster,GTS,cache-import [trim-expanded],mismatch,true,235/45R17 255/40R17 235/40R18 265/40R18 235/35R19 265/35R19,235/45R17 255/40R17 235/40R18 265/40R18 235/35R19 265/35R19,235/45R18 265/45R18 235/40R19 265/40R19 235/35R20 265/35R20,235/45R17 255/40R17 235/40R18 265/40R18 235/35R19 265/35R19,235/45R18 265/45R18 235/40R19 265/40R19 235/35R20 265/35R20,718 Boxster,,,
7058ef44-24e3-4858-8ecd-e4cade88c381,2024,porsche,boxster,Spyder,cache-import [trim-expanded],mismatch,true,235/45R17 255/40R17 235/40R18 265/40R18 235/35R19 265/35R19,235/45R17 255/40R17 235/40R18 265/40R18 235/35R19 265/35R19,235/45R18 265/45R18 235/40R19 265/40R19 235/35R20 265/35R20,235/45R17 255/40R17 235/40R18 265/40R18 235/35R19 265/35R19,235/45R18 265/45R18 235/40R19 265/40R19 235/35R20 265/35R20,718 Boxster,,,
9513bf28-f3bf-4a72-bd57-55271a45d548,2024,porsche,boxster,Base,cache-import [trim-expanded],mismatch,true,235/45R17 255/40R17 235/40R18 265/40R18 235/35R19 265/35R19,235/45R17 255/40R17 235/40R18 265/40R18 235/35R19 265/35R19,235/45R18 265/45R18 235/40R19 265/40R19 235/35R20 265/35R20,235/45R17 255/40R17 235/40R18 265/40R18 235/35R19 265/35R19,235/45R18 265/45R18 235/40R19 265/40R19 235/35R20 265/35R20,718 Boxster,,,
a7571b9f-3304-4882-848d-e70216a038a8,2024,porsche,boxster,GTS,cache-import [trim-expanded],mismatch,true,235/45R17 255/40R17 235/40R18 265/40R18 235/35R19 265/35R19,235/45R17 255/40R17 235/40R18 265/40R18 235/35R19 265/35R19,235/45R18 265/45R18 235/40R19 265/40R19 235/35R20 265/35R20,235/45R17 255/40R17 235/40R18 265/40R18 235/35R19 265/35R19,235/45R18 265/45R18 235/40R19 265/40R19 235/35R20 265/35R20,718 Boxster,,,
aedfe465-d623-4c46-8fef-3d67e09b143b,2024,porsche,boxster,S,cache-import [trim-expanded],mismatch,true,235/45R17 255/40R17 235/40R18 265/40R18 235/35R19 265/35R19,235/45R17 255/40R17 235/40R18 265/40R18 235/35R19 265/35R19,235/45R18 265/45R18 235/40R19 265/40R19 235/35R20 265/35R20,235/45R17 255/40R17 235/40R18 265/40R18 235/35R19 265/35R19,235/45R18 265/45R18 235/40R19 265/40R19 235/35R20 265/35R20,718 Boxster,,,
bf7855d1-5d52-4867-a47f-bdd12d990713,2024,porsche,boxster,"Base, S, GTS, Spyder",cache-import,mismatch,true,235/45R17 255/40R17 235/40R18 265/40R18 235/35R19 265/35R19,235/45R17 255/40R17 235/40R18 265/40R18 235/35R19 265/35R19,235/45R18 265/45R18 235/40R19 265/40R19 235/35R20 265/35R20,235/45R17 255/40R17 235/40R18 265/40R18 235/35R19 265/35R19,235/45R18 265/45R18 235/40R19 265/40R19 235/35R20 265/35R20,718 Boxster,,,
58610474-9412-4b60-9a9a-3cdd6e591a86,2025,porsche,boxster,S,cache-import [trim-expanded],mismatch,true,235/45R17 255/40R17 235/40R18 265/40R18 235/35R19 265/35R19,235/45R17 255/40R17 235/40R18 265/40R18 235/35R19 265/35R19,235/45R18 265/45R18 235/40R19 265/40R19 235/35R20 265/35R20,235/45R17 255/40R17 235/40R18 265/40R18 235/35R19 265/35R19,235/45R18 265/45R18 235/40R19 265/40R19 235/35R20 265/35R20,718 Boxster,,,
853e31fd-f720-4fba-92d9-c8009cab0c5d,2025,porsche,boxster,"Base, S, GTS, Spyder",cache-import,mismatch,true,235/45R17 255/40R17 235/40R18 265/40R18 235/35R19 265/35R19,235/45R17 255/40R17 235/40R18 265/40R18 235/35R19 265/35R19,235/45R18 265/45R18 235/40R19 265/40R19 235/35R20 265/35R20,235/45R17 255/40R17 235/40R18 265/40R18 235/35R19 265/35R19,235/45R18 265/45R18 235/40R19 265/40R19 235/35R20 265/35R20,718 Boxster,,,
a72a1da4-e586-4b77-9162-d83e73467448,2025,porsche,boxster,GTS,cache-import [trim-expanded],mismatch,true,235/45R17 255/40R17 235/40R18 265/40R18 235/35R19 265/35R19,235/45R17 255/40R17 235/40R18 265/40R18 235/35R19 265/35R19,235/45R18 265/45R18 235/40R19 265/40R19 235/35R20 265/35R20,235/45R17 255/40R17 235/40R18 265/40R18 235/35R19 265/35R19,235/45R18 265/45R18 235/40R19 265/40R19 235/35R20 265/35R20,718 Boxster,,,
c4b0cb83-cd8d-4874-8c53-5bbf7f4cc27b,2025,porsche,boxster,Spyder,cache-import [trim-expanded],mismatch,true,235/45R17 255/40R17 235/40R18 265/40R18 235/35R19 265/35R19,235/45R17 255/40R17 235/40R18 265/40R18 235/35R19 265/35R19,235/45R18 265/45R18 235/40R19 265/40R19 235/35R20 265/35R20,235/45R17 255/40R17 235/40R18 265/40R18 235/35R19 265/35R19,235/45R18 265/45R18 235/40R19 265/40R19 235/35R20 265/35R20,718 Boxster,,,
e31b5943-8290-4c1e-a93d-0a06d9707d84,2025,porsche,boxster,Base,cache-import [trim-expanded],mismatch,true,235/45R17 255/40R17 235/40R18 265/40R18 235/35R19 265/35R19,235/45R17 255/40R17 235/40R18 265/40R18 235/35R19 265/35R19,235/45R18 265/45R18 235/40R19 265/40R19 235/35R20 265/35R20,235/45R17 255/40R17 235/40R18 265/40R18 235/35R19 265/35R19,235/45R18 265/45R18 235/40R19 265/40R19 235/35R20 265/35R20,718 Boxster,,,
259240b8-ba9e-43a9-a04a-d6273c7ee551,2003,porsche,cayenne,"Base, S, E-Hybrid, GTS, Turbo, Turbo S",cache-import,mismatch,false,235/65R17,235/65R17,255/55R18 275/45R19 275/40R20,235/65R17,255/55R18 275/45R19 275/40R20,Cayenne,,,
2e4d4044-72c5-4b31-ba22-97a2f09264ad,2003,porsche,cayenne,Turbo S,cache-import [expanded],mismatch,false,235/65R17,235/65R17,255/55R18 275/45R19 275/40R20,235/65R17,255/55R18 275/45R19 275/40R20,Cayenne,,,
4cab4236-b3a5-49e0-95e5-c10ad74331c8,2003,porsche,cayenne,S,cache-import [expanded],mismatch,false,235/65R17,235/65R17,255/55R18 275/45R19 275/40R20,235/65R17,255/55R18 275/45R19 275/40R20,Cayenne,,,
538082e5-158a-4187-9295-1faab951b588,2003,porsche,cayenne,E-Hybrid,cache-import [expanded],mismatch,false,235/65R17,235/65R17,255/55R18 275/45R19 275/40R20,235/65R17,255/55R18 275/45R19 275/40R20,Cayenne,,,
548e0747-86a6-4ecd-92be-afd4287061e6,2003,porsche,cayenne,GTS,cache-import [expanded],mismatch,false,235/65R17,235/65R17,255/55R18 275/45R19 275/40R20,235/65R17,255/55R18 275/45R19 275/40R20,Cayenne,,,
6c0203bf-037d-4f32-aa4b-2932a480fba6,2003,porsche,cayenne,Base,cache-import [expanded],mismatch,false,235/65R17,235/65R17,255/55R18 275/45R19 275/40R20,235/65R17,255/55R18 275/45R19 275/40R20,Cayenne,,,
f8d67fdf-c0ce-4d86-b92c-42dd9e9cd889,2003,porsche,cayenne,Turbo,cache-import [expanded],mismatch,false,235/65R17,235/65R17,255/55R18 275/45R19 275/40R20,235/65R17,255/55R18 275/45R19 275/40R20,Cayenne,,,
542e95d9-e347-4a0f-b49c-352f1ffc0186,2025,porsche,cayenne,GTS,cache-import [trim-expanded],mismatch,true,255/55R19 285/35R22 335/30R22,255/55R19 285/35R22 335/30R22,255/55R20 295/45R20 285/45R21 315/40R21 285/40R22 315/35R22,255/55R19 285/35R22 335/30R22,255/55R20 295/45R20 285/45R21 315/40R21 285/40R22 315/35R22,Cayenne,,,
6ac22b7b-b689-4b78-8745-fb8385390b8c,2025,porsche,cayenne,Turbo S,cache-import [trim-expanded],mismatch,true,255/55R19 285/35R22 335/30R22,255/55R19 285/35R22 335/30R22,255/55R20 295/45R20 285/45R21 315/40R21 285/40R22 315/35R22,255/55R19 285/35R22 335/30R22,255/55R20 295/45R20 285/45R21 315/40R21 285/40R22 315/35R22,Cayenne,,,
7330b90c-a7a0-47cb-ba2e-68737474aff4,2025,porsche,cayenne,E-Hybrid,cache-import [trim-expanded],mismatch,true,255/55R19 285/35R22 335/30R22,255/55R19 285/35R22 335/30R22,255/55R20 295/45R20 285/45R21 315/40R21 285/40R22 315/35R22,255/55R19 285/35R22 335/30R22,255/55R20 295/45R20 285/45R21 315/40R21 285/40R22 315/35R22,Cayenne,,,
bc4f4489-587e-45d2-964d-fc83f35c73e2,2025,porsche,cayenne,Turbo,cache-import [trim-expanded],mismatch,true,255/55R19 285/35R22 335/30R22,255/55R19 285/35R22 335/30R22,255/55R20 295/45R20 285/45R21 315/40R21 285/40R22 315/35R22,255/55R19 285/35R22 335/30R22,255/55R20 295/45R20 285/45R21 315/40R21 285/40R22 315/35R22,Cayenne,,,
cc9ad5ad-1f4b-43dd-ad64-75dab20c1026,2025,porsche,cayenne,S,cache-import [trim-expanded],mismatch,true,255/55R19 285/35R22 335/30R22,255/55R19 285/35R22 335/30R22,255/55R20 295/45R20 285/45R21 315/40R21 285/40R22 315/35R22,255/55R19 285/35R22 335/30R22,255/55R20 295/45R20 285/45R21 315/40R21 285/40R22 315/35R22,Cayenne,,,
d84aa4de-a337-4a44-8233-be829f78a550,2025,porsche,cayenne,"Base, S, E-Hybrid, GTS, Turbo, Turbo S",cache-import,mismatch,true,255/55R19 285/35R22 335/30R22,255/55R19 285/35R22 335/30R22,255/55R20 295/45R20 285/45R21 315/40R21 285/40R22 315/35R22,255/55R19 285/35R22 335/30R22,255/55R20 295/45R20 285/45R21 315/40R21 285/40R22 315/35R22,Cayenne,,,
fa547810-1631-4166-82f2-17ff2273fc13,2025,porsche,cayenne,Base,cache-import [trim-expanded],mismatch,true,255/55R19 285/35R22 335/30R22,255/55R19 285/35R22 335/30R22,255/55R20 295/45R20 285/45R21 315/40R21 285/40R22 315/35R22,255/55R19 285/35R22 335/30R22,255/55R20 295/45R20 285/45R21 315/40R21 285/40R22 315/35R22,Cayenne,,,
2e26fc25-1ec3-4168-97b5-21fd3f4fa19f,2026,porsche,cayenne,Base,cache-import [trim-expanded],mismatch,true,255/55R19 285/35R22 335/30R22,255/55R19 285/35R22 335/30R22,255/55R20 295/45R20 285/45R21 315/40R21 285/40R22 315/35R22,255/55R19 285/35R22 335/30R22,255/55R20 295/45R20 285/45R21 315/40R21 285/40R22 315/35R22,Cayenne,,,
3fd57a79-9a04-4866-a22f-e1733f9d1737,2026,porsche,cayenne,S,cache-import [trim-expanded],mismatch,true,255/55R19 285/35R22 335/30R22,255/55R19 285/35R22 335/30R22,255/55R20 295/45R20 285/45R21 315/40R21 285/40R22 315/35R22,255/55R19 285/35R22 335/30R22,255/55R20 295/45R20 285/45R21 315/40R21 285/40R22 315/35R22,Cayenne,,,
a5338489-b5b2-442a-a7a4-ac08f6ff6e7b,2026,porsche,cayenne,Turbo S,cache-import [trim-expanded],mismatch,true,255/55R19 285/35R22 335/30R22,255/55R19 285/35R22 335/30R22,255/55R20 295/45R20 285/45R21 315/40R21 285/40R22 315/35R22,255/55R19 285/35R22 335/30R22,255/55R20 295/45R20 285/45R21 315/40R21 285/40R22 315/35R22,Cayenne,,,
a6a5eee4-b51c-4c1f-8994-6062ee30b5bc,2026,porsche,cayenne,GTS,cache-import [trim-expanded],mismatch,true,255/55R19 285/35R22 335/30R22,255/55R19 285/35R22 335/30R22,255/55R20 295/45R20 285/45R21 315/40R21 285/40R22 315/35R22,255/55R19 285/35R22 335/30R22,255/55R20 295/45R20 285/45R21 315/40R21 285/40R22 315/35R22,Cayenne,,,
aac93cb5-5932-40b2-9694-0b87a715da7f,2026,porsche,cayenne,E-Hybrid,cache-import [trim-expanded],mismatch,true,255/55R19 285/35R22 335/30R22,255/55R19 285/35R22 335/30R22,255/55R20 295/45R20 285/45R21 315/40R21 285/40R22 315/35R22,255/55R19 285/35R22 335/30R22,255/55R20 295/45R20 285/45R21 315/40R21 285/40R22 315/35R22,Cayenne,,,
c98ceaea-a604-4d20-afe1-08ebf2ba17f6,2026,porsche,cayenne,Turbo,cache-import [trim-expanded],mismatch,true,255/55R19 285/35R22 335/30R22,255/55R19 285/35R22 335/30R22,255/55R20 295/45R20 285/45R21 315/40R21 285/40R22 315/35R22,255/55R19 285/35R22 335/30R22,255/55R20 295/45R20 285/45R21 315/40R21 285/40R22 315/35R22,Cayenne,,,
f25fb025-82cb-4700-9950-bba278f3fe62,2026,porsche,cayenne,"Base, S, E-Hybrid, GTS, Turbo, Turbo S",cache-import,mismatch,true,255/55R19 285/35R22 335/30R22,255/55R19 285/35R22 335/30R22,255/55R20 295/45R20 285/45R21 315/40R21 285/40R22 315/35R22,255/55R19 285/35R22 335/30R22,255/55R20 295/45R20 285/45R21 315/40R21 285/40R22 315/35R22,Cayenne,,,
11a87eee-2e54-4b3c-ba83-506ffd4611a0,2025,porsche,macan,S,cache-import [trim-expanded],mismatch,true,255/55R19 265/35R22 295/30R22,255/55R19 265/35R22 295/30R22,235/55R19 255/50R19 265/45R20 295/40R20 265/40R21 295/35R21 235/55R20 285/45R20 255/45R21 295/40R21 255/40R22 295/35R22,255/55R19 265/35R22 295/30R22,235/55R19 255/50R19 265/45R20 295/40R20 265/40R21 295/35R21 235/55R20 285/45R20 255/45R21 295/40R21 255/40R22 295/35R22,Macan,,,
191ac336-6680-4180-93c2-dcb4c30e8cc0,2025,porsche,macan,Turbo,cache-import [trim-expanded],mismatch,true,255/55R19 265/35R22 295/30R22,255/55R19 265/35R22 295/30R22,235/55R19 255/50R19 265/45R20 295/40R20 265/40R21 295/35R21 235/55R20 285/45R20 255/45R21 295/40R21 255/40R22 295/35R22,255/55R19 265/35R22 295/30R22,235/55R19 255/50R19 265/45R20 295/40R20 265/40R21 295/35R21 235/55R20 285/45R20 255/45R21 295/40R21 255/40R22 295/35R22,Macan,,,
3904b0c4-716a-4e8d-ab4c-ca044910f8f7,2025,porsche,macan,"Base, S, GTS, Turbo",cache-import,mismatch,true,255/55R19 265/35R22 295/30R22,255/55R19 265/35R22 295/30R22,235/55R19 255/50R19 265/45R20 295/40R20 265/40R21 295/35R21 235/55R20 285/45R20 255/45R21 295/40R21 255/40R22 295/35R22,255/55R19 265/35R22 295/30R22,235/55R19 255/50R19 265/45R20 295/40R20 265/40R21 295/35R21 235/55R20 285/45R20 255/45R21 295/40R21 255/40R22 295/35R22,Macan,,,
8b47a906-b73f-4e13-a6a9-ce9fd2cb127f,2025,porsche,macan,GTS,cache-import [trim-expanded],mismatch,true,255/55R19 265/35R22 295/30R22,255/55R19 265/35R22 295/30R22,235/55R19 255/50R19 265/45R20 295/40R20 265/40R21 295/35R21 235/55R20 285/45R20 255/45R21 295/40R21 255/40R22 295/35R22,255/55R19 265/35R22 295/30R22,235/55R19 255/50R19 265/45R20 295/40R20 265/40R21 295/35R21 235/55R20 285/45R20 255/45R21 295/40R21 255/40R22 295/35R22,Macan,,,
bbb9d0b3-22ca-4570-b6cb-517ea5c250cb,2025,porsche,macan,Base,cache-import [trim-expanded],mismatch,true,255/55R19 265/35R22 295/30R22,255/55R19 265/35R22 295/30R22,235/55R19 255/50R19 265/45R20 295/40R20 265/40R21 295/35R21 235/55R20 285/45R20 255/45R21 295/40R21 255/40R22 295/35R22,255/55R19 265/35R22 295/30R22,235/55R19 255/50R19 265/45R20 295/40R20 265/40R21 295/35R21 235/55R20 285/45R20 255/45R21 295/40R21 255/40R22 295/35R22,Macan,,,
0ad32506-0f0c-4d14-91f7-dd2face0c763,2026,porsche,macan,Turbo,cache-import [trim-expanded],mismatch,true,255/55R19 265/35R22 295/30R22,255/55R19 265/35R22 295/30R22,235/55R19 255/50R19 265/45R20 295/40R20 265/40R21 295/35R21 235/55R20 285/45R20 255/45R21 295/40R21 255/40R22 295/35R22,255/55R19 265/35R22 295/30R22,235/55R19 255/50R19 265/45R20 295/40R20 265/40R21 295/35R21 235/55R20 285/45R20 255/45R21 295/40R21 255/40R22 295/35R22,Macan,,,
0cb5fd95-062d-4778-a170-f4c82296b39f,2026,porsche,macan,"Base, S, GTS, Turbo",cache-import,mismatch,true,255/55R19 265/35R22 295/30R22,255/55R19 265/35R22 295/30R22,235/55R19 255/50R19 265/45R20 295/40R20 265/40R21 295/35R21 235/55R20 285/45R20 255/45R21 295/40R21 255/40R22 295/35R22,255/55R19 265/35R22 295/30R22,235/55R19 255/50R19 265/45R20 295/40R20 265/40R21 295/35R21 235/55R20 285/45R20 255/45R21 295/40R21 255/40R22 295/35R22,Macan,,,
7118c5b5-f6bd-475d-aaa0-619bfb4f6e95,2026,porsche,macan,Base,cache-import [trim-expanded],mismatch,true,255/55R19 265/35R22 295/30R22,255/55R19 265/35R22 295/30R22,235/55R19 255/50R19 265/45R20 295/40R20 265/40R21 295/35R21 235/55R20 285/45R20 255/45R21 295/40R21 255/40R22 295/35R22,255/55R19 265/35R22 295/30R22,235/55R19 255/50R19 265/45R20 295/40R20 265/40R21 295/35R21 235/55R20 285/45R20 255/45R21 295/40R21 255/40R22 295/35R22,Macan,,,
89ff1519-de96-4137-9be4-f95562912509,2026,porsche,macan,S,cache-import [trim-expanded],mismatch,true,255/55R19 265/35R22 295/30R22,255/55R19 265/35R22 295/30R22,235/55R19 255/50R19 265/45R20 295/40R20 265/40R21 295/35R21 235/55R20 285/45R20 255/45R21 295/40R21 255/40R22 295/35R22,255/55R19 265/35R22 295/30R22,235/55R19 255/50R19 265/45R20 295/40R20 265/40R21 295/35R21 235/55R20 285/45R20 255/45R21 295/40R21 255/40R22 295/35R22,Macan,,,
fa50b3e5-ecab-4f9e-b2e3-1fd9c5f90fbb,2026,porsche,macan,GTS,cache-import [trim-expanded],mismatch,true,255/55R19 265/35R22 295/30R22,255/55R19 265/35R22 295/30R22,235/55R19 255/50R19 265/45R20 295/40R20 265/40R21 295/35R21 235/55R20 285/45R20 255/45R21 295/40R21 255/40R22 295/35R22,255/55R19 265/35R22 295/30R22,235/55R19 255/50R19 265/45R20 295/40R20 265/40R21 295/35R21 235/55R20 285/45R20 255/45R21 295/40R21 255/40R22 295/35R22,Macan,,,
0a2af4dd-5be8-4842-a0de-73ead7a02b78,2000,ram,1500,Laramie,batch1-fill [web_research],mismatch,true,245/70R17 265/70R17,245/70R17 265/70R17,275/70R17 245/75R16 265/75R16 225/75R16,245/70R17 265/70R17,275/70R17 245/75R16 265/75R16 225/75R16,Ram 1500,,,
232080b2-108f-4e55-9201-fca8ad7824ac,2000,ram,1500,ST,batch1-fill [web_research],mismatch,true,245/70R17 265/70R17,245/70R17 265/70R17,275/70R17 245/75R16 265/75R16 225/75R16,245/70R17 265/70R17,275/70R17 245/75R16 265/75R16 225/75R16,Ram 1500,,,
38b015a8-5eee-45f0-9117-506a65ce9120,2000,ram,1500,SLT,batch1-fill [web_research],mismatch,true,245/70R17 265/70R17,245/70R17 265/70R17,275/70R17 245/75R16 265/75R16 225/75R16,245/70R17 265/70R17,275/70R17 245/75R16 265/75R16 225/75R16,Ram 1500,,,
b8a585b1-3409-4335-a5fc-c70022f88a14,2000,ram,1500,Sport,batch1-fill [web_research],mismatch,true,245/70R17 265/70R17,245/70R17 265/70R17,275/70R17 245/75R16 265/75R16 225/75R16,245/70R17 265/70R17,275/70R17 245/75R16 265/75R16 225/75R16,Ram 1500,,,
19ca2e4f-fb6f-4ad4-92f8-3e2ef40b8f94,2001,ram,1500,Sport,batch1-fill [web_research],mismatch,true,245/70R17 265/70R17,245/70R17 265/70R17,225/75R16 245/75R16 265/75R16 275/70R17,245/70R17 265/70R17,225/75R16 245/75R16 265/75R16 275/70R17,Ram 1500,,,
7cff2c84-0121-44d0-9cf3-714f808d8898,2001,ram,1500,ST,batch1-fill [web_research],mismatch,true,245/70R17 265/70R17,245/70R17 265/70R17,225/75R16 245/75R16 265/75R16 275/70R17,245/70R17 265/70R17,225/75R16 245/75R16 265/75R16 275/70R17,Ram 1500,,,
f6b7b45b-ac44-43cf-8132-b44e9011568f,2001,ram,1500,Laramie,batch1-fill [web_research],mismatch,true,245/70R17 265/70R17,245/70R17 265/70R17,225/75R16 245/75R16 265/75R16 275/70R17,245/70R17 265/70R17,225/75R16 245/75R16 265/75R16 275/70R17,Ram 1500,,,
f89fcb0a-b0da-46e7-9cab-e430bf612df4,2001,ram,1500,SLT,batch1-fill [web_research],mismatch,true,245/70R17 265/70R17,245/70R17 265/70R17,225/75R16 245/75R16 265/75R16 275/70R17,245/70R17 265/70R17,225/75R16 245/75R16 265/75R16 275/70R17,Ram 1500,,,
2b6e28ab-0244-4712-a46c-d17640cc135c,2009,ram,1500,SLT,generation_inherit,mismatch,false,275/65R18,275/65R18,265/70R17 275/60R20 275/70R17,275/65R18,265/70R17 275/60R20 275/70R17,Ram 1500 Laramie | Ram 1500 SLT | Ram 1500 ST | Ram 1500 Sport | Ram 1500 TRX4,Ram 1500 SLT,mismatch,
6da2789c-e76b-4d3a-859e-507aa274dbe3,2009,ram,1500,SLT,generation_inherit,mismatch,false,275/65R18,275/65R18,265/70R17 275/60R20 275/70R17,275/65R18,265/70R17 275/60R20 275/70R17,Ram 1500 Laramie | Ram 1500 SLT | Ram 1500 ST | Ram 1500 Sport | Ram 1500 TRX4,Ram 1500 SLT,mismatch,
382d406a-124f-4fb1-a749-5af6a404f4ee,2010,ram,1500,SLT,generation_inherit,mismatch,false,275/65R18,275/65R18,275/60R20 265/70R17 275/70R17,275/65R18,275/60R20 265/70R17 275/70R17,Ram 1500 Laramie | Ram 1500 SLT | Ram 1500 ST | Ram 1500 Sport | Ram 1500 TRX4,Ram 1500 SLT,mismatch,
aa0e215e-3c17-40a3-8a13-e15d78f461fb,2010,ram,1500,SLT,generation_inherit,mismatch,false,275/65R18,275/65R18,275/60R20 265/70R17 275/70R17,275/65R18,275/60R20 265/70R17 275/70R17,Ram 1500 Laramie | Ram 1500 SLT | Ram 1500 ST | Ram 1500 Sport | Ram 1500 TRX4,Ram 1500 SLT,mismatch,
133ff457-a55e-4c98-9e5a-31f35f8cf4a9,2019,ram,1500,Laramie,generation_inherit,mismatch,true,275/60R20,275/60R20,275/70R18 275/65R18 275/55R20 285/45R22,275/60R20,275/70R18 275/65R18 275/55R20 285/45R22,1500,,,
5f450ba0-9344-4731-843d-f0f0117ebe50,2019,ram,1500,Longhorn,generation_inherit,mismatch,true,275/60R20,275/60R20,275/70R18 275/65R18 275/55R20 285/45R22,275/60R20,275/70R18 275/65R18 275/55R20 285/45R22,1500,,,
c92c5569-114b-4d00-9d03-c702f547acbe,2019,ram,1500,Laramie,generation_inherit,mismatch,true,275/60R20,275/60R20,275/70R18 275/65R18 275/55R20 285/45R22,275/60R20,275/70R18 275/65R18 275/55R20 285/45R22,1500,,,
582fc689-2043-442c-8d0d-b6376b9638ac,2020,ram,1500,Classic Warlock,verified-research,mismatch,true,275/60R20,275/60R20,275/65R18 275/55R20 285/45R22 275/70R18,275/60R20,275/65R18 275/55R20 285/45R22 275/70R18,1500,,,
6802cca6-5ab8-4f64-8be1-1b8fe38730b0,2020,ram,1500,Longhorn,generation_inherit,mismatch,true,275/60R20,275/60R20,275/65R18 275/55R20 285/45R22 275/70R18,275/60R20,275/65R18 275/55R20 285/45R22 275/70R18,1500,,,
737c7b61-02aa-42f5-bc2b-61e599914c7b,2020,ram,1500,Classic Express,verified-research,mismatch,true,265/70R17 275/60R20,265/70R17 275/60R20,275/65R18 275/55R20 285/45R22 275/70R18,265/70R17 275/60R20,275/65R18 275/55R20 285/45R22 275/70R18,1500,,,
d4824476-b574-4bb8-8c33-5ffd7489a688,2020,ram,1500,Classic Tradesman,verified-research,mismatch,true,265/70R17 275/60R20,265/70R17 275/60R20,275/65R18 275/55R20 285/45R22 275/70R18,265/70R17 275/60R20,275/65R18 275/55R20 285/45R22 275/70R18,1500,,,
337154e2-4f6b-489b-aab2-9c4a6ff06067,2019,ram,1500-classic,Base,catalog-gap-fill [web_research],mismatch,false,215/55R17,215/55R17,275/70R18 275/65R18 275/55R20 285/45R22,215/55R17,275/70R18 275/65R18 275/55R20 285/45R22,1500,,,
240c4088-ead6-4b8f-9813-cdbd1a39c8c5,2020,ram,1500-classic,Base,catalog-gap-fill [web_research],mismatch,false,215/55R17,215/55R17,275/65R18 275/55R20 285/45R22 275/70R18,215/55R17,275/65R18 275/55R20 285/45R22 275/70R18,1500,,,
85b6756c-0f05-49b8-9fbc-364daaca4bf3,2021,ram,1500-classic,Base,catalog-gap-fill [web_research],mismatch,false,215/55R17,215/55R17,275/65R18 275/55R20 285/45R22 275/70R18 325/65R18,215/55R17,275/65R18 275/55R20 285/45R22 275/70R18 325/65R18,1500,,,
a6eb9d32-0a75-45ad-aa94-0a0562055928,2022,ram,1500-classic,Base,catalog-gap-fill [web_research],mismatch,false,215/55R17,215/55R17,275/65R18 275/55R20 285/45R22 275/70R18 325/65R18,215/55R17,275/65R18 275/55R20 285/45R22 275/70R18 325/65R18,1500,,,
6797c558-1af2-4b86-8dd5-216934e780a3,2023,ram,1500-classic,Base,catalog-gap-fill [web_research],mismatch,false,215/55R17,215/55R17,275/65R18 275/55R20 285/45R22 275/70R18 325/65R18,215/55R17,275/65R18 275/55R20 285/45R22 275/70R18 325/65R18,1500,,,
d78cfb80-268e-4ad9-85cb-2153c5018420,2024,ram,1500-classic,Base,catalog-gap-fill [web_research],mismatch,false,215/55R17,215/55R17,275/65R18 275/55R20 285/45R22 275/70R18 325/65R18,215/55R17,275/65R18 275/55R20 285/45R22 275/70R18 325/65R18,1500,,,
b6706e5d-7eac-401b-9612-319fe268d30a,1994,ram,2500,Laramie,generation_inherit,mismatch,false,LT245/70R17,245/70R17,245/75R16 225/75R16,245/70R17,245/75R16 225/75R16,Ram 2500,,,
d9256d41-53fb-451d-828e-d0356cb8a98c,1994,ram,2500,SLT,generation_inherit,mismatch,false,LT245/70R17,245/70R17,245/75R16 225/75R16,245/70R17,245/75R16 225/75R16,Ram 2500,,,
68fbc69b-a5c9-4e85-92c7-422843fa224d,1995,ram,2500,SLT,generation_inherit,mismatch,false,LT245/70R17,245/70R17,245/75R16 225/75R16,245/70R17,245/75R16 225/75R16,Ram 2500,,,
fae18168-3701-4431-88e5-1194bf16d2d3,1995,ram,2500,Laramie,generation_inherit,mismatch,false,LT245/70R17,245/70R17,245/75R16 225/75R16,245/70R17,245/75R16 225/75R16,Ram 2500,,,
2b083a00-cd11-405e-a32a-d731d0c8ce57,1996,ram,2500,Laramie,generation_inherit,mismatch,false,LT245/70R17,245/70R17,245/75R16 225/75R16,245/70R17,245/75R16 225/75R16,Ram 2500,,,
a970ee81-3acc-46a1-9c7b-9d99be6e53c9,1996,ram,2500,SLT,generation_inherit,mismatch,false,LT245/70R17,245/70R17,245/75R16 225/75R16,245/70R17,245/75R16 225/75R16,Ram 2500,,,
145e1bbe-0ee4-43ee-8d26-d5be148b434f,1997,ram,2500,SLT,generation_inherit,mismatch,false,LT245/70R17,245/70R17,245/75R16 225/75R16,245/70R17,245/75R16 225/75R16,Ram 2500,,,
7732f1ba-f264-40f4-80fd-2be5896337e0,1997,ram,2500,Laramie,generation_inherit,mismatch,false,LT245/70R17,245/70R17,245/75R16 225/75R16,245/70R17,245/75R16 225/75R16,Ram 2500,,,
0bc89289-9da4-4c50-b9b9-ef56593af1f2,1998,ram,2500,Laramie,generation_inherit,mismatch,false,LT245/70R17,245/70R17,245/75R16,245/70R17,245/75R16,Ram 2500,,,
b4575e4f-31a0-485e-bcd9-aac9ba5be0d2,1998,ram,2500,SLT,generation_inherit,mismatch,false,LT245/70R17,245/70R17,245/75R16,245/70R17,245/75R16,Ram 2500,,,
d228f7ff-aea5-4be1-aa54-cc5962020401,1999,ram,2500,SLT,generation_inherit,mismatch,false,LT245/70R17,245/70R17,245/75R16,245/70R17,245/75R16,Ram 2500,,,
dc7cdbac-5327-4c4f-8f0b-f33d5ff924f9,1999,ram,2500,Laramie,generation_inherit,mismatch,false,LT245/70R17,245/70R17,245/75R16,245/70R17,245/75R16,Ram 2500,,,
16085a21-9309-4064-82e8-a2d47de4973a,2000,ram,2500,SLT,api_import [web_research] [expanded],mismatch,false,LT245/70R17,245/70R17,245/75R16 265/75R16,245/70R17,245/75R16 265/75R16,Ram 2500,,,
422a2453-0a5e-4752-a238-37ef9e3c28ce,2000,ram,2500,SLT,api_import [web_research] [expanded],mismatch,false,LT245/70R17,245/70R17,245/75R16 265/75R16,245/70R17,245/75R16 265/75R16,Ram 2500,,,
82a0a145-648d-45db-84f8-05ed5243142a,2000,ram,2500,SLT,api_import [web_research] [expanded],mismatch,false,LT245/70R17,245/70R17,245/75R16 265/75R16,245/70R17,245/75R16 265/75R16,Ram 2500,,,
2198e8b4-3620-493d-a93f-fd6706998132,2001,ram,2500,SLT,api_import [web_research] [expanded],mismatch,false,LT245/70R17,245/70R17,245/75R16 265/75R16,245/70R17,245/75R16 265/75R16,Ram 2500,,,
252e14a5-6707-4857-9737-a64a53f418ea,2001,ram,2500,SLT,api_import [web_research] [expanded],mismatch,false,LT245/70R17,245/70R17,245/75R16 265/75R16,245/70R17,245/75R16 265/75R16,Ram 2500,,,
60b8c6ea-04a2-4a96-8e60-de4401bca590,2001,ram,2500,SLT,api_import [web_research] [expanded],mismatch,false,LT245/70R17,245/70R17,245/75R16 265/75R16,245/70R17,245/75R16 265/75R16,Ram 2500,,,
0515af1d-f60b-4636-ae54-55384d4844f6,2002,ram,2500,Laramie,generation_inherit [web_research],mismatch,false,LT245/70R17,245/70R17,245/75R16 265/75R16,245/70R17,245/75R16 265/75R16,Ram 2500,,,
2b9d793f-4e6c-4b71-ab01-fddf9abeb9d5,2002,ram,2500,SLT,api_import [web_research] [expanded],mismatch,false,LT245/70R17,245/70R17,245/75R16 265/75R16,245/70R17,245/75R16 265/75R16,Ram 2500,,,
5f9cff68-034e-4d64-897c-4ac33c73d041,2002,ram,2500,ST,generation_inherit [web_research],mismatch,false,LT245/70R17,245/70R17,245/75R16 265/75R16,245/70R17,245/75R16 265/75R16,Ram 2500,,,
659835cb-3973-425b-be52-88b6b148ea96,2002,ram,2500,SLT,api_import [web_research] [expanded],mismatch,false,LT245/70R17,245/70R17,245/75R16 265/75R16,245/70R17,245/75R16 265/75R16,Ram 2500,,,
671e842e-d083-4465-a382-6df5258d0782,2002,ram,2500,SLT,api_import [web_research] [expanded],mismatch,false,LT245/70R17,245/70R17,245/75R16 265/75R16,245/70R17,245/75R16 265/75R16,Ram 2500,,,
90a3b6c6-2504-4952-982f-0b4e1af8e6d1,2002,ram,2500,SLT,generation_inherit [web_research],mismatch,false,LT245/70R17,245/70R17,245/75R16 265/75R16,245/70R17,245/75R16 265/75R16,Ram 2500,,,
5a256574-c894-4780-a5e6-fbb5ec379b04,2010,ram,2500,SLT,merge_consolidation,mismatch,false,275/70R18,275/70R18,265/70R17 245/70R17 285/70R17,275/70R18,265/70R17 245/70R17 285/70R17,Ram 2500 Laramie | Ram 2500 SLT | Ram 2500 ST | Ram 2500 Power Wagon,Ram 2500 SLT,mismatch,
6db7da73-948d-4515-8e3b-a0b5d99f097b,2010,ram,2500,SLT,merge_consolidation,mismatch,false,275/70R18,275/70R18,265/70R17 245/70R17 285/70R17,275/70R18,265/70R17 245/70R17 285/70R17,Ram 2500 Laramie | Ram 2500 SLT | Ram 2500 ST | Ram 2500 Power Wagon,Ram 2500 SLT,mismatch,
c3c5516c-661e-4dad-9741-b2ed3a4ce659,2010,ram,2500,SLT,api_import [filled from 2010 2500],mismatch,false,275/70R18,275/70R18,265/70R17 245/70R17 285/70R17,275/70R18,265/70R17 245/70R17 285/70R17,Ram 2500 Laramie | Ram 2500 SLT | Ram 2500 ST | Ram 2500 Power Wagon,Ram 2500 SLT,mismatch,
6594b35d-6790-4a5a-ae22-beed98453577,2011,ram,2500,Laramie Longhorn,merge_consolidation,mismatch,false,LT285/60R20,285/60R20,245/70R17 265/70R17 285/70R17,285/60R20,245/70R17 265/70R17 285/70R17,2500,,,
8d040a75-32f0-44d7-8f63-51d6c851880c,2011,ram,2500,SLT,merge_consolidation,mismatch,false,275/70R18,275/70R18,245/70R17 265/70R17 285/70R17,275/70R18,245/70R17 265/70R17 285/70R17,2500,,,
058a7c9a-d64b-4aec-a33b-59079e0c3d87,2012,ram,2500,SLT,merge_consolidation,mismatch,false,275/70R18,275/70R18,245/70R17 265/70R17 285/70R17,275/70R18,245/70R17 265/70R17 285/70R17,2500,,,
7b4d1d9e-f437-4902-88c5-404334112507,2012,ram,2500,SLT,api_import [filled from 2012 2500],mismatch,false,275/70R18,275/70R18,245/70R17 265/70R17 285/70R17,275/70R18,245/70R17 265/70R17 285/70R17,2500,,,
9ac5a877-e406-437c-9a15-7c7bb4bcc3b9,2012,ram,2500,Laramie Longhorn,merge_consolidation,mismatch,false,LT285/60R20,285/60R20,245/70R17 265/70R17 285/70R17,285/60R20,245/70R17 265/70R17 285/70R17,2500,,,
5837dc97-8517-4d4f-aee1-8ed5c554f2d5,2013,ram,2500,SLT,merge_consolidation,mismatch,false,275/70R18,275/70R18,265/70R17 285/70R17 245/70R17,275/70R18,265/70R17 285/70R17 245/70R17,2500,,,
d06a7363-d162-43aa-96bb-aef6c0044800,2013,ram,2500,Laramie Longhorn,merge_consolidation,mismatch,false,LT285/60R20,285/60R20,265/70R17 285/70R17 245/70R17,285/60R20,265/70R17 285/70R17 245/70R17,2500,,,
08ec508e-aae7-4bcc-8547-133c12663678,1994,ram,3500,Tradesman,api_import [expanded],mismatch,true,LT225/75R16 LT245/75R16 LT265/75R16,225/75R16 245/75R16 265/75R16,215/85R16,225/75R16 245/75R16 265/75R16,215/85R16,Ram 3500,,,
10e62936-d72b-4b3c-9862-a57fe5b0ddb2,1994,ram,3500,Laramie,generation_inherit,mismatch,false,LT245/70R17,245/70R17,215/85R16,245/70R17,215/85R16,Ram 3500,,,
1c85346b-d1b8-4548-9de8-963b5d355ba3,1994,ram,3500,SLT,generation_inherit,mismatch,false,LT245/70R17,245/70R17,215/85R16,245/70R17,215/85R16,Ram 3500,,,
231eebef-e20e-4081-86e9-b4548ad5da43,1994,ram,3500,SLT,api_import [expanded],mismatch,true,245/75R16,245/75R16,215/85R16,245/75R16,215/85R16,Ram 3500,,,
8ee4aabc-d4c4-4a38-aa1a-290beae958bb,1994,ram,3500,SLT,api_import [expanded],mismatch,true,245/75R16,245/75R16,215/85R16,245/75R16,215/85R16,Ram 3500,,,
b34d1e3b-8261-460e-88f0-b8e7dbaf3900,1994,ram,3500,Laramie,api_import [expanded],mismatch,true,LT225/75R16 LT245/75R16 LT265/75R16,225/75R16 245/75R16 265/75R16,215/85R16,225/75R16 245/75R16 265/75R16,215/85R16,Ram 3500,,,
bbe80ff6-ec3a-463b-952e-c55208f36e86,1994,ram,3500,"Tradesman, Big Horn, Laramie, Limited, Longhorn",api_import,mismatch,true,LT225/75R16 LT245/75R16 LT265/75R16,225/75R16 245/75R16 265/75R16,215/85R16,225/75R16 245/75R16 265/75R16,215/85R16,Ram 3500,,,
c9c392d0-ee3a-4a95-ba2d-1cc5f3de6d84,1994,ram,3500,SLT,api_import [expanded],mismatch,true,245/75R16,245/75R16,215/85R16,245/75R16,215/85R16,Ram 3500,,,
1b784283-3f48-46f9-b279-0cf4eae33ede,1995,ram,3500,SLT,generation_inherit,mismatch,false,LT245/70R17,245/70R17,215/85R16,245/70R17,215/85R16,Ram 3500,,,
23c9b8fa-5ce8-47e5-86da-c969c7163f03,1995,ram,3500,Tradesman,api_import [expanded],mismatch,true,LT225/75R16 LT245/75R16 LT265/75R16,225/75R16 245/75R16 265/75R16,215/85R16,225/75R16 245/75R16 265/75R16,215/85R16,Ram 3500,,,
59dbdc44-2515-4387-a5b3-65ef75107d39,1995,ram,3500,Laramie,generation_inherit,mismatch,false,LT245/70R17,245/70R17,215/85R16,245/70R17,215/85R16,Ram 3500,,,
657ffaf8-4078-47eb-bdfa-3658b45a2575,1995,ram,3500,Laramie,api_import [expanded],mismatch,true,LT225/75R16 LT245/75R16 LT265/75R16,225/75R16 245/75R16 265/75R16,215/85R16,225/75R16 245/75R16 265/75R16,215/85R16,Ram 3500,,,
7faadfc4-ed8e-4d19-81d2-564b24d8832c,1995,ram,3500,SLT,api_import [expanded],mismatch,true,245/75R16,245/75R16,215/85R16,245/75R16,215/85R16,Ram 3500,,,
e431d08a-c373-4948-8a80-dc02caa5c11a,1995,ram,3500,"Tradesman, Big Horn, Laramie, Limited, Longhorn",api_import,mismatch,true,LT225/75R16 LT245/75R16 LT265/75R16,225/75R16 245/75R16 265/75R16,215/85R16,225/75R16 245/75R16 265/75R16,215/85R16,Ram 3500,,,
f10173c5-5a26-4138-8fcf-1495cca9e9d0,1995,ram,3500,SLT,api_import [expanded],mismatch,true,245/75R16,245/75R16,215/85R16,245/75R16,215/85R16,Ram 3500,,,
fc0035f8-00fa-4612-a254-6133828d9220,1995,ram,3500,SLT,api_import [expanded],mismatch,true,245/75R16,245/75R16,215/85R16,245/75R16,215/85R16,Ram 3500,,,
13ff79a6-4e33-42f4-bbca-74bb1b882817,1996,ram,3500,SLT,api_import [expanded],mismatch,true,245/75R16,245/75R16,215/85R16,245/75R16,215/85R16,Ram 3500,,,
62889ae2-110e-4290-a984-8f3c938b1fdd,1996,ram,3500,SLT,api_import [expanded],mismatch,true,245/75R16,245/75R16,215/85R16,245/75R16,215/85R16,Ram 3500,,,
74f79e90-edb7-45e0-ae57-849b921d02fb,1996,ram,3500,"Tradesman, Big Horn, Laramie, Limited, Longhorn",api_import,mismatch,true,LT225/75R16 LT245/75R16 LT265/75R16,225/75R16 245/75R16 265/75R16,215/85R16,225/75R16 245/75R16 265/75R16,215/85R16,Ram 3500,,,
a3a31ce2-c770-432c-b701-05dcd5b08661,1996,ram,3500,Laramie,generation_inherit,mismatch,false,LT245/70R17,245/70R17,215/85R16,245/70R17,215/85R16,Ram 3500,,,
ab4059ef-5b99-4d6a-ac2a-6115474d9992,1996,ram,3500,Tradesman,api_import [expanded],mismatch,true,LT225/75R16 LT245/75R16 LT265/75R16,225/75R16 245/75R16 265/75R16,215/85R16,225/75R16 245/75R16 265/75R16,215/85R16,Ram 3500,,,
b53ba38a-e153-4eed-b409-a68e4a31e3a7,1996,ram,3500,SLT,api_import [expanded],mismatch,true,245/75R16,245/75R16,215/85R16,245/75R16,215/85R16,Ram 3500,,,
d580c033-48da-418d-a356-f5780bd90e34,1996,ram,3500,SLT,generation_inherit,mismatch,false,LT245/70R17,245/70R17,215/85R16,245/70R17,215/85R16,Ram 3500,,,
edf09034-34f7-49b7-a679-af9f42e5cab9,1996,ram,3500,Laramie,api_import [expanded],mismatch,true,LT225/75R16 LT245/75R16 LT265/75R16,225/75R16 245/75R16 265/75R16,215/85R16,225/75R16 245/75R16 265/75R16,215/85R16,Ram 3500,,,
05500bae-c93a-4ce9-a735-0379ad0b173b,1997,ram,3500,SLT,generation_inherit,mismatch,false,LT245/70R17,245/70R17,215/85R16,245/70R17,215/85R16,Ram 3500,,,
0b1bad7f-f7e0-4f22-9983-8d3d658dcbf3,1997,ram,3500,Laramie,api_import [expanded],mismatch,true,LT225/75R16 LT245/75R16 LT265/75R16,225/75R16 245/75R16 265/75R16,215/85R16,225/75R16 245/75R16 265/75R16,215/85R16,Ram 3500,,,
1265a36a-4927-46b6-ae26-ae2256e32f65,1997,ram,3500,SLT,api_import [expanded],mismatch,true,245/75R16,245/75R16,215/85R16,245/75R16,215/85R16,Ram 3500,,,
28c7821c-3a34-4460-ac4a-3edafbe46907,1997,ram,3500,Tradesman,api_import [expanded],mismatch,true,LT225/75R16 LT245/75R16 LT265/75R16,225/75R16 245/75R16 265/75R16,215/85R16,225/75R16 245/75R16 265/75R16,215/85R16,Ram 3500,,,
33bdbb93-6eb4-4d85-847a-1cce27dc5e30,1997,ram,3500,SLT,api_import [expanded],mismatch,true,245/75R16,245/75R16,215/85R16,245/75R16,215/85R16,Ram 3500,,,
9975cfd7-a3a1-4632-8b15-c104ed845705,1997,ram,3500,SLT,api_import [expanded],mismatch,true,245/75R16,245/75R16,215/85R16,245/75R16,215/85R16,Ram 3500,,,
bae0a057-5674-493e-834e-ec2672a15bae,1997,ram,3500,Laramie,generation_inherit,mismatch,false,LT245/70R17,245/70R17,215/85R16,245/70R17,215/85R16,Ram 3500,,,
ea119920-aa4e-4ca7-80ff-93c620daf4e6,1997,ram,3500,"Tradesman, Big Horn, Laramie, Limited, Longhorn",api_import,mismatch,true,LT225/75R16 LT245/75R16 LT265/75R16,225/75R16 245/75R16 265/75R16,215/85R16,225/75R16 245/75R16 265/75R16,215/85R16,Ram 3500,,,
042d8910-07a5-4683-8ab1-6b720708f476,1998,ram,3500,Tradesman,api_import [expanded],mismatch,true,LT225/75R16 LT245/75R16 LT265/75R16,225/75R16 245/75R16 265/75R16,215/85R16,225/75R16 245/75R16 265/75R16,215/85R16,Ram 3500,,,
1d829462-fa7d-482e-9df9-5f646a206900,1998,ram,3500,SLT,api_import [expanded],mismatch,true,245/75R16,245/75R16,215/85R16,245/75R16,215/85R16,Ram 3500,,,
2d56d7f1-2668-426d-93b5-e79fe6b3a36b,1998,ram,3500,SLT,api_import [expanded],mismatch,true,245/75R16,245/75R16,215/85R16,245/75R16,215/85R16,Ram 3500,,,
53244bfc-6423-466e-a4b5-d36da2b17890,1998,ram,3500,Laramie,generation_inherit,mismatch,false,LT245/70R17,245/70R17,215/85R16,245/70R17,215/85R16,Ram 3500,,,
82afb135-cf0f-499a-9c96-3fa6f96f4cd5,1998,ram,3500,SLT,api_import [expanded],mismatch,true,245/75R16,245/75R16,215/85R16,245/75R16,215/85R16,Ram 3500,,,
8a24f466-ca60-459e-950f-a5959d9a10c9,1998,ram,3500,Laramie,api_import [expanded],mismatch,true,LT225/75R16 LT245/75R16 LT265/75R16,225/75R16 245/75R16 265/75R16,215/85R16,225/75R16 245/75R16 265/75R16,215/85R16,Ram 3500,,,
a48553f7-0341-4b6c-ba93-ed461e3886e2,1998,ram,3500,"Tradesman, Big Horn, Laramie, Limited, Longhorn",api_import,mismatch,true,LT225/75R16 LT245/75R16 LT265/75R16,225/75R16 245/75R16 265/75R16,215/85R16,225/75R16 245/75R16 265/75R16,215/85R16,Ram 3500,,,
d714b9bd-d7c8-46f0-a03d-57e546ba018c,1998,ram,3500,SLT,generation_inherit,mismatch,false,LT245/70R17,245/70R17,215/85R16,245/70R17,215/85R16,Ram 3500,,,
30e82c38-5a71-48d6-8cbd-abaa45612a08,1999,ram,3500,Laramie,generation_inherit,mismatch,false,LT245/70R17,245/70R17,215/85R16,245/70R17,215/85R16,Ram 3500,,,
368e9cb5-45e6-4084-8a58-b7c32b0ab945,1999,ram,3500,Tradesman,api_import [expanded],mismatch,true,LT225/75R16 LT245/75R16 LT265/75R16,225/75R16 245/75R16 265/75R16,215/85R16,225/75R16 245/75R16 265/75R16,215/85R16,Ram 3500,,,
54425bf2-7504-43fc-a90b-8922b5b0616e,1999,ram,3500,"Tradesman, Big Horn, Laramie, Limited, Longhorn",api_import,mismatch,true,LT225/75R16 LT245/75R16 LT265/75R16,225/75R16 245/75R16 265/75R16,215/85R16,225/75R16 245/75R16 265/75R16,215/85R16,Ram 3500,,,
5a26cee3-4d3f-4637-9074-33fe28fad6ba,1999,ram,3500,SLT,api_import [expanded],mismatch,true,245/75R16,245/75R16,215/85R16,245/75R16,215/85R16,Ram 3500,,,
60d3985e-6628-497f-b240-a202cdccc1c6,1999,ram,3500,Laramie,api_import [expanded],mismatch,true,LT225/75R16 LT245/75R16 LT265/75R16,225/75R16 245/75R16 265/75R16,215/85R16,225/75R16 245/75R16 265/75R16,215/85R16,Ram 3500,,,
72e3876e-2895-40df-9456-1c709b94f1a2,1999,ram,3500,SLT,generation_inherit,mismatch,false,LT245/70R17,245/70R17,215/85R16,245/70R17,215/85R16,Ram 3500,,,
9a98d5dd-6425-43f6-965b-3517cc14d2d9,1999,ram,3500,SLT,api_import [expanded],mismatch,true,245/75R16,245/75R16,215/85R16,245/75R16,215/85R16,Ram 3500,,,
efd90660-d5e6-4a3f-b82b-b121516de05c,1999,ram,3500,SLT,api_import [expanded],mismatch,true,245/75R16,245/75R16,215/85R16,245/75R16,215/85R16,Ram 3500,,,
4e9688fb-4424-4621-a09a-751c7c1fcfa1,2000,ram,3500,Laramie,api_import [web_research] [expanded],mismatch,true,LT225/75R16 LT245/75R16 LT265/75R16,225/75R16 245/75R16 265/75R16,235/85R16,225/75R16 245/75R16 265/75R16,235/85R16,Ram 3500,,,
56eb0819-a396-4d80-ac26-a65c9c04175b,2000,ram,3500,SLT,api_import [web_research] [expanded],mismatch,false,LT245/70R17,245/70R17,235/85R16,245/70R17,235/85R16,Ram 3500,,,
61abf8f6-6419-4140-beba-3df07f067bd4,2000,ram,3500,SLT,api_import [web_research] [expanded],mismatch,false,LT245/70R17,245/70R17,235/85R16,245/70R17,235/85R16,Ram 3500,,,
b62d5696-a679-467f-a352-88eea010420e,2000,ram,3500,"Tradesman, Big Horn, Laramie, Limited, Longhorn",api_import [web_research],mismatch,true,LT225/75R16 LT245/75R16 LT265/75R16,225/75R16 245/75R16 265/75R16,235/85R16,225/75R16 245/75R16 265/75R16,235/85R16,Ram 3500,,,
c3d1e991-865a-4a78-addd-adc2b554c227,2000,ram,3500,Tradesman,api_import [web_research] [expanded],mismatch,true,LT225/75R16 LT245/75R16 LT265/75R16,225/75R16 245/75R16 265/75R16,235/85R16,225/75R16 245/75R16 265/75R16,235/85R16,Ram 3500,,,
e06255a3-de24-47b2-896f-13f1b33061bd,2000,ram,3500,SLT,api_import [web_research] [expanded],mismatch,false,LT245/70R17,245/70R17,235/85R16,245/70R17,235/85R16,Ram 3500,,,
082af832-775c-4ab2-8bee-041792822947,2001,ram,3500,Laramie,api_import [web_research] [expanded],mismatch,true,LT225/75R16 LT245/75R16 LT265/75R16,225/75R16 245/75R16 265/75R16,235/85R16,225/75R16 245/75R16 265/75R16,235/85R16,Ram 3500,,,
6b73ce4f-f124-491e-8571-ebcd2e05ec3e,2001,ram,3500,SLT,api_import [web_research] [expanded],mismatch,false,LT245/70R17,245/70R17,235/85R16,245/70R17,235/85R16,Ram 3500,,,
7b2a0f44-4cab-42ab-8134-43eed0c1df6c,2001,ram,3500,"Tradesman, Big Horn, Laramie, Limited, Longhorn",api_import [web_research],mismatch,true,LT225/75R16 LT245/75R16 LT265/75R16,225/75R16 245/75R16 265/75R16,235/85R16,225/75R16 245/75R16 265/75R16,235/85R16,Ram 3500,,,
ce92bd89-181a-41e0-8741-d685163b50b0,2001,ram,3500,SLT,api_import [web_research] [expanded],mismatch,false,LT245/70R17,245/70R17,235/85R16,245/70R17,235/85R16,Ram 3500,,,
d9bc4de0-3646-415e-9bd9-052ca7ab9ddc,2001,ram,3500,SLT,api_import [web_research] [expanded],mismatch,false,LT245/70R17,245/70R17,235/85R16,245/70R17,235/85R16,Ram 3500,,,
dfa4bd09-45ed-4b20-b37b-334c41284933,2001,ram,3500,Tradesman,api_import [web_research] [expanded],mismatch,true,LT225/75R16 LT245/75R16 LT265/75R16,225/75R16 245/75R16 265/75R16,235/85R16,225/75R16 245/75R16 265/75R16,235/85R16,Ram 3500,,,
391cf623-ee10-412c-aa4a-ce5796d4e92b,2002,ram,3500,SLT,generation_inherit [web_research],mismatch,false,LT245/70R17,245/70R17,235/85R16,245/70R17,235/85R16,Ram 3500,,,
54cc8c8c-0599-44dc-bab8-57fc29950861,2002,ram,3500,ST,generation_inherit [web_research],mismatch,false,LT245/70R17,245/70R17,235/85R16,245/70R17,235/85R16,Ram 3500,,,
6e5b09cf-b27b-40e3-ad83-a3971a682055,2002,ram,3500,SLT,api_import [web_research] [expanded],mismatch,false,LT245/70R17 LT265/70R17,245/70R17 265/70R17,235/85R16,245/70R17 265/70R17,235/85R16,Ram 3500,,,
b3ce3142-b6ad-4e2a-9d9e-4a4ad1d30e7e,2002,ram,3500,"Tradesman, Big Horn, Laramie, Limited, Longhorn",api_import [web_research],mismatch,true,LT225/75R16 LT245/75R16 LT265/75R16,225/75R16 245/75R16 265/75R16,235/85R16,225/75R16 245/75R16 265/75R16,235/85R16,Ram 3500,,,
ca9dc297-4082-4558-8b4e-eb9b7789b4ac,2002,ram,3500,Laramie,api_import [web_research] [expanded],mismatch,true,LT225/75R16 LT245/75R16 LT265/75R16,225/75R16 245/75R16 265/75R16,235/85R16,225/75R16 245/75R16 265/75R16,235/85R16,Ram 3500,,,
cb6ebe9e-aae2-49d6-8119-c8e1c88b9431,2002,ram,3500,Tradesman,api_import [web_research] [expanded],mismatch,true,LT225/75R16 LT245/75R16 LT265/75R16,225/75R16 245/75R16 265/75R16,235/85R16,225/75R16 245/75R16 265/75R16,235/85R16,Ram 3500,,,
f68507ee-1429-48ad-9dec-37ebc4569015,2002,ram,3500,SLT,api_import [web_research] [expanded],mismatch,false,LT245/70R17 LT265/70R17,245/70R17 265/70R17,235/85R16,245/70R17 265/70R17,235/85R16,Ram 3500,,,
fe56a326-8efa-4e3c-a94a-e660c7f9ef9a,2002,ram,3500,SLT,api_import [web_research] [expanded],mismatch,false,LT245/70R17 LT265/70R17,245/70R17 265/70R17,235/85R16,245/70R17 265/70R17,235/85R16,Ram 3500,,,
ff869077-9c86-4a4d-bf5f-ccafe0a11814,2002,ram,3500,Laramie,generation_inherit [web_research],mismatch,false,LT245/70R17,245/70R17,235/85R16,245/70R17,235/85R16,Ram 3500,,,
1d421299-73d6-4ca1-a90d-f7f525bd3b3e,2005,ram,3500,Laramie,generation_inherit,mismatch,true,LT245/70R17,245/70R17,235/80R17 265/70R17,245/70R17,235/80R17 265/70R17,Ram 3500 Laramie | Ram 3500 SLT | Ram 3500 ST,Ram 3500 Laramie,mismatch,
a5618a5c-da63-4bea-94cf-119b390412d7,2005,ram,3500,SLT,generation_inherit,mismatch,true,LT245/70R17,245/70R17,235/80R17 265/70R17,245/70R17,235/80R17 265/70R17,Ram 3500 Laramie | Ram 3500 SLT | Ram 3500 ST,Ram 3500 SLT,mismatch,
b9fe4048-86ee-43c2-b206-02fd71a401e4,2005,ram,3500,ST,generation_inherit,mismatch,true,LT245/70R17,245/70R17,235/80R17 265/70R17,245/70R17,235/80R17 265/70R17,Ram 3500 Laramie | Ram 3500 SLT | Ram 3500 ST,Ram 3500 ST,mismatch,
713fda8b-cfd6-4d17-9179-90741b7c26f8,2010,ram,3500,SLT,api_import [filled from 2010 3500] [expanded],mismatch,false,275/70R18,275/70R18,265/70R17 235/80R17,275/70R18,265/70R17 235/80R17,Ram 3500 Laramie | Ram 3500 SLT | Ram 3500 ST,Ram 3500 SLT,mismatch,
8aa6e9fc-7c2e-47fd-a0ee-b7a057314d73,2010,ram,3500,SLT,merge_consolidation,mismatch,false,275/70R18,275/70R18,265/70R17 235/80R17,275/70R18,265/70R17 235/80R17,Ram 3500 Laramie | Ram 3500 SLT | Ram 3500 ST,Ram 3500 SLT,mismatch,
8b9f532d-4933-4314-8ce0-80cd531cccd8,2010,ram,3500,SLT,api_import [filled from 2010 3500] [expanded],mismatch,false,275/70R18,275/70R18,265/70R17 235/80R17,275/70R18,265/70R17 235/80R17,Ram 3500 Laramie | Ram 3500 SLT | Ram 3500 ST,Ram 3500 SLT,mismatch,
b18d846b-4c48-4acc-bd2e-130bb48b7c96,2010,ram,3500,SLT,merge_consolidation,mismatch,true,LT245/70R17 LT275/70R18,245/70R17 275/70R18,265/70R17 235/80R17,245/70R17 275/70R18,265/70R17 235/80R17,Ram 3500 Laramie | Ram 3500 SLT | Ram 3500 ST,Ram 3500 SLT,mismatch,
b6fd44fa-f072-4ac8-b3aa-1aae62ac9d60,2010,ram,3500,Power Wagon,merge_consolidation,mismatch,true,LT245/70R17,245/70R17,265/70R17 235/80R17,245/70R17,265/70R17 235/80R17,Ram 3500 Laramie | Ram 3500 SLT | Ram 3500 ST,,,
d2b490cc-223e-439a-b2b9-482e6ba83ab4,2010,ram,3500,SLT,merge_consolidation,mismatch,false,275/70R18,275/70R18,265/70R17 235/80R17,275/70R18,265/70R17 235/80R17,Ram 3500 Laramie | Ram 3500 SLT | Ram 3500 ST,Ram 3500 SLT,mismatch,
e865c8a6-ec7b-42c8-8ef0-53140a22a9f8,2010,ram,3500,Tradesman,merge_consolidation,mismatch,true,LT245/70R17,245/70R17,265/70R17 235/80R17,245/70R17,265/70R17 235/80R17,Ram 3500 Laramie | Ram 3500 SLT | Ram 3500 ST,,,
e9689051-52a9-4c64-8216-cbaa2edd260e,2010,ram,3500,SLT,api_import [filled from 2010 3500],mismatch,false,275/70R18,275/70R18,265/70R17 235/80R17,275/70R18,265/70R17 235/80R17,Ram 3500 Laramie | Ram 3500 SLT | Ram 3500 ST,Ram 3500 SLT,mismatch,
01f7a003-dab9-481b-bcc5-0582c619096e,2011,ram,3500,SLT,merge_consolidation,mismatch,false,275/70R18,275/70R18,265/70R17 235/80R17,275/70R18,265/70R17 235/80R17,3500 Laramie Longhorn | 3500 Laramie | 3500 SLT | 3500 Big Horn,3500 SLT,mismatch,
03fb3a1f-71ff-4913-8ab0-3e7aeee80d2c,2011,ram,3500,Big Horn,api_import [filled from 2011 3500],mismatch,true,LT245/70R17,245/70R17,265/70R17 235/80R17,245/70R17,265/70R17 235/80R17,3500 Laramie Longhorn | 3500 Laramie | 3500 SLT | 3500 Big Horn,3500 Big Horn,mismatch,
248d2a62-185d-45de-a7db-751845259d30,2011,ram,3500,SLT,api_import [filled from 2011 3500] [expanded],mismatch,false,275/70R18,275/70R18,265/70R17 235/80R17,275/70R18,265/70R17 235/80R17,3500 Laramie Longhorn | 3500 Laramie | 3500 SLT | 3500 Big Horn,3500 SLT,mismatch,
387d5a56-0451-4e4e-828e-67b6ad4bf3e4,2011,ram,3500,Big Horn,api_import [filled from 2011 3500] [expanded],mismatch,true,LT245/70R17,245/70R17,265/70R17 235/80R17,245/70R17,265/70R17 235/80R17,3500 Laramie Longhorn | 3500 Laramie | 3500 SLT | 3500 Big Horn,3500 Big Horn,mismatch,
52cf6413-32f2-4dcb-97d0-30b6190aeb02,2011,ram,3500,Laramie,api_import [filled from 2011 3500],mismatch,true,LT245/70R17,245/70R17,265/70R17 235/80R17,245/70R17,265/70R17 235/80R17,3500 Laramie Longhorn | 3500 Laramie | 3500 SLT | 3500 Big Horn,3500 Laramie,mismatch,
5756f8ab-1b69-4ef6-b33a-3221ef1ee85c,2011,ram,3500,Tradesman,merge_consolidation,mismatch,true,LT245/70R17,245/70R17,265/70R17 235/80R17,245/70R17,265/70R17 235/80R17,3500 Laramie Longhorn | 3500 Laramie | 3500 SLT | 3500 Big Horn,,,
5f36fa2f-74da-4024-81c9-716c3cba15fc,2011,ram,3500,Laramie,api_import [filled from 2011 3500] [expanded],mismatch,true,LT245/70R17,245/70R17,265/70R17 235/80R17,245/70R17,265/70R17 235/80R17,3500 Laramie Longhorn | 3500 Laramie | 3500 SLT | 3500 Big Horn,3500 Laramie,mismatch,
7f31c9a8-2bf9-466e-ba67-3d7732f767dd,2011,ram,3500,SLT,merge_consolidation,mismatch,true,LT245/70R17 LT275/70R18,245/70R17 275/70R18,265/70R17 235/80R17,245/70R17 275/70R18,265/70R17 235/80R17,3500 Laramie Longhorn | 3500 Laramie | 3500 SLT | 3500 Big Horn,3500 SLT,mismatch,
8c036f11-3484-4cfd-a88d-970b145fdbf3,2011,ram,3500,Longhorn,api_import [filled from 2011 3500] [expanded],mismatch,true,LT245/70R17,245/70R17,265/70R17 235/80R17,245/70R17,265/70R17 235/80R17,3500 Laramie Longhorn | 3500 Laramie | 3500 SLT | 3500 Big Horn,3500 Laramie Longhorn,mismatch,
924d3b57-60e0-4f3a-9b0e-0ee569eaa48a,2011,ram,3500,Laramie Longhorn,merge_consolidation,mismatch,false,LT285/60R20,285/60R20,265/70R17 235/80R17,285/60R20,265/70R17 235/80R17,3500 Laramie Longhorn | 3500 Laramie | 3500 SLT | 3500 Big Horn,3500 Laramie Longhorn,mismatch,
c2dd74ac-cb12-4ca2-b55e-f79a7f84cfec,2011,ram,3500,Power Wagon,merge_consolidation,mismatch,true,LT245/70R17,245/70R17,265/70R17 235/80R17,245/70R17,265/70R17 235/80R17,3500 Laramie Longhorn | 3500 Laramie | 3500 SLT | 3500 Big Horn,,,
c8ec1ace-a524-431f-8b6d-a4ee49968e0f,2011,ram,3500,SLT,api_import [filled from 2011 3500],mismatch,false,275/70R18,275/70R18,265/70R17 235/80R17,275/70R18,265/70R17 235/80R17,3500 Laramie Longhorn | 3500 Laramie | 3500 SLT | 3500 Big Horn,3500 SLT,mismatch,
daf01b54-d721-4dbe-bda5-13441c479cb0,2011,ram,3500,Tradesman,api_import [filled from 2011 3500] [expanded],mismatch,true,LT245/70R17,245/70R17,265/70R17 235/80R17,245/70R17,265/70R17 235/80R17,3500 Laramie Longhorn | 3500 Laramie | 3500 SLT | 3500 Big Horn,,,
03d766cf-2d1d-431a-b72f-51811b27979a,2012,ram,3500,Laramie Longhorn,merge_consolidation,mismatch,false,LT285/60R20,285/60R20,265/70R17 235/80R17,285/60R20,265/70R17 235/80R17,3500 Laramie Longhorn | 3500 Laramie | 3500 SLT,3500 Laramie Longhorn,mismatch,
1234d51d-77a5-4ba9-ac42-f36303c02053,2012,ram,3500,Laramie,api_import [filled from 2012 3500],mismatch,false,LT275/65R20,275/65R20,265/70R17 235/80R17,275/65R20,265/70R17 235/80R17,3500 Laramie Longhorn | 3500 Laramie | 3500 SLT,3500 Laramie,mismatch,
278bbd21-2dc9-4593-810b-0628149e4417,2012,ram,3500,SLT,api_import [filled from 2012 3500] [expanded],mismatch,false,275/70R18,275/70R18,265/70R17 235/80R17,275/70R18,265/70R17 235/80R17,3500 Laramie Longhorn | 3500 Laramie | 3500 SLT,3500 SLT,mismatch,
2be636af-c342-490b-a69c-48aed78ea012,2012,ram,3500,Tradesman,merge_consolidation,mismatch,true,LT245/70R17,245/70R17,265/70R17 235/80R17,245/70R17,265/70R17 235/80R17,3500 Laramie Longhorn | 3500 Laramie | 3500 SLT,,,
2ca531eb-0e17-40a1-86e1-3d0a4c037ea8,2012,ram,3500,SLT,merge_consolidation,mismatch,true,LT245/70R17 LT275/70R18,245/70R17 275/70R18,265/70R17 235/80R17,245/70R17 275/70R18,265/70R17 235/80R17,3500 Laramie Longhorn | 3500 Laramie | 3500 SLT,3500 SLT,mismatch,
3abb1fe5-b8fc-4f58-b6b4-4daf6721ad3b,2012,ram,3500,Big Horn,api_import [filled from 2012 3500] [expanded],mismatch,false,LT275/65R20,275/65R20,265/70R17 235/80R17,275/65R20,265/70R17 235/80R17,3500 Laramie Longhorn | 3500 Laramie | 3500 SLT,,,
3dda6a68-f55e-4f99-952b-8ebcf47a19cf,2012,ram,3500,Laramie,api_import [filled from 2012 3500] [expanded],mismatch,false,LT275/65R20,275/65R20,265/70R17 235/80R17,275/65R20,265/70R17 235/80R17,3500 Laramie Longhorn | 3500 Laramie | 3500 SLT,3500 Laramie,mismatch,
3f768ab1-ca45-4a13-adff-bc9d8d6537c6,2012,ram,3500,Longhorn,api_import [filled from 2012 3500] [expanded],mismatch,false,LT275/65R20,275/65R20,265/70R17 235/80R17,275/65R20,265/70R17 235/80R17,3500 Laramie Longhorn | 3500 Laramie | 3500 SLT,3500 Laramie Longhorn,mismatch,
8b15db04-0919-43ad-8396-459fcb9746f5,2012,ram,3500,SLT,api_import [filled from 2012 3500],mismatch,false,275/70R18,275/70R18,265/70R17 235/80R17,275/70R18,265/70R17 235/80R17,3500 Laramie Longhorn | 3500 Laramie | 3500 SLT,3500 SLT,mismatch,
c394ab96-709b-4278-a6e7-a23efce1a9e8,2012,ram,3500,Big Horn,api_import [filled from 2012 3500],mismatch,false,LT275/65R20,275/65R20,265/70R17 235/80R17,275/65R20,265/70R17 235/80R17,3500 Laramie Longhorn | 3500 Laramie | 3500 SLT,,,
e1eba923-967a-4479-8f3a-4e232dfedf17,2012,ram,3500,SLT,merge_consolidation,mismatch,false,275/70R18,275/70R18,265/70R17 235/80R17,275/70R18,265/70R17 235/80R17,3500 Laramie Longhorn | 3500 Laramie | 3500 SLT,3500 SLT,mismatch,
f7ca0ea3-ee11-4b3e-bfd2-cb292ff1ac75,2012,ram,3500,Tradesman,api_import [filled from 2012 3500] [expanded],mismatch,false,LT275/65R20,275/65R20,265/70R17 235/80R17,275/65R20,265/70R17 235/80R17,3500 Laramie Longhorn | 3500 Laramie | 3500 SLT,,,
fcc5da11-00a6-4609-8d57-b9e93f2d7aa1,2012,ram,3500,Power Wagon,merge_consolidation,mismatch,true,LT245/70R17,245/70R17,265/70R17 235/80R17,245/70R17,265/70R17 235/80R17,3500 Laramie Longhorn | 3500 Laramie | 3500 SLT,,,
df2df911-b385-46d9-86a7-26ad2323d45d,2013,ram,3500,Power Wagon,merge_consolidation,mismatch,true,LT245/70R17,245/70R17,275/70R18 235/80R17 285/60R20,245/70R17,275/70R18 235/80R17 285/60R20,3500 Laramie Longhorn | 3500 Laramie | 3500 SLT | 3500 Big Horn | 3500 Tradesman,,,
3df0abae-613f-4203-acfa-80cd6068b58d,2014,ram,3500,Power Wagon,merge_consolidation,mismatch,true,LT245/70R17,245/70R17,235/80R17 275/70R18 285/60R20,245/70R17,235/80R17 275/70R18 285/60R20,3500 Laramie Longhorn | 3500 Laramie | 3500 SLT | 3500 Big Horn | 3500 Tradesman,,,
9456cbdb-8e61-4809-bc46-6bdf9f08db8c,2015,ram,3500,Power Wagon,merge_consolidation,mismatch,true,LT245/70R17,245/70R17,275/70R18 285/60R20 235/80R17,245/70R17,275/70R18 285/60R20 235/80R17,3500 Laramie Longhorn | 3500 Laramie | 3500 SLT | 3500 Big Horn | 3500 Tradesman,,,
b959efd4-4147-40b0-a901-0dc8639c80b2,2016,ram,3500,Power Wagon,merge_consolidation,mismatch,true,LT245/70R17,245/70R17,275/70R18 285/60R20 235/80R17,245/70R17,275/70R18 285/60R20 235/80R17,3500 Laramie Longhorn | 3500 Laramie | 3500 SLT | 3500 Big Horn | 3500 Tradesman,,,
923f827e-048e-42c3-ade9-dab71b8a72d6,2017,ram,3500,Power Wagon,merge_consolidation,mismatch,true,LT245/70R17,245/70R17,275/70R18 285/60R20 235/80R17,245/70R17,275/70R18 285/60R20 235/80R17,3500,,,
5a832579-15d3-4c32-891d-24fd119c6276,2019,ram,3500,Power Wagon,merge_consolidation,mismatch,true,LT245/70R17,245/70R17,275/70R18 285/60R20 235/80R17,245/70R17,275/70R18 285/60R20 235/80R17,3500,,,
9de2d246-8d1a-4561-9000-d2a772344709,2020,ram,3500,Power Wagon,merge_consolidation,mismatch,true,LT245/70R17,245/70R17,275/70R18 285/60R20 235/80R17,245/70R17,275/70R18 285/60R20 235/80R17,3500,,,
d0a06403-5303-498f-b292-e969f76f47d2,2021,ram,3500,Power Wagon,merge_consolidation,mismatch,true,LT245/70R17,245/70R17,275/70R18 285/60R20 235/80R17,245/70R17,275/70R18 285/60R20 235/80R17,3500,,,
c4a44de5-8291-40c9-b5a2-733af05a4d40,2022,ram,3500,Power Wagon,merge_consolidation,mismatch,true,LT245/70R17,245/70R17,275/70R18 285/60R20 235/80R17,245/70R17,275/70R18 285/60R20 235/80R17,3500,,,
7a444a51-9cb8-454e-8441-1239a46fbaac,2023,ram,3500,Power Wagon,merge_consolidation,mismatch,true,LT245/70R17,245/70R17,275/70R18 285/60R20 235/80R17,245/70R17,275/70R18 285/60R20 235/80R17,3500,,,
16871cbb-8996-4c6b-974e-10233c120d8d,2024,ram,3500,Longhorn,api_import [filled from 2024 3500] [trim-expanded],mismatch,true,LT245/70R17,245/70R17,275/70R18 235/80R17 285/60R20,245/70R17,275/70R18 235/80R17 285/60R20,3500,,,
1ab428ea-fe29-4085-b5b3-135ea97a4cb4,2024,ram,3500,Limited,api_import [filled from 2024 3500],mismatch,true,LT245/70R17,245/70R17,275/70R18 235/80R17 285/60R20,245/70R17,275/70R18 235/80R17 285/60R20,3500,,,
5d993fa9-83d6-48ef-afd1-d922fddbd32a,2024,ram,3500,Laramie,api_import [filled from 2024 3500],mismatch,true,LT245/70R17,245/70R17,275/70R18 235/80R17 285/60R20,245/70R17,275/70R18 235/80R17 285/60R20,3500,,,
77f761cc-9a7a-41a0-b318-6d9e8f9a9111,2024,ram,3500,Power Wagon,merge_consolidation,mismatch,true,LT245/70R17,245/70R17,275/70R18 235/80R17 285/60R20,245/70R17,275/70R18 235/80R17 285/60R20,3500,,,
89634c57-3fe6-4803-be5d-a2c129d29069,2024,ram,3500,"Tradesman, Big Horn, Laramie, Limited, Longhorn",api_import [filled from 2024 3500],mismatch,true,LT245/70R17,245/70R17,275/70R18 235/80R17 285/60R20,245/70R17,275/70R18 235/80R17 285/60R20,3500,,,
ce0f50ee-d6f4-4ba6-a78f-128d50f27bb0,2024,ram,3500,Tradesman,api_import [filled from 2024 3500],mismatch,true,LT245/70R17,245/70R17,275/70R18 235/80R17 285/60R20,245/70R17,275/70R18 235/80R17 285/60R20,3500,,,
33d0f3d7-a732-4f5c-aee7-c438d15b75cb,2025,ram,3500,Power Wagon,merge_consolidation,mismatch,true,LT245/70R17,245/70R17,275/70R18 235/80R17 285/60R20,245/70R17,275/70R18 235/80R17 285/60R20,3500,,,
dcb25a5f-841f-48ae-bf75-a33eb2d7261b,2026,ram,3500,Power Wagon,merge_consolidation,mismatch,true,LT245/70R17,245/70R17,275/70R18 235/80R17 285/60R20,245/70R17,275/70R18 235/80R17 285/60R20,3500,,,
c59f0e84-c260-4938-9184-2a9ab64cadfb,2013,ram,c/v,Base,catalog-gap-fill [web_research],mismatch,true,205/55R16,205/55R16,225/65R16,205/55R16,225/65R16,C/V,,,
355935c7-ffaf-4dc5-9468-1dbd3e38c3d6,2014,ram,c/v,Base,catalog-gap-fill [web_research],mismatch,true,205/55R16,205/55R16,225/65R17 225/65R16,205/55R16,225/65R17 225/65R16,C/V,,,
1fd549f7-4ad7-4e58-9ca7-e564f40ba4f6,2015,ram,c/v,Base,catalog-gap-fill [web_research],mismatch,true,205/55R16,205/55R16,225/65R17 225/65R16,205/55R16,225/65R17 225/65R16,C/V,,,
dc13b3da-aeae-45ac-8bed-f0eae2084e5a,2019,rolls-royce,cullinan,1st Gen,generation,mismatch,true,295/40R22 305/40R22,295/40R22 305/40R22,255/45R22 285/40R22 255/50R21 285/45R21,295/40R22 305/40R22,255/45R22 285/40R22 255/50R21 285/45R21,Cullinan,,,
f0663f03-7665-4387-9b7c-1d22747247d4,2020,rolls-royce,cullinan,1st Gen,generation,mismatch,true,295/40R22 305/40R22,295/40R22 305/40R22,255/45R22 285/40R22 255/50R21 285/45R21,295/40R22 305/40R22,255/45R22 285/40R22 255/50R21 285/45R21,Cullinan,,,
700014b2-6736-4ffe-8af0-1090f463c48f,2021,rolls-royce,cullinan,1st Gen,generation,mismatch,true,295/40R22 305/40R22,295/40R22 305/40R22,255/45R22 285/40R22 255/50R21 285/45R21,295/40R22 305/40R22,255/45R22 285/40R22 255/50R21 285/45R21,Cullinan,,,
7f978d58-9255-4db2-99ae-1a939a8429a6,2022,rolls-royce,cullinan,1st Gen,generation,mismatch,true,295/40R22 305/40R22,295/40R22 305/40R22,255/45R22 285/40R22 255/50R21 285/45R21,295/40R22 305/40R22,255/45R22 285/40R22 255/50R21 285/45R21,Cullinan,,,
4bf796a2-6cda-48f6-84a1-04eceb465d97,2023,rolls-royce,cullinan,1st Gen,generation,mismatch,true,295/40R22 305/40R22,295/40R22 305/40R22,255/45R22 285/40R22 255/50R21 285/45R21,295/40R22 305/40R22,255/45R22 285/40R22 255/50R21 285/45R21,Cullinan,,,
66c58eff-2ae9-49c2-8d36-96eddc5675e2,2024,rolls-royce,cullinan,1st Gen,generation,mismatch,true,295/40R22 305/40R22,295/40R22 305/40R22,255/45R22 285/40R22 255/50R21 285/45R21,295/40R22 305/40R22,255/45R22 285/40R22 255/50R21 285/45R21,Cullinan,,,
f010906c-c1c8-4cde-a1aa-81532637228c,2025,rolls-royce,cullinan,1st Gen,generation,mismatch,true,295/40R22 305/40R22,295/40R22 305/40R22,255/45R22 285/40R22 255/40R23 295/35R23,295/40R22 305/40R22,255/45R22 285/40R22 255/40R23 295/35R23,Cullinan,,,
f29b9177-8a67-4dcc-a891-5b4c17bcd4a4,2026,rolls-royce,cullinan,1st Gen,generation,mismatch,true,295/40R22 305/40R22,295/40R22 305/40R22,255/45R22 285/40R22 255/40R23 295/35R23,295/40R22 305/40R22,255/45R22 285/40R22 255/40R23 295/35R23,Cullinan,,,
809b31f3-f23f-4d7e-b99a-9d98843a2d1d,2017,rolls-royce,phantom,8th Gen (VIII),generation,mismatch,false,255/45R22 265/40R22,255/45R22 265/40R22,255/50R21 285/45R21,255/45R22 265/40R22,255/50R21 285/45R21,Phantom,,,
ec2b1123-6ae3-4148-80aa-84b681f94cc0,2003,saturn,l-series,Base,generation_template,mismatch,true,P205/55R16,205/55R16,215/55R16 195/65R15,205/55R16,215/55R16 195/65R15,L300 | L200 | LW300 | LW200,,,
382a194f-c51b-4e0e-aa4c-9a07e710655c,2004,saturn,l-series,Base,generation_template,mismatch,true,P205/55R16,205/55R16,195/65R15 215/55R16,205/55R16,195/65R15 215/55R16,L300,,,
eed6aab9-fd4b-4ff6-bb46-0e0c0668ef7e,2005,saturn,l-series,Base,generation_template,mismatch,true,P205/55R16,205/55R16,215/55R16,205/55R16,215/55R16,L300,,,
8a53b0ab-7cc1-421b-95d7-063c54dceb5d,2013,subaru,brz,tS,generation_inherit,mismatch,false,215/40R18,215/40R18,215/45R17,215/40R18,215/45R17,BRZ,,,
016929a5-1f24-4aab-a597-7af5d02209e7,2014,subaru,brz,tS,generation_inherit,mismatch,false,215/40R18,215/40R18,215/45R17,215/40R18,215/45R17,BRZ,,,
746c2ed6-9584-4e17-8fde-cda89dc230a8,2015,subaru,brz,tS,generation_inherit,mismatch,false,215/40R18,215/40R18,215/45R17,215/40R18,215/45R17,BRZ,,,
7e83f52b-33e7-4070-a578-48f5c3895b53,2016,subaru,brz,tS,generation_inherit,mismatch,false,215/40R18,215/40R18,215/45R17,215/40R18,215/45R17,BRZ,,,
3b336afb-46c9-4305-8135-0335482789eb,2017,subaru,brz,tS,generation_inherit,mismatch,false,215/40R18,215/40R18,215/45R17,215/40R18,215/45R17,BRZ,,,
2f8e4215-5d0d-46cd-bc9c-5e4f5145ff1a,2019,subaru,brz,tS,generation_inherit,mismatch,false,215/40R18,215/40R18,215/45R17,215/40R18,215/45R17,BRZ,,,
e1ac366d-17d5-4e79-af8a-7ae877709998,2026,subaru,brz,Premium,generation_inherit,mismatch,false,215/45R17,215/45R17,215/40R18,215/45R17,215/40R18,BRZ,,,
39196ce8-11f5-4c15-8f79-ac8ec295e5b9,1993,subaru,impreza,Base,90s-research-batch,mismatch,true,185/70R14,185/70R14,165/80R13 175/70R14,185/70R14,165/80R13 175/70R14,Impreza,,,
844f6fba-1909-41d2-bd33-5caea652418d,1994,subaru,impreza,Base,90s-research-batch,mismatch,true,185/70R14 195/60R15,185/70R14 195/60R15,165/80R13 175/70R14,185/70R14 195/60R15,165/80R13 175/70R14,Impreza,,,
c4d66f2a-4c31-4fce-96fd-6218643963ba,1997,subaru,svx,Base,90s-research-batch,mismatch,true,225/50R16,225/50R16,215/55R16,225/50R16,215/55R16,SVX,,,
7e71079b-a707-44d0-80a5-30213de4f4a7,2002,subaru,wrx,WRX STI,generation_inherit,mismatch,false,235/45R17,235/45R17,205/55R16 195/60R15,235/45R17,205/55R16 195/60R15,Impreza,,,
c2dbe301-5254-4d27-a4e8-5e7e3c4da7ce,2003,subaru,wrx,WRX STI,generation_inherit,mismatch,false,235/45R17,235/45R17,205/55R16 195/60R15,235/45R17,205/55R16 195/60R15,Impreza,,,
5eb0d5a7-534a-4baf-a0d5-cfc99af9490e,2004,subaru,wrx,WRX STI,generation_inherit,mismatch,true,235/45R17,235/45R17,205/55R16 195/60R15 225/45R17,235/45R17,205/55R16 195/60R15 225/45R17,Impreza,,,
7f19230c-4d3a-4cfa-bf7c-c93dcb121c78,2005,subaru,wrx,WRX STI,generation_inherit,mismatch,true,235/45R17,235/45R17,205/55R16 225/45R17,235/45R17,205/55R16 225/45R17,Impreza,,,
5279de03-1d33-42cd-8379-b7273b8546da,2006,subaru,wrx,WRX STI,generation_inherit,mismatch,true,235/45R17,235/45R17,225/45R17 205/55R16 215/45R17,235/45R17,225/45R17 205/55R16 215/45R17,Impreza,,,
fcfc711f-d965-4f17-acee-d43f815caf1a,2007,subaru,wrx,WRX STI,generation_inherit,mismatch,true,235/45R17,235/45R17,205/55R16 215/45R17 225/45R17,235/45R17,205/55R16 215/45R17 225/45R17,Impreza,,,
47a5e50c-28b8-459b-8b09-8d6cb037aeca,2008,subaru,wrx,WRX Premium,generation_inherit,mismatch,true,235/45R17,235/45R17,205/55R16 205/50R17 245/40R18,235/45R17,205/55R16 205/50R17 245/40R18,Impreza,,,
adad7200-1892-4610-928e-542b012f9bf5,2008,subaru,wrx,WRX,generation_inherit,mismatch,true,235/45R17,235/45R17,205/55R16 205/50R17 245/40R18,235/45R17,205/55R16 205/50R17 245/40R18,Impreza,,,
f960b12d-3f70-4042-8065-c41434d43d38,2008,subaru,wrx,WRX Limited,generation_inherit,mismatch,true,235/45R17,235/45R17,205/55R16 205/50R17 245/40R18,235/45R17,205/55R16 205/50R17 245/40R18,Impreza,,,
8903c8d2-ff29-454d-9216-dc723889d3d7,2009,subaru,wrx,WRX,generation_inherit,mismatch,true,235/45R17,235/45R17,205/55R16 205/50R17 225/45R17 245/40R18,235/45R17,205/55R16 205/50R17 225/45R17 245/40R18,Impreza,,,
a378976f-6caf-4b41-a53a-807f6b9fe4e3,2009,subaru,wrx,WRX Limited,generation_inherit,mismatch,true,235/45R17,235/45R17,205/55R16 205/50R17 225/45R17 245/40R18,235/45R17,205/55R16 205/50R17 225/45R17 245/40R18,Impreza,,,
f11aac7f-3fed-4f24-9dc6-95e3e9253582,2009,subaru,wrx,WRX Premium,generation_inherit,mismatch,true,235/45R17,235/45R17,205/55R16 205/50R17 225/45R17 245/40R18,235/45R17,205/55R16 205/50R17 225/45R17 245/40R18,Impreza,,,
45538af7-a119-4b40-b497-a70640e5eab0,2010,subaru,wrx,WRX,generation_inherit,mismatch,true,235/45R17,235/45R17,205/55R16 205/50R17 225/45R17 245/40R18,235/45R17,205/55R16 205/50R17 225/45R17 245/40R18,Impreza,,,
9d68b013-f28b-4f3e-9657-f688ae69ab1a,2010,subaru,wrx,WRX Premium,generation_inherit,mismatch,true,235/45R17,235/45R17,205/55R16 205/50R17 225/45R17 245/40R18,235/45R17,205/55R16 205/50R17 225/45R17 245/40R18,Impreza,,,
e39cd0b2-0f0f-433c-a6b1-f59f2076c393,2010,subaru,wrx,WRX Limited,generation_inherit,mismatch,true,235/45R17,235/45R17,205/55R16 205/50R17 225/45R17 245/40R18,235/45R17,205/55R16 205/50R17 225/45R17 245/40R18,Impreza,,,
2861d96c-8906-4d20-a859-a36f33bcd97e,2015,subaru,wrx,WRX Premium,generation_inherit,mismatch,false,245/40R18,245/40R18,235/45R17,245/40R18,235/45R17,WRX,,,
b12774f2-8d78-4f1a-b413-561fae6c8a11,2015,subaru,wrx,WRX Limited,generation_inherit,mismatch,false,245/40R18,245/40R18,235/45R17,245/40R18,235/45R17,WRX,,,
4307e4af-a801-4b66-98ba-4f4f95d6fd1e,2024,subaru,wrx,Base,cache-import [trim-expanded] [verified-research],mismatch,true,245/45R17,245/45R17,235/45R17 245/40R18 245/35R19,245/45R17,235/45R17 245/40R18 245/35R19,WRX,,,
5d7c48ec-99bc-4b84-a223-2dfc9e05846e,2025,subaru,wrx,WRX,generation_inherit,mismatch,false,235/45R17,235/45R17,245/40R18 245/35R19,235/45R17,245/40R18 245/35R19,WRX,,,
9fa82d35-eb39-4d5e-918f-f5b837055fd1,2026,subaru,wrx,WRX,generation_inherit,mismatch,false,235/45R17,235/45R17,245/40R18 245/35R19,235/45R17,245/40R18 245/35R19,WRX,,,
73c7d441-8ad1-4648-a629-d235587b6024,1999,suzuki,grand-vitara,Base,90s-research-batch,mismatch,true,235/65R16,235/65R16,235/60R16,235/65R16,235/60R16,Grand Vitara,,,
e5628df7-2bac-4a6c-84bf-6b46204c9c8a,2000,suzuki,grand-vitara,Base,api_import,mismatch,true,215/70R16 225/65R17,215/70R16 225/65R17,235/60R16,215/70R16 225/65R17,235/60R16,Grand Vitara,,,
5e38398a-a9fe-4190-a9ed-2554ddec78bb,2001,suzuki,grand-vitara,Base,api_import,mismatch,true,215/70R16 225/65R17,215/70R16 225/65R17,235/60R16,215/70R16 225/65R17,235/60R16,Grand Vitara,,,
0acf3b46-84af-4c98-a0d2-928efa9fb7f7,2002,suzuki,grand-vitara,Base,api_import,mismatch,true,215/70R16 225/65R17,215/70R16 225/65R17,235/60R16,215/70R16 225/65R17,235/60R16,Grand Vitara,,,
7daa64d7-c518-4747-af83-1ff224b0192e,2003,suzuki,grand-vitara,Base,api_import,mismatch,true,215/70R16 225/65R17,215/70R16 225/65R17,235/60R16,215/70R16 225/65R17,235/60R16,Grand Vitara,,,
132e0cfa-4447-4e6b-9d15-58df0c9af502,2004,suzuki,grand-vitara,Base,api_import,mismatch,true,215/70R16 225/65R17,215/70R16 225/65R17,235/60R16,215/70R16 225/65R17,235/60R16,Grand Vitara,,,
26aeac79-6ad3-4979-9d69-7c53490e9534,2005,suzuki,grand-vitara,Base,api_import,mismatch,true,215/70R16 225/65R17,215/70R16 225/65R17,235/60R16,215/70R16 225/65R17,235/60R16,Grand Vitara,,,
bd2270bd-f4fb-49fc-a22a-2bc44f7ba44d,1990,suzuki,swift,Base,90s-research-batch,mismatch,true,155/80R13 175/70R13,155/80R13 175/70R13,155/70R13 175/60R14,155/80R13 175/70R13,155/70R13 175/60R14,Swift,,,
e22c2414-4ffd-42bb-8344-5540947654d9,1991,suzuki,swift,Base,90s-research-batch,mismatch,true,155/80R13 175/70R13,155/80R13 175/70R13,155/70R13 175/60R14,155/80R13 175/70R13,155/70R13 175/60R14,Swift,,,
70460351-2a28-4b49-8db3-ba64dde5bd49,1992,suzuki,swift,Base,90s-research-batch,mismatch,true,155/80R13 175/70R13,155/80R13 175/70R13,155/70R13 175/60R14,155/80R13 175/70R13,155/70R13 175/60R14,Swift,,,
269ee29c-bca1-4137-bdb8-90742c044064,1993,suzuki,swift,Base,90s-research-batch,mismatch,true,155/80R13 175/70R13,155/80R13 175/70R13,155/70R13 175/60R14,155/80R13 175/70R13,155/70R13 175/60R14,Swift,,,
f3d9dcdf-6243-4561-8267-facded4262c4,1994,suzuki,swift,Base,90s-research-batch,mismatch,true,155/80R13 175/70R13,155/80R13 175/70R13,155/70R13 175/60R14,155/80R13 175/70R13,155/70R13 175/60R14,Swift,,,
f27dea8f-1d5f-4360-abcd-5a04dd244d6f,1996,suzuki,x-90,Base,90s-research-batch,mismatch,true,205/70R15,205/70R15,195/65R15,205/70R15,195/65R15,X-90,,,
0cb92784-7b79-4cfb-bff5-42d17e33b501,1997,suzuki,x-90,Base,90s-research-batch,mismatch,true,205/70R15,205/70R15,195/65R15,205/70R15,195/65R15,X-90,,,
860f556a-73f5-4481-9873-bc3451eacfd5,2000,toyota,4runner,Limited,trim-research,mismatch,false,265/65R17,265/65R17,225/75R15 265/70R16,265/65R17,225/75R15 265/70R16,4RUNNER,,,
eb91a1d7-e2c5-4b38-9780-df83b0b3adab,2001,toyota,4runner,Limited,trim-research,mismatch,false,265/65R17,265/65R17,225/75R15 265/70R16,265/65R17,225/75R15 265/70R16,4RUNNER,,,
a4253522-837a-4fa0-a813-f9b48f9782dd,2002,toyota,4runner,Limited,trim-research,mismatch,false,265/65R17,265/65R17,265/70R16 225/75R15,265/65R17,265/70R16 225/75R15,4RUNNER,,,
c7312e57-dcff-47be-a706-120ce5a5c699,2000,toyota,avalon,XL/XLE,trim-research,mismatch,false,215/55R17,215/55R17,205/65R15 205/60R16,215/55R17,205/65R15 205/60R16,Avalon,,,
d33545ad-d54a-4f16-a960-79fe0b864e4f,2001,toyota,avalon,XL/XLE,trim-research,mismatch,false,215/55R17,215/55R17,205/65R15 205/60R16,215/55R17,205/65R15 205/60R16,Avalon,,,
1701c0db-1dbd-475b-926d-25b40cd54eff,2002,toyota,avalon,XL/XLE,trim-research,mismatch,false,215/55R17,215/55R17,205/65R15 205/60R16,215/55R17,205/65R15 205/60R16,Avalon,,,
da7d5189-f62c-4d27-a574-92c52045d5f4,2003,toyota,avalon,XL/XLE,trim-research,mismatch,false,215/55R17,215/55R17,205/65R15 205/60R16 215/60R16,215/55R17,205/65R15 205/60R16 215/60R16,Avalon,,,
eef25da0-e3dc-49da-8e33-c3383825bf78,2004,toyota,avalon,XL/XLE,trim-research,mismatch,false,215/55R17,215/55R17,205/65R15 205/60R16,215/55R17,205/65R15 205/60R16,Avalon,,,
9f05e2f8-19b4-4556-9891-cd06d50631e5,2005,toyota,avalon,Limited/Touring,trim-research,mismatch,false,235/45R18,235/45R18,215/60R16 215/55R17,235/45R18,215/60R16 215/55R17,Avalon,,,
60219de4-2646-4b2f-8de8-51e2408df0b4,2012,toyota,camry,L,trim-research,mismatch,true,215/60R16,215/60R16,205/65R16 215/55R17 225/45R18,215/60R16,205/65R16 215/55R17 225/45R18,Camry,,,
935cae1f-9330-4b19-a1bd-d71db18d7630,2012,toyota,camry,LE,trim-research,mismatch,true,215/60R16,215/60R16,205/65R16 215/55R17 225/45R18,215/60R16,205/65R16 215/55R17 225/45R18,Camry,,,
a665342e-f466-44b2-9ab0-9208af2d79d7,2012,toyota,camry,Hybrid XLE,trim-research,mismatch,true,215/60R16,215/60R16,205/65R16 215/55R17 225/45R18,215/60R16,205/65R16 215/55R17 225/45R18,Camry,,,
ccb47360-8bf8-43e6-959f-c535be2f6274,2012,toyota,camry,Hybrid LE,trim-research,mismatch,true,215/60R16,215/60R16,205/65R16 215/55R17 225/45R18,215/60R16,205/65R16 215/55R17 225/45R18,Camry,,,
61311f08-d89c-4b3e-8aed-a1baceb1382b,2013,toyota,camry,Hybrid LE,trim-research,mismatch,true,215/60R16,215/60R16,205/65R16 215/55R17 225/45R18,215/60R16,205/65R16 215/55R17 225/45R18,Camry,,,
706ae568-924e-4e0f-a4a0-158212d9d157,2013,toyota,camry,LE,trim-research,mismatch,true,215/60R16,215/60R16,205/65R16 215/55R17 225/45R18,215/60R16,205/65R16 215/55R17 225/45R18,Camry,,,
e1f7ffe8-ab13-4309-a2cf-21a1db7abeb6,2013,toyota,camry,Hybrid XLE,trim-research,mismatch,true,215/60R16,215/60R16,205/65R16 215/55R17 225/45R18,215/60R16,205/65R16 215/55R17 225/45R18,Camry,,,
f8ce726f-2ee8-4422-90be-e4609b4d4504,2013,toyota,camry,L,trim-research,mismatch,true,215/60R16,215/60R16,205/65R16 215/55R17 225/45R18,215/60R16,205/65R16 215/55R17 225/45R18,Camry,,,
55b4ef6e-8bea-4cb9-ab42-ecc7aff5d6ac,2014,toyota,camry,L,trim-research,mismatch,true,215/60R16,215/60R16,205/65R16 215/55R17 225/45R18,215/60R16,205/65R16 215/55R17 225/45R18,Camry,,,
8bb9428e-bedd-4258-91d6-e9f6bf07a316,2014,toyota,camry,Hybrid XLE,trim-research,mismatch,true,215/60R16,215/60R16,205/65R16 215/55R17 225/45R18,215/60R16,205/65R16 215/55R17 225/45R18,Camry,,,
ae791fb5-f9f3-4df7-b609-78ff476f4413,2014,toyota,camry,Hybrid LE,trim-research,mismatch,true,215/60R16,215/60R16,205/65R16 215/55R17 225/45R18,215/60R16,205/65R16 215/55R17 225/45R18,Camry,,,
fe25ac3f-fbe1-485f-ba26-01f5720652d7,2014,toyota,camry,LE,trim-research,mismatch,true,215/60R16,215/60R16,205/65R16 215/55R17 225/45R18,215/60R16,205/65R16 215/55R17 225/45R18,Camry,,,
2a80790f-2cd2-428b-ba98-ace02b16586b,2015,toyota,camry,Hybrid XLE,trim-research,mismatch,true,215/60R16,215/60R16,205/65R16 215/55R17 225/45R18,215/60R16,205/65R16 215/55R17 225/45R18,Camry,,,
79eb35bb-20a4-4c3e-b171-328ba3fcc390,2015,toyota,camry,Hybrid LE,trim-research,mismatch,true,215/60R16,215/60R16,205/65R16 215/55R17 225/45R18,215/60R16,205/65R16 215/55R17 225/45R18,Camry,,,
c0e5951e-898d-4be9-a1d7-ee100bacd12b,2015,toyota,camry,LE,trim-research,mismatch,true,215/60R16,215/60R16,205/65R16 215/55R17 225/45R18,215/60R16,205/65R16 215/55R17 225/45R18,Camry,,,
f76873ec-c60e-49f4-83eb-218fced5c9e5,2015,toyota,camry,L,trim-research,mismatch,true,215/60R16,215/60R16,205/65R16 215/55R17 225/45R18,215/60R16,205/65R16 215/55R17 225/45R18,Camry,,,
00f6fedb-7958-434f-9e35-be1199eb19ac,2016,toyota,camry,Hybrid LE,trim-research,mismatch,true,215/60R16,215/60R16,215/55R17 225/45R18 205/65R16,215/60R16,215/55R17 225/45R18 205/65R16,Camry,,,
0f66175b-1c02-4f49-9249-220f4fc1eb6a,2016,toyota,camry,Hybrid XLE,trim-research,mismatch,true,215/60R16,215/60R16,215/55R17 225/45R18 205/65R16,215/60R16,215/55R17 225/45R18 205/65R16,Camry,,,
a225447a-51b2-4815-a5c5-269d068c06ea,2016,toyota,camry,L,trim-research,mismatch,true,215/60R16,215/60R16,215/55R17 225/45R18 205/65R16,215/60R16,215/55R17 225/45R18 205/65R16,Camry,,,
c4e3f3b0-611e-41fb-b76c-2e569e2e71e4,2016,toyota,camry,LE,trim-research,mismatch,true,215/60R16,215/60R16,215/55R17 225/45R18 205/65R16,215/60R16,215/55R17 225/45R18 205/65R16,Camry,,,
213880ca-169f-4b65-8e63-b6039fcc7e4c,2017,toyota,camry,LE,trim-research,mismatch,true,215/60R16,215/60R16,205/65R16 215/55R17 225/45R18,215/60R16,205/65R16 215/55R17 225/45R18,Camry,,,
2c2a2d2f-974f-41d0-b0c3-784f459ddd03,2017,toyota,camry,Hybrid XLE,trim-research,mismatch,true,215/60R16,215/60R16,205/65R16 215/55R17 225/45R18,215/60R16,205/65R16 215/55R17 225/45R18,Camry,,,
4528d5c7-4b2d-40da-8818-a2d8a9d9eab9,2017,toyota,camry,L,trim-research,mismatch,true,215/60R16,215/60R16,205/65R16 215/55R17 225/45R18,215/60R16,205/65R16 215/55R17 225/45R18,Camry,,,
82e7f2bf-371d-4155-ac64-0310c3386e35,2017,toyota,camry,Hybrid LE,trim-research,mismatch,true,215/60R16,215/60R16,205/65R16 215/55R17 225/45R18,215/60R16,205/65R16 215/55R17 225/45R18,Camry,,,
fb4d321f-fcf6-406c-9ef3-53ee3aecd15f,1990,toyota,corolla,Base,trim-research,mismatch,true,185/70R14,185/70R14,185/70R13 185/60R14 175/70R13 155/80R13,185/70R14,185/70R13 185/60R14 175/70R13 155/80R13,Corolla,,,
1998b72c-033a-447c-b75d-6f15cecbda1d,1991,toyota,corolla,Base,trim-research,mismatch,true,185/70R14,185/70R14,185/70R13 185/60R14 175/70R13 155/80R13,185/70R14,185/70R13 185/60R14 175/70R13 155/80R13,Corolla,,,
36e2af53-0350-4beb-998d-c60f23125a84,1992,toyota,corolla,Base,trim-research,mismatch,false,185/70R14,185/70R14,185/70R13 155/80R13 175/70R13,185/70R14,185/70R13 155/80R13 175/70R13,Corolla,,,
76248d73-835e-4b51-955e-ae174dddaec0,2003,toyota,corolla,XSE,trim-research,mismatch,false,205/55R16,205/55R16,185/65R15 195/65R15,205/55R16,185/65R15 195/65R15,Corolla,,,
df9f1ef0-e327-4dcd-9857-3974bfa71454,2004,toyota,corolla,XSE,trim-research,mismatch,false,205/55R16,205/55R16,185/65R15 195/65R15,205/55R16,185/65R15 195/65R15,Corolla,,,
05d999be-66b4-4db5-979b-e0f755d2cee7,2005,toyota,corolla,XSE,trim-research,mismatch,true,205/55R16,205/55R16,185/65R15 195/65R15 195/55R16,205/55R16,185/65R15 195/65R15 195/55R16,Corolla,,,
ff725552-b39f-46ca-93d1-7fa3d6c8b9c9,2006,toyota,corolla,XSE,trim-research,mismatch,true,205/55R16,205/55R16,185/65R15 195/65R15 195/55R16,205/55R16,185/65R15 195/65R15 195/55R16,Corolla,,,
cf6e78eb-5dbc-4d69-b7be-5edd1f162061,2007,toyota,corolla,XSE,trim-research,mismatch,true,205/55R16,205/55R16,185/65R15 195/65R15 195/55R16,205/55R16,185/65R15 195/65R15 195/55R16,Corolla,,,
6278f49a-3b0a-4a48-97a7-b042b6d758bd,2008,toyota,corolla,XSE,trim-research,mismatch,true,205/55R16,205/55R16,185/65R15 195/65R15 195/55R16,205/55R16,185/65R15 195/65R15 195/55R16,Corolla,,,
28dd0b2e-7188-4fba-9a18-bd9d69be9ae5,2023,toyota,corolla,LE,trim-research,mismatch,false,195/65R15,195/65R15,205/55R16 225/40R18,195/65R15,205/55R16 225/40R18,Corolla,,,
6d6bb04b-0d9b-488d-bd16-a476b02923ea,2023,toyota,corolla,"L, LE, SE, XLE, XSE",trim-research,mismatch,false,195/65R15,195/65R15,205/55R16 225/40R18,195/65R15,205/55R16 225/40R18,Corolla,,,
b91bf6f5-8354-4687-a232-f8eb35ec3603,2023,toyota,corolla,L,trim-research,mismatch,false,195/65R15,195/65R15,205/55R16 225/40R18,195/65R15,205/55R16 225/40R18,Corolla,,,
5779a3c3-9ef3-48ea-841a-5e6aefefcf70,2024,toyota,corolla,"L, LE, SE, XLE, XSE",trim-research,mismatch,false,195/65R15,195/65R15,205/55R16 225/40R18,195/65R15,205/55R16 225/40R18,Corolla,,,
6b316eef-417e-415a-ad28-74e09acb4be7,2024,toyota,corolla,LE,trim-research,mismatch,false,195/65R15,195/65R15,205/55R16 225/40R18,195/65R15,205/55R16 225/40R18,Corolla,,,
7f0e6809-d999-4ed8-be32-8519d33ef5aa,2024,toyota,corolla,L,trim-research,mismatch,false,195/65R15,195/65R15,205/55R16 225/40R18,195/65R15,205/55R16 225/40R18,Corolla,,,
130958ed-8e11-4751-afbf-eefc0521eb38,2025,toyota,corolla,"L, LE, SE, XLE, XSE",trim-research,mismatch,false,195/65R15,195/65R15,205/55R16 225/40R18,195/65R15,205/55R16 225/40R18,Corolla,,,
3ff6b4a5-69ba-4d48-9588-f5ab80722111,2025,toyota,corolla,L,trim-research,mismatch,false,195/65R15,195/65R15,205/55R16 225/40R18,195/65R15,205/55R16 225/40R18,Corolla,,,
eb08b107-b1d8-4775-bdd1-47cc321290e5,2025,toyota,corolla,LE,trim-research,mismatch,false,195/65R15,195/65R15,205/55R16 225/40R18,195/65R15,205/55R16 225/40R18,Corolla,,,
223d0b9a-610a-4450-a244-dfefe012b2e6,2026,toyota,corolla,L,trim-research,mismatch,false,195/65R15,195/65R15,205/55R16 225/40R18,195/65R15,205/55R16 225/40R18,Corolla,,,
6057f663-1702-4e45-8c1f-2be551d3bc23,2026,toyota,corolla,"L, LE, SE, XLE, XSE",trim-research,mismatch,false,195/65R15,195/65R15,205/55R16 225/40R18,195/65R15,205/55R16 225/40R18,Corolla,,,
d33635e9-c875-4c05-a494-603b5dd9efdb,2026,toyota,corolla,LE,trim-research,mismatch,false,195/65R15,195/65R15,205/55R16 225/40R18,195/65R15,205/55R16 225/40R18,Corolla,,,
ad007888-d000-4d72-9c71-de5165413d4a,2022,toyota,corolla-cross,Base,trim-research,mismatch,false,195/65R15,195/65R15,215/65R17 225/55R18,195/65R15,215/65R17 225/55R18,Corolla Cross,,,
d6a4e34a-70d7-4aae-8a37-cec06b5826c3,2023,toyota,corolla-cross,Base,trim-research,mismatch,false,195/65R15,195/65R15,215/65R17 225/55R18,195/65R15,215/65R17 225/55R18,Corolla Cross,,,
63a26f6e-3a52-4e2d-abb6-44e9b5176d84,2024,toyota,corolla-cross,Base,trim-research,mismatch,false,195/65R15,195/65R15,215/65R17 225/55R18,195/65R15,215/65R17 225/55R18,Corolla Cross,,,
42158350-3a74-4c6f-9103-e6780325110a,2025,toyota,corolla-cross,Base,trim-research,mismatch,false,195/65R15,195/65R15,215/65R17 225/55R18,195/65R15,215/65R17 225/55R18,Corolla Cross,,,
b3426ed1-20f1-406b-b670-c8d881229865,2026,toyota,corolla-cross,Base,trim-research,mismatch,false,195/65R15,195/65R15,215/65R17 225/55R18,195/65R15,215/65R17 225/55R18,Corolla Cross,,,
e7b412cd-b814-4e87-ba8a-c810323c6dbb,2024,toyota,grand-highlander,Base,catalog-gap-fill,mismatch,true,235/65R18 235/55R20,235/65R18 235/55R20,255/55R20 255/65R18,235/65R18 235/55R20,255/55R20 255/65R18,Grand Highlander,,,
8963a7c2-17ab-4d7e-9fef-4133ac3675c3,2025,toyota,grand-highlander,Base,catalog-gap-fill,mismatch,true,235/65R18 235/55R20,235/65R18 235/55R20,255/55R20 255/65R18,235/65R18 235/55R20,255/55R20 255/65R18,Grand Highlander,,,
8809311f-a5ea-4029-8750-9eb7e4b5e61f,1990,toyota,land-cruiser,Base,90s-research-batch,mismatch,true,265/75R15 215/80R16 275/70R16,265/75R15 215/80R16 275/70R16,235/75R15 31X10.50R15,265/75R15 215/80R16 275/70R16,235/75R15 31X10.50R15,Land Cruiser,,,
80159eec-446b-4ede-9738-78422a6d5112,1991,toyota,land-cruiser,Base,90s-research-batch,mismatch,true,265/75R15 215/80R16 275/70R16,265/75R15 215/80R16 275/70R16,235/75R15 31X10.50R15,265/75R15 215/80R16 275/70R16,235/75R15 31X10.50R15,Land Cruiser,,,
48ecbe5a-74ba-4793-96d3-d47e4a6affa6,1992,toyota,land-cruiser,Base,90s-research-batch,mismatch,true,265/75R15 215/80R16 275/70R16,265/75R15 215/80R16 275/70R16,235/75R15 31X10.50R15,265/75R15 215/80R16 275/70R16,235/75R15 31X10.50R15,Land Cruiser,,,
a6741eea-d35c-4652-a077-af7daca79f86,1993,toyota,land-cruiser,Base,90s-research-batch,mismatch,true,265/75R15 215/80R16 275/70R16,265/75R15 215/80R16 275/70R16,235/75R15,265/75R15 215/80R16 275/70R16,235/75R15,Land Cruiser,,,
1a1df037-fba3-4ab6-a9a1-9026aef301f1,2002,toyota,land-cruiser,Base,trim-research,mismatch,false,265/70R18,265/70R18,275/70R16,265/70R18,275/70R16,Land Cruiser,,,
6551ab1b-878c-4afc-8341-9f950af27d4e,2024,toyota,land-cruiser,First Edition,trim-research,mismatch,true,265/65R18,265/65R18,265/70R18 265/60R20 245/70R18,265/65R18,265/70R18 265/60R20 245/70R18,Land Cruiser,,,
9eb7a035-3dcc-40ce-8c18-4bb329f0168d,2024,toyota,land-cruiser,1958 Edition,trim-research,mismatch,true,265/65R18,265/65R18,265/70R18 265/60R20 245/70R18,265/65R18,265/70R18 265/60R20 245/70R18,Land Cruiser,,,
4b5ec9ec-d204-4b64-be09-cfad36a2b4e5,2025,toyota,land-cruiser,First Edition,trim-research,mismatch,true,265/65R18,265/65R18,265/70R18 265/60R20 245/70R18,265/65R18,265/70R18 265/60R20 245/70R18,Land Cruiser,,,
e15432cf-04a4-46a3-bb0a-4536a9f46619,2025,toyota,land-cruiser,1958 Edition,trim-research,mismatch,true,265/65R18,265/65R18,265/70R18 265/60R20 245/70R18,265/65R18,265/70R18 265/60R20 245/70R18,Land Cruiser,,,
681e01e9-c791-493c-bd30-d758c8fcb25f,2026,toyota,land-cruiser,1958 Edition,trim-research,mismatch,true,265/65R18,265/65R18,265/70R18 265/60R20 245/70R18,265/65R18,265/70R18 265/60R20 245/70R18,Land Cruiser,,,
daa95d06-ab3d-475b-8815-20f6364a289a,2026,toyota,land-cruiser,First Edition,trim-research,mismatch,true,265/65R18,265/65R18,265/70R18 265/60R20 245/70R18,265/65R18,265/70R18 265/60R20 245/70R18,Land Cruiser,,,
345a5ba1-5ba1-4654-8233-7271ecb0dcae,2016,toyota,mirai,Base,trim-research,mismatch,false,235/50R19,235/50R19,215/55R17,235/50R19,215/55R17,Mirai,,,
8a3f19a1-0b16-4837-8f0c-4b2209264c5f,2017,toyota,mirai,Base,trim-research,mismatch,false,235/50R19,235/50R19,215/55R17,235/50R19,215/55R17,Mirai,,,
10aefdb4-9187-4ec0-8323-875d18625333,2019,toyota,mirai,Base,trim-research,mismatch,false,235/50R19,235/50R19,215/55R17,235/50R19,215/55R17,Mirai,,,
821c3feb-c329-41a1-8dab-cc1e22a10f48,2020,toyota,mirai,Base,trim-research,mismatch,false,235/50R19,235/50R19,215/55R17,235/50R19,215/55R17,Mirai,,,
671baf04-a347-495c-a421-537350c5c2b3,2000,toyota,mr2,Base,catalog-gap-fill [web_research],mismatch,true,195/65R15,195/65R15,185/55R15 205/50R15,195/65R15,185/55R15 205/50R15,MR2 Spyder,,,
4f563dc8-9b7d-4618-bcda-1340ba32b59c,2000,toyota,mr2-spyder,Base,catalog-gap-fill [web_research],mismatch,true,195/65R15,195/65R15,185/55R15 205/50R15,195/65R15,185/55R15 205/50R15,MR2 Spyder,,,
33b0a8ed-ede4-4ada-82e4-cf23b8a0522d,2001,toyota,mr2-spyder,Base,catalog-gap-fill [web_research],mismatch,true,195/65R15,195/65R15,185/55R15 205/50R15,195/65R15,185/55R15 205/50R15,MR2 Spyder,,,
e1e195ca-8532-44e8-8ccc-bb20a332ed8b,2002,toyota,mr2-spyder,Base,catalog-gap-fill [web_research],mismatch,true,195/65R15,195/65R15,185/55R15 205/50R15,195/65R15,185/55R15 205/50R15,MR2 Spyder,,,
0161ed73-e685-40d1-8f2d-3ce8edbd5b88,2003,toyota,mr2-spyder,Base,catalog-gap-fill [web_research],mismatch,true,195/65R15,195/65R15,185/55R15 215/45R16,195/65R15,185/55R15 215/45R16,MR2 Spyder,,,
c333c6c5-36a3-4c3c-95d8-94d32620a7c9,2004,toyota,mr2-spyder,Base,catalog-gap-fill [web_research],mismatch,true,195/65R15,195/65R15,185/55R15 215/45R16,195/65R15,185/55R15 215/45R16,MR2 Spyder,,,
08788e70-7639-4bcd-af22-4edda72541f4,2005,toyota,mr2-spyder,Base,catalog-gap-fill [web_research],mismatch,true,195/65R15,195/65R15,185/55R15 215/45R16,195/65R15,185/55R15 215/45R16,MR2 Spyder,,,
167527be-c978-4a38-8d25-2fd68131d356,2003,toyota,prius,L Eco,trim-research,mismatch,false,195/65R15,195/65R15,175/65R14,195/65R15,175/65R14,Prius,,,
3de1891a-6a2d-4ec9-85f2-017e7119e0ae,2003,toyota,prius,XLE,trim-research,mismatch,false,195/65R15,195/65R15,175/65R14,195/65R15,175/65R14,Prius,,,
76d159e3-e944-4b96-a7de-041a623a4827,2003,toyota,prius,Limited,trim-research,mismatch,false,195/65R15,195/65R15,175/65R14,195/65R15,175/65R14,Prius,,,
9ec314c6-7622-4d72-a6aa-741ef37a5784,2003,toyota,prius,LE,trim-research,mismatch,false,195/65R15,195/65R15,175/65R14,195/65R15,175/65R14,Prius,,,
b703e11d-9dbe-414f-99aa-e1f1a7cda6dc,2003,toyota,prius,"L Eco, LE, XLE, Limited",trim-research,mismatch,false,195/65R15,195/65R15,175/65R14,195/65R15,175/65R14,Prius,,,
1d79dc58-cb6a-4deb-929e-ce126d6c18a3,2023,toyota,prius-plug-in,Base,catalog-gap-fill,mismatch,true,195/65R15 215/45R17,195/65R15 215/45R17,195/60R17 195/50R19,195/65R15 215/45R17,195/60R17 195/50R19,Prius,,,
61fcf9e3-cb08-43d5-a8fa-000ab8bf77df,2024,toyota,prius-plug-in,Base,catalog-gap-fill,mismatch,true,195/65R15 215/45R17,195/65R15 215/45R17,195/60R17 195/50R19,195/65R15 215/45R17,195/60R17 195/50R19,Prius,,,
9946d82e-8c42-4e64-a29b-0b2c4939541b,2025,toyota,prius-plug-in,Base,catalog-gap-fill,mismatch,true,195/65R15 215/45R17,195/65R15 215/45R17,195/60R17 195/50R19,195/65R15 215/45R17,195/60R17 195/50R19,Prius,,,
0aa7d07d-e24b-4453-9a03-693ea4ac6201,2026,toyota,prius-plug-in,Base,catalog-gap-fill,mismatch,true,195/65R15 215/45R17,195/65R15 215/45R17,195/60R17 195/50R19,195/65R15 215/45R17,195/60R17 195/50R19,Prius,,,
614759a4-235b-4994-87ec-6d157b4f891c,2017,toyota,prius-prime,Base,trim-research,mismatch,false,215/50R17,215/50R17,195/65R15,215/50R17,195/65R15,Prius Prime,,,
c14f8a52-c19a-4c76-ab91-873290edb52b,2019,toyota,prius-prime,Base,trim-research,mismatch,false,215/50R17,215/50R17,195/65R15,215/50R17,195/65R15,Prius Prime,,,
a0836782-8179-4e3c-94b8-180a172e13e7,2020,toyota,prius-prime,Base,trim-research,mismatch,false,215/50R17,215/50R17,195/65R15,215/50R17,195/65R15,Prius Prime,,,
de8493cf-cb31-409f-b94e-2d3db7709fc8,2021,toyota,prius-prime,Base,trim-research,mismatch,false,215/50R17,215/50R17,195/65R15,215/50R17,195/65R15,Prius Prime,,,
ddba996b-48a0-4beb-91de-8372c4e38642,2022,toyota,prius-prime,Base,trim-research,mismatch,false,215/50R17,215/50R17,195/65R15,215/50R17,195/65R15,Prius Prime,,,
93ac56e9-de68-4b1c-9651-7526e3c7595f,2023,toyota,prius-prime,Base,catalog-gap-fill,mismatch,true,195/65R15 215/45R17,195/65R15 215/45R17,195/50R19 195/60R17,195/65R15 215/45R17,195/50R19 195/60R17,Prius Prime,,,
b2983795-7b7f-4d4f-8837-f6484c336742,2024,toyota,prius-prime,Base,catalog-gap-fill,mismatch,true,195/65R15 215/45R17,195/65R15 215/45R17,195/60R17 195/50R19,195/65R15 215/45R17,195/60R17 195/50R19,Prius Prime,,,
97c4e642-2362-4c76-b607-00ef14165d8d,2012,toyota,prius-v,Base,trim-research,mismatch,true,215/50R17,215/50R17,195/65R15 215/45R17,215/50R17,195/65R15 215/45R17,Prius,,,
5a82c459-4ac0-48da-a916-717adf21a429,2013,toyota,prius-v,Base,trim-research,mismatch,true,215/50R17,215/50R17,195/65R15 215/45R17,215/50R17,195/65R15 215/45R17,Prius,,,
f7e174aa-3fcb-4ce5-aa28-4c3dfddadf9e,2014,toyota,prius-v,Base,trim-research,mismatch,true,215/50R17,215/50R17,195/65R15 215/45R17,215/50R17,195/65R15 215/45R17,Prius,,,
a77182ec-7855-45e6-80a7-f77e5769dedc,2015,toyota,prius-v,Base,trim-research,mismatch,true,215/50R17,215/50R17,195/65R15 215/45R17,215/50R17,195/65R15 215/45R17,Prius,,,
c837279f-8466-444b-9c26-acd4f3ff3e1b,2016,toyota,prius-v,Base,trim-research,mismatch,true,215/50R17,215/50R17,195/65R15 215/45R17,215/50R17,195/65R15 215/45R17,Prius,,,
2f3a0899-5de8-4e5f-a5ae-c05e45ae356b,2017,toyota,prius-v,Base,trim-research,mismatch,true,215/50R17,215/50R17,195/65R15 215/45R17,215/50R17,195/65R15 215/45R17,Prius,,,
20853e8d-5b8b-4ec8-b5eb-47855e548792,2001,toyota,rav4,Base,verified-research [sizes-inherited] [expanded],mismatch,true,225/70R16,225/70R16,215/70R16 235/60R16,225/70R16,215/70R16 235/60R16,Rav4,,,
96d0ba7a-3102-431a-a6e4-4354bf686d5b,2002,toyota,rav4,Base,trim-research,mismatch,true,225/70R16,225/70R16,215/70R16 235/60R16,225/70R16,215/70R16 235/60R16,Rav4,,,
3c7013ad-e5e9-4c40-8e87-a42f84f8f5e8,2003,toyota,rav4,Base,trim-research,mismatch,true,225/70R16,225/70R16,215/70R16 235/60R16 195/80R16,225/70R16,215/70R16 235/60R16 195/80R16,Rav4,,,
f27c89ff-ab6c-49e7-88c9-11718bf9c6d4,2004,toyota,rav4,Base,trim-research,mismatch,true,225/70R16,225/70R16,215/70R16 235/60R16 195/80R16,225/70R16,215/70R16 235/60R16 195/80R16,Rav4,,,
aa8f4628-bdd0-4564-8f8d-5b18a3f06ec6,2005,toyota,rav4,Base,trim-research,mismatch,true,225/70R16,225/70R16,215/70R16 235/60R16,225/70R16,215/70R16 235/60R16,Rav4,,,
d19cc027-9042-4af7-984d-41e4e9e1084b,2007,toyota,rav4,Base,trim-research,mismatch,true,235/65R17,235/65R17,215/70R16 225/65R17 235/55R18,235/65R17,215/70R16 225/65R17 235/55R18,Rav4,,,
f66688ed-90a3-47da-a348-3c3aabcce606,2007,toyota,rav4,Adventure,trim-research,mismatch,true,225/70R16,225/70R16,215/70R16 225/65R17 235/55R18,225/70R16,215/70R16 225/65R17 235/55R18,Rav4,,,
fdd0cfc4-847a-41a6-93a1-1d21caf712fb,2008,toyota,rav4,Base,verified-research [sizes-inherited] [expanded],mismatch,true,235/65R17,235/65R17,215/70R16 225/65R17 235/55R18,235/65R17,215/70R16 225/65R17 235/55R18,Rav4,,,
ebe31756-7519-4854-8a4d-270517afe9d8,2009,toyota,rav4,Base,verified-research [sizes-inherited] [expanded],mismatch,true,235/65R17,235/65R17,215/70R16 225/65R17 235/55R18,235/65R17,215/70R16 225/65R17 235/55R18,Rav4,,,
3d3bda11-7cf4-4107-8b9c-a68e669a3222,2010,toyota,rav4,XLE Premium,trim-research,mismatch,true,225/70R16,225/70R16,215/70R16 225/65R17 235/55R18,225/70R16,215/70R16 225/65R17 235/55R18,Rav4,,,
421e0050-c986-4b02-9499-c3b552048178,2010,toyota,rav4,Base,trim-research,mismatch,true,235/65R17,235/65R17,215/70R16 225/65R17 235/55R18,235/65R17,215/70R16 225/65R17 235/55R18,Rav4,,,
48d9d72e-0060-4f43-8849-003726222c3a,2010,toyota,rav4,LE,trim-research,mismatch,true,225/70R16,225/70R16,215/70R16 225/65R17 235/55R18,225/70R16,215/70R16 225/65R17 235/55R18,Rav4,,,
4f1b35e2-c112-405d-ac69-a9c42b4784f1,2010,toyota,rav4,Limited,trim-research,mismatch,true,235/55R17,235/55R17,215/70R16 225/65R17 235/55R18,235/55R17,215/70R16 225/65R17 235/55R18,Rav4,,,
589a906f-6197-4f78-bb76-f1c40612f711,2010,toyota,rav4,Adventure,trim-research,mismatch,true,225/70R16,225/70R16,215/70R16 225/65R17 235/55R18,225/70R16,215/70R16 225/65R17 235/55R18,Rav4,,,
671a4f6a-ed6b-4233-8a3b-0e360a912dcf,2010,toyota,rav4,XLE,trim-research,mismatch,true,225/70R16,225/70R16,215/70R16 225/65R17 235/55R18,225/70R16,215/70R16 225/65R17 235/55R18,Rav4,,,
8421bc63-b806-46ee-ac22-a15b6132b2c7,2010,toyota,rav4,Sport,trim-research,mismatch,true,235/55R17,235/55R17,215/70R16 225/65R17 235/55R18,235/55R17,215/70R16 225/65R17 235/55R18,Rav4,,,
a6fe5f21-cf84-48cd-bc96-271e7e2fb3e6,2010,toyota,rav4,Limited,trim-research,mismatch,true,235/55R17,235/55R17,215/70R16 225/65R17 235/55R18,235/55R17,215/70R16 225/65R17 235/55R18,Rav4,,,
1cb0e275-203f-4f05-941d-899acc74a2ac,2011,toyota,rav4,Sport,trim-research,mismatch,true,235/55R17,235/55R17,215/70R16 225/65R17 235/55R18,235/55R17,215/70R16 225/65R17 235/55R18,Rav4,,,
2a20f388-f175-4414-8129-2f4676fbaa42,2011,toyota,rav4,XLE Premium,trim-research,mismatch,true,225/70R16,225/70R16,215/70R16 225/65R17 235/55R18,225/70R16,215/70R16 225/65R17 235/55R18,Rav4,,,
2cad24f3-9fad-433b-b7ea-96c69d881720,2011,toyota,rav4,Base,trim-research,mismatch,true,235/65R17,235/65R17,215/70R16 225/65R17 235/55R18,235/65R17,215/70R16 225/65R17 235/55R18,Rav4,,,
4c920750-70f0-4764-8f3f-35e14811f408,2011,toyota,rav4,Limited,trim-research,mismatch,true,235/55R17,235/55R17,215/70R16 225/65R17 235/55R18,235/55R17,215/70R16 225/65R17 235/55R18,Rav4,,,
50d169e8-83bf-4031-b90f-7baf353a1ceb,2011,toyota,rav4,XLE,trim-research,mismatch,true,225/70R16,225/70R16,215/70R16 225/65R17 235/55R18,225/70R16,215/70R16 225/65R17 235/55R18,Rav4,,,
5fca6fab-3900-4d1a-8d79-178f94e156ff,2011,toyota,rav4,LE,trim-research,mismatch,true,225/70R16,225/70R16,215/70R16 225/65R17 235/55R18,225/70R16,215/70R16 225/65R17 235/55R18,Rav4,,,
7c601a30-26b0-43dc-95a4-61f99453bcda,2011,toyota,rav4,Limited,trim-research,mismatch,true,235/55R17,235/55R17,215/70R16 225/65R17 235/55R18,235/55R17,215/70R16 225/65R17 235/55R18,Rav4,,,
ea4ecb46-ba03-45a1-bc15-b42ba6878784,2011,toyota,rav4,Adventure,trim-research,mismatch,true,225/70R16,225/70R16,215/70R16 225/65R17 235/55R18,225/70R16,215/70R16 225/65R17 235/55R18,Rav4,,,
06813644-409b-4b0b-9d37-1a3d5f8d9bf5,2012,toyota,rav4,Adventure,trim-research,mismatch,true,225/70R16,225/70R16,215/70R16 225/65R17 235/55R18,225/70R16,215/70R16 225/65R17 235/55R18,Rav4,,,
2baee6d4-8cd5-4e09-b931-4cef73a99d05,2012,toyota,rav4,XLE Premium,trim-research,mismatch,true,225/70R16,225/70R16,215/70R16 225/65R17 235/55R18,225/70R16,215/70R16 225/65R17 235/55R18,Rav4,,,
3335f6ce-89ff-4050-a102-a97b6430ba7b,2012,toyota,rav4,Limited,trim-research,mismatch,true,235/55R17,235/55R17,215/70R16 225/65R17 235/55R18,235/55R17,215/70R16 225/65R17 235/55R18,Rav4,,,
421e3c65-1673-4857-9571-3e401c40bd8a,2012,toyota,rav4,Sport,trim-research,mismatch,true,235/55R17,235/55R17,215/70R16 225/65R17 235/55R18,235/55R17,215/70R16 225/65R17 235/55R18,Rav4,,,
8a2aad65-923e-4024-92f1-6f705405fff6,2012,toyota,rav4,Limited,trim-research,mismatch,true,235/55R17,235/55R17,215/70R16 225/65R17 235/55R18,235/55R17,215/70R16 225/65R17 235/55R18,Rav4,,,
d2dc536b-954d-442b-b23d-ecb3befb12e3,2012,toyota,rav4,Base,trim-research,mismatch,true,235/65R17,235/65R17,215/70R16 225/65R17 235/55R18,235/65R17,215/70R16 225/65R17 235/55R18,Rav4,,,
d99abe31-7de0-474c-9fb2-3d66cb380926,2012,toyota,rav4,XLE,trim-research,mismatch,true,225/70R16,225/70R16,215/70R16 225/65R17 235/55R18,225/70R16,215/70R16 225/65R17 235/55R18,Rav4,,,
f3a790f8-3af1-4916-b6db-510e2a591c09,2012,toyota,rav4,LE,trim-research,mismatch,true,225/70R16,225/70R16,215/70R16 225/65R17 235/55R18,225/70R16,215/70R16 225/65R17 235/55R18,Rav4,,,
246ea732-f501-49e7-b260-2a740e4f6f2e,2025,toyota,rav4-hybrid,XLE,verified-research,mismatch,true,235/60R18,235/60R18,225/65R17 225/60R18 235/55R19,235/60R18,225/65R17 225/60R18 235/55R19,RAV4,,,
f4ac80a1-27be-4f20-8dc7-7f1ea7b4a2d3,2025,toyota,rav4-hybrid,SE,verified-research,mismatch,true,235/65R17,235/65R17,225/65R17 225/60R18 235/55R19,235/65R17,225/65R17 225/60R18 235/55R19,RAV4,,,
536c61d2-77d3-4612-906b-77641001d654,2001,toyota,sequoia,Limited,trim-research,mismatch,false,265/70R17,265/70R17,245/70R16 265/70R16,265/70R17,245/70R16 265/70R16,Sequoia,,,
ca0c61b4-85c4-42de-9b7d-75dc9f105618,2001,toyota,sequoia,SR5,trim-research,mismatch,false,265/70R17,265/70R17,245/70R16 265/70R16,265/70R17,245/70R16 265/70R16,Sequoia,,,
2f1da2a3-bb72-4817-b7d9-1774a9e209a1,2019,toyota,sequoia,Limited,verified-research [sizes-inherited],mismatch,false,285/45R22,285/45R22,275/55R20 275/65R18,285/45R22,275/55R20 275/65R18,Sequoia,,,
aedc5a1b-e6f7-489a-9dfa-7022f0797aa7,2019,toyota,sequoia,TRD Pro,verified-research [sizes-inherited],mismatch,false,285/45R22,285/45R22,275/55R20 275/65R18,285/45R22,275/55R20 275/65R18,Sequoia,,,
afbcac18-a88a-4784-a004-d27090b87fec,2019,toyota,sequoia,Platinum,verified-research [sizes-inherited],mismatch,false,285/45R22,285/45R22,275/55R20 275/65R18,285/45R22,275/55R20 275/65R18,Sequoia,,,
c48a4285-509e-4883-996a-c55239c8a0e1,2019,toyota,sequoia,SR5,verified-research [sizes-inherited],mismatch,false,285/45R22,285/45R22,275/55R20 275/65R18,285/45R22,275/55R20 275/65R18,Sequoia,,,
da148483-8ccb-4a03-b5d7-6afd792229a0,2019,toyota,sequoia,TRD Sport,verified-research [sizes-inherited],mismatch,false,285/45R22,285/45R22,275/55R20 275/65R18,285/45R22,275/55R20 275/65R18,Sequoia,,,
155ff84f-e237-47cb-92e1-ab79e09fa328,2020,toyota,sequoia,Platinum,generation_import,mismatch,false,285/45R22,285/45R22,275/55R20 275/65R18,285/45R22,275/55R20 275/65R18,Sequoia,,,
5528e690-2c4b-4104-b59c-0e17ca8a3c39,2020,toyota,sequoia,TRD Sport,generation_import,mismatch,false,285/45R22,285/45R22,275/55R20 275/65R18,285/45R22,275/55R20 275/65R18,Sequoia,,,
57600bfa-e500-4a3b-b7c2-dfe8f8a49f75,2020,toyota,sequoia,Limited,generation_import,mismatch,false,285/45R22,285/45R22,275/55R20 275/65R18,285/45R22,275/55R20 275/65R18,Sequoia,,,
c002a7cc-40eb-4c28-89cc-be71329efbef,2020,toyota,sequoia,TRD Pro,generation_import,mismatch,false,285/45R22,285/45R22,275/55R20 275/65R18,285/45R22,275/55R20 275/65R18,Sequoia,,,
ed050eb5-0de9-4cd2-94db-70077b8c13e5,2020,toyota,sequoia,SR5,generation_import,mismatch,false,285/45R22,285/45R22,275/55R20 275/65R18,285/45R22,275/55R20 275/65R18,Sequoia,,,
29aa889a-3e05-4943-afcd-0939da2f13ce,2021,toyota,sequoia,Limited,verified-research [sizes-inherited],mismatch,false,285/45R22,285/45R22,275/55R20 275/65R18,285/45R22,275/55R20 275/65R18,Sequoia,,,
52529af2-5fde-4b13-83d4-ce0e5dde29da,2021,toyota,sequoia,TRD Pro,verified-research [sizes-inherited],mismatch,false,285/45R22,285/45R22,275/55R20 275/65R18,285/45R22,275/55R20 275/65R18,Sequoia,,,
754d704f-139a-44cf-9727-0a0255fdd450,2021,toyota,sequoia,SR5,verified-research [sizes-inherited],mismatch,false,285/45R22,285/45R22,275/55R20 275/65R18,285/45R22,275/55R20 275/65R18,Sequoia,,,
d222c2e2-e94e-471d-a97b-b7f4c43693b8,2021,toyota,sequoia,TRD Sport,verified-research [sizes-inherited],mismatch,false,285/45R22,285/45R22,275/55R20 275/65R18,285/45R22,275/55R20 275/65R18,Sequoia,,,
fb5731f8-2388-402f-9689-ba2df6048c80,2021,toyota,sequoia,Platinum,verified-research [sizes-inherited],mismatch,false,285/45R22,285/45R22,275/55R20 275/65R18,285/45R22,275/55R20 275/65R18,Sequoia,,,
1c65dab1-d30a-496b-bacf-5484deebd0a6,2022,toyota,sequoia,SR5,verified-research [sizes-inherited],mismatch,false,285/45R22,285/45R22,275/55R20 275/65R18,285/45R22,275/55R20 275/65R18,Sequoia,,,
9a00c287-e380-4755-b368-e80e27037fb9,2022,toyota,sequoia,TRD Sport,verified-research [sizes-inherited],mismatch,false,285/45R22,285/45R22,275/55R20 275/65R18,285/45R22,275/55R20 275/65R18,Sequoia,,,
a5f098f4-3645-45fd-bf77-4091ddf23cf6,2022,toyota,sequoia,Platinum,verified-research [sizes-inherited],mismatch,false,285/45R22,285/45R22,275/55R20 275/65R18,285/45R22,275/55R20 275/65R18,Sequoia,,,
c47fb9ea-cfdd-4e42-a741-6f1984e642f8,2022,toyota,sequoia,TRD Pro,verified-research [sizes-inherited],mismatch,false,285/45R22,285/45R22,275/55R20 275/65R18,285/45R22,275/55R20 275/65R18,Sequoia,,,
d3e8537a-a5d0-45a9-b207-13c8c0c7bc3f,2022,toyota,sequoia,Limited,verified-research [sizes-inherited],mismatch,false,285/45R22,285/45R22,275/55R20 275/65R18,285/45R22,275/55R20 275/65R18,Sequoia,,,
290faf35-0e8f-4d31-b131-0bc034ffd8e5,2025,toyota,supra,Base,trim-research,mismatch,false,255/40ZR18 275/40ZR18,255/40R18 275/40R18,255/35R19 275/35R19,255/40R18 275/40R18,255/35R19 275/35R19,GR Supra,,,
2df28710-5a91-472e-b0fa-d99d8a1fb74c,2025,toyota,supra,Base,trim-research,mismatch,false,255/40ZR18 275/40ZR18,255/40R18 275/40R18,255/35R19 275/35R19,255/40R18 275/40R18,255/35R19 275/35R19,GR Supra,,,
3d6c00af-9fe6-456b-bc49-5e5a0557931e,2025,toyota,supra,2.0,trim-research,mismatch,false,255/40ZR18 275/40ZR18,255/40R18 275/40R18,255/35R19 275/35R19,255/40R18 275/40R18,255/35R19 275/35R19,GR Supra,,,
1ad9307a-5c2a-497c-b5ad-0d352bcf5d30,2026,toyota,supra,2.0,trim-research,mismatch,false,255/40ZR18 275/40ZR18,255/40R18 275/40R18,255/35R19 275/35R19,255/40R18 275/40R18,255/35R19 275/35R19,GR Supra,,,
a207e18d-cecf-48d4-8f2f-365a04c9455f,2026,toyota,supra,Base,trim-research,mismatch,false,255/40ZR18 275/40ZR18,255/40R18 275/40R18,255/35R19 275/35R19,255/40R18 275/40R18,255/35R19 275/35R19,GR Supra,,,
e3cb684f-8b09-4778-965d-5ec79b1ee268,2026,toyota,supra,Base,trim-research,mismatch,false,255/40ZR18 275/40ZR18,255/40R18 275/40R18,255/35R19 275/35R19,255/40R18 275/40R18,255/35R19 275/35R19,GR Supra,,,
456261d3-fed5-49c9-ad69-568bd0db24f2,1995,toyota,tacoma,SR5,trim-research,mismatch,true,265/75R15,265/75R15,195/75R14 205/75R14 215/65R15 225/75R15 31X10.50R15,265/75R15,195/75R14 205/75R14 215/65R15 225/75R15 31X10.50R15,Tacoma,,,
741b79c8-40be-42e5-a773-b886585b5f24,1995,toyota,tacoma,SR5,trim-research,mismatch,true,265/75R15,265/75R15,195/75R14 205/75R14 215/65R15 225/75R15 31X10.50R15,265/75R15,195/75R14 205/75R14 215/65R15 225/75R15 31X10.50R15,Tacoma,,,
81277382-3dda-4d9d-a6a1-a0e3bf163589,1995,toyota,tacoma,PreRunner,trim-research,mismatch,true,265/75R15,265/75R15,195/75R14 205/75R14 215/65R15 225/75R15 31X10.50R15,265/75R15,195/75R14 205/75R14 215/65R15 225/75R15 31X10.50R15,Tacoma,,,
9211b3fd-4b96-4a3a-8e63-d3fc0e2e0135,1995,toyota,tacoma,SR5,trim-research,mismatch,true,265/75R15,265/75R15,195/75R14 205/75R14 215/65R15 225/75R15 31X10.50R15,265/75R15,195/75R14 205/75R14 215/65R15 225/75R15 31X10.50R15,Tacoma,,,
94bc7365-20a3-43f1-874f-f31934be03b8,1996,toyota,tacoma,SR5,trim-research,mismatch,true,265/75R15,265/75R15,215/70R14 195/75R14 225/75R15 31X10.50R15,265/75R15,215/70R14 195/75R14 225/75R15 31X10.50R15,Tacoma,,,
b7e15df5-0fbb-4ec1-bba3-d122d154f651,1996,toyota,tacoma,PreRunner,trim-research,mismatch,true,265/75R15,265/75R15,215/70R14 195/75R14 225/75R15 31X10.50R15,265/75R15,215/70R14 195/75R14 225/75R15 31X10.50R15,Tacoma,,,
c6df294b-e118-4d9a-a24e-5c460c0c562c,1996,toyota,tacoma,SR5,trim-research,mismatch,true,265/75R15,265/75R15,215/70R14 195/75R14 225/75R15 31X10.50R15,265/75R15,215/70R14 195/75R14 225/75R15 31X10.50R15,Tacoma,,,
d563db75-1374-4f42-bf27-0fb36ccc35c1,1996,toyota,tacoma,SR5,trim-research,mismatch,true,265/75R15,265/75R15,215/70R14 195/75R14 225/75R15 31X10.50R15,265/75R15,215/70R14 195/75R14 225/75R15 31X10.50R15,Tacoma,,,
3399863b-6a7d-4265-97e1-cf2306f3b165,1997,toyota,tacoma,PreRunner,trim-research,mismatch,true,265/75R15,265/75R15,215/70R14 195/75R14 225/75R15 31X10.50R15,265/75R15,215/70R14 195/75R14 225/75R15 31X10.50R15,Tacoma,,,
78c930eb-c245-4bcd-a092-c3585ae62bbb,1997,toyota,tacoma,SR5,trim-research,mismatch,true,265/75R15,265/75R15,215/70R14 195/75R14 225/75R15 31X10.50R15,265/75R15,215/70R14 195/75R14 225/75R15 31X10.50R15,Tacoma,,,
914f46c8-c1af-4dc8-b4f8-a4696d9d66fe,1997,toyota,tacoma,SR5,trim-research,mismatch,true,265/75R15,265/75R15,215/70R14 195/75R14 225/75R15 31X10.50R15,265/75R15,215/70R14 195/75R14 225/75R15 31X10.50R15,Tacoma,,,
af68187b-2e7f-4996-9517-991f1adb2c20,1997,toyota,tacoma,SR5,trim-research,mismatch,true,265/75R15,265/75R15,215/70R14 195/75R14 225/75R15 31X10.50R15,265/75R15,215/70R14 195/75R14 225/75R15 31X10.50R15,Tacoma,,,
023d4308-7c64-4f1b-9fe3-a94aa1e37294,1998,toyota,tacoma,SR5,trim-research,mismatch,true,265/75R15,265/75R15,195/75R14 215/70R14 225/75R15 31X10.50R15,265/75R15,195/75R14 215/70R14 225/75R15 31X10.50R15,Tacoma,,,
6c50105c-c9be-4660-8153-02725bbf2cc6,1998,toyota,tacoma,SR5,trim-research,mismatch,true,265/75R15,265/75R15,195/75R14 215/70R14 225/75R15 31X10.50R15,265/75R15,195/75R14 215/70R14 225/75R15 31X10.50R15,Tacoma,,,
c8fd924d-3101-4842-a151-26867a3b9ff0,1998,toyota,tacoma,PreRunner,trim-research,mismatch,true,265/75R15,265/75R15,195/75R14 215/70R14 225/75R15 31X10.50R15,265/75R15,195/75R14 215/70R14 225/75R15 31X10.50R15,Tacoma,,,
d218c609-5e9a-47db-88a5-38d462dab1cf,1998,toyota,tacoma,SR5,trim-research,mismatch,true,265/75R15,265/75R15,195/75R14 215/70R14 225/75R15 31X10.50R15,265/75R15,195/75R14 215/70R14 225/75R15 31X10.50R15,Tacoma,,,
46e2ef8d-8dd7-46b1-bcdf-33e3b0760aee,2001,toyota,tacoma,SR5,trim-research,mismatch,true,265/75R15,265/75R15,205/75R15 235/55R16 225/75R15 265/70R16,265/75R15,205/75R15 235/55R16 225/75R15 265/70R16,Tacoma,,,
6e138eac-a62e-4805-87d8-24dd21e7613f,2001,toyota,tacoma,PreRunner,trim-research,mismatch,true,265/75R15,265/75R15,205/75R15 235/55R16 225/75R15 265/70R16,265/75R15,205/75R15 235/55R16 225/75R15 265/70R16,Tacoma,,,
6ed07bac-44eb-4852-8fe0-00abd41a354b,2001,toyota,tacoma,SR5,trim-research,mismatch,true,265/75R15,265/75R15,205/75R15 235/55R16 225/75R15 265/70R16,265/75R15,205/75R15 235/55R16 225/75R15 265/70R16,Tacoma,,,
b7ab63f9-0877-44cf-999f-4a35a78301ac,2001,toyota,tacoma,SR5,trim-research,mismatch,true,265/75R15,265/75R15,205/75R15 235/55R16 225/75R15 265/70R16,265/75R15,205/75R15 235/55R16 225/75R15 265/70R16,Tacoma,,,
0e4f8523-8954-4844-a9ae-d6fe1b15651a,2002,toyota,tacoma,SR5,trim-research,mismatch,true,265/75R15,265/75R15,205/75R15 225/75R15 235/55R16 265/70R16,265/75R15,205/75R15 225/75R15 235/55R16 265/70R16,Tacoma,,,
8cc80b77-2488-4cfe-9ca4-cdecdd532b42,2002,toyota,tacoma,SR5,trim-research,mismatch,true,265/75R15,265/75R15,205/75R15 225/75R15 235/55R16 265/70R16,265/75R15,205/75R15 225/75R15 235/55R16 265/70R16,Tacoma,,,
9e84b1ee-c4d2-4017-930d-4a135f793f1b,2002,toyota,tacoma,PreRunner,trim-research,mismatch,true,265/75R15,265/75R15,205/75R15 225/75R15 235/55R16 265/70R16,265/75R15,205/75R15 225/75R15 235/55R16 265/70R16,Tacoma,,,
e10efdb6-5240-4815-98a3-ed903eb70eda,2002,toyota,tacoma,SR5,trim-research,mismatch,true,265/75R15,265/75R15,205/75R15 225/75R15 235/55R16 265/70R16,265/75R15,205/75R15 225/75R15 235/55R16 265/70R16,Tacoma,,,
0b286d5d-e60e-432d-bbcb-a3c8255ab18d,2003,toyota,tacoma,PreRunner,trim-research,mismatch,true,265/75R15,265/75R15,205/75R15 225/75R15 265/70R16 235/55R16,265/75R15,205/75R15 225/75R15 265/70R16 235/55R16,Tacoma,,,
30d7d5de-3407-4e8f-99ed-c3f72f5a1f94,2003,toyota,tacoma,SR5,trim-research,mismatch,true,265/75R15,265/75R15,205/75R15 225/75R15 265/70R16 235/55R16,265/75R15,205/75R15 225/75R15 265/70R16 235/55R16,Tacoma,,,
6fd65328-f433-4343-8948-4ae2a8f5bb94,2003,toyota,tacoma,SR5,trim-research,mismatch,true,265/75R15,265/75R15,205/75R15 225/75R15 265/70R16 235/55R16,265/75R15,205/75R15 225/75R15 265/70R16 235/55R16,Tacoma,,,
ee1a7484-11c2-4cb4-8cde-e878f17c37be,2003,toyota,tacoma,SR5,trim-research,mismatch,true,265/75R15,265/75R15,205/75R15 225/75R15 265/70R16 235/55R16,265/75R15,205/75R15 225/75R15 265/70R16 235/55R16,Tacoma,,,
05fc7234-af4d-44e8-8a54-c0fecc1a1236,2004,toyota,tacoma,SR5,trim-research,mismatch,true,265/75R15,265/75R15,205/75R15 235/55R16 225/75R15 265/70R16,265/75R15,205/75R15 235/55R16 225/75R15 265/70R16,Tacoma,,,
0dcef50a-e214-43f8-81ae-d7043380c8a9,2004,toyota,tacoma,PreRunner,trim-research,mismatch,true,265/75R15,265/75R15,205/75R15 235/55R16 225/75R15 265/70R16,265/75R15,205/75R15 235/55R16 225/75R15 265/70R16,Tacoma,,,
b0507515-4992-4903-b2e7-cca84b22e2e7,2004,toyota,tacoma,SR5,trim-research,mismatch,true,265/75R15,265/75R15,205/75R15 235/55R16 225/75R15 265/70R16,265/75R15,205/75R15 235/55R16 225/75R15 265/70R16,Tacoma,,,
feb4e515-5e54-4d6a-b51a-c20639f3fa87,2004,toyota,tacoma,SR5,trim-research,mismatch,true,265/75R15,265/75R15,205/75R15 235/55R16 225/75R15 265/70R16,265/75R15,205/75R15 235/55R16 225/75R15 265/70R16,Tacoma,,,
35eb1c96-9c9e-4228-91c5-f2a6df7c839d,2016,toyota,tacoma,TRD Pro,trim-research,mismatch,true,265/75R16,265/75R16,265/65R17 245/75R16 265/70R16 265/60R18,265/75R16,265/65R17 245/75R16 265/70R16 265/60R18,Tacoma,,,
e5b6ca6a-969f-423f-b362-b622473a9990,2016,toyota,tacoma,TRD Off-Road,trim-research,mismatch,true,265/75R16,265/75R16,265/65R17 245/75R16 265/70R16 265/60R18,265/75R16,265/65R17 245/75R16 265/70R16 265/60R18,Tacoma,,,
2802e611-de4d-4332-a3e7-becb9ea308b9,2017,toyota,tacoma,TRD Off-Road,trim-research,mismatch,true,265/75R16,265/75R16,265/70R16 245/75R16 265/65R17 265/60R18,265/75R16,265/70R16 245/75R16 265/65R17 265/60R18,Tacoma,,,
87c7991d-8b27-44a3-8d59-b0ede0c21dab,2017,toyota,tacoma,TRD Pro,trim-research,mismatch,true,265/75R16,265/75R16,265/70R16 245/75R16 265/65R17 265/60R18,265/75R16,265/70R16 245/75R16 265/65R17 265/60R18,Tacoma,,,
9195aee5-1392-48c3-afba-8276dfc6bc05,2019,toyota,tacoma,TRD Pro,trim-research,mismatch,true,265/75R16,265/75R16,265/60R18 245/75R16 265/70R16 265/65R17,265/75R16,265/60R18 245/75R16 265/70R16 265/65R17,Tacoma,,,
fd5fbe37-29cb-4f9d-8fa7-bb4d4b16c3de,2019,toyota,tacoma,TRD Off-Road,trim-research,mismatch,true,265/75R16,265/75R16,265/60R18 245/75R16 265/70R16 265/65R17,265/75R16,265/60R18 245/75R16 265/70R16 265/65R17,Tacoma,,,
9a64aed8-f361-4d48-91c8-52cd2c105ce7,2020,toyota,tacoma,TRD Off-Road,trim-research,mismatch,true,265/75R16,265/75R16,245/75R16 265/65R17 265/70R16 265/60R18,265/75R16,245/75R16 265/65R17 265/70R16 265/60R18,Tacoma,,,
d6b77200-37a8-4137-b2da-685747bc4b01,2020,toyota,tacoma,TRD Pro,trim-research,mismatch,true,265/75R16,265/75R16,245/75R16 265/65R17 265/70R16 265/60R18,265/75R16,245/75R16 265/65R17 265/70R16 265/60R18,Tacoma,,,
57bbb4b8-bf86-445f-965d-8ec4da2befc3,2021,toyota,tacoma,TRD Pro,trim-research,mismatch,true,265/75R16,265/75R16,265/60R18 245/75R16 265/70R16 265/65R17,265/75R16,265/60R18 245/75R16 265/70R16 265/65R17,Tacoma,,,
65a16b0a-49d3-4e04-9a4b-204cf64f3859,2021,toyota,tacoma,TRD Off-Road,trim-research,mismatch,true,265/75R16,265/75R16,265/60R18 245/75R16 265/70R16 265/65R17,265/75R16,265/60R18 245/75R16 265/70R16 265/65R17,Tacoma,,,
01d0d672-65ce-4dc3-abe6-31d7f7f073d4,2022,toyota,tacoma,TRD Off-Road,trim-research,mismatch,true,265/75R16,265/75R16,265/60R18 245/75R16 265/70R16 265/65R17,265/75R16,265/60R18 245/75R16 265/70R16 265/65R17,Tacoma,,,
8abf3b3c-9a5d-4d26-8495-b6dfcac22207,2022,toyota,tacoma,TRD Pro,trim-research,mismatch,true,265/75R16,265/75R16,265/60R18 245/75R16 265/70R16 265/65R17,265/75R16,265/60R18 245/75R16 265/70R16 265/65R17,Tacoma,,,
dd7d014f-b7d2-4ed7-b0e5-3305e333440a,2023,toyota,tacoma,TRD Off-Road,trim-research,mismatch,true,265/75R16,265/75R16,265/60R18 245/75R16 265/70R16 265/65R17,265/75R16,265/60R18 245/75R16 265/70R16 265/65R17,Tacoma,,,
ff244262-0701-4727-a1b8-8acaa9ad0e21,2023,toyota,tacoma,TRD Pro,trim-research,mismatch,true,265/75R16,265/75R16,265/60R18 245/75R16 265/70R16 265/65R17,265/75R16,265/60R18 245/75R16 265/70R16 265/65R17,Tacoma,,,
5496fc91-5008-48d0-a7d3-c25d0c8b4d27,1990,toyota,tercel,Base,90s-research-batch,mismatch,true,145SR13 155SR13 175/70R13 175/65R14,175/70R13 175/65R14,145/80R13,175/70R13 175/65R14,145/80R13,Tercel,,,145SR13 155SR13
d306bee8-1bee-4368-ac37-b668bc2b272d,1991,toyota,tercel,Base,90s-research-batch,mismatch,true,145SR13 155SR13 175/70R13 175/65R14,175/70R13 175/65R14,145/80R13,175/70R13 175/65R14,145/80R13,Tercel,,,145SR13 155SR13
fcd12238-1058-462a-8394-74bdd65387c7,1992,toyota,tercel,Base,90s-research-batch,mismatch,true,145SR13 155SR13 175/70R13 175/65R14,175/70R13 175/65R14,145/80R13,175/70R13 175/65R14,145/80R13,Tercel,,,145SR13 155SR13
ce51f287-a0ab-41e5-aef4-d628ef06e31e,1993,toyota,tercel,Base,90s-research-batch,mismatch,true,145SR13 155SR13 175/70R13 175/65R14,175/70R13 175/65R14,145/80R13,175/70R13 175/65R14,145/80R13,Tercel,,,145SR13 155SR13
ef646f40-e773-445d-bc09-1594c1a427e0,2000,toyota,tundra,Limited,trim-research,mismatch,false,265/65R17,265/65R17,245/70R16 265/70R16,265/65R17,245/70R16 265/70R16,Tundra,,,
54119946-5d7c-4e13-b302-fd255b8d6415,2001,toyota,tundra,Limited,trim-research,mismatch,false,265/65R17,265/65R17,245/70R16 265/70R16,265/65R17,245/70R16 265/70R16,Tundra,,,
4836b3b4-6e40-491d-b4d0-b815d89a85ee,2002,toyota,tundra,Limited,trim-research,mismatch,false,265/65R17,265/65R17,245/70R16 265/70R16,265/65R17,245/70R16 265/70R16,Tundra,,,
284fbdde-bb52-4f90-82bf-b3b77c780221,2022,toyota,tundra,TRD Off-Road,trim-research,mismatch,true,275/65R18,275/65R18,265/60R20 245/75R18 285/65R18 265/70R18 265/50R22,275/65R18,265/60R20 245/75R18 285/65R18 265/70R18 265/50R22,Tundra,,,
3afb837d-01c1-4d1e-b4a7-032890626ab5,2022,toyota,tundra,Limited,trim-research,mismatch,true,275/55R20,275/55R20,265/60R20 245/75R18 285/65R18 265/70R18 265/50R22,275/55R20,265/60R20 245/75R18 285/65R18 265/70R18 265/50R22,Tundra,,,
4211a609-fc22-47b5-aea7-75f1b9dbda24,2022,toyota,tundra,Capstone,trim-research,mismatch,true,275/55R20,275/55R20,265/60R20 245/75R18 285/65R18 265/70R18 265/50R22,275/55R20,265/60R20 245/75R18 285/65R18 265/70R18 265/50R22,Tundra,,,
5651c3b3-1ef9-4616-8406-0a002390f03f,2022,toyota,tundra,TRD Pro,trim-research,mismatch,true,275/65R18,275/65R18,265/60R20 245/75R18 285/65R18 265/70R18 265/50R22,275/65R18,265/60R20 245/75R18 285/65R18 265/70R18 265/50R22,Tundra,,,
8625128e-432f-4593-ac65-f39bfae779e1,2022,toyota,tundra,1794 Edition,trim-research,mismatch,true,275/55R20,275/55R20,265/60R20 245/75R18 285/65R18 265/70R18 265/50R22,275/55R20,265/60R20 245/75R18 285/65R18 265/70R18 265/50R22,Tundra,,,
a373a85f-c67a-4c12-897a-33042d5d286d,2022,toyota,tundra,Platinum,trim-research,mismatch,true,275/55R20,275/55R20,265/60R20 245/75R18 285/65R18 265/70R18 265/50R22,275/55R20,265/60R20 245/75R18 285/65R18 265/70R18 265/50R22,Tundra,,,
15f64b92-2cb8-4f2c-aeed-7cf71663f23b,2023,toyota,tundra,1794 Edition,trim-research,mismatch,true,275/55R20,275/55R20,265/60R20 265/50R22 245/75R18 265/70R18 285/65R18,275/55R20,265/60R20 265/50R22 245/75R18 265/70R18 285/65R18,Tundra,,,
1c418562-9ca1-4122-9b30-0ca2d17995ad,2023,toyota,tundra,Limited,trim-research,mismatch,true,275/55R20,275/55R20,265/60R20 265/50R22 245/75R18 265/70R18 285/65R18,275/55R20,265/60R20 265/50R22 245/75R18 265/70R18 285/65R18,Tundra,,,
31cb47ad-a9f6-4c31-9d83-6f08555c8539,2023,toyota,tundra,Capstone,trim-research,mismatch,true,275/55R20,275/55R20,265/60R20 265/50R22 245/75R18 265/70R18 285/65R18,275/55R20,265/60R20 265/50R22 245/75R18 265/70R18 285/65R18,Tundra,,,
362d0d06-5ce2-4071-badf-df7ef641772e,2023,toyota,tundra,Platinum,trim-research,mismatch,true,275/55R20,275/55R20,265/60R20 265/50R22 245/75R18 265/70R18 285/65R18,275/55R20,265/60R20 265/50R22 245/75R18 265/70R18 285/65R18,Tundra,,,
bfa74cbc-488b-46a0-9251-b7e09560a5cb,2023,toyota,tundra,TRD Off-Road,trim-research,mismatch,true,275/65R18,275/65R18,265/60R20 265/50R22 245/75R18 265/70R18 285/65R18,275/65R18,265/60R20 265/50R22 245/75R18 265/70R18 285/65R18,Tundra,,,
e470d7e9-38a2-4e85-b46c-15cdf2c5e88a,2023,toyota,tundra,TRD Pro,trim-research,mismatch,true,275/65R18,275/65R18,265/60R20 265/50R22 245/75R18 265/70R18 285/65R18,275/65R18,265/60R20 265/50R22 245/75R18 265/70R18 285/65R18,Tundra,,,
3a964cd3-de9a-4297-9b40-a500e6b290a6,2024,toyota,tundra,TRD Off-Road,trim-research,mismatch,true,275/65R18,275/65R18,245/75R18 265/60R20 265/50R22 265/70R18 285/65R18,275/65R18,245/75R18 265/60R20 265/50R22 265/70R18 285/65R18,Tundra,,,
44f4ac9a-128e-4168-a95e-46099acff86b,2024,toyota,tundra,1794 Edition,trim-research,mismatch,true,275/55R20,275/55R20,245/75R18 265/60R20 265/50R22 265/70R18 285/65R18,275/55R20,245/75R18 265/60R20 265/50R22 265/70R18 285/65R18,Tundra,,,
5c491b94-7440-4042-a2a4-b18230e429df,2024,toyota,tundra,TRD Pro,trim-research,mismatch,true,275/65R18,275/65R18,245/75R18 265/60R20 265/50R22 265/70R18 285/65R18,275/65R18,245/75R18 265/60R20 265/50R22 265/70R18 285/65R18,Tundra,,,
c0329639-44c3-44bd-8a15-9f039f42f3f9,2024,toyota,tundra,Limited,trim-research,mismatch,true,275/55R20,275/55R20,245/75R18 265/60R20 265/50R22 265/70R18 285/65R18,275/55R20,245/75R18 265/60R20 265/50R22 265/70R18 285/65R18,Tundra,,,
e11bb0da-cd85-484e-a4c0-e9e4193bd319,2024,toyota,tundra,Capstone,trim-research,mismatch,true,275/55R20,275/55R20,245/75R18 265/60R20 265/50R22 265/70R18 285/65R18,275/55R20,245/75R18 265/60R20 265/50R22 265/70R18 285/65R18,Tundra,,,
f255ff1b-fb7f-432f-996b-f0c4e3becedb,2024,toyota,tundra,Platinum,trim-research,mismatch,true,275/55R20,275/55R20,245/75R18 265/60R20 265/50R22 265/70R18 285/65R18,275/55R20,245/75R18 265/60R20 265/50R22 265/70R18 285/65R18,Tundra,,,
1387b796-d99d-4efa-ae1a-c4836a3d6056,2025,toyota,tundra,Platinum,trim-research,mismatch,true,275/55R20,275/55R20,265/60R20 265/50R22 245/75R18 265/70R18 285/65R18,275/55R20,265/60R20 265/50R22 245/75R18 265/70R18 285/65R18,Tundra,,,
1d15325b-27ba-4301-9a03-e12927f383f6,2025,toyota,tundra,TRD Off-Road,trim-research,mismatch,true,275/65R18,275/65R18,265/60R20 265/50R22 245/75R18 265/70R18 285/65R18,275/65R18,265/60R20 265/50R22 245/75R18 265/70R18 285/65R18,Tundra,,,
25170369-da9d-44c2-afaa-4e17d5c7cbcf,2025,toyota,tundra,Capstone,trim-research,mismatch,true,275/55R20,275/55R20,265/60R20 265/50R22 245/75R18 265/70R18 285/65R18,275/55R20,265/60R20 265/50R22 245/75R18 265/70R18 285/65R18,Tundra,,,
aadfb295-6cc1-4391-a2f7-c9d965f7a0c4,2025,toyota,tundra,1794 Edition,trim-research,mismatch,true,275/55R20,275/55R20,265/60R20 265/50R22 245/75R18 265/70R18 285/65R18,275/55R20,265/60R20 265/50R22 245/75R18 265/70R18 285/65R18,Tundra,,,
d6518931-6f5c-4c47-ace5-6228842c4240,2025,toyota,tundra,TRD Pro,trim-research,mismatch,true,275/65R18,275/65R18,265/60R20 265/50R22 245/75R18 265/70R18 285/65R18,275/65R18,265/60R20 265/50R22 245/75R18 265/70R18 285/65R18,Tundra,,,
f9ff2151-7515-43b5-b141-7b419a27da7b,2025,toyota,tundra,Limited,trim-research,mismatch,true,275/55R20,275/55R20,265/60R20 265/50R22 245/75R18 265/70R18 285/65R18,275/55R20,265/60R20 265/50R22 245/75R18 265/70R18 285/65R18,Tundra,,,
588f223a-9e90-4d74-9633-4ad9c0f89e60,2026,toyota,tundra,TRD Off-Road,trim-research,mismatch,true,275/65R18,275/65R18,265/60R20 265/50R22 245/75R18 265/70R18 285/65R18,275/65R18,265/60R20 265/50R22 245/75R18 265/70R18 285/65R18,Tundra,,,
75b9ac88-efe8-4166-a1f0-c94b3e91894f,2026,toyota,tundra,Platinum,trim-research,mismatch,true,275/55R20,275/55R20,265/60R20 265/50R22 245/75R18 265/70R18 285/65R18,275/55R20,265/60R20 265/50R22 245/75R18 265/70R18 285/65R18,Tundra,,,
763e92c6-3a1f-4990-acb9-ef8b4ddf7a8d,2026,toyota,tundra,Capstone,trim-research,mismatch,true,275/55R20,275/55R20,265/60R20 265/50R22 245/75R18 265/70R18 285/65R18,275/55R20,265/60R20 265/50R22 245/75R18 265/70R18 285/65R18,Tundra,,,
decc99a0-1cef-4c6f-a6a6-25e4903d3142,2026,toyota,tundra,Limited,trim-research,mismatch,true,275/55R20,275/55R20,265/60R20 265/50R22 245/75R18 265/70R18 285/65R18,275/55R20,265/60R20 265/50R22 245/75R18 265/70R18 285/65R18,Tundra,,,
e2abb88c-8ba0-4cbc-bcad-c78b687dcfca,2026,toyota,tundra,TRD Pro,trim-research,mismatch,true,275/65R18,275/65R18,265/60R20 265/50R22 245/75R18 265/70R18 285/65R18,275/65R18,265/60R20 265/50R22 245/75R18 265/70R18 285/65R18,Tundra,,,
ea6e956a-1c15-434f-a653-7ca04ae82c00,2026,toyota,tundra,1794 Edition,trim-research,mismatch,true,275/55R20,275/55R20,265/60R20 265/50R22 245/75R18 265/70R18 285/65R18,275/55R20,265/60R20 265/50R22 245/75R18 265/70R18 285/65R18,Tundra,,,
4ce4ade6-326c-4315-ab70-00167959b68c,2023,volkswagen,arteon-sr,Base,catalog-gap-fill [web_research],mismatch,true,225/45R18,225/45R18,245/45R18 245/35R20,225/45R18,245/45R18 245/35R20,Arteon,,,
73a9bfd2-01a0-488a-9858-a171e6b73876,1995,volkswagen,cabrio,Base,90s-research-batch,mismatch,true,185/60R14 195/65R15,185/60R14 195/65R15,195/60R14,185/60R14 195/65R15,195/60R14,Cabrio,,,
4ef48937-71ac-4b46-a978-5e347a5c5dd8,1996,volkswagen,cabrio,Base,90s-research-batch,mismatch,true,185/60R14 195/65R15,185/60R14 195/65R15,195/60R14,185/60R14 195/65R15,195/60R14,Cabrio,,,
d39d1503-75c9-4b87-83fa-bbcc1b032fad,1997,volkswagen,cabrio,Base,90s-research-batch,mismatch,true,185/60R14 195/65R15,185/60R14 195/65R15,195/60R14,185/60R14 195/65R15,195/60R14,Cabrio,,,
ca660011-21a5-49b7-bbbb-aa5f6f10b9a8,1998,volkswagen,cabrio,Base,90s-research-batch,mismatch,true,185/60R14 195/65R15,185/60R14 195/65R15,195/60R14,185/60R14 195/65R15,195/60R14,Cabrio,,,
e101a57b-017b-4dc4-b2e9-7b1405a0fdf0,1999,volkswagen,cabrio,Base,90s-research-batch,mismatch,true,185/60R14 195/65R15,185/60R14 195/65R15,195/60R14,185/60R14 195/65R15,195/60R14,Cabrio,,,
450e5b01-8783-450c-b090-01cd8e87fcd3,2008,volkswagen,gli,Base,catalog-gap-fill [web_research],mismatch,true,215/55R17,215/55R17,205/55R16 225/45R17 225/40R18,215/55R17,205/55R16 225/45R17 225/40R18,Jetta,,,
ff757fce-0100-4d5c-ae57-1388ebc5cc22,2009,volkswagen,gli,Base,catalog-gap-fill [web_research],mismatch,true,215/55R17,215/55R17,205/55R16 225/45R17 225/40R18,215/55R17,205/55R16 225/45R17 225/40R18,Jetta,,,
fcfe0de1-cb3e-463f-bcd4-4dfb01121e6f,1997,volkswagen,golf,Base,90s-research-batch,mismatch,true,185/60R14 195/65R15,185/60R14 195/65R15,205/50R15 195/60R14,185/60R14 195/65R15,205/50R15 195/60R14,Golf,,,
0db517f4-749b-4722-9ef2-aab530a7b694,1998,volkswagen,golf,Base,90s-research-batch,mismatch,true,185/60R14 195/65R15,185/60R14 195/65R15,195/60R14 205/50R15,185/60R14 195/65R15,195/60R14 205/50R15,Golf,,,
06a1f512-d14f-4854-b6f9-4d1c498fc74b,1997,volkswagen,jetta,Base,90s-research-batch,mismatch,true,185/60R14 195/65R15,185/60R14 195/65R15,195/60R14 205/50R15,185/60R14 195/65R15,195/60R14 205/50R15,Jetta,,,
f9cdf9eb-d39e-4fee-b194-2308b97bf1d6,2019,volkswagen,jetta-gli,Base,catalog-gap-fill,mismatch,true,225/45R17 225/40R18,225/45R17 225/40R18,205/60R16 205/55R17 225/45R18,225/45R17 225/40R18,205/60R16 205/55R17 225/45R18,Jetta,,,
749eb9e4-eadc-4678-8802-754014bd208e,2020,volkswagen,jetta-gli,Base,catalog-gap-fill,mismatch,true,225/45R17 225/40R18,225/45R17 225/40R18,225/45R18 205/55R17 205/60R16,225/45R17 225/40R18,225/45R18 205/55R17 205/60R16,Jetta,,,
e8d1f038-6c43-4170-9599-6e1a38a9dab4,2021,volkswagen,jetta-gli,Base,catalog-gap-fill,mismatch,true,225/45R17 225/40R18,225/45R17 225/40R18,225/45R18 205/55R17 205/60R16,225/45R17 225/40R18,225/45R18 205/55R17 205/60R16,Jetta,,,
04faaf8d-bb9f-4a09-8666-06477d3d922a,2022,volkswagen,jetta-gli,Base,catalog-gap-fill,mismatch,true,225/45R17 225/40R18,225/45R17 225/40R18,225/45R18 205/60R16 205/55R17,225/45R17 225/40R18,225/45R18 205/60R16 205/55R17,Jetta,,,
8f181823-8f5f-45d5-a0df-0c835ae53cb1,2023,volkswagen,jetta-gli,Base,catalog-gap-fill,mismatch,true,225/45R17 225/40R18,225/45R17 225/40R18,225/45R18 205/60R16 205/55R17,225/45R17 225/40R18,225/45R18 205/60R16 205/55R17,Jetta,,,
4e9667cb-58f8-400e-abd0-575d93de2b5e,2024,volkswagen,jetta-gli,Base,catalog-gap-fill,mismatch,true,225/45R17 225/40R18,225/45R17 225/40R18,205/60R16 225/45R18 205/55R17,225/45R17 225/40R18,205/60R16 225/45R18 205/55R17,Jetta,,,
a761a34f-7933-4511-8889-d3544e3466c1,2025,volkswagen,jetta-gli,Base,catalog-gap-fill,mismatch,true,225/45R17 225/40R18,225/45R17 225/40R18,225/45R18 205/60R16 205/55R17,225/45R17 225/40R18,225/45R18 205/60R16 205/55R17,Jetta,,,
68c4455c-d509-4bcd-8f44-d19ac849a47d,2026,volkswagen,jetta-gli,Base,catalog-gap-fill,mismatch,true,225/45R17 225/40R18,225/45R17 225/40R18,225/45R18 205/60R16 205/55R17,225/45R17 225/40R18,225/45R18 205/60R16 205/55R17,Jetta,,,
6eadd86b-6831-4aee-a465-96c4e67eee69,1990,volkswagen,passat,Base,90s-research-batch,mismatch,true,185/60R14 195/60R15,185/60R14 195/60R15,195/60R14,185/60R14 195/60R15,195/60R14,Passat,,,
c9d7e9f6-9d7b-4af6-b117-0bea495f9b60,1991,volkswagen,passat,Base,90s-research-batch,mismatch,true,185/60R14 195/60R15,185/60R14 195/60R15,195/60R14,185/60R14 195/60R15,195/60R14,Passat,,,
26b24c69-a2c7-4b74-aeaa-10f160704622,1992,volkswagen,passat,Base,90s-research-batch,mismatch,true,185/60R14 195/60R15,185/60R14 195/60R15,195/60R14,185/60R14 195/60R15,195/60R14,Passat,,,
92d08ef5-094a-42f0-be21-ab392cc0fa3b,1993,volkswagen,passat,Base,90s-research-batch,mismatch,true,185/60R14 195/60R15,185/60R14 195/60R15,215/50R15 195/60R14,185/60R14 195/60R15,215/50R15 195/60R14,Passat,,,
fa99a1ee-da76-4280-ba7e-baa309429098,1994,volkswagen,passat,Base,90s-research-batch,mismatch,true,195/60R15 205/55R15,195/60R15 205/55R15,215/50R15,195/60R15 205/55R15,215/50R15,Passat,,,
9b192bdd-b68b-4be4-8e0f-5e32a4826bb3,1995,volkswagen,passat,Base,90s-research-batch,mismatch,true,195/60R15 205/55R15,195/60R15 205/55R15,215/50R15 195/60R14,195/60R15 205/55R15,215/50R15 195/60R14,Passat,,,
60c21d20-13b3-4036-95a7-037971d91f56,1996,volkswagen,passat,Base,90s-research-batch,mismatch,true,195/60R15 205/55R15,195/60R15 205/55R15,195/60R14 215/50R15,195/60R15 205/55R15,195/60R14 215/50R15,Passat,,,
b5d68db4-0fda-41ca-8242-5e03bef71856,1997,volkswagen,passat,Base,90s-research-batch,mismatch,true,195/60R15 205/55R15,195/60R15 205/55R15,215/50R15 195/60R14,195/60R15 205/55R15,215/50R15 195/60R14,Passat,,,
301da84b-fa85-4631-9ac3-b2fb8c8a7573,2022,volvo,c40,Base,google-ai-overview,mismatch,false,235/50R19,235/50R19,235/45R20 255/40R20,235/50R19,235/45R20 255/40R20,C40 Recharge,,,
ab9ccd1c-b353-4ef1-92cb-7313da7826be,2000,volvo,s40,Base,google-ai-overview,mismatch,false,205/55R16,205/55R16,195/60R15,205/55R16,195/60R15,S40,,,
9346476e-f83b-4f5f-b8fa-740b3c48276f,2001,volvo,s40,Base,google-ai-overview,mismatch,false,205/55R16,205/55R16,195/60R15,205/55R16,195/60R15,S40,,,
7b9ca7ec-6937-4e64-a656-aa1b85ee1499,2002,volvo,s40,Base,google-ai-overview,mismatch,false,205/55R16,205/55R16,195/60R15,205/55R16,195/60R15,S40,,,
