id,year,make,model,display_trim,source,rule,first_valid_year
"e0955694-3d8c-40c0-bb94-214cd9ff14e7","2012","honda","ridgeline","Sport, RTL, RTL-E, Black Edition, TrailSport","trim-research","TrailSport exists 2022+","2022"
"58a3e446-cca9-45bd-8b66-f10158a30a6a","2012","honda","ridgeline","TrailSport","trim-research","TrailSport exists 2022+","2022"
"8346c76a-3a11-481e-8f28-6eba3fa9756e","2013","honda","ridgeline","Sport, RTL, RTL-E, Black Edition, TrailSport","trim-research","TrailSport exists 2022+","2022"
"4e606696-4a64-4dfd-8aac-93d8a853b6c0","2014","honda","ridgeline","Black Edition","trim-research","Black Edition exists 2017+","2017"
"79a88cf6-81fd-4a2e-b3f6-2b36e3b3c488","2014","honda","ridgeline","Sport, RTL, RTL-E, Black Edition, TrailSport","trim-research","TrailSport exists 2022+","2022"
"cf2b09c6-57ca-40a3-a85e-daf3da1abbdc","2016","subaru","outback","Base, Premium, Limited, Touring, Onyx Edition XT, Wilderness","cache-import","Wilderness exists 2022+","2022"
"02bf187e-bc55-41e2-a82c-83f9afb4b6de","2014","honda","ridgeline","TrailSport","trim-research","TrailSport exists 2022+","2022"
"39c53092-8764-42d7-9b97-9ff974043578","2012","volkswagen","passat","S, SE, R-Line, SEL Premium","cache-import","SEL Premium exists 2015+","2015"
"88f27221-dca1-4a54-95f7-448e837146c6","2012","volkswagen","passat","SEL Premium","cache-import [expanded]","SEL Premium exists 2015+","2015"
"aeb99747-7546-476b-b158-3be838807768","2017","honda","ridgeline","Sport, RTL, RTL-E, Black Edition, TrailSport","trim-research","TrailSport exists 2022+","2022"
"35d30205-0c0a-46b2-9113-4a1532991e54","2017","honda","ridgeline","TrailSport","trim-research","TrailSport exists 2022+","2022"
"09901ee7-7721-44d5-b3d9-2131ba9d3a91","2019","honda","ridgeline","Sport, RTL, RTL-E, Black Edition, TrailSport","trim-research","TrailSport exists 2022+","2022"
"78681e78-7d8a-4f44-be75-f2017a8b8d9c","2019","honda","ridgeline","TrailSport","trim-research","TrailSport exists 2022+","2022"
"ff118b28-6ac3-40af-bd64-91f0a17a294e","2020","honda","ridgeline","TrailSport","trim-research","TrailSport exists 2022+","2022"
"5962ef9e-1d2c-4b9b-8d86-b912663da01a","2021","honda","ridgeline","Sport, RTL, RTL-E, Black Edition, TrailSport","trim-research","TrailSport exists 2022+","2022"
"253837c6-194a-4614-ab00-54663a994f45","2021","honda","ridgeline","TrailSport","trim-research","TrailSport exists 2022+","2022"
"272640da-6000-412d-97ea-20c627bc255f","2004","chevrolet","colorado","WT, LT, Z71, ZR2, Trail Boss","generation_template","Trail Boss exists 2019+","2019"
"e8665ef3-ede5-46d4-8a18-0619f43978e8","2005","chevrolet","colorado","WT, LT, Z71, ZR2, Trail Boss","generation_template","Trail Boss exists 2019+","2019"
"dbd0d780-50f6-4a2f-a69a-8f411f3abcd5","2008","chevrolet","colorado","WT, LT, Z71, ZR2, Trail Boss","generation_template [filled from 2010 colorado]","Trail Boss exists 2019+","2019"
"517bff93-782f-45f8-b05e-036b6c5bd9fd","2009","chevrolet","colorado","WT, LT, Z71, ZR2, Trail Boss","generation_template [filled from 2010 colorado]","Trail Boss exists 2019+","2019"
"8ce39c4a-7f8a-4ad3-8d45-d8b1a3189859","2011","chevrolet","colorado","WT, LT, Z71, ZR2, Trail Boss","generation_template","Trail Boss exists 2019+","2019"
"563efdb5-15af-430f-a0c5-5a9325c8d6f7","2012","chevrolet","colorado","WT, LT, Z71, ZR2, Trail Boss","generation_template","Trail Boss exists 2019+","2019"
"d13d411b-b011-4cfa-9caa-71ff9a202fc7","2015","chevrolet","colorado","WT, LT, Z71, ZR2, Trail Boss","generation_template","Trail Boss exists 2019+","2019"
"434d53b9-ec01-47c6-8ba6-03071dd1f0cd","2016","chevrolet","colorado","WT, LT, Z71, ZR2, Trail Boss","generation_template","Trail Boss exists 2019+","2019"
"be405706-e8ea-453c-9689-3ae87c0dd72b","2017","chevrolet","colorado","Trail Boss","generation_template [expanded]","Trail Boss exists 2019+","2019"
"929199a2-c39f-467e-be6d-1dd365d1ceb9","2017","chevrolet","colorado","WT, LT, Z71, ZR2, Trail Boss","generation_template","Trail Boss exists 2019+","2019"
"ec9a5dc1-05e3-4d6f-b666-e4b95c61d026","2005","chevrolet","equinox","LS, LT, RS, Premier","generation_template","Premier exists 2016+","2016"
"7132ce9b-e372-4172-b4de-224134db863d","2005","chevrolet","equinox","Premier","generation_template [expanded]","Premier exists 2016+","2016"
"e15ce42e-c73d-45da-a555-4fe3b03bebda","2006","chevrolet","equinox","Premier","generation_template [expanded]","Premier exists 2016+","2016"
"757530cc-179a-45a4-ae4e-e614430381a6","2007","chevrolet","equinox","LS, LT, RS, Premier","generation_template","Premier exists 2016+","2016"
"980d764b-3ddf-46f3-a1db-b2e28bec34f9","2007","chevrolet","equinox","Premier","generation_template [expanded]","Premier exists 2016+","2016"
"7fcf23e4-30e9-4b09-8e0d-9959af63a282","2008","chevrolet","equinox","LS, LT, RS, Premier","generation_template","Premier exists 2016+","2016"
"0242236e-a523-4df1-96b7-c92d60b3ccad","2008","chevrolet","equinox","Premier","generation_template [expanded]","Premier exists 2016+","2016"
"1dd23346-a76c-4ccf-b086-0f76a981724f","2009","chevrolet","equinox","LS, LT, RS, Premier","generation_template","Premier exists 2016+","2016"
"0836a59b-0935-424f-911f-baeaed21e242","2009","chevrolet","equinox","Premier","generation_template [expanded]","Premier exists 2016+","2016"
"64e2b1be-9aa2-4a07-be00-211a87aea440","2010","chevrolet","equinox","LS, LT, RS, Premier","generation_template [filled from 2014 equinox]","Premier exists 2016+","2016"
"227d0fc2-c1fe-48a0-a4dd-3eb74c7a898a","2011","chevrolet","equinox","Premier","trim-research","Premier exists 2016+","2016"
"3c73d31c-9332-40b5-8e91-5ff9881ebdae","2012","chevrolet","equinox","LS, LT, RS, Premier","generation_template [filled from 2011 equinox]","Premier exists 2016+","2016"
"1c3bac69-07f6-4da2-ac96-2387b4a3e8da","2012","chevrolet","equinox","Premier","trim-research","Premier exists 2016+","2016"
"e736701f-8332-48ed-8e32-a03ba3c0a226","2014","chevrolet","equinox","LS, LT, RS, Premier","generation_template","Premier exists 2016+","2016"
"4640e08d-b75a-423b-aa6b-f97445b36845","2014","chevrolet","equinox","Premier","trim-research","Premier exists 2016+","2016"
"412228ff-729f-45ed-bb23-920f1635a4d5","2015","chevrolet","equinox","LS, LT, RS, Premier","generation_template [filled from 2014 equinox]","Premier exists 2016+","2016"
"4a5ccde9-c501-4a84-8333-fe27f549c1bc","2015","chevrolet","equinox","Premier","trim-research","Premier exists 2016+","2016"
"6476b78a-62ad-4076-9775-f7f848cafcd5","2021","subaru","outback","Base, Premium, Limited, Touring, Onyx Edition XT, Wilderness","cache-import","Wilderness exists 2022+","2022"
"9c11c2c2-26f1-4387-b6e7-57818d36b750","2008","lincoln","mkz","Premiere, Select, Reserve, Black Label","generation-baseline","Black Label exists 2015+","2015"
"a51a022c-9c23-4673-875c-f430904be343","1994","chevrolet","impala","LS, LT, Premier","generation_template","Premier exists 2016+","2016"
"a5a32664-1e72-44b3-a690-3e05a4dc385c","1994","chevrolet","impala","Premier","generation_template [expanded]","Premier exists 2016+","2016"
"ada7a8a3-0e8f-459c-b375-785c27451047","1995","chevrolet","impala","LS, LT, Premier","generation_template","Premier exists 2016+","2016"
"c288cf66-c906-4101-bb12-754abf848197","1995","chevrolet","impala","Premier","generation_template [expanded]","Premier exists 2016+","2016"
"27353722-171d-44a2-80be-be87957161f9","1996","chevrolet","impala","LS, LT, Premier","generation_template","Premier exists 2016+","2016"
"d5747bea-380c-4362-a49f-83fd198be6fa","1996","chevrolet","impala","Premier","generation_template [expanded]","Premier exists 2016+","2016"
"4f738210-9ff7-4909-be0b-c172d4f456aa","2000","chevrolet","impala","LS, LT, Premier","generation_template","Premier exists 2016+","2016"
"13f36a2e-1b9e-4749-86b0-d3cde657e5e4","2000","chevrolet","impala","Premier","generation_template [expanded]","Premier exists 2016+","2016"
"4c0d02fd-00c8-44ea-8c33-a07a5c2db893","2001","chevrolet","impala","LS, LT, Premier","generation_template","Premier exists 2016+","2016"
"28327158-a0f1-4ae5-a088-61eabdd83490","2002","chevrolet","impala","LS, LT, Premier","generation_template","Premier exists 2016+","2016"
"d9cd8365-6327-4665-bd3e-65c22f27272b","2002","chevrolet","impala","Premier","generation_template [expanded]","Premier exists 2016+","2016"
"57c7ceb9-f572-4002-b008-772c8dbf2911","2003","chevrolet","impala","LS, LT, Premier","generation_template","Premier exists 2016+","2016"
"a6e291c1-2a3b-47e4-ada4-da3e45d453d7","2003","chevrolet","impala","Premier","generation_template [expanded]","Premier exists 2016+","2016"
"c43491c8-4a7c-4613-9764-750c18ea94db","2004","chevrolet","impala","LS, LT, Premier","generation_template","Premier exists 2016+","2016"
"22eb8b41-02d5-489e-870d-65dd546fd521","2004","chevrolet","impala","Premier","generation_template [expanded]","Premier exists 2016+","2016"
"a8397a13-c8fb-4520-8b49-db5bd588490f","2005","chevrolet","impala","LS, LT, Premier","generation_template","Premier exists 2016+","2016"
"e316ae2b-86c0-49be-84e3-dc88b18a456a","2005","chevrolet","impala","Premier","generation_template [expanded]","Premier exists 2016+","2016"
"e66e2706-5e3d-48bc-b1b0-8e3826fc5f2d","2006","chevrolet","impala","LS, LT, Premier","generation_template [filled from 2010 impala]","Premier exists 2016+","2016"
"0d553341-cfbb-4805-b3bc-cc696ef3975d","2006","chevrolet","impala","Premier","generation_template [filled from 2010  [expanded]","Premier exists 2016+","2016"
"52313860-1a3d-4f81-9ce5-9ee8ceb8d5cf","2007","chevrolet","impala","LS, LT, Premier","generation_template [filled from 2006 impala]","Premier exists 2016+","2016"
"b198f331-fcd8-4888-a3fa-2ea16cc00eab","2007","chevrolet","impala","Premier","generation_template [filled from 2006  [expanded]","Premier exists 2016+","2016"
"6355af3e-3e39-47c5-bafd-5c3f4dd0b9eb","2008","chevrolet","impala","LS, LT, Premier","generation_template [filled from 2007 impala]","Premier exists 2016+","2016"
"8028a220-5d0e-4a31-84a7-37d9acd871cc","2008","chevrolet","impala","Premier","generation_template [filled from 2007  [expanded]","Premier exists 2016+","2016"
"1e1f06cc-aefa-4691-9c0c-e791deaaa223","2009","chevrolet","impala","LS, LT, Premier","generation_template [filled from 2010 impala]","Premier exists 2016+","2016"
"b855d463-b365-4430-9394-a2334ce5287a","2009","chevrolet","impala","Premier","generation_template [filled from 2010  [expanded]","Premier exists 2016+","2016"
"63d317f8-1f50-453e-bd32-0f7306a0e2d5","2010","chevrolet","impala","LS, LT, Premier","wheelsize","Premier exists 2016+","2016"
"1df2cbfa-025b-479f-a36f-826ba6e539aa","2010","chevrolet","impala","Premier","wheelsize [expanded]","Premier exists 2016+","2016"
"5f218f8f-3a4e-431e-a568-0c901c823702","2011","chevrolet","impala","LS, LT, Premier","generation_template [filled from 2010 impala]","Premier exists 2016+","2016"
"b647ba36-d631-4045-80f0-7d8d4212dd58","2011","chevrolet","impala","Premier","generation_template [filled from 2010  [expanded]","Premier exists 2016+","2016"
"2270c6f8-82f7-45b5-ba43-8a62e446ca78","2012","chevrolet","impala","LS, LT, Premier","generation_template [filled from 2011 impala]","Premier exists 2016+","2016"
"7695d947-b115-4535-bb19-027d9cf13a14","2012","chevrolet","impala","Premier","generation_template [filled from 2011  [expanded]","Premier exists 2016+","2016"
"557a596d-c471-4de5-9b89-89129fb2b700","2013","chevrolet","impala","LS, LT, Premier","generation_template [filled from 2012 impala]","Premier exists 2016+","2016"
"92e9b281-fd90-4ca0-8ee7-405a6db6c884","2013","chevrolet","impala","Premier","generation_template [filled from 2012  [expanded]","Premier exists 2016+","2016"
"0e5a2c99-fa85-4c3c-8ff7-63fda84730a5","2014","chevrolet","impala","LS, LT, Premier","generation_template","Premier exists 2016+","2016"
"eeb48145-97ea-4614-a50a-5ee57903cb02","2014","chevrolet","impala","Premier","generation_template [expanded]","Premier exists 2016+","2016"
"bace7e2f-4fcb-46d0-8cc4-1aeb5ee1a365","2015","chevrolet","impala","LS, LT, Premier","generation_template","Premier exists 2016+","2016"
"90b284c9-dd5e-43a1-b7bb-9b481747690b","2015","chevrolet","impala","Premier","generation_template [expanded]","Premier exists 2016+","2016"
"e5863d2b-d81e-4437-b9d6-3aff7a635ff6","2009","hyundai","elantra","SE, SEL, N Line, Limited","cache-import","N Line exists 2019+","2019"
"ed8f8e47-1a9b-4e91-8603-689c694e1534","1997","chevrolet","malibu","LS, RS, LT, Premier","generation_template","Premier exists 2016+","2016"
"e0b2c3e9-1c6b-4607-8d84-9d83a276215d","1998","chevrolet","malibu","LS, RS, LT, Premier","generation_template","Premier exists 2016+","2016"
"5267a374-bd4b-43da-a80d-3f3fd17a9430","1998","chevrolet","malibu","Premier","generation_template [expanded]","Premier exists 2016+","2016"
"b208b46c-f77a-4903-baba-144812b73fcd","1999","chevrolet","malibu","LS, RS, LT, Premier","generation_template","Premier exists 2016+","2016"
"581238ff-6147-4fb7-9e6e-3814039c5b26","1999","chevrolet","malibu","Premier","generation_template [expanded]","Premier exists 2016+","2016"
"7b8b05e0-c655-496b-b356-91f770703469","2000","chevrolet","malibu","LS, RS, LT, Premier","generation_template","Premier exists 2016+","2016"
"d1f9fa5e-0705-4062-b8b7-ef72198fb8be","2010","hyundai","elantra","SE, SEL, N Line, Limited","cache-import","N Line exists 2019+","2019"
"99b83be0-05db-4125-8b15-89c955df5ad6","2011","hyundai","elantra","N Line","cache-import [expanded]","N Line exists 2019+","2019"
"6cef4ba3-df2e-4925-bc78-28a2da738788","2012","hyundai","elantra","N Line","cache-import [expanded]","N Line exists 2019+","2019"
"35b8ab88-2cca-47d2-9255-4412be0eb2a3","2013","hyundai","elantra","N Line","cache-import [expanded]","N Line exists 2019+","2019"
"0ed85cf8-290e-455d-ba18-793cacf6b61b","2000","chevrolet","malibu","Premier","generation_template [expanded]","Premier exists 2016+","2016"
"30b51eb8-5f9e-4f44-834d-be320aed4ee5","2013","hyundai","elantra","SE, SEL, N Line, Limited","cache-import","N Line exists 2019+","2019"
"7cfae876-9c08-40eb-8f49-54557c7f392c","2014","hyundai","elantra","N Line","cache-import [expanded]","N Line exists 2019+","2019"
"edfbe167-897e-4e01-9b3e-45c51f292917","2015","hyundai","elantra","SE, SEL, N Line, Limited","cache-import","N Line exists 2019+","2019"
"2fbb5f09-3665-4fc2-82df-d3eb7074a115","2001","chevrolet","malibu","LS, RS, LT, Premier","generation_template","Premier exists 2016+","2016"
"b84b798a-8f57-49b4-b047-3b4515d160fe","2016","hyundai","elantra","N Line","cache-import [expanded]","N Line exists 2019+","2019"
"c12520f7-8072-4442-82e0-df6cdb889993","2016","hyundai","elantra","SE, SEL, N Line, Limited","cache-import","N Line exists 2019+","2019"
"5b6036c9-2881-413d-b05b-effc57c79586","2017","hyundai","elantra","N Line","cache-import [expanded]","N Line exists 2019+","2019"
"fbcd4026-20c9-4d90-b655-f1a3623c4532","2001","chevrolet","malibu","Premier","generation_template [expanded]","Premier exists 2016+","2016"
"38219bdc-74a7-483e-a4ed-efa54ae7a229","2002","chevrolet","malibu","LS, RS, LT, Premier","generation_template","Premier exists 2016+","2016"
"d10fc5ee-3d81-440c-a508-183ac8341965","2002","chevrolet","malibu","Premier","generation_template [expanded]","Premier exists 2016+","2016"
"c7c5b24b-8945-4955-afc9-f5d67ade53c1","2009","acura","mdx","Advance","trim-research","Advance on mdx exists 2010+","2010"
"15e68263-e50c-4e8c-8787-86ae675ed3fc","2003","chevrolet","malibu","LS, RS, LT, Premier","generation_template","Premier exists 2016+","2016"
"8a2d5b7f-af1a-455f-9185-c6671908ddfd","2003","chevrolet","malibu","Premier","generation_template [expanded]","Premier exists 2016+","2016"
"46b0d806-f109-44c5-906f-b376f98b9aff","2004","chevrolet","malibu","LS, RS, LT, Premier","generation_template","Premier exists 2016+","2016"
"72c518f9-816d-4f31-a532-33757538ebce","2004","chevrolet","malibu","Premier","generation_template [expanded]","Premier exists 2016+","2016"
"796d4ddf-7fc3-4591-a062-c462e9447f6d","2005","chevrolet","malibu","LS, RS, LT, Premier","generation_template","Premier exists 2016+","2016"
"1aafa8e4-bbe5-41e8-8dfe-9be9a2fb77a3","2005","chevrolet","malibu","Premier","generation_template [expanded]","Premier exists 2016+","2016"
"97b128a8-a494-44b1-90ab-b12af5705d33","2006","chevrolet","malibu","LS, RS, LT, Premier","generation_template","Premier exists 2016+","2016"
"63c73942-ca59-4296-ae79-5957d88e8877","2006","chevrolet","malibu","Premier","generation_template [expanded]","Premier exists 2016+","2016"
"50e57fad-038f-461c-bef1-f84471a05077","2011","lincoln","mkz","Premiere, Select, Reserve, Black Label","generation-baseline","Black Label exists 2015+","2015"
"aa90f64a-b16d-4b87-9aee-2c727b9200a8","2007","chevrolet","malibu","LS, RS, LT, Premier","generation_template","Premier exists 2016+","2016"
"c72bf6fc-9bc5-4520-937e-ee281b933b1c","2007","chevrolet","malibu","Premier","generation_template [expanded]","Premier exists 2016+","2016"
"caa85c63-3c71-45b7-8db8-5cd590c85a4a","2008","chevrolet","malibu","LS, RS, LT, Premier","generation_template [filled from 2012 malibu]","Premier exists 2016+","2016"
"42935d4b-f39d-43a3-83e5-c5bec5c364a8","2008","chevrolet","malibu","Premier","generation_template [filled from 2012  [expanded]","Premier exists 2016+","2016"
"9dfd9bff-09a9-4f7b-82c6-716158e48515","2009","chevrolet","malibu","LS, RS, LT, Premier","generation_template [filled from 2008 malibu]","Premier exists 2016+","2016"
"bf524c00-2fc9-45af-a0f2-a065d1545221","2009","chevrolet","malibu","Premier","generation_template [filled from 2008  [expanded]","Premier exists 2016+","2016"
"7c304d5a-5631-4840-8f30-be1134ad6eeb","2010","chevrolet","malibu","LS, RS, LT, Premier","generation_template [filled from 2009 malibu]","Premier exists 2016+","2016"
"fac965dd-39dc-4a84-8f6e-ba448b2bb8f5","2010","chevrolet","malibu","Premier","generation_template [filled from 2009  [expanded]","Premier exists 2016+","2016"
"006c224a-aec5-4b98-b95b-e07f213b2181","2011","chevrolet","malibu","LS, RS, LT, Premier","generation_template [filled from 2010 malibu]","Premier exists 2016+","2016"
"b2bc105c-a369-491d-853d-42ccc4e66d2b","2011","chevrolet","malibu","Premier","generation_template [filled from 2010  [expanded]","Premier exists 2016+","2016"
"f018f6bf-607f-446e-a4fd-6cf0d143d1bb","2012","chevrolet","malibu","LS, RS, LT, Premier","generation_template","Premier exists 2016+","2016"
"1b6b0ad5-be96-47f9-9ddb-c9984f5c869e","2012","chevrolet","malibu","Premier","generation_template [expanded]","Premier exists 2016+","2016"
"fbae1689-2154-4f05-917d-30bef2582e53","2013","chevrolet","malibu","LS, RS, LT, Premier","generation_template","Premier exists 2016+","2016"
"a1ab1844-a276-4204-a4d2-d214e2c29552","2013","chevrolet","malibu","Premier","generation_template [expanded]","Premier exists 2016+","2016"
"84abdc96-8aba-44fe-b788-95aadfd178fd","2014","chevrolet","malibu","LS, RS, LT, Premier","generation_template","Premier exists 2016+","2016"
"da7b247f-9a73-45cf-a8a0-3765c7abac8c","2014","chevrolet","malibu","Premier","generation_template [expanded]","Premier exists 2016+","2016"
"f2253cb4-4e22-41c9-8c64-57f53c4dde8b","2015","chevrolet","malibu","LS, RS, LT, Premier","generation_template","Premier exists 2016+","2016"
"96d03282-782a-4aff-8fa6-59224534447f","2015","chevrolet","malibu","Premier","generation_template [expanded]","Premier exists 2016+","2016"
"43c92d10-d33a-4082-93c3-1b7fa65efcc5","2013","volkswagen","passat","S, SE, R-Line, SEL Premium","cache-import","SEL Premium exists 2015+","2015"
"84d44a4f-006a-48f3-8ea9-092b8d64e7a0","2020","hyundai","palisade","SE, SEL, XRT, Limited, Calligraphy","cache-import","XRT exists 2022+","2022"
"106ae0e8-a546-4377-a20f-be9ba2b49de3","2020","hyundai","palisade","XRT","cache-import [trim-expanded]","XRT exists 2022+","2022"
"d585a5c0-1b7b-47bc-acb1-25778d20576c","2021","hyundai","palisade","SE, SEL, XRT, Limited, Calligraphy","cache-import","XRT exists 2022+","2022"
"8471de45-c01c-4afa-958d-04dee347fd41","2013","volkswagen","passat","SEL Premium","cache-import [expanded]","SEL Premium exists 2015+","2015"
"bbe80ff6-ec3a-463b-952e-c55208f36e86","1994","ram","3500","Tradesman, Big Horn, Laramie, Limited, Longhorn","api_import","Limited exists 2015+","2015"
"a8dbff63-cb46-4458-a645-b4b7774b60b9","2010","hyundai","santa-fe","Calligraphy","cache-import [expanded]","Calligraphy exists 2020+","2020"
"1aa95955-e353-47c1-b9a1-2dd494964eed","2010","hyundai","santa-fe","SE, SEL, XRT, Limited, Calligraphy","cache-import","Calligraphy exists 2020+","2020"
"f07a9c19-3692-416d-a5a0-d8631e207f28","2010","hyundai","santa-fe","XRT","cache-import [expanded]","XRT exists 2022+","2022"
"5ccb8891-cd0f-48a8-8aa1-1ad34f3df06e","2011","hyundai","santa-fe","Calligraphy","cache-import [expanded]","Calligraphy exists 2020+","2020"
"bf6997b9-5615-433e-bb6f-1c5f8b2df889","2011","hyundai","santa-fe","SE, SEL, XRT, Limited, Calligraphy","cache-import","Calligraphy exists 2020+","2020"
"75139786-fc87-4df4-85f3-930d91aa1ffd","2011","hyundai","santa-fe","XRT","cache-import [expanded]","XRT exists 2022+","2022"
"0e05d3e3-a59e-4f47-8b6c-0330d689fe63","2012","hyundai","santa-fe","Calligraphy","railway_import [expanded]","Calligraphy exists 2020+","2020"
"e2470a1e-d32d-466e-bd2f-954e9d721562","2012","hyundai","santa-fe","SE, SEL, XRT, Limited, Calligraphy","railway_import","Calligraphy exists 2020+","2020"
"32796a9d-ac0a-4e50-8e54-647dfa508300","2013","hyundai","santa-fe","SE, SEL, XRT, Limited, Calligraphy","cache-import","Calligraphy exists 2020+","2020"
"2ed501bd-5bb8-4f56-b907-fdc40b7b11dd","2014","hyundai","santa-fe","Calligraphy","cache-import [expanded]","Calligraphy exists 2020+","2020"
"344579e3-8806-46a4-aeb0-00660b55e216","2014","hyundai","santa-fe","SE, SEL, XRT, Limited, Calligraphy","cache-import","Calligraphy exists 2020+","2020"
"199fdd8b-8b38-462a-be17-0cfb31466489","2014","hyundai","santa-fe","XRT","cache-import [expanded]","XRT exists 2022+","2022"
"55877216-480e-4625-ab87-a2675d65a7d7","2015","hyundai","santa-fe","Calligraphy","cache-import [expanded]","Calligraphy exists 2020+","2020"
"36dab763-f82a-4eb1-93dd-8f4022ccc5d7","2015","hyundai","santa-fe","SE, SEL, XRT, Limited, Calligraphy","cache-import","Calligraphy exists 2020+","2020"
"7bb366ec-4491-48b2-8570-84451fc0aa73","2015","hyundai","santa-fe","XRT","cache-import [expanded]","XRT exists 2022+","2022"
"be307d5f-01bc-4980-934b-382141da10c3","2016","hyundai","santa-fe","XRT","cache-import [expanded]","XRT exists 2022+","2022"
"b5873377-351a-4085-baa9-3ce54eb79c49","2017","hyundai","santa-fe","SE, SEL, XRT, Limited, Calligraphy","cache-import","Calligraphy exists 2020+","2020"
"3eaa85a4-78d3-4187-9b6c-766fb1d71d3a","2017","hyundai","santa-fe","XRT","cache-import [expanded]","XRT exists 2022+","2022"
"bb08d0af-5c16-414c-a4ce-31559677414b","2019","hyundai","santa-fe","Calligraphy","cache-import [expanded]","Calligraphy exists 2020+","2020"
"5c54a677-4ef4-4af6-bb1a-d22b3624f60f","2019","hyundai","santa-fe","XRT","cache-import [expanded]","XRT exists 2022+","2022"
"995b456e-d726-4ab9-a2d8-b8813e80a20a","2020","hyundai","santa-fe","SE, SEL, XRT, Limited, Calligraphy","cache-import","XRT exists 2022+","2022"
"fca9f0ec-6292-4eeb-985d-d6deee29e87e","2020","hyundai","santa-fe","XRT","cache-import [trim-expanded]","XRT exists 2022+","2022"
"4f589cec-7a5e-4110-8e30-bf1726ae71b6","2009","hyundai","sonata","N Line","cache-import [expanded]","N Line exists 2019+","2019"
"227059ac-2c23-4e89-bdf1-abbf6b389ffa","2009","hyundai","sonata","SE, SEL, SEL Plus, Limited, N Line","cache-import","N Line exists 2019+","2019"
"bc8b4a24-016c-4249-a9e1-288941c74d11","2010","hyundai","sonata","N Line","cache-import [expanded]","N Line exists 2019+","2019"
"54f02172-64fe-4ecd-8f24-99404e72e12d","2010","hyundai","sonata","SE, SEL, SEL Plus, Limited, N Line","cache-import","N Line exists 2019+","2019"
"1c7b1114-4254-4363-b1ee-8c6a578639e0","2011","hyundai","sonata","N Line","cache-import [expanded]","N Line exists 2019+","2019"
"a23328ea-3c64-423a-86b2-70357b93e844","2011","hyundai","sonata","SE, SEL, SEL Plus, Limited, N Line","cache-import","N Line exists 2019+","2019"
"7a9b4641-a61a-42c8-a252-aa7d065195c3","2012","hyundai","sonata","SE, SEL, SEL Plus, Limited, N Line","cache-import","N Line exists 2019+","2019"
"16e3ebdc-042a-4ac3-a060-6cbd073759e2","2013","hyundai","sonata","SE, SEL, SEL Plus, Limited, N Line","cache-import","N Line exists 2019+","2019"
"520b7170-2ee6-4df3-b2d5-838d9e7a1187","2014","volkswagen","passat","S, SE, R-Line, SEL Premium","cache-import","SEL Premium exists 2015+","2015"
"626ffe3b-20e9-4a8d-ad86-149ba9ace4a0","2014","hyundai","sonata","N Line","cache-import [expanded]","N Line exists 2019+","2019"
"f428d072-50d7-4b2f-8dc2-d5edaf5de2c8","2014","hyundai","sonata","SE, SEL, SEL Plus, Limited, N Line","cache-import","N Line exists 2019+","2019"
"cf1f85c2-720c-45bf-8a72-cf14cb94dcd9","2015","hyundai","sonata","N Line","cache-import [expanded]","N Line exists 2019+","2019"
"a66ea68d-c397-40c6-b520-d37ade379ec2","2015","hyundai","sonata","SE, SEL, SEL Plus, Limited, N Line","cache-import","N Line exists 2019+","2019"
"e00c8af6-f6b4-47f3-9445-b341c941feda","2016","hyundai","sonata","N Line","cache-import [expanded]","N Line exists 2019+","2019"
"6acc5ad2-0f12-4856-a530-97091916352b","2016","hyundai","sonata","SE, SEL, SEL Plus, Limited, N Line","cache-import","N Line exists 2019+","2019"
"77d91f40-ce8f-482e-b229-c71f9eeb1731","2017","hyundai","sonata","N Line","cache-import [expanded]","N Line exists 2019+","2019"
"1c4f51d2-558e-4835-b0d2-851639a34b78","2017","hyundai","sonata","SE, SEL, SEL Plus, Limited, N Line","cache-import","N Line exists 2019+","2019"
"2ff6f6c0-1731-412b-9abc-69498c0ff3df","2009","hyundai","tucson","N Line","cache-import [expanded]","N Line exists 2019+","2019"
"1d510391-2cc5-4daf-814e-902341d737a5","2009","hyundai","tucson","SE, SEL, XRT, Limited, N Line","cache-import","N Line exists 2019+","2019"
"1870538d-6376-46b6-a3ac-1b3c90227ff6","2010","hyundai","tucson","XRT","cache-import [expanded]","XRT exists 2022+","2022"
"a02ffe3e-0bcc-454e-a853-81111cd9f90e","2011","hyundai","tucson","XRT","cache-import [expanded]","XRT exists 2022+","2022"
"d77b3349-b68e-4e06-b609-20f89fc696d2","2012","hyundai","tucson","N Line","cache-import [expanded]","N Line exists 2019+","2019"
"26a03381-49cb-4eb3-b51c-41d2f1d7a4c6","2013","hyundai","tucson","XRT","cache-import [expanded]","XRT exists 2022+","2022"
"5a4f74f0-e441-4358-aaba-d8ade6937201","2014","hyundai","tucson","N Line","cache-import [expanded]","N Line exists 2019+","2019"
"0daa4f54-6ea7-4168-817f-0b730178e574","2014","hyundai","tucson","SE, SEL, XRT, Limited, N Line","cache-import","N Line exists 2019+","2019"
"7c75377e-2c0f-4a21-98da-c3954c546089","2015","hyundai","tucson","N Line","cache-import [expanded]","N Line exists 2019+","2019"
"ad742d15-3474-40f2-a948-26724d3d8856","2015","hyundai","tucson","SE, SEL, XRT, Limited, N Line","cache-import","N Line exists 2019+","2019"
"a112163f-8430-449a-b417-2a11e7110568","2015","hyundai","tucson","XRT","cache-import [expanded]","XRT exists 2022+","2022"
"baa92725-5564-4263-8b22-ef4801875d4b","2016","hyundai","tucson","N Line","cache-import [expanded]","N Line exists 2019+","2019"
"7c3bc3b8-11c0-4aef-a2e8-097bdbd0d7e7","2016","hyundai","tucson","XRT","cache-import [expanded]","XRT exists 2022+","2022"
"3fe294bc-a9a3-437b-9e19-86ed3575e224","2017","hyundai","tucson","N Line","cache-import [expanded]","N Line exists 2019+","2019"
"69ce428b-6316-4538-85ea-9ec55ca69a23","2017","hyundai","tucson","XRT","cache-import [expanded]","XRT exists 2022+","2022"
"5ba64f69-c42a-40a3-99bc-26ae404fdbe1","2019","hyundai","tucson","SE, SEL, XRT, Limited, N Line","cache-import","XRT exists 2022+","2022"
"e3b4ea86-45d8-4329-9992-9f258f27a547","2019","hyundai","tucson","XRT","cache-import [expanded]","XRT exists 2022+","2022"
"9573a204-5ff1-4ae5-8916-14b27f22599d","2021","hyundai","tucson","SE, SEL, XRT, Limited, N Line","cache-import","XRT exists 2022+","2022"
"a5819b09-6534-47ac-aa23-e1e404445cc1","2010","acura","mdx","Base, Technology, A-Spec, Advance, Type S","trim-research","A-Spec exists 2018+","2018"
"febb3904-d532-4d47-a708-aa96710fb346","2005","ford","ranger","XL, XLT, Lariat, Tremor, Raptor","cache-import","Tremor exists 2020+","2020"
"62ca9502-f621-4d80-acc7-ad13fbc20ef3","2000","chevrolet","tahoe","LS, LT, RST, Z71, Premier, High Country","generation_template","High Country exists 2014+","2014"
"fe0e4e46-1cf8-4dbb-84bf-b32b6a7d938c","2013","chevrolet","spark","LS/LT/ACTIV","batch7-subcompacts-final","Activ exists 2017+","2017"
"3e709f5a-24bd-45c3-b27c-860be50e9bb3","2014","chevrolet","spark","LS/LT/ACTIV","batch7-subcompacts-final","Activ exists 2017+","2017"
"c0a2e87e-1e6c-475b-a3e6-00b2a671e5de","2015","chevrolet","spark","LS/LT/ACTIV","batch7-subcompacts-final","Activ exists 2017+","2017"
"03270603-152c-41a6-9851-87b8955ea789","2016","chevrolet","spark","LS/LT/ACTIV","batch7-subcompacts-final","Activ exists 2017+","2017"
"fef9dedb-8c92-4103-9510-a14fb27fd57b","2011","buick","enclave","Avenir","verified-research [expanded]","Avenir exists 2018+","2018"
"c3039f95-bb2b-414b-a8ec-442e298f57c9","2011","buick","enclave","Essence","verified-research [expanded]","Essence exists 2018+","2018"
"1fbd0640-600e-4166-8768-fa0f25ddc1f4","2011","buick","enclave","Preferred","verified-research [expanded]","Preferred exists 2018+","2018"
"15c2c2c3-f2fe-4fd1-8fa0-2ec8917e75cc","2009","ford","ranger","XL, XLT, Lariat, Tremor, Raptor","cache-import","Tremor exists 2020+","2020"
"8c743ddf-a472-4a9c-9e05-42a0e1b70d12","2013","buick","enclave","Preferred","verified-research [expanded]","Preferred exists 2018+","2018"
"fc6afc9f-33df-4089-9ea4-a86eb040b4c4","2014","buick","enclave","Preferred","verified-research [expanded]","Preferred exists 2018+","2018"
"20a63e9d-4a2a-4adf-9e5e-6c301df715e6","2015","buick","enclave","Preferred","verified-research [expanded]","Preferred exists 2018+","2018"
"5b3d6813-f5e0-4ae8-b4f2-6970387b4388","2015","buick","enclave","Preferred, Essence, Avenir","verified-research","Avenir exists 2018+","2018"
"70965fbd-8f27-4882-953e-1b4000f1b4b8","2016","buick","enclave","Essence","verified-research [expanded]","Essence exists 2018+","2018"
"b907f46d-0490-445c-959f-e188dc5a7bca","2016","buick","enclave","Preferred, Essence, Avenir","verified-research","Avenir exists 2018+","2018"
"e316afd5-5257-40f2-8903-61a12e26d3ea","2017","buick","enclave","Avenir","verified-research [expanded]","Avenir exists 2018+","2018"
"f789d6a8-b01c-41ee-b89e-bdd5e4c1ca54","2017","buick","enclave","Essence","verified-research [expanded]","Essence exists 2018+","2018"
"f72a5c75-8526-4734-a3a2-6baca707c375","1995","chevrolet","tahoe","Premier","generation_template [expanded]","Premier exists 2016+","2016"
"c8733f91-39f1-436a-9c6c-f52634259e7b","1996","chevrolet","tahoe","Premier","generation_template [expanded]","Premier exists 2016+","2016"
"4ebe330a-77a1-42be-8c49-20247dd7b9aa","1997","chevrolet","tahoe","Premier","generation_template [expanded]","Premier exists 2016+","2016"
"83f2dbd1-e120-47a2-8563-a1cb1426f7e1","1998","chevrolet","tahoe","LS, LT, RST, Z71, Premier, High Country","generation_template","High Country exists 2014+","2014"
"92891158-90b1-4335-971c-b0173a27df89","1998","chevrolet","tahoe","Premier","generation_template [expanded]","Premier exists 2016+","2016"
"0aaff275-0e80-4205-8343-a50cbe389244","1999","chevrolet","tahoe","LS, LT, RST, Z71, Premier, High Country","generation_template","High Country exists 2014+","2014"
"6753a9ae-92e4-41bc-8935-414a2b3b3322","1999","chevrolet","tahoe","Premier","generation_template [expanded]","Premier exists 2016+","2016"
"9b0663a7-dd22-4ca8-b0e4-71c46fd08fee","2000","chevrolet","tahoe","Premier","generation_template [expanded]","Premier exists 2016+","2016"
"7ee2ed5b-c211-4159-a7ba-066af1bc5692","2014","volkswagen","passat","SEL Premium","cache-import [expanded]","SEL Premium exists 2015+","2015"
"605661d8-3cc1-4cef-84df-8466126bcc71","2001","chevrolet","tahoe","Premier","generation_template [expanded]","Premier exists 2016+","2016"
"842ba651-e40a-4783-9b63-08fbd96be77a","2002","chevrolet","tahoe","LS, LT, RST, Z71, Premier, High Country","generation_template","High Country exists 2014+","2014"
"764e57fb-97f0-4a43-8fd2-05084271c520","2002","chevrolet","tahoe","Premier","generation_template [expanded]","Premier exists 2016+","2016"
"baf5ca7d-ccb0-43e8-826b-a020c3c5b5c4","2003","chevrolet","tahoe","LS, LT, RST, Z71, Premier, High Country","generation_template","High Country exists 2014+","2014"
"93573e31-fc5e-4e44-b974-4dc2af44f06a","2003","chevrolet","tahoe","Premier","generation_template [expanded]","Premier exists 2016+","2016"
"1a6c66e8-02fd-4032-add9-5eaa3a84a09b","2004","chevrolet","tahoe","Premier","generation_template [expanded]","Premier exists 2016+","2016"
"56d9228b-6108-489e-9861-00ea87ef6fa0","2005","chevrolet","tahoe","Premier","generation_template [expanded]","Premier exists 2016+","2016"
"05ac89ff-e681-4341-82bb-b47c08b1efc1","2006","chevrolet","tahoe","LS, LT, RST, Z71, Premier, High Country","generation_template","High Country exists 2014+","2014"
"f2d9f727-7fbf-4642-a8cf-134e1cc346ed","2006","chevrolet","tahoe","Premier","generation_template [expanded]","Premier exists 2016+","2016"
"75828333-1bb1-4687-a7a0-57a2c02d1389","2007","chevrolet","tahoe","LS, LT, RST, Z71, Premier, High Country","generation_template [filled from 2009 tahoe]","High Country exists 2014+","2014"
"b29eca61-bd7e-4b53-afb4-ea8405c3232b","2007","chevrolet","tahoe","Premier","generation_template [filled from 2009  [expanded]","Premier exists 2016+","2016"
"b21e8e9d-2886-4f5f-8364-778a8e26f6a2","2008","chevrolet","tahoe","LS, LT, RST, Z71, Premier, High Country","generation_template [filled from 2007 tahoe]","High Country exists 2014+","2014"
"c24e9cc3-fb0c-4aa1-b65c-5bea1976c320","2008","chevrolet","tahoe","Premier","generation_template [filled from 2007  [expanded]","Premier exists 2016+","2016"
"f8fd8052-3a5d-409f-aa7f-29e119d4a115","2009","chevrolet","tahoe","LS, LT, RST, Z71, Premier, High Country","generation_template","High Country exists 2014+","2014"
"8c08d7ae-4b37-4957-9b46-db793d4d93e2","2009","chevrolet","tahoe","Premier","generation_template [expanded]","Premier exists 2016+","2016"
"20634407-15c8-40cb-a6d6-6dda8de67f34","2010","chevrolet","tahoe","Premier","generation_template [expanded]","Premier exists 2016+","2016"
"7f86e16a-e950-424a-a62e-279a459800ec","2011","chevrolet","tahoe","LS, LT, RST, Z71, Premier, High Country","generation_template","High Country exists 2014+","2014"
"b6420ca6-f7fe-4741-ad3f-a8ca579fd3d8","2011","chevrolet","tahoe","Premier","generation_template [expanded]","Premier exists 2016+","2016"
"0c31c003-b4db-4d67-8a7c-fcca2bce9765","2012","chevrolet","tahoe","LS, LT, RST, Z71, Premier, High Country","generation_template","High Country exists 2014+","2014"
"3dff0c6b-b8b5-4893-b377-c59327382b50","2012","chevrolet","tahoe","Premier","generation_template [expanded]","Premier exists 2016+","2016"
"801ea82d-5be7-46a1-808a-1bda1062d120","2013","chevrolet","tahoe","LS, LT, RST, Z71, Premier, High Country","generation_template","High Country exists 2014+","2014"
"51cbd996-56d8-416e-a5c4-b110d76ddde0","2016","buick","envision","Avenir","verified-research [expanded]","Avenir exists 2018+","2018"
"8f7866dd-30b2-4aca-bc5c-005e124648ad","2016","buick","envision","Preferred","google-ai-overview","Preferred exists 2018+","2018"
"eac39a27-bb89-4b10-b492-4620147a379b","2013","chevrolet","tahoe","Premier","generation_template [expanded]","Premier exists 2016+","2016"
"3d8ba5b6-a37a-476c-848d-8e21787c701f","2014","chevrolet","tahoe","LS, LT, RST, Z71, Premier, High Country","generation_template","RST exists 2018+","2018"
"31e95df4-5d14-4fd1-9efc-f01ae5234ad4","2017","buick","envision","Avenir","verified-research [expanded]","Avenir exists 2018+","2018"
"711d31db-3ff7-452d-a7cc-57a9c14ca777","2014","chevrolet","tahoe","Premier","generation_template [expanded]","Premier exists 2016+","2016"
"a08c0e23-0234-4a59-891b-6e0ac4c5fb1b","2017","buick","envision","Preferred, Essence, Avenir","verified-research","Avenir exists 2018+","2018"
"7bc2cb58-4315-4504-b644-0bb727f4d4f7","2015","chevrolet","tahoe","LS, LT, RST, Z71, Premier, High Country","generation_template [filled from 2015 tahoe]","RST exists 2018+","2018"
"3dcd8405-7dfd-4c4d-8131-7454dc7a2bde","2015","chevrolet","tahoe","Premier","trim-research","Premier exists 2016+","2016"
"cdd8f20f-90ff-41eb-8f0a-d9f84df2e701","2015","chevrolet","tahoe","RST","generation_template [filled from 2015  [expanded]","RST exists 2018+","2018"
"8b8e4636-bbaa-40d2-9304-5664c2b000f9","2016","chevrolet","tahoe","LS, LT, RST, Z71, Premier, High Country","generation_template [filled from 2016 tahoe]","RST exists 2018+","2018"
"3f8595d3-6fb8-4b8d-a980-4d1ed2b1edde","2016","chevrolet","tahoe","RST","generation_template [filled from 2016  [expanded]","RST exists 2018+","2018"
"cdca39ee-5ef5-4aa0-acdb-f40924d7ffed","2017","chevrolet","tahoe","LS, LT, RST, Z71, Premier, High Country","generation_template [filled from 2017 tahoe]","RST exists 2018+","2018"
"c11e4187-fe5f-40b0-8bb4-f7557f58af45","2017","chevrolet","tahoe","RST","generation_template [filled from 2017  [expanded]","RST exists 2018+","2018"
"afc47f85-9fb9-4c1c-a19f-151ff0de8cb0","2005","buick","lacrosse","Base, Preferred, Essence, Avenir","generation_template","Avenir exists 2018+","2018"
"c93b0659-50a3-4322-89ab-f0ff789c6a5a","2005","buick","lacrosse","Essence","generation_template [expanded]","Essence exists 2018+","2018"
"4ce3c6ae-ac7e-4e5e-8724-a837f3079cee","2006","buick","lacrosse","Avenir","generation_template [expanded]","Avenir exists 2018+","2018"
"7cd9742c-1c0e-48c7-b83d-205ff0f5a889","2006","buick","lacrosse","Essence","generation_template [expanded]","Essence exists 2018+","2018"
"469c4cc5-356b-421a-b38b-ac7944a44e68","2008","buick","lacrosse","Base, Preferred, Essence, Avenir","generation_template","Avenir exists 2018+","2018"
"07c3da7e-2879-47b3-ae6b-3a88565e2520","2008","buick","lacrosse","Preferred","generation_template [expanded]","Preferred exists 2018+","2018"
"1702f9b1-2b28-4b92-a84e-be776a31dd97","2015","bmw","m4","Competition","google-ai-overview","Competition exists 2016+","2016"
"c19fd613-ab4b-4011-91bb-3dd7fb12f1ce","2010","buick","lacrosse","Essence","verified-research [expanded]","Essence exists 2018+","2018"
"7363b540-01f7-46dc-acd4-6ea8cf098494","2011","buick","lacrosse","Avenir","verified-research [expanded]","Avenir exists 2018+","2018"
"1459256c-92c6-4175-9cac-969b1228f9e3","2011","buick","lacrosse","Preferred","verified-research [expanded]","Preferred exists 2018+","2018"
"2045b6fd-ad0b-47e3-85ea-daa683327986","2012","buick","lacrosse","Base, Preferred, Essence, Avenir","verified-research","Avenir exists 2018+","2018"
"a77705cc-282b-48b5-b3c3-a744572782ec","2012","buick","lacrosse","Essence","verified-research [expanded]","Essence exists 2018+","2018"
"14c359a7-ad86-4cc3-85a7-e1b1132b6327","2012","buick","lacrosse","Preferred","verified-research [expanded]","Preferred exists 2018+","2018"
"ed5456ef-1d76-4425-aac8-f153280fcd63","2013","buick","lacrosse","Essence","verified-research [expanded]","Essence exists 2018+","2018"
"dda78e10-131e-4a21-a5b5-a0c5ddc8b70d","2013","buick","lacrosse","Preferred","verified-research [expanded]","Preferred exists 2018+","2018"
"448521af-a993-4611-a8a0-0aaa95dd7eed","2014","buick","lacrosse","Base, Preferred, Essence, Avenir","verified-research","Avenir exists 2018+","2018"
"da766db4-7cb9-41a4-82bf-89f11c6982e5","2017","hyundai","tucson","SE, SEL, XRT, Limited, N Line","cache-import","N Line exists 2019+","2019"
"635c3c24-f0da-473a-80d0-f346fa4a92e6","2009","chevrolet","traverse","Premier","trim-research","Premier exists 2016+","2016"
"f309e243-0fe3-470f-9ecd-5ce6c82e6509","2010","chevrolet","traverse","Premier","trim-research","Premier exists 2016+","2016"
"b5914553-704f-457c-9699-9d791d1f4179","2011","chevrolet","traverse","Premier","trim-research","Premier exists 2016+","2016"
"c490da27-d696-4ce8-b7fa-947041000a00","2015","buick","lacrosse","Essence","verified-research [expanded]","Essence exists 2018+","2018"
"a6e1cf52-e4b4-4d20-a419-da27d27849ed","2012","chevrolet","traverse","Premier","trim-research","Premier exists 2016+","2016"
"aa3a14af-a501-43e2-be7f-4214f4e11fa5","2015","buick","lacrosse","Preferred","verified-research [expanded]","Preferred exists 2018+","2018"
"c993d626-cee0-432d-b634-c43bf498579c","2013","chevrolet","traverse","Premier","trim-research","Premier exists 2016+","2016"
"94501412-a09d-4bf6-8c94-368986307856","2014","chevrolet","traverse","LS, LT, RS, Premier, High Country","generation_template [filled from 2013 traverse]","Premier exists 2016+","2016"
"7f61f341-3c86-4f87-928a-f97492334b29","2014","chevrolet","traverse","Premier","trim-research","Premier exists 2016+","2016"
"b11ff3e8-77fc-4a55-9c8e-15cedff4c939","2015","chevrolet","traverse","LS, LT, RS, Premier, High Country","generation_template","Premier exists 2016+","2016"
"56c45e89-1330-44a5-8713-6fd277937d87","2015","chevrolet","traverse","Premier","trim-research","Premier exists 2016+","2016"
"7ff1263a-23ec-46d7-bc19-1d0c5b5ead98","2009","jeep","compass","High Altitude","cache-import [expanded]","High Altitude exists 2012+","2012"
"d0ac2c97-290d-41bd-bb0d-b812697af038","2009","jeep","compass","Sport, Latitude, Trailhawk, Limited, High Altitude","cache-import","Trailhawk exists 2013+","2013"
"8cf8d61b-d9fd-46b3-a745-6b3583cdbf86","2009","jeep","compass","Trailhawk","cache-import [expanded]","Trailhawk exists 2013+","2013"
"6b81d681-b3bf-45c4-b121-e89e6c98dd9c","2010","jeep","compass","High Altitude","cache-import [expanded]","High Altitude exists 2012+","2012"
"1f74b93a-fb8e-4517-a324-c535786fee54","2010","jeep","compass","Sport, Latitude, Trailhawk, Limited, High Altitude","cache-import","Trailhawk exists 2013+","2013"
"4f7304a7-f9f9-4550-8fc7-755e6902e897","2010","jeep","compass","Trailhawk","cache-import [expanded]","Trailhawk exists 2013+","2013"
"f8f18f33-416b-4dff-a4a5-c29443f99b32","2011","jeep","compass","High Altitude","cache-import [expanded]","High Altitude exists 2012+","2012"
"09688522-a0df-4924-a3f9-3a09f6210bf1","2011","jeep","compass","Sport, Latitude, Trailhawk, Limited, High Altitude","cache-import","Trailhawk exists 2013+","2013"
"c151e9c6-d2a8-4f2a-85b7-cc5947691e13","2011","jeep","compass","Trailhawk","cache-import [expanded]","Trailhawk exists 2013+","2013"
"c57e576b-ee7c-4cfb-9b47-7f6948d0cbe6","2012","jeep","compass","Sport, Latitude, Trailhawk, Limited, High Altitude","cache-import","Trailhawk exists 2013+","2013"
"b904f936-7b43-41d4-ae85-dc708c563740","2012","jeep","compass","Trailhawk","cache-import [expanded]","Trailhawk exists 2013+","2013"
"f2e55f31-4041-4631-a9b2-5b69fa907cbc","2003","cadillac","cts","Base, Luxury, Premium Luxury, V-Sport, V","generation_template","Sport exists 2016+","2016"
"205c46a7-10b1-466f-b603-08e255f57661","2011","cadillac","cts","Base, Luxury, Premium Luxury, V-Sport, V","generation_template [web_research]","Sport exists 2016+","2016"
"e9529828-a23c-49a1-b076-a2b2e1ad258d","2014","cadillac","cts","Base, Luxury, Premium Luxury, V-Sport, V","generation_template [web_research]","Sport exists 2016+","2016"
"cc0e7774-d848-4660-9ba0-842dec5403a6","2007","acura","mdx","Advance","trim-research","Advance on mdx exists 2010+","2010"
"0f60291b-1683-4163-9e4c-f29a536a99d4","2015","cadillac","cts","V-Sport","generation_template [web_research] [expanded]","Sport exists 2016+","2016"
"b65fa183-9130-4222-ae03-bd1dbb755408","2003","cadillac","escalade","Luxury, Premium Luxury, Sport, Platinum, V","generation_template [filled from 2002 escalade]","Platinum exists 2008+","2008"
"8add9882-3997-4739-8678-44a13c4b171f","2007","cadillac","escalade","Luxury, Premium Luxury, Sport, Platinum, V","generation_template [filled from 2010 escalade]","Platinum exists 2008+","2008"
"3d31dd7a-a8eb-40dc-8feb-74a9e388951b","2010","jeep","grand-cherokee","Summit","backfill-gc","Summit exists 2011+","2011"
"211ef04b-3273-42f8-92cf-fa49679a3ddb","2010","jeep","grand-cherokee","Summit Reserve","backfill-gc","Summit exists 2011+","2011"
"6a47fe54-e672-44b3-94ef-a9345d836529","2009","jeep","patriot","High Altitude","manual-research","High Altitude exists 2012+","2012"
"d4bb1c6c-7b09-46c6-b7af-e88e45f56260","2010","jeep","patriot","High Altitude","manual-research","High Altitude exists 2012+","2012"
"2950f143-6ea6-420a-b59e-6bcb2bba9992","2011","jeep","patriot","High Altitude","manual-research","High Altitude exists 2012+","2012"
"644688fd-1277-44bf-b394-1f0adf2dc274","1994","ford","explorer","Base, XLT, Limited, ST, Platinum, King Ranch, Timberline","cache-import","Timberline exists 2021+","2021"
"47810464-4519-4bbc-881f-1646d33c907f","2014","buick","enclave","Essence","verified-research [expanded]","Essence exists 2018+","2018"
"633a7236-eca8-46ca-b452-dc92194e086c","2011","cadillac","escalade-esv","Luxury, Premium Luxury, Sport, Platinum, V","generation_template [sib-same-year:tahoe:2011]","Sport exists 2016+","2016"
"0cad328d-2e6d-4123-a245-9675cf69abbc","2014","cadillac","escalade-esv","Luxury, Premium Luxury, Sport, Platinum, V","generation_template [sib-same-year:tahoe:2014]","Sport exists 2016+","2016"
"d7a44273-9444-4c43-be4c-a9d58fc742d2","2010","kia","forte","FE, LXS, GT-Line, GT","cache-import","GT-Line exists 2019+","2019"
"19b569a8-02a8-4390-9b69-220ad585adac","2011","kia","sorento","LX, S, EX, SX, SX Prestige, X-Line","cache-import","X-Line exists 2021+","2021"
"2bdb5f2f-22e8-40a9-b3fd-fbf673b81975","2011","kia","sorento","SX Prestige","cache-import [expanded]","SX Prestige exists 2019+","2019"
"c616be82-e1dc-46ac-9433-78b8737292f4","2011","kia","sorento","X-Line","cache-import [expanded]","X-Line exists 2021+","2021"
"e5180e4b-8a8c-4243-9fe4-74d8a66d3a45","2012","kia","sorento","LX, S, EX, SX, SX Prestige, X-Line","cache-import","X-Line exists 2021+","2021"
"e0fe0f15-d73f-4c2f-b71d-010570d8f21f","2012","kia","sorento","SX Prestige","cache-import [expanded]","SX Prestige exists 2019+","2019"
"bf066c8c-3781-4e19-98d7-349aa3b4efb3","2012","kia","sorento","X-Line","cache-import [expanded]","X-Line exists 2021+","2021"
"f48dd365-5ff7-4161-9e29-d1a349ea37f7","2013","kia","sorento","LX, S, EX, SX, SX Prestige, X-Line","cache-import","X-Line exists 2021+","2021"
"d6033a9f-f6db-4bfc-b7b8-1d876890b6e6","2013","kia","sorento","SX Prestige","cache-import [expanded]","SX Prestige exists 2019+","2019"
"9ecbfcd5-5c65-4080-b01f-047d8044199e","2013","kia","sorento","X-Line","cache-import [expanded]","X-Line exists 2021+","2021"
"a228a6f1-0319-4166-b67f-f4a79606df2a","2014","kia","sorento","LX, S, EX, SX, SX Prestige, X-Line","cache-import","X-Line exists 2021+","2021"
"88d57cda-9071-4b68-91ed-3e74cdf92b6e","2014","kia","sorento","SX Prestige","cache-import [expanded]","SX Prestige exists 2019+","2019"
"c61d13ef-5d27-41ed-b859-b4c7fbb9e6d8","2014","kia","sorento","X-Line","cache-import [expanded]","X-Line exists 2021+","2021"
"d6767f45-9918-43fc-a782-f4f9b11b6e58","2015","kia","sorento","LX, S, EX, SX, SX Prestige, X-Line","cache-import","X-Line exists 2021+","2021"
"68488f8e-5236-4251-98d3-9ba73e19eb46","2015","kia","sorento","SX Prestige","cache-import [expanded]","SX Prestige exists 2019+","2019"
"fdc71c19-d0a3-43ad-999b-a666b4adbb1d","2015","kia","sorento","X-Line","cache-import [expanded]","X-Line exists 2021+","2021"
"01fb642f-c5fe-4898-83eb-bd5b7d00db77","2016","kia","sorento","LX, S, EX, SX, SX Prestige, X-Line","cache-import","X-Line exists 2021+","2021"
"94f9d76c-1716-4863-b282-941f53e759ce","2016","kia","sorento","SX Prestige","cache-import [expanded]","SX Prestige exists 2019+","2019"
"8cba1929-eb2c-434e-b43f-f8a878fafa0d","2016","kia","sorento","X-Line","cache-import [expanded]","X-Line exists 2021+","2021"
"ac974e0e-6a47-4a6c-9a32-c0d6d658fa64","2017","kia","sorento","LX, S, EX, SX, SX Prestige, X-Line","cache-import","X-Line exists 2021+","2021"
"329f4fc5-3109-4e04-b1e8-a8be3d4eadfa","2017","kia","sorento","SX Prestige","cache-import [expanded]","SX Prestige exists 2019+","2019"
"223e3bf5-ef51-4cba-82ec-b2b0a1bfe0d1","2017","kia","sorento","X-Line","cache-import [expanded]","X-Line exists 2021+","2021"
"a1347cbd-6ca2-4c98-86a1-8165af438ddf","2019","kia","sorento","LX, S, EX, SX, SX Prestige, X-Line","cache-import","X-Line exists 2021+","2021"
"ca1902cc-174c-4e10-abb6-40cbdfccd525","2019","kia","sorento","X-Line","cache-import [expanded]","X-Line exists 2021+","2021"
"95ffbd1c-d181-4417-bfaa-459911a99d6a","2020","kia","sorento","LX, S, EX, SX, SX Prestige, X-Line","cache-import","X-Line exists 2021+","2021"
"fca5c1a7-a07a-4e38-b241-3ac11ab345e1","2020","kia","sorento","X-Line","cache-import [trim-expanded]","X-Line exists 2021+","2021"
"cbcdda27-2377-420f-b86e-b568b4188c06","2010","kia","soul","GT-Line","manual_seed_spec [expanded]","GT-Line exists 2019+","2019"
"310a2ada-be81-41f7-a7e8-f4fd0b54cb3f","2010","kia","soul","LX, S, GT-Line, EX, Turbo","manual_seed_spec","GT-Line exists 2019+","2019"
"6bb9084c-5eca-4cb2-9fd4-9200d70217eb","2011","kia","soul","GT-Line","manual_seed_spec [expanded]","GT-Line exists 2019+","2019"
"b9ddfb6f-0df2-4384-8fd7-ea74570039d1","2011","kia","soul","LX, S, GT-Line, EX, Turbo","manual_seed_spec","GT-Line exists 2019+","2019"
"74f50a03-78ae-441c-a16f-a3cc506f93be","2012","kia","soul","GT-Line","manual_seed_spec [expanded]","GT-Line exists 2019+","2019"
"fdec9f47-8b6e-4813-9257-1ede57dbaf88","2012","kia","soul","LX, S, GT-Line, EX, Turbo","manual_seed_spec","GT-Line exists 2019+","2019"
"c16c178b-a4e4-4b72-8784-bdf0c9eed1a8","2013","kia","soul","GT-Line","manual_seed_spec [expanded]","GT-Line exists 2019+","2019"
"e303b36e-b8f4-4119-8a94-173cb7065ec9","2013","kia","soul","LX, S, GT-Line, EX, Turbo","manual_seed_spec","GT-Line exists 2019+","2019"
"a03190e8-4a36-4062-b94e-8dc7f658a492","2014","kia","soul","GT-Line","manual_seed_spec [expanded]","GT-Line exists 2019+","2019"
"b872c726-af78-45b3-b375-22cccde40287","2014","kia","soul","LX, S, GT-Line, EX, Turbo","manual_seed_spec","GT-Line exists 2019+","2019"
"422374ff-b61a-417a-aeb1-7d37b421a7f9","2015","kia","soul","GT-Line","manual_seed_spec [expanded]","GT-Line exists 2019+","2019"
"73ed64a5-d431-4cd3-a1db-4f796d7d9302","2015","kia","soul","LX, S, GT-Line, EX, Turbo","manual_seed_spec","GT-Line exists 2019+","2019"
"a3529bfc-b8ee-456c-9824-2241f1242745","2016","kia","soul","GT-Line","manual_seed_spec [expanded]","GT-Line exists 2019+","2019"
"4239c1dd-12f7-47a3-be3a-ddfcf306ea05","2016","kia","soul","LX, S, GT-Line, EX, Turbo","manual_seed_spec","GT-Line exists 2019+","2019"
"f25708bc-06c8-498e-b2bc-39c0ce92c965","2017","kia","soul","GT-Line","manual_seed_spec [expanded]","GT-Line exists 2019+","2019"
"f3e364a6-3022-4f95-a7b0-0e3a53761899","2017","kia","soul","LX, S, GT-Line, EX, Turbo","manual_seed_spec","GT-Line exists 2019+","2019"
"7238f148-9e8f-465f-9882-d2759e4d2b55","2001","gmc","yukon","SLE, SLT, AT4, Denali, Denali Ultimate","generation_template [sib-same-year:suburban:2001]","AT4 exists 2019+","2019"
"0ea6327a-1e17-482e-8125-eb6d3510495a","2003","gmc","yukon","SLE, SLT, AT4, Denali, Denali Ultimate","generation_template [sib-same-year:suburban:2003]","AT4 exists 2019+","2019"
"be1eff92-8e57-4f03-b575-cf11aa363079","2004","gmc","yukon","SLE, SLT, AT4, Denali, Denali Ultimate","generation_template [sib-same-year:suburban:2004]","AT4 exists 2019+","2019"
"168694af-c298-4460-a2b7-3c0eb32524b4","2010","gmc","yukon","SLE, SLT, AT4, Denali, Denali Ultimate","generation_template [sib-same-year:tahoe:2010]","AT4 exists 2019+","2019"
"c167ee34-d05e-4ff5-aa66-72377f0fe340","2005","kia","sportage","LX, EX, SX, SX Turbo, X-Line, X-Pro","cache-import","X-Line exists 2021+","2021"
"2b87f720-7593-4997-b8ca-21ff0609e079","2005","kia","sportage","X-Line","cache-import [expanded]","X-Line exists 2021+","2021"
"1b157216-7677-4330-8df3-8f007ba8c534","2005","kia","sportage","X-Pro","cache-import [expanded]","X-Pro exists 2022+","2022"
"ad0cfee2-41a2-4892-981b-831c6858a7e3","2012","gmc","yukon","SLE, SLT, AT4, Denali, Denali Ultimate","generation_template [sib-same-year:tahoe:2012]","AT4 exists 2019+","2019"
"2af2dcfb-1eee-4d2d-9987-104de3e0e237","2006","kia","sportage","LX, EX, SX, SX Turbo, X-Line, X-Pro","cache-import","X-Line exists 2021+","2021"
"654c5416-ac31-4ab7-939e-ce246d046d59","2006","kia","sportage","X-Line","cache-import [expanded]","X-Line exists 2021+","2021"
"4a61eef3-8c7a-4d4e-a89a-9441fa14eb7f","2006","kia","sportage","X-Pro","cache-import [expanded]","X-Pro exists 2022+","2022"
"24ebb991-ce03-49d7-b683-fd582eaaf11c","2007","kia","sportage","LX, EX, SX, SX Turbo, X-Line, X-Pro","cache-import","X-Line exists 2021+","2021"
"b07291ff-158a-470f-a367-0a45a475ac91","2007","kia","sportage","X-Line","cache-import [expanded]","X-Line exists 2021+","2021"
"193effc0-6667-4292-908e-14f65593397b","2007","kia","sportage","X-Pro","cache-import [expanded]","X-Pro exists 2022+","2022"
"e9f28c97-6927-4b35-82b0-15b6d3b283c5","2015","gmc","yukon","SLE, SLT, AT4, Denali, Denali Ultimate","generation_template [filled from 2015 yukon]","AT4 exists 2019+","2019"
"fc7b62ed-23c4-4546-9f30-c3b4ba8fa97e","2008","kia","sportage","LX, EX, SX, SX Turbo, X-Line, X-Pro","cache-import","X-Line exists 2021+","2021"
"6c42180c-5aed-46b1-babc-d226eb78ae20","2008","kia","sportage","X-Line","cache-import [expanded]","X-Line exists 2021+","2021"
"c7ff85f5-eb07-4532-902e-9f6b9c33351f","2008","kia","sportage","X-Pro","cache-import [expanded]","X-Pro exists 2022+","2022"
"712737e6-a351-493b-b5ca-85afb0fc77ae","2009","kia","sportage","LX, EX, SX, SX Turbo, X-Line, X-Pro","cache-import","X-Line exists 2021+","2021"
"8a9a1d79-56a1-4c83-b216-e9091ddc5453","2009","kia","sportage","X-Line","cache-import [expanded]","X-Line exists 2021+","2021"
"a13f4ec2-3272-4c25-8253-30c6fff0c0ff","2009","kia","sportage","X-Pro","cache-import [expanded]","X-Pro exists 2022+","2022"
"fa353d2a-9f13-432b-8520-b9264fc9a26f","2010","kia","sportage","LX, EX, SX, SX Turbo, X-Line, X-Pro","cache-import","X-Line exists 2021+","2021"
"ef87e476-d3f2-45cf-a26d-396d55fde5be","2010","kia","sportage","X-Line","cache-import [expanded]","X-Line exists 2021+","2021"
"6d433565-d052-48e6-982f-bfd6c2a372ef","2010","kia","sportage","X-Pro","cache-import [expanded]","X-Pro exists 2022+","2022"
"56e658fc-9e61-4684-b5e5-e547d974ef42","2011","kia","sportage","LX, EX, SX, SX Turbo, X-Line, X-Pro","cache-import","X-Line exists 2021+","2021"
"628160df-9e45-4b79-bbff-f029ec963e55","2011","kia","sportage","X-Line","cache-import [expanded]","X-Line exists 2021+","2021"
"e6313e82-ed90-4798-a830-3dea18b55f9c","2011","kia","sportage","X-Pro","cache-import [expanded]","X-Pro exists 2022+","2022"
"52fae0c1-a438-4838-b3ce-cfdc54137505","2012","kia","sportage","LX, EX, SX, SX Turbo, X-Line, X-Pro","cache-import","X-Line exists 2021+","2021"
"d2f983e9-b013-45f3-9674-9f7ec7fe49a9","2012","kia","sportage","X-Pro","cache-import [expanded]","X-Pro exists 2022+","2022"
"18229f7e-421a-4cf3-a3f5-7084113ea5a8","2013","kia","sportage","LX, EX, SX, SX Turbo, X-Line, X-Pro","cache-import","X-Line exists 2021+","2021"
"fb4f83ce-3a52-44d5-a8a0-269fe157dad4","2021","gmc","yukon","SLE, SLT, AT4, Denali, Denali Ultimate","generation_template [sib-same-year:tahoe:2021]","Denali Ultimate exists 2022+","2022"
"4fcdf51c-082e-4fcd-b7c4-8956b64d8f90","2013","kia","sportage","X-Line","cache-import [expanded]","X-Line exists 2021+","2021"
"c6fdf06f-3866-4514-b3a8-b27974c93c80","2013","kia","sportage","X-Pro","cache-import [expanded]","X-Pro exists 2022+","2022"
"21bb3162-449a-47e5-aaae-6f95c098fa03","2014","kia","sportage","LX, EX, SX, SX Turbo, X-Line, X-Pro","cache-import","X-Line exists 2021+","2021"
"b3f57ef3-b414-45f1-86ef-45110379c892","2014","kia","sportage","X-Line","cache-import [expanded]","X-Line exists 2021+","2021"
"c8321a2c-c0e1-4e90-be69-7dc78661db0c","2014","kia","sportage","X-Pro","cache-import [expanded]","X-Pro exists 2022+","2022"
"0d029f32-c6b0-448d-b6c1-b9064e08ba00","2015","kia","sportage","LX, EX, SX, SX Turbo, X-Line, X-Pro","cache-import","X-Line exists 2021+","2021"
"025a95b7-202f-4b5f-8e23-f48155bfb00a","2015","kia","sportage","X-Line","cache-import [expanded]","X-Line exists 2021+","2021"
"b07445c6-b913-4b8c-9ebb-f5b7c5cbda8e","2015","kia","sportage","X-Pro","cache-import [expanded]","X-Pro exists 2022+","2022"
"3700111a-67b1-4022-91ca-49a5c452d724","2016","kia","sportage","LX, EX, SX, SX Turbo, X-Line, X-Pro","cache-import","X-Line exists 2021+","2021"
"75f176ab-b6e6-4165-bc7b-89740fbbe0f4","2016","kia","sportage","X-Line","cache-import [expanded]","X-Line exists 2021+","2021"
"41cccefa-5e7f-4f48-9aa1-3ad837909854","2016","kia","sportage","X-Pro","cache-import [expanded]","X-Pro exists 2022+","2022"
"609693b6-d456-4e13-a342-8f7abf8043bd","2017","kia","sportage","LX, EX, SX, SX Turbo, X-Line, X-Pro","cache-import","X-Line exists 2021+","2021"
"8b0fbf89-d68c-43d9-93b4-7a20c4c83767","2017","kia","sportage","X-Line","cache-import [expanded]","X-Line exists 2021+","2021"
"a3931f50-2bf8-454a-9313-13a95021eba0","2017","kia","sportage","X-Pro","cache-import [expanded]","X-Pro exists 2022+","2022"
"3a45d75f-3b29-4636-b2cb-fd4c0f3a07ff","2019","kia","sportage","LX, EX, SX, SX Turbo, X-Line, X-Pro","cache-import","X-Line exists 2021+","2021"
"a0e4494c-d806-4f5d-a606-745a63d3407d","2019","kia","sportage","X-Line","cache-import [expanded]","X-Line exists 2021+","2021"
"cb63a2b2-9805-4732-8ffb-0a4312f9b784","2019","kia","sportage","X-Pro","cache-import [expanded]","X-Pro exists 2022+","2022"
"30381c18-11ad-419f-be2f-6124d9d733c6","2020","kia","sportage","LX, EX, SX, SX Turbo, X-Line, X-Pro","cache-import","X-Line exists 2021+","2021"
"ecc20a3d-1dd1-43d8-9d49-1083098c1a4a","2020","kia","sportage","X-Line","cache-import [trim-expanded]","X-Line exists 2021+","2021"
"c4dbdc3f-821b-4b32-82a0-b634341643e7","2020","kia","sportage","X-Pro","cache-import [trim-expanded]","X-Pro exists 2022+","2022"
"ce493fcc-606d-4b8c-be38-2195385e2a2f","2021","kia","sportage","LX, EX, SX, SX Turbo, X-Line, X-Pro","cache-import","X-Pro exists 2022+","2022"
"e76c7376-c21c-41af-b909-cf903a0eaa6f","2021","kia","sportage","X-Pro","cache-import [trim-expanded]","X-Pro exists 2022+","2022"
"ca1f3242-0c34-47d0-9b86-950950d16a29","2004","cadillac","escalade-esv","Luxury, Premium Luxury, Sport, Platinum, V","generation_template [sib-same-year:escalade:2004]","Platinum exists 2008+","2008"
"5ff1e203-e695-49af-a49c-c98d0920cc6f","2012","buick","enclave","Avenir","verified-research [expanded]","Avenir exists 2018+","2018"
"8a565871-c9f6-459b-90ff-3c0b793412ef","1964","lincoln","continental","Reserve","generation-baseline [expanded]","Reserve exists 2015+","2015"
"00e7446c-e67f-447b-b317-3d08d749af58","2007","lexus","ls","LS 500, LS 500h, F Sport","cache-import","F Sport exists 2011+","2011"
"4b235fb0-1d59-41e7-9717-885ccf9a3b18","2006","cadillac","escalade-esv","Platinum","generation_template [sib-same-year:esc [expanded]","Platinum exists 2008+","2008"
"50264315-d9dd-430f-a968-4b15d415dbf6","2006","chevrolet","colorado","WT, LT, Z71, ZR2, Trail Boss","generation_template","Trail Boss exists 2019+","2019"
"4fb0005b-84cd-4512-a497-33098923febb","2005","cadillac","escalade-esv","Platinum","generation_template [sib-same-year:esc [expanded]","Platinum exists 2008+","2008"
"bc353a6c-90fa-4000-aac9-f02a78a3b087","2004","honda","pilot","LX, EX, EX-L, Touring, Elite, TrailSport","trim-research","TrailSport exists 2022+","2022"
"6e91acde-e88e-47d4-8bda-10d9d490f992","2007","chevrolet","colorado","WT, LT, Z71, ZR2, Trail Boss","generation_template","Trail Boss exists 2019+","2019"
"f4625a7d-c4aa-4ad4-a7ae-9532d89bd791","2005","honda","pilot","LX, EX, EX-L, Touring, Elite, TrailSport","trim-research","TrailSport exists 2022+","2022"
"4881844c-2d67-46ab-8415-a5cdebc4fce2","2010","chevrolet","colorado","WT, LT, Z71, ZR2, Trail Boss","generation_template","Trail Boss exists 2019+","2019"
"43786276-1378-4a33-a93a-58dd38e6cca2","2010","honda","pilot","LX, EX, EX-L, Touring, Elite, TrailSport","trim-research","TrailSport exists 2022+","2022"
"70776737-2c18-4b04-9f0c-82a0d861f1fc","2011","honda","pilot","Elite","cache-import [expanded]","Elite exists 2016+","2016"
"c190443e-0e63-4f8d-8618-ad309ca2e689","2012","honda","pilot","Elite","cache-import [expanded]","Elite exists 2016+","2016"
"9983c10e-a508-4003-abe5-2dbd26a1c104","2013","honda","pilot","LX, EX, EX-L, Touring, Elite, TrailSport","trim-research","TrailSport exists 2022+","2022"
"933e0b07-d03c-4dff-8469-97022e74e92d","2014","honda","pilot","Elite","cache-import [expanded]","Elite exists 2016+","2016"
"f255867a-f143-4c00-9225-db6365c37cdb","2014","honda","pilot","LX, EX, EX-L, Touring, Elite, TrailSport","trim-research","TrailSport exists 2022+","2022"
"c2cd7033-283a-4448-9540-e595fbb86877","2014","honda","pilot","TrailSport","cache-import [expanded]","TrailSport exists 2022+","2022"
"777e4495-9b0b-442c-9a0b-e212d3070b06","2015","honda","pilot","Elite","cache-import [expanded]","Elite exists 2016+","2016"
"45ebde6a-af16-4e65-9656-5fc297284220","2015","honda","pilot","TrailSport","cache-import [expanded]","TrailSport exists 2022+","2022"
"85f5008a-cb56-4ba4-b660-56fd25e9ede1","2016","honda","pilot","TrailSport","cache-import [expanded]","TrailSport exists 2022+","2022"
"1c314dd9-c8d1-4397-bf58-dc50dbba1178","2017","honda","pilot","LX, EX, EX-L, Touring, Elite, TrailSport","trim-research","TrailSport exists 2022+","2022"
"e6116d37-12e4-49f9-99b7-0028fedea7f9","2019","honda","pilot","TrailSport","cache-import [expanded]","TrailSport exists 2022+","2022"
"59daccf7-f11f-4a19-9adf-1a863f006286","2020","ford","expedition","XL, XLT, Limited, King Ranch, Platinum, Timberline","cache-import","Timberline exists 2021+","2021"
"ad080002-30b5-4baf-bbaa-510fb9c70715","1969","lincoln","continental","Premiere, Select, Reserve, Black Label","generation-baseline","Black Label exists 2015+","2015"
"3fc7976d-4d98-4af6-9b39-e16b1969f788","2006","honda","ridgeline","Black Edition","trim-research","Black Edition exists 2017+","2017"
"1b328cdf-394c-4e5c-8594-ee1a1fa187ae","2008","honda","ridgeline","Black Edition","trim-research","Black Edition exists 2017+","2017"
"8533ee2a-dc4c-446c-ae20-d428a5c18f22","2008","honda","ridgeline","Sport, RTL, RTL-E, Black Edition, TrailSport","trim-research","TrailSport exists 2022+","2022"
"86d0a0bf-c3b6-4fd2-97c6-62a33f2bcafc","2008","honda","ridgeline","TrailSport","trim-research","TrailSport exists 2022+","2022"
"7bfe3e67-d52f-458b-8ee7-a5822ace14c6","2009","honda","ridgeline","TrailSport","trim-research","TrailSport exists 2022+","2022"
"e07576b1-3b23-4ba8-8de1-8d06b59060ce","2010","honda","ridgeline","Black Edition","trim-research","Black Edition exists 2017+","2017"
"18ec5d68-3905-4b1f-ae4e-29494dd3b3a6","2012","honda","ridgeline","Black Edition","trim-research","Black Edition exists 2017+","2017"
"664cc9a6-ba4e-4c39-9607-ab2bb0bec88f","2013","honda","ridgeline","Black Edition","trim-research","Black Edition exists 2017+","2017"
"8abebd39-2aa3-41cb-895b-960f6997a719","2013","honda","ridgeline","TrailSport","trim-research","TrailSport exists 2022+","2022"
"8a051a04-9338-4ac6-a1ae-7be7a98df6d5","2020","honda","ridgeline","Sport, RTL, RTL-E, Black Edition, TrailSport","trim-research","TrailSport exists 2022+","2022"
"d4576bc3-071c-4f6d-a3e9-613026bebfd0","2009","hyundai","elantra","N Line","cache-import [expanded]","N Line exists 2019+","2019"
"0ffdda80-81bd-46c6-bcce-d9a488901b53","2010","hyundai","elantra","N Line","cache-import [expanded]","N Line exists 2019+","2019"
"e30c08ad-8249-47b5-b1a6-1f06d6ed8628","2011","hyundai","elantra","SE, SEL, N Line, Limited","cache-import","N Line exists 2019+","2019"
"8ab74cdd-79f5-4c99-8782-04829c70676e","2012","hyundai","elantra","SE, SEL, N Line, Limited","cache-import","N Line exists 2019+","2019"
"d6e0a8c0-9be3-408b-b9fb-b247871220d4","2014","hyundai","elantra","SE, SEL, N Line, Limited","cache-import","N Line exists 2019+","2019"
"ac45f138-e3ea-47a3-a74a-86c56d4963dd","2015","hyundai","elantra","N Line","cache-import [expanded]","N Line exists 2019+","2019"
"bf697573-c2a4-42d9-ae6e-cc9b6ade670a","2017","hyundai","elantra","SE, SEL, N Line, Limited","cache-import","N Line exists 2019+","2019"
"585b5142-2bc3-47a6-8ca8-dad8347efe94","2006","chevrolet","equinox","LS, LT, RS, Premier","generation_template","Premier exists 2016+","2016"
"afc18e25-a164-4c32-8c60-46615077924c","1998","gmc","yukon","SLE, SLT, AT4, Denali, Denali Ultimate","generation_template","AT4 exists 2019+","2019"
"27ee7666-adc3-4f6d-b78d-57c3909a50ea","2010","chevrolet","equinox","Premier","trim-research","Premier exists 2016+","2016"
"f409a73f-046d-4b4a-a08e-d029dcb08033","2011","chevrolet","equinox","LS, LT, RS, Premier","generation_template [filled from 2010 equinox]","Premier exists 2016+","2016"
"f22e86c0-e497-4c93-9c7b-20d4852bb049","2013","chevrolet","equinox","LS, LT, RS, Premier","generation_template [filled from 2014 equinox]","Premier exists 2016+","2016"
"443d0843-2705-440a-afc3-519682c197cd","2013","chevrolet","equinox","Premier","trim-research","Premier exists 2016+","2016"
"e91de395-14b6-47fa-91cc-1fb2e1c3a927","2021","hyundai","palisade","XRT","cache-import [trim-expanded]","XRT exists 2022+","2022"
"67032a59-cd64-4d26-b43d-9ecb3f632c4a","2012","hyundai","santa-fe","XRT","railway_import [expanded]","XRT exists 2022+","2022"
"8a89eb09-6d0c-4a62-8cdd-b0d220ac9083","2013","hyundai","santa-fe","Calligraphy","cache-import [expanded]","Calligraphy exists 2020+","2020"
"021a7e79-8f32-4eda-87e1-84784d6c92d2","2013","hyundai","santa-fe","XRT","cache-import [expanded]","XRT exists 2022+","2022"
"a8d30c4a-fc46-4216-ae52-7edf2dd7ab81","2016","hyundai","santa-fe","Calligraphy","cache-import [expanded]","Calligraphy exists 2020+","2020"
"c79c25bc-d5b3-4569-ab62-9353d06d364f","2016","hyundai","santa-fe","SE, SEL, XRT, Limited, Calligraphy","cache-import","Calligraphy exists 2020+","2020"
"40f1f33f-0b36-426c-a275-3dfc96f188bb","2017","hyundai","santa-fe","Calligraphy","cache-import [expanded]","Calligraphy exists 2020+","2020"
"3a5c73c6-33d6-4902-83be-b591e3053fb9","2019","hyundai","santa-fe","SE, SEL, XRT, Limited, Calligraphy","cache-import","Calligraphy exists 2020+","2020"
"b17083c9-597c-4d37-810f-44d56c443636","2021","hyundai","santa-fe","SE, SEL, XRT, Limited, Calligraphy","cache-import","XRT exists 2022+","2022"
"f1e6a06f-03af-410a-8fef-d3c9ed259f78","2021","hyundai","santa-fe","XRT","cache-import [trim-expanded]","XRT exists 2022+","2022"
"ea119920-aa4e-4ca7-80ff-93c620daf4e6","1997","ram","3500","Tradesman, Big Horn, Laramie, Limited, Longhorn","api_import","Limited exists 2015+","2015"
"b62d5696-a679-467f-a352-88eea010420e","2000","ram","3500","Tradesman, Big Horn, Laramie, Limited, Longhorn","api_import [web_research]","Limited exists 2015+","2015"
"b50a61ff-509b-4222-872a-1d7560e1fb5c","2012","hyundai","sonata","N Line","cache-import [expanded]","N Line exists 2019+","2019"
"726fe335-c4ed-40eb-83da-72c0a46278d2","2013","hyundai","sonata","N Line","cache-import [expanded]","N Line exists 2019+","2019"
"5ba642c3-6b53-4918-ba58-ce574c37cd7b","2009","hyundai","tucson","XRT","cache-import [expanded]","XRT exists 2022+","2022"
"1197874a-08be-4fc6-808a-3ef84888fb6b","2010","hyundai","tucson","N Line","cache-import [expanded]","N Line exists 2019+","2019"
"30539595-6c71-490e-a46d-1c3b5308eea0","2010","hyundai","tucson","SE, SEL, XRT, Limited, N Line","cache-import","N Line exists 2019+","2019"
"9933f94f-d3fc-4ee8-9581-19065a4413a5","2011","hyundai","tucson","N Line","cache-import [expanded]","N Line exists 2019+","2019"
"3550cc74-454e-47dc-bdb6-7ad45c7fd181","2011","hyundai","tucson","SE, SEL, XRT, Limited, N Line","cache-import","N Line exists 2019+","2019"
"e32858ef-9aa7-47f8-a313-6bf41aa6df4f","2012","hyundai","tucson","SE, SEL, XRT, Limited, N Line","cache-import","N Line exists 2019+","2019"
"3cd011ee-340d-4b2c-88fe-53e417a0178d","2012","hyundai","tucson","XRT","cache-import [expanded]","XRT exists 2022+","2022"
"b1624512-bde4-4e77-94be-fa5cd16f4dc0","2013","hyundai","tucson","N Line","cache-import [expanded]","N Line exists 2019+","2019"
"52fa5ac0-9601-4579-b4da-48d246383e8a","2013","hyundai","tucson","SE, SEL, XRT, Limited, N Line","cache-import","N Line exists 2019+","2019"
"7afc6bd4-3a15-4fc2-9466-0e6748574982","2014","hyundai","tucson","XRT","cache-import [expanded]","XRT exists 2022+","2022"
"c549033f-03a5-41f7-beeb-64b6b1ff6274","2016","hyundai","tucson","SE, SEL, XRT, Limited, N Line","cache-import","N Line exists 2019+","2019"
"c154fb4a-8e1b-4833-b311-a632014907be","2020","hyundai","tucson","XRT","cache-import [trim-expanded]","XRT exists 2022+","2022"
"543361d8-6db0-4e9e-a9dd-ab3b41203bc1","2021","hyundai","tucson","XRT","cache-import [trim-expanded]","XRT exists 2022+","2022"
"918104d3-f6c1-46fb-9489-ec64c139c63e","1992","chevrolet","tahoe","LS, LT, RST, Z71, Premier, High Country","generation_template","High Country exists 2014+","2014"
"94793e97-dcbd-4cd4-adec-39d637bec9fc","1992","chevrolet","tahoe","Premier","generation_template [expanded]","Premier exists 2016+","2016"
"ad20fc70-2c0e-4d85-86bf-0d94017878b3","1993","chevrolet","tahoe","LS, LT, RST, Z71, Premier, High Country","generation_template","High Country exists 2014+","2014"
"9c386073-36bb-4464-9e54-761e6dfe9fa3","1993","chevrolet","tahoe","Premier","generation_template [expanded]","Premier exists 2016+","2016"
"0311b1cc-f7ad-4753-be32-0da35f2297c3","1993","chevrolet","tahoe","RST","generation_template [expanded]","RST exists 2018+","2018"
"ba1f5015-0df2-41f5-9b93-623a6d11dcff","1994","chevrolet","tahoe","LS, LT, RST, Z71, Premier, High Country","generation_template","High Country exists 2014+","2014"
"208a15d3-cd8e-4140-a5f3-e4d15a0816a5","1994","chevrolet","tahoe","High Country","generation_template [expanded]","High Country exists 2014+","2014"
"af440946-052b-4865-9330-27d72c618f0a","1994","chevrolet","tahoe","RST","generation_template [expanded]","RST exists 2018+","2018"
"9a1013b9-bf9a-4b61-bd5b-13367e7e0d01","1995","chevrolet","tahoe","LS, LT, RST, Z71, Premier, High Country","generation_template","High Country exists 2014+","2014"
"0b11cb11-2c6e-431e-b667-6867be6d024f","1996","chevrolet","tahoe","LS, LT, RST, Z71, Premier, High Country","generation_template","High Country exists 2014+","2014"
"6c98ff61-a8b8-4148-abfc-0df58b730896","2021","subaru","outback","Wilderness","cache-import [trim-expanded]","Wilderness exists 2022+","2022"
"af9ea138-8315-4439-8ef7-32fa14fac62b","2005","chevrolet","tahoe","LS, LT, RST, Z71, Premier, High Country","generation_template","High Country exists 2014+","2014"
"dc250ff6-5e68-44f7-95ee-49f45ee52652","1990","lexus","es","ES 250, ES 300h, ES 350, F Sport","cache-import","F Sport exists 2011+","2011"
"45308b3f-7cc5-4972-af89-f01f3fda006b","1990","lexus","es","ES 300","cache-import [expanded]","300 on es exists 1992-2003","1992"
"7293dac1-01c8-41d7-8630-a1dc9c4af9c8","1990","lexus","es","ES 350","cache-import [expanded]","350 on es exists 2007+","2007"
"81c52409-0170-4a41-b3e5-cb7e0355a35d","1991","lexus","es","ES 300h","cache-import [expanded]","300h on es exists 2013+","2013"
"b2d49753-aa03-4a5a-89f4-ff0f0011e0f4","1991","lexus","es","ES 350","cache-import [expanded]","350 on es exists 2007+","2007"
"149500d0-a79c-4e89-bf0f-f56f08c09357","2000","lexus","es","ES 250, ES 300h, ES 350, F Sport","cache-import","F Sport exists 2011+","2011"
"3f217091-8539-45e3-b412-967358a2122b","2001","lexus","es","ES 330","cache-import [expanded]","330 on es exists 2004-2006","2004"
"1084293a-b108-4567-adb9-ed4927295bb8","2003","lexus","es","ES 250, ES 300h, ES 350, F Sport","cache-import","F Sport exists 2011+","2011"
"b4057a0f-b99c-4d13-8a6b-9969b057bd5f","2009","lexus","es","ES 250","cache-import [expanded]","250 on es exists 1990-1991","1990"
"3b3adac6-0ff6-499f-9cd1-aaa005bb79ef","2009","lexus","es","ES 250, ES 300h, ES 350, F Sport","cache-import","F Sport exists 2011+","2011"
"8689bfb5-815a-46b9-85a6-cdcd39440c4f","2009","lexus","es","ES 300h","cache-import [expanded]","300h on es exists 2013+","2013"
"5c52b6e7-c0cd-4296-b70d-a1d999579e0d","2010","lexus","es","ES 250, ES 300h, ES 350, F Sport","cache-import","F Sport exists 2011+","2011"
"2a1d443a-3d67-49dc-9010-2e225ffacf6d","2010","lexus","es","ES 300h","cache-import [expanded]","300h on es exists 2013+","2013"
"af8944dd-af08-4ee0-9200-b16e4af05d3f","2011","lexus","es","ES 250","cache-import [expanded]","250 on es exists 1990-1991","1990"
"7b0004e1-58af-4749-9319-6e34bdaf88bd","2011","lexus","es","ES 250, ES 300h, ES 350, F Sport","cache-import","300h on es exists 2013+","2013"
"4a1c85e8-09dc-4193-9948-6c3111e1858c","2011","lexus","es","ES 300h","cache-import [expanded]","300h on es exists 2013+","2013"
"5940b193-0c3d-4413-b2b2-1faee4ff2431","2012","lexus","es","ES 250","cache-import [expanded]","250 on es exists 1990-1991","1990"
"c31cd76c-5fe4-4e82-a765-3552f2f044a2","2012","lexus","es","ES 300h","cache-import [expanded]","300h on es exists 2013+","2013"
"2f74398d-78c0-4da4-8819-730feefb9894","2013","lexus","es","ES 250","cache-import [expanded]","250 on es exists 1990-1991","1990"
"e083ed83-91bf-4aab-a442-f43d1ea8b97c","2013","lexus","es","ES 250, ES 300h, ES 350, F Sport","cache-import","250 on es exists 1990-1991","1990"
"dfd91593-0ff5-4286-850b-ce451f4db55f","2014","lexus","es","ES 250","cache-import [expanded]","250 on es exists 1990-1991","1990"
"e58ccac1-36f5-4251-bde4-e86d78fe942f","2015","lexus","es","ES 250","cache-import [expanded]","250 on es exists 1990-1991","1990"
"33fcc43c-f57c-4377-a820-0401215fa2ed","2015","lexus","es","ES 250, ES 300h, ES 350, F Sport","cache-import","250 on es exists 1990-1991","1990"
"105a5195-50ea-496f-99ee-3c583828085d","2016","lexus","es","ES 250","cache-import [expanded]","250 on es exists 1990-1991","1990"
"21c37fbe-bd4a-4782-a58f-4f1dff66aa92","2017","lexus","es","ES 250","cache-import [expanded]","250 on es exists 1990-1991","1990"
"0f4ecec3-8c81-4243-976b-560c68391556","2017","lexus","es","ES 250, ES 300h, ES 350, F Sport","cache-import","250 on es exists 1990-1991","1990"
"48772410-fdb3-447b-b92f-0a90f5c78e9f","2019","lexus","es","ES 250, ES 300h, ES 350, F Sport","cache-import","250 on es exists 1990-1991","1990"
"21fb20e9-e53b-43f7-8afe-a48af13fd12e","2020","lexus","es","ES 250","cache-import [trim-expanded]","250 on es exists 1990-1991","1990"
"0d88f1f4-7493-4b8d-bfe1-6028d9945364","2020","lexus","es","ES 250, ES 300h, ES 350, F Sport","cache-import","250 on es exists 1990-1991","1990"
"ad520fc5-f05d-42e2-b5b2-078f84b27b68","2021","lexus","es","ES 250","cache-import [trim-expanded]","250 on es exists 1990-1991","1990"
"d50dd7ad-722e-4499-8733-31bb3a96a907","2021","lexus","es","ES 250, ES 300h, ES 350, F Sport","cache-import","250 on es exists 1990-1991","1990"
"71f4527b-d283-4588-9656-b5b270a2f771","2022","lexus","es","ES 250","cache-import [trim-expanded]","250 on es exists 1990-1991","1990"
"d9cd1204-56f3-418f-9ca3-263fefb7c1c0","2022","lexus","es","ES 250, ES 300h, ES 350, F Sport","cache-import","250 on es exists 1990-1991","1990"
"a5efca07-8725-45d6-8a79-991b71d852ad","2023","lexus","es","ES 250","cache-import [trim-expanded]","250 on es exists 1990-1991","1990"
"96079bc8-4752-4bc9-a898-106a03074b73","2023","lexus","es","ES 250, ES 300h, ES 350, F Sport","cache-import","250 on es exists 1990-1991","1990"
"dd61b4d3-df8a-4168-bc7b-2c9ed235e698","2024","lexus","es","ES 250","cache-import [trim-expanded]","250 on es exists 1990-1991","1990"
"eaa2a411-464f-416b-a901-7f597137df50","2024","lexus","es","ES 250, ES 300h, ES 350, F Sport","cache-import","250 on es exists 1990-1991","1990"
"e74dccab-1bff-4e2e-a330-e597ad3a7bb0","2025","lexus","es","ES 250","cache-import [trim-expanded]","250 on es exists 1990-1991","1990"
"7aa83032-01d5-4e8f-9f57-c61f02bd1040","2025","lexus","es","ES 250, ES 300h, ES 350, F Sport","cache-import","250 on es exists 1990-1991","1990"
"2bc7ebb5-797b-4355-b509-0c8d21c5fc04","1998","lexus","gs","GS 300, GS 350, GS F, F Sport","cache-import","F Sport exists 2011+","2011"
"cce40b0e-f8f5-4227-81e2-dd7857fcf885","1999","lexus","gs","GS 300, GS 350, GS F, F Sport","cache-import","F Sport exists 2011+","2011"
"9ec593be-6c65-454d-9606-acd5c780f284","2004","lexus","gs","GS 300, GS 350, GS F, F Sport","cache-import","F Sport exists 2011+","2011"
"15bb07cd-c462-41b2-a1d9-b90867968320","2005","lexus","gs","GS 300, GS 350, GS F, F Sport","cache-import","F Sport exists 2011+","2011"
"1ddef1f6-2d2a-439d-a49a-fb9cb89f1987","2011","nissan","altima","Platinum","cache-import [expanded]","Platinum on altima exists 2019+","2019"
"27e42a60-e667-49ef-9735-ba24f1064d54","2011","nissan","altima","S, SV, SL, SR, Platinum","cache-import","SV on altima exists 2013+","2013"
"27b50df3-d531-4c62-822e-8d99c417b231","2011","nissan","altima","SV","cache-import [expanded]","SV on altima exists 2013+","2013"
"d0590d17-ffe9-464a-b893-786c553f7da2","2012","nissan","altima","Platinum","cache-import [expanded]","Platinum on altima exists 2019+","2019"
"079b3ec3-74a6-4a64-a658-3392924d1910","2012","nissan","altima","S, SV, SL, SR, Platinum","cache-import","SV on altima exists 2013+","2013"
"8ce7ea4f-f6b6-4098-9100-6828f4cc7e1f","2012","nissan","altima","SV","cache-import [expanded]","SV on altima exists 2013+","2013"
"cb641b4d-2401-4e53-944b-3175c0c11b5b","2013","nissan","altima","Platinum","cache-import [expanded]","Platinum on altima exists 2019+","2019"
"03719c16-594f-49f5-b71c-29f0fd67ed56","2013","nissan","altima","S, SV, SL, SR, Platinum","cache-import","Platinum on altima exists 2019+","2019"
"d9a31f77-217b-4a10-a30f-1b1a461a557e","2014","nissan","altima","Platinum","cache-import [expanded]","Platinum on altima exists 2019+","2019"
"44f3e75e-70a1-45fe-b83b-94ec8755e9bc","2014","nissan","altima","S, SV, SL, SR, Platinum","cache-import","Platinum on altima exists 2019+","2019"
"6677b97c-31d6-441e-bb65-096613270119","2015","nissan","altima","Platinum","cache-import [expanded]","Platinum on altima exists 2019+","2019"
"c6fc3e1c-51a0-49cb-86d7-75533267c4f2","2015","nissan","altima","S, SV, SL, SR, Platinum","cache-import","Platinum on altima exists 2019+","2019"
"5557081f-ca57-41b2-8a6e-f27b5852c88c","2004","ford","explorer","Base, XLT, Limited, ST, Platinum, King Ranch, Timberline","cache-import","Timberline exists 2021+","2021"
"2e8ac46a-edc8-4e01-ac29-44f005560409","2016","nissan","altima","Platinum","cache-import [expanded]","Platinum on altima exists 2019+","2019"
"d61df575-781c-4777-9632-4cd920e2e224","2016","nissan","altima","S, SV, SL, SR, Platinum","cache-import","Platinum on altima exists 2019+","2019"
"b09e9806-1667-45d1-b02d-e1670e58f31d","2017","nissan","altima","Platinum","cache-import [expanded]","Platinum on altima exists 2019+","2019"
"628885a4-36ba-4212-9a80-bdd58d4719f7","2017","nissan","altima","S, SV, SL, SR, Platinum","cache-import","Platinum on altima exists 2019+","2019"
"fef0db29-ba43-4802-9a4b-ae8691760790","1990","lexus","es","ES 300h","cache-import [expanded]","300h on es exists 2013+","2013"
"2297e0a9-00ec-49df-b1b3-a613631b97e2","1991","lexus","es","ES 300","cache-import [expanded]","300 on es exists 1992-2003","1992"
"21804019-8c68-4ff5-adcd-5a0628d44f49","1997","lexus","es","ES 250, ES 300h, ES 350, F Sport","cache-import","F Sport exists 2011+","2011"
"1ff7f69e-783e-49c1-852b-769a73865f4c","2004","lexus","es","ES 250, ES 300h, ES 350, F Sport","cache-import","F Sport exists 2011+","2011"
"a86e427a-e2c7-4eba-997c-2d1a6aaeada9","2005","lexus","es","ES 250, ES 300h, ES 350, F Sport","cache-import","F Sport exists 2011+","2011"
"797f1c39-a130-43ef-84f6-1d113f8c7f55","2010","lexus","es","ES 250","cache-import [expanded]","250 on es exists 1990-1991","1990"
"1ccdece2-3d3d-4619-a084-7c3c3d342f55","2014","lexus","es","ES 250, ES 300h, ES 350, F Sport","cache-import","250 on es exists 1990-1991","1990"
"b4bdf093-fa0e-4b4f-a2bf-c7da37e9a1ce","2016","lexus","es","ES 250, ES 300h, ES 350, F Sport","cache-import","250 on es exists 1990-1991","1990"
"e5e2011f-2991-47cd-801e-c439a52a0caa","2019","lexus","es","ES 250","cache-import [expanded]","250 on es exists 1990-1991","1990"
"05a1fd06-9620-4fde-9470-2f95e1d52e19","2002","lexus","is","IS 300, IS 350, IS 500, F Sport","cache-import","F Sport exists 2011+","2011"
"8c1a9c18-c39d-4ef1-9308-3b1c02360e21","2010","lincoln","mkz","Premiere, Select, Reserve, Black Label","generation-baseline","Black Label exists 2015+","2015"
"941e93ab-243c-45af-8c19-777acd78a458","1993","lexus","ls","LS 500, LS 500h, F Sport","cache-import","F Sport exists 2011+","2011"
"a8ba01ed-adc0-4fbc-855f-1cbe58580793","1997","lexus","ls","LS 500, LS 500h, F Sport","cache-import","F Sport exists 2011+","2011"
"843fa4c0-03b8-40d2-811e-e851fade85e8","2001","chevrolet","impala","Premier","generation_template [expanded]","Premier exists 2016+","2016"
"9c261393-ffa9-4705-abb3-dad520b72bd2","2009","lexus","ls","LS 500, LS 500h, F Sport","cache-import","F Sport exists 2011+","2011"
"b3ed90bb-ad2f-42d5-a25f-52226f0df362","2010","lexus","ls","LS 500, LS 500h, F Sport","cache-import","F Sport exists 2011+","2011"
"2f549921-046b-46a4-9121-540266ed5637","2010","lincoln","mkz","Reserve","generation-baseline [expanded]","Reserve exists 2015+","2015"
"ff155aa2-8470-47b0-88e7-b96ad318d52a","2003","lexus","rx","RX 350, RX 350L, RX 450h, RX 500h, F Sport","cache-import","F Sport exists 2011+","2011"
"50d4d175-9bd8-4610-aa11-94773a6571fe","2005","lexus","rx","RX 350, RX 350L, RX 450h, RX 500h, F Sport","cache-import","F Sport exists 2011+","2011"
"45439801-7c3f-46af-a585-3e5c3068c96f","2012","lincoln","mkz","Premiere, Select, Reserve, Black Label","generation-baseline","Black Label exists 2015+","2015"
"27ef3819-a017-4952-9479-db301801c912","2007","lexus","rx","RX 350, RX 350L, RX 450h, RX 500h, F Sport","cache-import","F Sport exists 2011+","2011"
"60ee7ff6-fda0-4624-a344-1918f72fd201","2009","lexus","rx","RX 350, RX 350L, RX 450h, RX 500h, F Sport","cache-import","F Sport exists 2011+","2011"
"1b6b853a-bba5-4c61-9c67-7b8f52ff0912","2010","lexus","rx","RX 350, RX 350L, RX 450h, RX 500h, F Sport","cache-import","F Sport exists 2011+","2011"
"5e67b831-0c49-4bf8-bc19-bc85b89e24f3","2008","lincoln","mkz","Black Label","generation-baseline [expanded]","Black Label exists 2015+","2015"
"495e8ffd-a8fe-4d04-97ce-313f4e26b8ed","2009","lincoln","mkx","Black Label","generation-baseline [expanded]","Black Label exists 2015+","2015"
"b2bf7849-31ce-493f-bf42-b5b9b8a00a58","2009","lincoln","mkx","Premiere, Select, Reserve, Black Label","generation-baseline","Black Label exists 2015+","2015"
"bcae1f5f-a499-4906-ba15-4f4a34a4496f","2009","lincoln","mkx","Reserve","generation-baseline [expanded]","Reserve exists 2015+","2015"
"9aad11a9-e441-43cb-8587-208143251c7a","2010","lincoln","mkx","Black Label","generation-baseline [expanded]","Black Label exists 2015+","2015"
"2a731556-0b2d-49c1-87e5-a2bea3bea893","2010","lincoln","mkx","Premiere, Select, Reserve, Black Label","generation-baseline","Black Label exists 2015+","2015"
"8a645a21-438a-40a2-ae1a-b850515414eb","2010","lincoln","mkx","Reserve","generation-baseline [expanded]","Reserve exists 2015+","2015"
"0c1f68d7-012b-4b09-86f4-ceda3b8b0f79","2011","lincoln","mkx","Black Label","generation-baseline [expanded]","Black Label exists 2015+","2015"
"2ee7b78e-2eb6-43c7-bfbf-095ad40d8ca9","2011","lincoln","mkx","Premiere, Select, Reserve, Black Label","generation-baseline","Black Label exists 2015+","2015"
"0a69729f-af8d-4f03-ac6e-2b0d12605838","2011","lincoln","mkx","Reserve","generation-baseline [expanded]","Reserve exists 2015+","2015"
"48d8bffe-a641-4365-b4b6-efa813d39715","2012","lincoln","mkx","Black Label","generation-baseline [expanded]","Black Label exists 2015+","2015"
"e87d6520-9e38-48fe-99e3-ab813b54c024","2012","lincoln","mkx","Premiere, Select, Reserve, Black Label","generation-baseline","Black Label exists 2015+","2015"
"2f48b90e-3610-4524-a897-46bd4a685e3e","2013","lincoln","mkx","Black Label","generation-baseline [expanded]","Black Label exists 2015+","2015"
"ed157f25-03c2-4567-9ed3-db6b18b5663a","2013","lincoln","mkx","Premiere, Select, Reserve, Black Label","generation-baseline","Black Label exists 2015+","2015"
"94e29648-1367-41ce-a9ce-ec5b4f3cb549","2013","lincoln","mkx","Reserve","generation-baseline [expanded]","Reserve exists 2015+","2015"
"daa904da-5e3e-47da-9a86-00acbe184d1b","2014","lincoln","mkx","Black Label","generation-baseline [expanded]","Black Label exists 2015+","2015"
"dc12d860-3b99-466f-8f9c-fa0d16343654","2014","lincoln","mkx","Premiere, Select, Reserve, Black Label","generation-baseline","Black Label exists 2015+","2015"
"a95cf355-f1de-4522-8f67-3ba2aa2e203f","2014","lincoln","mkx","Reserve","generation-baseline [expanded]","Reserve exists 2015+","2015"
"83f865cc-a29d-4c67-9bc0-32b74cd47e4d","2009","lincoln","mkz","Premiere, Select, Reserve, Black Label","generation-baseline","Black Label exists 2015+","2015"
"c18bb7e2-5a5c-4324-ae69-2cee9804b478","2010","lincoln","mkz","Black Label","generation-baseline [expanded]","Black Label exists 2015+","2015"
"19c7d5f1-ac7b-472b-9df6-bd92a5fd20af","2011","lincoln","mkz","Reserve","generation-baseline [expanded]","Reserve exists 2015+","2015"
"e0b902db-f96c-4cf4-82f2-95b906d5fc8a","2013","lincoln","mkz","Black Label","generation-baseline [expanded]","Black Label exists 2015+","2015"
"15ca92a5-2b46-47af-b139-851b72a81561","2013","lincoln","mkz","Premiere, Select, Reserve, Black Label","generation-baseline","Black Label exists 2015+","2015"
"d8f88714-7138-4659-85c5-a09cbd623cfe","2013","lincoln","mkz","Reserve","generation-baseline [expanded]","Reserve exists 2015+","2015"
"920382eb-72a0-4b63-93d8-34e581ce1ad2","2014","lincoln","mkz","Black Label","generation-baseline [expanded]","Black Label exists 2015+","2015"
"e1ca9216-bd50-4ccf-a1d4-99f2b6b3c57d","2014","lincoln","mkz","Premiere, Select, Reserve, Black Label","generation-baseline","Black Label exists 2015+","2015"
"5b9387a3-f367-4936-927e-1298491ef4b2","2014","lincoln","mkz","Reserve","generation-baseline [expanded]","Reserve exists 2015+","2015"
"aa09b90b-81f8-4584-acbc-4eb3511a55f7","2012","lincoln","navigator","Black Label","generation-baseline [expanded]","Black Label exists 2015+","2015"
"839c76e7-d4ef-4227-b706-f15b241dc941","2014","lincoln","navigator","Reserve","generation-baseline [expanded]","Reserve exists 2015+","2015"
"3127dcc9-7a9d-4435-a752-2edf139e02a2","2014","lincoln","navigator","Standard, Reserve, Black Label","generation-baseline","Black Label exists 2015+","2015"
"bd5a11f8-b23d-49e5-9d17-2c138851e97b","2001","chevrolet","tahoe","LS, LT, RST, Z71, Premier, High Country","generation_template","High Country exists 2014+","2014"
"462a4d11-ff5d-4e81-9800-8fb803c647db","2004","chevrolet","tahoe","LS, LT, RST, Z71, Premier, High Country","generation_template","High Country exists 2014+","2014"
"759843ec-e387-4b71-8e87-26f141c77a7e","2010","chevrolet","tahoe","LS, LT, RST, Z71, Premier, High Country","generation_template","High Country exists 2014+","2014"
"d13bc1ee-8955-4d92-b49e-b3071e17749d","2010","kia","forte","GT-Line","cache-import [expanded]","GT-Line exists 2019+","2019"
"c82ff36c-0242-48b2-9fbf-900cefab2f9c","2020","mazda","3","Base, Select, Preferred, Premium, Carbon Edition, Turbo","alias-from-mazda3","Carbon Edition exists 2021+","2021"
"d13b4e5e-44cf-4868-b36a-6891d06606bc","2007","lincoln","mkz","Premiere, Select, Reserve, Black Label","wheelsize","Black Label exists 2015+","2015"
"61844f0d-9c36-4d7d-9793-218b4240991e","2011","kia","forte","FE, LXS, GT-Line, GT","cache-import","GT-Line exists 2019+","2019"
"cdabaf2b-5e9b-44e1-8940-90e71f9efe2e","2020","mazda","cx-30","Base, Select, Preferred, Carbon Edition, Premium, Turbo","generation-baseline","Carbon Edition exists 2021+","2021"
"6754bad6-c797-46e4-b18e-87bb3fabd3f3","2017","mazda","cx-5","Carbon Edition","generation-baseline","Carbon Edition exists 2021+","2021"
"854179c3-6a5c-4db4-933d-93a568db9a34","2017","mazda","cx-5","Turbo","generation-baseline","Turbo exists 2019+","2019"
"9b661e2d-4435-4e4d-b79e-357b4e0d1935","2019","mazda","cx-5","Carbon Edition","generation-baseline","Carbon Edition exists 2021+","2021"
"bff84578-033b-4f08-bbb4-08528574213f","2011","kia","forte","GT-Line","cache-import [expanded]","GT-Line exists 2019+","2019"
"a8d9854d-dfa9-4fcc-a43d-097b6da0a9ca","2020","mazda","cx-5","Carbon Edition","generation-baseline","Carbon Edition exists 2021+","2021"
"63940dc1-086b-49d2-8d6d-5b638b5d69ac","2014","mazda","cx-9","Carbon Edition","railway_import","Carbon Edition exists 2021+","2021"
"37a55adc-76aa-4c5e-9066-beed51d2f729","2019","mazda","cx-9","Carbon Edition","generation-baseline","Carbon Edition exists 2021+","2021"
"2bf990e7-5a31-462e-9f15-f36a7701afeb","2020","mazda","cx-9","Carbon Edition","generation-baseline","Carbon Edition exists 2021+","2021"
"0b01645a-5690-4608-97e1-fcd2f5b2f880","2020","mazda","mazda3","Base, Select, Preferred, Premium, Carbon Edition, Turbo","generation-baseline","Carbon Edition exists 2021+","2021"
"2ed4f80e-8a49-4ff4-8066-63344e94010f","2012","kia","forte","FE, LXS, GT-Line, GT","cache-import","GT-Line exists 2019+","2019"
"5d79197a-4a9a-4b26-b9dc-da793f87a7cc","2012","kia","forte","GT-Line","cache-import [expanded]","GT-Line exists 2019+","2019"
"2be23653-cb55-4792-aede-e8859af13643","2014","mazda","mazda6","Signature","google-ai-overview","Signature exists 2016+","2016"
"a72fa025-395b-4a41-ba86-3adf3b112b90","2015","mazda","mazda6","Signature","google-ai-overview","Signature exists 2016+","2016"
"df5e2fac-0b34-4ed4-97f0-5eb616e122bd","2012","lincoln","mkz","Black Label","generation-baseline [expanded]","Black Label exists 2015+","2015"
"feb73c42-3af6-4a45-bde5-390dba5838fe","2013","kia","forte","FE, LXS, GT-Line, GT","cache-import","GT-Line exists 2019+","2019"
"198e08aa-cb23-4ba0-9494-e55b653654ea","2013","kia","forte","GT-Line","cache-import [expanded]","GT-Line exists 2019+","2019"
"1a4bf5a6-87aa-4f5b-83e7-1d81e76cc201","2014","kia","forte","FE, LXS, GT-Line, GT","cache-import","GT-Line exists 2019+","2019"
"201c74cc-1475-4832-b108-f7423550cb47","2020","subaru","outback","Wilderness","cache-import [trim-expanded]","Wilderness exists 2022+","2022"
"16b047e1-0dc8-48aa-aee4-d215a51faeac","2014","kia","forte","GT-Line","cache-import [expanded]","GT-Line exists 2019+","2019"
"d3898946-50a8-4264-8f9d-e03bf4634455","2007","lincoln","mkz","Black Label","wheelsize [expanded]","Black Label exists 2015+","2015"
"1268acc4-8f37-4323-81c5-fecf9b77a905","2015","kia","forte","FE, LXS, GT-Line, GT","cache-import","GT-Line exists 2019+","2019"
"6034d480-f999-4f46-9805-89b27be62950","2015","kia","forte","GT-Line","cache-import [expanded]","GT-Line exists 2019+","2019"
"1710d8e8-ef80-4642-b23b-9cb65ce6203b","2016","kia","forte","FE, LXS, GT-Line, GT","cache-import","GT-Line exists 2019+","2019"
"abb1e02e-50eb-464f-be50-e18e8f8b272f","2016","kia","forte","GT-Line","cache-import [expanded]","GT-Line exists 2019+","2019"
"deb4bb95-0d17-4fa1-b5df-7525c370634b","2017","kia","forte","FE, LXS, GT-Line, GT","cache-import","GT-Line exists 2019+","2019"
"8c8489a0-45a3-4a47-b5c1-6d174fb4dc00","2017","kia","forte","GT-Line","cache-import [expanded]","GT-Line exists 2019+","2019"
"950fe4cc-7e24-479b-ba1b-96e05dc96489","2005","ford","escape","ST-Line","trim-research","ST-Line exists 2020+","2020"
"b08aec7e-a86e-48ab-ac09-c37ad9ea7d99","2006","lexus","is","IS 300, IS 350, IS 500, F Sport","cache-import","F Sport exists 2011+","2011"
"84a405fe-6f2f-41b0-9ff9-dc0784e3a326","2012","lincoln","mkz","Reserve","generation-baseline [expanded]","Reserve exists 2015+","2015"
"8317bc0c-9aa3-46b1-a740-0e7c23e4fdfa","2007","ford","explorer","Base, XLT, Limited, ST, Platinum, King Ranch, Timberline","cache-import","Timberline exists 2021+","2021"
"0750cd01-364f-4334-ab91-ad979fa736d1","2015","ford","explorer","Base, XLT, Limited, ST, Platinum, King Ranch, Timberline","trim-research","Timberline exists 2021+","2021"
"3fdd3b80-5ed6-4948-a5d8-6b64fca779d0","2009","lincoln","mkz","Black Label","generation-baseline [expanded]","Black Label exists 2015+","2015"
"e1e4a840-8238-4d54-9f8e-f4f297bf8138","2009","lincoln","mkz","Reserve","generation-baseline [expanded]","Reserve exists 2015+","2015"
"870df9a0-f3f8-4ef5-a6b6-48210fcff863","2007","lexus","is","IS 300, IS 350, IS 500, F Sport","cache-import","F Sport exists 2011+","2011"
"bbc602c4-e247-4faa-a970-7f71bb33198c","2005","gmc","yukon","SLE, SLT, AT4, Denali, Denali Ultimate","generation_template [sib-same-year:suburban:2005]","AT4 exists 2019+","2019"
"3fc8f38b-a604-4d9b-a8c1-af1bba6f89e4","2008","lexus","is","IS 300, IS 350, IS 500, F Sport","cache-import","F Sport exists 2011+","2011"
"9a098e2e-cad8-4868-b1e3-c80c0160d2d9","2009","lexus","is","IS 300, IS 350, IS 500, F Sport","cache-import","F Sport exists 2011+","2011"
"0089da7b-0a9b-4a62-840d-ad5bf5f5e3b7","2016","gmc","canyon","Elevation, AT4, AT4X, Denali","generation_template","AT4 exists 2019+","2019"
"01ba9e25-ebfe-4175-897d-a78df1d5d768","2012","kia","sportage","X-Line","cache-import [expanded]","X-Line exists 2021+","2021"
"bc940e67-5352-4ffe-a09b-9b6604e7b64f","2010","lexus","is","IS 300, IS 350, IS 500, F Sport","cache-import","F Sport exists 2011+","2011"
"a7f35c65-59e3-4201-94ed-dedd292a7788","2017","gmc","canyon","AT4","generation_template [expanded]","AT4 exists 2019+","2019"
"eac79107-1e32-4000-a34d-9ff0f882a7bd","1998","lexus","ls","LS 500, LS 500h, F Sport","cache-import","F Sport exists 2011+","2011"
"8edd6f37-fb11-4e9f-9625-5e6bf599bc80","2000","lexus","ls","LS 500, LS 500h, F Sport","cache-import","F Sport exists 2011+","2011"
"a5d91d95-561d-48e4-8232-b296d27fbbc7","1994","ram","2500","Tradesman, Big Horn, Power Wagon, Laramie, Limited, Longhorn","api_import","Limited exists 2015+","2015"
"8be796c8-b729-449c-8fb0-1c7d064ca768","1995","ram","2500","Tradesman, Big Horn, Power Wagon, Laramie, Limited, Longhorn","api_import","Limited exists 2015+","2015"
"f90694c8-db63-49c4-8704-232099371738","1996","ram","2500","Tradesman, Big Horn, Power Wagon, Laramie, Limited, Longhorn","api_import","Limited exists 2015+","2015"
"b6f0fa10-663d-4e98-ada7-fcefbf678b92","1997","ram","2500","Tradesman, Big Horn, Power Wagon, Laramie, Limited, Longhorn","api_import","Limited exists 2015+","2015"
"049b4fc0-34de-4fcd-b0af-2c8c4764855b","1998","ram","2500","Tradesman, Big Horn, Power Wagon, Laramie, Limited, Longhorn","api_import","Limited exists 2015+","2015"
"bacfbd38-9904-4fa1-b23e-641e6d3ed7ad","2000","ram","2500","Tradesman, Big Horn, Power Wagon, Laramie, Limited, Longhorn","api_import [web_research]","Limited exists 2015+","2015"
"67168f91-d9ad-4967-9405-a42e8d36fdbe","2001","ram","2500","Tradesman, Big Horn, Power Wagon, Laramie, Limited, Longhorn","api_import [web_research]","Limited exists 2015+","2015"
"3c7ceba2-52e1-4ea2-9b82-8977eed7ed7f","2002","ram","2500","Tradesman, Big Horn, Power Wagon, Laramie, Limited, Longhorn","api_import [web_research]","Limited exists 2015+","2015"
"345ef09f-46e1-4080-a79e-75472365d10d","2003","ram","2500","Tradesman, Big Horn, Power Wagon, Laramie, Limited, Longhorn","api_import [filled from 2003 2500]","Limited exists 2015+","2015"
"6cccf520-e8f6-4075-9dab-5088f0f074ba","2004","ram","2500","Tradesman, Big Horn, Power Wagon, Laramie, Limited, Longhorn","api_import [filled from 2004 2500]","Limited exists 2015+","2015"
"756dc7d9-f716-434f-9ad0-bee0064cba93","2005","ram","2500","Tradesman, Big Horn, Power Wagon, Laramie, Limited, Longhorn","api_import [filled from 2005 2500]","Limited exists 2015+","2015"
"6743775f-9a97-4028-89fa-abe03899ff4a","2006","ram","2500","Tradesman, Big Horn, Power Wagon, Laramie, Limited, Longhorn","api_import [filled from 2006 2500]","Limited exists 2015+","2015"
"dc1c0203-9139-418b-b034-eaaad8d60bca","2007","ram","2500","Tradesman, Big Horn, Power Wagon, Laramie, Limited, Longhorn","api_import [filled from 2007 2500]","Limited exists 2015+","2015"
"b25872cb-3ab4-45a6-8956-3be6965189e6","2008","ram","2500","Tradesman, Big Horn, Power Wagon, Laramie, Limited, Longhorn","api_import [filled from 2008 2500]","Limited exists 2015+","2015"
"46d425d6-f7e6-478a-a4a0-bdbae3bce8a0","2009","ram","2500","Tradesman, Big Horn, Power Wagon, Laramie, Limited, Longhorn","api_import [filled from 2009 2500]","Limited exists 2015+","2015"
"af8935c6-9161-4449-a50f-2c9d6bcfea01","1999","lexus","rx","RX 350, RX 350L, RX 450h, RX 500h, F Sport","cache-import","F Sport exists 2011+","2011"
"e431d08a-c373-4948-8a80-dc02caa5c11a","1995","ram","3500","Tradesman, Big Horn, Laramie, Limited, Longhorn","api_import","Limited exists 2015+","2015"
"74f79e90-edb7-45e0-ae57-849b921d02fb","1996","ram","3500","Tradesman, Big Horn, Laramie, Limited, Longhorn","api_import","Limited exists 2015+","2015"
"54425bf2-7504-43fc-a90b-8922b5b0616e","1999","ram","3500","Tradesman, Big Horn, Laramie, Limited, Longhorn","api_import","Limited exists 2015+","2015"
"7b2a0f44-4cab-42ab-8134-43eed0c1df6c","2001","ram","3500","Tradesman, Big Horn, Laramie, Limited, Longhorn","api_import [web_research]","Limited exists 2015+","2015"
"f1c91d67-e933-40b0-8596-e054e364e855","2003","ram","3500","Tradesman, Big Horn, Laramie, Limited, Longhorn","api_import [filled from 2003 3500]","Limited exists 2015+","2015"
"1beeef21-e4c0-4e94-96d4-cf4b3bd0775a","2004","ram","3500","Tradesman, Big Horn, Laramie, Limited, Longhorn","api_import [filled from 2004 3500]","Limited exists 2015+","2015"
"9c89bda1-2f07-4c37-879d-eeb6cdbe74dc","2005","ram","3500","Tradesman, Big Horn, Laramie, Limited, Longhorn","api_import [filled from 2005 3500]","Limited exists 2015+","2015"
"d7ec3135-b48e-453c-bf93-c88a6057c10f","2006","ram","3500","Tradesman, Big Horn, Laramie, Limited, Longhorn","api_import [filled from 2006 3500]","Limited exists 2015+","2015"
"84b5a4f3-55a8-4bc5-b11e-371063fa86f0","2007","ram","3500","Tradesman, Big Horn, Laramie, Limited, Longhorn","api_import [filled from 2007 3500]","Limited exists 2015+","2015"
"07707b00-9617-4c54-84cb-89ddea489fe2","2008","ram","3500","Tradesman, Big Horn, Laramie, Limited, Longhorn","api_import [filled from 2008 3500]","Limited exists 2015+","2015"
"715d9450-eeb7-4daf-a61d-b3c68b00dfca","2009","ram","3500","Tradesman, Big Horn, Laramie, Limited, Longhorn","api_import [filled from 2009 3500]","Limited exists 2015+","2015"
"6d16c43d-0524-4492-81c0-7689a0ab8db8","2009","gmc","yukon","SLE, SLT, AT4, Denali, Denali Ultimate","generation_template [sib-same-year:tahoe:2009]","AT4 exists 2019+","2019"
"844bb04c-8844-40f4-add4-c828b0616463","2020","hyundai","tucson","SE, SEL, XRT, Limited, N Line","cache-import","XRT exists 2022+","2022"
"2495a762-cecb-4716-b542-e94bf6c9f6e8","2012","lincoln","mkx","Reserve","generation-baseline [expanded]","Reserve exists 2015+","2015"
"21bfd245-b190-4a9d-990e-31548651e85a","2011","lincoln","mkz","Black Label","generation-baseline [expanded]","Black Label exists 2015+","2015"
"ea43008f-b027-4e43-a652-b920e7fa57ef","1999","lincoln","navigator","Reserve","generation-baseline [expanded]","Reserve exists 2015+","2015"
"3d0a79a8-02ea-4dc9-be25-e85313ae6203","2019","subaru","ascent","Base, Premium, Onyx Edition, Limited, Touring","manual_seed_spec","Onyx exists 2020+","2020"
"8528aea0-f00c-4ef5-863b-61ef6adef51d","2019","subaru","ascent","Onyx Edition","manual_seed_spec [expanded]","Onyx exists 2020+","2020"
"af75612d-00f5-4b12-8b1a-eaf805649b5e","2009","volkswagen","tiguan","S, SE, SE R-Line, SEL, SEL R-Line","cache-import","R-Line exists 2012+","2012"
"3b8fe6ca-2671-4759-8b00-b36c95c88b5a","2009","volkswagen","tiguan","SE R-Line","cache-import [expanded]","R-Line exists 2012+","2012"
"512bd73a-88d1-4f3b-af15-ab0b0f780eae","2009","volkswagen","tiguan","SEL R-Line","cache-import [expanded]","R-Line exists 2012+","2012"
"f17cc67c-70e4-414d-be63-98e0aba54d23","2010","volkswagen","tiguan","S, SE, SE R-Line, SEL, SEL R-Line","cache-import","R-Line exists 2012+","2012"
"f9131076-2b85-4886-932f-3482d3844b96","2010","volkswagen","tiguan","SE R-Line","cache-import [expanded]","R-Line exists 2012+","2012"
"97cded20-c652-4cb7-a2d8-611c3ff1a073","2016","subaru","crosstrek","Base, Premium, Sport, Limited, Wilderness","cache-import","Wilderness exists 2022+","2022"
"965c263b-3160-4217-9a66-9090655c8451","2016","subaru","crosstrek","Wilderness","cache-import [expanded]","Wilderness exists 2022+","2022"
"e831055e-bc93-4aaf-b25b-82466bd3e772","2017","subaru","crosstrek","Base, Premium, Sport, Limited, Wilderness","cache-import","Wilderness exists 2022+","2022"
"8d53f39b-1388-48b9-8d3e-1ad74a944641","2017","subaru","crosstrek","Wilderness","cache-import [expanded]","Wilderness exists 2022+","2022"
"5b802f84-cf38-4164-b1af-b5ee67214936","2019","subaru","crosstrek","Base, Premium, Sport, Limited, Wilderness","cache-import","Wilderness exists 2022+","2022"
"cc647cde-2906-4ac5-a0e3-62d8a980bf04","2019","subaru","crosstrek","Wilderness","cache-import [expanded]","Wilderness exists 2022+","2022"
"3b5b8d37-907f-4682-a622-89aa0ee8ca66","2020","subaru","crosstrek","Base, Premium, Sport, Limited, Wilderness","cache-import","Wilderness exists 2022+","2022"
"c1de8585-e270-4df4-85f4-ebb4206bb685","2020","subaru","crosstrek","Wilderness","cache-import [trim-expanded]","Wilderness exists 2022+","2022"
"ce9e0361-b519-45fe-95ce-e5cd4eff8139","2021","subaru","crosstrek","Base, Premium, Sport, Limited, Wilderness","cache-import","Wilderness exists 2022+","2022"
"b857206d-4ede-4db5-bbde-3a5a8f287e62","2021","subaru","crosstrek","Wilderness","cache-import [trim-expanded]","Wilderness exists 2022+","2022"
"e4b68149-e783-4e1c-8355-f3e92240ce74","2010","volkswagen","tiguan","SEL R-Line","cache-import [expanded]","R-Line exists 2012+","2012"
"7ec71848-95ab-4570-963d-3d1005c030ab","2009","subaru","forester","Base, Premium, Sport, Limited, Touring, Wilderness","cache-import","Wilderness exists 2022+","2022"
"9c493fa7-3096-4445-bfd8-a5e407ec514e","2009","subaru","forester","Touring","cache-import [expanded]","Touring on forester exists 2014+","2014"
"8ee0390d-c025-4e7c-a976-1fafe4161a81","2009","subaru","forester","Wilderness","cache-import [expanded]","Wilderness exists 2022+","2022"
"2ac937e8-c6c0-4841-925d-74c988ccce29","2010","subaru","forester","Base, Premium, Sport, Limited, Touring, Wilderness","cache-import","Wilderness exists 2022+","2022"
"5b9d59d4-397b-4679-9e15-8381dffac81e","1992","chevrolet","tahoe","High Country","generation_template [expanded]","High Country exists 2014+","2014"
"80e0d934-44f5-41be-a2a1-b14acbd7d8db","2010","subaru","forester","Touring","cache-import [expanded]","Touring on forester exists 2014+","2014"
"2a75d402-275f-46fb-9bb8-1fa71102dffe","2010","subaru","forester","Wilderness","cache-import [expanded]","Wilderness exists 2022+","2022"
"1daffc1e-2cbb-4fe5-9c62-415a268375e3","2011","subaru","forester","Base, Premium, Sport, Limited, Touring, Wilderness","cache-import","Wilderness exists 2022+","2022"
"45fde9d6-5290-4f16-952d-dbadb6277f6c","2011","subaru","forester","Touring","cache-import [expanded]","Touring on forester exists 2014+","2014"
"2b8fc205-648d-4504-a0a4-5d1f60e42cd0","2011","subaru","forester","Wilderness","cache-import [expanded]","Wilderness exists 2022+","2022"
"171eb080-31f2-4595-b09a-be0908725c4a","2012","subaru","forester","Base, Premium, Sport, Limited, Touring, Wilderness","cache-import","Wilderness exists 2022+","2022"
"a0aaf310-6c1c-40cc-ad34-8111ad3db3a4","2012","subaru","forester","Touring","cache-import [expanded]","Touring on forester exists 2014+","2014"
"92605733-3f8e-46d8-96d1-2048ffff9413","2012","subaru","forester","Wilderness","cache-import [expanded]","Wilderness exists 2022+","2022"
"b0e258b7-b3df-494f-8ed7-8a6c162684bb","2013","subaru","forester","Base, Premium, Sport, Limited, Touring, Wilderness","cache-import","Wilderness exists 2022+","2022"
"31be7e22-db73-488e-8d56-d095f0268a09","2013","subaru","forester","Touring","cache-import [expanded]","Touring on forester exists 2014+","2014"
"5ef45d81-ad0b-4fa5-928e-d1ab82d62a37","2013","subaru","forester","Wilderness","cache-import [expanded]","Wilderness exists 2022+","2022"
"525bdfa6-ac86-4a02-975a-b40c8bddd944","2014","subaru","forester","Base, Premium, Sport, Limited, Touring, Wilderness","cache-import","Wilderness exists 2022+","2022"
"beb91885-9e24-42ca-98e6-bc26ffe8289a","2014","subaru","forester","Wilderness","cache-import [expanded]","Wilderness exists 2022+","2022"
"b1f53a79-f3eb-42ad-b46e-f8586895e2b7","2015","subaru","forester","Base, Premium, Sport, Limited, Touring, Wilderness","cache-import","Wilderness exists 2022+","2022"
"dfe3e954-6216-4783-a6c3-38cf0c26320d","2016","mazda","cx-9","Carbon Edition","generation-baseline","Carbon Edition exists 2021+","2021"
"35494b6e-630a-452e-8452-736759103210","2015","subaru","forester","Wilderness","cache-import [expanded]","Wilderness exists 2022+","2022"
"e45ed0f0-1a86-41a2-baee-abca7f09a92d","2016","subaru","forester","Base, Premium, Sport, Limited, Touring, Wilderness","cache-import","Wilderness exists 2022+","2022"
"baea0023-dcc9-4a37-b58a-ed2e82e3d128","2017","mazda","cx-9","Carbon Edition","generation-baseline","Carbon Edition exists 2021+","2021"
"1e1b3ab3-ae8b-42d5-b555-c65c152a4e9e","2016","subaru","forester","Wilderness","cache-import [expanded]","Wilderness exists 2022+","2022"
"8a6ad8a6-e4f7-46f5-87bd-a0eb2a496a93","2017","subaru","forester","Base, Premium, Sport, Limited, Touring, Wilderness","cache-import","Wilderness exists 2022+","2022"
"8bd96d31-9994-44b6-b5cd-7d216c4cf307","2017","subaru","forester","Wilderness","cache-import [expanded]","Wilderness exists 2022+","2022"
"3df69bff-f891-44dd-b59f-949845186874","2019","subaru","forester","Base, Premium, Sport, Limited, Touring, Wilderness","cache-import","Wilderness exists 2022+","2022"
"3f9300e1-6776-4159-80cc-781d768d34de","2019","subaru","forester","Wilderness","cache-import [expanded]","Wilderness exists 2022+","2022"
"46f5754c-6d57-4426-90a2-46285acc96cd","2020","subaru","forester","Base, Premium, Sport, Limited, Touring, Wilderness","cache-import","Wilderness exists 2022+","2022"
"39491a71-b90c-46f1-99c7-96238d5a407c","2020","subaru","forester","Wilderness","cache-import [trim-expanded]","Wilderness exists 2022+","2022"
"44e6449d-68ce-451c-a0df-1c31512cae47","2021","subaru","forester","Base, Premium, Sport, Limited, Touring, Wilderness","cache-import","Wilderness exists 2022+","2022"
"b920ce5d-079f-4ef3-9e11-bb0f115ca780","2021","subaru","forester","Wilderness","cache-import [trim-expanded]","Wilderness exists 2022+","2022"
"002a1094-58d1-4e1b-bcda-f347eae4dd3e","2007","lincoln","navigator","Reserve","generation-baseline [expanded]","Reserve exists 2015+","2015"
"5b49f775-ea49-4b38-91c1-1e047350fb60","2005","ford","explorer","Base, XLT, Limited, ST, Platinum, King Ranch, Timberline","cache-import","Timberline exists 2021+","2021"
"bfc2fa3c-ad2d-47c9-a923-61137c3c37bd","2012","ford","explorer","Base, XLT, Limited, ST, Platinum, King Ranch, Timberline","trim-research","Timberline exists 2021+","2021"
"2fa9fd22-814f-435c-aaa7-f01114b7b6fc","2011","volkswagen","tiguan","S, SE, SE R-Line, SEL, SEL R-Line","cache-import","R-Line exists 2012+","2012"
"749c417f-c569-4413-bd75-010b46434866","2009","subaru","legacy","Base, Premium, Sport, Limited, Touring XT","cache-import","Touring exists 2015+","2015"
"c141a8d7-1e40-4bb3-93e1-6192bda4b8bf","2009","subaru","legacy","Touring XT","cache-import [expanded]","Touring exists 2015+","2015"
"d248d6fc-940a-483b-9c28-9c8a5ace88af","2010","subaru","legacy","Base, Premium, Sport, Limited, Touring XT","cache-import","Touring exists 2015+","2015"
"2e82ac99-cc81-470e-94c0-39c36c009d1a","2010","subaru","legacy","Touring XT","cache-import [expanded]","Touring exists 2015+","2015"
"61361d56-9ad6-4360-84b1-059a7c968024","2011","subaru","legacy","Base, Premium, Sport, Limited, Touring XT","cache-import","Touring exists 2015+","2015"
"ff57bb1c-bb5f-4926-805e-d6af45c742fa","2011","subaru","legacy","Touring XT","cache-import [expanded]","Touring exists 2015+","2015"
"b16df30e-96d5-48df-b28f-379ea30e69e3","2012","subaru","legacy","Base, Premium, Sport, Limited, Touring XT","cache-import","Touring exists 2015+","2015"
"46945bbc-5ac1-4a18-a67c-8fa806d07455","2012","subaru","legacy","Touring XT","cache-import [expanded]","Touring exists 2015+","2015"
"e240af0a-9e65-4ac9-90d3-20b6a88af523","2013","subaru","legacy","Base, Premium, Sport, Limited, Touring XT","cache-import","Touring exists 2015+","2015"
"e765e7bc-9803-40cf-93b1-9f656f808d9b","2013","subaru","legacy","Touring XT","cache-import [expanded]","Touring exists 2015+","2015"
"07bd7a8d-8d1f-443b-8fc0-6fd6a648fa73","2014","subaru","legacy","Base, Premium, Sport, Limited, Touring XT","cache-import","Touring exists 2015+","2015"
"72a18259-fbc7-4a7b-8779-a7201fe5c8e2","2014","subaru","legacy","Touring XT","cache-import [expanded]","Touring exists 2015+","2015"
"72752eb7-96a8-4565-9aa8-a96b8518b9e0","1997","chevrolet","malibu","Premier","generation_template [expanded]","Premier exists 2016+","2016"
"a86eb2ef-a714-4729-86ad-6ead5d52cc21","2000","subaru","outback","Base, Premium, Limited, Touring, Onyx Edition XT, Wilderness","cache-import","Wilderness exists 2022+","2022"
"a12064c0-9087-4d3a-9d2a-05e5a3d159e2","2000","subaru","outback","Onyx Edition XT","cache-import [expanded]","Onyx exists 2020+","2020"
"8d11acf5-e1bc-4d1e-8b8e-bfbe1a6bdd1b","2000","subaru","outback","Touring","cache-import [expanded]","Touring exists 2015+","2015"
"ff41e57b-f631-4c56-a4b2-6da29d296e1a","2000","subaru","outback","Wilderness","cache-import [expanded]","Wilderness exists 2022+","2022"
"f4bbb0a5-35ba-4eb2-a7c3-b3907e1690d4","2001","subaru","outback","Base, Premium, Limited, Touring, Onyx Edition XT, Wilderness","cache-import","Wilderness exists 2022+","2022"
"c083346c-b2d4-4c39-aa0c-2c546da52f1b","2001","subaru","outback","Onyx Edition XT","cache-import [expanded]","Onyx exists 2020+","2020"
"9f661521-aa75-4b9d-9c4b-c851e473faa3","2001","subaru","outback","Touring","cache-import [expanded]","Touring exists 2015+","2015"
"b05b7c8d-f078-49f3-867c-c5e50b520f61","2001","subaru","outback","Wilderness","cache-import [expanded]","Wilderness exists 2022+","2022"
"c5ff2d76-0eeb-4ee7-b907-f6bb16b112af","2009","lincoln","navigator","Black Label","generation-baseline [expanded]","Black Label exists 2015+","2015"
"bc27a73f-abfe-43ab-8fff-3900dd2cf32c","2009","subaru","outback","Base, Premium, Limited, Touring, Onyx Edition XT, Wilderness","cache-import","Wilderness exists 2022+","2022"
"387e494f-6305-4c4c-9e01-83fe5ff22f41","2009","subaru","outback","Onyx Edition XT","cache-import [expanded]","Onyx exists 2020+","2020"
"0e600464-a1eb-4aea-8750-1449971670d6","2009","subaru","outback","Touring","cache-import [expanded]","Touring exists 2015+","2015"
"5206ad10-6581-4a50-976a-48612da9a14b","2009","subaru","outback","Wilderness","cache-import [expanded]","Wilderness exists 2022+","2022"
"022aa438-e595-480d-8c16-0225f0b68e24","2010","subaru","outback","Base, Premium, Limited, Touring, Onyx Edition XT, Wilderness","cache-import","Wilderness exists 2022+","2022"
"1604952e-5ed5-4c1e-b915-53a82eb649ad","2010","subaru","outback","Onyx Edition XT","cache-import [expanded]","Onyx exists 2020+","2020"
"07b5dc1e-2a1a-4dc4-9590-eaf572230786","2010","subaru","outback","Touring","cache-import [expanded]","Touring exists 2015+","2015"
"e383f52f-c27a-4a6b-b068-f8ae264de814","2010","subaru","outback","Wilderness","cache-import [expanded]","Wilderness exists 2022+","2022"
"121f6688-afd7-43a0-8684-5dc8c1a633b7","2011","subaru","outback","Base, Premium, Limited, Touring, Onyx Edition XT, Wilderness","cache-import","Wilderness exists 2022+","2022"
"0641afd1-938e-4fd4-9965-e16601988342","2011","subaru","outback","Onyx Edition XT","cache-import [expanded]","Onyx exists 2020+","2020"
"2a2fc596-7078-4a33-ae0a-cc5cfb7837d7","2011","subaru","outback","Touring","cache-import [expanded]","Touring exists 2015+","2015"
"225628b6-58f5-4536-a1ee-94face9818af","2011","subaru","outback","Wilderness","cache-import [expanded]","Wilderness exists 2022+","2022"
"da448f75-efcd-499d-b299-75833a0fad4c","2012","subaru","outback","Base, Premium, Limited, Touring, Onyx Edition XT, Wilderness","cache-import","Wilderness exists 2022+","2022"
"46c2f39d-b77e-4c87-996a-468062501a1c","2012","subaru","outback","Onyx Edition XT","cache-import [expanded]","Onyx exists 2020+","2020"
"26f42e01-dae0-437b-8fb1-925a25408640","2012","subaru","outback","Touring","cache-import [expanded]","Touring exists 2015+","2015"
"6e64f95f-c7f7-45a0-afbc-aee18fbc6abc","2012","subaru","outback","Wilderness","cache-import [expanded]","Wilderness exists 2022+","2022"
"be5d5d7e-1d48-4db9-9cc1-1f4c890de04b","2013","subaru","outback","Base, Premium, Limited, Touring, Onyx Edition XT, Wilderness","cache-import","Wilderness exists 2022+","2022"
"a3e23f4c-d318-4365-86db-89529154334b","2013","subaru","outback","Onyx Edition XT","cache-import [expanded]","Onyx exists 2020+","2020"
"62cb42e6-6fb3-47ae-9c67-eb16652ec2de","2013","subaru","outback","Touring","cache-import [expanded]","Touring exists 2015+","2015"
"756ed86b-580b-431e-9071-4c3d27ac113a","2013","subaru","outback","Wilderness","cache-import [expanded]","Wilderness exists 2022+","2022"
"e86057af-eb6e-4c87-9b2c-275b83ce89ab","2014","subaru","outback","Base, Premium, Limited, Touring, Onyx Edition XT, Wilderness","cache-import","Wilderness exists 2022+","2022"
"2cfbc016-83ca-4b23-a8f5-2865a138cec5","2014","subaru","outback","Onyx Edition XT","cache-import [expanded]","Onyx exists 2020+","2020"
"8c5510c3-20b4-4444-ae2d-7e638f3caca2","2014","subaru","outback","Touring","cache-import [expanded]","Touring exists 2015+","2015"
"a5784bd0-203d-4608-8320-0a0e7430e5a1","2014","subaru","outback","Wilderness","cache-import [expanded]","Wilderness exists 2022+","2022"
"04f40337-0006-4631-a32f-3ea424926224","2016","subaru","outback","Onyx Edition XT","cache-import [expanded]","Onyx exists 2020+","2020"
"537a0b89-9c4d-4f53-96d9-6f611a474e55","2016","subaru","outback","Wilderness","cache-import [expanded]","Wilderness exists 2022+","2022"
"9ecdcc37-52fe-4bc1-985f-693b5529676c","2017","subaru","outback","Base, Premium, Limited, Touring, Onyx Edition XT, Wilderness","cache-import","Wilderness exists 2022+","2022"
"224b6e93-d7f1-40e0-8d51-e6ced6c650d0","2017","subaru","outback","Onyx Edition XT","cache-import [expanded]","Onyx exists 2020+","2020"
"c16ea231-d2d0-453b-9e9a-10541559d084","2017","subaru","outback","Wilderness","cache-import [expanded]","Wilderness exists 2022+","2022"
"f1ff26a6-9f7d-4d07-9871-878df87ff7b2","2019","subaru","outback","Base, Premium, Limited, Touring, Onyx Edition XT, Wilderness","cache-import","Wilderness exists 2022+","2022"
"deec6188-d20e-42bf-a366-4e0bf4143689","2019","subaru","outback","Onyx Edition XT","cache-import [expanded]","Onyx exists 2020+","2020"
"973eebb0-60d1-4e3c-8323-7042dd6c8c06","2019","subaru","outback","Wilderness","cache-import [expanded]","Wilderness exists 2022+","2022"
"b07cea0f-2a0b-49f3-a858-f143b94c99a6","2020","subaru","outback","Base, Premium, Limited, Touring, Onyx Edition XT, Wilderness","cache-import","Wilderness exists 2022+","2022"
"5e393bc5-f08a-46a2-b8b3-4292db6fe8a0","2002","subaru","wrx","Base, Premium, Limited, GT","cache-import","GT on wrx exists 2022+","2022"
"28de0843-1932-4434-bad6-8f0566d8f5bd","2002","subaru","wrx","GT","cache-import [expanded]","GT on wrx exists 2022+","2022"
"1121c458-92a6-4b9d-a014-7aa4ec915851","2003","subaru","wrx","Base, Premium, Limited, GT","cache-import","GT on wrx exists 2022+","2022"
"63ed72ce-9e85-4783-9959-6bf4242ee946","2003","subaru","wrx","GT","cache-import [expanded]","GT on wrx exists 2022+","2022"
"b58dff93-d40a-4241-8c9b-7f5d862de175","2004","subaru","wrx","Base, Premium, Limited, GT","cache-import","GT on wrx exists 2022+","2022"
"f6ab4bfc-961e-4d48-a0de-5ed613bcded2","2004","subaru","wrx","GT","cache-import [expanded]","GT on wrx exists 2022+","2022"
"e494da48-1dbc-468b-87bd-906c0ab2233d","2005","subaru","wrx","Base, Premium, Limited, GT","cache-import","GT on wrx exists 2022+","2022"
"a7e479c3-1a53-4891-bc17-c2946f16cd36","2005","subaru","wrx","GT","cache-import [expanded]","GT on wrx exists 2022+","2022"
"bb573a9c-cef0-416c-b1f4-b638f34c8424","2006","subaru","wrx","Base, Premium, Limited, GT","cache-import","GT on wrx exists 2022+","2022"
"47172d42-ba46-411d-a28f-5dd7845a888c","2006","subaru","wrx","GT","cache-import [expanded]","GT on wrx exists 2022+","2022"
"747cd5fb-fff5-4ab9-9ab0-84d8d7252343","2007","subaru","wrx","Base, Premium, Limited, GT","cache-import","GT on wrx exists 2022+","2022"
"49c8b2d0-6152-4d6c-bfc9-2038b4ae2f39","2007","subaru","wrx","GT","cache-import [expanded]","GT on wrx exists 2022+","2022"
"d52e39c8-8e81-42c8-8ffe-e27137fd429e","2009","subaru","wrx","Base, Premium, Limited, GT","cache-import","GT on wrx exists 2022+","2022"
"bf637295-74b2-44f7-825a-600f633cad77","2009","subaru","wrx","GT","cache-import [expanded]","GT on wrx exists 2022+","2022"
"9aff6dd5-1960-4499-97bb-50e05b092bdb","2010","subaru","wrx","Base, Premium, Limited, GT","cache-import","GT on wrx exists 2022+","2022"
"c53f4eb9-0b19-4c15-b4fc-642b8032bfba","2010","subaru","wrx","GT","cache-import [expanded]","GT on wrx exists 2022+","2022"
"c6eba66d-b716-49f9-9307-7d6bdae8f9e3","2011","subaru","wrx","Base, Premium, Limited, GT","cache-import","GT on wrx exists 2022+","2022"
"8d39a084-dc24-4a84-9dcf-b09eee499828","2011","subaru","wrx","GT","cache-import [expanded]","GT on wrx exists 2022+","2022"
"a60e1646-61d1-4deb-a1fa-9bfb31158302","2012","subaru","wrx","Base, Premium, Limited, GT","cache-import","GT on wrx exists 2022+","2022"
"adcce041-33a9-49a2-8f90-188d42b56c57","2012","subaru","wrx","GT","cache-import [expanded]","GT on wrx exists 2022+","2022"
"97aed900-3abe-4f7d-ba05-84ebc8153ea1","2013","subaru","wrx","Base, Premium, Limited, GT","cache-import","GT on wrx exists 2022+","2022"
"5520c1d5-fba5-4b17-823a-9a173ccc42c1","2013","subaru","wrx","GT","cache-import [expanded]","GT on wrx exists 2022+","2022"
"352d8eb7-a010-4307-86bd-2eacb3eb9136","2014","subaru","wrx","Base, Premium, Limited, GT","cache-import","GT on wrx exists 2022+","2022"
"ded842dd-7be8-4e57-9dcd-245493812cc9","2014","subaru","wrx","GT","cache-import [expanded]","GT on wrx exists 2022+","2022"
"201799e0-cda7-4c93-9520-50861b6c60f5","2015","subaru","wrx","Base, Premium, Limited, GT","cache-import","GT on wrx exists 2022+","2022"
"a70e5e66-f61e-44c1-919a-bf4d675dc063","2015","subaru","wrx","GT","cache-import [expanded]","GT on wrx exists 2022+","2022"
"eb7017bd-dbd6-43b3-91c3-e2d284de968b","2016","subaru","wrx","Base, Premium, Limited, GT","cache-import","GT on wrx exists 2022+","2022"
"c7deb4c3-7218-40fe-b0d6-557077045a31","2016","subaru","wrx","GT","cache-import [expanded]","GT on wrx exists 2022+","2022"
"06924650-0b08-4d1e-9191-8bc28b248242","2017","subaru","wrx","Base, Premium, Limited, GT","cache-import","GT on wrx exists 2022+","2022"
"38b79e44-4c4b-4c24-baff-507f0aa9aedd","2017","subaru","wrx","GT","cache-import [expanded]","GT on wrx exists 2022+","2022"
"20d547b8-86d7-431b-a5d8-2374c59ae985","2019","subaru","wrx","Base, Premium, Limited, GT","cache-import","GT on wrx exists 2022+","2022"
"19b823cd-1257-4575-ac2c-73ac395c3124","2019","subaru","wrx","GT","cache-import [expanded]","GT on wrx exists 2022+","2022"
"a60bcea6-455b-432d-be14-8362baf846e1","2020","subaru","wrx","Base, Premium, Limited, GT","cache-import","GT on wrx exists 2022+","2022"
"949a9f37-85d6-4833-8d7c-0ba6d073612b","2020","subaru","wrx","GT","cache-import [trim-expanded]","GT on wrx exists 2022+","2022"
"b6544f0f-efe3-483d-b10f-956c05a830e6","2021","subaru","wrx","Base, Premium, Limited, GT","cache-import","GT on wrx exists 2022+","2022"
"01eb0dec-292c-4335-bf7b-f1884f6e9df0","2021","subaru","wrx","GT","cache-import [trim-expanded]","GT on wrx exists 2022+","2022"
"840c9fc6-5e5b-4564-947c-3024c12d19d8","2011","volkswagen","tiguan","SE R-Line","cache-import [expanded]","R-Line exists 2012+","2012"
"66799d30-f93c-40f1-9a40-e4ef7f5d5c88","2010","toyota","4runner","Nightshade","trim-research","Nightshade exists 2019+","2019"
"9aaa86b2-4a46-4ec4-a02d-35f9ce5a88ca","2011","toyota","4runner","Nightshade","trim-research","Nightshade exists 2019+","2019"
"cc2320fc-01a6-4541-ae22-08ab6610534f","2012","toyota","4runner","Nightshade","trim-research","Nightshade exists 2019+","2019"
"1c58ef7e-0245-4338-aa5c-50c2fd73c841","2013","toyota","4runner","Nightshade","trim-research","Nightshade exists 2019+","2019"
"f5cd1d9a-61af-4615-8d68-12dbc0b50dce","2014","toyota","4runner","Nightshade","trim-research","Nightshade exists 2019+","2019"
"45815786-ab52-42b7-ab67-c2230ff1bdcd","2015","toyota","4runner","Nightshade","trim-research","Nightshade exists 2019+","2019"
"07ee5b72-e1f8-48b5-9cab-f98f4d7f6f06","2015","toyota","4runner","TRD Off-Road","trim-research","TRD Off-Road exists 2016+","2016"
"22e503e5-a323-4d3e-917d-9e74edae4769","2015","toyota","4runner","TRD Off-Road Premium","trim-research","TRD Off-Road exists 2016+","2016"
"c65682fc-4ba0-44e3-bdab-f77fbde118df","2016","toyota","4runner","Nightshade","trim-research","Nightshade exists 2019+","2019"
"3a6380fc-c2a5-4388-8c19-19fbb6d5caae","2017","toyota","4runner","Nightshade","trim-research","Nightshade exists 2019+","2019"
"b90f96a2-0e4f-4ca7-bf89-d05de77cce7f","1992","chevrolet","tahoe","RST","generation_template [expanded]","RST exists 2018+","2018"
"8560d074-801d-4099-90ad-a7e47f9ea442","1993","chevrolet","tahoe","High Country","generation_template [expanded]","High Country exists 2014+","2014"
"56814e39-5526-4937-af93-0325557e340f","1994","chevrolet","tahoe","Premier","generation_template [expanded]","Premier exists 2016+","2016"
"dba853fb-f66c-4987-aedc-f10f3cc5c325","2012","toyota","camry","XSE","trim-research","XSE exists 2015+","2015"
"9286799c-0a19-4299-8297-db094e03c233","2013","toyota","camry","XSE","trim-research","XSE exists 2015+","2015"
"f963614d-ba9a-4e94-ae58-da96e69eac3a","2014","toyota","camry","XSE","trim-research","XSE exists 2015+","2015"
"3c96e22f-215d-4db3-8a01-e098f4b95ce3","2003","toyota","corolla","L, LE, SE, XLE, XSE","trim-research","XSE exists 2015+","2015"
"76248d73-835e-4b51-955e-ae174dddaec0","2003","toyota","corolla","XSE","trim-research","XSE exists 2015+","2015"
"7f7e11a8-5323-4932-9700-a8cfad1a74b1","2004","toyota","corolla","L, LE, SE, XLE, XSE","trim-research","XSE exists 2015+","2015"
"df9f1ef0-e327-4dcd-9857-3974bfa71454","2004","toyota","corolla","XSE","trim-research","XSE exists 2015+","2015"
"10e15eeb-6c94-4e43-9779-544a3d5e18e5","2005","toyota","corolla","L, LE, SE, XLE, XSE","trim-research","XSE exists 2015+","2015"
"05d999be-66b4-4db5-979b-e0f755d2cee7","2005","toyota","corolla","XSE","trim-research","XSE exists 2015+","2015"
"6bc7e416-bd35-488f-b5b1-cc0355a69055","2006","toyota","corolla","L, LE, SE, XLE, XSE","trim-research","XSE exists 2015+","2015"
"ff725552-b39f-46ca-93d1-7fa3d6c8b9c9","2006","toyota","corolla","XSE","trim-research","XSE exists 2015+","2015"
"e1c512bb-2487-4442-a20b-cc87c5b2e213","2007","toyota","corolla","L, LE, SE, XLE, XSE","trim-research","XSE exists 2015+","2015"
"cf6e78eb-5dbc-4d69-b7be-5edd1f162061","2007","toyota","corolla","XSE","trim-research","XSE exists 2015+","2015"
"46b7da46-ce3c-4a84-b6d2-773edb8e6184","2008","toyota","corolla","L, LE, SE, XLE, XSE","trim-research","XSE exists 2015+","2015"
"6278f49a-3b0a-4a48-97a7-b042b6d758bd","2008","toyota","corolla","XSE","trim-research","XSE exists 2015+","2015"
"130c2a2b-d9ee-4fe2-8333-a18ed8a49beb","2009","toyota","corolla","L, LE, SE, XLE, XSE","trim-research","XSE exists 2015+","2015"
"1deb1b5b-7988-4e52-9ad7-d607823be3fb","2009","toyota","corolla","XSE","trim-research","XSE exists 2015+","2015"
"45cefe26-dc41-4953-8132-27b6801bbacd","2010","toyota","corolla","L, LE, SE, XLE, XSE","trim-research","XSE exists 2015+","2015"
"2a513a29-1cc3-4887-a1d8-b00aef5e4c45","2010","toyota","corolla","XSE","trim-research","XSE exists 2015+","2015"
"8446b43f-43d9-4e61-984e-4d6bf4f70af8","2011","toyota","corolla","L, LE, SE, XLE, XSE","trim-research","XSE exists 2015+","2015"
"6d9e5e9f-944d-4c64-8406-6686fb7edef8","2011","toyota","corolla","XSE","trim-research","XSE exists 2015+","2015"
"649fba05-2b65-4ed9-bd1b-b09d15a8ef8f","1991","lexus","es","ES 250, ES 300h, ES 350, F Sport","cache-import","F Sport exists 2011+","2011"
"13575c33-471b-49db-afd2-c6ca96308d60","2012","toyota","corolla","L, LE, SE, XLE, XSE","trim-research","XSE exists 2015+","2015"
"47d7ccff-9fa3-41c1-a999-512c81b79245","2012","toyota","corolla","XSE","trim-research","XSE exists 2015+","2015"
"7558a4c2-6513-4471-9220-954ed6762745","2013","toyota","corolla","L, LE, SE, XLE, XSE","trim-research","XSE exists 2015+","2015"
"d0dbcb44-23df-42d3-8bf5-facfb40169f0","2013","toyota","corolla","XSE","trim-research","XSE exists 2015+","2015"
"012da9f8-6d81-4aeb-9bce-85544973c865","2014","toyota","corolla","L, LE, SE, XLE, XSE","trim-research","XSE exists 2015+","2015"
"ae58d3ba-99c1-44ab-93ad-1d3821fba257","2014","toyota","corolla","XSE","trim-research","XSE exists 2015+","2015"
"7b9c10d4-6ef4-431f-b4e8-649a1aaed581","2015","toyota","corolla","L, LE, SE, XLE, XSE","trim-research","XSE on corolla exists 2017+","2017"
"f8142519-0dc3-4037-8350-b9843c58eb12","2015","toyota","corolla","XSE","trim-research","XSE on corolla exists 2017+","2017"
"59773a1d-0967-4c37-b720-70fd9fe04fba","2016","toyota","corolla","L, LE, SE, XLE, XSE","trim-research","XSE on corolla exists 2017+","2017"
"042dcb4c-8c53-4b64-901b-f32e59113bf7","2016","toyota","corolla","XSE","trim-research","XSE on corolla exists 2017+","2017"
"a12b5f2e-fbe8-4306-a332-ae1c088f27ed","1997","chevrolet","tahoe","LS, LT, RST, Z71, Premier, High Country","generation_template","High Country exists 2014+","2014"
"286c965c-b2fc-435f-bdd9-484d191442b6","2012","lincoln","navigator","Standard, Reserve, Black Label","generation-baseline","Black Label exists 2015+","2015"
"0e182c0e-0a0a-44f7-8767-f79b13d2a3ec","2002","ford","ranger","XL, XLT, Lariat, Tremor, Raptor","cache-import","Tremor exists 2020+","2020"
"c3b76920-245d-4f8b-a97d-8c048f6077f0","2011","volkswagen","tiguan","SEL R-Line","cache-import [expanded]","R-Line exists 2012+","2012"
"bb33df5d-684e-4fa7-8f07-7cf9019da561","2001","volvo","s60","Inscription","api_import [expanded]","Inscription exists 2015+","2015"
"d0ac37b6-76bc-4156-9693-a7b8347aebb5","2001","volvo","s60","Momentum, R-Design, Inscription, Polestar Engineered","api_import","R-Design exists 2008+","2008"
"817f9a00-43c4-4553-9441-35cc9a39fcf0","2001","volvo","s60","Polestar Engineered","api_import [expanded]","Polestar exists 2015+","2015"
"a2a0c4a3-9cf6-4656-8a2f-b9d5f90ea8b7","2001","volvo","s60","R-Design","api_import [expanded]","R-Design exists 2008+","2008"
"c513b0df-ade6-407d-b34c-f6397f5e864b","2002","volvo","s60","Inscription","api_import [expanded]","Inscription exists 2015+","2015"
"a05016c2-a9dc-4182-b72a-235801edfa31","2002","volvo","s60","Momentum, R-Design, Inscription, Polestar Engineered","api_import","R-Design exists 2008+","2008"
"3a43b477-9f75-4ece-81fe-72103e9fb2f0","2002","volvo","s60","Polestar Engineered","api_import [expanded]","Polestar exists 2015+","2015"
"480b8182-2abc-4484-812e-9249e8e22123","2002","volvo","s60","R-Design","api_import [expanded]","R-Design exists 2008+","2008"
"5ae74b9a-16ff-4aea-8c4f-fa44355774c1","2003","volvo","s60","Inscription","api_import [expanded]","Inscription exists 2015+","2015"
"435dd2a1-0ddd-435b-99ec-77695dadffd9","2003","volvo","s60","Momentum, R-Design, Inscription, Polestar Engineered","api_import","R-Design exists 2008+","2008"
"72b14e6a-3ba5-45e1-a3c0-7b2a4f1a91e7","2003","volvo","s60","Polestar Engineered","api_import [expanded]","Polestar exists 2015+","2015"
"963bd2b8-95aa-4bfe-be61-b5e83e55de68","2003","volvo","s60","R-Design","api_import [expanded]","R-Design exists 2008+","2008"
"4501f5f1-8700-4d2f-97b1-7ed8f690cb8f","2004","volvo","s60","Inscription","api_import [expanded]","Inscription exists 2015+","2015"
"06e0e246-82a2-4e25-8668-fd43b9eaeb6e","2004","volvo","s60","Momentum, R-Design, Inscription, Polestar Engineered","api_import","R-Design exists 2008+","2008"
"0c86f17b-6b0f-4193-8b2c-0c9c1b407f83","2004","volvo","s60","Polestar Engineered","api_import [expanded]","Polestar exists 2015+","2015"
"aad92aee-047a-42ed-b8a2-1fbfb830320b","2004","volvo","s60","R-Design","api_import [expanded]","R-Design exists 2008+","2008"
"6843cafc-3781-4712-b1bd-eece2c27ab22","2005","volvo","s60","Inscription","api_import [expanded]","Inscription exists 2015+","2015"
"86fea0a6-dd50-41a7-aca2-42541e2696f2","2005","volvo","s60","Momentum, R-Design, Inscription, Polestar Engineered","api_import","R-Design exists 2008+","2008"
"cb32e46f-79d3-45ac-bc7f-d94b0796ccdf","2005","volvo","s60","Polestar Engineered","api_import [expanded]","Polestar exists 2015+","2015"
"87ab089e-2a99-441d-8177-57dd0d5f02d0","2005","volvo","s60","R-Design","api_import [expanded]","R-Design exists 2008+","2008"
"5ba863e5-9e09-41e0-b0d2-8eb27205bdda","2006","volvo","s60","Inscription","api_import [expanded]","Inscription exists 2015+","2015"
"841aa130-4733-4950-83b8-d084fb009e79","2006","volvo","s60","Momentum, R-Design, Inscription, Polestar Engineered","api_import","R-Design exists 2008+","2008"
"b2c9a34d-673f-47eb-af8f-6e30e7287197","2006","volvo","s60","Polestar Engineered","api_import [expanded]","Polestar exists 2015+","2015"
"0a070687-a76b-4d3c-956a-5b5ed6edd1d6","2006","volvo","s60","R-Design","api_import [expanded]","R-Design exists 2008+","2008"
"4c125a5e-c885-4d86-b6b4-f4ac3ccd7693","2007","volvo","s60","Inscription","api_import [expanded]","Inscription exists 2015+","2015"
"6ae604c8-afbe-4ce2-8214-95d0a8be02cf","2007","volvo","s60","Momentum, R-Design, Inscription, Polestar Engineered","api_import","R-Design exists 2008+","2008"
"59dfe2b0-58b2-48c1-9d13-64e889bc8b2a","2007","volvo","s60","Polestar Engineered","api_import [expanded]","Polestar exists 2015+","2015"
"da1ebf67-e72b-4263-a63e-9eb8c525af04","2007","volvo","s60","R-Design","api_import [expanded]","R-Design exists 2008+","2008"
"0caec5aa-df9b-40ca-93aa-b8b39b9a163a","2008","volvo","s60","Inscription","api_import [expanded]","Inscription exists 2015+","2015"
"bb6c758a-ae6a-4391-a674-d5abd1546a8d","2008","volvo","s60","Momentum, R-Design, Inscription, Polestar Engineered","api_import","Inscription exists 2015+","2015"
"9480be74-82e4-4c0d-9ffe-260e3d196513","2008","volvo","s60","Polestar Engineered","api_import [expanded]","Polestar exists 2015+","2015"
"c839326a-5161-4516-a8d1-b28024e2ea63","2009","volvo","s60","Inscription","api_import [expanded]","Inscription exists 2015+","2015"
"f5f13166-687e-4356-b89c-94789f3c7797","2009","volvo","s60","Momentum, R-Design, Inscription, Polestar Engineered","api_import","Inscription exists 2015+","2015"
"a69c2b6c-4806-453a-9a8f-9507aecfbb85","2009","volvo","s60","Polestar Engineered","api_import [expanded]","Polestar exists 2015+","2015"
"e3f7cd1e-d0cc-4e7a-bd1c-28be5645b2d2","2011","volvo","s60","Inscription","api_import [expanded]","Inscription exists 2015+","2015"
"d4d8d579-abce-4f29-8fc6-443056566270","2011","volvo","s60","Momentum, R-Design, Inscription, Polestar Engineered","api_import","Inscription exists 2015+","2015"
"02c346cf-fe86-46bc-87ab-35a480c11666","2011","volvo","s60","Polestar Engineered","api_import [expanded]","Polestar exists 2015+","2015"
"99e2e80e-e480-417d-8927-2d36d811b9b8","2012","volvo","s60","Inscription","api_import [expanded]","Inscription exists 2015+","2015"
"3928ae07-8a76-4e84-a0ee-a45a8959c174","2012","volvo","s60","Momentum, R-Design, Inscription, Polestar Engineered","api_import","Inscription exists 2015+","2015"
"885ccf2c-ccd0-4c60-a488-c0f5bd3ee1f9","2012","volvo","s60","Polestar Engineered","api_import [expanded]","Polestar exists 2015+","2015"
"e619b058-b3e6-49d5-9b25-cf75e3363dcf","2013","volvo","s60","Inscription","api_import [expanded]","Inscription exists 2015+","2015"
"9c5f4b5c-afb6-4465-8100-daf96c4e52ab","2013","volvo","s60","Momentum, R-Design, Inscription, Polestar Engineered","api_import","Inscription exists 2015+","2015"
"f429f3d3-ecce-43ec-b6be-c9698efa888a","2013","volvo","s60","Polestar Engineered","api_import [expanded]","Polestar exists 2015+","2015"
"8cf015eb-c8d7-46a3-87b6-3463c3bc8055","2014","volvo","s60","Inscription","api_import [expanded]","Inscription exists 2015+","2015"
"84767f94-4238-4709-b956-ce907ec09b23","2014","volvo","s60","Momentum, R-Design, Inscription, Polestar Engineered","api_import","Inscription exists 2015+","2015"
"7d8b2d65-8e40-4ff7-af41-ef297c498f9f","2014","volvo","s60","Polestar Engineered","api_import [expanded]","Polestar exists 2015+","2015"
"cf00a8d6-ac38-4db8-86ce-6a31d18e29be","2010","ford","ranger","XL, XLT, Lariat, Tremor, Raptor","cache-import","Tremor exists 2020+","2020"
"130e132d-0463-4b18-adb3-3c73777f380d","2010","volvo","xc60","Inscription","api_import [expanded]","Inscription exists 2015+","2015"
"9d0e93db-6e38-4ae3-8c9d-685196ffea3a","2010","volvo","xc60","Momentum, R-Design, Inscription, Polestar Engineered","api_import","Inscription exists 2015+","2015"
"df1ac7ad-3edf-4633-9d11-a8a61081e7f5","2010","volvo","xc60","Polestar Engineered","api_import [expanded]","Polestar exists 2015+","2015"
"7bc5a1a5-c4ee-46a8-8a38-7b5f7901f935","2011","volvo","xc60","Inscription","api_import [expanded]","Inscription exists 2015+","2015"
"22a43e75-6e58-4f0d-8b87-17f46892068a","2011","volvo","xc60","Momentum, R-Design, Inscription, Polestar Engineered","api_import","Inscription exists 2015+","2015"
"ff5c904a-7f5f-45c5-b4c3-e1cfc8a8a1cb","2011","volvo","xc60","Polestar Engineered","api_import [expanded]","Polestar exists 2015+","2015"
"b5196dbe-cfa5-4518-9cc0-9d512f25b01e","2012","volvo","xc60","Inscription","api_import [expanded]","Inscription exists 2015+","2015"
"0f11a781-edcf-4482-a747-f3fed8406c6b","2012","volvo","xc60","Momentum, R-Design, Inscription, Polestar Engineered","api_import","Inscription exists 2015+","2015"
"cb8e586e-4c33-4574-b098-3587d833af3c","2012","volvo","xc60","Polestar Engineered","api_import [expanded]","Polestar exists 2015+","2015"
"cb6e8a5b-6e2b-4dda-82d9-746d054612ad","2013","volvo","xc60","Inscription","api_import [expanded]","Inscription exists 2015+","2015"
"f0316bf4-16f0-479b-a3cd-5915aeffc1e4","2013","volvo","xc60","Momentum, R-Design, Inscription, Polestar Engineered","api_import","Inscription exists 2015+","2015"
"69661075-3227-4ce8-a265-7ddfbc6f7269","2013","volvo","xc60","Polestar Engineered","api_import [expanded]","Polestar exists 2015+","2015"
"6241dcc4-42cf-4aff-878f-f6c44989027b","2014","volvo","xc60","Inscription","api_import [expanded]","Inscription exists 2015+","2015"
"b83e86ff-85ab-4e43-9d92-21d644530718","2014","volvo","xc60","Momentum, R-Design, Inscription, Polestar Engineered","api_import","Inscription exists 2015+","2015"
"1fa61926-a71f-4cc8-8215-878dbaa14559","2014","volvo","xc60","Polestar Engineered","api_import [expanded]","Polestar exists 2015+","2015"
"9633e5c8-e8d1-4dfc-9239-fcf3617fb43b","2003","volvo","xc90","Inscription","api_import [expanded]","Inscription exists 2015+","2015"
"a868feea-79b0-4598-ad29-8852dddca95d","2003","volvo","xc90","Momentum, R-Design, Inscription, Polestar Engineered","api_import","R-Design exists 2008+","2008"
"0f5fe9b3-da32-44de-b415-a3cb2fc276f5","2003","volvo","xc90","R-Design","api_import [expanded]","R-Design exists 2008+","2008"
"44b02837-c4c7-452b-b7a1-4594f032ff72","2005","volvo","xc90","Inscription","api_import [expanded]","Inscription exists 2015+","2015"
"5e7e123e-d782-48ef-8c9d-747740072572","2005","volvo","xc90","Momentum, R-Design, Inscription, Polestar Engineered","api_import","R-Design exists 2008+","2008"
"a45f5707-0f5c-47ca-a0e5-bb3342693ea5","2005","volvo","xc90","Polestar Engineered","api_import [expanded]","Polestar exists 2015+","2015"
"6740610b-dc5c-4311-ba53-35dec1a84708","2005","volvo","xc90","R-Design","api_import [expanded]","R-Design exists 2008+","2008"
"a3cca2fd-b5a7-41d1-ad6b-f5b6b83de317","2006","volvo","xc90","Inscription","api_import [expanded]","Inscription exists 2015+","2015"
"4aeea939-97d4-445f-87e3-3f9c9dd36c3b","2006","volvo","xc90","Momentum, R-Design, Inscription, Polestar Engineered","api_import","R-Design exists 2008+","2008"
"4684f05a-a749-4910-ac0d-d3687ffc4341","2006","volvo","xc90","Polestar Engineered","api_import [expanded]","Polestar exists 2015+","2015"
"2b82fd9b-8c9a-477c-b79a-331c673224a7","2006","volvo","xc90","R-Design","api_import [expanded]","R-Design exists 2008+","2008"
"3c139c5e-e455-4dff-99da-b5aeda0421e7","2007","volvo","xc90","Inscription","api_import [expanded]","Inscription exists 2015+","2015"
"53322d02-eeee-4b41-bf40-1531d0c54cfa","2007","volvo","xc90","Momentum, R-Design, Inscription, Polestar Engineered","api_import","R-Design exists 2008+","2008"
"a147e6dc-3bec-4509-b9c4-b8253d6b0dda","2007","volvo","xc90","Polestar Engineered","api_import [expanded]","Polestar exists 2015+","2015"
"a71ec73d-ff4c-426e-82f8-a7d68a3eb245","2007","volvo","xc90","R-Design","api_import [expanded]","R-Design exists 2008+","2008"
"a45ed3b3-26ba-428d-90b8-554dbce01af6","2008","volvo","xc90","Inscription","api_import [expanded]","Inscription exists 2015+","2015"
"9a38ad8a-287f-48fd-868d-9c03e30406c8","2008","volvo","xc90","Momentum, R-Design, Inscription, Polestar Engineered","api_import","Inscription exists 2015+","2015"
"f5d43f21-4ce8-4231-958f-2b2d995224d8","2008","volvo","xc90","Polestar Engineered","api_import [expanded]","Polestar exists 2015+","2015"
"f74394c1-f2a9-4ae8-812f-fd982b30636c","2009","volvo","xc90","Inscription","api_import [expanded]","Inscription exists 2015+","2015"
"9d366165-7b84-4221-9896-11da431125e8","2009","volvo","xc90","Momentum, R-Design, Inscription, Polestar Engineered","api_import","Inscription exists 2015+","2015"
"2fbd8956-b580-4bbe-a2b6-446f560372af","2009","volvo","xc90","Polestar Engineered","api_import [expanded]","Polestar exists 2015+","2015"
"bf915d55-bef1-4069-98ef-6552043db86c","2010","volvo","xc90","Inscription","api_import [expanded]","Inscription exists 2015+","2015"
"b94a97d7-2015-48f3-b99f-e060010ff816","2010","volvo","xc90","Momentum, R-Design, Inscription, Polestar Engineered","api_import","Inscription exists 2015+","2015"
"ca735595-d04c-4667-89e3-28787f4bb823","2010","volvo","xc90","Polestar Engineered","api_import [expanded]","Polestar exists 2015+","2015"
"22cd1bc6-e42b-407f-9933-270663556a61","2011","volvo","xc90","Inscription","api_import [expanded]","Inscription exists 2015+","2015"
"89041641-bdd1-4ac9-9b88-292c205cb5f1","2011","volvo","xc90","Momentum, R-Design, Inscription, Polestar Engineered","api_import","Inscription exists 2015+","2015"
"7ee9d077-37b4-45b3-9e5c-7744b037a5d1","2011","volvo","xc90","Polestar Engineered","api_import [expanded]","Polestar exists 2015+","2015"
"16a56b31-09a9-48ed-a3ae-bda836b62d98","2012","volvo","xc90","Inscription","api_import [expanded]","Inscription exists 2015+","2015"
"ef62f007-31d3-43a7-a2d5-c6f469cf4f93","2012","volvo","xc90","Momentum, R-Design, Inscription, Polestar Engineered","api_import","Inscription exists 2015+","2015"
"06e20c3f-e81e-4493-87b5-60931fda34a1","2012","volvo","xc90","Polestar Engineered","api_import [expanded]","Polestar exists 2015+","2015"
"1bec9c82-7ce3-444e-b2fa-c1c6204559e3","2013","volvo","xc90","Inscription","api_import [expanded]","Inscription exists 2015+","2015"
"baf15f11-2d5b-44b8-a808-175b1a593c7b","2013","volvo","xc90","Momentum, R-Design, Inscription, Polestar Engineered","api_import","Inscription exists 2015+","2015"
"6d943c70-355a-4009-b889-607b0692a8be","2013","volvo","xc90","Polestar Engineered","api_import [expanded]","Polestar exists 2015+","2015"
"4b07f541-e978-4b52-9656-143c2c4fe80c","2014","volvo","xc90","Inscription","api_import [expanded]","Inscription exists 2015+","2015"
"31e7b9ac-9cc4-457d-bdcf-fb5b73ef9a62","2014","volvo","xc90","Momentum, R-Design, Inscription, Polestar Engineered","api_import","Inscription exists 2015+","2015"
"aaf69bc7-6cbc-42be-b26a-38d4fe8b934d","2014","volvo","xc90","Polestar Engineered","api_import [expanded]","Polestar exists 2015+","2015"
"3d3ce5c6-5bbf-4a7e-89ef-858d37c2977c","2000","lexus","gs","GS 300, GS 350, GS F, F Sport","cache-import","F Sport exists 2011+","2011"
"a3e9f0d3-dbf0-4152-9f83-f1823139791d","2007","hyundai","elantra","N Line","cache-import [expanded]","N Line exists 2019+","2019"
"9af28601-381e-4308-997e-5e1029eea2ed","2007","hyundai","santa-fe","Calligraphy","cache-import [expanded]","Calligraphy exists 2020+","2020"
"17f99671-b53b-499d-8df6-58b5e11355fd","2007","hyundai","santa-fe","SE, SEL, XRT, Limited, Calligraphy","cache-import","Calligraphy exists 2020+","2020"
"19af9cb2-cdf5-4701-b643-c4a4d4871ad3","2007","hyundai","santa-fe","XRT","cache-import [expanded]","XRT exists 2022+","2022"
"cf33c905-b3e3-4cf6-badb-7ace0a50043c","2008","hyundai","santa-fe","Calligraphy","cache-import [expanded]","Calligraphy exists 2020+","2020"
"4763c288-25b9-4206-b6f7-9c75df37a28c","2008","hyundai","santa-fe","XRT","cache-import [expanded]","XRT exists 2022+","2022"
"8b663ed2-fdae-4fbf-8a59-cdcd7d630fb8","2009","hyundai","santa-fe","Calligraphy","cache-import [expanded]","Calligraphy exists 2020+","2020"
"93d7be94-fe4d-4434-88ac-c94e31ad9e2c","2009","hyundai","santa-fe","SE, SEL, XRT, Limited, Calligraphy","cache-import","Calligraphy exists 2020+","2020"
"93104b0f-0af9-4ac2-a5f1-b2502332250e","2009","hyundai","santa-fe","XRT","cache-import [expanded]","XRT exists 2022+","2022"
"ad9d909a-0c15-45d9-b134-9cc4658cea5e","2000","hyundai","sonata","N Line","verified-research [expanded]","N Line exists 2019+","2019"
"68f1b9ef-06b1-4e55-8bd1-55d81359ddfa","2000","hyundai","sonata","SE, SEL, SEL Plus, Limited, N Line","verified-research","N Line exists 2019+","2019"
"4ff242b5-64e8-42bc-84c0-37d7b7e29ea1","2001","hyundai","sonata","SE, SEL, SEL Plus, Limited, N Line","verified-research","N Line exists 2019+","2019"
"82d2f294-b967-4be0-a09d-6e2c36639ac2","2002","hyundai","sonata","N Line","verified-research [expanded]","N Line exists 2019+","2019"
"952de5e0-4d56-4cd2-aec0-20e074e4b5fd","2002","hyundai","sonata","SE, SEL, SEL Plus, Limited, N Line","verified-research","N Line exists 2019+","2019"
"26bae25c-77eb-4b88-a9c1-b7bbaddeece0","2003","hyundai","sonata","N Line","verified-research [expanded]","N Line exists 2019+","2019"
"6a56fac3-8727-4b98-b71c-bedac58f4b7b","2004","hyundai","sonata","N Line","verified-research [expanded]","N Line exists 2019+","2019"
"15abde85-c70b-43a7-b81d-34b16b2a7097","2004","hyundai","sonata","SE, SEL, SEL Plus, Limited, N Line","verified-research","N Line exists 2019+","2019"
"c24b97c1-e80f-4828-affa-58a8da34b475","2005","hyundai","sonata","N Line","verified-research [expanded]","N Line exists 2019+","2019"
"7c73dd25-e96d-4570-9f14-713f4d8e3223","2005","hyundai","sonata","SE, SEL, SEL Plus, Limited, N Line","verified-research","N Line exists 2019+","2019"
"84136e13-2126-4cfa-9d20-9e8fbd3fbd51","2006","hyundai","sonata","N Line","cache-import [expanded]","N Line exists 2019+","2019"
"48323dac-ec2f-4b5a-8abd-e8881c4649a1","2006","hyundai","sonata","SE, SEL, SEL Plus, Limited, N Line","cache-import","N Line exists 2019+","2019"
"32e1f898-cabb-47fc-924f-ab42e15c2390","2007","hyundai","sonata","N Line","cache-import [expanded]","N Line exists 2019+","2019"
"4cfaae39-4cd4-4270-abec-e887703092e7","2007","hyundai","sonata","SE, SEL, SEL Plus, Limited, N Line","cache-import","N Line exists 2019+","2019"
"326b919b-1a65-4b86-b8db-b3c84d3d48d2","2008","hyundai","sonata","N Line","cache-import [expanded]","N Line exists 2019+","2019"
"32324b23-c9f8-4111-9e3a-2488a3830445","2008","hyundai","sonata","SE, SEL, SEL Plus, Limited, N Line","cache-import","N Line exists 2019+","2019"
"8f51fa71-9c00-485e-83ee-a685b2f10e58","2012","lincoln","navigator","Reserve","generation-baseline [expanded]","Reserve exists 2015+","2015"
"721c94a7-f17a-4f27-8084-40d957d2d65c","2005","hyundai","tucson","N Line","cache-import [expanded]","N Line exists 2019+","2019"
"49732d65-6534-46f6-8e43-75ec1c213f9a","2005","hyundai","tucson","SE, SEL, XRT, Limited, N Line","cache-import","N Line exists 2019+","2019"
"4db388d6-9f96-45c8-a991-b713e1941860","2005","hyundai","tucson","XRT","cache-import [expanded]","XRT exists 2022+","2022"
"61357216-0e1b-42dc-bc68-e19c7a669aed","2006","hyundai","tucson","N Line","cache-import [expanded]","N Line exists 2019+","2019"
"1d170e65-3ea1-422a-9049-3538ff90fd7f","2006","hyundai","tucson","SE, SEL, XRT, Limited, N Line","cache-import","N Line exists 2019+","2019"
"81bb46eb-5bf0-4fa7-a206-744bb5f181a7","2006","hyundai","tucson","XRT","cache-import [expanded]","XRT exists 2022+","2022"
"32efafbf-659c-4fe3-a97b-eabcc5efef24","2007","hyundai","tucson","SE, SEL, XRT, Limited, N Line","cache-import","N Line exists 2019+","2019"
"7fe4c077-7517-442c-b4f7-416029dcc605","2007","hyundai","tucson","XRT","cache-import [expanded]","XRT exists 2022+","2022"
"b84a30cd-a030-4fed-8968-c305fff63749","2008","hyundai","tucson","N Line","cache-import [expanded]","N Line exists 2019+","2019"
"be7c2433-1819-4666-9bc9-065cb1db47f1","2008","hyundai","tucson","SE, SEL, XRT, Limited, N Line","cache-import","N Line exists 2019+","2019"
"23469a75-4f7c-4314-a9a6-de38d7bf799e","2013","lincoln","navigator","Standard, Reserve, Black Label","generation-baseline","Black Label exists 2015+","2015"
"59bfd921-373b-4269-84c3-59a202cfb713","2007","jeep","compass","High Altitude","cache-import [expanded]","High Altitude exists 2012+","2012"
"6eb35811-5437-4284-8447-1e6afd9bc362","2007","jeep","compass","Sport, Latitude, Trailhawk, Limited, High Altitude","cache-import","Trailhawk exists 2013+","2013"
"8bd6f0db-aab5-4132-9bd2-3d9e5306ed00","2008","jeep","compass","High Altitude","cache-import [expanded]","High Altitude exists 2012+","2012"
"3e9b96f0-4d5f-49bf-897f-d1b2a766551e","2008","jeep","compass","Sport, Latitude, Trailhawk, Limited, High Altitude","cache-import","Trailhawk exists 2013+","2013"
"c9b6b70b-e75c-4280-a3ba-2af0082b41a3","2008","jeep","compass","Trailhawk","cache-import [expanded]","Trailhawk exists 2013+","2013"
"8694fe97-85d0-485b-ae71-0f131b55de7a","2001","toyota","highlander","L, LE, XLE, Limited, Platinum","trim-research","Platinum exists 2005+","2005"
"e813e428-a17e-4443-8c24-b36e844bd2e0","2001","toyota","highlander","Platinum","trim-research","Platinum exists 2005+","2005"
"5475d43f-5004-4b66-978a-3de8b238571f","2002","jeep","grand-cherokee","Summit","backfill-gc","Summit exists 2011+","2011"
"c987e153-de2f-4129-a6e2-53d2b08578f0","2002","jeep","grand-cherokee","Summit Reserve","backfill-gc","Summit exists 2011+","2011"
"c4b94e4a-e80e-4546-9f13-2e01f9f5b5bd","2007","jeep","patriot","High Altitude","manual-research","High Altitude exists 2012+","2012"
"b4501ca9-556a-451f-a0a6-d7d6ccaa7750","2008","jeep","patriot","High Altitude","manual-research","High Altitude exists 2012+","2012"
"09547455-d975-4ff5-aeb3-eafe658b4092","2013","lincoln","navigator","Black Label","generation-baseline [expanded]","Black Label exists 2015+","2015"
"9a1975b9-51ed-45ca-9b34-a7436db5aeb7","2002","toyota","highlander","L, LE, XLE, Limited, Platinum","trim-research","Platinum exists 2005+","2005"
"2f30d1ea-ad9a-4502-8406-dfa060dbd636","2001","cadillac","escalade","Luxury, Premium Luxury, Sport, Platinum, V","final-gap-fill","Platinum exists 2008+","2008"
"a903917d-0aa6-44a6-a3a4-9b9124954bd3","2005","acura","tsx","Technology","cache-import [expanded]","Technology exists 2009+","2009"
"5fa1acd1-71b9-4c5e-ba44-568ce8adb578","2004","lexus","is","IS 300, IS 350, IS 500, F Sport","cache-import","F Sport exists 2011+","2011"
"51a39e52-b506-477b-980f-1405636b0b8b","2017","gmc","acadia","AT4","generation_template [filled from 2020  [expanded]","AT4 exists 2019+","2019"
"ca7a1dc3-e18f-4f70-9a55-f90c0e2430bb","2002","toyota","highlander","Platinum","trim-research","Platinum exists 2005+","2005"
"805fa7c1-f376-49ba-ba1c-6bddfde54644","2013","lincoln","navigator","Reserve","generation-baseline [expanded]","Reserve exists 2015+","2015"
"189d76d0-a6cb-4b1c-96b1-a5929dcf1082","2014","lincoln","navigator","Black Label","generation-baseline [expanded]","Black Label exists 2015+","2015"
"456bdf69-b384-460d-a943-52dbcdcc5c84","2007","hyundai","elantra","SE, SEL, N Line, Limited","cache-import","N Line exists 2019+","2019"
"42d13ae0-c0be-45c7-9e93-a96373b762e0","2008","hyundai","elantra","N Line","cache-import [expanded]","N Line exists 2019+","2019"
"21d41afd-426b-4a7f-bb9d-0c2382a1011e","2008","hyundai","elantra","SE, SEL, N Line, Limited","cache-import","N Line exists 2019+","2019"
"887175a6-6565-431d-a46b-92fda959540f","2008","hyundai","santa-fe","SE, SEL, XRT, Limited, Calligraphy","cache-import","Calligraphy exists 2020+","2020"
"1f97b671-06e8-42d4-8278-06a5aef3b3c1","2001","hyundai","sonata","N Line","verified-research [expanded]","N Line exists 2019+","2019"
"97d0fc06-742b-44a0-9936-ca1ef77f0897","2003","hyundai","sonata","SE, SEL, SEL Plus, Limited, N Line","verified-research","N Line exists 2019+","2019"
"732853aa-2851-4886-8dcd-baff7934c0c6","2007","hyundai","tucson","N Line","cache-import [expanded]","N Line exists 2019+","2019"
"262df647-12f8-4e4a-8772-c911075790a7","2008","hyundai","tucson","XRT","cache-import [expanded]","XRT exists 2022+","2022"
"a87d44f3-ea4e-480a-b265-b9f5cb2296ce","2016","gmc","canyon","AT4","generation_template [expanded]","AT4 exists 2019+","2019"
"08bf5683-4952-4e12-8c02-7858c78055e9","2003","toyota","highlander","L, LE, XLE, Limited, Platinum","trim-research","Platinum exists 2005+","2005"
"d378fcc8-400a-4196-907e-4fb5df003a32","2003","toyota","highlander","Platinum","trim-research","Platinum exists 2005+","2005"
"bf7c5c0a-7df4-4b2a-a863-011906a69201","1992","lexus","es","ES 250","cache-import [expanded]","250 on es exists 1990-1991","1990"
"a0f43566-8e2e-46f3-b481-6c9908dddd30","1992","lexus","es","ES 250, ES 300h, ES 350, F Sport","cache-import","F Sport exists 2011+","2011"
"4d791a67-40e5-4b1b-95d8-ae42ad39bd84","1992","lexus","es","ES 300h","cache-import [expanded]","300h on es exists 2013+","2013"
"3eb142fd-fe15-4ab0-be67-9a32ec695d89","1992","lexus","es","ES 350","cache-import [expanded]","350 on es exists 2007+","2007"
"92bc9131-8978-4002-bf3a-97f954516f6b","2004","toyota","highlander","L, LE, XLE, Limited, Platinum","trim-research","Platinum exists 2005+","2005"
"042fb82a-bbc1-49ea-8609-8f7c02edc06e","2004","toyota","highlander","Platinum","trim-research","Platinum exists 2005+","2005"
"37e3d237-bf79-46a0-848b-d22419598c94","1993","lexus","es","ES 250","cache-import [expanded]","250 on es exists 1990-1991","1990"
"1faeb805-3792-40ff-a895-6ce3a6b916b3","1993","lexus","es","ES 250, ES 300h, ES 350, F Sport","cache-import","F Sport exists 2011+","2011"
"d436dd50-4994-4302-a563-3a1c097acb5a","1993","lexus","es","ES 300h","cache-import [expanded]","300h on es exists 2013+","2013"
"b00f274c-84f0-4d24-ad9a-0c1d356d9523","1993","lexus","es","ES 350","cache-import [expanded]","350 on es exists 2007+","2007"
"be0fa55b-84df-47d2-ae3a-778ebc9e0afd","1994","lexus","es","ES 250","cache-import [expanded]","250 on es exists 1990-1991","1990"
"7f9900f2-7e5b-45f4-b70a-5ff6f7f68eed","1994","lexus","es","ES 250, ES 300h, ES 350, F Sport","cache-import","F Sport exists 2011+","2011"
"16b667d2-75a5-45f1-b005-9297b997e3fd","1994","lexus","es","ES 300h","cache-import [expanded]","300h on es exists 2013+","2013"
"2d1495f7-ec23-45be-9cbe-d935c3ad476e","1994","lexus","es","ES 350","cache-import [expanded]","350 on es exists 2007+","2007"
"86c7c94e-e608-4fa1-b329-f6954af89c50","1995","lexus","es","ES 250","cache-import [expanded]","250 on es exists 1990-1991","1990"
"438e0717-bb6e-460e-b6d6-dd12756e9b1b","1995","lexus","es","ES 250, ES 300h, ES 350, F Sport","cache-import","F Sport exists 2011+","2011"
"118fadba-9a71-4b6e-a979-88f81425999f","1995","lexus","es","ES 300h","cache-import [expanded]","300h on es exists 2013+","2013"
"97def68e-d7c9-4525-ab36-0708c03c82ee","1995","lexus","es","ES 350","cache-import [expanded]","350 on es exists 2007+","2007"
"b52d859c-7a4f-4d84-a5c2-d7dc136982f6","1996","lexus","es","ES 250","cache-import [expanded]","250 on es exists 1990-1991","1990"
"8a8e0cb7-c3ce-4739-92a3-28b6785e251a","1996","lexus","es","ES 250, ES 300h, ES 350, F Sport","cache-import","F Sport exists 2011+","2011"
"245ac707-4951-49aa-8c79-a776ce1639b1","1996","lexus","es","ES 300h","cache-import [expanded]","300h on es exists 2013+","2013"
"83aadc99-8e0f-4550-ac96-3e26f6629b8f","1996","lexus","es","ES 350","cache-import [expanded]","350 on es exists 2007+","2007"
"27fc4d8b-2e5f-42b7-8875-52ac51b943ee","1997","lexus","es","ES 250","cache-import [expanded]","250 on es exists 1990-1991","1990"
"406b9bcb-a2ce-44b0-bb8c-6e8247cb75d9","1997","lexus","es","ES 300h","cache-import [expanded]","300h on es exists 2013+","2013"
"aac9966e-bb88-401c-bd28-2e857cf6d006","1997","lexus","es","ES 350","cache-import [expanded]","350 on es exists 2007+","2007"
"1cc91593-b908-42c6-8ef4-0e2c517800e5","1998","lexus","es","ES 250","cache-import [expanded]","250 on es exists 1990-1991","1990"
"654b38b9-239a-4958-bc4f-01216e1ff4b5","1998","lexus","es","ES 250, ES 300h, ES 350, F Sport","cache-import","F Sport exists 2011+","2011"
"8bcc39aa-a26f-4ad3-8056-22b1d2a0c959","1998","lexus","es","ES 300h","cache-import [expanded]","300h on es exists 2013+","2013"
"89a36783-4960-47b3-a8f9-b5ad6032b4ba","1998","lexus","es","ES 330","cache-import [expanded]","330 on es exists 2004-2006","2004"
"5fa35cb8-5fec-4518-93a9-1faa94063bb0","1998","lexus","es","ES 350","cache-import [expanded]","350 on es exists 2007+","2007"
"c4070b73-cd21-458f-a9ff-4ad28bc7dcea","1999","lexus","es","ES 250","cache-import [expanded]","250 on es exists 1990-1991","1990"
"e3aa32b8-7b57-4fea-adc2-fafb38fe3aa9","1999","lexus","es","ES 250, ES 300h, ES 350, F Sport","cache-import","F Sport exists 2011+","2011"
"cea84a8a-dbf1-4bf8-b202-cedf6e7f3254","1999","lexus","es","ES 300h","cache-import [expanded]","300h on es exists 2013+","2013"
"881a70fc-1bb1-4ece-abf3-32d2d38d6810","1999","lexus","es","ES 350","cache-import [expanded]","350 on es exists 2007+","2007"
"9d860cfb-a1ca-4273-819b-db1cad9ef947","2000","lexus","es","ES 250","cache-import [expanded]","250 on es exists 1990-1991","1990"
"fe658c43-5dcd-490b-bde8-231006543555","2000","lexus","es","ES 300h","cache-import [expanded]","300h on es exists 2013+","2013"
"552d8423-8528-4509-933f-0a30bb64b3d0","2000","lexus","es","ES 330","cache-import [expanded]","330 on es exists 2004-2006","2004"
"fa9eea58-b7b0-441a-8001-42316427e4cc","2000","lexus","es","ES 350","cache-import [expanded]","350 on es exists 2007+","2007"
"42e2eac7-648f-4c47-9201-93924ee9340c","2001","lexus","es","ES 250","cache-import [expanded]","250 on es exists 1990-1991","1990"
"6135d47c-ee77-4164-aea6-a3e383562bca","2001","lexus","es","ES 250, ES 300h, ES 350, F Sport","cache-import","F Sport exists 2011+","2011"
"ec82b8b5-dc30-4151-8655-3082774cd013","2001","lexus","es","ES 300h","cache-import [expanded]","300h on es exists 2013+","2013"
"9a3b17f3-fca2-4b60-b842-52563f5b7b0d","2001","lexus","es","ES 350","cache-import [expanded]","350 on es exists 2007+","2007"
"a39de2bc-dd6f-41eb-8cf1-0f4f459282db","2002","lexus","es","ES 250","cache-import [expanded]","250 on es exists 1990-1991","1990"
"c4ab7f50-99b2-4ba9-899c-5795854425ba","2002","lexus","es","ES 250, ES 300h, ES 350, F Sport","cache-import","F Sport exists 2011+","2011"
"011493f8-9070-40e1-9930-d452640aa508","2002","lexus","es","ES 300h","cache-import [expanded]","300h on es exists 2013+","2013"
"6e6f0a07-6ecc-435c-a9d8-6ee16906eb63","2002","lexus","es","ES 350","cache-import [expanded]","350 on es exists 2007+","2007"
"b0edd2b3-5bb5-45cd-a183-6ea2485b6efc","2003","lexus","es","ES 250","cache-import [expanded]","250 on es exists 1990-1991","1990"
"6dffa2cf-3c5b-45fb-b8be-0b7926792ada","2003","lexus","es","ES 300h","cache-import [expanded]","300h on es exists 2013+","2013"
"e339b756-b953-45dc-b300-3d2f25ba21ff","2003","lexus","es","ES 350","cache-import [expanded]","350 on es exists 2007+","2007"
"211298c2-d368-4a4b-856e-3442e02759aa","2004","lexus","es","ES 250","cache-import [expanded]","250 on es exists 1990-1991","1990"
"eae7d936-d60d-47db-97ff-8cea9a248017","2004","lexus","es","ES 300h","cache-import [expanded]","300h on es exists 2013+","2013"
"e3e6a9ac-347c-4f4f-981c-1422b03397ea","2004","lexus","es","ES 350","cache-import [expanded]","350 on es exists 2007+","2007"
"fdcf22c7-1b62-4e6c-ae60-61d563ab975a","2005","lexus","es","ES 250","cache-import [expanded]","250 on es exists 1990-1991","1990"
"497e4ccf-1b4c-49a3-a593-027b9450a268","2005","lexus","es","ES 300h","cache-import [expanded]","300h on es exists 2013+","2013"
"f55a9711-4ab7-4633-a927-36a2a8b5c45c","2005","lexus","es","ES 350","cache-import [expanded]","350 on es exists 2007+","2007"
"39bda53c-a0e7-4e9a-a410-249bf14a3007","2006","lexus","es","ES 250","cache-import [expanded]","250 on es exists 1990-1991","1990"
"2e2aea8a-0646-479f-adee-e954522f4c8d","2006","lexus","es","ES 250, ES 300h, ES 350, F Sport","cache-import","F Sport exists 2011+","2011"
"58ea30b4-2ee5-4e87-ab11-f31bbef7946b","2006","lexus","es","ES 300h","cache-import [expanded]","300h on es exists 2013+","2013"
"9b826fa2-8ef1-4149-a946-62204ac6da39","2006","lexus","es","ES 350","cache-import [expanded]","350 on es exists 2007+","2007"
"efe3722d-d4af-4bf4-9bc8-5da91a83fc17","2007","lexus","es","ES 250","cache-import [expanded]","250 on es exists 1990-1991","1990"
"a542c18f-6fac-4d07-a119-fab6c587ec4b","2007","lexus","es","ES 250, ES 300h, ES 350, F Sport","cache-import","F Sport exists 2011+","2011"
"49de1890-94c1-43d7-9661-f529c4a6a946","2007","lexus","es","ES 300h","cache-import [expanded]","300h on es exists 2013+","2013"
"5c380f50-5a7f-43b7-8f28-b9a68a2b514e","2008","lexus","es","ES 250","cache-import [expanded]","250 on es exists 1990-1991","1990"
"fbae7ba5-6d75-4730-a0ec-7f87acb3bbe7","2008","lexus","es","ES 250, ES 300h, ES 350, F Sport","cache-import","F Sport exists 2011+","2011"
"2da342fa-4928-42a0-93e9-4fcd28a1c977","2008","lexus","es","ES 300h","cache-import [expanded]","300h on es exists 2013+","2013"
"411bb88e-b38e-4661-9c42-04117c3ffaeb","2007","jeep","compass","Trailhawk","cache-import [expanded]","Trailhawk exists 2013+","2013"
"87b8aa13-b83d-4fe2-9f60-6b8fceaafa99","1997","lexus","gs","GS 300, GS 350, GS F, F Sport","cache-import","F Sport exists 2011+","2011"
"ad96c064-2401-4f05-ad91-eeec8f0ad59b","2013","acura","ilx","A-Spec","cache-import [expanded]","A-Spec exists 2018+","2018"
"8e9d9392-c57e-4c97-9989-880a96814944","2013","acura","ilx","Base, Premium, Technology, A-Spec","trim-research","A-Spec exists 2018+","2018"
"c14f1cf6-77b0-4f2b-9853-402d0a913bb2","2014","acura","ilx","A-Spec","cache-import [expanded]","A-Spec exists 2018+","2018"
"ae12bff5-e6c2-4f66-ac4c-94895a445d37","2014","acura","ilx","Base, Premium, Technology, A-Spec","trim-research","A-Spec exists 2018+","2018"
"455bd167-1391-41ca-9c38-ab80abf172e0","2015","acura","ilx","A-Spec","cache-import [expanded]","A-Spec exists 2018+","2018"
"bb0b43a8-455a-4c20-b9a2-57974472ff57","2015","acura","ilx","Base, Premium, Technology, A-Spec","trim-research","A-Spec exists 2018+","2018"
"1d3410a9-2cb7-4749-a61a-a965fc9771e5","2016","acura","ilx","A-Spec","google-ai-overview","A-Spec exists 2018+","2018"
"319473a0-f894-4715-a401-391ee68b5fc8","2016","acura","ilx","Base, Premium, Technology, A-Spec","trim-research","A-Spec exists 2018+","2018"
"07289c5f-eacf-48ae-8c5b-6948befc3694","2017","acura","ilx","A-Spec","google-ai-overview","A-Spec exists 2018+","2018"
"22332186-c31d-41b4-9cba-9a4a87a620bb","2017","acura","ilx","Base, Premium, Technology, A-Spec","trim-research","A-Spec exists 2018+","2018"
"765b0b99-7173-4022-9240-b7567ee0f7e5","2001","acura","mdx","Advance","trim-research","Advance on mdx exists 2010+","2010"
"5a49ec82-7e97-492d-b221-67176197849b","2001","acura","mdx","Base, Technology, A-Spec, Advance, Type S","trim-research","A-Spec exists 2018+","2018"
"69eba1b2-1aa6-4ed9-9937-de18cbc58f7c","2001","acura","mdx","Technology","trim-research","Technology on mdx exists 2007+","2007"
"72ea61a4-06b4-4502-abd7-8cecbc067f21","2002","acura","mdx","Advance","trim-research","Advance on mdx exists 2010+","2010"
"7c9f52e8-7a6c-4748-914b-fec44f061381","2002","acura","mdx","Base, Technology, A-Spec, Advance, Type S","trim-research","A-Spec exists 2018+","2018"
"6bc6e8d3-a2b3-4412-a9f8-8d231321ceb8","2002","acura","mdx","Technology","trim-research","Technology on mdx exists 2007+","2007"
"97437c51-4e70-4c80-89ac-2922d871c0fb","2003","acura","mdx","Advance","trim-research","Advance on mdx exists 2010+","2010"
"5b4325fa-4e92-4511-b96e-44c6d78d2f31","2003","acura","mdx","Base, Technology, A-Spec, Advance, Type S","trim-research","A-Spec exists 2018+","2018"
"448c20bc-35fe-45c1-a524-ec0826361ec7","2003","acura","mdx","Technology","trim-research","Technology on mdx exists 2007+","2007"
"304f3c07-3333-4df0-a85d-56b6f200750f","2004","acura","mdx","Advance","trim-research","Advance on mdx exists 2010+","2010"
"0c075c27-008e-494a-9b64-4e0df72eb50b","2004","acura","mdx","Base, Technology, A-Spec, Advance, Type S","trim-research","A-Spec exists 2018+","2018"
"4da621fc-f3a4-4b8c-b78d-51ea183cfc17","2004","acura","mdx","Technology","trim-research","Technology on mdx exists 2007+","2007"
"72b908f7-9043-41e1-a850-c4434d686e8b","2005","acura","mdx","Advance","trim-research","Advance on mdx exists 2010+","2010"
"a34fedcb-5f10-4c4f-93cd-8123a5e99b8c","2005","acura","mdx","Base, Technology, A-Spec, Advance, Type S","trim-research","A-Spec exists 2018+","2018"
"25652b1f-5268-44d5-afe1-deaf7404fb9f","2005","acura","mdx","Technology","trim-research","Technology on mdx exists 2007+","2007"
"e6083d80-7693-4203-babc-f45cc4841e63","2006","acura","mdx","Advance","trim-research","Advance on mdx exists 2010+","2010"
"d957a25f-5705-4204-a5bf-ace64f58de13","2006","acura","mdx","Base, Technology, A-Spec, Advance, Type S","trim-research","A-Spec exists 2018+","2018"
"35db60f7-ca0a-4bc1-885b-4d7b0d459c0b","2006","acura","mdx","Technology","trim-research","Technology on mdx exists 2007+","2007"
"d5399507-c50a-4d23-a360-3c830958b0af","2007","acura","mdx","A-Spec","cache-import [expanded]","A-Spec exists 2018+","2018"
"54705c48-29db-4e03-9041-38385a786d7e","2007","acura","mdx","Base, Technology, A-Spec, Advance, Type S","trim-research","A-Spec exists 2018+","2018"
"3aeb7feb-500f-4c86-8ed2-633a27bf25c6","2007","acura","mdx","Type S","cache-import [expanded]","Type S exists 2021+","2021"
"c7739cb3-45d3-4e84-9626-eec0d1f1f9f8","2008","acura","mdx","A-Spec","cache-import [expanded]","A-Spec exists 2018+","2018"
"6c0dc2e5-7517-4acd-bc34-e48ddee55194","2008","acura","mdx","Advance","trim-research","Advance on mdx exists 2010+","2010"
"e4a79640-a88c-4d73-afef-f4e5e895e292","2008","acura","mdx","Base, Technology, A-Spec, Advance, Type S","trim-research","A-Spec exists 2018+","2018"
"c6e4f35d-6392-4e8b-bb08-3364c48b8913","2008","acura","mdx","Type S","cache-import [expanded]","Type S exists 2021+","2021"
"60dfc838-01c9-47d6-ac24-4a221880ffc7","2009","acura","mdx","A-Spec","cache-import [expanded]","A-Spec exists 2018+","2018"
"c910d071-1eb5-4a2c-b754-a5b179036118","2009","acura","mdx","Base, Technology, A-Spec, Advance, Type S","trim-research","A-Spec exists 2018+","2018"
"6a7212d0-16ec-417e-ab4b-1e474c321ebb","2009","acura","mdx","Type S","cache-import [expanded]","Type S exists 2021+","2021"
"61a8d08c-2c5d-42df-82ec-5c39641da98f","2010","acura","mdx","A-Spec","cache-import [expanded]","A-Spec exists 2018+","2018"
"5d104432-971a-4a0b-86d1-7078b8099490","2010","acura","mdx","Type S","cache-import [expanded]","Type S exists 2021+","2021"
"7c3821fb-1939-4c8e-bf70-d3deda18d97c","2011","acura","mdx","A-Spec","cache-import [expanded]","A-Spec exists 2018+","2018"
"653e9d99-d152-4586-b84f-64ef928cb379","2011","acura","mdx","Base, Technology, A-Spec, Advance, Type S","trim-research","A-Spec exists 2018+","2018"
"ea2b4753-a794-4826-ac04-78e762591b02","2011","acura","mdx","Type S","cache-import [expanded]","Type S exists 2021+","2021"
"f9503a29-2c82-4433-a2a1-6b2e68c79ca6","2012","acura","mdx","A-Spec","cache-import [expanded]","A-Spec exists 2018+","2018"
"9849c8ea-0a2e-485a-8b0b-40b207f6ec5c","2012","acura","mdx","Base, Technology, A-Spec, Advance, Type S","trim-research","A-Spec exists 2018+","2018"
"352dcfd9-120f-4829-8044-078ab92d621c","2012","acura","mdx","Type S","cache-import [expanded]","Type S exists 2021+","2021"
"df078c33-60e0-4f28-a35e-9c70ef0167ae","2013","acura","mdx","A-Spec","cache-import [expanded]","A-Spec exists 2018+","2018"
"322cd5c4-ca22-4514-9421-fe8689683fee","2013","acura","mdx","Base, Technology, A-Spec, Advance, Type S","trim-research","A-Spec exists 2018+","2018"
"21580237-2afe-41ee-91cd-9434e8a577a4","2013","acura","mdx","Type S","cache-import [expanded]","Type S exists 2021+","2021"
"17290df7-1ca5-42f0-b70d-3d687759cc74","2014","acura","mdx","A-Spec","google-ai-overview","A-Spec exists 2018+","2018"
"524f5305-6f23-4f61-b5e5-dbc49bce35b5","2014","acura","mdx","Base, Technology, A-Spec, Advance, Type S","trim-research","A-Spec exists 2018+","2018"
"5c0340cb-1ac9-441b-aefd-12b222289139","2014","acura","mdx","Type S","cache-import [expanded]","Type S exists 2021+","2021"
"fc5cda7f-80e7-4d5c-8a20-aa57eeab33da","2015","acura","mdx","A-Spec","google-ai-overview","A-Spec exists 2018+","2018"
"4828d609-89c9-4d82-b725-e8c7e9bf6558","2015","acura","mdx","Base, Technology, A-Spec, Advance, Type S","trim-research","A-Spec exists 2018+","2018"
"a99a29f2-2aa9-4759-a1fd-641be01d3856","2015","acura","mdx","Type S","cache-import [expanded]","Type S exists 2021+","2021"
"a51878d4-930d-4f63-8f95-6567abb27511","2016","acura","mdx","A-Spec","google-ai-overview","A-Spec exists 2018+","2018"
"8f70532d-28fc-44a4-a524-c8654f130aeb","2016","acura","mdx","Base, Technology, A-Spec, Advance, Type S","trim-research","A-Spec exists 2018+","2018"
"bc748ddc-b018-4ce5-811d-583a5ea157f5","2016","acura","mdx","Type S","cache-import [expanded]","Type S exists 2021+","2021"
"6c4de723-2b0c-47f7-810e-6bdc0c320fc1","2017","acura","mdx","A-Spec","trim-research","A-Spec exists 2018+","2018"
"f342906a-9d44-4089-a474-275fae061767","2017","acura","mdx","Base, Technology, A-Spec, Advance, Type S","trim-research","A-Spec exists 2018+","2018"
"8ef776bc-bade-4f43-b62d-29ca8a60ebe0","2017","acura","mdx","Type S","cache-import [expanded]","Type S exists 2021+","2021"
"af7e9321-d6a9-44f7-a530-cb72eb36bf6e","2019","acura","mdx","Base, Technology, A-Spec, Advance, Type S","trim-research","Type S exists 2021+","2021"
"74bf38a3-3ec8-4366-9e50-3e54d59fe57b","2019","acura","mdx","Type S","cache-import [trim-expanded]","Type S exists 2021+","2021"
"c6a843e9-1c5a-4cdf-975a-0efa4665c4ab","2020","acura","mdx","Base, Technology, A-Spec, Advance, Type S","trim-research","Type S exists 2021+","2021"
"63643120-2a46-469b-9336-23b08e054588","2020","acura","mdx","Type S","cache-import [trim-expanded]","Type S exists 2021+","2021"
"ec133987-e05c-4175-ab75-fd6e81eda95a","2007","acura","rdx","A-Spec","cache-import [expanded]","A-Spec exists 2018+","2018"
"8b5f5e2b-1cb8-4442-b853-65fc5ea95161","2007","acura","rdx","Advance","trim-research","Advance on rdx exists 2013+","2013"
"aa7b34b9-25c0-47e3-bcdf-82c4944ee159","2007","acura","rdx","Base, Technology, A-Spec, Advance","trim-research","A-Spec exists 2018+","2018"
"5eba831d-f064-4857-a070-b25011a38bac","2008","acura","rdx","A-Spec","cache-import [expanded]","A-Spec exists 2018+","2018"
"4911fb63-afb3-40fb-af3f-ced6f43b9b54","2008","acura","rdx","Advance","trim-research","Advance on rdx exists 2013+","2013"
"10972c4b-1d7d-4eff-956b-6f5c4eb0471d","2008","acura","rdx","Base, Technology, A-Spec, Advance","trim-research","A-Spec exists 2018+","2018"
"39b5ff58-35c9-43d9-8233-9a1e133f1b83","2009","acura","rdx","A-Spec","cache-import [expanded]","A-Spec exists 2018+","2018"
"012bd275-11dc-4b93-812c-a747930d3096","2009","acura","rdx","Advance","trim-research","Advance on rdx exists 2013+","2013"
"14903ff3-87b5-4e5f-a69b-974a68987568","2009","acura","rdx","Base, Technology, A-Spec, Advance","trim-research","A-Spec exists 2018+","2018"
"1de70327-58d1-4c9d-a3ba-fbe48fb071ad","2010","acura","rdx","A-Spec","cache-import [expanded]","A-Spec exists 2018+","2018"
"e4ee968d-b89f-4699-9147-0b5176efdf08","2010","acura","rdx","Advance","trim-research","Advance on rdx exists 2013+","2013"
"02308abd-15a8-414b-99b3-8147e74d18ea","2010","acura","rdx","Base, Technology, A-Spec, Advance","trim-research","A-Spec exists 2018+","2018"
"52c96c30-7308-4b3e-b40c-e5546cb931df","2011","acura","rdx","A-Spec","cache-import [expanded]","A-Spec exists 2018+","2018"
"8aeca97a-4272-4a11-95eb-e0537bde2c98","2011","acura","rdx","Advance","trim-research","Advance on rdx exists 2013+","2013"
"0f5a23d7-f554-400f-91e6-1a2b40f3a525","2011","acura","rdx","Base, Technology, A-Spec, Advance","trim-research","A-Spec exists 2018+","2018"
"7cc0f7d6-be0e-4653-8e97-2cf01d84bcba","2012","acura","rdx","A-Spec","cache-import [expanded]","A-Spec exists 2018+","2018"
"3a044370-d7d3-426a-ae12-aa4e8d517db9","2012","acura","rdx","Advance","trim-research","Advance on rdx exists 2013+","2013"
"8fdcd050-b666-45fd-9022-a78ccf5f1666","2012","acura","rdx","Base, Technology, A-Spec, Advance","trim-research","A-Spec exists 2018+","2018"
"f9175045-8f2a-4db9-a79b-64ea0179b27a","2013","acura","rdx","A-Spec","cache-import [expanded]","A-Spec exists 2018+","2018"
"50580736-7bef-4da0-941b-ec6340e5a205","2013","acura","rdx","Base, Technology, A-Spec, Advance","trim-research","A-Spec exists 2018+","2018"
"2eb859c0-0893-41af-ac94-054659a61fb7","2014","acura","rdx","A-Spec","cache-import [expanded]","A-Spec exists 2018+","2018"
"a5432537-83a2-4488-981d-24455604dcd8","2014","acura","rdx","Base, Technology, A-Spec, Advance","trim-research","A-Spec exists 2018+","2018"
"7493f46c-2d85-4ad7-bd44-edafddffab04","2015","acura","rdx","A-Spec","cache-import [expanded]","A-Spec exists 2018+","2018"
"01103153-07b1-42fd-ae03-5f8bc2531ecf","2015","acura","rdx","Base, Technology, A-Spec, Advance","trim-research","A-Spec exists 2018+","2018"
"b207333a-1898-4bb0-8b1f-b4bf11bb392a","2016","acura","rdx","A-Spec","cache-import [expanded]","A-Spec exists 2018+","2018"
"5255bdeb-6610-4829-98e0-249156de8313","2016","acura","rdx","Base, Technology, A-Spec, Advance","trim-research","A-Spec exists 2018+","2018"
"21b0acef-0f56-42dc-b53d-40c6e0b6d495","2017","acura","rdx","A-Spec","cache-import [expanded]","A-Spec exists 2018+","2018"
"a436c875-10fe-40b4-8f68-649752e6a59a","2017","acura","rdx","Base, Technology, A-Spec, Advance","trim-research","A-Spec exists 2018+","2018"
"baf82efd-75c6-49e9-9be5-23f8996b8289","2015","acura","tlx","A-Spec","cache-import [expanded]","A-Spec exists 2018+","2018"
"df07614e-a597-4e23-bc5b-59b40467a98d","2015","acura","tlx","Base, Technology, A-Spec, Advance, Type S","trim-research","A-Spec exists 2018+","2018"
"ee08b746-8cbb-4168-9eab-be4a1395f161","2016","acura","tlx","A-Spec","cache-import [expanded]","A-Spec exists 2018+","2018"
"e343d870-24fb-4953-823c-dafa924c1fb5","2016","acura","tlx","Base, Technology, A-Spec, Advance, Type S","trim-research","A-Spec exists 2018+","2018"
"41083cfb-3df2-45ba-8489-762e08c1e250","2017","acura","tlx","A-Spec","cache-import [expanded]","A-Spec exists 2018+","2018"
"200b7670-7528-49be-a635-12f2251f6aa3","2017","acura","tlx","Base, Technology, A-Spec, Advance, Type S","trim-research","A-Spec exists 2018+","2018"
"669a15b6-0434-492c-ab73-8665f32d1161","1993","lexus","gs","GS 300, GS 350, GS F, F Sport","cache-import","F Sport exists 2011+","2011"
"9f66e97d-d771-45d3-82fc-04e0f701971b","1994","lexus","gs","GS 300, GS 350, GS F, F Sport","cache-import","F Sport exists 2011+","2011"
"9ee6f6c1-ad58-421b-bfa8-293a1d852e2a","1995","lexus","gs","GS 300, GS 350, GS F, F Sport","cache-import","F Sport exists 2011+","2011"
"2d9bb740-7e14-4adf-95c1-9543968ce2f5","1996","lexus","gs","GS 300, GS 350, GS F, F Sport","cache-import","F Sport exists 2011+","2011"
"a8b776e5-10ef-4121-a9a2-5943393ba7ba","1994","lexus","ls","LS 500, LS 500h, F Sport","cache-import","F Sport exists 2011+","2011"
"b3de3dae-01d1-40f9-a42f-a9de01fb76b4","2015","honda","ridgeline","Sport, RTL, RTL-E, Black Edition, TrailSport","manual_seed_spec","TrailSport exists 2022+","2022"
"681db836-c75e-425b-a1d3-acd9254c7782","2015","honda","ridgeline","Black Edition","manual_seed_spec [expanded]","Black Edition exists 2017+","2017"
"05cdcbd0-ac6d-48e9-b53a-148d34c6b01c","2015","honda","ridgeline","TrailSport","manual_seed_spec [expanded]","TrailSport exists 2022+","2022"
"74a9421c-85c4-4588-ac95-e022f3246ebf","2016","honda","ridgeline","Black Edition","manual_seed_spec [expanded]","Black Edition exists 2017+","2017"
"abb78d78-6c9e-4382-a10b-74e57c8ffe35","2016","honda","ridgeline","TrailSport","manual_seed_spec [expanded]","TrailSport exists 2022+","2022"
"56c0005d-78ac-49b9-99f5-964926d40986","2016","honda","ridgeline","Sport, RTL, RTL-E, Black Edition, TrailSport","manual_seed_spec","TrailSport exists 2022+","2022"
"893cc6b0-75b7-4ffc-8fa0-f2d3e05a2766","2008","bmw","m3","M3 Competition","generation_inherit","Competition on m3 exists 2011+","2011"
"fd0b8027-7610-4d04-a1b1-acc158a447ed","2009","bmw","m3","M3 Competition","generation_inherit","Competition on m3 exists 2011+","2011"
"c49b5de7-288b-482c-ad99-276ea8bbe1ca","2010","bmw","m3","M3 Competition","generation_inherit","Competition on m3 exists 2011+","2011"
"f2f307f1-79fc-4d7e-85e2-6f0fb1ee858a","2011","buick","enclave","Preferred, Essence, Avenir","verified-research","Avenir exists 2018+","2018"
"8085c679-2134-4cce-ac50-24f22abc394f","2012","buick","enclave","Essence","verified-research [expanded]","Essence exists 2018+","2018"
"686bf7a2-35a6-4a5f-b5e8-2cf183e44b0f","2012","buick","enclave","Preferred","verified-research [expanded]","Preferred exists 2018+","2018"
"4936d323-ab1a-4c89-a865-cc0c64b829e5","2012","buick","enclave","Preferred, Essence, Avenir","verified-research","Avenir exists 2018+","2018"
"e7b56497-cfa7-4b81-946a-c35e5f1b14d1","2013","buick","enclave","Avenir","verified-research [expanded]","Avenir exists 2018+","2018"
"7df7876c-01a5-43a1-8566-5976e3f4816e","2013","buick","enclave","Essence","verified-research [expanded]","Essence exists 2018+","2018"
"45ab9c85-f484-4cf7-bc3c-3f737c004d20","2013","buick","enclave","Preferred, Essence, Avenir","verified-research","Avenir exists 2018+","2018"
"3e297231-2841-4830-a75c-a9ab9b4e0ae2","2014","buick","enclave","Avenir","verified-research [expanded]","Avenir exists 2018+","2018"
"9c3854e3-d1c4-4939-a463-15358a8947eb","2014","buick","enclave","Preferred, Essence, Avenir","verified-research","Avenir exists 2018+","2018"
"26893b77-a7cd-4224-9ed7-c17b1c65af9a","2015","buick","enclave","Avenir","verified-research [expanded]","Avenir exists 2018+","2018"
"b264ce87-68c9-479f-8202-bb3fb873c0ee","2015","buick","enclave","Essence","verified-research [expanded]","Essence exists 2018+","2018"
"83dcda3a-3f4b-41ba-90cc-3972372ff6a6","2016","buick","enclave","Avenir","verified-research [expanded]","Avenir exists 2018+","2018"
"94928bb9-cbb9-40de-9356-1b42a3e42f8f","2016","buick","enclave","Preferred","verified-research [expanded]","Preferred exists 2018+","2018"
"e12419d9-cb03-4705-862f-322c8e8c8735","2017","buick","enclave","Preferred","verified-research [expanded]","Preferred exists 2018+","2018"
"81c795c0-3cb7-448e-8924-e6146174253e","2017","buick","enclave","Preferred, Essence, Avenir","verified-research","Avenir exists 2018+","2018"
"a0dcac27-335b-435c-8e01-72ed8b97fc3b","2016","buick","envision","Essence","google-ai-overview","Essence exists 2018+","2018"
"540805e2-0e1b-4888-bb08-61e26bdb83b4","2016","buick","envision","Preferred, Essence, Avenir","verified-research","Avenir exists 2018+","2018"
"8181a460-90d3-4881-83b5-561128ee995f","2017","buick","envision","Essence","google-ai-overview","Essence exists 2018+","2018"
"53b1b6bc-a403-4221-95c7-c8275803be04","2017","buick","envision","Preferred","google-ai-overview","Preferred exists 2018+","2018"
"af876a06-3c8d-4e16-bf0a-193ff5a1aff5","2005","buick","lacrosse","Avenir","generation_template [expanded]","Avenir exists 2018+","2018"
"c4bc7ae1-0572-46ae-a7aa-6b97d700bd72","2005","buick","lacrosse","Preferred","generation_template [expanded]","Preferred exists 2018+","2018"
"5e959d77-97bd-4453-a0be-882e19bd0c5a","2006","buick","lacrosse","Base, Preferred, Essence, Avenir","generation_template","Avenir exists 2018+","2018"
"aa622a7e-5438-4e8d-96af-2c55274ae6dc","2006","buick","lacrosse","Preferred","generation_template [expanded]","Preferred exists 2018+","2018"
"542b8ab4-a932-4c05-aa20-57628b278bbf","2007","buick","lacrosse","Avenir","generation_template [expanded]","Avenir exists 2018+","2018"
"21438ac7-60a6-4f9f-b598-4b5a91c709a2","2007","buick","lacrosse","Base, Preferred, Essence, Avenir","generation_template","Avenir exists 2018+","2018"
"1555b755-9c66-4636-be61-e512d5ce3486","2007","buick","lacrosse","Essence","generation_template [expanded]","Essence exists 2018+","2018"
"b002aafc-bad6-4056-9771-f39b7cbb166c","2007","buick","lacrosse","Preferred","generation_template [expanded]","Preferred exists 2018+","2018"
"cc3d2a54-1745-4d7e-a717-16980cd105f0","2008","buick","lacrosse","Avenir","generation_template [expanded]","Avenir exists 2018+","2018"
"91d861c1-e325-4291-aeb0-90ff1a10f94d","2008","buick","lacrosse","Essence","generation_template [expanded]","Essence exists 2018+","2018"
"3623270a-115a-4403-a58e-967e8f206f83","2009","buick","lacrosse","Avenir","generation_template [filled from 2008  [expanded]","Avenir exists 2018+","2018"
"e4343710-b943-409d-b9b8-c43b1d373251","2009","buick","lacrosse","Base, Preferred, Essence, Avenir","generation_template [filled from 2008 lacrosse]","Avenir exists 2018+","2018"
"da96f979-9463-45fe-90be-bf758769a769","2009","buick","lacrosse","Essence","generation_template [filled from 2008  [expanded]","Essence exists 2018+","2018"
"b790f210-7d81-4049-abdf-9d71a8443637","2009","buick","lacrosse","Preferred","generation_template [filled from 2008  [expanded]","Preferred exists 2018+","2018"
"8bfc0f2b-4cdc-4aad-91d9-c9ceb4f91668","2010","buick","lacrosse","Avenir","verified-research [expanded]","Avenir exists 2018+","2018"
"581194f1-f96e-40e0-a80a-e9b8760be178","2010","buick","lacrosse","Base, Preferred, Essence, Avenir","verified-research","Avenir exists 2018+","2018"
"11e79f78-0914-48dc-8024-0c92111abb41","2010","buick","lacrosse","Preferred","verified-research [expanded]","Preferred exists 2018+","2018"
"23ac98d6-22b5-4294-9076-f0e6738e1e47","2011","buick","lacrosse","Base, Preferred, Essence, Avenir","verified-research","Avenir exists 2018+","2018"
"c6743376-5fce-4dbd-9b47-057d3419da42","2011","buick","lacrosse","Essence","verified-research [expanded]","Essence exists 2018+","2018"
"b630b62a-fa45-46f8-b227-5a0ab6a6c5f5","2012","buick","lacrosse","Avenir","verified-research [expanded]","Avenir exists 2018+","2018"
"32008ddd-1099-457d-af30-b3b8fd4ae191","2013","buick","lacrosse","Avenir","verified-research [expanded]","Avenir exists 2018+","2018"
"4dbc08b2-1e8b-46b1-b2a8-a1f1489b8631","2013","buick","lacrosse","Base, Preferred, Essence, Avenir","verified-research","Avenir exists 2018+","2018"
"ec14f8ed-4f30-439c-b1b6-9ef97a935189","2014","buick","lacrosse","Avenir","verified-research [expanded]","Avenir exists 2018+","2018"
"b41d1779-9f30-4c85-908c-761cdf51853a","2014","buick","lacrosse","Essence","verified-research [expanded]","Essence exists 2018+","2018"
"eef911ad-405b-4620-86d4-b615935ce7ff","2014","buick","lacrosse","Preferred","verified-research [expanded]","Preferred exists 2018+","2018"
"40402f31-ae14-42ca-ad8a-8e4608516451","2015","buick","lacrosse","Avenir","verified-research [expanded]","Avenir exists 2018+","2018"
"a3640667-71f7-4c78-9d86-8f9ea7cb75f0","2015","buick","lacrosse","Base, Preferred, Essence, Avenir","verified-research","Avenir exists 2018+","2018"
"eb0709cb-7258-43d9-a9c0-70ad00731b97","2016","buick","lacrosse","Avenir","verified-research [expanded]","Avenir exists 2018+","2018"
"f586b109-9efe-4197-87c2-981c345da55a","2016","buick","lacrosse","Base, Preferred, Essence, Avenir","verified-research","Avenir exists 2018+","2018"
"b51a541e-edea-4f3e-aed0-9e686ce5098c","2016","buick","lacrosse","Essence","verified-research [expanded]","Essence exists 2018+","2018"
"efc203e7-38d7-4a8b-ac81-ae486a9aa354","2016","buick","lacrosse","Preferred","verified-research [expanded]","Preferred exists 2018+","2018"
"dc225ce1-fff2-4a02-b68b-f6b283292c78","2017","buick","lacrosse","Avenir","google-ai-overview","Avenir exists 2018+","2018"
"69674a5d-0170-42b7-bd28-5ebbedc7c4af","2017","buick","lacrosse","Base, Preferred, Essence, Avenir","verified-research","Avenir exists 2018+","2018"
"7bcae5df-e5b1-4947-ae6e-1c3fa3d8cb9f","2017","buick","lacrosse","Essence","google-ai-overview","Essence exists 2018+","2018"
"60341e03-9e69-48f3-a3ce-2125d9efbec5","2017","buick","lacrosse","Preferred","google-ai-overview","Preferred exists 2018+","2018"
"e6092bb1-3c29-42b4-9e08-b997114f6d56","2008","cadillac","cts","Base, Luxury, Premium Luxury, V-Sport, V","generation_template","Sport exists 2016+","2016"
"0bad55ee-a33d-4b73-adb1-fcfbc24dc59f","2009","cadillac","cts","Base, Luxury, Premium Luxury, V-Sport, V","generation_template","Sport exists 2016+","2016"
"e438aee5-729e-44d5-bb34-8da251fe582b","2010","cadillac","cts","Base, Luxury, Premium Luxury, V-Sport, V","generation_template [web_research]","Sport exists 2016+","2016"
"5fc1270a-f80f-42d6-a5a0-bf9a477c9a47","2012","cadillac","cts","Base, Luxury, Premium Luxury, V-Sport, V","generation_template [web_research]","Sport exists 2016+","2016"
"f2f7333c-754f-46e5-be7c-9aca42373c42","2013","cadillac","cts","Base, Luxury, Premium Luxury, V-Sport, V","generation_template [web_research]","Sport exists 2016+","2016"
"76e7d9cd-3670-4993-b37c-34045a2b126e","2014","cadillac","cts","V-Sport","generation_template [web_research] [expanded]","Sport exists 2016+","2016"
"5642c75a-37fb-46c0-9ec2-c0231e14a37e","2015","cadillac","cts","Base, Luxury, Premium Luxury, V-Sport, V","generation_template [web_research]","Sport exists 2016+","2016"
"1396d2bb-0104-42ca-98fa-0d382b4f3701","1999","cadillac","escalade","Luxury, Premium Luxury, Sport, Platinum, V","generation_template","Platinum exists 2008+","2008"
"ec17d473-a1dc-4016-bdc0-fbd4a5c4160d","2000","cadillac","escalade","Luxury, Premium Luxury, Sport, Platinum, V","final-gap-fill","Platinum exists 2008+","2008"
"ae75d0a6-f020-4066-810a-ff98b28dd795","2004","cadillac","escalade","Luxury, Premium Luxury, Sport, Platinum, V","generation_template [filled from 2003 escalade]","Platinum exists 2008+","2008"
"550f7e80-129b-4a0b-af21-f80a04cab2f3","2005","cadillac","escalade","Luxury, Premium Luxury, Sport, Platinum, V","generation_template [filled from 2006 escalade]","Platinum exists 2008+","2008"
"27c74ed9-f607-45af-804a-e9c20aecd7a1","2007","cadillac","escalade","Platinum","generation_template [filled from 2010  [expanded]","Platinum exists 2008+","2008"
"d0b259e2-d300-4c6f-b645-7ac574abf2ae","2008","cadillac","escalade","Luxury, Premium Luxury, Sport, Platinum, V","generation_template [filled from 2007 escalade]","Sport exists 2016+","2016"
"2655a530-cf30-496f-8766-4d8deb6d1f72","2009","cadillac","escalade","Luxury, Premium Luxury, Sport, Platinum, V","generation_template [filled from 2008 escalade]","Sport exists 2016+","2016"
"73dc4b04-ced0-45ff-873b-65b6c0a14640","2010","cadillac","escalade","Luxury, Premium Luxury, Sport, Platinum, V","generation_template","Sport exists 2016+","2016"
"94f0541b-1f95-4bb3-b561-6c4e4372d656","2011","cadillac","escalade","Luxury, Premium Luxury, Sport, Platinum, V","generation_template","Sport exists 2016+","2016"
"73261d15-71a8-4f53-8aa6-297110d4f801","2012","cadillac","escalade","Luxury, Premium Luxury, Sport, Platinum, V","generation_template","Sport exists 2016+","2016"
"6c1c2296-be49-4340-acae-2e6bee117f82","2013","cadillac","escalade","Luxury, Premium Luxury, Sport, Platinum, V","generation_template","Sport exists 2016+","2016"
"a397ebd3-84a7-4f1b-9b19-1644fcbefb4c","2014","cadillac","escalade","Luxury, Premium Luxury, Sport, Platinum, V","generation_template [filled from 2013 escalade]","Sport exists 2016+","2016"
"9191cf8b-ac5d-4a6b-bb59-6a0032d4de58","2015","cadillac","escalade","Luxury, Premium Luxury, Sport, Platinum, V","generation_template","Sport exists 2016+","2016"
"28e9fd47-f23d-488f-acf6-8f003f06569e","2003","cadillac","escalade-esv","Luxury, Premium Luxury, Sport, Platinum, V","generation_template [sib-same-year:escalade:2003]","Platinum exists 2008+","2008"
"5aaaf454-457d-43f9-9204-f85337dd1f5e","2003","cadillac","escalade-esv","Platinum","generation_template [sib-same-year:esc [expanded]","Platinum exists 2008+","2008"
"6a167689-8d9e-47eb-a9b1-94f84f216675","2004","cadillac","escalade-esv","Platinum","generation_template [sib-same-year:esc [expanded]","Platinum exists 2008+","2008"
"ed6d3981-76cf-4260-96cc-650006bfacf5","2005","cadillac","escalade-esv","Luxury, Premium Luxury, Sport, Platinum, V","generation_template [sib-same-year:escalade:2005]","Platinum exists 2008+","2008"
"2f1fe842-abe8-4644-ac0e-9a2d241c0866","2006","cadillac","escalade-esv","Luxury, Premium Luxury, Sport, Platinum, V","generation_template [sib-same-year:escalade:2006]","Platinum exists 2008+","2008"
"27a9bad4-0f41-4f72-907e-c560598ac7b8","2007","cadillac","escalade-esv","Luxury, Premium Luxury, Sport, Platinum, V","generation_template [sib-same-year:tahoe:2007]","Platinum exists 2008+","2008"
"cd481b09-3c89-4df4-a874-682566aaf813","2007","cadillac","escalade-esv","Platinum","generation_template [sib-same-year:tah [expanded]","Platinum exists 2008+","2008"
"bfbd33f3-10de-4b3f-8c2e-cbbe5e5b0175","2008","cadillac","escalade-esv","Luxury, Premium Luxury, Sport, Platinum, V","generation_template [sib-same-year:tahoe:2008]","Sport exists 2016+","2016"
"86892672-85b9-4c3c-b049-b2a53c5549b3","2009","cadillac","escalade-esv","Luxury, Premium Luxury, Sport, Platinum, V","generation_template [sib-same-year:tahoe:2009]","Sport exists 2016+","2016"
"4860680d-b5bc-44e0-989f-87615a2f298f","2010","cadillac","escalade-esv","Luxury, Premium Luxury, Sport, Platinum, V","generation_template [sib-same-year:tahoe:2010]","Sport exists 2016+","2016"
"fb70b0e9-fcf9-4205-b305-b88d4975210d","2012","cadillac","escalade-esv","Luxury, Premium Luxury, Sport, Platinum, V","generation_template [sib-same-year:tahoe:2012]","Sport exists 2016+","2016"
"fac5fa72-0f7e-4b51-b65e-7406cf09f5a9","2013","cadillac","escalade-esv","Luxury, Premium Luxury, Sport, Platinum, V","generation_template [sib-same-year:tahoe:2013]","Sport exists 2016+","2016"
"9947939f-2f22-4e19-9ed7-86ae752fac3e","2015","cadillac","escalade-esv","Luxury, Premium Luxury, Sport, Platinum, V","generation_template [sib-same-year:tahoe:2015]","Sport exists 2016+","2016"
"57b9670c-5267-4b9f-80b3-60bd5c470f9f","1961","lincoln","continental","Premiere, Select, Reserve, Black Label","generation-baseline","Black Label exists 2015+","2015"
"d379a58e-e992-4398-821d-dffc0cfbc7ff","1962","lincoln","continental","Premiere, Select, Reserve, Black Label","generation-baseline","Black Label exists 2015+","2015"
"2b2571f1-113b-4a3c-9b70-37ac68e94ae3","1962","lincoln","continental","Black Label","generation-baseline [expanded]","Black Label exists 2015+","2015"
"05fdd805-8f2d-4fc1-9fa1-2802b124a6ff","1962","lincoln","continental","Reserve","generation-baseline [expanded]","Reserve exists 2015+","2015"
"d0b5453f-3e97-4148-bd6d-1498fa20272d","1963","lincoln","continental","Premiere, Select, Reserve, Black Label","generation-baseline","Black Label exists 2015+","2015"
"a15ee828-a203-49c4-a4ae-14134f502113","1963","lincoln","continental","Black Label","generation-baseline [expanded]","Black Label exists 2015+","2015"
"d512b5c4-0e03-4522-be51-5d82820171b3","1963","lincoln","continental","Reserve","generation-baseline [expanded]","Reserve exists 2015+","2015"
"6b168e68-014e-4272-b97a-ae846454d406","1964","lincoln","continental","Black Label","generation-baseline [expanded]","Black Label exists 2015+","2015"
"6cf15ea4-dc34-400c-b927-187cdb539894","1964","lincoln","continental","Premiere, Select, Reserve, Black Label","generation-baseline","Black Label exists 2015+","2015"
"82a68da6-ce29-4eeb-90cd-fb15681337b4","1965","lincoln","continental","Reserve","generation-baseline [expanded]","Reserve exists 2015+","2015"
"1353c76f-3c74-476b-b705-8c446c19c408","1965","lincoln","continental","Black Label","generation-baseline [expanded]","Black Label exists 2015+","2015"
"165e8144-6b14-46e2-9ce4-fbe921220cc1","1965","lincoln","continental","Premiere, Select, Reserve, Black Label","generation-baseline","Black Label exists 2015+","2015"
"72ee1a4c-9ccd-422c-a462-9175c1b1e677","1966","lincoln","continental","Premiere, Select, Reserve, Black Label","generation-baseline","Black Label exists 2015+","2015"
"9653d469-49c0-4a0a-974b-015a95cf8d97","1966","lincoln","continental","Reserve","generation-baseline [expanded]","Reserve exists 2015+","2015"
"0f698ef6-fba6-4baf-811a-98d9f66092ea","1966","lincoln","continental","Black Label","generation-baseline [expanded]","Black Label exists 2015+","2015"
"d72bd7c6-7163-4205-be3d-cb3143412c4c","1967","lincoln","continental","Premiere, Select, Reserve, Black Label","generation-baseline","Black Label exists 2015+","2015"
"b1afe41b-c5fb-44ec-81ab-15752647586f","1967","lincoln","continental","Reserve","generation-baseline [expanded]","Reserve exists 2015+","2015"
"737d1923-960c-469f-a232-e05e5a7f0a14","1967","lincoln","continental","Black Label","generation-baseline [expanded]","Black Label exists 2015+","2015"
"f7e2c169-f404-409c-be34-7b2c40b7bd27","1968","lincoln","continental","Black Label","generation-baseline [expanded]","Black Label exists 2015+","2015"
"af96aad5-b39a-4cd1-af83-4d5bbe817250","1968","lincoln","continental","Reserve","generation-baseline [expanded]","Reserve exists 2015+","2015"
"58fa6038-78cb-472a-9d72-691bd611fc59","1968","lincoln","continental","Premiere, Select, Reserve, Black Label","generation-baseline","Black Label exists 2015+","2015"
"d583622a-0a50-40bc-a36d-e553f9b75f08","1969","lincoln","continental","Reserve","generation-baseline [expanded]","Reserve exists 2015+","2015"
"a905d60c-51cb-4b65-b1a0-d5124b7475c0","2001","ford","escape","ST-Line","trim-research","ST-Line exists 2020+","2020"
"1b5f5cd1-88fa-434b-b67f-9ba0fc0153db","2002","ford","escape","ST-Line","trim-research","ST-Line exists 2020+","2020"
"1388851b-cd22-4650-84c4-15545919b5db","2003","ford","escape","ST-Line","trim-research","ST-Line exists 2020+","2020"
"727ff458-9424-4d73-b952-52def1f90d50","1969","lincoln","continental","Black Label","generation-baseline [expanded]","Black Label exists 2015+","2015"
"48d5038e-01e0-466d-ad1d-6116e870e9c5","2004","ford","escape","ST-Line","trim-research","ST-Line exists 2020+","2020"
"dd38d5cf-6225-46d5-90ce-a91b69aaa83e","2006","ford","escape","ST-Line","trim-research","ST-Line exists 2020+","2020"
"0de69ed5-9af3-4ace-97ca-c0c68e454433","2007","ford","escape","ST-Line","trim-research","ST-Line exists 2020+","2020"
"92c90524-717a-433b-bc0d-7b08f5f951f0","2008","ford","escape","ST-Line","trim-research","ST-Line exists 2020+","2020"
"590a8ea9-7823-496e-9a9e-a71e8775ce02","1970","lincoln","continental","Reserve","generation-baseline [expanded]","Reserve exists 2015+","2015"
"7b889d60-ff80-44c1-9d2f-7a7e74998e39","1970","lincoln","continental","Premiere, Select, Reserve, Black Label","generation-baseline","Black Label exists 2015+","2015"
"966abaa5-6f6f-4bd1-8529-c3ac42e41907","2009","ford","escape","ST-Line","trim-research","ST-Line exists 2020+","2020"
"5eda3874-19d4-4799-8e55-80fdaa22fdf8","2010","ford","escape","S, SE, SEL, ST-Line, Titanium, Plug-In Hybrid","cache-import","ST-Line exists 2020+","2020"
"03e4250c-5345-49dc-bb75-bc7b99465d62","1970","lincoln","continental","Black Label","generation-baseline [expanded]","Black Label exists 2015+","2015"
"f2923967-bf5d-48c7-b0a7-eaf137226584","2010","ford","escape","ST-Line","trim-research","ST-Line exists 2020+","2020"
"b45fc90a-e8f0-4e5e-8c10-acce0e1b9b4b","1971","lincoln","continental","Premiere, Select, Reserve, Black Label","generation-baseline","Black Label exists 2015+","2015"
"4ce70d2b-389f-4fde-a133-bdcfc0441ec3","2011","ford","escape","S, SE, SEL, ST-Line, Titanium, Plug-In Hybrid","cache-import","ST-Line exists 2020+","2020"
"4a3932c2-5cd8-47f5-adb1-96e4b541096e","1971","lincoln","continental","Black Label","generation-baseline [expanded]","Black Label exists 2015+","2015"
"b3bf976c-d729-484a-bb20-81c2ae4e79e1","2011","ford","escape","ST-Line","trim-research","ST-Line exists 2020+","2020"
"860e8114-e340-4f1d-ac8b-3118993a44eb","2012","ford","escape","S, SE, SEL, ST-Line, Titanium, Plug-In Hybrid","cache-import","ST-Line exists 2020+","2020"
"5856274a-cf18-4929-80ee-4640f6b27642","2012","ford","escape","ST-Line","trim-research","ST-Line exists 2020+","2020"
"f79bd4ae-120d-44a7-ae41-821b4e0239e7","1971","lincoln","continental","Reserve","generation-baseline [expanded]","Reserve exists 2015+","2015"
"e2823544-7f0c-483d-9128-9b6e30901a5f","2013","ford","escape","S, SE, SEL, ST-Line, Titanium, Plug-In Hybrid","trim-research","ST-Line exists 2020+","2020"
"26b0279f-5d13-4423-8995-3c352f117aaf","2013","ford","escape","ST-Line","trim-research","ST-Line exists 2020+","2020"
"7510530e-233d-4a42-b5ce-356b6441e870","1972","lincoln","continental","Premiere, Select, Reserve, Black Label","generation-baseline","Black Label exists 2015+","2015"
"4167e7bd-713d-4e08-a370-95c1a1ce8cf6","2014","ford","escape","S, SE, SEL, ST-Line, Titanium, Plug-In Hybrid","trim-research","ST-Line exists 2020+","2020"
"3e072454-8a52-42c6-ba6a-e58a6e286d96","2014","ford","escape","ST-Line","trim-research","ST-Line exists 2020+","2020"
"b29d530a-aa8d-46a3-a43f-322a1c801a73","2015","ford","escape","S, SE, SEL, ST-Line, Titanium, Plug-In Hybrid","trim-research","ST-Line exists 2020+","2020"
"4d04b826-9ef1-444d-b9de-78c37f20666b","2015","ford","escape","ST-Line","trim-research","ST-Line exists 2020+","2020"
"896811a3-7fbd-4427-823c-4f64cc774be4","2016","ford","escape","S, SE, SEL, ST-Line, Titanium, Plug-In Hybrid","trim-research","ST-Line exists 2020+","2020"
"e7c614f4-0f5c-4fb8-903f-46514e888770","2016","ford","escape","ST-Line","trim-research","ST-Line exists 2020+","2020"
"00f1218c-eaca-426d-acad-4386bb5fd6ec","2017","ford","escape","S, SE, SEL, ST-Line, Titanium, Plug-In Hybrid","trim-research","ST-Line exists 2020+","2020"
"f12d5f42-bf6a-41da-ab3c-0ef862e4d268","2017","ford","escape","ST-Line","trim-research","ST-Line exists 2020+","2020"
"1235887a-e93c-4dea-a4e6-8adaa6d858c3","2019","ford","escape","S, SE, SEL, ST-Line, Titanium, Plug-In Hybrid","trim-research","ST-Line exists 2020+","2020"
"1d75df5a-21be-4971-9ac5-8be0a208832e","1972","lincoln","continental","Black Label","generation-baseline [expanded]","Black Label exists 2015+","2015"
"72f81ebf-9811-4a26-8e10-61fce090eddd","2019","ford","escape","ST-Line","trim-research","ST-Line exists 2020+","2020"
"b2af74ae-01b9-4bd9-a5bd-66d1aa52ea50","1972","lincoln","continental","Reserve","generation-baseline [expanded]","Reserve exists 2015+","2015"
"27632520-4184-4745-87d8-feb4f2ba6aca","1973","lincoln","continental","Black Label","generation-baseline [expanded]","Black Label exists 2015+","2015"
"e2a45d44-cdf1-440d-9739-4ce7d7fb935b","1973","lincoln","continental","Reserve","generation-baseline [expanded]","Reserve exists 2015+","2015"
"9cc614eb-21ea-48db-babe-fe48a9cd86d3","1973","lincoln","continental","Premiere, Select, Reserve, Black Label","generation-baseline","Black Label exists 2015+","2015"
"47a26a6d-ab37-4f15-b559-624ee568b762","1974","lincoln","continental","Reserve","generation-baseline [expanded]","Reserve exists 2015+","2015"
"1a487400-0441-4fc8-8a0e-caac30ba5fdd","1974","lincoln","continental","Black Label","generation-baseline [expanded]","Black Label exists 2015+","2015"
"2b5bf011-df6c-4396-b0b6-fc5fec512b0a","1974","lincoln","continental","Premiere, Select, Reserve, Black Label","generation-baseline","Black Label exists 2015+","2015"
"eedeee55-af5c-4ff7-8946-aa679b97330b","2012","ford","expedition","Timberline","cache-import [expanded]","Timberline exists 2021+","2021"
"4ccb781e-2804-4a3f-9db9-9e0ebe2fc40e","2013","ford","expedition","Timberline","cache-import [expanded]","Timberline exists 2021+","2021"
"f0bd77f7-a343-4869-95b0-bac8e8248dae","2014","ford","expedition","Timberline","cache-import [expanded]","Timberline exists 2021+","2021"
"6e469dd9-6b37-43c4-a171-2a50ee47dd33","1975","lincoln","continental","Reserve","generation-baseline [expanded]","Reserve exists 2015+","2015"
"9b592c8e-9592-460f-a566-04d60c104312","2015","ford","expedition","Timberline","cache-import [expanded]","Timberline exists 2021+","2021"
"8afc25bb-16ba-45ce-a0c0-616b61e487d7","2016","ford","expedition","Timberline","cache-import [expanded]","Timberline exists 2021+","2021"
"89687e36-48f4-401c-96c8-e9e8485fbd9f","1975","lincoln","continental","Premiere, Select, Reserve, Black Label","generation-baseline","Black Label exists 2015+","2015"
"f9c23404-34bd-4e48-9ae3-41a43e269f31","2016","ford","expedition","XL, XLT, Limited, King Ranch, Platinum, Timberline","cache-import","Timberline exists 2021+","2021"
"bb93d6b1-4b5b-4571-b063-b3e778de1559","1975","lincoln","continental","Black Label","generation-baseline [expanded]","Black Label exists 2015+","2015"
"11b4d09f-6fef-49d5-8bc8-37122dd27f70","2017","ford","expedition","Timberline","cache-import [expanded]","Timberline exists 2021+","2021"
"8d2d104a-4931-4590-ad1e-9effedafbb88","2017","ford","expedition","XL, XLT, Limited, King Ranch, Platinum, Timberline","cache-import","Timberline exists 2021+","2021"
"4bfee35c-c31c-49ec-84f8-bca050a545e0","1976","lincoln","continental","Reserve","generation-baseline [expanded]","Reserve exists 2015+","2015"
"b4003ca2-c2f4-4b3f-b16a-4dbf572811f6","2019","ford","expedition","Timberline","cache-import [trim-expanded]","Timberline exists 2021+","2021"
"ea83059b-06cc-4469-a780-6cf13de0327b","1976","lincoln","continental","Black Label","generation-baseline [expanded]","Black Label exists 2015+","2015"
"9154ba6c-f04d-4304-af56-0b0427d212c5","2019","ford","expedition","XL, XLT, Limited, King Ranch, Platinum, Timberline","cache-import","Timberline exists 2021+","2021"
"afaa170c-c2ec-4fa1-b337-22dcfdac6bf8","2020","ford","expedition","Timberline","cache-import [trim-expanded]","Timberline exists 2021+","2021"
"8b502427-1ebe-44be-b9a8-2ce6958e0165","1976","lincoln","continental","Premiere, Select, Reserve, Black Label","generation-baseline","Black Label exists 2015+","2015"
"0584d79c-8a85-40d5-9b75-5ef77c8612d7","1977","lincoln","continental","Black Label","generation-baseline [expanded]","Black Label exists 2015+","2015"
"1786dc85-71d7-46a5-8a0d-7bddeff40412","1977","lincoln","continental","Reserve","generation-baseline [expanded]","Reserve exists 2015+","2015"
"67b6a299-bd52-4fca-aa7b-599123ab1acc","1977","lincoln","continental","Premiere, Select, Reserve, Black Label","generation-baseline","Black Label exists 2015+","2015"
"fff56324-a181-46a6-b409-be5a235c5b37","1997","ford","explorer","Base, XLT, Limited, ST, Platinum, King Ranch, Timberline","cache-import","Timberline exists 2021+","2021"
"df3a86f0-1d59-40f0-88b0-9c3f602528bb","1998","ford","explorer","Base, XLT, Limited, ST, Platinum, King Ranch, Timberline","cache-import","Timberline exists 2021+","2021"
"5d9badb8-dd72-4d0a-8175-75aa89107124","2002","ford","explorer","Base, XLT, Limited, ST, Platinum, King Ranch, Timberline","cache-import","Timberline exists 2021+","2021"
"af8dd55b-8a0e-4505-b187-f5e0fc3e7452","2002","ford","explorer","Timberline","cache-import [expanded]","Timberline exists 2021+","2021"
"3a053737-691c-4399-a3b5-a4af05ab180e","2003","ford","explorer","Base, XLT, Limited, ST, Platinum, King Ranch, Timberline","cache-import","Timberline exists 2021+","2021"
"a85b8b6a-54bc-4cc8-94bd-088a3be67b2a","2003","ford","explorer","Timberline","cache-import [expanded]","Timberline exists 2021+","2021"
"5fc96baf-ba4b-4a49-bc99-84a4eca40946","2004","ford","explorer","Timberline","cache-import [expanded]","Timberline exists 2021+","2021"
"be73237b-4e49-4f07-b358-ca7bf80724a3","2005","ford","explorer","Timberline","cache-import [expanded]","Timberline exists 2021+","2021"
"1d071001-6046-4cc2-b596-2ee9eabe2515","2006","ford","explorer","Base, XLT, Limited, ST, Platinum, King Ranch, Timberline","cache-import","Timberline exists 2021+","2021"
"5746fb9d-627b-42d6-8834-fd05effcdd2b","2006","ford","explorer","Timberline","cache-import [expanded]","Timberline exists 2021+","2021"
"d8c11c5a-62c2-4d52-8b91-9b735c54d781","2007","ford","explorer","Timberline","cache-import [expanded]","Timberline exists 2021+","2021"
"8acec3e1-e62c-4f01-8209-e8601c0452f3","2008","ford","explorer","Base, XLT, Limited, ST, Platinum, King Ranch, Timberline","cache-import","Timberline exists 2021+","2021"
"7c1000a8-c958-4383-8b7b-e345990aeedb","2008","ford","explorer","Timberline","cache-import [expanded]","Timberline exists 2021+","2021"
"7a0506a9-4932-4c23-8681-a376c1486cc9","2009","ford","explorer","Base, XLT, Limited, ST, Platinum, King Ranch, Timberline","cache-import","Timberline exists 2021+","2021"
"3a48e5fd-4b2a-4765-81d1-331879036ba5","2009","ford","explorer","Timberline","cache-import [expanded]","Timberline exists 2021+","2021"
"8a6fa952-62f6-43c3-a7bd-67a095d3c68e","2010","ford","explorer","Base, XLT, Limited, ST, Platinum, King Ranch, Timberline","cache-import","Timberline exists 2021+","2021"
"ee83aacf-eda4-48b8-af1e-c0ae410262e2","2010","ford","explorer","Timberline","cache-import [expanded]","Timberline exists 2021+","2021"
"a6a2a636-78ad-4f6a-b99d-7c406b838db7","2011","ford","explorer","Base, XLT, Limited, ST, Platinum, King Ranch, Timberline","trim-research","Timberline exists 2021+","2021"
"43a6aefc-7813-4f6e-b33d-eee4f079336c","2011","ford","explorer","Timberline","cache-import [expanded]","Timberline exists 2021+","2021"
"995a8be3-e83a-4e12-bf0f-839d28aa20f3","2012","ford","explorer","Timberline","cache-import [expanded]","Timberline exists 2021+","2021"
"c370d52f-66ea-4d4a-8ae2-3ebdc4b25c36","2013","ford","explorer","Base, XLT, Limited, ST, Platinum, King Ranch, Timberline","trim-research","Timberline exists 2021+","2021"
"5f3569d5-5004-4a9d-9bd5-0c0f4af558a1","2013","ford","explorer","Timberline","cache-import [expanded]","Timberline exists 2021+","2021"
"e82e20a2-7a62-4250-9732-d31dc9b279ff","2014","ford","explorer","Base, XLT, Limited, ST, Platinum, King Ranch, Timberline","trim-research","Timberline exists 2021+","2021"
"c5a48dd9-1b03-4b97-b2d0-6d6aca16eed9","2014","ford","explorer","Timberline","cache-import [expanded]","Timberline exists 2021+","2021"
"819a02a0-2e5c-4cc5-9cc0-f37bf61684f9","2015","ford","explorer","Timberline","cache-import [expanded]","Timberline exists 2021+","2021"
"6d7d90bb-6f34-449c-b9af-a99847233f4e","2016","ford","explorer","Base, XLT, Limited, ST, Platinum, King Ranch, Timberline","trim-research","Timberline exists 2021+","2021"
"7fba8412-cc80-4403-b790-a2dfc018a41e","2016","ford","explorer","Timberline","cache-import [expanded]","Timberline exists 2021+","2021"
"667b5232-5ba2-4051-b011-7d16a1445347","2017","ford","explorer","Base, XLT, Limited, ST, Platinum, King Ranch, Timberline","trim-research","Timberline exists 2021+","2021"
"36f701ac-03b3-4097-a884-2a42aee521ad","2017","ford","explorer","Timberline","cache-import [expanded]","Timberline exists 2021+","2021"
"a4090023-40e7-4e63-9966-1b44db178d20","2019","ford","explorer","Base, XLT, Limited, ST, Platinum, King Ranch, Timberline","trim-research","Timberline exists 2021+","2021"
"c1d07759-5c43-4028-b34d-e3a81633456d","2019","ford","explorer","Timberline","cache-import [trim-expanded]","Timberline exists 2021+","2021"
"54f38bb3-4855-4d2a-b8d9-9bd047d17e15","2020","ford","explorer","Base, XLT, Limited, ST, Platinum, King Ranch, Timberline","trim-research","Timberline exists 2021+","2021"
"a7a9609a-5973-4054-a09a-2c1a5ae11fe2","1978","lincoln","continental","Reserve","generation-baseline [expanded]","Reserve exists 2015+","2015"
"08e9710b-a855-4446-b052-7d0d42098894","1978","lincoln","continental","Premiere, Select, Reserve, Black Label","generation-baseline","Black Label exists 2015+","2015"
"8289301b-2d86-401c-836e-412e7a586241","2020","ford","explorer","Timberline","cache-import [trim-expanded]","Timberline exists 2021+","2021"
"971c6957-250c-4f6c-98dd-ddeb41f98110","1978","lincoln","continental","Black Label","generation-baseline [expanded]","Black Label exists 2015+","2015"
"2f02e4f7-c341-49d7-9824-6c219508d8bc","1979","lincoln","continental","Premiere, Select, Reserve, Black Label","generation-baseline","Black Label exists 2015+","2015"
"435f8c7f-b1cf-4d66-80e8-6000dd4ac1bb","1979","lincoln","continental","Black Label","generation-baseline [expanded]","Black Label exists 2015+","2015"
"81f4d792-4a69-4cb6-a74b-f402fb3d566f","1979","lincoln","continental","Reserve","generation-baseline [expanded]","Reserve exists 2015+","2015"
"533c0476-58eb-471b-8bb7-8f1fdfb23f45","2002","lincoln","continental","Premiere, Select, Reserve, Black Label","generation-baseline","Black Label exists 2015+","2015"
"eaa89d34-91cb-4cb0-bdf2-be55d304973a","2017","ford","f-250","Tremor","generation_inherit","Tremor exists 2020+","2020"
"15097b03-087c-448f-ad85-1b194357238e","2019","ford","f-250","Tremor","generation_inherit","Tremor exists 2020+","2020"
"8159a5eb-3c07-4785-a834-3f5055761add","2007","ford","ranger","XL, XLT, Lariat, Tremor, Raptor","cache-import","Tremor exists 2020+","2020"
"913dec80-6053-4c1a-8ff5-0db1228b7910","2008","ford","ranger","XL, XLT, Lariat, Tremor, Raptor","cache-import","Tremor exists 2020+","2020"
"b4cfeb5f-5df6-46cb-b2b1-c6289fdb287c","2011","ford","ranger","XL, XLT, Lariat, Tremor, Raptor","cache-import","Tremor exists 2020+","2020"
"0b0de98c-c316-45f4-8697-15bfa32ab18b","2019","ford","ranger","Tremor","cache-import [trim-expanded]","Tremor exists 2020+","2020"
"9887a5f0-5044-458d-8f70-a8f6f1b34b7e","2019","ford","ranger","XL, XLT, Lariat, Tremor, Raptor","cache-import","Tremor exists 2020+","2020"
"da1ca3cf-c9ef-46d3-8942-31a700a6ce27","2012","lexus","es","ES 250, ES 300h, ES 350, F Sport","cache-import","300h on es exists 2013+","2013"
"c35abb3e-4b52-4fbe-977d-152fef5aaeac","2026","lexus","es","ES 250, ES 300h, ES 350, F Sport","cache-import","250 on es exists 1990-1991","1990"
"6d7a5a12-9691-4851-adbb-30ba0f9cfa36","2026","lexus","es","ES 250","cache-import [trim-expanded]","250 on es exists 1990-1991","1990"
"b5408bfb-6916-4e54-88cb-3410f0093641","2000","lincoln","navigator","Standard, Reserve, Black Label","generation-baseline","Black Label exists 2015+","2015"
"f78152eb-8829-47ad-9f0e-113dd9e15d79","2017","gmc","acadia","SL, SLE, SLT, AT4, Denali","generation_template [filled from 2020 acadia]","AT4 exists 2019+","2019"
"df136304-e37e-46ab-8e0d-b0b6be4c82d6","2015","gmc","canyon","AT4","generation_template [expanded]","AT4 exists 2019+","2019"
"b4661b35-48b2-4001-ae23-5c04aa98c489","2015","gmc","canyon","Elevation","generation_template [expanded]","Elevation exists 2016+","2016"
"676d0fef-04e4-4085-aa15-c01a611aae5c","2015","gmc","canyon","Elevation, AT4, AT4X, Denali","generation_template","AT4 exists 2019+","2019"
"47483aff-2f9d-4fe2-910c-922f7b08332d","2017","gmc","canyon","Elevation, AT4, AT4X, Denali","generation_template","AT4 exists 2019+","2019"
"8a140dc0-fec5-4a80-9cbf-b6dd3cc4a5d7","1961","lincoln","continental","Reserve","generation-baseline [expanded]","Reserve exists 2015+","2015"
"ba186147-bc50-4e25-9140-70023a00ab7c","1961","lincoln","continental","Black Label","generation-baseline [expanded]","Black Label exists 2015+","2015"
"fd836594-f6ca-4917-8dd2-d0a64befc184","1998","lincoln","navigator","Standard, Reserve, Black Label","generation-baseline","Black Label exists 2015+","2015"
"c69428da-071b-46e6-84d3-bdff6bdac322","1992","gmc","yukon","Denali","generation_template [expanded]","Denali exists 1999+","1999"
"424ef5a2-7432-4136-8557-641deed326e1","1992","gmc","yukon","SLE, SLT, AT4, Denali, Denali Ultimate","generation_template","AT4 exists 2019+","2019"
"170180e1-0635-4ca8-ba74-8aed1159e7bc","1993","gmc","yukon","Denali","generation_template [expanded]","Denali exists 1999+","1999"
"61d39d72-6f8e-4d15-8c66-cb849823956e","1993","gmc","yukon","SLE, SLT, AT4, Denali, Denali Ultimate","generation_template","AT4 exists 2019+","2019"
"2915674d-d4ae-409e-a9b3-fe9ca15372fc","1994","gmc","yukon","Denali","generation_template [expanded]","Denali exists 1999+","1999"
"acfa02d2-97b5-4a68-8dc2-8d77748a0c33","1994","gmc","yukon","SLE, SLT, AT4, Denali, Denali Ultimate","generation_template","AT4 exists 2019+","2019"
"f44a72e2-e826-43c3-9d04-83e42d641e78","1995","gmc","yukon","Denali","generation_template [expanded]","Denali exists 1999+","1999"
"4cb3c763-150b-4e55-be82-a347b5487074","1995","gmc","yukon","SLE, SLT, AT4, Denali, Denali Ultimate","generation_template","AT4 exists 2019+","2019"
"8cd544d2-7059-4479-bae3-98bd3d6eb8b3","1996","gmc","yukon","Denali","generation_template [expanded]","Denali exists 1999+","1999"
"0bee1ad6-e680-440b-a993-b5536173e444","1996","gmc","yukon","SLE, SLT, AT4, Denali, Denali Ultimate","generation_template","AT4 exists 2019+","2019"
"79a4adcf-c6d2-440f-bbed-dd7840d89ff4","1997","gmc","yukon","Denali","generation_template [expanded]","Denali exists 1999+","1999"
"d4bc19ae-fba9-448f-a22f-67ed3abcffa5","1997","gmc","yukon","SLE, SLT, AT4, Denali, Denali Ultimate","generation_template","AT4 exists 2019+","2019"
"95e2bdae-2fdf-43a3-96c5-e57b752a5c26","1998","gmc","yukon","Denali","generation_template [expanded]","Denali exists 1999+","1999"
"1b418c29-609e-4e95-9ec1-05326756ccc5","1999","gmc","yukon","SLE, SLT, AT4, Denali, Denali Ultimate","generation_template","AT4 exists 2019+","2019"
"e8cbc1d9-0f15-487d-ae23-dc8cb29a4cd7","2000","gmc","yukon","SLE, SLT, AT4, Denali, Denali Ultimate","generation_template [sib-same-year:suburban:2000]","AT4 exists 2019+","2019"
"ed188414-bf05-4435-8bc5-4c1ccb9acda1","2002","gmc","yukon","SLE, SLT, AT4, Denali, Denali Ultimate","generation_template","AT4 exists 2019+","2019"
"cead964e-090d-4d41-afac-4ad051537381","2006","gmc","yukon","SLE, SLT, AT4, Denali, Denali Ultimate","generation_template [sib-same-year:suburban:2006]","AT4 exists 2019+","2019"
"3711b7fe-296f-4d28-926b-d67e92b9a6f3","2007","gmc","yukon","SLE, SLT, AT4, Denali, Denali Ultimate","generation_template [sib-same-year:tahoe:2007]","AT4 exists 2019+","2019"
"cdc1b632-04b4-46e8-bc76-fcf7eec9a30a","2008","gmc","yukon","SLE, SLT, AT4, Denali, Denali Ultimate","generation_template [sib-same-year:tahoe:2008]","AT4 exists 2019+","2019"
"4ae77ac7-e9d5-4c48-8c32-c8a65a063d82","2011","gmc","yukon","SLE, SLT, AT4, Denali, Denali Ultimate","generation_template [sib-same-year:tahoe:2011]","AT4 exists 2019+","2019"
"4f55cc31-7c2d-464f-9704-f9b36e5f5be2","2013","gmc","yukon","SLE, SLT, AT4, Denali, Denali Ultimate","generation_template [sib-same-year:tahoe:2013]","AT4 exists 2019+","2019"
"183099bd-3e6b-44bf-8204-700ef246b739","2014","gmc","yukon","SLE, SLT, AT4, Denali, Denali Ultimate","generation_template [sib-same-year:tahoe:2014]","AT4 exists 2019+","2019"
"fa7ed1a0-5de2-44a3-afea-6c7be01cd124","2016","gmc","yukon","SLE, SLT, AT4, Denali, Denali Ultimate","generation_template [filled from 2016 yukon]","AT4 exists 2019+","2019"
"a93288b0-8335-48ef-83a6-626430252040","2017","gmc","yukon","SLE, SLT, AT4, Denali, Denali Ultimate","generation_template [filled from 2017 yukon]","AT4 exists 2019+","2019"
"133ac5a3-13dc-4f69-9bc1-e59e753e40ab","2019","gmc","yukon","SLE, SLT, AT4, Denali, Denali Ultimate","generation_template [filled from 2019 yukon]","Denali Ultimate exists 2022+","2022"
"e2c379b2-f357-421b-a926-4bc0de451c4b","2020","gmc","yukon","SLE, SLT, AT4, Denali, Denali Ultimate","generation_template [filled from 2020 yukon]","Denali Ultimate exists 2022+","2022"
"35e480d8-9c3a-4328-b6f4-db257b5dac40","2021","gmc","yukon","Denali Ultimate","generation_template [sib-same-year:tah [expanded]","Denali Ultimate exists 2022+","2022"
"5b36c4a2-7e2e-43d3-bdd6-4e583d2d9112","2003","honda","pilot","LX, EX, EX-L, Touring, Elite, TrailSport","trim-research","TrailSport exists 2022+","2022"
"1cee67bf-ab1f-407f-b276-f20ea54c3206","2006","honda","pilot","LX, EX, EX-L, Touring, Elite, TrailSport","trim-research","TrailSport exists 2022+","2022"
"13efd446-0bdb-4ce4-8486-308fe60ebb23","2006","honda","pilot","Touring","trim-research","Touring on pilot exists 2009+","2009"
"014e5ec9-95d8-470d-bb5b-8ac9ab2c75dd","2007","honda","pilot","LX, EX, EX-L, Touring, Elite, TrailSport","trim-research","TrailSport exists 2022+","2022"
"97e8c2c5-530f-4eb0-89fb-4d3345480d4c","2007","honda","pilot","Touring","trim-research","Touring on pilot exists 2009+","2009"
"a1fafaad-96fc-4bce-bc20-25a6ca4dfd81","2008","honda","pilot","LX, EX, EX-L, Touring, Elite, TrailSport","trim-research","TrailSport exists 2022+","2022"
"9cea3cc6-0ca5-456c-84ad-fa6f433197d1","2008","honda","pilot","Touring","trim-research","Touring on pilot exists 2009+","2009"
"c186c3b5-81bd-4042-b598-8908d165e0e1","2009","honda","pilot","Elite","cache-import [expanded]","Elite exists 2016+","2016"
"0c7555cd-1f07-4f2b-bf83-459a96151330","2009","honda","pilot","LX, EX, EX-L, Touring, Elite, TrailSport","trim-research","TrailSport exists 2022+","2022"
"347d3d10-e412-43fb-a8c5-bc24aca55522","2009","honda","pilot","TrailSport","cache-import [expanded]","TrailSport exists 2022+","2022"
"40536be3-86b3-4a17-9e81-41d41acb0ad6","2010","honda","pilot","Elite","cache-import [expanded]","Elite exists 2016+","2016"
"9e08f53f-1e65-4480-9660-d4e24bacd058","2010","honda","pilot","TrailSport","cache-import [expanded]","TrailSport exists 2022+","2022"
"2e40059b-74c1-4cd0-a171-e178c9a28c99","2011","honda","pilot","LX, EX, EX-L, Touring, Elite, TrailSport","trim-research","TrailSport exists 2022+","2022"
"fcec8174-376b-4a7f-bd9d-b39803d1d18e","2011","honda","pilot","TrailSport","cache-import [expanded]","TrailSport exists 2022+","2022"
"1b2dd5c1-3964-4e29-909f-b372b845eb63","2012","honda","pilot","LX, EX, EX-L, Touring, Elite, TrailSport","trim-research","TrailSport exists 2022+","2022"
"4d2fd9b7-f5bc-45e1-a884-f65b4c09449a","2012","honda","pilot","TrailSport","cache-import [expanded]","TrailSport exists 2022+","2022"
"6b421b05-3ff7-45dc-9a7f-3d2ff9bdde1f","2013","honda","pilot","Elite","cache-import [expanded]","Elite exists 2016+","2016"
"e0c4ea0d-4479-4f8f-9dbb-58f2da6104cb","2013","honda","pilot","TrailSport","cache-import [expanded]","TrailSport exists 2022+","2022"
"0a2199a9-b358-4c47-a527-ddca2f986a2c","2015","honda","pilot","LX, EX, EX-L, Touring, Elite, TrailSport","trim-research","TrailSport exists 2022+","2022"
"c2ba6ea7-4a4b-40dd-8ea1-3b579f076415","2016","honda","pilot","LX, EX, EX-L, Touring, Elite, TrailSport","trim-research","TrailSport exists 2022+","2022"
"80692a98-32e8-41a2-a5ab-fa097846e652","2017","honda","pilot","TrailSport","cache-import [expanded]","TrailSport exists 2022+","2022"
"d8347f8b-2bca-46cd-af3c-92047f73e7fd","2019","honda","pilot","LX, EX, EX-L, Touring, Elite, TrailSport","trim-research","TrailSport exists 2022+","2022"
"d1a89203-f21f-4715-a7be-c5618df83c6c","2020","honda","pilot","LX, EX, EX-L, Touring, Elite, TrailSport","trim-research","TrailSport exists 2022+","2022"
"fcc0426f-aee2-4ebe-aed3-750664834d95","2020","honda","pilot","TrailSport","cache-import [trim-expanded]","TrailSport exists 2022+","2022"
"5f2b89ae-0801-4ce6-97e3-c15c6b4cfe1a","2021","honda","pilot","LX, EX, EX-L, Touring, Elite, TrailSport","trim-research","TrailSport exists 2022+","2022"
"8c602ef2-f39b-4993-b7e5-39eb646a073c","2021","honda","pilot","TrailSport","cache-import [trim-expanded]","TrailSport exists 2022+","2022"
"c4de9936-4a97-4ded-b1ea-5e7755990b9b","2006","honda","ridgeline","Sport, RTL, RTL-E, Black Edition, TrailSport","trim-research","TrailSport exists 2022+","2022"
"ba4fe6f9-08d1-47ed-b1d3-768d14f6fa24","2006","honda","ridgeline","TrailSport","trim-research","TrailSport exists 2022+","2022"
"76a90180-da9e-4d87-86d3-d16652b09688","2007","honda","ridgeline","Black Edition","trim-research","Black Edition exists 2017+","2017"
"58d32eb0-23ea-4a5f-9750-e25986b0697f","2007","honda","ridgeline","Sport, RTL, RTL-E, Black Edition, TrailSport","trim-research","TrailSport exists 2022+","2022"
"70144106-5d41-44a1-a41e-3f3c9bbf2591","2007","honda","ridgeline","TrailSport","trim-research","TrailSport exists 2022+","2022"
"5cc7a064-5ec7-4093-af52-cf38c0dc4b32","2009","honda","ridgeline","Black Edition","trim-research","Black Edition exists 2017+","2017"
"d0391e76-a9d8-4431-91e6-ecdc9b133d1a","2009","honda","ridgeline","Sport, RTL, RTL-E, Black Edition, TrailSport","trim-research","TrailSport exists 2022+","2022"
"e8d28433-e56a-4724-b934-18e8ec29ec9b","2010","honda","ridgeline","Sport, RTL, RTL-E, Black Edition, TrailSport","trim-research","TrailSport exists 2022+","2022"
"80c803ed-1107-485a-a38c-6222a31ee71f","2010","honda","ridgeline","TrailSport","trim-research","TrailSport exists 2022+","2022"
"ef4ee6cc-ebd8-4993-a9eb-4efd9cee0f9a","2011","honda","ridgeline","Black Edition","trim-research","Black Edition exists 2017+","2017"
"9cc96fa8-f80e-499d-aa60-7fe48a340c89","2011","honda","ridgeline","Sport, RTL, RTL-E, Black Edition, TrailSport","trim-research","TrailSport exists 2022+","2022"
"a1814522-5e77-4b51-813f-9b565fac49d9","2011","honda","ridgeline","TrailSport","trim-research","TrailSport exists 2022+","2022"
"b70168ce-d83e-458a-96b0-0ee05b2f885d","2016","toyota","prius","L Eco, LE, XLE, Limited","manual_seed_spec","XLE on prius exists 2019+","2019"
"8802e27f-8e95-4ecc-8559-2870002a8c1b","2016","toyota","prius","LE","manual_seed_spec [expanded]","LE on prius exists 2019+","2019"
"c17fb9cf-9304-4c9f-b7a4-958beca77588","2016","toyota","prius","Limited","manual_seed_spec [expanded]","Limited on prius exists 2019+","2019"
"1f5d4571-8d3d-4dba-800e-adb2421576d5","2016","toyota","prius","XLE","manual_seed_spec [expanded]","XLE on prius exists 2019+","2019"
"1cdf6ffc-67a7-468f-8546-3223ce9d08e5","2017","toyota","prius","L Eco, LE, XLE, Limited","manual_seed_spec","XLE on prius exists 2019+","2019"
"d4ba38bb-5556-42d1-87b7-12c068acd459","2017","toyota","prius","LE","manual_seed_spec [expanded]","LE on prius exists 2019+","2019"
"52aa64e8-9965-48b2-92ac-b21e006da8cc","2017","toyota","prius","Limited","manual_seed_spec [expanded]","Limited on prius exists 2019+","2019"
"aadc1fe4-46b0-4e19-b98d-5cafa0445708","2017","toyota","prius","XLE","manual_seed_spec [expanded]","XLE on prius exists 2019+","2019"
"798c9729-747c-4d7b-88be-1d8343f04176","2002","toyota","rav4","LE, XLE, XLE Premium, Adventure, TRD Off-Road, Limited","trim-research","TRD Off-Road exists 2016+","2016"
"26cf143e-4a5f-4c32-a762-8c88a5f08925","2003","toyota","rav4","LE, XLE, XLE Premium, Adventure, TRD Off-Road, Limited","trim-research","TRD Off-Road exists 2016+","2016"
"ec1cf303-d5d9-4428-8984-749ba3fccf5a","2004","toyota","rav4","LE, XLE, XLE Premium, Adventure, TRD Off-Road, Limited","trim-research","TRD Off-Road exists 2016+","2016"
"6719aa34-ac12-4156-a443-e45fd84f64b9","2005","toyota","rav4","LE, XLE, XLE Premium, Adventure, TRD Off-Road, Limited","trim-research","TRD Off-Road exists 2016+","2016"
"dc300c89-60fa-40d1-a97b-574bee1b351e","2006","toyota","rav4","LE, XLE, XLE Premium, Adventure, TRD Off-Road, Limited","trim-research","TRD Off-Road exists 2016+","2016"
"9c9fc572-691f-44eb-a69d-048d6fe752d7","2007","toyota","rav4","LE, XLE, XLE Premium, Adventure, TRD Off-Road, Limited","trim-research","TRD Off-Road exists 2016+","2016"
"3cbb65f2-d2ed-45c9-ae48-f76b96b8660a","2009","toyota","rav4","LE, XLE, XLE Premium, Adventure, TRD Off-Road, Limited","verified-research [sizes-inherited]","TRD Off-Road exists 2016+","2016"
"b25dab11-cd9e-4920-a628-5967329fd240","2010","toyota","rav4","LE, XLE, XLE Premium, Adventure, TRD Off-Road, Limited","trim-research","TRD Off-Road exists 2016+","2016"
"319deb21-dd34-40f8-8ccf-bf143072f61c","2011","toyota","rav4","LE, XLE, XLE Premium, Adventure, TRD Off-Road, Limited","trim-research","TRD Off-Road exists 2016+","2016"
"2c53d331-39f0-4342-9b02-083e1760b79a","2012","toyota","rav4","LE, XLE, XLE Premium, Adventure, TRD Off-Road, Limited","trim-research","TRD Off-Road exists 2016+","2016"
"fce7f1da-fdae-4d79-bd0b-e387042d868b","2009","volkswagen","gti","Autobahn","cache-import [expanded]","Autobahn exists 2015+","2015"
"bec0db19-d445-497b-9db4-8beddd42b36d","2009","volkswagen","gti","S, SE, Autobahn","cache-import","Autobahn exists 2015+","2015"
"1ed13117-05c1-436a-ab23-e08206933528","2010","volkswagen","gti","Autobahn","cache-import [expanded]","Autobahn exists 2015+","2015"
"c42f9f6e-e735-4c78-98bc-de6ece8e72ad","2010","volkswagen","gti","S, SE, Autobahn","cache-import","Autobahn exists 2015+","2015"
"a2e9f9ad-ab59-4f60-8e01-2a550dc3b00d","2011","volkswagen","gti","Autobahn","cache-import [expanded]","Autobahn exists 2015+","2015"
"bac93c12-93fa-441b-855e-78d1d009e7fe","2011","volkswagen","gti","S, SE, Autobahn","cache-import","Autobahn exists 2015+","2015"
"824e7f78-df5e-4c15-9feb-f8219c10d2a7","2012","volkswagen","gti","Autobahn","cache-import [expanded]","Autobahn exists 2015+","2015"
"44322dde-0644-4811-93cf-2eeee954341d","2012","volkswagen","gti","S, SE, Autobahn","cache-import","Autobahn exists 2015+","2015"
"0fb1f007-d7da-4977-86d5-111e0ea25fca","2013","volkswagen","gti","Autobahn","cache-import [expanded]","Autobahn exists 2015+","2015"
"e9ab7223-11f5-4514-aed4-3915407013bf","2013","volkswagen","gti","S, SE, Autobahn","cache-import","Autobahn exists 2015+","2015"
"84bc7dee-989f-4dff-b08f-61f541be0c6e","2014","volkswagen","gti","Autobahn","cache-import [expanded]","Autobahn exists 2015+","2015"
"185ea3cb-ae5d-4218-b5e3-8fe67c61b346","2014","volkswagen","gti","S, SE, Autobahn","cache-import","Autobahn exists 2015+","2015"
"0017bb6f-7b13-4261-a5d7-c018f11c638c","2001","lexus","gs","GS 300, GS 350, GS F, F Sport","cache-import","F Sport exists 2011+","2011"
"18e6a1aa-285b-444e-a73d-2d37cbf26dc5","2002","lexus","gs","GS 300, GS 350, GS F, F Sport","cache-import","F Sport exists 2011+","2011"
"de5bfbf2-0b03-420f-9eae-9859ba8d3ea8","2003","lexus","gs","GS 300, GS 350, GS F, F Sport","cache-import","F Sport exists 2011+","2011"
"0361ea59-e9c9-4672-a0b3-9aae0a9d5e79","2002","nissan","altima","Platinum","cache-import [expanded]","Platinum on altima exists 2019+","2019"
"6860c151-4f2e-4a89-aaab-0d1fc26bdad3","2002","nissan","altima","S, SV, SL, SR, Platinum","cache-import","SV on altima exists 2013+","2013"
"5c647ec1-a4e6-4105-a374-edef3dac9fa0","2002","nissan","altima","SR","cache-import [expanded]","SR on altima exists 2010+","2010"
"9dae69d0-6b59-46ac-a242-575a5c674fd9","2002","nissan","altima","SV","cache-import [expanded]","SV on altima exists 2013+","2013"
"ef7637b9-6d2c-4a05-9c71-f0e127e9b111","2003","nissan","altima","Platinum","cache-import [expanded]","Platinum on altima exists 2019+","2019"
"9d9afe0f-dd1f-47da-bd35-19a801794da8","2003","nissan","altima","S, SV, SL, SR, Platinum","cache-import","SV on altima exists 2013+","2013"
"91260869-c6b4-4180-9dc7-567e7d5d8ea9","2003","nissan","altima","SR","cache-import [expanded]","SR on altima exists 2010+","2010"
"95a2c934-bf6b-40eb-a200-45d872749c5a","2003","nissan","altima","SV","cache-import [expanded]","SV on altima exists 2013+","2013"
"2640b186-691c-4438-8c48-ead5256cd8e9","2004","nissan","altima","Platinum","cache-import [expanded]","Platinum on altima exists 2019+","2019"
"da640656-32d4-4e73-9fce-be0613a5cfe0","2004","nissan","altima","S, SV, SL, SR, Platinum","cache-import","SV on altima exists 2013+","2013"
"81e20f82-19ed-4e2d-b1dd-5db47ef2dcef","2004","nissan","altima","SR","cache-import [expanded]","SR on altima exists 2010+","2010"
"017801f0-e078-42b9-8f00-6454d945508c","2004","nissan","altima","SV","cache-import [expanded]","SV on altima exists 2013+","2013"
"93564738-ae1d-4374-8fc4-98c4c921ba7d","2005","nissan","altima","Platinum","cache-import [expanded]","Platinum on altima exists 2019+","2019"
"055e6d26-3ca4-4b2e-84c5-f1b328409036","2005","nissan","altima","S, SV, SL, SR, Platinum","cache-import","SV on altima exists 2013+","2013"
"542cb77b-a2c2-48b8-ad83-a9f8b24e9548","2005","nissan","altima","SR","cache-import [expanded]","SR on altima exists 2010+","2010"
"cc6595b4-78e8-4590-b38b-5bbaa91e1fca","2005","nissan","altima","SV","cache-import [expanded]","SV on altima exists 2013+","2013"
"cfb9e661-dd89-4dc1-a0f5-8a5e73f7095e","2006","nissan","altima","Platinum","cache-import [expanded]","Platinum on altima exists 2019+","2019"
"90451018-42e9-4779-ae15-539bc06ade3f","2006","nissan","altima","S, SV, SL, SR, Platinum","cache-import","SV on altima exists 2013+","2013"
"80dfda0b-28db-494f-b462-630a875221bf","2006","nissan","altima","SR","cache-import [expanded]","SR on altima exists 2010+","2010"
"a763957e-087c-4573-9c17-ce655c165790","2006","nissan","altima","SV","cache-import [expanded]","SV on altima exists 2013+","2013"
"980352e1-eaff-4ccc-a328-43f5f3380bfa","2007","nissan","altima","Platinum","cache-import [expanded]","Platinum on altima exists 2019+","2019"
"e14fc436-7ca4-42d6-bc70-b811cbb44ecb","2007","nissan","altima","S, SV, SL, SR, Platinum","cache-import","SV on altima exists 2013+","2013"
"aa80fa33-b0fb-4892-9bfb-91622c80cc39","2007","nissan","altima","SR","cache-import [expanded]","SR on altima exists 2010+","2010"
"f860d5d0-04fa-49bc-ad83-eb0c5a8dc723","2007","nissan","altima","SV","cache-import [expanded]","SV on altima exists 2013+","2013"
"d0e5d3d0-091b-467d-9b74-7e4a03bbfd91","2008","nissan","altima","Platinum","cache-import [expanded]","Platinum on altima exists 2019+","2019"
"bd60c96f-d017-4bcf-9a61-6b1572c25a49","2008","nissan","altima","S, SV, SL, SR, Platinum","cache-import","SV on altima exists 2013+","2013"
"e98cd1de-320d-4254-9757-2ea162ba0006","2008","nissan","altima","SR","cache-import [expanded]","SR on altima exists 2010+","2010"
"635f364e-45be-4847-aa53-862587350c03","2008","nissan","altima","SV","cache-import [expanded]","SV on altima exists 2013+","2013"
"c6006b41-1d7f-499f-a290-4179b340d5a7","2009","nissan","altima","Platinum","cache-import [expanded]","Platinum on altima exists 2019+","2019"
"35b2f67d-30de-408e-adf5-2a3606bd3d4b","2009","nissan","altima","S, SV, SL, SR, Platinum","cache-import","SV on altima exists 2013+","2013"
"96b983c5-b6c7-4916-af01-e5307d17cec8","2009","nissan","altima","SR","cache-import [expanded]","SR on altima exists 2010+","2010"
"0f8d97d3-e5b8-4733-b843-559def0d606c","2009","nissan","altima","SV","cache-import [expanded]","SV on altima exists 2013+","2013"
"055812a3-6b22-4f94-9352-02d88665eeac","2010","nissan","altima","Platinum","cache-import [expanded]","Platinum on altima exists 2019+","2019"
"7dd6bb8b-e661-46f0-8b29-abcf4aa1cb4c","2010","nissan","altima","S, SV, SL, SR, Platinum","cache-import","SV on altima exists 2013+","2013"
"8e3985fe-a22f-42f9-a73c-94a8d429bdbf","2010","nissan","altima","SV","cache-import [expanded]","SV on altima exists 2013+","2013"
"8dda6c60-a2d4-4f4d-92ed-eeed9608b63f","1999","ram","2500","Tradesman, Big Horn, Power Wagon, Laramie, Limited, Longhorn","api_import","Limited exists 2015+","2015"
"1116438c-fa1e-41cd-befe-21fac12706ff","1997","lexus","es","ES 330","cache-import [expanded]","330 on es exists 2004-2006","2004"
"6ea744ec-662e-4a75-8cec-ee8b4062f5e9","1999","lexus","es","ES 330","cache-import [expanded]","330 on es exists 2004-2006","2004"
"2f10926f-25e1-498b-88a9-ca025d131cef","2002","lexus","es","ES 330","cache-import [expanded]","330 on es exists 2004-2006","2004"
"fdec8a30-990e-4c79-9c71-5c9d6952cd22","2001","lexus","is","IS 300, IS 350, IS 500, F Sport","cache-import","F Sport exists 2011+","2011"
"24bc1bdd-5309-4f48-bc74-b76527154253","2005","lexus","is","IS 300, IS 350, IS 500, F Sport","cache-import","F Sport exists 2011+","2011"
"fe78e2ff-d78c-4551-ba62-123485ec78b7","1990","lexus","ls","LS 500, LS 500h, F Sport","cache-import","F Sport exists 2011+","2011"
"4b94714b-4007-49f2-9ddd-20128b72ae39","1991","lexus","ls","LS 500, LS 500h, F Sport","cache-import","F Sport exists 2011+","2011"
"e51be58d-d866-46f3-8596-173fdb64c844","1992","lexus","ls","LS 500, LS 500h, F Sport","cache-import","F Sport exists 2011+","2011"
"549902cd-3f7a-4926-b7ca-42d162ed7cd5","1995","lexus","ls","LS 500, LS 500h, F Sport","cache-import","F Sport exists 2011+","2011"
"832bf2bc-892f-4c75-9d82-353019ed3e0c","1996","lexus","ls","LS 500, LS 500h, F Sport","cache-import","F Sport exists 2011+","2011"
"35166e72-4c7c-46a8-ae9d-8f8ed1b65a22","1999","lexus","ls","LS 500, LS 500h, F Sport","cache-import","F Sport exists 2011+","2011"
"6a7a8c49-3c3d-4b19-9e67-afd1705d8d57","2001","lexus","ls","LS 500, LS 500h, F Sport","cache-import","F Sport exists 2011+","2011"
"0af56f30-a8c7-4139-b31f-f97e7c32f29c","2003","lexus","ls","LS 500, LS 500h, F Sport","cache-import","F Sport exists 2011+","2011"
"da8399c5-24da-427c-bdb0-f675ce423178","2004","lexus","ls","LS 500, LS 500h, F Sport","cache-import","F Sport exists 2011+","2011"
"bc44fdb4-e9af-43b6-bf7b-7249eb94197f","2005","lexus","ls","LS 500, LS 500h, F Sport","cache-import","F Sport exists 2011+","2011"
"0182df28-46c2-4753-8acd-ed7bac6ddf1b","2006","lexus","ls","LS 500, LS 500h, F Sport","cache-import","F Sport exists 2011+","2011"
"de6b2045-690e-4195-8bee-ba06460c0976","2008","lexus","ls","LS 500, LS 500h, F Sport","cache-import","F Sport exists 2011+","2011"
"5d3f8af7-9fac-4be7-be1a-1bebcf544acd","2001","lexus","rx","RX 350, RX 350L, RX 450h, RX 500h, F Sport","cache-import","F Sport exists 2011+","2011"
"d6fb285e-af1e-403b-af68-f2f5c6b17a39","2004","lexus","rx","RX 350, RX 350L, RX 450h, RX 500h, F Sport","cache-import","F Sport exists 2011+","2011"
"829803b6-eaf1-4a4c-886b-3087344a2337","2003","lincoln","aviator","Grand Touring","generation-baseline [expanded]","Grand Touring exists 2020+","2020"
"01e6c5e8-36df-4515-b1d0-57ce45c2a824","2003","lincoln","aviator","Reserve","generation-baseline [expanded]","Reserve exists 2015+","2015"
"fdbcf7c1-c894-4b73-bb52-0ee40584f371","2003","lincoln","aviator","Standard, Reserve, Grand Touring, Black Label","generation-baseline","Black Label exists 2015+","2015"
"1827c314-0de6-44c5-a2de-bf6e3d927819","2004","lincoln","aviator","Standard, Reserve, Grand Touring, Black Label","generation-baseline","Black Label exists 2015+","2015"
"5019c057-5eab-4c5b-b3e4-e965e045f387","2005","lincoln","aviator","Black Label","generation-baseline [expanded]","Black Label exists 2015+","2015"
"c61c2f98-9e28-47a6-abce-5dcecce47378","2005","lincoln","aviator","Reserve","generation-baseline [expanded]","Reserve exists 2015+","2015"
"25a0b1ea-e82c-4b05-86cb-bf489ff2a951","2005","lincoln","aviator","Standard, Reserve, Grand Touring, Black Label","generation-baseline","Black Label exists 2015+","2015"
"ee91ddc4-e5de-4ba3-a2ad-53be520f4ebd","1990","lincoln","continental","Black Label","generation-baseline [expanded]","Black Label exists 2015+","2015"
"c02bec77-9603-423d-9c0d-b3c16ee3bd6b","1990","lincoln","continental","Premiere, Select, Reserve, Black Label","generation-baseline","Black Label exists 2015+","2015"
"89db7238-3e37-4fe5-b6c7-4891bbd9ef2c","1990","lincoln","continental","Reserve","generation-baseline [expanded]","Reserve exists 2015+","2015"
"f1e8ff0c-bb09-484d-b155-3ad2aecd2a72","2000","lincoln","continental","Black Label","generation-baseline [expanded]","Black Label exists 2015+","2015"
"5b73e073-889c-482f-93e3-a0fd507c2805","2000","lincoln","continental","Premiere, Select, Reserve, Black Label","generation-baseline","Black Label exists 2015+","2015"
"1e3fd906-b846-443f-9cb6-ec0cca714577","2000","lincoln","continental","Reserve","generation-baseline [expanded]","Reserve exists 2015+","2015"
"37a4ca7c-2ce7-4bd5-ace4-43208e3cdd80","2001","lincoln","continental","Black Label","generation-baseline [expanded]","Black Label exists 2015+","2015"
"f1e5bb63-6ed1-4085-b85f-5d829c6646df","2001","lincoln","continental","Premiere, Select, Reserve, Black Label","generation-baseline","Black Label exists 2015+","2015"
"2f3b0eb1-9e29-46f3-ab7e-ed08fe3f2989","2001","lincoln","continental","Reserve","generation-baseline [expanded]","Reserve exists 2015+","2015"
"7c90f0aa-9d0e-4edd-b5ee-aab6d1412071","2002","lincoln","continental","Black Label","generation-baseline [expanded]","Black Label exists 2015+","2015"
"8dd51682-e116-49e2-b916-b94991e244bd","2002","lincoln","continental","Reserve","generation-baseline [expanded]","Reserve exists 2015+","2015"
"c1e33605-9e07-4dd5-b346-52d5956e34f9","2007","lincoln","mkx","Black Label","generation-baseline [expanded]","Black Label exists 2015+","2015"
"6c7db6c5-5549-4ed8-9345-064f63ab50ca","2007","lincoln","mkx","Premiere, Select, Reserve, Black Label","generation-baseline","Black Label exists 2015+","2015"
"acfbf2e4-25a7-4f5b-abe2-2ee9d3484524","2007","lincoln","mkx","Reserve","generation-baseline [expanded]","Reserve exists 2015+","2015"
"bfbea683-f619-41c6-9b59-494cef54139b","2008","lincoln","mkx","Black Label","generation-baseline [expanded]","Black Label exists 2015+","2015"
"1b37017e-2dab-4020-85d2-7ee03dd46e3c","2008","lincoln","mkx","Premiere, Select, Reserve, Black Label","generation-baseline","Black Label exists 2015+","2015"
"e0b1e6bd-a7be-409f-b0de-ef863edeadde","2008","lincoln","mkx","Reserve","generation-baseline [expanded]","Reserve exists 2015+","2015"
"cfb9d429-bd4f-47b2-bc6a-ae221af4b53a","1998","lincoln","navigator","Black Label","generation-baseline [expanded]","Black Label exists 2015+","2015"
"f4012a88-fe7b-4733-a634-f1b233117f83","1998","lincoln","navigator","Reserve","generation-baseline [expanded]","Reserve exists 2015+","2015"
"0666212f-fd91-41e2-8663-435f1e2858a9","1999","lincoln","navigator","Black Label","generation-baseline [expanded]","Black Label exists 2015+","2015"
"9a715fbb-022b-42df-b591-7470f3f7cd02","1999","lincoln","navigator","Standard, Reserve, Black Label","generation-baseline","Black Label exists 2015+","2015"
"cce893d6-2b07-469a-bb55-c6defd3fa6d4","2001","lincoln","navigator","Black Label","generation-baseline [expanded]","Black Label exists 2015+","2015"
"382709b7-b602-4c07-a9c1-25cf90e64793","2001","lincoln","navigator","Reserve","generation-baseline [expanded]","Reserve exists 2015+","2015"
"11564f7b-32ea-495f-8a6b-aa62204a7dec","2001","lincoln","navigator","Standard, Reserve, Black Label","generation-baseline","Black Label exists 2015+","2015"
"94c75744-b23f-4339-be16-36e070bfe006","2002","lincoln","navigator","Black Label","generation-baseline [expanded]","Black Label exists 2015+","2015"
"0d0f6ef4-825b-415f-ac88-d681e0eacd88","2002","lincoln","navigator","Reserve","generation-baseline [expanded]","Reserve exists 2015+","2015"
"f50d13ff-519a-43d5-ad4c-d4607022d119","2003","lincoln","navigator","Black Label","generation-baseline [expanded]","Black Label exists 2015+","2015"
"2ef791fc-6b04-4c2b-bcd9-c80598864779","2003","lincoln","navigator","Reserve","generation-baseline [expanded]","Reserve exists 2015+","2015"
"8f9921f1-8403-4ae1-ba30-a79b8e8c9c2f","2003","lincoln","navigator","Standard, Reserve, Black Label","generation-baseline","Black Label exists 2015+","2015"
"46a99a66-0f8c-4234-ad15-4de5c33472f1","2004","lincoln","navigator","Black Label","generation-baseline [expanded]","Black Label exists 2015+","2015"
"dd390dea-dc06-4f53-aafa-b20b10750a94","2004","lincoln","navigator","Reserve","generation-baseline [expanded]","Reserve exists 2015+","2015"
"4bda8384-0783-4310-b96a-0501023c9d76","2004","lincoln","navigator","Standard, Reserve, Black Label","generation-baseline","Black Label exists 2015+","2015"
"c123278b-0836-43c5-947c-fd20483db4cf","2005","lincoln","navigator","Black Label","generation-baseline [expanded]","Black Label exists 2015+","2015"
"69af78dd-202f-4853-a09e-81a4209032e6","2005","lincoln","navigator","Standard, Reserve, Black Label","generation-baseline","Black Label exists 2015+","2015"
"4e2ecee1-a187-4bef-9f55-37b76fda1fb0","2006","lincoln","navigator","Black Label","generation-baseline [expanded]","Black Label exists 2015+","2015"
"3cb8cbce-f567-4f8e-8e56-ab23d685c553","2006","lincoln","navigator","Reserve","generation-baseline [expanded]","Reserve exists 2015+","2015"
"3357ca9a-e060-45f9-8c0c-57ef6a4e2751","2008","lincoln","navigator","Reserve","generation-baseline [expanded]","Reserve exists 2015+","2015"
"d5f99153-6809-45e3-b374-4da5848b1001","2008","lincoln","navigator","Standard, Reserve, Black Label","generation-baseline","Black Label exists 2015+","2015"
"9d205351-877c-4df8-ba2e-3ad2043d93a3","2009","lincoln","navigator","Reserve","generation-baseline [expanded]","Reserve exists 2015+","2015"
"16d66dc1-ebbd-4f63-adaa-47049d1deb92","2009","lincoln","navigator","Standard, Reserve, Black Label","generation-baseline","Black Label exists 2015+","2015"
"6521dc04-4bf9-4dd1-ae68-dbe91a04a022","2010","lincoln","navigator","Black Label","generation-baseline [expanded]","Black Label exists 2015+","2015"
"a53ee76a-fb80-4a8a-a13a-4068f552cd6f","2011","lincoln","navigator","Black Label","generation-baseline [expanded]","Black Label exists 2015+","2015"
"833edde0-7914-4933-b355-6d70dde927b1","2011","lincoln","navigator","Reserve","generation-baseline [expanded]","Reserve exists 2015+","2015"
"1d92f4d4-ae30-4f68-84a9-f4e0d03f1fb4","2011","lincoln","navigator","Standard, Reserve, Black Label","generation-baseline","Black Label exists 2015+","2015"
"31cc7dff-e759-4ec5-ae1b-51e295b610ca","2004","nissan","titan","PRO-4X","generation_inherit_2015 [expanded]","PRO-4X exists 2005+","2005"
"2876d894-3270-46f6-9c78-0c7bc4f4be3a","2004","nissan","titan","Pro-4X","generation_inherit","PRO-4X exists 2005+","2005"
"33604f48-bcea-4cc0-a151-0c3b2ad073b6","2004","nissan","titan","S, SV, SL, Platinum Reserve, PRO-4X","generation_inherit_2015","PRO-4X exists 2005+","2005"
"a48553f7-0341-4b6c-ba93-ed461e3886e2","1998","ram","3500","Tradesman, Big Horn, Laramie, Limited, Longhorn","api_import","Limited exists 2015+","2015"
"b3ce3142-b6ad-4e2a-9d9e-4a4ad1d30e7e","2002","ram","3500","Tradesman, Big Horn, Laramie, Limited, Longhorn","api_import [web_research]","Limited exists 2015+","2015"
"a2046927-8693-4916-a2f8-adf450942532","1992","ford","explorer","Base, XLT, Limited, ST, Platinum, King Ranch, Timberline","cache-import","Timberline exists 2021+","2021"
"77d5cba7-0075-4b97-a03a-b5685ea19fd2","2002","lexus","ls","LS 500, LS 500h, F Sport","cache-import","F Sport exists 2011+","2011"
"149bf112-282d-43b4-a436-5df511098036","2000","lexus","rx","RX 350, RX 350L, RX 450h, RX 500h, F Sport","cache-import","F Sport exists 2011+","2011"
"6acc57f7-f4b4-4570-8ed9-b3341a207d6b","2002","lexus","rx","RX 350, RX 350L, RX 450h, RX 500h, F Sport","cache-import","F Sport exists 2011+","2011"
"2416a05f-6830-403f-99cb-84c5e5b6c8fb","2006","lexus","rx","RX 350, RX 350L, RX 450h, RX 500h, F Sport","cache-import","F Sport exists 2011+","2011"
"f52063ec-7b5d-432b-904f-223c9e1f0900","2008","lexus","rx","RX 350, RX 350L, RX 450h, RX 500h, F Sport","cache-import","F Sport exists 2011+","2011"
"d97ba060-d8c5-4c9e-8bb2-9062702fa7d7","2007","lincoln","mkz","Reserve","wheelsize [expanded]","Reserve exists 2015+","2015"
"8b433656-f927-4245-a0e4-e87bec7c89f2","2008","lincoln","mkz","Reserve","generation-baseline [expanded]","Reserve exists 2015+","2015"
"83541033-28ff-4be1-bfc6-4e12e8b2c992","2005","lincoln","navigator","Reserve","generation-baseline [expanded]","Reserve exists 2015+","2015"
"63b2579f-1fce-44f6-adec-24eb0dc7fd9a","2006","lincoln","navigator","Standard, Reserve, Black Label","generation-baseline","Black Label exists 2015+","2015"
"c2d6e433-4df9-4b12-822d-ee6f88cb9192","1998","subaru","forester","Base, Premium, Sport, Limited, Touring, Wilderness","cache-import","Wilderness exists 2022+","2022"
"0f695075-b736-4eb5-9eb6-8b9d5c9764be","1998","subaru","forester","Touring","cache-import [expanded]","Touring on forester exists 2014+","2014"
"a716f9ee-a843-4c40-80ab-0fc0cb9a5645","1998","subaru","forester","Wilderness","cache-import [expanded]","Wilderness exists 2022+","2022"
"66f9d2bd-feb6-4b16-8075-7fa6798d6f78","1999","subaru","forester","Base, Premium, Sport, Limited, Touring, Wilderness","cache-import","Wilderness exists 2022+","2022"
"c3a81f23-ce07-46d6-81aa-01998f5ea73e","1999","subaru","forester","Touring","cache-import [expanded]","Touring on forester exists 2014+","2014"
"bc13afae-7144-4485-9462-91f48516d749","1999","subaru","forester","Wilderness","cache-import [expanded]","Wilderness exists 2022+","2022"
"bb9daebc-7cfd-439b-8811-6b0aea281ed4","2000","subaru","forester","Base, Premium, Sport, Limited, Touring, Wilderness","cache-import","Wilderness exists 2022+","2022"
"9609b818-94d2-46e7-a9c4-25136855f845","2000","subaru","forester","Touring","cache-import [expanded]","Touring on forester exists 2014+","2014"
"162c9e8d-168c-4154-ad04-1eb25f584674","2000","subaru","forester","Wilderness","cache-import [expanded]","Wilderness exists 2022+","2022"
"1d5c5663-777f-4c5a-b368-23a29b8071cd","2001","subaru","forester","Base, Premium, Sport, Limited, Touring, Wilderness","cache-import","Wilderness exists 2022+","2022"
"1d9717d6-2580-4b37-9fbf-77b1a942da56","2001","subaru","forester","Touring","cache-import [expanded]","Touring on forester exists 2014+","2014"
"fa280e78-7c5f-44da-b2de-ec7d291c1b26","2001","subaru","forester","Wilderness","cache-import [expanded]","Wilderness exists 2022+","2022"
"98291e7f-de64-4570-bd85-162fca3f43aa","2002","subaru","forester","Base, Premium, Sport, Limited, Touring, Wilderness","cache-import","Wilderness exists 2022+","2022"
"aa26fe86-b86a-4730-a913-d1236f61c30a","2002","subaru","forester","Touring","cache-import [expanded]","Touring on forester exists 2014+","2014"
"16ea214d-c135-4080-9ff9-a4548e7e53e1","2002","subaru","forester","Wilderness","cache-import [expanded]","Wilderness exists 2022+","2022"
"5a801ac8-ad18-47e7-993b-160c7a251794","2003","subaru","forester","Base, Premium, Sport, Limited, Touring, Wilderness","cache-import","Wilderness exists 2022+","2022"
"fb5c04a3-d26c-4066-9c9d-fd6d4d721e0c","2003","subaru","forester","Touring","cache-import [expanded]","Touring on forester exists 2014+","2014"
"82a64513-73a1-44b3-afa9-73acdc9f4ebd","2003","subaru","forester","Wilderness","cache-import [expanded]","Wilderness exists 2022+","2022"
"0619aa2e-9ba3-4f72-bbf7-9f70d7472a84","2004","subaru","forester","Base, Premium, Sport, Limited, Touring, Wilderness","cache-import","Wilderness exists 2022+","2022"
"8209b84f-c168-46e1-9dcb-597f3f82e040","2004","subaru","forester","Touring","cache-import [expanded]","Touring on forester exists 2014+","2014"
"1a9ae259-219e-4f4d-b85b-a82466870141","2004","subaru","forester","Wilderness","cache-import [expanded]","Wilderness exists 2022+","2022"
"33631b7f-32b2-42c3-8685-2ce53bda8454","2005","subaru","forester","Base, Premium, Sport, Limited, Touring, Wilderness","cache-import","Wilderness exists 2022+","2022"
"49d719ca-3ede-4e0a-8d6f-c0e4741ad489","2005","subaru","forester","Touring","cache-import [expanded]","Touring on forester exists 2014+","2014"
"34deacdc-4749-4a44-aa61-039b354c0c6f","2005","subaru","forester","Wilderness","cache-import [expanded]","Wilderness exists 2022+","2022"
"9227dddf-99b3-4ac9-a6bb-b7ad50152672","2006","subaru","forester","Base, Premium, Sport, Limited, Touring, Wilderness","cache-import","Wilderness exists 2022+","2022"
"d178dc15-1ee4-4e1c-9dcc-a431671c5d08","2006","subaru","forester","Touring","cache-import [expanded]","Touring on forester exists 2014+","2014"
"981b98c4-3463-42c4-9802-c5aec6351c26","2006","subaru","forester","Wilderness","cache-import [expanded]","Wilderness exists 2022+","2022"
"3cf2ebb8-e82e-45b9-8304-9f5f545fecc8","2007","subaru","forester","Base, Premium, Sport, Limited, Touring, Wilderness","cache-import","Wilderness exists 2022+","2022"
"0d934e10-7394-43ea-9d52-caa4ad70a5f1","2007","subaru","forester","Touring","cache-import [expanded]","Touring on forester exists 2014+","2014"
"a322ed08-2221-44e4-b750-924b16ee3709","2007","subaru","forester","Wilderness","cache-import [expanded]","Wilderness exists 2022+","2022"
"2d202f0a-4057-4cb0-a7b6-4fb2d5382620","2008","subaru","forester","Base, Premium, Sport, Limited, Touring, Wilderness","cache-import","Wilderness exists 2022+","2022"
"fa20276d-31db-434b-b0c1-a297329f324c","2008","subaru","forester","Touring","cache-import [expanded]","Touring on forester exists 2014+","2014"
"27756eb7-7681-4043-91bb-4c19741edda1","2008","subaru","forester","Wilderness","cache-import [expanded]","Wilderness exists 2022+","2022"
"0bc99fe6-8a21-4421-adc3-7d7a88da2f2d","2007","lincoln","navigator","Standard, Reserve, Black Label","generation-baseline","Black Label exists 2015+","2015"
"59479ccf-481e-4512-9af7-09fce36fd79e","2007","lincoln","navigator","Black Label","generation-baseline [expanded]","Black Label exists 2015+","2015"
"593115e3-87f8-4252-91b6-0f20f8373b08","2000","subaru","legacy","Base, Premium, Sport, Limited, Touring XT","cache-import","Touring exists 2015+","2015"
"5acc6493-d1c4-4cdc-b0ec-e97edb106ac1","2000","subaru","legacy","Touring XT","cache-import [expanded]","Touring exists 2015+","2015"
"8d7985c0-0ff1-4040-aab2-97569c8dedbc","2001","subaru","legacy","Base, Premium, Sport, Limited, Touring XT","cache-import","Touring exists 2015+","2015"
"b0cebc19-361b-408a-93d4-cd2c594b0a8c","2001","subaru","legacy","Touring XT","cache-import [expanded]","Touring exists 2015+","2015"
"7b319261-8569-4c7f-9c25-802e35e1e3e4","2002","subaru","legacy","Base, Premium, Sport, Limited, Touring XT","cache-import","Touring exists 2015+","2015"
"80f08c31-1252-4300-a1f0-eab6f7446ebe","2008","lincoln","navigator","Black Label","generation-baseline [expanded]","Black Label exists 2015+","2015"
"7d1a5922-b90c-4fdb-a1ff-4de2b38badde","2002","subaru","legacy","Touring XT","cache-import [expanded]","Touring exists 2015+","2015"
"a7b3453a-e799-4df6-9f29-49c1aa88f655","2003","subaru","legacy","Base, Premium, Sport, Limited, Touring XT","cache-import","Touring exists 2015+","2015"
"6612ac05-12b1-4c91-9f39-e47ee39ace3f","2003","subaru","legacy","Touring XT","cache-import [expanded]","Touring exists 2015+","2015"
"12e7bf81-f9a8-46d2-be9c-ff3c9cef89ec","2004","subaru","legacy","Base, Premium, Sport, Limited, Touring XT","cache-import","Touring exists 2015+","2015"
"98401fab-1fc2-4fb7-acb5-36093e5c0a6d","2004","subaru","legacy","Touring XT","cache-import [expanded]","Touring exists 2015+","2015"
"83fdddde-44b9-4ae7-ab61-a0e13b2751ee","2005","subaru","legacy","Base, Premium, Sport, Limited, Touring XT","cache-import","Touring exists 2015+","2015"
"5cc7b566-5ef2-4271-a00b-69e8b50d04d3","2005","subaru","legacy","Touring XT","cache-import [expanded]","Touring exists 2015+","2015"
"bd40a702-a526-4c1f-bfaf-7a6fd1e4ddc4","2006","subaru","legacy","Base, Premium, Sport, Limited, Touring XT","cache-import","Touring exists 2015+","2015"
"80b7a768-4950-4a51-a261-9e48b727820b","2006","subaru","legacy","Touring XT","cache-import [expanded]","Touring exists 2015+","2015"
"aeaea602-6279-48f1-9fc7-5f5c753cbcef","2007","subaru","legacy","Base, Premium, Sport, Limited, Touring XT","cache-import","Touring exists 2015+","2015"
"eb77749f-a4f5-4de2-bd4a-99b1bf683f85","2007","subaru","legacy","Touring XT","cache-import [expanded]","Touring exists 2015+","2015"
"60d10b7d-3de7-4361-a739-b4767e373fbb","2008","subaru","legacy","Base, Premium, Sport, Limited, Touring XT","cache-import","Touring exists 2015+","2015"
"cb894867-32ee-43df-bd5a-cc3cb5162427","2008","subaru","legacy","Touring XT","cache-import [expanded]","Touring exists 2015+","2015"
"94678459-e77d-40c6-ba6e-95492c3416ea","2002","subaru","outback","Base, Premium, Limited, Touring, Onyx Edition XT, Wilderness","cache-import","Wilderness exists 2022+","2022"
"676dd400-f684-4907-a0cf-d8030d753588","2002","subaru","outback","Onyx Edition XT","cache-import [expanded]","Onyx exists 2020+","2020"
"6b23d0ff-91e7-404b-aa1f-bf17483a3fea","2002","subaru","outback","Touring","cache-import [expanded]","Touring exists 2015+","2015"
"53492db8-d476-40cf-a88b-06dec7b0d073","2002","subaru","outback","Wilderness","cache-import [expanded]","Wilderness exists 2022+","2022"
"9ad1dfbb-5db2-404c-9a6e-5f3a010a6e9d","2003","subaru","outback","Base, Premium, Limited, Touring, Onyx Edition XT, Wilderness","cache-import","Wilderness exists 2022+","2022"
"ce9b0b21-fb9c-472e-9cff-ee220a89025a","2003","subaru","outback","Onyx Edition XT","cache-import [expanded]","Onyx exists 2020+","2020"
"280c8197-5877-4d3b-ae2b-00fee6b67fee","2003","subaru","outback","Touring","cache-import [expanded]","Touring exists 2015+","2015"
"e1d52e00-5071-4cb9-8305-e386660105bf","2003","subaru","outback","Wilderness","cache-import [expanded]","Wilderness exists 2022+","2022"
"95446849-b4ce-4fde-8a6e-32f8e2a2c059","2004","subaru","outback","Base, Premium, Limited, Touring, Onyx Edition XT, Wilderness","cache-import","Wilderness exists 2022+","2022"
"f3d18e80-7637-41d6-b320-489236e4834d","2004","subaru","outback","Onyx Edition XT","cache-import [expanded]","Onyx exists 2020+","2020"
"c39aeb5f-9c10-4ea9-85c3-19e96da5dc6d","2004","subaru","outback","Touring","cache-import [expanded]","Touring exists 2015+","2015"
"82d09c59-b2a3-4689-b601-c2b2424a9e65","2004","subaru","outback","Wilderness","cache-import [expanded]","Wilderness exists 2022+","2022"
"f23628d6-a5f3-4a3a-9248-58bdd89e6c68","2005","subaru","outback","Base, Premium, Limited, Touring, Onyx Edition XT, Wilderness","cache-import","Wilderness exists 2022+","2022"
"6bac1085-5eb0-4794-bb13-3dd155860228","2005","subaru","outback","Onyx Edition XT","cache-import [expanded]","Onyx exists 2020+","2020"
"40177e77-100e-4cc1-9e2f-de71f9dfc593","2005","subaru","outback","Touring","cache-import [expanded]","Touring exists 2015+","2015"
"7a031ca4-2def-48b3-a03d-a61c6fe56ded","2005","subaru","outback","Wilderness","cache-import [expanded]","Wilderness exists 2022+","2022"
"ad5dd795-2e84-4bb1-97dc-603ab2b9dcdd","2006","subaru","outback","Base, Premium, Limited, Touring, Onyx Edition XT, Wilderness","cache-import","Wilderness exists 2022+","2022"
"b1073153-106c-46a2-8810-063151172a3c","2006","subaru","outback","Onyx Edition XT","cache-import [expanded]","Onyx exists 2020+","2020"
"f7c4cc75-5f07-4d1b-9df0-549ebec086e0","2006","subaru","outback","Touring","cache-import [expanded]","Touring exists 2015+","2015"
"3f555929-efc5-4bae-ab4e-4403b93f28e7","2006","subaru","outback","Wilderness","cache-import [expanded]","Wilderness exists 2022+","2022"
"b4ef094b-c7c3-41cd-b679-32fd511ed513","2007","subaru","outback","Base, Premium, Limited, Touring, Onyx Edition XT, Wilderness","cache-import","Wilderness exists 2022+","2022"
"e5755c40-8e3d-4d09-b720-c4297dae155d","2007","subaru","outback","Onyx Edition XT","cache-import [expanded]","Onyx exists 2020+","2020"
"c2e6f3f1-ed73-4158-a1d4-e4de7b47efe2","2007","subaru","outback","Touring","cache-import [expanded]","Touring exists 2015+","2015"
"2229d569-05fd-42df-aefd-21e23c4efd58","2007","subaru","outback","Wilderness","cache-import [expanded]","Wilderness exists 2022+","2022"
"c28b5ace-9038-4465-9488-fde4ad4d4280","2008","subaru","outback","Base, Premium, Limited, Touring, Onyx Edition XT, Wilderness","cache-import","Wilderness exists 2022+","2022"
"3ea9dbd4-6294-4eab-9b0e-8933137d69d6","2008","subaru","outback","Onyx Edition XT","cache-import [expanded]","Onyx exists 2020+","2020"
"f6c2958e-5028-42a7-8e84-9e3204a8a85e","2008","subaru","outback","Touring","cache-import [expanded]","Touring exists 2015+","2015"
"1028390a-4276-47fd-a6c7-74584c61d1fe","2008","subaru","outback","Wilderness","cache-import [expanded]","Wilderness exists 2022+","2022"
"be08ce04-3e70-449a-a93b-cea1cedf5b9d","2010","lincoln","navigator","Reserve","generation-baseline [expanded]","Reserve exists 2015+","2015"
"54403b4d-d2bd-4b79-973c-929d080767a0","2003","lexus","es","ES 330","cache-import [expanded]","330 on es exists 2004-2006","2004"
"b0c8b49f-ae20-4d49-9e02-b00e342e3338","2008","subaru","wrx","Base, Premium, Limited, GT","cache-import","GT on wrx exists 2022+","2022"
"7e0d6aa0-3d9e-4119-a8a2-6882833c478a","2008","subaru","wrx","GT","cache-import [expanded]","GT on wrx exists 2022+","2022"
"58ace9f8-afa7-4aa9-817e-cd1cdeb2f588","2010","lincoln","navigator","Standard, Reserve, Black Label","generation-baseline","Black Label exists 2015+","2015"
"d8e46ce8-f8c2-4586-8bf8-c898f10cb990","2004","lincoln","aviator","Grand Touring","generation-baseline [expanded]","Grand Touring exists 2020+","2020"
"0f4e0f21-7288-45b3-b22e-1790d37d2e75","2004","ford","ranger","XL, XLT, Lariat, Tremor, Raptor","cache-import","Tremor exists 2020+","2020"
"48b947b5-c746-443a-b739-f2a718377c6b","2001","acura","mdx","A-Spec","cache-import [expanded]","A-Spec exists 2018+","2018"
"911485e1-8882-413c-916f-a2af3de38cd5","2001","acura","mdx","Type S","cache-import [expanded]","Type S exists 2021+","2021"
"8da7c5ff-b20d-45bd-93da-faf5c8cecfff","2002","acura","mdx","A-Spec","cache-import [expanded]","A-Spec exists 2018+","2018"
"4cbad36e-0dcb-478e-b248-d270e91042f1","2002","acura","mdx","Type S","cache-import [expanded]","Type S exists 2021+","2021"
"9fae0720-3421-4218-b3a9-1d846bb3f24b","2003","acura","mdx","A-Spec","cache-import [expanded]","A-Spec exists 2018+","2018"
"37520a36-b489-4a8a-9e98-49bc1ca26007","2003","acura","mdx","Type S","cache-import [expanded]","Type S exists 2021+","2021"
"029fa35c-bf3e-411c-a0cc-c9e59247f3a9","2004","acura","mdx","A-Spec","cache-import [expanded]","A-Spec exists 2018+","2018"
"f78d49f3-912b-4900-8fe6-8cf4d194f23c","2004","acura","mdx","Type S","cache-import [expanded]","Type S exists 2021+","2021"
"484cb516-2efd-4fe1-b6ac-308f5440dd39","2005","acura","mdx","A-Spec","cache-import [expanded]","A-Spec exists 2018+","2018"
"eea50f9a-af1c-428c-8db7-571e52beba6a","2005","acura","mdx","Type S","cache-import [expanded]","Type S exists 2021+","2021"
"a93a4285-1d4b-4e5b-a509-cb0dce7b1d10","2006","acura","mdx","A-Spec","cache-import [expanded]","A-Spec exists 2018+","2018"
"130b47a5-069a-4dc2-984e-6fa401f7c79f","2006","acura","mdx","Type S","cache-import [expanded]","Type S exists 2021+","2021"
"330f41a4-9460-46ad-b58b-f9c4d521f982","2000","acura","tl","Base, Technology, SH-AWD, Advance","cache-import","SH-AWD on tl exists 2009+","2009"
"9084f4c4-1aff-4bdc-aa4e-cfe837b4689d","2001","acura","tl","Base, Technology, SH-AWD, Advance","cache-import","SH-AWD on tl exists 2009+","2009"
"8fba1011-a87f-4532-b80f-f9cfaf409dd2","2002","acura","tl","Base, Technology, SH-AWD, Advance","cache-import","SH-AWD on tl exists 2009+","2009"
"1507d3cd-072e-46db-b923-cf4bc95f0b13","2003","acura","tl","Base, Technology, SH-AWD, Advance","cache-import","SH-AWD on tl exists 2009+","2009"
"5eda1051-49a8-4be1-8378-a9832247bb20","2004","acura","tsx","Base, Technology, Special Edition","cache-import","Technology exists 2009+","2009"
"b9a80f69-e8b1-4bb3-b8c3-7220c5b108d9","2004","acura","tsx","Technology","cache-import [expanded]","Technology exists 2009+","2009"
"d24acc82-9ee9-41f5-99b4-1fb337447df0","2005","acura","tsx","Base, Technology, Special Edition","cache-import","Technology exists 2009+","2009"
"c2e8d462-9fff-44a7-91e6-973a63cdc1fe","2006","acura","tsx","Base, Technology, Special Edition","cache-import","Technology exists 2009+","2009"
"d63f42ba-9486-40ce-bf35-e6fbf0a7575b","2006","acura","tsx","Technology","cache-import [expanded]","Technology exists 2009+","2009"
"627f28a6-8715-4856-b044-c34b37da396c","2007","acura","tsx","Base, Technology, Special Edition","cache-import","Technology exists 2009+","2009"
"742b08f2-60aa-4434-aade-e5d74f76e0b0","2007","acura","tsx","Technology","cache-import [expanded]","Technology exists 2009+","2009"
"541ca819-eaa4-4013-8eaa-2637e76cc70a","2008","acura","tsx","Base, Technology, Special Edition","cache-import","Technology exists 2009+","2009"
"11e03226-bf7f-4cdb-a19e-fa1d08923deb","2008","acura","tsx","Technology","cache-import [expanded]","Technology exists 2009+","2009"
"f96344dc-ffda-49f4-af10-1d5a7463d2fa","2007","audi","q7","Premium Plus","cache-import [expanded]","Premium Plus exists 2009+","2009"
"8b7ddbe8-f26e-4c21-9cf0-c5edcb80de27","2007","audi","q7","Premium, Premium Plus, Prestige, SQ7","cache-import","Prestige exists 2009+","2009"
"ba23d57d-23c2-4540-8e43-c96c0bc42d06","2007","audi","q7","Prestige","cache-import [expanded]","Prestige exists 2009+","2009"
"342cd64c-0dba-4128-837f-d84b703c1197","2008","audi","q7","Premium Plus","cache-import [expanded]","Premium Plus exists 2009+","2009"
"e868ecb3-045b-425e-8f6d-4089e2bed252","2008","audi","q7","Premium, Premium Plus, Prestige, SQ7","cache-import","Prestige exists 2009+","2009"
"e60813fb-3c2e-402e-a316-031f61b3d79d","2008","audi","q7","Prestige","cache-import [expanded]","Prestige exists 2009+","2009"
"0472ce10-e941-4142-ac04-aaaebb5af0fa","2003","lexus","is","IS 300, IS 350, IS 500, F Sport","cache-import","F Sport exists 2011+","2011"
"87898088-88ad-4287-bb4a-0e430a0a8f26","2004","lincoln","aviator","Black Label","generation-baseline [expanded]","Black Label exists 2015+","2015"
"8d333cea-5698-4d52-87b6-0624a715f11d","2004","lincoln","aviator","Reserve","generation-baseline [expanded]","Reserve exists 2015+","2015"
"377c1dc2-a85f-49cd-b454-0d213fdb18f1","2005","lincoln","aviator","Grand Touring","generation-baseline [expanded]","Grand Touring exists 2020+","2020"
"eb06f90f-88de-4c26-81df-271b1788a0e2","2002","ford","escape","S, SE, SEL, ST-Line, Titanium, Plug-In Hybrid","cache-import","ST-Line exists 2020+","2020"
"179c9636-43f7-419c-81a3-6077d801c4c7","2003","ford","escape","S, SE, SEL, ST-Line, Titanium, Plug-In Hybrid","cache-import","ST-Line exists 2020+","2020"
"1a105c6d-58c7-47cd-b5cf-cccdb4dfa140","2004","ford","escape","S, SE, SEL, ST-Line, Titanium, Plug-In Hybrid","cache-import","ST-Line exists 2020+","2020"
"dfe0d2ad-95e4-40da-8f15-1c8d00b1ec10","2005","ford","escape","S, SE, SEL, ST-Line, Titanium, Plug-In Hybrid","cache-import","ST-Line exists 2020+","2020"
"d3902a0e-2419-4be2-9906-34e02a047ea8","2006","ford","escape","S, SE, SEL, ST-Line, Titanium, Plug-In Hybrid","cache-import","ST-Line exists 2020+","2020"
"08666ea4-bb1c-42ab-9ad4-0fa2c32bce57","2007","ford","escape","S, SE, SEL, ST-Line, Titanium, Plug-In Hybrid","cache-import","ST-Line exists 2020+","2020"
"28074688-5da4-4435-afc9-1c9535788949","2008","ford","escape","S, SE, SEL, ST-Line, Titanium, Plug-In Hybrid","cache-import","ST-Line exists 2020+","2020"
"73de164e-8b4e-4e53-8d9b-eb1189876e2e","2009","ford","escape","S, SE, SEL, ST-Line, Titanium, Plug-In Hybrid","cache-import","ST-Line exists 2020+","2020"
"894a3ddd-6fd2-49cc-8b51-3fdcdb92ca20","1997","ford","expedition","Timberline","cache-import [expanded]","Timberline exists 2021+","2021"
"4610ce19-7ee6-45d6-b65b-37ec1811a27f","1998","ford","expedition","Timberline","cache-import [expanded]","Timberline exists 2021+","2021"
"b35a522f-7d1f-4c38-8dc4-dc75cd7ba9fd","1999","ford","expedition","Timberline","cache-import [expanded]","Timberline exists 2021+","2021"
"aed0bf8f-8257-48f0-a07d-633a89e24139","2000","ford","expedition","Timberline","cache-import [expanded]","Timberline exists 2021+","2021"
"27e80ffe-264b-47d3-9d11-4c8fb02e1140","2001","ford","expedition","Timberline","cache-import [expanded]","Timberline exists 2021+","2021"
"17122d1f-a5b9-4e3f-80eb-e89df870b6c9","2002","ford","expedition","Timberline","cache-import [expanded]","Timberline exists 2021+","2021"
"6a3580d8-4001-42bd-8376-00b5b640a730","2003","ford","expedition","Timberline","cache-import [expanded]","Timberline exists 2021+","2021"
"25a02668-2123-4210-be45-7c0e826cc89f","2004","ford","expedition","Timberline","cache-import [expanded]","Timberline exists 2021+","2021"
"44283193-976a-4a64-8ffa-e6d2c58f25bf","2005","ford","expedition","Timberline","cache-import [expanded]","Timberline exists 2021+","2021"
"5d22c58b-7a1a-445e-915f-9fade60f1b2a","2006","ford","expedition","Timberline","cache-import [expanded]","Timberline exists 2021+","2021"
"fd64b5c7-0aa4-4500-aa9c-ee2f1aea4b3c","2007","ford","expedition","Platinum","cache-import [expanded]","Platinum exists 2009+","2009"
"80626d04-663c-4de5-9bed-d10d2390674e","2007","ford","expedition","Timberline","cache-import [expanded]","Timberline exists 2021+","2021"
"0e6ab0cb-e7f1-499e-9032-72dd8e0dc0b0","2008","ford","expedition","Platinum","cache-import [expanded]","Platinum exists 2009+","2009"
"cf970a85-3202-4142-9737-454e5805d59d","2008","ford","expedition","Timberline","cache-import [expanded]","Timberline exists 2021+","2021"
"ec957faa-96c5-40fc-abde-42b6026e2cb5","2009","ford","expedition","Timberline","cache-import [expanded]","Timberline exists 2021+","2021"
"5146196c-e7d0-4719-abce-ed8fb3694c02","2010","ford","expedition","Timberline","cache-import [expanded]","Timberline exists 2021+","2021"
"67937b56-ee52-47f3-909e-37f141b367e3","2011","ford","expedition","Timberline","cache-import [expanded]","Timberline exists 2021+","2021"
"6638c44e-3bc3-4a3d-87c7-2b7e0b8ce82e","1991","ford","explorer","Base, XLT, Limited, ST, Platinum, King Ranch, Timberline","cache-import","Timberline exists 2021+","2021"
"4f8ad195-f64a-4b8f-a0d5-80cedb1120bb","1991","ford","explorer","Timberline","cache-import [expanded]","Timberline exists 2021+","2021"
"47c2415f-0dc8-4cec-b8ea-c49a6217ec6c","1992","ford","explorer","Timberline","cache-import [expanded]","Timberline exists 2021+","2021"
"24767d1b-ebd2-4dc4-8462-5c085d423696","1993","ford","explorer","Base, XLT, Limited, ST, Platinum, King Ranch, Timberline","cache-import","Timberline exists 2021+","2021"
"616e9e57-f60f-4ef7-a912-1e48684ab627","1993","ford","explorer","Timberline","cache-import [expanded]","Timberline exists 2021+","2021"
"100abaf2-1359-4de6-8e6a-66e30c5106eb","1994","ford","explorer","Timberline","cache-import [expanded]","Timberline exists 2021+","2021"
"1a1e7ebc-6e38-4ea4-a30a-bbfadb1485f0","1995","ford","explorer","Base, XLT, Limited, ST, Platinum, King Ranch, Timberline","cache-import","Timberline exists 2021+","2021"
"1bc7e719-fbc7-46d5-86cc-349663c9951c","1995","ford","explorer","Timberline","cache-import [expanded]","Timberline exists 2021+","2021"
"b6a8ba19-c12f-44fe-8c39-938af5aa525a","1996","ford","explorer","Base, XLT, Limited, ST, Platinum, King Ranch, Timberline","cache-import","Timberline exists 2021+","2021"
"ab760cac-7434-46b5-9513-40eac1c62eb9","1996","ford","explorer","Timberline","cache-import [expanded]","Timberline exists 2021+","2021"
"f4226f7c-ec03-48a3-a66a-45facaf72098","1997","ford","explorer","Timberline","cache-import [expanded]","Timberline exists 2021+","2021"
"cabcfb2d-8f10-43f2-82e5-34fde2621b50","1998","ford","explorer","Timberline","cache-import [expanded]","Timberline exists 2021+","2021"
"8b3b7df2-0040-4189-9e56-0e92812e1ddb","1999","ford","explorer","Base, XLT, Limited, ST, Platinum, King Ranch, Timberline","cache-import","Timberline exists 2021+","2021"
"eedbb394-3e97-43f2-b758-12ee61eaedc3","1999","ford","explorer","Timberline","cache-import [expanded]","Timberline exists 2021+","2021"
"b2436ddb-4051-4f89-9cec-f636997bff85","2000","ford","explorer","Base, XLT, Limited, ST, Platinum, King Ranch, Timberline","cache-import","Timberline exists 2021+","2021"
"48c6852e-5c9a-44f0-a9a7-ee49b18b2ffb","2000","ford","explorer","Timberline","cache-import [expanded]","Timberline exists 2021+","2021"
"6bf9ea1e-9547-4415-9dea-ca38d8e1c7ba","2001","ford","explorer","Base, XLT, Limited, ST, Platinum, King Ranch, Timberline","cache-import","Timberline exists 2021+","2021"
"4982a7d6-fd34-4078-a4c2-21c1167a8edb","2001","ford","explorer","Timberline","cache-import [expanded]","Timberline exists 2021+","2021"
"5b58a535-c8c4-438b-bd0a-f7450fc59940","2000","ford","ranger","XL, XLT, Lariat, Tremor, Raptor","cache-import","Tremor exists 2020+","2020"
"9bdc7dbb-e1bc-4652-965b-226f4377b968","2001","ford","ranger","XL, XLT, Lariat, Tremor, Raptor","cache-import","Tremor exists 2020+","2020"
"08717d35-1e81-4a53-8b20-098673c9a659","2003","ford","ranger","XL, XLT, Lariat, Tremor, Raptor","cache-import","Tremor exists 2020+","2020"
"070df771-2732-489b-bf0a-7bd7ecfe68ac","2006","ford","ranger","XL, XLT, Lariat, Tremor, Raptor","cache-import","Tremor exists 2020+","2020"
"0ef8abed-0a97-40e8-b908-2fdcdfc83a89","2000","lincoln","navigator","Reserve","generation-baseline [expanded]","Reserve exists 2015+","2015"
"ba0e9603-c372-4dac-add2-7dc93072ddce","2000","lincoln","navigator","Black Label","generation-baseline [expanded]","Black Label exists 2015+","2015"
"65eb81fa-a2d5-492f-a34e-eec0402b16bb","2002","lincoln","navigator","Standard, Reserve, Black Label","generation-baseline","Black Label exists 2015+","2015"
"97ea87fe-639c-4463-aefc-d2fefa8e9070","2003","lincoln","aviator","Black Label","generation-baseline [expanded]","Black Label exists 2015+","2015"
"23fda45e-6133-414c-ba13-cf35a1c2cfca","2001","toyota","prius","L Eco, LE, XLE, Limited","verified-research [sizes-inherited]","XLE on prius exists 2019+","2019"
"9996be2b-ecd8-4b5a-9e7f-1db3011884a6","2001","toyota","prius","LE","verified-research [sizes-inherited] [expanded]","LE on prius exists 2019+","2019"
"88edc50d-b907-420e-b3a8-45e563f94695","2001","toyota","prius","Limited","verified-research [sizes-inherited] [expanded]","Limited on prius exists 2019+","2019"
"d05b7665-b0c2-4a3d-9603-6e1d4a573fa2","2001","toyota","prius","XLE","verified-research [sizes-inherited] [expanded]","XLE on prius exists 2019+","2019"
"2c71091e-ed89-4d96-a01f-9cc2221f9754","2002","toyota","prius","L Eco, LE, XLE, Limited","verified-research [sizes-inherited]","XLE on prius exists 2019+","2019"
"c287d90d-70ba-4470-8bcd-f66e0964556a","2002","toyota","prius","LE","verified-research [sizes-inherited] [expanded]","LE on prius exists 2019+","2019"
"b1821926-aebd-45dc-8906-00147b79204c","2002","toyota","prius","Limited","verified-research [sizes-inherited] [expanded]","Limited on prius exists 2019+","2019"
"0a089037-a9e6-4898-9abd-8d31dc410557","2002","toyota","prius","XLE","verified-research [sizes-inherited] [expanded]","XLE on prius exists 2019+","2019"
"542bbc92-2352-4046-b266-4e301b8cb9b1","2001","toyota","rav4","LE, XLE, XLE Premium, Adventure, TRD Off-Road, Limited","verified-research [sizes-inherited]","TRD Off-Road exists 2016+","2016"
"77bda97d-a6c8-4441-a99b-aa98dfc2f980","2008","toyota","rav4","LE, XLE, XLE Premium, Adventure, TRD Off-Road, Limited","verified-research [sizes-inherited]","TRD Off-Road exists 2016+","2016"
"5da19e4b-7691-4d09-9dca-ba4ffcb22b00","2006","volkswagen","gti","Autobahn","cache-import [expanded]","Autobahn exists 2015+","2015"
"6509ff9e-8bb0-4b11-a704-8c9218678ffd","2006","volkswagen","gti","S, SE, Autobahn","cache-import","Autobahn exists 2015+","2015"
"53689f78-ffff-4f85-8a58-56291a5edff4","2007","volkswagen","gti","Autobahn","cache-import [expanded]","Autobahn exists 2015+","2015"
"c990bcff-9d66-4a5c-a95b-47244e5a8cc3","2007","volkswagen","gti","S, SE, Autobahn","cache-import","Autobahn exists 2015+","2015"
"0546ea25-6988-4de5-9d6a-68433f91b79f","2008","volkswagen","gti","Autobahn","cache-import [expanded]","Autobahn exists 2015+","2015"
"45f5c282-21b2-462d-9371-3878e596ca68","2008","volkswagen","gti","S, SE, Autobahn","cache-import","Autobahn exists 2015+","2015"
"aefdde07-a08a-4cb2-8f9f-9054e64a29e4","2000","volkswagen","passat","R-Line","cache-import [expanded]","R-Line exists 2012+","2012"
"afa8e013-6185-4118-932a-96f392048f30","2000","volkswagen","passat","S, SE, R-Line, SEL Premium","cache-import","R-Line exists 2012+","2012"
"6d811acc-9dda-46dd-b459-4ac6ba2bff41","2000","volkswagen","passat","SEL Premium","cache-import [expanded]","SEL Premium exists 2015+","2015"
"457d5527-8a80-4a8d-9150-76de4257a714","2001","volkswagen","passat","R-Line","cache-import [expanded]","R-Line exists 2012+","2012"
"5e82c22d-3e07-4f7c-afb6-b627de214a62","2001","volkswagen","passat","S, SE, R-Line, SEL Premium","cache-import","R-Line exists 2012+","2012"
"2f401934-6330-4a57-ac96-cbc1ff26c73f","2001","volkswagen","passat","SEL Premium","cache-import [expanded]","SEL Premium exists 2015+","2015"
"5be6013f-432d-4ea2-be58-a79dd428694d","2002","volkswagen","passat","R-Line","cache-import [expanded]","R-Line exists 2012+","2012"
"62e5db00-d8b5-4d8e-9e19-0338e5bf0cb0","2002","volkswagen","passat","S, SE, R-Line, SEL Premium","cache-import","R-Line exists 2012+","2012"
"abc8124a-b07c-4d78-a206-58966dac11c0","2002","volkswagen","passat","SEL Premium","cache-import [expanded]","SEL Premium exists 2015+","2015"
"6e21d299-29f7-4971-b3b0-b30c4f5144e9","2003","volkswagen","passat","R-Line","cache-import [expanded]","R-Line exists 2012+","2012"
"e82c8e89-3016-429d-9931-57a4860fdf34","2003","volkswagen","passat","S, SE, R-Line, SEL Premium","cache-import","R-Line exists 2012+","2012"
"ebdaaa12-f3cb-4386-9f55-c8295774cfbe","2003","volkswagen","passat","SEL Premium","cache-import [expanded]","SEL Premium exists 2015+","2015"
"ab01db99-f84d-4741-9429-4a392d70348a","2004","volkswagen","passat","R-Line","cache-import [expanded]","R-Line exists 2012+","2012"
"be434459-59c7-4ca5-b631-a03745c692a4","2004","volkswagen","passat","S, SE, R-Line, SEL Premium","cache-import","R-Line exists 2012+","2012"
"aa13af7c-157f-47be-b4a5-268d5b7c38eb","2004","volkswagen","passat","SEL Premium","cache-import [expanded]","SEL Premium exists 2015+","2015"
"e80adb35-3a97-4b35-8e8f-6493e95b0f0b","2005","volkswagen","passat","R-Line","cache-import [expanded]","R-Line exists 2012+","2012"
"e19ef890-ac48-4593-a334-3c440fa3057b","2005","volkswagen","passat","S, SE, R-Line, SEL Premium","cache-import","R-Line exists 2012+","2012"
"31669964-4219-4a4c-9123-a0b31de2a29b","2005","volkswagen","passat","SEL Premium","cache-import [expanded]","SEL Premium exists 2015+","2015"
"77c987ba-1c6a-4f80-a686-3c697d3d10ba","2006","volkswagen","passat","R-Line","cache-import [expanded]","R-Line exists 2012+","2012"
"030908e6-1be0-4aa7-a12c-eb0835a88e4d","2006","volkswagen","passat","S, SE, R-Line, SEL Premium","cache-import","R-Line exists 2012+","2012"
"d05b58f4-6a2b-48d2-8b71-c062ada44763","2006","volkswagen","passat","SEL Premium","cache-import [expanded]","SEL Premium exists 2015+","2015"
"47f764dc-91aa-4546-9166-b3704cf90646","2007","volkswagen","passat","R-Line","cache-import [expanded]","R-Line exists 2012+","2012"
"831b3d20-7804-4e8d-91a5-c5861e37a678","2007","volkswagen","passat","S, SE, R-Line, SEL Premium","cache-import","R-Line exists 2012+","2012"
"e1e11c11-b53a-4486-a902-333acfec7214","2007","volkswagen","passat","SEL Premium","cache-import [expanded]","SEL Premium exists 2015+","2015"
"dd0be29a-45ad-4d12-b027-4d8cab7848d2","2008","volkswagen","passat","R-Line","cache-import [expanded]","R-Line exists 2012+","2012"
"4f8c9a39-71b5-4b7d-8c55-129137b0c570","2008","volkswagen","passat","S, SE, R-Line, SEL Premium","cache-import","R-Line exists 2012+","2012"
"9779f0fc-f8f0-4e8e-808e-f0fd617d934c","2008","volkswagen","passat","SEL Premium","cache-import [expanded]","SEL Premium exists 2015+","2015"
"497b463a-4276-472d-a90a-52b73f5645b7","2009","volkswagen","passat","R-Line","cache-import [expanded]","R-Line exists 2012+","2012"
"e15a3ed7-3079-4f5d-898d-d7bc34635799","2009","volkswagen","passat","S, SE, R-Line, SEL Premium","cache-import","R-Line exists 2012+","2012"
"bb800fa4-e903-4437-bbbb-a498949af460","2009","volkswagen","passat","SEL Premium","cache-import [expanded]","SEL Premium exists 2015+","2015"
"7d3c37fb-86c4-4553-8470-0f8c312e088a","2010","volkswagen","passat","R-Line","cache-import [expanded]","R-Line exists 2012+","2012"
"a667d6e0-1a05-482f-b810-5d5d8689054f","2010","volkswagen","passat","S, SE, R-Line, SEL Premium","cache-import","R-Line exists 2012+","2012"
"2a1d63f0-ba6f-49bf-b19f-4b94ceb278c9","2010","volkswagen","passat","SEL Premium","cache-import [expanded]","SEL Premium exists 2015+","2015"
"bebaf07c-c2e2-4bc0-b9c5-55a7ea67f55a","1995","subaru","outback","Onyx Edition XT","cache-import [expanded]","Onyx exists 2020+","2020"
"2effa2e7-3bde-4bfa-ad20-598a2e0ba8db","1995","subaru","outback","Touring","cache-import [expanded]","Touring exists 2015+","2015"
"1bb54b60-5525-4c5d-b4fb-ecd778190b0c","1996","subaru","outback","Onyx Edition XT","cache-import [expanded]","Onyx exists 2020+","2020"
"6719c3ca-1c5f-486e-a38c-5c1a2093fa1f","1996","subaru","outback","Wilderness","cache-import [expanded]","Wilderness exists 2022+","2022"
"b3295ef6-8d04-45da-80b6-2ecf37dbba03","1996","subaru","outback","Touring","cache-import [expanded]","Touring exists 2015+","2015"
"f660298c-8ad5-4f7f-82ee-d9d3af094a88","1996","subaru","outback","Base, Premium, Limited, Touring, Onyx Edition XT, Wilderness","cache-import","Wilderness exists 2022+","2022"
"5a5b7b75-74cf-45c7-892b-5a9b4a1b86d3","1997","subaru","outback","Base, Premium, Limited, Touring, Onyx Edition XT, Wilderness","cache-import","Wilderness exists 2022+","2022"
"778e9baa-25d7-4fbc-b8be-6f4efa418161","1997","subaru","outback","Touring","cache-import [expanded]","Touring exists 2015+","2015"
"5a8d32c6-d4e0-41b3-93aa-ddadaa58d720","1997","subaru","outback","Onyx Edition XT","cache-import [expanded]","Onyx exists 2020+","2020"
"42585e34-7c58-4f7d-8a05-441be5552b08","1997","subaru","outback","Wilderness","cache-import [expanded]","Wilderness exists 2022+","2022"
"25f31190-196e-42cc-a175-039f6ee24a5f","1998","subaru","outback","Base, Premium, Limited, Touring, Onyx Edition XT, Wilderness","cache-import","Wilderness exists 2022+","2022"
"794b690f-667a-4706-8f00-ad7ced47bc29","1998","subaru","outback","Touring","cache-import [expanded]","Touring exists 2015+","2015"
"a7f99047-005e-4603-ad2c-798c383a7a74","1998","subaru","outback","Wilderness","cache-import [expanded]","Wilderness exists 2022+","2022"
"56714652-a667-42f0-a6cf-fad8cae983be","1998","subaru","outback","Onyx Edition XT","cache-import [expanded]","Onyx exists 2020+","2020"
"e30f8e54-d853-42e7-ac28-3b671c26aef0","2000","volkswagen","gti","Autobahn","cache-import [expanded]","Autobahn exists 2015+","2015"
"c27010f5-a5ba-4c0e-a86f-4b2e17be7145","2000","volkswagen","gti","S, SE, Autobahn","cache-import","Autobahn exists 2015+","2015"
"296445a0-fe79-4777-ba36-6a8befc9fcb4","2001","volkswagen","gti","Autobahn","cache-import [expanded]","Autobahn exists 2015+","2015"
"6bacdb64-ce0f-473f-a10a-84ddb486d612","2001","volkswagen","gti","S, SE, Autobahn","cache-import","Autobahn exists 2015+","2015"
"d584eb9a-19c2-430b-86c7-1e6ad4a4bba4","2002","volkswagen","gti","S, SE, Autobahn","cache-import","Autobahn exists 2015+","2015"
"265bdbc4-7b02-4dd8-8487-6cc138bfc244","2002","volkswagen","gti","Autobahn","cache-import [expanded]","Autobahn exists 2015+","2015"
"3344bba8-5f87-4a92-8a90-51767b36609d","2003","volkswagen","gti","S, SE, Autobahn","cache-import","Autobahn exists 2015+","2015"
"b6d864bb-33fa-4a8d-b866-80232380b0a1","2003","volkswagen","gti","Autobahn","cache-import [expanded]","Autobahn exists 2015+","2015"
"59dc1edf-9a59-4d71-99ba-a39486850138","2004","volkswagen","gti","S, SE, Autobahn","cache-import","Autobahn exists 2015+","2015"
"624d89af-c4f9-47dd-8879-1670ec16f346","2004","volkswagen","gti","Autobahn","cache-import [expanded]","Autobahn exists 2015+","2015"
"920c8c27-9591-4df0-b8a7-acbb156f5bc2","2005","volkswagen","gti","Autobahn","cache-import [expanded]","Autobahn exists 2015+","2015"
"89f8f8b6-e473-4fac-aabd-7959f7c6afe8","2005","volkswagen","gti","S, SE, Autobahn","cache-import","Autobahn exists 2015+","2015"
"8414a352-44b0-45cd-819b-b378149ef4de","2000","nissan","xterra","PRO-4X","cache-import [expanded]","PRO-4X exists 2005+","2005"
"ec1a11fe-e7be-4faa-8dfa-dd169ac2a9ca","2000","nissan","xterra","X, S, SE, Off-Road, PRO-4X","cache-import","PRO-4X exists 2005+","2005"
"8a5ec3d3-28f0-4963-8eb7-aefe5467b907","2001","nissan","xterra","PRO-4X","cache-import [expanded]","PRO-4X exists 2005+","2005"
"59e97648-9f72-4ee3-ad29-15b5a549066d","2001","nissan","xterra","X, S, SE, Off-Road, PRO-4X","cache-import","PRO-4X exists 2005+","2005"
"4ef12f99-4170-4be8-94fe-b2b4cd359e32","2002","nissan","xterra","PRO-4X","cache-import [expanded]","PRO-4X exists 2005+","2005"
"34bb0634-7176-4b61-8aa8-0cab823b3e83","2002","nissan","xterra","X, S, SE, Off-Road, PRO-4X","cache-import","PRO-4X exists 2005+","2005"
"3d4d388e-0720-41e1-8d6f-178902b4d814","2003","nissan","xterra","PRO-4X","cache-import [expanded]","PRO-4X exists 2005+","2005"
"e83ec7f8-8f4c-4f9b-bd55-00f18d766760","2003","nissan","xterra","X, S, SE, Off-Road, PRO-4X","cache-import","PRO-4X exists 2005+","2005"
"9a964c45-ecd7-49bb-b695-aa781af0c1a5","2004","nissan","xterra","PRO-4X","cache-import [expanded]","PRO-4X exists 2005+","2005"
"966a1d66-024a-4e69-ae58-5f8d6a527afe","2004","nissan","xterra","X, S, SE, Off-Road, PRO-4X","cache-import","PRO-4X exists 2005+","2005"
"09a91821-dc76-4b90-a6e4-0b0569575546","2004","acura","tl","Base, Technology, SH-AWD, Advance","cache-import","SH-AWD on tl exists 2009+","2009"
"371bcf1d-e912-45da-a4f4-3a8a762ae407","2005","acura","tl","Base, Technology, SH-AWD, Advance","cache-import","SH-AWD on tl exists 2009+","2009"
"e50c10da-be62-4800-827f-3a2881d2770d","2006","acura","tl","Base, Technology, SH-AWD, Advance","cache-import","SH-AWD on tl exists 2009+","2009"
"9e117cec-57fa-4ccd-b198-f61324857d40","2007","acura","tl","Base, Technology, SH-AWD, Advance","cache-import","SH-AWD on tl exists 2009+","2009"
"8775388f-3e26-433b-ba1d-05f3c19808f8","2008","acura","tl","Base, Technology, SH-AWD, Advance","cache-import","SH-AWD on tl exists 2009+","2009"
"c1d60b82-1f2e-49c2-ac38-eb434aafc1ab","2000","toyota","corolla","L, LE, SE, XLE, XSE","trim-research","XSE exists 2015+","2015"
"ff600c6a-715b-461f-81cb-424f0c6ca5f2","2000","toyota","corolla","XSE","trim-research","XSE exists 2015+","2015"
"b05da5ba-73de-42e1-9e00-c3c8898ec28c","2001","toyota","corolla","L, LE, SE, XLE, XSE","trim-research","XSE exists 2015+","2015"
"03f4b090-60ba-43a1-b5d0-4d0d61afe93d","2001","toyota","corolla","XSE","trim-research","XSE exists 2015+","2015"
"d3954755-5b4e-4c0a-89bd-f951e8fb85a5","2002","toyota","corolla","L, LE, SE, XLE, XSE","trim-research","XSE exists 2015+","2015"
"51159f95-c731-41d0-9027-36f892092675","2002","toyota","corolla","XSE","trim-research","XSE exists 2015+","2015"
"edec2e64-87eb-4670-8771-f89871ca48db","2000","nissan","altima","Platinum","cache-import [expanded]","Platinum on altima exists 2019+","2019"
"fe87a3a4-7a70-43d0-ba95-2a12d40b6703","2000","nissan","altima","S, SV, SL, SR, Platinum","cache-import","SV on altima exists 2013+","2013"
"5982a7d2-fbd7-4931-b995-9fe4942e541b","2000","nissan","altima","SR","cache-import [expanded]","SR on altima exists 2010+","2010"
"24a12e5c-4aa7-40aa-b168-fa0d1f946fe7","2000","nissan","altima","SV","cache-import [expanded]","SV on altima exists 2013+","2013"
"4af28a2f-0cb6-4b00-aa9a-256c034ded56","2001","nissan","altima","Platinum","cache-import [expanded]","Platinum on altima exists 2019+","2019"
"349ba0b5-ec60-4e09-961e-1268206b6534","2001","nissan","altima","S, SV, SL, SR, Platinum","cache-import","SV on altima exists 2013+","2013"
"a943606f-e222-4a4e-948d-2274e3b06ad6","2001","nissan","altima","SR","cache-import [expanded]","SR on altima exists 2010+","2010"
"d2387d91-5f37-4a28-a251-e7c3a5d4b08e","2001","nissan","altima","SV","cache-import [expanded]","SV on altima exists 2013+","2013"
"c29e61a8-6791-4010-976d-76c9d66029bc","2009","buick","enclave","Avenir","verified-research [expanded]","Avenir exists 2018+","2018"
"8bf8551f-2431-4439-a49e-6f15ad9db6ff","2009","buick","enclave","Essence","verified-research [expanded]","Essence exists 2018+","2018"
"5101b5ca-544a-4bb1-b4d5-2db550b26f31","2010","buick","enclave","Preferred, Essence, Avenir","verified-research","Avenir exists 2018+","2018"
"1998fe08-d7e9-4fd8-9eaf-090b54645b76","2009","buick","enclave","Preferred","verified-research [expanded]","Preferred exists 2018+","2018"
"173de5c9-5124-4795-9981-64bbb587fc5e","2009","buick","enclave","Preferred, Essence, Avenir","verified-research","Avenir exists 2018+","2018"
"3afca09c-1eb2-4d79-82fc-bf4760ac0745","2010","buick","enclave","Avenir","verified-research [expanded]","Avenir exists 2018+","2018"
"7ffb1272-79c6-42b1-bfd3-52aa86107a1f","2010","buick","enclave","Essence","verified-research [expanded]","Essence exists 2018+","2018"
"46cefe3c-6f9d-4ebc-8954-39850d814735","2010","buick","enclave","Preferred","verified-research [expanded]","Preferred exists 2018+","2018"
"93eab9cd-c154-487c-9b20-5b58d2280aab","2008","buick","enclave","Avenir","verified-research [expanded]","Avenir exists 2018+","2018"
"1c0bed33-502b-400f-971e-fb244dc4aee5","2008","buick","enclave","Essence","verified-research [expanded]","Essence exists 2018+","2018"
"51e18be0-b4ed-41a9-81f9-58ff6890489a","2008","buick","enclave","Preferred","verified-research [expanded]","Preferred exists 2018+","2018"
"ef1be305-8d97-4094-84bc-ae45bbb0ed55","2008","buick","enclave","Preferred, Essence, Avenir","verified-research","Avenir exists 2018+","2018"
"d6ffddc8-8c94-444b-bcb1-b4c6297ecd6a","2004","cadillac","cts","Base, Luxury, Premium Luxury, V-Sport, V","generation_template","Sport exists 2016+","2016"
"2bfb49f4-eb0b-4760-b6ce-33307d53ade8","2005","cadillac","cts","Base, Luxury, Premium Luxury, V-Sport, V","generation_template","Sport exists 2016+","2016"
"da49ffec-ed71-46c4-a715-0e654587472d","2006","cadillac","cts","Base, Luxury, Premium Luxury, V-Sport, V","generation_template","Sport exists 2016+","2016"
"0667cb33-9458-472f-9bc9-46b5da129006","2007","cadillac","cts","Base, Luxury, Premium Luxury, V-Sport, V","generation_template","Sport exists 2016+","2016"
"b703e11d-9dbe-414f-99aa-e1f1a7cda6dc","2003","toyota","prius","L Eco, LE, XLE, Limited","trim-research","XLE on prius exists 2019+","2019"
"9ec314c6-7622-4d72-a6aa-741ef37a5784","2003","toyota","prius","LE","trim-research","LE on prius exists 2019+","2019"
"76d159e3-e944-4b96-a7de-041a623a4827","2003","toyota","prius","Limited","trim-research","Limited on prius exists 2019+","2019"
"3de1891a-6a2d-4ec9-85f2-017e7119e0ae","2003","toyota","prius","XLE","trim-research","XLE on prius exists 2019+","2019"
"dd988d1b-194d-4b3a-8fc4-a8923525d69c","2004","toyota","prius","L Eco, LE, XLE, Limited","manual_seed_spec","XLE on prius exists 2019+","2019"
"36b1f123-6cbb-4f7b-93de-70a305ff8cbf","2004","toyota","prius","LE","manual_seed_spec [expanded]","LE on prius exists 2019+","2019"
"c733daf3-0c2f-4f79-a852-d97ca19fa1fa","2004","toyota","prius","Limited","manual_seed_spec [expanded]","Limited on prius exists 2019+","2019"
"00a477f4-b9b4-4917-b711-851789abaccc","2004","toyota","prius","XLE","manual_seed_spec [expanded]","XLE on prius exists 2019+","2019"
"eca3bf7a-3a13-418d-9061-efcc67d5c076","2005","toyota","prius","L Eco, LE, XLE, Limited","manual_seed_spec","XLE on prius exists 2019+","2019"
"1db447b9-f7f1-4b14-b8f8-a6069705cf3f","2005","toyota","prius","LE","manual_seed_spec [expanded]","LE on prius exists 2019+","2019"
"471f7fa8-a918-4600-a75e-36333220abfc","2005","toyota","prius","Limited","manual_seed_spec [expanded]","Limited on prius exists 2019+","2019"
"6225f253-198b-47eb-90a1-15e7e3443c1b","2005","toyota","prius","XLE","manual_seed_spec [expanded]","XLE on prius exists 2019+","2019"
"d90b505e-9f2d-42ee-9d1f-b001244b21c2","2006","toyota","prius","L Eco, LE, XLE, Limited","manual_seed_spec","XLE on prius exists 2019+","2019"
"acc7d889-c4a9-421d-a028-78e5b832d122","2006","toyota","prius","LE","manual_seed_spec [expanded]","LE on prius exists 2019+","2019"
"59ad4db6-8da9-45cf-95bb-32941112aacd","2006","toyota","prius","Limited","manual_seed_spec [expanded]","Limited on prius exists 2019+","2019"
"b280e861-3388-45a5-9e15-52789b336f58","2006","toyota","prius","XLE","manual_seed_spec [expanded]","XLE on prius exists 2019+","2019"
"654f7da9-c13a-4e8f-80b5-de73203ce585","2007","toyota","prius","L Eco, LE, XLE, Limited","manual_seed_spec","XLE on prius exists 2019+","2019"
"5b14c469-9a59-4170-9012-ad5de4a08214","2007","toyota","prius","LE","manual_seed_spec [expanded]","LE on prius exists 2019+","2019"
"1a49eb77-0b43-422f-ad8a-b40d2e136ccc","2007","toyota","prius","Limited","manual_seed_spec [expanded]","Limited on prius exists 2019+","2019"
"d2ffb975-4e2c-4454-a1cb-ebc69b2c9168","2007","toyota","prius","XLE","manual_seed_spec [expanded]","XLE on prius exists 2019+","2019"
"90c232e5-cf93-4f61-888a-c28bfda0dc57","2008","toyota","prius","L Eco, LE, XLE, Limited","manual_seed_spec","XLE on prius exists 2019+","2019"
"3a38e89c-0b55-47e4-8e52-4d57760946b4","2008","toyota","prius","LE","manual_seed_spec [expanded]","LE on prius exists 2019+","2019"
"94953a15-823d-45a5-afbf-dc18b0958cc9","2008","toyota","prius","Limited","manual_seed_spec [expanded]","Limited on prius exists 2019+","2019"
"ded0e19d-8b63-4ecc-b05e-01c4f6def00a","2008","toyota","prius","XLE","manual_seed_spec [expanded]","XLE on prius exists 2019+","2019"
"e9f70e04-bc87-4524-96ea-1daf40bc50da","2009","toyota","prius","L Eco, LE, XLE, Limited","manual_seed_spec","XLE on prius exists 2019+","2019"
"73d613da-1e56-4c9c-98c1-59decb092f7b","2009","toyota","prius","LE","manual_seed_spec [expanded]","LE on prius exists 2019+","2019"
"4420730a-e2f2-4580-8451-0a982b13e6ab","2009","toyota","prius","Limited","manual_seed_spec [expanded]","Limited on prius exists 2019+","2019"
"ec2cc1ae-c46b-4a36-ba69-1c5ab3cbfe88","2009","toyota","prius","XLE","manual_seed_spec [expanded]","XLE on prius exists 2019+","2019"
"bc1ba5d2-8016-45fb-a308-235a9f371559","2010","toyota","prius","L Eco, LE, XLE, Limited","manual_seed_spec","XLE on prius exists 2019+","2019"
"fdd35127-c5c0-44a7-89e9-4ba2e4d6b084","2010","toyota","prius","LE","manual_seed_spec [expanded]","LE on prius exists 2019+","2019"
"972020db-2fb0-496d-bec8-a336db83249f","2010","toyota","prius","Limited","manual_seed_spec [expanded]","Limited on prius exists 2019+","2019"
"0b3fc95b-b3a2-4b24-b6e6-1985f00cc620","2010","toyota","prius","XLE","manual_seed_spec [expanded]","XLE on prius exists 2019+","2019"
"e21e1ff9-e579-40b0-b34f-d7637680a66c","2011","toyota","prius","L Eco, LE, XLE, Limited","manual_seed_spec","XLE on prius exists 2019+","2019"
"d6cf2126-c177-4fd3-8905-ea189db676a5","2011","toyota","prius","LE","manual_seed_spec [expanded]","LE on prius exists 2019+","2019"
"00171f27-39a0-44cd-b755-3e9cfb9ece67","2011","toyota","prius","Limited","manual_seed_spec [expanded]","Limited on prius exists 2019+","2019"
"c7a21b04-43a9-4a8a-b6a9-f9513ecfa988","2011","toyota","prius","XLE","manual_seed_spec [expanded]","XLE on prius exists 2019+","2019"
"38053a3c-cb20-43ca-9446-3411a5a5d828","2012","toyota","prius","L Eco, LE, XLE, Limited","manual_seed_spec","XLE on prius exists 2019+","2019"
"8f925ca3-6251-48fd-81aa-ff27adaef072","2012","toyota","prius","LE","manual_seed_spec [expanded]","LE on prius exists 2019+","2019"
"c3f74212-c137-48b0-9c55-6ddf4fe046e1","2012","toyota","prius","Limited","manual_seed_spec [expanded]","Limited on prius exists 2019+","2019"
"6b00200d-b513-4035-b2c3-ef134a19fd9c","2012","toyota","prius","XLE","manual_seed_spec [expanded]","XLE on prius exists 2019+","2019"
"5e367321-96e7-4992-a35c-1d6c5c47a50e","2013","toyota","prius","L Eco, LE, XLE, Limited","manual_seed_spec","XLE on prius exists 2019+","2019"
"d56929b2-fc25-4167-8dbb-f5eba1e54463","2013","toyota","prius","LE","manual_seed_spec [expanded]","LE on prius exists 2019+","2019"
"1a7e37e8-89af-436a-aca4-fc7a9fcce271","2013","toyota","prius","Limited","manual_seed_spec [expanded]","Limited on prius exists 2019+","2019"
"19e646a3-c1c8-4615-b987-284bf9b294fe","2013","toyota","prius","XLE","manual_seed_spec [expanded]","XLE on prius exists 2019+","2019"
"79a311e0-0c66-4f9e-8acb-389402227b1b","2014","toyota","prius","L Eco, LE, XLE, Limited","manual_seed_spec","XLE on prius exists 2019+","2019"
"256a449b-3bee-418c-aa3e-6a2331ca1bda","2014","toyota","prius","LE","manual_seed_spec [expanded]","LE on prius exists 2019+","2019"
"f1870ef0-c3ee-4aa1-9b37-d5ba7f4d586f","2014","toyota","prius","Limited","manual_seed_spec [expanded]","Limited on prius exists 2019+","2019"
"ccf6a0d3-3f77-46bc-b4d7-bd20d81cb8a3","2014","toyota","prius","XLE","manual_seed_spec [expanded]","XLE on prius exists 2019+","2019"
"e7d21cdb-c335-4061-81e3-12f62670a9e6","2015","toyota","prius","L Eco, LE, XLE, Limited","manual_seed_spec","XLE on prius exists 2019+","2019"
"afda7c12-0d37-4bbf-9ae8-770efd19fe4a","2015","toyota","prius","LE","manual_seed_spec [expanded]","LE on prius exists 2019+","2019"
"370003d6-56a1-4810-bd05-390ff74c388a","2015","toyota","prius","Limited","manual_seed_spec [expanded]","Limited on prius exists 2019+","2019"
"e2fcc494-e187-4a32-90ba-8581fa7ed474","2015","toyota","prius","XLE","manual_seed_spec [expanded]","XLE on prius exists 2019+","2019"
"2b3e58a3-48f6-4093-baf7-b59f6df1a544","2003","volvo","xc90","Polestar Engineered","api_import [expanded]","Polestar exists 2015+","2015"
"29622939-ef01-407b-8e10-7841ef68bf1f","2004","volvo","xc90","Inscription","api_import [expanded]","Inscription exists 2015+","2015"
"f012418c-0870-4c15-ab0c-3bd8cd263178","2004","volvo","xc90","Momentum, R-Design, Inscription, Polestar Engineered","api_import","R-Design exists 2008+","2008"
"0add86a8-8a7e-40b6-b4f7-466467e41495","2004","volvo","xc90","R-Design","api_import [expanded]","R-Design exists 2008+","2008"
"6ea75202-0167-463b-b8eb-b3760eec1eef","2004","volvo","xc90","Polestar Engineered","api_import [expanded]","Polestar exists 2015+","2015"
"5a6bf77c-633e-429b-9c3b-b5884a614464","2013","subaru","crosstrek","Base, Premium, Sport, Limited, Wilderness","cache-import","Wilderness exists 2022+","2022"
"f094bc82-fffd-41e2-bce8-9fa44d603811","2013","subaru","crosstrek","Wilderness","cache-import [expanded]","Wilderness exists 2022+","2022"
"5ecdbfc9-9f07-4924-a4d4-0739df30f981","2014","subaru","crosstrek","Base, Premium, Sport, Limited, Wilderness","cache-import","Wilderness exists 2022+","2022"
"84b7e112-7e15-429f-b74b-6fe1cec23378","2014","subaru","crosstrek","Wilderness","cache-import [expanded]","Wilderness exists 2022+","2022"
"f6ea6caa-be63-4a91-865d-0bf1739035fc","2015","subaru","crosstrek","Wilderness","cache-import [expanded]","Wilderness exists 2022+","2022"
"e59228a6-c2d8-4caa-bc6e-ca331a21e186","2015","subaru","crosstrek","Base, Premium, Sport, Limited, Wilderness","cache-import","Wilderness exists 2022+","2022"
"450583bc-773d-457c-a1ae-943b72f8d6e2","1995","subaru","outback","Base, Premium, Limited, Touring, Onyx Edition XT, Wilderness","cache-import","Wilderness exists 2022+","2022"
"6f988cdf-6558-4743-9038-38fb2b81af6c","1995","subaru","outback","Wilderness","cache-import [expanded]","Wilderness exists 2022+","2022"
"5990aa72-5f3a-444e-962f-e3cdb642eb00","1999","subaru","outback","Wilderness","cache-import [expanded]","Wilderness exists 2022+","2022"
"b7a3cedd-6eda-4951-8ddc-393147fb66dc","1999","subaru","outback","Base, Premium, Limited, Touring, Onyx Edition XT, Wilderness","cache-import","Wilderness exists 2022+","2022"
"af72e95c-c227-43a2-96d8-5546f930fc14","1999","subaru","outback","Touring","cache-import [expanded]","Touring exists 2015+","2015"
"dd2ec306-b139-4870-98fe-15338a0e73d7","1999","subaru","outback","Onyx Edition XT","cache-import [expanded]","Onyx exists 2020+","2020"